$MeshFormat
2.2 0 8
$EndMeshFormat
$PhysicalNames
5
2 1 "FarField"
3 1 "AirExterior"
3 2 "Aluminum"
3 3 "RotorAir"
3 4 "FerromagneticCore"
$EndPhysicalNames
$Nodes
2515
1 1.224606353822377e-17 -2.999321443644275e-33 0.2
2 1.224606353822377e-17 -2.999321443644275e-33 -0.2
3 0.05 -1.224606353822377e-17 0.05300000000000001
4 0.05 -1.224606353822377e-17 -0.05300000000000001
5 0.04700000000000001 -1.151129972593035e-17 0.05000000000000001
6 0.04700000000000001 -1.151129972593035e-17 0.0075
7 0.04700000000000001 -1.151129972593035e-17 -0.0075
8 0.04700000000000001 -1.151129972593035e-17 -0.05000000000000001
9 0.02410733605106464 -5.904399380373003e-18 -0.1985417748196108
10 0.04786313285751148 -1.172269932223063e-17 -0.1941883634852104
11 0.07092097740850711 -1.737005591075022e-17 -0.187003248537083
12 0.09294463440875361 -2.276411797013152e-17 -0.177091205130642
13 0.1136129493462311 -2.782622792917891e-17 -0.1645967731787313
14 0.132624531648159 -3.248256882581051e-17 -0.1497021496342202
15 0.1497021496342202 -3.666524072458685e-17 -0.1326245316481591
16 0.1645967731787313 -4.031325085066699e-17 -0.1136129493462312
17 0.177091205130642 -4.337340300180924e-17 -0.09294463440875368
18 0.1870032485370829 -4.580107326878739e-17 -0.0709209774085072
19 0.1941883634852104 -4.75608607524716e-17 -0.04786313285751156
20 0.1985417748196108 -4.862710378865341e-17 -0.02410733605106473
21 0.2 -4.898425415289509e-17 -4.898425415289509e-17
22 0.1985417748196108 -4.862710378865342e-17 0.02410733605106445
23 0.1941883634852104 -4.75608607524716e-17 0.04786313285751147
24 0.187003248537083 -4.580107326878739e-17 0.0709209774085071
25 0.1770912051306421 -4.337340300180924e-17 0.0929446344087536
26 0.1645967731787313 -4.031325085066701e-17 0.1136129493462311
27 0.1497021496342202 -3.666524072458687e-17 0.132624531648159
28 0.1326245316481591 -3.248256882581052e-17 0.1497021496342202
29 0.1136129493462312 -2.782622792917893e-17 0.1645967731787313
30 0.0929446344087537 -2.276411797013155e-17 0.177091205130642
31 0.07092097740850721 -1.737005591075024e-17 0.1870032485370829
32 0.04786313285751174 -1.17226993222307e-17 0.1941883634852104
33 0.02410733605106474 -5.904399380373027e-18 0.1985417748196108
34 0.0442728012826605 0.02323615860218843 0.05300000000000001
35 0.0284032373365578 0.04114919329468282 0.05300000000000001
36 0.006026834012766161 0.0496354437049027 0.05300000000000001
37 -0.01773024435212677 0.04675081213427074 0.05300000000000001
38 -0.03742553740855505 0.03315613291203977 0.05300000000000001
39 -0.0485470908713026 0.0119657832143779 0.05300000000000001
40 -0.04854709087130261 -0.01196578321437787 0.05300000000000001
41 -0.03742553740855507 -0.03315613291203975 0.05300000000000001
42 -0.0177302443521268 -0.04675081213427074 0.05300000000000001
43 0.006026834012766116 -0.04963544370490271 0.05300000000000001
44 0.02840323733655778 -0.04114919329468283 0.05300000000000001
45 0.04427280128266048 -0.02323615860218846 0.05300000000000001
46 0.05 -1.224606353822377e-17 -0.03179999999999996
47 0.05 -1.224606353822377e-17 -0.01059999999999996
48 0.05 -1.224606353822377e-17 0.01060000000000004
49 0.05 -1.224606353822377e-17 0.03180000000000002
50 0.0442728012826605 0.02323615860218843 -0.05300000000000001
51 0.0284032373365578 0.04114919329468282 -0.05300000000000001
52 0.006026834012766161 0.0496354437049027 -0.05300000000000001
53 -0.01773024435212677 0.04675081213427074 -0.05300000000000001
54 -0.03742553740855505 0.03315613291203977 -0.05300000000000001
55 -0.0485470908713026 0.0119657832143779 -0.05300000000000001
56 -0.04854709087130261 -0.01196578321437787 -0.05300000000000001
57 -0.03742553740855507 -0.03315613291203975 -0.05300000000000001
58 -0.0177302443521268 -0.04675081213427074 -0.05300000000000001
59 0.006026834012766116 -0.04963544370490271 -0.05300000000000001
60 0.02840323733655778 -0.04114919329468283 -0.05300000000000001
61 0.04427280128266048 -0.02323615860218846 -0.05300000000000001
62 0.0407031939778686 0.02350000000000002 0.05
63 0.02349999999999994 0.04070319397786865 0.05
64 -5.973875365737624e-17 0.047 0.05
65 -0.02350000000000005 0.04070319397786859 0.05
66 -0.04070319397786869 0.02349999999999987 0.05
67 -0.047 -2.655828573554231e-16 0.05
68 -0.04070319397786844 -0.02350000000000031 0.05
69 -0.02349999999999958 -0.04070319397786885 0.05
70 4.088103824646111e-16 -0.047 0.05
71 0.02350000000000022 -0.04070319397786849 0.05
72 0.04070319397786869 -0.02349999999999988 0.05
73 0.047 -1.151129972593035e-17 0.02874999999999998
74 0.0407031939778686 0.02350000000000002 0.0075
75 0.02349999999999994 0.04070319397786865 0.0075
76 -5.973875365737624e-17 0.047 0.0075
77 -0.02350000000000005 0.04070319397786859 0.0075
78 -0.04070319397786869 0.02349999999999987 0.0075
79 -0.047 -2.655828573554231e-16 0.0075
80 -0.04070319397786844 -0.02350000000000031 0.0075
81 -0.02349999999999958 -0.04070319397786885 0.0075
82 4.088103824646111e-16 -0.047 0.0075
83 0.02350000000000022 -0.04070319397786849 0.0075
84 0.04070319397786869 -0.02349999999999988 0.0075
85 0.0407031939778686 0.02350000000000002 -0.0075
86 0.02349999999999994 0.04070319397786865 -0.0075
87 -5.973875365737624e-17 0.047 -0.0075
88 -0.02350000000000005 0.04070319397786859 -0.0075
89 -0.04070319397786869 0.02349999999999987 -0.0075
90 -0.047 -2.655828573554231e-16 -0.0075
91 -0.04070319397786844 -0.02350000000000031 -0.0075
92 -0.02349999999999958 -0.04070319397786885 -0.0075
93 4.088103824646111e-16 -0.047 -0.0075
94 0.02350000000000022 -0.04070319397786849 -0.0075
95 0.04070319397786869 -0.02349999999999988 -0.0075
96 0.047 -1.151129972593035e-17 -0.02875000000000002
97 0.0407031939778686 0.02350000000000002 -0.05
98 0.02349999999999994 0.04070319397786865 -0.05
99 -5.973875365737624e-17 0.047 -0.05
100 -0.02350000000000005 0.04070319397786859 -0.05
101 -0.04070319397786869 0.02349999999999987 -0.05
102 -0.047 -2.655828573554231e-16 -0.05
103 -0.04070319397786844 -0.02350000000000031 -0.05
104 -0.02349999999999958 -0.04070319397786885 -0.05
105 4.088103824646111e-16 -0.047 -0.05
106 0.02350000000000022 -0.04070319397786849 -0.05
107 0.04070319397786869 -0.02349999999999988 -0.05
108 0.1816784242400784 -0.02060199595138327 -0.0810463319864711
109 0.1406183807074875 0.02057234171414719 0.1407240198530459
110 0.02865723003350607 -0.02187323279943822 -0.1967239813894287
111 0.00253710512594113 -0.02403164740368655 0.1985347400850662
112 0.08215557729119936 -0.02156693967148552 -0.1810671925920217
113 0.1956465886655976 0.02090296638893302 0.03585356801850525
114 0.1702188877910554 0.02090296638891655 -0.1029009049295482
115 0.05917474544107192 0.02090296638892954 -0.1898984346910938
116 0.03585356801850024 0.02090296638892192 0.1956465886655998
117 0.1954017398897813 -0.02184631608007409 0.03661828125097862
118 0.1243454700562531 -0.02122636648491517 0.1552019505107379
119 0.03585356802029618 -0.02090296638972499 0.1956465886651848
120 0.140981091374802 -0.0209068961205119 -0.1403112025797507
121 0.1949683435421272 0.02136753694879829 -0.0391250991203959
122 0.1029009049295413 0.02090296638868381 0.1702188877910882
123 0.1240764495561898 0.02157284267364352 -0.1553693892776454
124 0.1692325136795675 -0.02370854423339504 0.1039146825238288
125 0.170218887791056 0.02090296638892427 0.1029009049295456
126 0.1953946475791588 -0.0241294324129181 -0.03519520121901198
127 0.01593225114584533 0.02934271945817182 -0.1971932255130098
128 0.08163302182518963 -0.02090296638892506 0.1813811339247596
129 0.05270338562373155 -0.02408625310795426 -0.1914215389004482
130 0.156574466973809 0.02090296638887979 0.1226682611273713
131 0.1609943973121615 0.04161400361252062 0.1111264088209055
132 0.1735055584765208 0.04134316348191066 0.09047963312844857
133 0.1463587769662449 0.04150058664165186 0.1298337772436116
134 0.1292277895739392 0.04132116277511696 0.1469446831591602
135 0.1339146292814612 0.06159305010155078 0.1351782831803861
136 0.1158062952140231 0.06114685935759252 0.1511620441099727
137 0.1630421322154691 0.06177222097804196 0.09798701872224422
138 0.1743939357180666 0.06117135595312621 0.07645142507251777
139 0.1630912248153923 0.08045153736115714 0.08323942890506571
140 0.1198752534640559 0.08103250392950972 0.1380712023335871
141 0.1727313373856845 0.07990066377839475 0.06147982606290266
142 0.100908365587714 0.08006804235869838 0.1529921904780173
143 0.09604627885295265 0.05966710977384603 0.1649695375811446
144 0.08042785615296183 0.07807665903080747 0.1656363343871915
145 0.07492005757751828 0.05717182406263158 0.1764039894841748
146 0.05873324154544451 0.07508649033202579 0.1758192973117089
147 0.1501515710396197 0.08123006471617916 0.1041930050461133
148 0.1830597584858017 0.05972612035554179 0.05405474419877765
149 0.1801860744961445 0.07773501943746536 0.03860369555789622
150 0.1892053858992015 0.05717546443432031 0.03053339505286011
151 0.1849462109020896 0.07461381291092289 0.01508900248040205
152 0.1926496837575986 0.05328654939844932 0.006829568163791907
153 0.186988097768765 0.07044878594004143 -0.008509985451985693
154 0.05273641812807471 0.05369774077520561 0.1852981997717725
155 0.03727358326054569 0.0749204632875153 0.1816524268258017
156 0.06928203566796895 0.03641466034428897 0.1840488306013172
157 0.1930046316586827 0.04981498549530701 -0.01636091007244308
158 0.1862546062979695 0.06545765003184238 -0.03200808780757172
159 0.1786504059399439 0.08662859248791131 -0.02407320961269298
160 0.159063505279181 0.0996100496501582 0.06911323532430663
161 0.04257293584067175 0.09359102401493032 0.1715466856507079
162 0.1045458731169272 0.09956783762189475 0.1384066693679151
163 0.176501692611922 0.0812304615728744 -0.04742114104262352
164 0.175150651068308 0.09383065358098791 0.0227608848446726
165 0.1828816492730785 0.05925991672225796 -0.0551594473252747
166 0.1717921161675555 0.07459790514782197 -0.07016139515595216
167 0.1641377866948453 0.09599828932118315 -0.06199286593087849
168 0.1581990757552409 0.08874153818901727 -0.08424958059263407
169 0.149365347386085 0.1094659774922295 -0.07554596463018298
170 0.1423012884534972 0.1014840045424378 -0.09721800309873194
171 0.1541569811731163 0.1159709550677482 -0.05278600890639291
172 0.1497969131533834 0.08089051145088273 -0.1049648034673162
173 0.1331661452329914 0.09231717822080629 -0.1172361564072011
174 0.1243263200073584 0.1128537486380977 -0.1086600090730578
175 0.1141513472774601 0.1027614360913004 -0.1280997937827938
176 0.1382739834981427 0.1286137916613155 -0.06586955352858481
177 0.1420059832068147 0.1342317348312098 -0.04261621871623111
178 0.1219885722188252 0.08133630622847467 -0.1360264442566969
179 0.1022078101476463 0.09128239639899796 -0.1456745950825981
180 0.1092247225627671 0.06922567167038879 -0.1525705291426561
181 0.08867034963664137 0.07858447859658169 -0.1611274303742822
182 0.08095503279677428 0.1000196771262181 -0.1531089378594218
183 0.1250871644461393 0.1459049971589709 -0.0553618378927686
184 0.1278353663997972 0.1505146177029895 -0.03167757811374671
185 0.06679692968434521 0.08666826427347279 -0.1674120131668218
186 0.1045370043468087 0.1226845195848024 -0.1184082909953588
187 0.1437527977016428 0.1377672193890236 -0.01885010383969292
188 0.1287115729649045 0.1528844306758667 -0.007725402372444798
189 0.1435391751422576 0.1391725056668802 0.005245842723765835
190 0.1274849680112507 0.1532437661625114 0.01624595529662469
191 0.09496318343419177 0.05598693105677952 -0.1668755744346292
192 0.1412999346174185 0.1384775599635413 0.02929665277223757
193 0.1241635203109361 0.1515523600796828 0.04019082455329728
194 0.1370929955721207 0.1357468360589417 0.05270964869024741
195 0.1190712947088508 0.1477745603781218 0.06312452836584859
196 0.1310583350080008 0.1307034182396831 0.07576496080242572
197 0.1120508279911176 0.1417089334639713 0.08580903287538398
198 0.09918031382875353 0.1576049144329084 0.07296544590027255
199 0.1100023056475695 0.1611025189032332 -0.04410749545431113
200 0.05854100293659913 0.1074203899753893 -0.1582207659971105
201 0.09142493274990747 0.150560522968535 0.094725976348181
202 0.04392430064856766 0.09335882581416945 -0.1713323829727872
203 0.1096538597138267 0.1650629368847759 0.02702328471583182
204 0.1064850984774635 0.1554402989636979 -0.06707635395816561
205 0.09078588548372558 0.1694738615065916 -0.0551047480983306
206 0.07785701272540335 0.1653289568922749 0.08126882294206476
207 0.03557557353584133 0.1147078593030589 -0.1599265005610565
208 0.02126090442411253 0.1001939961737165 -0.1717822373640827
209 0.06879811604985347 0.1573269904554679 0.1025428559296844
210 0.05537522575911462 0.1707173497148677 0.08825627954122398
211 0.04654361746525772 0.1613175930142726 0.1086753231296289
212 0.04971638584974441 0.1273041056229133 -0.1460203604624693
213 0.02610554100716965 0.1321960758924131 -0.1477927543804849
214 0.04000564700755573 0.1440162394668088 -0.1328866847255422
215 0.01622030988527915 0.1483081089871274 -0.1331976214347984
216 0.02999724586333535 0.1593248507202132 -0.1171142911159709
217 0.006053206347027149 0.1624040667053898 -0.1165687685894967
218 0.03206368654751809 0.1736913026398133 0.09382564357502324
219 -0.007843911671707962 0.1498937480163898 -0.1321754037454983
220 0.03996001751255573 0.1817856540989581 0.0731927111412756
221 0.01699804609651929 0.183504034057844 0.07770029545245133
222 0.008306856130908325 0.1740574921357791 0.09815796234959034
223 -0.006784850108311737 0.1825322621609912 0.08146127349482644
224 -0.01554788790740273 0.1718105637001441 0.1011898877490117
225 -0.03062415981618267 0.179018398476687 0.08375305273478117
226 -0.03915173626938234 0.1669833724130114 0.10287708629559
227 -0.01801472422954805 0.1629354034667441 -0.114575407518641
228 -0.03179263878931352 0.1494155492116483 -0.1290899754922656
229 -0.05397270503288561 0.1729252207193297 0.08475738994686099
230 -0.06215954830880227 0.1596465025238367 0.1031948874021978
231 -0.07652962636723996 0.164476486521111 0.08420630421626071
232 -0.08437766594606219 0.1501038782356932 0.1017311910286069
233 -0.09810698982889286 0.153651996932435 0.08225619967752273
234 -0.1050549969874126 0.1379079806004369 0.09972380104410511
235 -0.1181501616891118 0.1404681698512542 0.07943067764709011
236 -0.1243154069707278 0.1238241940003423 0.09598566856498907
237 -0.04179624258438588 0.1614226449913689 -0.1104346131872505
238 -0.1104115418476673 0.120357624127033 0.1154267462129842
239 -0.128893270909739 0.1054661065446256 0.1107403498482207
240 -0.1103163393078549 0.1549158906155486 0.06189807845568073
241 -0.1295710719939943 0.1407955038697579 0.05820621437946408
242 -0.1142806070616439 0.1012598388459263 0.1291758022484056
243 -0.1316688388991492 0.08546022345291895 0.1239349307916338
244 -0.1454932958479607 0.08904723855046504 0.1044140324373806
245 -0.1470941150960379 0.06828688724082034 0.1170479488717041
246 -0.1598505375861015 0.0713062137679647 0.09676378202360458
247 0.0008142016431222267 0.1903284191395826 0.06143638940816511
248 -0.1208765447221302 0.1541869810386463 0.04018999644472498
249 -0.1392013904225253 0.1389617460279286 0.03622990540016816
250 -0.1322480620848558 0.0641300856430687 0.1356384244608171
251 -0.1467731335675374 0.04657726606059612 0.1276252543546389
252 -0.1309061694268161 0.04201539714619981 0.1452524740190157
253 -0.1295688369868754 0.1513062509441107 0.01784194235800331
254 -0.1469102788432785 0.1350189538636476 0.0136840077373691
255 -0.05528992617605918 0.1466575588383994 -0.124236003231782
256 -0.004098339474967075 0.1741207556906025 -0.09831157638488697
257 -0.1365249601391263 0.1460790955609591 -0.004672590191977734
258 -0.1525714427620207 0.1289991496234649 -0.009009675351441261
259 -0.1192857558426182 0.1605318031010629 0.0006698105529510338
260 0.01925084543387251 0.08982739445669231 0.1776525940007715
261 -0.1411845172234682 0.1390287825913698 -0.0271648616329595
262 -0.1562595091048154 0.1209464729127249 -0.03090172332239135
263 -0.166693687034929 0.1097765166963835 -0.01274092165856835
264 -0.1691783613266129 0.1009202537568656 -0.03455118580442453
265 -0.178393563125805 0.08894821018751844 -0.01624661625436054
266 -0.1794642230405854 0.07942943719611339 -0.03851697229985387
267 -0.1874962052310502 0.06682146508732224 -0.01949525141001485
268 -0.1872153908087054 0.05673553352458027 -0.04161101633011291
269 -0.1938785240606244 0.04369221470183689 -0.02240777281486236
270 -0.1922201878202088 0.03324175085996595 -0.04411785799568717
271 -0.1841687370817855 0.04595585164335379 -0.06300742798618442
272 -0.187796364013243 0.02217229273572728 -0.06512230876010737
273 -0.1784607588994581 0.03462990081820939 -0.0833818175764386
274 -0.1806717387614404 0.01064570037304964 -0.08511399342343831
275 -0.1706544039265953 0.02166815245940738 -0.1020174768824162
276 -0.1709504898973872 -0.001169481867147547 -0.1038005891891069
277 -0.1589770008973512 0.01104998544561493 -0.1208478837519934
278 -0.1591233887176212 -0.01295213730718007 -0.1204657183691558
279 -0.1456386521796814 -0.0008735198929579025 -0.1370715869693001
280 -0.1443225961689696 -0.02497286561025849 -0.1361886346882899
281 -0.1319133417461064 -0.01294203209305715 -0.1497710722224997
282 -0.128605532003558 -0.03677361402400248 -0.148688662814942
283 -0.1320213400466397 0.01300519120526462 -0.1496704071418397
284 -0.1651226327687918 0.0462666253031675 -0.1029267483726121
285 -0.1148189971399933 -0.02225613183554222 -0.1622382892275593
286 -0.1103880107099463 -0.04792437135971783 -0.1597427360516798
287 -0.1246047323144373 -0.06040120567278098 -0.1443099270255579
288 -0.194516658557269 0.009908053898694268 -0.04544337148204784
289 0.03819974325638132 -0.04357778073661572 -0.1914203663177406
290 -0.1048809113772828 -0.07103314211541331 -0.1547717259381766
291 -0.1689053379600322 -0.02470439565763405 -0.1042145846021486
292 0.01440496109981365 -0.04135203126280129 -0.1951473971288195
293 0.02365880143318912 -0.06264361619943067 -0.188456993672836
294 -0.1435464949034321 0.1305887357731803 -0.04838373580141822
295 -0.0002435718935449468 -0.06005152305287655 -0.1907714738941924
296 0.008918627358866258 -0.08088777170608097 -0.1826954473282206
297 0.0326996062339357 -0.08295513309721292 -0.1790228522981612
298 0.0178076203712149 -0.1005994953970205 -0.1719378672153972
299 0.04148789101558931 -0.1046789465890871 -0.1652908740374908
300 -0.04717159521407118 0.1530962395328222 0.1197346317732199
301 -0.006071023928453041 -0.09786814035540103 -0.1743128502774126
302 -0.04498272731774201 0.133675462421802 -0.1418006522882566
303 -0.06811312692168982 0.1298917610784263 -0.135973278054531
304 -0.057392121449086 0.1159452980976551 -0.1525215796030819
305 -0.08006330968551768 0.1112621031187354 -0.1456386310420308
306 -0.06901670813868971 0.09683582338204925 -0.1608089466031647
307 -0.1929482278358166 0.05263361342523086 -0.0008271111298729364
308 -0.009548707789493092 -0.03839743032368745 -0.1960470849670773
309 -0.02416071213646439 -0.0567346198828954 -0.1902562558650892
310 -0.03334247277377865 -0.03473298438801825 -0.1941182611317944
311 -0.06492332473806173 0.1574295139365046 -0.1048852232045682
312 -0.09024215214120464 0.1243262078139708 -0.1280599391984903
313 -0.1977446288875946 0.0297992412941621 -0.003011140049846375
314 -0.1954044057577547 0.03843928541229949 0.01842659891164293
315 -0.1987481467983196 0.01537617839400853 0.01620948124491361
316 -0.1948095912342133 0.02453091742528498 0.03804546298092013
317 -0.1968246117674909 0.0008207696368078453 0.03548800557624769
318 -0.1444152396345438 0.02413842571593842 0.1362408711263012
319 -0.127767998766248 0.01941698198378983 0.1526378698158135
320 -0.113370611795295 0.03709430553857447 0.1605338496323171
321 -0.1088405000664833 0.01410003907861861 0.1671972919734626
322 -0.09357378945159189 0.03156561477187233 0.1739182505999382
323 -0.08858747664612272 0.008511563080307673 0.1791083813655927
324 0.01306365460483222 0.06601872484975548 0.1883371150293482
325 -0.00428031153800737 0.08176871200346705 0.1824707008547719
326 -0.09706333968327008 0.05420175302842592 0.1662554602356736
327 -0.1592167741401398 0.02844155286384409 0.1176481912444933
328 -0.1557479205123258 0.005810327546360143 0.1253348528937193
329 -0.1031318176998378 -0.00903674624237847 0.171120324319697
330 -0.08217731222613403 -0.01462330064735766 0.1817499613025144
331 -0.06700815959476658 0.002947370922674828 0.1884176731423209
332 -0.101896178229263 0.1664098850403002 0.04387389911034081
333 -0.000349107320459403 0.1623656990789873 0.116778670512515
334 -0.05102418825448062 0.1709200458823197 -0.09045921804082235
335 0.05645997826033906 -0.08431088504260793 -0.1723483261252461
336 0.0645602984595828 -0.1027166469906789 -0.1590008122425853
337 -0.1993849195684765 -0.00843598412658968 0.01320939137462745
338 -0.09604362538823406 -0.03208504018418046 0.1724707865659112
339 -0.1960351094133962 -0.02309297239528095 0.03220171584292671
340 -0.1971363926061238 -0.03223318897430234 0.009912832026779436
341 -0.1923602289687562 -0.04668908665262505 0.02859495582495948
342 0.02629505592772606 -0.1188983450788468 -0.1586560858311752
343 -0.1187340348125299 -0.08309425122540565 -0.1378316886293791
344 -0.09836648093092606 -0.09314816591248597 -0.1471307398758184
345 -0.1920222690818418 -0.05557482971639129 0.006235902392985966
346 -0.1858537053412273 -0.0696225455786661 0.02472046435815509
347 -0.1106192297181703 -0.1039530421535807 -0.1302196261842836
348 -0.1841382321764423 -0.07802980844239032 0.002111976651980986
349 -0.1299779975108517 -0.09311790977875885 -0.1201448086331822
350 -0.1215504143497193 -0.1136214897126331 -0.1109759156163786
351 -0.1011728743931804 -0.1238919865340816 -0.1200617556079399
352 -0.1116439735379651 -0.1325891099026958 -0.09977851025077995
353 -0.1766106783459676 -0.09155801110843637 0.02063489510621833
354 -0.09024096004912456 -0.1420203494164917 -0.1081054553712713
355 -0.1002166752646549 -0.1496146347293343 -0.08701769402659761
356 -0.07871622942411372 -0.1577780801089246 -0.09439190994143552
357 -0.08743561199009986 -0.1644491132353856 -0.07288005839742463
358 -0.06551924123407749 -0.1715621468074791 -0.0792064316259718
359 -0.07348767122545485 -0.1768756324232258 -0.05757232697002415
360 -0.05178050082688898 -0.182710325902859 -0.06273528945169217
361 -0.05834333598354986 -0.1867900802832024 -0.04129795459953711
362 -0.03682688808322866 -0.1911629199924103 -0.04583141208909773
363 -0.04309072188547421 -0.1938240655329664 -0.0239879408799729
364 -0.02006394648701352 -0.1968177661243715 -0.02932925142547072
365 -0.02787207163294411 -0.1979453279563259 -0.006387077825629462
366 -0.004261755445393299 -0.1996253365900169 -0.01147006677600906
367 -0.01253766579987373 -0.1993103830829291 0.01087097657189794
368 0.0119190601970382 -0.1995515168420454 0.006093285653754625
369 0.004705797635504137 -0.19797643546078 0.02798546892330532
370 0.02918377426870765 -0.1965584770773575 0.022651101705282
371 0.02212783045959553 -0.193548228022082 0.04527076925195247
372 -0.002366734455706638 -0.1936087636261486 0.05010035144757265
373 0.04566134924552393 -0.1906675572467412 0.03950852817606551
374 0.03580977199556155 -0.1866595261588515 0.06225657815668119
375 0.05260684286255838 -0.1922442958163032 0.01657259213665156
376 0.06836734555522167 -0.1849571183559029 0.03341811531510144
377 0.07481018182790265 -0.185204945694162 0.01012742737809862
378 0.09002643838291581 -0.1765705582454683 0.02679698402751224
379 0.09586060482718579 -0.175497662306743 0.003363772738242201
380 -0.05236814781144668 -0.1930176434391163 -0.00132906584059461
381 0.005099006050987628 -0.1966619958447154 -0.03602859319575442
382 0.1104022273920577 -0.1655721397576383 0.01993024643473973
383 0.1038264209257919 -0.1653981588286358 0.0431685461167924
384 0.1154899593049186 -0.1632463315602569 -0.003564341715787077
385 0.1001832866975969 -0.1719274517542711 -0.02010622788466012
386 0.1190152227329705 -0.1584547427138061 -0.02697167531546657
387 -0.1769849983730423 -0.08259674814049812 0.04305911689188871
388 -0.1664481995524868 -0.1038949985242457 0.03874049751077716
389 0.1234183683679393 -0.153188752550143 0.03607093624411085
390 0.1160231461562896 -0.1519066115720884 0.05884735267353075
391 -0.1655659312652835 -0.09425138058596642 0.06086542254760686
392 -0.1538143253745503 -0.1148246328448579 0.05618235489560355
393 0.1029065243251757 -0.1659270269323902 -0.04334130806390007
394 0.1209264705013051 -0.1512674368810742 -0.04994948719984221
395 0.1361657882326789 -0.1426681645897457 -0.03323662027894048
396 -0.1517634761210349 -0.1044160263239752 0.07787901361965881
397 -0.1388937910906063 -0.1241870985606885 0.07270542859757366
398 0.134726994121908 -0.1385235836531163 0.05157377072479237
399 0.1268466330650614 -0.1361063204981493 0.07338256741565222
400 -0.1357794554658545 -0.1129420556757586 0.09385111364885272
401 -0.1219047680245681 -0.1318454956451613 0.08806811460998809
402 -0.1179137892318036 -0.1197827078503596 0.1083902265383424
403 -0.1030956733968536 -0.1376878413368806 0.1020457763694279
404 -0.09823008683884803 -0.1246053704904377 0.1217552942773871
405 -0.08274153791330294 -0.1416287075760475 0.1144340294408961
406 -0.07721379396845975 -0.1275721124067819 0.1332793538289695
407 -0.06113998420599919 -0.1436104701525301 0.1250517300714365
408 -0.05510601738592533 -0.1285616445689007 0.1429518464155037
409 -0.03860687492977424 -0.1436041512989708 0.1337436239147836
410 -0.03223002184822112 -0.1275594978200534 0.1506313387298905
411 -0.01553282935001152 -0.14188645825272 0.1400962675337304
412 -0.008920305177762641 -0.1245803257702649 0.156205539551292
413 0.007927270449155229 -0.1376567076974187 0.1448716301044942
414 0.01467660719151347 -0.1208661492798799 0.158669376880354
415 0.03131584863942221 -0.1322378250750301 0.1467394808612138
416 -0.1537348889264028 -0.1233435286971082 0.03394050464168508
417 0.1371278495576928 -0.1343991452300962 -0.05597162349889719
418 -0.1199729374062919 -0.1398659844234051 -0.07774317134885726
419 -0.0744370270214829 -0.03750069336114562 0.181804364649577
420 -0.04039119563720123 -0.1768287591365416 -0.08426233593503256
421 0.03864158624624977 -0.1153588865966785 0.1587424174426871
422 0.05471747109746326 -0.1253228820890513 0.1459457898727881
423 0.1040128869434655 -0.1576127239730497 -0.06587525021949529
424 -0.08834177661463198 -0.1536073313857046 0.09273897912492246
425 0.1513587015922576 -0.1247798788329758 -0.03899391350882614
426 0.1441627474485667 -0.1217910703817852 0.06621206403171419
427 0.1348775524968407 -0.1191792965655878 0.08720287324735145
428 -0.002385633556144519 -0.1056976291156312 0.1697713755374276
429 0.1073819553853131 -0.1493525701383883 0.07850430211577218
430 -0.08767956823341655 -0.054707825538733 0.1712289319572636
431 -0.1082110551620382 -0.0488134976209346 0.1609584107486444
432 0.1512737613773348 -0.1155688038386508 -0.06131965996364157
433 -0.06872174987529477 -0.14888613141837 -0.11449996054737
434 -0.1465858741216449 -0.09275133962119213 0.0995478302449006
435 -0.09500724784631123 -0.1686423109769346 -0.05033283029026345
436 -0.1735901373286494 -0.09930915588246833 -0.002038573062772899
437 -0.1798184336664123 -0.08512205880680861 -0.02048331072479033
438 -0.1242703971496062 -0.1418335350498367 0.06663420088472505
439 0.1360285571082544 -0.1242949305469575 -0.07776247097008546
440 0.1490825266512839 -0.1045655614123732 -0.08270697439626506
441 -0.1901266431518383 -0.03710411179629959 0.04975082362756664
442 -0.1398715279174994 -0.1019643129319953 -0.1001959807893028
443 -0.04271892452115225 0.1853734834825692 0.06173949391834815
444 -0.1015692039599557 0.1048345553811652 -0.1367238560199877
445 -0.1740002693338845 0.09848282329900714 0.005003977097489773
446 0.1514788868209169 -0.1232571153183528 0.04314893244211404
447 0.1598210892151112 -0.1056116483898933 0.057475204797069
448 0.1656637866744981 -0.1065876305710997 0.03456279493769512
449 0.06043545223205189 -0.104867772456105 0.1592177955305309
450 0.04145952565684458 -0.09402386513499035 0.1715826929424602
451 -0.1260608069937342 0.1487449289974424 -0.04453783826853673
452 0.0854574946389362 -0.1709652462581438 -0.05888888844195005
453 0.08562172210185143 -0.1615047211369842 -0.08114891098947841
454 0.1327533976180715 -0.1124329201600508 -0.09866799828283668
455 0.1643973109764043 -0.105070125236113 -0.04397491246830324
456 0.02444838328701389 0.1086596449854407 0.1661185062125508
457 0.07891357106357783 -0.08334114656933854 -0.1637891986380716
458 0.06621963007793427 -0.1737638304136343 -0.07362806416254135
459 0.06606398281147588 -0.1629867863473979 -0.09524105024217602
460 0.04600606768706899 -0.1745095183625903 -0.08619669214552031
461 -0.04410490269914354 -0.1589834090637025 0.1130443859746361
462 -0.0477440342585691 -0.05273537340549404 -0.1869210731418469
463 0.0474313086960961 -0.1424301367648369 0.1321511524600732
464 0.001403485782400238 -0.1536644164778988 0.1280049894971499
465 0.07654936457980331 -0.1152246697406427 0.1444419269657816
466 0.08184857394566962 -0.0941819993038419 0.156302789323132
467 -0.07685340773517653 0.0484665488004383 0.1781699956975513
468 -0.07970661368276295 0.07072703383212452 0.169246986444475
469 0.04738789895411778 0.1122118583824722 0.1586281370724196
470 0.1448170381287402 -0.09193104337756244 -0.102843126805498
471 -0.01016358032438687 0.05979397622178038 0.1905816938810727
472 -0.1679675423341395 -0.1057368435241547 -0.02462975119195213
473 -0.0667172301561671 -0.06023884936498497 0.178661949579287
474 -0.111397570674548 0.1172180175410089 -0.1176882220596642
475 -0.1693970301592928 0.009988130428723471 0.1058531219367217
476 -0.1650174124905244 -0.01278738237595401 0.1122752707718991
477 0.05973494132113642 -0.1907678230656614 -0.006274907819951723
478 -0.1465653530252564 0.125112116618707 0.05353088424236057
479 -0.09481115326833242 0.1152548536882515 0.1331433960706596
480 -0.1684636217828274 0.09033281178467956 -0.05882169030966516
481 0.09342167841576952 0.1739363845454199 -0.03191432489100086
482 0.07351912155713972 0.1810129215707479 -0.04276986076536611
483 0.0755366881966068 0.1841708853095355 -0.01937249959583284
484 0.05480236296229359 0.1898932992431213 -0.0306143090124771
485 0.05657654511200699 0.1917179776526987 -0.006581153998225224
486 0.03546276459007536 0.1960461852853009 -0.01755806261266829
487 0.05387850374309806 0.1849441239458184 -0.05378455031250828
488 -0.1728788769694175 -0.09091671102123765 -0.04297726788517105
489 -0.1834939934248987 -0.06954186990850142 -0.03865077886165184
490 0.1731534272818034 -0.08791414235798245 0.04784343417884652
491 0.1777600529838062 -0.088048224935917 0.02547299842634518
492 0.1662924709879357 -0.08628326932827297 0.07001436657394888
493 -0.1215953403707727 0.09675663989735847 -0.125907608332018
494 -0.1113017796811373 0.08379340954125133 -0.1434941753426379
495 -0.1890621477667934 0.05131105684803891 0.04028249901563333
496 0.0849110717506857 -0.14954039453995 -0.1021165035387816
497 0.04561154884766894 -0.1620036622832206 -0.1080481375061177
498 0.05316550839546235 0.1546118581032868 -0.1151894181376967
499 -0.1756762047638228 -0.07426716215028141 -0.06018521168794897
500 0.0861270600247671 -0.1010651286539114 -0.1495592501373904
501 0.09995387512959886 -0.08104524442176633 -0.1531041841465893
502 0.02518080023189245 -0.1724799769824012 -0.09806418734600257
503 -0.04570631145145438 0.100390246510708 -0.1668314463733439
504 -0.05673444692037519 0.08020891434962943 -0.1742060061866207
505 -0.07374206133824744 0.1658338178264657 -0.08403126355520757
506 -0.05934951454807538 0.1783321738440753 -0.06837595260728939
507 0.09736508568026753 -0.1038210186104258 0.1405035095119257
508 0.160070817542552 -0.08334472286710577 -0.08620319333681541
509 -0.05662910499075021 -0.03041373350815171 -0.1893888837340822
510 -0.04189835342298923 -0.01217298333851109 -0.1951828539013676
511 -0.06482448123977648 -0.007697911509253951 -0.1890463667738409
512 -0.05151618988762995 0.01460421129685068 -0.1926987264925708
513 -0.07301751211302041 0.01575985966386867 -0.1855264664359242
514 -0.1845474238972015 -0.05287278509658663 -0.05609560525599843
515 -0.1118248214321599 -0.106222007213474 0.1273267234134541
516 0.1022618000008206 -0.08251844027934886 0.1507754332590549
517 -0.1303396953583894 0.1082967217765944 -0.1062232736566012
518 0.1170478965825435 -0.0914756618216342 0.1339103924267875
519 0.03705175196078268 0.1964397164333642 0.006213331169034833
520 0.0157302759113348 0.1993248637373716 -0.004707134566966888
521 0.01389582416342796 0.1974885756677051 -0.02837549209371033
522 -0.006099522381270222 0.1993439145110957 -0.01499331764865092
523 0.05769213524948022 0.1907124290346673 0.0173316745311197
524 -0.007079171432124768 0.1960834908515554 -0.03874467637369772
525 -0.02778534121114632 0.1964347810371181 -0.02532492078328494
526 -0.02598502982260445 0.1983004918212857 -0.00130121810415618
527 -0.0476590927361508 0.1939259422899382 -0.01101543401444332
528 -0.033226569404847 0.08345405569260261 -0.1786936363557496
529 -0.07856145332717009 -0.07661360459471941 0.1672078157327787
530 -0.05272704709958695 -0.04280269833271004 0.1881164201222131
531 0.1549551373482363 -0.07081175654551795 -0.1047597276835307
532 -0.02747081694880127 0.07590883145008129 0.1829841619486468
533 -0.02145531362069749 0.09642703875779728 0.1739008214869607
534 0.02878243994576604 0.07783863205675111 -0.1819690042570495
535 0.02534159313269718 -0.1583017473795941 -0.1195757518649329
536 -0.04233925019319688 -0.06413516401035507 0.1846457923442685
537 -0.1471525333141332 -0.08060993357979923 -0.1088493020073775
538 0.1561478714720543 -0.1232196650853867 0.02085081223818279
539 -0.1499167651468237 -0.01685349084881918 0.1313046966948283
540 -0.1577560550525575 -0.03525658167778726 0.1177709664673428
541 0.1780285887861852 -0.06808220860002687 0.06058576109071996
542 -0.1190511591849385 0.1275773090799625 -0.09772845903132912
543 0.02926699212577911 0.1263148037143461 0.1522761095330315
544 -0.1598637748926234 -0.1111539028782079 -0.04569883315821699
545 -0.1536688495151015 -0.1249337051739441 -0.02788286212380476
546 -0.08160950038518651 0.1718117382530011 -0.06181113205048503
547 -0.1304757684217296 0.07505487917326867 -0.1316922130083827
548 0.07193180806865471 -0.1196193813114198 -0.1432376298416285
549 0.0916637285048541 -0.1238017968581475 0.1275573438547635
550 -0.1883868260907711 0.03304924916611672 0.05846495433164625
551 0.004310354494497361 -0.167437267353992 -0.1092985926037457
552 0.003227546296890966 -0.1527351844906758 -0.1290796125013577
553 0.003687647202695178 -0.1797699098510906 -0.08757385894340403
554 -0.04539594470393051 0.1943723196752993 0.01259402828649129
555 -0.06589263750872208 0.1888032780927199 0.003388584304281384
556 0.0815390264279373 0.1418094806583942 0.115071535857399
557 0.08607164650462049 -0.07223289143266086 0.1654511440373293
558 0.09307188214682227 -0.1168560566752545 -0.1329747599056217
559 0.04668871613170129 -0.1837374332108504 -0.06372377439434776
560 -0.1192975674485112 0.061510438542354 -0.1482719000727893
561 -0.08340991766430043 -0.08214287531437239 -0.1621583598533301
562 -0.07619476432524269 -0.1021316016736453 -0.1541541236198259
563 -0.04053765004162202 -0.07803217647552438 -0.1796320638516287
564 0.1211421782798011 -0.06953645617328767 0.1431406787202203
565 0.1353704024454637 -0.07800671714624528 0.1248591455273457
566 0.1383994350876878 -0.05547722488164524 0.1332961885683168
567 0.1511283487411419 -0.06330612352168989 0.1146845976207456
568 -0.04392554635752043 0.06267389681099324 -0.1847769710643572
569 -0.02013537683389623 0.06538437033903947 -0.1879346980073779
570 0.1243493004735376 0.1241097545356442 0.09557206862281468
571 -0.01720420609425121 -0.1601534476288128 -0.1185533150328225
572 -0.01808427411131817 -0.1445853564768737 -0.1369964733937413
573 -0.1771650436900779 -0.008513171254219127 0.09241251651962051
574 -0.03320032489120171 0.05255797059286105 0.1900931302132684
575 0.1390643218836193 -0.07857895128471813 -0.1203597224741027
576 -0.06706511885176651 0.0589059613062945 -0.1789758574668097
577 0.08328259263294223 0.1641135083171908 -0.07829920914133659
578 -0.08011926076205327 0.07649931115469613 -0.1665195467439156
579 -0.04963412713239501 -0.1127048101161931 0.1575883219038711
580 -0.0282405940503133 -0.04618291495552191 0.1925346909361958
581 0.0432709290520256 0.1683839651055866 -0.09886590410396892
582 -0.063687995177112 0.1876709620603801 0.02689701228113535
583 -0.1375576601040049 0.05227222910019932 -0.1354455765671487
584 -0.03733407449081087 -0.02394728421352023 0.1950197283884671
585 0.08623538028059174 0.1704133855075489 0.05935265139584964
586 0.0122253628687288 0.1928181101986254 -0.05168865332119481
587 -0.1751085731795698 -0.06969205240233202 0.0669328426929998
588 -0.1914000404401834 -0.04728220460434355 -0.03362168418222315
589 -0.03338150554049888 0.1837560866269889 -0.07154981282564046
590 0.006436172693306833 0.1216470381597166 0.1586208491593409
591 0.07111716294206133 -0.06469119246162862 -0.1753778741830475
592 -0.01859628148489546 -0.06769143413016374 0.1872753268862085
593 -0.1571907412110538 0.09134392965358605 0.08335080919199439
594 0.1571986365126117 0.1235130104895736 -0.005755425125765851
595 0.03621368883713445 0.1938408041489151 0.03338130296601934
596 0.1284044230565379 0.05921692989215194 -0.1414413636588166
597 -0.199061717647836 -0.01744092642704824 -0.008381327607216871
598 -0.1703308023489551 0.0731439159693399 0.07508252345140873
599 -0.02417987581563677 0.1973258736508933 0.02185939599925096
600 -0.02190962628338654 0.1029627196224286 -0.170054834227303
601 -0.09542315048576201 0.158799838031564 -0.07534609341247009
602 -0.07117207715858262 0.1858003192964018 -0.02031690877786058
603 -0.004633873586137486 -0.05119762337259776 0.1932804454066301
604 0.005401930050834797 -0.07040290660641906 0.1871209499043165
605 0.01966802192398137 -0.05159593889675438 0.192226501822616
606 -0.166511406085864 0.09219106031704286 0.06143907584695494
607 0.1632595245187209 -0.1134495696007855 -0.02180648553338466
608 0.1751664295734726 -0.09293094025304451 -0.02608758889140098
609 0.1750267402128782 -0.08384464334474119 -0.04832924573016636
610 0.1844996969935812 -0.071047516319949 -0.03020119590419088
611 0.1831121718204434 -0.05970325775835357 -0.05390225917565977
612 0.1681181036464886 -0.06233591922531989 -0.08860325276558936
613 0.1615569338019726 -0.04534608084469038 -0.1088259624011286
614 -0.1421463710561521 -0.03921647931725542 0.1351165309853905
615 -0.089215742413851 0.05413565940408263 -0.1706161823697581
616 0.05162269088454827 0.1292565152028375 0.1436239919493154
617 -0.1715161747542325 0.03259476028099677 0.09756937736759391
618 -0.1745753291635331 -0.056116492954738 -0.07983980001167908
619 0.04452866990266735 -0.147599260731802 -0.1274035156034746
620 -0.03199620279276652 -0.08335987815172125 0.1789619337216
621 -0.07251405064236872 -0.04735315569760681 -0.1802758749941716
622 -0.04570854091453554 0.08760591732638023 0.1738848254933928
623 -0.03841976598887797 0.1101782017454889 0.1624336339601199
624 -0.06090319590170866 0.1016818027287082 0.1610950394108961
625 -0.05430002182503975 0.1216304585821257 0.1491896081330801
626 -0.03292173081867909 0.1290631208756689 0.149194069820938
627 -0.009595156649656149 0.08659180843672477 -0.180027197057906
628 -0.1485517848543954 -0.05734910079973449 0.1210101146765646
629 -0.1637146966912478 -0.05205637904805271 0.102409137715822
630 -0.02644195281806401 0.006146170795097569 -0.1981490542892516
631 0.146868466330142 -0.08267725952094045 0.1076760156949496
632 0.1778112061133459 0.05060019568760699 -0.0763072419688533
633 -0.190930985196798 -0.0313239416098616 -0.05063763001762681
634 -0.03308730046816694 0.04349886625096348 -0.1923878353290822
635 -0.01670499834864155 0.03878754532130828 0.1954903306000564
636 -0.137053083964467 0.1179559629414926 -0.08545667312956901
637 -0.1478993958364388 0.0975585280536848 -0.09277985942657374
638 0.1138192437688208 0.1318459684031807 -0.09829455917659537
639 0.09426922216568191 0.1400982701207401 -0.1071717708235403
640 0.08360512528448918 0.1308664420219287 -0.1260323663932644
641 0.09502632271611734 0.1757919829953999 -0.008196139676540011
642 0.1184593091886119 -0.1308969763815069 -0.09398602896567171
643 -0.1332708370004333 -0.02071644154343696 0.1476811194939329
644 -0.09926976174665614 0.07600513590855308 0.1561048805075758
645 0.06900161760314368 0.1140386566667149 0.1491105682163429
646 -0.03860818141403013 0.02935148473976189 0.194030664255609
647 -0.02095950655459655 0.01346591476632029 0.1984423549157136
648 -0.133131368517602 -0.06121310214340448 0.1361212505181009
649 -0.1379938979236325 -0.0786875747185868 0.1215152242344511
650 -0.1449087892696484 -0.1288721734251843 -0.04892244586152513
651 -0.1371913515985123 -0.142227546119957 -0.0308197691631345
652 -0.1453377991137671 -0.137087133584384 -0.00916743990345935
653 -0.1277703225469867 -0.1534015469031903 -0.01194613259374374
654 -0.1349124778484797 -0.1473316453153511 0.009592163961018373
655 -0.1164725789053573 -0.1624242822941425 0.007245059307419745
656 -0.1082623953432159 -0.1675923778813961 -0.01385816115538299
657 -0.09628930960036967 -0.1752308304816645 0.004746041022823151
658 -0.1035568832958565 -0.1690085748105555 0.02668470652926911
659 -0.08275358331255656 -0.1805146848487283 0.02379691162516802
660 -0.08923494645970353 -0.1730552425015979 0.04570566018609722
661 -0.0676237816135771 -0.1833553227929882 0.04251881658464078
662 -0.07326041814493915 -0.1749647415004249 0.06340544428452632
663 -0.05139436073104715 -0.1836027379922978 0.06040409163938015
664 -0.04475133267456383 -0.1911740414963089 0.03807629291065615
665 -0.05615169994754394 -0.1741277795416439 0.08078677481430763
666 -0.03292448879770588 -0.1816998545420072 0.07681888372544336
667 0.1522223267478319 0.1228889574572633 0.04155318729704419
668 -0.08764013849113252 -0.1790920596655812 -0.01566014974369713
669 0.1704131482797179 -0.06299502835208733 0.08361211213881994
670 0.1814338945552015 -0.04453426037302179 0.07140337218619269
671 -0.08683016634924971 -0.003260525077424625 -0.1801385333236094
672 -0.09365923301801451 0.01875448609130013 -0.1757162978267198
673 -0.08210349939702663 0.1814883880077271 0.01791592601902472
674 0.03369107357001003 0.1426561792368597 0.136066623707804
675 -0.1557539607970587 -0.08910665328833797 -0.08832161703558317
676 0.05808456874649836 0.1868787826164842 0.04126140425766127
677 0.1209272463684987 0.1007475014157369 0.123395875312826
678 0.07628015142489107 0.1829274269239457 0.0268122169463884
679 -0.1471323826923908 -0.1095278724586999 -0.07972268885286438
680 0.1051803560775942 0.1161479470427614 0.1242849431473596
681 -0.05635437009248274 0.04183961593780692 -0.1872795544357587
682 0.1832183841060112 -0.07968687308126465 -0.00900144344605666
683 0.1910271006575553 -0.05796385470487748 -0.0121999328735893
684 -0.04705052840560651 0.1868806844659398 -0.05349633212001607
685 -0.1262547135618452 0.1344300526864238 -0.07738416012428995
686 0.1893469928790736 -0.04535227206226933 0.04572622558709549
687 0.1869733408138957 0.03617443297530783 -0.06109320931008449
688 0.1538836295983354 -0.04046887378242937 0.1211697107218801
689 -0.1485507870497756 0.06432744790843652 -0.1174505986041774
690 -0.006624156026862558 0.04644540935135959 -0.1944195064984901
691 -0.03718510695595676 -0.1513219939987153 -0.1253751249368344
692 -0.03906035492970279 -0.1342394089312951 -0.1430177253438964
693 -0.01885512754613372 -0.1278559743778304 -0.1526346421397011
694 -0.0397255661129776 -0.1163293783990626 -0.1577636051765145
695 -0.09454320205080811 -0.1628789143353287 0.0673204442270305
696 0.1875406358197446 -0.06844043723685626 0.01201734026953883
697 0.1955463358974661 -0.04169595992104784 0.00480389876430809
698 -0.009503084321886505 0.1898546802642579 -0.06216825371624604
699 0.01007063841726364 0.1845086974940336 -0.07651877410756106
700 -0.06179251660072446 -0.08894827685586884 -0.1681365187474776
701 0.1976197751658718 0.03076057798140486 -0.0004596799323575345
702 -0.1787128647135527 0.07344457924928911 0.05164886992733073
703 -0.1735694153193411 0.09112367882231528 0.03962490660669894
704 -0.1838854030303622 0.07318463314509667 0.02881263652946185
705 -0.1032024784319192 0.1629376910060579 -0.05292029190323568
706 -0.06071947127471075 0.06627037464657587 0.1786655625808232
707 0.1417899167406002 0.1128863415939484 0.08457123265170066
708 0.07830938969894199 -0.1347475904439623 -0.1253424363674388
709 0.1645666416932856 -0.04956435837872825 0.1022799825004812
710 -0.0881211562535065 0.1753480056044024 -0.03857121661425218
711 -0.1081400232638515 0.1653133858733869 -0.03126051534396654
712 -0.09363279316572816 0.1759626525074287 -0.01643304495624197
713 0.1893039877652946 -0.02375241604860818 0.05999852454861707
714 0.1141076184184887 -0.1173974106116332 -0.114879499478994
715 0.003957524643903278 0.06699774875218666 -0.1884028653201213
716 0.01741084647240972 0.04766895655087433 -0.1934542142380595
717 -0.1192668760335767 -0.0817531788896647 0.138173188508574
718 -0.101806029912064 -0.07362181555011665 0.1556128547024588
719 -0.08697367250861417 -0.09433859843402574 0.1534138492309869
720 -0.06120237021142627 -0.122202233231656 -0.1460167253217914
721 -0.1263039988935132 -0.14554418288891 -0.05351813422296168
722 -0.09567576413382098 -0.03663640758398037 -0.1717670567854905
723 -0.1260680048652531 0.03815548640874857 -0.1505025481718045
724 0.02930447730098468 -0.07222993368973081 0.1841849187346596
725 0.04767392277541647 -0.05718772588114695 0.1856253245000434
726 -0.07211999385098922 -0.1126792106816624 0.1486677569854702
727 0.03834857768536945 0.0329958673791028 -0.1934958896860857
728 0.05687405838988173 0.04830541288091848 -0.1855584235993298
729 0.07556739536569201 0.03671961990735707 -0.1814972128477581
730 0.05205380265060876 0.07201273083867303 -0.1791774768958652
731 0.06641600886487005 0.1619490389881723 -0.0967544445349616
732 0.05519912774985196 0.1762034948938715 -0.07684650078462202
733 -0.1061440067174243 -0.0004769973413250988 -0.1695087676537936
734 -0.1535353753899541 0.1058988846610436 -0.07219636231426663
735 -0.147019666344646 0.02687435689800284 -0.1329021694677244
736 0.1236059971906715 -0.04661144813101368 0.1501630126283751
737 0.1410315060979215 -0.03264573659076351 0.1380013411898537
738 0.1066518871989768 -0.03752519296246899 0.164976467564396
739 0.0559043339537706 0.1456045461510859 0.1251959327826651
740 -0.1627175290303586 -0.09607438682475011 -0.06551883654723042
741 -0.09000574183407073 -0.05880460537433697 -0.1686445517165233
742 0.1898984346911102 -0.02090296638897244 -0.05917474544100426
743 0.1834895928798222 -0.04026577844469528 -0.06863116195315215
744 -0.1080439245251215 -0.155207296940258 -0.06509381959685906
745 -0.04359919239111333 0.00574587217882272 0.1951053443033976
746 0.06779957382950783 -0.04386026769919367 -0.182974027407969
747 0.08989777188493007 -0.04208044912469988 -0.1736307185137141
748 0.1021625856806121 -0.02007891702019711 -0.1707619488596556
749 0.1111412522034317 -0.04039810273713056 -0.1612935688547235
750 0.015142699100904 -0.08882484394917697 0.1785520813693972
751 -0.1617925534755163 -0.06779096200882218 -0.09606016401084594
752 -0.1522647615419879 -0.05846412104497808 -0.115747090429953
753 -0.1304459749334486 -0.100468933723615 0.1135334355161596
754 0.01456102329289886 -0.0221272295068323 0.1982381454589798
755 0.1410051817133338 0.02101972775266612 -0.1402701314435597
756 0.1557282834320424 0.02156971824327914 -0.1236262471897251
757 0.1608965695110212 0.04194060516113254 -0.1111453083054032
758 0.1459411642649674 0.04495038966309563 -0.1291535483140965
759 0.1227690347758722 0.01928481546224502 0.1567030950325737
760 0.1819111271165504 0.02351466201928424 -0.07972077835360786
761 0.01187838015777947 0.02082648448924716 0.1985577035238029
762 0.02379671750863857 0.04223993103679519 0.1940348021923408
763 0.1986484647247681 -0.02093759284045362 -0.01002021299873073
764 0.1898668095591457 0.02082648448949884 0.05930305364515207
765 0.1029009049295221 0.02090296638894808 -0.1702188877910673
766 0.08677273832510539 0.01994553401895002 -0.1790884350153904
767 0.06032351568765635 -0.02122220443684756 0.1895011648880337
768 0.07115102105581947 -0.04152350392422314 0.1822452491138503
769 0.1566610631262645 -0.01982825910265612 -0.1227361048799681
770 0.1707237601008346 -0.02088966325445498 -0.1020638021344891
771 0.1471359161498094 -0.04106360872144259 -0.1290922236911601
772 0.1300837787215478 -0.04152720731816621 -0.1461290579107298
773 -0.03710141956197113 -0.1651303488371851 -0.1065619658198748
774 0.1816469481463802 0.02079644271257173 0.08106722025337364
775 -0.06672342418008527 0.1828589960104948 -0.04594096476695129
776 -0.08980452505423128 0.09122280342824908 -0.1536670017097847
777 -0.0992989830720217 0.06947421968114588 -0.1591007377750281
778 -0.01778124032895733 -0.1738535133846865 -0.09725627679571382
779 -0.01656899304479393 -0.1845403565206959 -0.07530156229917162
780 0.004953738325084693 -0.1897244534957361 -0.06308797208938387
781 0.02573584658930381 -0.1834745971044147 -0.07533085966391555
782 0.02670951846378252 -0.1914506465670431 -0.05131521755282745
783 0.02866813746193189 -0.1960096864386997 -0.02753798679399807
784 0.04711106311307018 -0.1899807975127359 -0.04108338239216858
785 -0.1531472844811072 0.0437953101006364 -0.1209457732591426
786 -0.1602600031619278 0.07170243555056925 -0.09578878912824491
787 -0.1735620861487056 0.05753565024565491 -0.0810299401611464
788 0.1833879624677958 0.04077921752977374 0.06859964022915645
789 0.1692411401484392 0.09614902790773423 0.04596521416956627
790 0.1782629964990549 0.09067424816681086 -0.0006962747744441207
791 0.06468545355726585 0.09601069710458388 0.1630881299775758
792 0.02316497225687556 -0.1484872228732894 0.1319656345558049
793 0.03941372723746203 -0.1583048456730728 0.1156984612761792
794 0.06216565659440272 -0.1510147636868315 0.1154554991708807
795 0.05351703253141678 -0.1657246549605254 0.0983425948775305
796 0.02733690186398522 -0.1715439752607039 0.09912294561923518
797 0.07563241768245095 -0.1571420801801351 0.09790865146741268
798 0.06707122326502735 -0.1710255706226782 0.07906772541891013
799 0.07018242890810669 -0.134097041575877 0.130737944427607
800 0.08476593675165554 -0.1409446726392244 0.1137951458597254
801 0.1047182765932308 -0.1295184776860845 0.1107205784180287
802 -0.1604232027586545 0.05068718413873336 0.1081443728574991
803 0.0628132371424782 0.1380498950893663 -0.1303714834827684
804 0.07195255970725255 0.1201469716992968 -0.1427849233745027
805 0.03522292528643777 -0.196842507149867 -0.003517515205453618
806 0.002974314005639904 -0.1358657899127806 -0.1467366368279307
807 0.001725481922967313 -0.1171116160125219 -0.1621169087636115
808 0.02636588929444715 -0.13858820733468 -0.1417679394978735
809 0.04703401880500386 -0.1257097097075905 -0.1482729576162959
810 -0.1998256308658111 0.006240734390897993 -0.005547114866562303
811 0.1053840651398518 -0.06028620336195508 0.1589332328331632
812 -0.1807705129506835 -0.01595043490371798 -0.08406905063059195
813 -0.1891117427535472 -0.0008099118759831189 -0.06508527326107906
814 0.02505464850616652 0.1901768440131729 0.05661300724587728
815 0.009094705949443161 0.1956112582190046 0.04066352151094474
816 0.06628331108786124 -0.08475978650026886 0.1685891493058158
817 -0.06739665120307939 0.176504798260869 0.06560295418272254
818 -0.08945685260207004 0.1667523326853504 0.06473894551601636
819 -0.07784784736574023 0.1418792161573462 -0.1175159592697837
820 -0.09931283803406693 0.134871248896108 -0.1093009900358789
821 -0.08702136186970486 0.1517978824240129 -0.09687458629551637
822 -0.1084979707044856 -0.1613367727017565 0.04688961641120913
823 -0.1358691563877173 -0.07126481923331911 -0.1283000307175815
824 -0.06849174674703905 -0.156305459154288 0.104295177578384
825 0.01446619788501246 -0.1876999890321497 0.06752364945767175
826 -0.008946810067585464 -0.186243369347202 0.07234197926388423
827 -0.02604422732968197 -0.19051772820126 0.05499721323695114
828 -0.01618546155427615 -0.1767939972952357 0.09209730373169046
829 0.007319994953910224 -0.1792072516971316 0.08849394675928782
830 -0.02133232857279196 -0.196186297224456 0.03249413083958168
831 -0.1221074245524207 -0.001746312036756425 0.1583879012533633
832 0.12896148511742 -0.1523282300868198 0.01284701034974081
833 0.1409806638301108 -0.1389683059219318 0.02850021710811468
834 0.1332531877822257 -0.1487795610271692 -0.01040337283950345
835 -0.09257222324160813 -0.1104165855985984 0.1387031402270809
836 -0.1974565896103857 0.02018058906373722 -0.02456906682143847
837 0.01990756349965069 0.17308622439104 -0.09820818622478432
838 -0.06162655613536062 -0.02019987741272906 0.1891933733813264
839 -0.1649341890130988 -0.1119425974036131 0.01629626279623573
840 -0.1403011329410345 -0.1330545102563629 0.05110860393223039
841 0.1054464495867769 0.1622687527609204 0.05049651618635284
842 -0.1784572212992983 0.06762454120324744 -0.05983261312347604
843 -0.02386770140486118 0.1591786940324594 0.1187117357120562
844 -0.007022235311065409 0.1496660910676766 0.1324792413767454
845 0.09634017554424151 -0.1630007788496005 0.06441518974999889
846 -0.1069809779613111 -0.1483894430424845 0.08084332717041481
847 0.1650604062104433 0.06319299727249318 -0.09360399242212974
848 -0.02641595043711965 -0.1134422906317186 0.1625824229698042
849 0.1325458272542692 0.1216052548162004 -0.0874286319152279
850 -0.03394824984535153 0.1193689368186497 -0.1568393230514045
851 -0.01001531668393394 0.1207418713371278 -0.1591260316156002
852 -0.1120845846923575 0.1641011790623439 0.02253550320472763
853 -0.1614853207839963 0.1176412928267759 0.009111388112388782
854 -0.1849004342157363 -0.06010432717702408 0.04689668731828944
855 0.09396615299093443 0.1123381029723171 -0.1362002669331649
856 0.07285000721765629 0.1299667085302172 0.1334223786409499
857 0.1211957559260461 -0.1417895084240037 -0.07216179076487546
858 -0.09057801006120067 0.1334998381707389 0.1182092098854381
859 -0.0744739798209548 0.1281681160079221 0.1342630268115829
860 -0.06975775992699272 0.1449375364263548 0.1188569117242541
861 0.1630220714694657 -0.09528371261285068 -0.06591523590579107
862 0.1566960636445539 0.1207192409684782 -0.029550101493843
863 0.1677182785467785 0.10169140369211 -0.03910802291644935
864 -0.06634217065943859 -0.1876591004324278 -0.019564723792733
865 -0.01385140748828771 -0.02746456581466925 0.1976204345081882
866 0.07373691346056026 0.06485335442258686 -0.1742323449117534
867 0.1554008405448041 0.1246106906147971 0.01796537064665476
868 0.07662515552000845 0.1846907963677404 0.004230281147203485
869 -0.1362053469552803 0.1255900358198204 0.07533423102128255
870 -0.1415489914994961 0.1082925586369735 0.09075574223889772
871 -0.1606517678222125 -0.1189661476703233 -0.00616970048549919
872 0.1842810915605778 -0.06853160320805676 0.03665922332749833
873 -0.06082533576358695 -0.1894011580032489 0.02067558647959628
874 -0.04253537066039671 0.1920068461221556 0.03638836744078418
875 -0.01819767890806251 0.1939416205423116 0.04533753746931002
876 0.1910789375808193 -0.04830069079339209 -0.03399827763088152
877 -0.1224227564463127 -0.1556497084566822 0.02803278369046902
878 0.1725985299116943 -0.1008956126228917 -0.005461027904465382
879 -0.1188461235482093 -0.1576949294090679 -0.03174756929644959
880 -0.1830112473562843 -0.03563960127783284 -0.07236506174842949
881 -0.004680696574363939 0.1997932592910726 0.007793883590928983
882 -0.1394572846902197 0.08762911090621865 -0.1134583829807946
883 -0.1890740215600614 -0.06319657467428504 -0.01603768438843181
884 -0.01543296196232699 0.1160309236194316 0.1621685803387666
885 0.0009120069036891553 0.1029001611172106 0.1714955541273876
886 0.1044252871512282 0.1322418275625369 0.1077379155464955
887 0.06376228791793749 -0.1501005774157223 -0.1157764539918925
888 -0.05563293561275025 -0.07856593408140199 0.1753065043774029
889 0.1516448345493962 -0.1038313411565172 0.07888533924706918
890 0.03386942318496398 0.192803194413181 -0.04098524609162382
891 0.129901099732215 -0.09786277562294321 0.1163983738534805
892 0.1110993094793996 -0.1109893077757352 0.1238479591784367
893 0.1136108177665646 0.04457030043708657 -0.1584489520487917
894 0.1120291565683647 0.164455945017817 -0.02009254157337016
895 -0.1922706493911036 -0.01365246771314676 0.05334423594039764
896 -0.1840265838512173 -0.02772333953478785 0.07325048041541959
897 0.1392156983824819 0.07121204809174705 -0.1246909520793572
898 0.1204967155025628 0.1393991137753115 -0.07777164413687167
899 -0.1546770032996664 0.1229000697778496 0.03115441379379039
900 -0.1721719696959401 -0.03107749316944914 0.09690718378594614
901 -0.1756630989054549 -0.04798709495096757 0.08270256586768755
902 -0.1161528783062235 0.05976145000844283 0.1514499189635572
903 0.08385130956555444 -0.1749828951626415 0.04847622391071307
904 -0.020431123584986 -0.1570054370585252 0.1221959979832257
905 -0.073444992681525 0.02620167666827724 0.1841719446326769
906 0.02302176881285947 0.1642762649974751 0.1117287202075035
907 0.08398116659587095 -0.1778777640237979 -0.03614781768088712
908 -0.1613570606312748 -0.08374256113716395 0.08337315178535283
909 -0.179712620185522 0.01446122429768433 0.08656931984176826
910 0.01104306002045734 0.1388239953175964 0.1435477242921132
911 0.06288519669449535 0.1789026294195182 0.06355549719321833
912 -0.1161573341588494 0.08095989969851682 0.1412549764146931
913 -0.08902547952470354 -0.113595022206504 -0.1384580619729326
914 -0.07853531492303381 -0.1337805961427802 -0.1262337371926469
915 0.08054123352474628 -0.1826070377584158 -0.01295297121933076
916 -0.1304141206752182 -0.1217759830813377 -0.09034803303383757
917 0.1277406133129046 -0.09921089704740738 -0.117641547156996
918 0.1196930178889816 -0.08427745625937207 -0.1362750594755972
919 -0.02147679998936046 0.1352787504627236 -0.1457340273767975
920 -0.02769829868968504 0.1734683395368184 -0.09561139800272812
921 -0.1849940337590577 0.0758218108190347 0.005316058471755408
922 -0.1398077855021958 0.001698142439934343 0.1430066411927281
923 0.002217370237236303 0.135354673134322 -0.147221587173661
924 -0.01838701402356736 -0.01662030503354381 -0.1984582655771462
925 0.08501705458627619 0.09791336041829385 0.1522664581615775
926 -0.01531862096341823 -0.07946691750619794 -0.1828943653419707
927 0.1491460647187638 -0.1321969838645402 -0.0167155267947149
928 0.04956962564933162 -0.06581627938903659 -0.1822390451587403
929 -0.0007774481185112202 -0.1683601161865892 0.1079549297256091
930 0.006430874512431706 -0.02397302171065511 -0.1984538689042514
931 -0.1920680946720884 0.01006233708536516 0.05485067348186506
932 0.06117107740336696 -0.1810685943069143 0.05892591488495842
933 0.08989256531323275 -0.05197428843861621 0.1709327354332859
934 0.1495622982883146 0.061509809848021 0.1176760902782613
935 0.03222332487326028 0.1791140805355119 -0.08294458082376747
936 0.1911960812252887 0.04428861748236994 -0.03850424503341325
937 -0.06546804622761371 -0.09532493335218835 0.1631780990345821
938 -0.08063825044078193 0.1781121596971151 0.04211331302425778
939 0.1225693467870169 -0.02082648449100725 -0.156662097432499
940 0.1163320110654003 -0.0633346266317802 -0.1498518877788751
941 -0.08155978758231508 0.09045849907352443 0.1586356233476353
942 0.001860369026983049 0.1038252864923568 -0.1709293681959407
943 -0.0780164912626241 0.0375230815251681 -0.1802926660846871
944 -0.01427926614329291 0.0215893166043947 -0.1983179365739877
945 -0.1716570352638058 0.05361153682571584 0.08751951418755385
946 -0.1410781020821938 -0.04842185377322131 -0.133237731855698
947 0.1027111129479775 -0.1470789132744694 -0.08842070202723416
948 0.1120025317011211 0.1656583931195327 0.003567867933894301
949 0.1722322915176783 -0.07413675525196654 -0.06956852218697397
950 -0.1954814323564548 -0.04055739289685563 -0.01192088441680794
951 -0.1125759851636569 0.02257849641917153 -0.1637585389037212
952 0.1986152668556984 -0.01982724012297294 0.0126038216801774
953 -0.1810454440356387 0.05418164902945918 0.06547439272255162
954 0.1105070632109817 0.04081183333241626 0.1616248224764104
955 0.08957249766111085 0.04007479874828495 0.17427213824371
956 0.01291428475432734 0.1195758040282077 -0.1597962713591648
957 -0.05679930056043735 0.04484123032602347 0.186448661884964
958 -0.07503926642373512 -0.1853767360605608 0.002138743117084481
959 -0.1524069094023598 0.1093247480189507 0.06942790099818542
960 0.0936573529124511 -0.06375607847725032 -0.164813417847684
961 0.147522398101909 0.119007963777828 0.06382982544012687
962 0.1812070838378379 -0.02131142340316637 0.08191346653339583
963 0.0978061288205453 -0.1336995542542967 -0.1120642242526189
964 0.1456586025905688 -0.1369383559790524 0.005608756824562511
965 -0.0988106917980955 0.09678755769081095 0.1444597378601724
966 0.1321651383197449 0.03934623736965442 -0.1448594139770471
967 -0.1509126303278008 -0.1306532762373608 0.01245389160015569
968 0.1688774353727836 0.1060398650601858 -0.01536095179111292
969 -0.1982225290717415 -0.003051609215056034 -0.02642946555648017
970 -0.1563038672723678 -0.03577201609802463 -0.1195385458334871
971 -0.1151595420154704 -0.02586332254066154 0.1614601140528051
972 0.1361617955688366 0.0808064898854203 0.1221895110877682
973 0.1916129513342673 -0.05178722451945946 0.02454710283399712
974 0.05147209825765474 -0.07420065262175966 0.178451355420628
975 0.03316151490199344 0.186606672491269 -0.06386128491614577
976 -0.02626518605913132 -0.09344764297587395 -0.1748647420823672
977 -0.06335011061477436 -0.06858215317454092 -0.1768707204458659
978 0.03739925532426415 0.05752381329212152 -0.1878624672613549
979 -0.03836966609799334 -0.1714860622384697 0.09550025749427182
980 -0.1612056508586822 0.08820734185123627 -0.07894430299120904
981 -0.008481637783851593 -0.08535431550363472 0.1806729161922437
982 0.06628549543215807 -0.1818383411525063 -0.05040883635056549
983 0.1333730426610988 -0.06184446098299446 -0.1355982822053569
984 -0.07837347104239506 0.109472132630152 0.1478967586330859
985 0.1012705616108077 0.1485704792138889 -0.08758473643955889
986 -0.05240265175624022 0.1383714706355839 0.1345633612951904
987 0.1907060857721099 0.03951038222921935 0.04549855542302059
988 -0.0162031030084382 -0.1922958475642109 -0.0525334794436814
989 0.1751230001767401 -0.04147014927652798 -0.08724770213638847
990 -0.1962069931847064 -0.02531128862699512 -0.02936246742795209
991 0.09442934047531991 0.1756484740042421 0.01518924742629458
992 0.08766684738021452 0.1149179219072654 0.1382331186616645
993 0.04436178294888633 -0.1771763810329464 0.08148964484929418
994 -0.1082876974893595 0.04654575217956012 -0.16157743507833
995 0.01481755446434615 0.1985813274088115 0.01859829250900552
996 -0.1081014592259323 0.1441672559353994 -0.0867748628882877
997 -0.05751096162529364 -0.1637474329183238 -0.09939450440337763
998 0.1552869734829432 -0.01859920605737865 0.1246596382175998
999 0.08176593407194205 0.02067611746703609 0.181347264086978
1000 0.05921069099902825 0.02088745605046083 0.1898889366212726
1001 -0.1546342696557517 -0.07229229337615956 0.1042212404764381
1002 -0.02944602574226026 0.1451426074681648 0.1344118858781782
1003 0.06986878029768281 -0.06257842671275246 0.1766417109571542
1004 0.1232568154668947 -0.1160816022119162 0.106455714120353
1005 -0.1244700556472353 0.1551664025225997 -0.02075072951413315
1006 -0.1866107956633519 -0.001052582393530562 0.07193957889920931
1007 0.01615019570564973 0.1534927296177108 0.1271973000231276
1008 -0.07972019033673902 -0.02512243181413303 -0.1816963254235438
1009 0.1115560392388917 -0.1037316552455332 -0.1295955007295882
1010 -0.05650458073308407 -0.1413030843643082 -0.1297716097816144
1011 -0.0368944207052096 -0.1959350711365012 0.01575593918372393
1012 -0.05972535987786479 0.1850179823517444 0.04691724196869584
1013 0.1676032479336393 0.1088222508272829 0.008177347184691817
1014 -0.1576159078514588 0.1118477900774151 -0.05145189449338991
1015 -0.0113096593138246 0.1336670132474098 0.148341569277536
1016 0.07181571042839856 0.1763054067522407 -0.06130992811601851
1017 0.06474242466817785 -0.1870966657142197 -0.02834177352790162
1018 -0.1370502614423356 -0.127782374450249 -0.06992060224600342
1019 -0.1648750269702403 -0.04665098890422317 -0.1031499428784165
1020 -0.1267309411404623 -0.04369426829814295 0.1484253329979171
1021 -0.1612085031177711 0.1086819582866036 0.04690469555936318
1022 -0.1390199796618453 -0.1405134112233285 0.03048649735873101
1023 0.1954385145753227 0.0365318874343159 0.02166121467226235
1024 -0.0227644501453922 -0.005111945623080648 0.1986344577899933
1025 0.07470596825099511 0.1478800278747109 -0.1120290840070383
1026 0.1599758321655444 -0.1200295486963929 -0.0008003515988786195
1027 0.1162480621497132 -0.1340602488812917 0.09227262712377138
1028 -0.08042664259724849 -0.1795385181361473 -0.03602048953041546
1029 -0.05013083135401449 0.1908611108058083 -0.03254129883284209
1030 -0.01305061444798311 0.1824191361061057 -0.08095023313636712
1031 0.1360020047036355 0.1025577297476905 0.104811100488412
1032 -0.02069596431302816 0.1873751908421837 0.06679981226028331
1033 -0.1005504491445257 0.1728171557345634 0.004882403163383533
1034 -0.03537368179043694 0.02221420621647638 -0.195589446746906
1035 0.1722963930111438 0.03991119181685903 -0.09338656071998459
1036 0.1030736512921828 -0.0174352626104201 0.170504645177201
1037 -0.02235173361378604 -0.110935388466776 -0.1649052442773845
1038 -0.1809290739462285 0.03484489238649014 0.07778498361209636
1039 -0.1158189531171769 0.148965407391713 -0.06629688906322964
1040 0.1532657293551029 0.06111632158332046 -0.1130239418945053
1041 0.01837013243918174 -0.1613414265445845 0.1167539391829046
1042 0.0916785971077836 0.1737329867946061 0.0375750466636296
1043 0.00610454466732096 0.04600096894688724 0.19454214296741
1044 0.03331414152348593 0.05791011369947916 0.1885115028476155
1045 0.06130742278298087 -0.1371407629006409 -0.1320371578864792
1046 -0.06664747418745157 0.08421643386847323 0.1687178308623901
1047 0.1902965171603167 0.01645869711419261 -0.05929879295530867
1048 0.0960179625796027 -0.1466027401650353 0.09637524286955217
1049 -0.1941606660581207 -0.01167919911609712 -0.04653205415488889
1050 0.1476504291219231 -0.05972559671019866 -0.12096364692635
1051 -0.02712461971707883 0.1921875063464399 -0.04825160525351466
1052 0.1575536186371422 -0.0842618353054734 0.08987102072022574
1053 -0.07400510979484361 -0.165807023221265 0.08385269688421502
1054 -0.05723194276780829 -0.1066878253778338 -0.1591923762093247
1055 0.198491715730056 0.01836743754683865 -0.01623810409196934
1056 -0.1829550674392952 -0.0492259472324218 0.06406441615556774
1057 0.1985469333213604 0.01774282199614119 0.01625753783008166
1058 0.1695908180459487 -0.1051358431716797 0.01361649422890748
1059 -0.1681607378350192 0.1052039608453311 0.02557523945608335
1060 0.1417810152240131 -0.1016154785672014 0.097838838083896
1061 -0.1175507978322849 -0.06321484329009318 0.1489486271061343
1062 -0.124873917342234 -0.1486758493136913 0.04797912669544374
1063 -0.1672450401993159 -0.07676290020164857 -0.07833615819888644
1064 0.1640259836984943 0.1099531410349873 0.03171408911322344
1065 -0.1671616900763206 -0.06558392274645664 0.08806655692154065
1066 0.1895707740682042 -0.03884885995829263 -0.05053402516248676
1067 0.04720705764451794 -0.193134878575011 -0.02168899228555625
1068 0.1509764078409521 0.09528867772952965 0.09014539462446396
1069 0.008658832259561504 0.08355513082958693 -0.1815036218259883
1070 0.02173599774888094 -0.1053111231365122 0.1686330742932329
1071 0.09652193423508056 0.03764186858133864 -0.1710748547894284
1072 -0.103918874477967 -0.09436870617457636 0.1424619767593059
1073 0.08435359066139021 0.1537830773720075 -0.09610013973208245
1074 -0.09965883014619847 -0.1704056347746647 -0.03209419279144995
1075 0.1748237276946304 -0.03756807999868824 0.08958405885070114
1076 -0.1904648478000093 0.05816339189977219 0.01844347026003564
1077 -0.1428293937127476 0.1228330848932788 -0.06716991549235045
1078 0.04807406284092369 0.0370653898724438 0.190565058065666
1079 0.1953681106823474 -0.03904434834424288 -0.01751685447743016
1080 -0.04360282376903587 -0.09820068609912652 0.168687340986297
1081 -0.004674198797028908 0.1981326702964279 0.02686255436128272
1082 -0.05600652129884653 0.02098498585692215 0.1908478449985397
1083 0.0444079960666315 0.1872745331347025 0.05437075615186224
1084 -0.09615592697036329 0.0365545294561753 -0.1715161919024201
1085 -0.01963458078582961 -0.09876603857826616 0.1727997478612778
1086 0.02534119928359576 -0.1805888007585934 0.08213104564926799
1087 0.08766493056362393 -0.1607095175963164 0.08054384460177122
1088 0.01566502173262473 -0.1989212384872875 -0.01359955781634366
1089 -0.09685164253081927 -0.01721612476363434 -0.1741360513713498
1090 -0.1752660981436953 -0.03655473515813607 -0.08913779321367066
1091 -0.0432673266896845 -0.09909653797995067 -0.168249263301556
1092 0.04794877134791425 -0.03648496434557139 0.1907085805697474
1093 0.07517672870804785 0.179563195754959 0.04588592584903198
1094 0.09051660188681354 0.1272819720327557 0.12492415450311
1095 -0.1508743010238531 -0.1157252321565024 -0.06200496700174418
1096 0.141080027992313 -0.01388709485160295 0.1410800279921675
1097 -0.02408568186959217 -0.167688676619184 0.1063032815231192
1098 -0.03312052053034167 -0.1862190830180833 -0.0650037248140706
1099 -0.110721568072859 -0.1538948187199551 0.06369551895258715
1100 0.1599828353621834 -0.06728708345765956 0.09938783018679145
1101 -0.08280427636229984 0.1820434946421805 -0.001902071128608587
1102 -0.05181177880762668 -0.1550684765729908 -0.1151924787046505
1103 0.0238004983321708 -0.03180815045924357 0.1960147388425229
1104 -0.1779123375891212 0.08888035184811509 0.02115379845157472
1105 0.03633042264536997 0.154225410221416 0.1220435300720393
1106 0.1953004180695625 -0.03549657655923084 0.02444871682581288
1107 -0.1880399964656415 -0.01994901531203416 -0.06513828764468536
1108 0.0797990732031377 -0.1708722498863037 0.06659415991446141
1109 -0.006146564718332632 0.02431232192986486 0.1984215984829826
1110 -0.1312508909535867 0.1384926837644706 -0.05994147285147428
1111 0.1586242486164812 0.1094530199825262 0.05346385851733369
1112 -0.09589957391074073 0.1733146846181979 0.02766390824581696
1113 0.179348167428197 -0.08823693312234802 0.006962648440766397
1114 -0.1863506545090751 0.01869725929985934 0.07017012226520024
1115 0.03058979495622573 0.01466121475589091 -0.1971022912764276
1116 0.04507420705875538 0.01448452052626649 -0.1943155025291307
1117 0.1019499018026133 -0.09629704747380627 -0.1425941659755581
1118 -0.1600680474908931 0.02826180086200262 -0.1165310721845882
1119 0.02130700061365896 0.06399106000791124 -0.1882847735848904
1120 -0.04278791035801952 0.06667230079923245 0.1836409514060814
1121 0.1192003238763878 0.1150200456307458 0.1120788646037486
1122 0.1769988408569759 -0.05684544842325421 -0.07375639178299113
1123 -0.1099399682349942 -0.1599859482974467 -0.04814249403443057
1124 -0.1208225566472952 -7.40755349963465e-05 -0.1593797487701191
1125 -0.1089740552845255 0.167194414591636 -0.01306457057102622
1126 0.0922163533690076 -0.03376535534736745 0.1742298623933002
1127 -0.05502462110212112 -0.1658632386020105 0.09727115272793141
1128 0.1958594837199893 0.033219744569854 -0.02314111509095636
1129 -0.1699868954739615 0.07389616190910175 -0.07512531279288166
1130 0.00661241104804524 -0.03832968609796192 0.1961813222092343
1131 0.04662919999998059 -0.01804765102061237 4.163336342344337e-17
1132 0.04662920000000026 0.01804765102056154 4.163336342344337e-17
1133 -0.00537970169720057 -0.04970974562044286 0.03095319590083241
1134 -0.00599726156138154 0.04963902551183268 0.03235254819082992
1135 -0.04427280128266687 0.02323615860217628 0.03232564489840413
1136 -0.04470031401748098 -0.0224027214136719 0.02690978734531568
1137 -0.0305291717017182 -0.03959759683626027 -0.02930223843268623
1138 -0.02840323733655779 0.04114919329468283 -0.03232564489846877
1139 -0.05 6.123031769111886e-18 -0.03232564489846876
1140 0.01773024435212679 0.04675081213427074 -0.03232564489846878
1141 0.01773024435212678 -0.04675081213427074 -0.0323256448984688
1142 0.03742553740855506 0.03315613291203975 0.03232564489846877
1143 0.03742553740855504 -0.03315613291203977 0.03232564489846879
1144 0.04662920000000299 0.01804765102055448 -0.02119999999999996
1145 0.03620556780754899 0.03448415374825041 -0.01060000000000677
1146 0.04667485507507946 -0.01792924715988739 -0.01855189942037919
1147 0.03634672772830046 -0.03433533724087758 -0.01152879792962569
1148 0.01786239805809189 0.04670047896557674 0.03243683898418752
1149 0.006269857469377102 0.0496053312388265 0.01186614207831867
1150 -0.01743957556076165 0.04686001711758635 0.01180696330887678
1151 -0.005475365388902115 0.04969929953085871 -0.008876243779164433
1152 -0.02840323733667253 0.04114919329460363 0.03232564489846902
1153 -0.005634455713100799 0.0496815147596881 -0.0325413356036288
1154 -0.03742566770643066 0.03315598583555967 0.01178353830064693
1155 -0.04838402906320201 0.01260895442180769 0.01193785701026792
1156 -0.04427280128280869 0.02323615860190606 -0.009023065304706146
1157 -0.05 -1.185656959981976e-13 0.03232564489846211
1158 -0.02832668294221573 0.04120192997289307 -0.008596390967777673
1159 -0.04427280128266049 0.02323615860218843 -0.03272348175712791
1160 -0.0499976564849049 0.0004840929842992684 -0.008758683344526529
1161 -0.0457651796057714 -0.02013823069813944 -0.01696913251311936
1162 -0.04591328816937217 -0.01979823147344707 0.002023172931380574
1163 -0.03396804663895026 -0.03669021405680404 -0.007656970698370791
1164 -0.01388749342432807 -0.04803267144755999 -0.01272161771390599
1165 -0.01932985585431132 -0.04611243511951572 0.008842456735466464
1166 0.003366845723275352 -0.04988651470964536 0.002464720805425008
1167 0.0179179773275482 -0.04667918260305625 0.02342431742422477
1168 0.02805612610215256 0.04138663779700055 0.01103131837776856
1169 -0.02828643385846313 -0.04122957263386065 0.03087486625339995
1170 0.0364651674253979 -0.03420952447254565 -0.03313771129206983
1171 0.03644844897277648 0.03422733655251178 -0.03313136646503945
1172 0.01738769056915306 0.04687929411447431 -0.008138327123401325
1173 0.04665765053571415 0.0179739713610313 0.02120000000000004
1174 0.0466576505357142 -0.01797397136103116 0.02120000000000002
1175 0.03686683845668028 -0.03377626714438765 0.0109593394933431
1176 -0.006026834012766179 -0.0496354437049027 -0.03486050361419418
1177 0.01881777446133449 -0.04632376673288073 -0.01130318912125675
1178 -0.03587439233047989 -0.03482855114584592 0.0126268118344332
1179 -0.04427280128266051 -0.0232361586021884 -0.03866678372870737
1180 0.02272065211640895 -0.04453955508764229 0.005326355450907351
1181 0.04748805459589597 0.01564879134940469 0.03806125035003437
1182 0.04739762085845063 -0.01592060102378569 0.03655511301549068
1183 -0.04967531959212351 -0.005688815643030715 0.0146550796454657
1184 0.04736576895742156 -0.01601511570586238 -0.03589780047829812
1185 0.0475023640957625 0.01560530055185143 -0.03807378269179348
1186 0.003505795802728789 -0.0498769425264778 -0.01968907590189305
1187 0.04032869282986175 0.02955666650071787 0.01103389934505576
1188 0.01774543196372795 -0.04674504941082748 0.04067441476316735
1189 -0.01747723487822709 0.04684598447051019 -0.02062650334899628
1190 -0.002336987538468692 -0.02701851804992427 0.05300000000000001
1191 -0.003353540948954424 0.02761889453589177 0.05300000000000001
1192 0.02701329700547075 -0.006658179719356553 0.05300000000000001
1193 -0.02931109317879187 0.0004085696574998076 0.05300000000000001
1194 0.02082487620703704 0.01844923042412907 0.05300000000000001
1195 -0.02050111071788974 0.02970098646467797 0.05300000000000001
1196 -0.01454048210282534 0.01227011128883591 0.05300000000000001
1197 -0.008632207072388542 -0.007647468141658268 0.05300000000000001
1198 0.005113444831304413 0.005076607614057684 0.05300000000000001
1199 -0.0242737284015016 -0.01899664839567351 0.05300000000000001
1200 0.009079060270429914 -0.01249433333672795 0.05300000000000001
1201 0.01874304039490272 -0.02669863778463046 0.05300000000000001
1202 0.03552774362379207 0.008756802326740235 0.05300000000000001
1203 -0.03195556866043326 0.01677157622975533 0.05300000000000001
1204 0.01297535165185164 0.03421319048990159 0.05300000000000001
1205 -0.002336987538468692 -0.02701851804992427 -0.05300000000000001
1206 -0.003353540948954424 0.02761889453589177 -0.05300000000000001
1207 0.02701329700547075 -0.006658179719356553 -0.05300000000000001
1208 -0.02931109317879187 0.0004085696574998076 -0.05300000000000001
1209 0.02082487620703704 0.01844923042412907 -0.05300000000000001
1210 -0.02050111071788974 0.02970098646467797 -0.05300000000000001
1211 -0.01454048210282534 0.01227011128883591 -0.05300000000000001
1212 -0.008632207072388542 -0.007647468141658268 -0.05300000000000001
1213 0.005113444831304413 0.005076607614057684 -0.05300000000000001
1214 -0.0242737284015016 -0.01899664839567351 -0.05300000000000001
1215 0.009079060270429914 -0.01249433333672795 -0.05300000000000001
1216 0.01874304039490272 -0.02669863778463046 -0.05300000000000001
1217 0.03552774362379207 0.008756802326740235 -0.05300000000000001
1218 -0.03195556866043326 0.01677157622975533 -0.05300000000000001
1219 0.01297535165185164 0.03421319048990159 -0.05300000000000001
1220 0.03282019193292487 -0.03364275555726632 0.02822959308267656
1221 0.01204764561394414 -0.04542966250326776 0.02882909632962729
1222 -0.03323953534928292 -0.0332285011663748 0.02872104511464936
1223 -0.01217348098484792 -0.04539610512710916 0.02872027694756712
1224 -0.04542283320301941 -0.01207336837053678 0.02864987867466254
1225 -0.01215695846511962 0.04540053260565736 0.02872104511464936
1226 0.01225557288337759 0.0453740116509464 0.02864987867466253
1227 -0.03323354775474636 0.03323448967011519 0.02873192244509262
1228 -0.04539762347564015 0.01216781750208338 0.02884692434780972
1229 0.03283458653016139 0.03362870689445766 0.02823765499834439
1230 0.04371644878649234 -0.01725897173930105 0.02937466250077866
1231 0.04345373940454574 0.01791012372268346 0.02523576224834016
1232 0.04558409415499921 0.01144946985969951 0.0393450177559334
1233 0.02245053232964487 -0.008882801003688542 0.05
1234 -0.02349999999999994 0.006296806022131258 0.05
1235 -0.007449201505532594 -0.02780079849446726 0.05
1236 -0.004585942426990602 0.02382925585240039 0.05
1237 -0.02307228410121482 0.02358231396310002 0.05
1238 0.0004943644819315016 0.001057476309962876 0.05
1239 0.02159369139374238 0.0133678541894239 0.05
1240 0.006350324054447092 -0.01614112909435945 0.05
1241 -0.01489840301106558 -0.008601596988934462 0.05
1242 0.02032112947017908 -0.02426574421297013 0.05
1243 0.00854445040381884 -0.03118217315593307 0.05
1244 -0.02163769962361655 -0.02515139736531772 0.05
1245 0.02245053232964487 -0.008882801003688542 0.0075
1246 -0.02349999999999994 0.006296806022131258 0.0075
1247 -0.007449201505532594 -0.02780079849446726 0.0075
1248 -0.004585942426990602 0.02382925585240039 0.0075
1249 -0.02307228410121482 0.02358231396310002 0.0075
1250 0.0004943644819315016 0.001057476309962876 0.0075
1251 0.02159369139374238 0.0133678541894239 0.0075
1252 0.006350324054447092 -0.01614112909435945 0.0075
1253 -0.01489840301106558 -0.008601596988934462 0.0075
1254 0.02032112947017908 -0.02426574421297013 0.0075
1255 0.00854445040381884 -0.03118217315593307 0.0075
1256 -0.02163769962361655 -0.02515139736531772 0.0075
1257 -0.04539851383558627 0.01216449511981827 1.605775085646195e-05
1258 -0.03323401871576779 0.03323401871576768 1.605775085646369e-05
1259 -0.03323401871576744 -0.03323401871576803 1.605775085645848e-05
1260 -0.04539851383558613 -0.01216449511981878 1.605775085646369e-05
1261 0.04539851383558621 0.01216449511981849 4.671060328148482e-05
1262 0.0332272553159739 0.03324078073943337 0
1263 -0.01216449511981852 0.0453985138355862 1.605775085646022e-05
1264 0.01215525683194824 0.04540098821996472 0
1265 -0.01216449511981807 -0.04539851383558632 -1.605775085646022e-05
1266 0.03323401871576787 -0.0332340187157676 1.605775085646022e-05
1267 0.04540098821996472 -0.01215525683194823 0
1268 0.01216449511981878 -0.04539851383558613 1.605775085646195e-05
1269 0.02245053232964487 -0.008882801003688542 -0.0075
1270 -0.02349999999999994 0.006296806022131258 -0.0075
1271 -0.007449201505532594 -0.02780079849446726 -0.0075
1272 -0.004585942426990602 0.02382925585240039 -0.0075
1273 -0.02307228410121482 0.02358231396310002 -0.0075
1274 0.0004943644819315016 0.001057476309962876 -0.0075
1275 0.02159369139374238 0.0133678541894239 -0.0075
1276 0.006350324054447092 -0.01614112909435945 -0.0075
1277 -0.01489840301106558 -0.008601596988934462 -0.0075
1278 0.02032112947017908 -0.02426574421297013 -0.0075
1279 0.00854445040381884 -0.03118217315593307 -0.0075
1280 -0.02163769962361655 -0.02515139736531772 -0.0075
1281 0.0328201919329249 -0.03364275555726629 -0.02927040691732344
1282 0.01204764561394414 -0.04542966250326776 -0.02867090367037271
1283 -0.03323953534928292 -0.0332285011663748 -0.02877895488535064
1284 -0.01217348098484792 -0.04539610512710916 -0.02877972305243288
1285 -0.04542283320301941 -0.01207336837053678 -0.02885012132533746
1286 0.0328279881349347 0.03363514820857173 -0.02922811422925963
1287 0.01216449511981847 0.04539851383558621 -0.02850857126568715
1288 -0.01216449511981846 0.04539851383558621 -0.02884472395649009
1289 -0.03323390251318115 0.03323413491794802 -0.02877279607795948
1290 -0.04539762775490892 0.01216780153629747 -0.0286532483595118
1291 0.04371644878649234 -0.01725897173930105 -0.02812533749922134
1292 0.04345373940454574 0.01791012372268345 -0.03226423775165985
1293 0.04558409415499921 0.01144946985969951 -0.01815498224406661
1294 0.02245053232964487 -0.008882801003688542 -0.05
1295 -0.02349999999999994 0.006296806022131258 -0.05
1296 -0.007449201505532594 -0.02780079849446726 -0.05
1297 -0.004585942426990602 0.02382925585240039 -0.05
1298 -0.02307228410121482 0.02358231396310002 -0.05
1299 0.0004943644819315016 0.001057476309962876 -0.05
1300 0.02159369139374238 0.0133678541894239 -0.05
1301 0.006350324054447092 -0.01614112909435945 -0.05
1302 -0.01489840301106558 -0.008601596988934462 -0.05
1303 0.02032112947017908 -0.02426574421297013 -0.05
1304 0.00854445040381884 -0.03118217315593307 -0.05
1305 -0.02163769962361655 -0.02515139736531772 -0.05
1306 0.001599821806666656 -0.02451467019221268 0.02875
1307 -0.01883186843618819 0.01482934259843015 0.02875
1308 0.01214844723629439 -0.002419510463960289 0.02875
1309 0.001599821806666656 -0.02451467019221268 -0.02875
1310 -0.01883174117325198 0.01482933944941184 -0.02875
1311 0.01214844723629439 -0.002419510463960287 -0.02875
1312 -0.02197031450816288 0.01946400020926473 -0.1245761587883657
1313 -0.02197031450816281 0.01946400020926476 0.1244641559866436
1314 -0.04498266816006157 0.1159874995774447 -0.004407722599888253
1315 0.1218707995792451 0.01953685107383136 0.02120000000000003
1316 0.1137341513977488 -0.05211148237290895 -0.0003370372445709498
1317 -0.1085048604338238 0.05987967262010835 0.01823921375659342
1318 -0.09634518547763254 -0.07917603658899657 0.0006968843168113619
1319 0.05132816449215573 0.1127087321568814 0.0228489852014709
1320 0.02513178818980362 -0.1215854849794004 -0.01989766049519714
1321 -0.1243738495134058 -0.009705365925888897 -0.005292752484387903
1322 0.06958901867706277 -0.09971514455182512 0.03487468027468046
1323 0.1043607072263913 0.06207265543517777 -0.0360729567171279
1324 0.04714582674873204 0.01162040262790331 0.1215833926016976
1325 -0.03679841673401171 -0.1188721226215465 0.02144871517074847
1326 0.04714582674873204 0.01162040262790331 -0.1215879880688138
1327 -0.08955764490269984 0.08076621762617772 -0.04678296397199784
1328 -0.06582367091368282 0.09660867026800588 0.05903795647547824
1329 0.07998631575774826 -0.0890906723924714 -0.04995644588906387
1330 0.01747214756265713 0.1199528287280282 -0.04063170311490623
1331 0.1198884577875495 -0.004505387451258852 -0.05135834949314035
1332 -0.1165289743358639 0.006703643532869924 0.06089449720605004
1333 0.08507678305309846 0.07537145280891802 0.06860359509241799
1334 -0.1068114962927355 -0.04796121664631824 -0.0597336135494806
1335 0.005760080340711638 -0.04442065876518733 0.1224759825051786
1336 0.1039265570279728 -0.05117057491661666 0.06609585707536894
1337 -0.007768901622159893 0.1255501214306137 0.04884263241288753
1338 -0.05254448028482619 -0.1083213741814433 -0.04696293902370351
1339 -0.1075825739603278 0.0258967284906394 -0.07753331909046741
1340 0.006027282931961109 -0.04493756115412734 -0.1227773778540001
1341 -0.08480819746405635 -0.08228445421752267 0.06549750499659152
1342 0.1060431220380579 0.01116611612867711 0.08340391662424404
1343 0.06387957677681992 0.08911974516346902 -0.07974065068501038
1344 -0.03639253432919706 0.1051192103758927 -0.07687811523124806
1345 0.01836553116286475 0.0697946196701463 0.1139301358772394
1346 0.009750375975800103 0.07490679630797706 -0.1127318050348533
1347 0.01963305822093902 -0.1094972870957579 0.07641349369909424
1348 -0.07861041996033802 0.04125793112392114 0.1021740844002485
1349 -0.07059174309337313 -0.02236252283547108 0.1133559080291474
1350 -0.06785350990108278 -0.0356122692058842 -0.1111907943449646
1351 0.003638603405426175 -0.10893825149873 -0.0802617026029591
1352 0.06673876215419543 -0.04563503484957057 0.1141008774406124
1353 0.06455937562299535 -0.05719461595186159 -0.1023025247928291
1354 -0.03359934943378755 -0.08779702669756115 0.1008133515268327
1355 -0.06518345589762925 0.05963890970874154 -0.1068492332736056
1356 0.0960086942152181 0.03729812202617901 -0.09264904572572197
1357 0.1164932301109483 0.07793408101502719 0.01910634359000691
1358 0.07858830476530579 0.1141231233813845 -0.02891566505117718
1359 0.03939907096894586 0.1115991957263775 0.07962403670404622
1360 -0.1272624147720415 -0.04761009667234925 0.04003945837278326
1361 -0.03690724669661108 -0.08349731357730349 -0.1112365875094183
1362 -0.1338011854125102 0.04113506472751965 -0.0292730315222739
1363 -0.03824504604034543 0.08290288798509879 0.1086015423121452
1364 -0.09811741410603927 0.1086574036793142 -0.001691719863898832
1365 0.1044113112418758 -0.1043212892369817 -0.005152275271298259
1366 0.123777498199297 -0.05807960585224907 -0.05278579118147572
1367 0.07548047690331135 -0.09120893470520686 0.08740227628413708
1368 0.01338084279023631 -0.1406494135459846 0.03089534263134974
1369 -0.002207729839148032 0.1471717164640899 0.0005863246797925686
1370 -0.1099750052402421 0.06960673886656779 0.07027764194307051
1371 0.1017870315048007 -0.01665294320796874 -0.1019000435500833
1372 -0.1389917758306084 -0.008005587269593576 -0.05469734437546062
1373 0.1474846096416537 -0.01390482087939795 -0.008708331490942148
1374 -0.02758417828096667 0.1417160597133366 -0.04376316046897937
1375 0.06980989317976662 0.0588341398576927 0.1161981068266663
1376 0.05837196426116799 0.06225033218215804 -0.1230910896690579
1377 -0.1373579238897975 -0.05684674153264938 -0.01984936155007188
1378 0.1385614915114089 -0.01549524403111055 0.05441151674832589
1379 0.09337761143346326 -0.01749185950882751 0.02671675210489838
1380 -0.08296059274516998 -0.08785046479436556 -0.08528941173213338
1381 -0.06594611567659273 0.07185439386517926 -0.002634253604125255
1382 0.1445036495065501 0.03500995913925094 -0.02133642754873307
1383 -0.0225062300212399 -0.1444098236081945 -0.02261092926275079
1384 -0.0005811560293232307 0.09839084720477997 0.008209599083930867
1385 0.0496569991041125 -0.1270756868114483 -0.06372230323060428
1386 -0.05308557248912894 0.1380611880919661 0.03777812735525864
1387 0.0671201174890905 -0.1356641049776524 0.001437973247428048
1388 0.0940910163845487 0.01669846435836258 -0.01738999440659053
1389 0.06854284169341092 -0.0707905584977282 -0.004789690571708465
1390 0.1279263938261504 0.05027723259472886 0.0605563882047155
1391 -0.03566163588615029 -0.1279216932049042 0.07077673299282659
1392 -0.07334477156426444 0.0130831137684381 -0.1282924674121807
1393 -0.08133454257724887 -0.1272133419070512 -0.0004890634379996926
1394 -0.1137466570337928 -0.03676974064045883 0.08876677209058667
1395 0.08370725196764522 0.0455595853812244 0.03179080870884089
1396 -0.03029076412101332 0.0872801347476071 -0.03592029636608975
1397 0.1222508906758902 -0.08408020709154543 0.03532015022019235
1398 0.009353185047581968 -0.004138840899997128 0.09900552427084117
1399 -0.1459096321540563 0.02586973036012699 0.02403265813575017
1400 0.01144804529055313 -0.004854324937962739 0.1512141249918462
1401 0.02388405012562055 0.1174333491665467 -0.09027957237925228
1402 0.03554162859672984 -0.08536440966423624 0.1180261577093222
1403 -0.1137051440043167 -0.09231000061576623 -0.04226414614740779
1404 -0.03335767506651217 -0.02437880406908752 -0.1453653621243216
1405 -0.07345744361243425 0.1262271792934312 -0.04223538584246438
1406 0.02375332949956479 -0.0946054851925946 0.02024310887755083
1407 -0.1174371448231559 -0.01862007003486622 -0.09658370127380156
1408 0.009274328440091033 -0.004555685407389156 -0.09919736074363752
1409 -0.005781819772607884 0.1169662626793664 0.09659844616437561
1410 0.0115759992546348 -0.005135195720348438 -0.1512117884093733
1411 -0.01640629471582281 -0.09646468122200472 -0.01662061705509925
1412 -0.03275132642062602 -0.02381211839717819 0.1438939088694749
1413 0.04634711029042947 0.1452319295983731 -0.01196494834991786
1414 -0.09434766311803042 0.01529072029150846 0.02054397812871561
1415 -0.0880770436107807 0.0351301451231683 -0.02136507297776173
1416 -0.0892146418340178 -0.03442848936855632 0.01488047959349126
1417 0.04158624653558542 0.08708966663719825 -0.01606074962064303
1418 0.02103918999793084 0.0369029125309635 -0.09541761102312309
1419 0.04484672912817535 -0.101240514615878 -0.1042413589867013
1420 0.09518521567171329 0.1144038178445862 0.03998042830711088
1421 0.08571917898882372 -0.04072129430489763 -0.03452320086107596
1422 0.03409456272865172 -0.08661408914679657 -0.04838163221358526
1423 -0.02916112602286639 0.06414543696462248 -0.1363090911205004
1424 -0.05379650938248051 -0.07663735847744191 0.017237936058518
1425 0.09050332443247613 -0.006348468281515198 0.1241611462182521
1426 0.01915742004424187 0.04180392050256235 -0.1459591430497561
1427 -0.07691791962491595 -0.06990239981793972 0.1112043727678994
1428 -0.0658767211738536 0.0164968965087723 0.1393692906956753
1429 -0.1094827319017343 0.00619049286215804 0.1073692392579855
1430 -0.1069629665974373 0.1050301867970709 0.04243873661299358
1431 -0.1170686403036945 -0.09700321794362876 0.03673528886724602
1432 -0.08045966693997103 -0.1238754098737829 0.04566455138659285
1433 0.04862029168180019 -0.03231511043540947 -0.1394130737237312
1434 0.1344677674405785 0.03684815692661857 -0.06663482324933172
1435 0.010394683757176 0.04109104865678582 0.1489955008554593
1436 -0.03886753346664416 -0.1218374625543655 -0.08768855707742909
1437 -0.1320533613052426 0.08204218007094938 -0.01215454873051288
1438 0.03312017604433914 0.144108675820912 0.04928850313880792
1439 -0.03799924250767368 0.08685513865467615 0.0270934115976243
1440 -0.06967516041281388 -0.06548489132705325 -0.03603369172073148
1441 0.02211076038951845 0.03451939770695951 0.09310576998149103
1442 -0.07947995143647552 0.0460625420944096 0.04859098636078785
1443 -0.08048809880156843 0.09870430095452426 -0.0881061737631236
1444 0.05991855065753524 -0.1281643873484493 0.06784925237423894
1445 -0.09370753658401182 -0.005730505049610381 -0.04721883682924825
1446 0.1039286563633204 0.09834628521398768 -0.06217878256976826
1447 0.1491576853471311 -0.04336345910508586 0.02299660396265396
1448 -0.08245299256123469 0.08588786696616825 0.1016517249225169
1449 0.1191985319470485 0.09997337499698672 -0.0190269020968454
1450 -0.0333789780372882 -0.01005979684319962 0.09485877045481686
1451 0.02105180708214411 0.09036726862045469 0.04570254864383325
1452 -0.02074177963644887 0.08802641625477378 0.06732843240746479
1453 -0.1260053234122595 0.06454638514862046 -0.06608781034125356
1454 0.1021936490597842 -0.07732103759167611 -0.08749348293467266
1455 0.005889945532865317 -0.0904641189932238 -0.1253491448759185
1456 -0.04394470825064281 0.1283373218692305 0.07915352342667495
1457 0.07947618231340067 0.07180212563629219 -0.002195074110354068
1458 0.07433575864120219 -0.05527035823623991 0.03501214578309884
1459 0.109772486227199 0.05128304631944482 0.1002698693389847
1460 -0.0219703145081628 0.01946400020926476 -0.08804094201505139
1461 -0.02521258875904156 0.06176564746460941 -0.09218813828028891
1462 0.009549169101661091 -0.1456421586863043 -0.0547229261250151
1463 -0.0229422515587396 0.1025396901796394 -0.1177429157074468
1464 0.05057024048715954 -0.02304222029813505 0.1473354047178964
1465 -0.02996073892895935 0.02654289853549103 0.08883352464498367
1466 -0.07323874335766865 0.1434137552388557 0.003460329401962989
1467 0.1494166046096812 0.05141916592235773 0.01735043496007991
1468 0.0772103609905703 -0.02068634492405252 0.08061027735793509
1469 0.0005522799966289557 0.08968922260301507 -0.06428422960364091
1470 0.08658819357158402 -0.1279656665590553 -0.03512206968329529
1471 -0.02641765753511265 -0.03078278460243452 -0.09595882350550158
1472 -0.01452869474198201 -0.09234079580485743 0.0513100709809547
1473 -0.04337669425657147 0.05381238121695685 0.1406604295736356
1474 -0.1537795475465422 -0.01662371479003454 0.02565395023604968
1475 0.06307965123830049 0.06491453394290457 -0.04501775892264343
1476 -0.07364253242910936 1.382175154896956e-05 -0.08665024622476138
1477 0.1356051020887059 -0.08133044711044911 -0.02034970752247954
1478 -0.03504579531105042 -0.06690239404507621 0.1388733626638007
1479 -0.05413570224211854 0.06904146298041811 -0.06394983943649631
1480 0.1083527892117492 -0.04088666693222154 0.1070645505723144
1481 0.06737485749322487 0.02744211756041078 0.08808011790154813
1482 0.05365873530304217 0.1385293580860445 -0.05344078156385287
1483 0.04524820005417195 0.06800152066300497 0.0811763223181748
1484 -0.1584767825837033 0.006948367062857546 -0.02152346111312139
1485 0.06792384546331415 0.09859884483307807 0.1061425463106558
1486 0.08236173043337873 0.1365907439590499 0.007125303703770092
1487 0.01906032120633258 -0.06967648050729126 -0.08978925700938653
1488 -0.1401255733894505 0.04139782988361065 0.06261868767501869
1489 0.04456393555938787 -0.07901940969989571 0.06161297955307031
1490 0.03296801540829411 -0.036767281961032 0.09319892562160975
1491 0.0005410244826413307 -0.1091066897656486 0.1143309608369704
1492 0.05015364754517584 -0.1502455759251426 -0.03142308786241867
1493 0.1005059246007194 -0.1080548981829682 0.06004051213081652
1494 0.09927874211072611 0.07868948271031855 -0.09811741100519336
1495 0.06067005326857865 -0.01495382507967554 -0.09131530575004645
1496 0.08347394104516939 0.0298387630623899 -0.1319791088120007
1497 0.0535793634732139 0.0726459990000458 0.0290685885385252
1498 0.01265692183372944 -0.1584538193155669 -0.006287973721973482
1499 -0.08260830102868758 -0.03913609892119425 0.05797761942422452
1500 -0.05438141268544926 0.06169026095883638 0.07659898848267967
1501 -0.0792613234868613 4.085584825440705e-06 0.07894456978091532
1502 0.1508816616150343 -0.0293562416719859 -0.0456002421555287
1503 -0.1034490477973608 -0.05723381460557042 -0.1055249937725366
1504 0.004430450705855109 -0.07174401159681087 0.08958752472996351
1505 -0.08936069459129063 -0.1252916858568749 -0.04067437508863372
1506 -0.1017318875988358 0.0413429912438813 -0.1160300505694947
1507 0.08485280283510641 0.02091433751507074 -0.0569446315727045
1508 -0.1360678070927076 0.07813636987893427 0.04020169248283804
1509 0.05802908935044295 0.04864694896669747 -0.0822815353503336
1510 0.1518919762849889 0.02135694525613642 0.04730851446198291
1511 -0.02090692904982139 -0.06671751712053778 -0.1446666067784275
1512 -0.02177238523661386 -0.157377748520716 0.01672840433319913
1513 -0.06753958365845139 -0.1102898483063666 0.09130133808464844
1514 -0.1345333594694273 -0.09008797644187708 0.001726293357685309
1515 -0.03859832889735416 0.1533132746754294 -0.009117162313044014
1516 -0.06954006000008064 0.1074084340352691 0.02301049428853512
1517 0.1214119779102311 0.08953976399540697 0.05702191469661502
1518 -0.05266314933496094 -0.05976641804195178 -0.08101170229246744
1519 0.09638014320098255 -0.1267910939085366 0.0258722773226569
1520 -0.118256671465368 0.04431812902020568 0.09991219021754795
1521 0.05971984535628647 -0.1048358620891465 -0.02028503382765325
1522 0.04248888625034638 -0.07317248684479499 -0.1348141540188845
1523 -0.01104604736640548 0.1372929645592157 -0.0812254122134448
1524 -0.109953054789042 0.1130835852920413 -0.03963859326100112
1525 0.05007085616625719 0.1006708756470057 -0.1154980479358183
1526 -0.0455866216917122 -0.04910344843781669 0.09510324080473218
1527 0.08642104735773987 0.01201006735927065 0.05035892260098974
1528 0.0311846439322629 0.106913900505505 0.1179503163298107
1529 0.118291054805801 -0.09679879491019019 -0.0518320866846932
1530 0.1262407092185475 -0.04582964215854336 -0.09050745753481942
1531 0.00103358784988394 -0.1444757613488173 0.06905858424172076
1532 -0.1028081740358253 -0.03813873991830698 -0.02184998395544397
1533 0.1103745287378411 -0.01778303739111278 -0.01661576476579951
1534 -0.1238314575802401 -0.07255658016868984 0.07208158673259192
1535 0.03330998260976022 -0.058593013837155 0.1470122231756148
1536 0.141744227670316 0.07180598936662426 -0.03313935715292182
1537 -0.007935548106290047 0.05807279557884031 0.08842997190914062
1538 -0.01193531293466877 0.0789494728773977 0.1388642043641235
1539 0.08244170940717238 -0.01029496341336664 -0.1368390660493561
1540 0.09060974502617365 -0.04208880543582291 -0.07374859208768517
1541 0.0419092294899014 0.002965944614465893 0.08726354688307256
1542 0.0783396646479277 -0.1089143810303582 -0.08432903348763127
1543 0.01559155545103 0.1584216451920122 -0.03263866175735985
1544 0.07836927830473556 0.02794235927758352 0.13873603033123
1545 0.1338309113568411 0.003059229867418179 -0.08814211252423895
1546 0.1553592907104741 0.008461871222074702 -0.04640143950505744
1547 -0.1537220947384313 0.007084164360566053 0.05561458918140885
1548 0.1102616477902158 0.04712443782998542 -0.001870351902686328
1549 -0.1403051246528778 -0.0397375747683748 -0.07516601977599031
1550 -0.02872512317960937 -0.1478892077687256 -0.0607644313005006
1551 0.07743794247801158 0.11990805013355 0.07456792331527978
1552 -0.07247020400247312 -0.07252474066769686 -0.1251554523831438
1553 -0.06093367133279494 -0.1474502250049543 -0.02647155194124204
1554 0.05176079725651528 -0.1491131264153507 0.03531077142132573
1555 -0.07651756513497876 0.0381105642528283 -0.05809917341256042
1556 0.00564337423040647 0.08470091367132021 -0.02599854105503296
1557 0.1609728447867072 0.0157967036931013 0.01081394259494199
1558 -0.01348019507639657 0.1162666854598239 -0.02223193956732211
1559 -0.08336388906048862 0.1294855475595096 0.05777383328388876
1560 0.1418458024020027 -0.05359353392427223 0.0594608954404318
1561 -0.0281920803820959 -0.08840798826743031 -0.07029577946616333
1562 -0.1444189473967624 0.02930000056807481 -0.06496231753063314
1563 0.04237059851673488 0.0620907630786062 0.1432672650900029
1564 -0.1593507502141786 -0.02877994761587867 -0.03138363762511843
1565 0.10928201800389 -0.07603983999486513 0.09377408388701114
1566 -0.04638944170389983 -0.07525696709571415 0.06610151432992487
1567 -0.05979524159543376 -0.1495645261938032 0.02562941542000124
1568 -0.08712744562780431 -0.005960894022767166 -0.009744096877454962
1569 0.06903447892636137 0.1435294163944238 0.04082942613482341
1570 0.0804873380504211 0.01586089855058994 0.01438429008548047
1571 -0.1192701442492637 -0.07921801709350931 -0.07761206161941778
1572 0.03972032307833614 0.01914638254547665 0.1577208300149055
1573 -0.07486121599279641 -0.1236975369806689 -0.07573360654839141
1574 0.01840049926186392 -0.08357367161852136 -0.01483570583149576
1575 0.05788802498348012 -0.06201140104015052 -0.06510752268070596
1576 0.001620738066036506 -0.07921530494605229 0.1388540550478786
1577 0.04153233001117403 0.0151325545977873 -0.1577394342078174
1578 0.0776772534411178 -0.03631783299006756 0.0003166962415864137
1579 -0.02650629724962468 0.1605189401536722 0.02512761868052885
1580 -0.06530530337249819 -0.09550598000954712 -0.01345148212867146
1581 0.02985426879664328 0.07338444577405513 -0.08109827358090804
1582 -0.1539976052201052 -0.05249587798346687 0.0137921680030168
1583 -0.007250021007521048 -0.035758913311932 0.08877256578468323
1584 0.05155848603219387 -0.116261309768588 0.102898305591764
1585 -0.07344734897093252 -0.02046611733082583 -0.145027591904585
1586 -0.02829782076199091 0.009850039517409745 -0.1605790116737815
1587 -0.114383658645646 -0.1170001597458183 -0.01433994824252259
1588 0.06459663262188277 0.1250835166042151 -0.08547823928735027
1589 0.1332042934145474 -0.01482343142298229 0.09277664293552521
1590 -0.05280763559933518 0.1379933225567624 -0.0708911072254558
1591 -0.06124912139812436 0.04770447812872752 -0.1437230951390162
1592 -0.05958218005778306 0.09467545488325171 -0.1189695189063811
1593 -0.01639617750678285 0.01804289989197438 0.1615119364919637
1594 0.008026349925027905 0.144419391760339 0.07626775674662645
1595 -0.09910807683168063 -0.04328619381650473 0.1239359564403753
1596 -0.0915257226549438 0.06414901307670243 -0.0799785933153932
1597 0.06918637625066679 -0.05643960175091832 0.0770747763345595
1598 0.1546449851083511 -0.05015727398062998 -0.01318779213749502
1599 -0.154487691350514 0.0538862643402121 -0.000106527662972397
1600 -0.06287033812037172 0.09648572285945994 -0.02723870077932276
1601 0.1156773387973866 -0.043763479931963 0.03377866929212058
1602 -0.1455079709984108 -0.02851861890156838 0.06829700143506655
1603 -0.003778871708339397 -0.1251821825501119 0.002397316907120837
1604 -0.1152444358466817 -0.01340634619095372 0.03013529687950509
1605 0.07491204970030334 -0.08056406243267551 0.1227228250029258
1606 0.1019729156780812 -0.07180215011589873 -0.02772894199751891
1607 0.04048592826287508 0.09260194130223753 -0.05204480684612436
1608 0.1404214563850479 0.02341837635975115 0.0819257141027407
1609 -0.09916448316880624 0.06902716968592357 -0.01472692936810984
1610 0.004424471249067611 -0.03984879197332309 0.1596113603115829
1611 0.01787293022652979 0.1261682208979547 0.02195971028314027
1612 0.1470439710772444 -0.07636505369440216 0.01214409415049093
1613 0.01290360864627178 0.0868218966692953 0.08089600212993733
1614 0.09944847689809599 -0.05171698911246497 -0.1173785560398968
1615 0.0175956598685219 -0.04127960548051194 -0.158015709696496
1616 0.02912723068879855 -0.03411479663737731 -0.0892798649903024
1617 -0.08425861467415358 0.07823450730067966 0.03560756801960249
1618 -0.1290420997209183 0.1045762204850042 0.01487506047154584
1619 -0.09518028821010867 -0.06494163560564259 0.03467417389475599
1620 -0.05590396686574516 0.03129282827423578 -0.08676350363417375
1621 -0.01292907726652291 -0.1167030937509926 -0.04775839676736159
1622 0.01210549783823445 0.1093499695094097 -0.1235035780407062
1623 -0.07659732844493632 0.06424333085330927 0.1302520022058044
1624 0.02868818886915932 0.1614298675232616 0.0165839801415222
1625 0.07109085085628024 0.04274149053182356 -0.01941458309379594
1626 0.1269624740130318 -0.01458297459542847 0.01909291850680449
1627 -0.100306339323317 0.1050634678006863 0.07746746904699511
1628 -0.1384803713598023 0.01583622197392449 0.08809784359494871
1629 0.1202848873978244 0.113332419640822 0.01430253500344832
1630 0.03741222579810115 0.008880359185688967 -0.0865830674350757
1631 0.02109531665918355 0.1479412711467566 -0.06728798873764406
1632 -0.07157805545502574 0.04154699093304044 0.01451157094349813
1633 0.1134746682720568 0.01516101064499193 -0.1163868917391623
1634 -0.07461863821209516 -0.03251906256749613 -0.06918884948738942
1635 0.001867520568142367 0.07743007220850832 -0.1472277288964901
1636 -0.099082975266752 0.1323286616711786 0.02316115493651203
1637 0.1136591349448764 0.02001972804748177 0.1172167522016282
1638 -0.04403023978745281 -0.001648927441626393 -0.1063085504017085
1639 -0.1194253248849577 0.03093450483050919 0.001285153304314279
1640 -0.0702990050616442 -0.02343013935653331 0.1491424667826298
1641 0.05934235391934224 0.09739994014102757 0.05388527163987587
1642 -0.05796417426733662 0.01290341891407003 0.1052491987770784
1643 -0.01159462497315493 -0.1192911794611976 -0.1116490752815494
1644 0.09283318086729755 -0.08099985077099461 0.01751704653523187
1645 0.1043218070416403 -0.01617421317740117 0.05954435317665039
1646 -0.111938538474396 0.09690080220630028 -0.07136768389591629
1647 0.09386784394300593 0.04111080879866252 0.06903929689936569
1648 -0.03201967695723786 0.07481248135235527 -0.004236105745778004
1649 0.1267768382130108 0.07208602761249967 -0.07441763832836455
1650 -0.1117648735692 0.03549475731665902 0.04245481084233498
1651 -0.0204707621657885 0.1241890601570377 0.01747655334601746
1652 -0.02692483460534384 0.153242648228886 0.05977040038215603
1653 0.01181204953357217 0.02046750488806594 0.1221583554262487
1654 -0.09704092435833853 0.03010993688302985 0.1300815049864595
1655 -0.1087537394342073 0.005959396805414765 -0.1222932554170581
1656 0.08964266046858374 0.06220565006094942 -0.0682873308627614
1657 0.08242755848805333 -0.007238680848712757 -0.03829804112641255
1658 0.1006167487365306 0.08913649590339412 0.09706160758466845
1659 0.1441792012304883 0.08421093876331519 -0.000833222175608865
1660 -0.06070429257244571 0.05363979345588633 -0.03155636790348557
1661 0.02414511728018394 -0.1380211239511226 -0.08697658191635572
1662 -0.01772411785915872 -0.08165840810131139 0.0166334266036282
1663 -0.09508059731462321 0.07764233566139971 -0.1124543143476778
1664 -0.1418058371004867 -0.06731567797048325 -0.05323310297391556
1665 0.07781881635006319 -0.08810121464871168 -0.1164725444928414
1666 -0.05877439659287745 0.1118419134870949 0.1068988379710427
1667 -0.09773407280970843 0.03235855096768878 0.07467243035462415
1668 -0.04088962563112251 -0.07034267967275508 -0.01477548874263182
1669 0.03666261749154184 -0.1248733535132147 0.01186935432465713
1670 -0.135432254720075 0.0153866319708514 -0.09557859153398997
1671 0.03099051126854766 -0.01771269270563081 0.1206807658237503
1672 0.03950665850324382 -0.1135787693442071 0.0442691844876716
1673 -0.1022462128153579 -0.02903713249221787 -0.1266222443766813
1674 -0.1097338199357303 -0.1252007253782877 0.01863795626741131
1675 0.1628616211592631 -0.01260504419406489 0.03018854429738089
1676 -0.1172340328439901 -0.05286196099151885 0.007651362392498575
1677 -0.001010112810926882 -0.08349143002218321 -0.04567358742606983
1678 -0.09806896915984649 -0.09352987576068159 0.09604471640952793
1679 -0.1137684997480064 0.0137474319192252 -0.02747634627031748
1680 0.1160655977059431 0.03051574591639095 -0.03901655910430925
1681 0.06060829644203101 0.0526689300685803 0.05533865859027596
1682 0.09017907145170154 0.1039306488366119 0.001445778171319818
1683 -0.0372710908483876 0.128835716771255 -0.1013916820093764
1684 0.1255485216305001 0.01062129352441765 -0.01019002144591851
1685 -0.06319075059564962 -0.04939248227941762 0.001079301928771833
1686 -0.03109970768070979 -0.1229639017322563 0.1057301495024427
1687 0.08565523189624195 -0.07798467131966574 0.05712925543469158
1688 0.1205615815281138 0.01237763977781929 0.05358230451759223
1689 0.00299185625320323 0.1605475546577187 0.04357807837557386
1690 -0.008232830162966213 0.05023297462400522 0.1213481519139
1691 -0.10500206625434 -0.1105695266587493 0.06638279216260679
1692 0.08640547413157304 0.07930523266894647 0.03486544925927471
1693 -0.01543800896919581 -0.06380169693271759 -0.09175186961136922
1694 0.04535127099764023 -0.06758098375310892 0.02068259998214319
1695 0.02528930935088668 0.07726684543608357 0.0115959662828672
1696 -0.03763534019303291 0.1112163821870457 0.04955137081926766
1697 -0.01365955144581527 0.04229706177433969 -0.1597633688189912
1698 -0.07829735951866548 -0.1004093664549188 0.0207206441327715
1699 -0.1054826538552514 -0.1096006671972456 -0.07049917677325397
1700 -0.08481657647038611 -0.006893654807525594 0.04542455356573863
1701 0.1052907586438164 0.1304936076341127 -0.01669550189433527
1702 -0.04627092417496322 0.04979156746585495 0.1072028333790638
1703 -0.09692322964497292 0.1369734601478802 -0.01860239154773327
1704 0.03536312797788835 0.08149834506633796 -0.1401023926543377
1705 0.04544859741639362 -0.1611281930178632 -0.0001192440688842211
1706 0.01137772034953586 0.01952333405554755 -0.1222866122851018
1707 -0.05557382644943208 -0.09177607446937609 0.1269556721316783
1708 -0.05146988784480479 -0.1053741331261275 0.04977033619000776
1709 -0.02698630277511785 -0.1557083059828556 0.05131418342561895
1710 0.08097336485836311 -0.03619801945880773 0.1428402308976729
1711 -0.1449588660951032 -0.07930345311264349 0.03160117228622156
1712 -0.1469383195513617 0.07032798373331231 -0.04016722077610271
1713 -0.06363604056903502 -0.106829810379485 -0.1083831752760883
1714 0.02179285865197248 -0.1316645488376123 0.1014966504626082
1715 0.02811763195659707 0.117092068219872 -0.008810204068866588
1716 0.08684943552129659 0.128171346592355 -0.05931074452571259
1717 0.1255737266247345 -0.1119263060599592 0.01855250103812859
1718 0.09254197046065182 -0.008861895127211993 -0.07016731271498343
1719 -0.106068476611846 0.05276985287544211 -0.04236646594941891
1720 -0.09533348845948814 -0.003391216976329879 0.1370685969638472
1721 -0.05107953628547767 0.06187613907433587 0.04392681381893525
1722 -0.008647500023199447 -0.01060218432066626 0.1257904534623024
1723 -0.0004939054377144083 0.1086594861122409 0.1285749272250215
1724 -0.04398382307098516 0.1142199100475325 -0.04696509799269036
1725 -0.009408898871312927 -0.01144843065120723 -0.1260086780592969
1726 -0.006007461096706794 0.04608168056670254 -0.1137620674827275
1727 0.08018900260715014 0.009596008038822559 -0.104723067191567
1728 0.02667639154613199 0.1330825768646048 0.0998533082408566
1729 0.1252274881343948 -0.08795337872791904 0.06773192266475397
1730 0.0435905937204237 -0.0655003807415751 -0.02527076960230734
1731 0.1460876168051611 0.07205911702294661 0.04320271914912553
1732 -0.03885592386989475 -0.05080556118896355 -0.1205152978058046
1733 -0.06511822648804791 0.03097973860447986 0.0737465370142469
1734 0.07703346913559581 0.1465877834135368 -0.02376998025021652
1735 0.06032694166536035 -0.0143339840174331 0.1074664951371755
1736 0.1322654662222715 -0.05415154961512703 0.09065431350556555
1737 0.09844537433442194 -0.1359972615225001 -0.006225492626343185
1738 -0.06768199115217328 -0.05674106849327876 0.1414805737987562
1739 -0.01336909310492787 -0.1254774779896187 0.04486561955761167
1740 -0.0449563506417528 -0.1221898480494031 -0.01102349774027925
1741 0.1272217607941279 0.04783978011865755 -0.09717199306816976
1742 0.02040373161112664 0.08706874228682801 0.1417486200804887
1743 -0.08162853305381385 -0.09240851397204132 -0.05208169157718253
1744 0.1152538695812152 0.04878144852027953 0.03152520167532939
1745 -0.0152489901211244 0.1666358576632283 -0.02716853350806031
1746 0.05188172243774213 0.04672500044765233 -0.152277782427161
1747 0.07142311373475521 -0.05639131714086402 -0.135029999122724
1748 0.07904060598789585 -0.006723739220940532 -0.005640719950333812
1749 0.1482780703142684 -0.02476081939610449 -0.07809281547116301
1750 -0.01310260101683028 -0.1059305878720083 0.08174039091506374
1751 0.08077450462300848 0.1046522816477896 -0.1051418494569683
1752 -0.00868899751915472 0.08093615344931834 0.03852963577887744
1753 0.0416966198906598 0.04309357295395803 0.11723185207435
1754 -0.1264068592301608 0.04737836810892344 -0.09456676227489341
1755 0.02203701454939555 -0.1162319197576541 -0.05141887418560358
1756 -0.009163077322531977 -0.1427701470556817 -0.08766393084971133
1757 0.09153899535829874 0.06145100966052804 -0.125492370053496
1758 -0.08144244704581093 -0.04413606999934883 0.09077225019362437
1759 -0.06620860078814797 0.1540835807544728 -0.0266667308764511
1760 0.04264828212028939 -0.06764149441637293 0.09187121305590823
1761 -0.1681162174617156 0.007417054881763519 0.009381885278782594
1762 -0.01340242749204002 0.1155699611313926 -0.0535316632007639
1763 -0.1343375998486143 -0.0141773798689226 0.1007077901751281
1764 -0.1282967672081406 -0.03442991828203069 -0.04054484725517584
1765 0.06973422393149672 0.001588022589284639 0.1549430895397092
1766 -0.04924444455587228 -0.001401983138241028 0.1612171850434522
1767 0.03413979405227324 -0.1498584623050324 0.06424381605654786
1768 -0.1687157508541909 -0.0237568287572302 -0.001453173512646185
1769 0.1275900064941134 -0.04191202804355445 -0.02636991493170613
1770 0.05375694034810807 0.09071522246916472 0.1336022810981314
1771 0.01451052596675278 -0.07307998029486035 -0.1515435682993877
1772 -0.1493542904617386 0.08187912680687097 0.01298444202472362
1773 0.06032084389211131 0.1588143275669729 0.01332300619874092
1774 -0.08358971268660595 0.1275205226037537 -0.07318959808200085
1775 -0.1121915381526417 0.07527776714866197 0.1012620505738574
1776 -0.0597385553258098 -0.1458017729562451 0.05800691000385978
1777 -0.001362243433045755 0.09863431964665238 -0.09472923177079652
1778 -0.008949782288344647 -0.0248638301108445 -0.1666370699088508
1779 -0.1572738282843248 0.05507141033485747 0.03211113371520831
1780 -0.01828185983677728 0.05031494946174096 0.1607511496805953
1781 0.1271022587872346 0.07254879484478609 0.08363434467130818
1782 0.05264432205400084 0.1410178359814573 0.07517220971272864
1783 -0.06672042423066311 0.09735240557894438 -0.06012103570435376
1784 0.07585453116447545 -0.1066128871717555 0.005693560352890832
1785 -0.1421682782324475 -0.08778327333998509 -0.02898715742007408
1786 0.04986766648085823 0.06123482340459541 -6.678638397945684e-05
1787 -0.05899161552029616 -0.05114577060225435 -0.1479607113262396
1788 0.1316170774131842 -0.1115552235935744 -0.02905284542655315
1789 -0.06086337906228595 -0.1471725123791536 -0.05868378804074866
1790 0.05252432580480304 -0.09248230015276908 -0.07417721863606701
1791 -0.03977534711282388 0.04180901126280681 -0.1115619885252097
1792 -0.01167825072025229 0.002284058887851957 0.08008554705150082
1793 0.08045552276198135 -0.1343819956839021 -0.0655610805086306
1794 -0.02414782744238047 -0.09876699417770622 0.1333175729588748
1795 0.130961369700257 -0.07940062186352685 -0.07483186335783303
1796 0.07746568389245453 -0.02879556748371343 0.05073980014542652
1797 0.07976500849934166 -0.142064087547812 0.04778694543368775
1798 0.07546074640976545 0.09270692311970384 -0.05116589510352758
1799 -0.007009466379926808 0.08664033649288369 0.105451801887196
1800 -0.07471348271935707 -0.03367181752127386 -0.03698597145053748
1801 -0.0198958982287677 -0.06040992926068658 0.1110918331143125
1802 -0.1645805560815907 0.03629935150384178 -0.03004479049986557
1803 -0.04736750555304512 -0.08318997623368019 -0.1408440896608179
1804 -0.06595024857239101 -0.05134170444717487 0.03317578488589006
1805 -0.02939418495409171 0.1175861709765557 0.1181686608705593
1806 -0.004558372499213641 0.04301283527893047 -0.08053472544872839
1807 0.02723777731428714 -0.01352991876613685 -0.1243638492551593
1808 -0.04308934173980856 0.08570222362093027 0.1400048997527026
1809 -0.01448913503703302 -0.01346820709281664 0.168484557012904
1810 -0.1131930179856506 -0.0656208596124573 0.1044253781911812
1811 -0.1261498429088565 0.09472325927674409 0.06386739247163165
1812 0.153593604509438 -0.06064110333282164 -0.04289316830391606
1813 -0.1254841149594073 0.1155479293477846 -0.01342966139795337
1814 0.1680017552726177 0.01523474372227285 -0.01915686379883555
1815 -0.1590266294220467 -0.04232029245081047 0.04328664911580174
1816 0.08519428343239167 -0.1203980801922306 0.08394668068809516
1817 0.01527124896400909 -0.08021819471053646 0.04794472986564295
1818 0.06420973710467828 -0.06231423708897798 0.1455933293698647
1819 0.1307840995526168 0.09677732506282018 -0.04731444269204507
1820 -0.04769068816310874 -0.1615572717897482 -0.001227571630444568
1821 -0.04911319107607144 0.08129817350333701 -0.09183231429124807
1822 -0.1483150816536645 -0.01091491848217134 -0.0844619318678462
1823 -0.04582287343710265 0.09769001471583251 0.08255754632278581
1824 0.09709562631049545 0.05063205701942064 0.1286586845206441
1825 -0.09963341574153656 -0.06838670337430726 -0.0282685016314965
1826 -0.01951371567384408 0.1435731854278547 0.08981031169214004
1827 -0.119365676270653 0.08385321195268197 -0.04006397237361701
1828 -0.07287316627380476 0.1187275532615742 -0.01164835358622357
1829 0.1554201913802156 0.04798248541260168 -0.04702679287446402
1830 -0.1107982913703094 -0.02453495813293299 0.05957697843050316
1831 -0.02483522986797555 0.07421521084132901 -0.06215129019027375
1832 -0.01413833934750376 -0.008150348015283497 -0.0818403961631432
1833 -0.005180614864507136 0.1595680947673707 -0.05563169218172183
1834 0.1588005186936444 0.05940544458250339 -0.01036407689106118
1835 -0.07999451615807493 -0.0633567456759286 -0.06571397791722339
1836 0.09224964388373645 0.0874199858707336 -0.02477318332075866
1837 0.1043995113046837 0.001012729389335602 0.007237766934468953
1838 -0.008102942870565137 0.1282855034605905 -0.1105448517846143
1839 0.1190586743901935 -0.08064549791648636 0.004259384447161393
1840 0.05788217616882974 0.1110733841864197 -0.006823718461686397
1841 -0.0221184182740735 -0.1010490263611261 -0.1350312279939665
1842 -0.0807520646774562 0.0713287898516777 0.06443610352601638
1843 -0.1635354537772832 0.009777274061125446 -0.05144965230107717
1844 0.07778158962132233 -0.1524049542297618 -0.0206838384725621
1845 0.09606614636182714 -0.05901025544463914 0.1287086311286261
1846 0.02016284124320432 0.1181336964234296 0.05737118197493327
1847 -0.07861046680495339 0.1239673975615352 0.08729767910277551
1848 0.07623327543360622 -0.03043636430417737 -0.1136630920012636
1849 0.03632273288193262 -0.0489710251764596 -0.1159039865599438
1850 -0.07818521323420276 0.1507086770299244 0.03099675165034915
1851 0.1067097866928196 0.113843720248134 0.06826785306329831
1852 0.1115228812290281 0.01691028966366514 -0.07193714657901126
1853 0.05619144571315471 -0.1286522861892891 -0.0942846767885661
1854 -0.05916084574589409 -0.02350141168676495 0.08340932081516621
1855 0.1192601875628278 -0.01547339472605417 0.1198656165987795
1856 0.112858059935192 0.1207668967691322 -0.04417014643905923
1857 0.02094110760467722 -0.120975362036302 -0.1147264853544143
1858 -0.04559147987380177 0.02989933201706454 0.1610663122220702
1859 -0.1049927797578462 0.08868379938206797 0.01820295837369488
1860 -0.04292690430111326 -0.07883257867084635 -0.04463013516391053
1861 0.02312696979726045 -0.165317950082905 -0.03478701956158236
1862 0.03825320501383202 -0.1548870307203403 -0.05903355808101969
1863 0.03792144385393494 -0.05325594788107495 0.1178137365018986
1864 0.02962166718052752 0.05300332933855932 -0.1197193214336987
1865 0.04446036793278245 -0.08793955255413997 -0.001059184318705123
1866 0.1176270842928709 -0.03124263010816548 -0.06540252847200406
1867 -0.1397758888140557 0.06958213918162261 0.07255968432853849
1868 -0.02541197800952644 -0.04817423017880897 0.1616826191450723
1869 0.05570549267192589 0.125470421722687 0.1006714269682128
1870 0.06523595592170019 0.01921255833583001 -0.08008408550352826
1871 0.07188576744525332 0.05644574643151182 0.1463569669665037
1872 0.005265285367110151 0.0160308381409218 -0.0795605573170968
1873 -0.000373276800707277 -0.03887740716135635 -0.08145519952443493
1874 -0.05618377593787752 -0.09944519468777623 -0.07603322644097266
1875 0.06309769721884415 0.03502552891436946 -0.1094529705167654
1876 0.1044864116294774 -0.1163803644925939 -0.07062521831578501
1877 -0.05605357663584225 0.0763526393049769 -0.1427504931573495
1878 -0.04542578150602138 0.003967497268812587 -0.1361568552629941
1879 -0.003309532843902924 0.02268364575235263 0.09811995233548415
1880 -0.1180005031268435 0.07638078432259414 -0.09275184496467373
1881 -0.04395029500448382 -0.000768035769406452 0.1281056617993562
1882 0.0666783375942898 0.04032018184288252 0.009543492460795264
1883 -0.05470301483615548 0.1615168050454188 0.01717289837900403
1884 0.1368404051529397 0.09906451924741626 0.03391944650152406
1885 -0.1133013242132489 -0.0032673774391729 -0.07051188683835352
1886 0.1079886310957596 -0.02553265947673431 -0.1303533107218836
1887 0.08463597718068792 0.01958670152853439 0.1109348654556478
1888 0.03551658102823886 -0.008331763140174073 0.1684017920217469
1889 0.07164240576844454 -0.06635220173916417 -0.03354301080732419
1890 0.09523844061947453 -0.06457163438928108 -0.05540274110386688
1891 -0.08929401807683952 0.03357655421406164 -0.1427507879078939
1892 -0.04869917025777025 -0.0405251132708724 0.1241140284243749
1893 0.04497212350673706 0.1622893029111894 -0.03645823575829241
1894 0.1674720330308324 -0.01179868304142049 -0.02958809108024024
1895 -0.0148765117591673 -0.1707314463530532 -0.009616084581246782
1896 -0.007034579584552047 -0.1652177221608237 -0.03844711570835445
1897 0.08281497892249522 0.08328764590470734 0.1266308045971491
1898 0.1572801645400608 0.002164888372465964 0.06950715703129669
1899 -0.09337997409595269 -0.09785418936554494 -0.02178668752362019
1900 0.1007142587756566 -0.01430823141683684 0.09708163158688432
1901 -0.07259505353353399 0.01842780940135634 -0.003191628627930654
1902 0.008260680958581217 -0.1652102542611025 0.04804708436352282
1903 -0.1310176491016785 -0.05895475808918373 -0.09540878868038928
1904 -0.04693322047701498 0.06007609841936627 0.01549405344154565
1905 -0.06102512303937518 0.1476319294926294 0.06462149938038983
1906 0.1202237457438719 0.07153243145630452 -0.01379850745393578
1907 0.1285237109666076 -0.01070880949455643 -0.1142666493437736
1908 0.01225482424954014 0.0190381456637252 0.1685194667012817
1909 -0.07227717724501738 0.01993895791114839 0.03858946464527705
1910 -0.1048723442821706 0.05801933064911803 0.1241528746477984
1911 -0.0652420951377488 0.1191587243138914 -0.1032242228136167
1912 -0.1611596090846363 -0.02449922320602287 -0.05895079418887619
1913 -0.04164420046134742 0.001668109676589731 -0.07836934007918023
1914 -0.08409259671922494 0.02657407628302985 -0.09648331665584765
1915 -0.02317008874383092 -0.1503645817206616 0.08349083368277116
1916 0.04673380422787836 0.1162212838621755 -0.0343669416867463
1917 -0.06938208150965113 0.04370322715575989 0.1500847233006278
1918 0.02403616517708565 -0.1668840701930331 0.02038845007805014
1919 -0.03407865891895968 -0.06973093168291529 0.03906656014974388
1920 -0.1413774650739954 -0.03312372534620366 -0.003688346401363337
1921 0.0431918572198222 0.08305736771368769 0.1061223057011785
1922 -0.1041237129537785 -0.08710871251356683 -0.1063912417532598
1923 0.1261496937406693 -0.1099463164263817 0.04721359207863153
1924 -0.1569106613717164 -0.07380243409789866 -0.006833155007106066
1925 -0.09087307056315677 -0.1456397626375409 -0.02040522458478669
1926 -0.07453025506549259 0.01542875790892308 -0.03900736885122139
1927 0.06006896162273118 -0.01045293511612277 -0.1591947628244627
1928 0.1567045488137803 0.04808714121843685 0.05752980121951431
1929 -0.02948576344704458 0.09216672999548213 -0.1441238274848807
1930 -0.02334698457768872 -0.06390644041807665 0.08153233503563492
1931 0.02822586303463476 -0.1134668621436516 0.1240004527064862
1932 0.001640006485206408 0.1722409326374385 0.01499898677850061
1933 0.07530235094307861 0.08612391769215554 -0.1275805865903015
1934 -0.03901599733821318 -0.1630652436764786 -0.03796085387285025
1935 -0.08827421799613658 -0.144673087267008 0.02179690912643112
1936 -0.04782703740553931 0.1329548655172397 -0.02650632586779214
1937 0.01853614812277561 0.05823733650827159 0.07735205409653689
1938 0.1555590986188159 -0.06706994398741976 0.03802962822439527
1939 -0.08356509691793651 -0.01029977561182242 -0.1128311452347359
1940 0.001274166658036389 0.07061181190430577 -0.08567840508940387
1941 0.08379658173957055 -0.06447216366473034 0.1005549509526523
1942 -0.01015101617550471 -0.09180954667139209 -0.1003166652540536
1943 0.07175899174371861 0.0565367221633483 0.08690616773327527
1944 -0.1415116300126543 -0.05273972989465772 0.08375261541740371
1945 0.07214704201914278 0.06834885359293745 -0.09826900253363829
1946 0.1055718559815788 0.1362678935860572 0.02426973963166264
1947 0.0444756068453264 0.03940194941783738 0.07632737324431736
1948 0.1622325323991742 -0.03335871174769257 0.05155387389168334
1949 -0.1162850897688546 -0.01924518852344382 0.1235462613686017
1950 -0.0915566487404882 -0.0328218638564695 -0.0935543954440459
1951 0.0868146546909925 -0.1509252425954866 0.01474332051514315
1952 0.08362263987969215 -0.09047067732785068 -0.01779683680619122
1953 0.1687226641713261 -0.02881079109147238 0.005903408816964122
1954 0.0611057973025791 -0.04339513947402323 -0.021240270561441
1955 -0.003147424186323276 -0.1060458005067547 0.02499098526495821
1956 -0.04367627010827425 0.1372282633570252 0.01237513173447356
1957 0.04711970550070983 -0.1232830358937733 -0.03649872205668197
1958 0.0005624088444451097 0.01662886130845988 -0.1710488728328719
1959 0.01888747753653491 0.07454178938554344 -0.04888965438428005
1960 0.06374865974530187 -0.100229452704946 0.06289594471144555
1961 -0.03878311833790975 -0.0968355828410826 0.0022654822612568
1962 0.0726436451374948 -0.02737528656535281 -0.05656012818671355
1963 -0.07810819151670446 -0.008119531032518328 0.01738078863819061
1964 -0.05393864617945764 -0.0233403428241122 -0.08819363629125987
1965 -0.006445072011948622 -0.1385384549157763 0.1042968126654338
1966 -0.06080938680730018 0.02234083551587938 -0.1600540779482737
1967 -0.05166218519161372 -0.008389466290715712 -0.1624327401633494
1968 0.1256724582587695 -0.03381112934960674 0.07192040193017801
1969 0.0371716800539615 0.06794351760271003 0.05155385758762278
1970 0.0433501417361504 0.1280789498197876 -0.1089183775628251
1971 0.09856269864895269 -0.1014665433942833 0.1002725243214448
1972 0.06818648322573478 0.09174890000177985 0.01428370949961242
1973 0.1377394876571007 0.04863411386559243 0.09508117596565112
1974 -0.0155742671697271 0.07173132450826074 -0.02289341817694484
1975 -0.08408522514546689 -0.130238925930262 0.07462468402043326
1976 0.1411058432017395 -0.09995208365635744 -0.0008008562584763484
1977 0.1043805643946054 0.1065404090817363 -0.08940319276858079
1978 0.1466703160024179 -0.05319154029993255 -0.07063383884773086
1979 -0.02383769364815571 -0.03132251657521846 0.1122148226024116
1980 -0.06501899679265812 -0.08007109664457382 0.04404881195854791
1981 0.06865687690048065 -0.1265156674073141 0.02762318863887574
1982 0.006291867496403626 0.06819881082550899 0.1589258124212916
1983 -0.09439534388673068 -0.01672994234407917 0.09744735657143169
1984 -0.01980024487999996 0.1156889514418183 0.07226145248639486
1985 0.07000555869636668 -0.03028407366034939 0.02515746545274418
1986 0.05672276674229176 -0.1024479221867743 0.1277484774918799
1987 -0.06831742444557123 0.09210331814079048 0.1265512290289655
1988 -0.1096992244246374 0.071443086426037 0.04299310507432112
1989 0.08331229745387628 0.04573003779805371 -0.04430665731458069
1990 -0.04994247784177917 0.1585970793647128 -0.04983507309770185
1991 0.005280252386812692 -0.140583563099318 -0.02709935315078693
1992 -0.08236896775106331 0.06676958406891013 -0.1359290727199271
1993 -0.04374357165804812 0.112584682818562 0.02168617809713535
1994 -0.1221638710432892 0.05738103166671125 -0.005399571990085041
1995 0.07005035173825014 0.004859941096836183 0.07184389337988928
1996 -0.0895593884021858 0.0933250171326776 -0.02256741202293357
1997 -0.065421735527255 -0.08157564106392282 0.0871704761008156
1998 -0.02713587755941401 0.0990204025118968 0.005830427413144842
1999 -0.05707036057492008 -0.04831590457166864 0.06840644167383034
2000 -0.1408047143777717 0.01264458701545165 -0.0003235024859205198
2001 0.04177730162169966 0.06117222195312267 -0.02701756042794924
2002 0.01309081092317581 0.01336527981975839 0.07855356199603353
2003 0.01221771642411647 -0.02074855501232617 0.07824276274671778
2004 0.05359191086672846 -0.05356215439888231 0.05388289567593492
2005 -0.07595692147823713 -0.0627510008368619 -0.0980565421949572
2006 0.1061116917104686 0.06621267813364135 0.05193777180865453
2007 -0.03584059463373097 0.03699573615502773 -0.1424590208117611
2008 0.03513981038663447 0.1186585233529693 -0.06358618848394172
2009 0.09420355070151493 -0.04838951699169688 0.01799920672800876
2010 0.01355737180077081 0.1441999118568613 -0.09514347968098955
2011 0.1148946935382592 -0.1297440727872554 -0.04372465469843067
2012 -0.05419263116529873 0.09371647189080769 0.006423578468757768
2013 -0.1195478159800688 0.02906293756580774 -0.05089660389988107
2014 -0.07539215197903461 -0.1570293859694774 9.449095402258405e-05
2015 0.1340877503528093 -0.03456801944189124 0.00238177180085928
2016 0.1683550709785081 0.03504472957113258 0.02951890155878411
2017 0.04692482021875313 -0.09478827360739471 0.08502092648138418
2018 0.03214933640870829 -0.03622090282391199 0.1644225239305088
2019 0.002711930862247499 0.03786277967240192 0.07640446610505315
2020 -0.0988744738988992 -0.05806678867300335 0.07246884670214487
2021 -0.0905881758894318 0.06255490311126856 0.08891346874647908
2022 0.02278511532763003 0.172209448317689 -0.008949733185565923
2023 -0.04003820117786786 -0.1214489711068777 -0.1166169409380127
2024 -0.1175164072976444 -0.1206496392867615 -0.04252856205429221
2025 0.1437068234699646 -0.08649698600405925 -0.0465691005876778
2026 0.02390089994512239 -0.06226368297126886 0.07133315158520713
2027 0.03264019633730179 -0.09978212640898455 -0.1302226123560821
2028 0.0515368551608362 0.1234198956880138 0.04840684955140721
2029 -0.1372886004932428 -0.09171337279793174 0.05598212661893179
2030 -0.09211951973531506 -0.1126763028435953 -0.09520893772336413
2031 -0.04390605990453784 -0.1013506712197171 0.07773720819266611
2032 -0.1211600640207531 0.01370820476926082 0.0278827879398857
2033 0.03716014254376405 0.07712109447194881 -0.1078031705614494
2034 -0.0517443395228575 0.004200149358407923 0.07954475680826932
2035 0.101831490757013 -0.06655965711732562 0.03861963923291872
2036 0.01133531450710616 -0.1115989328368775 0.0490753494462095
2037 -0.01039547998016034 0.07324392006732254 0.01237678175342391
2038 -0.08365494163639692 0.004836924660359512 -0.1532641408408485
2039 -0.1461711452455033 -0.06448585321213918 0.05608006376859861
2040 0.09259007548060033 0.1379667332805273 0.05445904798542154
2041 -0.1658824602443667 -0.04852333357551539 -0.01326204336189792
2042 0.1011659018373233 -0.1011918872258042 0.0337272615464508
2043 0.07387632919553665 -0.08078091664631942 -0.08913388473032539
2044 0.02584992880452244 -0.09307260075367176 0.1434616197372706
2045 -0.07930230357967435 -0.1016865375827128 0.1154233831739866
2046 -0.09456419832348313 -0.05594535625214434 -0.1327218826480544
2047 0.03208979218156968 -0.1113077299976397 -0.08076270258744056
2048 -0.02987280620020748 0.153994566661083 -0.0688659109514063
2049 0.1543924776413773 0.01729978723367886 -0.07381848400597886
2050 -0.1350044868279494 -0.09324957255285703 -0.05979536965118626
2051 -0.1340121602914325 -0.1104784606012503 0.01998233426093297
2052 0.1371083628169843 0.009542739433902872 0.1060335492767528
2053 -0.005180530278377463 0.1414140908708102 -0.02837027396705453
2054 0.06944590256390365 0.01608343645561685 -0.01059999999999637
2055 0.113034302954733 0.0427086741476804 -0.1239189199132504
2056 0.06363292910446695 0.08904428145527839 0.0802193882810885
2057 -0.1302761048416943 0.05273604737862966 0.03271964224453619
2058 -0.05328222644198592 -0.1351745315340363 0.09223123184943537
2059 0.04682401380648985 0.1469859821486679 -0.08003082469556043
2060 -0.1392716373039302 -0.01101803829405149 -0.02782405583624399
2061 -0.0175855531767887 0.07587118522650914 -0.1144112266882026
2062 0.1336660568373611 0.035231368196101 0.003081363424443387
2063 0.005475666610051302 -0.1055755450938834 -0.0305954443833676
2064 0.06874856339346164 -0.1137687938635983 -0.04980256145774676
2065 -0.08342761633257306 0.01035804060009437 0.1160665017845375
2066 -0.0009451805241873709 -0.08177676893487854 -0.07389355016239924
2067 0.107671925932013 -0.02785103131963602 0.007392514380279286
2068 0.1426418599685711 0.004666557144512997 0.02873060163431909
2069 -0.1522651377862643 0.05614180670379061 -0.06336247138864178
2070 -0.1385444602016675 0.01390140594467056 -0.03863000151202765
2071 -0.03309733003218854 0.04109387121905498 -0.07779654146290263
2072 -0.04114521155781124 -0.1331283402663378 -0.04034387579591443
2073 0.04373064282576946 0.1393624142028773 0.02409741967561
2074 0.07431849309325407 -0.03330644877018093 -0.1509203607745921
2075 -0.110932461121825 -0.09951544338658927 0.01063420678580518
2076 -0.03406589441269539 -0.04786803110708616 -0.1620347230070653
2077 0.06500631123672651 -0.1536306813228699 -0.05401568778753211
2078 -0.1004122841647795 0.003712458603448789 -0.09455090725876443
2079 -0.1300146809843231 0.02336867916543787 0.1129956740506501
2080 -0.02034492973688056 0.171719904380687 -0.0009648047656487684
2081 -0.1390133198513998 0.100109052002183 -0.03104360375401159
2082 -0.04727331121200766 0.02885920634522593 0.1242147475350678
2083 0.1018760909995922 -0.1041953180917641 -0.03184343281067872
2084 -0.08145318535776454 0.09052633058320228 0.007026021443373243
2085 -0.1702906739331596 0.03161923022690995 -0.003534473652096321
2086 -0.009654604940212004 -0.06794305326377421 -0.1189417197910753
2087 0.1328584792890933 -0.01611743525542936 -0.03096652831405188
2088 0.1078692964224953 0.04245679677122661 -0.06240571851635348
2089 0.06814304609371598 0.02966150522052381 0.04513195870083127
2090 0.001901279818944605 0.105252102765243 0.03409157097267563
2091 -0.1265993789338335 -0.04280859400630505 0.1125128739460374
2092 0.04569630247260131 -0.1402016764568706 0.08908768359443958
2093 0.07068790085987117 0.01653894743244435 -0.1547903831136324
2094 0.0193060532560651 -0.01344779438312638 -0.07690180667741411
2095 0.09841566788367392 0.02429596074920462 0.03101285463239729
2096 0.01768494082518897 -0.09554021860262835 -0.1004553438888081
2097 0.0526874997725806 0.03685775198304304 0.1414546505920629
2098 0.1013382292721751 0.01013735212708982 -0.1413309173324921
2099 0.04385386539529779 -0.1367439294213729 -0.01011592242341283
2100 -0.09552687842437578 0.04236925433883247 0.00307214975467748
2101 -0.11574449588124 -0.1233225299558411 0.04500680172960958
2102 0.1012883230738332 0.01281199002615863 0.1407375584805858
2103 0.03351218771168125 0.04552305243587085 0.1636848825916378
2104 0.08998002951676835 -0.05687230129600447 -0.01001366345738747
2105 -0.1241722851935274 -0.03931524293534702 -0.1134795602921895
2106 -0.004398926242811818 -0.06576102151377597 0.1619552191682359
2107 -0.05271169068270685 -0.04221688341791446 0.1601377213169969
2108 0.1453129234614372 0.09695106725457481 -0.02445034296824468
2109 0.07141388266565123 -0.006007376351347798 0.02120000000000003
2110 -0.03033469975376164 0.05010396787949083 0.0762908901779506
2111 -0.1350121651073791 0.1047447932111581 0.04083371859858289
2112 -0.1638399219054786 0.03101965366246563 0.04500476780142072
2113 0.06572212732954325 0.08495590983260289 -0.02745788922984659
2114 0.127321041703308 -0.06154186071660367 0.0193312121563151
2115 0.005383521692431876 0.1316203715697882 0.1160632833352081
2116 -0.1205977717322066 -0.07637272301243538 0.02002720510147729
2117 -0.1610014798802868 -0.05460199888316251 -0.03911852331263383
2118 0.1274905074782114 0.05356454901381083 -0.04678519629305636
2119 -0.08935519742294307 -0.05354656799431469 -0.004204360027497024
2120 0.03073406342291361 -0.06544001726977994 -0.06539759244849573
2121 0.1063952023514193 -0.02550250155216017 -0.04186674687772121
2122 0.04226382104388356 -0.07359506978974388 -0.1045292422157742
2123 -0.04553608278432798 0.162856778542057 0.04347681144466312
2124 -0.1429745864994657 0.04236394187126813 0.08938674536261454
2125 -0.09791796405424916 0.1349123918507416 -0.05102824078457498
2126 0.1645973006115547 -0.01212247073333815 -0.06093745216285613
2127 0.1518139403397449 -0.02623351276553287 0.07601256660329207
2128 0.04300621941367468 -0.05456170794887922 -0.1566617028990441
2129 0.1225846047225489 -0.1254757931855194 -0.003943857499173599
2130 -0.05626700473942601 -0.1170638578920918 0.1156774178519374
2131 -0.01112112171347885 -0.04082488948433666 -0.1441199908605056
2132 0.1111880146978156 -0.0003149066866910723 0.03338819922639692
2133 -0.005538931764467131 -0.07306874429252858 -0.01069138050244241
2134 0.055129636993167 -0.04053000454154501 -0.08232809337065405
2135 -0.08597742022211312 0.01327895464736289 -0.06575526527546498
2136 0.05390704160475217 -0.03395896078687401 0.07606636315588822
2137 0.03583080044686943 -0.001885025762364495 0.1413414154029915
2138 0.02734170894769324 0.1013964477080199 0.02241520579874163
2139 -0.04973125935025405 -0.0673288729483118 0.1154632959090993
2140 0.09633906028482567 0.0615234804689659 0.01515685941236948
2141 0.01406492778267122 -0.1060483368152554 -0.001559609212400521
2142 -0.02533107102841082 0.1319086999272224 -0.006179152381162831
2143 -0.1090321298651015 0.1238343878985028 0.06096095326162782
2144 -0.01455173341102411 0.002120920646987118 -0.1051121108934538
2145 -0.1369158600248546 -0.01305777786906799 0.04716029039522877
2146 0.0496335241424819 0.1617197414181871 0.03770327594550196
2147 0.1700874172879976 0.03964543792105827 0.003388250675544977
2148 0.008476902710051118 0.1230220740926596 -0.06829146604868576
2149 -0.1382827350499115 0.08769514898182801 -0.05910852403295764
2150 0.05399664999832575 -0.01480348893922143 -0.1180231176038433
2151 -0.06890456584096351 -0.1203842224557976 -0.02358524463643621
2152 -0.04276200897689554 0.08523418253525036 0.05301899189739788
2153 -0.06359041553268055 -0.1232751431297102 0.0197522855418795
2154 0.03399899708699571 -0.0192095816271939 -0.1586758370762589
2155 0.01762784412185203 -0.09395408254106294 0.09901103598209809
2156 0.09066910818768963 -0.0425138078027831 0.08736935024075489
2157 0.0676472557639827 0.06817691331160772 -0.1477503454525635
2158 0.04073340680588949 0.06371321919488371 -0.05905433819003837
2159 0.07181480987587743 0.02266968068369487 -0.03511098383644876
2160 -0.01946089112252331 0.06854376005154361 -0.1610211727855193
2161 -0.03931264598003657 0.06367029747002335 -0.04297372800925471
2162 0.01293515532017612 -0.07000109479577042 0.1156167675034854
2163 -0.002916629755404342 0.1416617094161257 0.02627745538027061
2164 -0.1189656740030558 -0.0734700042367977 -0.01128853226263735
2165 -0.120545696465184 0.1285247053080784 0.008723733854420082
2166 -0.01836398656407251 -0.04548364600264181 0.1353688665164879
2167 0.04023282469739298 0.09639399514126266 -0.0896525813214277
2168 -0.1123315757950339 -0.01384075692210431 -0.02924335253258613
2169 0.1043006542732206 -0.08276242307746226 -0.1139872376403791
2170 -0.05590867377960819 0.04748077586114199 -0.006136706024179822
2171 0.003115583100587762 0.1218053032072565 -0.002809567734587296
2172 -0.08358478470556023 0.06415256223102232 0.01424192062651347
2173 -0.09449655290071285 0.01843410096656262 0.05259035105471383
2174 0.04543539981441926 -0.08872011067101621 0.03684772317989862
2175 0.02210416483570651 -0.07094613503661742 0.008252816826816096
2176 0.02345731890484044 0.06547745155988301 -0.1584410100783052
2177 -0.0461862303088423 -0.1470802652881321 -0.08138025967052592
2178 -0.0910776137229572 -0.09879207595968582 0.04473777995987452
2179 -0.1016497933553233 -0.03891950333825078 0.03852422149880827
2180 0.001238387232672982 0.1001596009866988 0.05979583110228834
2181 0.1056621197564439 -0.03444009432373658 0.1328324214368024
2182 0.0004861970957833498 0.0736286569329917 0.06196307073686759
2183 0.03547661228129664 -0.09899789335469812 -0.02603076993382453
2184 -0.09165072414772993 0.105028146078469 -0.05672888629428976
2185 -0.003839121859230608 0.02186790202565455 -0.1447171739895215
2186 -0.001085045249642693 -0.1747626615367429 0.01349649300735101
2187 -0.06663587591436604 0.06484295429694775 0.09976208265951302
2188 0.1167966582836983 0.03510556881642141 0.08064018883679533
2189 -0.04403074296756437 0.05821077074616033 -0.1583654048393282
2190 -0.04005331286362709 -0.1329192035879218 0.04445390113477696
2191 0.03542760436226314 0.08863985280952462 0.06757546605452905
2192 -0.04379536765157786 0.07367367757992871 -0.1165274478748136
2193 0.09645551536713975 0.04162893856020269 -0.02272034564274125
2194 -0.1061747652360651 0.1001344300758389 -0.09750124773111392
2195 -0.1155004712386678 -0.04136505336753378 -0.08361423893932608
2196 -0.08474588238012383 0.1021821890982703 -0.1142194257802021
2197 -0.04155902774679442 0.09439114490681648 -0.0153947446754786
2198 -0.0451606051439743 -0.0244384633462828 -0.1209552475657681
2199 -0.1652390359886498 -0.01753555876000744 0.05293431887316487
2200 0.08245225701186948 0.1071946074979444 -0.07472117760389002
2201 0.02363148309264301 0.03113317682719311 -0.1706339780496199
2202 -0.05789540462922101 -0.0509045371061316 -0.05579425322680826
2203 0.1207904026836452 0.1161009481760208 0.0460790988936431
2204 -0.06724280344470523 0.05429886109138954 -0.08124582520716027
2205 -0.02734734902226307 0.1382095588056753 0.03793728803640305
2206 0.02014761834774199 0.1419957882655708 -0.01247484518711007
2207 -0.07769961194081237 -0.03069614389542284 -0.01083019499194654
2208 0.05248904353136062 -0.1050785907610189 0.01639248810098115
2209 -0.005345554893142283 0.1019340306622673 -0.1415394686849279
2210 0.03132286294266436 0.1566659527689611 0.07263367013507518
2211 -0.1154290869467523 -0.01015368654824573 0.08191060527713681
2212 -0.07806984270181884 -0.06718166008421711 0.01503569787451312
2213 -0.0984823955691187 0.01712154903458739 -0.005695121263399348
2214 0.1091204552420333 -0.1293724801059385 0.04821962142879795
2215 0.1069932863457117 0.0721597354685718 0.1165398216649177
2216 -0.1702202750524841 0.001940732344712515 0.03535582133612301
2217 0.07721122539294292 0.1152211575000982 0.02112623456103942
2218 0.07597411577725922 -0.1100634119018815 0.1111800240155346
2219 0.03829200588276811 0.03278531264277083 -0.07642083518229069
2220 -0.07348275533185433 -0.1067371330190539 0.06525687674322718
2221 0.01881723633417751 0.1087789156278813 0.09519780067156081
2222 0.1433920697739813 -0.09618303715209406 0.02777377398991401
2223 0.1696479938362631 0.04056691806235572 -0.02453389949701753
2224 0.1323905532963676 0.01099561768128977 -0.03502053275789534
2225 -0.0058209646389496 0.0708831924447961 -0.0460477412759949
2226 -0.04481846938297263 0.1158594352916561 -0.1227356542348963
2227 -0.07531808820399792 0.0387030532335354 -0.120351550717881
2228 -0.004125468822310745 -0.05784983167621108 -0.1640281427682847
2229 -0.118040910043443 -0.07216592860858026 0.0461451508954772
2230 0.1389483749326823 0.04192744125408143 0.03885535117442925
2231 -0.1027840093780359 -0.07394405168990184 -0.05771771966406125
2232 -0.08641077270563111 -0.141500657654876 -0.06075553791002308
2233 -0.05902757122890054 0.1213950713106379 0.05952939140951542
2234 0.02390583237466833 -0.03509914632042525 0.1393136892007131
2235 -0.01281353579237437 0.09377751330517112 -0.01307543286517159
2236 0.04913983583704875 -0.05416829542526061 -0.001053969367768259
2237 0.01701549823035098 0.04567692183044414 0.1244407742336093
2238 0.1014178239705255 0.009662634600560119 -0.04083183160931756
2239 -0.01393950233893588 0.00146307484705786 0.1045599161083141
2240 0.125738496288764 0.09817614678835589 -0.07671706969413666
2241 0.06125991869110638 0.04226169788561886 -0.05740695298433393
2242 0.06116554770720597 0.1136305133820349 -0.05981038654242585
2243 0.1500282905046563 0.05850906311256449 -0.07140247310866547
2244 0.08875715949011062 0.1130534602018289 0.09776391871027221
2245 0.02823001679260102 -0.1396136982783759 -0.03689930286180431
2246 0.01769807805293993 -0.06816559366579544 -0.116462897996857
2247 -0.1210232903889971 -0.05934237983774572 -0.03987278317998873
2248 0.06698784099297211 -0.08214463828307446 -0.1400343288200471
2249 -0.0615280460284043 0.07827902428707553 0.02486284766493957
2250 -0.1323634389627943 -0.03076321490784453 0.02072557190659473
2251 0.1567745760157857 0.07596437612984977 0.02008125083842284
2252 -0.06121850666561344 -0.1319678155043335 -0.09625187929854244
2253 0.1250682481571905 -0.07083925243238302 -0.09921861345805859
2254 -0.008588540477039042 -0.08451583893874835 0.109486405283831
2255 -0.02383839887867313 0.1039033633330089 0.1401645649646193
2256 0.001957726098789716 -0.1057982863165702 0.1407386812731911
2257 -0.001874870466209955 0.02461735317824706 -0.1018231544945717
2258 0.04481143063050891 0.02503461882434668 0.09958453114765109
2259 -0.1084449647032354 -0.139169660548745 -0.002853778288147668
2260 0.1363302890352793 0.02379514127119781 -0.105109323477177
2261 -0.04273527082721297 0.09150889945731783 -0.05704282736975858
2262 -0.04155086377938819 -0.09720838150945997 -0.02539074792186941
2263 -0.09728785044127418 0.08277470339343189 0.1226926490819738
2264 -0.06038056303413279 0.1144858941429847 -0.07832855596071638
2265 0.1018087253712336 0.02554465025561166 0.006602638814555724
2266 -0.07801011976672856 0.0006057479148851349 0.1564032707312839
2267 -0.174639830635553 -0.009180621825717571 -0.03134702904205131
2268 0.05746223154031811 -0.08696243665900107 -0.03827710464535315
2269 0.1000118519253158 -0.08198104146248214 0.1170704969175113
2270 0.1721998637900987 0.0105463765940836 0.0360057567777969
2271 0.06744890449238776 -0.08005271456268739 0.01887725891982167
2272 0.1582626254429543 -0.07517924315199565 -0.01062614806866336
2273 -0.08818294553773799 0.1104248962656706 0.1070100694637009
2274 -0.1252898302177649 0.07653333276943565 0.01098782553746148
2275 0.0849017908953263 0.09991078864473286 0.05929517761685297
2276 -0.003684393687653765 0.01229786951326407 0.1404084921488492
2277 -0.05923058226553038 -0.08332034170801432 -0.09688841332509426
2278 -0.09893986664587869 -0.081803963966293 0.1197317009247746
2279 0.08102877650742268 0.06483203234558371 -0.02670041319337573
2280 0.06227587963266273 -0.006392818860643825 0.1317572779088717
2281 0.08624242085491572 -0.02891767858070068 0.1125537446890891
2282 -0.1573229212276692 0.02545610560514607 0.07335067363783365
2283 -0.02124358700191363 0.08595310189384557 -0.08466231033803293
2284 0.144624290786282 -0.0860455449903256 0.05120131473372451
2285 -0.07404381009666564 0.1469305174804549 -0.0583408413340252
2286 -0.003064245587479169 0.05331125058098406 -0.138639226599098
2287 -0.09296860929415501 0.04292543687619563 0.02786293851645558
2288 0.05979404180510233 -0.1543727510259726 0.05990969716881489
2289 0.07804686289954628 1.574980748841361e-05 0.09572577961804871
2290 -0.1386507558551324 -0.1092388050432982 -0.01456711168560883
2291 -0.03345205641356641 0.07415665932700131 0.08488244732015279
2292 0.01913417468677672 0.09347930311749704 -0.006647115360258828
2293 0.07858422014866688 -0.1169853703738447 0.05105652571980899
2294 -0.08230388732411643 0.1083969713354297 0.04444757337914561
2295 0.170713189142211 -0.004310322022635421 -0.002339589259340464
2296 -0.03347415897100358 -0.09546192076072864 0.0331910548402049
2297 0.06418381020050702 -0.16291912494736 0.01746481835992202
2298 0.06416544229448468 0.02569904074822269 0.1613987861571866
2299 0.01363541087971941 -0.02764290668197895 0.1058992465024641
2300 0.05051335215775308 -0.08462709455690008 0.1458980980400938
2301 0.1029132558005039 -0.1035212968255787 -0.09444744741488288
2302 -0.002599151032402214 -0.02683664922584626 -0.1059966501067031
2303 0.01861190647675239 0.05155099244664779 -0.07489725275309565
2304 0.003907084893139266 -0.08933343199980433 0.06993595567189889
2305 -0.1255867383686293 -0.01421496486153246 -0.1211954674375385
2306 -0.01956221744100002 -0.1259650211981728 -0.07097853671402141
2307 -0.05576132682572265 0.02120896233309223 -0.1108208951022734
2308 0.02331634720846595 0.003906733769136004 -0.1727248263496819
2309 0.07722933043904268 0.04162225150810403 -0.1542152825690835
2310 -0.1533885413250035 -0.005240215569298589 0.0797751912873657
2311 -0.1229672345802871 -0.04696860518543743 0.06599480740700336
2312 -0.06193448298181017 0.06770439171140825 0.1503672820690789
2313 0.1324726532608664 0.1181685539617697 -0.007392826598106408
2314 0.1249242089918326 0.07374708222453724 -0.1006329293597316
2315 -0.1216881229181213 -0.02643538204742361 -0.0638626577880818
2316 0.01152824796200198 -0.005185435716715888 0.1768324747403817
2317 0.1238626821487393 -0.0415505638591126 -0.1165112331381996
2318 0.1224874802034026 0.04366262532197132 0.1210518983413514
2319 0.007504153527495193 0.07146576728435651 -0.004922594459374364
2320 -0.1040517178726571 -0.005047371418376047 0.009040666199456109
2321 -0.1567052465776731 0.07434077662165628 -0.01624516355099425
2322 -0.02776828425402757 -0.1356171186615617 0.003460602506625443
2323 0.05867796157465746 -0.1035752005340607 -0.126769610232893
2324 -0.117631558893464 0.008337482740308492 0.1317099212636938
2325 -0.1709182417099368 -0.03498503666484476 0.02132212218461521
2326 -0.0711400313008866 0.09991680592184117 0.08369571509754156
2327 0.05522101996133542 -0.1482637070384834 -0.07717270770470069
2328 -0.1198158296719915 -0.09616767277469003 0.08210754210793067
2329 0.1206731764721314 -0.06654808649929336 0.05530407562440762
2330 -0.1458132684959133 0.1005562798585055 -0.002980815255692054
2331 -0.09810989827785843 0.08845013540634505 0.058918983819041
2332 0.1093836822468095 0.03437571889473359 0.05087027531643014
2333 0.08274808265647635 0.1553247200288375 0.02345867791145743
2334 0.03425485503032113 0.1388788398807544 -0.03393517935207538
2335 0.1172859697306383 -0.06352539742361281 0.1144007418527191
2336 0.0966214815361514 0.1399553358649466 -0.03882060793505569
2337 -0.1428755596796576 -0.03102128084313362 -0.0987079416429635
2338 -0.03953675592952403 0.1354098532410742 0.1031606873671681
2339 0.114180070945376 -0.1062060730843556 0.0811006050675728
2340 -0.1186531117509538 0.04639474278935887 0.07480900250391784
2341 -0.1189973339896513 0.1177652622678574 -0.06151395065326651
2342 -0.1098443416557591 -0.02953829727666918 0.0009532972407039269
2343 -0.09778153125053346 0.1480220227439309 0.003777912491449314
2344 -0.01265161021846539 0.03559674946726717 0.1410959800218049
2345 -0.06505942109425863 0.07619161979888529 -0.04224119613341968
2346 -0.04370121799125663 -0.169881859355214 0.02312167393361572
2347 -0.0947361658988405 -0.03159794077060402 0.1466191262516731
2348 0.02763254579854724 0.009621782018791623 0.1072222650661048
2349 -0.07101912162410637 0.03710594790241467 0.1258302763301604
2350 -0.1029911512756176 -0.008807934509650594 -0.1427638589388808
2351 0.03485545969723346 0.1068428259908961 -0.135380165705709
2352 0.1237260046042502 0.04859207478263895 -0.02271866376102591
2353 0.1354474170804058 -0.06264958307392296 -0.004509120281367841
2354 -0.007059344588717043 -0.1608497283377456 -0.06852477960390904
2355 -0.006865727279917774 -0.08745879482590263 -0.1507471382526523
2356 0.168848306302646 -0.03706609893934688 -0.02953484302513358
2357 0.12260769504754 -0.004380450120258041 0.07236715739853808
2358 0.1231835100618207 -0.0203818420878154 -0.08807464739684709
2359 0.06341349224610435 0.03055000494494794 0.1187185722595761
2360 -0.06520344861427624 0.1651358521113956 -0.004744708450002976
2361 -0.03213897853192711 -0.03197575965541016 0.07933453729066497
2362 -0.120058906286393 0.1236991864403981 0.03294461275667836
2363 -0.1205110439237547 0.09497066997715564 0.08824958874197049
2364 0.03421332505313902 -0.1672862485820164 0.04459631938273256
2365 -0.0715852359823493 -0.0711242560938081 -0.009323176037633548
2366 0.06603879395482479 -0.1284002770379542 -0.0218821715932352
2367 0.115088983246155 0.07773684763419221 -0.05274266749824964
2368 -0.02058876274377239 -0.07160103474016004 -0.03241397013044111
2369 0.05928406248811963 0.1669077335520104 -0.01060355765224381
2370 0.0899803513077866 0.03713704150876052 0.09363512025779883
2371 -0.04087377598683312 -0.05832579401786799 0.0068211385380499
2372 0.09854819977057119 -0.09194704690497263 -0.06705337583715178
2373 -0.01231895200405032 -0.1211449838425959 -0.02121916995738558
2374 -0.02806590652300419 0.0657454029095923 0.03551920921935346
2375 0.03325539010551917 -0.01185294729962965 -0.1000722283529996
2376 -0.1008585590403032 -0.06186755664191936 -0.08017275055720297
2377 0.05669381701886846 -0.04460188067277809 -0.04640632769481662
2378 0.04017876131358249 0.03364132394593404 -0.1332619729576275
2379 -0.1247854419780542 0.02722949721235052 -0.1174672787843299
2380 0.02594961579461507 0.09789479693793048 -0.03235846733305899
2381 0.05720626420323936 0.0481501203177776 0.03114143348917086
2382 -0.04179321158002176 0.1033143079539254 -0.1012691025067203
2383 0.1291418333149258 0.06071172895253614 0.006604349033804536
2384 -0.1468278794190249 -0.06326706548206398 -0.07719503586707459
2385 0.1414360102542897 -0.002448879992365324 -0.064577578125045
2386 0.07139135240201494 0.1562494131794892 -0.046232585669264
2387 0.05648083402248026 0.1136118133408545 0.123065119996012
2388 0.1459959038454506 0.07900749376637055 -0.05706021909057019
2389 0.1020125749953161 0.08217242446984062 -0.000646556735090609
2390 -0.131999024327612 0.02219842658589057 0.04877865793450506
2391 -0.00848911321801905 0.09439518922638505 -0.04266247905794668
2392 -0.09949532051130652 0.02770215187965445 0.09924359158392373
2393 0.110656880493427 -0.05745646844909838 -0.07437052176226666
2394 0.1466583793444884 0.06862650242773563 0.06818853078161421
2395 -0.02876290359239013 0.07351068806591345 0.1574639848164507
2396 0.0183566019733713 -0.1352658986806723 -0.0007079196683897511
2397 0.01317753929499128 0.07104503430055467 0.0323134610759921
2398 -0.0777540361688681 0.06288581195544386 -0.05934743049448851
2399 0.09738529453070199 -0.0886999917579038 0.07612569397266485
2400 -0.09330925959190224 0.1092101888453349 0.02168668308543279
2401 0.1002598439447649 0.09656655950175838 0.02315334664154418
2402 -0.05552676786828746 -0.04656709976596873 -0.02409671522072488
2403 0.05846853154621014 -0.08296222779873567 0.103912030957748
2404 -0.02959717014482488 -0.1407494148792039 -0.103174641847922
2405 -0.03007130894149103 0.1277187357640146 -0.06788735471776421
2406 0.1207398372538637 0.0977326284630677 0.08305409582320954
2407 -0.03628871764040387 0.03317446639065783 -0.1678843778359946
2408 0.02972342944019643 0.02865700485288403 0.1371628509016917
2409 -0.02561992396422665 0.1014455066250092 0.09713382820331121
2410 -0.02806420514241174 0.06578954257142548 0.1243410289724121
2411 -0.02197031450816281 0.01946400020926476 0.07101448138077626
2412 -0.1173469108370112 0.06174183740428225 -0.1139538825826822
2413 0.02404282010846691 0.09532355220897168 -0.0706556372591291
2414 0.0789787524282807 0.07652805232278542 0.1006195307449382
2415 -0.02102411354315759 -0.08284304586780829 0.1529591570243213
2416 -0.1340416192085115 0.06453780288296207 0.09622100051489089
2417 -0.022277805558779 0.1047306171980081 0.0318931049917902
2418 -0.07396667849143787 -0.02706976657238095 0.03405089282487758
2419 -0.1099709217012056 0.08815509856563042 -0.005210010325108628
2420 -0.07248115951910711 -0.008132260813934575 -0.06145730966973979
2421 0.03815602853949484 0.05511048052673286 -0.09599729037536735
2422 0.06373340897212781 -0.07476514354044909 0.046036229713982
2423 -0.03492023543799021 0.06073723547726351 -0.0212992815224817
2424 0.07435332872563462 -0.02335294185468113 -0.02237299058212647
2425 -0.08447949233370661 0.06073365325289293 -0.03298011113588204
2426 0.1046319907318466 0.06224766478963109 0.07799466700741599
2427 0.08996490290650308 -0.01296998878601891 0.1489258216350358
2428 0.16447848982743 -0.05807379397959914 0.00893586601049225
2429 -0.03814943879731918 -0.0231156927962866 0.1688619230822426
2430 0.02339639460484325 -0.08915759305246979 -0.07144784367761482
2431 -0.1342973562765816 -0.004132643315646018 0.01674109456346904
2432 0.08892394698200889 -0.05669456058965273 -0.09463957546752211
2433 -0.03387637719972661 -0.02421201975939458 -0.1710843231063455
2434 0.0461273371729367 -0.1233892476024729 -0.1170090527156299
2435 0.0322857702638596 0.05631876132001007 0.09863494074082475
2436 -0.05155188385823972 -0.1248621518914631 -0.06604226741268222
2437 -0.07682643544900015 -0.07978576330029198 0.1348803604614535
2438 -0.06214059617618217 0.1239304543902913 0.008758757496290431
2439 0.1719131849678993 -0.03873231741049791 0.02997990632979603
2440 0.1033474585804869 0.007617493211898307 -0.09423256433321058
2441 0.01858499006711667 -0.07126395072983642 -0.03644696629672214
2442 0.04456009693905595 0.09191630192469294 0.007780178825589949
2443 -0.1574476204014567 0.05934903928542228 0.05726362167225061
2444 0.09552599581971141 0.1512315557815116 -0.007578259799643113
2445 0.03442610467569848 0.01921808465016819 0.07318862533748059
2446 0.1197743909497449 -0.02131858386949323 0.04085528907433996
2447 0.08496281487332143 -0.1144168018031511 -0.0152330715541497
2448 -0.1590547176919411 -0.04839108006158322 -0.0624694791876261
2449 -0.1488188877573137 -0.009897189407081654 -0.005347548098023659
2450 0.02089234409289508 0.09555087500768529 -0.1049955359484474
2451 -0.1065659466665988 0.04870959594501123 -0.06712607185740371
2452 -0.07402746383742105 -0.008851260015340217 -0.03137782632998953
2453 -0.07391241358392281 0.1277563631657605 0.03401002332312851
2454 -0.09527944555588302 0.02846835937548121 -0.0444787521389829
2455 -0.08638643605661349 0.02349355783693158 0.1515381824722811
2456 0.104873471566913 -0.04079216591228516 -0.01932009418209124
2457 0.07176494453945122 -0.006209333204656216 0.04515195909814466
2458 0.02796961827682426 0.008338065392161521 -0.137611393848404
2459 -0.05305245116360716 0.06834047074663482 0.1226559082651751
2460 -0.02557303408768768 0.0004962279393444374 0.1455987452302815
2461 -0.05511289657853593 -0.07647782735042533 0.1503687612182307
2462 0.1081062155649418 0.05898890641200679 -0.08512637997155191
2463 0.07631960138379108 -0.11350146580187 -0.1100807894383143
2464 -0.1012109935465543 0.05034950780887592 0.05844367230105525
2465 0.09452483560259849 -0.04464366326483699 0.04502950055968781
2466 0.06798480547468197 -0.003663361838464411 -0.07012330544085658
2467 -0.02966290866977019 -0.04796843083614112 -0.07636501993701192
2468 -0.01368395921416664 -0.171913620374332 0.03637559031205061
2469 0.01762791900526012 -0.1593327482259268 -0.07463166268579975
2470 0.07224703354664033 0.06190768856458162 0.01845488965363853
2471 -0.08148419114710917 -0.1490654232255397 0.04567554944967744
2472 0.1650930032305441 0.05865627862584301 0.03536307911784235
2473 -0.02533708457891173 0.0380606403396766 0.1094993877434595
2474 0.02549851609369944 -0.05469283516427517 -0.1380577263621507
2475 -0.018900352743649 0.1158075240435801 -0.09090945389758222
2476 0.0414917997357056 -0.1109696952637985 -0.006590917948641742
2477 0.08636233368026193 0.04786321224662844 -0.00174288169718028
2478 0.1610941890019134 0.02704759888116083 0.06928919746279828
2479 -0.1172857088344222 -0.1004194692846129 -0.09021172617303082
2480 0.05816686675187775 0.1324249448264254 0.005411918409892903
2481 0.04920652281610299 -0.0330942456022869 0.1252757908762091
2482 -0.05903679952523579 -0.07738027878704445 -0.06404727612636672
2483 0.02599671179939549 0.1708561480527106 0.04007194761356635
2484 0.08048193220106038 0.03944852149291335 -0.07315956308977963
2485 0.1480073946367361 0.03753192355043914 -0.08770789891487299
2486 -0.1140706942358522 0.01444301477340448 0.08427129783789407
2487 -0.1116090627250659 0.04070133788154154 -0.0194948130689424
2488 -0.005287981820044778 0.1628379936662223 0.06669438976081454
2489 0.01972496457051469 0.1314567301486249 -0.1154295947536464
2490 -0.05992374271561088 0.04118198734357022 0.03551714599246732
2491 -0.09786228160465252 -0.02311558566627051 -0.07121959273592733
2492 0.03480548456897979 -0.06568284010674999 0.04308125453391333
2493 0.06838276306928442 -0.1334342773144622 0.0967308495595233
2494 -0.01317003519783592 -0.006822756063488264 -0.1501102239324017
2495 0.1327825132819719 -0.07822940379288354 0.08853717623608434
2496 -0.07454330657687346 -0.0463612583550814 0.1196539521536918
2497 -0.02338216609032488 -0.09447055448907749 -0.04251966736371886
2498 -0.01441677098846403 -0.002710757590063619 -0.1776545730434133
2499 -0.02068908516278615 -0.03353756472467874 -0.1220746239587736
2500 0.01447491832041879 -0.0197410360355537 -0.1748083102680701
2501 -0.07159003896643701 0.07815208631873626 -0.07838580777995248
2502 0.136902455278133 -0.03768582294131219 0.0425322952964179
2503 -0.05815688129928911 -0.1391707539661049 0.001433332234378165
2504 0.06718373546876115 0.0750538496919909 0.04893075337213613
2505 0.1428084311316776 0.1050871745083676 0.01128011319056008
2506 0.0659213884498783 0.06741243683555022 -0.06901835864599797
2507 0.0141987165933226 -0.05142043551763817 0.09949738278957994
2508 -0.1044661523205532 0.1179005460712259 -0.08093543813465547
2509 -0.0987253034825749 0.1426350733192491 0.04483775733502511
2510 0.01378831665575783 -0.002684727061912723 0.1275701944302339
2511 -0.1722566719728629 0.02910312913935906 0.0213976917812084
2512 -0.1233236618762968 0.06285912755035943 -0.02886288329233613
2513 0.09349747847204655 -0.1341440300067585 0.06595788315749047
2514 -0.06676361196361782 -0.09645414890398842 -0.1313095493099114
2515 -0.09110796127339915 -0.1172935659961966 0.0945846264210066
$EndNodes
$Elements
14299
1 2 2 1 1 1 754 33
2 2 2 1 1 33 761 1
3 2 2 1 1 111 754 1
4 2 2 1 1 1 1024 111
5 2 2 1 1 647 1024 1
6 2 2 1 1 1 1109 647
7 2 2 1 1 761 1109 1
8 2 2 1 1 9 110 2
9 2 2 1 1 2 1115 9
10 2 2 1 1 110 930 2
11 2 2 1 1 2 944 127
12 2 2 1 1 127 1115 2
13 2 2 1 1 2 924 630
14 2 2 1 1 630 944 2
15 2 2 1 1 2 930 924
16 2 2 1 1 10 110 9
17 2 2 1 1 9 1115 10
18 2 2 1 1 10 115 11
19 2 2 1 1 11 129 10
20 2 2 1 1 10 129 110
21 2 2 1 1 10 1116 115
22 2 2 1 1 1115 1116 10
23 2 2 1 1 12 112 11
24 2 2 1 1 11 766 12
25 2 2 1 1 112 129 11
26 2 2 1 1 115 766 11
27 2 2 1 1 13 748 12
28 2 2 1 1 12 765 13
29 2 2 1 1 12 748 112
30 2 2 1 1 12 766 765
31 2 2 1 1 13 123 14
32 2 2 1 1 14 939 13
33 2 2 1 1 13 765 123
34 2 2 1 1 13 939 748
35 2 2 1 1 15 120 14
36 2 2 1 1 14 755 15
37 2 2 1 1 120 939 14
38 2 2 1 1 123 755 14
39 2 2 1 1 15 756 16
40 2 2 1 1 16 769 15
41 2 2 1 1 15 769 120
42 2 2 1 1 755 756 15
43 2 2 1 1 16 114 17
44 2 2 1 1 17 770 16
45 2 2 1 1 16 756 114
46 2 2 1 1 16 770 769
47 2 2 1 1 18 108 17
48 2 2 1 1 17 760 18
49 2 2 1 1 108 770 17
50 2 2 1 1 114 760 17
51 2 2 1 1 19 742 18
52 2 2 1 1 18 1047 19
53 2 2 1 1 18 742 108
54 2 2 1 1 760 1047 18
55 2 2 1 1 19 121 20
56 2 2 1 1 20 126 19
57 2 2 1 1 19 1047 121
58 2 2 1 1 126 742 19
59 2 2 1 1 21 763 20
60 2 2 1 1 20 1055 21
61 2 2 1 1 121 1055 20
62 2 2 1 1 20 763 126
63 2 2 1 1 22 952 21
64 2 2 1 1 21 1057 22
65 2 2 1 1 21 1055 701
66 2 2 1 1 701 1057 21
67 2 2 1 1 21 952 763
68 2 2 1 1 22 113 23
69 2 2 1 1 23 117 22
70 2 2 1 1 22 1057 113
71 2 2 1 1 117 952 22
72 2 2 1 1 24 713 23
73 2 2 1 1 23 764 24
74 2 2 1 1 113 764 23
75 2 2 1 1 23 713 117
76 2 2 1 1 24 774 25
77 2 2 1 1 25 962 24
78 2 2 1 1 24 962 713
79 2 2 1 1 764 774 24
80 2 2 1 1 26 124 25
81 2 2 1 1 25 125 26
82 2 2 1 1 124 962 25
83 2 2 1 1 25 774 125
84 2 2 1 1 26 130 27
85 2 2 1 1 27 998 26
86 2 2 1 1 26 998 124
87 2 2 1 1 125 130 26
88 2 2 1 1 27 109 28
89 2 2 1 1 28 1096 27
90 2 2 1 1 27 130 109
91 2 2 1 1 27 1096 998
92 2 2 1 1 29 118 28
93 2 2 1 1 28 759 29
94 2 2 1 1 109 759 28
95 2 2 1 1 118 1096 28
96 2 2 1 1 29 122 30
97 2 2 1 1 30 1036 29
98 2 2 1 1 29 1036 118
99 2 2 1 1 29 759 122
100 2 2 1 1 31 128 30
101 2 2 1 1 30 999 31
102 2 2 1 1 122 999 30
103 2 2 1 1 128 1036 30
104 2 2 1 1 32 767 31
105 2 2 1 1 31 1000 32
106 2 2 1 1 31 767 128
107 2 2 1 1 999 1000 31
108 2 2 1 1 32 116 33
109 2 2 1 1 33 119 32
110 2 2 1 1 32 1000 116
111 2 2 1 1 119 767 32
112 2 2 1 1 116 761 33
113 2 2 1 1 33 754 119
114 2 2 1 1 742 743 108
115 2 2 1 1 743 989 108
116 2 2 1 1 108 989 770
117 2 2 1 1 130 133 109
118 2 2 1 1 133 134 109
119 2 2 1 1 134 759 109
120 2 2 1 1 129 289 110
121 2 2 1 1 289 292 110
122 2 2 1 1 292 930 110
123 2 2 1 1 111 1130 754
124 2 2 1 1 111 1024 865
125 2 2 1 1 865 1130 111
126 2 2 1 1 112 746 129
127 2 2 1 1 112 747 746
128 2 2 1 1 112 748 747
129 2 2 1 1 113 987 764
130 2 2 1 1 113 1023 987
131 2 2 1 1 113 1057 1023
132 2 2 1 1 756 757 114
133 2 2 1 1 757 1035 114
134 2 2 1 1 114 1035 760
135 2 2 1 1 727 728 115
136 2 2 1 1 115 1116 727
137 2 2 1 1 728 729 115
138 2 2 1 1 729 766 115
139 2 2 1 1 116 762 761
140 2 2 1 1 116 1078 762
141 2 2 1 1 1000 1078 116
142 2 2 1 1 117 713 686
143 2 2 1 1 686 1106 117
144 2 2 1 1 117 1106 952
145 2 2 1 1 736 737 118
146 2 2 1 1 118 738 736
147 2 2 1 1 737 1096 118
148 2 2 1 1 118 1036 738
149 2 2 1 1 754 1103 119
150 2 2 1 1 119 1092 767
151 2 2 1 1 119 1103 1092
152 2 2 1 1 769 771 120
153 2 2 1 1 771 772 120
154 2 2 1 1 772 939 120
155 2 2 1 1 687 936 121
156 2 2 1 1 121 1047 687
157 2 2 1 1 936 1128 121
158 2 2 1 1 121 1128 1055
159 2 2 1 1 759 954 122
160 2 2 1 1 954 955 122
161 2 2 1 1 955 999 122
162 2 2 1 1 123 966 755
163 2 2 1 1 765 893 123
164 2 2 1 1 893 966 123
165 2 2 1 1 688 709 124
166 2 2 1 1 124 998 688
167 2 2 1 1 709 1075 124
168 2 2 1 1 124 1075 962
169 2 2 1 1 125 131 130
170 2 2 1 1 125 132 131
171 2 2 1 1 125 774 132
172 2 2 1 1 126 1066 742
173 2 2 1 1 763 1079 126
174 2 2 1 1 876 1066 126
175 2 2 1 1 126 1079 876
176 2 2 1 1 690 716 127
177 2 2 1 1 127 944 690
178 2 2 1 1 716 727 127
179 2 2 1 1 727 1115 127
180 2 2 1 1 767 768 128
181 2 2 1 1 768 1126 128
182 2 2 1 1 128 1126 1036
183 2 2 1 1 129 746 289
184 2 2 1 1 131 133 130
185 2 2 1 1 132 137 131
186 2 2 1 1 131 934 133
187 2 2 1 1 137 934 131
188 2 2 1 1 132 138 137
189 2 2 1 1 132 788 138
190 2 2 1 1 774 788 132
191 2 2 1 1 133 135 134
192 2 2 1 1 133 934 135
193 2 2 1 1 135 136 134
194 2 2 1 1 136 954 134
195 2 2 1 1 134 954 759
196 2 2 1 1 135 140 136
197 2 2 1 1 135 972 140
198 2 2 1 1 934 972 135
199 2 2 1 1 140 142 136
200 2 2 1 1 142 143 136
201 2 2 1 1 143 954 136
202 2 2 1 1 138 139 137
203 2 2 1 1 139 147 137
204 2 2 1 1 147 934 137
205 2 2 1 1 138 141 139
206 2 2 1 1 138 148 141
207 2 2 1 1 138 788 148
208 2 2 1 1 141 160 139
209 2 2 1 1 139 1068 147
210 2 2 1 1 160 1068 139
211 2 2 1 1 140 162 142
212 2 2 1 1 140 677 162
213 2 2 1 1 140 972 677
214 2 2 1 1 148 149 141
215 2 2 1 1 149 789 141
216 2 2 1 1 141 789 160
217 2 2 1 1 142 144 143
218 2 2 1 1 142 925 144
219 2 2 1 1 162 925 142
220 2 2 1 1 144 145 143
221 2 2 1 1 145 955 143
222 2 2 1 1 143 955 954
223 2 2 1 1 144 146 145
224 2 2 1 1 144 791 146
225 2 2 1 1 144 925 791
226 2 2 1 1 146 154 145
227 2 2 1 1 154 156 145
228 2 2 1 1 156 955 145
229 2 2 1 1 146 155 154
230 2 2 1 1 146 161 155
231 2 2 1 1 146 791 161
232 2 2 1 1 147 972 934
233 2 2 1 1 147 1031 972
234 2 2 1 1 147 1068 1031
235 2 2 1 1 148 150 149
236 2 2 1 1 148 987 150
237 2 2 1 1 788 987 148
238 2 2 1 1 150 151 149
239 2 2 1 1 151 164 149
240 2 2 1 1 164 789 149
241 2 2 1 1 150 152 151
242 2 2 1 1 150 1023 152
243 2 2 1 1 987 1023 150
244 2 2 1 1 152 153 151
245 2 2 1 1 153 790 151
246 2 2 1 1 151 790 164
247 2 2 1 1 152 157 153
248 2 2 1 1 152 701 157
249 2 2 1 1 152 1023 701
250 2 2 1 1 157 158 153
251 2 2 1 1 158 159 153
252 2 2 1 1 159 790 153
253 2 2 1 1 155 1044 154
254 2 2 1 1 154 1078 156
255 2 2 1 1 1044 1078 154
256 2 2 1 1 161 260 155
257 2 2 1 1 260 324 155
258 2 2 1 1 324 1044 155
259 2 2 1 1 156 999 955
260 2 2 1 1 156 1000 999
261 2 2 1 1 156 1078 1000
262 2 2 1 1 157 936 158
263 2 2 1 1 701 1128 157
264 2 2 1 1 157 1128 936
265 2 2 1 1 158 163 159
266 2 2 1 1 158 165 163
267 2 2 1 1 158 936 165
268 2 2 1 1 163 863 159
269 2 2 1 1 159 968 790
270 2 2 1 1 863 968 159
271 2 2 1 1 160 961 707
272 2 2 1 1 707 1068 160
273 2 2 1 1 789 1111 160
274 2 2 1 1 160 1111 961
275 2 2 1 1 161 456 260
276 2 2 1 1 161 469 456
277 2 2 1 1 161 791 469
278 2 2 1 1 677 680 162
279 2 2 1 1 680 992 162
280 2 2 1 1 162 992 925
281 2 2 1 1 165 166 163
282 2 2 1 1 166 167 163
283 2 2 1 1 167 863 163
284 2 2 1 1 164 1064 789
285 2 2 1 1 790 1013 164
286 2 2 1 1 1013 1064 164
287 2 2 1 1 165 632 166
288 2 2 1 1 165 687 632
289 2 2 1 1 165 936 687
290 2 2 1 1 166 168 167
291 2 2 1 1 166 847 168
292 2 2 1 1 632 847 166
293 2 2 1 1 168 169 167
294 2 2 1 1 169 171 167
295 2 2 1 1 171 863 167
296 2 2 1 1 168 170 169
297 2 2 1 1 168 172 170
298 2 2 1 1 168 847 172
299 2 2 1 1 170 849 169
300 2 2 1 1 169 176 171
301 2 2 1 1 169 849 176
302 2 2 1 1 172 173 170
303 2 2 1 1 173 174 170
304 2 2 1 1 174 849 170
305 2 2 1 1 176 177 171
306 2 2 1 1 177 862 171
307 2 2 1 1 862 863 171
308 2 2 1 1 172 897 173
309 2 2 1 1 847 1040 172
310 2 2 1 1 172 1040 897
311 2 2 1 1 173 175 174
312 2 2 1 1 173 178 175
313 2 2 1 1 173 897 178
314 2 2 1 1 175 186 174
315 2 2 1 1 186 638 174
316 2 2 1 1 638 849 174
317 2 2 1 1 178 179 175
318 2 2 1 1 179 855 175
319 2 2 1 1 175 855 186
320 2 2 1 1 176 183 177
321 2 2 1 1 176 898 183
322 2 2 1 1 849 898 176
323 2 2 1 1 183 184 177
324 2 2 1 1 184 187 177
325 2 2 1 1 187 862 177
326 2 2 1 1 178 180 179
327 2 2 1 1 178 596 180
328 2 2 1 1 178 897 596
329 2 2 1 1 180 181 179
330 2 2 1 1 181 182 179
331 2 2 1 1 182 855 179
332 2 2 1 1 180 191 181
333 2 2 1 1 180 893 191
334 2 2 1 1 596 893 180
335 2 2 1 1 181 185 182
336 2 2 1 1 181 866 185
337 2 2 1 1 191 866 181
338 2 2 1 1 185 200 182
339 2 2 1 1 200 804 182
340 2 2 1 1 804 855 182
341 2 2 1 1 183 199 184
342 2 2 1 1 183 204 199
343 2 2 1 1 183 898 204
344 2 2 1 1 184 188 187
345 2 2 1 1 184 894 188
346 2 2 1 1 199 894 184
347 2 2 1 1 185 202 200
348 2 2 1 1 185 730 202
349 2 2 1 1 185 866 730
350 2 2 1 1 186 639 638
351 2 2 1 1 186 640 639
352 2 2 1 1 186 855 640
353 2 2 1 1 188 189 187
354 2 2 1 1 189 594 187
355 2 2 1 1 594 862 187
356 2 2 1 1 188 190 189
357 2 2 1 1 188 948 190
358 2 2 1 1 894 948 188
359 2 2 1 1 190 192 189
360 2 2 1 1 192 867 189
361 2 2 1 1 189 867 594
362 2 2 1 1 190 193 192
363 2 2 1 1 190 203 193
364 2 2 1 1 190 948 203
365 2 2 1 1 729 866 191
366 2 2 1 1 191 1071 729
367 2 2 1 1 893 1071 191
368 2 2 1 1 193 194 192
369 2 2 1 1 194 667 192
370 2 2 1 1 667 867 192
371 2 2 1 1 193 195 194
372 2 2 1 1 193 841 195
373 2 2 1 1 203 841 193
374 2 2 1 1 195 196 194
375 2 2 1 1 196 961 194
376 2 2 1 1 194 961 667
377 2 2 1 1 195 197 196
378 2 2 1 1 195 198 197
379 2 2 1 1 195 841 198
380 2 2 1 1 197 570 196
381 2 2 1 1 570 707 196
382 2 2 1 1 707 961 196
383 2 2 1 1 198 201 197
384 2 2 1 1 201 886 197
385 2 2 1 1 197 886 570
386 2 2 1 1 198 206 201
387 2 2 1 1 198 585 206
388 2 2 1 1 198 841 585
389 2 2 1 1 204 205 199
390 2 2 1 1 205 481 199
391 2 2 1 1 481 894 199
392 2 2 1 1 202 207 200
393 2 2 1 1 207 212 200
394 2 2 1 1 212 804 200
395 2 2 1 1 206 209 201
396 2 2 1 1 209 556 201
397 2 2 1 1 556 886 201
398 2 2 1 1 202 208 207
399 2 2 1 1 202 534 208
400 2 2 1 1 202 730 534
401 2 2 1 1 203 1042 841
402 2 2 1 1 948 991 203
403 2 2 1 1 991 1042 203
404 2 2 1 1 204 577 205
405 2 2 1 1 204 985 577
406 2 2 1 1 898 985 204
407 2 2 1 1 205 482 481
408 2 2 1 1 205 1016 482
409 2 2 1 1 577 1016 205
410 2 2 1 1 206 210 209
411 2 2 1 1 206 911 210
412 2 2 1 1 585 911 206
413 2 2 1 1 208 956 207
414 2 2 1 1 207 213 212
415 2 2 1 1 207 956 213
416 2 2 1 1 534 1069 208
417 2 2 1 1 942 956 208
418 2 2 1 1 208 1069 942
419 2 2 1 1 210 211 209
420 2 2 1 1 211 739 209
421 2 2 1 1 209 739 556
422 2 2 1 1 210 218 211
423 2 2 1 1 210 220 218
424 2 2 1 1 210 911 220
425 2 2 1 1 218 906 211
426 2 2 1 1 211 1105 739
427 2 2 1 1 906 1105 211
428 2 2 1 1 213 214 212
429 2 2 1 1 214 803 212
430 2 2 1 1 803 804 212
431 2 2 1 1 213 215 214
432 2 2 1 1 213 923 215
433 2 2 1 1 213 956 923
434 2 2 1 1 215 216 214
435 2 2 1 1 216 498 214
436 2 2 1 1 498 803 214
437 2 2 1 1 215 217 216
438 2 2 1 1 215 219 217
439 2 2 1 1 215 923 219
440 2 2 1 1 217 837 216
441 2 2 1 1 216 581 498
442 2 2 1 1 216 837 581
443 2 2 1 1 219 227 217
444 2 2 1 1 227 256 217
445 2 2 1 1 256 837 217
446 2 2 1 1 220 221 218
447 2 2 1 1 221 222 218
448 2 2 1 1 222 906 218
449 2 2 1 1 219 228 227
450 2 2 1 1 219 919 228
451 2 2 1 1 219 923 919
452 2 2 1 1 220 814 221
453 2 2 1 1 220 1083 814
454 2 2 1 1 911 1083 220
455 2 2 1 1 221 223 222
456 2 2 1 1 221 247 223
457 2 2 1 1 221 814 247
458 2 2 1 1 223 224 222
459 2 2 1 1 224 333 222
460 2 2 1 1 333 906 222
461 2 2 1 1 223 225 224
462 2 2 1 1 223 1032 225
463 2 2 1 1 247 1032 223
464 2 2 1 1 225 226 224
465 2 2 1 1 226 843 224
466 2 2 1 1 224 843 333
467 2 2 1 1 225 229 226
468 2 2 1 1 225 443 229
469 2 2 1 1 225 1032 443
470 2 2 1 1 229 230 226
471 2 2 1 1 230 300 226
472 2 2 1 1 300 843 226
473 2 2 1 1 228 237 227
474 2 2 1 1 237 920 227
475 2 2 1 1 227 920 256
476 2 2 1 1 228 255 237
477 2 2 1 1 228 302 255
478 2 2 1 1 228 919 302
479 2 2 1 1 229 231 230
480 2 2 1 1 229 817 231
481 2 2 1 1 443 817 229
482 2 2 1 1 231 232 230
483 2 2 1 1 232 860 230
484 2 2 1 1 230 860 300
485 2 2 1 1 231 233 232
486 2 2 1 1 231 818 233
487 2 2 1 1 817 818 231
488 2 2 1 1 233 234 232
489 2 2 1 1 234 858 232
490 2 2 1 1 858 860 232
491 2 2 1 1 233 235 234
492 2 2 1 1 233 240 235
493 2 2 1 1 233 818 240
494 2 2 1 1 235 236 234
495 2 2 1 1 236 238 234
496 2 2 1 1 238 858 234
497 2 2 1 1 235 869 236
498 2 2 1 1 240 241 235
499 2 2 1 1 241 869 235
500 2 2 1 1 236 239 238
501 2 2 1 1 236 870 239
502 2 2 1 1 869 870 236
503 2 2 1 1 255 311 237
504 2 2 1 1 311 334 237
505 2 2 1 1 334 920 237
506 2 2 1 1 239 242 238
507 2 2 1 1 242 479 238
508 2 2 1 1 479 858 238
509 2 2 1 1 239 243 242
510 2 2 1 1 239 244 243
511 2 2 1 1 239 870 244
512 2 2 1 1 240 248 241
513 2 2 1 1 240 332 248
514 2 2 1 1 240 818 332
515 2 2 1 1 248 249 241
516 2 2 1 1 249 478 241
517 2 2 1 1 478 869 241
518 2 2 1 1 243 912 242
519 2 2 1 1 242 965 479
520 2 2 1 1 912 965 242
521 2 2 1 1 244 245 243
522 2 2 1 1 245 250 243
523 2 2 1 1 250 912 243
524 2 2 1 1 244 246 245
525 2 2 1 1 244 593 246
526 2 2 1 1 244 870 593
527 2 2 1 1 246 802 245
528 2 2 1 1 245 251 250
529 2 2 1 1 245 802 251
530 2 2 1 1 593 598 246
531 2 2 1 1 598 945 246
532 2 2 1 1 246 945 802
533 2 2 1 1 814 815 247
534 2 2 1 1 815 875 247
535 2 2 1 1 875 1032 247
536 2 2 1 1 248 253 249
537 2 2 1 1 248 852 253
538 2 2 1 1 332 852 248
539 2 2 1 1 253 254 249
540 2 2 1 1 254 899 249
541 2 2 1 1 249 899 478
542 2 2 1 1 251 252 250
543 2 2 1 1 252 902 250
544 2 2 1 1 902 912 250
545 2 2 1 1 251 318 252
546 2 2 1 1 251 327 318
547 2 2 1 1 251 802 327
548 2 2 1 1 318 319 252
549 2 2 1 1 319 320 252
550 2 2 1 1 320 902 252
551 2 2 1 1 253 257 254
552 2 2 1 1 253 259 257
553 2 2 1 1 253 852 259
554 2 2 1 1 257 258 254
555 2 2 1 1 258 853 254
556 2 2 1 1 853 899 254
557 2 2 1 1 302 303 255
558 2 2 1 1 303 819 255
559 2 2 1 1 255 819 311
560 2 2 1 1 699 837 256
561 2 2 1 1 256 1030 699
562 2 2 1 1 920 1030 256
563 2 2 1 1 257 261 258
564 2 2 1 1 259 1005 257
565 2 2 1 1 257 1005 261
566 2 2 1 1 261 262 258
567 2 2 1 1 262 263 258
568 2 2 1 1 263 853 258
569 2 2 1 1 852 1033 259
570 2 2 1 1 259 1125 1005
571 2 2 1 1 1033 1125 259
572 2 2 1 1 260 325 324
573 2 2 1 1 260 885 325
574 2 2 1 1 456 885 260
575 2 2 1 1 261 294 262
576 2 2 1 1 261 451 294
577 2 2 1 1 261 1005 451
578 2 2 1 1 262 264 263
579 2 2 1 1 262 1014 264
580 2 2 1 1 294 1014 262
581 2 2 1 1 264 265 263
582 2 2 1 1 265 445 263
583 2 2 1 1 445 853 263
584 2 2 1 1 264 266 265
585 2 2 1 1 264 480 266
586 2 2 1 1 264 1014 480
587 2 2 1 1 266 267 265
588 2 2 1 1 267 921 265
589 2 2 1 1 265 921 445
590 2 2 1 1 266 268 267
591 2 2 1 1 266 842 268
592 2 2 1 1 480 842 266
593 2 2 1 1 268 269 267
594 2 2 1 1 269 307 267
595 2 2 1 1 307 921 267
596 2 2 1 1 268 270 269
597 2 2 1 1 268 271 270
598 2 2 1 1 268 842 271
599 2 2 1 1 270 836 269
600 2 2 1 1 269 313 307
601 2 2 1 1 269 836 313
602 2 2 1 1 271 272 270
603 2 2 1 1 272 288 270
604 2 2 1 1 288 836 270
605 2 2 1 1 271 273 272
606 2 2 1 1 271 787 273
607 2 2 1 1 271 842 787
608 2 2 1 1 273 274 272
609 2 2 1 1 274 813 272
610 2 2 1 1 272 813 288
611 2 2 1 1 273 275 274
612 2 2 1 1 273 284 275
613 2 2 1 1 273 787 284
614 2 2 1 1 275 276 274
615 2 2 1 1 276 812 274
616 2 2 1 1 812 813 274
617 2 2 1 1 275 277 276
618 2 2 1 1 275 1118 277
619 2 2 1 1 284 1118 275
620 2 2 1 1 277 278 276
621 2 2 1 1 278 291 276
622 2 2 1 1 291 812 276
623 2 2 1 1 277 279 278
624 2 2 1 1 277 735 279
625 2 2 1 1 277 1118 735
626 2 2 1 1 279 280 278
627 2 2 1 1 280 970 278
628 2 2 1 1 278 970 291
629 2 2 1 1 279 281 280
630 2 2 1 1 279 283 281
631 2 2 1 1 279 735 283
632 2 2 1 1 281 282 280
633 2 2 1 1 282 946 280
634 2 2 1 1 946 970 280
635 2 2 1 1 281 285 282
636 2 2 1 1 283 1124 281
637 2 2 1 1 281 1124 285
638 2 2 1 1 285 286 282
639 2 2 1 1 286 287 282
640 2 2 1 1 287 946 282
641 2 2 1 1 283 735 723
642 2 2 1 1 723 951 283
643 2 2 1 1 951 1124 283
644 2 2 1 1 689 785 284
645 2 2 1 1 284 786 689
646 2 2 1 1 785 1118 284
647 2 2 1 1 284 787 786
648 2 2 1 1 285 722 286
649 2 2 1 1 285 1089 722
650 2 2 1 1 733 1089 285
651 2 2 1 1 285 1124 733
652 2 2 1 1 286 290 287
653 2 2 1 1 286 741 290
654 2 2 1 1 722 741 286
655 2 2 1 1 290 343 287
656 2 2 1 1 343 823 287
657 2 2 1 1 823 946 287
658 2 2 1 1 813 1049 288
659 2 2 1 1 288 969 836
660 2 2 1 1 288 1049 969
661 2 2 1 1 289 293 292
662 2 2 1 1 289 928 293
663 2 2 1 1 746 928 289
664 2 2 1 1 290 344 343
665 2 2 1 1 290 561 344
666 2 2 1 1 290 741 561
667 2 2 1 1 291 1090 812
668 2 2 1 1 970 1019 291
669 2 2 1 1 1019 1090 291
670 2 2 1 1 293 295 292
671 2 2 1 1 295 308 292
672 2 2 1 1 308 930 292
673 2 2 1 1 293 296 295
674 2 2 1 1 293 297 296
675 2 2 1 1 293 928 297
676 2 2 1 1 451 1110 294
677 2 2 1 1 294 1077 1014
678 2 2 1 1 294 1110 1077
679 2 2 1 1 296 926 295
680 2 2 1 1 295 309 308
681 2 2 1 1 295 926 309
682 2 2 1 1 297 298 296
683 2 2 1 1 298 301 296
684 2 2 1 1 301 926 296
685 2 2 1 1 297 299 298
686 2 2 1 1 297 335 299
687 2 2 1 1 297 928 335
688 2 2 1 1 299 342 298
689 2 2 1 1 298 807 301
690 2 2 1 1 342 807 298
691 2 2 1 1 335 336 299
692 2 2 1 1 336 809 299
693 2 2 1 1 299 809 342
694 2 2 1 1 300 1002 843
695 2 2 1 1 860 986 300
696 2 2 1 1 986 1002 300
697 2 2 1 1 807 1037 301
698 2 2 1 1 301 976 926
699 2 2 1 1 301 1037 976
700 2 2 1 1 302 304 303
701 2 2 1 1 302 850 304
702 2 2 1 1 302 919 850
703 2 2 1 1 304 305 303
704 2 2 1 1 305 312 303
705 2 2 1 1 312 819 303
706 2 2 1 1 304 306 305
707 2 2 1 1 304 503 306
708 2 2 1 1 304 850 503
709 2 2 1 1 306 776 305
710 2 2 1 1 305 444 312
711 2 2 1 1 305 776 444
712 2 2 1 1 503 504 306
713 2 2 1 1 504 578 306
714 2 2 1 1 578 776 306
715 2 2 1 1 313 314 307
716 2 2 1 1 314 1076 307
717 2 2 1 1 307 1076 921
718 2 2 1 1 309 310 308
719 2 2 1 1 310 924 308
720 2 2 1 1 924 930 308
721 2 2 1 1 309 462 310
722 2 2 1 1 309 563 462
723 2 2 1 1 309 926 563
724 2 2 1 1 462 509 310
725 2 2 1 1 509 510 310
726 2 2 1 1 510 924 310
727 2 2 1 1 311 505 334
728 2 2 1 1 311 821 505
729 2 2 1 1 819 821 311
730 2 2 1 1 444 474 312
731 2 2 1 1 474 820 312
732 2 2 1 1 312 820 819
733 2 2 1 1 313 315 314
734 2 2 1 1 313 810 315
735 2 2 1 1 313 836 810
736 2 2 1 1 315 316 314
737 2 2 1 1 316 495 314
738 2 2 1 1 495 1076 314
739 2 2 1 1 315 317 316
740 2 2 1 1 315 337 317
741 2 2 1 1 315 810 337
742 2 2 1 1 317 931 316
743 2 2 1 1 316 550 495
744 2 2 1 1 316 931 550
745 2 2 1 1 337 339 317
746 2 2 1 1 339 895 317
747 2 2 1 1 895 931 317
748 2 2 1 1 318 922 319
749 2 2 1 1 327 328 318
750 2 2 1 1 328 922 318
751 2 2 1 1 319 321 320
752 2 2 1 1 319 831 321
753 2 2 1 1 319 922 831
754 2 2 1 1 321 322 320
755 2 2 1 1 322 326 320
756 2 2 1 1 326 902 320
757 2 2 1 1 321 323 322
758 2 2 1 1 321 329 323
759 2 2 1 1 321 831 329
760 2 2 1 1 323 905 322
761 2 2 1 1 322 467 326
762 2 2 1 1 322 905 467
763 2 2 1 1 329 330 323
764 2 2 1 1 330 331 323
765 2 2 1 1 331 905 323
766 2 2 1 1 325 471 324
767 2 2 1 1 471 1043 324
768 2 2 1 1 324 1043 762
769 2 2 1 1 762 1044 324
770 2 2 1 1 325 532 471
771 2 2 1 1 325 533 532
772 2 2 1 1 325 885 533
773 2 2 1 1 467 468 326
774 2 2 1 1 468 644 326
775 2 2 1 1 644 902 326
776 2 2 1 1 327 475 328
777 2 2 1 1 327 617 475
778 2 2 1 1 327 802 617
779 2 2 1 1 475 476 328
780 2 2 1 1 476 539 328
781 2 2 1 1 539 922 328
782 2 2 1 1 329 338 330
783 2 2 1 1 329 971 338
784 2 2 1 1 831 971 329
785 2 2 1 1 330 838 331
786 2 2 1 1 338 419 330
787 2 2 1 1 419 838 330
788 2 2 1 1 331 838 745
789 2 2 1 1 745 1082 331
790 2 2 1 1 331 1082 905
791 2 2 1 1 818 938 332
792 2 2 1 1 332 1112 852
793 2 2 1 1 938 1112 332
794 2 2 1 1 843 844 333
795 2 2 1 1 844 1007 333
796 2 2 1 1 333 1007 906
797 2 2 1 1 505 506 334
798 2 2 1 1 506 589 334
799 2 2 1 1 589 920 334
800 2 2 1 1 335 457 336
801 2 2 1 1 335 591 457
802 2 2 1 1 335 928 591
803 2 2 1 1 457 500 336
804 2 2 1 1 500 548 336
805 2 2 1 1 548 809 336
806 2 2 1 1 337 340 339
807 2 2 1 1 337 597 340
808 2 2 1 1 337 810 597
809 2 2 1 1 338 430 419
810 2 2 1 1 338 431 430
811 2 2 1 1 338 971 431
812 2 2 1 1 340 341 339
813 2 2 1 1 341 441 339
814 2 2 1 1 441 895 339
815 2 2 1 1 340 345 341
816 2 2 1 1 340 950 345
817 2 2 1 1 597 950 340
818 2 2 1 1 345 346 341
819 2 2 1 1 346 854 341
820 2 2 1 1 341 854 441
821 2 2 1 1 806 807 342
822 2 2 1 1 342 808 806
823 2 2 1 1 342 809 808
824 2 2 1 1 344 347 343
825 2 2 1 1 347 349 343
826 2 2 1 1 349 823 343
827 2 2 1 1 344 913 347
828 2 2 1 1 561 562 344
829 2 2 1 1 562 913 344
830 2 2 1 1 345 348 346
831 2 2 1 1 345 883 348
832 2 2 1 1 345 950 883
833 2 2 1 1 348 353 346
834 2 2 1 1 353 387 346
835 2 2 1 1 387 854 346
836 2 2 1 1 347 350 349
837 2 2 1 1 347 351 350
838 2 2 1 1 347 913 351
839 2 2 1 1 348 436 353
840 2 2 1 1 348 437 436
841 2 2 1 1 348 883 437
842 2 2 1 1 350 442 349
843 2 2 1 1 442 537 349
844 2 2 1 1 537 823 349
845 2 2 1 1 351 352 350
846 2 2 1 1 352 916 350
847 2 2 1 1 350 916 442
848 2 2 1 1 351 354 352
849 2 2 1 1 351 914 354
850 2 2 1 1 913 914 351
851 2 2 1 1 354 355 352
852 2 2 1 1 355 418 352
853 2 2 1 1 418 916 352
854 2 2 1 1 353 388 387
855 2 2 1 1 353 839 388
856 2 2 1 1 436 839 353
857 2 2 1 1 354 356 355
858 2 2 1 1 354 433 356
859 2 2 1 1 354 914 433
860 2 2 1 1 356 357 355
861 2 2 1 1 357 744 355
862 2 2 1 1 355 744 418
863 2 2 1 1 356 358 357
864 2 2 1 1 356 997 358
865 2 2 1 1 433 997 356
866 2 2 1 1 358 359 357
867 2 2 1 1 359 435 357
868 2 2 1 1 435 744 357
869 2 2 1 1 358 360 359
870 2 2 1 1 358 420 360
871 2 2 1 1 358 997 420
872 2 2 1 1 360 361 359
873 2 2 1 1 361 1028 359
874 2 2 1 1 359 1028 435
875 2 2 1 1 360 362 361
876 2 2 1 1 360 1098 362
877 2 2 1 1 420 1098 360
878 2 2 1 1 362 363 361
879 2 2 1 1 363 864 361
880 2 2 1 1 864 1028 361
881 2 2 1 1 362 364 363
882 2 2 1 1 362 988 364
883 2 2 1 1 362 1098 988
884 2 2 1 1 364 365 363
885 2 2 1 1 365 380 363
886 2 2 1 1 380 864 363
887 2 2 1 1 364 366 365
888 2 2 1 1 364 381 366
889 2 2 1 1 364 988 381
890 2 2 1 1 366 367 365
891 2 2 1 1 367 1011 365
892 2 2 1 1 365 1011 380
893 2 2 1 1 366 368 367
894 2 2 1 1 366 1088 368
895 2 2 1 1 381 1088 366
896 2 2 1 1 368 369 367
897 2 2 1 1 369 830 367
898 2 2 1 1 830 1011 367
899 2 2 1 1 368 370 369
900 2 2 1 1 368 805 370
901 2 2 1 1 368 1088 805
902 2 2 1 1 370 371 369
903 2 2 1 1 371 372 369
904 2 2 1 1 372 830 369
905 2 2 1 1 370 373 371
906 2 2 1 1 370 375 373
907 2 2 1 1 370 805 375
908 2 2 1 1 371 825 372
909 2 2 1 1 373 374 371
910 2 2 1 1 374 825 371
911 2 2 1 1 825 826 372
912 2 2 1 1 826 827 372
913 2 2 1 1 827 830 372
914 2 2 1 1 373 932 374
915 2 2 1 1 375 376 373
916 2 2 1 1 376 932 373
917 2 2 1 1 374 1086 825
918 2 2 1 1 932 993 374
919 2 2 1 1 993 1086 374
920 2 2 1 1 375 377 376
921 2 2 1 1 375 477 377
922 2 2 1 1 375 805 477
923 2 2 1 1 377 378 376
924 2 2 1 1 378 903 376
925 2 2 1 1 903 932 376
926 2 2 1 1 377 379 378
927 2 2 1 1 377 915 379
928 2 2 1 1 477 915 377
929 2 2 1 1 379 382 378
930 2 2 1 1 382 383 378
931 2 2 1 1 383 903 378
932 2 2 1 1 379 384 382
933 2 2 1 1 379 385 384
934 2 2 1 1 379 915 385
935 2 2 1 1 380 958 864
936 2 2 1 1 873 958 380
937 2 2 1 1 380 1011 873
938 2 2 1 1 780 782 381
939 2 2 1 1 381 988 780
940 2 2 1 1 782 783 381
941 2 2 1 1 783 1088 381
942 2 2 1 1 382 389 383
943 2 2 1 1 384 832 382
944 2 2 1 1 382 832 389
945 2 2 1 1 389 390 383
946 2 2 1 1 390 845 383
947 2 2 1 1 845 903 383
948 2 2 1 1 385 386 384
949 2 2 1 1 386 834 384
950 2 2 1 1 384 834 832
951 2 2 1 1 385 393 386
952 2 2 1 1 385 907 393
953 2 2 1 1 385 915 907
954 2 2 1 1 393 394 386
955 2 2 1 1 394 395 386
956 2 2 1 1 395 834 386
957 2 2 1 1 388 391 387
958 2 2 1 1 391 587 387
959 2 2 1 1 587 854 387
960 2 2 1 1 388 392 391
961 2 2 1 1 388 416 392
962 2 2 1 1 388 839 416
963 2 2 1 1 389 398 390
964 2 2 1 1 389 833 398
965 2 2 1 1 832 833 389
966 2 2 1 1 398 399 390
967 2 2 1 1 399 429 390
968 2 2 1 1 429 845 390
969 2 2 1 1 392 396 391
970 2 2 1 1 396 908 391
971 2 2 1 1 391 908 587
972 2 2 1 1 392 397 396
973 2 2 1 1 392 840 397
974 2 2 1 1 416 840 392
975 2 2 1 1 393 423 394
976 2 2 1 1 393 452 423
977 2 2 1 1 393 907 452
978 2 2 1 1 394 417 395
979 2 2 1 1 394 857 417
980 2 2 1 1 423 857 394
981 2 2 1 1 417 425 395
982 2 2 1 1 425 927 395
983 2 2 1 1 395 927 834
984 2 2 1 1 397 400 396
985 2 2 1 1 400 434 396
986 2 2 1 1 434 908 396
987 2 2 1 1 397 401 400
988 2 2 1 1 397 438 401
989 2 2 1 1 397 840 438
990 2 2 1 1 398 426 399
991 2 2 1 1 398 446 426
992 2 2 1 1 398 833 446
993 2 2 1 1 426 427 399
994 2 2 1 1 427 1027 399
995 2 2 1 1 399 1027 429
996 2 2 1 1 401 402 400
997 2 2 1 1 402 753 400
998 2 2 1 1 400 753 434
999 2 2 1 1 401 403 402
1000 2 2 1 1 401 846 403
1001 2 2 1 1 438 846 401
1002 2 2 1 1 403 404 402
1003 2 2 1 1 404 515 402
1004 2 2 1 1 515 753 402
1005 2 2 1 1 403 405 404
1006 2 2 1 1 403 424 405
1007 2 2 1 1 403 846 424
1008 2 2 1 1 405 406 404
1009 2 2 1 1 406 835 404
1010 2 2 1 1 404 835 515
1011 2 2 1 1 405 407 406
1012 2 2 1 1 405 824 407
1013 2 2 1 1 424 824 405
1014 2 2 1 1 407 408 406
1015 2 2 1 1 408 726 406
1016 2 2 1 1 726 835 406
1017 2 2 1 1 407 409 408
1018 2 2 1 1 407 461 409
1019 2 2 1 1 407 824 461
1020 2 2 1 1 409 410 408
1021 2 2 1 1 410 579 408
1022 2 2 1 1 579 726 408
1023 2 2 1 1 409 411 410
1024 2 2 1 1 409 904 411
1025 2 2 1 1 461 904 409
1026 2 2 1 1 411 412 410
1027 2 2 1 1 412 848 410
1028 2 2 1 1 410 848 579
1029 2 2 1 1 411 413 412
1030 2 2 1 1 411 464 413
1031 2 2 1 1 411 904 464
1032 2 2 1 1 413 414 412
1033 2 2 1 1 414 428 412
1034 2 2 1 1 428 848 412
1035 2 2 1 1 413 415 414
1036 2 2 1 1 413 792 415
1037 2 2 1 1 464 792 413
1038 2 2 1 1 415 421 414
1039 2 2 1 1 421 1070 414
1040 2 2 1 1 414 1070 428
1041 2 2 1 1 415 422 421
1042 2 2 1 1 415 463 422
1043 2 2 1 1 415 792 463
1044 2 2 1 1 839 967 416
1045 2 2 1 1 416 1022 840
1046 2 2 1 1 967 1022 416
1047 2 2 1 1 417 432 425
1048 2 2 1 1 417 439 432
1049 2 2 1 1 417 857 439
1050 2 2 1 1 418 744 721
1051 2 2 1 1 721 1018 418
1052 2 2 1 1 418 1018 916
1053 2 2 1 1 430 473 419
1054 2 2 1 1 473 530 419
1055 2 2 1 1 530 838 419
1056 2 2 1 1 773 778 420
1057 2 2 1 1 420 997 773
1058 2 2 1 1 778 779 420
1059 2 2 1 1 779 1098 420
1060 2 2 1 1 422 449 421
1061 2 2 1 1 449 450 421
1062 2 2 1 1 450 1070 421
1063 2 2 1 1 422 465 449
1064 2 2 1 1 463 799 422
1065 2 2 1 1 422 799 465
1066 2 2 1 1 452 453 423
1067 2 2 1 1 453 947 423
1068 2 2 1 1 423 947 857
1069 2 2 1 1 424 846 695
1070 2 2 1 1 695 1053 424
1071 2 2 1 1 424 1053 824
1072 2 2 1 1 432 455 425
1073 2 2 1 1 455 607 425
1074 2 2 1 1 607 927 425
1075 2 2 1 1 426 889 427
1076 2 2 1 1 446 447 426
1077 2 2 1 1 447 889 426
1078 2 2 1 1 889 1060 427
1079 2 2 1 1 1004 1027 427
1080 2 2 1 1 427 1060 1004
1081 2 2 1 1 750 981 428
1082 2 2 1 1 428 1070 750
1083 2 2 1 1 428 1085 848
1084 2 2 1 1 981 1085 428
1085 2 2 1 1 429 1087 845
1086 2 2 1 1 1027 1048 429
1087 2 2 1 1 1048 1087 429
1088 2 2 1 1 431 718 430
1089 2 2 1 1 430 529 473
1090 2 2 1 1 430 718 529
1091 2 2 1 1 431 1061 718
1092 2 2 1 1 971 1020 431
1093 2 2 1 1 1020 1061 431
1094 2 2 1 1 439 440 432
1095 2 2 1 1 440 861 432
1096 2 2 1 1 432 861 455
1097 2 2 1 1 914 1010 433
1098 2 2 1 1 433 1102 997
1099 2 2 1 1 1010 1102 433
1100 2 2 1 1 434 753 649
1101 2 2 1 1 649 1001 434
1102 2 2 1 1 434 1001 908
1103 2 2 1 1 435 1123 744
1104 2 2 1 1 1028 1074 435
1105 2 2 1 1 1074 1123 435
1106 2 2 1 1 437 472 436
1107 2 2 1 1 472 871 436
1108 2 2 1 1 436 871 839
1109 2 2 1 1 437 488 472
1110 2 2 1 1 437 489 488
1111 2 2 1 1 437 883 489
1112 2 2 1 1 840 1062 438
1113 2 2 1 1 438 1099 846
1114 2 2 1 1 1062 1099 438
1115 2 2 1 1 439 454 440
1116 2 2 1 1 439 642 454
1117 2 2 1 1 439 857 642
1118 2 2 1 1 454 470 440
1119 2 2 1 1 470 508 440
1120 2 2 1 1 508 861 440
1121 2 2 1 1 854 1056 441
1122 2 2 1 1 441 896 895
1123 2 2 1 1 441 1056 896
1124 2 2 1 1 442 675 537
1125 2 2 1 1 442 679 675
1126 2 2 1 1 442 916 679
1127 2 2 1 1 443 1012 817
1128 2 2 1 1 443 875 874
1129 2 2 1 1 874 1012 443
1130 2 2 1 1 443 1032 875
1131 2 2 1 1 444 493 474
1132 2 2 1 1 444 494 493
1133 2 2 1 1 444 776 494
1134 2 2 1 1 445 1059 853
1135 2 2 1 1 921 1104 445
1136 2 2 1 1 445 1104 1059
1137 2 2 1 1 446 448 447
1138 2 2 1 1 446 538 448
1139 2 2 1 1 446 833 538
1140 2 2 1 1 448 490 447
1141 2 2 1 1 490 492 447
1142 2 2 1 1 492 889 447
1143 2 2 1 1 448 491 490
1144 2 2 1 1 448 1058 491
1145 2 2 1 1 538 1058 448
1146 2 2 1 1 449 816 450
1147 2 2 1 1 465 466 449
1148 2 2 1 1 466 816 449
1149 2 2 1 1 724 750 450
1150 2 2 1 1 450 974 724
1151 2 2 1 1 750 1070 450
1152 2 2 1 1 816 974 450
1153 2 2 1 1 451 711 705
1154 2 2 1 1 705 1039 451
1155 2 2 1 1 451 1005 711
1156 2 2 1 1 1039 1110 451
1157 2 2 1 1 452 458 453
1158 2 2 1 1 452 982 458
1159 2 2 1 1 907 982 452
1160 2 2 1 1 458 459 453
1161 2 2 1 1 459 496 453
1162 2 2 1 1 496 947 453
1163 2 2 1 1 454 917 470
1164 2 2 1 1 642 714 454
1165 2 2 1 1 714 917 454
1166 2 2 1 1 455 608 607
1167 2 2 1 1 455 609 608
1168 2 2 1 1 455 861 609
1169 2 2 1 1 469 543 456
1170 2 2 1 1 543 590 456
1171 2 2 1 1 590 885 456
1172 2 2 1 1 457 501 500
1173 2 2 1 1 457 960 501
1174 2 2 1 1 591 960 457
1175 2 2 1 1 458 460 459
1176 2 2 1 1 458 559 460
1177 2 2 1 1 458 982 559
1178 2 2 1 1 460 497 459
1179 2 2 1 1 459 887 496
1180 2 2 1 1 497 887 459
1181 2 2 1 1 460 502 497
1182 2 2 1 1 460 781 502
1183 2 2 1 1 559 781 460
1184 2 2 1 1 824 1127 461
1185 2 2 1 1 461 1097 904
1186 2 2 1 1 979 1097 461
1187 2 2 1 1 461 1127 979
1188 2 2 1 1 462 621 509
1189 2 2 1 1 563 977 462
1190 2 2 1 1 462 977 621
1191 2 2 1 1 792 793 463
1192 2 2 1 1 793 794 463
1193 2 2 1 1 794 799 463
1194 2 2 1 1 464 1041 792
1195 2 2 1 1 904 929 464
1196 2 2 1 1 929 1041 464
1197 2 2 1 1 465 507 466
1198 2 2 1 1 465 549 507
1199 2 2 1 1 465 799 549
1200 2 2 1 1 507 516 466
1201 2 2 1 1 516 557 466
1202 2 2 1 1 557 816 466
1203 2 2 1 1 467 706 468
1204 2 2 1 1 467 957 706
1205 2 2 1 1 905 957 467
1206 2 2 1 1 468 941 644
1207 2 2 1 1 706 1046 468
1208 2 2 1 1 468 1046 941
1209 2 2 1 1 469 616 543
1210 2 2 1 1 469 645 616
1211 2 2 1 1 469 791 645
1212 2 2 1 1 470 531 508
1213 2 2 1 1 470 575 531
1214 2 2 1 1 470 917 575
1215 2 2 1 1 532 574 471
1216 2 2 1 1 574 635 471
1217 2 2 1 1 635 1043 471
1218 2 2 1 1 488 544 472
1219 2 2 1 1 544 545 472
1220 2 2 1 1 545 871 472
1221 2 2 1 1 529 888 473
1222 2 2 1 1 473 536 530
1223 2 2 1 1 473 888 536
1224 2 2 1 1 493 517 474
1225 2 2 1 1 517 542 474
1226 2 2 1 1 542 820 474
1227 2 2 1 1 475 573 476
1228 2 2 1 1 475 909 573
1229 2 2 1 1 617 909 475
1230 2 2 1 1 476 540 539
1231 2 2 1 1 476 900 540
1232 2 2 1 1 573 900 476
1233 2 2 1 1 805 1067 477
1234 2 2 1 1 477 1017 915
1235 2 2 1 1 477 1067 1017
1236 2 2 1 1 478 959 869
1237 2 2 1 1 899 1021 478
1238 2 2 1 1 478 1021 959
1239 2 2 1 1 479 859 858
1240 2 2 1 1 479 984 859
1241 2 2 1 1 965 984 479
1242 2 2 1 1 734 980 480
1243 2 2 1 1 480 1014 734
1244 2 2 1 1 480 1129 842
1245 2 2 1 1 980 1129 480
1246 2 2 1 1 482 483 481
1247 2 2 1 1 483 641 481
1248 2 2 1 1 641 894 481
1249 2 2 1 1 482 484 483
1250 2 2 1 1 482 487 484
1251 2 2 1 1 482 1016 487
1252 2 2 1 1 484 485 483
1253 2 2 1 1 485 868 483
1254 2 2 1 1 483 868 641
1255 2 2 1 1 484 486 485
1256 2 2 1 1 484 890 486
1257 2 2 1 1 487 890 484
1258 2 2 1 1 486 519 485
1259 2 2 1 1 519 523 485
1260 2 2 1 1 523 868 485
1261 2 2 1 1 486 520 519
1262 2 2 1 1 486 521 520
1263 2 2 1 1 486 890 521
1264 2 2 1 1 732 975 487
1265 2 2 1 1 487 1016 732
1266 2 2 1 1 487 975 890
1267 2 2 1 1 489 499 488
1268 2 2 1 1 499 740 488
1269 2 2 1 1 488 740 544
1270 2 2 1 1 489 514 499
1271 2 2 1 1 489 588 514
1272 2 2 1 1 489 883 588
1273 2 2 1 1 491 872 490
1274 2 2 1 1 490 541 492
1275 2 2 1 1 490 872 541
1276 2 2 1 1 696 872 491
1277 2 2 1 1 491 1113 696
1278 2 2 1 1 1058 1113 491
1279 2 2 1 1 541 669 492
1280 2 2 1 1 669 1052 492
1281 2 2 1 1 492 1052 889
1282 2 2 1 1 494 547 493
1283 2 2 1 1 493 882 517
1284 2 2 1 1 547 882 493
1285 2 2 1 1 494 560 547
1286 2 2 1 1 494 777 560
1287 2 2 1 1 776 777 494
1288 2 2 1 1 550 953 495
1289 2 2 1 1 702 704 495
1290 2 2 1 1 495 953 702
1291 2 2 1 1 704 1076 495
1292 2 2 1 1 496 887 708
1293 2 2 1 1 708 963 496
1294 2 2 1 1 496 963 947
1295 2 2 1 1 502 535 497
1296 2 2 1 1 535 619 497
1297 2 2 1 1 619 887 497
1298 2 2 1 1 581 731 498
1299 2 2 1 1 731 1025 498
1300 2 2 1 1 498 1025 803
1301 2 2 1 1 514 618 499
1302 2 2 1 1 618 1063 499
1303 2 2 1 1 499 1063 740
1304 2 2 1 1 501 1117 500
1305 2 2 1 1 500 558 548
1306 2 2 1 1 500 1117 558
1307 2 2 1 1 501 940 918
1308 2 2 1 1 918 1117 501
1309 2 2 1 1 501 960 940
1310 2 2 1 1 502 551 535
1311 2 2 1 1 502 553 551
1312 2 2 1 1 502 781 553
1313 2 2 1 1 503 528 504
1314 2 2 1 1 503 600 528
1315 2 2 1 1 503 850 600
1316 2 2 1 1 528 568 504
1317 2 2 1 1 568 576 504
1318 2 2 1 1 576 578 504
1319 2 2 1 1 505 546 506
1320 2 2 1 1 505 601 546
1321 2 2 1 1 505 821 601
1322 2 2 1 1 546 775 506
1323 2 2 1 1 506 684 589
1324 2 2 1 1 506 775 684
1325 2 2 1 1 507 518 516
1326 2 2 1 1 507 892 518
1327 2 2 1 1 549 892 507
1328 2 2 1 1 531 612 508
1329 2 2 1 1 612 949 508
1330 2 2 1 1 508 949 861
1331 2 2 1 1 509 511 510
1332 2 2 1 1 509 1008 511
1333 2 2 1 1 621 1008 509
1334 2 2 1 1 511 512 510
1335 2 2 1 1 512 630 510
1336 2 2 1 1 630 924 510
1337 2 2 1 1 511 513 512
1338 2 2 1 1 511 671 513
1339 2 2 1 1 511 1008 671
1340 2 2 1 1 513 681 512
1341 2 2 1 1 512 1034 630
1342 2 2 1 1 512 681 634
1343 2 2 1 1 634 1034 512
1344 2 2 1 1 671 672 513
1345 2 2 1 1 672 943 513
1346 2 2 1 1 513 943 681
1347 2 2 1 1 588 633 514
1348 2 2 1 1 514 880 618
1349 2 2 1 1 633 880 514
1350 2 2 1 1 717 753 515
1351 2 2 1 1 515 1072 717
1352 2 2 1 1 835 1072 515
1353 2 2 1 1 518 564 516
1354 2 2 1 1 516 811 557
1355 2 2 1 1 564 811 516
1356 2 2 1 1 517 636 542
1357 2 2 1 1 517 637 636
1358 2 2 1 1 517 882 637
1359 2 2 1 1 518 565 564
1360 2 2 1 1 518 891 565
1361 2 2 1 1 518 892 891
1362 2 2 1 1 520 995 519
1363 2 2 1 1 519 595 523
1364 2 2 1 1 519 995 595
1365 2 2 1 1 521 522 520
1366 2 2 1 1 522 881 520
1367 2 2 1 1 881 995 520
1368 2 2 1 1 521 524 522
1369 2 2 1 1 521 586 524
1370 2 2 1 1 521 890 586
1371 2 2 1 1 524 525 522
1372 2 2 1 1 525 526 522
1373 2 2 1 1 526 881 522
1374 2 2 1 1 595 676 523
1375 2 2 1 1 676 678 523
1376 2 2 1 1 678 868 523
1377 2 2 1 1 524 1051 525
1378 2 2 1 1 586 698 524
1379 2 2 1 1 698 1051 524
1380 2 2 1 1 525 527 526
1381 2 2 1 1 525 1029 527
1382 2 2 1 1 525 1051 1029
1383 2 2 1 1 527 554 526
1384 2 2 1 1 554 599 526
1385 2 2 1 1 599 881 526
1386 2 2 1 1 527 555 554
1387 2 2 1 1 527 602 555
1388 2 2 1 1 527 1029 602
1389 2 2 1 1 528 569 568
1390 2 2 1 1 528 627 569
1391 2 2 1 1 600 627 528
1392 2 2 1 1 718 719 529
1393 2 2 1 1 719 937 529
1394 2 2 1 1 529 937 888
1395 2 2 1 1 536 580 530
1396 2 2 1 1 580 584 530
1397 2 2 1 1 584 838 530
1398 2 2 1 1 575 1050 531
1399 2 2 1 1 531 613 612
1400 2 2 1 1 531 1050 613
1401 2 2 1 1 533 622 532
1402 2 2 1 1 532 1120 574
1403 2 2 1 1 622 1120 532
1404 2 2 1 1 533 623 622
1405 2 2 1 1 533 884 623
1406 2 2 1 1 533 885 884
1407 2 2 1 1 730 978 534
1408 2 2 1 1 978 1119 534
1409 2 2 1 1 534 1119 1069
1410 2 2 1 1 551 552 535
1411 2 2 1 1 552 808 535
1412 2 2 1 1 535 808 619
1413 2 2 1 1 536 592 580
1414 2 2 1 1 536 620 592
1415 2 2 1 1 536 888 620
1416 2 2 1 1 675 751 537
1417 2 2 1 1 751 752 537
1418 2 2 1 1 752 823 537
1419 2 2 1 1 833 964 538
1420 2 2 1 1 964 1026 538
1421 2 2 1 1 1026 1058 538
1422 2 2 1 1 540 614 539
1423 2 2 1 1 614 643 539
1424 2 2 1 1 643 922 539
1425 2 2 1 1 540 628 614
1426 2 2 1 1 540 629 628
1427 2 2 1 1 540 900 629
1428 2 2 1 1 541 670 669
1429 2 2 1 1 541 686 670
1430 2 2 1 1 541 872 686
1431 2 2 1 1 636 685 542
1432 2 2 1 1 685 996 542
1433 2 2 1 1 542 996 820
1434 2 2 1 1 543 910 590
1435 2 2 1 1 616 674 543
1436 2 2 1 1 674 910 543
1437 2 2 1 1 544 650 545
1438 2 2 1 1 544 1095 650
1439 2 2 1 1 740 1095 544
1440 2 2 1 1 650 651 545
1441 2 2 1 1 651 652 545
1442 2 2 1 1 652 871 545
1443 2 2 1 1 601 705 546
1444 2 2 1 1 705 710 546
1445 2 2 1 1 710 775 546
1446 2 2 1 1 560 583 547
1447 2 2 1 1 583 689 547
1448 2 2 1 1 689 882 547
1449 2 2 1 1 558 708 548
1450 2 2 1 1 708 1045 548
1451 2 2 1 1 548 1045 809
1452 2 2 1 1 799 800 549
1453 2 2 1 1 800 801 549
1454 2 2 1 1 801 892 549
1455 2 2 1 1 931 1114 550
1456 2 2 1 1 550 1038 953
1457 2 2 1 1 550 1114 1038
1458 2 2 1 1 551 571 552
1459 2 2 1 1 553 778 551
1460 2 2 1 1 551 778 571
1461 2 2 1 1 571 572 552
1462 2 2 1 1 572 806 552
1463 2 2 1 1 806 808 552
1464 2 2 1 1 553 779 778
1465 2 2 1 1 553 780 779
1466 2 2 1 1 553 781 780
1467 2 2 1 1 555 582 554
1468 2 2 1 1 582 874 554
1469 2 2 1 1 554 874 599
1470 2 2 1 1 555 673 582
1471 2 2 1 1 602 1101 555
1472 2 2 1 1 555 1101 673
1473 2 2 1 1 739 856 556
1474 2 2 1 1 856 1094 556
1475 2 2 1 1 556 1094 886
1476 2 2 1 1 811 933 557
1477 2 2 1 1 557 1003 816
1478 2 2 1 1 933 1003 557
1479 2 2 1 1 558 963 708
1480 2 2 1 1 714 963 558
1481 2 2 1 1 558 1009 714
1482 2 2 1 1 558 1117 1009
1483 2 2 1 1 559 782 781
1484 2 2 1 1 559 784 782
1485 2 2 1 1 559 982 784
1486 2 2 1 1 560 723 583
1487 2 2 1 1 560 994 723
1488 2 2 1 1 777 994 560
1489 2 2 1 1 561 700 562
1490 2 2 1 1 561 977 700
1491 2 2 1 1 741 977 561
1492 2 2 1 1 700 1054 562
1493 2 2 1 1 720 913 562
1494 2 2 1 1 562 1054 720
1495 2 2 1 1 700 977 563
1496 2 2 1 1 563 1091 700
1497 2 2 1 1 926 976 563
1498 2 2 1 1 976 1091 563
1499 2 2 1 1 565 566 564
1500 2 2 1 1 566 736 564
1501 2 2 1 1 736 811 564
1502 2 2 1 1 565 567 566
1503 2 2 1 1 565 631 567
1504 2 2 1 1 565 891 631
1505 2 2 1 1 567 688 566
1506 2 2 1 1 688 737 566
1507 2 2 1 1 566 737 736
1508 2 2 1 1 631 1100 567
1509 2 2 1 1 567 709 688
1510 2 2 1 1 567 1100 709
1511 2 2 1 1 569 634 568
1512 2 2 1 1 568 681 576
1513 2 2 1 1 634 681 568
1514 2 2 1 1 627 715 569
1515 2 2 1 1 569 690 634
1516 2 2 1 1 569 715 690
1517 2 2 1 1 570 1031 707
1518 2 2 1 1 886 1121 570
1519 2 2 1 1 570 1121 1031
1520 2 2 1 1 571 691 572
1521 2 2 1 1 571 773 691
1522 2 2 1 1 571 778 773
1523 2 2 1 1 691 692 572
1524 2 2 1 1 692 693 572
1525 2 2 1 1 693 806 572
1526 2 2 1 1 896 900 573
1527 2 2 1 1 573 1006 896
1528 2 2 1 1 909 1006 573
1529 2 2 1 1 574 646 635
1530 2 2 1 1 574 957 646
1531 2 2 1 1 574 1120 957
1532 2 2 1 1 917 918 575
1533 2 2 1 1 918 983 575
1534 2 2 1 1 983 1050 575
1535 2 2 1 1 576 615 578
1536 2 2 1 1 576 943 615
1537 2 2 1 1 681 943 576
1538 2 2 1 1 731 732 577
1539 2 2 1 1 577 1073 731
1540 2 2 1 1 732 1016 577
1541 2 2 1 1 985 1073 577
1542 2 2 1 1 615 777 578
1543 2 2 1 1 578 777 776
1544 2 2 1 1 579 937 726
1545 2 2 1 1 848 1080 579
1546 2 2 1 1 579 1080 937
1547 2 2 1 1 580 865 584
1548 2 2 1 1 592 603 580
1549 2 2 1 1 603 865 580
1550 2 2 1 1 581 732 731
1551 2 2 1 1 581 935 732
1552 2 2 1 1 837 935 581
1553 2 2 1 1 673 938 582
1554 2 2 1 1 582 1012 874
1555 2 2 1 1 938 1012 582
1556 2 2 1 1 583 785 689
1557 2 2 1 1 723 735 583
1558 2 2 1 1 735 785 583
1559 2 2 1 1 745 838 584
1560 2 2 1 1 584 1024 745
1561 2 2 1 1 865 1024 584
1562 2 2 1 1 841 1042 585
1563 2 2 1 1 585 1093 911
1564 2 2 1 1 1042 1093 585
1565 2 2 1 1 586 699 698
1566 2 2 1 1 586 975 699
1567 2 2 1 1 890 975 586
1568 2 2 1 1 587 1056 854
1569 2 2 1 1 901 1056 587
1570 2 2 1 1 587 1065 901
1571 2 2 1 1 908 1065 587
1572 2 2 1 1 588 990 633
1573 2 2 1 1 883 950 588
1574 2 2 1 1 950 990 588
1575 2 2 1 1 684 1051 589
1576 2 2 1 1 698 1030 589
1577 2 2 1 1 589 1051 698
1578 2 2 1 1 589 1030 920
1579 2 2 1 1 884 885 590
1580 2 2 1 1 590 1015 884
1581 2 2 1 1 910 1015 590
1582 2 2 1 1 746 747 591
1583 2 2 1 1 591 928 746
1584 2 2 1 1 747 960 591
1585 2 2 1 1 592 604 603
1586 2 2 1 1 592 981 604
1587 2 2 1 1 620 981 592
1588 2 2 1 1 593 606 598
1589 2 2 1 1 593 959 606
1590 2 2 1 1 870 959 593
1591 2 2 1 1 594 968 862
1592 2 2 1 1 867 1013 594
1593 2 2 1 1 594 1013 968
1594 2 2 1 1 595 1083 676
1595 2 2 1 1 595 815 814
1596 2 2 1 1 814 1083 595
1597 2 2 1 1 595 995 815
1598 2 2 1 1 596 897 758
1599 2 2 1 1 758 966 596
1600 2 2 1 1 596 966 893
1601 2 2 1 1 810 969 597
1602 2 2 1 1 597 990 950
1603 2 2 1 1 969 990 597
1604 2 2 1 1 606 702 598
1605 2 2 1 1 702 953 598
1606 2 2 1 1 598 953 945
1607 2 2 1 1 874 875 599
1608 2 2 1 1 875 1081 599
1609 2 2 1 1 599 1081 881
1610 2 2 1 1 600 942 627
1611 2 2 1 1 850 851 600
1612 2 2 1 1 851 942 600
1613 2 2 1 1 601 1039 705
1614 2 2 1 1 821 996 601
1615 2 2 1 1 996 1039 601
1616 2 2 1 1 710 712 602
1617 2 2 1 1 602 775 710
1618 2 2 1 1 712 1101 602
1619 2 2 1 1 602 1029 775
1620 2 2 1 1 604 605 603
1621 2 2 1 1 605 1130 603
1622 2 2 1 1 603 1130 865
1623 2 2 1 1 604 724 605
1624 2 2 1 1 604 750 724
1625 2 2 1 1 604 981 750
1626 2 2 1 1 724 725 605
1627 2 2 1 1 725 1092 605
1628 2 2 1 1 1092 1103 605
1629 2 2 1 1 1103 1130 605
1630 2 2 1 1 606 703 702
1631 2 2 1 1 606 1021 703
1632 2 2 1 1 959 1021 606
1633 2 2 1 1 608 878 607
1634 2 2 1 1 878 1026 607
1635 2 2 1 1 607 1026 927
1636 2 2 1 1 609 610 608
1637 2 2 1 1 610 682 608
1638 2 2 1 1 682 878 608
1639 2 2 1 1 609 611 610
1640 2 2 1 1 609 949 611
1641 2 2 1 1 861 949 609
1642 2 2 1 1 611 876 610
1643 2 2 1 1 610 683 682
1644 2 2 1 1 610 876 683
1645 2 2 1 1 743 1066 611
1646 2 2 1 1 611 1122 743
1647 2 2 1 1 611 1066 876
1648 2 2 1 1 949 1122 611
1649 2 2 1 1 613 989 612
1650 2 2 1 1 612 1122 949
1651 2 2 1 1 989 1122 612
1652 2 2 1 1 769 770 613
1653 2 2 1 1 613 771 769
1654 2 2 1 1 770 989 613
1655 2 2 1 1 613 1050 771
1656 2 2 1 1 628 648 614
1657 2 2 1 1 614 1020 643
1658 2 2 1 1 648 1020 614
1659 2 2 1 1 615 994 777
1660 2 2 1 1 943 1084 615
1661 2 2 1 1 615 1084 994
1662 2 2 1 1 645 856 616
1663 2 2 1 1 616 739 674
1664 2 2 1 1 616 856 739
1665 2 2 1 1 802 945 617
1666 2 2 1 1 617 1038 909
1667 2 2 1 1 945 1038 617
1668 2 2 1 1 618 1019 751
1669 2 2 1 1 751 1063 618
1670 2 2 1 1 880 1090 618
1671 2 2 1 1 618 1090 1019
1672 2 2 1 1 808 809 619
1673 2 2 1 1 809 1045 619
1674 2 2 1 1 619 1045 887
1675 2 2 1 1 888 1080 620
1676 2 2 1 1 620 1085 981
1677 2 2 1 1 1080 1085 620
1678 2 2 1 1 621 741 722
1679 2 2 1 1 722 1008 621
1680 2 2 1 1 621 977 741
1681 2 2 1 1 623 624 622
1682 2 2 1 1 624 1046 622
1683 2 2 1 1 622 1046 706
1684 2 2 1 1 706 1120 622
1685 2 2 1 1 623 625 624
1686 2 2 1 1 623 626 625
1687 2 2 1 1 623 884 626
1688 2 2 1 1 625 984 624
1689 2 2 1 1 624 984 941
1690 2 2 1 1 941 1046 624
1691 2 2 1 1 626 986 625
1692 2 2 1 1 859 984 625
1693 2 2 1 1 625 986 859
1694 2 2 1 1 884 1015 626
1695 2 2 1 1 626 1002 986
1696 2 2 1 1 626 1015 1002
1697 2 2 1 1 627 1069 715
1698 2 2 1 1 942 1069 627
1699 2 2 1 1 629 1001 628
1700 2 2 1 1 628 649 648
1701 2 2 1 1 628 1001 649
1702 2 2 1 1 900 901 629
1703 2 2 1 1 901 1065 629
1704 2 2 1 1 629 1065 1001
1705 2 2 1 1 630 1034 944
1706 2 2 1 1 891 1060 631
1707 2 2 1 1 631 1060 1052
1708 2 2 1 1 1052 1100 631
1709 2 2 1 1 687 760 632
1710 2 2 1 1 760 1035 632
1711 2 2 1 1 632 1035 847
1712 2 2 1 1 633 1107 880
1713 2 2 1 1 990 1049 633
1714 2 2 1 1 1049 1107 633
1715 2 2 1 1 690 944 634
1716 2 2 1 1 944 1034 634
1717 2 2 1 1 646 647 635
1718 2 2 1 1 647 1109 635
1719 2 2 1 1 635 1109 1043
1720 2 2 1 1 637 734 636
1721 2 2 1 1 636 1077 685
1722 2 2 1 1 734 1077 636
1723 2 2 1 1 637 980 734
1724 2 2 1 1 637 882 786
1725 2 2 1 1 786 980 637
1726 2 2 1 1 639 985 638
1727 2 2 1 1 638 898 849
1728 2 2 1 1 638 985 898
1729 2 2 1 1 640 1025 639
1730 2 2 1 1 639 1073 985
1731 2 2 1 1 1025 1073 639
1732 2 2 1 1 640 804 803
1733 2 2 1 1 803 1025 640
1734 2 2 1 1 640 855 804
1735 2 2 1 1 868 991 641
1736 2 2 1 1 641 948 894
1737 2 2 1 1 641 991 948
1738 2 2 1 1 642 963 714
1739 2 2 1 1 857 947 642
1740 2 2 1 1 947 963 642
1741 2 2 1 1 831 922 643
1742 2 2 1 1 643 971 831
1743 2 2 1 1 643 1020 971
1744 2 2 1 1 644 912 902
1745 2 2 1 1 644 965 912
1746 2 2 1 1 941 965 644
1747 2 2 1 1 791 925 645
1748 2 2 1 1 645 992 856
1749 2 2 1 1 925 992 645
1750 2 2 1 1 646 745 647
1751 2 2 1 1 646 1082 745
1752 2 2 1 1 957 1082 646
1753 2 2 1 1 745 1024 647
1754 2 2 1 1 649 717 648
1755 2 2 1 1 717 1061 648
1756 2 2 1 1 648 1061 1020
1757 2 2 1 1 649 753 717
1758 2 2 1 1 650 721 651
1759 2 2 1 1 650 1018 721
1760 2 2 1 1 650 1095 1018
1761 2 2 1 1 651 653 652
1762 2 2 1 1 651 879 653
1763 2 2 1 1 721 879 651
1764 2 2 1 1 653 654 652
1765 2 2 1 1 654 967 652
1766 2 2 1 1 652 967 871
1767 2 2 1 1 653 655 654
1768 2 2 1 1 653 656 655
1769 2 2 1 1 653 879 656
1770 2 2 1 1 655 877 654
1771 2 2 1 1 877 1022 654
1772 2 2 1 1 654 1022 967
1773 2 2 1 1 656 657 655
1774 2 2 1 1 657 658 655
1775 2 2 1 1 658 877 655
1776 2 2 1 1 656 668 657
1777 2 2 1 1 656 1074 668
1778 2 2 1 1 879 1074 656
1779 2 2 1 1 657 659 658
1780 2 2 1 1 657 958 659
1781 2 2 1 1 668 958 657
1782 2 2 1 1 659 660 658
1783 2 2 1 1 660 822 658
1784 2 2 1 1 822 877 658
1785 2 2 1 1 659 661 660
1786 2 2 1 1 659 873 661
1787 2 2 1 1 659 958 873
1788 2 2 1 1 661 662 660
1789 2 2 1 1 662 695 660
1790 2 2 1 1 695 822 660
1791 2 2 1 1 661 663 662
1792 2 2 1 1 661 664 663
1793 2 2 1 1 661 873 664
1794 2 2 1 1 663 665 662
1795 2 2 1 1 665 1053 662
1796 2 2 1 1 662 1053 695
1797 2 2 1 1 664 827 663
1798 2 2 1 1 663 666 665
1799 2 2 1 1 663 827 666
1800 2 2 1 1 664 830 827
1801 2 2 1 1 664 1011 830
1802 2 2 1 1 873 1011 664
1803 2 2 1 1 666 979 665
1804 2 2 1 1 979 1127 665
1805 2 2 1 1 665 1127 1053
1806 2 2 1 1 666 827 826
1807 2 2 1 1 826 828 666
1808 2 2 1 1 828 979 666
1809 2 2 1 1 667 1064 867
1810 2 2 1 1 961 1111 667
1811 2 2 1 1 667 1111 1064
1812 2 2 1 1 864 958 668
1813 2 2 1 1 668 1028 864
1814 2 2 1 1 668 1074 1028
1815 2 2 1 1 670 1075 669
1816 2 2 1 1 669 1075 709
1817 2 2 1 1 709 1100 669
1818 2 2 1 1 669 1100 1052
1819 2 2 1 1 686 713 670
1820 2 2 1 1 713 962 670
1821 2 2 1 1 962 1075 670
1822 2 2 1 1 671 733 672
1823 2 2 1 1 671 1089 733
1824 2 2 1 1 1008 1089 671
1825 2 2 1 1 733 951 672
1826 2 2 1 1 672 1084 943
1827 2 2 1 1 951 1084 672
1828 2 2 1 1 673 1112 938
1829 2 2 1 1 673 1101 1033
1830 2 2 1 1 1033 1112 673
1831 2 2 1 1 739 1105 674
1832 2 2 1 1 674 1007 910
1833 2 2 1 1 674 1105 1007
1834 2 2 1 1 679 740 675
1835 2 2 1 1 740 1063 675
1836 2 2 1 1 675 1063 751
1837 2 2 1 1 676 1093 678
1838 2 2 1 1 676 1083 911
1839 2 2 1 1 911 1093 676
1840 2 2 1 1 677 1121 680
1841 2 2 1 1 972 1031 677
1842 2 2 1 1 1031 1121 677
1843 2 2 1 1 678 991 868
1844 2 2 1 1 678 1042 991
1845 2 2 1 1 678 1093 1042
1846 2 2 1 1 679 1095 740
1847 2 2 1 1 916 1018 679
1848 2 2 1 1 1018 1095 679
1849 2 2 1 1 886 1094 680
1850 2 2 1 1 680 1121 886
1851 2 2 1 1 680 1094 992
1852 2 2 1 1 683 696 682
1853 2 2 1 1 696 1113 682
1854 2 2 1 1 682 1113 878
1855 2 2 1 1 683 697 696
1856 2 2 1 1 683 1079 697
1857 2 2 1 1 876 1079 683
1858 2 2 1 1 775 1029 684
1859 2 2 1 1 1029 1051 684
1860 2 2 1 1 685 1039 996
1861 2 2 1 1 685 1110 1039
1862 2 2 1 1 1077 1110 685
1863 2 2 1 1 872 973 686
1864 2 2 1 1 973 1106 686
1865 2 2 1 1 687 1047 760
1866 2 2 1 1 688 998 737
1867 2 2 1 1 786 882 689
1868 2 2 1 1 715 716 690
1869 2 2 1 1 691 1010 692
1870 2 2 1 1 773 1102 691
1871 2 2 1 1 691 1102 1010
1872 2 2 1 1 692 694 693
1873 2 2 1 1 692 720 694
1874 2 2 1 1 692 1010 720
1875 2 2 1 1 694 1037 693
1876 2 2 1 1 693 807 806
1877 2 2 1 1 693 1037 807
1878 2 2 1 1 720 1054 694
1879 2 2 1 1 694 1091 1037
1880 2 2 1 1 1054 1091 694
1881 2 2 1 1 695 1099 822
1882 2 2 1 1 846 1099 695
1883 2 2 1 1 697 973 696
1884 2 2 1 1 696 973 872
1885 2 2 1 1 763 952 697
1886 2 2 1 1 697 1079 763
1887 2 2 1 1 952 1106 697
1888 2 2 1 1 697 1106 973
1889 2 2 1 1 699 1030 698
1890 2 2 1 1 699 935 837
1891 2 2 1 1 699 975 935
1892 2 2 1 1 700 1091 1054
1893 2 2 1 1 1023 1057 701
1894 2 2 1 1 1055 1128 701
1895 2 2 1 1 703 704 702
1896 2 2 1 1 703 1104 704
1897 2 2 1 1 1021 1059 703
1898 2 2 1 1 1059 1104 703
1899 2 2 1 1 921 1076 704
1900 2 2 1 1 704 1104 921
1901 2 2 1 1 705 711 710
1902 2 2 1 1 957 1120 706
1903 2 2 1 1 1031 1068 707
1904 2 2 1 1 887 1045 708
1905 2 2 1 1 711 712 710
1906 2 2 1 1 711 1125 712
1907 2 2 1 1 1005 1125 711
1908 2 2 1 1 1033 1101 712
1909 2 2 1 1 712 1125 1033
1910 2 2 1 1 714 1009 917
1911 2 2 1 1 715 1119 716
1912 2 2 1 1 1069 1119 715
1913 2 2 1 1 716 978 727
1914 2 2 1 1 716 1119 978
1915 2 2 1 1 718 1061 717
1916 2 2 1 1 717 1072 718
1917 2 2 1 1 718 1072 719
1918 2 2 1 1 719 835 726
1919 2 2 1 1 726 937 719
1920 2 2 1 1 719 1072 835
1921 2 2 1 1 720 914 913
1922 2 2 1 1 720 1010 914
1923 2 2 1 1 744 1123 721
1924 2 2 1 1 721 1123 879
1925 2 2 1 1 722 1089 1008
1926 2 2 1 1 723 994 951
1927 2 2 1 1 724 974 725
1928 2 2 1 1 725 1003 768
1929 2 2 1 1 768 1092 725
1930 2 2 1 1 974 1003 725
1931 2 2 1 1 727 978 728
1932 2 2 1 1 727 1116 1115
1933 2 2 1 1 728 866 729
1934 2 2 1 1 730 866 728
1935 2 2 1 1 728 978 730
1936 2 2 1 1 729 1071 766
1937 2 2 1 1 731 1073 1025
1938 2 2 1 1 935 975 732
1939 2 2 1 1 733 1124 951
1940 2 2 1 1 1014 1077 734
1941 2 2 1 1 735 1118 785
1942 2 2 1 1 738 811 736
1943 2 2 1 1 998 1096 737
1944 2 2 1 1 738 933 811
1945 2 2 1 1 738 1126 933
1946 2 2 1 1 1036 1126 738
1947 2 2 1 1 742 1066 743
1948 2 2 1 1 743 1122 989
1949 2 2 1 1 748 749 747
1950 2 2 1 1 749 960 747
1951 2 2 1 1 748 939 749
1952 2 2 1 1 749 939 772
1953 2 2 1 1 772 940 749
1954 2 2 1 1 940 960 749
1955 2 2 1 1 751 1019 752
1956 2 2 1 1 752 946 823
1957 2 2 1 1 752 970 946
1958 2 2 1 1 752 1019 970
1959 2 2 1 1 754 1130 1103
1960 2 2 1 1 755 758 756
1961 2 2 1 1 755 966 758
1962 2 2 1 1 756 758 757
1963 2 2 1 1 758 1040 757
1964 2 2 1 1 847 1035 757
1965 2 2 1 1 757 1040 847
1966 2 2 1 1 897 1040 758
1967 2 2 1 1 762 1043 761
1968 2 2 1 1 1043 1109 761
1969 2 2 1 1 762 1078 1044
1970 2 2 1 1 764 788 774
1971 2 2 1 1 764 987 788
1972 2 2 1 1 766 1071 765
1973 2 2 1 1 765 1071 893
1974 2 2 1 1 767 1092 768
1975 2 2 1 1 768 1003 933
1976 2 2 1 1 933 1126 768
1977 2 2 1 1 771 983 772
1978 2 2 1 1 771 1050 983
1979 2 2 1 1 772 983 940
1980 2 2 1 1 997 1102 773
1981 2 2 1 1 780 988 779
1982 2 2 1 1 988 1098 779
1983 2 2 1 1 781 782 780
1984 2 2 1 1 782 784 783
1985 2 2 1 1 784 1067 783
1986 2 2 1 1 783 1067 805
1987 2 2 1 1 805 1088 783
1988 2 2 1 1 982 1017 784
1989 2 2 1 1 1017 1067 784
1990 2 2 1 1 787 1129 786
1991 2 2 1 1 786 1129 980
1992 2 2 1 1 842 1129 787
1993 2 2 1 1 1064 1111 789
1994 2 2 1 1 968 1013 790
1995 2 2 1 1 792 1041 793
1996 2 2 1 1 793 795 794
1997 2 2 1 1 793 796 795
1998 2 2 1 1 793 1041 796
1999 2 2 1 1 795 797 794
2000 2 2 1 1 797 800 794
2001 2 2 1 1 794 800 799
2002 2 2 1 1 796 993 795
2003 2 2 1 1 795 798 797
2004 2 2 1 1 795 993 798
2005 2 2 1 1 796 929 829
2006 2 2 1 1 829 1086 796
2007 2 2 1 1 796 1041 929
2008 2 2 1 1 796 1086 993
2009 2 2 1 1 798 1087 797
2010 2 2 1 1 797 1048 800
2011 2 2 1 1 797 1087 1048
2012 2 2 1 1 798 993 932
2013 2 2 1 1 932 1108 798
2014 2 2 1 1 798 1108 1087
2015 2 2 1 1 800 1048 801
2016 2 2 1 1 801 1004 892
2017 2 2 1 1 801 1027 1004
2018 2 2 1 1 801 1048 1027
2019 2 2 1 1 836 969 810
2020 2 2 1 1 812 1107 813
2021 2 2 1 1 812 1090 880
2022 2 2 1 1 880 1107 812
2023 2 2 1 1 813 1107 1049
2024 2 2 1 1 815 1081 875
2025 2 2 1 1 995 1081 815
2026 2 2 1 1 816 1003 974
2027 2 2 1 1 817 938 818
2028 2 2 1 1 817 1012 938
2029 2 2 1 1 820 821 819
2030 2 2 1 1 820 996 821
2031 2 2 1 1 822 1062 877
2032 2 2 1 1 822 1099 1062
2033 2 2 1 1 1053 1127 824
2034 2 2 1 1 825 829 826
2035 2 2 1 1 825 1086 829
2036 2 2 1 1 826 829 828
2037 2 2 1 1 829 929 828
2038 2 2 1 1 929 1097 828
2039 2 2 1 1 828 1097 979
2040 2 2 1 1 832 964 833
2041 2 2 1 1 834 964 832
2042 2 2 1 1 927 964 834
2043 2 2 1 1 871 967 839
2044 2 2 1 1 1022 1062 840
2045 2 2 1 1 843 1002 844
2046 2 2 1 1 910 1007 844
2047 2 2 1 1 844 1015 910
2048 2 2 1 1 1002 1015 844
2049 2 2 1 1 845 1108 903
2050 2 2 1 1 1087 1108 845
2051 2 2 1 1 848 1085 1080
2052 2 2 1 1 850 919 851
2053 2 2 1 1 919 923 851
2054 2 2 1 1 923 956 851
2055 2 2 1 1 851 956 942
2056 2 2 1 1 852 1112 1033
2057 2 2 1 1 853 1059 899
2058 2 2 1 1 992 1094 856
2059 2 2 1 1 859 860 858
2060 2 2 1 1 859 986 860
2061 2 2 1 1 862 968 863
2062 2 2 1 1 867 1064 1013
2063 2 2 1 1 869 959 870
2064 2 2 1 1 877 1062 1022
2065 2 2 1 1 878 1058 1026
2066 2 2 1 1 878 1113 1058
2067 2 2 1 1 879 1123 1074
2068 2 2 1 1 881 1081 995
2069 2 2 1 1 937 1080 888
2070 2 2 1 1 1052 1060 889
2071 2 2 1 1 892 1004 891
2072 2 2 1 1 1004 1060 891
2073 2 2 1 1 896 1006 895
2074 2 2 1 1 895 1006 931
2075 2 2 1 1 896 901 900
2076 2 2 1 1 896 1056 901
2077 2 2 1 1 899 1059 1021
2078 2 2 1 1 903 1108 932
2079 2 2 1 1 904 1097 929
2080 2 2 1 1 905 1082 957
2081 2 2 1 1 1007 1105 906
2082 2 2 1 1 915 1017 907
2083 2 2 1 1 907 1017 982
2084 2 2 1 1 1001 1065 908
2085 2 2 1 1 909 1114 1006
2086 2 2 1 1 1038 1114 909
2087 2 2 1 1 917 1009 918
2088 2 2 1 1 940 983 918
2089 2 2 1 1 1009 1117 918
2090 2 2 1 1 927 1026 964
2091 2 2 1 1 1006 1114 931
2092 2 2 1 1 941 984 965
2093 2 2 1 1 953 1038 945
2094 2 2 1 1 994 1084 951
2095 2 2 1 1 969 1049 990
2096 2 2 1 1 1037 1091 976
2097 4 2 3 1 1226 1229 1239 1308
2098 4 2 3 1 1226 1251 1229 1308
2099 4 2 3 1 1244 1222 1241 1306
2100 4 2 3 1 1253 1222 1256 1306
2101 4 2 3 1 73 1232 1231 1308
2102 4 2 3 1 1239 1236 1226 1308
2103 4 2 3 1 1226 1248 1251 1308
2104 4 2 3 1 1232 73 1233 1308
2105 4 2 3 1 1226 1236 1248 1308
2106 4 2 3 1 1235 1223 1244 1306
2107 4 2 3 1 1256 1223 1247 1306
2108 4 2 3 1 1220 1306 1242 1308
2109 4 2 3 1 1254 1306 1220 1308
2110 4 2 3 1 1224 1244 1222 1241
2111 4 2 3 1 1253 1222 1224 1256
2112 4 2 3 1 1223 1222 1244 1306
2113 4 2 3 1 1256 1222 1223 1306
2114 4 2 3 1 1253 1241 1222 1306
2115 4 2 3 1 1232 1239 1231 1308
2116 4 2 3 1 1248 1236 1307 1308
2117 4 2 3 1 1254 1255 1221 1306
2118 4 2 3 1 1242 1221 1243 1306
2119 4 2 3 1 1231 1239 1229 1308
2120 4 2 3 1 1233 1220 1242 1308
2121 4 2 3 1 1251 1231 1229 1308
2122 4 2 3 1 1222 1224 1241 1253
2123 4 2 3 1 1254 1220 1245 1308
2124 4 2 3 1 1232 1233 1239 1308
2125 4 2 3 1 1241 1253 1224 1307
2126 4 2 3 1 1253 1241 1306 1308
2127 4 2 3 1 1241 1224 1234 1307
2128 4 2 3 1 1246 1224 1253 1307
2129 4 2 3 1 1228 1234 1224 1307
2130 4 2 3 1 1228 1224 1246 1307
2131 4 2 3 1 73 1231 1251 1308
2132 4 2 3 1 1236 1248 1225 1226
2133 4 2 3 1 1251 1245 73 1308
2134 4 2 3 1 1250 1307 1253 1308
2135 4 2 3 1 1238 1241 1307 1308
2136 4 2 3 1 1253 1307 1241 1308
2137 4 2 3 1 1236 1225 1248 1307
2138 4 2 3 1 1220 1221 1242 1306
2139 4 2 3 1 1220 1254 1221 1306
2140 4 2 3 1 1252 1306 1254 1308
2141 4 2 3 1 1240 1242 1306 1308
2142 4 2 3 1 1248 1307 1250 1308
2143 4 2 3 1 1238 1307 1236 1308
2144 4 2 3 1 1247 82 1255 1306
2145 4 2 3 1 1243 70 1235 1306
2146 4 2 3 1 1233 1232 5 73
2147 4 2 3 1 1253 1256 1247 1306
2148 4 2 3 1 1241 1235 1244 1306
2149 4 2 3 1 1252 1250 1306 1308
2150 4 2 3 1 1240 1306 1238 1308
2151 4 2 3 1 1245 1230 73 1308
2152 4 2 3 1 1237 1227 1225 1307
2153 4 2 3 1 1230 1220 1233 1308
2154 4 2 3 1 1233 73 1230 1308
2155 4 2 3 1 1227 1249 1225 1307
2156 4 2 3 1 1230 1245 1220 1308
2157 4 2 3 1 1221 83 1255 1254
2158 4 2 3 1 1224 1244 68 1222
2159 4 2 3 1 71 1221 1243 1242
2160 4 2 3 1 1222 80 1224 1256
2161 4 2 3 1 1239 1226 63 1229
2162 4 2 3 1 1229 1226 75 1251
2163 4 2 3 1 1255 82 1221 1306
2164 4 2 3 1 1243 1221 70 1306
2165 4 2 3 1 1225 65 1227 1237
2166 4 2 3 1 1249 77 1227 1225
2167 4 2 3 1 1250 1253 1306 1308
2168 4 2 3 1 1238 1306 1241 1308
2169 4 2 3 1 1248 1250 1251 1308
2170 4 2 3 1 1239 1238 1236 1308
2171 4 2 3 1 1223 1235 70 1306
2172 4 2 3 1 1247 1223 82 1306
2173 4 2 3 1 1245 73 6 1251
2174 4 2 3 1 1224 1244 1241 68
2175 4 2 3 1 1237 1234 66 1307
2176 4 2 3 1 78 1246 1249 1307
2177 4 2 3 1 1253 1224 80 1256
2178 4 2 3 1 1223 69 1235 1244
2179 4 2 3 1 1256 1223 81 1247
2180 4 2 3 1 1242 1243 1240 1306
2181 4 2 3 1 1254 1252 1255 1306
2182 4 2 3 1 1237 66 1227 1307
2183 4 2 3 1 1249 1227 78 1307
2184 4 2 3 1 1237 1225 1236 1307
2185 4 2 3 1 1248 1225 1249 1307
2186 4 2 3 1 1241 1238 1240 1306
2187 4 2 3 1 1250 1253 1252 1306
2188 4 2 3 1 1231 6 73 1251
2189 4 2 3 1 1222 69 1223 1244
2190 4 2 3 1 81 1222 1223 1256
2191 4 2 3 1 1239 1226 1236 63
2192 4 2 3 1 1245 1252 1254 1308
2193 4 2 3 1 1240 1233 1242 1308
2194 4 2 3 1 1226 1248 75 1251
2195 4 2 3 1 1221 71 1220 1242
2196 4 2 3 1 1223 1221 82 1306
2197 4 2 3 1 1223 70 1221 1306
2198 4 2 3 1 1220 83 1221 1254
2199 4 2 3 1 67 1224 1228 1234
2200 4 2 3 1 79 1224 1246 1228
2201 4 2 3 1 64 1225 1226 1236
2202 4 2 3 1 1225 1248 76 1226
2203 4 2 3 1 78 1228 1246 1307
2204 4 2 3 1 1228 66 1234 1307
2205 4 2 3 1 1228 78 1227 1307
2206 4 2 3 1 1228 1227 66 1307
2207 4 2 3 1 65 1236 1237 1225
2208 4 2 3 1 77 1248 1225 1249
2209 4 2 3 1 1239 5 1233 1232
2210 4 2 3 1 1230 6 1245 73
2211 4 2 3 1 67 1241 1224 1234
2212 4 2 3 1 5 1233 73 1230
2213 4 2 3 1 1253 79 1224 1246
2214 4 2 3 1 1253 1247 1252 1306
2215 4 2 3 1 1241 1240 1235 1306
2216 4 2 3 1 64 63 1236 1226
2217 4 2 3 1 76 75 1226 1248
2218 4 2 3 1 1241 67 1224 68
2219 4 2 3 1 79 1253 1224 80
2220 4 2 3 1 70 69 1235 1223
2221 4 2 3 1 82 81 1223 1247
2222 4 2 3 1 1240 1243 1235 1306
2223 4 2 3 1 1247 1255 1252 1306
2224 4 2 3 1 1230 84 1245 6
2225 4 2 3 1 83 82 1221 1255
2226 4 2 3 1 1253 1250 1246 1307
2227 4 2 3 1 1234 1238 1241 1307
2228 4 2 3 1 1221 71 1243 70
2229 4 2 3 1 1229 74 1231 1251
2230 4 2 3 1 66 65 1237 1227
2231 4 2 3 1 78 77 1227 1249
2232 4 2 3 1 71 72 1220 1242
2233 4 2 3 1 1238 1234 1236 1307
2234 4 2 3 1 1248 1246 1250 1307
2235 4 2 3 1 5 72 1233 1230
2236 4 2 3 1 77 76 1225 1248
2237 4 2 3 1 65 64 1236 1225
2238 4 2 3 1 84 83 1220 1254
2239 4 2 3 1 74 6 1231 1251
2240 4 2 3 1 79 78 1228 1246
2241 4 2 3 1 67 66 1234 1228
2242 4 2 3 1 62 5 1239 1232
2243 4 2 3 1 63 62 1239 1229
2244 4 2 3 1 1245 1251 1250 1308
2245 4 2 3 1 1239 1233 1238 1308
2246 4 2 3 1 1236 1234 1237 1307
2247 4 2 3 1 1249 1246 1248 1307
2248 4 2 3 1 75 74 1229 1251
2249 4 2 3 1 69 68 1244 1222
2250 4 2 3 1 81 80 1222 1256
2251 4 2 3 1 1252 1245 1250 1308
2252 4 2 3 1 1233 1240 1238 1308
2253 4 2 3 1 1233 1220 72 1242
2254 4 2 3 1 72 1220 1233 1230
2255 4 2 3 1 1245 1220 84 1230
2256 4 2 3 1 84 1220 1245 1254
2257 4 2 3 1 62 1231 1239 1229
2258 4 2 3 1 1239 1231 62 1232
2259 4 2 3 2 1300 1286 1287 1311
2260 4 2 3 2 1287 1286 1275 1311
2261 4 2 3 2 1280 1283 1277 1309
2262 4 2 3 2 1305 1302 1283 1309
2263 4 2 3 2 1293 1292 96 1311
2264 4 2 3 2 1287 1297 1300 1311
2265 4 2 3 2 1275 1272 1287 1311
2266 4 2 3 2 1293 96 1269 1311
2267 4 2 3 2 1297 1287 1272 1311
2268 4 2 3 2 1284 1280 1271 1309
2269 4 2 3 2 1305 1284 1296 1309
2270 4 2 3 2 1281 1309 1278 1311
2271 4 2 3 2 1303 1309 1281 1311
2272 4 2 3 2 1280 1277 1283 1285
2273 4 2 3 2 1302 1305 1283 1285
2274 4 2 3 2 1284 1283 1280 1309
2275 4 2 3 2 1305 1283 1284 1309
2276 4 2 3 2 1302 1277 1283 1309
2277 4 2 3 2 1293 1275 1292 1311
2278 4 2 3 2 1297 1272 1310 1311
2279 4 2 3 2 1282 1303 1304 1309
2280 4 2 3 2 1282 1279 1278 1309
2281 4 2 3 2 1275 1286 1292 1311
2282 4 2 3 2 1300 1292 1286 1311
2283 4 2 3 2 1277 1302 1283 1285
2284 4 2 3 2 1294 1303 1281 1311
2285 4 2 3 2 1293 1269 1275 1311
2286 4 2 3 2 1277 1302 1285 1310
2287 4 2 3 2 1277 1309 1302 1311
2288 4 2 3 2 1277 1285 1270 1310
2289 4 2 3 2 1302 1295 1285 1310
2290 4 2 3 2 1285 1290 1270 1310
2291 4 2 3 2 1285 1295 1290 1310
2292 4 2 3 2 96 1292 1300 1311
2293 4 2 3 2 1297 1288 1272 1287
2294 4 2 3 2 96 1300 1294 1311
2295 4 2 3 2 1277 1310 1274 1311
2296 4 2 3 2 1302 1299 1310 1311
2297 4 2 3 2 1277 1302 1310 1311
2298 4 2 3 2 1272 1288 1297 1310
2299 4 2 3 2 1282 1278 1281 1309
2300 4 2 3 2 1303 1282 1281 1309
2301 4 2 3 2 1278 1309 1276 1311
2302 4 2 3 2 1301 1309 1303 1311
2303 4 2 3 2 1274 1310 1272 1311
2304 4 2 3 2 1299 1297 1310 1311
2305 4 2 3 2 1304 1296 105 1309
2306 4 2 3 2 1279 93 1271 1309
2307 4 2 3 2 96 7 1293 1269
2308 4 2 3 2 1302 1305 1296 1309
2309 4 2 3 2 1277 1271 1280 1309
2310 4 2 3 2 1274 1276 1309 1311
2311 4 2 3 2 1299 1309 1301 1311
2312 4 2 3 2 1294 1291 96 1311
2313 4 2 3 2 1273 1289 1288 1310
2314 4 2 3 2 1291 1269 96 1311
2315 4 2 3 2 1289 1298 1288 1310
2316 4 2 3 2 1294 1281 1291 1311
2317 4 2 3 2 106 1282 1303 1304
2318 4 2 3 2 91 1283 1285 1280
2319 4 2 3 2 1287 1300 98 1286
2320 4 2 3 2 1278 1282 94 1279
2321 4 2 3 2 1283 103 1285 1305
2322 4 2 3 2 1286 1275 86 1287
2323 4 2 3 2 1304 105 1282 1309
2324 4 2 3 2 1279 1282 93 1309
2325 4 2 3 2 1288 88 1289 1273
2326 4 2 3 2 1277 1274 1309 1311
2327 4 2 3 2 1302 1309 1299 1311
2328 4 2 3 2 100 1288 1289 1298
2329 4 2 3 2 1299 1300 1297 1311
2330 4 2 3 2 1274 1272 1275 1311
2331 4 2 3 2 1284 1271 93 1309
2332 4 2 3 2 1284 105 1296 1309
2333 4 2 3 2 1300 8 96 1294
2334 4 2 3 2 1285 91 1280 1277
2335 4 2 3 2 1273 1270 89 1310
2336 4 2 3 2 1298 101 1295 1310
2337 4 2 3 2 1285 1305 103 1302
2338 4 2 3 2 1271 92 1280 1284
2339 4 2 3 2 1284 1296 104 1305
2340 4 2 3 2 1276 1278 1279 1309
2341 4 2 3 2 1304 1303 1301 1309
2342 4 2 3 2 1289 1273 89 1310
2343 4 2 3 2 1298 1289 101 1310
2344 4 2 3 2 1273 1288 1272 1310
2345 4 2 3 2 1297 1288 1298 1310
2346 4 2 3 2 1302 1301 1299 1309
2347 4 2 3 2 1277 1274 1276 1309
2348 4 2 3 2 1292 1300 8 96
2349 4 2 3 2 1283 92 1284 1280
2350 4 2 3 2 104 1283 1284 1305
2351 4 2 3 2 1287 1300 1297 98
2352 4 2 3 2 1278 1276 1269 1311
2353 4 2 3 2 1301 1303 1294 1311
2354 4 2 3 2 1275 1272 86 1287
2355 4 2 3 2 1282 94 1281 1278
2356 4 2 3 2 1284 1282 105 1309
2357 4 2 3 2 1284 93 1282 1309
2358 4 2 3 2 1282 106 1303 1281
2359 4 2 3 2 90 1285 1290 1270
2360 4 2 3 2 1285 102 1290 1295
2361 4 2 3 2 99 1287 1288 1297
2362 4 2 3 2 1272 1288 87 1287
2363 4 2 3 2 1290 1295 101 1310
2364 4 2 3 2 89 1270 1290 1310
2365 4 2 3 2 1290 101 1289 1310
2366 4 2 3 2 1290 1289 89 1310
2367 4 2 3 2 1288 88 1273 1272
2368 4 2 3 2 1297 100 1298 1288
2369 4 2 3 2 1293 7 1275 1269
2370 4 2 3 2 1291 8 1294 96
2371 4 2 3 2 1291 95 1269 1278
2372 4 2 3 2 95 1291 1281 1278
2373 4 2 3 2 90 1277 1285 1270
2374 4 2 3 2 1291 7 96 1269
2375 4 2 3 2 1302 102 1285 1295
2376 4 2 3 2 1277 1276 1271 1309
2377 4 2 3 2 1296 1301 1302 1309
2378 4 2 3 2 98 99 1297 1287
2379 4 2 3 2 86 87 1287 1272
2380 4 2 3 2 1277 90 1285 91
2381 4 2 3 2 102 1302 1285 103
2382 4 2 3 2 92 93 1284 1271
2383 4 2 3 2 104 105 1296 1284
2384 4 2 3 2 1301 1296 1304 1309
2385 4 2 3 2 1271 1276 1279 1309
2386 4 2 3 2 8 107 1291 1294
2387 4 2 3 2 1282 106 105 1304
2388 4 2 3 2 1299 1295 1302 1310
2389 4 2 3 2 1277 1270 1274 1310
2390 4 2 3 2 93 94 1282 1279
2391 4 2 3 2 1286 97 1292 1300
2392 4 2 3 2 88 89 1289 1273
2393 4 2 3 2 100 101 1298 1289
2394 4 2 3 2 94 95 1281 1278
2395 4 2 3 2 1297 1295 1299 1310
2396 4 2 3 2 1270 1272 1274 1310
2397 4 2 3 2 95 7 1291 1269
2398 4 2 3 2 87 88 1288 1272
2399 4 2 3 2 99 100 1297 1288
2400 4 2 3 2 107 106 1281 1303
2401 4 2 3 2 1300 1292 8 97
2402 4 2 3 2 101 102 1295 1290
2403 4 2 3 2 89 90 1290 1270
2404 4 2 3 2 7 85 1293 1275
2405 4 2 3 2 85 86 1286 1275
2406 4 2 3 2 1275 1269 1274 1311
2407 4 2 3 2 1294 1300 1299 1311
2408 4 2 3 2 97 98 1300 1286
2409 4 2 3 2 1270 1273 1272 1310
2410 4 2 3 2 1298 1295 1297 1310
2411 4 2 3 2 91 92 1283 1280
2412 4 2 3 2 103 104 1305 1283
2413 4 2 3 2 1274 1269 1276 1311
2414 4 2 3 2 1294 1299 1301 1311
2415 4 2 3 2 1278 1291 1311 1269
2416 4 2 3 2 1278 1311 1291 1281
2417 4 2 3 2 1294 1281 107 1291
2418 4 2 3 2 1294 107 1281 1303
2419 4 2 3 2 85 1292 1275 1286
2420 4 2 3 2 85 1275 1292 1293
2421 4 2 4 3 1277 1256 1260 1280
2422 4 2 4 3 91 1280 1260 1256
2423 4 2 4 3 1249 78 1273 1257
2424 4 2 4 3 1273 1246 1249 1257
2425 4 2 4 3 1273 88 1249 1263
2426 4 2 4 3 1251 1272 1264 1275
2427 4 2 4 3 1275 1261 1245 1269
2428 4 2 4 3 7 1245 1261 1269
2429 4 2 4 3 1271 1280 1265 1256
2430 4 2 4 3 1251 1264 75 1275
2431 4 2 4 3 1273 78 89 1257
2432 4 2 4 3 1251 1261 1245 1275
2433 4 2 4 3 1272 1251 1264 1248
2434 4 2 4 3 6 7 1245 1261
2435 4 2 4 3 1249 1272 1273 1263
2436 4 2 4 3 1265 1271 1256 1247
2437 4 2 4 3 1273 1270 1246 1257
2438 4 2 4 3 1246 1270 1277 1260
2439 4 2 4 3 1270 1273 89 1257
2440 4 2 4 3 1275 7 1261 1269
2441 4 2 4 3 1261 1245 6 1251
2442 4 2 4 3 1249 1246 78 1257
2443 4 2 4 3 82 83 1268 1255
2444 4 2 4 3 93 94 1279 1268
2445 4 2 4 3 84 1266 1254 1278
2446 4 2 4 3 91 1280 1277 1260
2447 4 2 4 3 1260 1253 80 1256
2448 4 2 4 3 1260 80 91 1256
2449 4 2 4 3 79 1246 1253 1260
2450 4 2 4 3 1264 75 1248 1251
2451 4 2 4 3 1264 1272 86 1275
2452 4 2 4 3 86 75 1264 1275
2453 4 2 4 3 1277 90 1260 1270
2454 4 2 4 3 1277 1256 1253 1260
2455 4 2 4 3 92 93 1271 1265
2456 4 2 4 3 81 82 1265 1247
2457 4 2 4 3 77 78 1258 1249
2458 4 2 4 3 88 89 1273 1258
2459 4 2 4 3 1249 88 77 1263
2460 4 2 4 3 1280 92 1265 1256
2461 4 2 4 3 82 1271 1255 1279
2462 4 2 4 3 83 84 1266 1254
2463 4 2 4 3 75 76 1264 1248
2464 4 2 4 3 86 87 1272 1264
2465 4 2 4 3 7 1267 1245 1269
2466 4 2 4 3 1271 1265 82 1247
2467 4 2 4 3 1261 6 74 1251
2468 4 2 4 3 1267 84 6 1245
2469 4 2 4 3 94 95 1278 1266
2470 4 2 4 3 1253 80 79 1260
2471 4 2 4 3 1277 90 91 1260
2472 4 2 4 3 1255 1268 82 1279
2473 4 2 4 3 95 7 1269 1267
2474 4 2 4 3 7 85 1275 1261
2475 4 2 4 3 1247 82 1271 1255
2476 4 2 4 3 1246 1272 1273 1249
2477 4 2 4 3 1256 81 1265 1247
2478 4 2 4 3 83 1268 1255 1279
2479 4 2 4 3 1280 1265 92 1271
2480 4 2 4 3 6 7 1267 1245
2481 4 2 4 3 1266 84 95 1278
2482 4 2 4 3 1253 1246 1277 1260
2483 4 2 4 3 75 1262 1251 1275
2484 4 2 4 3 1249 1273 78 1258
2485 4 2 4 3 1255 1271 1252 1279
2486 4 2 4 3 90 1270 1246 1260
2487 4 2 4 3 95 84 1267 1245
2488 4 2 4 3 80 81 1259 1256
2489 4 2 4 3 1254 1245 84 1278
2490 4 2 4 3 1259 1280 91 1256
2491 4 2 4 3 91 92 1280 1259
2492 4 2 4 3 1272 87 76 1264
2493 4 2 4 3 76 77 1263 1248
2494 4 2 4 3 87 88 1272 1263
2495 4 2 4 3 1265 82 93 1271
2496 4 2 4 3 1245 1267 95 1269
2497 4 2 4 3 92 81 1265 1256
2498 4 2 4 3 78 79 1257 1246
2499 4 2 4 3 1270 89 90 1257
2500 4 2 4 3 1274 1272 1250 1275
2501 4 2 4 3 1250 1274 1275 1269
2502 4 2 4 3 88 1273 1249 1258
2503 4 2 4 3 1262 75 86 1275
2504 4 2 4 3 1271 1255 1252 1247
2505 4 2 4 3 1271 82 93 1279
2506 4 2 4 3 74 75 1262 1251
2507 4 2 4 3 1250 1246 1272 1274
2508 4 2 4 3 1252 1274 1269 1276
2509 4 2 4 3 83 1255 1278 1279
2510 4 2 4 3 88 1273 1272 1263
2511 4 2 4 3 1249 77 1248 1263
2512 4 2 4 3 1275 1245 1250 1269
2513 4 2 4 3 85 86 1275 1262
2514 4 2 4 3 1270 1272 1246 1274
2515 4 2 4 3 1245 95 84 1278
2516 4 2 4 3 1279 1271 1252 1276
2517 4 2 4 3 1278 1255 1252 1279
2518 4 2 4 3 1274 1252 1269 1250
2519 4 2 4 3 1272 76 87 1263
2520 4 2 4 3 1268 93 82 1279
2521 4 2 4 3 1252 1271 1247 1277
2522 4 2 4 3 1273 1270 1272 1246
2523 4 2 4 3 1261 74 85 1275
2524 4 2 4 3 1272 1251 1250 1275
2525 4 2 4 3 1246 1270 90 1257
2526 4 2 4 3 83 1255 1254 1278
2527 4 2 4 3 1245 1275 1250 1251
2528 4 2 4 3 1249 1248 1272 1263
2529 4 2 4 3 1246 79 90 1260
2530 4 2 4 3 95 1245 1269 1278
2531 4 2 4 3 1245 1252 1250 1269
2532 4 2 4 3 1268 83 94 1279
2533 4 2 4 3 1262 85 74 1275
2534 4 2 4 3 1273 89 78 1258
2535 4 2 4 3 1252 1271 1277 1276
2536 4 2 4 3 1255 1278 1252 1254
2537 4 2 4 3 1248 1272 76 1264
2538 4 2 4 3 1254 1266 83 1278
2539 4 2 4 3 1259 92 1280 1256
2540 4 2 4 3 1271 1256 1277 1280
2541 4 2 4 3 74 1261 1251 1275
2542 4 2 4 3 1251 1248 1272 1250
2543 4 2 4 3 1272 1248 1246 1250
2544 4 2 4 3 1251 1262 74 1275
2545 4 2 4 3 1256 1271 1277 1247
2546 4 2 4 3 1252 1278 1279 1276
2547 4 2 4 3 77 88 1249 1258
2548 4 2 4 3 1278 94 83 1279
2549 4 2 4 3 1259 91 80 1256
2550 4 2 4 3 1246 1248 1272 1249
2551 4 2 4 3 1278 1245 1252 1254
2552 4 2 4 3 90 79 1246 1257
2553 4 2 4 3 1274 1252 1277 1276
2554 4 2 4 3 1248 76 1272 1263
2555 4 2 4 3 1266 94 83 1278
2556 4 2 4 3 1277 1246 1250 1274
2557 4 2 4 3 1269 1278 1252 1276
2558 4 2 4 3 1246 1277 1270 1274
2559 4 2 4 3 1250 1252 1277 1274
2560 4 2 4 3 81 92 1259 1256
2561 4 2 4 3 1277 1253 1247 1252
2562 4 2 4 3 1245 1278 1252 1269
2563 4 2 4 3 1277 1246 1253 1250
2564 4 2 4 3 1256 1247 1277 1253
2565 4 2 4 3 1252 1277 1253 1250
2566 4 2 2 4 77 78 1227 1154
2567 4 2 2 4 107 8 1291 1184
2568 4 2 2 4 84 6 1230 1174
2569 4 2 2 4 66 1227 1228 1135
2570 4 2 2 4 1145 1171 1286 1140
2571 4 2 2 4 1281 1170 1147 1177
2572 4 2 2 4 59 58 105 1205
2573 4 2 2 4 43 70 42 1190
2574 4 2 2 4 68 40 41 1199
2575 4 2 2 4 98 51 52 1140
2576 4 2 2 4 76 77 1225 1150
2577 4 2 2 4 105 1282 1284 1176
2578 4 2 2 4 65 1225 1227 1152
2579 4 2 2 4 1292 85 1293 1144
2580 4 2 2 4 1158 77 1154 1258
2581 4 2 2 4 78 79 1228 1155
2582 4 2 2 4 83 84 1220 1175
2583 4 2 2 4 7 95 1291 1146
2584 4 2 2 4 66 67 1234 1203
2585 4 2 2 4 102 101 1295 1218
2586 4 2 2 4 1287 99 1288 1153
2587 4 2 2 4 1165 1265 82 1166
2588 4 2 2 4 1282 1176 1141 1186
2589 4 2 2 4 1225 64 1226 1134
2590 4 2 2 4 1283 91 1285 1161
2591 4 2 2 4 5 72 1230 1182
2592 4 2 2 4 1224 67 1228 1157
2593 4 2 2 4 1266 1180 94 1147
2594 4 2 2 4 1259 80 1162 1178
2595 4 2 2 4 1297 1213 1300 1299
2596 4 2 2 4 1238 1239 1236 1198
2597 4 2 2 4 100 1297 1298 1210
2598 4 2 2 4 1236 65 1237 1195
2599 4 2 2 4 69 1222 1223 1169
2600 4 2 2 4 1166 82 1133 1167
2601 4 2 2 4 83 1220 1221 1167
2602 4 2 2 4 98 1300 1219 1209
2603 4 2 2 4 63 1239 1194 1204
2604 4 2 2 4 1181 49 3 1232
2605 4 2 2 4 1172 87 1151 1287
2606 4 2 2 4 1221 71 1188 1220
2607 4 2 2 4 103 104 57 1305
2608 4 2 2 4 1288 100 1289 1138
2609 4 2 2 4 94 95 1266 1147
2610 4 2 2 4 1163 81 1259 1178
2611 4 2 2 4 1168 1187 1142 1229
2612 4 2 2 4 94 93 1282 1177
2613 4 2 2 4 92 81 1163 1165
2614 4 2 2 4 92 93 1265 1164
2615 4 2 2 4 1146 1291 1184 1170
2616 4 2 2 4 1192 1239 1194 1202
2617 4 2 2 4 1300 1209 1217 1207
2618 4 2 2 4 83 84 1175 1266
2619 4 2 2 4 75 76 1226 1149
2620 4 2 2 4 77 78 1154 1258
2621 4 2 2 4 60 59 106 1216
2622 4 2 2 4 71 43 44 1201
2623 4 2 2 4 80 81 1178 1259
2624 4 2 2 4 79 80 1224 1183
2625 4 2 2 4 86 85 1286 1145
2626 4 2 2 4 69 68 41 1244
2627 4 2 2 4 102 1285 1290 1139
2628 4 2 2 4 1213 1209 1300 1207
2629 4 2 2 4 1192 1239 1198 1194
2630 4 2 2 4 1143 1220 1167 1188
2631 4 2 2 4 8 97 1292 1185
2632 4 2 2 4 91 90 1285 1161
2633 4 2 2 4 76 77 1150 1263
2634 4 2 2 4 1221 70 1223 1133
2635 4 2 2 4 34 62 35 1142
2636 4 2 2 4 80 1222 1224 1136
2637 4 2 2 4 97 50 51 1171
2638 4 2 2 4 1295 1211 1208 1218
2639 4 2 2 4 1196 1193 1203 1234
2640 4 2 2 4 93 1265 1164 1166
2641 4 2 2 4 79 1224 1228 1183
2642 4 2 2 4 45 44 72 1143
2643 4 2 2 4 1162 1163 91 1259
2644 4 2 2 4 91 92 1259 1163
2645 4 2 2 4 78 79 1155 1257
2646 4 2 2 4 8 107 1294 1207
2647 4 2 2 4 1168 1262 86 1145
2648 4 2 2 4 74 1187 1173 1132
2649 4 2 2 4 1187 1229 75 74
2650 4 2 2 4 1183 1160 79 1260
2651 4 2 2 4 72 5 1233 1192
2652 4 2 2 4 1229 62 1231 1142
2653 4 2 2 4 63 1226 1148 1229
2654 4 2 2 4 93 1282 1177 1186
2655 4 2 2 4 82 83 1221 1167
2656 4 2 2 4 81 82 1223 1165
2657 4 2 2 4 1231 62 1181 1142
2658 4 2 2 4 1193 1197 1199 1241
2659 4 2 2 4 1302 1212 1214 1208
2660 4 2 2 4 44 43 71 1188
2661 4 2 2 4 1182 1230 1174 1143
2662 4 2 2 4 1200 1233 1240 1238
2663 4 2 2 4 1294 1301 1299 1215
2664 4 2 2 4 1233 1239 1238 1198
2665 4 2 2 4 1213 1300 1299 1294
2666 4 2 2 4 1304 106 59 1216
2667 4 2 2 4 43 71 1243 1201
2668 4 2 2 4 1257 78 1156 1155
2669 4 2 2 4 1167 82 1133 1221
2670 4 2 2 4 1160 79 1257 1155
2671 4 2 2 4 1173 1181 1142 1231
2672 4 2 2 4 97 51 50 1209
2673 4 2 2 4 1180 83 1167 1175
2674 4 2 2 4 98 97 1300 1209
2675 4 2 2 4 1240 1241 1197 1238
2676 4 2 2 4 1302 1212 1299 1301
2677 4 2 2 4 81 82 1165 1265
2678 4 2 2 4 1185 50 97 1171
2679 4 2 2 4 1231 62 1232 1181
2680 4 2 2 4 34 35 62 1194
2681 4 2 2 4 62 63 1239 1194
2682 4 2 2 4 107 60 61 1170
2683 4 2 2 4 93 94 1268 1177
2684 4 2 2 4 87 86 1287 1172
2685 4 2 2 4 86 87 1264 1172
2686 4 2 2 4 72 71 1220 1143
2687 4 2 2 4 85 86 1262 1145
2688 4 2 2 4 1220 72 1143 1230
2689 4 2 2 4 1283 104 1284 1137
2690 4 2 2 4 76 87 1151 1149
2691 4 2 2 4 1261 1173 48 1132
2692 4 2 2 4 75 76 1149 1264
2693 4 2 2 4 1216 107 61 1207
2694 4 2 2 4 1238 1196 1197 1198
2695 4 2 2 4 1213 1211 1212 1299
2696 4 2 2 4 64 1236 1204 1191
2697 4 2 2 4 1297 99 1219 1206
2698 4 2 2 4 1287 98 1140 1286
2699 4 2 2 4 73 49 48 1173
2700 4 2 2 4 1164 1265 92 1165
2701 4 2 2 4 67 66 39 1203
2702 4 2 2 4 101 102 55 1218
2703 4 2 2 4 1201 45 72 1192
2704 4 2 2 4 1131 1174 48 1267
2705 4 2 2 4 1142 34 62 1181
2706 4 2 2 4 74 75 1187 1262
2707 4 2 2 4 47 1131 1267 1146
2708 4 2 2 4 1148 1226 1149 1168
2709 4 2 2 4 1154 78 1156 1258
2710 4 2 2 4 58 104 1296 1305
2711 4 2 2 4 1235 69 42 1244
2712 4 2 2 4 105 106 59 1304
2713 4 2 2 4 71 70 43 1243
2714 4 2 2 4 61 60 107 1216
2715 4 2 2 4 1229 1187 75 1168
2716 4 2 2 4 6 74 1231 1173
2717 4 2 2 4 72 44 45 1201
2718 4 2 2 4 98 52 51 1219
2719 4 2 2 4 35 36 63 1204
2720 4 2 2 4 76 87 1149 1264
2721 4 2 2 4 1177 1282 1141 1186
2722 4 2 2 4 106 107 1281 1170
2723 4 2 2 4 63 62 1229 1142
2724 4 2 2 4 47 46 96 1293
2725 4 2 2 4 1182 45 72 1143
2726 4 2 2 4 1226 76 1225 1149
2727 4 2 2 4 97 98 1286 1171
2728 4 2 2 4 92 1283 1284 1137
2729 4 2 2 4 88 89 1258 1158
2730 4 2 2 4 1184 107 61 1170
2731 4 2 2 4 1217 97 50 1209
2732 4 2 2 4 1197 1200 1238 1198
2733 4 2 2 4 1212 1213 1299 1215
2734 4 2 2 4 1284 1164 1176 1186
2735 4 2 2 4 1286 97 1171 1292
2736 4 2 2 4 1194 62 34 1202
2737 4 2 2 4 1181 3 34 1232
2738 4 2 2 4 1191 64 36 1204
2739 4 2 2 4 1206 52 99 1219
2740 4 2 2 4 1303 107 1216 1207
2741 4 2 2 4 104 105 58 1296
2742 4 2 2 4 70 69 42 1235
2743 4 2 2 4 95 7 1267 1146
2744 4 2 2 4 1201 72 1242 1192
2745 4 2 2 4 1240 1190 1235 1243
2746 4 2 2 4 1304 1205 1296 1301
2747 4 2 2 4 64 63 36 1204
2748 4 2 2 4 98 99 52 1219
2749 4 2 2 4 68 1222 1136 1224
2750 4 2 2 4 93 1284 1186 1164
2751 4 2 2 4 1170 106 60 1141
2752 4 2 2 4 1295 102 1218 1208
2753 4 2 2 4 1234 67 1193 1203
2754 4 2 2 4 1191 1196 1236 1198
2755 4 2 2 4 1297 1211 1206 1213
2756 4 2 2 4 64 65 1236 1191
2757 4 2 2 4 100 99 1297 1206
2758 4 2 2 4 6 74 1173 1261
2759 4 2 2 4 1301 1205 1212 1215
2760 4 2 2 4 1240 1197 1190 1200
2761 4 2 2 4 79 80 1183 1260
2762 4 2 2 4 1224 1157 1228 1183
2763 4 2 2 4 1174 84 6 1267
2764 4 2 2 4 1205 105 59 1304
2765 4 2 2 4 1190 43 70 1243
2766 4 2 2 4 73 48 6 1173
2767 4 2 2 4 1148 35 63 1142
2768 4 2 2 4 64 63 1226 1148
2769 4 2 2 4 1243 1240 1190 1201
2770 4 2 2 4 1301 1304 1205 1216
2771 4 2 2 4 1201 1240 1190 1200
2772 4 2 2 4 1205 1301 1216 1215
2773 4 2 2 4 1207 1294 1213 1215
2774 4 2 2 4 1200 1192 1233 1198
2775 4 2 2 4 1285 103 1179 102
2776 4 2 2 4 107 1281 1170 1291
2777 4 2 2 4 1223 1133 82 1221
2778 4 2 2 4 1168 86 75 1172
2779 4 2 2 4 44 71 1143 1188
2780 4 2 2 4 5 3 49 1232
2781 4 2 2 4 3 5 1192 1202
2782 4 2 2 4 1217 4 8 1207
2783 4 2 2 4 1168 1226 75 1229
2784 4 2 2 4 1156 89 1158 1258
2785 4 2 2 4 1297 100 1206 1210
2786 4 2 2 4 1191 1195 65 1236
2787 4 2 2 4 49 3 5 1182
2788 4 2 2 4 65 64 37 1191
2789 4 2 2 4 53 99 100 1206
2790 4 2 2 4 1289 1189 1288 1138
2791 4 2 2 4 1173 6 73 1231
2792 4 2 2 4 46 8 4 1184
2793 4 2 2 4 1177 1166 93 1186
2794 4 2 2 4 7 47 96 1293
2795 4 2 2 4 5 49 73 1232
2796 4 2 2 4 82 1133 1223 1165
2797 4 2 2 4 46 4 8 1185
2798 4 2 2 4 1225 1134 1226 1149
2799 4 2 2 4 75 1262 1168 1187
2800 4 2 2 4 1171 51 98 1140
2801 4 2 2 4 1282 1281 94 1177
2802 4 2 2 4 98 99 1287 1140
2803 4 2 2 4 1195 65 37 1191
2804 4 2 2 4 1206 100 53 1210
2805 4 2 2 4 93 1268 1166 1177
2806 4 2 2 4 1146 1147 95 1281
2807 4 2 2 4 1205 58 105 1296
2808 4 2 2 4 1190 70 42 1235
2809 4 2 2 4 102 103 1179 56
2810 4 2 2 4 70 43 1133 1188
2811 4 2 2 4 1291 1146 95 1281
2812 4 2 2 4 71 70 1188 43
2813 4 2 2 4 83 1167 1175 1220
2814 4 2 2 4 67 68 40 1224
2815 4 2 2 4 46 1146 1291 1184
2816 4 2 2 4 1294 1299 1213 1215
2817 4 2 2 4 1238 1200 1233 1198
2818 4 2 2 4 78 89 1156 1258
2819 4 2 2 4 6 48 1174 1267
2820 4 2 2 4 1173 48 6 1261
2821 4 2 2 4 1136 40 68 1224
2822 4 2 2 4 64 63 1148 36
2823 4 2 2 4 1175 1180 83 1266
2824 4 2 2 4 44 71 72 1143
2825 4 2 2 4 1136 80 1222 1178
2826 4 2 2 4 8 97 50 1217
2827 4 2 2 4 80 1136 1183 1162
2828 4 2 2 4 1285 1139 90 1290
2829 4 2 2 4 1282 1284 1176 1186
2830 4 2 2 4 1281 1147 94 1177
2831 4 2 2 4 62 5 34 1202
2832 4 2 2 4 1261 74 1173 1132
2833 4 2 2 4 84 1174 1131 1267
2834 4 2 2 4 1292 1185 97 1171
2835 4 2 2 4 1148 1226 1168 1229
2836 4 2 2 4 1170 1147 1146 1281
2837 4 2 2 4 90 89 1290 1156
2838 4 2 2 4 3 5 34 1232
2839 4 2 2 4 90 89 1156 1257
2840 4 2 2 4 62 5 1232 34
2841 4 2 2 4 1284 1164 92 1137
2842 4 2 2 4 1188 1133 70 1221
2843 4 2 2 4 60 107 106 1170
2844 4 2 2 4 1228 1155 79 1183
2845 4 2 2 4 1184 1291 107 1170
2846 4 2 2 4 1230 1174 49 1182
2847 4 2 2 4 1173 49 1181 1231
2848 4 2 2 4 1162 91 80 1259
2849 4 2 2 4 50 8 4 1185
2850 4 2 2 4 71 1220 1143 1188
2851 4 2 2 4 1155 1228 1157 1183
2852 4 2 2 4 5 3 34 1202
2853 4 2 2 4 50 4 8 1217
2854 4 2 2 4 1131 95 84 1267
2855 4 2 2 4 1261 85 74 1132
2856 4 2 2 4 98 97 51 1171
2857 4 2 2 4 105 1205 1296 1304
2858 4 2 2 4 35 62 63 1142
2859 4 2 2 4 1149 1226 75 1168
2860 4 2 2 4 1235 1190 70 1243
2861 4 2 2 4 98 99 1140 52
2862 4 2 2 4 81 92 1163 1259
2863 4 2 2 4 1142 63 1148 1229
2864 4 2 2 4 1268 82 93 1166
2865 4 2 2 4 1151 1153 1288 1189
2866 4 2 2 4 73 49 1173 1231
2867 4 2 2 4 1303 106 1304 1216
2868 4 2 2 4 71 1242 1243 1201
2869 4 2 2 4 1195 1191 1196 1236
2870 4 2 2 4 1206 1211 1297 1210
2871 4 2 2 4 98 51 97 1209
2872 4 2 2 4 1188 1220 1167 1221
2873 4 2 2 4 1194 35 63 1204
2874 4 2 2 4 51 98 1219 1209
2875 4 2 2 4 1213 1300 1294 1207
2876 4 2 2 4 1239 1233 1192 1198
2877 4 2 2 4 1185 46 1144 1292
2878 4 2 2 4 1267 7 47 1146
2879 4 2 2 4 8 97 1185 50
2880 4 2 2 4 107 1303 1294 1207
2881 4 2 2 4 63 62 35 1194
2882 4 2 2 4 1233 1242 72 1192
2883 4 2 2 4 1285 1179 1283 1161
2884 4 2 2 4 1262 86 75 1168
2885 4 2 2 4 1182 72 1230 1143
2886 4 2 2 4 1146 1291 1170 1281
2887 4 2 2 4 90 1156 1160 1257
2888 4 2 2 4 1233 1240 1242 1200
2889 4 2 2 4 1294 1303 1301 1215
2890 4 2 2 4 1224 80 1136 1183
2891 4 2 2 4 55 102 1208 1218
2892 4 2 2 4 1203 39 67 1193
2893 4 2 2 4 1260 91 80 1162
2894 4 2 2 4 1260 80 1183 1162
2895 4 2 2 4 1157 67 40 1224
2896 4 2 2 4 1238 1236 1196 1198
2897 4 2 2 4 1297 1211 1213 1299
2898 4 2 2 4 1267 1131 95 1146
2899 4 2 2 4 1209 1217 97 1300
2900 4 2 2 4 1194 1239 62 1202
2901 4 2 2 4 1268 94 83 1180
2902 4 2 2 4 1200 1240 1197 1238
2903 4 2 2 4 1301 1212 1299 1215
2904 4 2 2 4 98 1286 1171 1140
2905 4 2 2 4 1181 34 62 1232
2906 4 2 2 4 81 92 1265 1165
2907 4 2 2 4 1242 1240 1243 1201
2908 4 2 2 4 1304 1301 1303 1216
2909 4 2 2 4 90 79 1160 1260
2910 4 2 2 4 1180 94 83 1266
2911 4 2 2 4 1201 1242 1240 1200
2912 4 2 2 4 1216 1301 1303 1215
2913 4 2 2 4 88 77 1158 1258
2914 4 2 2 4 1156 89 78 1257
2915 4 2 2 4 1214 103 57 1305
2916 4 2 2 4 1180 1268 94 1177
2917 4 2 2 4 87 76 1151 1263
2918 4 2 2 4 1160 79 90 1257
2919 4 2 2 4 41 68 1199 1244
2920 4 2 2 4 1265 93 82 1166
2921 4 2 2 4 1264 75 86 1172
2922 4 2 2 4 59 105 58 1176
2923 4 2 2 4 1144 1185 1292 1171
2924 4 2 2 4 36 37 64 1191
2925 4 2 2 4 52 53 99 1153
2926 4 2 2 4 52 99 53 1206
2927 4 2 2 4 91 1161 1163 1162
2928 4 2 2 4 102 1295 1302 1208
2929 4 2 2 4 39 40 67 1193
2930 4 2 2 4 66 38 39 1203
2931 4 2 2 4 1174 1175 84 1131
2932 4 2 2 4 46 47 1144 1293
2933 4 2 2 4 66 39 38 1135
2934 4 2 2 4 103 56 57 1179
2935 4 2 2 4 71 70 1221 1188
2936 4 2 2 4 1178 1163 81 1165
2937 4 2 2 4 1137 1164 92 1163
2938 4 2 2 4 1304 59 1205 1216
2939 4 2 2 4 103 57 56 1214
2940 4 2 2 4 55 102 56 1208
2941 4 2 2 4 1169 1223 1133 1165
2942 4 2 2 4 103 1283 1285 1179
2943 4 2 2 4 65 37 38 1195
2944 4 2 2 4 88 1288 1289 1189
2945 4 2 2 4 54 53 100 1210
2946 4 2 2 4 1180 1166 1268 1177
2947 4 2 2 4 104 57 58 1137
2948 4 2 2 4 1284 1176 1164 1137
2949 4 2 2 4 55 56 102 1139
2950 4 2 2 4 1285 1139 1179 1161
2951 4 2 2 4 1137 1283 1179 1161
2952 4 2 2 4 67 40 39 1157
2953 4 2 2 4 1259 1162 1163 1178
2954 4 2 2 4 1295 1297 1299 1211
2955 4 2 2 4 55 54 101 1218
2956 4 2 2 4 103 1302 1305 1214
2957 4 2 2 4 55 101 54 1159
2958 4 2 2 4 100 53 54 1138
2959 4 2 2 4 1145 86 1168 1172
2960 4 2 2 4 1189 1153 1288 1138
2961 4 2 2 4 1289 1138 1159 1156
2962 4 2 2 4 1257 1156 1160 1155
2963 4 2 2 4 1264 87 1149 1172
2964 4 2 2 4 1289 101 1290 1159
2965 4 2 2 4 60 106 59 1141
2966 4 2 2 4 1135 1152 1227 1154
2967 4 2 2 4 1154 1156 1158 1258
2968 4 2 2 4 80 81 1222 1178
2969 4 2 2 4 1154 77 1158 1150
2970 4 2 2 4 1155 78 1156 1154
2971 4 2 2 4 36 64 37 1134
2972 4 2 2 4 66 1234 1237 1203
2973 4 2 2 4 65 38 37 1152
2974 4 2 2 4 1225 1150 1152 1134
2975 4 2 2 4 1151 1158 1263 1150
2976 4 2 2 4 1150 1151 76 1263
2977 4 2 2 4 1134 1148 1226 1149
2978 4 2 2 4 1155 1160 79 1183
2979 4 2 2 4 1162 80 1136 1178
2980 4 2 2 4 69 42 41 1169
2981 4 2 2 4 68 41 40 1136
2982 4 2 2 4 1155 1228 1135 1157
2983 4 2 2 4 1234 67 1241 1193
2984 4 2 2 4 43 42 70 1133
2985 4 2 2 4 1165 1164 1265 1166
2986 4 2 2 4 40 1136 1157 1224
2987 4 2 2 4 1236 1234 1238 1196
2988 4 2 2 4 1241 68 1244 1199
2989 4 2 2 4 1136 1157 1224 1183
2990 4 2 2 4 1260 1183 1160 1162
2991 4 2 2 4 1222 1169 1136 1178
2992 4 2 2 4 1163 1164 92 1165
2993 4 2 2 4 1165 82 1133 1166
2994 4 2 2 4 48 47 1131 1267
2995 4 2 2 4 1243 1190 43 1201
2996 4 2 2 4 1167 1175 1220 1143
2997 4 2 2 4 1188 1167 1133 1221
2998 4 2 2 4 1266 1175 1180 1147
2999 4 2 2 4 76 1151 1150 1149
3000 4 2 2 4 87 1151 1149 1172
3001 4 2 2 4 35 63 36 1148
3002 4 2 2 4 97 8 1300 1217
3003 4 2 2 4 1142 1148 1168 1229
3004 4 2 2 4 1236 64 1204 63
3005 4 2 2 4 5 62 1239 1202
3006 4 2 2 4 48 47 1261 1132
3007 4 2 2 4 1140 1151 1153 1287
3008 4 2 2 4 85 1132 1144 1145
3009 4 2 2 4 1262 1168 1187 1145
3010 4 2 2 4 1140 1172 1151 1287
3011 4 2 2 4 99 1297 1219 98
3012 4 2 2 4 1297 98 1300 1219
3013 4 2 2 4 95 94 1281 1147
3014 4 2 2 4 95 1131 1147 1146
3015 4 2 2 4 1147 1180 94 1177
3016 4 2 2 4 1282 93 1284 1186
3017 4 2 2 4 1166 1164 93 1186
3018 4 2 2 4 1295 101 1298 1218
3019 4 2 2 4 1139 1156 1290 1159
3020 4 2 2 4 93 92 1284 1164
3021 4 2 2 4 63 1236 1239 1204
3022 4 2 2 4 57 1305 58 1214
3023 4 2 2 4 58 1305 57 104
3024 4 2 2 4 1225 1150 1227 1152
3025 4 2 2 4 1225 1227 1150 77
3026 4 2 2 4 1154 1227 1150 1152
3027 4 2 2 4 1154 1150 1227 77
3028 4 2 2 4 1266 1147 84 1175
3029 4 2 2 4 1266 84 1147 95
3030 4 2 2 4 1131 84 1147 1175
3031 4 2 2 4 1131 1147 84 95
3032 4 2 2 4 1177 1170 1282 1281
3033 4 2 2 4 1177 1282 1170 1141
3034 4 2 2 4 106 1282 1170 1281
3035 4 2 2 4 106 1170 1282 1141
3036 4 2 2 4 56 1214 102 103
3037 4 2 2 4 56 102 1214 1208
3038 4 2 2 4 1302 102 1214 103
3039 4 2 2 4 1302 1214 102 1208
3040 4 2 2 4 40 1199 67 1193
3041 4 2 2 4 40 67 1199 68
3042 4 2 2 4 1241 67 1199 1193
3043 4 2 2 4 1241 1199 67 68
3044 4 2 2 4 85 1292 1145 1144
3045 4 2 2 4 85 1145 1292 1286
3046 4 2 2 4 1171 1145 1292 1144
3047 4 2 2 4 1171 1292 1145 1286
3048 4 2 2 4 1172 75 1149 1264
3049 4 2 2 4 1172 1149 75 1168
3050 4 2 2 4 1179 1139 102 56
3051 4 2 2 4 1179 102 1139 1285
3052 4 2 2 4 1244 41 42 1199
3053 4 2 2 4 1244 42 41 69
3054 4 2 2 4 1262 1145 74 85
3055 4 2 2 4 1262 74 1145 1187
3056 4 2 2 4 1132 74 1145 85
3057 4 2 2 4 1132 1145 74 1187
3058 4 2 2 4 8 1291 46 96
3059 4 2 2 4 8 46 1291 1184
3060 4 2 2 4 1138 1153 100 53
3061 4 2 2 4 1138 100 1153 1288
3062 4 2 2 4 99 100 1153 53
3063 4 2 2 4 99 1153 100 1288
3064 4 2 2 4 1154 1227 1228 78
3065 4 2 2 4 1228 1227 1154 1135
3066 4 2 2 4 1228 1155 1154 78
3067 4 2 2 4 1154 1155 1228 1135
3068 4 2 2 4 65 66 1195 38
3069 4 2 2 4 65 1195 66 1237
3070 4 2 2 4 1203 1195 66 38
3071 4 2 2 4 1203 66 1195 1237
3072 4 2 2 4 1218 101 1210 54
3073 4 2 2 4 1218 1210 101 1298
3074 4 2 2 4 100 1210 101 54
3075 4 2 2 4 100 101 1210 1298
3076 4 2 2 4 64 1134 65 37
3077 4 2 2 4 64 65 1134 1225
3078 4 2 2 4 1152 65 1134 37
3079 4 2 2 4 1152 1134 65 1225
3080 4 2 2 4 1161 1139 90 1285
3081 4 2 2 4 90 1139 1161 1160
3082 4 2 2 4 1145 1172 1286 86
3083 4 2 2 4 1145 1286 1172 1140
3084 4 2 2 4 1287 1286 1172 86
3085 4 2 2 4 1287 1172 1286 1140
3086 4 2 2 4 6 1230 48 73
3087 4 2 2 4 6 48 1230 1174
3088 4 2 2 4 49 48 1230 73
3089 4 2 2 4 49 1230 48 1174
3090 4 2 2 4 8 1207 1300 1217
3091 4 2 2 4 1300 1207 8 1294
3092 4 2 2 4 1192 5 1239 1202
3093 4 2 2 4 1192 1239 5 1233
3094 4 2 2 4 1218 1210 1295 1211
3095 4 2 2 4 1218 1295 1210 1298
3096 4 2 2 4 1297 1295 1210 1211
3097 4 2 2 4 1297 1210 1295 1298
3098 4 2 2 4 1236 1195 1234 1196
3099 4 2 2 4 1236 1234 1195 1237
3100 4 2 2 4 1203 1234 1195 1196
3101 4 2 2 4 1203 1195 1234 1237
3102 4 2 2 4 5 1230 49 1182
3103 4 2 2 4 5 49 1230 73
3104 4 2 2 4 1263 1158 77 1150
3105 4 2 2 4 1263 77 1158 88
3106 4 2 2 4 1161 91 1137 1283
3107 4 2 2 4 1161 1137 91 1163
3108 4 2 2 4 92 1137 91 1283
3109 4 2 2 4 92 91 1137 1163
3110 4 2 2 4 7 1291 47 1146
3111 4 2 2 4 7 47 1291 96
3112 4 2 2 4 46 47 1291 1146
3113 4 2 2 4 46 1291 47 96
3114 4 2 2 4 1239 1204 1191 1194
3115 4 2 2 4 1191 1204 1239 1236
3116 4 2 2 4 1191 1198 1239 1194
3117 4 2 2 4 1239 1198 1191 1236
3118 4 2 2 4 1300 1213 1206 1209
3119 4 2 2 4 1206 1213 1300 1297
3120 4 2 2 4 1206 1219 1300 1209
3121 4 2 2 4 1300 1219 1206 1297
3122 4 2 2 4 1292 8 46 96
3123 4 2 2 4 1292 46 8 1185
3124 4 2 2 4 1179 1137 103 1283
3125 4 2 2 4 1179 103 1137 57
3126 4 2 2 4 104 103 1137 1283
3127 4 2 2 4 104 1137 103 57
3128 4 2 2 4 74 1229 1173 1187
3129 4 2 2 4 74 1173 1229 1231
3130 4 2 2 4 1142 1173 1229 1187
3131 4 2 2 4 1142 1229 1173 1231
3132 4 2 2 4 84 1230 1175 1174
3133 4 2 2 4 84 1175 1230 1220
3134 4 2 2 4 1143 1175 1230 1174
3135 4 2 2 4 1143 1230 1175 1220
3136 4 2 2 4 1149 1150 1225 1134
3137 4 2 2 4 1149 1225 1150 76
3138 4 2 2 4 1138 89 1156 1289
3139 4 2 2 4 1138 1156 89 1158
3140 4 2 2 4 1189 88 1138 1289
3141 4 2 2 4 1189 1138 88 1158
3142 4 2 2 4 88 89 1138 1289
3143 4 2 2 4 88 1138 89 1158
3144 4 2 2 4 104 1137 1176 1284
3145 4 2 2 4 1176 1137 104 58
3146 4 2 2 4 1176 105 104 1284
3147 4 2 2 4 104 105 1176 58
3148 4 2 2 4 1148 1134 64 36
3149 4 2 2 4 1148 64 1134 1226
3150 4 2 2 4 1261 48 7 47
3151 4 2 2 4 1261 7 48 6
3152 4 2 2 4 1267 7 48 47
3153 4 2 2 4 1267 48 7 6
3154 4 2 2 4 1200 1192 1242 1233
3155 4 2 2 4 1200 1242 1192 1201
3156 4 2 2 4 1215 1207 1303 1216
3157 4 2 2 4 1215 1303 1207 1294
3158 4 2 2 4 1223 1165 1222 81
3159 4 2 2 4 1223 1222 1165 1169
3160 4 2 2 4 1178 1222 1165 81
3161 4 2 2 4 1178 1165 1222 1169
3162 4 2 2 4 68 1136 1169 41
3163 4 2 2 4 1169 1136 68 1222
3164 4 2 2 4 1169 69 68 41
3165 4 2 2 4 68 69 1169 1222
3166 4 2 2 4 1305 1205 58 1214
3167 4 2 2 4 1305 58 1205 1296
3168 4 2 2 4 1199 1190 1241 1197
3169 4 2 2 4 1240 1241 1190 1197
3170 4 2 2 4 1240 1190 1241 1235
3171 4 2 2 4 83 82 1180 1167
3172 4 2 2 4 83 1180 82 1268
3173 4 2 2 4 1166 1180 82 1167
3174 4 2 2 4 1166 82 1180 1268
3175 4 2 2 4 1302 1301 1205 1212
3176 4 2 2 4 1205 1301 1302 1296
3177 4 2 2 4 1302 1305 1205 1296
3178 4 2 2 4 99 1153 1140 52
3179 4 2 2 4 99 1140 1153 1287
3180 4 2 2 4 106 1141 105 59
3181 4 2 2 4 106 105 1141 1282
3182 4 2 2 4 1176 105 1141 59
3183 4 2 2 4 1176 1141 105 1282
3184 4 2 2 4 3 1192 72 45
3185 4 2 2 4 72 1192 3 5
3186 4 2 2 4 72 1182 3 45
3187 4 2 2 4 3 1182 72 5
3188 4 2 2 4 1207 4 107 61
3189 4 2 2 4 1207 107 4 8
3190 4 2 2 4 1184 107 4 61
3191 4 2 2 4 1184 4 107 8
3192 4 2 2 4 90 91 1160 1161
3193 4 2 2 4 90 1160 91 1260
3194 4 2 2 4 1162 1160 91 1161
3195 4 2 2 4 1162 91 1160 1260
3196 4 2 2 4 1295 1299 1212 1211
3197 4 2 2 4 1212 1299 1295 1302
3198 4 2 2 4 1212 1208 1295 1211
3199 4 2 2 4 1295 1208 1212 1302
3200 4 2 2 4 1238 1234 1197 1196
3201 4 2 2 4 1238 1197 1234 1241
3202 4 2 2 4 1193 1197 1234 1196
3203 4 2 2 4 1193 1234 1197 1241
3204 4 2 2 4 107 106 1216 60
3205 4 2 2 4 107 1216 106 1303
3206 4 2 2 4 71 72 1201 44
3207 4 2 2 4 71 1201 72 1242
3208 4 2 2 4 69 1169 1133 42
3209 4 2 2 4 1133 1169 69 1223
3210 4 2 2 4 1133 70 69 42
3211 4 2 2 4 69 70 1133 1223
3212 4 2 2 4 1156 1290 1289 89
3213 4 2 2 4 1156 1289 1290 1159
3214 4 2 2 4 1293 46 1292 1144
3215 4 2 2 4 1293 1292 46 96
3216 4 2 2 4 1287 1151 1288 87
3217 4 2 2 4 1287 1288 1151 1153
3218 4 2 2 4 1232 49 1231 1181
3219 4 2 2 4 1232 1231 49 73
3220 4 2 2 4 90 1139 1156 1290
3221 4 2 2 4 90 1156 1139 1160
3222 4 2 2 4 1241 1244 1190 1199
3223 4 2 2 4 1241 1190 1244 1235
3224 4 2 2 4 42 1190 1244 1199
3225 4 2 2 4 42 1244 1190 1235
3226 4 2 2 4 1139 1159 102 55
3227 4 2 2 4 1139 102 1159 1290
3228 4 2 2 4 101 102 1159 55
3229 4 2 2 4 101 1159 102 1290
3230 4 2 2 4 87 1151 88 1263
3231 4 2 2 4 1158 1151 88 1189
3232 4 2 2 4 1158 88 1151 1263
3233 4 2 2 4 1152 1135 66 38
3234 4 2 2 4 66 1135 1152 1227
3235 4 2 2 4 66 65 1152 38
3236 4 2 2 4 1152 65 66 1227
3237 4 2 2 4 1159 1138 101 54
3238 4 2 2 4 1159 101 1138 1289
3239 4 2 2 4 100 101 1138 54
3240 4 2 2 4 100 1138 101 1289
3241 4 2 2 4 1157 1135 67 1228
3242 4 2 2 4 1157 67 1135 39
3243 4 2 2 4 66 67 1135 1228
3244 4 2 2 4 66 1135 67 39
3245 4 2 2 4 1144 47 85 1293
3246 4 2 2 4 7 47 85 1261
3247 4 2 2 4 7 85 47 1293
3248 4 2 2 4 1132 47 85 1144
3249 4 2 2 4 1132 85 47 1261
3250 4 2 2 4 1288 88 1151 1189
3251 4 2 2 4 1151 88 1288 87
3252 4 2 2 4 1205 1214 1302 1212
3253 4 2 2 4 1302 1214 1205 1305
3254 4 2 1 5 985 639 1977 2200
3255 4 2 1 5 1370 1488 1867 1988
3256 4 2 1 5 1531 1347 1750 1965
3257 4 2 1 5 1594 1846 1409 1984
3258 4 2 1 5 274 1670 1562 1822
3259 4 2 1 5 1395 1681 1647 2006
3260 4 2 1 5 1553 435 1925 2232
3261 4 2 1 5 509 1967 1787 2433
3262 4 2 1 5 985 1588 639 2200
3263 4 2 1 5 1867 1988 1488 2057
3264 4 2 1 5 1681 2006 1395 2504
3265 4 2 1 5 274 1822 1562 1843
3266 4 2 1 5 715 2176 1697 2201
3267 4 2 1 5 1529 1795 439 1876
3268 4 2 1 5 1410 1340 1615 1807
3269 4 2 1 5 188 1701 1629 1946
3270 4 2 1 5 1662 1817 1406 2175
3271 4 2 1 5 1488 1988 1370 2340
3272 4 2 1 5 749 1747 1614 2074
3273 4 2 1 5 1582 1676 1514 1924
3274 4 2 1 5 1514 1924 1676 2164
3275 4 2 1 5 333 1594 906 1728
3276 4 2 1 5 454 439 1795 1876
3277 4 2 1 5 175 1757 1494 1933
3278 4 2 1 5 1491 1686 411 1794
3279 4 2 1 5 1314 1936 1558 2197
3280 4 2 1 5 61 4 1630 2094
3281 4 2 1 5 1623 1910 1654 1917
3282 4 2 1 5 1541 1671 1398 2299
3283 4 2 1 5 1498 1512 1368 1603
3284 4 2 1 5 1381 2100 1609 2425
3285 4 2 1 5 1017 1492 1067 1705
3286 4 2 1 5 1410 1615 1340 2131
3287 4 2 1 5 1531 929 1714 1965
3288 4 2 1 5 333 1594 1728 2115
3289 4 2 1 5 1067 1705 1492 1861
3290 4 2 1 5 1492 1705 1017 1844
3291 4 2 1 5 1464 1818 768 2018
3292 4 2 1 5 1499 1501 1830 1983
3293 4 2 1 5 1530 1749 613 2358
3294 4 2 1 5 1480 1589 688 1736
3295 4 2 1 5 1585 1787 621 1967
3296 4 2 1 5 1654 1910 326 1917
3297 4 2 1 5 1623 326 1910 1917
3298 4 2 1 5 509 621 1787 1967
3299 4 2 1 5 1733 1842 1442 2021
3300 4 2 1 5 1490 2003 1541 2136
3301 4 2 1 5 1541 2003 45 2136
3302 4 2 1 5 1440 1800 1334 1825
3303 4 2 1 5 179 1757 175 1933
3304 4 2 1 5 188 1629 1701 2313
3305 4 2 1 5 898 1856 1446 2240
3306 4 2 1 5 1409 1984 1846 2180
3307 4 2 1 5 1402 1818 1605 1863
3308 4 2 1 5 501 1614 1747 2169
3309 4 2 1 5 1531 1714 1347 1965
3310 4 2 1 5 346 1711 1582 1815
3311 4 2 1 5 1444 1347 1672 1767
3312 4 2 1 5 386 2011 1737 2129
3313 4 2 1 5 1381 1415 2100 2425
3314 4 2 1 5 1366 1529 1477 1606
3315 4 2 1 5 1458 1578 1389 2236
3316 4 2 1 5 1667 1733 1442 2021
3317 4 2 1 5 1446 1716 898 1977
3318 4 2 1 5 190 188 1629 1946
3319 4 2 1 5 311 1590 821 1911
3320 4 2 1 5 1562 1802 271 1843
3321 4 2 1 5 177 1449 1856 2108
3322 4 2 1 5 177 1449 2108 2313
3323 4 2 1 5 1530 613 2317 2358
3324 4 2 1 5 1410 1340 1725 2131
3325 4 2 1 5 1368 1603 1512 1739
3326 4 2 1 5 1514 1676 1582 2116
3327 4 2 1 5 1600 2197 1381 2345
3328 4 2 1 5 1749 1907 613 2358
3329 4 2 1 5 1385 1422 1957 2064
3330 4 2 1 5 1495 61 1630 2094
3331 4 2 1 5 501 1747 1665 2169
3332 4 2 1 5 1377 1676 1924 2164
3333 4 2 1 5 1907 2317 613 2358
3334 4 2 1 5 1761 1768 810 2267
3335 4 2 1 5 898 1716 1446 1856
3336 4 2 1 5 1470 1793 393 2077
3337 4 2 1 5 177 1856 1449 2313
3338 4 2 1 5 1343 1656 1494 2200
3339 4 2 1 5 1315 2068 2062 2230
3340 4 2 1 5 1408 1706 1630 2375
3341 4 2 1 5 1451 1641 1497 2138
3342 4 2 1 5 1381 2345 2197 2423
3343 4 2 1 5 1340 1410 1725 1807
3344 4 2 1 5 42 1930 1472 2304
3345 4 2 1 5 1453 1880 980 2149
3346 4 2 1 5 1029 1745 1515 1990
3347 4 2 1 5 1313 1642 1465 2239
3348 4 2 1 5 1553 1789 435 2232
3349 4 2 1 5 1599 1362 2000 2085
3350 4 2 1 5 1361 1561 1436 1942
3351 4 2 1 5 805 1705 1067 1861
3352 4 2 1 5 1368 1498 1603 2396
3353 4 2 1 5 1839 1952 1644 2104
3354 4 2 1 5 298 2027 1771 2355
3355 4 2 1 5 898 176 1856 2240
3356 4 2 1 5 1446 1494 1656 2200
3357 4 2 1 5 716 715 1697 2201
3358 4 2 1 5 654 1587 652 2051
3359 4 2 1 5 1491 1714 413 1965
3360 4 2 1 5 688 1589 1480 1855
3361 4 2 1 5 1400 1722 1610 1809
3362 4 2 1 5 1524 1405 1828 1996
3363 4 2 1 5 1455 1857 806 2027
3364 4 2 1 5 1003 768 1818 2018
3365 4 2 1 5 1802 2000 1362 2085
3366 4 2 1 5 230 1456 1847 1905
3367 4 2 1 5 1424 1698 1961 2296
3368 4 2 1 5 61 4 1495 1630
3369 4 2 1 5 975 1893 1631 2059
3370 4 2 1 5 1326 1539 1496 1727
3371 4 2 1 5 796 1531 1714 1767
3372 4 2 1 5 1427 1997 1678 2020
3373 4 2 1 5 226 1456 1826 2338
3374 4 2 1 5 1409 1846 1594 2221
3375 4 2 1 5 1610 1722 1412 1809
3376 4 2 1 5 1508 1988 1867 2057
3377 4 2 1 5 1428 1349 1640 1720
3378 4 2 1 5 178 1494 175 1757
3379 4 2 1 5 1439 1696 1516 2152
3380 4 2 1 5 1373 1557 1684 2068
3381 4 2 1 5 1368 1406 1669 1955
3382 4 2 1 5 1159 1901 1415 1926
3383 4 2 1 5 1439 1516 1696 1993
3384 4 2 1 5 1377 1676 1582 1924
3385 4 2 1 5 654 1674 1587 2051
3386 4 2 1 5 1531 1347 1767 2036
3387 4 2 1 5 749 1614 1886 2074
3388 4 2 1 5 1345 1982 1538 2237
3389 4 2 1 5 687 1829 1546 2223
3390 4 2 1 5 1159 1415 1901 2170
3391 4 2 1 5 208 2209 1635 2351
3392 4 2 1 5 1499 1700 1501 1854
3393 4 2 1 5 1328 1516 1696 2152
3394 4 2 1 5 1436 1561 1361 1874
3395 4 2 1 5 1493 1397 1687 1729
3396 4 2 1 5 393 1844 1470 2077
3397 4 2 1 5 1606 1952 1839 2104
3398 4 2 1 5 1672 1767 1347 2036
3399 4 2 1 5 1558 1936 1724 2197
3400 4 2 1 5 54 1555 1479 2204
3401 4 2 1 5 1432 1099 1975 2101
3402 4 2 1 5 1368 1669 1406 2036
3403 4 2 1 5 1698 2153 1961 2296
3404 4 2 1 5 1576 2044 1535 2106
3405 4 2 1 5 1372 1670 1562 1885
3406 4 2 1 5 1456 230 1847 2338
3407 4 2 1 5 1501 1642 1348 2392
3408 4 2 1 5 1531 1767 1368 2036
3409 4 2 1 5 275 1562 274 1670
3410 4 2 1 5 1327 1596 1453 1646
3411 4 2 1 5 915 1017 1705 1844
3412 4 2 1 5 1490 1671 1541 2299
3413 4 2 1 5 1496 1539 1326 2093
3414 4 2 1 5 1597 1336 1941 2399
3415 4 2 1 5 1318 1698 1619 2075
3416 4 2 1 5 1368 1739 1512 2468
3417 4 2 1 5 1355 1596 1506 1914
3418 4 2 1 5 1709 1776 665 1915
3419 4 2 1 5 1371 1540 1495 1848
3420 4 2 1 5 1462 1550 1383 1621
3421 4 2 1 5 1750 1930 1472 2031
3422 4 2 1 5 1497 1641 1319 2138
3423 4 2 1 5 1446 1358 1836 1856
3424 4 2 1 5 1558 2292 1556 2380
3425 4 2 1 5 1334 1800 1532 1825
3426 4 2 1 5 1348 1642 1501 1733
3427 4 2 1 5 177 1856 1819 2108
3428 4 2 1 5 1451 2028 1641 2138
3429 4 2 1 5 1008 1585 621 1967
3430 4 2 1 5 454 1876 1795 2301
3431 4 2 1 5 1393 1698 1899 2075
3432 4 2 1 5 1438 1337 1594 1689
3433 4 2 1 5 1590 1774 821 1911
3434 4 2 1 5 386 1737 1470 1844
3435 4 2 1 5 464 413 1714 1965
3436 4 2 1 5 1000 1572 31 1888
3437 4 2 1 5 1488 1370 1867 2340
3438 4 2 1 5 333 1826 1594 2115
3439 4 2 1 5 395 2011 386 2129
3440 4 2 1 5 625 1805 1808 1987
3441 4 2 1 5 1345 1537 1441 2237
3442 4 2 1 5 1420 1569 2028 2040
3443 4 2 1 5 1337 1438 1594 1846
3444 4 2 1 5 1382 1680 1829 2224
3445 4 2 1 5 1337 1438 1611 2163
3446 4 2 1 5 440 454 439 1795
3447 4 2 1 5 2171 2292 1558 2380
3448 4 2 1 5 1512 1739 1603 2322
3449 4 2 1 5 1444 1960 1672 2017
3450 4 2 1 5 783 805 1067 1861
3451 4 2 1 5 1745 1833 1374 1990
3452 4 2 1 5 1364 1828 1466 2438
3453 4 2 1 5 1389 1578 1458 2009
3454 4 2 1 5 1418 1630 1875 2219
3455 4 2 1 5 1428 1640 1349 1881
3456 4 2 1 5 1371 1495 1540 1718
3457 4 2 1 5 1368 1767 1672 2036
3458 4 2 1 5 552 1756 1661 1857
3459 4 2 1 5 940 1614 749 1747
3460 4 2 1 5 1383 1462 1621 1991
3461 4 2 1 5 1028 1553 435 1925
3462 4 2 1 5 1208 1218 1211 1460
3463 4 2 1 5 810 1768 597 2267
3464 4 2 1 5 31 1572 1765 1888
3465 4 2 1 5 750 1535 2044 2106
3466 4 2 1 5 1499 1758 1501 1983
3467 4 2 1 5 251 1520 252 2079
3468 4 2 1 5 1605 1818 1402 2300
3469 4 2 1 5 1362 1639 1599 2000
3470 4 2 1 5 1524 1828 1703 1996
3471 4 2 1 5 1373 1684 1626 2068
3472 4 2 1 5 1512 1739 1709 2468
3473 4 2 1 5 1409 2180 1846 2221
3474 4 2 1 5 1833 2053 1762 2148
3475 4 2 1 5 1443 1592 1355 1663
3476 4 2 1 5 1566 1472 1930 2031
3477 4 2 1 5 413 1714 1491 1931
3478 4 2 1 5 843 1805 1826 2115
3479 4 2 1 5 386 1470 393 1844
3480 4 2 1 5 1562 1670 1372 1822
3481 4 2 1 5 1498 1705 805 1861
3482 4 2 1 5 1927 2074 1433 2128
3483 4 2 1 5 1506 1596 1355 1663
3484 4 2 1 5 625 1666 1805 1987
3485 4 2 1 5 1446 1977 898 2240
3486 4 2 1 5 1927 2128 1433 2154
3487 4 2 1 5 1418 1630 1326 1875
3488 4 2 1 5 586 1631 1543 1833
3489 4 2 1 5 54 1479 2071 2204
3490 4 2 1 5 2062 2068 1557 2230
3491 4 2 1 5 252 1520 251 1910
3492 4 2 1 5 1440 1334 1800 1835
3493 4 2 1 5 1501 1758 1499 1854
3494 4 2 1 5 1385 1790 1422 2064
3495 4 2 1 5 1341 1980 1499 1999
3496 4 2 1 5 1347 1714 1531 1767
3497 4 2 1 5 635 1593 1780 1908
3498 4 2 1 5 1159 1660 1415 2170
3499 4 2 1 5 1721 2152 2110 2374
3500 4 2 1 5 208 1635 1704 2351
3501 4 2 1 5 1447 1626 1675 2015
3502 4 2 1 5 509 1008 621 1967
3503 4 2 1 5 906 333 222 1594
3504 4 2 1 5 1439 2152 1516 2249
3505 4 2 1 5 410 411 1686 1794
3506 4 2 1 5 128 1464 1765 2427
3507 4 2 1 5 1782 1846 1359 2210
3508 4 2 1 5 252 1520 1910 2079
3509 4 2 1 5 1456 1652 229 1826
3510 4 2 1 5 1641 2028 1319 2138
3511 4 2 1 5 1537 1690 1441 2237
3512 4 2 1 5 665 1915 1776 2058
3513 4 2 1 5 1464 1710 768 1818
3514 4 2 1 5 1333 2006 1681 2504
3515 4 2 1 5 1099 2101 1432 2471
3516 4 2 1 5 1578 1458 1985 2236
3517 4 2 1 5 1368 1955 1669 2396
3518 4 2 1 5 200 1525 1704 1933
3519 4 2 1 5 1446 1836 1449 1856
3520 4 2 1 5 1133 1817 1662 2175
3521 4 2 1 5 1328 1516 2152 2249
3522 4 2 1 5 1461 1726 1460 1791
3523 4 2 1 5 1337 1611 1438 1846
3524 4 2 1 5 1587 1674 654 2259
3525 4 2 1 5 1333 1647 1681 2006
3526 4 2 1 5 1349 1720 1428 2065
3527 4 2 1 5 179 178 175 1757
3528 4 2 1 5 43 42 1472 2304
3529 4 2 1 5 190 1629 188 2313
3530 4 2 1 5 1427 1678 1810 2020
3531 4 2 1 5 1728 1782 1359 2210
3532 4 2 1 5 1460 1726 1461 1806
3533 4 2 1 5 1771 2027 1455 2355
3534 4 2 1 5 1819 1856 1449 2108
3535 4 2 1 5 1484 1761 810 2267
3536 4 2 1 5 1679 1885 1372 2070
3537 4 2 1 5 39 1501 1733 1909
3538 4 2 1 5 1418 1630 1408 1706
3539 4 2 1 5 1471 1732 1518 1964
3540 4 2 1 5 1402 1863 1605 2403
3541 4 2 1 5 440 439 1529 1795
3542 4 2 1 5 1433 2150 1927 2458
3543 4 2 1 5 1597 1687 1336 2399
3544 4 2 1 5 1487 1616 1340 1873
3545 4 2 1 5 1432 1975 1099 2471
3546 4 2 1 5 1639 1994 1599 2057
3547 4 2 1 5 1412 1722 1610 2166
3548 4 2 1 5 1518 1732 1350 1964
3549 4 2 1 5 1403 1587 2164 2290
3550 4 2 1 5 1373 1684 1557 1814
3551 4 2 1 5 1347 1767 1444 2092
3552 4 2 1 5 1345 1538 1690 2237
3553 4 2 1 5 1323 1798 1656 2279
3554 4 2 1 5 128 1710 1464 2427
3555 4 2 1 5 1818 1863 1402 2300
3556 4 2 1 5 1470 1737 386 2011
3557 4 2 1 5 1758 1999 1997 2020
3558 4 2 1 5 1366 1606 1477 1769
3559 4 2 1 5 1997 1999 1341 2020
3560 4 2 1 5 1687 1729 1397 2329
3561 4 2 1 5 1642 1702 1465 1733
3562 4 2 1 5 1434 1829 1680 2224
3563 4 2 1 5 1397 1493 1687 2042
3564 4 2 1 5 1501 2065 1642 2392
3565 4 2 1 5 43 1930 42 2304
3566 4 2 1 5 1446 1449 1836 2367
3567 4 2 1 5 1519 1717 832 2129
3568 4 2 1 5 1501 1348 1733 2392
3569 4 2 1 5 1400 1610 1722 2234
3570 4 2 1 5 1003 1818 725 2018
3571 4 2 1 5 1477 1529 1366 2025
3572 4 2 1 5 200 1704 1525 2351
3573 4 2 1 5 1372 1885 1679 2168
3574 4 2 1 5 54 2071 1620 2204
3575 4 2 1 5 54 1620 1555 2204
3576 4 2 1 5 1552 1713 1380 1922
3577 4 2 1 5 1421 1890 1366 2456
3578 4 2 1 5 1406 1955 1368 2036
3579 4 2 1 5 1538 1982 1690 2237
3580 4 2 1 5 1524 1703 261 1813
3581 4 2 1 5 1461 1791 2071 2204
3582 4 2 1 5 1334 1549 2195 2384
3583 4 2 1 5 1441 1690 1537 1879
3584 4 2 1 5 803 640 1025 1970
3585 4 2 1 5 389 1717 1519 2214
3586 4 2 1 5 1341 1619 1499 1980
3587 4 2 1 5 1347 1444 1672 2017
3588 4 2 1 5 1394 1499 1830 1983
3589 4 2 1 5 522 1745 2022 2080
3590 4 2 1 5 1445 1800 1334 2491
3591 4 2 1 5 1421 1366 2121 2456
3592 4 2 1 5 1386 2205 1652 2233
3593 4 2 1 5 1546 1829 1434 2224
3594 4 2 1 5 1758 1854 1501 1983
3595 4 2 1 5 1394 1758 1499 1983
3596 4 2 1 5 1433 1927 2154 2458
3597 4 2 1 5 832 1519 1737 1951
3598 4 2 1 5 1444 2017 1347 2092
3599 4 2 1 5 1961 2153 1325 2296
3600 4 2 1 5 1460 1461 1791 2071
3601 4 2 1 5 1338 1743 1580 1860
3602 4 2 1 5 1580 1743 1440 1860
3603 4 2 1 5 1383 1550 1462 1896
3604 4 2 1 5 792 464 413 1714
3605 4 2 1 5 1352 1605 1818 1863
3606 4 2 1 5 1335 1722 1610 2234
3607 4 2 1 5 1088 1498 381 1895
3608 4 2 1 5 1330 1543 1631 2053
3609 4 2 1 5 1849 2134 1848 2150
3610 4 2 1 5 1211 1218 1210 1460
3611 4 2 1 5 1416 1963 1685 2207
3612 4 2 1 5 1539 1927 1326 2093
3613 4 2 1 5 389 833 1717 2214
3614 4 2 1 5 1456 2205 1696 2233
3615 4 2 1 5 1494 1751 175 1933
3616 4 2 1 5 509 1787 2076 2433
3617 4 2 1 5 1435 1043 1780 1908
3618 4 2 1 5 1557 1684 1382 1814
3619 4 2 1 5 1487 1340 1693 1873
3620 4 2 1 5 1326 1630 1418 1706
3621 4 2 1 5 1365 1606 1477 2083
3622 4 2 1 5 1406 2141 1662 2175
3623 4 2 1 5 1349 1450 1881 1892
3624 4 2 1 5 1353 1848 1849 2134
3625 4 2 1 5 1381 2100 1415 2170
3626 4 2 1 5 333 1728 906 2115
3627 4 2 1 5 1523 1833 1631 2010
3628 4 2 1 5 1368 1512 1498 2186
3629 4 2 1 5 1433 1807 2150 2458
3630 4 2 1 5 226 1456 229 1826
3631 4 2 1 5 1446 1819 1449 2367
3632 4 2 1 5 1372 1822 1670 1885
3633 4 2 1 5 501 1665 1747 2248
3634 4 2 1 5 1443 1355 1592 1821
3635 4 2 1 5 1552 1922 344 2514
3636 4 2 1 5 1399 1639 1599 2057
3637 4 2 1 5 1337 1689 1438 2163
3638 4 2 1 5 1323 1656 1798 2367
3639 4 2 1 5 1368 1603 1955 2396
3640 4 2 1 5 843 1826 1805 2338
3641 4 2 1 5 1619 2075 1698 2178
3642 4 2 1 5 806 1643 1455 1841
3643 4 2 1 5 256 1631 1833 2010
3644 4 2 1 5 1405 1703 1524 1828
3645 4 2 1 5 206 1782 1569 2040
3646 4 2 1 5 1383 1498 1603 2322
3647 4 2 1 5 1562 271 1802 2069
3648 4 2 1 5 1334 1664 1549 2384
3649 4 2 1 5 1460 1806 1461 2071
3650 4 2 1 5 1543 1833 1631 2053
3651 4 2 1 5 344 1922 1552 2046
3652 4 2 1 5 1366 1890 1606 2456
3653 4 2 1 5 1122 1812 743 1978
3654 4 2 1 5 1642 2065 1348 2392
3655 4 2 1 5 1000 31 32 1888
3656 4 2 1 5 1491 1794 411 2256
3657 4 2 1 5 1349 1854 1450 1892
3658 4 2 1 5 1334 1440 1825 1835
3659 4 2 1 5 1685 1963 1416 2418
3660 4 2 1 5 1334 2168 1445 2315
3661 4 2 1 5 724 1610 1535 2106
3662 4 2 1 5 1540 1890 1575 2432
3663 4 2 1 5 1876 2064 1470 2083
3664 4 2 1 5 1685 1963 1162 2207
3665 4 2 1 5 393 423 1470 2011
3666 4 2 1 5 1585 1673 722 2046
3667 4 2 1 5 1391 1776 2058 2220
3668 4 2 1 5 1148 1497 1168 1695
3669 4 2 1 5 1330 2171 1558 2380
3670 4 2 1 5 1067 1017 784 1492
3671 4 2 1 5 1341 1678 1997 2020
3672 4 2 1 5 1465 1642 1450 2239
3673 4 2 1 5 337 1768 1761 2325
3674 4 2 1 5 1444 1584 2017 2092
3675 4 2 1 5 410 1794 1686 2130
3676 4 2 1 5 1350 1585 1787 2046
3677 4 2 1 5 1512 1603 1498 2322
3678 4 2 1 5 1326 1927 2150 2458
3679 4 2 1 5 4 1495 1630 2466
3680 4 2 1 5 227 920 237 1683
3681 4 2 1 5 1411 1603 1955 1961
3682 4 2 1 5 1367 1816 1584 1960
3683 4 2 1 5 1355 1821 1443 2501
3684 4 2 1 5 860 1847 230 2338
3685 4 2 1 5 792 1714 413 1931
3686 4 2 1 5 381 1498 1088 1861
3687 4 2 1 5 1462 1383 1896 1991
3688 4 2 1 5 1450 1854 1526 1892
3689 4 2 1 5 1345 1441 1537 2435
3690 4 2 1 5 1358 1840 1734 1916
3691 4 2 1 5 1413 1734 1840 1916
3692 4 2 1 5 1383 1895 1498 2322
3693 4 2 1 5 635 1780 1043 1908
3694 4 2 1 5 806 1455 1643 1857
3695 4 2 1 5 1067 1492 784 1861
3696 4 2 1 5 1554 1672 1368 1767
3697 4 2 1 5 1334 2195 1571 2384
3698 4 2 1 5 551 1661 552 1756
3699 4 2 1 5 1392 1638 1939 2198
3700 4 2 1 5 1713 1922 1552 2514
3701 4 2 1 5 1313 1881 1642 2239
3702 4 2 1 5 346 387 1711 1815
3703 4 2 1 5 1162 1963 1685 2418
3704 4 2 1 5 1347 2017 1584 2092
3705 4 2 1 5 1334 1571 1664 2384
3706 4 2 1 5 1449 1629 1357 1659
3707 4 2 1 5 1477 1606 1365 1839
3708 4 2 1 5 985 1716 1588 2200
3709 4 2 1 5 1514 353 1711 1924
3710 4 2 1 5 1512 1498 1895 2322
3711 4 2 1 5 1392 1878 1638 2198
3712 4 2 1 5 1361 1942 1436 2023
3713 4 2 1 5 1519 832 1737 2129
3714 4 2 1 5 1345 1742 1982 2237
3715 4 2 1 5 177 2108 862 2313
3716 4 2 1 5 190 188 189 2313
3717 4 2 1 5 1739 1750 1531 2036
3718 4 2 1 5 288 1802 1484 1843
3719 4 2 1 5 256 1833 1523 2010
3720 4 2 1 5 436 353 1514 1924
3721 4 2 1 5 242 2273 1775 2363
3722 4 2 1 5 393 1470 423 1793
3723 4 2 1 5 1318 1899 1698 2075
3724 4 2 1 5 1753 1943 2258 2435
3725 4 2 1 5 1326 1630 1706 2375
3726 4 2 1 5 1086 829 1531 1902
3727 4 2 1 5 288 836 1484 1802
3728 4 2 1 5 1347 1489 1672 1817
3729 4 2 1 5 1385 1422 1755 1957
3730 4 2 1 5 1367 1597 1687 1960
3731 4 2 1 5 1192 45 1541 2003
3732 4 2 1 5 252 1910 1654 2079
3733 4 2 1 5 353 839 436 1514
3734 4 2 1 5 1431 2075 1619 2178
3735 4 2 1 5 776 1992 1592 2196
3736 4 2 1 5 128 1464 767 1765
3737 4 2 1 5 1446 1358 1798 1836
3738 4 2 1 5 337 1761 2216 2325
3739 4 2 1 5 227 1523 920 1683
3740 4 2 1 5 242 239 2273 2363
3741 4 2 1 5 242 1775 239 2363
3742 4 2 1 5 1647 1995 1481 2089
3743 4 2 1 5 386 393 1470 2011
3744 4 2 1 5 3 1995 1541 2136
3745 4 2 1 5 39 1700 1501 1909
3746 4 2 1 5 2017 2155 2026 2304
3747 4 2 1 5 1484 1362 1802 2000
3748 4 2 1 5 1750 1915 1531 1965
3749 4 2 1 5 1433 2154 1807 2458
3750 4 2 1 5 1327 1646 2184 2501
3751 4 2 1 5 1562 1670 284 1754
3752 4 2 1 5 1652 2205 1456 2233
3753 4 2 1 5 1326 1927 1539 2150
3754 4 2 1 5 200 1933 1704 2157
3755 4 2 1 5 1500 1842 1733 2021
3756 4 2 1 5 1890 2043 1575 2432
3757 4 2 1 5 353 839 1514 1711
3758 4 2 1 5 1327 1596 1646 2501
3759 4 2 1 5 190 189 1629 2313
3760 4 2 1 5 1403 2164 1785 2290
3761 4 2 1 5 1334 1764 1532 2168
3762 4 2 1 5 1406 1817 1662 1955
3763 4 2 1 5 829 796 1086 1531
3764 4 2 1 5 1481 1681 1647 2089
3765 4 2 1 5 1334 1764 2168 2315
3766 4 2 1 5 1418 1875 1326 2378
3767 4 2 1 5 1501 1733 1909 2173
3768 4 2 1 5 381 1895 1498 1896
3769 4 2 1 5 1594 1846 1728 2221
3770 4 2 1 5 709 1736 1589 2127
3771 4 2 1 5 1682 1701 1486 1946
3772 4 2 1 5 1629 1701 1682 1946
3773 4 2 1 5 1086 825 829 1902
3774 4 2 1 5 411 1686 1491 1965
3775 4 2 1 5 1515 1745 527 2080
3776 4 2 1 5 1436 1942 1561 2306
3777 4 2 1 5 381 1498 1861 1896
3778 4 2 1 5 1461 1355 1791 2204
3779 4 2 1 5 1558 1724 1396 2197
3780 4 2 1 5 806 1455 807 1841
3781 4 2 1 5 43 1504 1930 2304
3782 4 2 1 5 43 1472 1817 2304
3783 4 2 1 5 1352 1760 1490 2136
3784 4 2 1 5 1361 1518 1561 1693
3785 4 2 1 5 1565 1941 1336 2399
3786 4 2 1 5 1489 2017 2026 2304
3787 4 2 1 5 1374 1990 1833 2048
3788 4 2 1 5 1620 2071 1791 2204
3789 4 2 1 5 1527 1995 1647 2089
3790 4 2 1 5 1345 1742 1538 1982
3791 4 2 1 5 1947 2258 1943 2435
3792 4 2 1 5 242 2263 1775 2273
3793 4 2 1 5 1610 1722 1335 2166
3794 4 2 1 5 1563 1982 1742 2237
3795 4 2 1 5 1567 1776 661 2346
3796 4 2 1 5 1662 2141 2133 2175
3797 4 2 1 5 1842 2021 1448 2331
3798 4 2 1 5 1375 1753 1563 1921
3799 4 2 1 5 1159 1415 1660 1926
3800 4 2 1 5 1367 1489 1597 1960
3801 4 2 1 5 1361 1518 1693 1732
3802 4 2 1 5 544 1785 2024 2050
3803 4 2 1 5 1446 1449 1819 1856
3804 4 2 1 5 1347 1531 1750 2036
3805 4 2 1 5 1051 1833 1745 1990
3806 4 2 1 5 305 776 1592 2196
3807 4 2 1 5 804 640 803 1525
3808 4 2 1 5 1480 1736 688 2335
3809 4 2 1 5 1975 2058 1776 2220
3810 4 2 1 5 652 2051 1587 2290
3811 4 2 1 5 1489 1687 1597 1960
3812 4 2 1 5 1479 1555 54 1660
3813 4 2 1 5 1562 1754 284 2069
3814 4 2 1 5 1363 2187 1448 2326
3815 4 2 1 5 1627 1448 2021 2331
3816 4 2 1 5 1584 1367 1960 2017
3817 4 2 1 5 1086 1531 796 1767
3818 4 2 1 5 1476 55 1620 2135
3819 4 2 1 5 1380 1713 1552 2277
3820 4 2 1 5 791 1563 1770 1871
3821 4 2 1 5 985 1977 1716 2200
3822 4 2 1 5 1465 1733 1702 2110
3823 4 2 1 5 544 2024 1785 2290
3824 4 2 1 5 311 1683 1590 1911
3825 4 2 1 5 1505 1789 1338 2151
3826 4 2 1 5 1635 1704 1346 1864
3827 4 2 1 5 452 393 1793 2077
3828 4 2 1 5 1409 1613 1452 1984
3829 4 2 1 5 1539 1371 1886 2098
3830 4 2 1 5 1541 1671 1490 1735
3831 4 2 1 5 1451 1846 2028 2138
3832 4 2 1 5 1684 2193 1548 2352
3833 4 2 1 5 1326 1630 1495 1727
3834 4 2 1 5 1613 1452 1984 2180
3835 4 2 1 5 1562 1822 1372 1843
3836 4 2 1 5 1531 1767 1086 1902
3837 4 2 1 5 552 1643 1756 1857
3838 4 2 1 5 1584 1816 1444 1960
3839 4 2 1 5 278 1670 1822 2305
3840 4 2 1 5 1059 1508 703 1772
3841 4 2 1 5 27 28 1637 1855
3842 4 2 1 5 268 1802 1712 2321
3843 4 2 1 5 783 1498 805 1861
3844 4 2 1 5 1669 1672 1406 2036
3845 4 2 1 5 344 343 1922 2046
3846 4 2 1 5 1633 1886 1371 2098
3847 4 2 1 5 1684 1814 1373 2224
3848 4 2 1 5 843 844 1805 2115
3849 4 2 1 5 37 1721 2110 2374
3850 4 2 1 5 40 1700 1499 1854
3851 4 2 1 5 1582 1711 353 1924
3852 4 2 1 5 1487 2120 2122 2134
3853 4 2 1 5 1342 1481 1647 1995
3854 4 2 1 5 1575 1890 1540 2377
3855 4 2 1 5 1352 1605 1863 2403
3856 4 2 1 5 1391 1708 1472 1739
3857 4 2 1 5 770 1749 1545 1907
3858 4 2 1 5 1343 1798 1656 2200
3859 4 2 1 5 1342 1645 1468 1995
3860 4 2 1 5 1345 1690 1537 2237
3861 4 2 1 5 1421 1606 1890 2456
3862 4 2 1 5 1452 1613 1409 2409
3863 4 2 1 5 1665 1747 1614 2169
3864 4 2 1 5 713 1898 1675 1948
3865 4 2 1 5 469 543 1528 1742
3866 4 2 1 5 663 1776 1709 2346
3867 4 2 1 5 1594 1652 1337 1984
3868 4 2 1 5 1460 1913 1218 2071
3869 4 2 1 5 1073 1588 985 1716
3870 4 2 1 5 1518 2005 1732 2277
3871 4 2 1 5 663 661 1776 2346
3872 4 2 1 5 1366 1890 1421 2121
3873 4 2 1 5 804 640 1525 1751
3874 4 2 1 5 346 854 387 1815
3875 4 2 1 5 393 394 423 2011
3876 4 2 1 5 1501 1700 1499 1830
3877 4 2 1 5 796 1531 929 1714
3878 4 2 1 5 1611 2028 1846 2138
3879 4 2 1 5 1728 1846 1359 2221
3880 4 2 1 5 1753 1943 1481 2258
3881 4 2 1 5 1181 1570 2089 2109
3882 4 2 1 5 666 1709 665 1915
3883 4 2 1 5 1398 1671 1541 2348
3884 4 2 1 5 810 1484 836 2085
3885 4 2 1 5 521 522 1745 2022
3886 4 2 1 5 158 1536 1829 1834
3887 4 2 1 5 1631 1893 1482 2059
3888 4 2 1 5 1599 1802 1362 2085
3889 4 2 1 5 1061 1810 1595 2278
3890 4 2 1 5 1679 2013 1885 2070
3891 4 2 1 5 1337 1846 1594 1984
3892 4 2 1 5 1467 2062 1557 2230
3893 4 2 1 5 1368 1672 1669 2036
3894 4 2 1 5 910 1528 543 1723
3895 4 2 1 5 1431 1619 2075 2116
3896 4 2 1 5 1342 1647 1527 1995
3897 4 2 1 5 1538 1723 885 1742
3898 4 2 1 5 652 1587 654 2259
3899 4 2 1 5 1694 1985 1458 2236
3900 4 2 1 5 1347 1817 1672 2036
3901 4 2 1 5 1619 1804 1499 1980
3902 4 2 1 5 1458 2236 1389 2271
3903 4 2 1 5 1481 1753 2258 2359
3904 4 2 1 5 1363 1823 2187 2326
3905 4 2 1 5 1762 1833 1374 2053
3906 4 2 1 5 1396 2197 2345 2423
3907 4 2 1 5 1449 1357 1629 2389
3908 4 2 1 5 1656 1798 1475 2279
3909 4 2 1 5 1355 1443 1663 2501
3910 4 2 1 5 1327 1453 1596 2451
3911 4 2 1 5 1833 1990 1051 2048
3912 4 2 1 5 1409 1613 1984 2180
3913 4 2 1 5 1548 2389 2279 2477
3914 4 2 1 5 543 1723 1528 1742
3915 4 2 1 5 1446 1656 1798 2200
3916 4 2 1 5 1190 1197 1792 2003
3917 4 2 1 5 423 1793 1470 2011
3918 4 2 1 5 1346 1635 1622 1704
3919 4 2 1 5 975 1543 586 1631
3920 4 2 1 5 1881 1892 1450 1979
3921 4 2 1 5 477 915 1017 1705
3922 4 2 1 5 832 382 1519 1951
3923 4 2 1 5 229 1652 1456 1905
3924 4 2 1 5 1594 1826 1652 1984
3925 4 2 1 5 1890 1962 1540 2377
3926 4 2 1 5 537 1903 1571 2479
3927 4 2 1 5 208 956 2209 2351
3928 4 2 1 5 1871 2103 2097 2298
3929 4 2 1 5 1318 2075 1619 2116
3930 4 2 1 5 346 1582 353 1924
3931 4 2 1 5 1001 1810 1534 1944
3932 4 2 1 5 1518 1860 1561 2467
3933 4 2 1 5 1822 1843 812 1912
3934 4 2 1 5 1347 1714 1767 2092
3935 4 2 1 5 1148 1168 1497 2381
3936 4 2 1 5 1679 1885 1445 2168
3937 4 2 1 5 1352 1597 1760 2136
3938 4 2 1 5 1697 2176 1426 2201
3939 4 2 1 5 1495 1616 61 2094
3940 4 2 1 5 1459 1973 1781 2215
3941 4 2 1 5 1435 1780 1043 1982
3942 4 2 1 5 1382 1829 1546 2224
3943 4 2 1 5 1708 2153 1698 2296
3944 4 2 1 5 1448 1666 1363 2326
3945 4 2 1 5 1476 1620 55 1913
3946 4 2 1 5 1701 1946 188 2444
3947 4 2 1 5 1481 1943 1753 2359
3948 4 2 1 5 1355 1596 1914 2204
3949 4 2 1 5 392 2051 2029 2101
3950 4 2 1 5 913 1922 1713 2514
3951 4 2 1 5 1713 1922 913 2030
3952 4 2 1 5 346 353 348 1924
3953 4 2 1 5 1535 1610 724 2018
3954 4 2 1 5 743 1812 1502 1978
3955 4 2 1 5 1732 2005 1552 2277
3956 4 2 1 5 1379 1570 1527 2132
3957 4 2 1 5 1342 1527 1645 1995
3958 4 2 1 5 1323 1798 1836 2367
3959 4 2 1 5 985 898 1716 1977
3960 4 2 1 5 206 1551 1782 2040
3961 4 2 1 5 1449 1836 1358 1856
3962 4 2 1 5 1592 776 1877 1992
3963 4 2 1 5 1059 1508 1772 2111
3964 4 2 1 5 1687 1397 2035 2329
3965 4 2 1 5 1680 2193 1684 2352
3966 4 2 1 5 1758 1997 1427 2020
3967 4 2 1 5 1561 1942 1351 2306
3968 4 2 1 5 1371 1530 1540 2432
3969 4 2 1 5 1391 1531 1750 1915
3970 4 2 1 5 2172 2249 1617 2490
3971 4 2 1 5 522 2022 1932 2080
3972 4 2 1 5 1362 1453 2013 2069
3973 4 2 1 5 1381 2170 1415 2425
3974 4 2 1 5 1487 2122 1616 2134
3975 4 2 1 5 674 1528 1728 2387
3976 4 2 1 5 1642 1881 1450 2239
3977 4 2 1 5 1500 1721 38 1733
3978 4 2 1 5 1973 2215 1459 2318
3979 4 2 1 5 1957 2064 1422 2268
3980 4 2 1 5 1334 2315 1445 2491
3981 4 2 1 5 1510 1608 1390 1688
3982 4 2 1 5 537 1922 1903 2479
3983 4 2 1 5 1029 1515 1759 1990
3984 4 2 1 5 1326 1630 1727 1870
3985 4 2 1 5 230 1847 231 1905
3986 4 2 1 5 992 680 1897 2244
3987 4 2 1 5 1528 1345 1799 2221
3988 4 2 1 5 38 1733 1721 2490
3989 4 2 1 5 1523 920 1683 2048
3990 4 2 1 5 121 687 1546 2223
3991 4 2 1 5 1348 1702 1642 1733
3992 4 2 1 5 1477 1769 1606 2353
3993 4 2 1 5 1382 1684 1557 2062
3994 4 2 1 5 915 1844 1705 2297
3995 4 2 1 5 715 2160 1697 2176
3996 4 2 1 5 1635 1864 1346 2286
3997 4 2 1 5 1122 611 743 1812
3998 4 2 1 5 910 1528 1723 2115
3999 4 2 1 5 1361 1561 1518 2277
4000 4 2 1 5 284 1562 275 1670
4001 4 2 1 5 1059 703 1508 2111
4002 4 2 1 5 1704 1864 1635 2176
4003 4 2 1 5 1537 2410 1702 2473
4004 4 2 1 5 1447 1675 1953 2015
4005 4 2 1 5 1757 2055 178 2314
4006 4 2 1 5 1388 1684 1680 2193
4007 4 2 1 5 146 1563 791 1871
4008 4 2 1 5 1436 1942 1643 2023
4009 4 2 1 5 271 1802 270 1843
4010 4 2 1 5 1133 1472 1662 1817
4011 4 2 1 5 1616 2134 1849 2150
4012 4 2 1 5 1453 1327 1646 1827
4013 4 2 1 5 1214 1832 1471 1913
4014 4 2 1 5 1463 1346 2061 2209
4015 4 2 1 5 40 1501 1700 1854
4016 4 2 1 5 1596 1914 1555 2451
4017 4 2 1 5 305 1592 776 1877
4018 4 2 1 5 1495 1848 1540 2134
4019 4 2 1 5 1487 1340 1616 2246
4020 4 2 1 5 411 1491 413 1965
4021 4 2 1 5 1495 1727 1630 1870
4022 4 2 1 5 1338 1621 1561 2497
4023 4 2 1 5 1555 1620 55 2135
4024 4 2 1 5 1466 1936 1956 2438
4025 4 2 1 5 1463 1622 1346 2209
4026 4 2 1 5 1148 1497 1695 2397
4027 4 2 1 5 637 980 1880 2149
4028 4 2 1 5 222 1594 333 1826
4029 4 2 1 5 525 527 1745 2080
4030 4 2 1 5 392 840 416 2051
4031 4 2 1 5 1635 2176 1864 2286
4032 4 2 1 5 1596 1555 1914 2204
4033 4 2 1 5 206 1569 585 2040
4034 4 2 1 5 1444 1584 1960 2017
4035 4 2 1 5 1462 1351 1661 1756
4036 4 2 1 5 1515 1745 1374 1990
4037 4 2 1 5 1676 2116 1514 2164
4038 4 2 1 5 1581 2421 1343 2506
4039 4 2 1 5 1442 2172 1617 2490
4040 4 2 1 5 158 1536 163 1829
4041 4 2 1 5 1691 1975 1099 2101
4042 4 2 1 5 1190 1792 1583 2003
4043 4 2 1 5 768 1464 128 1710
4044 4 2 1 5 1421 1962 1890 2377
4045 4 2 1 5 1203 38 39 2411
4046 4 2 1 5 1489 1347 2017 2304
4047 4 2 1 5 1418 1864 1875 2378
4048 4 2 1 5 1609 2100 1381 2172
4049 4 2 1 5 286 722 1673 2046
4050 4 2 1 5 1903 1922 1571 2479
4051 4 2 1 5 1370 2340 1988 2464
4052 4 2 1 5 1442 1721 1733 2490
4053 4 2 1 5 1210 1460 1218 2071
4054 4 2 1 5 61 1495 4 2466
4055 4 2 1 5 1066 743 611 1502
4056 4 2 1 5 386 394 393 2011
4057 4 2 1 5 1537 2291 1702 2410
4058 4 2 1 5 1587 1899 1403 2164
4059 4 2 1 5 810 1761 1484 2085
4060 4 2 1 5 1669 1705 1554 1918
4061 4 2 1 5 1356 1757 1875 1945
4062 4 2 1 5 1570 2095 1527 2132
4063 4 2 1 5 1487 1693 1340 2246
4064 4 2 1 5 807 1841 1455 2355
4065 4 2 1 5 1505 1338 1789 2436
4066 4 2 1 5 1458 1694 1143 1985
4067 4 2 1 5 1370 1627 2021 2331
4068 4 2 1 5 361 359 1553 1934
4069 4 2 1 5 1692 1972 1641 2217
4070 4 2 1 5 1345 1742 1563 1921
4071 4 2 1 5 1343 2421 1945 2506
4072 4 2 1 5 1343 1581 2033 2421
4073 4 2 1 5 1499 1980 1804 1999
4074 4 2 1 5 1393 1698 1580 1899
4075 4 2 1 5 1637 1900 1342 2052
4076 4 2 1 5 1434 2224 1852 2385
4077 4 2 1 5 1745 1369 2022 2080
4078 4 2 1 5 1486 1734 1358 1840
4079 4 2 1 5 566 1480 688 2335
4080 4 2 1 5 770 1545 16 1907
4081 4 2 1 5 328 922 539 2324
4082 4 2 1 5 1575 2122 2120 2134
4083 4 2 1 5 1484 1768 1761 2267
4084 4 2 1 5 1329 1575 1890 2043
4085 4 2 1 5 1336 1565 1736 2156
4086 4 2 1 5 1358 1701 1449 1856
4087 4 2 1 5 1595 1720 1349 1949
4088 4 2 1 5 1005 261 1703 1813
4089 4 2 1 5 1494 1446 1656 2462
4090 4 2 1 5 1442 1721 1500 1733
4091 4 2 1 5 1385 1755 1422 1790
4092 4 2 1 5 1073 639 985 1588
4093 4 2 1 5 1602 1763 900 1944
4094 4 2 1 5 408 1794 410 2130
4095 4 2 1 5 1061 648 1595 1810
4096 4 2 1 5 1332 1700 1501 1830
4097 4 2 1 5 1343 2033 1945 2421
4098 4 2 1 5 638 985 639 1977
4099 4 2 1 5 237 1683 920 2048
4100 4 2 1 5 392 840 2051 2101
4101 4 2 1 5 1357 1449 1659 2389
4102 4 2 1 5 1465 2034 38 2411
4103 4 2 1 5 1364 1636 1466 2343
4104 4 2 1 5 154 2103 1871 2298
4105 4 2 1 5 544 650 2024 2290
4106 4 2 1 5 1393 1698 1674 1935
4107 4 2 1 5 1344 1831 1762 2261
4108 4 2 1 5 3 1995 1468 2457
4109 4 2 1 5 975 1543 1631 1893
4110 4 2 1 5 767 1765 1464 1888
4111 4 2 1 5 1702 1733 1500 2110
4112 4 2 1 5 159 1536 158 1834
4113 4 2 1 5 1692 2217 1641 2275
4114 4 2 1 5 1325 1955 1603 1961
4115 4 2 1 5 1806 1831 52 1940
4116 4 2 1 5 1435 1982 1043 2103
4117 4 2 1 5 1373 1533 1626 1684
4118 4 2 1 5 1436 1874 1361 2277
4119 4 2 1 5 469 1742 1528 1770
4120 4 2 1 5 1712 1802 268 2069
4121 4 2 1 5 746 2128 1927 2154
4122 4 2 1 5 1482 1588 577 1716
4123 4 2 1 5 1345 2237 1441 2435
4124 4 2 1 5 1526 1450 1892 1979
4125 4 2 1 5 521 1745 1543 2022
4126 4 2 1 5 346 353 1582 1711
4127 4 2 1 5 53 52 1806 1831
4128 4 2 1 5 1349 1949 1720 1983
4129 4 2 1 5 1391 1472 1708 2031
4130 4 2 1 5 1724 1936 1374 1990
4131 4 2 1 5 1386 1696 2205 2233
4132 4 2 1 5 379 1844 915 1951
4133 4 2 1 5 829 929 796 1531
4134 4 2 1 5 1715 2292 2171 2380
4135 4 2 1 5 1330 1762 2053 2148
4136 4 2 1 5 1742 1770 1563 1921
4137 4 2 1 5 826 1531 1709 1915
4138 4 2 1 5 607 1788 1477 2025
4139 4 2 1 5 229 1456 226 2338
4140 4 2 1 5 1088 805 783 1498
4141 4 2 1 5 27 1855 1637 2052
4142 4 2 1 5 1575 1540 1962 2377
4143 4 2 1 5 2029 2051 1431 2101
4144 4 2 1 5 1507 2440 1870 2484
4145 4 2 1 5 1411 1603 1961 2373
4146 4 2 1 5 1561 1860 1518 2482
4147 4 2 1 5 1349 1595 1949 1983
4148 4 2 1 5 1438 1624 1611 2163
4149 4 2 1 5 1175 1985 1694 2236
4150 4 2 1 5 915 1951 1844 2297
4151 4 2 1 5 1358 1682 1449 1701
4152 4 2 1 5 1734 1840 1486 2480
4153 4 2 1 5 275 1670 274 1822
4154 4 2 1 5 1017 907 1492 1844
4155 4 2 1 5 1504 1583 43 1930
4156 4 2 1 5 2017 1347 2155 2304
4157 4 2 1 5 437 1924 1785 2117
4158 4 2 1 5 1345 1563 1753 1921
4159 4 2 1 5 1341 2178 1691 2229
4160 4 2 1 5 154 1871 145 2298
4161 4 2 1 5 1973 2052 1637 2188
4162 4 2 1 5 359 1789 1553 1934
4163 4 2 1 5 342 1455 2027 2355
4164 4 2 1 5 1408 1418 1706 2257
4165 4 2 1 5 1382 1829 1680 2118
4166 4 2 1 5 1420 2028 1569 2217
4167 4 2 1 5 1506 1891 560 1992
4168 4 2 1 5 1427 1810 1758 2020
4169 4 2 1 5 1193 1450 2034 2361
4170 4 2 1 5 1376 1746 1496 1875
4171 4 2 1 5 1217 1209 1630 2094
4172 4 2 1 5 1463 919 1838 2209
4173 4 2 1 5 992 1897 1485 2244
4174 4 2 1 5 28 109 27 1637
4175 4 2 1 5 438 1691 1099 2101
4176 4 2 1 5 1358 1449 1682 1836
4177 4 2 1 5 1852 2224 1331 2385
4178 4 2 1 5 1371 1614 1530 2432
4179 4 2 1 5 1349 1428 1881 2065
4180 4 2 1 5 1522 1353 1665 2248
4181 4 2 1 5 1461 2071 1479 2204
4182 4 2 1 5 1522 1665 1353 2122
4183 4 2 1 5 687 1546 1829 2049
4184 4 2 1 5 1350 1732 1518 2005
4185 4 2 1 5 1350 1518 1634 2005
4186 4 2 1 5 1652 1905 1386 2233
4187 4 2 1 5 1438 1846 1782 2210
4188 4 2 1 5 1197 1199 1190 1792
4189 4 2 1 5 501 1614 940 1747
4190 4 2 1 5 654 652 967 2051
4191 4 2 1 5 1418 1346 1726 1940
4192 4 2 1 5 58 1677 1561 2066
4193 4 2 1 5 860 1666 1847 2338
4194 4 2 1 5 1477 1606 1529 2083
4195 4 2 1 5 885 1723 1538 2255
4196 4 2 1 5 342 2027 298 2355
4197 4 2 1 5 155 1742 1563 1982
4198 4 2 1 5 1764 1920 1532 2168
4199 4 2 1 5 746 2074 1927 2128
4200 4 2 1 5 1391 1531 1739 1750
4201 4 2 1 5 1487 1616 2120 2134
4202 4 2 1 5 1496 1875 1746 2378
4203 4 2 1 5 1088 1498 783 1861
4204 4 2 1 5 1693 1732 1518 2467
4205 4 2 1 5 1350 1634 1518 1964
4206 4 2 1 5 1795 1876 1529 2372
4207 4 2 1 5 1332 1830 1501 2211
4208 4 2 1 5 1375 1563 1770 1921
4209 4 2 1 5 1603 2322 1961 2373
4210 4 2 1 5 1703 1828 1364 1996
4211 4 2 1 5 1373 1502 1598 2087
4212 4 2 1 5 1762 2261 1831 2391
4213 4 2 1 5 1761 1474 2216 2325
4214 4 2 1 5 1583 2026 2003 2507
4215 4 2 1 5 1347 1672 1489 2017
4216 4 2 1 5 1592 1663 1443 2196
4217 4 2 1 5 1098 1896 1550 1934
4218 4 2 1 5 1340 1849 1616 2246
4219 4 2 1 5 1356 1757 1496 1875
4220 4 2 1 5 1672 1960 1489 2017
4221 4 2 1 5 58 1561 1677 2368
4222 4 2 1 5 1690 1982 1435 2237
4223 4 2 1 5 1417 1786 1695 2001
4224 4 2 1 5 1339 1562 1670 1885
4225 4 2 1 5 1481 1995 34 2089
4226 4 2 1 5 1591 1392 2007 2307
4227 4 2 1 5 1323 2193 1548 2279
4228 4 2 1 5 1535 1818 1464 2018
4229 4 2 1 5 1510 1557 2068 2230
4230 4 2 1 5 328 539 1763 2324
4231 4 2 1 5 1680 1829 1434 2118
4232 4 2 1 5 1572 1765 1324 2097
4233 4 2 1 5 1066 1502 611 2356
4234 4 2 1 5 960 1747 749 2074
4235 4 2 1 5 1316 1606 1769 2353
4236 4 2 1 5 1452 2152 2110 2291
4237 4 2 1 5 527 1515 1029 1745
4238 4 2 1 5 1351 1756 1462 2306
4239 4 2 1 5 1761 1768 1474 2325
4240 4 2 1 5 1393 1899 1587 2075
4241 4 2 1 5 1848 1886 1614 2074
4242 4 2 1 5 159 163 158 1536
4243 4 2 1 5 1424 1708 1698 2296
4244 4 2 1 5 540 900 1763 1944
4245 4 2 1 5 1376 1746 1875 2378
4246 4 2 1 5 1428 1720 1640 2266
4247 4 2 1 5 1003 725 768 2018
4248 4 2 1 5 1436 1361 1713 2277
4249 4 2 1 5 1493 1729 1687 2399
4250 4 2 1 5 1120 1473 1780 1858
4251 4 2 1 5 198 1551 206 2040
4252 4 2 1 5 1458 1597 1687 2465
4253 4 2 1 5 807 1455 342 2355
4254 4 2 1 5 1501 1733 1667 2392
4255 4 2 1 5 1418 1875 1864 2421
4256 4 2 1 5 1357 1744 1731 2006
4257 4 2 1 5 1669 1955 1406 2141
4258 4 2 1 5 1481 1947 1681 2089
4259 4 2 1 5 879 1925 1587 2259
4260 4 2 1 5 349 1922 537 2479
4261 4 2 1 5 1375 1753 1943 2359
4262 4 2 1 5 1351 1677 1621 1755
4263 4 2 1 5 1481 34 1947 2089
4264 4 2 1 5 1351 1621 1462 1755
4265 4 2 1 5 674 1528 910 2115
4266 4 2 1 5 1556 1558 2235 2292
4267 4 2 1 5 902 326 1654 1910
4268 4 2 1 5 919 1463 850 2209
4269 4 2 1 5 976 1803 1091 1841
4270 4 2 1 5 674 543 910 1528
4271 4 2 1 5 361 359 1028 1553
4272 4 2 1 5 577 1588 1482 2059
4273 4 2 1 5 1687 2035 1397 2042
4274 4 2 1 5 1087 1444 2493 2513
4275 4 2 1 5 1718 1870 1507 2440
4276 4 2 1 5 1334 1764 1549 2247
4277 4 2 1 5 1338 1573 1505 1743
4278 4 2 1 5 688 1480 737 1855
4279 4 2 1 5 1441 1690 1879 2237
4280 4 2 1 5 1208 1218 1460 1913
4281 4 2 1 5 1323 1836 1798 2279
4282 4 2 1 5 1468 1352 2136 2156
4283 4 2 1 5 1342 1647 1481 2370
4284 4 2 1 5 409 410 1686 2130
4285 4 2 1 5 230 232 231 1847
4286 4 2 1 5 919 1463 1838 2226
4287 4 2 1 5 982 1017 907 1492
4288 4 2 1 5 1855 1900 1637 2052
4289 4 2 1 5 940 749 960 1747
4290 4 2 1 5 1692 2275 1517 2401
4291 4 2 1 5 1666 1823 1363 2326
4292 4 2 1 5 328 1763 2079 2324
4293 4 2 1 5 1469 1762 1344 1831
4294 4 2 1 5 1626 1675 1373 2068
4295 4 2 1 5 277 1670 278 2305
4296 4 2 1 5 1330 1715 2171 2380
4297 4 2 1 5 1502 1769 1598 2087
4298 4 2 1 5 1402 1491 2044 2162
4299 4 2 1 5 1351 1462 1621 2306
4300 4 2 1 5 796 1767 1714 2092
4301 4 2 1 5 1349 1526 1854 1892
4302 4 2 1 5 52 1940 1831 2225
4303 4 2 1 5 1576 2044 1491 2162
4304 4 2 1 5 2055 2314 1494 2462
4305 4 2 1 5 1365 1477 1788 2083
4306 4 2 1 5 703 1772 1508 1779
4307 4 2 1 5 1506 2078 1339 2379
4308 4 2 1 5 1554 1669 1368 1672
4309 4 2 1 5 54 55 1555 1620
4310 4 2 1 5 1795 2301 1876 2372
4311 4 2 1 5 1411 1955 1662 1961
4312 4 2 1 5 1367 1597 1489 2017
4313 4 2 1 5 1532 1764 1377 1920
4314 4 2 1 5 985 638 898 1977
4315 4 2 1 5 1615 1807 1340 2474
4316 4 2 1 5 252 251 250 1910
4317 4 2 1 5 608 607 1477 2025
4318 4 2 1 5 1462 1661 1351 1755
4319 4 2 1 5 1741 1852 1356 2260
4320 4 2 1 5 1682 1972 1840 2113
4321 4 2 1 5 1460 1726 1806 2257
4322 4 2 1 5 1452 1409 1984 2409
4323 4 2 1 5 1973 2052 133 2318
4324 4 2 1 5 133 1973 131 2052
4325 4 2 1 5 1510 1675 1378 2068
4326 4 2 1 5 132 137 138 1973
4327 4 2 1 5 1878 2007 1392 2307
4328 4 2 1 5 1645 1968 1900 2156
4329 4 2 1 5 879 1587 1925 2024
4330 4 2 1 5 1494 1757 2055 2462
4331 4 2 1 5 1814 1894 1373 2224
4332 4 2 1 5 379 1951 915 2297
4333 4 2 1 5 1704 730 2157 2176
4334 4 2 1 5 709 688 1589 1736
4335 4 2 1 5 1699 2024 418 2232
4336 4 2 1 5 44 2003 1490 2136
4337 4 2 1 5 1352 1490 1735 2136
4338 4 2 1 5 1315 1626 1684 2068
4339 4 2 1 5 1529 1788 432 2025
4340 4 2 1 5 1505 1553 1925 2232
4341 4 2 1 5 1569 1782 911 2146
4342 4 2 1 5 1211 1210 1206 1460
4343 4 2 1 5 1356 2260 1852 2440
4344 4 2 1 5 143 1824 1544 1871
4345 4 2 1 5 1392 1966 1591 2007
4346 4 2 1 5 846 1099 438 1975
4347 4 2 1 5 1361 1518 1732 2277
4348 4 2 1 5 1554 1669 1387 1705
4349 4 2 1 5 976 1803 1841 2355
4350 4 2 1 5 1518 2202 1860 2467
4351 4 2 1 5 1389 2009 1458 2271
4352 4 2 1 5 1346 1940 1418 2421
4353 4 2 1 5 1590 1724 1374 1990
4354 4 2 1 5 206 911 1569 1782
4355 4 2 1 5 1523 1683 227 1838
4356 4 2 1 5 1776 1915 1391 2058
4357 4 2 1 5 1759 2343 1466 2360
4358 4 2 1 5 639 1025 640 1751
4359 4 2 1 5 976 1511 1803 2355
4360 4 2 1 5 718 1738 1595 2347
4361 4 2 1 5 1438 1689 1624 2163
4362 4 2 1 5 1368 1669 1554 1918
4363 4 2 1 5 1472 1919 1566 1930
4364 4 2 1 5 1358 1446 1716 1856
4365 4 2 1 5 1392 1878 1966 2007
4366 4 2 1 5 826 1709 1531 1902
4367 4 2 1 5 121 1546 1814 2223
4368 4 2 1 5 1597 2136 1352 2156
4369 4 2 1 5 951 1891 1655 2350
4370 4 2 1 5 1480 1736 1565 2156
4371 4 2 1 5 58 1561 1860 2467
4372 4 2 1 5 821 311 505 1590
4373 4 2 1 5 1461 1821 1355 2204
4374 4 2 1 5 251 1520 250 1910
4375 4 2 1 5 1319 2028 1611 2138
4376 4 2 1 5 1682 1457 1972 2113
4377 4 2 1 5 304 1592 1877 1929
4378 4 2 1 5 1674 1698 1432 1935
4379 4 2 1 5 1484 2000 1802 2085
4380 4 2 1 5 200 804 1525 1933
4381 4 2 1 5 256 1631 699 1833
4382 4 2 1 5 1466 1936 1515 1956
4383 4 2 1 5 1611 2073 1715 2206
4384 4 2 1 5 1494 2055 1757 2314
4385 4 2 1 5 1381 1660 2345 2423
4386 4 2 1 5 408 1707 579 1794
4387 4 2 1 5 1393 1698 1935 2153
4388 4 2 1 5 1701 1856 187 2313
4389 4 2 1 5 1330 1558 1556 2380
4390 4 2 1 5 1494 1649 1446 2462
4391 4 2 1 5 1428 2266 1858 2455
4392 4 2 1 5 1373 1598 1502 2356
4393 4 2 1 5 43 2003 1583 2026
4394 4 2 1 5 1444 2288 1087 2493
4395 4 2 1 5 1532 1825 1800 2119
4396 4 2 1 5 1001 434 1534 1810
4397 4 2 1 5 1787 1967 1404 2433
4398 4 2 1 5 1524 1703 1364 1996
4399 4 2 1 5 1214 1913 1471 1964
4400 4 2 1 5 1541 1735 1490 2136
4401 4 2 1 5 1133 43 1472 1817
4402 4 2 1 5 1365 1644 1839 1952
4403 4 2 1 5 590 1723 543 1742
4404 4 2 1 5 1690 1982 1780 2344
4405 4 2 1 5 544 2024 650 2050
4406 4 2 1 5 1350 1673 1585 2046
4407 4 2 1 5 1340 1616 1807 2302
4408 4 2 1 5 1497 1641 1451 1969
4409 4 2 1 5 1345 1563 1742 2237
4410 4 2 1 5 1548 2279 2193 2477
4411 4 2 1 5 611 1502 743 1812
4412 4 2 1 5 1420 1517 2275 2401
4413 4 2 1 5 1597 1687 1489 2422
4414 4 2 1 5 1544 1324 1765 2097
4415 4 2 1 5 1312 1460 1791 2307
4416 4 2 1 5 644 1623 326 1910
4417 4 2 1 5 339 337 2216 2325
4418 4 2 1 5 1211 1208 1460 1832
4419 4 2 1 5 1366 1769 1477 1812
4420 4 2 1 5 1516 2233 1993 2453
4421 4 2 1 5 230 1456 229 2338
4422 4 2 1 5 613 1907 769 2317
4423 4 2 1 5 585 206 911 1569
4424 4 2 1 5 38 2034 39 2411
4425 4 2 1 5 1435 1982 1563 2237
4426 4 2 1 5 1328 1696 1516 2233
4427 4 2 1 5 1458 1694 2236 2271
4428 4 2 1 5 1928 1973 138 2394
4429 4 2 1 5 906 1728 1594 2210
4430 4 2 1 5 1789 2072 1338 2151
4431 4 2 1 5 1361 1732 1552 2277
4432 4 2 1 5 3 1468 1995 2136
4433 4 2 1 5 1327 1719 1453 2451
4434 4 2 1 5 620 1868 2415 2461
4435 4 2 1 5 272 271 270 1843
4436 4 2 1 5 1340 1807 1616 1849
4437 4 2 1 5 919 923 1838 2209
4438 4 2 1 5 440 1529 432 1795
4439 4 2 1 5 1336 1597 1941 2156
4440 4 2 1 5 1510 2016 1557 2230
4441 4 2 1 5 1550 1896 1098 2354
4442 4 2 1 5 1616 1495 2134 2150
4443 4 2 1 5 1513 1707 1354 1997
4444 4 2 1 5 1499 1341 1999 2020
4445 4 2 1 5 822 1935 877 2101
4446 4 2 1 5 1691 2229 2029 2328
4447 4 2 1 5 1461 1479 1821 2204
4448 4 2 1 5 820 1443 1911 2508
4449 4 2 1 5 1487 1616 1849 2246
4450 4 2 1 5 1523 1374 1762 1833
4451 4 2 1 5 452 393 423 1793
4452 4 2 1 5 1501 1909 1700 2173
4453 4 2 1 5 919 1838 228 2226
4454 4 2 1 5 1406 1955 1662 2141
4455 4 2 1 5 1422 2064 1790 2268
4456 4 2 1 5 1313 1858 2082 2460
4457 4 2 1 5 812 1843 813 1912
4458 4 2 1 5 919 850 1463 2226
4459 4 2 1 5 1513 1391 2058 2220
4460 4 2 1 5 1852 2440 1507 2484
4461 4 2 1 5 980 1453 786 1880
4462 4 2 1 5 975 732 1893 2059
4463 4 2 1 5 1573 1699 355 2232
4464 4 2 1 5 1452 1799 1613 2409
4465 4 2 1 5 954 1544 143 1824
4466 4 2 1 5 288 1484 836 2267
4467 4 2 1 5 1470 2011 1876 2083
4468 4 2 1 5 1495 61 1616 2134
4469 4 2 1 5 1472 1930 1750 2304
4470 4 2 1 5 1061 1595 718 2278
4471 4 2 1 5 905 1858 2266 2455
4472 4 2 1 5 1686 1915 1750 1965
4473 4 2 1 5 1175 1143 1694 1985
4474 4 2 1 5 3 1468 45 2457
4475 4 2 1 5 1335 1610 1535 2234
4476 4 2 1 5 1471 57 1964 2467
4477 4 2 1 5 1698 1580 1961 2153
4478 4 2 1 5 1148 1969 1497 2397
4479 4 2 1 5 1608 1898 125 2052
4480 4 2 1 5 1318 1580 1698 1899
4481 4 2 1 5 1433 1747 1848 1849
4482 4 2 1 5 1494 1757 178 2314
4483 4 2 1 5 1346 1622 1463 1777
4484 4 2 1 5 843 844 1002 1805
4485 4 2 1 5 118 28 1855 2102
4486 4 2 1 5 1443 2184 1646 2501
4487 4 2 1 5 488 437 1785 2117
4488 4 2 1 5 625 1808 1805 2255
4489 4 2 1 5 1345 1538 1742 1799
4490 4 2 1 5 1532 2168 1920 2342
4491 4 2 1 5 1708 1776 1391 2220
4492 4 2 1 5 256 1030 1523 1833
4493 4 2 1 5 1431 2029 1691 2229
4494 4 2 1 5 823 1503 1903 1922
4495 4 2 1 5 1458 1796 1597 2465
4496 4 2 1 5 1588 1751 1343 2167
4497 4 2 1 5 1358 1716 1446 1798
4498 4 2 1 5 2089 2109 1570 2457
4499 4 2 1 5 1540 2134 1848 2432
4500 4 2 1 5 1762 1831 1469 2391
4501 4 2 1 5 342 1455 806 2027
4502 4 2 1 5 1705 1918 1669 2396
4503 4 2 1 5 1549 1764 1664 2247
4504 4 2 1 5 1357 1731 1517 2006
4505 4 2 1 5 1546 1894 1814 2224
4506 4 2 1 5 188 1946 190 2444
4507 4 2 1 5 1759 2125 710 2285
4508 4 2 1 5 1393 1505 1587 1899
4509 4 2 1 5 1522 1747 1353 2248
4510 4 2 1 5 1123 2024 1505 2232
4511 4 2 1 5 718 1595 1738 2437
4512 4 2 1 5 1567 2190 1512 2322
4513 4 2 1 5 1541 2258 1735 2289
4514 4 2 1 5 1596 1506 1754 2412
4515 4 2 1 5 639 1588 1025 1751
4516 4 2 1 5 784 1492 982 1862
4517 4 2 1 5 1541 1995 1468 2136
4518 4 2 1 5 130 133 131 2052
4519 4 2 1 5 1366 1769 1502 1866
4520 4 2 1 5 1359 1869 1528 1921
4521 4 2 1 5 1391 1750 1686 1915
4522 4 2 1 5 408 1707 1794 2130
4523 4 2 1 5 261 1524 451 1703
4524 4 2 1 5 1352 1735 1468 2136
4525 4 2 1 5 137 138 1973 2394
4526 4 2 1 5 1715 2073 1413 2206
4527 4 2 1 5 1557 2016 1467 2230
4528 4 2 1 5 134 2102 1824 2318
4529 4 2 1 5 1395 2006 1692 2504
4530 4 2 1 5 807 806 342 1455
4531 4 2 1 5 425 432 1788 2025
4532 4 2 1 5 1593 1313 1858 2344
4533 4 2 1 5 1313 1465 1642 2082
4534 4 2 1 5 1348 1500 1733 2021
4535 4 2 1 5 1317 1639 1650 2057
4536 4 2 1 5 1359 1485 1869 1921
4537 4 2 1 5 1043 1908 1435 2103
4538 4 2 1 5 1417 1972 1457 2113
4539 4 2 1 5 1502 1866 1769 2087
4540 4 2 1 5 1500 2110 1721 2152
4541 4 2 1 5 1472 42 1919 1930
4542 4 2 1 5 1583 1398 2239 2299
4543 4 2 1 5 121 687 1047 1546
4544 4 2 1 5 722 1673 1585 2350
4545 4 2 1 5 1350 1787 1552 2046
4546 4 2 1 5 2029 2229 1534 2328
4547 4 2 1 5 1343 1525 1751 1945
4548 4 2 1 5 1328 1617 1721 1842
4549 4 2 1 5 432 1795 1529 2025
4550 4 2 1 5 1313 2082 1858 2344
4551 4 2 1 5 560 1506 1992 2412
4552 4 2 1 5 1492 1861 1705 2099
4553 4 2 1 5 1324 1735 2258 2289
4554 4 2 1 5 1326 1539 1727 2150
4555 4 2 1 5 37 1452 2110 2182
4556 4 2 1 5 1326 1927 1577 2093
4557 4 2 1 5 1168 1695 1497 1786
4558 4 2 1 5 1334 1549 1664 2247
4559 4 2 1 5 1324 1735 1541 2258
4560 4 2 1 5 525 527 1029 1745
4561 4 2 1 5 287 823 343 1503
4562 4 2 1 5 849 898 1977 2240
4563 4 2 1 5 1133 1662 1472 1919
4564 4 2 1 5 334 1590 311 1683
4565 4 2 1 5 1482 1734 1413 1916
4566 4 2 1 5 1523 1833 1030 2048
4567 4 2 1 5 1645 1796 1336 2156
4568 4 2 1 5 1613 1799 1409 2409
4569 4 2 1 5 1123 1505 879 1925
4570 4 2 1 5 1723 1742 1538 1799
4571 4 2 1 5 1099 1691 438 1975
4572 4 2 1 5 1456 1905 1652 2233
4573 4 2 1 5 1599 1639 1399 2000
4574 4 2 1 5 37 1452 2182 2374
4575 4 2 1 5 1353 1848 1747 1849
4576 4 2 1 5 38 1465 1733 2034
4577 4 2 1 5 699 1631 586 1833
4578 4 2 1 5 1367 1760 1597 2017
4579 4 2 1 5 1830 1983 1501 2211
4580 4 2 1 5 877 1935 1674 2101
4581 4 2 1 5 1445 1885 1679 2013
4582 4 2 1 5 706 1473 1120 1858
4583 4 2 1 5 1502 1749 743 1978
4584 4 2 1 5 1059 1021 703 2111
4585 4 2 1 5 516 1605 1818 1845
4586 4 2 1 5 724 1535 750 2106
4587 4 2 1 5 1471 1518 1732 2467
4588 4 2 1 5 566 737 688 1480
4589 4 2 1 5 1470 1737 2011 2083
4590 4 2 1 5 1543 1745 524 1833
4591 4 2 1 5 1325 1603 1739 2322
4592 4 2 1 5 1325 2190 1567 2322
4593 4 2 1 5 1466 1364 1703 1828
4594 4 2 1 5 1516 1696 1993 2233
4595 4 2 1 5 1505 1573 1338 2436
4596 4 2 1 5 951 2038 1891 2350
4597 4 2 1 5 1457 1972 1417 2442
4598 4 2 1 5 409 410 411 1686
4599 4 2 1 5 1366 1795 1529 2372
4600 4 2 1 5 1366 1529 1890 2372
4601 4 2 1 5 1408 1630 1418 1872
4602 4 2 1 5 1460 1791 1726 2257
4603 4 2 1 5 907 1492 1844 2077
4604 4 2 1 5 1314 1600 1936 2197
4605 4 2 1 5 1604 1414 2032 2173
4606 4 2 1 5 1747 1848 1614 2074
4607 4 2 1 5 1328 1721 1617 2249
4608 4 2 1 5 725 1818 1535 2018
4609 4 2 1 5 536 1868 620 2461
4610 4 2 1 5 1473 1858 706 2312
4611 4 2 1 5 492 1560 2284 2495
4612 4 2 1 5 1434 1680 1852 2224
4613 4 2 1 5 1343 1525 1945 2033
4614 4 2 1 5 901 1056 1815 2039
4615 4 2 1 5 1608 2052 1973 2188
4616 4 2 1 5 1746 2157 730 2176
4617 4 2 1 5 1148 1497 1969 2381
4618 4 2 1 5 43 1583 1504 2026
4619 4 2 1 5 812 1822 274 1843
4620 4 2 1 5 118 2102 1855 2427
4621 4 2 1 5 1338 1860 1580 2262
4622 4 2 1 5 1356 1870 2440 2484
4623 4 2 1 5 832 1737 382 1951
4624 4 2 1 5 1354 1930 1750 2031
4625 4 2 1 5 1690 1435 1982 2344
4626 4 2 1 5 1698 1708 1424 1980
4627 4 2 1 5 1326 1577 1927 2458
4628 4 2 1 5 1314 1956 1936 2438
4629 4 2 1 5 1099 822 2101 2471
4630 4 2 1 5 1453 1362 1712 2069
4631 4 2 1 5 1336 1736 1565 2329
4632 4 2 1 5 304 1592 1929 2226
4633 4 2 1 5 1417 2001 1695 2319
4634 4 2 1 5 1547 2216 1399 2431
4635 4 2 1 5 1321 1920 2168 2342
4636 4 2 1 5 155 161 1563 1742
4637 4 2 1 5 60 1873 1616 2120
4638 4 2 1 5 1587 2075 1899 2164
4639 4 2 1 5 1391 1750 1472 2031
4640 4 2 1 5 1736 1968 1336 2156
4641 4 2 1 5 820 1911 1443 2196
4642 4 2 1 5 184 187 1701 1856
4643 4 2 1 5 1413 1482 1916 2334
4644 4 2 1 5 1478 2415 1868 2461
4645 4 2 1 5 59 1693 1873 2066
4646 4 2 1 5 1514 1582 1711 2116
4647 4 2 1 5 1326 1496 2093 2378
4648 4 2 1 5 1957 2077 2064 2366
4649 4 2 1 5 1029 1759 1515 2360
4650 4 2 1 5 334 1590 1683 2048
4651 4 2 1 5 1312 1638 1460 2307
4652 4 2 1 5 1373 1598 1769 2087
4653 4 2 1 5 1731 1744 1357 2383
4654 4 2 1 5 363 1820 1895 1934
4655 4 2 1 5 1333 1517 2275 2406
4656 4 2 1 5 1375 1943 1753 2435
4657 4 2 1 5 1317 1650 1639 2287
4658 4 2 1 5 1687 1960 1489 2422
4659 4 2 1 5 439 432 440 1529
4660 4 2 1 5 1495 2094 1630 2375
4661 4 2 1 5 288 1843 1484 2267
4662 4 2 1 5 1334 1835 1825 2231
4663 4 2 1 5 1505 1553 1789 2151
4664 4 2 1 5 1399 2390 1547 2431
4665 4 2 1 5 1382 1814 1684 2224
4666 4 2 1 5 1418 2219 1875 2421
4667 4 2 1 5 1528 1799 1723 2221
4668 4 2 1 5 1324 2289 2258 2359
4669 4 2 1 5 334 1683 237 2048
4670 4 2 1 5 1349 1450 1642 1881
4671 4 2 1 5 1799 2291 1537 2410
4672 4 2 1 5 865 1809 1610 1868
4673 4 2 1 5 1467 1744 1731 2383
4674 4 2 1 5 1629 1659 1449 2505
4675 4 2 1 5 1526 1566 1354 1997
4676 4 2 1 5 822 1935 2101 2471
4677 4 2 1 5 1312 1791 1460 2257
4678 4 2 1 5 1393 1587 1505 1925
4679 4 2 1 5 1474 2216 1547 2431
4680 4 2 1 5 1413 1840 1734 2480
4681 4 2 1 5 1366 1890 1795 2372
4682 4 2 1 5 1597 1760 1489 2017
4683 4 2 1 5 1886 1907 14 2098
4684 4 2 1 5 1553 1820 864 1934
4685 4 2 1 5 1378 1675 1510 1898
4686 4 2 1 5 1358 1716 1482 1734
4687 4 2 1 5 1509 1945 2421 2506
4688 4 2 1 5 1160 1568 1162 1963
4689 4 2 1 5 177 187 1856 2313
4690 4 2 1 5 832 382 389 1519
4691 4 2 1 5 807 342 298 2355
4692 4 2 1 5 905 1858 1766 2266
4693 4 2 1 5 3 1541 45 2136
4694 4 2 1 5 540 1944 1763 2091
4695 4 2 1 5 1453 1719 1327 1827
4696 4 2 1 5 1396 1724 1558 1762
4697 4 2 1 5 1760 2026 2017 2155
4698 4 2 1 5 1547 2390 2145 2431
4699 4 2 1 5 797 1087 2288 2493
4700 4 2 1 5 1356 2440 1852 2484
4701 4 2 1 5 1600 1381 1996 2345
4702 4 2 1 5 1537 1613 1452 1799
4703 4 2 1 5 1525 1343 1751 2167
4704 4 2 1 5 58 1860 1561 2368
4705 4 2 1 5 299 1522 1771 2027
4706 4 2 1 5 1463 1929 850 2209
4707 4 2 1 5 1705 1861 1498 2099
4708 4 2 1 5 646 1780 1593 1858
4709 4 2 1 5 1538 1780 1690 1982
4710 4 2 1 5 175 1751 1494 1977
4711 4 2 1 5 1695 2001 1786 2319
4712 4 2 1 5 898 849 176 2240
4713 4 2 1 5 1457 2279 2389 2477
4714 4 2 1 5 1623 2021 1910 2263
4715 4 2 1 5 1391 1739 1472 1750
4716 4 2 1 5 1772 2057 1599 2274
4717 4 2 1 5 1214 1471 57 1964
4718 4 2 1 5 266 268 1712 2321
4719 4 2 1 5 1326 1706 1418 2378
4720 4 2 1 5 1697 2160 1635 2176
4721 4 2 1 5 1709 1776 1567 2346
4722 4 2 1 5 355 1699 1573 2030
4723 4 2 1 5 1790 2120 1575 2122
4724 4 2 1 5 1563 1742 161 1770
4725 4 2 1 5 1362 1562 1802 2069
4726 4 2 1 5 1365 1839 1606 1952
4727 4 2 1 5 1361 1874 1561 2277
4728 4 2 1 5 1495 1848 2134 2150
4729 4 2 1 5 1479 1660 54 2161
4730 4 2 1 5 1362 2000 1484 2070
4731 4 2 1 5 1466 1759 1703 2343
4732 4 2 1 5 1529 1606 1366 1890
4733 4 2 1 5 879 1505 1123 2024
4734 4 2 1 5 718 2278 1595 2437
4735 4 2 1 5 1357 1659 1629 2505
4736 4 2 1 5 1468 1735 1541 2136
4737 4 2 1 5 907 982 1492 2077
4738 4 2 1 5 1993 2233 1386 2453
4739 4 2 1 5 1448 2021 1623 2263
4740 4 2 1 5 1525 1751 1588 2167
4741 4 2 1 5 1662 1817 1472 1955
4742 4 2 1 5 1120 1780 1473 2395
4743 4 2 1 5 1371 1540 1530 2358
4744 4 2 1 5 1324 1544 1765 2280
4745 4 2 1 5 1654 1917 326 2455
4746 4 2 1 5 1087 2288 1444 2513
4747 4 2 1 5 509 1787 621 2076
4748 4 2 1 5 1433 1807 1615 2474
4749 4 2 1 5 1557 2068 1373 2295
4750 4 2 1 5 1358 1682 1486 1840
4751 4 2 1 5 1109 1593 635 1908
4752 4 2 1 5 1704 2157 1746 2176
4753 4 2 1 5 1336 1687 1597 2465
4754 4 2 1 5 1691 2178 1431 2229
4755 4 2 1 5 1342 1468 1645 1900
4756 4 2 1 5 1677 1755 1351 2430
4757 4 2 1 5 159 1536 1834 2108
4758 4 2 1 5 1366 1866 1890 2121
4759 4 2 1 5 1637 1855 28 2102
4760 4 2 1 5 237 334 311 1683
4761 4 2 1 5 1654 1910 1520 2079
4762 4 2 1 5 820 2196 1443 2508
4763 4 2 1 5 1568 1162 1963 2207
4764 4 2 1 5 539 1949 1763 2324
4765 4 2 1 5 1468 1796 45 2457
4766 4 2 1 5 1495 1718 1371 1727
4767 4 2 1 5 159 1834 1659 2108
4768 4 2 1 5 608 455 607 2025
4769 4 2 1 5 1440 1800 1825 2119
4770 4 2 1 5 409 408 410 2130
4771 4 2 1 5 1943 1947 1481 2258
4772 4 2 1 5 146 791 144 1871
4773 4 2 1 5 1448 1363 1666 1987
4774 4 2 1 5 935 975 1631 2059
4775 4 2 1 5 411 413 464 1965
4776 4 2 1 5 1330 1556 1558 2391
4777 4 2 1 5 343 287 1503 2046
4778 4 2 1 5 1377 1532 1920 2342
4779 4 2 1 5 1781 1973 972 2215
4780 4 2 1 5 411 413 1491 2256
4781 4 2 1 5 1160 1162 1568 2207
4782 4 2 1 5 791 1563 161 1770
4783 4 2 1 5 1219 2219 1872 2303
4784 4 2 1 5 1453 980 2069 2149
4785 4 2 1 5 1326 1630 1870 1875
4786 4 2 1 5 1662 1955 1411 2141
4787 4 2 1 5 440 1795 432 2025
4788 4 2 1 5 1813 1827 1524 2419
4789 4 2 1 5 1528 1869 1485 1921
4790 4 2 1 5 1104 703 704 1772
4791 4 2 1 5 1354 1566 1526 1930
4792 4 2 1 5 1362 1453 1719 2013
4793 4 2 1 5 723 1655 1891 2379
4794 4 2 1 5 1355 1914 1506 2227
4795 4 2 1 5 1362 2013 1562 2069
4796 4 2 1 5 1326 1870 1727 1875
4797 4 2 1 5 901 1815 1602 2039
4798 4 2 1 5 1523 1833 1762 2148
4799 4 2 1 5 177 1819 862 2108
4800 4 2 1 5 1556 2001 1417 2319
4801 4 2 1 5 143 1544 955 1871
4802 4 2 1 5 1362 1453 1712 2512
4803 4 2 1 5 1329 1606 1529 1890
4804 4 2 1 5 1173 1181 1570 2089
4805 4 2 1 5 1576 2106 1335 2166
4806 4 2 1 5 1438 1846 1611 2028
4807 4 2 1 5 1500 1442 1733 1842
4808 4 2 1 5 1073 577 1588 1716
4809 4 2 1 5 1421 1890 1889 2377
4810 4 2 1 5 820 1911 1774 2508
4811 4 2 1 5 1362 1719 1453 2512
4812 4 2 1 5 1340 1873 1616 2302
4813 4 2 1 5 1450 1349 1642 1854
4814 4 2 1 5 868 2333 1773 2444
4815 4 2 1 5 143 954 955 1544
4816 4 2 1 5 635 1593 646 1780
4817 4 2 1 5 1458 1597 1796 2004
4818 4 2 1 5 383 1519 382 1951
4819 4 2 1 5 1932 2022 1369 2080
4820 4 2 1 5 1344 1762 1469 2475
4821 4 2 1 5 1443 1646 1596 2501
4822 4 2 1 5 1566 1919 1804 1999
4823 4 2 1 5 1626 1684 1533 1837
4824 4 2 1 5 516 1605 466 1818
4825 4 2 1 5 524 1543 521 1745
4826 4 2 1 5 1851 2275 1517 2406
4827 4 2 1 5 1426 1864 2176 2286
4828 4 2 1 5 1339 1506 1914 2078
4829 4 2 1 5 557 516 466 1818
4830 4 2 1 5 1373 2068 1675 2295
4831 4 2 1 5 1041 1714 929 1965
4832 4 2 1 5 1604 1700 1414 2173
4833 4 2 1 5 284 273 275 1562
4834 4 2 1 5 1350 1552 1732 2005
4835 4 2 1 5 1961 2322 1740 2373
4836 4 2 1 5 1385 1755 1790 2047
4837 4 2 1 5 412 411 1794 2256
4838 4 2 1 5 1381 1996 2345 2425
4839 4 2 1 5 1432 1935 1698 2153
4840 4 2 1 5 2056 2244 1658 2275
4841 4 2 1 5 1343 1494 1656 1945
4842 4 2 1 5 1339 1562 1885 2013
4843 4 2 1 5 54 55 1620 2071
4844 4 2 1 5 712 2343 1759 2360
4845 4 2 1 5 1341 1499 1619 2020
4846 4 2 1 5 1349 1881 1640 1892
4847 4 2 1 5 1333 2275 1658 2406
4848 4 2 1 5 1709 1739 1531 1902
4849 4 2 1 5 885 1723 590 1742
4850 4 2 1 5 1610 1335 2106 2166
4851 4 2 1 5 1155 1909 1901 1963
4852 4 2 1 5 1556 2001 1959 2380
4853 4 2 1 5 1599 2057 1994 2274
4854 4 2 1 5 234 1847 1627 2143
4855 4 2 1 5 1480 1968 1736 2156
4856 4 2 1 5 1712 1802 1362 2321
4857 4 2 1 5 1514 1711 839 2051
4858 4 2 1 5 720 2023 1841 2514
4859 4 2 1 5 1361 1436 1713 2023
4860 4 2 1 5 2171 2235 1558 2292
4861 4 2 1 5 767 128 768 1464
4862 4 2 1 5 1111 1731 160 1884
4863 4 2 1 5 737 1480 566 2181
4864 4 2 1 5 1356 1494 1757 1945
4865 4 2 1 5 1362 1599 1639 1994
4866 4 2 1 5 1339 1555 1914 2451
4867 4 2 1 5 1336 1796 1597 2156
4868 4 2 1 5 1364 1466 1703 2343
4869 4 2 1 5 1408 1807 1706 2375
4870 4 2 1 5 54 1555 1159 1660
4871 4 2 1 5 274 275 273 1562
4872 4 2 1 5 1375 1921 1483 2435
4873 4 2 1 5 1596 1663 1506 2412
4874 4 2 1 5 1557 1675 2068 2295
4875 4 2 1 5 1470 2064 2077 2366
4876 4 2 1 5 1795 2253 454 2301
4877 4 2 1 5 1774 1911 1443 2508
4878 4 2 1 5 1788 2011 395 2129
4879 4 2 1 5 1482 1716 577 2386
4880 4 2 1 5 1488 1650 2057 2464
4881 4 2 1 5 1313 1593 1858 2460
4882 4 2 1 5 1408 1872 1418 2257
4883 4 2 1 5 201 1869 1551 2244
4884 4 2 1 5 53 52 1831 2225
4885 4 2 1 5 1434 1546 2224 2385
4886 4 2 1 5 1561 1621 1351 2066
4887 4 2 1 5 1353 1747 1665 2248
4888 4 2 1 5 1358 1486 1682 1701
4889 4 2 1 5 328 475 1628 1763
4890 4 2 1 5 699 1631 256 2010
4891 4 2 1 5 723 1655 951 1891
4892 4 2 1 5 1348 1910 1623 2021
4893 4 2 1 5 1373 1626 1533 2015
4894 4 2 1 5 1513 1354 1707 2130
4895 4 2 1 5 1540 1890 1866 2121
4896 4 2 1 5 1842 2187 1500 2326
4897 4 2 1 5 1364 1524 1996 2419
4898 4 2 1 5 1348 1500 1702 1733
4899 4 2 1 5 1363 2255 1799 2409
4900 4 2 1 5 1614 1665 1353 1747
4901 4 2 1 5 1543 1745 1369 2022
4902 4 2 1 5 1422 1730 1575 2120
4903 4 2 1 5 389 382 383 1519
4904 4 2 1 5 1518 1860 2202 2482
4905 4 2 1 5 267 1802 268 2321
4906 4 2 1 5 1399 2032 2390 2431
4907 4 2 1 5 122 1544 1765 2298
4908 4 2 1 5 1324 1765 1572 2137
4909 4 2 1 5 45 2003 44 2136
4910 4 2 1 5 134 954 1824 2102
4911 4 2 1 5 238 242 239 2273
4912 4 2 1 5 229 1456 230 1905
4913 4 2 1 5 829 826 1531 1902
4914 4 2 1 5 1625 2159 1171 2241
4915 4 2 1 5 1094 992 1485 2244
4916 4 2 1 5 278 2305 1822 2337
4917 4 2 1 5 1501 1642 1349 1854
4918 4 2 1 5 209 1782 1551 1869
4919 4 2 1 5 206 198 201 1551
4920 4 2 1 5 778 1756 2177 2354
4921 4 2 1 5 907 1844 393 2077
4922 4 2 1 5 1786 2001 1172 2319
4923 4 2 1 5 516 1818 557 1845
4924 4 2 1 5 1028 435 1074 1925
4925 4 2 1 5 1449 1906 1836 2367
4926 4 2 1 5 868 1773 2369 2444
4927 4 2 1 5 579 1080 1794 2461
4928 4 2 1 5 1436 1713 1874 2277
4929 4 2 1 5 1542 1876 947 2301
4930 4 2 1 5 1374 1523 1762 2405
4931 4 2 1 5 1973 2188 1637 2318
4932 4 2 1 5 972 2215 1973 2318
4933 4 2 1 5 324 1043 1982 2103
4934 4 2 1 5 1404 1787 1585 1967
4935 4 2 1 5 1765 2137 1324 2280
4936 4 2 1 5 1591 1791 1423 2192
4937 4 2 1 5 463 1714 1584 2092
4938 4 2 1 5 1556 1417 2001 2380
4939 4 2 1 5 821 1590 505 1774
4940 4 2 1 5 55 1913 1620 2071
4941 4 2 1 5 1887 2280 1324 2289
4942 4 2 1 5 1346 1777 1463 2061
4943 4 2 1 5 44 1490 2003 2026
4944 4 2 1 5 1578 1748 1131 2109
4945 4 2 1 5 720 1841 1803 2514
4946 4 2 1 5 606 1508 1811 1867
4947 4 2 1 5 520 1932 522 2022
4948 4 2 1 5 607 455 1788 2025
4949 4 2 1 5 1603 1325 1961 2322
4950 4 2 1 5 225 229 1652 1826
4951 4 2 1 5 1637 2052 1973 2318
4952 4 2 1 5 1356 2055 1757 2462
4953 4 2 1 5 27 1637 109 2052
4954 4 2 1 5 949 1978 1795 2025
4955 4 2 1 5 342 806 1857 2027
4956 4 2 1 5 743 1749 1502 2126
4957 4 2 1 5 268 1802 271 2069
4958 4 2 1 5 1396 2345 2161 2423
4959 4 2 1 5 1540 1421 1890 2121
4960 4 2 1 5 737 1855 1480 2181
4961 4 2 1 5 1005 261 451 1703
4962 4 2 1 5 1468 1796 1645 2156
4963 4 2 1 5 1554 1672 1444 1981
4964 4 2 1 5 1336 1597 1796 2465
4965 4 2 1 5 1573 1699 1505 1743
4966 4 2 1 5 2145 2390 2032 2431
4967 4 2 1 5 1552 1350 1732 1787
4968 4 2 1 5 911 2146 1782 2210
4969 4 2 1 5 934 972 1973 2318
4970 4 2 1 5 284 1118 785 1754
4971 4 2 1 5 1550 2177 1756 2354
4972 4 2 1 5 1383 1603 1498 1991
4973 4 2 1 5 1345 1921 1613 2221
4974 4 2 1 5 1405 1600 1996 2184
4975 4 2 1 5 1331 1718 1852 2358
4976 4 2 1 5 750 2044 1576 2106
4977 4 2 1 5 1206 1460 1210 1806
4978 4 2 1 5 1881 2082 1858 2460
4979 4 2 1 5 1506 1655 1392 1914
4980 4 2 1 5 1343 1525 2033 2167
4981 4 2 1 5 650 544 545 2290
4982 4 2 1 5 703 1779 1508 2443
4983 4 2 1 5 1446 1798 1656 2367
4984 4 2 1 5 46 1748 1657 2054
4985 4 2 1 5 3 45 1468 2136
4986 4 2 1 5 1533 1388 1657 1748
4987 4 2 1 5 1858 1881 1428 2082
4988 4 2 1 5 603 865 1610 1868
4989 4 2 1 5 982 1862 1492 2077
4990 4 2 1 5 868 991 2333 2444
4991 4 2 1 5 1360 1582 1676 2116
4992 4 2 1 5 38 1733 39 2034
4993 4 2 1 5 1568 1926 1679 2213
4994 4 2 1 5 1481 1647 1681 1943
4995 4 2 1 5 2003 2026 1490 2507
4996 4 2 1 5 1409 1826 1805 2115
4997 4 2 1 5 1804 1919 1566 1980
4998 4 2 1 5 1724 1936 1600 2197
4999 4 2 1 5 1354 1478 1794 2254
5000 4 2 1 5 1363 1805 2255 2409
5001 4 2 1 5 1599 1362 1802 2321
5002 4 2 1 5 1363 2291 1799 2410
5003 4 2 1 5 1764 2060 1920 2168
5004 4 2 1 5 1365 1737 2083 2129
5005 4 2 1 5 1510 1688 1390 2230
5006 4 2 1 5 1377 1676 1532 2342
5007 4 2 1 5 1398 1792 1583 2239
5008 4 2 1 5 2258 2289 1481 2359
5009 4 2 1 5 1349 1642 1501 2065
5010 4 2 1 5 1731 1744 1467 2230
5011 4 2 1 5 1658 1897 680 2244
5012 4 2 1 5 1342 1995 1468 2289
5013 4 2 1 5 1565 2329 1736 2495
5014 4 2 1 5 178 175 1494 2314
5015 4 2 1 5 1328 1627 1559 2294
5016 4 2 1 5 1358 1734 1482 1916
5017 4 2 1 5 750 1535 724 2044
5018 4 2 1 5 1354 1801 1478 2254
5019 4 2 1 5 158 1834 1829 2223
5020 4 2 1 5 804 1751 1525 1933
5021 4 2 1 5 1889 1890 1575 2377
5022 4 2 1 5 1746 1864 1704 2176
5023 4 2 1 5 387 1711 1815 2039
5024 4 2 1 5 1143 1694 1458 2004
5025 4 2 1 5 557 1818 811 1845
5026 4 2 1 5 1637 1887 1342 1900
5027 4 2 1 5 1344 1469 2283 2475
5028 4 2 1 5 1411 1955 1603 2141
5029 4 2 1 5 299 1522 297 1771
5030 4 2 1 5 477 1017 1067 1705
5031 4 2 1 5 1684 2224 1533 2238
5032 4 2 1 5 608 1477 607 2272
5033 4 2 1 5 1527 2089 1570 2457
5034 4 2 1 5 1834 2147 151 2251
5035 4 2 1 5 1068 160 2394 2406
5036 4 2 1 5 823 343 1503 1922
5037 4 2 1 5 1620 1791 1355 2204
5038 4 2 1 5 1595 1349 1720 2347
5039 4 2 1 5 1389 1644 2009 2271
5040 4 2 1 5 31 1765 767 1888
5041 4 2 1 5 1316 2009 1644 2114
5042 4 2 1 5 1861 1498 2099 2245
5043 4 2 1 5 1477 1812 1769 2353
5044 4 2 1 5 1377 1920 1676 2342
5045 4 2 1 5 1662 1411 2133 2141
5046 4 2 1 5 1457 1417 1786 2442
5047 4 2 1 5 1464 1818 1535 2481
5048 4 2 1 5 1735 1324 2280 2289
5049 4 2 1 5 1159 54 55 1555
5050 4 2 1 5 1634 1800 1334 1835
5051 4 2 1 5 1575 1730 1422 2268
5052 4 2 1 5 1094 680 992 2244
5053 4 2 1 5 1553 2072 1789 2151
5054 4 2 1 5 1599 1772 921 1779
5055 4 2 1 5 669 1736 1560 2495
5056 4 2 1 5 225 226 229 1826
5057 4 2 1 5 712 1703 1759 2343
5058 4 2 1 5 1740 1961 1580 2153
5059 4 2 1 5 1560 1736 669 2127
5060 4 2 1 5 1921 2191 1613 2221
5061 4 2 1 5 1365 1717 1839 2042
5062 4 2 1 5 1402 2155 1491 2162
5063 4 2 1 5 720 694 1803 1841
5064 4 2 1 5 161 791 146 1563
5065 4 2 1 5 1366 1795 1890 2393
5066 4 2 1 5 363 864 1820 1934
5067 4 2 1 5 552 1661 535 1857
5068 4 2 1 5 1365 1784 1519 2042
5069 4 2 1 5 1449 1819 1906 2367
5070 4 2 1 5 1715 1413 2073 2480
5071 4 2 1 5 1639 2032 1650 2057
5072 4 2 1 5 1391 1776 1709 1915
5073 4 2 1 5 1041 796 929 1714
5074 4 2 1 5 1173 1570 1882 2089
5075 4 2 1 5 1870 1875 1630 2219
5076 4 2 1 5 1619 1698 1318 2212
5077 4 2 1 5 1422 1790 1755 2047
5078 4 2 1 5 1561 1677 1621 2066
5079 4 2 1 5 1477 1976 607 2272
5080 4 2 1 5 1547 2145 1474 2431
5081 4 2 1 5 1616 2122 1849 2134
5082 4 2 1 5 1368 1669 1918 2396
5083 4 2 1 5 709 1589 124 2127
5084 4 2 1 5 1444 1672 1554 1767
5085 4 2 1 5 1559 1847 233 2143
5086 4 2 1 5 1787 1803 563 2076
5087 4 2 1 5 1693 2086 1340 2246
5088 4 2 1 5 949 1795 861 2025
5089 4 2 1 5 1364 1813 1524 2419
5090 4 2 1 5 470 454 1795 2253
5091 4 2 1 5 1797 1951 378 2297
5092 4 2 1 5 1313 1465 2082 2473
5093 4 2 1 5 1535 1863 1818 2300
5094 4 2 1 5 1500 2187 1823 2326
5095 4 2 1 5 233 1847 1559 1905
5096 4 2 1 5 1495 1616 2094 2375
5097 4 2 1 5 1697 2176 1635 2286
5098 4 2 1 5 492 1052 1560 2495
5099 4 2 1 5 1536 1906 1819 2367
5100 4 2 1 5 1372 1679 2070 2168
5101 4 2 1 5 1405 1996 1524 2184
5102 4 2 1 5 1514 1711 1582 1924
5103 4 2 1 5 1559 1627 1328 2326
5104 4 2 1 5 1552 1787 561 2046
5105 4 2 1 5 812 274 813 1843
5106 4 2 1 5 1589 1342 1900 2052
5107 4 2 1 5 160 1731 1517 1884
5108 4 2 1 5 1472 1739 1708 2296
5109 4 2 1 5 1765 2097 1572 2298
5110 4 2 1 5 55 2135 1476 2420
5111 4 2 1 5 1517 1357 2006 2401
5112 4 2 1 5 579 1794 1707 2461
5113 4 2 1 5 1575 2120 1730 2377
5114 4 2 1 5 1329 2043 1890 2372
5115 4 2 1 5 1359 2191 1921 2221
5116 4 2 1 5 1340 1693 2302 2499
5117 4 2 1 5 1804 1980 1566 1999
5118 4 2 1 5 1477 1788 607 1976
5119 4 2 1 5 606 1811 1508 2111
5120 4 2 1 5 1529 1606 1329 2083
5121 4 2 1 5 1350 1634 1950 2005
5122 4 2 1 5 1341 1534 1678 2020
5123 4 2 1 5 230 229 226 2338
5124 4 2 1 5 175 1494 174 1977
5125 4 2 1 5 1340 2086 1693 2499
5126 4 2 1 5 1011 1895 1820 2346
5127 4 2 1 5 34 1995 1481 2445
5128 4 2 1 5 1337 1846 1984 2180
5129 4 2 1 5 1513 2058 1975 2220
5130 4 2 1 5 823 1503 287 2105
5131 4 2 1 5 901 1602 1944 2039
5132 4 2 1 5 1769 2121 1366 2456
5133 4 2 1 5 879 1925 1505 2024
5134 4 2 1 5 1769 2087 1866 2121
5135 4 2 1 5 557 1710 811 1818
5136 4 2 1 5 1606 1769 1366 2456
5137 4 2 1 5 1323 1836 1906 2367
5138 4 2 1 5 1381 2100 2170 2172
5139 4 2 1 5 1589 1898 25 2127
5140 4 2 1 5 1622 1838 923 2209
5141 4 2 1 5 1412 1640 1881 1892
5142 4 2 1 5 1573 1789 356 2252
5143 4 2 1 5 1362 1802 1712 2069
5144 4 2 1 5 383 1797 1519 1951
5145 4 2 1 5 56 1913 57 1964
5146 4 2 1 5 748 1886 1539 2074
5147 4 2 1 5 197 1551 198 2040
5148 4 2 1 5 239 238 2273 2363
5149 4 2 1 5 59 1873 1487 2066
5150 4 2 1 5 1417 1840 1972 2113
5151 4 2 1 5 1533 1748 1578 2067
5152 4 2 1 5 1449 1819 1536 1906
5153 4 2 1 5 1638 1725 1312 2144
5154 4 2 1 5 35 2019 1204 2445
5155 4 2 1 5 1448 1363 1987 2187
5156 4 2 1 5 1746 2093 1496 2378
5157 4 2 1 5 1583 2239 1979 2299
5158 4 2 1 5 1749 2126 2049 2385
5159 4 2 1 5 1513 2031 1391 2220
5160 4 2 1 5 184 177 187 1856
5161 4 2 1 5 669 1100 1736 2495
5162 4 2 1 5 519 1773 1624 2369
5163 4 2 1 5 586 1543 524 1833
5164 4 2 1 5 805 1705 1498 1918
5165 4 2 1 5 1375 1770 1485 1921
5166 4 2 1 5 2004 2026 1760 2136
5167 4 2 1 5 1621 1677 1351 2066
5168 4 2 1 5 1434 1852 1741 2260
5169 4 2 1 5 1 1593 1908 2316
5170 4 2 1 5 1332 2145 2211 2310
5171 4 2 1 5 715 1635 2160 2176
5172 4 2 1 5 122 1765 1544 2102
5173 4 2 1 5 1466 1850 673 2343
5174 4 2 1 5 1482 1734 1716 2386
5175 4 2 1 5 1517 2406 1333 2426
5176 4 2 1 5 1410 1807 1615 2154
5177 4 2 1 5 1615 1807 1433 2154
5178 4 2 1 5 1371 1540 1848 2432
5179 4 2 1 5 1578 1131 1985 2109
5180 4 2 1 5 463 793 1714 2092
5181 4 2 1 5 1168 1786 1497 2381
5182 4 2 1 5 1374 1724 1558 1936
5183 4 2 1 5 1510 1898 1675 2270
5184 4 2 1 5 1375 1459 2370 2414
5185 4 2 1 5 1316 1839 1606 2353
5186 4 2 1 5 1417 1972 1840 2442
5187 4 2 1 5 52 1959 1940 2225
5188 4 2 1 5 805 1498 368 1918
5189 4 2 1 5 811 1818 1710 1845
5190 4 2 1 5 868 2369 641 2444
5191 4 2 1 5 410 412 411 1794
5192 4 2 1 5 1471 1732 1693 2467
5193 4 2 1 5 2133 2141 1574 2175
5194 4 2 1 5 209 1551 201 1869
5195 4 2 1 5 1621 1677 1561 2497
5196 4 2 1 5 855 175 1751 1933
5197 4 2 1 5 201 1551 209 1782
5198 4 2 1 5 822 877 1062 2101
5199 4 2 1 5 784 1861 1492 1862
5200 4 2 1 5 328 1763 1628 2079
5201 4 2 1 5 1355 1663 1592 1992
5202 4 2 1 5 644 326 902 1910
5203 4 2 1 5 665 1709 663 1776
5204 4 2 1 5 1375 1483 1943 2435
5205 4 2 1 5 1363 1538 1799 2255
5206 4 2 1 5 2064 2083 1952 2447
5207 4 2 1 5 435 1123 1925 2232
5208 4 2 1 5 1319 1715 1611 2073
5209 4 2 1 5 1068 2394 1781 2406
5210 4 2 1 5 1448 1623 2021 2187
5211 4 2 1 5 288 270 836 1802
5212 4 2 1 5 17 1545 1749 2049
5213 4 2 1 5 1496 1746 1376 2309
5214 4 2 1 5 1730 2120 60 2377
5215 4 2 1 5 306 305 776 1877
5216 4 2 1 5 1477 1529 1788 2083
5217 4 2 1 5 1326 1706 1807 2375
5218 4 2 1 5 1519 1737 1387 1784
5219 4 2 1 5 842 1712 268 2069
5220 4 2 1 5 1827 1996 1524 2419
5221 4 2 1 5 1446 1836 1798 2367
5222 4 2 1 5 1480 1900 1968 2156
5223 4 2 1 5 1500 1328 1842 2326
5224 4 2 1 5 1352 1490 1760 1863
5225 4 2 1 5 1500 2110 2152 2291
5226 4 2 1 5 1348 2021 1623 2187
5227 4 2 1 5 1353 1665 1614 2432
5228 4 2 1 5 1562 2013 1453 2069
5229 4 2 1 5 1430 1859 1508 2111
5230 4 2 1 5 1332 1604 2032 2173
5231 4 2 1 5 1393 1505 1899 2151
5232 4 2 1 5 1658 2275 1851 2406
5233 4 2 1 5 250 1910 1520 2416
5234 4 2 1 5 1342 1645 1527 1688
5235 4 2 1 5 1345 1528 1921 2221
5236 4 2 1 5 1650 2032 1639 2287
5237 4 2 1 5 850 1929 1463 2226
5238 4 2 1 5 155 1982 1563 2103
5239 4 2 1 5 1575 1353 2122 2134
5240 4 2 1 5 1403 2024 1785 2050
5241 4 2 1 5 1603 1325 1739 1955
5242 4 2 1 5 606 703 1508 2443
5243 4 2 1 5 1492 1861 2099 2245
5244 4 2 1 5 732 1482 1893 2059
5245 4 2 1 5 1858 1917 706 2312
5246 4 2 1 5 178 173 175 2314
5247 4 2 1 5 1421 1540 1890 1962
5248 4 2 1 5 1695 1786 1172 2319
5249 4 2 1 5 1504 1930 1750 2254
5250 4 2 1 5 1526 1997 1758 1999
5251 4 2 1 5 1388 1684 1533 2238
5252 4 2 1 5 860 232 230 1847
5253 4 2 1 5 1787 1404 2076 2433
5254 4 2 1 5 1393 1740 1580 2153
5255 4 2 1 5 1386 1993 1696 2233
5256 4 2 1 5 1597 1352 1760 1941
5257 4 2 1 5 1505 1925 1123 2232
5258 4 2 1 5 46 47 1748 2054
5259 4 2 1 5 1402 1491 1931 2044
5260 4 2 1 5 1369 1651 1579 2142
5261 4 2 1 5 227 1523 1838 2010
5262 4 2 1 5 1 1593 1109 1908
5263 4 2 1 5 1449 1906 1659 2389
5264 4 2 1 5 1749 2049 1545 2385
5265 4 2 1 5 1400 2234 1722 2510
5266 4 2 1 5 1526 1427 1758 1997
5267 4 2 1 5 721 2024 1123 2232
5268 4 2 1 5 1336 1941 1565 2156
5269 4 2 1 5 1396 2197 1600 2345
5270 4 2 1 5 1502 1812 611 2356
5271 4 2 1 5 1355 1791 1591 2192
5272 4 2 1 5 1632 2170 2100 2172
5273 4 2 1 5 1795 2372 1890 2393
5274 4 2 1 5 1059 1772 1618 2111
5275 4 2 1 5 1321 1920 2060 2168
5276 4 2 1 5 668 1553 1028 1925
5277 4 2 1 5 1469 1762 2148 2475
5278 4 2 1 5 1382 1546 1829 2223
5279 4 2 1 5 1341 1566 1980 1999
5280 4 2 1 5 1702 2110 1537 2473
5281 4 2 1 5 1562 1754 1453 2451
5282 4 2 1 5 1358 1682 1840 2113
5283 4 2 1 5 1316 1644 1839 2114
5284 4 2 1 5 297 1771 1522 2128
5285 4 2 1 5 1658 1781 1031 2215
5286 4 2 1 5 1504 2026 1583 2507
5287 4 2 1 5 1329 1890 1529 2372
5288 4 2 1 5 938 1905 1850 2123
5289 4 2 1 5 1445 1679 1568 1926
5290 4 2 1 5 1348 1500 2021 2187
5291 4 2 1 5 1505 1699 1403 1743
5292 4 2 1 5 1486 1701 1358 1734
5293 4 2 1 5 1661 1853 497 2434
5294 4 2 1 5 1527 1342 1688 2332
5295 4 2 1 5 1344 1469 1831 2283
5296 4 2 1 5 690 716 715 1697
5297 4 2 1 5 868 641 991 2444
5298 4 2 1 5 1578 1748 1533 2424
5299 4 2 1 5 1860 2202 58 2467
5300 4 2 1 5 1500 1823 1328 2326
5301 4 2 1 5 704 921 1772 1779
5302 4 2 1 5 299 1771 298 2027
5303 4 2 1 5 1365 1737 1519 1784
5304 4 2 1 5 351 913 1922 2030
5305 4 2 1 5 125 1898 25 2052
5306 4 2 1 5 940 1614 501 2169
5307 4 2 1 5 397 2029 1691 2101
5308 4 2 1 5 1979 2239 1722 2299
5309 4 2 1 5 1356 1496 1757 2055
5310 4 2 1 5 420 2177 1550 2354
5311 4 2 1 5 674 1728 1528 2115
5312 4 2 1 5 469 543 616 1528
5313 4 2 1 5 864 1028 668 1553
5314 4 2 1 5 1782 2146 1438 2210
5315 4 2 1 5 1528 1869 1728 2387
5316 4 2 1 5 1322 1687 1644 2422
5317 4 2 1 5 1670 2305 279 2379
5318 4 2 1 5 1635 2061 1346 2209
5319 4 2 1 5 1693 1873 1340 2302
5320 4 2 1 5 1496 1633 1356 1727
5321 4 2 1 5 1616 1873 1487 2120
5322 4 2 1 5 1418 1726 1806 1940
5323 4 2 1 5 1374 1936 1515 1990
5324 4 2 1 5 1616 1495 2150 2375
5325 4 2 1 5 1663 1992 444 2196
5326 4 2 1 5 1354 1750 1930 2254
5327 4 2 1 5 386 385 1737 1844
5328 4 2 1 5 320 902 326 1654
5329 4 2 1 5 1348 1702 1500 2187
5330 4 2 1 5 668 864 1553 2014
5331 4 2 1 5 1396 1762 1558 2391
5332 4 2 1 5 270 1802 288 1843
5333 4 2 1 5 1447 1675 1626 2502
5334 4 2 1 5 1645 1468 1995 2457
5335 4 2 1 5 1335 1535 1576 2162
5336 4 2 1 5 539 922 1949 2324
5337 4 2 1 5 1488 2340 1650 2464
5338 4 2 1 5 1537 2110 1702 2291
5339 4 2 1 5 1708 1424 1980 2296
5340 4 2 1 5 1 1809 1593 2316
5341 4 2 1 5 1901 1909 1414 1963
5342 4 2 1 5 1575 2043 1790 2122
5343 4 2 1 5 1651 1956 1579 2142
5344 4 2 1 5 1577 1746 728 2201
5345 4 2 1 5 1368 1531 1739 1902
5346 4 2 1 5 1414 1639 2032 2287
5347 4 2 1 5 1894 2087 1373 2224
5348 4 2 1 5 1488 1628 2390 2486
5349 4 2 1 5 1319 1641 1497 1972
5350 4 2 1 5 1334 1800 1634 2491
5351 4 2 1 5 234 1627 235 2143
5352 4 2 1 5 1488 2390 2340 2486
5353 4 2 1 5 780 1462 1861 2469
5354 4 2 1 5 1341 1678 1534 2328
5355 4 2 1 5 1564 1372 1912 2267
5356 4 2 1 5 2114 2329 1560 2502
5357 4 2 1 5 1525 1933 1751 1945
5358 4 2 1 5 974 1535 725 1818
5359 4 2 1 5 780 1861 1462 1896
5360 4 2 1 5 1613 1799 1345 2221
5361 4 2 1 5 1813 2081 1827 2419
5362 4 2 1 5 776 444 1992 2196
5363 4 2 1 5 1398 1722 2239 2299
5364 4 2 1 5 1360 1711 1582 2116
5365 4 2 1 5 1005 257 1813 2165
5366 4 2 1 5 718 1595 431 2347
5367 4 2 1 5 1775 2273 1448 2363
5368 4 2 1 5 1372 1564 2060 2267
5369 4 2 1 5 1824 2102 1637 2318
5370 4 2 1 5 1594 1826 222 2488
5371 4 2 1 5 277 1670 279 2379
5372 4 2 1 5 1633 14 1907 2098
5373 4 2 1 5 1407 1822 1670 2305
5374 4 2 1 5 1348 1733 1667 2021
5375 4 2 1 5 1369 1579 1515 2142
5376 4 2 1 5 1346 1418 1726 1864
5377 4 2 1 5 228 1838 1683 2226
5378 4 2 1 5 1193 2034 40 2361
5379 4 2 1 5 1372 2060 1843 2267
5380 4 2 1 5 1711 2029 388 2051
5381 4 2 1 5 417 1529 439 2011
5382 4 2 1 5 1517 2006 1692 2401
5383 4 2 1 5 4 1657 1507 2159
5384 4 2 1 5 1459 1375 1824 2215
5385 4 2 1 5 1346 1704 1622 2450
5386 4 2 1 5 34 1481 1947 2445
5387 4 2 1 5 1047 1546 687 2049
5388 4 2 1 5 540 629 900 1944
5389 4 2 1 5 1133 43 42 1472
5390 4 2 1 5 1133 1472 42 1919
5391 4 2 1 5 1090 1549 1822 1912
5392 4 2 1 5 1088 1498 1895 2186
5393 4 2 1 5 1560 2114 1938 2329
5394 4 2 1 5 450 724 1535 2044
5395 4 2 1 5 621 1585 722 1787
5396 4 2 1 5 1362 1679 1639 2000
5397 4 2 1 5 1741 2314 2055 2462
5398 4 2 1 5 471 1043 1780 1982
5399 4 2 1 5 1076 1599 921 1779
5400 4 2 1 5 1418 1940 2303 2421
5401 4 2 1 5 699 975 586 1631
5402 4 2 1 5 1362 1679 2000 2070
5403 4 2 1 5 1494 1356 1757 2462
5404 4 2 1 5 1375 2215 1459 2414
5405 4 2 1 5 211 1782 1728 2210
5406 4 2 1 5 231 1847 233 1905
5407 4 2 1 5 551 535 552 1661
5408 4 2 1 5 561 1787 1552 1803
5409 4 2 1 5 1571 2195 1903 2384
5410 4 2 1 5 1729 2284 1560 2495
5411 4 2 1 5 408 579 410 1794
5412 4 2 1 5 1411 1961 1740 2373
5413 4 2 1 5 1424 1698 1580 1961
5414 4 2 1 5 39 40 1501 1700
5415 4 2 1 5 1359 1846 2028 2191
5416 4 2 1 5 969 810 597 2267
5417 4 2 1 5 1519 1797 383 2214
5418 4 2 1 5 1159 1660 1555 1926
5419 4 2 1 5 1325 2153 1708 2296
5420 4 2 1 5 224 222 1826 2488
5421 4 2 1 5 1430 1508 1859 1988
5422 4 2 1 5 1329 1952 2064 2083
5423 4 2 1 5 560 1992 494 2412
5424 4 2 1 5 1622 1635 1346 2209
5425 4 2 1 5 1393 1674 1698 2075
5426 4 2 1 5 1812 2025 608 2272
5427 4 2 1 5 1354 1686 1794 2130
5428 4 2 1 5 1328 1617 1516 2249
5429 4 2 1 5 722 285 1673 2350
5430 4 2 1 5 1517 961 2203 2406
5431 4 2 1 5 252 2079 1654 2324
5432 4 2 1 5 385 386 393 1844
5433 4 2 1 5 1380 1922 1713 2030
5434 4 2 1 5 1375 1824 1887 2370
5435 4 2 1 5 355 1699 418 2232
5436 4 2 1 5 1339 1754 1562 2451
5437 4 2 1 5 12 1927 1539 2093
5438 4 2 1 5 669 1560 1052 2495
5439 4 2 1 5 1109 635 1043 1908
5440 4 2 1 5 1332 1501 1700 2173
5441 4 2 1 5 1365 1839 1644 2042
5442 4 2 1 5 1466 1828 1936 2438
5443 4 2 1 5 1492 2077 1957 2366
5444 4 2 1 5 1321 1639 2000 2320
5445 4 2 1 5 279 1670 277 2305
5446 4 2 1 5 1354 1686 1491 1794
5447 4 2 1 5 1789 2177 356 2252
5448 4 2 1 5 1017 982 784 1492
5449 4 2 1 5 1390 1608 1510 2478
5450 4 2 1 5 146 145 154 1871
5451 4 2 1 5 1029 1515 527 2360
5452 4 2 1 5 1485 1770 1375 1897
5453 4 2 1 5 1527 1647 1342 2332
5454 4 2 1 5 1552 1922 1380 2005
5455 4 2 1 5 1449 1682 1629 1701
5456 4 2 1 5 1639 2032 2000 2320
5457 4 2 1 5 2081 2149 1014 2341
5458 4 2 1 5 1011 1895 1512 2186
5459 4 2 1 5 1704 1746 1376 1864
5460 4 2 1 5 1633 2260 1356 2440
5461 4 2 1 5 1011 1512 1895 2346
5462 4 2 1 5 1352 1735 1490 2481
5463 4 2 1 5 434 1534 1810 2328
5464 4 2 1 5 1322 1644 1687 2042
5465 4 2 1 5 1560 1938 2114 2502
5466 4 2 1 5 383 389 1519 2214
5467 4 2 1 5 1561 1436 2306 2436
5468 4 2 1 5 846 438 1691 1975
5469 4 2 1 5 933 811 557 1710
5470 4 2 1 5 1446 1649 1494 2240
5471 4 2 1 5 834 395 386 2129
5472 4 2 1 5 1445 1885 2013 2135
5473 4 2 1 5 1088 368 805 1498
5474 4 2 1 5 1332 1667 1650 2340
5475 4 2 1 5 1445 2135 2013 2454
5476 4 2 1 5 469 1770 1528 2387
5477 4 2 1 5 1517 2394 160 2406
5478 4 2 1 5 60 59 1873 2120
5479 4 2 1 5 1210 1806 1460 2071
5480 4 2 1 5 1347 1489 1817 2304
5481 4 2 1 5 1624 2073 1611 2206
5482 4 2 1 5 778 2177 420 2354
5483 4 2 1 5 1525 1376 1945 2033
5484 4 2 1 5 1425 1887 1637 1900
5485 4 2 1 5 1708 1739 1391 2190
5486 4 2 1 5 1692 2006 1517 2275
5487 4 2 1 5 496 1793 1542 1853
5488 4 2 1 5 1530 1614 1371 2317
5489 4 2 1 5 1843 1912 1372 2267
5490 4 2 1 5 1467 2147 1834 2251
5491 4 2 1 5 1958 2201 2185 2458
5492 4 2 1 5 1491 2044 1576 2256
5493 4 2 1 5 1538 1742 885 1982
5494 4 2 1 5 1330 1469 2380 2391
5495 4 2 1 5 4 1217 50 1630
5496 4 2 1 5 1769 1812 1598 2353
5497 4 2 1 5 162 680 1658 1897
5498 4 2 1 5 572 1643 693 2023
5499 4 2 1 5 1350 1964 1732 2198
5500 4 2 1 5 267 1802 1599 2085
5501 4 2 1 5 727 1577 728 2201
5502 4 2 1 5 1316 1839 1644 2104
5503 4 2 1 5 432 439 417 1529
5504 4 2 1 5 818 1850 1559 2509
5505 4 2 1 5 1496 1757 893 2309
5506 4 2 1 5 206 1551 201 1782
5507 4 2 1 5 1516 1617 1328 2294
5508 4 2 1 5 720 694 1841 2023
5509 4 2 1 5 1081 1579 599 1932
5510 4 2 1 5 1375 1483 1921 1943
5511 4 2 1 5 59 58 1693 2066
5512 4 2 1 5 1336 1968 1601 2446
5513 4 2 1 5 1471 1732 1964 2198
5514 4 2 1 5 1766 1881 1858 2460
5515 4 2 1 5 1940 1959 1469 2225
5516 4 2 1 5 115 1746 1577 2093
5517 4 2 1 5 1477 1839 1365 1976
5518 4 2 1 5 1729 2329 1687 2399
5519 4 2 1 5 273 1562 284 2069
5520 4 2 1 5 1330 2380 1469 2413
5521 4 2 1 5 361 1553 864 1934
5522 4 2 1 5 1345 1537 1613 1937
5523 4 2 1 5 1054 720 694 1803
5524 4 2 1 5 590 543 456 1742
5525 4 2 1 5 1390 1510 1928 2478
5526 4 2 1 5 1426 1864 1746 2176
5527 4 2 1 5 346 1815 1582 2325
5528 4 2 1 5 38 1733 1465 2110
5529 4 2 1 5 1336 2329 1601 2502
5530 4 2 1 5 1376 1933 1525 1945
5531 4 2 1 5 1378 1626 1675 2502
5532 4 2 1 5 1350 1503 1673 2046
5533 4 2 1 5 1534 1810 1678 2020
5534 4 2 1 5 174 1977 1494 2314
5535 4 2 1 5 994 560 1891 1992
5536 4 2 1 5 1527 1645 1995 2457
5537 4 2 1 5 1009 2301 2169 2463
5538 4 2 1 5 1851 2203 961 2406
5539 4 2 1 5 1452 1613 1537 2182
5540 4 2 1 5 1440 1743 1580 1899
5541 4 2 1 5 1428 1858 1766 1881
5542 4 2 1 5 1336 1601 1968 2502
5543 4 2 1 5 1780 1982 1435 2344
5544 4 2 1 5 1345 1921 1753 2435
5545 4 2 1 5 1506 1339 1754 2379
5546 4 2 1 5 463 1584 1714 1931
5547 4 2 1 5 1621 2262 2072 2373
5548 4 2 1 5 284 1670 1118 1754
5549 4 2 1 5 1453 1754 786 1880
5550 4 2 1 5 1448 2187 1842 2326
5551 4 2 1 5 1133 1167 1817 2175
5552 4 2 1 5 1354 1794 1491 2254
5553 4 2 1 5 1470 1876 1793 2064
5554 4 2 1 5 1349 1501 1983 2065
5555 4 2 1 5 202 1704 730 2157
5556 4 2 1 5 1319 1715 2073 2480
5557 4 2 1 5 1645 1336 1968 2156
5558 4 2 1 5 1353 2043 1575 2122
5559 4 2 1 5 1606 1839 1477 2353
5560 4 2 1 5 1076 1599 1779 2511
5561 4 2 1 5 1588 1751 1525 1970
5562 4 2 1 5 224 222 333 1826
5563 4 2 1 5 1393 1587 1674 2075
5564 4 2 1 5 1438 1594 1846 2210
5565 4 2 1 5 1484 1802 836 2085
5566 4 2 1 5 17 1545 770 1749
5567 4 2 1 5 1332 1700 1604 2173
5568 4 2 1 5 1522 2027 299 2248
5569 4 2 1 5 745 1766 1593 1809
5570 4 2 1 5 1537 1799 1452 2291
5571 4 2 1 5 1652 1337 1984 2205
5572 4 2 1 5 1643 1841 693 2023
5573 4 2 1 5 897 178 2055 2314
5574 4 2 1 5 1409 1594 1826 2115
5575 4 2 1 5 743 1502 1066 2126
5576 4 2 1 5 1687 2035 1644 2422
5577 4 2 1 5 1005 1813 1703 2165
5578 4 2 1 5 1367 1597 1941 2399
5579 4 2 1 5 1341 1997 1566 1999
5580 4 2 1 5 1333 2056 1658 2275
5581 4 2 1 5 1339 2078 1670 2379
5582 4 2 1 5 503 1877 528 1929
5583 4 2 1 5 43 2026 1504 2304
5584 4 2 1 5 1521 2064 1952 2447
5585 4 2 1 5 1703 1759 1405 2125
5586 4 2 1 5 1772 1779 1599 2057
5587 4 2 1 5 1656 1798 1343 2506
5588 4 2 1 5 1312 1725 1638 1878
5589 4 2 1 5 501 1665 1117 2169
5590 4 2 1 5 1354 1794 1707 2130
5591 4 2 1 5 452 907 393 2077
5592 4 2 1 5 1497 2138 1319 2442
5593 4 2 1 5 1807 2302 1616 2375
5594 4 2 1 5 528 1929 1877 2189
5595 4 2 1 5 274 1562 273 1843
5596 4 2 1 5 1319 1641 1972 2217
5597 4 2 1 5 557 933 1710 1818
5598 4 2 1 5 563 976 1511 1803
5599 4 2 1 5 1667 1733 1348 2392
5600 4 2 1 5 1011 365 1820 1895
5601 4 2 1 5 1392 1914 1655 2078
5602 4 2 1 5 297 1522 335 2128
5603 4 2 1 5 804 200 1525 2351
5604 4 2 1 5 1602 2211 2145 2310
5605 4 2 1 5 1508 1859 1618 2111
5606 4 2 1 5 1426 1726 1706 1864
5607 4 2 1 5 1359 1551 1641 2028
5608 4 2 1 5 519 1624 2022 2369
5609 4 2 1 5 1011 367 1895 2186
5610 4 2 1 5 1554 1705 1387 2297
5611 4 2 1 5 1438 1782 1846 2028
5612 4 2 1 5 1390 1731 1744 2006
5613 4 2 1 5 1760 1941 1352 2403
5614 4 2 1 5 1338 1580 1743 2151
5615 4 2 1 5 2001 2113 1786 2279
5616 4 2 1 5 1709 1739 1512 2190
5617 4 2 1 5 1354 1491 1686 1750
5618 4 2 1 5 1324 1887 2289 2359
5619 4 2 1 5 1 647 1593 1809
5620 4 2 1 5 646 574 1780 1858
5621 4 2 1 5 1332 2340 1650 2390
5622 4 2 1 5 1356 1633 1496 2055
5623 4 2 1 5 1648 1381 2197 2423
5624 4 2 1 5 1718 1507 1852 2440
5625 4 2 1 5 885 884 1723 2255
5626 4 2 1 5 1334 1664 1571 2231
5627 4 2 1 5 1009 2169 1665 2463
5628 4 2 1 5 1433 1849 1848 2150
5629 4 2 1 5 1211 1832 1460 1872
5630 4 2 1 5 343 1503 1922 2046
5631 4 2 1 5 893 1757 1496 2055
5632 4 2 1 5 1392 1655 1939 2078
5633 4 2 1 5 1389 2009 1644 2104
5634 4 2 1 5 875 1652 1579 1689
5635 4 2 1 5 1468 45 1796 2136
5636 4 2 1 5 1958 1410 2201 2458
5637 4 2 1 5 716 1697 690 2201
5638 4 2 1 5 423 1876 1793 2011
5639 4 2 1 5 185 202 730 2157
5640 4 2 1 5 1088 381 366 1895
5641 4 2 1 5 1477 1598 1812 2353
5642 4 2 1 5 1459 1637 2188 2318
5643 4 2 1 5 744 721 1123 2232
5644 4 2 1 5 1713 1361 2023 2514
5645 4 2 1 5 356 1789 1573 2232
5646 4 2 1 5 1533 2224 1331 2238
5647 4 2 1 5 352 1699 355 2030
5648 4 2 1 5 1350 1787 1585 2198
5649 4 2 1 5 1094 1869 2244 2387
5650 4 2 1 5 967 2051 652 2290
5651 4 2 1 5 975 890 1543 1893
5652 4 2 1 5 1375 1887 1824 2359
5653 4 2 1 5 12 2093 1539 2098
5654 4 2 1 5 397 840 392 2101
5655 4 2 1 5 1362 1599 1994 2512
5656 4 2 1 5 40 1999 1499 2418
5657 4 2 1 5 1051 1745 1029 1990
5658 4 2 1 5 472 1924 436 2290
5659 4 2 1 5 469 1528 616 2387
5660 4 2 1 5 1589 1900 1855 2052
5661 4 2 1 5 780 1896 1462 2354
5662 4 2 1 5 1541 1735 1468 2289
5663 4 2 1 5 1130 1610 865 1809
5664 4 2 1 5 1569 1946 1486 2333
5665 4 2 1 5 1346 1418 1864 2421
5666 4 2 1 5 61 1207 4 2094
5667 4 2 1 5 1334 1549 1764 2315
5668 4 2 1 5 1473 1917 1858 2312
5669 4 2 1 5 1331 1852 1545 2358
5670 4 2 1 5 1392 1939 1914 2078
5671 4 2 1 5 1505 2024 1699 2232
5672 4 2 1 5 1502 1066 2126 2356
5673 4 2 1 5 1435 1780 1593 1908
5674 4 2 1 5 1665 2122 1522 2323
5675 4 2 1 5 333 843 1826 2115
5676 4 2 1 5 1084 672 943 1891
5677 4 2 1 5 1858 2082 1473 2344
5678 4 2 1 5 1569 1946 1420 2217
5679 4 2 1 5 1349 1881 1642 2065
5680 4 2 1 5 58 59 1693 1873
5681 4 2 1 5 2000 2320 2032 2431
5682 4 2 1 5 1328 2233 1516 2294
5683 4 2 1 5 1389 1578 2009 2104
5684 4 2 1 5 1446 1977 1494 2200
5685 4 2 1 5 1458 1644 2035 2422
5686 4 2 1 5 1637 2052 1342 2188
5687 4 2 1 5 1632 1901 1155 1909
5688 4 2 1 5 1537 2110 1452 2182
5689 4 2 1 5 1366 1866 1502 1978
5690 4 2 1 5 442 537 1571 2479
5691 4 2 1 5 1355 1506 1663 2227
5692 4 2 1 5 1336 2446 1601 2465
5693 4 2 1 5 1721 1842 1500 2152
5694 4 2 1 5 1094 1485 992 2387
5695 4 2 1 5 1958 2185 1410 2458
5696 4 2 1 5 929 1531 829 1915
5697 4 2 1 5 1506 1891 1655 2379
5698 4 2 1 5 1596 1646 1443 2194
5699 4 2 1 5 1387 1705 1669 2099
5700 4 2 1 5 1336 2329 1565 2399
5701 4 2 1 5 1438 2028 1611 2073
5702 4 2 1 5 1523 1838 1401 2475
5703 4 2 1 5 53 1831 1806 2071
5704 4 2 1 5 1362 1484 1802 2070
5705 4 2 1 5 1946 2217 1682 2401
5706 4 2 1 5 1159 1555 55 1926
5707 4 2 1 5 1716 1734 1358 2336
5708 4 2 1 5 1827 2081 1437 2419
5709 4 2 1 5 1625 2001 1786 2279
5710 4 2 1 5 1477 1365 1788 1976
5711 4 2 1 5 1576 1794 1478 2254
5712 4 2 1 5 122 1765 999 2298
5713 4 2 1 5 182 1933 200 2157
5714 4 2 1 5 1051 1029 684 1990
5715 4 2 1 5 1460 1832 1208 1913
5716 4 2 1 5 1423 1726 1791 2007
5717 4 2 1 5 1496 1376 1757 2309
5718 4 2 1 5 1326 1875 1496 2378
5719 4 2 1 5 1347 1714 1584 2155
5720 4 2 1 5 1675 1898 1378 1948
5721 4 2 1 5 17 2049 1749 2126
5722 4 2 1 5 786 1754 1453 2069
5723 4 2 1 5 1707 1997 1513 2045
5724 4 2 1 5 1541 1468 1995 2289
5725 4 2 1 5 1358 1836 1682 2113
5726 4 2 1 5 826 1709 666 1915
5727 4 2 1 5 1672 1817 1489 2174
5728 4 2 1 5 1410 2308 2201 2458
5729 4 2 1 5 185 182 200 2157
5730 4 2 1 5 1616 2150 1849 2375
5731 4 2 1 5 278 277 276 1670
5732 4 2 1 5 1131 1175 1578 1985
5733 4 2 1 5 1548 2062 1684 2352
5734 4 2 1 5 1350 1673 1503 1950
5735 4 2 1 5 1454 2043 1890 2432
5736 4 2 1 5 1375 1943 1921 2414
5737 4 2 1 5 1345 1690 1538 1799
5738 4 2 1 5 1710 2280 2281 2481
5739 4 2 1 5 397 392 2029 2101
5740 4 2 1 5 1375 1459 1824 2370
5741 4 2 1 5 1076 921 704 1779
5742 4 2 1 5 1213 1215 1212 1832
5743 4 2 1 5 1958 2201 1410 2308
5744 4 2 1 5 1342 1481 1995 2289
5745 4 2 1 5 1359 1846 1782 2028
5746 4 2 1 5 292 1778 308 2228
5747 4 2 1 5 1214 57 1913 1964
5748 4 2 1 5 1322 1644 2271 2422
5749 4 2 1 5 1441 1937 1537 2435
5750 4 2 1 5 1456 1847 1666 2338
5751 4 2 1 5 1375 1770 1563 1871
5752 4 2 1 5 1458 1687 1597 2422
5753 4 2 1 5 197 201 198 1551
5754 4 2 1 5 900 1763 1602 2310
5755 4 2 1 5 1459 2188 1973 2318
5756 4 2 1 5 1054 720 1803 2514
5757 4 2 1 5 829 825 826 1902
5758 4 2 1 5 1583 1792 1450 2239
5759 4 2 1 5 1469 2148 1777 2475
5760 4 2 1 5 1682 1836 1457 2113
5761 4 2 1 5 1390 1688 1608 2188
5762 4 2 1 5 813 1049 1107 1912
5763 4 2 1 5 1552 1732 1361 1803
5764 4 2 1 5 1698 2075 1674 2178
5765 4 2 1 5 903 1797 378 2297
5766 4 2 1 5 1827 2081 1524 2341
5767 4 2 1 5 1353 1848 2134 2432
5768 4 2 1 5 1001 1534 908 1944
5769 4 2 1 5 1368 1603 1739 1955
5770 4 2 1 5 576 1591 943 1966
5771 4 2 1 5 1629 1946 1682 2401
5772 4 2 1 5 46 1657 1748 2424
5773 4 2 1 5 50 1507 4 1870
5774 4 2 1 5 1615 1778 292 2228
5775 4 2 1 5 1597 2004 1760 2136
5776 4 2 1 5 1345 1613 1537 1799
5777 4 2 1 5 663 665 666 1709
5778 4 2 1 5 1595 1758 1427 1810
5779 4 2 1 5 1535 1402 1863 2300
5780 4 2 1 5 1395 1647 1681 2089
5781 4 2 1 5 1319 1611 2028 2073
5782 4 2 1 5 963 1542 947 2301
5783 4 2 1 5 1327 1996 1600 2184
5784 4 2 1 5 294 1524 1813 2081
5785 4 2 1 5 1001 1810 1944 2091
5786 4 2 1 5 1639 1399 2032 2057
5787 4 2 1 5 1323 1656 1989 2279
5788 4 2 1 5 44 2003 43 2026
5789 4 2 1 5 1475 1989 1656 2279
5790 4 2 1 5 57 1471 1214 2467
5791 4 2 1 5 1375 1753 1921 2435
5792 4 2 1 5 60 2120 1730 2441
5793 4 2 1 5 1215 1205 1832 2094
5794 4 2 1 5 780 2354 1462 2469
5795 4 2 1 5 278 1670 276 1822
5796 4 2 1 5 1545 1907 1749 2358
5797 4 2 1 5 488 489 437 2117
5798 4 2 1 5 818 1559 1850 1905
5799 4 2 1 5 1352 1468 1735 2281
5800 4 2 1 5 948 188 190 2444
5801 4 2 1 5 1529 1876 439 2011
5802 4 2 1 5 1217 1207 1209 2094
5803 4 2 1 5 1414 2032 1650 2287
5804 4 2 1 5 723 283 951 1655
5805 4 2 1 5 1819 1856 176 2240
5806 4 2 1 5 1537 1690 1799 2410
5807 4 2 1 5 954 1544 1824 2102
5808 4 2 1 5 1551 1869 1359 2056
5809 4 2 1 5 1312 1726 1791 2257
5810 4 2 1 5 668 1553 1925 2014
5811 4 2 1 5 1590 1774 1911 2264
5812 4 2 1 5 131 1973 1608 2052
5813 4 2 1 5 1658 1333 2406 2426
5814 4 2 1 5 1356 1494 1945 2462
5815 4 2 1 5 1362 2321 1599 2512
5816 4 2 1 5 1501 39 1733 2034
5817 4 2 1 5 1355 1663 1992 2227
5818 4 2 1 5 1460 1638 1312 2144
5819 4 2 1 5 250 1775 1910 2416
5820 4 2 1 5 1544 2097 1765 2298
5821 4 2 1 5 1392 1655 1506 1891
5822 4 2 1 5 519 523 1773 2369
5823 4 2 1 5 1374 1558 1724 1762
5824 4 2 1 5 1494 1751 1343 2200
5825 4 2 1 5 1432 1698 1674 2178
5826 4 2 1 5 1408 1725 1706 1807
5827 4 2 1 5 632 2049 1829 2243
5828 4 2 1 5 1354 1794 1478 2139
5829 4 2 1 5 1328 2152 1721 2249
5830 4 2 1 5 1576 1478 1801 2254
5831 4 2 1 5 1718 1866 1540 2358
5832 4 2 1 5 1806 1831 1461 2071
5833 4 2 1 5 477 915 1705 2297
5834 4 2 1 5 1505 1789 1553 2232
5835 4 2 1 5 1383 1621 1550 2072
5836 4 2 1 5 1331 1533 2087 2224
5837 4 2 1 5 1343 1607 1581 2158
5838 4 2 1 5 387 1815 854 2039
5839 4 2 1 5 267 1599 1802 2321
5840 4 2 1 5 1781 2394 1517 2406
5841 4 2 1 5 134 1637 2102 2318
5842 4 2 1 5 1333 1681 1483 2504
5843 4 2 1 5 1614 2169 983 2253
5844 4 2 1 5 1718 1727 1870 2440
5845 4 2 1 5 1705 1844 1387 2297
5846 4 2 1 5 1076 2085 1599 2511
5847 4 2 1 5 864 361 1028 1553
5848 4 2 1 5 297 299 335 1522
5849 4 2 1 5 1827 2149 2081 2341
5850 4 2 1 5 1379 1578 1748 2067
5851 4 2 1 5 503 504 528 1877
5852 4 2 1 5 1001 1944 628 2091
5853 4 2 1 5 1579 1956 1515 2142
5854 4 2 1 5 980 786 1453 2069
5855 4 2 1 5 1359 2028 1641 2191
5856 4 2 1 5 645 1770 992 1897
5857 4 2 1 5 1080 2415 1794 2461
5858 4 2 1 5 1584 1714 1347 2092
5859 4 2 1 5 1642 1854 1501 2034
5860 4 2 1 5 1397 1938 2114 2329
5861 4 2 1 5 571 1756 1643 2404
5862 4 2 1 5 1580 1899 1743 2151
5863 4 2 1 5 2009 2035 1644 2114
5864 4 2 1 5 1514 436 1924 2290
5865 4 2 1 5 1737 1844 379 1951
5866 4 2 1 5 1826 1984 1409 2338
5867 4 2 1 5 1486 1946 1569 2217
5868 4 2 1 5 287 1503 2046 2105
5869 4 2 1 5 1450 1854 1642 2034
5870 4 2 1 5 1638 1939 1350 1964
5871 4 2 1 5 1432 1975 1691 2101
5872 4 2 1 5 1471 1638 2144 2499
5873 4 2 1 5 1563 2097 1871 2103
5874 4 2 1 5 256 1523 1030 2048
5875 4 2 1 5 12 1539 13 2098
5876 4 2 1 5 994 777 560 1992
5877 4 2 1 5 1395 2089 2095 2332
5878 4 2 1 5 1434 1741 1852 2088
5879 4 2 1 5 1372 1843 1822 1912
5880 4 2 1 5 1365 1644 1784 2042
5881 4 2 1 5 703 704 1772 1779
5882 4 2 1 5 159 790 1659 1834
5883 4 2 1 5 1434 1545 1852 2260
5884 4 2 1 5 1413 1734 1482 1893
5885 4 2 1 5 1575 2134 1540 2432
5886 4 2 1 5 1357 1659 1906 2389
5887 4 2 1 5 1357 1517 1731 1884
5888 4 2 1 5 1855 2102 1425 2427
5889 4 2 1 5 1393 1580 1698 2153
5890 4 2 1 5 1505 1925 1587 2024
5891 4 2 1 5 1137 2202 1860 2402
5892 4 2 1 5 52 1940 1959 2303
5893 4 2 1 5 1329 1790 1575 2043
5894 4 2 1 5 1644 1952 1389 2104
5895 4 2 1 5 1380 1699 1573 1743
5896 4 2 1 5 46 1748 47 2424
5897 4 2 1 5 1813 1437 2081 2419
5898 4 2 1 5 1635 2160 1697 2286
5899 4 2 1 5 1506 1992 1663 2227
5900 4 2 1 5 1553 1820 1740 2503
5901 4 2 1 5 1677 1351 2066 2430
5902 4 2 1 5 1578 2424 1533 2456
5903 4 2 1 5 1377 1532 1676 2164
5904 4 2 1 5 647 1109 1 1593
5905 4 2 1 5 1331 1502 1866 2385
5906 4 2 1 5 1143 1458 1985 2004
5907 4 2 1 5 879 1587 651 2259
5908 4 2 1 5 903 1554 1797 2297
5909 4 2 1 5 521 524 586 1543
5910 4 2 1 5 1417 1457 1786 2113
5911 4 2 1 5 1354 1491 1750 2254
5912 4 2 1 5 1359 1485 1921 2056
5913 4 2 1 5 183 1716 898 1856
5914 4 2 1 5 635 646 574 1780
5915 4 2 1 5 57 2202 1964 2467
5916 4 2 1 5 1533 1657 1388 2238
5917 4 2 1 5 879 651 1587 2024
5918 4 2 1 5 813 1049 1912 2267
5919 4 2 1 5 1487 1849 1616 2122
5920 4 2 1 5 1336 1968 2329 2502
5921 4 2 1 5 1659 1834 1536 2108
5922 4 2 1 5 1546 2087 1894 2224
5923 4 2 1 5 1389 1521 1784 1865
5924 4 2 1 5 943 1891 672 1966
5925 4 2 1 5 1379 1837 1570 2132
5926 4 2 1 5 1409 2338 1984 2409
5927 4 2 1 5 379 1737 385 1844
5928 4 2 1 5 216 2010 1970 2059
5929 4 2 1 5 1345 1613 1921 2435
5930 4 2 1 5 1345 1537 1690 1799
5931 4 2 1 5 1343 2033 1581 2167
5932 4 2 1 5 767 1888 1464 2018
5933 4 2 1 5 16 770 17 1545
5934 4 2 1 5 1365 2083 1788 2129
5935 4 2 1 5 645 992 1770 2387
5936 4 2 1 5 472 1785 1924 2290
5937 4 2 1 5 947 1542 1793 1876
5938 4 2 1 5 1404 1585 1787 2198
5939 4 2 1 5 1375 1921 1485 2414
5940 4 2 1 5 1371 1727 1539 1848
5941 4 2 1 5 1506 1655 2078 2379
5942 4 2 1 5 1351 1621 1561 2306
5943 4 2 1 5 360 1789 1550 2177
5944 4 2 1 5 201 556 1869 2244
5945 4 2 1 5 1520 1910 1348 2021
5946 4 2 1 5 1518 1964 2202 2467
5947 4 2 1 5 1365 1519 1717 2042
5948 4 2 1 5 4 1507 1657 2466
5949 4 2 1 5 442 349 537 2479
5950 4 2 1 5 1321 2320 2000 2431
5951 4 2 1 5 1316 1769 1606 2456
5952 4 2 1 5 1342 1468 1900 2289
5953 4 2 1 5 1326 1727 1495 2150
5954 4 2 1 5 1322 2042 1687 2293
5955 4 2 1 5 1331 1852 1680 2224
5956 4 2 1 5 256 699 1030 1833
5957 4 2 1 5 1365 1717 1519 2129
5958 4 2 1 5 1370 2021 1842 2331
5959 4 2 1 5 1722 2234 1335 2510
5960 4 2 1 5 528 1877 504 2189
5961 4 2 1 5 533 1538 885 1982
5962 4 2 1 5 1488 2340 1628 2486
5963 4 2 1 5 1399 1599 2000 2085
5964 4 2 1 5 1371 1718 1540 2358
5965 4 2 1 5 1452 2110 1537 2291
5966 4 2 1 5 155 260 1742 1982
5967 4 2 1 5 1458 1597 2004 2422
5968 4 2 1 5 1608 1688 1510 1898
5969 4 2 1 5 1572 1888 116 1908
5970 4 2 1 5 331 905 1766 2266
5971 4 2 1 5 45 1201 44 2003
5972 4 2 1 5 1355 1592 1877 1992
5973 4 2 1 5 1403 1699 1505 2024
5974 4 2 1 5 1434 1829 1546 2049
5975 4 2 1 5 718 1061 431 1595
5976 4 2 1 5 881 522 520 1932
5977 4 2 1 5 832 384 382 1737
5978 4 2 1 5 1073 985 577 1716
5979 4 2 1 5 1354 2031 1686 2130
5980 4 2 1 5 1517 2203 1851 2406
5981 4 2 1 5 1515 1579 1369 2080
5982 4 2 1 5 905 1917 1858 2455
5983 4 2 1 5 1367 1687 1597 2399
5984 4 2 1 5 1460 1620 1791 2307
5985 4 2 1 5 2340 2390 1332 2486
5986 4 2 1 5 1336 1645 2446 2465
5987 4 2 1 5 1369 1624 1611 2206
5988 4 2 1 5 351 913 347 1922
5989 4 2 1 5 1331 1866 1502 2087
5990 4 2 1 5 1579 1883 554 2080
5991 4 2 1 5 1672 1444 1981 2293
5992 4 2 1 5 1501 1429 2065 2392
5993 4 2 1 5 405 2058 1975 2515
5994 4 2 1 5 13 12 748 1539
5995 4 2 1 5 1461 1831 1479 2071
5996 4 2 1 5 41 1804 1919 1999
5997 4 2 1 5 992 1897 1770 2387
5998 4 2 1 5 1575 1889 1730 2268
5999 4 2 1 5 1521 1865 1389 2268
6000 4 2 1 5 1383 1740 1553 1820
6001 4 2 1 5 1828 1600 2012 2084
6002 4 2 1 5 1352 2156 1468 2281
6003 4 2 1 5 1120 1780 574 1858
6004 4 2 1 5 1881 1979 1450 2239
6005 4 2 1 5 1213 1215 1832 2094
6006 4 2 1 5 1356 1875 1509 1945
6007 4 2 1 5 1334 1664 2231 2247
6008 4 2 1 5 1504 1750 1930 2304
6009 4 2 1 5 864 1820 1553 2014
6010 4 2 1 5 1328 1500 1842 2152
6011 4 2 1 5 1451 1497 1969 2397
6012 4 2 1 5 1645 1796 1468 2457
6013 4 2 1 5 948 190 1946 2444
6014 4 2 1 5 1527 2095 2089 2332
6015 4 2 1 5 1696 1984 1337 2205
6016 4 2 1 5 1820 1895 1512 2346
6017 4 2 1 5 1405 2125 1759 2285
6018 4 2 1 5 1722 1335 2299 2510
6019 4 2 1 5 1551 2244 2056 2275
6020 4 2 1 5 45 1985 1796 2004
6021 4 2 1 5 905 1082 1766 1858
6022 4 2 1 5 669 1736 709 2127
6023 4 2 1 5 732 1893 1482 2386
6024 4 2 1 5 873 659 1567 2014
6025 4 2 1 5 1336 1645 1968 2446
6026 4 2 1 5 1526 1997 1354 2139
6027 4 2 1 5 1627 1448 2273 2363
6028 4 2 1 5 1380 1552 2005 2277
6029 4 2 1 5 488 1664 1785 2050
6030 4 2 1 5 1706 1725 1410 1807
6031 4 2 1 5 536 2107 1868 2461
6032 4 2 1 5 1354 1707 1794 2139
6033 4 2 1 5 375 2297 1918 2364
6034 4 2 1 5 501 940 960 1747
6035 4 2 1 5 1438 1782 1569 2146
6036 4 2 1 5 1365 1519 1737 2129
6037 4 2 1 5 1427 1595 2278 2437
6038 4 2 1 5 1633 1907 1886 2098
6039 4 2 1 5 1321 2213 1639 2320
6040 4 2 1 5 1498 368 1918 2186
6041 4 2 1 5 1567 1512 2190 2346
6042 4 2 1 5 1582 1711 1360 1815
6043 4 2 1 5 1599 2321 1994 2512
6044 4 2 1 5 1596 1754 1880 2412
6045 4 2 1 5 1485 1869 1551 2056
6046 4 2 1 5 1579 1652 875 2123
6047 4 2 1 5 637 980 786 1880
6048 4 2 1 5 1775 2263 1448 2273
6049 4 2 1 5 469 456 543 1742
6050 4 2 1 5 1395 1647 2089 2332
6051 4 2 1 5 1928 2016 987 2478
6052 4 2 1 5 1693 1471 2302 2499
6053 4 2 1 5 1522 2248 1665 2323
6054 4 2 1 5 673 1850 1466 2360
6055 4 2 1 5 273 284 787 2069
6056 4 2 1 5 1850 1883 1466 2360
6057 4 2 1 5 1671 1735 1541 2348
6058 4 2 1 5 1401 1838 1777 2475
6059 4 2 1 5 861 949 508 1795
6060 4 2 1 5 1328 1842 1721 2152
6061 4 2 1 5 1637 1887 1824 2370
6062 4 2 1 5 949 1812 1978 2025
6063 4 2 1 5 1192 1541 2002 2003
6064 4 2 1 5 1517 1884 1357 2401
6065 4 2 1 5 109 133 2052 2318
6066 4 2 1 5 1544 1824 1637 1887
6067 4 2 1 5 286 722 285 1673
6068 4 2 1 5 1368 1512 2186 2468
6069 4 2 1 5 1355 1663 1596 2501
6070 4 2 1 5 833 1923 1717 2214
6071 4 2 1 5 797 2288 2092 2493
6072 4 2 1 5 2400 2438 1636 2453
6073 4 2 1 5 1175 1578 1985 2236
6074 4 2 1 5 1362 1802 1562 2070
6075 4 2 1 5 1752 2182 1452 2374
6076 4 2 1 5 1394 1499 1758 2020
6077 4 2 1 5 1527 1645 1379 2132
6078 4 2 1 5 1472 1750 1739 2036
6079 4 2 1 5 992 1485 1897 2387
6080 4 2 1 5 1477 608 2025 2272
6081 4 2 1 5 1316 1606 1839 2104
6082 4 2 1 5 1722 1979 1881 2239
6083 4 2 1 5 891 2339 1565 2495
6084 4 2 1 5 14 15 1633 1907
6085 4 2 1 5 1368 1498 1918 2186
6086 4 2 1 5 1409 1613 2180 2221
6087 4 2 1 5 943 1591 1891 1966
6088 4 2 1 5 1356 1852 1741 2088
6089 4 2 1 5 1375 1887 2359 2370
6090 4 2 1 5 1638 1878 1725 2198
6091 4 2 1 5 1025 1588 498 1970
6092 4 2 1 5 1483 1921 1613 2435
6093 4 2 1 5 1531 1915 929 1965
6094 4 2 1 5 1369 1745 2053 2142
6095 4 2 1 5 1984 2338 1456 2409
6096 4 2 1 5 1328 1823 1500 2152
6097 4 2 1 5 186 1751 175 1977
6098 4 2 1 5 1718 1870 1727 2466
6099 4 2 1 5 1338 2072 1789 2436
6100 4 2 1 5 1664 1764 1549 2448
6101 4 2 1 5 269 1802 267 2085
6102 4 2 1 5 1369 1515 1745 2142
6103 4 2 1 5 1480 566 2181 2335
6104 4 2 1 5 1357 2251 1731 2383
6105 4 2 1 5 990 1768 1564 2267
6106 4 2 1 5 1480 1900 1589 1968
6107 4 2 1 5 692 572 693 2023
6108 4 2 1 5 1511 563 1803 2076
6109 4 2 1 5 1517 1731 160 2394
6110 4 2 1 5 1387 1669 1554 1981
6111 4 2 1 5 1367 1597 1760 2403
6112 4 2 1 5 1459 1637 1824 2370
6113 4 2 1 5 1443 2196 2194 2508
6114 4 2 1 5 1658 2244 1851 2275
6115 4 2 1 5 1381 1609 1996 2425
6116 4 2 1 5 1376 1704 1525 1933
6117 4 2 1 5 1499 1999 1804 2418
6118 4 2 1 5 1669 1672 1554 1981
6119 4 2 1 5 1329 1952 1521 2064
6120 4 2 1 5 1014 294 2081 2341
6121 4 2 1 5 1921 1943 1483 2414
6122 4 2 1 5 1368 1767 1531 1902
6123 4 2 1 5 1368 1739 1531 2036
6124 4 2 1 5 1633 1741 1356 2260
6125 4 2 1 5 1318 2119 1676 2212
6126 4 2 1 5 1478 1794 1707 2139
6127 4 2 1 5 871 436 839 1514
6128 4 2 1 5 1687 2042 1493 2293
6129 4 2 1 5 1550 1789 360 1934
6130 4 2 1 5 1628 1763 475 2310
6131 4 2 1 5 1432 2101 1935 2471
6132 4 2 1 5 1465 1642 1733 2034
6133 4 2 1 5 742 2126 1066 2356
6134 4 2 1 5 118 29 28 2102
6135 4 2 1 5 1405 1783 1600 2184
6136 4 2 1 5 1312 2007 1726 2286
6137 4 2 1 5 1770 1871 1375 1897
6138 4 2 1 5 794 463 1584 2092
6139 4 2 1 5 1591 2007 1791 2307
6140 4 2 1 5 1432 1776 1708 2220
6141 4 2 1 5 1638 1350 1939 2198
6142 4 2 1 5 1566 1708 1472 2031
6143 4 2 1 5 478 1811 2111 2143
6144 4 2 1 5 379 915 377 2297
6145 4 2 1 5 1483 1681 1333 1943
6146 4 2 1 5 1496 2093 1746 2309
6147 4 2 1 5 588 1564 990 2041
6148 4 2 1 5 947 1542 496 1793
6149 4 2 1 5 607 455 425 1788
6150 4 2 1 5 1162 1685 1136 2418
6151 4 2 1 5 1738 2437 1595 2496
6152 4 2 1 5 1346 1581 1940 2421
6153 4 2 1 5 274 273 272 1843
6154 4 2 1 5 1389 1784 1521 1952
6155 4 2 1 5 1601 1626 1447 2015
6156 4 2 1 5 488 1785 1664 2117
6157 4 2 1 5 1327 1600 1783 2184
6158 4 2 1 5 1378 1510 1688 1898
6159 4 2 1 5 1585 1939 1350 2198
6160 4 2 1 5 109 2052 1637 2318
6161 4 2 1 5 1337 1652 1594 2488
6162 4 2 1 5 1607 2001 1475 2113
6163 4 2 1 5 671 1585 1008 1967
6164 4 2 1 5 1542 2064 1876 2372
6165 4 2 1 5 1885 2168 1372 2315
6166 4 2 1 5 1476 1913 55 2420
6167 4 2 1 5 590 885 884 1723
6168 4 2 1 5 917 454 2253 2301
6169 4 2 1 5 1330 1631 1543 2334
6170 4 2 1 5 1394 1758 1595 1810
6171 4 2 1 5 1744 2095 1395 2265
6172 4 2 1 5 1737 2083 1470 2447
6173 4 2 1 5 820 2194 2196 2508
6174 4 2 1 5 1088 1895 366 2186
6175 4 2 1 5 1317 1994 1639 2057
6176 4 2 1 5 1413 1893 1482 2334
6177 4 2 1 5 197 1851 1551 2040
6178 4 2 1 5 1400 2276 1908 2408
6179 4 2 1 5 1466 1759 1515 1936
6180 4 2 1 5 769 770 16 1907
6181 4 2 1 5 161 1742 469 1770
6182 4 2 1 5 494 1992 1663 2412
6183 4 2 1 5 1315 1684 1626 1837
6184 4 2 1 5 1376 2157 1757 2309
6185 4 2 1 5 1379 1645 1527 2457
6186 4 2 1 5 1318 1899 2075 2164
6187 4 2 1 5 1764 1912 1549 2448
6188 4 2 1 5 1554 1444 1797 1981
6189 4 2 1 5 1957 1422 2183 2268
6190 4 2 1 5 294 1524 261 1813
6191 4 2 1 5 672 1966 1891 2038
6192 4 2 1 5 1709 1902 826 2468
6193 4 2 1 5 1318 1676 1619 2212
6194 4 2 1 5 1823 2187 1500 2291
6195 4 2 1 5 519 523 1624 1773
6196 4 2 1 5 606 959 1811 2111
6197 4 2 1 5 688 998 1589 1855
6198 4 2 1 5 1333 1483 2056 2504
6199 4 2 1 5 211 1728 1782 1869
6200 4 2 1 5 1766 1858 1428 2266
6201 4 2 1 5 1314 1600 1828 1936
6202 4 2 1 5 1428 1766 1640 1881
6203 4 2 1 5 1600 1828 1405 1996
6204 4 2 1 5 1580 1698 1424 2365
6205 4 2 1 5 1468 1645 1900 2156
6206 4 2 1 5 1354 1513 2031 2130
6207 4 2 1 5 1312 1791 1726 2007
6208 4 2 1 5 1375 1485 1897 2414
6209 4 2 1 5 1709 2190 1512 2346
6210 4 2 1 5 1338 1621 2072 2436
6211 4 2 1 5 988 1098 1896 2354
6212 4 2 1 5 1690 2344 1780 2410
6213 4 2 1 5 577 2059 1482 2386
6214 4 2 1 5 904 1915 1686 1965
6215 4 2 1 5 1718 1727 1495 2466
6216 4 2 1 5 1486 2369 1773 2444
6217 4 2 1 5 1887 1481 2289 2359
6218 4 2 1 5 363 1820 365 1895
6219 4 2 1 5 1558 1936 1314 2142
6220 4 2 1 5 2072 2262 1621 2497
6221 4 2 1 5 1378 1675 1626 2068
6222 4 2 1 5 2234 2299 1335 2510
6223 4 2 1 5 1487 1873 59 2120
6224 4 2 1 5 328 476 475 1763
6225 4 2 1 5 1641 2028 1551 2275
6226 4 2 1 5 1457 1786 1972 2442
6227 4 2 1 5 1844 1951 1387 2297
6228 4 2 1 5 1425 1637 1855 1900
6229 4 2 1 5 820 821 1774 1911
6230 4 2 1 5 972 1031 1781 2215
6231 4 2 1 5 1638 1939 1476 2307
6232 4 2 1 5 478 869 1811 2143
6233 4 2 1 5 1785 2024 1403 2290
6234 4 2 1 5 1032 875 1652 2123
6235 4 2 1 5 1413 2073 1624 2206
6236 4 2 1 5 46 2054 1657 2159
6237 4 2 1 5 1392 1506 1914 2227
6238 4 2 1 5 1426 2185 2201 2458
6239 4 2 1 5 1412 1809 1722 2460
6240 4 2 1 5 1471 2198 1638 2499
6241 4 2 1 5 1734 2369 1486 2444
6242 4 2 1 5 875 1652 1689 2488
6243 4 2 1 5 1431 1674 2075 2178
6244 4 2 1 5 124 709 688 1589
6245 4 2 1 5 933 768 1710 1818
6246 4 2 1 5 1537 1690 2410 2473
6247 4 2 1 5 1698 2212 1424 2365
6248 4 2 1 5 1508 1618 1859 2274
6249 4 2 1 5 1479 2071 1831 2161
6250 4 2 1 5 40 1854 1499 1999
6251 4 2 1 5 1332 1547 2145 2310
6252 4 2 1 5 1409 1728 1594 2115
6253 4 2 1 5 1692 2006 1357 2401
6254 4 2 1 5 1440 1668 1580 1860
6255 4 2 1 5 1456 1984 1826 2338
6256 4 2 1 5 320 1654 326 2455
6257 4 2 1 5 857 1876 423 2011
6258 4 2 1 5 1495 1727 1371 1848
6259 4 2 1 5 1321 1679 1639 2213
6260 4 2 1 5 1504 2026 2155 2304
6261 4 2 1 5 1470 2077 1844 2366
6262 4 2 1 5 1480 1589 1736 1968
6263 4 2 1 5 1746 2176 978 2201
6264 4 2 1 5 1486 2369 1734 2480
6265 4 2 1 5 1382 1814 1546 2223
6266 4 2 1 5 625 1666 986 1805
6267 4 2 1 5 854 1815 346 2325
6268 4 2 1 5 1763 1429 2079 2324
6269 4 2 1 5 1417 2001 1607 2113
6270 4 2 1 5 1706 1864 1418 2378
6271 4 2 1 5 1423 1791 1591 2007
6272 4 2 1 5 1583 1792 1398 2003
6273 4 2 1 5 1015 1805 844 2115
6274 4 2 1 5 58 1860 1137 2202
6275 4 2 1 5 1209 1872 1630 2094
6276 4 2 1 5 1319 2028 1641 2217
6277 4 2 1 5 44 1490 2026 2136
6278 4 2 1 5 1371 1886 1633 1907
6279 4 2 1 5 804 803 212 1525
6280 4 2 1 5 891 1971 1565 2339
6281 4 2 1 5 116 1888 33 1908
6282 4 2 1 5 1442 1721 1617 1842
6283 4 2 1 5 1219 1209 1872 2219
6284 4 2 1 5 1365 2083 1737 2447
6285 4 2 1 5 1043 762 1908 2103
6286 4 2 1 5 1338 1874 1561 2436
6287 4 2 1 5 1561 1874 1436 2436
6288 4 2 1 5 1621 1755 1677 2063
6289 4 2 1 5 1401 2148 1523 2475
6290 4 2 1 5 1637 1824 1544 2102
6291 4 2 1 5 1423 1791 1726 2061
6292 4 2 1 5 1423 1726 2007 2286
6293 4 2 1 5 1800 2207 2119 2402
6294 4 2 1 5 1219 1872 1806 2303
6295 4 2 1 5 1641 1972 1692 2504
6296 4 2 1 5 588 990 950 2041
6297 4 2 1 5 505 1774 1590 2285
6298 4 2 1 5 661 1776 1567 2471
6299 4 2 1 5 1690 1780 1538 2410
6300 4 2 1 5 1350 2005 1503 2046
6301 4 2 1 5 1552 1787 1732 1803
6302 4 2 1 5 1132 1144 1625 2054
6303 4 2 1 5 159 863 163 1536
6304 4 2 1 5 1679 1926 1415 2213
6305 4 2 1 5 1785 2164 1514 2290
6306 4 2 1 5 477 377 915 2297
6307 4 2 1 5 929 829 828 1915
6308 4 2 1 5 1363 2187 1823 2291
6309 4 2 1 5 352 418 355 1699
6310 4 2 1 5 1615 1410 1778 2131
6311 4 2 1 5 1318 1698 1580 2365
6312 4 2 1 5 911 1083 2146 2210
6313 4 2 1 5 873 2014 1567 2346
6314 4 2 1 5 1580 1860 1668 2262
6315 4 2 1 5 1499 1700 40 2418
6316 4 2 1 5 988 1896 1098 1934
6317 4 2 1 5 1094 2244 1485 2387
6318 4 2 1 5 19 1814 1546 1894
6319 4 2 1 5 1725 1410 2131 2494
6320 4 2 1 5 1351 1755 1661 2047
6321 4 2 1 5 1427 1595 2437 2496
6322 4 2 1 5 1394 1763 1602 1944
6323 4 2 1 5 1332 2390 1628 2486
6324 4 2 1 5 1473 2344 2082 2473
6325 4 2 1 5 39 1909 1733 2490
6326 4 2 1 5 865 1130 603 1610
6327 4 2 1 5 1490 1760 2026 2136
6328 4 2 1 5 1601 2329 2114 2502
6329 4 2 1 5 1339 1670 1562 1754
6330 4 2 1 5 1527 2089 1647 2332
6331 4 2 1 5 940 501 918 2169
6332 4 2 1 5 798 797 1087 2288
6333 4 2 1 5 710 2125 705 2285
6334 4 2 1 5 1632 2249 2172 2490
6335 4 2 1 5 975 732 487 1893
6336 4 2 1 5 1706 1807 1410 2458
6337 4 2 1 5 1442 1988 1617 2287
6338 4 2 1 5 1590 1724 1405 2264
6339 4 2 1 5 1425 1544 1887 2280
6340 4 2 1 5 552 1643 571 1756
6341 4 2 1 5 54 2071 1479 2161
6342 4 2 1 5 1353 2134 1575 2432
6343 4 2 1 5 118 29 2102 2427
6344 4 2 1 5 671 1585 1967 2038
6345 4 2 1 5 2099 2245 1498 2396
6346 4 2 1 5 1671 2299 2234 2510
6347 4 2 1 5 1385 2064 1957 2077
6348 4 2 1 5 940 749 1614 1886
6349 4 2 1 5 1596 1443 1663 2194
6350 4 2 1 5 1493 1960 1816 2399
6351 4 2 1 5 319 2324 1654 2455
6352 4 2 1 5 1800 2119 1440 2402
6353 4 2 1 5 1359 1782 1551 2028
6354 4 2 1 5 1332 1501 2173 2486
6355 4 2 1 5 1444 1816 1584 2493
6356 4 2 1 5 905 1082 331 1766
6357 4 2 1 5 1554 1767 1368 2364
6358 4 2 1 5 38 1500 1733 2110
6359 4 2 1 5 42 1566 1930 1999
6360 4 2 1 5 837 1631 699 2010
6361 4 2 1 5 1420 1946 1569 2040
6362 4 2 1 5 1824 1871 142 1897
6363 4 2 1 5 653 879 651 2259
6364 4 2 1 5 1385 1790 1542 1853
6365 4 2 1 5 1786 2113 1457 2279
6366 4 2 1 5 1337 1594 1689 2488
6367 4 2 1 5 1561 1677 2368 2497
6368 4 2 1 5 1446 1494 1977 2240
6369 4 2 1 5 1510 2016 1928 2478
6370 4 2 1 5 450 2044 1535 2300
6371 4 2 1 5 1326 1727 1496 1875
6372 4 2 1 5 360 1098 1550 1934
6373 4 2 1 5 399 1493 1923 2214
6374 4 2 1 5 1389 1865 1730 2268
6375 4 2 1 5 797 798 2092 2288
6376 4 2 1 5 1517 2203 1884 2401
6377 4 2 1 5 1376 1875 1757 1945
6378 4 2 1 5 1732 1787 1511 1803
6379 4 2 1 5 1321 1639 1679 2000
6380 4 2 1 5 1541 1481 2258 2289
6381 4 2 1 5 1059 1618 1772 2330
6382 4 2 1 5 56 1214 57 1913
6383 4 2 1 5 1326 1495 1630 2375
6384 4 2 1 5 399 1923 1493 2339
6385 4 2 1 5 1892 2107 1478 2166
6386 4 2 1 5 227 256 1523 2010
6387 4 2 1 5 586 975 890 1543
6388 4 2 1 5 976 1091 1037 1841
6389 4 2 1 5 1171 2158 2001 2241
6390 4 2 1 5 1461 1831 1806 1940
6391 4 2 1 5 1611 2090 1651 2171
6392 4 2 1 5 1533 2067 1578 2456
6393 4 2 1 5 1771 2131 1340 2474
6394 4 2 1 5 321 2324 319 2455
6395 4 2 1 5 1675 2270 22 2295
6396 4 2 1 5 1386 1466 1956 2438
6397 4 2 1 5 1539 1886 1848 2074
6398 4 2 1 5 677 162 680 1658
6399 4 2 1 5 1486 1682 1946 2217
6400 4 2 1 5 1539 1848 1727 2150
6401 4 2 1 5 1206 1211 1460 1872
6402 4 2 1 5 1887 2280 1544 2359
6403 4 2 1 5 1416 1604 2179 2418
6404 4 2 1 5 962 1898 1948 2127
6405 4 2 1 5 1744 1395 2140 2265
6406 4 2 1 5 292 1778 1615 2500
6407 4 2 1 5 1452 1696 2180 2417
6408 4 2 1 5 1330 1762 1469 2391
6409 4 2 1 5 1442 1500 1721 1842
6410 4 2 1 5 1466 1636 2438 2453
6411 4 2 1 5 1852 2358 1718 2440
6412 4 2 1 5 487 1893 732 2386
6413 4 2 1 5 633 1912 1564 2117
6414 4 2 1 5 425 1788 455 2025
6415 4 2 1 5 1722 1809 1400 2460
6416 4 2 1 5 1124 951 283 2350
6417 4 2 1 5 1131 1578 1175 2236
6418 4 2 1 5 603 580 865 1868
6419 4 2 1 5 1379 1748 1578 2109
6420 4 2 1 5 1355 1877 1592 2192
6421 4 2 1 5 450 1535 974 2300
6422 4 2 1 5 1572 1908 116 2103
6423 4 2 1 5 1528 1770 1742 1921
6424 4 2 1 5 692 693 1841 2023
6425 4 2 1 5 59 2066 1487 2120
6426 4 2 1 5 1358 1482 1716 2242
6427 4 2 1 5 1090 1822 1549 2337
6428 4 2 1 5 839 871 1514 2051
6429 4 2 1 5 1539 1496 1727 2098
6430 4 2 1 5 1535 1402 2044 2162
6431 4 2 1 5 1644 2009 1316 2104
6432 4 2 1 5 632 2049 2243 2485
6433 4 2 1 5 1696 1337 2180 2417
6434 4 2 1 5 266 267 268 2321
6435 4 2 1 5 1477 1366 1812 2025
6436 4 2 1 5 524 521 522 1745
6437 4 2 1 5 1464 1710 1818 2481
6438 4 2 1 5 151 2147 152 2472
6439 4 2 1 5 1382 2062 1834 2352
6440 4 2 1 5 1730 1889 1575 2377
6441 4 2 1 5 1354 1478 1801 2139
6442 4 2 1 5 1011 2186 1512 2468
6443 4 2 1 5 1178 1169 1804 2371
6444 4 2 1 5 706 1120 957 1858
6445 4 2 1 5 39 1733 38 2490
6446 4 2 1 5 1345 1528 1742 1921
6447 4 2 1 5 1557 22 2270 2295
6448 4 2 1 5 1407 1670 1655 2305
6449 4 2 1 5 926 2076 1511 2228
6450 4 2 1 5 1651 2090 1384 2171
6451 4 2 1 5 673 1850 1112 2343
6452 4 2 1 5 1405 1990 1590 2285
6453 4 2 1 5 1535 2044 1576 2162
6454 4 2 1 5 843 1805 1002 2338
6455 4 2 1 5 768 128 1126 1710
6456 4 2 1 5 122 955 1544 2298
6457 4 2 1 5 1386 1466 2438 2453
6458 4 2 1 5 1549 1912 1764 2315
6459 4 2 1 5 1097 461 904 1915
6460 4 2 1 5 606 1508 1867 2443
6461 4 2 1 5 1353 1747 1522 1849
6462 4 2 1 5 1397 1839 1717 2042
6463 4 2 1 5 563 1091 976 1803
6464 4 2 1 5 834 386 1737 2129
6465 4 2 1 5 1524 1827 1813 2081
6466 4 2 1 5 498 1970 1588 2059
6467 4 2 1 5 1559 1847 1627 2326
6468 4 2 1 5 1322 1519 1784 2042
6469 4 2 1 5 517 1646 1880 2194
6470 4 2 1 5 1829 2049 1434 2243
6471 4 2 1 5 1447 1626 1601 2502
6472 4 2 1 5 605 724 1610 2018
6473 4 2 1 5 1359 1641 1551 2056
6474 4 2 1 5 174 2240 1977 2314
6475 4 2 1 5 115 728 1577 1746
6476 4 2 1 5 283 1655 723 2379
6477 4 2 1 5 1621 2262 2373 2497
6478 4 2 1 5 486 2022 1893 2369
6479 4 2 1 5 1834 2352 2062 2383
6480 4 2 1 5 933 1003 768 1818
6481 4 2 1 5 854 346 341 2325
6482 4 2 1 5 578 1877 1591 2189
6483 4 2 1 5 1640 1720 1349 2347
6484 4 2 1 5 1357 1659 1884 2251
6485 4 2 1 5 1414 1901 1632 1909
6486 4 2 1 5 1584 1931 463 1986
6487 4 2 1 5 675 1571 537 1903
6488 4 2 1 5 124 1589 25 2127
6489 4 2 1 5 1749 1866 1502 2385
6490 4 2 1 5 1487 1873 1693 2066
6491 4 2 1 5 1465 1792 1450 2411
6492 4 2 1 5 1544 1887 1637 2102
6493 4 2 1 5 745 1593 1766 1858
6494 4 2 1 5 1499 1394 1830 2020
6495 4 2 1 5 1621 2306 2072 2436
6496 4 2 1 5 196 1851 961 2406
6497 4 2 1 5 951 1655 283 2350
6498 4 2 1 5 275 276 1670 1822
6499 4 2 1 5 1591 1877 1355 2192
6500 4 2 1 5 1592 1992 1663 2196
6501 4 2 1 5 952 1675 22 2295
6502 4 2 1 5 1959 2001 1607 2380
6503 4 2 1 5 875 1032 1652 2488
6504 4 2 1 5 1538 1982 533 2395
6505 4 2 1 5 1347 1750 1491 2155
6506 4 2 1 5 1393 1580 1740 2151
6507 4 2 1 5 580 1809 1868 2429
6508 4 2 1 5 1409 1594 1728 2221
6509 4 2 1 5 1057 1557 22 2270
6510 4 2 1 5 1429 2392 1501 2486
6511 4 2 1 5 1143 1985 45 2004
6512 4 2 1 5 304 1877 503 1929
6513 4 2 1 5 1655 1670 1407 2078
6514 4 2 1 5 1627 1811 869 2143
6515 4 2 1 5 1323 1836 2279 2389
6516 4 2 1 5 413 1931 1491 2256
6517 4 2 1 5 814 2210 221 2483
6518 4 2 1 5 1313 1690 1653 1879
6519 4 2 1 5 1171 51 2158 2241
6520 4 2 1 5 644 965 941 2263
6521 4 2 1 5 1332 2211 1628 2310
6522 4 2 1 5 619 1661 497 2434
6523 4 2 1 5 131 1608 125 2052
6524 4 2 1 5 1492 1844 2077 2366
6525 4 2 1 5 863 1536 159 2108
6526 4 2 1 5 1540 1866 1530 2358
6527 4 2 1 5 1644 1458 2271 2422
6528 4 2 1 5 1551 1851 197 2244
6529 4 2 1 5 130 109 133 2052
6530 4 2 1 5 939 1886 14 2098
6531 4 2 1 5 1361 1693 1561 1942
6532 4 2 1 5 1412 2107 1892 2166
6533 4 2 1 5 1033 1101 673 2360
6534 4 2 1 5 983 1614 2253 2317
6535 4 2 1 5 1319 1611 1715 2138
6536 4 2 1 5 1547 1332 1628 2310
6537 4 2 1 5 1407 1822 2305 2337
6538 4 2 1 5 522 1932 881 2080
6539 4 2 1 5 869 1811 1627 2363
6540 4 2 1 5 644 941 1623 2263
6541 4 2 1 5 943 1591 615 1891
6542 4 2 1 5 1347 1584 2017 2155
6543 4 2 1 5 1476 1939 1638 1964
6544 4 2 1 5 1697 1958 690 2201
6545 4 2 1 5 155 260 161 1742
6546 4 2 1 5 1835 1950 1634 2005
6547 4 2 1 5 1581 1607 1343 2167
6548 4 2 1 5 1401 1588 2008 2167
6549 4 2 1 5 1714 1931 1584 2155
6550 4 2 1 5 1550 1621 1462 2306
6551 4 2 1 5 30 1765 122 2102
6552 4 2 1 5 917 454 470 2253
6553 4 2 1 5 974 725 1003 1818
6554 4 2 1 5 1890 2043 1454 2372
6555 4 2 1 5 227 1683 228 1838
6556 4 2 1 5 4 1870 1507 2466
6557 4 2 1 5 1675 2068 1510 2270
6558 4 2 1 5 1390 1973 1928 2394
6559 4 2 1 5 1340 1807 1849 2474
6560 4 2 1 5 679 2050 1699 2479
6561 4 2 1 5 1510 1378 1688 2068
6562 4 2 1 5 299 335 1522 2248
6563 4 2 1 5 1076 307 1599 2085
6564 4 2 1 5 1486 1773 2369 2480
6565 4 2 1 5 1131 1954 1578 2236
6566 4 2 1 5 1816 1960 1367 2399
6567 4 2 1 5 428 1576 2044 2256
6568 4 2 1 5 1167 1817 2175 2492
6569 4 2 1 5 885 1538 533 2255
6570 4 2 1 5 22 1557 1057 2295
6571 4 2 1 5 1200 1198 1792 2003
6572 4 2 1 5 1573 1743 1338 1874
6573 4 2 1 5 1642 1881 1428 2065
6574 4 2 1 5 1148 1142 1168 2381
6575 4 2 1 5 1735 2281 2280 2481
6576 4 2 1 5 1318 2212 1698 2365
6577 4 2 1 5 1089 722 1585 2350
6578 4 2 1 5 1356 1870 1727 2440
6579 4 2 1 5 1834 1906 2352 2383
6580 4 2 1 5 35 1441 2019 2445
6581 4 2 1 5 1342 1481 2289 2370
6582 4 2 1 5 813 1912 1843 2267
6583 4 2 1 5 234 236 1627 2273
6584 4 2 1 5 1419 1790 2122 2430
6585 4 2 1 5 1900 1968 1645 2357
6586 4 2 1 5 60 2120 1616 2134
6587 4 2 1 5 1453 1754 1562 2069
6588 4 2 1 5 3 1192 45 1541
6589 4 2 1 5 669 1052 1100 2495
6590 4 2 1 5 38 1721 1500 2110
6591 4 2 1 5 1625 1882 1132 2054
6592 4 2 1 5 1356 1496 1727 1875
6593 4 2 1 5 243 1775 250 2416
6594 4 2 1 5 1679 2060 2000 2070
6595 4 2 1 5 1568 1445 1926 2452
6596 4 2 1 5 150 152 2147 2472
6597 4 2 1 5 1693 2086 1732 2499
6598 4 2 1 5 1079 683 1953 2356
6599 4 2 1 5 212 1525 803 1970
6600 4 2 1 5 150 151 152 2472
6601 4 2 1 5 1610 1809 1412 1868
6602 4 2 1 5 1352 1863 1760 2403
6603 4 2 1 5 109 1637 28 2102
6604 4 2 1 5 794 793 463 2092
6605 4 2 1 5 1329 1542 1790 2043
6606 4 2 1 5 580 1809 865 1868
6607 4 2 1 5 1700 2179 1604 2418
6608 4 2 1 5 1570 2265 2054 2477
6609 4 2 1 5 1426 2176 1697 2286
6610 4 2 1 5 2072 2262 1740 2373
6611 4 2 1 5 1929 2061 1635 2209
6612 4 2 1 5 1401 1777 2148 2475
6613 4 2 1 5 1087 2493 1816 2513
6614 4 2 1 5 1488 2112 2057 2390
6615 4 2 1 5 1215 1205 1212 1832
6616 4 2 1 5 715 1635 1069 2160
6617 4 2 1 5 327 328 475 1628
6618 4 2 1 5 1634 1964 57 2202
6619 4 2 1 5 1557 1382 2062 2147
6620 4 2 1 5 1425 1765 1544 2280
6621 4 2 1 5 1403 1505 1743 1899
6622 4 2 1 5 35 1947 1441 2445
6623 4 2 1 5 1579 1651 1369 2163
6624 4 2 1 5 673 1883 1850 2360
6625 4 2 1 5 669 492 1052 1560
6626 4 2 1 5 675 1571 1903 2384
6627 4 2 1 5 193 2040 1946 2203
6628 4 2 1 5 632 687 1829 2049
6629 4 2 1 5 620 888 536 2461
6630 4 2 1 5 1776 1975 1053 2058
6631 4 2 1 5 1321 2000 1679 2060
6632 4 2 1 5 1644 1784 1389 1952
6633 4 2 1 5 1588 1401 2008 2059
6634 4 2 1 5 1375 2370 1943 2414
6635 4 2 1 5 1461 1791 1355 2192
6636 4 2 1 5 609 608 1812 2025
6637 4 2 1 5 1331 1866 1718 2358
6638 4 2 1 5 1596 1880 1646 2194
6639 4 2 1 5 1798 1916 1607 2113
6640 4 2 1 5 941 1987 1623 2263
6641 4 2 1 5 1392 1939 1638 2307
6642 4 2 1 5 1449 1701 1629 2313
6643 4 2 1 5 1502 1866 1749 1978
6644 4 2 1 5 778 2177 1756 2404
6645 4 2 1 5 535 1857 1661 2434
6646 4 2 1 5 1555 1660 1479 2398
6647 4 2 1 5 383 378 1797 1951
6648 4 2 1 5 1401 1838 1523 2010
6649 4 2 1 5 1667 2173 1501 2486
6650 4 2 1 5 1374 1936 1558 2142
6651 4 2 1 5 327 328 1628 2079
6652 4 2 1 5 42 43 1583 1930
6653 4 2 1 5 1069 1635 715 2176
6654 4 2 1 5 1693 1732 1471 2499
6655 4 2 1 5 1552 1922 1503 2046
6656 4 2 1 5 112 1539 12 1927
6657 4 2 1 5 1015 1723 1805 2115
6658 4 2 1 5 1061 717 1810 2278
6659 4 2 1 5 1706 1726 1418 1864
6660 4 2 1 5 784 982 559 1862
6661 4 2 1 5 1611 1624 1438 2073
6662 4 2 1 5 1454 2253 1795 2301
6663 4 2 1 5 875 1689 1579 1932
6664 4 2 1 5 1691 2029 397 2328
6665 4 2 1 5 1726 1864 1426 2286
6666 4 2 1 5 1388 1748 1533 1837
6667 4 2 1 5 1466 1828 1759 1936
6668 4 2 1 5 954 122 955 1544
6669 4 2 1 5 519 485 523 2369
6670 4 2 1 5 763 1953 1894 2356
6671 4 2 1 5 1705 1844 1492 2099
6672 4 2 1 5 163 1829 1536 2388
6673 4 2 1 5 1565 2329 1729 2399
6674 4 2 1 5 1567 2153 1432 2190
6675 4 2 1 5 799 1584 463 1986
6676 4 2 1 5 484 486 1893 2369
6677 4 2 1 5 1655 1914 1506 2078
6678 4 2 1 5 1367 1760 2017 2403
6679 4 2 1 5 1397 1729 1493 1923
6680 4 2 1 5 1359 2056 1921 2191
6681 4 2 1 5 528 2160 1929 2189
6682 4 2 1 5 375 373 2297 2364
6683 4 2 1 5 128 767 31 1765
6684 4 2 1 5 444 1663 494 1992
6685 4 2 1 5 1059 1618 899 2111
6686 4 2 1 5 1558 1998 1314 2197
6687 4 2 1 5 1846 2180 1613 2221
6688 4 2 1 5 1989 2193 2159 2238
6689 4 2 1 5 15 1633 1907 2260
6690 4 2 1 5 1710 2281 1352 2481
6691 4 2 1 5 1535 1818 974 2300
6692 4 2 1 5 118 1855 2181 2427
6693 4 2 1 5 1114 1547 931 2112
6694 4 2 1 5 1354 1997 1707 2139
6695 4 2 1 5 1688 1898 1608 2357
6696 4 2 1 5 1561 1693 1518 2467
6697 4 2 1 5 1014 1077 294 2341
6698 4 2 1 5 1800 2168 1532 2452
6699 4 2 1 5 1200 1792 1197 2003
6700 4 2 1 5 1345 1537 1937 2435
6701 4 2 1 5 893 2055 1496 2098
6702 4 2 1 5 1386 1850 1466 2453
6703 4 2 1 5 675 442 537 1571
6704 4 2 1 5 1377 1532 2164 2247
6705 4 2 1 5 1357 1884 1731 2251
6706 4 2 1 5 908 1001 434 1534
6707 4 2 1 5 1533 2015 1626 2067
6708 4 2 1 5 823 1903 1503 2105
6709 4 2 1 5 1399 2216 1761 2431
6710 4 2 1 5 1531 1709 1391 1739
6711 4 2 1 5 1159 1901 1156 2170
6712 4 2 1 5 605 1610 724 2106
6713 4 2 1 5 41 1804 1999 2418
6714 4 2 1 5 1329 1790 1542 2064
6715 4 2 1 5 855 1751 804 1933
6716 4 2 1 5 496 1853 1542 2463
6717 4 2 1 5 1353 1849 2122 2134
6718 4 2 1 5 723 560 1506 1891
6719 4 2 1 5 375 1918 373 2364
6720 4 2 1 5 33 1908 1888 2316
6721 4 2 1 5 1411 1668 1662 2133
6722 4 2 1 5 1816 2493 1444 2513
6723 4 2 1 5 1343 1751 1494 1945
6724 4 2 1 5 1739 2190 1708 2296
6725 4 2 1 5 325 533 885 1982
6726 4 2 1 5 1754 2379 785 2412
6727 4 2 1 5 319 1654 320 2455
6728 4 2 1 5 806 693 1643 1841
6729 4 2 1 5 1364 1703 1524 1813
6730 4 2 1 5 461 1686 904 1915
6731 4 2 1 5 578 1591 576 2189
6732 4 2 1 5 1834 1906 1536 2352
6733 4 2 1 5 1567 1432 1776 2190
6734 4 2 1 5 53 1831 2071 2161
6735 4 2 1 5 1489 2017 1760 2026
6736 4 2 1 5 1326 2150 1495 2375
6737 4 2 1 5 1611 1624 1369 2163
6738 4 2 1 5 275 274 276 1822
6739 4 2 1 5 1342 1637 2188 2370
6740 4 2 1 5 1337 1984 1696 2180
6741 4 2 1 5 1453 2013 1562 2451
6742 4 2 1 5 1608 1342 2052 2188
6743 4 2 1 5 1662 1668 1411 1961
6744 4 2 1 5 911 1093 1569 2146
6745 4 2 1 5 1955 1961 1325 2296
6746 4 2 1 5 388 839 1711 2051
6747 4 2 1 5 1402 1931 1491 2155
6748 4 2 1 5 1441 1879 1537 2019
6749 4 2 1 5 368 1498 1088 2186
6750 4 2 1 5 1469 2380 1959 2413
6751 4 2 1 5 1376 1496 1757 1875
6752 4 2 1 5 208 1704 1635 2176
6753 4 2 1 5 39 1501 40 2034
6754 4 2 1 5 1571 1699 1380 2231
6755 4 2 1 5 1348 1910 1520 2392
6756 4 2 1 5 1471 1964 1518 2467
6757 4 2 1 5 1755 1862 1385 2245
6758 4 2 1 5 1440 1899 1580 2365
6759 4 2 1 5 1458 2035 1687 2422
6760 4 2 1 5 1330 2053 1558 2171
6761 4 2 1 5 1433 1849 1807 2474
6762 4 2 1 5 1448 2021 1842 2187
6763 4 2 1 5 1097 1915 904 1965
6764 4 2 1 5 1453 1646 1596 1880
6765 4 2 1 5 501 1117 1665 2248
6766 4 2 1 5 1042 2040 1569 2333
6767 4 2 1 5 1472 1708 1566 2296
6768 4 2 1 5 702 1779 703 2443
6769 4 2 1 5 1391 2031 1708 2220
6770 4 2 1 5 1582 1676 1377 1920
6771 4 2 1 5 1171 51 2001 2158
6772 4 2 1 5 723 1891 1506 2379
6773 4 2 1 5 1365 1737 1784 2447
6774 4 2 1 5 1624 1689 1438 2483
6775 4 2 1 5 1350 1552 2005 2046
6776 4 2 1 5 1377 1764 1564 1920
6777 4 2 1 5 935 732 975 2059
6778 4 2 1 5 1423 1877 1591 2192
6779 4 2 1 5 1662 1961 1955 2296
6780 4 2 1 5 1461 1821 1479 1831
6781 4 2 1 5 1511 2131 1771 2228
6782 4 2 1 5 1570 1395 2265 2477
6783 4 2 1 5 1734 2336 1716 2386
6784 4 2 1 5 2344 2410 1690 2473
6785 4 2 1 5 1398 2002 1541 2003
6786 4 2 1 5 1438 1689 1594 2210
6787 4 2 1 5 1572 1400 1908 2408
6788 4 2 1 5 1461 1355 1821 2192
6789 4 2 1 5 129 2128 746 2154
6790 4 2 1 5 607 1976 878 2272
6791 4 2 1 5 1943 2370 1459 2414
6792 4 2 1 5 1387 1844 1705 2099
6793 4 2 1 5 1417 1607 2001 2380
6794 4 2 1 5 1349 1983 1720 2065
6795 4 2 1 5 871 1514 2051 2290
6796 4 2 1 5 1576 1801 1478 2166
6797 4 2 1 5 1335 1801 1576 2166
6798 4 2 1 5 1445 2168 1800 2452
6799 4 2 1 5 476 475 1763 2310
6800 4 2 1 5 1743 1899 1505 2151
6801 4 2 1 5 251 1520 2124 2416
6802 4 2 1 5 1588 1970 1525 2167
6803 4 2 1 5 254 2165 1618 2330
6804 4 2 1 5 1724 1783 1405 2264
6805 4 2 1 5 488 740 1664 2050
6806 4 2 1 5 112 748 12 1539
6807 4 2 1 5 1415 2170 1660 2425
6808 4 2 1 5 1324 2280 1887 2359
6809 4 2 1 5 903 1797 1554 2288
6810 4 2 1 5 1314 1936 1828 2438
6811 4 2 1 5 1340 2086 1771 2246
6812 4 2 1 5 1359 1921 1528 2221
6813 4 2 1 5 1950 2005 1835 2376
6814 4 2 1 5 216 581 2010 2059
6815 4 2 1 5 1440 1825 1743 1899
6816 4 2 1 5 1373 1814 1557 2295
6817 4 2 1 5 114 1545 17 2049
6818 4 2 1 5 1558 2142 1998 2171
6819 4 2 1 5 498 1025 731 1588
6820 4 2 1 5 1323 1906 1836 2389
6821 4 2 1 5 1562 2013 1339 2451
6822 4 2 1 5 1474 1761 2216 2431
6823 4 2 1 5 1419 2122 2096 2430
6824 4 2 1 5 1515 1936 1759 1990
6825 4 2 1 5 1005 259 257 2165
6826 4 2 1 5 508 1795 949 1978
6827 4 2 1 5 1465 1702 1642 2082
6828 4 2 1 5 1575 1889 1329 1890
6829 4 2 1 5 961 1884 1517 2203
6830 4 2 1 5 1329 1575 1790 2268
6831 4 2 1 5 1059 853 1618 2330
6832 4 2 1 5 1395 2006 1647 2332
6833 4 2 1 5 1073 577 731 1588
6834 4 2 1 5 1635 1929 600 2160
6835 4 2 1 5 1031 1781 1658 2406
6836 4 2 1 5 1987 2187 1363 2459
6837 4 2 1 5 1032 1652 443 2123
6838 4 2 1 5 1446 1716 1977 2200
6839 4 2 1 5 1327 1596 2398 2451
6840 4 2 1 5 920 256 1030 2048
6841 4 2 1 5 1670 1754 1339 2379
6842 4 2 1 5 1420 2203 1517 2401
6843 4 2 1 5 44 2026 2004 2136
6844 4 2 1 5 1388 2054 2265 2477
6845 4 2 1 5 2092 2288 1444 2493
6846 4 2 1 5 216 1970 581 2059
6847 4 2 1 5 1622 2209 956 2351
6848 4 2 1 5 357 1789 356 2232
6849 4 2 1 5 1607 1343 2167 2242
6850 4 2 1 5 284 1754 786 2069
6851 4 2 1 5 1485 1359 1869 2056
6852 4 2 1 5 1364 1828 1516 2084
6853 4 2 1 5 942 1635 208 2209
6854 4 2 1 5 600 1929 1635 2209
6855 4 2 1 5 1458 2009 1644 2271
6856 4 2 1 5 1105 1728 211 1869
6857 4 2 1 5 379 384 385 1737
6858 4 2 1 5 1478 2107 1868 2166
6859 4 2 1 5 1476 1950 1939 1964
6860 4 2 1 5 1559 1328 2233 2326
6861 4 2 1 5 814 221 247 2488
6862 4 2 1 5 1360 1815 1711 2039
6863 4 2 1 5 255 1683 311 1911
6864 4 2 1 5 1372 1764 1912 2315
6865 4 2 1 5 1641 1497 1972 2504
6866 4 2 1 5 1599 1779 1399 2057
6867 4 2 1 5 1476 1620 1913 2307
6868 4 2 1 5 1843 2060 1484 2267
6869 4 2 1 5 319 320 321 2455
6870 4 2 1 5 364 363 1895 1934
6871 4 2 1 5 1368 2186 1902 2468
6872 4 2 1 5 162 1897 1658 2215
6873 4 2 1 5 1445 2013 1679 2454
6874 4 2 1 5 1371 1848 1614 2432
6875 4 2 1 5 859 1666 625 1987
6876 4 2 1 5 1380 1743 1573 1874
6877 4 2 1 5 748 749 1886 2074
6878 4 2 1 5 1619 1980 1698 2212
6879 4 2 1 5 1542 1790 1385 2064
6880 4 2 1 5 1333 1483 1943 2056
6881 4 2 1 5 1338 1743 1505 2151
6882 4 2 1 5 1522 1747 1433 1849
6883 4 2 1 5 1622 2351 1970 2450
6884 4 2 1 5 196 961 1851 2203
6885 4 2 1 5 945 1488 2124 2282
6886 4 2 1 5 1343 1798 1607 2506
6887 4 2 1 5 1620 1913 1460 2071
6888 4 2 1 5 1556 1417 2292 2319
6889 4 2 1 5 382 1737 384 1951
6890 4 2 1 5 15 755 14 1633
6891 4 2 1 5 1313 2082 1881 2460
6892 4 2 1 5 405 1513 2058 2515
6893 4 2 1 5 1516 2294 2233 2453
6894 4 2 1 5 436 1514 871 2290
6895 4 2 1 5 1060 2339 891 2495
6896 4 2 1 5 1640 1766 1428 2266
6897 4 2 1 5 1466 1883 1386 1956
6898 4 2 1 5 16 1907 1545 2260
6899 4 2 1 5 1148 1969 1142 2381
6900 4 2 1 5 1797 1981 1951 2297
6901 4 2 1 5 1404 1878 1585 2198
6902 4 2 1 5 1532 1334 1825 2247
6903 4 2 1 5 745 646 1593 1858
6904 4 2 1 5 1858 1917 1428 2455
6905 4 2 1 5 1391 1776 1708 2190
6906 4 2 1 5 254 258 2165 2330
6907 4 2 1 5 2276 2408 1400 2510
6908 4 2 1 5 1481 1943 1681 1947
6909 4 2 1 5 1605 1352 1818 1845
6910 4 2 1 5 1093 585 911 1569
6911 4 2 1 5 1678 1997 1513 2220
6912 4 2 1 5 1341 1997 1678 2220
6913 4 2 1 5 1813 2165 258 2330
6914 4 2 1 5 1575 2043 1353 2432
6915 4 2 1 5 1473 2410 2344 2473
6916 4 2 1 5 1469 2148 1330 2413
6917 4 2 1 5 1470 2064 1793 2077
6918 4 2 1 5 606 1811 593 1867
6919 4 2 1 5 1324 1735 1671 2348
6920 4 2 1 5 1501 1667 1733 2173
6921 4 2 1 5 1706 1726 1426 2286
6922 4 2 1 5 1609 2172 2084 2419
6923 4 2 1 5 1356 1945 1509 2484
6924 4 2 1 5 1491 1714 1347 2155
6925 4 2 1 5 1998 2142 1651 2171
6926 4 2 1 5 1674 1935 1432 2101
6927 4 2 1 5 941 965 1987 2263
6928 4 2 1 5 1959 2380 1469 2391
6929 4 2 1 5 1157 1909 1155 1963
6930 4 2 1 5 351 1713 913 2030
6931 4 2 1 5 712 1703 711 1759
6932 4 2 1 5 2179 2229 2020 2311
6933 4 2 1 5 1591 2227 1392 2307
6934 4 2 1 5 911 220 1083 2210
6935 4 2 1 5 1457 1972 1692 2389
6936 4 2 1 5 2084 2172 1859 2419
6937 4 2 1 5 1489 1960 1367 2017
6938 4 2 1 5 741 561 1787 2046
6939 4 2 1 5 201 1551 197 2244
6940 4 2 1 5 1655 2305 1670 2379
6941 4 2 1 5 1740 1820 2322 2503
6942 4 2 1 5 1467 1731 2251 2383
6943 4 2 1 5 873 1820 2014 2346
6944 4 2 1 5 1635 1929 1423 2061
6945 4 2 1 5 1828 1996 1600 2084
6946 4 2 1 5 1644 2035 1687 2042
6947 4 2 1 5 1785 1924 1377 2117
6948 4 2 1 5 1434 2049 1546 2385
6949 4 2 1 5 1399 2057 2112 2390
6950 4 2 1 5 1565 1729 2329 2495
6951 4 2 1 5 1545 2260 1434 2485
6952 4 2 1 5 1555 1914 1620 2135
6953 4 2 1 5 730 1704 202 2176
6954 4 2 1 5 710 711 705 2125
6955 4 2 1 5 1501 1429 1983 2065
6956 4 2 1 5 1330 2380 1556 2391
6957 4 2 1 5 1521 1387 1784 2476
6958 4 2 1 5 1543 1369 1745 2053
6959 4 2 1 5 1401 1970 1588 2167
6960 4 2 1 5 1390 1517 1731 2006
6961 4 2 1 5 704 921 1104 1772
6962 4 2 1 5 1620 1914 1555 2204
6963 4 2 1 5 890 1543 1893 2022
6964 4 2 1 5 1386 1466 1850 1883
6965 4 2 1 5 2146 2210 1083 2483
6966 4 2 1 5 1607 1798 1475 2506
6967 4 2 1 5 1568 1532 2168 2452
6968 4 2 1 5 1388 1533 1684 1837
6969 4 2 1 5 1137 1860 1668 2402
6970 4 2 1 5 935 1631 837 2059
6971 4 2 1 5 287 2046 1673 2105
6972 4 2 1 5 1319 1569 2217 2480
6973 4 2 1 5 17 114 16 1545
6974 4 2 1 5 282 287 1673 2105
6975 4 2 1 5 1379 1748 1837 2067
6976 4 2 1 5 2169 2301 1665 2463
6977 4 2 1 5 1505 1699 1573 2232
6978 4 2 1 5 563 1787 977 1803
6979 4 2 1 5 790 1834 151 2251
6980 4 2 1 5 1592 1929 1463 2192
6981 4 2 1 5 1597 1941 1760 2403
6982 4 2 1 5 174 170 2240 2314
6983 4 2 1 5 1686 2031 1513 2130
6984 4 2 1 5 42 1999 1930 2361
6985 4 2 1 5 38 37 1721 2110
6986 4 2 1 5 1330 2053 2171 2206
6987 4 2 1 5 1178 1804 1685 2371
6988 4 2 1 5 1901 1926 1568 2213
6989 4 2 1 5 1362 1712 2321 2512
6990 4 2 1 5 1540 1718 1962 2121
6991 4 2 1 5 129 746 1927 2154
6992 4 2 1 5 1511 1803 1787 2076
6993 4 2 1 5 1570 1882 1395 2477
6994 4 2 1 5 1383 1740 1820 2322
6995 4 2 1 5 1642 1881 1313 2082
6996 4 2 1 5 1818 1863 1535 2481
6997 4 2 1 5 26 125 25 2052
6998 4 2 1 5 901 1944 1065 2039
6999 4 2 1 5 968 159 1659 2108
7000 4 2 1 5 1434 2260 1741 2485
7001 4 2 1 5 1483 1947 1943 2435
7002 4 2 1 5 1600 1405 1828 1936
7003 4 2 1 5 1613 1921 1483 2191
7004 4 2 1 5 294 1813 261 2081
7005 4 2 1 5 1053 665 1776 2058
7006 4 2 1 5 195 2040 193 2203
7007 4 2 1 5 1741 2243 847 2314
7008 4 2 1 5 947 1876 642 2301
7009 4 2 1 5 16 15 1907 2260
7010 4 2 1 5 420 360 1098 1550
7011 4 2 1 5 360 1789 359 1934
7012 4 2 1 5 1524 2081 294 2341
7013 4 2 1 5 776 444 494 1992
7014 4 2 1 5 1674 2101 1432 2178
7015 4 2 1 5 1094 1869 556 2244
7016 4 2 1 5 1469 1762 1330 2148
7017 4 2 1 5 1537 1879 1690 2473
7018 4 2 1 5 177 171 862 1819
7019 4 2 1 5 1348 1642 1702 2082
7020 4 2 1 5 860 1666 858 1847
7021 4 2 1 5 1343 1945 1656 2506
7022 4 2 1 5 1540 1962 1421 2121
7023 4 2 1 5 1396 1724 1762 2261
7024 4 2 1 5 1449 1856 1701 2313
7025 4 2 1 5 551 1661 1756 2469
7026 4 2 1 5 1726 1791 1461 2061
7027 4 2 1 5 693 806 807 1841
7028 4 2 1 5 1618 2165 1813 2330
7029 4 2 1 5 1557 1814 1382 2147
7030 4 2 1 5 1600 1724 1405 1936
7031 4 2 1 5 1315 1688 2230 2332
7032 4 2 1 5 187 177 862 2313
7033 4 2 1 5 1366 1502 1769 1812
7034 4 2 1 5 713 962 1898 1948
7035 4 2 1 5 1802 1843 1562 2070
7036 4 2 1 5 1412 1610 1868 2166
7037 4 2 1 5 1763 1944 1394 2091
7038 4 2 1 5 509 621 462 2076
7039 4 2 1 5 1192 1541 1202 2445
7040 4 2 1 5 1321 1568 1679 2213
7041 4 2 1 5 1935 2014 657 2259
7042 4 2 1 5 273 271 1562 2069
7043 4 2 1 5 1777 2283 1469 2475
7044 4 2 1 5 1381 2012 1600 2084
7045 4 2 1 5 1542 1419 2043 2463
7046 4 2 1 5 122 1544 954 2102
7047 4 2 1 5 1501 1332 2211 2486
7048 4 2 1 5 3 1202 1192 1541
7049 4 2 1 5 1434 2243 2049 2485
7050 4 2 1 5 37 1195 2019 2411
7051 4 2 1 5 1970 2351 1525 2450
7052 4 2 1 5 1465 1450 2034 2411
7053 4 2 1 5 521 1543 890 2022
7054 4 2 1 5 1611 1384 2090 2171
7055 4 2 1 5 1732 1787 1350 2198
7056 4 2 1 5 1407 1670 1822 1885
7057 4 2 1 5 1430 1618 1859 2111
7058 4 2 1 5 1623 1917 1654 2349
7059 4 2 1 5 1452 1696 1984 2180
7060 4 2 1 5 304 303 305 1592
7061 4 2 1 5 25 124 26 1589
7062 4 2 1 5 1680 2193 1989 2238
7063 4 2 1 5 1334 1571 2195 2376
7064 4 2 1 5 1173 2089 1882 2381
7065 4 2 1 5 1409 1826 1594 1984
7066 4 2 1 5 1079 1953 763 2356
7067 4 2 1 5 243 250 245 2416
7068 4 2 1 5 1577 2154 1927 2458
7069 4 2 1 5 1326 2093 1577 2378
7070 4 2 1 5 1460 1791 1620 2071
7071 4 2 1 5 666 665 979 1915
7072 4 2 1 5 1371 1727 1718 2440
7073 4 2 1 5 1760 2004 1489 2026
7074 4 2 1 5 519 2022 485 2369
7075 4 2 1 5 1470 2083 2064 2447
7076 4 2 1 5 636 2149 1646 2341
7077 4 2 1 5 1850 1905 1386 2123
7078 4 2 1 5 1567 1776 1709 2190
7079 4 2 1 5 307 267 1599 2085
7080 4 2 1 5 330 1766 1640 2266
7081 4 2 1 5 1440 1825 1899 2365
7082 4 2 1 5 2020 2179 1619 2229
7083 4 2 1 5 1169 1919 1804 2371
7084 4 2 1 5 1441 1879 1653 2237
7085 4 2 1 5 1420 2217 1946 2401
7086 4 2 1 5 1589 1898 1608 2052
7087 4 2 1 5 1614 1665 2169 2432
7088 4 2 1 5 1483 2191 2056 2504
7089 4 2 1 5 1358 1916 1798 2113
7090 4 2 1 5 842 268 271 2069
7091 4 2 1 5 360 1550 420 2177
7092 4 2 1 5 1009 1665 558 2463
7093 4 2 1 5 1519 1784 1387 1981
7094 4 2 1 5 790 968 159 1659
7095 4 2 1 5 39 1157 1700 1909
7096 4 2 1 5 227 1838 217 2010
7097 4 2 1 5 132 1608 1973 2478
7098 4 2 1 5 772 1886 1614 2317
7099 4 2 1 5 583 1506 560 2412
7100 4 2 1 5 590 910 543 1723
7101 4 2 1 5 465 1605 507 2218
7102 4 2 1 5 1126 1710 128 2427
7103 4 2 1 5 1449 1629 1682 2389
7104 4 2 1 5 1008 671 1089 1585
7105 4 2 1 5 591 1747 2128 2248
7106 4 2 1 5 1040 1741 847 2314
7107 4 2 1 5 1499 1999 1758 2020
7108 4 2 1 5 1769 1866 1366 2121
7109 4 2 1 5 1491 1931 2044 2256
7110 4 2 1 5 1396 2261 1762 2391
7111 4 2 1 5 1350 1939 1950 1964
7112 4 2 1 5 1425 2280 1887 2289
7113 4 2 1 5 1878 1967 1585 2038
7114 4 2 1 5 1381 1660 2170 2425
7115 4 2 1 5 1099 822 1062 2101
7116 4 2 1 5 305 1592 303 2196
7117 4 2 1 5 1451 1969 1641 2191
7118 4 2 1 5 1329 1542 2043 2372
7119 4 2 1 5 1692 2389 1972 2401
7120 4 2 1 5 1441 1753 1653 2348
7121 4 2 1 5 1664 2117 1764 2448
7122 4 2 1 5 1520 2079 251 2124
7123 4 2 1 5 1391 1709 1531 1915
7124 4 2 1 5 1512 1820 1567 2322
7125 4 2 1 5 1702 2291 1363 2410
7126 4 2 1 5 1704 1933 1376 2157
7127 4 2 1 5 1698 1980 1619 2178
7128 4 2 1 5 909 1006 1114 2282
7129 4 2 1 5 873 1820 958 2014
7130 4 2 1 5 1511 1361 1732 1803
7131 4 2 1 5 1450 1792 1583 2361
7132 4 2 1 5 1048 1816 1087 2493
7133 4 2 1 5 1443 1821 1592 2382
7134 4 2 1 5 1329 2064 1542 2372
7135 4 2 1 5 1343 1607 2158 2506
7136 4 2 1 5 1626 1837 1533 2067
7137 4 2 1 5 1383 1895 1820 1934
7138 4 2 1 5 1708 1432 2153 2190
7139 4 2 1 5 875 1081 1689 1932
7140 4 2 1 5 1653 1879 1690 2237
7141 4 2 1 5 902 1654 252 1910
7142 4 2 1 5 1373 1769 1598 2015
7143 4 2 1 5 1336 1968 1736 2329
7144 4 2 1 5 1825 1835 1440 2231
7145 4 2 1 5 1400 1610 2018 2316
7146 4 2 1 5 37 2110 1537 2182
7147 4 2 1 5 48 1132 1173 1570
7148 4 2 1 5 742 1894 2126 2356
7149 4 2 1 5 325 533 1982 2395
7150 4 2 1 5 1412 1868 2107 2166
7151 4 2 1 5 1533 1748 1657 2424
7152 4 2 1 5 1174 1985 1131 2109
7153 4 2 1 5 1048 1087 1816 2513
7154 4 2 1 5 1332 1667 2340 2486
7155 4 2 1 5 1568 2207 1532 2452
7156 4 2 1 5 1381 1600 1996 2084
7157 4 2 1 5 59 1677 2066 2120
7158 4 2 1 5 1340 2246 1771 2474
7159 4 2 1 5 661 1567 659 2471
7160 4 2 1 5 750 428 1576 2044
7161 4 2 1 5 1348 1642 2082 2349
7162 4 2 1 5 663 1709 664 2346
7163 4 2 1 5 236 869 1627 2363
7164 4 2 1 5 875 1579 1081 1932
7165 4 2 1 5 1404 1725 1878 2198
7166 4 2 1 5 1662 2133 1668 2371
7167 4 2 1 5 450 724 974 1535
7168 4 2 1 5 908 1534 396 2029
7169 4 2 1 5 1322 1784 1519 1981
7170 4 2 1 5 1366 1890 1866 2393
7171 4 2 1 5 1338 2262 2072 2497
7172 4 2 1 5 1061 717 648 1810
7173 4 2 1 5 706 1858 957 1917
7174 4 2 1 5 780 1861 782 2469
7175 4 2 1 5 1196 1792 2002 2411
7176 4 2 1 5 855 179 175 1933
7177 4 2 1 5 1540 1530 2393 2432
7178 4 2 1 5 1668 1860 1137 2368
7179 4 2 1 5 1760 1504 2026 2155
7180 4 2 1 5 450 750 724 2044
7181 4 2 1 5 1507 1870 1718 2466
7182 4 2 1 5 1653 2408 2276 2510
7183 4 2 1 5 1312 2007 1878 2307
7184 4 2 1 5 1573 1713 1380 1874
7185 4 2 1 5 580 865 1809 2429
7186 4 2 1 5 1511 1787 1732 2076
7187 4 2 1 5 1355 1877 1591 1992
7188 4 2 1 5 1401 1588 1970 2059
7189 4 2 1 5 115 728 727 1577
7190 4 2 1 5 1374 1515 1936 2142
7191 4 2 1 5 1561 1518 2277 2482
7192 4 2 1 5 1544 1765 1425 2102
7193 4 2 1 5 1547 1628 1332 2390
7194 4 2 1 5 1732 1787 1404 2076
7195 4 2 1 5 1462 1862 1755 2245
7196 4 2 1 5 677 1658 1031 2215
7197 4 2 1 5 1805 1808 1363 2255
7198 4 2 1 5 59 1677 58 2066
7199 4 2 1 5 818 1850 938 1905
7200 4 2 1 5 1430 2294 1636 2509
7201 4 2 1 5 1708 1776 1432 2190
7202 4 2 1 5 1549 1912 1090 2448
7203 4 2 1 5 1380 1713 1573 2030
7204 4 2 1 5 600 1635 942 2209
7205 4 2 1 5 934 972 147 1973
7206 4 2 1 5 2082 2344 1313 2473
7207 4 2 1 5 496 1793 1853 2327
7208 4 2 1 5 1336 1687 2329 2399
7209 4 2 1 5 1385 1661 1755 2047
7210 4 2 1 5 1094 556 1869 2387
7211 4 2 1 5 1581 1959 1940 2303
7212 4 2 1 5 1528 1485 1869 2387
7213 4 2 1 5 1349 1758 1526 2496
7214 4 2 1 5 1427 1526 1758 2496
7215 4 2 1 5 1171 2159 1185 2241
7216 4 2 1 5 460 497 1661 2327
7217 4 2 1 5 764 2270 1898 2478
7218 4 2 1 5 1621 1991 1755 2063
7219 4 2 1 5 1555 1660 1415 1926
7220 4 2 1 5 1389 1952 1521 2268
7221 4 2 1 5 788 1928 987 2478
7222 4 2 1 5 1747 2074 591 2128
7223 4 2 1 5 1592 1911 303 2196
7224 4 2 1 5 399 2339 1493 2513
7225 4 2 1 5 1904 2249 1632 2490
7226 4 2 1 5 56 57 1634 1964
7227 4 2 1 5 2001 2158 1475 2241
7228 4 2 1 5 544 650 1095 2050
7229 4 2 1 5 1456 2338 1666 2409
7230 4 2 1 5 361 360 359 1934
7231 4 2 1 5 61 1962 2134 2466
7232 4 2 1 5 1331 2358 1545 2385
7233 4 2 1 5 1541 1481 1995 2445
7234 4 2 1 5 1491 1576 2162 2254
7235 4 2 1 5 1969 2182 1937 2191
7236 4 2 1 5 1389 1784 1644 2271
7237 4 2 1 5 1456 1652 1826 1984
7238 4 2 1 5 1160 1162 1183 1963
7239 4 2 1 5 1538 1363 1808 2255
7240 4 2 1 5 1793 1876 1542 2064
7241 4 2 1 5 1581 2303 1940 2421
7242 4 2 1 5 1640 1766 1412 1881
7243 4 2 1 5 920 1523 256 2048
7244 4 2 1 5 1312 1725 1878 2494
7245 4 2 1 5 1595 1810 648 2091
7246 4 2 1 5 1319 2073 1569 2480
7247 4 2 1 5 1384 2138 2090 2397
7248 4 2 1 5 972 1781 147 1973
7249 4 2 1 5 763 1894 1953 2295
7250 4 2 1 5 1622 1704 2351 2450
7251 4 2 1 5 1489 1760 1597 2004
7252 4 2 1 5 731 498 1588 2059
7253 4 2 1 5 1684 2087 1533 2224
7254 4 2 1 5 1136 1685 1178 1804
7255 4 2 1 5 1665 2043 1419 2463
7256 4 2 1 5 1397 1839 1644 2114
7257 4 2 1 5 1557 1814 701 2295
7258 4 2 1 5 303 1592 304 2226
7259 4 2 1 5 451 1703 1524 2125
7260 4 2 1 5 1446 1856 1819 2240
7261 4 2 1 5 1392 1585 1939 2350
7262 4 2 1 5 1348 2082 1702 2349
7263 4 2 1 5 58 1873 1693 2467
7264 4 2 1 5 1390 1744 1731 2230
7265 4 2 1 5 1018 2024 1699 2050
7266 4 2 1 5 1160 2207 1568 2452
7267 4 2 1 5 1400 2137 1888 2234
7268 4 2 1 5 945 1488 2282 2443
7269 4 2 1 5 1422 1755 1677 2430
7270 4 2 1 5 782 1861 1862 2469
7271 4 2 1 5 1336 1796 1645 2465
7272 4 2 1 5 938 817 1905 2123
7273 4 2 1 5 40 41 1999 2418
7274 4 2 1 5 1518 1964 1634 2202
7275 4 2 1 5 1073 1025 639 1588
7276 4 2 1 5 1857 2047 1661 2434
7277 4 2 1 5 1394 1595 1758 1983
7278 4 2 1 5 1327 1719 1609 1827
7279 4 2 1 5 1903 2195 1549 2384
7280 4 2 1 5 1400 1572 2137 2408
7281 4 2 1 5 1591 1791 2227 2307
7282 4 2 1 5 1988 2287 1442 2464
7283 4 2 1 5 58 1137 57 2202
7284 4 2 1 5 1206 1460 1806 1872
7285 4 2 1 5 1561 2368 1860 2497
7286 4 2 1 5 1192 2002 1541 2445
7287 4 2 1 5 1459 1943 2414 2426
7288 4 2 1 5 1392 1878 1585 2038
7289 4 2 1 5 121 1546 19 1814
7290 4 2 1 5 1042 841 2040 2333
7291 4 2 1 5 1676 1532 2119 2164
7292 4 2 1 5 1486 1946 1701 2444
7293 4 2 1 5 1598 1953 683 2356
7294 4 2 1 5 1969 2191 1483 2504
7295 4 2 1 5 1427 1997 1707 2045
7296 4 2 1 5 16 1545 114 2260
7297 4 2 1 5 1332 1604 1700 1830
7298 4 2 1 5 183 204 898 1716
7299 4 2 1 5 1387 1737 1519 1951
7300 4 2 1 5 976 1841 1037 2355
7301 4 2 1 5 61 2134 1495 2466
7302 4 2 1 5 1430 1811 1508 1988
7303 4 2 1 5 1339 2013 1885 2135
7304 4 2 1 5 1615 1771 293 2128
7305 4 2 1 5 1730 2120 1422 2441
7306 4 2 1 5 1450 1642 1465 2034
7307 4 2 1 5 1349 1526 1758 1854
7308 4 2 1 5 1432 1708 1698 2178
7309 4 2 1 5 234 238 236 2273
7310 4 2 1 5 925 645 992 1897
7311 4 2 1 5 1053 1127 665 2058
7312 4 2 1 5 295 292 308 2228
7313 4 2 1 5 670 1560 669 2127
7314 4 2 1 5 1716 1856 183 2336
7315 4 2 1 5 1587 1403 2024 2290
7316 4 2 1 5 1445 1634 1800 2491
7317 4 2 1 5 289 2128 129 2154
7318 4 2 1 5 940 1614 772 1886
7319 4 2 1 5 637 1880 1646 2149
7320 4 2 1 5 1853 1661 2047 2434
7321 4 2 1 5 1773 2333 1486 2444
7322 4 2 1 5 287 282 1673 2046
7323 4 2 1 5 952 1953 1675 2295
7324 4 2 1 5 1361 1841 1511 2086
7325 4 2 1 5 1342 1900 1887 2289
7326 4 2 1 5 4 46 1657 2159
7327 4 2 1 5 192 1884 1629 2505
7328 4 2 1 5 1160 1901 1568 1963
7329 4 2 1 5 1537 1465 1879 2473
7330 4 2 1 5 437 883 1924 2041
7331 4 2 1 5 1317 1639 2100 2287
7332 4 2 1 5 873 958 659 2014
7333 4 2 1 5 1616 1849 1807 2375
7334 4 2 1 5 1057 1557 701 2295
7335 4 2 1 5 1351 1643 1756 2306
7336 4 2 1 5 837 1631 2010 2059
7337 4 2 1 5 1087 1797 2288 2513
7338 4 2 1 5 112 1539 1927 2074
7339 4 2 1 5 963 496 947 1542
7340 4 2 1 5 1459 2188 1637 2370
7341 4 2 1 5 1328 1627 2294 2331
7342 4 2 1 5 487 732 1016 2386
7343 4 2 1 5 1360 1676 1582 2250
7344 4 2 1 5 1018 1699 679 2050
7345 4 2 1 5 1576 1801 1335 2162
7346 4 2 1 5 319 252 1654 2324
7347 4 2 1 5 1629 1884 192 2203
7348 4 2 1 5 1318 1619 1676 2116
7349 4 2 1 5 1131 1748 1578 2424
7350 4 2 1 5 54 53 2071 2161
7351 4 2 1 5 1688 1390 2230 2332
7352 4 2 1 5 1008 722 621 1585
7353 4 2 1 5 1392 2038 1585 2350
7354 4 2 1 5 585 1569 1042 2040
7355 4 2 1 5 1505 1393 1925 2151
7356 4 2 1 5 1059 853 899 1618
7357 4 2 1 5 674 616 543 1528
7358 4 2 1 5 830 2186 1011 2468
7359 4 2 1 5 1033 673 1112 2343
7360 4 2 1 5 1703 1759 1466 1828
7361 4 2 1 5 1601 2446 1968 2502
7362 4 2 1 5 1585 1878 1404 1967
7363 4 2 1 5 599 1579 554 2080
7364 4 2 1 5 1371 1633 1727 2440
7365 4 2 1 5 639 1751 186 1977
7366 4 2 1 5 1790 1853 1385 2047
7367 4 2 1 5 162 1658 677 2215
7368 4 2 1 5 1837 2095 1570 2132
7369 4 2 1 5 1684 2062 1548 2265
7370 4 2 1 5 1397 1644 2035 2114
7371 4 2 1 5 339 2216 2199 2325
7372 4 2 1 5 1434 1852 1545 2385
7373 4 2 1 5 1680 1684 1382 2352
7374 4 2 1 5 1337 1689 1652 2488
7375 4 2 1 5 1596 1663 1880 2194
7376 4 2 1 5 1503 1922 1552 2005
7377 4 2 1 5 1488 945 2124 2443
7378 4 2 1 5 613 1749 1530 1978
7379 4 2 1 5 1777 2413 1940 2450
7380 4 2 1 5 823 349 343 1922
7381 4 2 1 5 2008 2167 1588 2242
7382 4 2 1 5 938 1850 1883 2123
7383 4 2 1 5 2056 2244 1485 2414
7384 4 2 1 5 35 1937 1441 1947
7385 4 2 1 5 1410 1725 1706 2185
7386 4 2 1 5 1624 1413 2022 2369
7387 4 2 1 5 1868 2107 1478 2461
7388 4 2 1 5 610 1812 608 2272
7389 4 2 1 5 1442 1617 1988 2464
7390 4 2 1 5 1940 2413 1581 2450
7391 4 2 1 5 578 615 1591 1992
7392 4 2 1 5 1596 1880 1663 2412
7393 4 2 1 5 1539 1927 1433 2150
7394 4 2 1 5 1989 2159 1507 2238
7395 4 2 1 5 1493 1397 1923 2042
7396 4 2 1 5 405 424 1975 2058
7397 4 2 1 5 1445 2168 1885 2315
7398 4 2 1 5 1327 2398 1719 2451
7399 4 2 1 5 1633 1727 1496 2098
7400 4 2 1 5 192 867 1884 2505
7401 4 2 1 5 790 1659 1834 2251
7402 4 2 1 5 1584 1816 1367 2218
7403 4 2 1 5 422 463 1931 1986
7404 4 2 1 5 1118 284 275 1670
7405 4 2 1 5 1444 1797 1981 2293
7406 4 2 1 5 234 236 235 1627
7407 4 2 1 5 1339 1914 1555 2135
7408 4 2 1 5 1875 2219 1509 2421
7409 4 2 1 5 1779 2057 1488 2112
7410 4 2 1 5 1394 1983 1830 2211
7411 4 2 1 5 1412 1892 1881 1979
7412 4 2 1 5 442 675 679 1571
7413 4 2 1 5 236 1627 869 2143
7414 4 2 1 5 1354 1566 1930 2031
7415 4 2 1 5 1352 1863 1818 2481
7416 4 2 1 5 1343 2158 1581 2506
7417 4 2 1 5 1419 2043 1665 2122
7418 4 2 1 5 1866 1890 1540 2393
7419 4 2 1 5 1377 1764 1664 2117
7420 4 2 1 5 320 252 902 1654
7421 4 2 1 5 926 1511 976 2355
7422 4 2 1 5 1634 1950 1835 2376
7423 4 2 1 5 1625 1786 1457 2279
7424 4 2 1 5 1918 2297 1554 2364
7425 4 2 1 5 837 699 256 2010
7426 4 2 1 5 1315 1548 1744 2062
7427 4 2 1 5 1513 1391 2031 2058
7428 4 2 1 5 1403 2050 1664 2231
7429 4 2 1 5 1608 2052 1342 2357
7430 4 2 1 5 1388 1680 1684 2238
7431 4 2 1 5 1570 1748 48 2054
7432 4 2 1 5 655 1935 657 2259
7433 4 2 1 5 1518 1835 1634 2005
7434 4 2 1 5 755 1633 15 2260
7435 4 2 1 5 396 1534 434 2328
7436 4 2 1 5 679 1571 675 2050
7437 4 2 1 5 670 1948 1560 2127
7438 4 2 1 5 268 842 266 1712
7439 4 2 1 5 50 1507 1870 2241
7440 4 2 1 5 1469 1940 1581 1959
7441 4 2 1 5 1607 1475 2001 2158
7442 4 2 1 5 333 844 843 2115
7443 4 2 1 5 1771 2228 2131 2474
7444 4 2 1 5 1378 1898 1688 2357
7445 4 2 1 5 1366 1795 1978 2025
7446 4 2 1 5 1525 1704 1376 2033
7447 4 2 1 5 1135 1632 1155 1909
7448 4 2 1 5 50 4 1630 1870
7449 4 2 1 5 488 1785 544 2050
7450 4 2 1 5 1567 2190 1709 2346
7451 4 2 1 5 605 724 604 2106
7452 4 2 1 5 569 2189 568 2407
7453 4 2 1 5 142 1824 143 1871
7454 4 2 1 5 1356 1741 1633 2055
7455 4 2 1 5 1557 2016 1057 2147
7456 4 2 1 5 1677 1755 1422 2063
7457 4 2 1 5 1343 1588 2167 2242
7458 4 2 1 5 1200 1198 1197 1792
7459 4 2 1 5 435 1789 359 2232
7460 4 2 1 5 1699 1743 1380 2231
7461 4 2 1 5 1341 1980 1566 2220
7462 4 2 1 5 1516 2012 1828 2438
7463 4 2 1 5 1394 1949 1595 1983
7464 4 2 1 5 200 182 804 1933
7465 4 2 1 5 1540 1866 1718 2121
7466 4 2 1 5 671 1089 1585 2038
7467 4 2 1 5 1340 1807 1725 2302
7468 4 2 1 5 1454 2301 1795 2372
7469 4 2 1 5 1797 1554 1981 2297
7470 4 2 1 5 396 2029 1534 2328
7471 4 2 1 5 35 1441 1937 2019
7472 4 2 1 5 554 1883 555 2360
7473 4 2 1 5 861 440 432 2025
7474 4 2 1 5 1577 2201 2308 2458
7475 4 2 1 5 1676 2250 2179 2342
7476 4 2 1 5 1482 1893 1734 2386
7477 4 2 1 5 1639 1414 2100 2287
7478 4 2 1 5 1975 2058 1513 2515
7479 4 2 1 5 56 1800 1634 2202
7480 4 2 1 5 112 748 1539 2074
7481 4 2 1 5 606 959 593 1811
7482 4 2 1 5 1314 1828 1600 2012
7483 4 2 1 5 1476 1913 1638 2307
7484 4 2 1 5 1564 1920 1764 2060
7485 4 2 1 5 1350 1950 1634 1964
7486 4 2 1 5 861 1795 440 2025
7487 4 2 1 5 1501 1983 1429 2486
7488 4 2 1 5 1559 2233 1847 2326
7489 4 2 1 5 1678 1691 1341 2220
7490 4 2 1 5 1315 1744 1548 2265
7491 4 2 1 5 1462 1755 1621 1991
7492 4 2 1 5 132 1608 131 1973
7493 4 2 1 5 1876 2083 1529 2372
7494 4 2 1 5 1688 2068 1378 2132
7495 4 2 1 5 1173 1570 1132 1882
7496 4 2 1 5 1664 1764 1377 2247
7497 4 2 1 5 1389 1865 1784 2271
7498 4 2 1 5 1321 1679 1568 2168
7499 4 2 1 5 1723 1799 1538 2255
7500 4 2 1 5 1011 1512 2346 2468
7501 4 2 1 5 901 587 1056 2039
7502 4 2 1 5 1509 1875 1356 2484
7503 4 2 1 5 1443 1592 1911 2382
7504 4 2 1 5 1427 1997 1526 2139
7505 4 2 1 5 428 2106 1576 2415
7506 4 2 1 5 405 2058 1513 2130
7507 4 2 1 5 832 1717 833 2129
7508 4 2 1 5 1350 1585 1673 1939
7509 4 2 1 5 1171 1625 1144 2159
7510 4 2 1 5 1895 1896 364 1934
7511 4 2 1 5 1312 2185 2007 2286
7512 4 2 1 5 1910 2021 1775 2263
7513 4 2 1 5 121 936 687 2223
7514 4 2 1 5 363 380 365 1820
7515 4 2 1 5 1482 1893 1631 2334
7516 4 2 1 5 58 1137 1860 2368
7517 4 2 1 5 1493 2214 399 2513
7518 4 2 1 5 977 1787 563 2076
7519 4 2 1 5 1686 1915 461 2058
7520 4 2 1 5 1113 878 1058 1612
7521 4 2 1 5 1341 1566 1997 2220
7522 4 2 1 5 1093 2146 678 2333
7523 4 2 1 5 588 633 1564 2117
7524 4 2 1 5 903 376 1554 2297
7525 4 2 1 5 497 1853 1661 2327
7526 4 2 1 5 420 1550 1098 2354
7527 4 2 1 5 507 1971 2218 2269
7528 4 2 1 5 1419 1542 1790 1853
7529 4 2 1 5 442 1571 679 2479
7530 4 2 1 5 790 153 151 1834
7531 4 2 1 5 1422 1755 1957 2183
7532 4 2 1 5 1558 2171 1998 2235
7533 4 2 1 5 750 1576 428 2106
7534 4 2 1 5 1796 1985 1458 2004
7535 4 2 1 5 804 855 640 1751
7536 4 2 1 5 633 514 1912 2117
7537 4 2 1 5 1415 2100 1632 2170
7538 4 2 1 5 1994 2321 1437 2512
7539 4 2 1 5 1384 2138 1715 2171
7540 4 2 1 5 1456 1666 1823 2409
7541 4 2 1 5 1071 765 2098 2309
7542 4 2 1 5 1515 1369 1745 2080
7543 4 2 1 5 750 1070 428 2044
7544 4 2 1 5 799 463 422 1986
7545 4 2 1 5 344 1552 561 2046
7546 4 2 1 5 463 1714 792 1931
7547 4 2 1 5 1392 1891 1506 2227
7548 4 2 1 5 1386 1905 1850 2453
7549 4 2 1 5 1575 1962 1540 2134
7550 4 2 1 5 1537 1879 1465 2019
7551 4 2 1 5 1419 2122 1665 2323
7552 4 2 1 5 1333 1681 1647 1943
7553 4 2 1 5 615 576 578 1591
7554 4 2 1 5 1351 1857 1643 2096
7555 4 2 1 5 233 1559 818 1905
7556 4 2 1 5 1379 1578 1985 2109
7557 4 2 1 5 60 1575 2120 2134
7558 4 2 1 5 1778 2131 1410 2494
7559 4 2 1 5 1733 1909 1442 2490
7560 4 2 1 5 1785 2164 1403 2247
7561 4 2 1 5 1679 1415 1926 2454
7562 4 2 1 5 657 2014 656 2259
7563 4 2 1 5 507 892 1971 2269
7564 4 2 1 5 1669 2099 1705 2396
7565 4 2 1 5 561 1803 1552 2514
7566 4 2 1 5 606 702 703 2443
7567 4 2 1 5 1489 2026 1817 2304
7568 4 2 1 5 1335 1863 1535 2162
7569 4 2 1 5 920 227 256 1523
7570 4 2 1 5 305 444 776 2196
7571 4 2 1 5 380 1011 365 1820
7572 4 2 1 5 1478 2106 1576 2166
7573 4 2 1 5 684 589 1051 1990
7574 4 2 1 5 1351 1661 1857 2047
7575 4 2 1 5 1561 2277 1874 2482
7576 4 2 1 5 804 1525 212 2351
7577 4 2 1 5 1450 1979 1583 2239
7578 4 2 1 5 1353 1849 1522 2122
7579 4 2 1 5 1502 2087 1546 2385
7580 4 2 1 5 1532 2119 1800 2207
7581 4 2 1 5 1387 2208 1784 2476
7582 4 2 1 5 1607 2167 2008 2242
7583 4 2 1 5 507 1971 892 2218
7584 4 2 1 5 955 1871 1544 2298
7585 4 2 1 5 1358 1916 1482 2242
7586 4 2 1 5 1706 1725 1408 2144
7587 4 2 1 5 1702 2082 1465 2473
7588 4 2 1 5 1356 2088 1741 2462
7589 4 2 1 5 1828 2012 1516 2084
7590 4 2 1 5 1589 1855 998 2052
7591 4 2 1 5 1636 1364 2165 2343
7592 4 2 1 5 563 976 926 1511
7593 4 2 1 5 48 1748 1570 2109
7594 4 2 1 5 1720 1949 1595 2347
7595 4 2 1 5 627 1635 600 2160
7596 4 2 1 5 1372 2070 2060 2168
7597 4 2 1 5 1204 2019 2002 2445
7598 4 2 1 5 1657 2121 1718 2238
7599 4 2 1 5 1324 1541 1735 2348
7600 4 2 1 5 43 1817 2026 2304
7601 4 2 1 5 1384 1695 2138 2397
7602 4 2 1 5 122 30 999 1765
7603 4 2 1 5 1566 1919 42 1930
7604 4 2 1 5 1490 1735 1671 2481
7605 4 2 1 5 1405 1759 1703 1828
7606 4 2 1 5 890 1893 486 2022
7607 4 2 1 5 1400 2408 2137 2510
7608 4 2 1 5 1631 1893 1543 2334
7609 4 2 1 5 1534 1810 1394 1944
7610 4 2 1 5 1189 1648 1974 2423
7611 4 2 1 5 1373 1502 1894 2356
7612 4 2 1 5 396 908 434 1534
7613 4 2 1 5 2160 2189 569 2407
7614 4 2 1 5 1681 1947 34 2089
7615 4 2 1 5 1415 1926 1901 2213
7616 4 2 1 5 1685 1804 1136 2418
7617 4 2 1 5 734 636 1077 2341
7618 4 2 1 5 1538 1799 1690 2410
7619 4 2 1 5 1634 2376 1334 2491
7620 4 2 1 5 858 1847 1666 2273
7621 4 2 1 5 1433 1539 1848 2074
7622 4 2 1 5 507 2218 1605 2269
7623 4 2 1 5 1741 2055 1356 2462
7624 4 2 1 5 1463 1929 1592 2226
7625 4 2 1 5 600 627 942 1635
7626 4 2 1 5 172 1040 847 2314
7627 4 2 1 5 1442 1909 1733 2173
7628 4 2 1 5 1708 1980 1698 2178
7629 4 2 1 5 163 1536 863 2388
7630 4 2 1 5 1209 1217 1630 2219
7631 4 2 1 5 1491 1686 1750 1965
7632 4 2 1 5 1414 1700 1604 2320
7633 4 2 1 5 460 2327 1661 2469
7634 4 2 1 5 398 1923 833 2214
7635 4 2 1 5 1431 2101 1674 2178
7636 4 2 1 5 212 1525 1970 2351
7637 4 2 1 5 307 269 267 2085
7638 4 2 1 5 1545 1852 2260 2440
7639 4 2 1 5 1407 1673 1655 1939
7640 4 2 1 5 596 897 178 2055
7641 4 2 1 5 1422 1790 1575 2268
7642 4 2 1 5 1383 1820 1553 1934
7643 4 2 1 5 656 2014 1925 2259
7644 4 2 1 5 1433 1848 1539 2150
7645 4 2 1 5 1361 1803 1511 1841
7646 4 2 1 5 1360 1676 1619 2116
7647 4 2 1 5 1538 1808 1363 2410
7648 4 2 1 5 1752 2152 1452 2417
7649 4 2 1 5 1439 1904 1648 2037
7650 4 2 1 5 1333 1517 2006 2275
7651 4 2 1 5 1727 1848 1495 2150
7652 4 2 1 5 356 354 355 1573
7653 4 2 1 5 1583 1801 1526 1930
7654 4 2 1 5 172 2243 1649 2314
7655 4 2 1 5 1326 1807 1706 2458
7656 4 2 1 5 1388 2159 2193 2238
7657 4 2 1 5 1825 2164 1532 2247
7658 4 2 1 5 125 1898 1608 2478
7659 4 2 1 5 1372 1764 1564 1912
7660 4 2 1 5 1478 1576 2106 2415
7661 4 2 1 5 778 773 2177 2404
7662 4 2 1 5 1352 1490 1863 2481
7663 4 2 1 5 1715 2138 1384 2292
7664 4 2 1 5 428 2044 1070 2256
7665 4 2 1 5 1382 1829 1536 1834
7666 4 2 1 5 903 1554 376 2288
7667 4 2 1 5 496 1542 963 2463
7668 4 2 1 5 177 176 1819 1856
7669 4 2 1 5 1946 2040 841 2333
7670 4 2 1 5 2056 2191 1641 2504
7671 4 2 1 5 399 426 1923 2339
7672 4 2 1 5 789 1731 1111 1884
7673 4 2 1 5 1578 1985 1458 2009
7674 4 2 1 5 1345 1937 1613 2435
7675 4 2 1 5 1485 2244 1869 2387
7676 4 2 1 5 992 680 162 1897
7677 4 2 1 5 1538 1363 1799 2410
7678 4 2 1 5 1390 1731 1517 2394
7679 4 2 1 5 1966 1967 1878 2038
7680 4 2 1 5 456 885 590 1742
7681 4 2 1 5 1530 531 1978 2253
7682 4 2 1 5 1018 1699 916 2479
7683 4 2 1 5 1350 1638 1964 2198
7684 4 2 1 5 1680 1989 1507 2238
7685 4 2 1 5 707 196 961 2406
7686 4 2 1 5 629 1944 540 2091
7687 4 2 1 5 1312 1791 2007 2307
7688 4 2 1 5 1795 1978 531 2253
7689 4 2 1 5 59 1677 2120 2441
7690 4 2 1 5 1591 1791 1355 2227
7691 4 2 1 5 1596 1663 1443 2501
7692 4 2 1 5 660 661 659 2471
7693 4 2 1 5 606 1021 959 2111
7694 4 2 1 5 1406 1817 1672 2174
7695 4 2 1 5 1793 1876 1470 2011
7696 4 2 1 5 1678 1810 1534 2328
7697 4 2 1 5 1131 1578 1954 2424
7698 4 2 1 5 1821 2283 2061 2382
7699 4 2 1 5 1820 1567 2322 2503
7700 4 2 1 5 264 2081 1712 2149
7701 4 2 1 5 1327 2184 1783 2501
7702 4 2 1 5 741 621 722 1787
7703 4 2 1 5 1536 1834 1659 1906
7704 4 2 1 5 1326 2150 1807 2458
7705 4 2 1 5 563 1511 926 2076
7706 4 2 1 5 1352 1818 1710 2481
7707 4 2 1 5 1006 1547 1114 2282
7708 4 2 1 5 923 1838 1622 2489
7709 4 2 1 5 1734 2369 1413 2480
7710 4 2 1 5 344 343 347 1922
7711 4 2 1 5 1205 1873 1832 2094
7712 4 2 1 5 583 785 2379 2412
7713 4 2 1 5 517 1646 637 1880
7714 4 2 1 5 1349 1758 1595 1983
7715 4 2 1 5 1545 2049 114 2260
7716 4 2 1 5 1457 1692 2140 2389
7717 4 2 1 5 1522 335 2128 2248
7718 4 2 1 5 1683 2048 1590 2405
7719 4 2 1 5 1640 2347 1349 2496
7720 4 2 1 5 1710 1818 1352 1845
7721 4 2 1 5 1444 1767 1554 2288
7722 4 2 1 5 1678 1691 2220 2515
7723 4 2 1 5 465 1986 1605 2218
7724 4 2 1 5 624 941 1987 2312
7725 4 2 1 5 1652 1905 443 2123
7726 4 2 1 5 1189 1974 1153 2423
7727 4 2 1 5 1395 1882 1570 2089
7728 4 2 1 5 727 1116 1577 2201
7729 4 2 1 5 192 1946 1629 2203
7730 4 2 1 5 1018 679 1699 2479
7731 4 2 1 5 41 1804 1169 1919
7732 4 2 1 5 1438 1569 1782 2028
7733 4 2 1 5 498 581 216 1970
7734 4 2 1 5 904 1686 411 1965
7735 4 2 1 5 1697 2160 569 2407
7736 4 2 1 5 1316 1601 2015 2067
7737 4 2 1 5 734 2149 636 2341
7738 4 2 1 5 430 1738 1640 2107
7739 4 2 1 5 1341 1534 2020 2229
7740 4 2 1 5 1140 1959 1556 2001
7741 4 2 1 5 181 1757 179 1933
7742 4 2 1 5 1131 1174 1175 1985
7743 4 2 1 5 2045 2130 405 2515
7744 4 2 1 5 1707 2045 1513 2130
7745 4 2 1 5 1406 1672 1817 2036
7746 4 2 1 5 1433 1747 1522 2128
7747 4 2 1 5 1526 1801 1583 1979
7748 4 2 1 5 559 1861 784 1862
7749 4 2 1 5 1657 1748 1388 2054
7750 4 2 1 5 877 1674 1935 2259
7751 4 2 1 5 1141 60 1730 2441
7752 4 2 1 5 615 1891 1591 1992
7753 4 2 1 5 61 1616 60 2094
7754 4 2 1 5 1325 2322 1567 2503
7755 4 2 1 5 172 847 2243 2314
7756 4 2 1 5 1390 1688 2188 2332
7757 4 2 1 5 1589 1608 1898 2357
7758 4 2 1 5 1652 1826 1594 2488
7759 4 2 1 5 1698 1708 1432 2153
7760 4 2 1 5 1015 1002 844 1805
7761 4 2 1 5 1526 1566 1997 1999
7762 4 2 1 5 1427 1707 1997 2139
7763 4 2 1 5 1533 1837 1748 2067
7764 4 2 1 5 60 1616 61 2134
7765 4 2 1 5 1652 1689 1337 2205
7766 4 2 1 5 158 163 165 1829
7767 4 2 1 5 1595 1758 1349 2496
7768 4 2 1 5 1427 1758 1595 2496
7769 4 2 1 5 355 1573 354 2030
7770 4 2 1 5 1199 1193 40 2361
7771 4 2 1 5 1824 1887 1544 2359
7772 4 2 1 5 1313 1690 1879 2473
7773 4 2 1 5 1609 1381 1996 2084
7774 4 2 1 5 1081 875 599 1579
7775 4 2 1 5 1664 1403 2231 2247
7776 4 2 1 5 402 401 2328 2515
7777 4 2 1 5 1435 1908 2276 2408
7778 4 2 1 5 1520 1910 1775 2416
7779 4 2 1 5 1598 1769 1502 1812
7780 4 2 1 5 1330 1762 1558 2053
7781 4 2 1 5 365 1011 367 1895
7782 4 2 1 5 60 1575 2134 2377
7783 4 2 1 5 131 132 125 1608
7784 4 2 1 5 146 155 161 1563
7785 4 2 1 5 1594 2210 1689 2488
7786 4 2 1 5 1324 1544 2280 2359
7787 4 2 1 5 1691 2029 1431 2101
7788 4 2 1 5 942 208 956 2209
7789 4 2 1 5 1627 1847 234 2273
7790 4 2 1 5 1821 1443 2264 2382
7791 4 2 1 5 426 1923 1729 2284
7792 4 2 1 5 1387 1784 1737 2447
7793 4 2 1 5 1140 2001 1556 2319
7794 4 2 1 5 1464 1888 2137 2234
7795 4 2 1 5 1434 1545 2049 2385
7796 4 2 1 5 1402 1535 1863 2162
7797 4 2 1 5 1393 1674 1587 2259
7798 4 2 1 5 1508 2057 1772 2274
7799 4 2 1 5 1368 1918 1902 2186
7800 4 2 1 5 1338 2072 1621 2497
7801 4 2 1 5 115 729 1746 2093
7802 4 2 1 5 30 1765 2102 2427
7803 4 2 1 5 1211 1213 1212 1832
7804 4 2 1 5 1946 2333 948 2444
7805 4 2 1 5 1545 2358 1852 2440
7806 4 2 1 5 1213 1832 1872 2094
7807 4 2 1 5 1374 1558 2053 2142
7808 4 2 1 5 1322 1672 1981 2293
7809 4 2 1 5 237 228 227 1683
7810 4 2 1 5 1348 1654 1910 2392
7811 4 2 1 5 1477 2025 1812 2272
7812 4 2 1 5 120 14 1886 1907
7813 4 2 1 5 1743 1440 1860 2482
7814 4 2 1 5 1342 1608 1688 2188
7815 4 2 1 5 1501 1733 1642 2034
7816 4 2 1 5 615 943 576 1591
7817 4 2 1 5 1513 2031 1686 2058
7818 4 2 1 5 1348 1623 1910 2349
7819 4 2 1 5 1622 2450 1970 2489
7820 4 2 1 5 250 1775 243 1910
7821 4 2 1 5 1210 1218 54 2071
7822 4 2 1 5 1346 2033 1704 2450
7823 4 2 1 5 1346 1864 1726 2286
7824 4 2 1 5 1365 1784 1644 1952
7825 4 2 1 5 575 983 2169 2253
7826 4 2 1 5 1567 1935 659 2471
7827 4 2 1 5 1312 1725 1706 2144
7828 4 2 1 5 877 1935 655 2259
7829 4 2 1 5 1376 1746 1704 2157
7830 4 2 1 5 1509 1875 1870 2219
7831 4 2 1 5 492 2284 1729 2495
7832 4 2 1 5 1586 2433 1967 2498
7833 4 2 1 5 1357 1884 1659 2505
7834 4 2 1 5 1560 2329 1968 2502
7835 4 2 1 5 466 1818 1605 2300
7836 4 2 1 5 675 2050 1571 2384
7837 4 2 1 5 1654 2079 1520 2392
7838 4 2 1 5 56 1179 1800 2202
7839 4 2 1 5 1614 2253 1530 2432
7840 4 2 1 5 1659 1906 1834 2383
7841 4 2 1 5 1513 405 2130 2515
7842 4 2 1 5 1093 1569 2146 2333
7843 4 2 1 5 478 2143 2111 2362
7844 4 2 1 5 585 1042 841 2040
7845 4 2 1 5 460 497 502 1661
7846 4 2 1 5 1766 1809 745 2429
7847 4 2 1 5 1423 1791 2061 2192
7848 4 2 1 5 361 864 363 1934
7849 4 2 1 5 10 2154 1927 2308
7850 4 2 1 5 130 131 125 2052
7851 4 2 1 5 1397 1644 1839 2042
7852 4 2 1 5 903 383 378 1797
7853 4 2 1 5 1563 1982 1435 2103
7854 4 2 1 5 1825 2119 1532 2164
7855 4 2 1 5 1001 649 434 1810
7856 4 2 1 5 936 1829 687 2223
7857 4 2 1 5 1607 2001 1959 2158
7858 4 2 1 5 344 561 290 2046
7859 4 2 1 5 1587 2051 2075 2290
7860 4 2 1 5 1570 2054 1882 2477
7861 4 2 1 5 1128 1814 2147 2223
7862 4 2 1 5 1846 2090 1611 2138
7863 4 2 1 5 1516 1364 2084 2400
7864 4 2 1 5 1023 1057 2016 2147
7865 4 2 1 5 1720 1983 1429 2065
7866 4 2 1 5 1418 1940 1806 2303
7867 4 2 1 5 1658 2244 2056 2414
7868 4 2 1 5 311 821 819 1911
7869 4 2 1 5 192 867 667 1884
7870 4 2 1 5 1604 1963 1416 2320
7871 4 2 1 5 321 1720 2324 2455
7872 4 2 1 5 1120 574 957 1858
7873 4 2 1 5 1667 1501 2392 2486
7874 4 2 1 5 762 116 1908 2103
7875 4 2 1 5 48 1131 1748 2109
7876 4 2 1 5 1645 1688 1342 2357
7877 4 2 1 5 1850 1905 1559 2453
7878 4 2 1 5 340 1768 337 2325
7879 4 2 1 5 1558 2197 1396 2235
7880 4 2 1 5 430 1640 1738 2347
7881 4 2 1 5 1429 1720 1949 1983
7882 4 2 1 5 1166 1133 1662 2175
7883 4 2 1 5 616 1528 674 2387
7884 4 2 1 5 788 987 764 2478
7885 4 2 1 5 1396 1724 1600 2197
7886 4 2 1 5 608 607 878 2272
7887 4 2 1 5 1322 1784 1644 2042
7888 4 2 1 5 353 388 839 1711
7889 4 2 1 5 1361 1511 1732 2086
7890 4 2 1 5 231 232 233 1847
7891 4 2 1 5 1447 2114 1938 2502
7892 4 2 1 5 1313 2239 1653 2276
7893 4 2 1 5 1514 1924 1785 2290
7894 4 2 1 5 1456 1666 1847 2326
7895 4 2 1 5 1790 2047 1422 2430
7896 4 2 1 5 964 833 1717 2129
7897 4 2 1 5 1736 2329 1560 2495
7898 4 2 1 5 1341 2020 1619 2229
7899 4 2 1 5 1558 1314 1998 2142
7900 4 2 1 5 830 367 1011 2186
7901 4 2 1 5 1664 2050 1571 2231
7902 4 2 1 5 354 1573 356 2252
7903 4 2 1 5 1348 1520 2021 2392
7904 4 2 1 5 636 637 517 1646
7905 4 2 1 5 1414 1963 1700 2320
7906 4 2 1 5 1595 1349 2347 2496
7907 4 2 1 5 1143 1182 45 1985
7908 4 2 1 5 581 1970 498 2059
7909 4 2 1 5 1604 2179 2250 2342
7910 4 2 1 5 1442 1842 1617 2464
7911 4 2 1 5 384 1737 379 1951
7912 4 2 1 5 1374 2048 1523 2405
7913 4 2 1 5 1613 1937 1483 2435
7914 4 2 1 5 1634 1950 2376 2491
7915 4 2 1 5 1422 2047 1755 2430
7916 4 2 1 5 1074 435 1123 1925
7917 4 2 1 5 938 582 1012 2123
7918 4 2 1 5 50 1171 1185 2241
7919 4 2 1 5 1849 2150 1807 2375
7920 4 2 1 5 345 2041 1768 2325
7921 4 2 1 5 1018 916 679 2479
7922 4 2 1 5 1414 1639 2213 2320
7923 4 2 1 5 1451 2182 1969 2191
7924 4 2 1 5 1567 2014 1820 2346
7925 4 2 1 5 964 832 833 2129
7926 4 2 1 5 1058 1612 878 1976
7927 4 2 1 5 1611 1715 2138 2171
7928 4 2 1 5 1399 2057 1779 2112
7929 4 2 1 5 1402 1584 1931 2155
7930 4 2 1 5 1333 2006 1517 2426
7931 4 2 1 5 732 1482 2059 2386
7932 4 2 1 5 1393 1587 1925 2259
7933 4 2 1 5 1607 1916 1798 2242
7934 4 2 1 5 1113 878 1612 2272
7935 4 2 1 5 531 1795 508 1978
7936 4 2 1 5 1511 1841 1803 2355
7937 4 2 1 5 1437 1772 1599 2274
7938 4 2 1 5 1342 1688 1608 2357
7939 4 2 1 5 1394 1810 1534 2020
7940 4 2 1 5 1374 1724 1590 2405
7941 4 2 1 5 1469 1831 1940 2225
7942 4 2 1 5 1366 1978 1812 2025
7943 4 2 1 5 1921 1483 2056 2414
7944 4 2 1 5 1736 1968 1560 2329
7945 4 2 1 5 1703 2165 1364 2343
7946 4 2 1 5 1316 2015 1601 2114
7947 4 2 1 5 1646 2149 1827 2341
7948 4 2 1 5 908 1944 1534 2039
7949 4 2 1 5 1317 1617 1988 2287
7950 4 2 1 5 1486 1840 1682 2217
7951 4 2 1 5 531 613 1530 1978
7952 4 2 1 5 1377 1564 1764 2117
7953 4 2 1 5 27 998 1855 2052
7954 4 2 1 5 978 1746 730 2176
7955 4 2 1 5 1367 1605 1971 2269
7956 4 2 1 5 1409 1723 1799 2221
7957 4 2 1 5 1354 1513 1997 2031
7958 4 2 1 5 2131 2228 1615 2474
7959 4 2 1 5 743 1749 989 1978
7960 4 2 1 5 334 237 920 2048
7961 4 2 1 5 1346 2061 1635 2286
7962 4 2 1 5 1557 2270 1675 2295
7963 4 2 1 5 701 1814 1055 2295
7964 4 2 1 5 1657 2121 1533 2424
7965 4 2 1 5 154 145 156 2298
7966 4 2 1 5 24 1898 764 2270
7967 4 2 1 5 1523 1374 1833 2048
7968 4 2 1 5 1730 2175 1865 2236
7969 4 2 1 5 1132 1570 48 2054
7970 4 2 1 5 925 1770 645 1897
7971 4 2 1 5 554 555 527 2360
7972 4 2 1 5 1532 2207 1800 2452
7973 4 2 1 5 338 329 2266 2347
7974 4 2 1 5 1402 2017 1584 2155
7975 4 2 1 5 1345 1753 1563 2237
7976 4 2 1 5 1684 2062 1382 2352
7977 4 2 1 5 222 1594 221 2210
7978 4 2 1 5 2061 2192 1821 2382
7979 4 2 1 5 375 1705 1918 2297
7980 4 2 1 5 1394 1602 1763 2211
7981 4 2 1 5 1601 2015 1447 2114
7982 4 2 1 5 190 189 192 1629
7983 4 2 1 5 692 1841 694 2023
7984 4 2 1 5 1452 2180 1752 2417
7985 4 2 1 5 1405 1724 1600 1783
7986 4 2 1 5 1348 1910 1654 2349
7987 4 2 1 5 1471 1832 1638 1913
7988 4 2 1 5 1569 2040 1946 2333
7989 4 2 1 5 10 1927 1577 2308
7990 4 2 1 5 1587 2051 1674 2075
7991 4 2 1 5 1378 2132 2068 2446
7992 4 2 1 5 1373 1533 1684 2087
7993 4 2 1 5 1634 1950 1476 1964
7994 4 2 1 5 1824 1897 142 2215
7995 4 2 1 5 1378 2446 1626 2502
7996 4 2 1 5 1496 2098 2093 2309
7997 4 2 1 5 471 324 1043 1982
7998 4 2 1 5 1331 1718 2121 2238
7999 4 2 1 5 503 304 306 1877
8000 4 2 1 5 1338 1743 1860 2482
8001 4 2 1 5 1816 1960 1493 2293
8002 4 2 1 5 1407 1822 1549 2315
8003 4 2 1 5 1970 2010 1401 2059
8004 4 2 1 5 1502 2126 1894 2356
8005 4 2 1 5 122 999 955 2298
8006 4 2 1 5 1394 1758 1810 2020
8007 4 2 1 5 1728 1869 1528 2221
8008 4 2 1 5 963 947 642 2301
8009 4 2 1 5 772 1614 940 2317
8010 4 2 1 5 1649 2243 1741 2314
8011 4 2 1 5 1783 2264 1821 2501
8012 4 2 1 5 1904 2037 1439 2374
8013 4 2 1 5 1568 1679 1445 2168
8014 4 2 1 5 1558 1998 2197 2235
8015 4 2 1 5 346 1582 345 2325
8016 4 2 1 5 723 994 560 1891
8017 4 2 1 5 710 712 711 1759
8018 4 2 1 5 874 554 1579 1883
8019 4 2 1 5 1078 1572 116 2103
8020 4 2 1 5 1691 2328 401 2515
8021 4 2 1 5 1898 2270 1510 2478
8022 4 2 1 5 1366 1502 1812 1978
8023 4 2 1 5 1397 2284 1938 2329
8024 4 2 1 5 1867 2124 945 2443
8025 4 2 1 5 589 1051 1990 2048
8026 4 2 1 5 287 286 282 2046
8027 4 2 1 5 1404 1787 1732 2198
8028 4 2 1 5 1521 2366 1387 2476
8029 4 2 1 5 1655 279 2305 2379
8030 4 2 1 5 1414 2032 1639 2320
8031 4 2 1 5 908 1534 2029 2039
8032 4 2 1 5 831 1720 971 1949
8033 4 2 1 5 1162 1178 1136 1685
8034 4 2 1 5 596 178 1757 2055
8035 4 2 1 5 346 387 353 1711
8036 4 2 1 5 345 1582 2041 2325
8037 4 2 1 5 1734 2369 483 2386
8038 4 2 1 5 679 1571 2050 2479
8039 4 2 1 5 1164 1668 2133 2371
8040 4 2 1 5 1330 2171 1715 2206
8041 4 2 1 5 1425 1710 2280 2281
8042 4 2 1 5 1591 1877 578 1992
8043 4 2 1 5 286 1673 282 2046
8044 4 2 1 5 1607 2167 1581 2413
8045 4 2 1 5 587 901 1065 2039
8046 4 2 1 5 1548 1744 2140 2265
8047 4 2 1 5 1416 1676 1619 2179
8048 4 2 1 5 1759 1936 1405 1990
8049 4 2 1 5 1517 1851 1420 2275
8050 4 2 1 5 1746 1864 1426 2378
8051 4 2 1 5 144 142 1871 1897
8052 4 2 1 5 507 465 466 1605
8053 4 2 1 5 356 1573 355 2232
8054 4 2 1 5 1662 1165 2133 2371
8055 4 2 1 5 1729 1923 426 2339
8056 4 2 1 5 1580 1668 1440 2365
8057 4 2 1 5 1370 2021 1775 2340
8058 4 2 1 5 1355 1914 1620 2204
8059 4 2 1 5 888 2107 536 2461
8060 4 2 1 5 1761 1768 1484 2449
8061 4 2 1 5 1027 2339 399 2513
8062 4 2 1 5 1529 1795 1366 2025
8063 4 2 1 5 952 1675 1953 2439
8064 4 2 1 5 1847 2233 1456 2326
8065 4 2 1 5 1421 1533 2121 2424
8066 4 2 1 5 1663 1992 1506 2412
8067 4 2 1 5 1497 1319 1972 2442
8068 4 2 1 5 1821 2261 1783 2501
8069 4 2 1 5 2066 2120 1677 2430
8070 4 2 1 5 637 1646 636 2149
8071 4 2 1 5 36 2182 1969 2397
8072 4 2 1 5 190 1629 192 1946
8073 4 2 1 5 764 2016 987 2270
8074 4 2 1 5 1517 1781 2406 2426
8075 4 2 1 5 1459 2414 1658 2426
8076 4 2 1 5 1094 856 556 2387
8077 4 2 1 5 2140 2265 1395 2477
8078 4 2 1 5 1417 1607 1916 2113
8079 4 2 1 5 1312 1706 1725 2185
8080 4 2 1 5 1084 943 615 1891
8081 4 2 1 5 1455 1771 1522 2027
8082 4 2 1 5 1751 1933 1494 1945
8083 4 2 1 5 426 1729 889 2284
8084 4 2 1 5 1473 1780 2344 2410
8085 4 2 1 5 1342 1887 1637 2370
8086 4 2 1 5 1406 2175 1817 2492
8087 4 2 1 5 1672 1981 1669 2208
8088 4 2 1 5 1384 2171 1715 2292
8089 4 2 1 5 935 837 581 2059
8090 4 2 1 5 1542 1793 1385 1853
8091 4 2 1 5 661 873 659 1567
8092 4 2 1 5 1472 1566 1919 2296
8093 4 2 1 5 1430 1508 1811 2111
8094 4 2 1 5 37 2182 1752 2374
8095 4 2 1 5 1611 2138 1384 2171
8096 4 2 1 5 1327 1524 1827 1996
8097 4 2 1 5 1670 1885 1407 2078
8098 4 2 1 5 712 1125 1703 2343
8099 4 2 1 5 952 117 1675 2439
8100 4 2 1 5 1842 1988 1617 2464
8101 4 2 1 5 1321 1568 2213 2320
8102 4 2 1 5 1726 1940 1346 2061
8103 4 2 1 5 1542 1419 1790 2043
8104 4 2 1 5 1516 2438 2400 2453
8105 4 2 1 5 517 636 1646 2194
8106 4 2 1 5 1322 1687 1960 2293
8107 4 2 1 5 1565 1941 1480 2156
8108 4 2 1 5 1508 1859 1988 2274
8109 4 2 1 5 952 1106 117 2439
8110 4 2 1 5 1341 1619 2178 2229
8111 4 2 1 5 988 1098 362 1934
8112 4 2 1 5 1061 648 1020 1595
8113 4 2 1 5 1492 1385 1862 1957
8114 4 2 1 5 1472 1750 2036 2304
8115 4 2 1 5 1533 2121 1657 2238
8116 4 2 1 5 338 329 330 2266
8117 4 2 1 5 1502 1894 1546 2087
8118 4 2 1 5 192 1884 667 2203
8119 4 2 1 5 1205 1214 1832 1873
8120 4 2 1 5 728 1746 978 2201
8121 4 2 1 5 1455 1522 1771 2246
8122 4 2 1 5 1629 1449 2313 2505
8123 4 2 1 5 641 2369 1734 2444
8124 4 2 1 5 683 1953 1598 2428
8125 4 2 1 5 303 1911 1592 2226
8126 4 2 1 5 1619 1676 1360 2179
8127 4 2 1 5 251 2124 802 2416
8128 4 2 1 5 1390 1928 1510 2230
8129 4 2 1 5 662 1776 661 2471
8130 4 2 1 5 1536 1323 1906 2367
8131 4 2 1 5 1508 1779 1772 2057
8132 4 2 1 5 466 1605 465 1986
8133 4 2 1 5 1729 1560 2329 2495
8134 4 2 1 5 1330 1558 1762 2391
8135 4 2 1 5 659 1935 1567 2014
8136 4 2 1 5 1376 1875 1945 2421
8137 4 2 1 5 1403 1505 1899 2024
8138 4 2 1 5 1694 2004 1143 2492
8139 4 2 1 5 1727 1870 1356 1875
8140 4 2 1 5 1593 1809 1766 2460
8141 4 2 1 5 1851 2244 1551 2275
8142 4 2 1 5 1492 1385 1957 2077
8143 4 2 1 5 1775 2021 1520 2340
8144 4 2 1 5 1498 2245 1991 2396
8145 4 2 1 5 1349 1501 1854 1983
8146 4 2 1 5 1431 2029 1711 2051
8147 4 2 1 5 1312 1878 1586 2494
8148 4 2 1 5 313 810 836 2085
8149 4 2 1 5 1478 1794 1576 2415
8150 4 2 1 5 221 1594 222 2488
8151 4 2 1 5 1390 1781 1517 2006
8152 4 2 1 5 176 171 177 1819
8153 4 2 1 5 675 1903 537 2384
8154 4 2 1 5 1577 2201 1116 2308
8155 4 2 1 5 1479 1831 1821 2261
8156 4 2 1 5 1602 1830 2145 2211
8157 4 2 1 5 1995 2089 1527 2457
8158 4 2 1 5 1396 1600 1724 2261
8159 4 2 1 5 466 1605 1986 2300
8160 4 2 1 5 181 1757 1933 2157
8161 4 2 1 5 664 2346 1709 2468
8162 4 2 1 5 1617 2172 1442 2287
8163 4 2 1 5 1527 1688 1645 2132
8164 4 2 1 5 471 1043 635 1780
8165 4 2 1 5 320 319 252 1654
8166 4 2 1 5 1494 1977 1751 2200
8167 4 2 1 5 1653 1753 1441 2237
8168 4 2 1 5 1397 1938 1612 2114
8169 4 2 1 5 1566 1980 1708 2220
8170 4 2 1 5 55 1926 1555 2135
8171 4 2 1 5 826 666 828 1915
8172 4 2 1 5 1493 1960 1687 2293
8173 4 2 1 5 174 173 170 2314
8174 4 2 1 5 1319 1840 1715 2480
8175 4 2 1 5 1680 2224 1684 2238
8176 4 2 1 5 1626 2015 1601 2067
8177 4 2 1 5 1590 1911 1683 2264
8178 4 2 1 5 1659 2251 1357 2383
8179 4 2 1 5 1415 1632 1901 2170
8180 4 2 1 5 1312 1726 2185 2286
8181 4 2 1 5 14 1633 755 2098
8182 4 2 1 5 1461 1940 1726 2061
8183 4 2 1 5 1361 1732 1693 2086
8184 4 2 1 5 663 661 662 1776
8185 4 2 1 5 430 1640 419 2107
8186 4 2 1 5 1763 1949 1429 2324
8187 4 2 1 5 1421 1533 2424 2456
8188 4 2 1 5 1543 2022 1369 2206
8189 4 2 1 5 1569 1486 2217 2480
8190 4 2 1 5 541 1560 1938 2284
8191 4 2 1 5 1111 789 160 1731
8192 4 2 1 5 2063 2183 1422 2441
8193 4 2 1 5 1424 1804 1919 2371
8194 4 2 1 5 1657 2054 1388 2159
8195 4 2 1 5 1361 1942 1841 2086
8196 4 2 1 5 482 483 2369 2386
8197 4 2 1 5 1359 1869 1728 2221
8198 4 2 1 5 1574 1865 1730 2175
8199 4 2 1 5 453 1793 496 2327
8200 4 2 1 5 990 597 1768 2267
8201 4 2 1 5 1355 1620 1914 2227
8202 4 2 1 5 1415 1901 1632 2100
8203 4 2 1 5 1863 2234 1671 2299
8204 4 2 1 5 1135 1632 1909 2490
8205 4 2 1 5 1367 1941 1605 2269
8206 4 2 1 5 1365 1952 1606 2083
8207 4 2 1 5 1687 1960 1493 2399
8208 4 2 1 5 1667 1442 1733 2173
8209 4 2 1 5 1440 2119 2365 2402
8210 4 2 1 5 1655 1673 1407 2305
8211 4 2 1 5 1315 2062 1744 2230
8212 4 2 1 5 1524 1703 1405 2125
8213 4 2 1 5 1624 1773 1413 2369
8214 4 2 1 5 1400 2018 1888 2316
8215 4 2 1 5 2033 2351 1704 2450
8216 4 2 1 5 155 1563 146 2103
8217 4 2 1 5 1332 1650 1667 2173
8218 4 2 1 5 1471 1638 1832 2144
8219 4 2 1 5 1384 2090 1752 2397
8220 4 2 1 5 1437 1599 1994 2274
8221 4 2 1 5 109 28 759 2102
8222 4 2 1 5 1658 1459 2215 2414
8223 4 2 1 5 1153 1556 1974 2319
8224 4 2 1 5 1440 1835 1800 2202
8225 4 2 1 5 1382 1546 1814 2224
8226 4 2 1 5 846 438 401 1691
8227 4 2 1 5 846 1691 401 1975
8228 4 2 1 5 644 1623 941 2312
8229 4 2 1 5 121 1047 19 1546
8230 4 2 1 5 1700 1963 1604 2320
8231 4 2 1 5 1820 1895 1383 2322
8232 4 2 1 5 304 1929 850 2226
8233 4 2 1 5 521 586 890 1543
8234 4 2 1 5 1404 1878 1725 2494
8235 4 2 1 5 1479 2261 1821 2501
8236 4 2 1 5 1419 1522 2122 2323
8237 4 2 1 5 1367 1971 1605 2218
8238 4 2 1 5 624 1987 1808 2312
8239 4 2 1 5 1331 2121 1533 2238
8240 4 2 1 5 1571 1903 1503 1922
8241 4 2 1 5 460 1661 502 2469
8242 4 2 1 5 1394 1595 1949 2091
8243 4 2 1 5 376 1554 2297 2364
8244 4 2 1 5 488 544 740 2050
8245 4 2 1 5 1329 1521 1952 2268
8246 4 2 1 5 1211 1213 1832 1872
8247 4 2 1 5 1359 1528 1869 2221
8248 4 2 1 5 1653 2348 1753 2408
8249 4 2 1 5 1515 1759 1466 2360
8250 4 2 1 5 1765 1888 1572 2137
8251 4 2 1 5 428 981 2106 2415
8252 4 2 1 5 1800 1835 1634 2202
8253 4 2 1 5 1628 2282 1488 2390
8254 4 2 1 5 1394 1763 1949 1983
8255 4 2 1 5 1327 1827 1609 1996
8256 4 2 1 5 1396 1600 2261 2345
8257 4 2 1 5 1569 2028 1319 2217
8258 4 2 1 5 1387 1521 1784 2366
8259 4 2 1 5 228 302 919 2226
8260 4 2 1 5 1400 1888 2018 2234
8261 4 2 1 5 1087 1797 1108 2288
8262 4 2 1 5 1876 2011 1529 2083
8263 4 2 1 5 893 123 2055 2098
8264 4 2 1 5 1590 1405 1774 2264
8265 4 2 1 5 535 1661 619 2434
8266 4 2 1 5 1057 2016 1557 2270
8267 4 2 1 5 1746 2157 1376 2309
8268 4 2 1 5 279 277 278 2305
8269 4 2 1 5 1004 1971 891 2339
8270 4 2 1 5 1314 2012 1600 2197
8271 4 2 1 5 1390 1517 1781 2394
8272 4 2 1 5 1166 1662 2133 2175
8273 4 2 1 5 1475 1798 1656 2506
8274 4 2 1 5 345 950 1768 2041
8275 4 2 1 5 646 647 745 1593
8276 4 2 1 5 1547 2282 1628 2390
8277 4 2 1 5 1313 1653 1690 2344
8278 4 2 1 5 948 1946 203 2333
8279 4 2 1 5 2096 2122 1487 2430
8280 4 2 1 5 1498 1918 1705 2396
8281 4 2 1 5 1475 2001 1625 2279
8282 4 2 1 5 591 2128 335 2248
8283 4 2 1 5 19 1546 1047 2126
8284 4 2 1 5 111 1130 865 1809
8285 4 2 1 5 610 1812 1598 2356
8286 4 2 1 5 233 240 1559 2143
8287 4 2 1 5 1476 2135 2078 2491
8288 4 2 1 5 1395 2006 1744 2140
8289 4 2 1 5 1791 1461 2061 2192
8290 4 2 1 5 1653 2239 1722 2276
8291 4 2 1 5 1735 1352 2281 2481
8292 4 2 1 5 1921 2056 1483 2191
8293 4 2 1 5 1463 1838 1622 2209
8294 4 2 1 5 1444 2288 1797 2513
8295 4 2 1 5 599 1932 1579 2080
8296 4 2 1 5 198 206 585 2040
8297 4 2 1 5 1356 1875 1870 2484
8298 4 2 1 5 483 1734 641 2369
8299 4 2 1 5 1392 1966 1878 2038
8300 4 2 1 5 831 971 643 1949
8301 4 2 1 5 3 2089 1995 2457
8302 4 2 1 5 1651 2090 1611 2163
8303 4 2 1 5 1337 1611 1846 2090
8304 4 2 1 5 1834 2062 1382 2147
8305 4 2 1 5 1703 1813 1364 2165
8306 4 2 1 5 1380 1699 1571 2479
8307 4 2 1 5 1412 1881 1722 1979
8308 4 2 1 5 1385 1793 1542 2064
8309 4 2 1 5 1329 1790 2064 2268
8310 4 2 1 5 1927 2154 1577 2308
8311 4 2 1 5 1502 1373 1894 2087
8312 4 2 1 5 1459 2370 1943 2426
8313 4 2 1 5 1563 1753 1375 2097
8314 4 2 1 5 1384 1998 2171 2235
8315 4 2 1 5 1382 1834 1536 2352
8316 4 2 1 5 1799 1452 2291 2409
8317 4 2 1 5 1209 1630 1872 2219
8318 4 2 1 5 878 1976 1612 2272
8319 4 2 1 5 1566 2031 1997 2220
8320 4 2 1 5 1815 2145 1360 2250
8321 4 2 1 5 1613 1937 2182 2191
8322 4 2 1 5 1432 1975 1776 2220
8323 4 2 1 5 677 1031 972 2215
8324 4 2 1 5 1324 2097 1544 2359
8325 4 2 1 5 619 535 497 1661
8326 4 2 1 5 318 2079 252 2324
8327 4 2 1 5 1415 1660 1555 2425
8328 4 2 1 5 1771 2086 1511 2355
8329 4 2 1 5 1089 285 722 2350
8330 4 2 1 5 1580 1668 1424 1961
8331 4 2 1 5 986 625 859 1666
8332 4 2 1 5 1216 61 60 2094
8333 4 2 1 5 1368 1918 1498 2396
8334 4 2 1 5 721 879 1123 2024
8335 4 2 1 5 43 1190 1583 2003
8336 4 2 1 5 4 1657 1184 1962
8337 4 2 1 5 1358 1798 1916 2242
8338 4 2 1 5 48 1570 1173 2109
8339 4 2 1 5 263 2321 2081 2330
8340 4 2 1 5 1577 1927 11 2093
8341 4 2 1 5 308 310 309 2433
8342 4 2 1 5 1395 1692 2006 2140
8343 4 2 1 5 1566 1919 1708 1980
8344 4 2 1 5 701 1814 1557 2147
8345 4 2 1 5 1456 1823 1666 2326
8346 4 2 1 5 338 2266 1640 2347
8347 4 2 1 5 1403 1664 1785 2247
8348 4 2 1 5 36 1937 1969 2182
8349 4 2 1 5 293 1771 1615 2228
8350 4 2 1 5 1911 2264 1443 2382
8351 4 2 1 5 420 1098 779 2354
8352 4 2 1 5 1360 1815 1602 2145
8353 4 2 1 5 219 919 923 1838
8354 4 2 1 5 35 1937 1947 1969
8355 4 2 1 5 1689 2210 1438 2483
8356 4 2 1 5 27 1096 28 1855
8357 4 2 1 5 1350 1950 1503 2005
8358 4 2 1 5 327 251 2079 2124
8359 4 2 1 5 1796 2004 1597 2136
8360 4 2 1 5 917 2253 2169 2301
8361 4 2 1 5 956 208 207 2351
8362 4 2 1 5 1523 2048 1683 2405
8363 4 2 1 5 261 294 451 1524
8364 4 2 1 5 1317 1994 2057 2274
8365 4 2 1 5 1549 2337 1903 2384
8366 4 2 1 5 863 1536 2108 2388
8367 4 2 1 5 589 1833 1051 2048
8368 4 2 1 5 1167 1188 1817 2492
8369 4 2 1 5 338 330 1640 2266
8370 4 2 1 5 1708 1919 1566 2296
8371 4 2 1 5 1631 2008 1401 2059
8372 4 2 1 5 1419 1853 1790 2047
8373 4 2 1 5 1042 1569 1093 2333
8374 4 2 1 5 610 1598 1812 2272
8375 4 2 1 5 1509 1945 1875 2421
8376 4 2 1 5 1320 1755 1991 2063
8377 4 2 1 5 1347 1817 2036 2304
8378 4 2 1 5 1342 2188 1688 2332
8379 4 2 1 5 1708 1980 1919 2296
8380 4 2 1 5 620 1868 592 2106
8381 4 2 1 5 782 1862 781 2469
8382 4 2 1 5 1609 1996 1827 2419
8383 4 2 1 5 585 1093 1042 1569
8384 4 2 1 5 1492 1957 1862 2245
8385 4 2 1 5 1533 1373 2015 2087
8386 4 2 1 5 1405 1783 1774 2264
8387 4 2 1 5 837 2010 581 2059
8388 4 2 1 5 1677 2430 2120 2441
8389 4 2 1 5 1620 1914 1476 2135
8390 4 2 1 5 1522 1419 2027 2323
8391 4 2 1 5 583 723 560 1506
8392 4 2 1 5 609 608 610 1812
8393 4 2 1 5 852 1850 1636 2343
8394 4 2 1 5 1114 1547 2112 2282
8395 4 2 1 5 1872 2219 1418 2303
8396 4 2 1 5 1319 2138 1715 2442
8397 4 2 1 5 1623 1987 941 2312
8398 4 2 1 5 538 964 1717 1976
8399 4 2 1 5 1425 2181 1855 2427
8400 4 2 1 5 743 1066 742 2126
8401 4 2 1 5 1342 2289 1887 2370
8402 4 2 1 5 938 1883 582 2123
8403 4 2 1 5 356 1789 358 2177
8404 4 2 1 5 1589 1968 1900 2357
8405 4 2 1 5 1433 1522 1849 2474
8406 4 2 1 5 1514 2075 2051 2290
8407 4 2 1 5 1441 2258 1753 2348
8408 4 2 1 5 1605 1352 1941 2403
8409 4 2 1 5 289 1615 2128 2154
8410 4 2 1 5 1631 1401 2010 2059
8411 4 2 1 5 34 3 1995 2445
8412 4 2 1 5 1567 1820 1512 2346
8413 4 2 1 5 1394 1830 1602 2211
8414 4 2 1 5 1904 2172 1632 2249
8415 4 2 1 5 1670 2078 1655 2379
8416 4 2 1 5 327 1628 617 2124
8417 4 2 1 5 668 1028 1074 1925
8418 4 2 1 5 1168 1172 1695 1786
8419 4 2 1 5 1425 1855 1637 2102
8420 4 2 1 5 571 1643 572 2404
8421 4 2 1 5 1618 1364 2165 2400
8422 4 2 1 5 1148 35 1142 1969
8423 4 2 1 5 1425 1735 2280 2289
8424 4 2 1 5 1346 1622 1777 2450
8425 4 2 1 5 1394 1534 1944 2311
8426 4 2 1 5 510 1586 1967 2498
8427 4 2 1 5 308 309 1778 2433
8428 4 2 1 5 1696 1452 2152 2417
8429 4 2 1 5 1865 2183 1730 2268
8430 4 2 1 5 1526 1427 2139 2496
8431 4 2 1 5 1413 1840 1715 1916
8432 4 2 1 5 1596 1880 1754 2451
8433 4 2 1 5 1382 1536 2118 2352
8434 4 2 1 5 1382 1536 1829 2118
8435 4 2 1 5 309 308 1778 2228
8436 4 2 1 5 1525 2351 2033 2450
8437 4 2 1 5 1589 1342 2052 2357
8438 4 2 1 5 1475 1989 1625 2241
8439 4 2 1 5 1583 1930 1526 2361
8440 4 2 1 5 1504 2155 1760 2162
8441 4 2 1 5 681 576 943 1966
8442 4 2 1 5 884 885 533 2255
8443 4 2 1 5 1664 1785 1377 2117
8444 4 2 1 5 1763 1949 539 2091
8445 4 2 1 5 593 1867 1811 2363
8446 4 2 1 5 1388 1625 2054 2477
8447 4 2 1 5 771 613 769 2317
8448 4 2 1 5 1480 1941 1845 2281
8449 4 2 1 5 1379 1796 1645 2457
8450 4 2 1 5 1405 1759 1828 1936
8451 4 2 1 5 1182 1796 45 1985
8452 4 2 1 5 1331 2087 1502 2385
8453 4 2 1 5 1636 1850 852 2509
8454 4 2 1 5 1424 1668 1580 2365
8455 4 2 1 5 1331 1866 2087 2121
8456 4 2 1 5 1512 1895 1820 2322
8457 4 2 1 5 1662 1919 1165 2371
8458 4 2 1 5 1413 1893 1543 2022
8459 4 2 1 5 205 1716 2336 2386
8460 4 2 1 5 635 647 646 1593
8461 4 2 1 5 504 1877 578 2189
8462 4 2 1 5 1491 2162 2155 2254
8463 4 2 1 5 1912 2117 514 2448
8464 4 2 1 5 476 1763 900 2310
8465 4 2 1 5 1122 743 989 1978
8466 4 2 1 5 1675 1953 1373 2295
8467 4 2 1 5 186 175 174 1977
8468 4 2 1 5 1351 2047 1857 2096
8469 4 2 1 5 952 1953 1106 2439
8470 4 2 1 5 206 201 209 1782
8471 4 2 1 5 1479 1783 2261 2501
8472 4 2 1 5 1697 2189 2160 2407
8473 4 2 1 5 944 1958 1697 2407
8474 4 2 1 5 309 1778 2076 2228
8475 4 2 1 5 1367 1941 1597 2403
8476 4 2 1 5 1354 1526 1801 1930
8477 4 2 1 5 1408 2302 1807 2375
8478 4 2 1 5 1707 1794 1478 2461
8479 4 2 1 5 411 412 413 2256
8480 4 2 1 5 1512 1895 1498 2186
8481 4 2 1 5 354 914 2030 2252
8482 4 2 1 5 506 1990 1590 2048
8483 4 2 1 5 1329 2064 1521 2268
8484 4 2 1 5 1445 1800 1634 2420
8485 4 2 1 5 1393 1899 1580 2151
8486 4 2 1 5 1383 1498 1895 1991
8487 4 2 1 5 1330 1607 2380 2413
8488 4 2 1 5 1360 2145 1602 2311
8489 4 2 1 5 1500 2152 1823 2291
8490 4 2 1 5 577 731 1588 2059
8491 4 2 1 5 1377 1764 1532 2247
8492 4 2 1 5 1329 1889 1575 2268
8493 4 2 1 5 1160 1183 1901 1963
8494 4 2 1 5 1133 1167 1188 1817
8495 4 2 1 5 1573 1699 1380 2030
8496 4 2 1 5 1034 1586 944 2407
8497 4 2 1 5 1342 1647 2188 2332
8498 4 2 1 5 1526 1854 1450 2361
8499 4 2 1 5 401 1975 1691 2515
8500 4 2 1 5 1678 2220 1513 2515
8501 4 2 1 5 1463 2061 1929 2209
8502 4 2 1 5 44 1201 43 2003
8503 4 2 1 5 633 1107 1049 1912
8504 4 2 1 5 794 463 799 1584
8505 4 2 1 5 1634 1835 1334 2376
8506 4 2 1 5 1520 1775 1910 2021
8507 4 2 1 5 1388 2054 1570 2265
8508 4 2 1 5 755 2055 1633 2260
8509 4 2 1 5 588 633 990 1564
8510 4 2 1 5 1501 2211 1983 2486
8511 4 2 1 5 741 722 286 2046
8512 4 2 1 5 815 1689 1081 1932
8513 4 2 1 5 1717 1365 1839 1976
8514 4 2 1 5 1198 2002 1792 2003
8515 4 2 1 5 1613 2180 1846 2191
8516 4 2 1 5 1565 2335 891 2495
8517 4 2 1 5 1475 2158 1607 2506
8518 4 2 1 5 1379 2446 1645 2465
8519 4 2 1 5 531 1530 1050 2253
8520 4 2 1 5 889 1729 492 2284
8521 4 2 1 5 1794 2415 1478 2461
8522 4 2 1 5 1602 1815 1360 2039
8523 4 2 1 5 1497 1695 2138 2442
8524 4 2 1 5 1409 1799 1723 2409
8525 4 2 1 5 1349 1526 1892 2496
8526 4 2 1 5 1683 1838 1463 2226
8527 4 2 1 5 1381 2345 1660 2425
8528 4 2 1 5 625 1808 624 1987
8529 4 2 1 5 1007 1105 674 1728
8530 4 2 1 5 1382 1684 1680 2224
8531 4 2 1 5 32 31 767 1888
8532 4 2 1 5 1743 1825 1440 2231
8533 4 2 1 5 1566 1708 2031 2220
8534 4 2 1 5 1341 1691 1678 2328
8535 4 2 1 5 1646 1827 1524 2341
8536 4 2 1 5 726 579 408 1707
8537 4 2 1 5 1504 1801 1583 1930
8538 4 2 1 5 2253 2393 1530 2432
8539 4 2 1 5 1352 1845 1941 2281
8540 4 2 1 5 1413 2022 1543 2206
8541 4 2 1 5 832 384 1737 2129
8542 4 2 1 5 1360 1830 2145 2311
8543 4 2 1 5 1384 1998 1651 2171
8544 4 2 1 5 166 1829 163 2388
8545 4 2 1 5 4 1630 1870 2466
8546 4 2 1 5 1486 1773 1569 2333
8547 4 2 1 5 1475 1798 1607 2113
8548 4 2 1 5 2078 2135 1885 2491
8549 4 2 1 5 1090 1822 812 1912
8550 4 2 1 5 2096 2122 2027 2246
8551 4 2 1 5 742 1066 126 2356
8552 4 2 1 5 551 502 1661 2469
8553 4 2 1 5 1570 2089 1527 2095
8554 4 2 1 5 1609 1827 1719 2512
8555 4 2 1 5 1164 2133 1165 2371
8556 4 2 1 5 923 219 1838 2489
8557 4 2 1 5 520 522 521 2022
8558 4 2 1 5 298 299 297 1771
8559 4 2 1 5 1471 1873 1693 2302
8560 4 2 1 5 1353 1665 2043 2122
8561 4 2 1 5 1532 1764 1334 2247
8562 4 2 1 5 552 571 551 1756
8563 4 2 1 5 1392 1891 1591 1966
8564 4 2 1 5 570 197 1851 2244
8565 4 2 1 5 827 1709 826 2468
8566 4 2 1 5 1658 2244 1121 2406
8567 4 2 1 5 1459 1824 1637 2318
8568 4 2 1 5 1333 1692 2006 2504
8569 4 2 1 5 327 475 617 1628
8570 4 2 1 5 204 1716 183 2336
8571 4 2 1 5 1541 1995 3 2445
8572 4 2 1 5 1552 1361 2277 2514
8573 4 2 1 5 1519 1717 2042 2214
8574 4 2 1 5 1325 1961 1740 2153
8575 4 2 1 5 1327 1609 1719 2425
8576 4 2 1 5 407 1686 461 2058
8577 4 2 1 5 425 455 432 2025
8578 4 2 1 5 233 818 231 1905
8579 4 2 1 5 1483 1947 1937 1969
8580 4 2 1 5 1643 1857 1455 2096
8581 4 2 1 5 1071 765 893 2098
8582 4 2 1 5 1627 1847 1559 2143
8583 4 2 1 5 1131 1147 1954 2236
8584 4 2 1 5 1087 845 1108 1797
8585 4 2 1 5 1328 2326 1627 2331
8586 4 2 1 5 463 793 792 1714
8587 4 2 1 5 1605 1402 1986 2300
8588 4 2 1 5 1522 2027 1419 2122
8589 4 2 1 5 1319 1715 1840 2442
8590 4 2 1 5 1331 1545 1852 2385
8591 4 2 1 5 1624 1773 523 2146
8592 4 2 1 5 1362 1639 1679 2487
8593 4 2 1 5 297 293 1771 2128
8594 4 2 1 5 633 1912 1049 2267
8595 4 2 1 5 1445 1679 1926 2454
8596 4 2 1 5 1477 1788 1529 2025
8597 4 2 1 5 1565 1941 1367 1971
8598 4 2 1 5 1322 1960 1672 2293
8599 4 2 1 5 1385 1492 1862 2077
8600 4 2 1 5 482 2369 1893 2386
8601 4 2 1 5 1515 1883 1466 1956
8602 4 2 1 5 1629 1420 1946 2401
8603 4 2 1 5 115 727 1116 1577
8604 4 2 1 5 1530 1866 1540 2393
8605 4 2 1 5 1998 2037 1384 2417
8606 4 2 1 5 478 241 2143 2362
8607 4 2 1 5 1455 2086 1771 2355
8608 4 2 1 5 1636 2294 2453 2509
8609 4 2 1 5 1455 1841 1942 2086
8610 4 2 1 5 456 469 161 1742
8611 4 2 1 5 203 1946 841 2333
8612 4 2 1 5 1189 1158 1648 2423
8613 4 2 1 5 2000 2060 1484 2070
8614 4 2 1 5 1393 1740 2153 2503
8615 4 2 1 5 921 1772 1599 2321
8616 4 2 1 5 2199 2216 1474 2325
8617 4 2 1 5 715 569 1697 2160
8618 4 2 1 5 1461 1806 1726 1940
8619 4 2 1 5 1409 1723 1805 2409
8620 4 2 1 5 1537 2019 1465 2110
8621 4 2 1 5 1744 2062 1467 2230
8622 4 2 1 5 1379 1570 1837 2109
8623 4 2 1 5 1455 2027 1522 2246
8624 4 2 1 5 411 904 409 1686
8625 4 2 1 5 1533 1421 2121 2456
8626 4 2 1 5 1383 1991 1621 2373
8627 4 2 1 5 1547 2199 931 2216
8628 4 2 1 5 661 873 1567 2346
8629 4 2 1 5 480 264 1712 2149
8630 4 2 1 5 1650 2032 1399 2057
8631 4 2 1 5 1419 2047 1790 2430
8632 4 2 1 5 1526 1979 1583 2361
8633 4 2 1 5 1533 2015 1769 2087
8634 4 2 1 5 136 1824 142 2215
8635 4 2 1 5 1014 2081 264 2149
8636 4 2 1 5 1513 2130 2045 2515
8637 4 2 1 5 1426 2201 1577 2458
8638 4 2 1 5 1549 1822 1407 2337
8639 4 2 1 5 225 1826 1652 2488
8640 4 2 1 5 1354 1801 1526 2139
8641 4 2 1 5 1379 1837 1748 2109
8642 4 2 1 5 538 1026 964 1976
8643 4 2 1 5 1462 1756 1661 2469
8644 4 2 1 5 1706 2185 1726 2286
8645 4 2 1 5 421 1986 1931 2044
8646 4 2 1 5 1375 1824 1544 2359
8647 4 2 1 5 166 165 163 1829
8648 4 2 1 5 1877 1929 1592 2192
8649 4 2 1 5 1407 1885 1822 2315
8650 4 2 1 5 440 470 454 1795
8651 4 2 1 5 1027 1816 2339 2513
8652 4 2 1 5 1777 2148 1469 2413
8653 4 2 1 5 921 1076 307 1599
8654 4 2 1 5 927 607 1788 1976
8655 4 2 1 5 1805 1826 1409 2338
8656 4 2 1 5 1668 1961 1662 2371
8657 4 2 1 5 1342 1900 1645 2357
8658 4 2 1 5 1713 2030 914 2252
8659 4 2 1 5 485 2022 486 2369
8660 4 2 1 5 1523 1401 2010 2148
8661 4 2 1 5 949 1812 1122 1978
8662 4 2 1 5 340 345 950 1768
8663 4 2 1 5 1618 1772 1508 2111
8664 4 2 1 5 1029 602 1759 2360
8665 4 2 1 5 1461 1821 1831 2283
8666 4 2 1 5 559 782 784 1861
8667 4 2 1 5 1890 2393 1454 2432
8668 4 2 1 5 1823 1456 2233 2326
8669 4 2 1 5 1619 2020 1499 2179
8670 4 2 1 5 931 1114 1006 1547
8671 4 2 1 5 464 1714 1041 1965
8672 4 2 1 5 1355 1791 1620 2307
8673 4 2 1 5 620 1868 2106 2415
8674 4 2 1 5 1676 2179 1416 2342
8675 4 2 1 5 1602 2039 1360 2311
8676 4 2 1 5 995 1624 1932 2022
8677 4 2 1 5 1663 1880 493 2412
8678 4 2 1 5 524 1745 1051 1833
8679 4 2 1 5 1970 2450 1401 2489
8680 4 2 1 5 1352 1941 1597 2156
8681 4 2 1 5 934 135 972 2318
8682 4 2 1 5 986 1666 860 2338
8683 4 2 1 5 123 14 755 2098
8684 4 2 1 5 505 1590 506 2285
8685 4 2 1 5 570 1121 2244 2406
8686 4 2 1 5 191 893 1757 2309
8687 4 2 1 5 510 1967 2433 2498
8688 4 2 1 5 1793 2064 1385 2077
8689 4 2 1 5 1657 1962 1718 2121
8690 4 2 1 5 1439 2037 1998 2417
8691 4 2 1 5 186 855 175 1751
8692 4 2 1 5 1646 1827 1327 2184
8693 4 2 1 5 820 819 821 1911
8694 4 2 1 5 1392 1939 1655 2350
8695 4 2 1 5 1426 2176 1746 2201
8696 4 2 1 5 1360 2229 2179 2311
8697 4 2 1 5 1602 1830 1394 2311
8698 4 2 1 5 1325 2190 1739 2296
8699 4 2 1 5 1551 1782 1359 1869
8700 4 2 1 5 1481 1541 1995 2289
8701 4 2 1 5 466 516 507 1605
8702 4 2 1 5 1520 1628 2340 2486
8703 4 2 1 5 1476 2078 1950 2491
8704 4 2 1 5 1395 2095 1570 2265
8705 4 2 1 5 1196 2002 1191 2411
8706 4 2 1 5 1845 2181 736 2335
8707 4 2 1 5 1333 1658 2056 2414
8708 4 2 1 5 1412 1640 1892 2107
8709 4 2 1 5 309 2076 1778 2433
8710 4 2 1 5 1335 1535 1863 2234
8711 4 2 1 5 1519 2042 1322 2293
8712 4 2 1 5 564 1845 736 2335
8713 4 2 1 5 1504 1583 1801 2507
8714 4 2 1 5 224 1826 225 2488
8715 4 2 1 5 1320 1603 2141 2373
8716 4 2 1 5 1593 1809 1400 2316
8717 4 2 1 5 1142 1969 35 2381
8718 4 2 1 5 1722 1881 1313 2239
8719 4 2 1 5 1888 2018 1103 2316
8720 4 2 1 5 235 1627 236 2143
8721 4 2 1 5 1369 1624 1932 2163
8722 4 2 1 5 897 2055 1741 2314
8723 4 2 1 5 1029 1051 525 1745
8724 4 2 1 5 39 1157 40 1700
8725 4 2 1 5 575 983 918 2169
8726 4 2 1 5 1389 1889 1952 2268
8727 4 2 1 5 1438 2210 2146 2483
8728 4 2 1 5 1887 1900 1425 2289
8729 4 2 1 5 1324 2137 2408 2510
8730 4 2 1 5 516 507 1605 2269
8731 4 2 1 5 1456 1823 1696 1984
8732 4 2 1 5 1335 1979 1722 2299
8733 4 2 1 5 504 578 576 2189
8734 4 2 1 5 1680 1852 1331 2238
8735 4 2 1 5 1358 1840 1916 2113
8736 4 2 1 5 981 750 428 2106
8737 4 2 1 5 1127 461 979 2058
8738 4 2 1 5 1860 2202 1440 2402
8739 4 2 1 5 481 1734 483 2386
8740 4 2 1 5 1689 2163 1337 2205
8741 4 2 1 5 1150 1648 1904 2037
8742 4 2 1 5 357 358 356 1789
8743 4 2 1 5 1448 1775 2021 2263
8744 4 2 1 5 345 1768 340 2325
8745 4 2 1 5 1614 1747 1353 1848
8746 4 2 1 5 765 2093 2098 2309
8747 4 2 1 5 1681 1969 1483 2504
8748 4 2 1 5 1408 1616 2094 2302
8749 4 2 1 5 1338 1860 1561 1874
8750 4 2 1 5 1041 464 792 1714
8751 4 2 1 5 1563 1375 1871 2097
8752 4 2 1 5 971 1949 1720 2347
8753 4 2 1 5 1464 2018 1888 2234
8754 4 2 1 5 1879 2002 1792 2411
8755 4 2 1 5 1494 1933 1757 1945
8756 4 2 1 5 1134 37 36 1752
8757 4 2 1 5 390 383 1797 2214
8758 4 2 1 5 1612 1938 1397 2222
8759 4 2 1 5 193 1946 192 2203
8760 4 2 1 5 1570 1132 1882 2054
8761 4 2 1 5 1420 1851 1517 2203
8762 4 2 1 5 1680 1507 2088 2238
8763 4 2 1 5 327 802 251 2124
8764 4 2 1 5 134 759 954 2102
8765 4 2 1 5 37 36 1752 2182
8766 4 2 1 5 1433 2128 1522 2474
8767 4 2 1 5 2219 2303 2158 2421
8768 4 2 1 5 1780 2395 1538 2410
8769 4 2 1 5 1595 1810 1427 2278
8770 4 2 1 5 1704 2033 1525 2351
8771 4 2 1 5 1487 2096 1942 2246
8772 4 2 1 5 1355 1620 2227 2307
8773 4 2 1 5 1628 1763 1429 2079
8774 4 2 1 5 804 212 200 2351
8775 4 2 1 5 1522 2027 2248 2323
8776 4 2 1 5 1574 2183 2063 2441
8777 4 2 1 5 1677 2063 1574 2133
8778 4 2 1 5 1209 1213 1872 2094
8779 4 2 1 5 1581 1346 2033 2421
8780 4 2 1 5 1360 1830 1604 2145
8781 4 2 1 5 1686 2058 407 2130
8782 4 2 1 5 481 483 482 2386
8783 4 2 1 5 1554 1368 1918 2364
8784 4 2 1 5 1498 1991 1603 2396
8785 4 2 1 5 1767 1902 1368 2364
8786 4 2 1 5 1395 1744 2006 2332
8787 4 2 1 5 1387 1669 2208 2476
8788 4 2 1 5 1419 2047 1857 2434
8789 4 2 1 5 1520 1910 1654 2392
8790 4 2 1 5 1548 2140 2389 2477
8791 4 2 1 5 1564 1764 1372 2060
8792 4 2 1 5 1752 2037 1384 2397
8793 4 2 1 5 145 1871 955 2298
8794 4 2 1 5 1398 1653 2239 2510
8795 4 2 1 5 1854 2034 1450 2361
8796 4 2 1 5 661 663 664 2346
8797 4 2 1 5 1923 2042 1717 2214
8798 4 2 1 5 1160 1161 2207 2452
8799 4 2 1 5 1022 1674 654 2051
8800 4 2 1 5 1475 2113 2001 2279
8801 4 2 1 5 1372 1843 2060 2070
8802 4 2 1 5 633 1564 1912 2267
8803 4 2 1 5 1605 1845 516 2269
8804 4 2 1 5 1717 1839 1397 2222
8805 4 2 1 5 1569 1773 1486 2480
8806 4 2 1 5 42 41 1999 2361
8807 4 2 1 5 1455 1771 2086 2246
8808 4 2 1 5 50 1630 1217 2219
8809 4 2 1 5 1593 1400 1908 2316
8810 4 2 1 5 1535 2234 1464 2481
8811 4 2 1 5 1367 1971 1941 2269
8812 4 2 1 5 1346 1864 1704 2033
8813 4 2 1 5 1464 1888 1765 2137
8814 4 2 1 5 1577 2093 1746 2378
8815 4 2 1 5 651 1587 2024 2290
8816 4 2 1 5 1628 2124 1520 2340
8817 4 2 1 5 331 1766 330 2266
8818 4 2 1 5 60 2134 61 2377
8819 4 2 1 5 1474 1920 1582 2325
8820 4 2 1 5 227 217 256 2010
8821 4 2 1 5 1330 2008 1631 2334
8822 4 2 1 5 172 1649 170 2314
8823 4 2 1 5 1744 2006 1357 2140
8824 4 2 1 5 1202 1541 3 2445
8825 4 2 1 5 1320 2141 2063 2373
8826 4 2 1 5 354 2030 1573 2252
8827 4 2 1 5 1672 1960 1444 2293
8828 4 2 1 5 638 639 186 1977
8829 4 2 1 5 1598 1373 1953 2356
8830 4 2 1 5 1523 1631 1833 2148
8831 4 2 1 5 1370 2363 1867 2416
8832 4 2 1 5 1556 2380 1959 2391
8833 4 2 1 5 140 136 142 2215
8834 4 2 1 5 1610 1400 2018 2234
8835 4 2 1 5 923 215 219 2489
8836 4 2 1 5 1490 1863 1671 2299
8837 4 2 1 5 1521 2183 1865 2268
8838 4 2 1 5 1534 1394 2020 2311
8839 4 2 1 5 1451 2090 1846 2138
8840 4 2 1 5 862 1819 171 2108
8841 4 2 1 5 1131 1954 1146 2424
8842 4 2 1 5 1590 2264 1683 2405
8843 4 2 1 5 851 919 850 2209
8844 4 2 1 5 488 1664 499 2117
8845 4 2 1 5 13 939 14 2098
8846 4 2 1 5 1324 1753 2348 2408
8847 4 2 1 5 821 505 601 1774
8848 4 2 1 5 1185 1171 1144 2159
8849 4 2 1 5 1526 1450 1979 2361
8850 4 2 1 5 1076 307 2085 2511
8851 4 2 1 5 1433 1848 1747 2074
8852 4 2 1 5 1473 1780 1858 2344
8853 4 2 1 5 1683 2264 1344 2405
8854 4 2 1 5 375 1705 805 1918
8855 4 2 1 5 1459 1781 1658 2215
8856 4 2 1 5 1032 443 875 2123
8857 4 2 1 5 1623 1910 644 2263
8858 4 2 1 5 554 599 874 1579
8859 4 2 1 5 1347 2036 1750 2304
8860 4 2 1 5 1515 1883 1579 2080
8861 4 2 1 5 1423 1635 2061 2286
8862 4 2 1 5 406 405 2045 2130
8863 4 2 1 5 1558 1762 1374 2053
8864 4 2 1 5 1750 2155 1504 2254
8865 4 2 1 5 195 1851 2040 2203
8866 4 2 1 5 1010 2023 1713 2252
8867 4 2 1 5 1893 2022 1413 2369
8868 4 2 1 5 1335 2234 1863 2299
8869 4 2 1 5 2043 2169 1665 2432
8870 4 2 1 5 1680 2088 1852 2238
8871 4 2 1 5 1417 1786 2001 2113
8872 4 2 1 5 376 2297 373 2364
8873 4 2 1 5 1094 992 856 2387
8874 4 2 1 5 919 302 850 2226
8875 4 2 1 5 224 223 222 2488
8876 4 2 1 5 313 1761 810 2085
8877 4 2 1 5 1667 2021 1520 2392
8878 4 2 1 5 1184 2377 1962 2424
8879 4 2 1 5 964 1717 1976 2129
8880 4 2 1 5 1686 1750 1391 2031
8881 4 2 1 5 1354 1750 1686 2031
8882 4 2 1 5 1764 1372 2168 2315
8883 4 2 1 5 1695 1384 2037 2397
8884 4 2 1 5 344 290 343 2046
8885 4 2 1 5 1656 2367 2088 2462
8886 4 2 1 5 1578 2067 2009 2104
8887 4 2 1 5 1692 1357 2006 2140
8888 4 2 1 5 1464 2280 1765 2427
8889 4 2 1 5 1732 2086 1511 2499
8890 4 2 1 5 1633 1356 1727 2440
8891 4 2 1 5 137 1973 1781 2394
8892 4 2 1 5 1771 1615 2228 2474
8893 4 2 1 5 859 1666 1987 2273
8894 4 2 1 5 1894 1953 1373 2356
8895 4 2 1 5 516 557 811 1845
8896 4 2 1 5 1969 2182 1451 2397
8897 4 2 1 5 1446 1798 1716 2200
8898 4 2 1 5 1463 1777 1622 1838
8899 4 2 1 5 1100 709 669 1736
8900 4 2 1 5 1430 2143 1627 2294
8901 4 2 1 5 1467 2062 1744 2383
8902 4 2 1 5 762 1043 324 2103
8903 4 2 1 5 1539 1371 1848 1886
8904 4 2 1 5 1315 1548 2062 2265
8905 4 2 1 5 191 1757 181 2157
8906 4 2 1 5 938 1012 817 2123
8907 4 2 1 5 1315 2230 1744 2332
8908 4 2 1 5 736 2181 566 2335
8909 4 2 1 5 1554 1918 1705 2297
8910 4 2 1 5 10 1577 1116 2308
8911 4 2 1 5 1604 1416 2179 2342
8912 4 2 1 5 1196 1792 1198 2002
8913 4 2 1 5 1317 2172 1617 2287
8914 4 2 1 5 1752 1384 2037 2417
8915 4 2 1 5 1317 1994 2274 2419
8916 4 2 1 5 125 774 1898 2478
8917 4 2 1 5 1696 1823 1456 2233
8918 4 2 1 5 1429 1949 1763 1983
8919 4 2 1 5 1464 1710 2280 2427
8920 4 2 1 5 893 180 1757 2055
8921 4 2 1 5 1477 1812 1598 2272
8922 4 2 1 5 1467 2062 1834 2147
8923 4 2 1 5 1402 1535 2044 2300
8924 4 2 1 5 1513 2058 1686 2130
8925 4 2 1 5 1316 2009 2067 2104
8926 4 2 1 5 1689 1932 1624 2163
8927 4 2 1 5 1506 583 2379 2412
8928 4 2 1 5 1317 1609 1994 2419
8929 4 2 1 5 1313 1722 2239 2276
8930 4 2 1 5 40 2034 1854 2361
8931 4 2 1 5 539 540 1763 2091
8932 4 2 1 5 1844 1492 2099 2366
8933 4 2 1 5 1320 1991 1603 2373
8934 4 2 1 5 601 1774 505 2285
8935 4 2 1 5 1884 2251 1659 2505
8936 4 2 1 5 1501 1854 40 2034
8937 4 2 1 5 1457 1786 1625 2477
8938 4 2 1 5 325 1982 1780 2395
8939 4 2 1 5 338 419 430 1640
8940 4 2 1 5 402 1678 404 2515
8941 4 2 1 5 1596 1327 2398 2501
8942 4 2 1 5 1400 1809 1610 2316
8943 4 2 1 5 990 1564 633 2267
8944 4 2 1 5 2061 2283 1463 2382
8945 4 2 1 5 1902 1918 369 2186
8946 4 2 1 5 1419 2096 2047 2430
8947 4 2 1 5 686 1938 1948 2439
8948 4 2 1 5 1879 2239 1313 2473
8949 4 2 1 5 1187 1786 1168 2381
8950 4 2 1 5 2067 2104 1578 2456
8951 4 2 1 5 1373 2087 1684 2224
8952 4 2 1 5 1655 1407 1939 2078
8953 4 2 1 5 1320 2245 2099 2396
8954 4 2 1 5 1700 1909 1157 1963
8955 4 2 1 5 1989 2159 1625 2241
8956 4 2 1 5 426 889 447 2284
8957 4 2 1 5 37 2019 2110 2411
8958 4 2 1 5 1988 2057 1650 2464
8959 4 2 1 5 570 2244 1851 2406
8960 4 2 1 5 1312 1726 1706 2185
8961 4 2 1 5 986 1805 1666 2338
8962 4 2 1 5 1484 2060 1843 2070
8963 4 2 1 5 52 1806 1940 2303
8964 4 2 1 5 1587 1899 1505 2024
8965 4 2 1 5 384 386 385 1737
8966 4 2 1 5 209 201 556 1869
8967 4 2 1 5 1736 1968 1589 2127
8968 4 2 1 5 989 1749 613 1978
8969 4 2 1 5 1339 1885 1670 2078
8970 4 2 1 5 237 311 255 1683
8971 4 2 1 5 963 1542 2301 2463
8972 4 2 1 5 340 337 339 2325
8973 4 2 1 5 1977 2240 1494 2314
8974 4 2 1 5 26 1589 998 2052
8975 4 2 1 5 1474 2145 1815 2250
8976 4 2 1 5 369 1902 371 1918
8977 4 2 1 5 1651 2163 1611 2171
8978 4 2 1 5 968 594 2108 2505
8979 4 2 1 5 1422 2120 2430 2441
8980 4 2 1 5 2086 2131 1511 2499
8981 4 2 1 5 1509 2219 2158 2421
8982 4 2 1 5 461 1915 979 2058
8983 4 2 1 5 1627 2143 1559 2294
8984 4 2 1 5 1738 1478 1892 2107
8985 4 2 1 5 572 806 693 1643
8986 4 2 1 5 1160 1161 1162 2207
8987 4 2 1 5 1408 1616 2302 2375
8988 4 2 1 5 3 34 1995 2089
8989 4 2 1 5 246 945 1867 2124
8990 4 2 1 5 1112 1850 852 2343
8991 4 2 1 5 1602 2145 1830 2311
8992 4 2 1 5 1770 1897 1485 2387
8993 4 2 1 5 16 756 15 2260
8994 4 2 1 5 1357 1629 2389 2401
8995 4 2 1 5 618 1549 1090 2448
8996 4 2 1 5 1579 1689 1652 2205
8997 4 2 1 5 1862 1957 1385 2245
8998 4 2 1 5 1460 1832 1913 2144
8999 4 2 1 5 1465 1313 2239 2473
9000 4 2 1 5 1403 1743 1825 1899
9001 4 2 1 5 1459 1658 1781 2426
9002 4 2 1 5 1328 1842 2326 2331
9003 4 2 1 5 1317 1988 1650 2287
9004 4 2 1 5 944 1586 1958 2407
9005 4 2 1 5 1847 1905 1456 2233
9006 4 2 1 5 1664 2050 740 2384
9007 4 2 1 5 1387 1844 2099 2366
9008 4 2 1 5 1520 2021 1667 2340
9009 4 2 1 5 695 1099 1975 2471
9010 4 2 1 5 1465 2110 2019 2411
9011 4 2 1 5 1396 1831 2261 2391
9012 4 2 1 5 778 773 420 2177
9013 4 2 1 5 1723 2115 1528 2221
9014 4 2 1 5 1150 2037 1904 2374
9015 4 2 1 5 1443 1783 2184 2501
9016 4 2 1 5 945 1038 953 2282
9017 4 2 1 5 1699 2024 1403 2050
9018 4 2 1 5 674 1007 1728 2115
9019 4 2 1 5 786 1754 689 1880
9020 4 2 1 5 135 2215 972 2318
9021 4 2 1 5 1361 1552 1803 2514
9022 4 2 1 5 1563 1435 2237 2408
9023 4 2 1 5 22 952 117 1675
9024 4 2 1 5 664 1709 827 2468
9025 4 2 1 5 1725 1807 1408 2302
9026 4 2 1 5 614 539 1949 2091
9027 4 2 1 5 292 308 1778 2500
9028 4 2 1 5 1594 221 2210 2488
9029 4 2 1 5 1598 1812 1502 2356
9030 4 2 1 5 1187 1882 1786 2381
9031 4 2 1 5 990 597 950 1768
9032 4 2 1 5 1399 1650 2057 2390
9033 4 2 1 5 1508 1772 1618 2274
9034 4 2 1 5 1677 2063 1422 2441
9035 4 2 1 5 1568 1901 1160 2452
9036 4 2 1 5 1107 812 813 1912
9037 4 2 1 5 1680 1507 1989 2088
9038 4 2 1 5 1344 1762 1724 2261
9039 4 2 1 5 424 1053 1975 2058
9040 4 2 1 5 1970 2351 1622 2489
9041 4 2 1 5 617 1628 475 2282
9042 4 2 1 5 1565 1941 1971 2269
9043 4 2 1 5 1329 1529 2083 2372
9044 4 2 1 5 1327 1783 1600 2345
9045 4 2 1 5 1447 2015 1598 2353
9046 4 2 1 5 358 1789 360 2177
9047 4 2 1 5 211 210 1782 2210
9048 4 2 1 5 1409 1805 2338 2409
9049 4 2 1 5 368 1088 366 2186
9050 4 2 1 5 1075 669 709 2127
9051 4 2 1 5 1443 1821 2264 2501
9052 4 2 1 5 1852 2088 1507 2238
9053 4 2 1 5 1184 1962 1657 2424
9054 4 2 1 5 1696 1823 1452 1984
9055 4 2 1 5 968 2108 1659 2505
9056 4 2 1 5 1786 1882 1625 2477
9057 4 2 1 5 1465 2239 1879 2473
9058 4 2 1 5 1403 1785 1664 2050
9059 4 2 1 5 1688 2132 1378 2446
9060 4 2 1 5 1485 1528 1921 2387
9061 4 2 1 5 1381 2084 1609 2172
9062 4 2 1 5 1352 1845 1605 1941
9063 4 2 1 5 1790 2043 1419 2122
9064 4 2 1 5 565 891 2335 2495
9065 4 2 1 5 1020 1595 648 2091
9066 4 2 1 5 17 1749 108 2126
9067 4 2 1 5 1467 1557 2062 2147
9068 4 2 1 5 1444 1554 1797 2288
9069 4 2 1 5 1553 1740 1383 2072
9070 4 2 1 5 1450 1792 1465 2239
9071 4 2 1 5 1627 1430 2294 2331
9072 4 2 1 5 1464 2280 1710 2481
9073 4 2 1 5 1395 2089 1570 2095
9074 4 2 1 5 1322 1981 1519 2293
9075 4 2 1 5 1519 1387 1951 1981
9076 4 2 1 5 1775 1370 2340 2416
9077 4 2 1 5 1631 2008 1482 2334
9078 4 2 1 5 1105 211 739 1869
9079 4 2 1 5 1454 2169 2043 2432
9080 4 2 1 5 56 1634 57 2202
9081 4 2 1 5 1380 2277 2005 2482
9082 4 2 1 5 1411 2063 1677 2133
9083 4 2 1 5 120 14 939 1886
9084 4 2 1 5 475 2282 1628 2310
9085 4 2 1 5 50 1870 1630 2219
9086 4 2 1 5 1540 2393 1890 2432
9087 4 2 1 5 1427 1810 1678 2278
9088 4 2 1 5 1717 1976 1839 2222
9089 4 2 1 5 1539 2093 1496 2098
9090 4 2 1 5 1884 2203 1629 2401
9091 4 2 1 5 1053 1776 695 1975
9092 4 2 1 5 1646 1880 1453 2149
9093 4 2 1 5 1417 1695 2292 2319
9094 4 2 1 5 1386 1905 1652 2123
9095 4 2 1 5 689 1754 785 2412
9096 4 2 1 5 108 1749 743 2126
9097 4 2 1 5 1708 2178 1432 2220
9098 4 2 1 5 2008 2167 1607 2413
9099 4 2 1 5 1536 1819 1449 2108
9100 4 2 1 5 1452 2152 1752 2374
9101 4 2 1 5 1544 1824 1375 1871
9102 4 2 1 5 1153 2161 1974 2225
9103 4 2 1 5 205 577 1716 2386
9104 4 2 1 5 1358 1716 1798 2242
9105 4 2 1 5 1416 1804 1685 2418
9106 4 2 1 5 1399 1779 1599 2511
9107 4 2 1 5 1380 2005 1835 2482
9108 4 2 1 5 56 57 1179 2202
9109 4 2 1 5 863 2108 1819 2388
9110 4 2 1 5 1331 1866 2358 2385
9111 4 2 1 5 1439 2152 1752 2417
9112 4 2 1 5 1582 1920 1474 2250
9113 4 2 1 5 945 2282 953 2443
9114 4 2 1 5 846 1975 401 2515
9115 4 2 1 5 115 1116 10 1577
9116 4 2 1 5 1618 2165 2362 2400
9117 4 2 1 5 541 1938 1560 1948
9118 4 2 1 5 493 1880 1663 2194
9119 4 2 1 5 176 169 1819 2240
9120 4 2 1 5 1389 1730 1889 2268
9121 4 2 1 5 339 337 317 2216
9122 4 2 1 5 468 644 941 2312
9123 4 2 1 5 1525 1401 1970 2450
9124 4 2 1 5 475 909 2282 2310
9125 4 2 1 5 254 899 1618 2362
9126 4 2 1 5 853 254 1618 2330
9127 4 2 1 5 1430 1636 2362 2509
9128 4 2 1 5 901 1602 900 1944
9129 4 2 1 5 1046 941 624 2312
9130 4 2 1 5 1403 1899 1825 2164
9131 4 2 1 5 1565 1736 1480 2335
9132 4 2 1 5 1551 1485 2056 2244
9133 4 2 1 5 914 1713 351 2030
9134 4 2 1 5 1387 1981 1554 2297
9135 4 2 1 5 1018 418 1699 2024
9136 4 2 1 5 1722 2239 1653 2510
9137 4 2 1 5 1316 2104 2067 2456
9138 4 2 1 5 1539 1433 1927 2074
9139 4 2 1 5 134 109 1637 2318
9140 4 2 1 5 689 1880 1754 2412
9141 4 2 1 5 1131 47 48 1748
9142 4 2 1 5 1830 2179 2020 2311
9143 4 2 1 5 56 1634 1800 2420
9144 4 2 1 5 1550 1896 1383 1934
9145 4 2 1 5 1376 1864 1746 2378
9146 4 2 1 5 327 2079 1628 2124
9147 4 2 1 5 1524 1996 1327 2184
9148 4 2 1 5 1488 2124 1628 2340
9149 4 2 1 5 675 740 2050 2384
9150 4 2 1 5 1388 1570 1748 1837
9151 4 2 1 5 1645 1796 1379 2465
9152 4 2 1 5 1005 257 261 1813
9153 4 2 1 5 1759 1990 1405 2285
9154 4 2 1 5 1022 2051 840 2101
9155 4 2 1 5 1387 1669 1981 2208
9156 4 2 1 5 1686 2031 1391 2058
9157 4 2 1 5 1069 208 1635 2176
9158 4 2 1 5 1403 1743 1699 2231
9159 4 2 1 5 1335 1801 1583 2507
9160 4 2 1 5 1550 2306 1462 2354
9161 4 2 1 5 19 1894 1546 2126
9162 4 2 1 5 1618 1437 2330 2419
9163 4 2 1 5 723 1506 583 2379
9164 4 2 1 5 1429 2079 1654 2392
9165 4 2 1 5 505 311 334 1590
9166 4 2 1 5 1089 1585 2038 2350
9167 4 2 1 5 1462 1896 1550 2354
9168 4 2 1 5 1332 2145 1830 2211
9169 4 2 1 5 324 1982 155 2103
9170 4 2 1 5 1638 1913 1832 2144
9171 4 2 1 5 688 998 124 1589
9172 4 2 1 5 1473 2395 1780 2410
9173 4 2 1 5 1565 1971 891 2269
9174 4 2 1 5 567 2335 1736 2495
9175 4 2 1 5 1775 2363 1370 2416
9176 4 2 1 5 325 1780 532 2395
9177 4 2 1 5 641 483 481 1734
9178 4 2 1 5 1560 2284 1729 2329
9179 4 2 1 5 1654 1910 1623 2349
9180 4 2 1 5 1358 1701 1856 2336
9181 4 2 1 5 1763 2211 1602 2310
9182 4 2 1 5 927 1976 1788 2129
9183 4 2 1 5 1553 1393 1925 2014
9184 4 2 1 5 688 737 998 1855
9185 4 2 1 5 579 1707 937 2461
9186 4 2 1 5 2005 2277 1518 2482
9187 4 2 1 5 1422 2430 1677 2441
9188 4 2 1 5 1090 618 1019 1549
9189 4 2 1 5 1358 1856 1716 2336
9190 4 2 1 5 734 637 636 2149
9191 4 2 1 5 1497 1641 1969 2504
9192 4 2 1 5 707 160 1068 2406
9193 4 2 1 5 1417 1916 1840 2113
9194 4 2 1 5 376 932 1554 2364
9195 4 2 1 5 1313 1879 1653 2239
9196 4 2 1 5 1822 1885 1372 2315
9197 4 2 1 5 1135 1154 1155 1632
9198 4 2 1 5 1504 2155 1750 2304
9199 4 2 1 5 405 1975 424 2515
9200 4 2 1 5 671 1008 511 1967
9201 4 2 1 5 1428 1917 1858 2082
9202 4 2 1 5 541 492 1560 2284
9203 4 2 1 5 1369 1611 2171 2206
9204 4 2 1 5 1545 1434 2049 2485
9205 4 2 1 5 188 1701 187 2313
9206 4 2 1 5 294 261 262 2081
9207 4 2 1 5 1439 1752 2037 2417
9208 4 2 1 5 1551 1869 1485 2244
9209 4 2 1 5 1027 1816 1971 2339
9210 4 2 1 5 1319 2028 1569 2073
9211 4 2 1 5 1561 1874 1860 2482
9212 4 2 1 5 24 713 962 1898
9213 4 2 1 5 1573 1874 1338 2436
9214 4 2 1 5 531 613 1050 1530
9215 4 2 1 5 1312 1586 1878 2007
9216 4 2 1 5 1515 1466 1883 2360
9217 4 2 1 5 170 1649 2240 2314
9218 4 2 1 5 840 1022 416 2051
9219 4 2 1 5 1524 1827 1646 2184
9220 4 2 1 5 1409 1799 1613 2221
9221 4 2 1 5 1590 1990 506 2285
9222 4 2 1 5 426 447 1923 2284
9223 4 2 1 5 1027 1816 801 1971
9224 4 2 1 5 1606 1952 1329 2083
9225 4 2 1 5 159 153 790 1834
9226 4 2 1 5 874 1883 1579 2123
9227 4 2 1 5 143 142 136 1824
9228 4 2 1 5 1474 1768 1920 2325
9229 4 2 1 5 1376 1864 1875 2421
9230 4 2 1 5 927 1026 1976 2129
9231 4 2 1 5 827 666 826 1709
9232 4 2 1 5 1609 2419 1827 2512
9233 4 2 1 5 1380 2005 1922 2376
9234 4 2 1 5 1399 2032 1650 2390
9235 4 2 1 5 1499 2020 1830 2179
9236 4 2 1 5 845 390 383 1797
9237 4 2 1 5 430 338 1640 2347
9238 4 2 1 5 2087 2224 1546 2385
9239 4 2 1 5 958 1820 864 2014
9240 4 2 1 5 782 1861 559 1862
9241 4 2 1 5 1599 1437 1994 2321
9242 4 2 1 5 1333 2006 1692 2275
9243 4 2 1 5 859 1987 479 2273
9244 4 2 1 5 1104 1059 703 1772
9245 4 2 1 5 1813 2330 1437 2419
9246 4 2 1 5 1634 1476 1950 2491
9247 4 2 1 5 2088 2367 1649 2462
9248 4 2 1 5 859 858 860 1666
9249 4 2 1 5 1020 1949 1595 2091
9250 4 2 1 5 1603 1991 1320 2396
9251 4 2 1 5 1595 1949 1020 2347
9252 4 2 1 5 1524 1327 1827 2184
9253 4 2 1 5 1453 1719 2013 2451
9254 4 2 1 5 531 612 613 1978
9255 4 2 1 5 1401 2148 1777 2413
9256 4 2 1 5 337 315 317 1761
9257 4 2 1 5 1328 1823 1696 2233
9258 4 2 1 5 1395 2470 2381 2504
9259 4 2 1 5 1019 2337 1549 2384
9260 4 2 1 5 1471 1913 1638 1964
9261 4 2 1 5 1377 1924 1785 2164
9262 4 2 1 5 1360 2116 1619 2229
9263 4 2 1 5 1150 1648 1158 1904
9264 4 2 1 5 1520 1775 2340 2416
9265 4 2 1 5 1673 1939 1407 1950
9266 4 2 1 5 1618 2330 1813 2419
9267 4 2 1 5 1433 1807 1849 2150
9268 4 2 1 5 472 1785 437 1924
9269 4 2 1 5 1406 1694 2175 2492
9270 4 2 1 5 726 1707 408 2130
9271 4 2 1 5 1357 1629 1884 2505
9272 4 2 1 5 1607 1798 1343 2242
9273 4 2 1 5 1829 1834 1382 2223
9274 4 2 1 5 1606 1889 1421 1890
9275 4 2 1 5 1498 1896 1895 1991
9276 4 2 1 5 1507 1718 1657 2466
9277 4 2 1 5 1394 1763 1983 2211
9278 4 2 1 5 47 48 1748 2054
9279 4 2 1 5 2187 2349 1702 2459
9280 4 2 1 5 494 1663 493 2412
9281 4 2 1 5 1434 1741 2088 2462
9282 4 2 1 5 1582 1815 1360 2250
9283 4 2 1 5 312 303 1911 2196
9284 4 2 1 5 1785 1924 1514 2164
9285 4 2 1 5 931 2112 1547 2216
9286 4 2 1 5 150 2147 2016 2472
9287 4 2 1 5 1474 1815 1582 2250
9288 4 2 1 5 1006 931 1547 2199
9289 4 2 1 5 1401 1525 2167 2450
9290 4 2 1 5 1589 2052 1608 2357
9291 4 2 1 5 1572 2103 1078 2298
9292 4 2 1 5 1381 1600 2012 2197
9293 4 2 1 5 1643 2023 572 2404
9294 4 2 1 5 111 754 1130 2316
9295 4 2 1 5 1530 2317 1371 2358
9296 4 2 1 5 540 900 476 1763
9297 4 2 1 5 1330 2008 1607 2413
9298 4 2 1 5 1338 1860 1874 2482
9299 4 2 1 5 264 2081 263 2321
9300 4 2 1 5 1504 2162 1760 2507
9301 4 2 1 5 422 1931 421 1986
9302 4 2 1 5 1131 1146 47 1748
9303 4 2 1 5 1073 731 1025 1588
9304 4 2 1 5 1559 2453 2294 2509
9305 4 2 1 5 513 671 1967 2038
9306 4 2 1 5 183 898 176 1856
9307 4 2 1 5 115 729 728 1746
9308 4 2 1 5 135 1824 136 2215
9309 4 2 1 5 571 552 572 1643
9310 4 2 1 5 1060 1004 891 2339
9311 4 2 1 5 1132 1625 1145 1882
9312 4 2 1 5 1460 1913 1638 2144
9313 4 2 1 5 1419 1853 2047 2434
9314 4 2 1 5 911 1782 210 2210
9315 4 2 1 5 288 836 969 2267
9316 4 2 1 5 559 1862 982 2077
9317 4 2 1 5 1434 1649 1741 2462
9318 4 2 1 5 137 1781 147 2394
9319 4 2 1 5 214 2351 1970 2489
9320 4 2 1 5 363 864 380 1820
9321 4 2 1 5 1972 2389 1682 2401
9322 4 2 1 5 1405 1774 1783 2184
9323 4 2 1 5 1743 1440 1835 2231
9324 4 2 1 5 486 521 890 2022
9325 4 2 1 5 407 409 461 1686
9326 4 2 1 5 1435 1593 1780 2344
9327 4 2 1 5 1593 1400 1809 2276
9328 4 2 1 5 313 315 810 1761
9329 4 2 1 5 1112 852 1850 2509
9330 4 2 1 5 20 1814 19 1894
9331 4 2 1 5 1422 2063 1755 2183
9332 4 2 1 5 1335 1583 1801 1979
9333 4 2 1 5 652 1587 651 2290
9334 4 2 1 5 395 1788 425 2011
9335 4 2 1 5 1929 2061 1463 2192
9336 4 2 1 5 1429 1983 1763 2211
9337 4 2 1 5 1064 2251 1884 2505
9338 4 2 1 5 1858 1917 1473 2082
9339 4 2 1 5 202 1704 208 2176
9340 4 2 1 5 1369 2022 1624 2206
9341 4 2 1 5 180 179 181 1757
9342 4 2 1 5 1065 1944 908 2039
9343 4 2 1 5 191 1757 2157 2309
9344 4 2 1 5 1503 1922 2005 2376
9345 4 2 1 5 1788 1976 1365 2129
9346 4 2 1 5 695 1975 1776 2471
9347 4 2 1 5 491 1938 1612 2222
9348 4 2 1 5 1360 2179 1676 2250
9349 4 2 1 5 1521 2366 2064 2447
9350 4 2 1 5 1434 2088 1649 2462
9351 4 2 1 5 783 1067 784 1861
9352 4 2 1 5 390 2214 1797 2513
9353 4 2 1 5 1706 1426 2185 2286
9354 4 2 1 5 1835 2005 1518 2482
9355 4 2 1 5 1402 1605 1986 2403
9356 4 2 1 5 1805 1666 2338 2409
9357 4 2 1 5 1555 1479 2204 2398
9358 4 2 1 5 838 1640 330 1766
9359 4 2 1 5 1424 1662 1961 2371
9360 4 2 1 5 1320 1991 1755 2245
9361 4 2 1 5 1430 1859 1617 1988
9362 4 2 1 5 1461 2061 1821 2283
9363 4 2 1 5 789 1884 1064 2251
9364 4 2 1 5 46 47 1146 2424
9365 4 2 1 5 857 423 394 2011
9366 4 2 1 5 3 1181 2089 2457
9367 4 2 1 5 1721 2249 1904 2490
9368 4 2 1 5 205 1716 204 2336
9369 4 2 1 5 1169 1165 1919 2371
9370 4 2 1 5 678 2146 1773 2333
9371 4 2 1 5 261 1813 262 2081
9372 4 2 1 5 1337 2090 1651 2163
9373 4 2 1 5 1581 1346 1940 2450
9374 4 2 1 5 1660 2161 2345 2423
9375 4 2 1 5 1568 1926 1901 2452
9376 4 2 1 5 1321 2168 1568 2342
9377 4 2 1 5 1623 2349 2187 2459
9378 4 2 1 5 35 1969 1681 2381
9379 4 2 1 5 283 279 1655 2379
9380 4 2 1 5 833 446 1717 1923
9381 4 2 1 5 1159 1139 1901 1926
9382 4 2 1 5 282 1673 281 2305
9383 4 2 1 5 1462 2306 1756 2354
9384 4 2 1 5 561 1552 344 2514
9385 4 2 1 5 46 1184 4 1657
9386 4 2 1 5 1702 2187 1363 2291
9387 4 2 1 5 1415 2425 1555 2454
9388 4 2 1 5 1582 1815 1474 2325
9389 4 2 1 5 1509 1870 1875 2484
9390 4 2 1 5 1482 1588 1716 2242
9391 4 2 1 5 1659 2313 1449 2505
9392 4 2 1 5 1522 2128 1747 2248
9393 4 2 1 5 1129 2069 980 2149
9394 4 2 1 5 1201 45 1192 2003
9395 4 2 1 5 282 281 1673 2350
9396 4 2 1 5 1136 1178 1169 1804
9397 4 2 1 5 523 595 1624 2146
9398 4 2 1 5 188 184 187 1701
9399 4 2 1 5 443 1652 229 1905
9400 4 2 1 5 1087 845 1797 2513
9401 4 2 1 5 1574 2133 1411 2141
9402 4 2 1 5 404 1678 2045 2515
9403 4 2 1 5 4 1185 46 2159
9404 4 2 1 5 337 1761 317 2216
9405 4 2 1 5 1063 1664 740 2384
9406 4 2 1 5 1050 1530 613 2317
9407 4 2 1 5 493 2194 1663 2196
9408 4 2 1 5 1887 2289 1481 2370
9409 4 2 1 5 832 834 384 2129
9410 4 2 1 5 1192 1202 2002 2445
9411 4 2 1 5 851 923 919 2209
9412 4 2 1 5 1945 2484 1656 2506
9413 4 2 1 5 1681 1395 2381 2504
9414 4 2 1 5 1343 1751 1588 2200
9415 4 2 1 5 1330 2053 2206 2334
9416 4 2 1 5 1372 1562 1843 2070
9417 4 2 1 5 891 1565 2269 2335
9418 4 2 1 5 1377 1920 1564 2041
9419 4 2 1 5 1349 1892 1640 2496
9420 4 2 1 5 438 397 1691 2101
9421 4 2 1 5 116 32 33 1888
9422 4 2 1 5 1426 1746 1577 2201
9423 4 2 1 5 742 126 1894 2356
9424 4 2 1 5 497 1853 887 2434
9425 4 2 1 5 268 270 271 1802
9426 4 2 1 5 964 1976 1026 2129
9427 4 2 1 5 1543 2206 2053 2334
9428 4 2 1 5 863 1819 167 2388
9429 4 2 1 5 1643 1455 1942 2096
9430 4 2 1 5 1351 1643 1942 2096
9431 4 2 1 5 482 484 1893 2369
9432 4 2 1 5 251 802 245 2416
9433 4 2 1 5 1364 1618 1859 2400
9434 4 2 1 5 1387 1951 1981 2297
9435 4 2 1 5 1078 1000 116 1572
9436 4 2 1 5 775 1990 1759 2285
9437 4 2 1 5 1402 1760 2155 2162
9438 4 2 1 5 1406 1672 1669 2208
9439 4 2 1 5 312 305 303 2196
9440 4 2 1 5 1575 1790 1422 2120
9441 4 2 1 5 956 1622 923 2209
9442 4 2 1 5 1034 944 1586 2498
9443 4 2 1 5 405 824 424 2058
9444 4 2 1 5 1873 2094 1616 2302
9445 4 2 1 5 698 524 1051 1833
9446 4 2 1 5 299 336 335 2248
9447 4 2 1 5 1946 2040 1420 2203
9448 4 2 1 5 364 1895 381 1896
9449 4 2 1 5 603 1868 1610 2106
9450 4 2 1 5 845 390 1797 2513
9451 4 2 1 5 1425 2102 1765 2427
9452 4 2 1 5 211 1782 209 1869
9453 4 2 1 5 1682 2389 1629 2401
9454 4 2 1 5 342 299 298 2027
9455 4 2 1 5 871 2051 967 2290
9456 4 2 1 5 863 171 167 1819
9457 4 2 1 5 923 1622 213 2489
9458 4 2 1 5 1717 1365 1976 2129
9459 4 2 1 5 1050 2253 1530 2317
9460 4 2 1 5 1618 1430 1859 2400
9461 4 2 1 5 1494 2240 1649 2314
9462 4 2 1 5 494 493 547 2412
9463 4 2 1 5 1618 2362 1430 2400
9464 4 2 1 5 1430 2111 1811 2143
9465 4 2 1 5 374 1767 2288 2364
9466 4 2 1 5 1568 1901 1414 1963
9467 4 2 1 5 1379 1601 2067 2446
9468 4 2 1 5 1119 978 2176 2201
9469 4 2 1 5 720 692 694 2023
9470 4 2 1 5 1959 2380 1607 2413
9471 4 2 1 5 885 1742 260 1982
9472 4 2 1 5 1795 1454 2372 2393
9473 4 2 1 5 610 1598 683 2356
9474 4 2 1 5 579 726 937 1707
9475 4 2 1 5 1509 2484 1945 2506
9476 4 2 1 5 1465 1537 2110 2473
9477 4 2 1 5 436 871 472 2290
9478 4 2 1 5 1544 1871 1375 2359
9479 4 2 1 5 628 1944 629 2091
9480 4 2 1 5 1011 2346 830 2468
9481 4 2 1 5 995 519 1624 2022
9482 4 2 1 5 588 514 633 2117
9483 4 2 1 5 1565 1480 1941 2335
9484 4 2 1 5 900 1602 896 2310
9485 4 2 1 5 325 471 532 1780
9486 4 2 1 5 1091 1803 694 1841
9487 4 2 1 5 789 1731 1884 2251
9488 4 2 1 5 1666 1805 1363 2409
9489 4 2 1 5 1648 1904 1439 2012
9490 4 2 1 5 1656 1945 1494 2462
9491 4 2 1 5 1447 1612 2114 2353
9492 4 2 1 5 919 219 228 1838
9493 4 2 1 5 1019 1090 1549 2337
9494 4 2 1 5 1526 1930 1999 2361
9495 4 2 1 5 818 938 817 1905
9496 4 2 1 5 720 1713 1010 2023
9497 4 2 1 5 2015 2067 1533 2456
9498 4 2 1 5 1369 1932 1624 2022
9499 4 2 1 5 787 284 786 2069
9500 4 2 1 5 1376 1945 2033 2421
9501 4 2 1 5 431 1061 1020 1595
9502 4 2 1 5 1312 1586 2185 2494
9503 4 2 1 5 1476 1939 1950 2078
9504 4 2 1 5 243 1910 1775 2263
9505 4 2 1 5 1511 2086 1841 2355
9506 4 2 1 5 799 794 1584 2493
9507 4 2 1 5 1330 1543 2053 2334
9508 4 2 1 5 1414 1632 1901 2100
9509 4 2 1 5 836 1802 269 2085
9510 4 2 1 5 755 758 2055 2260
9511 4 2 1 5 1980 2178 1708 2220
9512 4 2 1 5 381 1861 780 1896
9513 4 2 1 5 1486 1840 2217 2480
9514 4 2 1 5 1332 2032 1604 2145
9515 4 2 1 5 220 1083 2210 2483
9516 4 2 1 5 471 1780 325 1982
9517 4 2 1 5 1346 1726 2061 2286
9518 4 2 1 5 1746 2093 729 2309
9519 4 2 1 5 1986 2044 421 2300
9520 4 2 1 5 1454 2169 1614 2253
9521 4 2 1 5 1377 2164 1785 2247
9522 4 2 1 5 1437 1827 2419 2512
9523 4 2 1 5 670 541 1560 1948
9524 4 2 1 5 811 1845 1710 2181
9525 4 2 1 5 1351 1942 1561 2066
9526 4 2 1 5 1452 1823 1696 2152
9527 4 2 1 5 1472 1955 1817 2036
9528 4 2 1 5 132 125 1608 2478
9529 4 2 1 5 267 921 307 1599
9530 4 2 1 5 1972 2217 1692 2401
9531 4 2 1 5 664 663 827 1709
9532 4 2 1 5 1454 2253 1614 2432
9533 4 2 1 5 1401 1525 1970 2167
9534 4 2 1 5 444 493 1663 2196
9535 4 2 1 5 376 1554 932 2288
9536 4 2 1 5 655 657 656 2259
9537 4 2 1 5 1681 1947 1483 1969
9538 4 2 1 5 1317 2057 1988 2274
9539 4 2 1 5 1725 2185 1410 2494
9540 4 2 1 5 956 213 923 1622
9541 4 2 1 5 1015 1805 1723 2255
9542 4 2 1 5 384 834 386 1737
9543 4 2 1 5 1379 2009 1578 2067
9544 4 2 1 5 480 1014 264 2149
9545 4 2 1 5 1473 2082 1702 2473
9546 4 2 1 5 1891 1966 1392 2038
9547 4 2 1 5 1824 2215 135 2318
9548 4 2 1 5 1153 1974 1556 2225
9549 4 2 1 5 1614 1848 1371 1886
9550 4 2 1 5 1453 1827 1646 2149
9551 4 2 1 5 1641 2191 1969 2504
9552 4 2 1 5 1568 2168 1532 2342
9553 4 2 1 5 1390 1973 1781 2188
9554 4 2 1 5 1214 1873 58 2467
9555 4 2 1 5 753 434 1810 2328
9556 4 2 1 5 1206 1806 1219 1872
9557 4 2 1 5 1430 1636 2294 2400
9558 4 2 1 5 1738 2347 1640 2496
9559 4 2 1 5 1369 2053 1543 2206
9560 4 2 1 5 551 1756 553 2469
9561 4 2 1 5 289 746 129 2128
9562 4 2 1 5 233 240 818 1559
9563 4 2 1 5 1323 2088 1656 2367
9564 4 2 1 5 1769 2015 1373 2087
9565 4 2 1 5 1013 1659 790 2251
9566 4 2 1 5 404 2045 405 2515
9567 4 2 1 5 168 1649 172 2243
9568 4 2 1 5 1748 1837 1570 2109
9569 4 2 1 5 627 1069 1635 2160
9570 4 2 1 5 1183 1155 1901 1963
9571 4 2 1 5 1786 1972 1497 2470
9572 4 2 1 5 818 1559 240 2509
9573 4 2 1 5 2140 2389 1692 2401
9574 4 2 1 5 1364 1996 1828 2084
9575 4 2 1 5 441 339 2199 2325
9576 4 2 1 5 310 2076 309 2433
9577 4 2 1 5 1567 1776 1432 2471
9578 4 2 1 5 1353 2043 1665 2432
9579 4 2 1 5 1380 1922 1571 2376
9580 4 2 1 5 1419 1542 1853 2463
9581 4 2 1 5 1650 2287 1988 2464
9582 4 2 1 5 191 180 181 1757
9583 4 2 1 5 1019 1903 2337 2384
9584 4 2 1 5 579 1080 848 1794
9585 4 2 1 5 1412 1766 1640 2429
9586 4 2 1 5 507 892 549 2218
9587 4 2 1 5 4 1657 1962 2466
9588 4 2 1 5 971 1020 1949 2347
9589 4 2 1 5 1341 1619 1980 2178
9590 4 2 1 5 1784 1865 1521 2208
9591 4 2 1 5 1489 1960 1672 2174
9592 4 2 1 5 853 258 254 2330
9593 4 2 1 5 1457 1882 1786 2477
9594 4 2 1 5 1988 2057 1508 2274
9595 4 2 1 5 1368 1955 1739 2036
9596 4 2 1 5 1480 1855 1589 1900
9597 4 2 1 5 1398 1653 1879 2239
9598 4 2 1 5 1678 1997 1427 2045
9599 4 2 1 5 1375 1871 1824 1897
9600 4 2 1 5 1586 2007 1312 2185
9601 4 2 1 5 1418 1726 1706 2257
9602 4 2 1 5 1399 1599 2085 2511
9603 4 2 1 5 1987 2263 479 2273
9604 4 2 1 5 1740 1961 1325 2322
9605 4 2 1 5 23 117 713 1675
9606 4 2 1 5 1318 1899 1825 2365
9607 4 2 1 5 1720 1949 831 2324
9608 4 2 1 5 2027 2122 1522 2246
9609 4 2 1 5 875 874 1579 2123
9610 4 2 1 5 1865 2208 1784 2271
9611 4 2 1 5 847 2243 1741 2485
9612 4 2 1 5 1406 1817 1955 2036
9613 4 2 1 5 870 593 1811 2363
9614 4 2 1 5 780 782 781 2469
9615 4 2 1 5 395 425 417 2011
9616 4 2 1 5 533 2255 1538 2395
9617 4 2 1 5 2013 2135 1339 2454
9618 4 2 1 5 1379 1985 2009 2465
9619 4 2 1 5 404 406 405 2045
9620 4 2 1 5 381 1088 783 1861
9621 4 2 1 5 1403 2164 1825 2247
9622 4 2 1 5 1044 324 155 2103
9623 4 2 1 5 1328 1696 1823 2152
9624 4 2 1 5 1411 1574 2063 2133
9625 4 2 1 5 1463 2192 2061 2382
9626 4 2 1 5 1334 2376 2195 2491
9627 4 2 1 5 1612 1397 1839 2222
9628 4 2 1 5 333 906 1007 2115
9629 4 2 1 5 1536 2118 1323 2367
9630 4 2 1 5 1317 1650 1988 2057
9631 4 2 1 5 319 318 252 2324
9632 4 2 1 5 834 1737 384 2129
9633 4 2 1 5 806 1643 552 1857
9634 4 2 1 5 1700 1830 1604 2179
9635 4 2 1 5 587 1815 1056 2039
9636 4 2 1 5 401 1691 397 2328
9637 4 2 1 5 1132 1144 1145 1625
9638 4 2 1 5 1654 2324 1720 2455
9639 4 2 1 5 858 1666 859 2273
9640 4 2 1 5 1431 2178 1619 2229
9641 4 2 1 5 1457 1972 1786 2470
9642 4 2 1 5 1720 2266 329 2347
9643 4 2 1 5 1879 2019 2002 2411
9644 4 2 1 5 1563 2103 1435 2408
9645 4 2 1 5 1536 1906 1323 2118
9646 4 2 1 5 1462 1862 1861 2469
9647 4 2 1 5 1453 1754 1880 2451
9648 4 2 1 5 1516 1993 1439 2012
9649 4 2 1 5 165 158 1829 2223
9650 4 2 1 5 191 893 180 1757
9651 4 2 1 5 213 2351 214 2489
9652 4 2 1 5 1177 1574 1730 2175
9653 4 2 1 5 1409 2115 1723 2221
9654 4 2 1 5 1490 1671 1863 2481
9655 4 2 1 5 1447 1953 1598 2015
9656 4 2 1 5 1393 2014 1553 2503
9657 4 2 1 5 445 1772 921 2321
9658 4 2 1 5 1576 2256 428 2415
9659 4 2 1 5 1481 1541 2258 2445
9660 4 2 1 5 1476 2420 2135 2491
9661 4 2 1 5 1417 1916 1607 2380
9662 4 2 1 5 1668 1860 1440 2402
9663 4 2 1 5 1380 1571 1922 2479
9664 4 2 1 5 1568 2320 1321 2342
9665 4 2 1 5 1403 1825 1743 2231
9666 4 2 1 5 1634 1445 2420 2491
9667 4 2 1 5 1556 2235 1558 2391
9668 4 2 1 5 35 1947 1681 1969
9669 4 2 1 5 1384 2235 2171 2292
9670 4 2 1 5 296 1771 293 2228
9671 4 2 1 5 1713 1874 1573 2252
9672 4 2 1 5 539 614 540 2091
9673 4 2 1 5 1615 2154 289 2500
9674 4 2 1 5 1121 1658 680 2244
9675 4 2 1 5 506 1590 334 2048
9676 4 2 1 5 1469 1940 1777 2413
9677 4 2 1 5 281 2305 1673 2350
9678 4 2 1 5 675 1063 740 2384
9679 4 2 1 5 1117 1665 1009 2169
9680 4 2 1 5 232 860 858 1847
9681 4 2 1 5 837 935 699 1631
9682 4 2 1 5 1568 1414 1901 2213
9683 4 2 1 5 1705 2099 1498 2396
9684 4 2 1 5 1418 1872 1630 2219
9685 4 2 1 5 594 2313 2108 2505
9686 4 2 1 5 137 147 1781 1973
9687 4 2 1 5 1555 1926 1415 2454
9688 4 2 1 5 309 2076 926 2228
9689 4 2 1 5 1131 1146 1748 2424
9690 4 2 1 5 1413 1773 1624 2073
9691 4 2 1 5 11 1577 10 1927
9692 4 2 1 5 890 484 486 1893
9693 4 2 1 5 801 1816 800 2218
9694 4 2 1 5 724 725 1535 2018
9695 4 2 1 5 1486 2333 1946 2444
9696 4 2 1 5 200 202 1704 2351
9697 4 2 1 5 1702 2082 1473 2349
9698 4 2 1 5 1633 2055 1741 2260
9699 4 2 1 5 1434 1649 2088 2118
9700 4 2 1 5 1466 1850 1636 2453
9701 4 2 1 5 413 414 1931 2256
9702 4 2 1 5 1439 1516 2012 2249
9703 4 2 1 5 1058 1612 1976 2222
9704 4 2 1 5 1413 1624 2022 2206
9705 4 2 1 5 775 1759 710 2285
9706 4 2 1 5 267 921 1599 2321
9707 4 2 1 5 700 1803 561 2514
9708 4 2 1 5 940 772 749 1886
9709 4 2 1 5 1617 1859 1430 2400
9710 4 2 1 5 1617 1516 2084 2400
9711 4 2 1 5 1323 2118 1906 2352
9712 4 2 1 5 564 736 566 2335
9713 4 2 1 5 1449 1906 1536 2108
9714 4 2 1 5 1577 1746 1426 2378
9715 4 2 1 5 983 940 1614 2317
9716 4 2 1 5 1354 1997 1566 2031
9717 4 2 1 5 1394 1810 1595 2091
9718 4 2 1 5 1360 1604 1830 2179
9719 4 2 1 5 1364 1618 1813 2419
9720 4 2 1 5 1841 2086 1455 2355
9721 4 2 1 5 1172 2001 1140 2319
9722 4 2 1 5 610 876 1812 2356
9723 4 2 1 5 48 1173 49 2109
9724 4 2 1 5 724 725 974 1535
9725 4 2 1 5 935 975 699 1631
9726 4 2 1 5 1692 2470 1395 2504
9727 4 2 1 5 281 1655 283 2305
9728 4 2 1 5 953 2282 2112 2443
9729 4 2 1 5 1769 2015 1533 2456
9730 4 2 1 5 1821 2061 1461 2192
9731 4 2 1 5 1214 1205 58 1873
9732 4 2 1 5 1497 1972 1786 2442
9733 4 2 1 5 823 287 946 2105
9734 4 2 1 5 1640 1892 1738 2496
9735 4 2 1 5 1430 1811 1988 2331
9736 4 2 1 5 1352 1710 1845 2281
9737 4 2 1 5 2027 2096 1419 2122
9738 4 2 1 5 1329 1606 1889 1952
9739 4 2 1 5 1454 2393 2253 2432
9740 4 2 1 5 137 147 139 2394
9741 4 2 1 5 1608 1973 1390 2188
9742 4 2 1 5 690 944 1697 2407
9743 4 2 1 5 1739 1955 1325 2296
9744 4 2 1 5 926 2228 1511 2355
9745 4 2 1 5 1078 2103 154 2298
9746 4 2 1 5 949 611 1122 1812
9747 4 2 1 5 1482 1588 2008 2059
9748 4 2 1 5 1601 2446 1379 2465
9749 4 2 1 5 906 1728 1007 2115
9750 4 2 1 5 500 1665 1117 2248
9751 4 2 1 5 1600 1783 1724 2261
9752 4 2 1 5 1502 1546 2126 2385
9753 4 2 1 5 1929 2160 1423 2189
9754 4 2 1 5 1375 1897 1824 2215
9755 4 2 1 5 1469 1959 1581 2413
9756 4 2 1 5 35 1937 1204 2019
9757 4 2 1 5 1877 1929 1423 2189
9758 4 2 1 5 1938 1948 1447 2502
9759 4 2 1 5 1574 1411 2063 2141
9760 4 2 1 5 243 912 1910 2263
9761 4 2 1 5 53 1806 1210 2071
9762 4 2 1 5 1590 1774 1405 2285
9763 4 2 1 5 403 846 401 2515
9764 4 2 1 5 1619 1804 1416 2179
9765 4 2 1 5 1839 1976 1612 2222
9766 4 2 1 5 389 398 833 2214
9767 4 2 1 5 1323 1680 1989 2088
9768 4 2 1 5 1801 2162 1576 2254
9769 4 2 1 5 680 1121 677 1658
9770 4 2 1 5 255 311 819 1911
9771 4 2 1 5 877 1674 1022 2101
9772 4 2 1 5 1701 1734 1486 2444
9773 4 2 1 5 2090 2138 1451 2397
9774 4 2 1 5 1630 1872 1408 2094
9775 4 2 1 5 1312 2185 1725 2494
9776 4 2 1 5 1560 1968 1736 2127
9777 4 2 1 5 342 1857 808 2027
9778 4 2 1 5 1640 1766 838 2429
9779 4 2 1 5 1617 1430 2294 2400
9780 4 2 1 5 1317 2100 1609 2172
9781 4 2 1 5 513 1967 1966 2038
9782 4 2 1 5 1678 402 2328 2515
9783 4 2 1 5 1816 2218 1584 2493
9784 4 2 1 5 1383 1895 1896 1991
9785 4 2 1 5 1906 2118 1536 2352
9786 4 2 1 5 501 1747 960 2248
9787 4 2 1 5 1381 1904 1648 2012
9788 4 2 1 5 753 1810 1678 2328
9789 4 2 1 5 1828 2012 1314 2438
9790 4 2 1 5 610 683 1598 2272
9791 4 2 1 5 1342 1589 1900 2357
9792 4 2 1 5 317 1761 315 2216
9793 4 2 1 5 1476 1914 1939 2078
9794 4 2 1 5 635 1109 647 1593
9795 4 2 1 5 277 1118 1670 2379
9796 4 2 1 5 1316 2067 2015 2456
9797 4 2 1 5 1184 1954 2377 2424
9798 4 2 1 5 1380 1571 2231 2376
9799 4 2 1 5 1447 1948 1675 2502
9800 4 2 1 5 1402 1584 2017 2403
9801 4 2 1 5 1943 2056 1483 2414
9802 4 2 1 5 1657 1718 1507 2238
9803 4 2 1 5 1768 2267 1484 2449
9804 4 2 1 5 1659 1834 1467 2383
9805 4 2 1 5 1579 1386 1883 1956
9806 4 2 1 5 1157 1155 1183 1963
9807 4 2 1 5 1702 2349 1473 2459
9808 4 2 1 5 1430 2362 2143 2509
9809 4 2 1 5 1467 1834 2062 2383
9810 4 2 1 5 1526 1930 1566 1999
9811 4 2 1 5 1697 1958 1586 2407
9812 4 2 1 5 1718 1852 1507 2238
9813 4 2 1 5 1429 1763 1628 2486
9814 4 2 1 5 798 993 2092 2288
9815 4 2 1 5 724 750 604 2106
9816 4 2 1 5 1713 2277 1361 2514
9817 4 2 1 5 1470 2064 2366 2447
9818 4 2 1 5 195 1851 197 2040
9819 4 2 1 5 1331 1852 1718 2238
9820 4 2 1 5 415 413 414 1931
9821 4 2 1 5 1379 1985 1578 2009
9822 4 2 1 5 409 1686 407 2130
9823 4 2 1 5 57 58 2202 2467
9824 4 2 1 5 1676 1920 1582 2250
9825 4 2 1 5 897 758 1741 2055
9826 4 2 1 5 995 1932 1624 2483
9827 4 2 1 5 480 2069 1129 2149
9828 4 2 1 5 1762 1523 2148 2475
9829 4 2 1 5 12 765 2093 2098
9830 4 2 1 5 1376 1875 1864 2378
9831 4 2 1 5 364 362 363 1934
9832 4 2 1 5 164 2251 1064 2505
9833 4 2 1 5 1148 1168 1149 1695
9834 4 2 1 5 1413 2206 1543 2334
9835 4 2 1 5 1626 1378 2068 2446
9836 4 2 1 5 1400 1888 1572 1908
9837 4 2 1 5 1133 1165 1662 1919
9838 4 2 1 5 446 1923 447 2222
9839 4 2 1 5 1125 259 1005 2343
9840 4 2 1 5 847 1741 1040 2485
9841 4 2 1 5 501 960 457 2248
9842 4 2 1 5 2007 2185 1697 2286
9843 4 2 1 5 1738 1892 1640 2107
9844 4 2 1 5 660 659 1935 2471
9845 4 2 1 5 460 1862 2327 2469
9846 4 2 1 5 1426 1864 1706 2378
9847 4 2 1 5 1457 1692 1972 2470
9848 4 2 1 5 1503 1950 1673 2105
9849 4 2 1 5 467 905 322 1917
9850 4 2 1 5 1696 1993 1386 2205
9851 4 2 1 5 1648 2037 1974 2235
9852 4 2 1 5 905 322 1917 2455
9853 4 2 1 5 654 1674 877 2259
9854 4 2 1 5 447 2222 1923 2284
9855 4 2 1 5 1473 1702 2410 2473
9856 4 2 1 5 1571 1922 1503 2376
9857 4 2 1 5 1190 42 1583 2361
9858 4 2 1 5 1324 1753 2258 2348
9859 4 2 1 5 966 755 758 2055
9860 4 2 1 5 1457 2389 2140 2477
9861 4 2 1 5 1360 2145 1604 2250
9862 4 2 1 5 560 777 494 1992
9863 4 2 1 5 1505 1925 1553 2151
9864 4 2 1 5 1722 1400 2276 2460
9865 4 2 1 5 1413 1543 1893 2334
9866 4 2 1 5 980 1129 786 2069
9867 4 2 1 5 1685 2365 2119 2402
9868 4 2 1 5 745 1766 1082 1858
9869 4 2 1 5 1000 1572 1078 2298
9870 4 2 1 5 1366 1866 1978 2393
9871 4 2 1 5 242 243 239 1775
9872 4 2 1 5 752 1903 823 2105
9873 4 2 1 5 286 285 282 1673
9874 4 2 1 5 1521 2064 1957 2268
9875 4 2 1 5 1463 1592 2192 2382
9876 4 2 1 5 1377 1582 1920 2041
9877 4 2 1 5 1357 1884 1629 2401
9878 4 2 1 5 315 1761 313 2085
9879 4 2 1 5 169 171 176 1819
9880 4 2 1 5 1403 1899 1587 2024
9881 4 2 1 5 611 1812 876 2356
9882 4 2 1 5 1350 1939 1673 1950
9883 4 2 1 5 1710 1425 2280 2427
9884 4 2 1 5 115 1577 11 2093
9885 4 2 1 5 713 1675 117 1948
9886 4 2 1 5 1537 1937 1441 2019
9887 4 2 1 5 283 1655 281 2350
9888 4 2 1 5 1209 1207 1213 2094
9889 4 2 1 5 1491 2155 1750 2254
9890 4 2 1 5 281 1655 2305 2350
9891 4 2 1 5 144 925 142 1897
9892 4 2 1 5 968 1659 1013 2505
9893 4 2 1 5 1399 2000 1761 2085
9894 4 2 1 5 56 1964 1634 2420
9895 4 2 1 5 473 2107 888 2461
9896 4 2 1 5 1090 291 1822 2337
9897 4 2 1 5 1553 1925 1393 2151
9898 4 2 1 5 1181 2089 1173 2381
9899 4 2 1 5 1322 1981 1672 2208
9900 4 2 1 5 38 2110 1465 2411
9901 4 2 1 5 886 201 197 2244
9902 4 2 1 5 1612 1938 491 2428
9903 4 2 1 5 1389 1954 1578 2104
9904 4 2 1 5 1135 1154 1632 2490
9905 4 2 1 5 262 1813 258 2330
9906 4 2 1 5 1381 2012 1648 2197
9907 4 2 1 5 1379 1601 2009 2067
9908 4 2 1 5 401 438 397 1691
9909 4 2 1 5 1075 670 669 2127
9910 4 2 1 5 1325 1567 2153 2503
9911 4 2 1 5 262 2081 1813 2330
9912 4 2 1 5 1349 1854 1758 1983
9913 4 2 1 5 1047 687 760 2049
9914 4 2 1 5 1455 1841 1643 1942
9915 4 2 1 5 264 1712 2081 2321
9916 4 2 1 5 239 236 238 2363
9917 4 2 1 5 1335 1583 1979 2299
9918 4 2 1 5 1387 1844 1737 1951
9919 4 2 1 5 1722 1979 1335 2166
9920 4 2 1 5 643 971 1020 1949
9921 4 2 1 5 1521 1957 2183 2268
9922 4 2 1 5 282 946 287 2105
9923 4 2 1 5 2088 2118 1649 2367
9924 4 2 1 5 55 1926 2135 2420
9925 4 2 1 5 124 998 26 1589
9926 4 2 1 5 546 775 710 2285
9927 4 2 1 5 698 586 524 1833
9928 4 2 1 5 1396 2197 1974 2235
9929 4 2 1 5 1076 314 307 2511
9930 4 2 1 5 396 397 2029 2328
9931 4 2 1 5 1654 2079 1429 2324
9932 4 2 1 5 956 213 1622 2351
9933 4 2 1 5 808 342 806 1857
9934 4 2 1 5 1219 51 2219 2303
9935 4 2 1 5 1377 1924 1582 2041
9936 4 2 1 5 1393 2014 1935 2259
9937 4 2 1 5 1673 1950 1407 2105
9938 4 2 1 5 1440 2119 1825 2365
9939 4 2 1 5 1359 1782 1728 1869
9940 4 2 1 5 1320 1991 2245 2396
9941 4 2 1 5 346 345 341 2325
9942 4 2 1 5 1126 933 768 1710
9943 4 2 1 5 937 1707 726 2437
9944 4 2 1 5 1448 1987 1623 2187
9945 4 2 1 5 1467 1834 1659 2251
9946 4 2 1 5 1661 1862 1462 2469
9947 4 2 1 5 168 170 172 1649
9948 4 2 1 5 1177 2175 1730 2236
9949 4 2 1 5 1022 654 967 2051
9950 4 2 1 5 1740 2262 1411 2373
9951 4 2 1 5 1408 1872 1832 2094
9952 4 2 1 5 1677 2368 2133 2441
9953 4 2 1 5 212 1970 214 2351
9954 4 2 1 5 1767 2092 993 2288
9955 4 2 1 5 1453 1719 1827 2512
9956 4 2 1 5 1157 1700 1963 2418
9957 4 2 1 5 726 2045 1707 2130
9958 4 2 1 5 2035 2114 1601 2329
9959 4 2 1 5 1599 1772 1437 2321
9960 4 2 1 5 1112 1850 332 2509
9961 4 2 1 5 1734 1893 1413 2369
9962 4 2 1 5 841 1946 193 2040
9963 4 2 1 5 1386 1883 1850 2123
9964 4 2 1 5 1685 2119 2207 2402
9965 4 2 1 5 1425 1887 1544 2102
9966 4 2 1 5 515 404 402 1678
9967 4 2 1 5 1970 2010 216 2489
9968 4 2 1 5 1211 1212 1208 1832
9969 4 2 1 5 488 740 499 1664
9970 4 2 1 5 1564 2267 1768 2449
9971 4 2 1 5 491 1612 1058 2222
9972 4 2 1 5 1842 2021 1500 2187
9973 4 2 1 5 1744 2062 1548 2383
9974 4 2 1 5 609 1812 949 2025
9975 4 2 1 5 1578 1954 1389 2236
9976 4 2 1 5 793 796 1714 2092
9977 4 2 1 5 34 1142 35 1681
9978 4 2 1 5 1601 2035 2009 2114
9979 4 2 1 5 1453 1827 1712 2512
9980 4 2 1 5 1500 2187 1702 2291
9981 4 2 1 5 1488 2124 1867 2443
9982 4 2 1 5 596 178 180 1757
9983 4 2 1 5 1433 2074 1747 2128
9984 4 2 1 5 1516 1617 2294 2400
9985 4 2 1 5 484 485 486 2369
9986 4 2 1 5 136 1824 135 2318
9987 4 2 1 5 1614 2169 1454 2432
9988 4 2 1 5 1595 2347 1738 2496
9989 4 2 1 5 591 1747 960 2074
9990 4 2 1 5 1584 1986 799 2218
9991 4 2 1 5 1503 2005 1552 2046
9992 4 2 1 5 1897 2215 1375 2414
9993 4 2 1 5 1102 2023 2252 2404
9994 4 2 1 5 1447 2353 1598 2428
9995 4 2 1 5 722 1008 1089 1585
9996 4 2 1 5 1386 2438 1993 2453
9997 4 2 1 5 1958 1410 2498 2500
9998 4 2 1 5 1019 1549 618 2384
9999 4 2 1 5 1488 1650 2340 2390
10000 4 2 1 5 2195 2376 1950 2491
10001 4 2 1 5 1715 2171 1611 2206
10002 4 2 1 5 1315 2095 1744 2265
10003 4 2 1 5 1653 2276 1722 2510
10004 4 2 1 5 1619 1416 1804 2212
10005 4 2 1 5 1378 1948 1898 2127
10006 4 2 1 5 491 490 1938 2222
10007 4 2 1 5 1459 1781 1973 2188
10008 4 2 1 5 700 563 977 1803
10009 4 2 1 5 117 1948 1675 2439
10010 4 2 1 5 1530 1978 1866 2393
10011 4 2 1 5 329 1720 321 2266
10012 4 2 1 5 1457 2140 1692 2470
10013 4 2 1 5 240 1559 2143 2509
10014 4 2 1 5 386 395 394 2011
10015 4 2 1 5 37 2019 1537 2110
10016 4 2 1 5 1530 1978 1795 2253
10017 4 2 1 5 1332 2032 2145 2390
10018 4 2 1 5 1460 2144 1312 2257
10019 4 2 1 5 632 1035 2049 2485
10020 4 2 1 5 253 1636 248 2362
10021 4 2 1 5 1579 1956 1651 2205
10022 4 2 1 5 1640 838 2107 2429
10023 4 2 1 5 1809 2276 1400 2460
10024 4 2 1 5 56 1913 1964 2420
10025 4 2 1 5 1436 1874 1713 2252
10026 4 2 1 5 1338 1561 1860 2497
10027 4 2 1 5 1355 2227 1791 2307
10028 4 2 1 5 1871 2097 1375 2359
10029 4 2 1 5 1113 1612 491 2428
10030 4 2 1 5 1323 1906 1548 2352
10031 4 2 1 5 1022 1674 2051 2101
10032 4 2 1 5 1814 1382 2147 2223
10033 4 2 1 5 820 312 1911 2196
10034 4 2 1 5 334 506 505 1590
10035 4 2 1 5 1513 1997 1678 2045
10036 4 2 1 5 1558 2235 1396 2391
10037 4 2 1 5 794 2092 1584 2493
10038 4 2 1 5 775 1029 1759 1990
10039 4 2 1 5 45 2004 1796 2136
10040 4 2 1 5 712 1125 711 1703
10041 4 2 1 5 550 1114 931 2112
10042 4 2 1 5 170 1649 168 2240
10043 4 2 1 5 869 959 478 1811
10044 4 2 1 5 165 936 158 2223
10045 4 2 1 5 478 241 869 2143
10046 4 2 1 5 21 1057 701 2295
10047 4 2 1 5 1673 1939 1585 2350
10048 4 2 1 5 659 657 1935 2014
10049 4 2 1 5 2060 2070 1679 2168
10050 4 2 1 5 1158 1904 1648 2170
10051 4 2 1 5 1413 2369 1773 2480
10052 4 2 1 5 1434 1741 1649 2243
10053 4 2 1 5 985 898 204 1716
10054 4 2 1 5 1598 1953 1373 2015
10055 4 2 1 5 2140 2383 1548 2389
10056 4 2 1 5 835 726 2045 2437
10057 4 2 1 5 1601 1379 2009 2465
10058 4 2 1 5 205 577 204 1716
10059 4 2 1 5 1761 2000 1399 2431
10060 4 2 1 5 1704 1864 1376 2033
10061 4 2 1 5 1688 2357 1645 2446
10062 4 2 1 5 1683 1911 255 2226
10063 4 2 1 5 1693 1942 1487 2066
10064 4 2 1 5 1671 1735 1324 2280
10065 4 2 1 5 1113 1058 491 1612
10066 4 2 1 5 1385 1853 1793 2327
10067 4 2 1 5 826 1902 372 2468
10068 4 2 1 5 1194 1204 2002 2445
10069 4 2 1 5 208 942 1069 1635
10070 4 2 1 5 1530 2253 1614 2317
10071 4 2 1 5 228 1683 255 2226
10072 4 2 1 5 1499 1854 1758 1999
10073 4 2 1 5 1112 332 852 2509
10074 4 2 1 5 1715 1840 1413 2480
10075 4 2 1 5 1400 2137 2234 2510
10076 4 2 1 5 195 196 1851 2203
10077 4 2 1 5 697 1079 683 1953
10078 4 2 1 5 1392 1638 1878 2307
10079 4 2 1 5 690 715 569 1697
10080 4 2 1 5 1628 2211 1332 2486
10081 4 2 1 5 1323 1989 1680 2193
10082 4 2 1 5 1421 2424 1578 2456
10083 4 2 1 5 1478 1868 2106 2166
10084 4 2 1 5 1111 961 667 1884
10085 4 2 1 5 701 1557 1057 2147
10086 4 2 1 5 1983 2211 1429 2486
10087 4 2 1 5 1388 1748 1570 2054
10088 4 2 1 5 1455 1942 2096 2246
10089 4 2 1 5 1893 2369 1734 2386
10090 4 2 1 5 1331 2224 2087 2385
10091 4 2 1 5 1614 1886 1371 2317
10092 4 2 1 5 481 1734 2336 2444
10093 4 2 1 5 1378 2357 1688 2446
10094 4 2 1 5 522 525 1745 2080
10095 4 2 1 5 1482 2008 1588 2242
10096 4 2 1 5 1715 1840 1417 1916
10097 4 2 1 5 1889 1952 1606 2104
10098 4 2 1 5 1412 1640 2107 2429
10099 4 2 1 5 1861 1991 1498 2245
10100 4 2 1 5 1010 1713 914 2252
10101 4 2 1 5 570 886 197 2244
10102 4 2 1 5 1851 2040 1420 2275
10103 4 2 1 5 1605 2218 1971 2269
10104 4 2 1 5 932 2288 1554 2364
10105 4 2 1 5 1484 1843 1802 2070
10106 4 2 1 5 793 796 1041 1714
10107 4 2 1 5 1698 1980 1424 2212
10108 4 2 1 5 1515 1579 1883 1956
10109 4 2 1 5 536 592 620 1868
10110 4 2 1 5 1348 1702 2187 2349
10111 4 2 1 5 1902 2186 369 2468
10112 4 2 1 5 927 964 1026 2129
10113 4 2 1 5 217 1838 219 2489
10114 4 2 1 5 745 1082 646 1858
10115 4 2 1 5 1569 2073 1773 2480
10116 4 2 1 5 1325 1708 2153 2190
10117 4 2 1 5 839 967 871 2051
10118 4 2 1 5 1377 1785 1664 2247
10119 4 2 1 5 989 743 108 1749
10120 4 2 1 5 1491 1931 1714 2155
10121 4 2 1 5 1597 1489 2004 2422
10122 4 2 1 5 1458 2004 1694 2422
10123 4 2 1 5 1443 1783 1774 2184
10124 4 2 1 5 1766 1858 1593 2460
10125 4 2 1 5 1937 2019 1537 2182
10126 4 2 1 5 1390 2188 1781 2426
10127 4 2 1 5 565 631 891 2495
10128 4 2 1 5 1388 2193 1625 2477
10129 4 2 1 5 331 323 905 2266
10130 4 2 1 5 1551 2040 1851 2275
10131 4 2 1 5 1724 2264 1590 2405
10132 4 2 1 5 1646 2194 636 2508
10133 4 2 1 5 1914 2227 1620 2307
10134 4 2 1 5 628 629 540 2091
10135 4 2 1 5 481 2336 894 2444
10136 4 2 1 5 1079 763 126 2356
10137 4 2 1 5 1328 2294 1617 2331
10138 4 2 1 5 1480 2156 1941 2281
10139 4 2 1 5 805 477 1067 1705
10140 4 2 1 5 1499 1804 1619 2179
10141 4 2 1 5 1312 1878 1638 2307
10142 4 2 1 5 1186 2133 1176 2441
10143 4 2 1 5 1355 1592 1821 2192
10144 4 2 1 5 1593 2276 1809 2460
10145 4 2 1 5 1394 1944 1810 2091
10146 4 2 1 5 1080 848 1794 2415
10147 4 2 1 5 1559 1905 1847 2233
10148 4 2 1 5 972 1031 147 1781
10149 4 2 1 5 1602 2199 896 2310
10150 4 2 1 5 818 332 1850 2509
10151 4 2 1 5 48 1174 1131 2109
10152 4 2 1 5 1707 2045 726 2437
10153 4 2 1 5 1391 1915 1686 2058
10154 4 2 1 5 1378 1675 1948 2502
10155 4 2 1 5 1617 1430 1988 2331
10156 4 2 1 5 1371 1718 2358 2440
10157 4 2 1 5 1838 2010 1401 2489
10158 4 2 1 5 1604 2250 1321 2342
10159 4 2 1 5 639 640 186 1751
10160 4 2 1 5 888 473 536 2107
10161 4 2 1 5 404 1678 515 2045
10162 4 2 1 5 1749 1866 1530 1978
10163 4 2 1 5 446 1717 1923 2222
10164 4 2 1 5 1532 2207 1568 2342
10165 4 2 1 5 1013 1659 2251 2505
10166 4 2 1 5 480 1712 2069 2149
10167 4 2 1 5 1348 2187 1623 2349
10168 4 2 1 5 1801 1892 1478 2166
10169 4 2 1 5 467 706 957 1917
10170 4 2 1 5 762 1078 116 2103
10171 4 2 1 5 1329 1889 1606 1890
10172 4 2 1 5 733 2038 951 2350
10173 4 2 1 5 1496 2055 1633 2098
10174 4 2 1 5 945 598 1867 2443
10175 4 2 1 5 1103 119 1888 2316
10176 4 2 1 5 1142 35 1681 2381
10177 4 2 1 5 538 1717 446 2222
10178 4 2 1 5 1421 1889 1606 2104
10179 4 2 1 5 558 1009 1117 1665
10180 4 2 1 5 1579 2163 1689 2205
10181 4 2 1 5 1315 2062 1684 2265
10182 4 2 1 5 638 849 898 1977
10183 4 2 1 5 1344 2405 1762 2475
10184 4 2 1 5 791 161 469 1770
10185 4 2 1 5 1593 1858 1780 2344
10186 4 2 1 5 1190 42 43 1583
10187 4 2 1 5 1506 1891 1992 2227
10188 4 2 1 5 1017 915 907 1844
10189 4 2 1 5 1331 2087 1533 2121
10190 4 2 1 5 345 348 883 2041
10191 4 2 1 5 1613 2182 1451 2191
10192 4 2 1 5 134 954 136 1824
10193 4 2 1 5 702 704 703 1779
10194 4 2 1 5 1216 60 59 1873
10195 4 2 1 5 165 1829 936 2223
10196 4 2 1 5 1958 2308 1410 2500
10197 4 2 1 5 1692 1972 1497 2504
10198 4 2 1 5 738 811 1710 2181
10199 4 2 1 5 2158 2303 1581 2421
10200 4 2 1 5 36 2019 1937 2182
10201 4 2 1 5 1564 2041 588 2117
10202 4 2 1 5 1148 1695 1149 2397
10203 4 2 1 5 1737 1844 1387 2366
10204 4 2 1 5 1152 38 37 1721
10205 4 2 1 5 660 659 658 1935
10206 4 2 1 5 136 954 143 1824
10207 4 2 1 5 42 1930 1583 2361
10208 4 2 1 5 421 415 414 1931
10209 4 2 1 5 905 2266 323 2455
10210 4 2 1 5 1527 2095 1688 2132
10211 4 2 1 5 983 2253 1050 2317
10212 4 2 1 5 1110 2125 451 2341
10213 4 2 1 5 627 715 1069 2160
10214 4 2 1 5 1142 1681 34 2381
10215 4 2 1 5 1517 2006 1781 2426
10216 4 2 1 5 1338 1740 2072 2262
10217 4 2 1 5 1324 1572 2097 2408
10218 4 2 1 5 551 502 535 1661
10219 4 2 1 5 1711 2051 1514 2116
10220 4 2 1 5 1160 1183 1155 1901
10221 4 2 1 5 1134 37 1752 2374
10222 4 2 1 5 1671 2234 2137 2510
10223 4 2 1 5 1048 1087 797 2493
10224 4 2 1 5 1781 2006 1390 2426
10225 4 2 1 5 927 1026 607 1976
10226 4 2 1 5 1724 2261 1783 2264
10227 4 2 1 5 893 123 966 2055
10228 4 2 1 5 720 1713 2023 2514
10229 4 2 1 5 1328 1617 1842 2331
10230 4 2 1 5 1706 1726 1312 2257
10231 4 2 1 5 30 122 29 2102
10232 4 2 1 5 277 275 276 1670
10233 4 2 1 5 1552 2277 1713 2514
10234 4 2 1 5 1409 1805 1723 2115
10235 4 2 1 5 30 2102 29 2427
10236 4 2 1 5 1846 2180 1451 2191
10237 4 2 1 5 1458 1644 2009 2035
10238 4 2 1 5 1582 1920 1768 2325
10239 4 2 1 5 808 2027 1857 2434
10240 4 2 1 5 1499 1830 1700 2179
10241 4 2 1 5 1472 1955 1739 2296
10242 4 2 1 5 852 1636 253 2343
10243 4 2 1 5 1416 2320 1568 2342
10244 4 2 1 5 700 561 562 2514
10245 4 2 1 5 1387 1981 1784 2208
10246 4 2 1 5 626 625 1805 2255
10247 4 2 1 5 755 15 756 2260
10248 4 2 1 5 451 2125 1524 2341
10249 4 2 1 5 1355 1992 1591 2227
10250 4 2 1 5 1806 1872 1418 2303
10251 4 2 1 5 1436 1874 2252 2436
10252 4 2 1 5 1362 1562 2013 2070
10253 4 2 1 5 1882 2054 1625 2477
10254 4 2 1 5 1774 1783 1443 2264
10255 4 2 1 5 474 2194 493 2196
10256 4 2 1 5 1394 1949 1763 2091
10257 4 2 1 5 872 1938 686 2439
10258 4 2 1 5 1898 2127 1589 2357
10259 4 2 1 5 852 248 253 1636
10260 4 2 1 5 1777 1463 2061 2283
10261 4 2 1 5 1620 1476 1914 2307
10262 4 2 1 5 218 222 221 2210
10263 4 2 1 5 1618 2165 254 2362
10264 4 2 1 5 366 381 364 1895
10265 4 2 1 5 801 1971 1816 2218
10266 4 2 1 5 19 1047 18 2126
10267 4 2 1 5 1962 2134 1575 2377
10268 4 2 1 5 380 1011 1820 2346
10269 4 2 1 5 1330 2148 2008 2413
10270 4 2 1 5 881 1932 599 2080
10271 4 2 1 5 1190 1200 1197 2003
10272 4 2 1 5 1619 2116 1431 2229
10273 4 2 1 5 875 1081 815 1689
10274 4 2 1 5 267 269 268 1802
10275 4 2 1 5 899 2111 1618 2362
10276 4 2 1 5 184 1856 1701 2336
10277 4 2 1 5 726 406 2045 2130
10278 4 2 1 5 1323 1548 2193 2352
10279 4 2 1 5 995 1932 520 2022
10280 4 2 1 5 1387 2366 2099 2476
10281 4 2 1 5 1436 2306 2177 2404
10282 4 2 1 5 1424 1919 1804 1980
10283 4 2 1 5 414 421 1931 2044
10284 4 2 1 5 1724 1344 2261 2264
10285 4 2 1 5 169 1819 2240 2388
10286 4 2 1 5 689 785 583 2412
10287 4 2 1 5 1836 1457 2279 2389
10288 4 2 1 5 1393 1925 2014 2259
10289 4 2 1 5 1377 1924 2041 2117
10290 4 2 1 5 1579 1369 1932 2163
10291 4 2 1 5 1455 2086 1942 2246
10292 4 2 1 5 1555 2451 1339 2454
10293 4 2 1 5 1521 2208 1865 2476
10294 4 2 1 5 763 1894 126 2356
10295 4 2 1 5 1781 2188 1459 2426
10296 4 2 1 5 854 1815 587 2039
10297 4 2 1 5 23 22 1675 2270
10298 4 2 1 5 1402 1863 1760 2162
10299 4 2 1 5 1322 1644 1784 2271
10300 4 2 1 5 669 670 541 1560
10301 4 2 1 5 1431 2051 1711 2116
10302 4 2 1 5 2169 2253 1454 2301
10303 4 2 1 5 690 1697 944 1958
10304 4 2 1 5 388 416 839 2051
10305 4 2 1 5 1321 2250 1604 2431
10306 4 2 1 5 853 254 899 1618
10307 4 2 1 5 1460 1872 1832 2144
10308 4 2 1 5 1447 1948 1938 2439
10309 4 2 1 5 1355 1596 2204 2501
10310 4 2 1 5 1476 1964 1913 2420
10311 4 2 1 5 1560 1938 2284 2329
10312 4 2 1 5 1423 2061 1929 2192
10313 4 2 1 5 1519 2214 2042 2293
10314 4 2 1 5 1346 1940 1777 2061
10315 4 2 1 5 817 443 1905 2123
10316 4 2 1 5 694 1091 1054 1803
10317 4 2 1 5 1411 2373 2262 2497
10318 4 2 1 5 1455 2096 2027 2246
10319 4 2 1 5 47 1748 1146 2424
10320 4 2 1 5 1338 2072 1740 2151
10321 4 2 1 5 1568 2207 1416 2342
10322 4 2 1 5 1184 1657 46 2424
10323 4 2 1 5 235 236 869 2143
10324 4 2 1 5 1176 2133 2368 2441
10325 4 2 1 5 1389 1952 1889 2104
10326 4 2 1 5 1579 1883 1386 2123
10327 4 2 1 5 179 180 178 1757
10328 4 2 1 5 1625 1786 1145 1882
10329 4 2 1 5 1658 2406 1781 2426
10330 4 2 1 5 1523 1762 2405 2475
10331 4 2 1 5 1367 1941 1565 2399
10332 4 2 1 5 1057 113 2016 2270
10333 4 2 1 5 160 1731 141 2394
10334 4 2 1 5 1397 2222 1938 2284
10335 4 2 1 5 1407 1549 2195 2315
10336 4 2 1 5 125 774 25 1898
10337 4 2 1 5 1196 1198 1191 2002
10338 4 2 1 5 482 483 484 2369
10339 4 2 1 5 944 1958 1586 2498
10340 4 2 1 5 1447 1612 2353 2428
10341 4 2 1 5 1794 2254 1576 2256
10342 4 2 1 5 1478 1892 1801 2139
10343 4 2 1 5 1546 1894 1502 2126
10344 4 2 1 5 1413 1916 1715 2334
10345 4 2 1 5 114 2260 2049 2485
10346 4 2 1 5 321 1720 831 2324
10347 4 2 1 5 1906 1548 2383 2389
10348 4 2 1 5 1756 2177 1550 2306
10349 4 2 1 5 2111 2143 1430 2362
10350 4 2 1 5 1168 1172 1149 1695
10351 4 2 1 5 1332 2032 1650 2173
10352 4 2 1 5 466 1986 449 2300
10353 4 2 1 5 1792 2002 1398 2003
10354 4 2 1 5 1706 1312 2144 2257
10355 4 2 1 5 1317 1994 1609 2100
10356 4 2 1 5 618 2384 1549 2448
10357 4 2 1 5 1344 2264 1724 2405
10358 4 2 1 5 927 1788 395 2129
10359 4 2 1 5 1331 1718 1866 2121
10360 4 2 1 5 480 1129 980 2149
10361 4 2 1 5 282 2105 1673 2305
10362 4 2 1 5 233 235 240 2143
10363 4 2 1 5 1521 1784 2208 2476
10364 4 2 1 5 1579 1386 1956 2205
10365 4 2 1 5 1171 1145 1625 2001
10366 4 2 1 5 1152 1721 37 2374
10367 4 2 1 5 667 1884 961 2203
10368 4 2 1 5 1628 2211 1763 2310
10369 4 2 1 5 1681 1943 1483 1947
10370 4 2 1 5 437 472 488 1785
10371 4 2 1 5 1623 1473 1917 2349
10372 4 2 1 5 1503 1903 1571 2376
10373 4 2 1 5 1402 1760 1863 2403
10374 4 2 1 5 620 2415 1080 2461
10375 4 2 1 5 200 207 202 2351
10376 4 2 1 5 1760 2162 1863 2507
10377 4 2 1 5 1378 2127 1968 2502
10378 4 2 1 5 1567 1935 1432 2153
10379 4 2 1 5 1584 2218 1367 2403
10380 4 2 1 5 169 167 1819 2388
10381 4 2 1 5 511 513 671 1967
10382 4 2 1 5 1650 2340 1667 2464
10383 4 2 1 5 1325 1708 2190 2296
10384 4 2 1 5 1337 1611 2090 2163
10385 4 2 1 5 1657 1421 1962 2121
10386 4 2 1 5 1626 2068 2132 2446
10387 4 2 1 5 538 1976 1717 2222
10388 4 2 1 5 991 948 2333 2444
10389 4 2 1 5 1315 2095 1688 2332
10390 4 2 1 5 746 591 2074 2128
10391 4 2 1 5 399 427 426 2339
10392 4 2 1 5 1441 2348 2002 2445
10393 4 2 1 5 321 2266 1720 2455
10394 4 2 1 5 1414 1650 2032 2173
10395 4 2 1 5 1029 527 602 2360
10396 4 2 1 5 53 2161 1153 2225
10397 4 2 1 5 1336 1687 2035 2329
10398 4 2 1 5 1408 1706 2144 2257
10399 4 2 1 5 987 2016 1928 2472
10400 4 2 1 5 1618 1364 1813 2165
10401 4 2 1 5 1370 1627 2331 2363
10402 4 2 1 5 1447 2114 2015 2353
10403 4 2 1 5 1128 1814 701 2147
10404 4 2 1 5 1604 1830 1332 2145
10405 4 2 1 5 914 913 351 1713
10406 4 2 1 5 617 2124 1628 2282
10407 4 2 1 5 1102 2023 1010 2252
10408 4 2 1 5 1573 2252 1874 2436
10409 4 2 1 5 333 843 224 1826
10410 4 2 1 5 1454 2043 1542 2372
10411 4 2 1 5 1661 1385 1862 2327
10412 4 2 1 5 1435 1908 1593 2276
10413 4 2 1 5 1439 1648 1998 2037
10414 4 2 1 5 1556 1959 1140 2225
10415 4 2 1 5 21 701 1055 2295
10416 4 2 1 5 419 338 330 1640
10417 4 2 1 5 211 218 210 2210
10418 4 2 1 5 2125 2341 1039 2508
10419 4 2 1 5 1578 2104 1421 2456
10420 4 2 1 5 1457 1682 1972 2389
10421 4 2 1 5 691 572 2023 2404
10422 4 2 1 5 1397 2114 2035 2329
10423 4 2 1 5 1719 2398 1555 2451
10424 4 2 1 5 36 1937 35 1969
10425 4 2 1 5 1653 2237 1690 2344
10426 4 2 1 5 1623 1473 2349 2459
10427 4 2 1 5 444 474 493 2196
10428 4 2 1 5 1145 1786 1625 2001
10429 4 2 1 5 1623 2187 1987 2459
10430 4 2 1 5 605 1610 1130 2018
10431 4 2 1 5 1402 1760 2017 2155
10432 4 2 1 5 589 698 1051 1833
10433 4 2 1 5 903 376 932 2288
10434 4 2 1 5 1372 2060 1764 2168
10435 4 2 1 5 1423 2061 1726 2286
10436 4 2 1 5 1370 2331 1811 2363
10437 4 2 1 5 875 1689 247 2488
10438 4 2 1 5 229 230 231 1905
10439 4 2 1 5 1661 2327 1862 2469
10440 4 2 1 5 1550 2072 1621 2306
10441 4 2 1 5 1378 2127 1898 2357
10442 4 2 1 5 1903 2195 1571 2376
10443 4 2 1 5 1603 1411 2141 2373
10444 4 2 1 5 169 167 171 1819
10445 4 2 1 5 1579 1932 1369 2080
10446 4 2 1 5 1404 1586 1878 2494
10447 4 2 1 5 1470 1844 1737 2366
10448 4 2 1 5 1348 2065 1642 2349
10449 4 2 1 5 1694 2208 1865 2271
10450 4 2 1 5 1454 1542 2301 2372
10451 4 2 1 5 1398 2002 1879 2348
10452 4 2 1 5 1013 968 790 1659
10453 4 2 1 5 1454 1542 2043 2301
10454 4 2 1 5 1407 1950 1939 2078
10455 4 2 1 5 1730 1865 1574 2183
10456 4 2 1 5 1544 2097 1871 2359
10457 4 2 1 5 1811 1867 1370 2363
10458 4 2 1 5 1578 1954 1421 2104
10459 4 2 1 5 1430 1811 1627 2143
10460 4 2 1 5 1348 2021 1667 2392
10461 4 2 1 5 1315 2068 1688 2132
10462 4 2 1 5 1626 2446 1601 2502
10463 4 2 1 5 1612 1839 1397 2114
10464 4 2 1 5 1148 36 1969 2397
10465 4 2 1 5 993 1767 796 2092
10466 4 2 1 5 1727 1870 1495 2466
10467 4 2 1 5 351 1922 350 2030
10468 4 2 1 5 1435 2276 1653 2408
10469 4 2 1 5 1139 1160 1901 2452
10470 4 2 1 5 1586 1404 2433 2494
10471 4 2 1 5 611 610 876 1812
10472 4 2 1 5 877 822 658 1935
10473 4 2 1 5 1563 2237 1753 2408
10474 4 2 1 5 1557 1510 2068 2270
10475 4 2 1 5 1125 1005 1703 2343
10476 4 2 1 5 632 760 687 2049
10477 4 2 1 5 1541 2002 1398 2348
10478 4 2 1 5 419 1640 838 2107
10479 4 2 1 5 375 805 370 1918
10480 4 2 1 5 1636 2165 253 2343
10481 4 2 1 5 356 355 357 2232
10482 4 2 1 5 965 479 1987 2263
10483 4 2 1 5 1991 2063 1621 2373
10484 4 2 1 5 1465 2019 1879 2411
10485 4 2 1 5 500 558 1665 2323
10486 4 2 1 5 1701 1358 1734 2336
10487 4 2 1 5 859 860 986 1666
10488 4 2 1 5 1536 1906 1659 2108
10489 4 2 1 5 1423 1929 1635 2160
10490 4 2 1 5 643 831 1949 2324
10491 4 2 1 5 686 1938 541 1948
10492 4 2 1 5 1328 1559 2233 2294
10493 4 2 1 5 470 508 531 1795
10494 4 2 1 5 711 1703 451 2125
10495 4 2 1 5 407 2058 405 2130
10496 4 2 1 5 140 142 1897 2215
10497 4 2 1 5 996 2125 1039 2508
10498 4 2 1 5 1421 2121 1657 2424
10499 4 2 1 5 1565 1971 1367 2399
10500 4 2 1 5 387 854 587 2039
10501 4 2 1 5 1317 2274 1859 2419
10502 4 2 1 5 1058 1976 538 2222
10503 4 2 1 5 40 1700 1157 2418
10504 4 2 1 5 278 970 2305 2337
10505 4 2 1 5 538 833 446 1717
10506 4 2 1 5 820 2194 474 2196
10507 4 2 1 5 1449 1659 1906 2108
10508 4 2 1 5 223 224 225 2488
10509 4 2 1 5 1772 2321 445 2330
10510 4 2 1 5 2177 2306 1756 2404
10511 4 2 1 5 1367 1960 1687 2399
10512 4 2 1 5 1383 1621 2072 2373
10513 4 2 1 5 119 1103 1888 2018
10514 4 2 1 5 1614 1848 1353 2432
10515 4 2 1 5 669 541 492 1560
10516 4 2 1 5 1383 2072 1740 2373
10517 4 2 1 5 1603 1991 1383 2373
10518 4 2 1 5 2090 2180 1337 2417
10519 4 2 1 5 1382 2118 1680 2352
10520 4 2 1 5 246 945 598 1867
10521 4 2 1 5 1550 2072 2306 2436
10522 4 2 1 5 1564 1377 2041 2117
10523 4 2 1 5 1414 1909 1632 2287
10524 4 2 1 5 1548 2265 2140 2477
10525 4 2 1 5 1153 1556 1140 2225
10526 4 2 1 5 391 2029 1711 2039
10527 4 2 1 5 1938 2222 490 2284
10528 4 2 1 5 1921 2056 1485 2414
10529 4 2 1 5 904 461 409 1686
10530 4 2 1 5 792 413 415 1931
10531 4 2 1 5 1037 1091 694 1841
10532 4 2 1 5 166 2243 1829 2388
10533 4 2 1 5 1434 1852 1680 2088
10534 4 2 1 5 1316 2009 1601 2067
10535 4 2 1 5 303 255 1911 2226
10536 4 2 1 5 1391 1739 1709 2190
10537 4 2 1 5 753 1678 1810 2278
10538 4 2 1 5 1851 2244 1658 2406
10539 4 2 1 5 1453 1880 1596 2451
10540 4 2 1 5 1387 2099 1669 2476
10541 4 2 1 5 654 877 655 2259
10542 4 2 1 5 1037 1841 807 2355
10543 4 2 1 5 510 1586 512 1967
10544 4 2 1 5 1749 2358 1866 2385
10545 4 2 1 5 1428 2065 1720 2455
10546 4 2 1 5 1124 733 951 2350
10547 4 2 1 5 1330 1631 2008 2148
10548 4 2 1 5 1076 1779 495 2511
10549 4 2 1 5 1133 1169 1165 1919
10550 4 2 1 5 1385 1853 1661 2047
10551 4 2 1 5 1379 2067 1626 2446
10552 4 2 1 5 219 227 228 1838
10553 4 2 1 5 1060 1729 889 2339
10554 4 2 1 5 1535 2018 1464 2234
10555 4 2 1 5 1694 1406 2174 2492
10556 4 2 1 5 194 195 193 2203
10557 4 2 1 5 971 1720 329 2347
10558 4 2 1 5 1383 1896 1895 1934
10559 4 2 1 5 748 749 939 1886
10560 4 2 1 5 1388 1570 1837 2265
10561 4 2 1 5 1659 2108 1449 2313
10562 4 2 1 5 1495 1870 1630 2466
10563 4 2 1 5 854 1056 587 1815
10564 4 2 1 5 1360 1711 2116 2229
10565 4 2 1 5 1648 1974 2197 2235
10566 4 2 1 5 1500 1702 2110 2291
10567 4 2 1 5 1519 1951 1797 1981
10568 4 2 1 5 1556 2292 1417 2380
10569 4 2 1 5 1974 2161 1396 2225
10570 4 2 1 5 370 805 368 1918
10571 4 2 1 5 155 146 154 2103
10572 4 2 1 5 535 619 1857 2434
10573 4 2 1 5 1615 1340 2131 2474
10574 4 2 1 5 1491 2254 1794 2256
10575 4 2 1 5 983 772 940 2317
10576 4 2 1 5 544 1785 472 2290
10577 4 2 1 5 1777 2061 1940 2283
10578 4 2 1 5 1493 2339 1816 2513
10579 4 2 1 5 1424 1961 1668 2371
10580 4 2 1 5 1861 1896 1498 1991
10581 4 2 1 5 1626 2067 1601 2446
10582 4 2 1 5 1447 1612 1938 2114
10583 4 2 1 5 1414 2173 1909 2287
10584 4 2 1 5 1845 1941 1480 2335
10585 4 2 1 5 880 1090 1912 2448
10586 4 2 1 5 614 1949 1020 2091
10587 4 2 1 5 1567 1432 1935 2471
10588 4 2 1 5 996 820 821 1774
10589 4 2 1 5 912 644 1910 2263
10590 4 2 1 5 617 475 909 2282
10591 4 2 1 5 1327 2345 1996 2425
10592 4 2 1 5 1158 2170 1648 2423
10593 4 2 1 5 273 787 271 2069
10594 4 2 1 5 1572 1888 1400 2137
10595 4 2 1 5 1962 2377 1421 2424
10596 4 2 1 5 1615 1778 1410 2500
10597 4 2 1 5 1373 1953 1894 2295
10598 4 2 1 5 1405 1524 2125 2184
10599 4 2 1 5 1761 2085 315 2511
10600 4 2 1 5 1381 1648 2170 2423
10601 4 2 1 5 1993 2205 1696 2417
10602 4 2 1 5 1752 2152 1439 2374
10603 4 2 1 5 329 971 831 1720
10604 4 2 1 5 1568 1416 1963 2320
10605 4 2 1 5 872 2428 1938 2439
10606 4 2 1 5 1879 2002 1441 2348
10607 4 2 1 5 227 219 217 1838
10608 4 2 1 5 1383 1550 1934 2072
10609 4 2 1 5 1591 1877 1423 2189
10610 4 2 1 5 848 2256 1794 2415
10611 4 2 1 5 1313 1881 1722 2460
10612 4 2 1 5 797 798 795 2092
10613 4 2 1 5 162 140 142 1897
10614 4 2 1 5 387 391 1711 2039
10615 4 2 1 5 1968 2127 1560 2502
10616 4 2 1 5 1756 2354 553 2469
10617 4 2 1 5 1463 2382 2283 2475
10618 4 2 1 5 1651 1998 1314 2142
10619 4 2 1 5 758 1741 2055 2260
10620 4 2 1 5 1381 2170 1660 2423
10621 4 2 1 5 1414 1568 1963 2320
10622 4 2 1 5 820 1774 996 2508
10623 4 2 1 5 1429 2211 1763 2486
10624 4 2 1 5 140 135 136 2215
10625 4 2 1 5 1154 1904 1632 2490
10626 4 2 1 5 1357 1906 1659 2383
10627 4 2 1 5 1510 1557 2016 2270
10628 4 2 1 5 141 1928 1731 2472
10629 4 2 1 5 1645 2132 1688 2446
10630 4 2 1 5 1318 1580 1899 2365
10631 4 2 1 5 612 531 508 1978
10632 4 2 1 5 895 2199 339 2216
10633 4 2 1 5 358 360 420 2177
10634 4 2 1 5 1692 2275 1641 2504
10635 4 2 1 5 1709 1776 1391 2190
10636 4 2 1 5 1584 2218 799 2493
10637 4 2 1 5 494 444 493 1663
10638 4 2 1 5 1836 2113 1798 2279
10639 4 2 1 5 1467 2251 1659 2383
10640 4 2 1 5 164 1013 790 2251
10641 4 2 1 5 1102 2252 2177 2404
10642 4 2 1 5 1493 2042 2214 2293
10643 4 2 1 5 1598 1477 2272 2353
10644 4 2 1 5 1367 2218 1605 2403
10645 4 2 1 5 1030 1833 589 2048
10646 4 2 1 5 622 706 2312 2395
10647 4 2 1 5 436 348 353 1924
10648 4 2 1 5 171 1819 863 2108
10649 4 2 1 5 1191 2002 2019 2411
10650 4 2 1 5 1555 2398 1719 2425
10651 4 2 1 5 1694 2174 1865 2208
10652 4 2 1 5 1795 1978 1530 2393
10653 4 2 1 5 605 1130 1103 2018
10654 4 2 1 5 1046 624 1808 2312
10655 4 2 1 5 217 219 215 2489
10656 4 2 1 5 472 437 436 1924
10657 4 2 1 5 915 379 385 1844
10658 4 2 1 5 1406 1865 1694 2174
10659 4 2 1 5 1725 2198 1404 2499
10660 4 2 1 5 1586 1697 2007 2185
10661 4 2 1 5 1387 1737 2366 2447
10662 4 2 1 5 449 1986 421 2300
10663 4 2 1 5 697 1953 683 2428
10664 4 2 1 5 1555 1339 2135 2454
10665 4 2 1 5 926 296 2228 2355
10666 4 2 1 5 1617 1859 1317 1988
10667 4 2 1 5 1336 2035 1687 2465
10668 4 2 1 5 1763 2211 1628 2486
10669 4 2 1 5 1418 1806 1726 2257
10670 4 2 1 5 156 1078 154 2298
10671 4 2 1 5 1384 1752 2090 2417
10672 4 2 1 5 1609 2084 1996 2419
10673 4 2 1 5 374 1767 993 2288
10674 4 2 1 5 129 1927 10 2154
10675 4 2 1 5 1402 1986 1584 2403
10676 4 2 1 5 2258 2348 1441 2445
10677 4 2 1 5 1395 1882 2089 2381
10678 4 2 1 5 1404 1878 1586 1967
10679 4 2 1 5 1661 1853 1385 2327
10680 4 2 1 5 1399 1547 2112 2216
10681 4 2 1 5 1602 1394 1944 2311
10682 4 2 1 5 1096 27 998 1855
10683 4 2 1 5 1864 2033 1346 2421
10684 4 2 1 5 1424 1919 1662 2371
10685 4 2 1 5 1560 1948 1938 2502
10686 4 2 1 5 1136 1804 41 2418
10687 4 2 1 5 658 657 655 1935
10688 4 2 1 5 2174 2208 1694 2271
10689 4 2 1 5 153 159 158 1834
10690 4 2 1 5 1627 1811 1430 2331
10691 4 2 1 5 996 1774 2125 2508
10692 4 2 1 5 1526 1892 1801 1979
10693 4 2 1 5 1653 1753 2237 2408
10694 4 2 1 5 1 1024 647 1809
10695 4 2 1 5 1475 1798 2113 2279
10696 4 2 1 5 1390 1781 1973 2394
10697 4 2 1 5 1584 1367 2017 2403
10698 4 2 1 5 657 658 659 1935
10699 4 2 1 5 1414 2100 1901 2213
10700 4 2 1 5 1755 1991 1462 2245
10701 4 2 1 5 1425 2280 1735 2281
10702 4 2 1 5 870 1811 869 2363
10703 4 2 1 5 906 211 1105 1728
10704 4 2 1 5 1316 2015 1769 2456
10705 4 2 1 5 478 1811 959 2111
10706 4 2 1 5 1699 2050 1571 2479
10707 4 2 1 5 1463 2283 1777 2475
10708 4 2 1 5 1706 2185 1426 2458
10709 4 2 1 5 250 243 912 1910
10710 4 2 1 5 1687 2035 1458 2465
10711 4 2 1 5 601 1039 996 2125
10712 4 2 1 5 1771 2228 296 2355
10713 4 2 1 5 545 544 472 2290
10714 4 2 1 5 184 1701 894 2336
10715 4 2 1 5 1604 1321 2320 2342
10716 4 2 1 5 877 658 655 1935
10717 4 2 1 5 1586 1404 1967 2433
10718 4 2 1 5 160 789 141 1731
10719 4 2 1 5 1808 2255 623 2395
10720 4 2 1 5 1153 1140 1556 2319
10721 4 2 1 5 1557 1467 2016 2147
10722 4 2 1 5 1320 2063 1991 2373
10723 4 2 1 5 1435 2276 1593 2344
10724 4 2 1 5 162 140 1897 2215
10725 4 2 1 5 1907 2358 1545 2440
10726 4 2 1 5 481 641 1734 2444
10727 4 2 1 5 1516 1617 2084 2249
10728 4 2 1 5 859 625 984 1987
10729 4 2 1 5 693 807 1037 1841
10730 4 2 1 5 1393 1553 2151 2503
10731 4 2 1 5 509 2076 462 2433
10732 4 2 1 5 1139 1901 1926 2452
10733 4 2 1 5 1520 2079 1628 2486
10734 4 2 1 5 441 2199 1815 2325
10735 4 2 1 5 348 1924 883 2041
10736 4 2 1 5 780 381 782 1861
10737 4 2 1 5 1414 1909 1700 1963
10738 4 2 1 5 1651 2163 1579 2205
10739 4 2 1 5 1598 2272 683 2428
10740 4 2 1 5 1586 1966 1878 2007
10741 4 2 1 5 1346 1581 2033 2450
10742 4 2 1 5 727 728 978 2201
10743 4 2 1 5 1677 2133 1574 2441
10744 4 2 1 5 2063 2141 1411 2373
10745 4 2 1 5 1189 1648 1151 1974
10746 4 2 1 5 1488 2057 1779 2443
10747 4 2 1 5 1974 2235 2037 2319
10748 4 2 1 5 1338 2151 1740 2262
10749 4 2 1 5 1477 1612 1839 1976
10750 4 2 1 5 1865 2174 1406 2208
10751 4 2 1 5 350 351 347 1922
10752 4 2 1 5 776 578 1877 1992
10753 4 2 1 5 108 17 770 1749
10754 4 2 1 5 10 11 115 1577
10755 4 2 1 5 1376 1757 1933 1945
10756 4 2 1 5 591 335 457 2248
10757 4 2 1 5 400 402 401 2328
10758 4 2 1 5 501 500 1117 2248
10759 4 2 1 5 121 19 20 1814
10760 4 2 1 5 1783 2261 1600 2345
10761 4 2 1 5 1651 2205 1993 2417
10762 4 2 1 5 1465 2110 1702 2473
10763 4 2 1 5 459 1853 497 2327
10764 4 2 1 5 1375 2097 1753 2359
10765 4 2 1 5 1396 2261 2161 2345
10766 4 2 1 5 1338 1874 1743 2482
10767 4 2 1 5 1667 2340 2021 2464
10768 4 2 1 5 357 435 359 2232
10769 4 2 1 5 1398 1879 1653 2348
10770 4 2 1 5 1124 283 281 2350
10771 4 2 1 5 798 993 795 2092
10772 4 2 1 5 36 1134 1752 2397
10773 4 2 1 5 1441 1653 1879 2348
10774 4 2 1 5 875 247 1032 2488
10775 4 2 1 5 1046 1808 622 2312
10776 4 2 1 5 1575 60 2120 2377
10777 4 2 1 5 1398 1722 2299 2510
10778 4 2 1 5 314 2085 307 2511
10779 4 2 1 5 789 1064 164 2251
10780 4 2 1 5 400 401 397 2328
10781 4 2 1 5 991 948 203 2333
10782 4 2 1 5 1758 1854 1526 1999
10783 4 2 1 5 1379 1837 1626 2067
10784 4 2 1 5 1407 1950 2078 2491
10785 4 2 1 5 1383 1934 1553 2072
10786 4 2 1 5 531 470 1795 2253
10787 4 2 1 5 1491 1576 2254 2256
10788 4 2 1 5 1444 1960 1816 2293
10789 4 2 1 5 916 1699 352 2479
10790 4 2 1 5 480 1712 842 2069
10791 4 2 1 5 1344 1724 1762 2405
10792 4 2 1 5 745 1809 1024 2429
10793 4 2 1 5 239 1775 244 2363
10794 4 2 1 5 946 752 823 2105
10795 4 2 1 5 1740 1961 1411 2262
10796 4 2 1 5 609 949 861 2025
10797 4 2 1 5 357 359 1789 2232
10798 4 2 1 5 1010 720 914 1713
10799 4 2 1 5 476 328 539 1763
10800 4 2 1 5 1752 2180 2090 2417
10801 4 2 1 5 877 1022 1062 2101
10802 4 2 1 5 761 1 1109 1908
10803 4 2 1 5 243 1775 242 2263
10804 4 2 1 5 595 519 523 1624
10805 4 2 1 5 1034 630 944 2498
10806 4 2 1 5 1386 1993 1956 2205
10807 4 2 1 5 1364 1859 1618 2419
10808 4 2 1 5 1737 1470 2366 2447
10809 4 2 1 5 1528 2115 1728 2221
10810 4 2 1 5 1013 2251 164 2505
10811 4 2 1 5 1648 1904 1381 2170
10812 4 2 1 5 282 1673 285 2350
10813 4 2 1 5 1318 1676 2119 2164
10814 4 2 1 5 970 2105 2305 2337
10815 4 2 1 5 491 448 490 2222
10816 4 2 1 5 596 1757 180 2055
10817 4 2 1 5 414 2044 1931 2256
10818 4 2 1 5 995 1624 595 2483
10819 4 2 1 5 289 1615 293 2128
10820 4 2 1 5 1317 1859 1617 2172
10821 4 2 1 5 1402 1931 1584 1986
10822 4 2 1 5 292 1615 289 2500
10823 4 2 1 5 1388 1837 1684 2265
10824 4 2 1 5 453 496 459 2327
10825 4 2 1 5 800 2218 1816 2493
10826 4 2 1 5 243 244 239 1775
10827 4 2 1 5 1516 1993 2438 2453
10828 4 2 1 5 1823 1984 1456 2409
10829 4 2 1 5 1579 1932 1689 2163
10830 4 2 1 5 1401 2008 1631 2148
10831 4 2 1 5 1650 2173 1414 2287
10832 4 2 1 5 656 668 1925 2014
10833 4 2 1 5 1414 2213 1568 2320
10834 4 2 1 5 1481 2258 1947 2445
10835 4 2 1 5 1608 1898 1510 2478
10836 4 2 1 5 1417 1715 1916 2380
10837 4 2 1 5 625 624 984 1987
10838 4 2 1 5 652 654 653 2259
10839 4 2 1 5 1313 1593 2276 2344
10840 4 2 1 5 1416 1568 1963 2207
10841 4 2 1 5 987 1928 148 2472
10842 4 2 1 5 526 554 527 2080
10843 4 2 1 5 1830 2020 1394 2311
10844 4 2 1 5 592 1868 603 2106
10845 4 2 1 5 1316 1601 2009 2114
10846 4 2 1 5 355 354 352 2030
10847 4 2 1 5 1352 1941 2156 2281
10848 4 2 1 5 1315 1837 1626 2132
10849 4 2 1 5 25 1898 962 2127
10850 4 2 1 5 736 737 566 2181
10851 4 2 1 5 1521 1784 2366 2447
10852 4 2 1 5 1424 1668 2365 2371
10853 4 2 1 5 1633 1907 1545 2440
10854 4 2 1 5 848 428 2256 2415
10855 4 2 1 5 1573 2030 1713 2252
10856 4 2 1 5 1720 2065 1654 2455
10857 4 2 1 5 473 1738 2107 2461
10858 4 2 1 5 1811 2331 1627 2363
10859 4 2 1 5 24 764 23 2270
10860 4 2 1 5 217 2010 1838 2489
10861 4 2 1 5 1607 1916 1330 2380
10862 4 2 1 5 270 288 272 1843
10863 4 2 1 5 1484 1761 2000 2085
10864 4 2 1 5 420 779 778 2354
10865 4 2 1 5 1443 2264 1783 2501
10866 4 2 1 5 28 1096 118 1855
10867 4 2 1 5 1332 2173 1667 2486
10868 4 2 1 5 1786 1882 1457 2470
10869 4 2 1 5 918 501 1117 2169
10870 4 2 1 5 1113 2272 1612 2428
10871 4 2 1 5 1624 2146 595 2483
10872 4 2 1 5 1389 1889 1954 2104
10873 4 2 1 5 1416 1604 2320 2342
10874 4 2 1 5 601 996 1774 2125
10875 4 2 1 5 968 1013 594 2505
10876 4 2 1 5 2002 2019 1441 2445
10877 4 2 1 5 1039 2341 685 2508
10878 4 2 1 5 1688 2095 1527 2332
10879 4 2 1 5 1760 2026 1504 2507
10880 4 2 1 5 1381 2172 1904 2249
10881 4 2 1 5 989 613 612 1978
10882 4 2 1 5 1175 1174 1143 1985
10883 4 2 1 5 988 779 1098 2354
10884 4 2 1 5 1657 2159 1388 2238
10885 4 2 1 5 1323 2118 2088 2367
10886 4 2 1 5 1416 2179 1804 2418
10887 4 2 1 5 1400 1593 1908 2276
10888 4 2 1 5 1380 1743 1835 2231
10889 4 2 1 5 56 2420 1800 2452
10890 4 2 1 5 1449 1682 1836 2389
10891 4 2 1 5 1335 2299 1863 2507
10892 4 2 1 5 23 22 117 1675
10893 4 2 1 5 1325 2153 1567 2190
10894 4 2 1 5 51 2219 2158 2241
10895 4 2 1 5 809 299 2027 2323
10896 4 2 1 5 1323 1989 1656 2088
10897 4 2 1 5 424 824 1053 2058
10898 4 2 1 5 2002 2348 1541 2445
10899 4 2 1 5 1177 1730 1574 2441
10900 4 2 1 5 1315 1688 2095 2132
10901 4 2 1 5 153 1834 157 2147
10902 4 2 1 5 1317 1988 1859 2274
10903 4 2 1 5 1483 1937 1613 2191
10904 4 2 1 5 1059 1772 445 2330
10905 4 2 1 5 1629 1946 1420 2203
10906 4 2 1 5 1508 1779 2057 2443
10907 4 2 1 5 120 1907 1886 2317
10908 4 2 1 5 1379 1626 1837 2132
10909 4 2 1 5 1386 2123 1652 2205
10910 4 2 1 5 30 128 1765 2427
10911 4 2 1 5 1497 1786 1695 2442
10912 4 2 1 5 1114 2112 550 2282
10913 4 2 1 5 1357 2383 2140 2389
10914 4 2 1 5 403 1975 846 2515
10915 4 2 1 5 1503 1950 2105 2195
10916 4 2 1 5 283 1655 279 2305
10917 4 2 1 5 456 260 885 1742
10918 4 2 1 5 1666 1363 1823 2409
10919 4 2 1 5 1555 2425 1719 2454
10920 4 2 1 5 908 2029 391 2039
10921 4 2 1 5 1825 1899 1318 2164
10922 4 2 1 5 1801 1892 1526 2139
10923 4 2 1 5 978 728 730 1746
10924 4 2 1 5 17 18 2049 2126
10925 4 2 1 5 329 831 321 1720
10926 4 2 1 5 1334 2231 1825 2247
10927 4 2 1 5 496 1853 459 2327
10928 4 2 1 5 1435 1572 1908 2408
10929 4 2 1 5 491 1938 872 2428
10930 4 2 1 5 1832 1872 1408 2144
10931 4 2 1 5 1379 1796 1985 2465
10932 4 2 1 5 1755 1385 1957 2245
10933 4 2 1 5 1478 2107 1738 2461
10934 4 2 1 5 1634 2420 1476 2491
10935 4 2 1 5 873 380 958 1820
10936 4 2 1 5 1157 1963 1183 2418
10937 4 2 1 5 911 210 220 2210
10938 4 2 1 5 1371 2358 1907 2440
10939 4 2 1 5 901 896 900 1602
10940 4 2 1 5 1636 2165 1364 2400
10941 4 2 1 5 449 466 465 1986
10942 4 2 1 5 1571 2050 1664 2384
10943 4 2 1 5 431 1595 1020 2347
10944 4 2 1 5 1673 2046 1503 2105
10945 4 2 1 5 215 923 213 2489
10946 4 2 1 5 1334 2195 1549 2315
10947 4 2 1 5 1689 1932 815 2483
10948 4 2 1 5 1507 2088 1852 2484
10949 4 2 1 5 1482 2008 1631 2059
10950 4 2 1 5 1607 2158 1959 2413
10951 4 2 1 5 1393 2151 1740 2503
10952 4 2 1 5 298 1771 296 2355
10953 4 2 1 5 1571 1334 2231 2376
10954 4 2 1 5 529 718 1738 2437
10955 4 2 1 5 767 1092 1888 2018
10956 4 2 1 5 277 279 735 2379
10957 4 2 1 5 901 900 629 1944
10958 4 2 1 5 1194 2002 1202 2445
10959 4 2 1 5 1730 1865 1389 2236
10960 4 2 1 5 1344 1821 2264 2382
10961 4 2 1 5 662 695 1053 1776
10962 4 2 1 5 1636 2362 2165 2400
10963 4 2 1 5 36 1752 2182 2397
10964 4 2 1 5 453 2077 1793 2327
10965 4 2 1 5 580 1868 530 2429
10966 4 2 1 5 315 2085 313 2511
10967 4 2 1 5 785 689 284 1754
10968 4 2 1 5 278 970 280 2305
10969 4 2 1 5 1613 1937 1537 2182
10970 4 2 1 5 1060 889 427 2339
10971 4 2 1 5 1176 2368 1677 2441
10972 4 2 1 5 1435 1908 1572 2103
10973 4 2 1 5 439 454 642 1876
10974 4 2 1 5 1477 1839 1612 2353
10975 4 2 1 5 309 563 926 2076
10976 4 2 1 5 1653 1435 2237 2344
10977 4 2 1 5 760 18 1047 2049
10978 4 2 1 5 1707 2437 937 2461
10979 4 2 1 5 742 1894 19 2126
10980 4 2 1 5 1699 2030 352 2479
10981 4 2 1 5 662 665 663 1776
10982 4 2 1 5 1086 796 993 1767
10983 4 2 1 5 782 559 781 1862
10984 4 2 1 5 193 192 194 2203
10985 4 2 1 5 1617 2084 1859 2400
10986 4 2 1 5 1316 1606 2104 2456
10987 4 2 1 5 1367 1605 1941 2403
10988 4 2 1 5 51 1959 2158 2303
10989 4 2 1 5 220 2210 814 2483
10990 4 2 1 5 1730 2183 1574 2441
10991 4 2 1 5 452 1793 453 2077
10992 4 2 1 5 213 1622 2351 2489
10993 4 2 1 5 1583 2003 1398 2299
10994 4 2 1 5 51 52 1959 2303
10995 4 2 1 5 1959 2158 1581 2413
10996 4 2 1 5 246 2124 1867 2416
10997 4 2 1 5 1006 2199 1547 2310
10998 4 2 1 5 740 1063 499 1664
10999 4 2 1 5 819 820 312 1911
11000 4 2 1 5 1324 2137 1572 2408
11001 4 2 1 5 1426 1577 2378 2458
11002 4 2 1 5 35 1148 36 1969
11003 4 2 1 5 1371 2317 1907 2358
11004 4 2 1 5 20 1894 763 2295
11005 4 2 1 5 1387 2366 1784 2447
11006 4 2 1 5 741 290 561 2046
11007 4 2 1 5 874 582 554 1883
11008 4 2 1 5 1142 1181 1173 2381
11009 4 2 1 5 1331 2224 1680 2238
11010 4 2 1 5 418 352 916 1699
11011 4 2 1 5 1407 2105 1950 2195
11012 4 2 1 5 533 623 2255 2395
11013 4 2 1 5 1685 1804 1416 2212
11014 4 2 1 5 2112 2282 1488 2443
11015 4 2 1 5 1445 1568 2168 2452
11016 4 2 1 5 253 2165 1636 2362
11017 4 2 1 5 519 486 485 2022
11018 4 2 1 5 1468 1735 2281 2289
11019 4 2 1 5 61 2134 1962 2377
11020 4 2 1 5 761 116 33 1908
11021 4 2 1 5 1170 1730 60 2377
11022 4 2 1 5 1474 2250 1920 2449
11023 4 2 1 5 1388 2193 1680 2238
11024 4 2 1 5 623 1808 625 2255
11025 4 2 1 5 1428 1642 2065 2349
11026 4 2 1 5 870 593 959 1811
11027 4 2 1 5 315 2216 1761 2511
11028 4 2 1 5 872 973 2428 2439
11029 4 2 1 5 1214 1208 1832 1913
11030 4 2 1 5 906 1105 1007 1728
11031 4 2 1 5 751 1903 1019 2384
11032 4 2 1 5 1541 2348 2258 2445
11033 4 2 1 5 399 1923 398 2214
11034 4 2 1 5 1186 1574 2133 2441
11035 4 2 1 5 1422 2183 1730 2441
11036 4 2 1 5 1783 2398 1327 2501
11037 4 2 1 5 1420 1629 2203 2401
11038 4 2 1 5 1598 1953 1447 2428
11039 4 2 1 5 206 210 911 1782
11040 4 2 1 5 864 958 380 1820
11041 4 2 1 5 1144 1171 1145 1625
11042 4 2 1 5 764 1898 24 2478
11043 4 2 1 5 1370 1988 1842 2464
11044 4 2 1 5 1421 1954 1889 2104
11045 4 2 1 5 895 931 2199 2216
11046 4 2 1 5 1390 1647 2006 2332
11047 4 2 1 5 1569 2028 1438 2073
11048 4 2 1 5 1322 1672 1960 2174
11049 4 2 1 5 136 134 1824 2318
11050 4 2 1 5 1483 1969 1937 2191
11051 4 2 1 5 1473 2082 1917 2349
11052 4 2 1 5 983 575 1050 2253
11053 4 2 1 5 547 560 494 2412
11054 4 2 1 5 1128 2147 157 2223
11055 4 2 1 5 1412 1868 1809 2429
11056 4 2 1 5 1885 2135 1445 2491
11057 4 2 1 5 2158 2219 1509 2241
11058 4 2 1 5 758 1040 897 1741
11059 4 2 1 5 1328 1823 2233 2326
11060 4 2 1 5 1474 1768 1761 2449
11061 4 2 1 5 337 340 597 1768
11062 4 2 1 5 1731 1928 141 2394
11063 4 2 1 5 21 22 1057 2295
11064 4 2 1 5 1469 1581 1940 2413
11065 4 2 1 5 419 330 838 1640
11066 4 2 1 5 1406 1669 2141 2476
11067 4 2 1 5 1669 1406 2208 2476
11068 4 2 1 5 1369 2163 1651 2171
11069 4 2 1 5 1359 1641 2056 2191
11070 4 2 1 5 388 1711 391 2029
11071 4 2 1 5 833 398 446 1923
11072 4 2 1 5 1384 2090 1651 2417
11073 4 2 1 5 1380 1743 1874 2482
11074 4 2 1 5 970 2105 280 2305
11075 4 2 1 5 688 709 567 1736
11076 4 2 1 5 1606 1421 2104 2456
11077 4 2 1 5 883 588 2041 2117
11078 4 2 1 5 251 252 318 2079
11079 4 2 1 5 627 1069 942 1635
11080 4 2 1 5 1474 1761 2431 2449
11081 4 2 1 5 1490 2026 1760 2507
11082 4 2 1 5 1738 2437 2139 2461
11083 4 2 1 5 1340 2131 2086 2499
11084 4 2 1 5 1586 1966 512 1967
11085 4 2 1 5 454 642 1876 2301
11086 4 2 1 5 1315 1684 1837 2265
11087 4 2 1 5 1462 2354 1756 2469
11088 4 2 1 5 1356 1852 2088 2484
11089 4 2 1 5 1526 2139 1892 2496
11090 4 2 1 5 246 1867 593 2416
11091 4 2 1 5 2143 2362 241 2509
11092 4 2 1 5 376 373 932 2364
11093 4 2 1 5 1654 1429 2065 2324
11094 4 2 1 5 1675 1948 1447 2439
11095 4 2 1 5 1412 1979 1722 2166
11096 4 2 1 5 500 1665 2248 2323
11097 4 2 1 5 1023 1057 113 2016
11098 4 2 1 5 1023 2016 150 2147
11099 4 2 1 5 1430 1617 2294 2331
11100 4 2 1 5 1384 1611 2090 2138
11101 4 2 1 5 877 654 1022 1674
11102 4 2 1 5 910 1723 1015 2115
11103 4 2 1 5 995 519 595 1624
11104 4 2 1 5 1602 1944 2039 2311
11105 4 2 1 5 1474 1920 1768 2449
11106 4 2 1 5 695 1776 662 2471
11107 4 2 1 5 526 599 554 2080
11108 4 2 1 5 301 298 296 2355
11109 4 2 1 5 1340 1725 2131 2499
11110 4 2 1 5 632 1035 760 2049
11111 4 2 1 5 616 674 739 2387
11112 4 2 1 5 1048 1816 1027 2513
11113 4 2 1 5 1320 1957 1755 2183
11114 4 2 1 5 1442 1909 2173 2287
11115 4 2 1 5 1685 1804 1424 2371
11116 4 2 1 5 1315 1744 2095 2332
11117 4 2 1 5 292 930 308 2500
11118 4 2 1 5 1149 2319 2037 2397
11119 4 2 1 5 1018 721 418 2024
11120 4 2 1 5 374 2288 932 2364
11121 4 2 1 5 1156 1155 1632 1901
11122 4 2 1 5 1488 2057 1650 2390
11123 4 2 1 5 1348 2065 1654 2392
11124 4 2 1 5 1658 2414 1333 2426
11125 4 2 1 5 2016 2147 1467 2472
11126 4 2 1 5 430 473 1738 2107
11127 4 2 1 5 1681 2089 34 2381
11128 4 2 1 5 144 142 143 1871
11129 4 2 1 5 634 569 568 2407
11130 4 2 1 5 1474 2431 2250 2449
11131 4 2 1 5 1149 1695 2319 2397
11132 4 2 1 5 1561 1942 1693 2066
11133 4 2 1 5 1768 2041 1582 2325
11134 4 2 1 5 874 582 1883 2123
11135 4 2 1 5 744 355 418 2232
11136 4 2 1 5 1865 2141 1574 2476
11137 4 2 1 5 1504 1801 2162 2507
11138 4 2 1 5 1399 2000 1639 2032
11139 4 2 1 5 1439 2012 1904 2249
11140 4 2 1 5 1056 1815 441 2199
11141 4 2 1 5 364 363 365 1895
11142 4 2 1 5 816 974 1818 2300
11143 4 2 1 5 589 1030 698 1833
11144 4 2 1 5 1121 1031 677 1658
11145 4 2 1 5 600 851 1929 2209
11146 4 2 1 5 1428 1917 2082 2349
11147 4 2 1 5 246 593 244 2416
11148 4 2 1 5 1407 2195 1549 2337
11149 4 2 1 5 1156 1155 1154 1632
11150 4 2 1 5 1591 2007 1966 2407
11151 4 2 1 5 1863 2299 1490 2507
11152 4 2 1 5 183 1856 184 2336
11153 4 2 1 5 264 266 1712 2321
11154 4 2 1 5 530 1868 2107 2429
11155 4 2 1 5 189 1629 2313 2505
11156 4 2 1 5 542 636 2194 2508
11157 4 2 1 5 883 489 588 2117
11158 4 2 1 5 1166 1662 1165 2133
11159 4 2 1 5 1919 1980 1424 2296
11160 4 2 1 5 1683 1344 2264 2382
11161 4 2 1 5 1423 2007 1591 2189
11162 4 2 1 5 578 306 776 1877
11163 4 2 1 5 1421 1954 1578 2424
11164 4 2 1 5 31 999 1765 2298
11165 4 2 1 5 1027 1971 1004 2339
11166 4 2 1 5 1330 1916 1607 2008
11167 4 2 1 5 152 1023 150 2147
11168 4 2 1 5 1428 1654 2065 2455
11169 4 2 1 5 851 850 1929 2209
11170 4 2 1 5 1313 2276 1593 2460
11171 4 2 1 5 1401 2413 1777 2450
11172 4 2 1 5 870 244 593 2363
11173 4 2 1 5 1027 801 1004 1971
11174 4 2 1 5 1042 203 841 2333
11175 4 2 1 5 452 423 453 1793
11176 4 2 1 5 1413 1773 2073 2480
11177 4 2 1 5 2135 2420 1445 2491
11178 4 2 1 5 1617 1988 1842 2331
11179 4 2 1 5 1654 2065 1348 2349
11180 4 2 1 5 1337 1651 2090 2417
11181 4 2 1 5 1176 58 1677 2368
11182 4 2 1 5 12 11 1927 2093
11183 4 2 1 5 645 1770 469 2387
11184 4 2 1 5 1461 1831 1940 2283
11185 4 2 1 5 525 526 527 2080
11186 4 2 1 5 1801 1979 1892 2166
11187 4 2 1 5 1443 1911 1592 2196
11188 4 2 1 5 1551 2056 1641 2275
11189 4 2 1 5 1320 1755 2063 2183
11190 4 2 1 5 466 816 1818 2300
11191 4 2 1 5 195 194 196 2203
11192 4 2 1 5 1490 2299 2003 2507
11193 4 2 1 5 1423 1929 1877 2192
11194 4 2 1 5 1954 1421 2377 2424
11195 4 2 1 5 564 516 1845 2269
11196 4 2 1 5 546 1990 775 2285
11197 4 2 1 5 539 922 643 1949
11198 4 2 1 5 764 24 774 2478
11199 4 2 1 5 1399 2085 1761 2511
11200 4 2 1 5 429 1048 1027 2513
11201 4 2 1 5 1320 2063 2141 2183
11202 4 2 1 5 1392 1591 1891 2227
11203 4 2 1 5 851 850 600 1929
11204 4 2 1 5 1432 2101 1691 2178
11205 4 2 1 5 1419 2323 1665 2463
11206 4 2 1 5 1332 1650 2032 2390
11207 4 2 1 5 1634 1835 1518 2202
11208 4 2 1 5 1722 1881 1412 2460
11209 4 2 1 5 1378 1948 2127 2502
11210 4 2 1 5 1187 1173 1882 2381
11211 4 2 1 5 254 249 899 2362
11212 4 2 1 5 1840 1972 1682 2217
11213 4 2 1 5 1817 2174 1406 2492
11214 4 2 1 5 1591 2189 2007 2407
11215 4 2 1 5 600 1929 528 2160
11216 4 2 1 5 308 924 310 2433
11217 4 2 1 5 1499 1804 2179 2418
11218 4 2 1 5 838 330 331 1766
11219 4 2 1 5 1768 1920 1582 2041
11220 4 2 1 5 497 459 887 1853
11221 4 2 1 5 1596 1555 2398 2451
11222 4 2 1 5 1443 1646 2184 2508
11223 4 2 1 5 315 337 810 1761
11224 4 2 1 5 1699 1380 2030 2479
11225 4 2 1 5 1161 1685 1162 2207
11226 4 2 1 5 1366 1978 1795 2393
11227 4 2 1 5 599 875 874 1579
11228 4 2 1 5 1369 2142 2053 2171
11229 4 2 1 5 678 523 1773 2146
11230 4 2 1 5 1872 2144 1460 2257
11231 4 2 1 5 666 827 663 1709
11232 4 2 1 5 376 375 373 2297
11233 4 2 1 5 1313 2276 1653 2344
11234 4 2 1 5 1729 2339 1060 2495
11235 4 2 1 5 2138 2292 1715 2442
11236 4 2 1 5 1438 1569 2073 2146
11237 4 2 1 5 2139 2437 1707 2461
11238 4 2 1 5 1555 2204 1596 2398
11239 4 2 1 5 1560 2127 1948 2502
11240 4 2 1 5 1865 1574 2183 2476
11241 4 2 1 5 1603 1320 2141 2396
11242 4 2 1 5 1380 1874 1713 2277
11243 4 2 1 5 1487 2066 1942 2096
11244 4 2 1 5 891 2269 565 2335
11245 4 2 1 5 567 1736 1100 2495
11246 4 2 1 5 371 1918 1902 2364
11247 4 2 1 5 225 224 226 1826
11248 4 2 1 5 1167 1694 1143 2492
11249 4 2 1 5 1417 1840 1715 2442
11250 4 2 1 5 1647 1390 2006 2426
11251 4 2 1 5 35 36 1204 1937
11252 4 2 1 5 753 434 649 1810
11253 4 2 1 5 1314 1651 1993 1998
11254 4 2 1 5 1425 1637 1887 2102
11255 4 2 1 5 2141 2183 1574 2476
11256 4 2 1 5 1631 2010 1401 2148
11257 4 2 1 5 1398 2239 1722 2510
11258 4 2 1 5 280 2105 282 2305
11259 4 2 1 5 1464 2137 1765 2280
11260 4 2 1 5 1182 1796 1985 2457
11261 4 2 1 5 668 958 864 2014
11262 4 2 1 5 2037 2319 1695 2397
11263 4 2 1 5 1636 1850 1466 2343
11264 4 2 1 5 1347 1750 2155 2304
11265 4 2 1 5 1671 1324 2137 2280
11266 4 2 1 5 1478 2106 1868 2415
11267 4 2 1 5 1765 2280 1425 2427
11268 4 2 1 5 1005 451 711 1703
11269 4 2 1 5 1656 2241 1989 2506
11270 4 2 1 5 1354 1930 1801 2254
11271 4 2 1 5 1677 1411 2133 2368
11272 4 2 1 5 1437 1827 1712 2081
11273 4 2 1 5 2294 2400 1636 2453
11274 4 2 1 5 1654 2065 1720 2324
11275 4 2 1 5 1774 1443 1911 2264
11276 4 2 1 5 1370 2021 2340 2464
11277 4 2 1 5 1015 626 1805 2255
11278 4 2 1 5 1219 1806 52 2303
11279 4 2 1 5 278 1822 291 2337
11280 4 2 1 5 1735 1425 2281 2289
11281 4 2 1 5 1137 57 2202 2402
11282 4 2 1 5 248 241 2362 2509
11283 4 2 1 5 157 1834 158 2223
11284 4 2 1 5 1322 1960 1687 2422
11285 4 2 1 5 1414 1632 2100 2287
11286 4 2 1 5 1336 1601 2329 2465
11287 4 2 1 5 609 455 608 2025
11288 4 2 1 5 848 1085 428 2415
11289 4 2 1 5 1386 1579 2123 2205
11290 4 2 1 5 1778 2498 1410 2500
11291 4 2 1 5 1671 2234 1863 2481
11292 4 2 1 5 1327 1600 1996 2345
11293 4 2 1 5 35 34 1681 1947
11294 4 2 1 5 248 1636 852 2509
11295 4 2 1 5 1721 1904 1152 2490
11296 4 2 1 5 1370 1842 1988 2331
11297 4 2 1 5 1448 1627 2273 2326
11298 4 2 1 5 1857 2047 1419 2096
11299 4 2 1 5 1499 2179 1700 2418
11300 4 2 1 5 579 937 1080 2461
11301 4 2 1 5 2053 2142 1558 2171
11302 4 2 1 5 488 499 489 2117
11303 4 2 1 5 463 792 415 1931
11304 4 2 1 5 275 277 1118 1670
11305 4 2 1 5 1439 1998 1648 2012
11306 4 2 1 5 481 2336 1734 2386
11307 4 2 1 5 1179 1800 2202 2402
11308 4 2 1 5 1607 1581 2158 2413
11309 4 2 1 5 1770 1921 1528 2387
11310 4 2 1 5 1335 2162 1801 2507
11311 4 2 1 5 936 165 687 1829
11312 4 2 1 5 762 324 1044 2103
11313 4 2 1 5 561 344 562 2514
11314 4 2 1 5 157 153 158 1834
11315 4 2 1 5 1141 60 1170 1730
11316 4 2 1 5 648 1810 649 2091
11317 4 2 1 5 1481 2359 1887 2370
11318 4 2 1 5 1488 2282 2112 2390
11319 4 2 1 5 1055 1814 20 2295
11320 4 2 1 5 228 237 255 1683
11321 4 2 1 5 1151 1189 1158 1648
11322 4 2 1 5 1545 2260 1633 2440
11323 4 2 1 5 269 836 270 1802
11324 4 2 1 5 656 657 668 2014
11325 4 2 1 5 1152 1904 1154 2490
11326 4 2 1 5 1471 2144 1832 2302
11327 4 2 1 5 1485 1921 1770 2387
11328 4 2 1 5 1041 792 793 1714
11329 4 2 1 5 1425 2181 1710 2281
11330 4 2 1 5 534 202 208 2176
11331 4 2 1 5 855 804 182 1933
11332 4 2 1 5 2184 2341 2125 2508
11333 4 2 1 5 1660 2345 1479 2398
11334 4 2 1 5 1716 2200 1798 2242
11335 4 2 1 5 511 1008 509 1967
11336 4 2 1 5 557 1003 933 1818
11337 4 2 1 5 1333 2414 1943 2426
11338 4 2 1 5 1463 2226 1592 2382
11339 4 2 1 5 892 891 1971 2269
11340 4 2 1 5 606 1867 598 2443
11341 4 2 1 5 1389 1889 1730 1954
11342 4 2 1 5 624 622 1046 1808
11343 4 2 1 5 806 572 552 1643
11344 4 2 1 5 1625 2054 1144 2159
11345 4 2 1 5 672 1891 951 2038
11346 4 2 1 5 128 31 30 1765
11347 4 2 1 5 2108 2313 1659 2505
11348 4 2 1 5 1031 1658 1121 2406
11349 4 2 1 5 1572 1435 2103 2408
11350 4 2 1 5 646 957 574 1858
11351 4 2 1 5 1209 1219 51 2219
11352 4 2 1 5 1623 1917 1473 2312
11353 4 2 1 5 848 410 579 1794
11354 4 2 1 5 1199 1197 1193 1792
11355 4 2 1 5 304 503 850 1929
11356 4 2 1 5 1457 2470 1882 2477
11357 4 2 1 5 892 1971 549 2218
11358 4 2 1 5 1104 921 445 1772
11359 4 2 1 5 138 1928 788 2478
11360 4 2 1 5 1956 1993 1386 2438
11361 4 2 1 5 1522 1771 2246 2474
11362 4 2 1 5 1167 2175 1694 2492
11363 4 2 1 5 257 258 1813 2165
11364 4 2 1 5 260 456 161 1742
11365 4 2 1 5 1321 2060 1679 2168
11366 4 2 1 5 1700 1909 1414 2173
11367 4 2 1 5 1337 1696 2205 2417
11368 4 2 1 5 1204 1937 36 2019
11369 4 2 1 5 141 148 1928 2472
11370 4 2 1 5 1318 2119 1825 2164
11371 4 2 1 5 242 479 2263 2273
11372 4 2 1 5 508 440 861 1795
11373 4 2 1 5 1062 438 1099 2101
11374 4 2 1 5 1318 2075 2116 2164
11375 4 2 1 5 138 788 132 2478
11376 4 2 1 5 422 415 421 1931
11377 4 2 1 5 1437 1618 2274 2419
11378 4 2 1 5 1647 1943 1481 2370
11379 4 2 1 5 517 542 636 2194
11380 4 2 1 5 1177 1574 1186 2441
11381 4 2 1 5 1059 445 853 2330
11382 4 2 1 5 549 465 507 2218
11383 4 2 1 5 610 683 876 2356
11384 4 2 1 5 1445 2315 1885 2491
11385 4 2 1 5 1638 1913 1476 1964
11386 4 2 1 5 1563 1753 2097 2408
11387 4 2 1 5 497 535 502 1661
11388 4 2 1 5 1379 2132 1645 2446
11389 4 2 1 5 50 1870 2219 2241
11390 4 2 1 5 1989 2241 1475 2506
11391 4 2 1 5 20 1814 1894 2295
11392 4 2 1 5 322 326 1917 2455
11393 4 2 1 5 1388 2265 2193 2477
11394 4 2 1 5 768 725 1092 2018
11395 4 2 1 5 587 1065 908 2039
11396 4 2 1 5 1695 2037 1384 2319
11397 4 2 1 5 1192 1202 1194 2002
11398 4 2 1 5 302 228 255 2226
11399 4 2 1 5 927 607 425 1788
11400 4 2 1 5 1314 1651 1956 1993
11401 4 2 1 5 578 777 615 1992
11402 4 2 1 5 1410 2185 1706 2458
11403 4 2 1 5 1360 1604 2179 2250
11404 4 2 1 5 1665 2323 558 2463
11405 4 2 1 5 1545 1907 1633 2260
11406 4 2 1 5 1428 2082 1642 2349
11407 4 2 1 5 1370 1988 1811 2331
11408 4 2 1 5 933 738 811 1710
11409 4 2 1 5 1644 1397 2035 2042
11410 4 2 1 5 1369 1611 2163 2171
11411 4 2 1 5 225 1652 1032 2488
11412 4 2 1 5 1164 1163 1668 2371
11413 4 2 1 5 1001 629 628 1944
11414 4 2 1 5 1602 2145 2199 2310
11415 4 2 1 5 1547 2199 2145 2310
11416 4 2 1 5 1548 2140 1744 2383
11417 4 2 1 5 1867 2340 1370 2416
11418 4 2 1 5 1119 716 978 2201
11419 4 2 1 5 1777 1940 1346 2450
11420 4 2 1 5 1656 1989 1475 2506
11421 4 2 1 5 761 1109 1043 1908
11422 4 2 1 5 308 1778 924 2433
11423 4 2 1 5 1321 1604 2320 2431
11424 4 2 1 5 1048 800 801 1816
11425 4 2 1 5 718 430 529 1738
11426 4 2 1 5 496 708 1853 2463
11427 4 2 1 5 1406 2141 1865 2476
11428 4 2 1 5 551 778 553 1756
11429 4 2 1 5 1471 1964 1638 2198
11430 4 2 1 5 1384 1651 1998 2417
11431 4 2 1 5 1374 1762 1724 2405
11432 4 2 1 5 678 676 523 2146
11433 4 2 1 5 468 467 1917 2312
11434 4 2 1 5 220 814 1083 2483
11435 4 2 1 5 480 842 1129 2069
11436 4 2 1 5 145 955 156 2298
11437 4 2 1 5 1464 1671 2137 2280
11438 4 2 1 5 818 332 938 1850
11439 4 2 1 5 1338 1580 2151 2262
11440 4 2 1 5 625 986 626 1805
11441 4 2 1 5 1478 1738 1892 2139
11442 4 2 1 5 846 695 1099 1975
11443 4 2 1 5 1374 1833 1745 2053
11444 4 2 1 5 1975 2220 1691 2515
11445 4 2 1 5 1493 1923 1729 2339
11446 4 2 1 5 1458 2009 1985 2465
11447 4 2 1 5 1362 1994 1639 2487
11448 4 2 1 5 1865 2175 1694 2236
11449 4 2 1 5 1804 1980 1619 2212
11450 4 2 1 5 1442 2173 1650 2287
11451 4 2 1 5 1169 41 1136 1804
11452 4 2 1 5 530 1868 536 2107
11453 4 2 1 5 1520 2340 1667 2486
11454 4 2 1 5 747 960 749 2074
11455 4 2 1 5 622 2312 1808 2395
11456 4 2 1 5 1789 1934 1550 2072
11457 4 2 1 5 868 483 641 2369
11458 4 2 1 5 1651 1956 1993 2205
11459 4 2 1 5 985 204 577 1716
11460 4 2 1 5 1797 2214 1519 2293
11461 4 2 1 5 620 1080 888 2461
11462 4 2 1 5 1711 1360 2039 2229
11463 4 2 1 5 1144 2054 46 2159
11464 4 2 1 5 903 378 376 2297
11465 4 2 1 5 534 730 202 2176
11466 4 2 1 5 1535 1863 2234 2481
11467 4 2 1 5 1186 1574 1177 2133
11468 4 2 1 5 383 390 389 2214
11469 4 2 1 5 926 301 296 2355
11470 4 2 1 5 1710 2181 1845 2281
11471 4 2 1 5 59 1176 58 1677
11472 4 2 1 5 2045 2278 835 2437
11473 4 2 1 5 1801 1930 1504 2254
11474 4 2 1 5 835 719 726 2437
11475 4 2 1 5 1332 2145 1547 2390
11476 4 2 1 5 848 412 410 1794
11477 4 2 1 5 619 497 887 2434
11478 4 2 1 5 1792 1879 1465 2239
11479 4 2 1 5 34 1202 3 2445
11480 4 2 1 5 1464 1671 2280 2481
11481 4 2 1 5 1161 1800 2207 2452
11482 4 2 1 5 1472 1919 1662 2296
11483 4 2 1 5 236 870 869 2363
11484 4 2 1 5 2003 2299 1583 2507
11485 4 2 1 5 1768 1920 1564 2449
11486 4 2 1 5 1695 1786 1417 2442
11487 4 2 1 5 1613 2180 1451 2182
11488 4 2 1 5 995 520 519 2022
11489 4 2 1 5 559 458 1862 2077
11490 4 2 1 5 1006 896 2199 2310
11491 4 2 1 5 538 1058 1026 1976
11492 4 2 1 5 1668 2133 1411 2368
11493 4 2 1 5 188 894 184 1701
11494 4 2 1 5 1081 599 881 1932
11495 4 2 1 5 2035 2329 1601 2465
11496 4 2 1 5 1420 2040 1851 2203
11497 4 2 1 5 225 229 443 1652
11498 4 2 1 5 1093 676 678 2146
11499 4 2 1 5 1329 1952 1889 2268
11500 4 2 1 5 1021 1059 899 2111
11501 4 2 1 5 1581 2158 1959 2303
11502 4 2 1 5 1424 2365 1685 2371
11503 4 2 1 5 168 2240 1649 2388
11504 4 2 1 5 1588 1343 2200 2242
11505 4 2 1 5 354 914 351 2030
11506 4 2 1 5 1564 1920 1768 2041
11507 4 2 1 5 1435 1653 2276 2344
11508 4 2 1 5 297 293 296 1771
11509 4 2 1 5 819 303 255 1911
11510 4 2 1 5 1434 1649 2118 2243
11511 4 2 1 5 1172 1149 1695 2319
11512 4 2 1 5 1520 2392 2079 2486
11513 4 2 1 5 1712 1827 1453 2149
11514 4 2 1 5 1414 1639 2100 2213
11515 4 2 1 5 3 1181 34 2089
11516 4 2 1 5 1072 835 2278 2437
11517 4 2 1 5 1574 2063 1677 2441
11518 4 2 1 5 1123 879 1074 1925
11519 4 2 1 5 761 1 1908 2316
11520 4 2 1 5 1609 1719 2425 2487
11521 4 2 1 5 1613 1451 2180 2191
11522 4 2 1 5 1735 2280 1671 2481
11523 4 2 1 5 1423 1697 2007 2189
11524 4 2 1 5 205 2336 481 2386
11525 4 2 1 5 223 221 222 2488
11526 4 2 1 5 165 1829 166 2243
11527 4 2 1 5 1586 1958 1697 2185
11528 4 2 1 5 1701 894 2336 2444
11529 4 2 1 5 1778 2131 2076 2228
11530 4 2 1 5 1388 2054 1625 2159
11531 4 2 1 5 622 1120 706 2395
11532 4 2 1 5 1408 2094 1616 2375
11533 4 2 1 5 56 1800 1179 2452
11534 4 2 1 5 1161 1685 2207 2402
11535 4 2 1 5 24 1898 774 2478
11536 4 2 1 5 1779 2112 1488 2443
11537 4 2 1 5 1006 895 931 2199
11538 4 2 1 5 1590 1990 1374 2048
11539 4 2 1 5 2000 2060 1321 2449
11540 4 2 1 5 1380 1835 1743 2482
11541 4 2 1 5 495 2112 1779 2443
11542 4 2 1 5 153 157 152 2147
11543 4 2 1 5 660 662 661 2471
11544 4 2 1 5 399 426 398 1923
11545 4 2 1 5 1903 2105 752 2337
11546 4 2 1 5 891 518 565 2269
11547 4 2 1 5 2004 1694 2422 2492
11548 4 2 1 5 1474 2145 1547 2199
11549 4 2 1 5 292 293 289 1615
11550 4 2 1 5 1474 2199 1547 2216
11551 4 2 1 5 1133 1188 43 1817
11552 4 2 1 5 1712 1437 2321 2512
11553 4 2 1 5 697 2428 973 2439
11554 4 2 1 5 686 872 541 1938
11555 4 2 1 5 643 1949 922 2324
11556 4 2 1 5 1718 1962 1657 2466
11557 4 2 1 5 1381 1904 2012 2249
11558 4 2 1 5 738 118 2181 2427
11559 4 2 1 5 1457 1836 1682 2389
11560 4 2 1 5 1166 1167 1133 2175
11561 4 2 1 5 812 1090 291 1822
11562 4 2 1 5 1553 1934 1789 2072
11563 4 2 1 5 553 1756 778 2354
11564 4 2 1 5 1131 1147 1146 1954
11565 4 2 1 5 1315 2095 1837 2132
11566 4 2 1 5 1760 1863 1490 2507
11567 4 2 1 5 169 2240 168 2388
11568 4 2 1 5 1819 2108 1536 2388
11569 4 2 1 5 1624 1932 1689 2483
11570 4 2 1 5 1574 2141 2063 2183
11571 4 2 1 5 1114 550 1038 2282
11572 4 2 1 5 558 1117 500 1665
11573 4 2 1 5 1886 1907 1371 2317
11574 4 2 1 5 701 1128 1055 1814
11575 4 2 1 5 934 1973 133 2318
11576 4 2 1 5 149 1731 789 2251
11577 4 2 1 5 1423 2160 1697 2189
11578 4 2 1 5 2099 2366 1957 2476
11579 4 2 1 5 56 55 1913 2420
11580 4 2 1 5 1865 2208 1406 2476
11581 4 2 1 5 817 443 229 1905
11582 4 2 1 5 1555 1719 2451 2454
11583 4 2 1 5 1015 590 884 1723
11584 4 2 1 5 1615 1433 2128 2154
11585 4 2 1 5 1402 2017 1760 2403
11586 4 2 1 5 682 683 2272 2428
11587 4 2 1 5 1520 1667 2392 2486
11588 4 2 1 5 841 193 195 2040
11589 4 2 1 5 415 422 463 1931
11590 4 2 1 5 1330 2206 1715 2334
11591 4 2 1 5 281 283 279 2305
11592 4 2 1 5 1393 2153 1935 2503
11593 4 2 1 5 1097 979 461 1915
11594 4 2 1 5 244 1775 243 2416
11595 4 2 1 5 1424 1961 1662 2296
11596 4 2 1 5 564 518 516 2269
11597 4 2 1 5 1135 1155 1157 1909
11598 4 2 1 5 720 914 1713 2514
11599 4 2 1 5 1634 1964 1476 2420
11600 4 2 1 5 1755 2047 1351 2430
11601 4 2 1 5 834 927 395 2129
11602 4 2 1 5 1484 2060 2000 2449
11603 4 2 1 5 567 1100 631 2495
11604 4 2 1 5 1628 2079 1520 2124
11605 4 2 1 5 1514 2051 2075 2116
11606 4 2 1 5 480 264 266 1712
11607 4 2 1 5 633 514 880 1912
11608 4 2 1 5 1855 1900 1480 2281
11609 4 2 1 5 1327 1783 2345 2398
11610 4 2 1 5 1001 908 1065 1944
11611 4 2 1 5 833 538 964 1717
11612 4 2 1 5 181 179 182 1933
11613 4 2 1 5 213 212 214 2351
11614 4 2 1 5 628 648 649 2091
11615 4 2 1 5 1406 2174 1672 2208
11616 4 2 1 5 1371 1907 1633 2440
11617 4 2 1 5 530 580 536 1868
11618 4 2 1 5 1408 2144 1872 2257
11619 4 2 1 5 1479 2345 1783 2398
11620 4 2 1 5 868 678 1773 2333
11621 4 2 1 5 803 1025 498 1970
11622 4 2 1 5 1373 1894 1814 2295
11623 4 2 1 5 449 422 421 1986
11624 4 2 1 5 1388 2159 1625 2193
11625 4 2 1 5 1318 2116 1676 2164
11626 4 2 1 5 1610 2106 1868 2166
11627 4 2 1 5 882 493 1880 2412
11628 4 2 1 5 1920 2060 1564 2449
11629 4 2 1 5 4 1184 61 1962
11630 4 2 1 5 1423 2007 1697 2286
11631 4 2 1 5 316 2112 931 2216
11632 4 2 1 5 1444 1584 2092 2493
11633 4 2 1 5 736 1845 811 2181
11634 4 2 1 5 925 791 645 1770
11635 4 2 1 5 1472 1662 1955 2296
11636 4 2 1 5 995 815 1932 2483
11637 4 2 1 5 522 526 525 2080
11638 4 2 1 5 1678 2328 1691 2515
11639 4 2 1 5 118 1855 737 2181
11640 4 2 1 5 244 2363 1775 2416
11641 4 2 1 5 1191 2019 1195 2411
11642 4 2 1 5 1164 2133 1668 2368
11643 4 2 1 5 480 266 842 1712
11644 4 2 1 5 1438 2073 1624 2146
11645 4 2 1 5 1717 1923 1397 2042
11646 4 2 1 5 1601 2114 1447 2502
11647 4 2 1 5 193 841 203 1946
11648 4 2 1 5 1369 1651 2142 2171
11649 4 2 1 5 1563 2097 2103 2408
11650 4 2 1 5 40 41 1854 1999
11651 4 2 1 5 1425 1855 2181 2281
11652 4 2 1 5 1317 1639 1994 2100
11653 4 2 1 5 429 1027 399 2513
11654 4 2 1 5 477 1705 375 2297
11655 4 2 1 5 385 393 907 1844
11656 4 2 1 5 1428 1881 1642 2082
11657 4 2 1 5 1777 1838 1463 2475
11658 4 2 1 5 1479 2398 1783 2501
11659 4 2 1 5 1314 1956 1651 2142
11660 4 2 1 5 602 775 1029 1759
11661 4 2 1 5 1425 1900 1855 2281
11662 4 2 1 5 1090 812 880 1912
11663 4 2 1 5 1431 2075 2051 2116
11664 4 2 1 5 1167 1175 1143 1694
11665 4 2 1 5 31 1000 999 2298
11666 4 2 1 5 212 803 214 1970
11667 4 2 1 5 1829 2118 1536 2388
11668 4 2 1 5 1604 2032 1414 2320
11669 4 2 1 5 820 542 2194 2508
11670 4 2 1 5 1325 2153 1740 2503
11671 4 2 1 5 1177 2133 1574 2175
11672 4 2 1 5 43 1201 1190 2003
11673 4 2 1 5 1623 1987 1448 2263
11674 4 2 1 5 1443 2184 1774 2508
11675 4 2 1 5 282 285 281 2350
11676 4 2 1 5 1216 1873 1205 2094
11677 4 2 1 5 127 690 1958 2201
11678 4 2 1 5 2112 2282 1547 2390
11679 4 2 1 5 2000 2431 1761 2449
11680 4 2 1 5 124 25 962 2127
11681 4 2 1 5 1424 1662 1919 2296
11682 4 2 1 5 717 1061 718 2278
11683 4 2 1 5 943 672 513 1966
11684 4 2 1 5 1422 1730 2183 2268
11685 4 2 1 5 1655 1939 1673 2350
11686 4 2 1 5 1374 1590 2048 2405
11687 4 2 1 5 827 826 372 2468
11688 4 2 1 5 26 998 27 2052
11689 4 2 1 5 902 912 644 1910
11690 4 2 1 5 887 496 708 1853
11691 4 2 1 5 181 1933 182 2157
11692 4 2 1 5 1693 1942 1361 2086
11693 4 2 1 5 1834 2147 1382 2223
11694 4 2 1 5 1674 1393 1935 2259
11695 4 2 1 5 458 460 1862 2327
11696 4 2 1 5 1935 2153 1567 2503
11697 4 2 1 5 1720 2065 1429 2324
11698 4 2 1 5 930 1778 308 2500
11699 4 2 1 5 636 2341 1646 2508
11700 4 2 1 5 859 984 479 1987
11701 4 2 1 5 1316 1769 2015 2353
11702 4 2 1 5 500 548 558 2323
11703 4 2 1 5 1358 1798 1836 2113
11704 4 2 1 5 313 836 269 2085
11705 4 2 1 5 1337 2205 1651 2417
11706 4 2 1 5 1474 1815 2145 2199
11707 4 2 1 5 1709 2346 1512 2468
11708 4 2 1 5 265 445 2321 2330
11709 4 2 1 5 529 1738 473 2461
11710 4 2 1 5 1448 2263 1987 2273
11711 4 2 1 5 1586 2007 1697 2407
11712 4 2 1 5 226 1826 843 2338
11713 4 2 1 5 1493 1816 2339 2399
11714 4 2 1 5 1013 164 1064 2505
11715 4 2 1 5 871 967 652 2290
11716 4 2 1 5 524 522 525 1745
11717 4 2 1 5 1215 1216 1205 2094
11718 4 2 1 5 453 947 496 1793
11719 4 2 1 5 1448 1987 1666 2273
11720 4 2 1 5 1706 2378 1326 2458
11721 4 2 1 5 706 1917 467 2312
11722 4 2 1 5 1530 2253 1795 2393
11723 4 2 1 5 322 326 467 1917
11724 4 2 1 5 433 1102 1010 2252
11725 4 2 1 5 1171 50 51 2241
11726 4 2 1 5 512 1586 1034 2407
11727 4 2 1 5 986 860 300 2338
11728 4 2 1 5 197 195 196 1851
11729 4 2 1 5 312 303 819 1911
11730 4 2 1 5 1890 2372 1454 2393
11731 4 2 1 5 157 2147 1834 2223
11732 4 2 1 5 1808 1987 1363 2459
11733 4 2 1 5 448 490 2222 2284
11734 4 2 1 5 1550 2306 2177 2436
11735 4 2 1 5 460 559 458 1862
11736 4 2 1 5 1743 1835 1440 2482
11737 4 2 1 5 163 863 167 2388
11738 4 2 1 5 1469 1940 1831 2283
11739 4 2 1 5 250 902 252 1910
11740 4 2 1 5 788 148 987 1928
11741 4 2 1 5 719 937 726 2437
11742 4 2 1 5 304 850 302 2226
11743 4 2 1 5 1165 1166 1133 1662
11744 4 2 1 5 1807 2154 1410 2458
11745 4 2 1 5 1002 1015 626 1805
11746 4 2 1 5 1315 1626 2068 2132
11747 4 2 1 5 1063 499 1664 2384
11748 4 2 1 5 1845 2269 1941 2335
11749 4 2 1 5 592 580 603 1868
11750 4 2 1 5 557 466 816 1818
11751 4 2 1 5 930 2498 1778 2500
11752 4 2 1 5 1959 2001 1140 2158
11753 4 2 1 5 694 692 693 1841
11754 4 2 1 5 1609 2100 1994 2487
11755 4 2 1 5 1514 2116 2075 2164
11756 4 2 1 5 1468 2281 1900 2289
11757 4 2 1 5 168 172 847 2243
11758 4 2 1 5 372 1902 369 2468
11759 4 2 1 5 1060 889 1729 2495
11760 4 2 1 5 38 1135 39 2490
11761 4 2 1 5 1823 2152 1452 2291
11762 4 2 1 5 1156 1632 1154 2170
11763 4 2 1 5 145 146 144 1871
11764 4 2 1 5 1437 2081 1712 2321
11765 4 2 1 5 625 623 624 1808
11766 4 2 1 5 1399 2112 1547 2390
11767 4 2 1 5 481 199 894 2336
11768 4 2 1 5 14 120 15 1907
11769 4 2 1 5 1683 2264 1911 2382
11770 4 2 1 5 1543 1745 1833 2053
11771 4 2 1 5 1780 1982 1538 2395
11772 4 2 1 5 1323 1680 2088 2118
11773 4 2 1 5 247 1689 815 2483
11774 4 2 1 5 1162 1163 1178 1685
11775 4 2 1 5 1163 1162 1161 1685
11776 4 2 1 5 1048 801 1027 1816
11777 4 2 1 5 1940 2061 1461 2283
11778 4 2 1 5 220 221 814 2210
11779 4 2 1 5 1159 1138 1660 2170
11780 4 2 1 5 1464 2137 1671 2234
11781 4 2 1 5 211 210 209 1782
11782 4 2 1 5 1523 2010 1631 2148
11783 4 2 1 5 412 1794 848 2256
11784 4 2 1 5 1380 2231 1835 2376
11785 4 2 1 5 1442 1650 2173 2464
11786 4 2 1 5 360 362 1098 1934
11787 4 2 1 5 1503 2005 1950 2376
11788 4 2 1 5 1671 2348 1398 2510
11789 4 2 1 5 1433 1615 2128 2474
11790 4 2 1 5 1710 2181 1425 2427
11791 4 2 1 5 1521 1957 2366 2476
11792 4 2 1 5 1439 2037 1752 2374
11793 4 2 1 5 689 786 284 1754
11794 4 2 1 5 375 477 805 1705
11795 4 2 1 5 51 1959 1140 2158
11796 4 2 1 5 370 369 371 1918
11797 4 2 1 5 1530 1866 1749 2358
11798 4 2 1 5 1395 2095 1744 2332
11799 4 2 1 5 1740 2072 1553 2151
11800 4 2 1 5 660 1935 658 2471
11801 4 2 1 5 1360 1619 2179 2229
11802 4 2 1 5 1648 1998 2037 2235
11803 4 2 1 5 1131 1175 1147 2236
11804 4 2 1 5 1161 1163 1685 2402
11805 4 2 1 5 375 370 373 1918
11806 4 2 1 5 2141 2396 1320 2476
11807 4 2 1 5 388 387 391 1711
11808 4 2 1 5 110 2154 10 2308
11809 4 2 1 5 1739 1955 1472 2036
11810 4 2 1 5 1712 1827 1437 2512
11811 4 2 1 5 1583 2299 1335 2507
11812 4 2 1 5 622 1808 623 2395
11813 4 2 1 5 1602 2145 1815 2199
11814 4 2 1 5 910 590 1015 1723
11815 4 2 1 5 1091 563 700 1803
11816 4 2 1 5 51 1140 2001 2158
11817 4 2 1 5 952 763 1953 2295
11818 4 2 1 5 2323 2434 1045 2463
11819 4 2 1 5 263 2081 262 2330
11820 4 2 1 5 1507 2159 1657 2238
11821 4 2 1 5 1598 2015 1769 2353
11822 4 2 1 5 143 955 145 1871
11823 4 2 1 5 624 941 984 1987
11824 4 2 1 5 1855 1480 2181 2281
11825 4 2 1 5 868 991 678 2333
11826 4 2 1 5 1396 2235 1974 2391
11827 4 2 1 5 513 1966 672 2038
11828 4 2 1 5 1632 2287 1909 2490
11829 4 2 1 5 316 2216 315 2511
11830 4 2 1 5 1676 2119 1532 2342
11831 4 2 1 5 257 254 258 2165
11832 4 2 1 5 1333 1943 1647 2426
11833 4 2 1 5 772 120 1886 2317
11834 4 2 1 5 1150 1158 1154 1904
11835 4 2 1 5 1452 1984 1823 2409
11836 4 2 1 5 1411 1961 1668 2262
11837 4 2 1 5 1161 2207 1800 2402
11838 4 2 1 5 1583 1979 1450 2361
11839 4 2 1 5 1409 1728 2115 2221
11840 4 2 1 5 1357 1744 2140 2383
11841 4 2 1 5 691 572 692 2023
11842 4 2 1 5 1426 2378 1706 2458
11843 4 2 1 5 248 2362 1636 2509
11844 4 2 1 5 1363 2187 1702 2459
11845 4 2 1 5 1831 1396 2161 2225
11846 4 2 1 5 1626 2132 1379 2446
11847 4 2 1 5 1404 1725 2131 2494
11848 4 2 1 5 2081 2321 1437 2330
11849 4 2 1 5 1442 2173 1667 2464
11850 4 2 1 5 132 131 137 1973
11851 4 2 1 5 59 2120 60 2441
11852 4 2 1 5 1173 1132 1187 1882
11853 4 2 1 5 1738 2139 1478 2461
11854 4 2 1 5 1015 1723 884 2255
11855 4 2 1 5 2097 2103 1572 2298
11856 4 2 1 5 1604 2145 2032 2431
11857 4 2 1 5 894 1701 188 2444
11858 4 2 1 5 265 2321 263 2330
11859 4 2 1 5 809 2027 808 2434
11860 4 2 1 5 1800 2420 1445 2452
11861 4 2 1 5 190 203 948 1946
11862 4 2 1 5 263 262 258 2330
11863 4 2 1 5 1327 1996 1609 2425
11864 4 2 1 5 1084 951 672 1891
11865 4 2 1 5 1624 1438 2146 2483
11866 4 2 1 5 1888 1908 1400 2316
11867 4 2 1 5 656 1925 879 2259
11868 4 2 1 5 1449 1836 1906 2389
11869 4 2 1 5 1209 50 1217 2219
11870 4 2 1 5 640 855 186 1751
11871 4 2 1 5 1683 1463 1838 2475
11872 4 2 1 5 1135 1909 39 2490
11873 4 2 1 5 610 682 683 2272
11874 4 2 1 5 264 263 265 2321
11875 4 2 1 5 751 537 1903 2384
11876 4 2 1 5 741 561 977 1787
11877 4 2 1 5 51 2158 2219 2303
11878 4 2 1 5 997 2177 1102 2252
11879 4 2 1 5 1668 1440 2365 2402
11880 4 2 1 5 1809 2429 1766 2460
11881 4 2 1 5 1612 1976 1477 2272
11882 4 2 1 5 446 447 448 2222
11883 4 2 1 5 1555 1660 2398 2425
11884 4 2 1 5 1741 2243 1434 2485
11885 4 2 1 5 1819 2240 1649 2367
11886 4 2 1 5 1393 1935 2014 2503
11887 4 2 1 5 1829 2243 2118 2388
11888 4 2 1 5 277 735 1118 2379
11889 4 2 1 5 1411 2063 2373 2497
11890 4 2 1 5 1031 1068 147 1781
11891 4 2 1 5 1156 1901 1632 2170
11892 4 2 1 5 1971 2339 1816 2399
11893 4 2 1 5 1436 2177 2306 2436
11894 4 2 1 5 945 2124 617 2282
11895 4 2 1 5 620 592 981 2106
11896 4 2 1 5 374 993 932 2288
11897 4 2 1 5 691 2023 1102 2404
11898 4 2 1 5 1390 1647 2188 2426
11899 4 2 1 5 1378 1968 2127 2357
11900 4 2 1 5 406 726 408 2130
11901 4 2 1 5 1324 2258 1541 2348
11902 4 2 1 5 1931 1986 1402 2044
11903 4 2 1 5 1997 2031 1513 2220
11904 4 2 1 5 370 1918 368 2186
11905 4 2 1 5 1685 2365 1668 2371
11906 4 2 1 5 545 652 651 2290
11907 4 2 1 5 1410 1778 2494 2498
11908 4 2 1 5 1102 2177 773 2404
11909 4 2 1 5 1668 1961 1580 2262
11910 4 2 1 5 870 959 869 1811
11911 4 2 1 5 499 1664 2384 2448
11912 4 2 1 5 1632 1904 1154 2170
11913 4 2 1 5 265 445 921 2321
11914 4 2 1 5 598 606 593 1867
11915 4 2 1 5 1330 1715 1916 2334
11916 4 2 1 5 1586 2494 2433 2498
11917 4 2 1 5 512 1966 1586 2407
11918 4 2 1 5 614 643 1020 1949
11919 4 2 1 5 1389 1954 1730 2236
11920 4 2 1 5 195 197 198 2040
11921 4 2 1 5 1333 2056 1641 2504
11922 4 2 1 5 1151 1974 1648 2037
11923 4 2 1 5 1319 1972 1840 2217
11924 4 2 1 5 1191 2002 1204 2019
11925 4 2 1 5 133 934 131 1973
11926 4 2 1 5 1649 2240 1819 2388
11927 4 2 1 5 1179 2202 57 2402
11928 4 2 1 5 1790 1422 2120 2430
11929 4 2 1 5 1002 1805 986 2338
11930 4 2 1 5 234 233 232 1847
11931 4 2 1 5 751 675 537 2384
11932 4 2 1 5 16 114 756 2260
11933 4 2 1 5 453 458 2077 2327
11934 4 2 1 5 1497 2381 2470 2504
11935 4 2 1 5 1097 929 1915 1965
11936 4 2 1 5 1565 2339 1729 2495
11937 4 2 1 5 1859 2084 1617 2172
11938 4 2 1 5 53 1206 1210 1806
11939 4 2 1 5 1342 2188 1647 2370
11940 4 2 1 5 1161 1179 1800 2452
11941 4 2 1 5 1584 1986 2218 2403
11942 4 2 1 5 1336 2329 2035 2465
11943 4 2 1 5 515 2045 1678 2278
11944 4 2 1 5 1127 1053 824 2058
11945 4 2 1 5 1333 1647 2006 2426
11946 4 2 1 5 1938 2428 1447 2439
11947 4 2 1 5 1922 2030 1380 2479
11948 4 2 1 5 1941 2269 1565 2335
11949 4 2 1 5 1943 2370 1647 2426
11950 4 2 1 5 1424 1804 1685 2212
11951 4 2 1 5 1152 38 1721 2490
11952 4 2 1 5 1068 1781 1031 2406
11953 4 2 1 5 893 596 180 2055
11954 4 2 1 5 1167 1180 1175 1694
11955 4 2 1 5 177 184 183 1856
11956 4 2 1 5 1367 1971 1816 2399
11957 4 2 1 5 1842 2021 1370 2464
11958 4 2 1 5 130 27 109 2052
11959 4 2 1 5 1163 1668 2371 2402
11960 4 2 1 5 1825 2119 1318 2365
11961 4 2 1 5 820 542 474 2194
11962 4 2 1 5 1344 1683 2405 2475
11963 4 2 1 5 1431 2051 1674 2101
11964 4 2 1 5 1437 2274 1618 2330
11965 4 2 1 5 430 419 473 2107
11966 4 2 1 5 1455 1857 2027 2096
11967 4 2 1 5 1399 1761 2216 2511
11968 4 2 1 5 371 369 372 1902
11969 4 2 1 5 924 1778 930 2498
11970 4 2 1 5 1640 2266 1720 2347
11971 4 2 1 5 882 786 689 1880
11972 4 2 1 5 1774 2184 2125 2508
11973 4 2 1 5 1444 2293 1816 2513
11974 4 2 1 5 1417 1715 2292 2442
11975 4 2 1 5 1613 1452 2180 2182
11976 4 2 1 5 1497 1972 1692 2470
11977 4 2 1 5 1567 2014 1935 2503
11978 4 2 1 5 1447 1938 1612 2428
11979 4 2 1 5 1315 1837 2095 2265
11980 4 2 1 5 407 824 405 2058
11981 4 2 1 5 495 953 2112 2443
11982 4 2 1 5 1182 45 1796 2457
11983 4 2 1 5 272 813 274 1843
11984 4 2 1 5 1773 2146 1569 2333
11985 4 2 1 5 1401 2010 1970 2489
11986 4 2 1 5 1621 2373 2063 2497
11987 4 2 1 5 778 551 571 1756
11988 4 2 1 5 1465 1879 1792 2411
11989 4 2 1 5 265 263 445 2330
11990 4 2 1 5 738 2181 1710 2427
11991 4 2 1 5 1003 816 974 1818
11992 4 2 1 5 1212 1205 1214 1832
11993 4 2 1 5 1657 1962 1421 2424
11994 4 2 1 5 1909 2287 1442 2490
11995 4 2 1 5 970 752 2105 2337
11996 4 2 1 5 1156 1159 1139 1901
11997 4 2 1 5 1406 1694 1865 2175
11998 4 2 1 5 47 1132 48 2054
11999 4 2 1 5 1128 121 1814 2223
12000 4 2 1 5 649 753 1810 2278
12001 4 2 1 5 1410 2494 1958 2498
12002 4 2 1 5 1194 35 1204 2445
12003 4 2 1 5 801 549 1971 2218
12004 4 2 1 5 493 882 1880 2194
12005 4 2 1 5 523 676 595 2146
12006 4 2 1 5 1570 2095 1837 2265
12007 4 2 1 5 880 1912 514 2448
12008 4 2 1 5 975 487 890 1893
12009 4 2 1 5 1019 1903 752 2337
12010 4 2 1 5 565 2269 518 2335
12011 4 2 1 5 476 539 540 1763
12012 4 2 1 5 31 999 30 1765
12013 4 2 1 5 1110 1039 2125 2341
12014 4 2 1 5 280 946 282 2105
12015 4 2 1 5 1357 2389 2140 2401
12016 4 2 1 5 893 765 123 2098
12017 4 2 1 5 1164 1668 1137 2368
12018 4 2 1 5 1581 2413 2167 2450
12019 4 2 1 5 1902 1918 1368 2364
12020 4 2 1 5 458 1862 2077 2327
12021 4 2 1 5 1502 2126 1749 2385
12022 4 2 1 5 1376 1933 1757 2157
12023 4 2 1 5 127 716 690 2201
12024 4 2 1 5 1685 1416 2119 2212
12025 4 2 1 5 205 199 481 2336
12026 4 2 1 5 1321 2250 1920 2342
12027 4 2 1 5 468 706 467 2312
12028 4 2 1 5 645 469 616 2387
12029 4 2 1 5 1190 1199 42 2361
12030 4 2 1 5 1196 1193 1197 1792
12031 4 2 1 5 253 2165 259 2343
12032 4 2 1 5 811 736 564 1845
12033 4 2 1 5 1175 1694 1180 2236
12034 4 2 1 5 1219 1206 52 1806
12035 4 2 1 5 300 860 230 2338
12036 4 2 1 5 316 317 315 2216
12037 4 2 1 5 1446 1649 2240 2367
12038 4 2 1 5 276 274 812 1822
12039 4 2 1 5 1654 2349 1917 2455
12040 4 2 1 5 380 1820 873 2346
12041 4 2 1 5 778 1756 571 2404
12042 4 2 1 5 1187 1168 1142 2381
12043 4 2 1 5 764 987 113 2270
12044 4 2 1 5 601 2125 1774 2285
12045 4 2 1 5 1681 1969 1497 2381
12046 4 2 1 5 993 374 1086 1767
12047 4 2 1 5 962 1948 670 2127
12048 4 2 1 5 1441 2237 1753 2435
12049 4 2 1 5 1487 1849 2122 2246
12050 4 2 1 5 382 384 379 1951
12051 4 2 1 5 1430 1618 2111 2362
12052 4 2 1 5 866 730 1746 2157
12053 4 2 1 5 573 900 896 2310
12054 4 2 1 5 1398 1792 1879 2002
12055 4 2 1 5 1989 2241 1656 2484
12056 4 2 1 5 1536 2118 2367 2388
12057 4 2 1 5 564 2269 1845 2335
12058 4 2 1 5 1428 2065 1654 2349
12059 4 2 1 5 1180 1694 2175 2236
12060 4 2 1 5 1458 1694 2271 2422
12061 4 2 1 5 1139 1160 1156 1901
12062 4 2 1 5 981 620 2106 2415
12063 4 2 1 5 762 116 761 1908
12064 4 2 1 5 1096 998 737 1855
12065 4 2 1 5 674 910 1007 2115
12066 4 2 1 5 383 382 378 1951
12067 4 2 1 5 1776 1975 1432 2471
12068 4 2 1 5 897 1741 1040 2314
12069 4 2 1 5 1471 1832 1873 2302
12070 4 2 1 5 737 118 1096 1855
12071 4 2 1 5 1150 1904 1152 2374
12072 4 2 1 5 1407 2078 1885 2491
12073 4 2 1 5 1363 1799 2291 2409
12074 4 2 1 5 438 840 397 2101
12075 4 2 1 5 1693 1873 1471 2467
12076 4 2 1 5 493 517 882 2194
12077 4 2 1 5 149 141 1731 2472
12078 4 2 1 5 321 831 319 2324
12079 4 2 1 5 1333 1641 2056 2275
12080 4 2 1 5 643 614 539 1949
12081 4 2 1 5 1398 2299 1671 2510
12082 4 2 1 5 468 467 326 1917
12083 4 2 1 5 1390 1731 1928 2230
12084 4 2 1 5 1152 1904 1721 2374
12085 4 2 1 5 523 868 1773 2369
12086 4 2 1 5 1729 1923 1397 2284
12087 4 2 1 5 1415 2425 1719 2487
12088 4 2 1 5 1509 2219 1870 2241
12089 4 2 1 5 1719 2398 1327 2425
12090 4 2 1 5 1399 2216 2112 2511
12091 4 2 1 5 1752 2090 1451 2397
12092 4 2 1 5 44 2004 2026 2492
12093 4 2 1 5 1042 1093 678 2333
12094 4 2 1 5 1330 1916 1715 2380
12095 4 2 1 5 757 1741 758 2260
12096 4 2 1 5 1695 1384 2138 2292
12097 4 2 1 5 1357 2140 1692 2401
12098 4 2 1 5 1187 1145 1786 1882
12099 4 2 1 5 721 651 879 2024
12100 4 2 1 5 258 262 261 1813
12101 4 2 1 5 1050 613 771 2317
12102 4 2 1 5 1339 2078 1914 2135
12103 4 2 1 5 388 353 387 1711
12104 4 2 1 5 1408 1832 2144 2302
12105 4 2 1 5 895 441 339 2199
12106 4 2 1 5 1134 2037 1752 2397
12107 4 2 1 5 799 1986 465 2218
12108 4 2 1 5 761 1908 33 2316
12109 4 2 1 5 1504 2162 1801 2254
12110 4 2 1 5 1523 1683 1838 2475
12111 4 2 1 5 1164 1163 1137 1668
12112 4 2 1 5 875 815 247 1689
12113 4 2 1 5 1018 418 916 1699
12114 4 2 1 5 881 599 526 2080
12115 4 2 1 5 1819 2367 1649 2388
12116 4 2 1 5 1649 2118 2243 2388
12117 4 2 1 5 1928 2016 1510 2230
12118 4 2 1 5 886 570 1121 2244
12119 4 2 1 5 757 1040 758 1741
12120 4 2 1 5 112 1927 746 2074
12121 4 2 1 5 37 1195 1191 2019
12122 4 2 1 5 1439 1904 1721 2249
12123 4 2 1 5 1069 534 208 2176
12124 4 2 1 5 1847 2273 1627 2326
12125 4 2 1 5 1669 2396 2141 2476
12126 4 2 1 5 988 1896 780 2354
12127 4 2 1 5 1675 1447 1953 2439
12128 4 2 1 5 1390 2188 1647 2332
12129 4 2 1 5 1845 2181 1480 2281
12130 4 2 1 5 1615 1410 2154 2500
12131 4 2 1 5 903 1108 1797 2288
12132 4 2 1 5 643 922 831 2324
12133 4 2 1 5 1355 2204 1821 2501
12134 4 2 1 5 199 184 894 2336
12135 4 2 1 5 1404 2076 1778 2131
12136 4 2 1 5 1432 1691 1975 2220
12137 4 2 1 5 1475 1625 1989 2279
12138 4 2 1 5 1429 1654 2065 2392
12139 4 2 1 5 1914 2078 1476 2135
12140 4 2 1 5 1920 2250 1676 2342
12141 4 2 1 5 1187 1132 1145 1882
12142 4 2 1 5 913 1713 914 2514
12143 4 2 1 5 193 190 192 1946
12144 4 2 1 5 594 862 2108 2313
12145 4 2 1 5 1649 2243 168 2388
12146 4 2 1 5 1325 1740 2322 2503
12147 4 2 1 5 234 1847 858 2273
12148 4 2 1 5 460 781 1862 2469
12149 4 2 1 5 1087 1108 798 2288
12150 4 2 1 5 1146 1184 46 2424
12151 4 2 1 5 278 276 291 1822
12152 4 2 1 5 1157 1183 1136 2418
12153 4 2 1 5 1668 1411 2262 2368
12154 4 2 1 5 1740 2322 1383 2373
12155 4 2 1 5 1482 2008 1916 2334
12156 4 2 1 5 1666 1448 2273 2326
12157 4 2 1 5 1392 2227 1914 2307
12158 4 2 1 5 360 358 359 1789
12159 4 2 1 5 1181 3 49 2457
12160 4 2 1 5 1053 665 662 1776
12161 4 2 1 5 139 1068 160 2394
12162 4 2 1 5 110 2154 2308 2500
12163 4 2 1 5 875 443 874 2123
12164 4 2 1 5 1431 1691 2101 2178
12165 4 2 1 5 370 369 1918 2186
12166 4 2 1 5 1322 1672 2174 2208
12167 4 2 1 5 822 658 1935 2471
12168 4 2 1 5 165 632 1829 2243
12169 4 2 1 5 1786 1497 2381 2470
12170 4 2 1 5 1134 1149 2037 2397
12171 4 2 1 5 1333 1641 2275 2504
12172 4 2 1 5 1628 2124 1488 2282
12173 4 2 1 5 1324 2097 1753 2408
12174 4 2 1 5 1779 2112 495 2511
12175 4 2 1 5 897 596 758 2055
12176 4 2 1 5 690 634 944 2407
12177 4 2 1 5 1472 2036 1817 2304
12178 4 2 1 5 751 752 1019 1903
12179 4 2 1 5 1214 56 1208 1913
12180 4 2 1 5 1189 1153 1138 2423
12181 4 2 1 5 1591 1992 1891 2227
12182 4 2 1 5 1103 754 119 2316
12183 4 2 1 5 1341 2178 1980 2220
12184 4 2 1 5 19 742 126 1894
12185 4 2 1 5 1808 2312 1987 2459
12186 4 2 1 5 350 2030 1922 2479
12187 4 2 1 5 837 216 581 2010
12188 4 2 1 5 1320 2099 1957 2476
12189 4 2 1 5 532 1780 1120 2395
12190 4 2 1 5 41 1854 1999 2361
12191 4 2 1 5 1656 2462 2088 2484
12192 4 2 1 5 586 698 699 1833
12193 4 2 1 5 1532 2119 2207 2342
12194 4 2 1 5 343 290 287 2046
12195 4 2 1 5 1545 2049 2260 2485
12196 4 2 1 5 450 1070 750 2044
12197 4 2 1 5 1379 1985 1796 2457
12198 4 2 1 5 433 1010 914 2252
12199 4 2 1 5 713 1948 117 2439
12200 4 2 1 5 697 1953 2428 2439
12201 4 2 1 5 1730 1954 1147 2236
12202 4 2 1 5 892 801 549 1971
12203 4 2 1 5 828 1097 929 1915
12204 4 2 1 5 1473 1623 2312 2459
12205 4 2 1 5 1815 2199 1474 2325
12206 4 2 1 5 1643 1436 2023 2404
12207 4 2 1 5 1384 2037 1998 2235
12208 4 2 1 5 377 477 375 2297
12209 4 2 1 5 396 400 397 2328
12210 4 2 1 5 1618 2274 1772 2330
12211 4 2 1 5 1649 2367 2118 2388
12212 4 2 1 5 2020 2229 1534 2311
12213 4 2 1 5 941 965 984 1987
12214 4 2 1 5 882 1880 689 2412
12215 4 2 1 5 984 965 479 1987
12216 4 2 1 5 1369 2171 2053 2206
12217 4 2 1 5 1721 2152 1439 2249
12218 4 2 1 5 997 356 2177 2252
12219 4 2 1 5 1468 2156 1900 2281
12220 4 2 1 5 1066 611 876 2356
12221 4 2 1 5 1635 1423 2160 2286
12222 4 2 1 5 1853 2434 1419 2463
12223 4 2 1 5 1523 2405 1683 2475
12224 4 2 1 5 1439 1721 1904 2374
12225 4 2 1 5 1900 2281 1425 2289
12226 4 2 1 5 1628 2079 1429 2486
12227 4 2 1 5 517 1880 882 2194
12228 4 2 1 5 682 2272 1113 2428
12229 4 2 1 5 327 617 802 2124
12230 4 2 1 5 1577 1326 2378 2458
12231 4 2 1 5 40 1136 41 2418
12232 4 2 1 5 1488 1867 2124 2340
12233 4 2 1 5 1362 1679 2013 2487
12234 4 2 1 5 1557 2068 1675 2270
12235 4 2 1 5 396 397 392 2029
12236 4 2 1 5 1653 1398 2348 2510
12237 4 2 1 5 1441 2258 1947 2435
12238 4 2 1 5 2079 2392 1429 2486
12239 4 2 1 5 664 830 2346 2468
12240 4 2 1 5 1163 2371 1685 2402
12241 4 2 1 5 996 1039 685 2508
12242 4 2 1 5 1364 1996 2084 2419
12243 4 2 1 5 1871 2097 1544 2298
12244 4 2 1 5 895 339 317 2216
12245 4 2 1 5 1330 1916 2008 2334
12246 4 2 1 5 1182 1985 2109 2457
12247 4 2 1 5 835 726 406 2045
12248 4 2 1 5 1610 2018 1535 2234
12249 4 2 1 5 297 928 293 2128
12250 4 2 1 5 613 989 770 1749
12251 4 2 1 5 1489 2026 2004 2492
12252 4 2 1 5 395 927 425 1788
12253 4 2 1 5 559 982 458 2077
12254 4 2 1 5 1679 2454 2013 2487
12255 4 2 1 5 1589 2127 1968 2357
12256 4 2 1 5 371 1902 825 2364
12257 4 2 1 5 165 632 687 1829
12258 4 2 1 5 1720 2266 1428 2455
12259 4 2 1 5 403 405 424 2515
12260 4 2 1 5 867 1064 667 1884
12261 4 2 1 5 247 815 814 2483
12262 4 2 1 5 1416 2207 2119 2342
12263 4 2 1 5 322 320 326 2455
12264 4 2 1 5 499 2117 1664 2448
12265 4 2 1 5 1319 2217 1840 2480
12266 4 2 1 5 1507 1870 2241 2484
12267 4 2 1 5 1396 2225 1831 2391
12268 4 2 1 5 691 1010 1102 2023
12269 4 2 1 5 21 952 22 2295
12270 4 2 1 5 1143 2004 44 2492
12271 4 2 1 5 2124 2340 1867 2416
12272 4 2 1 5 1339 1885 2078 2135
12273 4 2 1 5 1413 1715 2206 2334
12274 4 2 1 5 574 1120 532 1780
12275 4 2 1 5 1193 1792 1196 2411
12276 4 2 1 5 1335 1979 1801 2166
12277 4 2 1 5 532 471 574 1780
12278 4 2 1 5 308 930 924 1778
12279 4 2 1 5 1725 1404 2131 2499
12280 4 2 1 5 1656 2484 2241 2506
12281 4 2 1 5 141 789 149 1731
12282 4 2 1 5 283 735 279 2379
12283 4 2 1 5 1178 1685 1163 2371
12284 4 2 1 5 1678 2045 1427 2278
12285 4 2 1 5 528 600 503 1929
12286 4 2 1 5 1412 1881 1766 2460
12287 4 2 1 5 1134 1752 2037 2374
12288 4 2 1 5 523 485 868 2369
12289 4 2 1 5 177 183 176 1856
12290 4 2 1 5 1816 1971 1367 2218
12291 4 2 1 5 296 293 295 2228
12292 4 2 1 5 1550 1756 2306 2354
12293 4 2 1 5 844 910 1015 2115
12294 4 2 1 5 1878 1966 1586 1967
12295 4 2 1 5 559 460 781 1862
12296 4 2 1 5 234 232 858 1847
12297 4 2 1 5 1771 2128 1615 2474
12298 4 2 1 5 1522 2128 1771 2474
12299 4 2 1 5 1825 2231 1403 2247
12300 4 2 1 5 1615 2131 1778 2228
12301 4 2 1 5 1740 2151 1580 2262
12302 4 2 1 5 1048 800 1816 2493
12303 4 2 1 5 1480 2181 1845 2335
12304 4 2 1 5 1089 2038 733 2350
12305 4 2 1 5 564 518 2269 2335
12306 4 2 1 5 1130 605 603 1610
12307 4 2 1 5 800 799 2218 2493
12308 4 2 1 5 1172 1786 1145 2001
12309 4 2 1 5 1100 567 709 1736
12310 4 2 1 5 1023 701 1057 2147
12311 4 2 1 5 1075 709 124 2127
12312 4 2 1 5 580 584 865 2429
12313 4 2 1 5 309 295 308 2228
12314 4 2 1 5 508 470 440 1795
12315 4 2 1 5 987 2016 113 2270
12316 4 2 1 5 1380 1835 2005 2376
12317 4 2 1 5 1609 1719 2487 2512
12318 4 2 1 5 44 2004 45 2136
12319 4 2 1 5 1379 2109 1985 2457
12320 4 2 1 5 1415 1719 2425 2454
12321 4 2 1 5 196 194 961 2203
12322 4 2 1 5 1378 1968 2446 2502
12323 4 2 1 5 1524 2184 1646 2341
12324 4 2 1 5 155 324 260 1982
12325 4 2 1 5 773 1102 997 2177
12326 4 2 1 5 1412 1892 1979 2166
12327 4 2 1 5 738 1710 1126 2427
12328 4 2 1 5 712 1759 602 2360
12329 4 2 1 5 1769 1533 2087 2121
12330 4 2 1 5 1439 1696 2152 2417
12331 4 2 1 5 928 297 335 2128
12332 4 2 1 5 370 1918 371 2364
12333 4 2 1 5 1668 2365 1685 2402
12334 4 2 1 5 537 823 752 1903
12335 4 2 1 5 1674 2051 1431 2075
12336 4 2 1 5 1707 1478 2139 2461
12337 4 2 1 5 1404 1778 2076 2433
12338 4 2 1 5 2013 2454 1719 2487
12339 4 2 1 5 1460 1806 1872 2257
12340 4 2 1 5 1462 1896 1861 1991
12341 4 2 1 5 2016 2230 1928 2472
12342 4 2 1 5 126 763 20 1894
12343 4 2 1 5 887 459 496 1853
12344 4 2 1 5 1340 2302 1725 2499
12345 4 2 1 5 471 635 574 1780
12346 4 2 1 5 1444 2092 1767 2288
12347 4 2 1 5 1729 2339 1565 2399
12348 4 2 1 5 1322 2174 1960 2422
12349 4 2 1 5 306 504 503 1877
12350 4 2 1 5 761 1043 762 1908
12351 4 2 1 5 1405 2125 1774 2184
12352 4 2 1 5 1416 2119 1676 2342
12353 4 2 1 5 1649 1494 2314 2462
12354 4 2 1 5 1519 1981 1797 2293
12355 4 2 1 5 712 1033 1125 2343
12356 4 2 1 5 1362 2013 1719 2487
12357 4 2 1 5 597 340 950 1768
12358 4 2 1 5 370 368 369 2186
12359 4 2 1 5 1586 1966 2007 2407
12360 4 2 1 5 1424 1980 1804 2212
12361 4 2 1 5 896 1056 441 2199
12362 4 2 1 5 1429 1949 1720 2324
12363 4 2 1 5 424 1053 695 1975
12364 4 2 1 5 1351 1942 2066 2096
12365 4 2 1 5 426 447 446 1923
12366 4 2 1 5 522 881 526 2080
12367 4 2 1 5 529 430 473 1738
12368 4 2 1 5 1410 2185 1958 2494
12369 4 2 1 5 226 224 843 1826
12370 4 2 1 5 1419 2027 1857 2096
12371 4 2 1 5 1397 1923 1717 2222
12372 4 2 1 5 298 301 807 2355
12373 4 2 1 5 1177 1180 2175 2236
12374 4 2 1 5 1603 1383 2322 2373
12375 4 2 1 5 390 399 2214 2513
12376 4 2 1 5 1072 2278 718 2437
12377 4 2 1 5 555 1883 673 2360
12378 4 2 1 5 1713 2023 1436 2252
12379 4 2 1 5 1408 1630 2094 2375
12380 4 2 1 5 809 336 299 2323
12381 4 2 1 5 1453 2069 1712 2149
12382 4 2 1 5 141 1928 138 2394
12383 4 2 1 5 1958 2185 1586 2494
12384 4 2 1 5 1161 1800 1179 2402
12385 4 2 1 5 1987 2312 1623 2459
12386 4 2 1 5 194 192 667 2203
12387 4 2 1 5 1402 2044 1986 2300
12388 4 2 1 5 1556 1959 2225 2391
12389 4 2 1 5 1167 1180 1694 2175
12390 4 2 1 5 963 2301 714 2463
12391 4 2 1 5 46 1144 47 2054
12392 4 2 1 5 1789 2072 1550 2436
12393 4 2 1 5 908 391 587 2039
12394 4 2 1 5 1628 2282 1547 2310
12395 4 2 1 5 199 183 184 2336
12396 4 2 1 5 1146 1954 1184 2424
12397 4 2 1 5 867 1064 1884 2505
12398 4 2 1 5 656 879 653 2259
12399 4 2 1 5 1316 2015 2114 2353
12400 4 2 1 5 508 949 612 1978
12401 4 2 1 5 387 587 391 2039
12402 4 2 1 5 1177 1141 1730 2441
12403 4 2 1 5 1957 2064 1521 2366
12404 4 2 1 5 1191 1194 1204 2002
12405 4 2 1 5 1612 2272 1477 2353
12406 4 2 1 5 1356 2088 2462 2484
12407 4 2 1 5 1487 2120 2066 2430
12408 4 2 1 5 1479 1821 2204 2501
12409 4 2 1 5 544 488 472 1785
12410 4 2 1 5 249 2111 899 2362
12411 4 2 1 5 1324 1753 2097 2359
12412 4 2 1 5 1187 1142 1173 2381
12413 4 2 1 5 1451 2180 1752 2182
12414 4 2 1 5 149 1731 2251 2472
12415 4 2 1 5 1458 1985 1796 2465
12416 4 2 1 5 448 491 1058 2222
12417 4 2 1 5 53 1831 2161 2225
12418 4 2 1 5 323 329 321 2266
12419 4 2 1 5 1108 845 903 1797
12420 4 2 1 5 637 786 882 1880
12421 4 2 1 5 1667 2173 1650 2464
12422 4 2 1 5 573 476 900 2310
12423 4 2 1 5 1150 1151 1648 2037
12424 4 2 1 5 881 520 995 1932
12425 4 2 1 5 1646 1443 2194 2508
12426 4 2 1 5 402 753 1678 2328
12427 4 2 1 5 506 589 1990 2048
12428 4 2 1 5 43 2026 1817 2492
12429 4 2 1 5 225 443 1032 1652
12430 4 2 1 5 905 323 322 2455
12431 4 2 1 5 1376 2033 1864 2421
12432 4 2 1 5 533 622 623 2395
12433 4 2 1 5 957 1082 905 1858
12434 4 2 1 5 1018 679 1095 2050
12435 4 2 1 5 1431 1711 2029 2229
12436 4 2 1 5 993 796 795 2092
12437 4 2 1 5 1605 2218 1986 2403
12438 4 2 1 5 1730 1954 1889 2377
12439 4 2 1 5 1341 1691 2178 2220
12440 4 2 1 5 1432 2178 1691 2220
12441 4 2 1 5 886 556 201 2244
12442 4 2 1 5 1163 1137 1668 2402
12443 4 2 1 5 551 553 502 2469
12444 4 2 1 5 749 748 747 2074
12445 4 2 1 5 874 1012 582 2123
12446 4 2 1 5 1697 2185 1426 2286
12447 4 2 1 5 1337 2163 1651 2205
12448 4 2 1 5 61 4 1962 2466
12449 4 2 1 5 845 383 903 1797
12450 4 2 1 5 12 13 765 2098
12451 4 2 1 5 1320 1755 1957 2245
12452 4 2 1 5 1697 2160 1423 2286
12453 4 2 1 5 1154 1904 1158 2170
12454 4 2 1 5 137 934 147 1973
12455 4 2 1 5 757 1040 1741 2485
12456 4 2 1 5 2013 1339 2451 2454
12457 4 2 1 5 866 1746 728 2309
12458 4 2 1 5 990 969 597 2267
12459 4 2 1 5 1556 1974 2235 2391
12460 4 2 1 5 482 1893 487 2386
12461 4 2 1 5 852 253 259 2343
12462 4 2 1 5 1536 2367 1819 2388
12463 4 2 1 5 1134 2037 1150 2374
12464 4 2 1 5 1444 1797 2293 2513
12465 4 2 1 5 1889 1954 1421 2377
12466 4 2 1 5 738 736 811 2181
12467 4 2 1 5 1184 61 1962 2377
12468 4 2 1 5 1006 573 896 2310
12469 4 2 1 5 1732 1404 2198 2499
12470 4 2 1 5 1493 1816 2293 2513
12471 4 2 1 5 1151 1158 1150 1648
12472 4 2 1 5 1345 1753 2237 2435
12473 4 2 1 5 1451 2182 1752 2397
12474 4 2 1 5 1427 2045 1707 2437
12475 4 2 1 5 249 254 2165 2362
12476 4 2 1 5 946 970 752 2105
12477 4 2 1 5 849 1977 174 2240
12478 4 2 1 5 51 50 2219 2241
12479 4 2 1 5 1322 1784 1981 2208
12480 4 2 1 5 1580 1961 1740 2262
12481 4 2 1 5 1850 2453 1559 2509
12482 4 2 1 5 1506 2379 1754 2412
12483 4 2 1 5 747 591 960 2074
12484 4 2 1 5 1176 1677 59 2441
12485 4 2 1 5 1207 1215 1213 2094
12486 4 2 1 5 2112 2216 316 2511
12487 4 2 1 5 582 555 554 1883
12488 4 2 1 5 348 437 883 1924
12489 4 2 1 5 1786 2381 1882 2470
12490 4 2 1 5 1395 1692 2140 2470
12491 4 2 1 5 1467 1731 2230 2472
12492 4 2 1 5 1497 1969 1681 2504
12493 4 2 1 5 1418 1872 1806 2257
12494 4 2 1 5 956 923 851 2209
12495 4 2 1 5 1385 1793 2077 2327
12496 4 2 1 5 696 491 872 2428
12497 4 2 1 5 1712 2081 1827 2149
12498 4 2 1 5 549 801 800 2218
12499 4 2 1 5 1437 1772 2274 2330
12500 4 2 1 5 1511 2228 1771 2355
12501 4 2 1 5 1380 1874 2277 2482
12502 4 2 1 5 1357 1906 2383 2389
12503 4 2 1 5 1398 1879 1792 2239
12504 4 2 1 5 1974 2225 1396 2391
12505 4 2 1 5 1457 1625 2279 2477
12506 4 2 1 5 1808 2312 1473 2395
12507 4 2 1 5 1415 1901 2100 2213
12508 4 2 1 5 325 885 260 1982
12509 4 2 1 5 1141 59 60 2441
12510 4 2 1 5 1002 986 300 2338
12511 4 2 1 5 1333 2056 1943 2414
12512 4 2 1 5 1135 1152 1154 2490
12513 4 2 1 5 138 141 148 1928
12514 4 2 1 5 1813 2081 1437 2330
12515 4 2 1 5 358 357 359 1789
12516 4 2 1 5 1989 2088 1507 2484
12517 4 2 1 5 1362 2013 1679 2070
12518 4 2 1 5 904 411 464 1965
12519 4 2 1 5 1144 46 1185 2159
12520 4 2 1 5 40 1854 41 2361
12521 4 2 1 5 1617 2172 2084 2249
12522 4 2 1 5 1663 2194 1443 2196
12523 4 2 1 5 1049 990 633 2267
12524 4 2 1 5 1020 648 614 2091
12525 4 2 1 5 1903 2195 2105 2337
12526 4 2 1 5 1493 2042 1923 2214
12527 4 2 1 5 1063 499 2384 2448
12528 4 2 1 5 1351 2096 2066 2430
12529 4 2 1 5 1469 1777 1940 2283
12530 4 2 1 5 907 452 982 2077
12531 4 2 1 5 2214 2293 1797 2513
12532 4 2 1 5 1903 1549 2195 2337
12533 4 2 1 5 1652 2123 1579 2205
12534 4 2 1 5 996 821 601 1774
12535 4 2 1 5 1741 2260 757 2485
12536 4 2 1 5 1333 2275 1692 2504
12537 4 2 1 5 704 495 1076 1779
12538 4 2 1 5 1823 2291 1452 2409
12539 4 2 1 5 1731 1390 1928 2394
12540 4 2 1 5 1740 2151 1553 2503
12541 4 2 1 5 1441 1947 1937 2435
12542 4 2 1 5 1138 1660 2170 2423
12543 4 2 1 5 1690 2237 1435 2344
12544 4 2 1 5 1664 1549 2384 2448
12545 4 2 1 5 1395 1882 2470 2477
12546 4 2 1 5 945 617 1038 2282
12547 4 2 1 5 1337 2090 1846 2180
12548 4 2 1 5 428 412 848 2256
12549 4 2 1 5 323 2266 321 2455
12550 4 2 1 5 1685 2371 1668 2402
12551 4 2 1 5 1384 2037 2235 2319
12552 4 2 1 5 997 356 358 2177
12553 4 2 1 5 1026 878 607 1976
12554 4 2 1 5 546 710 705 2285
12555 4 2 1 5 1677 2063 1411 2497
12556 4 2 1 5 1115 1116 2201 2308
12557 4 2 1 5 448 2222 447 2284
12558 4 2 1 5 791 469 645 1770
12559 4 2 1 5 1492 1862 1861 2245
12560 4 2 1 5 862 171 863 2108
12561 4 2 1 5 1046 622 706 2312
12562 4 2 1 5 296 298 297 1771
12563 4 2 1 5 708 2323 1045 2463
12564 4 2 1 5 1459 2188 2370 2426
12565 4 2 1 5 1957 2183 1320 2476
12566 4 2 1 5 1323 2193 1680 2352
12567 4 2 1 5 1892 2139 1738 2496
12568 4 2 1 5 1138 54 1159 1660
12569 4 2 1 5 366 1895 367 2186
12570 4 2 1 5 428 1085 981 2415
12571 4 2 1 5 826 825 372 1902
12572 4 2 1 5 478 249 241 2362
12573 4 2 1 5 2039 2229 1360 2311
12574 4 2 1 5 1139 1926 55 2420
12575 4 2 1 5 570 1851 196 2406
12576 4 2 1 5 242 238 479 2273
12577 4 2 1 5 534 978 730 2176
12578 4 2 1 5 374 371 825 2364
12579 4 2 1 5 759 122 954 2102
12580 4 2 1 5 994 723 951 1891
12581 4 2 1 5 1439 1993 1696 2417
12582 4 2 1 5 738 1036 118 2427
12583 4 2 1 5 445 1059 1104 1772
12584 4 2 1 5 2066 2096 1487 2430
12585 4 2 1 5 505 506 546 2285
12586 4 2 1 5 1326 1807 2150 2375
12587 4 2 1 5 1469 2225 1959 2391
12588 4 2 1 5 1112 852 1033 2343
12589 4 2 1 5 1660 2161 1479 2345
12590 4 2 1 5 1390 2006 1744 2332
12591 4 2 1 5 506 1990 546 2285
12592 4 2 1 5 698 1030 699 1833
12593 4 2 1 5 1360 2179 1830 2311
12594 4 2 1 5 2193 2265 1548 2477
12595 4 2 1 5 1960 2174 1489 2422
12596 4 2 1 5 1682 2217 1972 2401
12597 4 2 1 5 1507 2159 1989 2241
12598 4 2 1 5 1079 697 763 1953
12599 4 2 1 5 1647 2370 2188 2426
12600 4 2 1 5 1679 1415 2454 2487
12601 4 2 1 5 1473 1808 2395 2410
12602 4 2 1 5 1399 2000 2032 2431
12603 4 2 1 5 1636 1430 2362 2400
12604 4 2 1 5 1761 1484 2000 2449
12605 4 2 1 5 1069 715 1119 2176
12606 4 2 1 5 2062 2352 1548 2383
12607 4 2 1 5 1658 2215 1897 2414
12608 4 2 1 5 892 518 891 2269
12609 4 2 1 5 1314 2012 1993 2438
12610 4 2 1 5 1188 44 2026 2492
12611 4 2 1 5 261 257 258 1813
12612 4 2 1 5 820 474 312 2196
12613 4 2 1 5 1859 2274 1618 2419
12614 4 2 1 5 1516 2084 2012 2249
12615 4 2 1 5 1440 2202 1860 2482
12616 4 2 1 5 1428 2349 1654 2455
12617 4 2 1 5 892 891 1004 1971
12618 4 2 1 5 702 495 1779 2443
12619 4 2 1 5 1206 1219 1209 1872
12620 4 2 1 5 269 270 268 1802
12621 4 2 1 5 656 668 1074 1925
12622 4 2 1 5 696 1113 491 2428
12623 4 2 1 5 1431 2116 1711 2229
12624 4 2 1 5 1128 701 157 2147
12625 4 2 1 5 1671 1464 2234 2481
12626 4 2 1 5 1427 1707 2139 2437
12627 4 2 1 5 992 645 856 2387
12628 4 2 1 5 1197 1198 1196 1792
12629 4 2 1 5 1320 2183 2141 2476
12630 4 2 1 5 1625 2159 1989 2193
12631 4 2 1 5 516 518 507 2269
12632 4 2 1 5 12 765 766 2093
12633 4 2 1 5 1534 2229 2039 2311
12634 4 2 1 5 1605 1941 1845 2269
12635 4 2 1 5 1174 1182 1143 1985
12636 4 2 1 5 1937 1947 1483 2435
12637 4 2 1 5 370 373 1918 2364
12638 4 2 1 5 182 179 855 1933
12639 4 2 1 5 1395 2470 2140 2477
12640 4 2 1 5 1322 1784 2208 2271
12641 4 2 1 5 280 970 946 2105
12642 4 2 1 5 476 573 475 2310
12643 4 2 1 5 391 908 396 2029
12644 4 2 1 5 1335 1863 2162 2507
12645 4 2 1 5 1320 1957 2099 2245
12646 4 2 1 5 730 728 866 1746
12647 4 2 1 5 1437 2321 1772 2330
12648 4 2 1 5 41 1169 42 1919
12649 4 2 1 5 1153 1974 1151 2319
12650 4 2 1 5 478 2111 249 2362
12651 4 2 1 5 602 712 710 1759
12652 4 2 1 5 1313 1722 2276 2460
12653 4 2 1 5 1487 2122 2096 2246
12654 4 2 1 5 1395 2089 1681 2381
12655 4 2 1 5 162 677 140 2215
12656 4 2 1 5 1401 2167 2413 2450
12657 4 2 1 5 1064 789 1111 1884
12658 4 2 1 5 132 774 125 2478
12659 4 2 1 5 246 802 945 2124
12660 4 2 1 5 1588 2200 1716 2242
12661 4 2 1 5 1463 1683 2382 2475
12662 4 2 1 5 1773 2073 1569 2146
12663 4 2 1 5 249 478 899 2111
12664 4 2 1 5 1384 2235 2292 2319
12665 4 2 1 5 751 1019 618 2384
12666 4 2 1 5 627 600 528 2160
12667 4 2 1 5 1446 2240 1819 2367
12668 4 2 1 5 253 249 254 2165
12669 4 2 1 5 1407 1885 2315 2491
12670 4 2 1 5 253 249 2165 2362
12671 4 2 1 5 390 429 399 2513
12672 4 2 1 5 1650 1442 2287 2464
12673 4 2 1 5 1736 2335 1565 2495
12674 4 2 1 5 1451 2090 1752 2180
12675 4 2 1 5 1846 2090 1451 2180
12676 4 2 1 5 1648 2012 1998 2197
12677 4 2 1 5 1673 2305 1655 2350
12678 4 2 1 5 1607 2008 1916 2242
12679 4 2 1 5 649 648 717 1810
12680 4 2 1 5 882 547 493 2412
12681 4 2 1 5 1408 2144 1725 2302
12682 4 2 1 5 403 401 402 2515
12683 4 2 1 5 1621 2063 1677 2497
12684 4 2 1 5 136 135 134 2318
12685 4 2 1 5 863 159 968 2108
12686 4 2 1 5 1434 2088 1680 2118
12687 4 2 1 5 1424 2212 1685 2365
12688 4 2 1 5 624 623 622 1808
12689 4 2 1 5 33 1888 119 2316
12690 4 2 1 5 211 209 739 1869
12691 4 2 1 5 582 673 555 1883
12692 4 2 1 5 352 2030 350 2479
12693 4 2 1 5 1323 1680 2118 2352
12694 4 2 1 5 1521 1952 1784 2447
12695 4 2 1 5 1711 2039 2029 2229
12696 4 2 1 5 409 407 408 2130
12697 4 2 1 5 214 1970 216 2489
12698 4 2 1 5 1407 2315 2195 2491
12699 4 2 1 5 1732 2198 1471 2499
12700 4 2 1 5 1343 1798 2200 2242
12701 4 2 1 5 188 187 189 2313
12702 4 2 1 5 1216 59 1205 1873
12703 4 2 1 5 575 2169 917 2253
12704 4 2 1 5 15 769 16 1907
12705 4 2 1 5 713 670 962 1948
12706 4 2 1 5 1419 2434 2323 2463
12707 4 2 1 5 1521 2183 1957 2476
12708 4 2 1 5 1524 2125 2184 2341
12709 4 2 1 5 933 1126 738 1710
12710 4 2 1 5 1789 1550 2177 2436
12711 4 2 1 5 1417 2292 1715 2380
12712 4 2 1 5 1533 2121 1769 2456
12713 4 2 1 5 626 986 1002 1805
12714 4 2 1 5 515 835 2045 2278
12715 4 2 1 5 1788 1529 2011 2083
12716 4 2 1 5 21 1055 20 2295
12717 4 2 1 5 423 947 453 1793
12718 4 2 1 5 550 931 316 2112
12719 4 2 1 5 1182 1985 1174 2109
12720 4 2 1 5 609 611 949 1812
12721 4 2 1 5 1553 2014 1820 2503
12722 4 2 1 5 137 139 138 2394
12723 4 2 1 5 452 453 458 2077
12724 4 2 1 5 548 558 2323 2463
12725 4 2 1 5 753 515 1678 2278
12726 4 2 1 5 1411 2368 1677 2497
12727 4 2 1 5 516 811 564 1845
12728 4 2 1 5 471 325 324 1982
12729 4 2 1 5 925 992 162 1897
12730 4 2 1 5 149 789 164 2251
12731 4 2 1 5 2161 2261 1479 2345
12732 4 2 1 5 1656 2088 1989 2484
12733 4 2 1 5 314 315 313 2511
12734 4 2 1 5 406 407 405 2130
12735 4 2 1 5 506 589 684 1990
12736 4 2 1 5 167 169 168 2388
12737 4 2 1 5 1381 2084 2172 2249
12738 4 2 1 5 1048 429 1087 2513
12739 4 2 1 5 745 838 1766 2429
12740 4 2 1 5 1150 1154 1152 1904
12741 4 2 1 5 571 572 691 2404
12742 4 2 1 5 584 1809 865 2429
12743 4 2 1 5 1679 2213 1415 2487
12744 4 2 1 5 685 2341 636 2508
12745 4 2 1 5 1401 2167 2008 2413
12746 4 2 1 5 205 204 199 2336
12747 4 2 1 5 361 363 362 1934
12748 4 2 1 5 1690 1313 2344 2473
12749 4 2 1 5 525 1051 524 1745
12750 4 2 1 5 1489 2174 1817 2492
12751 4 2 1 5 1526 1999 1854 2361
12752 4 2 1 5 1729 2284 1397 2329
12753 4 2 1 5 1497 2470 1692 2504
12754 4 2 1 5 1928 2230 1731 2472
12755 4 2 1 5 1434 2118 1829 2243
12756 4 2 1 5 1139 1926 2420 2452
12757 4 2 1 5 1138 54 1660 2161
12758 4 2 1 5 1673 2105 1407 2305
12759 4 2 1 5 1604 2250 2145 2431
12760 4 2 1 5 1014 294 262 2081
12761 4 2 1 5 1492 2099 1957 2245
12762 4 2 1 5 1639 2213 1679 2487
12763 4 2 1 5 403 424 1975 2515
12764 4 2 1 5 392 388 391 2029
12765 4 2 1 5 731 577 732 2059
12766 4 2 1 5 134 133 109 2318
12767 4 2 1 5 1319 1840 1972 2442
12768 4 2 1 5 1752 2180 1452 2182
12769 4 2 1 5 18 760 17 2049
12770 4 2 1 5 197 196 570 1851
12771 4 2 1 5 1538 2255 1808 2395
12772 4 2 1 5 1556 2292 2235 2319
12773 4 2 1 5 331 1082 745 1766
12774 4 2 1 5 968 594 862 2108
12775 4 2 1 5 849 174 170 2240
12776 4 2 1 5 1412 2429 1809 2460
12777 4 2 1 5 20 1055 121 1814
12778 4 2 1 5 1407 2105 2195 2337
12779 4 2 1 5 484 487 482 1893
12780 4 2 1 5 244 243 245 2416
12781 4 2 1 5 1920 1321 2060 2449
12782 4 2 1 5 667 961 194 2203
12783 4 2 1 5 578 504 306 1877
12784 4 2 1 5 345 883 950 2041
12785 4 2 1 5 1474 2145 2250 2431
12786 4 2 1 5 156 1000 1078 2298
12787 4 2 1 5 119 32 767 1888
12788 4 2 1 5 1513 2045 1678 2515
12789 4 2 1 5 1167 1143 1188 2492
12790 4 2 1 5 529 2437 1738 2461
12791 4 2 1 5 1522 2122 1849 2246
12792 4 2 1 5 1923 2222 1397 2284
12793 4 2 1 5 253 248 249 2362
12794 4 2 1 5 822 660 658 2471
12795 4 2 1 5 1177 1730 1147 2236
12796 4 2 1 5 911 676 1093 2146
12797 4 2 1 5 713 686 1948 2439
12798 4 2 1 5 129 10 110 2154
12799 4 2 1 5 783 784 782 1861
12800 4 2 1 5 1445 1926 2135 2454
12801 4 2 1 5 1035 114 2049 2485
12802 4 2 1 5 724 605 725 2018
12803 4 2 1 5 775 684 1029 1990
12804 4 2 1 5 776 494 777 1992
12805 4 2 1 5 1084 615 994 1891
12806 4 2 1 5 2 9 1115 2308
12807 4 2 1 5 1314 1998 1993 2012
12808 4 2 1 5 280 282 281 2305
12809 4 2 1 5 1365 1784 1952 2447
12810 4 2 1 5 926 976 301 2355
12811 4 2 1 5 1545 2358 1749 2385
12812 4 2 1 5 226 300 230 2338
12813 4 2 1 5 111 1809 1 2316
12814 4 2 1 5 939 772 120 1886
12815 4 2 1 5 2023 1436 2252 2404
12816 4 2 1 5 1412 1766 2429 2460
12817 4 2 1 5 246 802 2124 2416
12818 4 2 1 5 509 510 1967 2433
12819 4 2 1 5 1794 2256 1576 2415
12820 4 2 1 5 108 770 989 1749
12821 4 2 1 5 241 240 2143 2509
12822 4 2 1 5 462 977 563 2076
12823 4 2 1 5 843 1002 300 2338
12824 4 2 1 5 1457 2113 1836 2279
12825 4 2 1 5 1404 2131 1778 2494
12826 4 2 1 5 181 182 185 2157
12827 4 2 1 5 1513 2220 1975 2515
12828 4 2 1 5 1440 2202 1800 2402
12829 4 2 1 5 314 1076 495 2511
12830 4 2 1 5 119 1888 1092 2018
12831 4 2 1 5 43 1188 2026 2492
12832 4 2 1 5 2283 2382 1344 2475
12833 4 2 1 5 2158 2241 1509 2506
12834 4 2 1 5 1214 1208 1212 1832
12835 4 2 1 5 711 1125 1005 1703
12836 4 2 1 5 767 1092 119 1888
12837 4 2 1 5 1666 2273 1847 2326
12838 4 2 1 5 110 289 2154 2500
12839 4 2 1 5 536 580 592 1868
12840 4 2 1 5 549 799 465 2218
12841 4 2 1 5 729 728 1746 2309
12842 4 2 1 5 1138 2170 1158 2423
12843 4 2 1 5 1993 2012 1516 2438
12844 4 2 1 5 1437 2274 1994 2419
12845 4 2 1 5 740 679 675 2050
12846 4 2 1 5 1139 55 56 2420
12847 4 2 1 5 343 349 347 1922
12848 4 2 1 5 977 621 741 1787
12849 4 2 1 5 808 552 535 1857
12850 4 2 1 5 755 756 758 2260
12851 4 2 1 5 130 125 26 2052
12852 4 2 1 5 627 569 715 2160
12853 4 2 1 5 659 958 657 2014
12854 4 2 1 5 360 361 362 1934
12855 4 2 1 5 1177 1166 2133 2175
12856 4 2 1 5 649 1810 717 2278
12857 4 2 1 5 199 204 183 2336
12858 4 2 1 5 1821 2192 1592 2382
12859 4 2 1 5 1695 1384 2292 2319
12860 4 2 1 5 1026 1058 878 1976
12861 4 2 1 5 1151 1974 2037 2319
12862 4 2 1 5 1193 39 40 2034
12863 4 2 1 5 1744 2230 1390 2332
12864 4 2 1 5 216 214 498 1970
12865 4 2 1 5 858 859 479 2273
12866 4 2 1 5 1861 1862 1462 2245
12867 4 2 1 5 52 1140 1959 2225
12868 4 2 1 5 1467 2230 2016 2472
12869 4 2 1 5 924 2433 1778 2498
12870 4 2 1 5 601 705 2125 2285
12871 4 2 1 5 17 108 18 2126
12872 4 2 1 5 793 795 796 2092
12873 4 2 1 5 1441 1753 2258 2435
12874 4 2 1 5 325 532 533 2395
12875 4 2 1 5 753 515 402 1678
12876 4 2 1 5 2433 2494 1778 2498
12877 4 2 1 5 173 178 897 2314
12878 4 2 1 5 1045 708 548 2323
12879 4 2 1 5 1538 2395 1808 2410
12880 4 2 1 5 713 117 686 2439
12881 4 2 1 5 1503 2105 1903 2195
12882 4 2 1 5 1668 2262 1860 2368
12883 4 2 1 5 513 512 1966 1967
12884 4 2 1 5 1110 1039 451 2125
12885 4 2 1 5 529 937 2437 2461
12886 4 2 1 5 450 421 2044 2300
12887 4 2 1 5 1817 2026 1489 2492
12888 4 2 1 5 57 1214 58 2467
12889 4 2 1 5 1958 2494 1586 2498
12890 4 2 1 5 1469 1831 2225 2391
12891 4 2 1 5 323 331 330 2266
12892 4 2 1 5 809 2323 2027 2434
12893 4 2 1 5 1503 2195 1903 2376
12894 4 2 1 5 676 1083 595 2146
12895 4 2 1 5 506 334 589 2048
12896 4 2 1 5 1399 2112 1779 2511
12897 4 2 1 5 370 371 373 2364
12898 4 2 1 5 1381 2012 2084 2249
12899 4 2 1 5 118 737 736 2181
12900 4 2 1 5 956 207 213 2351
12901 4 2 1 5 772 771 120 2317
12902 4 2 1 5 460 459 497 2327
12903 4 2 1 5 1900 2156 1480 2281
12904 4 2 1 5 1141 1177 1186 2441
12905 4 2 1 5 2007 2189 1697 2407
12906 4 2 1 5 670 686 541 1948
12907 4 2 1 5 1916 2008 1482 2242
12908 4 2 1 5 1479 2261 1783 2345
12909 4 2 1 5 988 381 780 1896
12910 4 2 1 5 731 581 498 2059
12911 4 2 1 5 782 381 783 1861
12912 4 2 1 5 327 318 328 2079
12913 4 2 1 5 1974 1556 2235 2319
12914 4 2 1 5 176 849 169 2240
12915 4 2 1 5 1463 1683 2226 2382
12916 4 2 1 5 1055 1128 121 1814
12917 4 2 1 5 1459 2215 1824 2318
12918 4 2 1 5 43 1188 44 2026
12919 4 2 1 5 1137 1179 57 2402
12920 4 2 1 5 1136 40 1157 2418
12921 4 2 1 5 835 1072 719 2437
12922 4 2 1 5 912 243 242 2263
12923 4 2 1 5 263 264 262 2081
12924 4 2 1 5 1497 1681 2381 2504
12925 4 2 1 5 915 385 907 1844
12926 4 2 1 5 528 504 568 2189
12927 4 2 1 5 806 552 808 1857
12928 4 2 1 5 223 225 1032 2488
12929 4 2 1 5 53 1138 1153 2161
12930 4 2 1 5 957 646 1082 1858
12931 4 2 1 5 1385 2077 1862 2327
12932 4 2 1 5 1170 1147 1730 1954
12933 4 2 1 5 634 1034 944 2407
12934 4 2 1 5 1721 1439 2152 2374
12935 4 2 1 5 45 44 1143 2004
12936 4 2 1 5 1957 2099 1492 2366
12937 4 2 1 5 600 942 851 2209
12938 4 2 1 5 1795 2253 1454 2393
12939 4 2 1 5 1685 2119 1416 2207
12940 4 2 1 5 914 354 433 2252
12941 4 2 1 5 1493 2339 1729 2399
12942 4 2 1 5 742 108 743 2126
12943 4 2 1 5 824 407 461 2058
12944 4 2 1 5 609 610 611 1812
12945 4 2 1 5 30 1036 128 2427
12946 4 2 1 5 289 293 928 2128
12947 4 2 1 5 350 1922 349 2479
12948 4 2 1 5 1186 1177 1166 2133
12949 4 2 1 5 696 872 973 2428
12950 4 2 1 5 664 827 830 2468
12951 4 2 1 5 950 883 588 2041
12952 4 2 1 5 29 759 28 2102
12953 4 2 1 5 457 500 501 2248
12954 4 2 1 5 799 422 465 1986
12955 4 2 1 5 989 612 1122 1978
12956 4 2 1 5 746 289 928 2128
12957 4 2 1 5 733 672 951 2038
12958 4 2 1 5 1070 2044 414 2256
12959 4 2 1 5 828 666 979 1915
12960 4 2 1 5 1363 1702 2410 2459
12961 4 2 1 5 1653 2237 1435 2408
12962 4 2 1 5 637 734 980 2149
12963 4 2 1 5 1719 2454 1415 2487
12964 4 2 1 5 464 1041 929 1965
12965 4 2 1 5 2049 2126 1546 2385
12966 4 2 1 5 43 1817 1188 2492
12967 4 2 1 5 546 506 775 1990
12968 4 2 1 5 1314 1998 2012 2197
12969 4 2 1 5 963 714 558 2463
12970 4 2 1 5 1565 2339 1971 2399
12971 4 2 1 5 1118 735 785 2379
12972 4 2 1 5 432 455 861 2025
12973 4 2 1 5 1648 2197 1998 2235
12974 4 2 1 5 1581 2167 2033 2450
12975 4 2 1 5 1216 1207 61 2094
12976 4 2 1 5 248 241 249 2362
12977 4 2 1 5 475 573 909 2310
12978 4 2 1 5 118 1036 29 2427
12979 4 2 1 5 1820 2014 1567 2503
12980 4 2 1 5 1609 2487 1994 2512
12981 4 2 1 5 683 1079 876 2356
12982 4 2 1 5 129 746 112 1927
12983 4 2 1 5 1701 2336 1734 2444
12984 4 2 1 5 310 462 2076 2433
12985 4 2 1 5 1206 1213 1211 1872
12986 4 2 1 5 2032 2320 1604 2431
12987 4 2 1 5 314 313 2085 2511
12988 4 2 1 5 1344 2283 1821 2382
12989 4 2 1 5 364 381 988 1896
12990 4 2 1 5 1556 2225 1974 2391
12991 4 2 1 5 53 52 1206 1806
12992 4 2 1 5 564 565 518 2335
12993 4 2 1 5 267 265 921 2321
12994 4 2 1 5 1572 2103 2097 2408
12995 4 2 1 5 226 843 300 2338
12996 4 2 1 5 880 1107 633 1912
12997 4 2 1 5 711 451 705 2125
12998 4 2 1 5 697 973 1106 2439
12999 4 2 1 5 866 2157 1746 2309
13000 4 2 1 5 1364 2084 1859 2419
13001 4 2 1 5 495 704 702 1779
13002 4 2 1 5 1493 2293 2214 2513
13003 4 2 1 5 678 523 868 1773
13004 4 2 1 5 602 710 775 1759
13005 4 2 1 5 354 356 433 2252
13006 4 2 1 5 1208 55 1218 1913
13007 4 2 1 5 938 1112 673 1850
13008 4 2 1 5 638 186 174 1977
13009 4 2 1 5 1554 2288 1767 2364
13010 4 2 1 5 511 509 510 1967
13011 4 2 1 5 217 216 2010 2489
13012 4 2 1 5 1462 1991 1861 2245
13013 4 2 1 5 1083 595 2146 2483
13014 4 2 1 5 154 1044 155 2103
13015 4 2 1 5 1401 2008 2148 2413
13016 4 2 1 5 634 512 1034 2407
13017 4 2 1 5 1636 2453 1850 2509
13018 4 2 1 5 1473 2410 1702 2459
13019 4 2 1 5 310 509 462 2433
13020 4 2 1 5 209 210 206 1782
13021 4 2 1 5 1344 2382 1683 2475
13022 4 2 1 5 1624 2073 1773 2146
13023 4 2 1 5 517 637 882 1880
13024 4 2 1 5 1440 1835 2202 2482
13025 4 2 1 5 1509 2241 1870 2484
13026 4 2 1 5 567 565 566 2335
13027 4 2 1 5 478 959 1021 2111
13028 4 2 1 5 1192 1194 1198 2002
13029 4 2 1 5 1511 2076 2131 2228
13030 4 2 1 5 441 341 339 2325
13031 4 2 1 5 1128 936 121 2223
13032 4 2 1 5 1396 1831 2161 2261
13033 4 2 1 5 751 537 752 1903
13034 4 2 1 5 644 912 965 2263
13035 4 2 1 5 495 953 550 2112
13036 4 2 1 5 719 529 937 2437
13037 4 2 1 5 1503 1950 2195 2376
13038 4 2 1 5 1857 2027 1419 2434
13039 4 2 1 5 1993 1998 1439 2012
13040 4 2 1 5 1164 1165 1163 2371
13041 4 2 1 5 593 246 598 1867
13042 4 2 1 5 165 166 632 2243
13043 4 2 1 5 1396 2161 1974 2423
13044 4 2 1 5 548 2323 708 2463
13045 4 2 1 5 1412 2107 1868 2429
13046 4 2 1 5 366 365 367 1895
13047 4 2 1 5 2233 2294 1559 2453
13048 4 2 1 5 2177 2252 1436 2404
13049 4 2 1 5 1016 482 487 2386
13050 4 2 1 5 1168 1145 1172 1786
13051 4 2 1 5 32 119 33 1888
13052 4 2 1 5 790 151 164 2251
13053 4 2 1 5 448 447 490 2284
13054 4 2 1 5 795 2092 794 2493
13055 4 2 1 5 303 302 255 2226
13056 4 2 1 5 1411 2262 2368 2497
13057 4 2 1 5 1876 2301 1542 2372
13058 4 2 1 5 854 441 1056 1815
13059 4 2 1 5 316 495 2112 2511
13060 4 2 1 5 809 342 808 2027
13061 4 2 1 5 835 404 515 2045
13062 4 2 1 5 538 446 448 2222
13063 4 2 1 5 479 965 242 2263
13064 4 2 1 5 1445 2135 1926 2420
13065 4 2 1 5 1722 2276 1400 2510
13066 4 2 1 5 1417 2292 1695 2442
13067 4 2 1 5 1994 2100 1639 2487
13068 4 2 1 5 1534 2029 2039 2229
13069 4 2 1 5 303 304 302 2226
13070 4 2 1 5 838 530 2107 2429
13071 4 2 1 5 530 419 838 2107
13072 4 2 1 5 301 1037 807 2355
13073 4 2 1 5 797 2092 795 2493
13074 4 2 1 5 149 148 141 2472
13075 4 2 1 5 797 795 794 2493
13076 4 2 1 5 591 928 335 2128
13077 4 2 1 5 1126 128 1036 2427
13078 4 2 1 5 778 571 773 2404
13079 4 2 1 5 886 1121 680 2244
13080 4 2 1 5 1458 2035 2009 2465
13081 4 2 1 5 318 327 251 2079
13082 4 2 1 5 149 2251 151 2472
13083 4 2 1 5 1534 2039 1944 2311
13084 4 2 1 5 1182 2109 49 2457
13085 4 2 1 5 314 313 307 2085
13086 4 2 1 5 143 145 144 1871
13087 4 2 1 5 150 2016 987 2472
13088 4 2 1 5 1091 700 1054 1803
13089 4 2 1 5 603 604 592 2106
13090 4 2 1 5 1095 740 544 2050
13091 4 2 1 5 1322 2208 2174 2271
13092 4 2 1 5 345 340 341 2325
13093 4 2 1 5 520 521 486 2022
13094 4 2 1 5 272 288 813 1843
13095 4 2 1 5 1027 427 399 2339
13096 4 2 1 5 1170 1954 1730 2377
13097 4 2 1 5 1107 880 812 1912
13098 4 2 1 5 52 1153 1140 2225
13099 4 2 1 5 507 518 892 2269
13100 4 2 1 5 11 112 12 1927
13101 4 2 1 5 1058 538 448 2222
13102 4 2 1 5 2174 2271 1694 2422
13103 4 2 1 5 1778 2433 1404 2494
13104 4 2 1 5 1445 2420 1926 2452
13105 4 2 1 5 1947 2258 1441 2445
13106 4 2 1 5 995 815 1081 1932
13107 4 2 1 5 20 19 126 1894
13108 4 2 1 5 901 629 1065 1944
13109 4 2 1 5 1139 2420 56 2452
13110 4 2 1 5 2272 2353 1612 2428
13111 4 2 1 5 575 918 917 2169
13112 4 2 1 5 513 511 512 1967
13113 4 2 1 5 696 682 1113 2428
13114 4 2 1 5 24 962 25 1898
13115 4 2 1 5 248 852 332 2509
13116 4 2 1 5 1011 664 830 2346
13117 4 2 1 5 142 925 162 1897
13118 4 2 1 5 500 2248 336 2323
13119 4 2 1 5 290 741 286 2046
13120 4 2 1 5 1003 557 816 1818
13121 4 2 1 5 241 248 240 2509
13122 4 2 1 5 313 269 307 2085
13123 4 2 1 5 951 1084 994 1891
13124 4 2 1 5 780 553 2354 2469
13125 4 2 1 5 1520 2340 2124 2416
13126 4 2 1 5 487 484 890 1893
13127 4 2 1 5 53 1210 54 2071
13128 4 2 1 5 259 253 257 2165
13129 4 2 1 5 515 1072 835 2278
13130 4 2 1 5 745 838 331 1766
13131 4 2 1 5 369 2186 830 2468
13132 4 2 1 5 1407 2305 2105 2337
13133 4 2 1 5 760 1035 114 2049
13134 4 2 1 5 676 911 1083 2146
13135 4 2 1 5 727 1115 1116 2201
13136 4 2 1 5 568 2189 681 2407
13137 4 2 1 5 991 641 948 2444
13138 4 2 1 5 920 1030 589 2048
13139 4 2 1 5 473 530 536 2107
13140 4 2 1 5 693 1037 694 1841
13141 4 2 1 5 404 835 406 2045
13142 4 2 1 5 113 1057 22 2270
13143 4 2 1 5 1695 2292 2138 2442
13144 4 2 1 5 800 799 549 2218
13145 4 2 1 5 366 367 368 2186
13146 4 2 1 5 2174 2422 1694 2492
13147 4 2 1 5 1060 891 631 2495
13148 4 2 1 5 857 394 417 2011
13149 4 2 1 5 1731 1467 2251 2472
13150 4 2 1 5 291 276 812 1822
13151 4 2 1 5 1351 2047 2096 2430
13152 4 2 1 5 1338 1860 2262 2497
13153 4 2 1 5 1428 1917 2349 2455
13154 4 2 1 5 214 215 213 2489
13155 4 2 1 5 949 1122 612 1978
13156 4 2 1 5 414 1070 421 2044
13157 4 2 1 5 1019 291 1090 2337
13158 4 2 1 5 1099 695 822 2471
13159 4 2 1 5 403 424 846 1975
13160 4 2 1 5 264 265 266 2321
13161 4 2 1 5 1479 2161 1831 2261
13162 4 2 1 5 1184 1954 1170 2377
13163 4 2 1 5 1110 685 1039 2341
13164 4 2 1 5 747 746 591 2074
13165 4 2 1 5 971 329 338 2347
13166 4 2 1 5 626 623 625 2255
13167 4 2 1 5 617 945 802 2124
13168 4 2 1 5 997 1102 433 2252
13169 4 2 1 5 1407 2195 1950 2491
13170 4 2 1 5 217 215 216 2489
13171 4 2 1 5 832 964 834 2129
13172 4 2 1 5 350 347 349 1922
13173 4 2 1 5 1152 1135 38 2490
13174 4 2 1 5 1427 2278 2045 2437
13175 4 2 1 5 1993 1998 1651 2417
13176 4 2 1 5 786 1129 787 2069
13177 4 2 1 5 1135 1157 39 1909
13178 4 2 1 5 962 670 1075 2127
13179 4 2 1 5 1473 2312 1808 2459
13180 4 2 1 5 808 535 619 1857
13181 4 2 1 5 396 434 400 2328
13182 4 2 1 5 720 913 914 2514
13183 4 2 1 5 1507 2241 1989 2484
13184 4 2 1 5 2013 2451 1719 2454
13185 4 2 1 5 290 286 287 2046
13186 4 2 1 5 849 638 174 1977
13187 4 2 1 5 301 976 1037 2355
13188 4 2 1 5 2345 2398 1660 2425
13189 4 2 1 5 12 766 11 2093
13190 4 2 1 5 1436 2252 2177 2436
13191 4 2 1 5 1441 2002 1879 2019
13192 4 2 1 5 1774 2125 1405 2285
13193 4 2 1 5 757 2260 114 2485
13194 4 2 1 5 111 865 1024 1809
13195 4 2 1 5 1906 1548 2352 2383
13196 4 2 1 5 529 473 888 2461
13197 4 2 1 5 140 972 135 2215
13198 4 2 1 5 794 795 793 2092
13199 4 2 1 5 511 510 512 1967
13200 4 2 1 5 1415 2213 2100 2487
13201 4 2 1 5 1324 2258 1753 2359
13202 4 2 1 5 417 394 395 2011
13203 4 2 1 5 667 1064 1111 1884
13204 4 2 1 5 1522 2246 1849 2474
13205 4 2 1 5 436 437 348 1924
13206 4 2 1 5 1188 1143 44 2492
13207 4 2 1 5 496 963 708 2463
13208 4 2 1 5 909 573 1006 2310
13209 4 2 1 5 450 449 421 2300
13210 4 2 1 5 424 695 846 1975
13211 4 2 1 5 534 1069 1119 2176
13212 4 2 1 5 697 1106 1953 2439
13213 4 2 1 5 1159 1156 1138 2170
13214 4 2 1 5 2100 2213 1639 2487
13215 4 2 1 5 1080 1085 848 2415
13216 4 2 1 5 952 763 697 1953
13217 4 2 1 5 435 744 1123 2232
13218 4 2 1 5 1187 1145 1168 1786
13219 4 2 1 5 583 560 547 2412
13220 4 2 1 5 879 656 1074 1925
13221 4 2 1 5 250 912 902 1910
13222 4 2 1 5 1316 2114 1839 2353
13223 4 2 1 5 702 953 495 2443
13224 4 2 1 5 619 808 1857 2434
13225 4 2 1 5 799 800 794 2493
13226 4 2 1 5 585 841 198 2040
13227 4 2 1 5 402 400 753 2328
13228 4 2 1 5 570 196 707 2406
13229 4 2 1 5 916 352 350 2479
13230 4 2 1 5 542 685 636 2508
13231 4 2 1 5 428 1070 414 2256
13232 4 2 1 5 453 459 458 2327
13233 4 2 1 5 671 733 1089 2038
13234 4 2 1 5 351 350 352 2030
13235 4 2 1 5 1592 2226 1911 2382
13236 4 2 1 5 312 444 305 2196
13237 4 2 1 5 2009 2035 1601 2465
13238 4 2 1 5 988 780 779 2354
13239 4 2 1 5 416 1022 967 2051
13240 4 2 1 5 2193 2279 1625 2477
13241 4 2 1 5 1475 2241 2158 2506
13242 4 2 1 5 1134 1149 1150 2037
13243 4 2 1 5 1646 2341 2184 2508
13244 4 2 1 5 947 857 642 1876
13245 4 2 1 5 2033 2167 1525 2450
13246 4 2 1 5 847 1035 632 2485
13247 4 2 1 5 127 2201 1958 2308
13248 4 2 1 5 1839 2114 1612 2353
13249 4 2 1 5 1683 1911 2226 2382
13250 4 2 1 5 720 1010 692 2023
13251 4 2 1 5 1153 1151 1140 2319
13252 4 2 1 5 1176 1186 1164 2133
13253 4 2 1 5 1719 1362 2487 2512
13254 4 2 1 5 594 187 862 2313
13255 4 2 1 5 895 317 931 2216
13256 4 2 1 5 1182 3 45 2457
13257 4 2 1 5 9 2308 2 2500
13258 4 2 1 5 1177 1170 1147 1730
13259 4 2 1 5 1418 2303 2219 2421
13260 4 2 1 5 1598 2353 2272 2428
13261 4 2 1 5 575 917 470 2253
13262 4 2 1 5 367 830 369 2186
13263 4 2 1 5 1314 1993 1956 2438
13264 4 2 1 5 584 745 1024 2429
13265 4 2 1 5 481 894 641 2444
13266 4 2 1 5 380 873 1011 2346
13267 4 2 1 5 500 336 548 2323
13268 4 2 1 5 642 857 439 1876
13269 4 2 1 5 114 17 760 2049
13270 4 2 1 5 948 894 188 2444
13271 4 2 1 5 716 727 978 2201
13272 4 2 1 5 1860 2368 2262 2497
13273 4 2 1 5 555 673 1101 2360
13274 4 2 1 5 14 123 13 2098
13275 4 2 1 5 398 426 446 1923
13276 4 2 1 5 1447 2428 1953 2439
13277 4 2 1 5 1177 1141 1170 1730
13278 4 2 1 5 1322 2271 2174 2422
13279 4 2 1 5 1071 893 191 2309
13280 4 2 1 5 1045 2323 809 2434
13281 4 2 1 5 372 825 371 1902
13282 4 2 1 5 51 52 1140 1959
13283 4 2 1 5 952 21 763 2295
13284 4 2 1 5 924 510 2433 2498
13285 4 2 1 5 880 618 1090 2448
13286 4 2 1 5 150 987 148 2472
13287 4 2 1 5 600 850 503 1929
13288 4 2 1 5 1062 1022 840 2101
13289 4 2 1 5 956 851 942 2209
13290 4 2 1 5 1859 2084 1364 2400
13291 4 2 1 5 604 750 981 2106
13292 4 2 1 5 682 696 683 2428
13293 4 2 1 5 1363 2410 1808 2459
13294 4 2 1 5 238 234 858 2273
13295 4 2 1 5 610 608 682 2272
13296 4 2 1 5 1865 2183 1521 2476
13297 4 2 1 5 1473 1808 2410 2459
13298 4 2 1 5 35 34 1947 2445
13299 4 2 1 5 735 283 723 2379
13300 4 2 1 5 584 1024 1809 2429
13301 4 2 1 5 1182 1174 49 2109
13302 4 2 1 5 1151 1172 1140 2319
13303 4 2 1 5 1504 2155 2162 2254
13304 4 2 1 5 427 1004 1060 2339
13305 4 2 1 5 169 170 168 2240
13306 4 2 1 5 1363 2291 1823 2409
13307 4 2 1 5 738 1126 1036 2427
13308 4 2 1 5 1138 1156 1158 2170
13309 4 2 1 5 866 185 730 2157
13310 4 2 1 5 847 632 2243 2485
13311 4 2 1 5 1134 1150 1152 2374
13312 4 2 1 5 447 889 492 2284
13313 4 2 1 5 20 763 21 2295
13314 4 2 1 5 1192 1200 1201 2003
13315 4 2 1 5 556 886 1094 2244
13316 4 2 1 5 323 330 329 2266
13317 4 2 1 5 997 433 356 2252
13318 4 2 1 5 2 127 1958 2308
13319 4 2 1 5 58 1205 59 1873
13320 4 2 1 5 454 917 714 2301
13321 4 2 1 5 697 696 973 2428
13322 4 2 1 5 111 1024 1 1809
13323 4 2 1 5 231 818 817 1905
13324 4 2 1 5 317 316 931 2216
13325 4 2 1 5 350 349 442 2479
13326 4 2 1 5 110 289 129 2154
13327 4 2 1 5 754 33 119 2316
13328 4 2 1 5 650 721 1018 2024
13329 4 2 1 5 642 714 963 2301
13330 4 2 1 5 214 803 498 1970
13331 4 2 1 5 787 842 271 2069
13332 4 2 1 5 739 209 556 1869
13333 4 2 1 5 967 839 416 2051
13334 4 2 1 5 738 118 736 2181
13335 4 2 1 5 2241 2484 1509 2506
13336 4 2 1 5 465 422 449 1986
13337 4 2 1 5 815 995 595 2483
13338 4 2 1 5 1141 1186 1176 2441
13339 4 2 1 5 926 296 295 2228
13340 4 2 1 5 1439 1998 1993 2417
13341 4 2 1 5 776 777 578 1992
13342 4 2 1 5 649 717 753 2278
13343 4 2 1 5 366 364 365 1895
13344 4 2 1 5 601 505 546 2285
13345 4 2 1 5 129 11 10 1927
13346 4 2 1 5 1198 1194 1191 2002
13347 4 2 1 5 1649 2314 1741 2462
13348 4 2 1 5 139 160 141 2394
13349 4 2 1 5 499 514 2117 2448
13350 4 2 1 5 601 705 1039 2125
13351 4 2 1 5 712 602 1101 2360
13352 4 2 1 5 1127 824 461 2058
13353 4 2 1 5 221 223 247 2488
13354 4 2 1 5 135 934 133 2318
13355 4 2 1 5 749 772 939 1886
13356 4 2 1 5 404 405 403 2515
13357 4 2 1 5 893 966 596 2055
13358 4 2 1 5 1164 1166 1165 2133
13359 4 2 1 5 757 847 1040 2485
13360 4 2 1 5 148 788 138 1928
13361 4 2 1 5 1625 2193 1989 2279
13362 4 2 1 5 513 672 671 2038
13363 4 2 1 5 460 502 781 2469
13364 4 2 1 5 190 193 203 1946
13365 4 2 1 5 18 742 19 2126
13366 4 2 1 5 729 866 728 2309
13367 4 2 1 5 468 941 1046 2312
13368 4 2 1 5 1112 938 332 1850
13369 4 2 1 5 623 884 533 2255
13370 4 2 1 5 490 872 491 1938
13371 4 2 1 5 820 996 542 2508
13372 4 2 1 5 489 514 588 2117
13373 4 2 1 5 466 449 816 2300
13374 4 2 1 5 1317 2100 2172 2287
13375 4 2 1 5 27 130 26 2052
13376 4 2 1 5 110 10 9 2308
13377 4 2 1 5 1176 2133 1164 2368
13378 4 2 1 5 529 719 718 2437
13379 4 2 1 5 606 598 702 2443
13380 4 2 1 5 399 398 390 2214
13381 4 2 1 5 1004 801 892 1971
13382 4 2 1 5 352 354 351 2030
13383 4 2 1 5 256 217 837 2010
13384 4 2 1 5 323 321 322 2455
13385 4 2 1 5 1169 1133 42 1919
13386 4 2 1 5 581 732 935 2059
13387 4 2 1 5 115 11 766 2093
13388 4 2 1 5 168 2243 166 2388
13389 4 2 1 5 909 1114 1038 2282
13390 4 2 1 5 316 495 550 2112
13391 4 2 1 5 1089 733 285 2350
13392 4 2 1 5 1209 51 50 2219
13393 4 2 1 5 474 517 493 2194
13394 4 2 1 5 310 462 309 2076
13395 4 2 1 5 321 320 322 2455
13396 4 2 1 5 527 555 602 2360
13397 4 2 1 5 861 455 609 2025
13398 4 2 1 5 137 131 934 1973
13399 4 2 1 5 1323 1989 2193 2279
13400 4 2 1 5 614 628 540 2091
13401 4 2 1 5 930 2 2498 2500
13402 4 2 1 5 681 568 576 2189
13403 4 2 1 5 49 1174 48 2109
13404 4 2 1 5 971 431 1020 2347
13405 4 2 1 5 334 920 589 2048
13406 4 2 1 5 563 309 462 2076
13407 4 2 1 5 886 680 1094 2244
13408 4 2 1 5 817 1012 443 2123
13409 4 2 1 5 1063 2384 618 2448
13410 4 2 1 5 36 1148 1134 2397
13411 4 2 1 5 661 664 873 2346
13412 4 2 1 5 601 546 705 2285
13413 4 2 1 5 1518 2202 1835 2482
13414 4 2 1 5 1019 752 970 2337
13415 4 2 1 5 1555 2135 1926 2454
13416 4 2 1 5 697 683 696 2428
13417 4 2 1 5 25 774 24 1898
13418 4 2 1 5 378 382 379 1951
13419 4 2 1 5 241 240 235 2143
13420 4 2 1 5 1072 718 719 2437
13421 4 2 1 5 1049 288 969 2267
13422 4 2 1 5 746 928 591 2128
13423 4 2 1 5 809 299 342 2027
13424 4 2 1 5 972 140 677 2215
13425 4 2 1 5 548 809 1045 2323
13426 4 2 1 5 745 584 838 2429
13427 4 2 1 5 598 945 953 2443
13428 4 2 1 5 40 41 1199 2361
13429 4 2 1 5 150 149 151 2472
13430 4 2 1 5 735 583 785 2379
13431 4 2 1 5 903 932 1108 2288
13432 4 2 1 5 1148 1149 1134 2397
13433 4 2 1 5 1140 1171 51 2001
13434 4 2 1 5 246 245 802 2416
13435 4 2 1 5 580 530 584 2429
13436 4 2 1 5 780 781 553 2469
13437 4 2 1 5 1113 682 878 2272
13438 4 2 1 5 1176 1164 1137 2368
13439 4 2 1 5 1632 2172 2100 2287
13440 4 2 1 5 1952 2083 1365 2447
13441 4 2 1 5 757 756 114 2260
13442 4 2 1 5 1835 2231 1334 2376
13443 4 2 1 5 504 576 568 2189
13444 4 2 1 5 1001 1065 629 1944
13445 4 2 1 5 1206 1209 1213 1872
13446 4 2 1 5 278 291 970 2337
13447 4 2 1 5 816 450 974 2300
13448 4 2 1 5 1191 36 37 2019
13449 4 2 1 5 1078 762 1044 2103
13450 4 2 1 5 834 964 927 2129
13451 4 2 1 5 531 1050 575 2253
13452 4 2 1 5 1340 1849 2246 2474
13453 4 2 1 5 668 657 958 2014
13454 4 2 1 5 55 1208 56 1913
13455 4 2 1 5 442 679 916 2479
13456 4 2 1 5 952 697 1106 1953
13457 4 2 1 5 1178 1165 1169 2371
13458 4 2 1 5 978 534 1119 2176
13459 4 2 1 5 681 943 513 1966
13460 4 2 1 5 577 205 1016 2386
13461 4 2 1 5 207 200 212 2351
13462 4 2 1 5 278 280 279 2305
13463 4 2 1 5 241 235 869 2143
13464 4 2 1 5 1023 987 150 2016
13465 4 2 1 5 58 1176 1137 2368
13466 4 2 1 5 1060 1052 889 2495
13467 4 2 1 5 167 166 163 2388
13468 4 2 1 5 390 398 389 2214
13469 4 2 1 5 690 944 127 1958
13470 4 2 1 5 562 344 913 2514
13471 4 2 1 5 414 413 412 2256
13472 4 2 1 5 1023 113 987 2016
13473 4 2 1 5 265 267 266 2321
13474 4 2 1 5 340 339 341 2325
13475 4 2 1 5 216 837 217 2010
13476 4 2 1 5 1097 904 929 1965
13477 4 2 1 5 112 747 748 2074
13478 4 2 1 5 2027 2323 1419 2434
13479 4 2 1 5 681 1966 512 2407
13480 4 2 1 5 444 312 474 2196
13481 4 2 1 5 149 164 151 2251
13482 4 2 1 5 999 156 955 2298
13483 4 2 1 5 1516 2400 2294 2453
13484 4 2 1 5 1014 480 734 2149
13485 4 2 1 5 1063 618 499 2448
13486 4 2 1 5 419 530 473 2107
13487 4 2 1 5 486 519 520 2022
13488 4 2 1 5 761 33 1 2316
13489 4 2 1 5 1318 2119 2212 2365
13490 4 2 1 5 30 29 1036 2427
13491 4 2 1 5 408 407 406 2130
13492 4 2 1 5 402 404 403 2515
13493 4 2 1 5 758 596 966 2055
13494 4 2 1 5 798 932 993 2288
13495 4 2 1 5 472 871 545 2290
13496 4 2 1 5 195 198 841 2040
13497 4 2 1 5 1170 1184 1146 1954
13498 4 2 1 5 324 325 260 1982
13499 4 2 1 5 450 421 1070 2044
13500 4 2 1 5 1087 429 845 2513
13501 4 2 1 5 1334 2195 2315 2491
13502 4 2 1 5 333 1007 844 2115
13503 4 2 1 5 691 692 1010 2023
13504 4 2 1 5 172 170 173 2314
13505 4 2 1 5 1072 717 718 2278
13506 4 2 1 5 682 608 878 2272
13507 4 2 1 5 122 759 29 2102
13508 4 2 1 5 420 773 997 2177
13509 4 2 1 5 319 922 318 2324
13510 4 2 1 5 1994 2487 1362 2512
13511 4 2 1 5 430 431 338 2347
13512 4 2 1 5 1031 1121 570 2406
13513 4 2 1 5 357 355 744 2232
13514 4 2 1 5 650 651 721 2024
13515 4 2 1 5 845 429 390 2513
13516 4 2 1 5 565 564 566 2335
13517 4 2 1 5 655 653 654 2259
13518 4 2 1 5 38 1203 1195 2411
13519 4 2 1 5 514 489 499 2117
13520 4 2 1 5 435 357 744 2232
13521 4 2 1 5 1489 2004 2422 2492
13522 4 2 1 5 584 1024 865 1809
13523 4 2 1 5 218 221 220 2210
13524 4 2 1 5 229 231 817 1905
13525 4 2 1 5 979 1097 828 1915
13526 4 2 1 5 653 655 656 2259
13527 4 2 1 5 295 309 926 2228
13528 4 2 1 5 1395 1882 2381 2470
13529 4 2 1 5 620 1085 1080 2415
13530 4 2 1 5 1141 1176 59 2441
13531 4 2 1 5 1489 2422 2174 2492
13532 4 2 1 5 115 766 729 2093
13533 4 2 1 5 1015 884 626 2255
13534 4 2 1 5 427 1027 1004 2339
13535 4 2 1 5 628 614 648 2091
13536 4 2 1 5 695 662 660 2471
13537 4 2 1 5 11 129 112 1927
13538 4 2 1 5 215 214 216 2489
13539 4 2 1 5 332 818 240 2509
13540 4 2 1 5 485 484 483 2369
13541 4 2 1 5 262 264 1014 2081
13542 4 2 1 5 723 583 735 2379
13543 4 2 1 5 909 1038 617 2282
13544 4 2 1 5 809 548 336 2323
13545 4 2 1 5 896 895 1006 2199
13546 4 2 1 5 452 458 982 2077
13547 4 2 1 5 1410 2308 2154 2500
13548 4 2 1 5 316 314 495 2511
13549 4 2 1 5 981 1085 620 2415
13550 4 2 1 5 119 1092 1103 2018
13551 4 2 1 5 239 244 870 2363
13552 4 2 1 5 120 769 15 1907
13553 4 2 1 5 139 141 138 2394
13554 4 2 1 5 358 420 997 2177
13555 4 2 1 5 910 844 1007 2115
13556 4 2 1 5 517 474 542 2194
13557 4 2 1 5 482 205 481 2386
13558 4 2 1 5 757 758 756 2260
13559 4 2 1 5 995 1081 881 1932
13560 4 2 1 5 258 853 263 2330
13561 4 2 1 5 779 553 778 2354
13562 4 2 1 5 1062 840 438 2101
13563 4 2 1 5 1110 294 1077 2341
13564 4 2 1 5 210 218 220 2210
13565 4 2 1 5 870 236 239 2363
13566 4 2 1 5 1219 52 51 2303
13567 4 2 1 5 191 2157 866 2309
13568 4 2 1 5 124 962 1075 2127
13569 4 2 1 5 764 774 788 2478
13570 4 2 1 5 973 872 686 2439
13571 4 2 1 5 372 369 830 2468
13572 4 2 1 5 1117 1009 918 2169
13573 4 2 1 5 897 1040 172 2314
13574 4 2 1 5 980 734 480 2149
13575 4 2 1 5 113 23 764 2270
13576 4 2 1 5 377 376 378 2297
13577 4 2 1 5 1457 2140 2470 2477
13578 4 2 1 5 605 1103 1092 2018
13579 4 2 1 5 1161 1160 1139 2452
13580 4 2 1 5 876 126 1066 2356
13581 4 2 1 5 872 490 541 1938
13582 4 2 1 5 1052 631 1100 2495
13583 4 2 1 5 254 257 253 2165
13584 4 2 1 5 895 896 441 2199
13585 4 2 1 5 936 157 158 2223
13586 4 2 1 5 191 181 866 2157
13587 4 2 1 5 1685 2212 2119 2365
13588 4 2 1 5 1134 1152 37 2374
13589 4 2 1 5 899 478 1021 2111
13590 4 2 1 5 451 1039 705 2125
13591 4 2 1 5 592 604 981 2106
13592 4 2 1 5 863 968 862 2108
13593 4 2 1 5 1327 2398 2345 2425
13594 4 2 1 5 1203 1193 1196 2411
13595 4 2 1 5 35 1194 34 2445
13596 4 2 1 5 1321 2431 2000 2449
13597 4 2 1 5 1132 47 1144 2054
13598 4 2 1 5 454 714 642 2301
13599 4 2 1 5 1190 1201 1200 2003
13600 4 2 1 5 392 391 396 2029
13601 4 2 1 5 679 740 1095 2050
13602 4 2 1 5 733 671 672 2038
13603 4 2 1 5 373 374 932 2364
13604 4 2 1 5 545 871 652 2290
13605 4 2 1 5 292 289 110 2500
13606 4 2 1 5 223 1032 247 2488
13607 4 2 1 5 168 847 166 2243
13608 4 2 1 5 867 1013 1064 2505
13609 4 2 1 5 876 1079 126 2356
13610 4 2 1 5 458 459 460 2327
13611 4 2 1 5 1138 2161 1660 2423
13612 4 2 1 5 1199 41 42 2361
13613 4 2 1 5 156 999 1000 2298
13614 4 2 1 5 1042 991 203 2333
13615 4 2 1 5 753 717 515 2278
13616 4 2 1 5 335 336 457 2248
13617 4 2 1 5 154 1078 1044 2103
13618 4 2 1 5 937 888 1080 2461
13619 4 2 1 5 110 2308 9 2500
13620 4 2 1 5 1139 56 1179 2452
13621 4 2 1 5 152 157 701 2147
13622 4 2 1 5 991 1042 678 2333
13623 4 2 1 5 123 765 13 2098
13624 4 2 1 5 882 689 547 2412
13625 4 2 1 5 924 510 310 2433
13626 4 2 1 5 244 245 246 2416
13627 4 2 1 5 23 113 22 2270
13628 4 2 1 5 485 483 868 2369
13629 4 2 1 5 531 575 470 2253
13630 4 2 1 5 685 1077 636 2341
13631 4 2 1 5 1161 1139 1179 2452
13632 4 2 1 5 775 506 684 1990
13633 4 2 1 5 548 708 558 2463
13634 4 2 1 5 376 377 375 2297
13635 4 2 1 5 53 1153 52 2225
13636 4 2 1 5 729 2093 766 2309
13637 4 2 1 5 55 1139 1159 1926
13638 4 2 1 5 990 1049 969 2267
13639 4 2 1 5 110 2 930 2500
13640 4 2 1 5 1177 1147 1180 2236
13641 4 2 1 5 924 930 2 2498
13642 4 2 1 5 1050 771 983 2317
13643 4 2 1 5 1191 1204 36 2019
13644 4 2 1 5 856 616 739 2387
13645 4 2 1 5 553 779 780 2354
13646 4 2 1 5 725 605 1092 2018
13647 4 2 1 5 583 547 689 2412
13648 4 2 1 5 904 464 929 1965
13649 4 2 1 5 445 263 853 2330
13650 4 2 1 5 213 207 212 2351
13651 4 2 1 5 443 1012 874 2123
13652 4 2 1 5 1054 562 720 2514
13653 4 2 1 5 852 259 1033 2343
13654 4 2 1 5 772 983 771 2317
13655 4 2 1 5 867 594 1013 2505
13656 4 2 1 5 167 168 166 2388
13657 4 2 1 5 1150 1149 1151 2037
13658 4 2 1 5 2204 2398 1479 2501
13659 4 2 1 5 1140 1172 1145 2001
13660 4 2 1 5 528 569 627 2160
13661 4 2 1 5 169 849 170 2240
13662 4 2 1 5 858 479 238 2273
13663 4 2 1 5 753 400 434 2328
13664 4 2 1 5 1182 49 3 2457
13665 4 2 1 5 713 686 670 1948
13666 4 2 1 5 924 630 510 2498
13667 4 2 1 5 788 774 132 2478
13668 4 2 1 5 1035 847 757 2485
13669 4 2 1 5 428 414 412 2256
13670 4 2 1 5 701 1023 152 2147
13671 4 2 1 5 660 822 695 2471
13672 4 2 1 5 108 742 18 2126
13673 4 2 1 5 918 1009 917 2169
13674 4 2 1 5 2 1115 127 2308
13675 4 2 1 5 616 856 645 2387
13676 4 2 1 5 1048 797 800 2493
13677 4 2 1 5 490 447 492 2284
13678 4 2 1 5 54 1138 53 2161
13679 4 2 1 5 1596 2398 2204 2501
13680 4 2 1 5 367 369 368 2186
13681 4 2 1 5 110 9 2 2500
13682 4 2 1 5 1035 757 114 2485
13683 4 2 1 5 594 189 187 2313
13684 4 2 1 5 513 512 681 1966
13685 4 2 1 5 675 751 1063 2384
13686 4 2 1 5 732 581 731 2059
13687 4 2 1 5 1153 1189 1151 1974
13688 4 2 1 5 1125 1033 259 2343
13689 4 2 1 5 319 831 922 2324
13690 4 2 1 5 1151 2037 1149 2319
13691 4 2 1 5 112 746 747 2074
13692 4 2 1 5 314 316 315 2511
13693 4 2 1 5 1129 842 787 2069
13694 4 2 1 5 509 310 510 2433
13695 4 2 1 5 729 766 1071 2309
13696 4 2 1 5 1170 1146 1147 1954
13697 4 2 1 5 133 134 135 2318
13698 4 2 1 5 499 618 514 2448
13699 4 2 1 5 965 912 242 2263
13700 4 2 1 5 1140 1145 1171 2001
13701 4 2 1 5 532 622 533 2395
13702 4 2 1 5 691 1102 773 2404
13703 4 2 1 5 996 685 542 2508
13704 4 2 1 5 1147 1175 1180 2236
13705 4 2 1 5 1160 1155 1156 1901
13706 4 2 1 5 781 502 553 2469
13707 4 2 1 5 619 809 808 2434
13708 4 2 1 5 468 1046 706 2312
13709 4 2 1 5 873 664 1011 2346
13710 4 2 1 5 707 1068 1031 2406
13711 4 2 1 5 1196 1191 1195 2411
13712 4 2 1 5 618 880 514 2448
13713 4 2 1 5 1161 1179 1137 2402
13714 4 2 1 5 10 1116 1115 2308
13715 4 2 1 5 1161 1137 1163 2402
13716 4 2 1 5 450 816 449 2300
13717 4 2 1 5 529 888 937 2461
13718 4 2 1 5 623 626 884 2255
13719 4 2 1 5 1178 1163 1165 2371
13720 4 2 1 5 532 1120 622 2395
13721 4 2 1 5 372 830 827 2468
13722 4 2 1 5 127 1115 2201 2308
13723 4 2 1 5 754 1 33 2316
13724 4 2 1 5 1216 1215 1207 2094
13725 4 2 1 5 1110 1077 685 2341
13726 4 2 1 5 185 866 181 2157
13727 4 2 1 5 149 150 148 2472
13728 4 2 1 5 1166 1180 1167 2175
13729 4 2 1 5 944 2 127 1958
13730 4 2 1 5 374 373 371 2364
13731 4 2 1 5 619 1045 809 2434
13732 4 2 1 5 913 720 562 2514
13733 4 2 1 5 619 887 1045 2434
13734 4 2 1 5 1124 281 285 2350
13735 4 2 1 5 751 618 1063 2384
13736 4 2 1 5 634 568 681 2407
13737 4 2 1 5 280 281 279 2305
13738 4 2 1 5 442 916 350 2479
13739 4 2 1 5 2 1958 944 2498
13740 4 2 1 5 1184 1170 61 2377
13741 4 2 1 5 1124 285 733 2350
13742 4 2 1 5 847 632 166 2243
13743 4 2 1 5 773 571 691 2404
13744 4 2 1 5 814 815 595 2483
13745 4 2 1 5 157 936 1128 2223
13746 4 2 1 5 800 797 794 2493
13747 4 2 1 5 336 500 457 2248
13748 4 2 1 5 641 894 948 2444
13749 4 2 1 5 707 1031 570 2406
13750 4 2 1 5 708 963 558 2463
13751 4 2 1 5 1194 1202 34 2445
13752 4 2 1 5 970 291 1019 2337
13753 4 2 1 5 332 240 248 2509
13754 4 2 1 5 173 897 172 2314
13755 4 2 1 5 1156 1154 1158 2170
13756 4 2 1 5 971 338 431 2347
13757 4 2 1 5 838 584 530 2429
13758 4 2 1 5 602 555 1101 2360
13759 4 2 1 5 1060 631 1052 2495
13760 4 2 1 5 1196 1195 1203 2411
13761 4 2 1 5 1083 814 595 2483
13762 4 2 1 5 117 1106 686 2439
13763 4 2 1 5 634 681 512 2407
13764 4 2 1 5 1166 1164 1186 2133
13765 4 2 1 5 1170 60 61 2377
13766 4 2 1 5 866 729 191 2309
13767 4 2 1 5 1071 191 729 2309
13768 4 2 1 5 798 1108 932 2288
13769 4 2 1 5 1177 1180 1166 2175
13770 4 2 1 5 9 10 1115 2308
13771 4 2 1 5 953 702 598 2443
13772 4 2 1 5 205 482 1016 2386
13773 4 2 1 5 1072 515 717 2278
13774 4 2 1 5 1172 1151 1149 2319
13775 4 2 1 5 127 727 716 2201
13776 4 2 1 5 754 111 1 2316
13777 4 2 1 5 1106 973 686 2439
13778 4 2 1 5 292 110 930 2500
13779 4 2 1 5 630 2 944 2498
13780 4 2 1 5 1189 1138 1158 2423
13781 4 2 1 5 2 630 924 2498
13782 4 2 1 5 727 127 1115 2201
13783 4 2 1 5 2110 2374 1452 37
13784 4 2 1 5 1452 2374 2110 2152
13785 4 2 1 5 1442 2021 2464 1667
13786 4 2 1 5 2464 2021 1442 1842
13787 4 2 1 5 1541 2299 2003 1490
13788 4 2 1 5 2003 2299 1541 1398
13789 4 2 1 5 1987 1805 1363 1666
13790 4 2 1 5 1987 1363 1805 1808
13791 4 2 1 5 2200 639 1751 1588
13792 4 2 1 5 2200 1751 639 1977
13793 4 2 1 5 1970 640 1525 803
13794 4 2 1 5 1970 1525 640 1751
13795 4 2 1 5 2100 2425 2487 1609
13796 4 2 1 5 2487 2425 2100 1415
13797 4 2 1 5 2468 1739 1902 1368
13798 4 2 1 5 2468 1902 1739 1709
13799 4 2 1 5 1965 1347 1491 1714
13800 4 2 1 5 1965 1491 1347 1750
13801 4 2 1 5 2438 1636 1364 2400
13802 4 2 1 5 2438 1364 1636 1466
13803 4 2 1 5 1955 2396 2141 1669
13804 4 2 1 5 2141 2396 1955 1603
13805 4 2 1 5 1717 389 832 833
13806 4 2 1 5 1717 832 389 1519
13807 4 2 1 5 2109 1181 2457 2089
13808 4 2 1 5 2109 2457 1181 49
13809 4 2 1 5 1631 2053 2148 1330
13810 4 2 1 5 2148 2053 1631 1833
13811 4 2 1 5 2198 1392 1585 1939
13812 4 2 1 5 2198 1585 1392 1878
13813 4 2 1 5 2109 1181 1173 49
13814 4 2 1 5 2109 1173 1181 1570
13815 4 2 1 5 2331 1448 2326 1627
13816 4 2 1 5 2331 2326 1448 1842
13817 4 2 1 5 2098 1371 1727 1539
13818 4 2 1 5 2098 1727 1371 1633
13819 4 2 1 5 1888 1000 116 32
13820 4 2 1 5 1888 116 1000 1572
13821 4 2 1 5 2015 1675 1373 1626
13822 4 2 1 5 2015 1373 1675 1953
13823 4 2 1 5 1728 1846 2210 1359
13824 4 2 1 5 2210 1846 1728 1594
13825 4 2 1 5 1756 1857 1351 1661
13826 4 2 1 5 1351 1857 1756 1643
13827 4 2 1 5 2267 836 810 1484
13828 4 2 1 5 2267 810 836 969
13829 4 2 1 5 2041 1924 345 348
13830 4 2 1 5 2041 345 1924 1582
13831 4 2 1 5 346 345 1924 348
13832 4 2 1 5 346 1924 345 1582
13833 4 2 1 5 2028 2040 1782 1551
13834 4 2 1 5 1782 2040 2028 1569
13835 4 2 1 5 1754 1118 2379 1670
13836 4 2 1 5 1754 2379 1118 785
13837 4 2 1 5 2351 1635 1622 2209
13838 4 2 1 5 2351 1622 1635 1704
13839 4 2 1 5 2062 2068 1684 1557
13840 4 2 1 5 1684 2068 2062 1315
13841 4 2 1 5 2298 31 1572 1765
13842 4 2 1 5 2298 1572 31 1000
13843 4 2 1 5 2106 1335 1535 1576
13844 4 2 1 5 2106 1535 1335 1610
13845 4 2 1 5 2205 1456 1984 1652
13846 4 2 1 5 2205 1984 1456 1696
13847 4 2 1 5 1617 2490 1721 1442
13848 4 2 1 5 1721 2490 1617 2249
13849 4 2 1 5 2372 2064 2083 1329
13850 4 2 1 5 2372 2083 2064 1876
13851 4 2 1 5 2306 1942 1643 1436
13852 4 2 1 5 2306 1643 1942 1351
13853 4 2 1 5 1751 1025 1970 1588
13854 4 2 1 5 1751 1970 1025 640
13855 4 2 1 5 359 1553 435 1028
13856 4 2 1 5 359 435 1553 1789
13857 4 2 1 5 1990 1724 1405 1590
13858 4 2 1 5 1990 1405 1724 1936
13859 4 2 1 5 1742 1799 1528 1345
13860 4 2 1 5 1528 1799 1742 1723
13861 4 2 1 5 1922 537 823 349
13862 4 2 1 5 1922 823 537 1903
13863 4 2 1 5 2001 2241 1625 1171
13864 4 2 1 5 1625 2241 2001 1475
13865 4 2 1 5 2514 1841 1361 2023
13866 4 2 1 5 2514 1361 1841 1803
13867 4 2 1 5 2028 2191 1451 1641
13868 4 2 1 5 1451 2191 2028 1846
13869 4 2 1 5 2328 2229 1341 1691
13870 4 2 1 5 2328 1341 2229 1534
13871 4 2 1 5 1862 1755 1661 1462
13872 4 2 1 5 1862 1661 1755 1385
13873 4 2 1 5 1871 791 1897 1770
13874 4 2 1 5 1871 1897 791 144
13875 4 2 1 5 925 1897 791 1770
13876 4 2 1 5 925 791 1897 144
13877 4 2 1 5 2464 1488 1988 2057
13878 4 2 1 5 2464 1988 1488 2340
13879 4 2 1 5 688 2335 567 566
13880 4 2 1 5 567 2335 688 1736
13881 4 2 1 5 25 2052 1589 26
13882 4 2 1 5 1589 2052 25 1898
13883 4 2 1 5 1867 2057 2443 1508
13884 4 2 1 5 2443 2057 1867 1488
13885 4 2 1 5 2350 1891 1392 2038
13886 4 2 1 5 2350 1392 1891 1655
13887 4 2 1 5 810 1768 337 597
13888 4 2 1 5 337 1768 810 1761
13889 4 2 1 5 2360 554 1515 527
13890 4 2 1 5 2360 1515 554 1883
13891 4 2 1 5 2080 1515 554 527
13892 4 2 1 5 2080 554 1515 1883
13893 4 2 1 5 160 1884 961 1111
13894 4 2 1 5 961 1884 160 1517
13895 4 2 1 5 722 1787 2046 741
13896 4 2 1 5 2046 1787 722 1585
13897 4 2 1 5 2023 1942 1841 1361
13898 4 2 1 5 2023 1841 1942 1643
13899 4 2 1 5 2070 1885 1562 2013
13900 4 2 1 5 2070 1562 1885 1372
13901 4 2 1 5 2143 234 233 235
13902 4 2 1 5 2143 233 234 1847
13903 4 2 1 5 2071 55 1218 54
13904 4 2 1 5 2071 1218 55 1913
13905 4 2 1 5 2111 703 606 1021
13906 4 2 1 5 2111 606 703 1508
13907 4 2 1 5 2322 2190 1739 1325
13908 4 2 1 5 2322 1739 2190 1512
13909 4 2 1 5 1915 829 826 1531
13910 4 2 1 5 1915 826 829 828
13911 4 2 1 5 913 1922 344 347
13912 4 2 1 5 344 1922 913 2514
13913 4 2 1 5 1573 1789 1505 2232
13914 4 2 1 5 1505 1789 1573 2436
13915 4 2 1 5 1815 901 2199 1056
13916 4 2 1 5 1815 2199 901 1602
13917 4 2 1 5 896 2199 901 1056
13918 4 2 1 5 896 901 2199 1602
13919 4 2 1 5 2251 2147 2472 1467
13920 4 2 1 5 2251 2472 2147 151
13921 4 2 1 5 2170 2172 1904 1381
13922 4 2 1 5 1904 2172 2170 1632
13923 4 2 1 5 2347 718 430 431
13924 4 2 1 5 2347 430 718 1738
13925 4 2 1 5 2421 2506 2158 1509
13926 4 2 1 5 2158 2506 2421 1581
13927 4 2 1 5 2041 990 1768 1564
13928 4 2 1 5 2041 1768 990 950
13929 4 2 1 5 2051 392 388 416
13930 4 2 1 5 2051 388 392 2029
13931 4 2 1 5 2416 251 250 245
13932 4 2 1 5 2416 250 251 1520
13933 4 2 1 5 2210 906 211 218
13934 4 2 1 5 2210 211 906 1728
13935 4 2 1 5 2478 764 2016 987
13936 4 2 1 5 2436 1621 1561 1338
13937 4 2 1 5 2436 1561 1621 2306
13938 4 2 1 5 2232 721 418 744
13939 4 2 1 5 2232 418 721 2024
13940 4 2 1 5 2157 202 200 185
13941 4 2 1 5 2157 200 202 1704
13942 4 2 1 5 2275 2217 2028 1420
13943 4 2 1 5 2275 2028 2217 1641
13944 4 2 1 5 1907 770 613 769
13945 4 2 1 5 1907 613 770 1749
13946 4 2 1 5 2098 939 1539 13
13947 4 2 1 5 2098 1539 939 1886
13948 4 2 1 5 748 1539 939 13
13949 4 2 1 5 748 939 1539 1886
13950 4 2 1 5 2098 2309 893 1071
13951 4 2 1 5 893 2309 2098 1496
13952 4 2 1 5 2314 175 174 173
13953 4 2 1 5 2314 174 175 1494
13954 4 2 1 5 2103 146 1871 1563
13955 4 2 1 5 2103 1871 146 154
13956 4 2 1 5 1693 58 1561 2066
13957 4 2 1 5 1693 1561 58 2467
13958 4 2 1 5 2438 1364 1516 2400
13959 4 2 1 5 2438 1516 1364 1828
13960 4 2 1 5 2451 1754 1506 1339
13961 4 2 1 5 1506 1754 2451 1596
13962 4 2 1 5 1506 1914 2451 1339
13963 4 2 1 5 2451 1914 1506 1596
13964 4 2 1 5 2210 222 906 218
13965 4 2 1 5 2210 906 222 1594
13966 4 2 1 5 1867 1988 1811 1370
13967 4 2 1 5 1811 1988 1867 1508
13968 4 2 1 5 2389 1323 1548 2279
13969 4 2 1 5 2389 1548 1323 1906
13970 4 2 1 5 1877 305 304 306
13971 4 2 1 5 1877 304 305 1592
13972 4 2 1 5 1843 273 271 1562
13973 4 2 1 5 1843 271 273 272
13974 4 2 1 5 2252 1789 2436 1573
13975 4 2 1 5 2252 2436 1789 2177
13976 4 2 1 5 2316 1130 1103 754
13977 4 2 1 5 2499 1638 1725 2198
13978 4 2 1 5 2499 1725 1638 2144
13979 4 2 1 5 2478 1390 1973 1928
13980 4 2 1 5 2478 1973 1390 1608
13981 4 2 1 5 2210 2488 2483 1689
13982 4 2 1 5 2210 2483 2488 221
13983 4 2 1 5 814 2488 2483 221
13984 4 2 1 5 2343 2360 673 1466
13985 4 2 1 5 673 2360 2343 1033
13986 4 2 1 5 1086 1902 2364 825
13987 4 2 1 5 2364 1902 1086 1767
13988 4 2 1 5 2364 374 1086 825
13989 4 2 1 5 1086 374 2364 1767
13990 4 2 1 5 2361 1193 1792 1199
13991 4 2 1 5 2361 1792 1193 1450
13992 4 2 1 5 651 2259 652 653
13993 4 2 1 5 652 2259 651 1587
13994 4 2 1 5 2270 24 1675 23
13995 4 2 1 5 2270 1675 24 1898
13996 4 2 1 5 713 1675 24 23
13997 4 2 1 5 713 24 1675 1898
13998 4 2 1 5 2430 2122 2120 1790
13999 4 2 1 5 2430 2120 2122 1487
14000 4 2 1 5 2142 1745 1374 1515
14001 4 2 1 5 2142 1374 1745 2053
14002 4 2 1 5 2117 2041 437 1924
14003 4 2 1 5 2418 1604 1963 1416
14004 4 2 1 5 2418 1963 1604 1700
14005 4 2 1 5 1570 2457 1379 1527
14006 4 2 1 5 1379 2457 1570 2109
14007 4 2 1 5 2221 2191 1846 1359
14008 4 2 1 5 2221 1846 2191 1613
14009 4 2 1 5 2131 2086 1771 1340
14010 4 2 1 5 2131 1771 2086 1511
14011 4 2 1 5 2290 650 651 545
14012 4 2 1 5 2290 651 650 2024
14013 4 2 1 5 2275 2401 2217 1420
14014 4 2 1 5 2217 2401 2275 1692
14015 4 2 1 5 2307 1939 1914 1392
14016 4 2 1 5 2307 1914 1939 1476
14017 4 2 1 5 2411 1450 1193 1792
14018 4 2 1 5 2411 1193 1450 2034
14019 4 2 1 5 2212 1676 1416 2119
14020 4 2 1 5 2212 1416 1676 1619
14021 4 2 1 5 2169 940 983 918
14022 4 2 1 5 2169 983 940 1614
14023 4 2 1 5 2419 2172 1317 1609
14024 4 2 1 5 2419 1317 2172 1859
14025 4 2 1 5 2267 813 288 1843
14026 4 2 1 5 2267 288 813 1049
14027 4 2 1 5 2273 236 2363 238
14028 4 2 1 5 2273 2363 236 1627
14029 4 2 1 5 39 2411 1193 1203
14030 4 2 1 5 1193 2411 39 2034
14031 4 2 1 5 1809 647 745 1024
14032 4 2 1 5 1809 745 647 1593
14033 4 2 1 5 2201 1119 715 2176
14034 4 2 1 5 2201 715 1119 716
14035 4 2 1 5 1943 2359 2370 1375
14036 4 2 1 5 2370 2359 1943 1481
14037 4 2 1 5 2018 767 768 1464
14038 4 2 1 5 2018 768 767 1092
14039 4 2 1 5 2168 1800 1334 1445
14040 4 2 1 5 2168 1334 1800 1532
14041 4 2 1 5 1370 2363 2021 1627
14042 4 2 1 5 1370 2021 2363 1775
14043 4 2 1 5 1448 2021 2363 1627
14044 4 2 1 5 1448 2363 2021 1775
14045 4 2 1 5 2265 2193 1684 1388
14046 4 2 1 5 2265 1684 2193 1548
14047 4 2 1 5 2094 1217 4 1630
14048 4 2 1 5 2094 4 1217 1207
14049 4 2 1 5 1992 994 615 1891
14050 4 2 1 5 1992 615 994 777
14051 4 2 1 5 2411 37 38 2110
14052 4 2 1 5 2411 38 37 1195
14053 4 2 1 5 711 1759 2125 710
14054 4 2 1 5 2125 1759 711 1703
14055 4 2 1 5 1471 1214 1873 1832
14056 4 2 1 5 1873 1214 1471 2467
14057 4 2 1 5 2462 2367 1446 1656
14058 4 2 1 5 2462 1446 2367 1649
14059 4 2 1 5 2463 1009 714 558
14060 4 2 1 5 2463 714 1009 2301
14061 4 2 1 5 2386 732 577 2059
14062 4 2 1 5 2386 577 732 1016
14063 4 2 1 5 1936 1956 2142 1515
14064 4 2 1 5 2142 1956 1936 1314
14065 4 2 1 5 2018 1130 2316 1610
14066 4 2 1 5 2018 2316 1130 1103
14067 4 2 1 5 2189 569 528 2160
14068 4 2 1 5 2189 528 569 568
14069 4 2 1 5 2136 2156 1796 1468
14070 4 2 1 5 1796 2156 2136 1597
14071 4 2 1 5 2126 1047 2049 1546
14072 4 2 1 5 2126 2049 1047 18
14073 4 2 1 5 2068 2230 1688 1510
14074 4 2 1 5 1688 2230 2068 1315
14075 4 2 1 5 1999 42 1919 41
14076 4 2 1 5 1999 1919 42 1566
14077 4 2 1 5 2341 734 1014 1077
14078 4 2 1 5 2341 1014 734 2149
14079 4 2 1 5 961 2406 160 707
14080 4 2 1 5 160 2406 961 1517
14081 4 2 1 5 2361 1190 1792 1583
14082 4 2 1 5 2361 1792 1190 1199
14083 4 2 1 5 2236 2271 1865 1389
14084 4 2 1 5 1865 2271 2236 1694
14085 4 2 1 5 1809 1130 2316 111
14086 4 2 1 5 1809 2316 1130 1610
14087 4 2 1 5 1912 2315 1822 1372
14088 4 2 1 5 1822 2315 1912 1549
14089 4 2 1 5 2466 1718 1540 1495
14090 4 2 1 5 1540 1718 2466 1962
14091 4 2 1 5 1540 2134 2466 1495
14092 4 2 1 5 2466 2134 1540 1962
14093 4 2 1 5 979 2058 665 1127
14094 4 2 1 5 665 2058 979 1915
14095 4 2 1 5 60 2094 1873 1216
14096 4 2 1 5 1873 2094 60 1616
14097 4 2 1 5 2325 854 441 341
14098 4 2 1 5 2325 441 854 1815
14099 4 2 1 5 2003 1198 1192 1200
14100 4 2 1 5 2003 1192 1198 2002
14101 4 2 1 5 2228 292 293 295
14102 4 2 1 5 2228 293 292 1615
14103 4 2 1 5 1876 423 947 857
14104 4 2 1 5 1876 947 423 1793
14105 4 2 1 5 2414 2244 1897 1658
14106 4 2 1 5 2414 1897 2244 1485
14107 4 2 1 5 451 2341 294 1110
14108 4 2 1 5 294 2341 451 1524
14109 4 2 1 5 2144 2499 2302 1471
14110 4 2 1 5 2302 2499 2144 1725
14111 4 2 1 5 1033 2360 712 1101
14112 4 2 1 5 712 2360 1033 2343
14113 4 2 1 5 2409 1723 2255 1799
14114 4 2 1 5 2409 2255 1723 1805
14115 4 2 1 5 1917 2312 326 468
14116 4 2 1 5 1917 326 2312 1623
14117 4 2 1 5 644 326 2312 468
14118 4 2 1 5 644 2312 326 1623
14119 4 2 1 5 1185 2241 1507 50
14120 4 2 1 5 1507 2241 1185 2159
14121 4 2 1 5 1507 4 1185 50
14122 4 2 1 5 1185 4 1507 2159
14123 4 2 1 5 2076 621 977 1787
14124 4 2 1 5 2076 977 621 462
14125 4 2 1 5 2055 755 123 966
14126 4 2 1 5 2495 492 889 1729
14127 4 2 1 5 2495 889 492 1052
14128 4 2 1 5 2246 1693 1942 1487
14129 4 2 1 5 2246 1942 1693 2086
14130 4 2 1 5 2505 192 189 1629
14131 4 2 1 5 2505 189 192 867
14132 4 2 1 5 2050 650 1018 2024
14133 4 2 1 5 2050 1018 650 1095
14134 4 2 1 5 2294 2143 2509 1430
14135 4 2 1 5 2294 2509 2143 1559
14136 4 2 1 5 1913 2307 1460 1638
14137 4 2 1 5 1460 2307 1913 1620
14138 4 2 1 5 2387 1869 674 739
14139 4 2 1 5 2387 674 1869 1728
14140 4 2 1 5 1105 674 1869 739
14141 4 2 1 5 1105 1869 674 1728
14142 4 2 1 5 510 2498 512 1586
14143 4 2 1 5 510 512 2498 630
14144 4 2 1 5 1034 512 2498 1586
14145 4 2 1 5 1034 2498 512 630
14146 4 2 1 5 2102 109 134 759
14147 4 2 1 5 2102 134 109 1637
14148 4 2 1 5 439 2011 857 417
14149 4 2 1 5 857 2011 439 1876
14150 4 2 1 5 2282 1006 2310 909
14151 4 2 1 5 2282 2310 1006 1547
14152 4 2 1 5 755 2098 2055 123
14153 4 2 1 5 2055 2098 755 1633
14154 4 2 1 5 2343 1005 2165 259
14155 4 2 1 5 2343 2165 1005 1703
14156 4 2 1 5 2478 2270 2016 764
14157 4 2 1 5 2478 2016 2270 1510
14158 4 2 1 5 2094 2302 1832 1408
14159 4 2 1 5 1832 2302 2094 1873
14160 4 2 1 5 2453 1905 2233 1386
14161 4 2 1 5 2453 2233 1905 1559
14162 4 2 1 5 977 1803 561 700
14163 4 2 1 5 561 1803 977 1787
14164 4 2 1 5 2185 2201 1697 1426
14165 4 2 1 5 1697 2201 2185 1958
14166 4 2 1 5 2106 605 603 604
14167 4 2 1 5 2106 603 605 1610
14168 4 2 1 5 2248 960 591 1747
14169 4 2 1 5 2248 591 960 457
14170 4 2 1 5 2499 1404 2076 1732
14171 4 2 1 5 2076 1404 2499 2131
14172 4 2 1 5 2076 1511 2499 1732
14173 4 2 1 5 2499 1511 2076 2131
14174 4 2 1 5 2514 700 1054 562
14175 4 2 1 5 2514 1054 700 1803
14176 4 2 1 5 2182 2019 37 36
14177 4 2 1 5 2182 37 2019 1537
14178 4 2 1 5 2324 328 318 2079
14179 4 2 1 5 2324 318 328 922
14180 4 2 1 5 2075 2290 2164 1587
14181 4 2 1 5 2164 2290 2075 1514
14182 4 2 1 5 2147 153 151 152
14183 4 2 1 5 2147 151 153 1834
14184 4 2 1 5 1883 938 673 1850
14185 4 2 1 5 1883 673 938 582
14186 4 2 1 5 957 1917 905 467
14187 4 2 1 5 905 1917 957 1858
14188 4 2 1 5 1934 988 364 362
14189 4 2 1 5 1934 364 988 1896
14190 4 2 1 5 2275 2040 2028 1551
14191 4 2 1 5 2275 2028 2040 1420
14192 4 2 1 5 1974 2197 2423 1648
14193 4 2 1 5 2423 2197 1974 1396
14194 4 2 1 5 2395 706 1473 1120
14195 4 2 1 5 2395 1473 706 2312
14196 4 2 1 5 2419 2512 1994 1437
14197 4 2 1 5 1994 2512 2419 1609
14198 4 2 1 5 2323 299 2248 336
14199 4 2 1 5 2323 2248 299 2027
14200 4 2 1 5 2351 202 208 207
14201 4 2 1 5 2351 208 202 1704
14202 4 2 1 5 2387 556 739 856
14203 4 2 1 5 2387 739 556 1869
14204 4 2 1 5 2500 1958 2 2498
14205 4 2 1 5 2500 2 1958 2308
14206 4 2 1 5 2394 147 1068 1781
14207 4 2 1 5 2394 1068 147 139
14208 4 2 1 5 2339 889 426 1729
14209 4 2 1 5 2339 426 889 427
14210 4 2 1 5 2407 1591 681 1966
14211 4 2 1 5 2407 681 1591 2189
14212 4 2 1 5 576 681 1591 1966
14213 4 2 1 5 576 1591 681 2189
14214 4 2 1 5 2267 2060 2449 1564
14215 4 2 1 5 2267 2449 2060 1484
14216 4 2 1 5 2407 690 569 1697
14217 4 2 1 5 2407 569 690 634
14218 4 2 1 5 2043 2169 2301 1665
14219 4 2 1 5 2301 2169 2043 1454
14220 4 2 1 5 2483 247 2488 814
14221 4 2 1 5 2483 2488 247 1689
14222 4 2 1 5 2308 2458 2154 1577
14223 4 2 1 5 2154 2458 2308 1410
14224 4 2 1 5 769 2317 120 771
14225 4 2 1 5 120 2317 769 1907
14226 4 2 1 5 2284 541 490 1938
14227 4 2 1 5 2284 490 541 492
14228 4 2 1 5 2348 2408 2510 1324
14229 4 2 1 5 2510 2408 2348 1653
14230 4 2 1 5 649 2091 1001 628
14231 4 2 1 5 1001 2091 649 1810
14232 4 2 1 5 2231 2050 1699 1403
14233 4 2 1 5 2231 1699 2050 1571
14234 4 2 1 5 2510 1324 1671 2348
14235 4 2 1 5 2510 1671 1324 2137
14236 4 2 1 5 2416 593 2363 1867
14237 4 2 1 5 2416 2363 593 244
14238 4 2 1 5 2495 565 567 2335
14239 4 2 1 5 2495 567 565 631
14240 4 2 1 5 2043 2463 2301 1542
14241 4 2 1 5 2301 2463 2043 1665
14242 4 2 1 5 1838 2489 1777 1622
14243 4 2 1 5 1838 1777 2489 1401
14244 4 2 1 5 2450 1777 2489 1622
14245 4 2 1 5 2450 2489 1777 1401
14246 4 2 1 5 2309 765 766 1071
14247 4 2 1 5 2309 766 765 2093
14248 4 2 1 5 2490 2287 2172 1632
14249 4 2 1 5 2490 2172 2287 1442
14250 4 2 1 5 2397 2138 1497 1695
14251 4 2 1 5 2397 1497 2138 1451
14252 4 2 1 5 2478 138 1973 132
14253 4 2 1 5 2478 1973 138 1928
14254 4 2 1 5 2449 2250 1321 2431
14255 4 2 1 5 2449 1321 2250 1920
14256 4 2 1 5 2117 883 437 2041
14257 4 2 1 5 2117 437 883 489
14258 4 2 1 5 2175 2141 1865 1406
14259 4 2 1 5 2175 1865 2141 1574
14260 4 2 1 5 2297 379 378 377
14261 4 2 1 5 2297 378 379 1951
14262 4 2 1 5 1912 2117 1764 1564
14263 4 2 1 5 1912 1764 2117 2448
14264 4 2 1 5 2282 550 953 2112
14265 4 2 1 5 2282 953 550 1038
14266 4 2 1 5 2437 2496 2139 1427
14267 4 2 1 5 2139 2496 2437 1738
14268 4 2 1 5 1831 1344 1821 2261
14269 4 2 1 5 1821 1344 1831 2283
14270 4 2 1 5 2446 2357 1968 1378
14271 4 2 1 5 2446 1968 2357 1645
14272 4 2 1 5 2261 2264 1821 1783
14273 4 2 1 5 1821 2264 2261 1344
14274 4 2 1 5 2404 2306 1643 1436
14275 4 2 1 5 2404 1643 2306 1756
14276 4 2 1 5 2381 1181 34 1142
14277 4 2 1 5 2381 34 1181 2089
14278 4 2 1 5 2418 1183 1162 1963
14279 4 2 1 5 2418 1162 1183 1136
14280 4 2 1 5 2423 1153 2161 1974
14281 4 2 1 5 2423 2161 1153 1138
14282 4 2 1 5 2301 1009 917 714
14283 4 2 1 5 2301 917 1009 2169
14284 4 2 1 5 2505 189 594 2313
14285 4 2 1 5 2505 594 189 867
14286 4 2 1 5 2476 2396 2099 1669
14287 4 2 1 5 2476 2099 2396 1320
14288 4 2 1 5 2462 2484 1945 1356
14289 4 2 1 5 1945 2484 2462 1656
14290 4 2 1 5 1045 2463 1853 708
14291 4 2 1 5 1853 2463 1045 2434
14292 4 2 1 5 1853 887 1045 708
14293 4 2 1 5 1045 887 1853 2434
14294 4 2 1 5 425 417 1788 432
14295 4 2 1 5 425 1788 417 2011
14296 4 2 1 5 1529 1788 417 432
14297 4 2 1 5 1529 417 1788 2011
14298 4 2 1 5 2011 2129 2083 1737
14299 4 2 1 5 2083 2129 2011 1788
$EndElements
