$MeshFormat
2.2 0 8
$EndMeshFormat
$PhysicalNames
6
2 101 "FarField"
3 1 "MantelloTriskelion"
3 2 "Coils24"
3 3 "CoreEsagramma"
3 4 "CavitaAriaInterna"
3 5 "AriaEsterna"
$EndPhysicalNames
$Nodes
2968
1 0.014 0 -0.008
2 0.007000000000000003 0.00404145188432738 -0.008
3 0.007000000000000003 0.00404145188432738 0.008
4 0.014 0 0.008
5 0.006999999999999999 -0.004041451884327377 -0.008
6 0.007000000000000002 0.01212435565298214 -0.008
7 2.602085213965211e-18 0.008082903768654762 -0.008
8 -0.006999999999999997 0.01212435565298214 -0.008
9 -0.007000000000000001 0.00404145188432738 -0.008
10 -0.014 1.714505518806295e-18 -0.008
11 -0.007000000000000004 -0.004041451884327378 -0.008
12 -0.007000000000000006 -0.01212435565298214 -0.008
13 -4.336808689942018e-19 -0.008082903768654759 -0.008
14 0.007000000000000002 -0.01212435565298214 -0.008
15 0.007000000000000002 0.01212435565298214 0.008
16 0.006999999999999999 -0.004041451884327377 0.008
17 2.602085213965211e-18 0.008082903768654762 0.008
18 -0.006999999999999997 0.01212435565298214 0.008
19 -0.007000000000000001 0.00404145188432738 0.008
20 -0.014 1.714505518806295e-18 0.008
21 -0.007000000000000004 -0.004041451884327378 0.008
22 -0.007000000000000006 -0.01212435565298214 0.008
23 -4.336808689942018e-19 -0.008082903768654759 0.008
24 0.007000000000000002 -0.01212435565298214 0.008
25 0.03800000000000001 -7.347638122934265e-19 0.007
26 0.03800000000000001 -7.347638122934265e-19 -0.007
27 0.03680740392011739 0.009058666578588226 0.007
28 0.03680740392011739 0.009058666578588226 -0.007
29 0.03331088913245536 0.0175 0.007
30 0.03331088913245536 0.0175 -0.007
31 0.02774873734152917 0.02474873734152917 0.007
32 0.02774873734152917 0.02474873734152917 -0.007
33 0.0205 0.03031088913245535 0.007
34 0.0205 0.03031088913245535 -0.007
35 0.01205866657858824 0.03380740392011739 0.007
36 0.01205866657858824 0.03380740392011739 -0.007
37 0.003000000000000002 0.035 0.007
38 0.003000000000000002 0.035 -0.007
39 -0.006058666578588222 0.03380740392011739 0.007
40 -0.006058666578588222 0.03380740392011739 -0.007
41 -0.0145 0.03031088913245536 0.007
42 -0.0145 0.03031088913245536 -0.007
43 -0.02174873734152916 0.02474873734152917 0.007
44 -0.02174873734152916 0.02474873734152917 -0.007
45 -0.02731088913245535 0.01750000000000001 0.007
46 -0.02731088913245535 0.01750000000000001 -0.007
47 -0.03080740392011739 0.009058666578588235 0.007
48 -0.03080740392011739 0.009058666578588235 -0.007
49 -0.032 3.551499984722308e-18 0.007
50 -0.032 3.551499984722308e-18 -0.007
51 -0.0308074039201174 -0.009058666578588215 0.007
52 -0.0308074039201174 -0.009058666578588215 -0.007
53 -0.02731088913245536 -0.01749999999999999 0.007
54 -0.02731088913245536 -0.01749999999999999 -0.007
55 -0.02174873734152918 -0.02474873734152915 0.007
56 -0.02174873734152918 -0.02474873734152915 -0.007
57 -0.01450000000000002 -0.03031088913245535 0.007
58 -0.01450000000000002 -0.03031088913245535 -0.007
59 -0.006058666578588254 -0.03380740392011738 0.007
60 -0.006058666578588254 -0.03380740392011738 -0.007
61 0.002999999999999994 -0.035 0.007
62 0.002999999999999994 -0.035 -0.007
63 0.01205866657858821 -0.0338074039201174 0.007
64 0.01205866657858821 -0.0338074039201174 -0.007
65 0.02049999999999998 -0.03031088913245537 0.007
66 0.02049999999999998 -0.03031088913245537 -0.007
67 0.02774873734152916 -0.02474873734152917 0.007
68 0.02774873734152916 -0.02474873734152917 -0.007
69 0.03331088913245535 -0.01750000000000002 0.007
70 0.03331088913245535 -0.01750000000000002 -0.007
71 0.03680740392011739 -0.009058666578588255 0.007
72 0.03680740392011739 -0.009058666578588255 -0.007
73 1.224606353822377e-17 -2.999321443644275e-33 0.2
74 1.224606353822377e-17 -2.999321443644275e-33 -0.2
75 0.048 -1.175622099669482e-17 0.014
76 3.061515884555943e-18 -7.498303609110688e-34 0.05
77 0.04536458333333333 0.004383868391428877 0.02056298317170167
78 0.04536458333333334 0.01561613160857112 0.01407803297967587
79 0.04800000000000026 3.757610542165501e-16 -0.01399999999999845
80 3.061515884555943e-18 -7.498303609110688e-34 -0.05
81 0.04536458333333334 -0.004383868391428874 -0.02056298317170168
82 0.04536458333333334 -0.01561613160857112 -0.01407803297967587
83 -0.01888575027284162 0.04147881579447726 -0.02056298317170168
84 -0.0362062583485304 0.03147881579447726 0.01407803297967587
85 -0.009158324984802912 0.04709494740304837 -0.01407803297967587
86 -0.02647883306049169 0.0370949474030484 0.02056298317170168
87 -0.02647883306049172 -0.03709494740304836 -0.02056298317170167
88 -0.009158324984802946 -0.04709494740304838 0.01407803297967587
89 -0.03620625834853042 -0.03147881579447723 -0.01407803297967587
90 -0.01888575027284165 -0.04147881579447725 0.02056298317170168
91 2.877824931482587e-18 -7.048405392564046e-34 0.047
92 2.877824931482587e-18 -7.048405392564046e-34 -0.047
93 0.0368704694055762 0.00234549444740409 0.007
94 0.03433243719813105 0.002924783736545469 0.007
95 0.03229709339629274 0.001301651217352666 0.007
96 0.03229709339629275 -0.001301651217352687 0.007
97 0.03433243719813108 -0.002924783736545475 0.007
98 0.03687046940557621 -0.002345494447404083 0.007
99 0.0368704694055762 0.00234549444740409 -0.007
100 0.03433243719813105 0.002924783736545469 -0.007
101 0.03229709339629274 0.001301651217352666 -0.007
102 0.03229709339629275 -0.001301651217352687 -0.007
103 0.03433243719813108 -0.002924783736545475 -0.007
104 0.03687046940557621 -0.002345494447404083 -0.007
105 0.03567787332569359 0.01140416102599232 0.007
106 0.03313984111824844 0.01198345031513369 0.007
107 0.03110449731641013 0.01036031779594089 0.007
108 0.03110449731641014 0.007757015361235539 0.007
109 0.03313984111824847 0.00613388284204275 0.007
110 0.0356778733256936 0.006713172131184143 0.007
111 0.03567787332569359 0.01140416102599232 -0.007
112 0.03313984111824844 0.01198345031513369 -0.007
113 0.03110449731641013 0.01036031779594089 -0.007
114 0.03110449731641014 0.007757015361235539 -0.007
115 0.03313984111824847 0.00613388284204275 -0.007
116 0.0356778733256936 0.006713172131184143 -0.007
117 0.03218135853803156 0.01984549444740409 0.007
118 0.02964332633058641 0.02042478373654547 0.007
119 0.02760798252874809 0.01880165121735267 0.007
120 0.0276079825287481 0.01619834878264731 0.007
121 0.02964332633058643 0.01457521626345452 0.007
122 0.03218135853803156 0.01515450555259592 0.007
123 0.03218135853803156 0.01984549444740409 -0.007
124 0.02964332633058641 0.02042478373654547 -0.007
125 0.02760798252874809 0.01880165121735267 -0.007
126 0.0276079825287481 0.01619834878264731 -0.007
127 0.02964332633058643 0.01457521626345452 -0.007
128 0.03218135853803156 0.01515450555259592 -0.007
129 0.02661920674710537 0.02709423178893326 0.007
130 0.02408117453966022 0.02767352107807464 0.007
131 0.0220458307378219 0.02605038855888183 0.007
132 0.02204583073782191 0.02344708612417648 0.007
133 0.02408117453966024 0.02182395360498369 0.007
134 0.02661920674710537 0.02240324289412508 0.007
135 0.02661920674710537 0.02709423178893326 -0.007
136 0.02408117453966022 0.02767352107807464 -0.007
137 0.0220458307378219 0.02605038855888183 -0.007
138 0.02204583073782191 0.02344708612417648 -0.007
139 0.02408117453966024 0.02182395360498369 -0.007
140 0.02661920674710537 0.02240324289412508 -0.007
141 0.01937046940557621 0.03265638357985944 0.007
142 0.01683243719813106 0.03323567286900082 0.007
143 0.01479709339629274 0.03161254034980802 0.007
144 0.01479709339629275 0.02900923791510266 0.007
145 0.01683243719813108 0.02738610539590988 0.007
146 0.01937046940557621 0.02796539468505127 0.007
147 0.01937046940557621 0.03265638357985944 -0.007
148 0.01683243719813106 0.03323567286900082 -0.007
149 0.01479709339629274 0.03161254034980802 -0.007
150 0.01479709339629275 0.02900923791510266 -0.007
151 0.01683243719813108 0.02738610539590988 -0.007
152 0.01937046940557621 0.02796539468505127 -0.007
153 0.01092913598416443 0.03615289836752148 0.007
154 0.008391103776719287 0.03673218765666286 0.007
155 0.006355759974880974 0.03510905513747006 0.007
156 0.006355759974880984 0.03250575270276471 0.007
157 0.008391103776719311 0.03088262018357192 0.007
158 0.01092913598416444 0.03146190947271331 0.007
159 0.01092913598416443 0.03615289836752148 -0.007
160 0.008391103776719287 0.03673218765666286 -0.007
161 0.006355759974880974 0.03510905513747006 -0.007
162 0.006355759974880984 0.03250575270276471 -0.007
163 0.008391103776719311 0.03088262018357192 -0.007
164 0.01092913598416444 0.03146190947271331 -0.007
165 0.001870469405576202 0.03734549444740409 0.007
166 -0.000667562801868946 0.03792478373654547 0.007
167 -0.002702906603707259 0.03630165121735267 0.007
168 -0.002702906603707249 0.03369834878264732 0.007
169 -0.0006675628018689208 0.03207521626345453 0.007
170 0.001870469405576211 0.03265450555259592 0.007
171 0.001870469405576202 0.03734549444740409 -0.007
172 -0.000667562801868946 0.03792478373654547 -0.007
173 -0.002702906603707259 0.03630165121735267 -0.007
174 -0.002702906603707249 0.03369834878264732 -0.007
175 -0.0006675628018689208 0.03207521626345453 -0.007
176 0.001870469405576211 0.03265450555259592 -0.007
177 -0.007188197173012023 0.03615289836752148 0.007
178 -0.00972622938045717 0.03673218765666286 0.007
179 -0.01176157318229548 0.03510905513747006 0.007
180 -0.01176157318229547 0.03250575270276471 0.007
181 -0.009726229380457146 0.03088262018357192 0.007
182 -0.007188197173012014 0.03146190947271331 0.007
183 -0.007188197173012023 0.03615289836752148 -0.007
184 -0.00972622938045717 0.03673218765666286 -0.007
185 -0.01176157318229548 0.03510905513747006 -0.007
186 -0.01176157318229547 0.03250575270276471 -0.007
187 -0.009726229380457146 0.03088262018357192 -0.007
188 -0.007188197173012014 0.03146190947271331 -0.007
189 -0.01562953059442379 0.03265638357985945 0.007
190 -0.01816756280186894 0.03323567286900082 0.007
191 -0.02020290660370726 0.03161254034980802 0.007
192 -0.02020290660370725 0.02900923791510267 0.007
193 -0.01816756280186892 0.02738610539590988 0.007
194 -0.01562953059442379 0.02796539468505127 0.007
195 -0.01562953059442379 0.03265638357985945 -0.007
196 -0.01816756280186894 0.03323567286900082 -0.007
197 -0.02020290660370726 0.03161254034980802 -0.007
198 -0.02020290660370725 0.02900923791510267 -0.007
199 -0.01816756280186892 0.02738610539590988 -0.007
200 -0.01562953059442379 0.02796539468505127 -0.007
201 -0.02287826793595296 0.02709423178893326 0.007
202 -0.02541630014339811 0.02767352107807464 0.007
203 -0.02745164394523643 0.02605038855888183 0.007
204 -0.02745164394523641 0.02344708612417648 0.007
205 -0.02541630014339808 0.02182395360498369 0.007
206 -0.02287826793595295 0.02240324289412508 0.007
207 -0.02287826793595296 0.02709423178893326 -0.007
208 -0.02541630014339811 0.02767352107807464 -0.007
209 -0.02745164394523643 0.02605038855888183 -0.007
210 -0.02745164394523641 0.02344708612417648 -0.007
211 -0.02541630014339808 0.02182395360498369 -0.007
212 -0.02287826793595295 0.02240324289412508 -0.007
213 -0.02844041972687915 0.0198454944474041 0.007
214 -0.0309784519343243 0.02042478373654548 0.007
215 -0.03301379573616261 0.01880165121735268 0.007
216 -0.0330137957361626 0.01619834878264732 0.007
217 -0.03097845193432427 0.01457521626345454 0.007
218 -0.02844041972687914 0.01515450555259593 0.007
219 -0.02844041972687915 0.0198454944474041 -0.007
220 -0.0309784519343243 0.02042478373654548 -0.007
221 -0.03301379573616261 0.01880165121735268 -0.007
222 -0.0330137957361626 0.01619834878264732 -0.007
223 -0.03097845193432427 0.01457521626345454 -0.007
224 -0.02844041972687914 0.01515450555259593 -0.007
225 -0.03193693451454119 0.01140416102599233 0.007
226 -0.03447496672198634 0.01198345031513371 0.007
227 -0.03651031052382465 0.0103603177959409 0.007
228 -0.03651031052382464 0.007757015361235549 0.007
229 -0.03447496672198631 0.00613388284204276 0.007
230 -0.03193693451454118 0.006713172131184154 0.007
231 -0.03193693451454119 0.01140416102599233 -0.007
232 -0.03447496672198634 0.01198345031513371 -0.007
233 -0.03651031052382465 0.0103603177959409 -0.007
234 -0.03651031052382464 0.007757015361235549 -0.007
235 -0.03447496672198631 0.00613388284204276 -0.007
236 -0.03193693451454118 0.006713172131184154 -0.007
237 -0.03312953059442381 0.002345494447404094 0.007
238 -0.03566756280186895 0.002924783736545474 0.007
239 -0.03770290660370727 0.001301651217352671 0.007
240 -0.03770290660370725 -0.001301651217352683 0.007
241 -0.03566756280186893 -0.002924783736545471 0.007
242 -0.03312953059442379 -0.002345494447404079 0.007
243 -0.03312953059442381 0.002345494447404094 -0.007
244 -0.03566756280186895 0.002924783736545474 -0.007
245 -0.03770290660370727 0.001301651217352671 -0.007
246 -0.03770290660370725 -0.001301651217352683 -0.007
247 -0.03566756280186893 -0.002924783736545471 -0.007
248 -0.03312953059442379 -0.002345494447404079 -0.007
249 -0.0319369345145412 -0.006713172131184124 0.007
250 -0.03447496672198635 -0.006133882842042745 0.007
251 -0.03651031052382466 -0.007757015361235547 0.007
252 -0.03651031052382465 -0.0103603177959409 0.007
253 -0.03447496672198632 -0.01198345031513369 0.007
254 -0.03193693451454119 -0.0114041610259923 0.007
255 -0.0319369345145412 -0.006713172131184124 -0.007
256 -0.03447496672198635 -0.006133882842042745 -0.007
257 -0.03651031052382466 -0.007757015361235547 -0.007
258 -0.03651031052382465 -0.0103603177959409 -0.007
259 -0.03447496672198632 -0.01198345031513369 -0.007
260 -0.03193693451454119 -0.0114041610259923 -0.007
261 -0.02844041972687916 -0.0151545055525959 0.007
262 -0.03097845193432431 -0.01457521626345452 0.007
263 -0.03301379573616262 -0.01619834878264732 0.007
264 -0.03301379573616262 -0.01880165121735268 0.007
265 -0.03097845193432429 -0.02042478373654547 0.007
266 -0.02844041972687916 -0.01984549444740407 0.007
267 -0.02844041972687916 -0.0151545055525959 -0.007
268 -0.03097845193432431 -0.01457521626345452 -0.007
269 -0.03301379573616262 -0.01619834878264732 -0.007
270 -0.03301379573616262 -0.01880165121735268 -0.007
271 -0.03097845193432429 -0.02042478373654547 -0.007
272 -0.02844041972687916 -0.01984549444740407 -0.007
273 -0.02287826793595298 -0.02240324289412506 0.007
274 -0.02541630014339813 -0.02182395360498368 0.007
275 -0.02745164394523644 -0.02344708612417649 0.007
276 -0.02745164394523643 -0.02605038855888184 0.007
277 -0.0254163001433981 -0.02767352107807463 0.007
278 -0.02287826793595297 -0.02709423178893323 0.007
279 -0.02287826793595298 -0.02240324289412506 -0.007
280 -0.02541630014339813 -0.02182395360498368 -0.007
281 -0.02745164394523644 -0.02344708612417649 -0.007
282 -0.02745164394523643 -0.02605038855888184 -0.007
283 -0.0254163001433981 -0.02767352107807463 -0.007
284 -0.02287826793595297 -0.02709423178893323 -0.007
285 -0.01562953059442381 -0.02796539468505126 0.007
286 -0.01816756280186897 -0.02738610539590988 0.007
287 -0.02020290660370728 -0.02900923791510268 0.007
288 -0.02020290660370727 -0.03161254034980804 0.007
289 -0.01816756280186894 -0.03323567286900082 0.007
290 -0.01562953059442381 -0.03265638357985944 0.007
291 -0.01562953059442381 -0.02796539468505126 -0.007
292 -0.01816756280186897 -0.02738610539590988 -0.007
293 -0.02020290660370728 -0.02900923791510268 -0.007
294 -0.02020290660370727 -0.03161254034980804 -0.007
295 -0.01816756280186894 -0.03323567286900082 -0.007
296 -0.01562953059442381 -0.03265638357985944 -0.007
297 -0.007188197173012054 -0.0314619094727133 0.007
298 -0.009726229380457202 -0.03088262018357191 0.007
299 -0.01176157318229551 -0.03250575270276472 0.007
300 -0.0117615731822955 -0.03510905513747007 0.007
301 -0.009726229380457177 -0.03673218765666286 0.007
302 -0.007188197173012045 -0.03615289836752147 0.007
303 -0.007188197173012054 -0.0314619094727133 -0.007
304 -0.009726229380457202 -0.03088262018357191 -0.007
305 -0.01176157318229551 -0.03250575270276472 -0.007
306 -0.0117615731822955 -0.03510905513747007 -0.007
307 -0.009726229380457177 -0.03673218765666286 -0.007
308 -0.007188197173012045 -0.03615289836752147 -0.007
309 0.001870469405576193 -0.03265450555259591 0.007
310 -0.0006675628018689546 -0.03207521626345453 0.007
311 -0.002702906603707268 -0.03369834878264734 0.007
312 -0.002702906603707258 -0.03630165121735269 0.007
313 -0.0006675628018689293 -0.03792478373654548 0.007
314 0.001870469405576202 -0.03734549444740409 0.007
315 0.001870469405576193 -0.03265450555259591 -0.007
316 -0.0006675628018689546 -0.03207521626345453 -0.007
317 -0.002702906603707268 -0.03369834878264734 -0.007
318 -0.002702906603707258 -0.03630165121735269 -0.007
319 -0.0006675628018689293 -0.03792478373654548 -0.007
320 0.001870469405576202 -0.03734549444740409 -0.007
321 0.01092913598416441 -0.03146190947271331 0.007
322 0.008391103776719264 -0.03088262018357193 0.007
323 0.006355759974880951 -0.03250575270276473 0.007
324 0.006355759974880961 -0.03510905513747008 0.007
325 0.008391103776719288 -0.03673218765666288 0.007
326 0.01092913598416442 -0.03615289836752148 0.007
327 0.01092913598416441 -0.03146190947271331 -0.007
328 0.008391103776719264 -0.03088262018357193 -0.007
329 0.006355759974880951 -0.03250575270276473 -0.007
330 0.006355759974880961 -0.03510905513747008 -0.007
331 0.008391103776719288 -0.03673218765666288 -0.007
332 0.01092913598416442 -0.03615289836752148 -0.007
333 0.01937046940557618 -0.02796539468505128 0.007
334 0.01683243719813103 -0.0273861053959099 0.007
335 0.01479709339629272 -0.0290092379151027 0.007
336 0.01479709339629273 -0.03161254034980806 0.007
337 0.01683243719813106 -0.03323567286900084 0.007
338 0.01937046940557619 -0.03265638357985946 0.007
339 0.01937046940557618 -0.02796539468505128 -0.007
340 0.01683243719813103 -0.0273861053959099 -0.007
341 0.01479709339629272 -0.0290092379151027 -0.007
342 0.01479709339629273 -0.03161254034980806 -0.007
343 0.01683243719813106 -0.03323567286900084 -0.007
344 0.01937046940557619 -0.03265638357985946 -0.007
345 0.02661920674710536 -0.02240324289412508 0.007
346 0.02408117453966021 -0.0218239536049837 0.007
347 0.0220458307378219 -0.02344708612417651 0.007
348 0.02204583073782191 -0.02605038855888186 0.007
349 0.02408117453966024 -0.02767352107807465 0.007
350 0.02661920674710537 -0.02709423178893326 0.007
351 0.02661920674710536 -0.02240324289412508 -0.007
352 0.02408117453966021 -0.0218239536049837 -0.007
353 0.0220458307378219 -0.02344708612417651 -0.007
354 0.02204583073782191 -0.02605038855888186 -0.007
355 0.02408117453966024 -0.02767352107807465 -0.007
356 0.02661920674710537 -0.02709423178893326 -0.007
357 0.03218135853803154 -0.01515450555259593 0.007
358 0.0296433263305864 -0.01457521626345455 0.007
359 0.02760798252874808 -0.01619834878264735 0.007
360 0.02760798252874809 -0.0188016512173527 0.007
361 0.02964332633058642 -0.02042478373654549 0.007
362 0.03218135853803156 -0.0198454944474041 0.007
363 0.03218135853803154 -0.01515450555259593 -0.007
364 0.0296433263305864 -0.01457521626345455 -0.007
365 0.02760798252874808 -0.01619834878264735 -0.007
366 0.02760798252874809 -0.0188016512173527 -0.007
367 0.02964332633058642 -0.02042478373654549 -0.007
368 0.03218135853803156 -0.0198454944474041 -0.007
369 0.03567787332569358 -0.006713172131184166 0.007
370 0.03313984111824844 -0.006133882842042786 0.007
371 0.03110449731641012 -0.007757015361235589 0.007
372 0.03110449731641013 -0.01036031779594094 0.007
373 0.03313984111824846 -0.01198345031513373 0.007
374 0.0356778733256936 -0.01140416102599234 0.007
375 0.03567787332569358 -0.006713172131184166 -0.007
376 0.03313984111824844 -0.006133882842042786 -0.007
377 0.03110449731641012 -0.007757015361235589 -0.007
378 0.03110449731641013 -0.01036031779594094 -0.007
379 0.03313984111824846 -0.01198345031513373 -0.007
380 0.0356778733256936 -0.01140416102599234 -0.007
381 0.0298084532352348 -7.300724245897146e-18 -0.1977661652450257
382 0.05895103488218087 -1.443836237622466e-17 -0.1911145611572281
383 0.08677674782351159 -2.125347134974289e-17 -0.1801937735804839
384 0.1126640116127243 -2.759381289361206e-17 -0.165247754863199
385 0.1360345475541838 -3.331775425484115e-17 -0.1466103743659654
386 0.1563662964936059 -3.829743204194871e-17 -0.1246979603717467
387 0.1732050807568877 -4.242160848184052e-17 -0.1000000000000001
388 0.1861747497288408 -4.559815628784588e-17 -0.07306820487327899
389 0.1949855824363647 -4.775611663106583e-17 -0.04450418679126293
390 0.199440759436236 -4.884728424335498e-17 -0.01494601871728514
391 0.1994407594362361 -4.884728424335499e-17 0.01494601871728451
392 0.1949855824363648 -4.775611663106586e-17 0.04450418679126249
393 0.1861747497288411 -4.559815628784594e-17 0.07306820487327841
394 0.1732050807568881 -4.242160848184063e-17 0.09999999999999939
395 0.1563662964936064 -3.829743204194883e-17 0.1246979603717461
396 0.1360345475541846 -3.331775425484136e-17 0.1466103743659646
397 0.112664011612725 -2.759381289361222e-17 0.1652477548631986
398 0.08677674782351216 -2.125347134974303e-17 0.1801937735804836
399 0.05895103488218113 -1.443836237622472e-17 0.1911145611572281
400 0.02980845323523525 -7.300724245897255e-18 0.1977661652450257
401 0.03782685699699869 -9.26460188473101e-18 0.03269753644739328
402 0.02079811503033793 -5.093900762736103e-18 0.04546909292238885
403 0.04682423468281569 0.002084245254292121 0.01741111657003826
404 0.04582575694955841 0.009999999999999997 0.01732050807568877
405 0.04935073223939811 0.008029694092180037 0.0001709506489121768
406 0.02079811503033835 -5.093900762736205e-18 -0.04546909292238865
407 0.03782685699699934 -9.264601884731167e-18 -0.03269753644739253
408 0.04682423468216539 -0.002084245255436491 -0.01741111657182581
409 0.04582575694955841 -0.01 -0.01732050807568877
410 0.04935073123349523 -0.008029701258617431 -0.0001709622022366949
411 -0.02988840331158254 0.03993748819200669 -0.003415246267891866
412 -0.01425262443693478 0.04468626966596888 -0.01732050807568876
413 -0.0196427744989909 0.04585299989584014 0.003415233782483241
414 -0.03157313251262352 0.03468626966596891 0.01732050807568881
415 -0.01964267768182761 -0.04585286064238878 -0.003415246267891946
416 -0.03157313251262361 -0.03468626966596886 -0.01732050807568878
417 -0.02988847550002739 -0.03993764166485539 0.003415233782483258
418 -0.01425262443693483 -0.04468626966596886 0.01732050807568877
419 0.055 0.01000000000000003 0.01732050807568876
420 0.055 -0.01000000000000004 -0.01732050807568875
421 -0.03025905793483676 0.04246864881945191 0.02022412471418177
422 -0.03616025403784435 0.04263139720814416 0.01732050807568879
423 -0.03896990785031575 0.03743943727587973 0.01441689143719579
424 -0.01293854985914797 0.0524686488194519 -0.01441689143719578
425 -0.01883974596215557 0.05263139720814415 -0.01732050807568875
426 -0.02164939977462697 0.04743943727587973 -0.02022412471418175
427 -0.021649399774627 -0.04743943727587967 0.02022412471418177
428 -0.01883974596215567 -0.0526313972081441 0.01732050807568879
429 -0.01293854985914806 -0.05246864881945192 0.01441689143719579
430 -0.03896990785031577 -0.03743943727587966 -0.01441689143719578
431 -0.03616025403784445 -0.04263139720814409 -0.01732050807568875
432 -0.03025905793483682 -0.04246864881945191 -0.02022412471418176
433 0.02762590685774616 -6.766172213620226e-18 -0.03802379873562258
434 0.04469965626587216 -1.094789661537266e-17 -0.0145237987356227
435 0.04469965626587227 -1.094789661537268e-17 0.0145237987356224
436 0.02762590685774628 -6.766172213620255e-18 0.0380237987356225
437 5.558468734820303e-19 2.974683080715498e-18 -0.008
438 5.558468734820303e-19 2.974683080715498e-18 0.008
439 0.03231955018700066 -0.001347289426957624 0.00261141933130398
440 0.03200002350549594 1.187570726734082e-05 0.004739782327848747
441 0.03416165834543407 -0.002880483166105932 0.004550706460499202
442 0.03266573547109948 -0.001884465205069281 -0.004754667689602578
443 0.03203778373404335 0.0004746312186338548 -0.004856436103429163
444 0.0322272607830486 -0.001145389555906507 -0.002779826405786489
445 0.03242816651844564 0.001544562249686296 -0.002714453578487379
446 0.03202755477148855 0.00040567149702621 -0.0004473506485496697
447 0.0344046090416131 0.002940324745104039 -0.004971304255810377
448 0.03401399136458195 -0.002833334955645206 1.076299157300783e-05
449 0.03457633864876196 -0.002969934521074018 -0.004494843896413253
450 0.03302531500237405 0.002258455038328413 0.004724548956327073
451 0.03633958448287322 0.00268430874029894 0.002571864824220353
452 0.03488792648025771 0.002997905856789465 -0.001709283082490956
453 0.03255611345514763 0.001739947860106589 0.002220249422058818
454 0.03543618760521824 0.0005469619487058165 0.007
455 0.03424665620030221 -0.0009446632470487522 0.007
456 0.03543618760521824 0.0005469619487058165 -0.007
457 0.03424665620030221 -0.0009446632470487522 -0.007
458 0.03278161294467198 0.006239490657384521 -6.401017064502044e-05
459 0.0328594211404248 0.006212383274100371 0.004400374345646639
460 0.03081336745924838 0.008869601322692463 0.004609365078007134
461 0.03080806748892481 0.009121761527046366 -0.005014182272690509
462 0.03315052862041006 0.01198586914087093 -0.005050585456381903
463 0.0312442843414139 0.01061764638130115 -0.003055272411654712
464 0.03182155521778024 0.01130731171097925 0.004677709856458364
465 0.03511995966414516 0.01175629468839501 0.002579157989304934
466 0.03363925148016217 0.01205395033091239 -0.001733757541468028
467 0.03139734719956398 0.01084517899212341 0.002147217563896536
468 0.03111425452764956 0.007736945598256085 -0.002665508616789354
469 0.03082850688394836 0.00941387419098328 -0.0004864762346703392
470 0.03271208759350878 0.00626576805829347 -0.005442631095356129
471 0.03097872519409656 0.008059378499525358 0.001863453353826076
472 0.03424359152533563 0.009605628527294041 0.007
473 0.03305406012041959 0.008114003331539473 0.007
474 0.03424359152533563 0.009605628527294041 -0.007
475 0.03305406012041959 0.008114003331539473 -0.007
476 0.02928509815700994 0.01468082407879629 -6.401017064507422e-05
477 0.02936290635276277 0.01465371669551214 0.004400374345646625
478 0.02731685267158634 0.01731093474410423 0.004609365078007137
479 0.02731155270126277 0.01756309494845815 -0.005014182272690499
480 0.02965401383274801 0.02042720256228269 -0.005050585456381894
481 0.02774776955375186 0.01905897980271292 -0.003055272411654677
482 0.02832504043011821 0.01974864513239103 0.004677709856458399
483 0.03162344487648314 0.02019762810980678 0.00257915798930494
484 0.03014273669250013 0.02049528375232416 -0.001733757541468016
485 0.02790083241190195 0.01928651241353519 0.002147217563896548
486 0.02761773973998752 0.01617827901966787 -0.002665508616789353
487 0.02733199209628633 0.01785520761239505 -0.000486476234670334
488 0.02921557280584675 0.01470710147970524 -0.005442631095356131
489 0.02748221040643452 0.01650071192093712 0.001863453353826064
490 0.03074707673767359 0.01804696194870582 0.007
491 0.02955754533275756 0.01655533675295125 0.007
492 0.03074707673767359 0.01804696194870582 -0.007
493 0.02955754533275756 0.01655533675295125 -0.007
494 0.02440938939467975 0.02772948271323891 -0.0004130755140376099
495 0.02174934958336423 0.02468813143282097 0.001840507742238593
496 0.02202701045584244 0.02348691217149569 -0.001139948212446278
497 0.02595606914665636 0.02200240343751671 0.0007300116829827858
498 0.02429947010963851 0.02178256827110359 -0.004059068683831614
499 0.02407867668800927 0.02767294983733115 0.004548075681009998
500 0.022823290242622 0.02244816057269271 0.004077580845988012
501 0.02565462204812102 0.02188877704488815 0.004751480245555917
502 0.02181014370003591 0.02535261432417995 -0.003929009199326055
503 0.0241826118095128 0.02769483677671447 -0.005246296142957544
504 0.02177590536901173 0.02515156492645614 0.004675646733968238
505 0.0251849249467474 0.02529569929023498 0.007
506 0.02399539354183137 0.02380407409448041 0.007
507 0.0251849249467474 0.02529569929023498 -0.007
508 0.02399539354183137 0.02380407409448041 -0.007
509 0.01450003308966873 0.0302967988195622 0.004790649799855966
510 0.01463013116160384 0.02943690237603245 0.002226291843203633
511 0.01552401777859498 0.03256820928269795 0.003059713288118215
512 0.01503341549009176 0.03201850760725606 -0.004990150816268744
513 0.01459732507576483 0.03106883258959205 -0.001437892054166482
514 0.01451469306712981 0.03001433809712221 -0.00502935426358433
515 0.01771972638870137 0.03330283169776443 -0.004223071859088908
516 0.01542199297417302 0.03247465594073523 0.005357586916066195
517 0.01691880372872738 0.0273677257162892 0.001081842958208699
518 0.0183613541583054 0.03318457474747485 -0.0003685910631215658
519 0.01952951380157216 0.02810157391519274 -0.002738131762627255
520 0.01640964933304428 0.02751604827418288 -0.004443694160783103
521 0.01677359075886049 0.02740016248531256 0.004885167305457781
522 0.01754447554224234 0.03331055943536237 0.005862201237200115
523 0.01793618760521824 0.03085785108116117 0.007
524 0.01674665620030221 0.0293662258854066 0.007
525 0.01793618760521824 0.03085785108116117 -0.007
526 0.01674665620030221 0.0293662258854066 -0.007
527 0.006210704117596147 0.0328644777189861 0.002615717890217593
528 0.006116383272369971 0.03439303942616985 -0.0001987424459713944
529 0.006748029720594149 0.03572076674783178 0.002484133950045062
530 0.009440830190263807 0.03678296285482379 0.0004928712928727605
531 0.007760293668762938 0.03651188682578195 -0.002911306938023679
532 0.01003279989421341 0.0366448436610439 -0.004251156487091113
533 0.006098834671733043 0.03429668408848922 -0.003538390538374092
534 0.006671505683584194 0.03199041111293199 -0.004917403630209651
535 0.008492222318890894 0.03675344209038198 0.005374163000279938
536 0.006933436249116735 0.0359248070576173 -0.005078670297885863
537 0.00691093840435722 0.0317128243227723 -0.001878417942538543
538 0.0103693983793966 0.03110888911631333 -0.002632548026027496
539 0.008519687589501191 0.03085621743849297 0.001582061215551986
540 0.008031421741862802 0.03098875742837336 0.004916614852345833
541 0.00607406898441572 0.034111010904325 0.004885457181156139
542 0.009494854183806474 0.03435436586882321 0.007
543 0.008305322778890437 0.03286274067306864 0.007
544 0.009494854183806474 0.03435436586882321 -0.007
545 0.008305322778890437 0.03286274067306864 -0.007
546 -0.00268044981299934 0.03365271057304239 0.002611419331303989
547 -0.002999976494504063 0.03501187570726735 0.004739782327848766
548 -0.000838341654565929 0.03211951683389407 0.004550706460499202
549 -0.00233426452890053 0.03311553479493073 -0.004754667689602578
550 -0.002962216265956644 0.03547463121863386 -0.004856436103429163
551 -0.002772739216951405 0.0338546104440935 -0.00277982640578649
552 -0.002571833481554355 0.0365445622496863 -0.002714453578487377
553 -0.002972445228511452 0.03540567149702622 -0.0004473506485496671
554 -0.0005953909583868895 0.03794032474510405 -0.004971304255810377
555 -0.000986008635418058 0.0321666650443548 1.076299157300262e-05
556 -0.000423661351238041 0.03203006547892599 -0.004494843896413256
557 -0.001974684997625952 0.03725845503832841 0.004724548956327057
558 0.001339584482873223 0.03768430874029895 0.002571864824220365
559 -0.0001120735197423002 0.03799790585678947 -0.001709283082490951
560 -0.002443886544852376 0.03673994786010659 0.002220249422058823
561 0.0004361876052182414 0.03554696194870582 0.007
562 -0.0007533437996977955 0.03405533675295125 0.007
563 0.0004361876052182414 0.03554696194870582 -0.007
564 -0.0007533437996977955 0.03405533675295125 -0.007
565 -0.0108510999266182 0.03621306031554672 0.00454039251802617
566 -0.01138987486440527 0.0319191592516123 0.003735780909039819
567 -0.008393867236967717 0.03088199081503617 -0.0002618405702387097
568 -0.01175116826633757 0.03248436398819284 0.0005800308585104637
569 -0.01148637777850999 0.03556985060860882 0.001664760550343023
570 -0.007756607405684788 0.03651011402485634 0.002610788552529019
571 -0.008620885726772519 0.03083951781620715 0.004715921276755029
572 -0.01197276951526266 0.03452014796566628 0.004746073839152219
573 -0.01205862985511504 0.0338222477569027 -0.004537181619889209
574 -0.009864767015832963 0.03669707554247759 -0.005098558908760428
575 -0.0117843013507554 0.03506076543570384 -0.001823504685510217
576 -0.01063305230114842 0.03125371842722705 -0.00481498731729995
577 -0.008454890155193486 0.03086878961562749 -0.004399289062064384
578 -0.01125363511492698 0.03176238237390256 -0.002399520235361145
579 -0.009106264323536964 0.03680702630546456 -0.001816188344090221
580 -0.008622478973369983 0.03435436586882321 0.007
581 -0.00981201037828602 0.03286274067306864 0.007
582 -0.008622478973369983 0.03435436586882321 -0.007
583 -0.00981201037828602 0.03286274067306864 -0.007
584 -0.02034796246099209 0.02936796293132407 0.002615717890217597
585 -0.02044228330621826 0.03089652463850782 -0.0001987424459713944
586 -0.01981063685799408 0.03222425196016975 0.002484133950045055
587 -0.01711783638832442 0.03328644806716176 0.0004928712928727614
588 -0.01879837290982529 0.03301537203811991 -0.002911306938023679
589 -0.01652586668437482 0.03314832887338186 -0.004251156487091115
590 -0.02045983190685519 0.03080016930082718 -0.003538390538374093
591 -0.01988716089500403 0.02849389632526994 -0.004917403630209645
592 -0.01806644425969733 0.03325692730271994 0.005374163000279936
593 -0.0196252303294715 0.03242829226995526 -0.005078670297885862
594 -0.01964772817423101 0.02821630953511027 -0.001878417942538541
595 -0.01618926819919162 0.0276123743286513 -0.002632548026027482
596 -0.01803897898908705 0.02735970265083094 0.001582061215551988
597 -0.01852724483672543 0.02749224264071132 0.004916614852345833
598 -0.02048459759417251 0.03061449611666297 0.004885457181156139
599 -0.01706381239478175 0.03085785108116117 0.007
600 -0.01825334379969779 0.0293662258854066 0.007
601 -0.01706381239478175 0.03085785108116117 -0.007
602 -0.01825334379969779 0.0293662258854066 -0.007
603 -0.02237793080152265 0.02658701815518696 1.332584559122271e-05
604 -0.02378069115978695 0.02758825958831899 0.003423061911304123
605 -0.02359919863377812 0.02197771573219768 4.685206486275493e-05
606 -0.02507525763019703 0.0217665595297466 -0.004826157471595319
607 -0.02707279751010088 0.022851701671633 -0.001937386863750491
608 -0.02721101302936284 0.02646256301443268 -0.002723057323600013
609 -0.02767947190135884 0.02538967020838805 -0.0003232007462310301
610 -0.02773959814345798 0.02451474660776874 -0.004761987686366467
611 -0.02571862722534638 0.02758763036756397 -8.854078828896429e-05
612 -0.02369361794959106 0.02755706835278054 -0.003446498243569674
613 -0.02774872514258779 0.02475729266147911 0.004710021278707364
614 -0.02724385694553811 0.02308309087192938 0.001449344648404749
615 -0.02727168263989228 0.0263719277251464 0.00243263838129727
616 -0.02608253529400299 0.02743592602526104 -0.005092894038028093
617 -0.02617608903835227 0.02738742397195276 0.005261546696244997
618 -0.02629455652885933 0.0221776591552264 0.004110016474437554
619 -0.02389500407298399 0.02187277845688231 0.004801029305535379
620 -0.02431254973631092 0.02529569929023498 0.007
621 -0.02550208114122696 0.02380407409448041 0.007
622 -0.02431254973631092 0.02529569929023498 -0.007
623 -0.02550208114122696 0.02380407409448041 -0.007
624 -0.03075080961034001 0.0204675697082188 -0.002679605077459088
625 -0.0321541225337166 0.01986695809605386 -0.005078321975180804
626 -0.03328689963490727 0.01787863107280814 -0.00385460343621445
627 -0.03224823477885976 0.01520943416458775 -0.004452262783678406
628 -0.03327813142759666 0.01794212346909492 0.004771455126849973
629 -0.03135945121717432 0.01468921406818489 0.004928671952645747
630 -0.033231914811904 0.01681618059401512 0.002613138084541924
631 -0.03145280108342277 0.02027417322751083 0.002703748874624341
632 -0.03325965718541251 0.01805205703496945 -0.0002623255258533729
633 -0.02986311871369079 0.02046639539712417 0.005559249509320039
634 -0.03253200188842219 0.01548340432280505 -0.00197385109931435
635 -0.02898886417324005 0.01480699981299449 -0.002580938312242544
636 -0.03077085163697714 0.01453547061164272 0.001757061553333478
637 -0.03213702630261836 0.01988017290038961 0.005261826296966545
638 -0.02987470152723711 0.01804696194870583 0.007
639 -0.03106423293215315 0.01655533675295126 0.007
640 -0.02987470152723711 0.01804696194870583 -0.007
641 -0.03106423293215315 0.01655533675295126 -0.007
642 -0.03583693146406092 0.01126796917180052 0.004564121945965715
643 -0.03234852833749941 0.01168005591144993 0.00213008586270882
644 -0.03679484247769005 0.008784420585494085 0.004475759363231025
645 -0.0345018945383923 0.006140159634767795 0.004807742965276957
646 -0.03622442010943295 0.007281581116212691 0.001463462738615885
647 -0.03463499169731406 0.01194225782407271 -0.002311283694708298
648 -0.03675031600105751 0.00964113416039576 -0.004937962585929104
649 -0.03446846859004681 0.01198492588052495 -0.005381575171333138
650 -0.03460115351748828 0.006165577990820216 -0.002179955319640328
651 -0.03221713260939441 0.006514843243863234 0.001004684941339336
652 -0.03663963483661271 0.008069491146398322 -0.003363631400918008
653 -0.03680481189586151 0.008933985277081002 -0.0009177981103169856
654 -0.03616452373074403 0.007202868583559833 -0.005440564458620979
655 -0.0361299860587278 0.01095751154577432 0.001448010229938154
656 -0.03401990629377914 0.006066202252787823 -0.00504683469373275
657 -0.03337121631489915 0.009605628527294052 0.007
658 -0.03456074769438415 0.008114003316924991 0.007
659 -0.03337121631489915 0.009605628527294052 -0.007
660 -0.03456074769438415 0.008114003316924991 -0.007
661 -0.03784796246099209 -0.0009429262011312932 0.002615717890217595
662 -0.03794228330621827 0.0005856355060524618 -0.00019874244597139
663 -0.03731063685799409 0.001913362827714404 0.002484133950045083
664 -0.03461783638832441 0.002975558934706401 0.0004928712928727614
665 -0.0362983729098253 0.002704482905664557 -0.002911306938023678
666 -0.03402586668437483 0.002837439740926516 -0.004251156487091111
667 -0.03795983190685519 0.0004892801683718253 -0.003538390538374096
668 -0.03738716089500404 -0.001816992807185408 -0.004917403630209665
669 -0.03556644425969734 0.002946038170264594 0.005374163000279981
670 -0.03712523032947151 0.002117403137499908 -0.005078670297885863
671 -0.03714772817423102 -0.002094579597345089 -0.001878417942538552
672 -0.03368926819919162 -0.002698514803804049 -0.002632548026027507
673 -0.03553897898908703 -0.002951186481624418 0.001582061215551977
674 -0.03602724483672544 -0.002818646491744026 0.004916614852345828
675 -0.03798459759417252 0.0003036069842076099 0.004885457181156148
676 -0.03456381239478176 0.0005469619487058208 0.007
677 -0.0357533437996978 -0.0009446632470487479 0.007
678 -0.03456381239478176 0.0005469619487058208 -0.007
679 -0.0357533437996978 -0.0009446632470487479 -0.007
680 -0.03665536638110949 -0.0100015927797195 0.002615717890217593
681 -0.03674968722633566 -0.008473031072535754 -0.0001987424459713978
682 -0.0361180407781115 -0.007145303750873831 0.002484133950045038
683 -0.03342524030844184 -0.006083107643881812 0.0004928712928727657
684 -0.03510577682994269 -0.006354183672923657 -0.002911306938023679
685 -0.03283327060449223 -0.006221226837661699 -0.004251156487091116
686 -0.03676723582697259 -0.00856938641021638 -0.00353839053837409
687 -0.03619456481512143 -0.01087565938577363 -0.004917403630209621
688 -0.03437384817981474 -0.006112628408323624 0.005374163000279898
689 -0.0359326342495889 -0.006941263441088305 -0.005078670297885864
690 -0.03595513209434842 -0.0111532461759333 -0.001878417942538533
691 -0.03249667211930903 -0.01175718138239227 -0.002632548026027473
692 -0.03434638290920446 -0.01200985306021263 0.001582061215551991
693 -0.03483464875684284 -0.01187731307033224 0.004916614852345835
694 -0.03679200151428991 -0.008755059594380601 0.00488545718115613
695 -0.03337121631489916 -0.008511704629882398 0.007
696 -0.03456074769438416 -0.01000332984025146 0.007
697 -0.03337121631489916 -0.008511704629882398 -0.007
698 -0.03456074769438416 -0.01000332984025146 -0.007
699 -0.03308236215576481 -0.01635155005286778 -0.003652755273237641
700 -0.03016582540395851 -0.01450350930008541 -0.004354941117796172
701 -0.03046635988216255 -0.02049596876585612 0.004472176538624902
702 -0.0307053523573695 -0.02047395338971381 -0.004596294439610038
703 -0.03299751253576277 -0.01883493621151008 -0.001047848224534098
704 -0.03073420334423557 -0.01453001598016 0.0008490944762167543
705 -0.03321042635893954 -0.01673014035549817 0.004597835445432504
706 -0.03285728943287734 -0.01908614170552661 0.002267098999620842
707 -0.03001017565773321 -0.02048489051828044 0.0003130299509352188
708 -0.03105523282867095 -0.01459380791035689 0.005505649014400065
709 -0.0328999367430871 -0.01901553042525779 0.004586168090709907
710 -0.02987470152723712 -0.01695303805129417 0.007
711 -0.03106423293215316 -0.01844466324704874 0.007
712 -0.02987470152723712 -0.01695303805129417 -0.007
713 -0.03106423293215316 -0.01844466324704874 -0.007
714 -0.02518865781941386 -0.02178116763331037 -0.002679605077459098
715 -0.02659197074279044 -0.0223817792454753 -0.005078321975180807
716 -0.0277247478439811 -0.02437010626872102 -0.003854603436214445
717 -0.02668608298793359 -0.02703930317694141 -0.004452262783678405
718 -0.02771597963667049 -0.02430661387243424 0.004771455126849994
719 -0.02579729942624816 -0.02755952327334427 0.00492867195264575
720 -0.02766976302097783 -0.02543255674751405 0.002613138084541934
721 -0.02589064929249661 -0.02197456411401834 0.002703748874624347
722 -0.02769750539448634 -0.02419668030655973 -0.0002623255258533659
723 -0.02430096692276464 -0.02178234194440499 0.005559249509320042
724 -0.02696985009749601 -0.02676533301872411 -0.001973851099314346
725 -0.02342671238231389 -0.02744173752853468 -0.00258093831224255
726 -0.02520869984605097 -0.02771326672988644 0.001757061553333481
727 -0.02657487451169219 -0.02236856444113956 0.005261826296966552
728 -0.02431254973631094 -0.02420177539282333 0.007
729 -0.02550208111579594 -0.02569340060319239 0.007
730 -0.02431254973631094 -0.02420177539282333 -0.007
731 -0.02550208111579594 -0.02569340060319239 -0.007
732 -0.02049996691033129 -0.03032497944534851 0.004790649799855972
733 -0.02036986883839618 -0.03118487588887826 0.002226291843203638
734 -0.01947598222140504 -0.02805356898221276 0.003059713288118208
735 -0.01996658450990826 -0.02860327065765465 -0.004990150816268752
736 -0.02040267492423519 -0.02955294567531866 -0.00143789205416649
737 -0.02048530693287021 -0.03060744016778849 -0.005029354263584327
738 -0.01728027361129866 -0.02731894656714627 -0.00422307185908893
739 -0.019578007025827 -0.02814712232417547 0.005357586916066192
740 -0.01808119627127263 -0.0332540525486215 0.001081842958208711
741 -0.01663864584169462 -0.02743720351743585 -0.0003685910631215641
742 -0.01547048619842786 -0.03252020434971797 -0.002738131762627236
743 -0.01859035066695573 -0.03310572999072783 -0.004443694160783098
744 -0.01822640924113953 -0.03322161577959814 0.004885167305457803
745 -0.01745552445775768 -0.02731121882954834 0.005862201237200117
746 -0.01706381239478178 -0.02976392718374953 0.007
747 -0.01825334379969781 -0.0312555523795041 0.007
748 -0.01706381239478178 -0.02976392718374953 -0.007
749 -0.01825334379969781 -0.0312555523795041 -0.007
750 -0.01190662903958034 -0.03475033012124868 0.002615717890217593
751 -0.01200094988480652 -0.03322176841406493 -0.0001987424459713961
752 -0.01136930343658234 -0.03189404109240299 0.002484133950045057
753 -0.008676502966912686 -0.03083184498541099 0.0004928712928727614
754 -0.01035703948841355 -0.03110292101445283 -0.002911306938023681
755 -0.008084533262963082 -0.03096996417919087 -0.004251156487091114
756 -0.01201849848544344 -0.03331812375174556 -0.003538390538374095
757 -0.01144582747359229 -0.0356243967273028 -0.00491740363020965
758 -0.009625110838285595 -0.0308613657498528 0.005374163000279934
759 -0.01118389690805976 -0.03169000078261748 -0.005078670297885865
760 -0.01120639475281926 -0.03590198351746247 -0.001878417942538546
761 -0.007747934777779878 -0.03650591872392144 -0.002632548026027498
762 -0.009597645567675292 -0.0367585904017418 0.001582061215551983
763 -0.01008591141531369 -0.03662605041186142 0.004916614852345832
764 -0.01204326417276077 -0.03350379693590978 0.004885457181156137
765 -0.008622478973370014 -0.03326044197141157 0.007
766 -0.009812010378286051 -0.03475206716716614 0.007
767 -0.008622478973370014 -0.03326044197141157 -0.007
768 -0.009812010378286051 -0.03475206716716614 -0.007
769 0.001805198374514043 -0.03260390759179622 -0.004303262057354661
770 -0.002775019449907354 -0.03386014603889976 -0.002978004792960192
771 0.001550855274925052 -0.03243195640297188 0.004133785883473017
772 -0.001289549178573747 -0.0377087013338572 -0.0006237927181487043
773 0.002179360969935722 -0.03706164637188845 0.0007678587597312395
774 0.001285084981690474 -0.03771082212434412 -0.004005284178144965
775 -0.001773899714700848 -0.03741935524513956 -0.004146587120991217
776 0.001885732043587991 -0.03266675876519692 -0.0001878910949356816
777 -0.0002800929196607885 -0.03798689604043327 0.003532112448555812
778 -0.00296261083874901 -0.03547216206764937 0.002352951918389139
779 -0.001452661501319816 -0.03237516199307781 0.002283925528302299
780 0.0004361876052182329 -0.03445303805129419 0.007
781 -0.000753343799697804 -0.03594466324704876 0.007
782 0.0004361876052182329 -0.03445303805129419 -0.007
783 -0.000753343799697804 -0.03594466324704876 -0.007
784 0.008032875603142801 -0.0366265798413211 -6.401017064507596e-05
785 0.008110683798895629 -0.03665368722460526 0.004400374345646625
786 0.006064630117719195 -0.03399646917601317 0.004609365078007139
787 0.006059330147395629 -0.03374430897165925 -0.005014182272690499
788 0.008401791278880869 -0.0308802013578347 -0.005050585456381897
789 0.00649554699988472 -0.03224842411740447 -0.003055272411654682
790 0.007072817876251062 -0.03155875878772637 0.004677709856458385
791 0.01037122232261598 -0.03110977581031062 0.002579157989304938
792 0.008890514138632987 -0.03081212016779324 -0.001733757541468019
793 0.006648609858034796 -0.03202089150658222 0.002147217563896545
794 0.00636551718612038 -0.03512912490044954 -0.002665508616789347
795 0.006079769542419186 -0.03345219630772234 -0.000486476234670334
796 0.007963350251979603 -0.03660030244041215 -0.005442631095356128
797 0.006229987852567384 -0.03480669199918028 0.001863453353826064
798 0.009494854183806451 -0.03326044197141158 0.007
799 0.008305322778890414 -0.03475206716716615 0.007
800 0.009494854183806451 -0.03326044197141158 -0.007
801 0.008305322778890414 -0.03475206716716615 -0.007
802 0.01465203753900789 -0.03125381533358666 0.002615717890217597
803 0.01455771669378171 -0.02972525362640291 -0.0001987424459713935
804 0.01518936314200589 -0.02839752630474097 0.002484133950045055
805 0.01788216361167555 -0.02733533019774897 0.0004928712928727623
806 0.01620162709017468 -0.02760640622679082 -0.00291130693802368
807 0.01847413331562515 -0.02747344939152886 -0.004251156487091115
808 0.01454016809314479 -0.02982160896408353 -0.003538390538374092
809 0.01511283910499594 -0.03212788193964078 -0.004917403630209646
810 0.01693355574030263 -0.02736485096219078 0.00537416300027994
811 0.01537476967052848 -0.02819348599495546 -0.005078670297885864
812 0.01535227182576896 -0.03240546872980046 -0.001878417942538539
813 0.01881073180080835 -0.03300940393625942 -0.002632548026027475
814 0.01696102101091293 -0.03326207561407979 0.00158206121555199
815 0.01647275516327454 -0.0331295356241994 0.004916614852345835
816 0.01451540240582746 -0.03000728214824776 0.004885457181156141
817 0.01793618760521822 -0.02976392718374955 0.007
818 0.01674665620030218 -0.03125555237950412 0.007
819 0.01793618760521822 -0.02976392718374955 -0.007
820 0.01674665620030218 -0.03125555237950412 -0.007
821 0.02190077488053707 -0.02569166354266047 0.002615717890217595
822 0.0218064540353109 -0.02416310183547671 -0.0001987424459713926
823 0.02243810048353508 -0.02283537451381478 0.002484133950045066
824 0.02513090095320474 -0.02177317840682277 0.0004928712928727597
825 0.02345036443170386 -0.02204425443586461 -0.002911306938023679
826 0.02572287065715433 -0.02191129760060266 -0.004251156487091115
827 0.02178890543467397 -0.02425945717315735 -0.003538390538374093
828 0.02236157644652512 -0.02656573014871458 -0.004917403630209658
829 0.02418229308183182 -0.02180269917126458 0.005374163000279952
830 0.02262350701205765 -0.02263133420402927 -0.005078670297885863
831 0.02260100916729815 -0.02684331693887426 -0.001878417942538542
832 0.02605946914233753 -0.02744725214533323 -0.002632548026027475
833 0.02420975835244212 -0.02769992382315359 0.00158206121555199
834 0.02372149250480373 -0.0275673838332732 0.004916614852345833
835 0.02176413974735664 -0.02444513035732156 0.004885457181156139
836 0.0251849249467474 -0.02420177539282336 0.007
837 0.02399539354183136 -0.02569340058857792 0.007
838 0.0251849249467474 -0.02420177539282336 -0.007
839 0.02399539354183136 -0.02569340058857792 -0.007
840 0.02994230400741093 -0.01452272859725622 -0.00452643709060004
841 0.03040969171054469 -0.01450162743299589 -5.886199399121779e-05
842 0.02734297931899064 -0.01706237991460646 -0.003827388479434632
843 0.02741536128341155 -0.01828480473712374 0.00417569197533317
844 0.02752250522282686 -0.01860675885924848 0.0005840231206945181
845 0.02826051430850715 -0.01531003126019586 0.003884882263990871
846 0.02849177574637995 -0.01988554532310778 -0.003757381674631039
847 0.03116168415767095 -0.02037682947445073 -0.0008210777207671603
848 0.0294255478107508 -0.02036638635638717 0.004716817790397387
849 0.03096897259969694 -0.01457306881697858 0.004392152687328367
850 0.0311902841573977 -0.02036821623838 -0.004670903583173278
851 0.03074707673767359 -0.0169530380512942 0.007
852 0.02955754535818858 -0.01844466326166326 0.007
853 0.03074707673767359 -0.0169530380512942 -0.007
854 0.02955754535818858 -0.01844466326166326 -0.007
855 0.03085473442316269 -0.009589461116760338 -0.004562205284335628
856 0.03085880395853025 -0.009611620705553882 -0.001427750909819154
857 0.03335541403064691 -0.01202442198654362 -0.003383157470645694
858 0.03297678200197731 -0.006175947856772807 -0.0008026094308173116
859 0.03106909922275756 -0.01028410012816045 0.002778720462662841
860 0.03089329194982488 -0.009771373688555554 0.005353196956509549
861 0.03197047626697384 -0.006686811440280576 0.004152788543844572
862 0.03543966119750707 -0.006541577748131848 0.003007023080972316
863 0.03492633495767955 -0.01184218832867034 0.0001381186563646584
864 0.03328046706426949 -0.01201202696126239 -0.005665480477519334
865 0.03128358353669494 -0.007436837157156591 -0.003181955601738044
866 0.03297219460357027 -0.006177273617266786 -0.004859673271146206
867 0.0331313802946887 -0.01198150630355818 0.005485996400926475
868 0.03424359152533563 -0.00851170462988244 0.007
869 0.03305406012041959 -0.01000332982563701 0.007
870 0.03424359152533563 -0.00851170462988244 -0.007
871 0.03305406012041959 -0.01000332982563701 -0.007
872 -0.01563047664208201 0.04430419572976588 -0.1944037716729795
873 -0.0436652935102599 0.0538659705306935 -0.1875947743447277
874 -0.03532839083147195 0.03047510576867904 -0.1944818056519596
875 -0.06185848676770039 0.03107160498075877 -0.1876381703671455
876 0.1684586941563318 -0.08699447002866918 -0.06366812819279703
877 0.1807910126045105 -0.07562783498244542 -0.03993795609822488
878 0.1781441924804033 -0.06115427816810119 -0.06726664067161027
879 0.1888588357995047 -0.04492071464176204 -0.04810893406145164
880 -0.1127705544858946 0.1651702137293478 0.001265913719590572
881 -0.1334958276938025 0.1485532645815264 0.01052575747951702
882 -0.1269445999356406 0.1538475302532342 -0.01469714197251763
883 -0.1432237439216257 0.1395121306322248 -0.004829553139745595
884 0.01074376193523313 0.01631454286891504 -0.1990437320551877
885 0.008218049211848946 0.03558396806664902 -0.1966373435636866
886 -0.01559492756736837 0.01912489259493425 -0.1984717529458557
887 0.1689505052687401 -0.09852480984822828 -0.04181612863247702
888 0.1555827043503448 -0.1117439983752796 -0.05750913783164122
889 0.07812768920828453 -0.01888553775337449 -0.183137654901278
890 0.0756591096552314 -0.04339076500116903 -0.1799803895950639
891 0.09743444552189311 -0.02493270160164802 -0.1728724651779005
892 0.1485846764132259 -0.1025110019984785 -0.08610510092000884
893 0.1880316278536755 -0.06559358369834377 0.01848211850154792
894 0.1806912471512662 -0.07118155958607096 0.04778973506742505
895 0.1925689515329755 -0.0433551428065375 0.03221072022968847
896 -0.002068244144922631 -0.0400039567475673 0.1959474567599584
897 0.01442385887265908 -0.02149097052733318 0.1983181546934494
898 0.0248973584621747 -0.04140108293561743 0.1940774893524855
899 -0.004564903039454344 -0.1676650984497962 0.1089384065518701
900 0.01733504879545711 -0.1547592979686773 0.1254952420432794
901 0.02222278207370204 -0.1727084177404818 0.09837657443967029
902 0.1852193711440269 -0.03175780101176521 -0.06844871531232959
903 0.1781658612612059 -0.01929507876582006 -0.08879541551495518
904 0.1643979468704548 -0.07279939962710853 -0.0875988725881313
905 0.1721249981526444 -0.04366402262450748 -0.09201324980239889
906 0.001416948331458441 -0.08472015760361673 0.1811642546228265
907 -0.01847703582486023 -0.0621609325218898 0.1891946553556307
908 0.006121175412405594 -0.05994130169631008 0.1907080794369302
909 -0.02992411842774241 -0.08239297920443696 0.1797663597955403
910 0.1791176613512208 -0.0866336235776565 0.02028493672344821
911 -0.1141532652533879 -0.1597983754621003 -0.03786173836029321
912 -0.09953597338236142 -0.1635214207796567 -0.05790798691914872
913 -0.1219381332414653 -0.1485685767408461 -0.05530343268537657
914 0.01323871423743008 -0.1780302852479347 -0.09016625743524381
915 0.03905170371402238 -0.1746155211892033 -0.08935538146555652
916 0.01732330213278683 -0.1655999369184347 -0.1107996574716123
917 -0.08469847443659305 -0.1769501994075403 -0.03892037201447986
918 0.02861180897441657 -0.1844783781763586 -0.0717571764538705
919 -0.1263564649704069 0.08910061996418026 0.1268665569887552
920 -0.147570139263707 0.07040770229237646 0.1151772957470274
921 -0.1359541124428922 0.09860904849687716 0.1085943592660593
922 -0.1541993598656373 0.09039310802968982 0.08973095027781954
923 0.0848973694581367 0.1373644909268303 0.1179975986683687
924 0.1034416125823977 0.1131333137765554 0.1284549964006407
925 0.07667801029616453 0.1223152607921026 0.1384177001484319
926 -0.05149359615403168 0.03424558036268791 0.1901989741842689
927 -0.07134257811009109 0.03934989168721189 0.1826521901670227
928 -0.05205902554065023 0.06049736381533785 0.1833846417537537
929 0.1073452128419794 0.1286926947789279 0.1091567478008017
930 -0.07782183183467754 -0.1090603476374528 -0.1484910874870715
931 -0.04865200039169518 -0.1227907105272612 -0.150184633921373
932 -0.05948913333040735 -0.09649426856737003 -0.1647722645023891
933 -0.03173364920681272 -0.1072952715369129 -0.1657730382596612
934 0.09073797501949792 0.1497337206099167 0.09667695072597388
935 0.06670855329951414 0.156528431149161 0.1051133633686424
936 0.004382742819945109 0.04025274141001572 0.1958583885728478
937 -0.02556793565106436 0.04235575045043567 0.1937840836351723
938 -0.000747743124160618 0.06562622935384901 0.1889249557390878
939 -0.04691314731423903 -0.1812032922569097 -0.07045937470861831
940 -0.03591173474979904 -0.1740377958645621 -0.09176705791222185
941 -0.06281798843331846 -0.1663455639938899 -0.09155901740815141
942 0.08383661781274179 0.04095483524626772 -0.1769014499196412
943 0.0789362166829482 0.01861497590898019 -0.1828183698857714
944 0.1027248167961005 0.02391132113661281 -0.1699289873320893
945 0.0617660158665121 0.03069500301048997 -0.1877305944010293
946 -0.01147269701634422 -0.08596026576077641 -0.180219893279038
947 0.012278220831744 -0.07588624824638504 -0.1846361898986625
948 -0.01277914478239146 -0.05858236616914554 -0.1908004188482164
949 0.01773528642305995 -0.1981525328830376 0.02051909665479223
950 0.004070750872198809 -0.1999528414651956 0.001513333185671832
951 -0.00865631835929725 -0.1988369959772913 0.01972098332206424
952 0.0293884963699637 -0.1978259911836494 -0.001092471198389662
953 -0.1379948423603055 0.009381430346451473 0.1444624942558071
954 -0.1289361176004422 -0.008339998915397219 0.1526627721358947
955 -0.1450044361854468 -0.01078962730099886 0.1373218752757412
956 -0.1311569843153236 -0.03169749555715456 0.1476249106374467
957 -0.01240008654130072 -0.03244965544653636 -0.1969600409097473
958 -0.04036511026987148 -0.04723907298130048 -0.1901029401581377
959 -0.08752961291131674 -0.1615525147701057 -0.0789895678874738
960 -0.07307388360534377 -0.1740653298657776 -0.06604141483607641
961 0.1650790551110482 -0.09011398149519806 0.06803216814659525
962 0.1550060475481247 -0.1119806274664242 0.0585957702887711
963 0.1460948446148077 -0.108001603146032 0.08361788143012355
964 0.1399804078851761 -0.1261074686353282 0.06709986410336059
965 0.193913405036344 -0.01852097170887415 -0.0453273091432733
966 -0.1976837768153699 0.01183508245321533 0.02794736494442092
967 -0.1957605934386552 -0.0119077280249298 0.03919178574433482
968 -0.1988805327257417 -0.01289046392555658 0.01674424207030969
969 -0.1950106659375142 -0.03489036359397614 0.02745000362272057
970 0.03930269058243462 0.1910993722921636 0.04400373191585555
971 0.03338561655695105 0.1829894235722195 0.07348653936483245
972 0.01641751343443837 0.1907394283149574 0.05786998996641764
973 0.1667494261683711 -0.02021078679984626 -0.1085640500785141
974 0.0911032079238303 -0.1775774807413894 0.01290131154297231
975 0.06992972915457576 -0.1873733684957721 0.001026527600839474
976 0.06774833366962922 -0.1868737785120421 0.02209873728566498
977 0.09174608504727261 -0.1772449835659327 -0.01291788214882233
978 -0.182977119891642 -0.049646813880174 -0.06367548561029615
979 -0.1776591178367381 -0.02799986067053713 -0.0874828306120836
980 -0.1908877498252338 -0.0288497562451111 -0.05224517711001284
981 -0.1883258576424268 -0.008495435267012035 -0.06679220705193381
982 -0.007719769403956601 -0.1808178020030892 -0.08511949035985454
983 -0.009705693003488605 -0.1696550096323308 -0.1054655262632097
984 0.1503551063110284 -0.01966712424552225 0.1304091493343566
985 0.1644417793386675 -0.02571282973405255 0.1108952280082449
986 0.1486454925118655 -0.04502643955303303 0.1260045130028365
987 -0.1690614506559466 0.07414594201187849 -0.07694546890673998
988 -0.1809111449416062 0.06598446147159165 -0.05401118847258603
989 -0.1785061331950638 0.0527272444497115 -0.07318058557080914
990 0.1386482747439027 -0.1367583583669457 -0.04553907473057991
991 0.1591673894666532 -0.1184434370791761 -0.02523676570486013
992 0.1884932018251132 0.05296149735807904 0.04080922277264463
993 0.1962089930128178 0.02587070938665135 0.02885719072826468
994 0.1892232526374739 0.0262124443282604 0.0592238838952039
995 -0.1805216673082752 -0.08594347482988841 -0.0050642636586923
996 -0.1646060546348436 -0.1135456549377169 0.003497287851440837
997 -0.1683533129855028 -0.1057417637059718 -0.02181378956430463
998 -0.1487396592237067 -0.1329443921807434 -0.01422330347381704
999 0.1586937075804795 -0.05869686428932444 0.1066348221593767
1000 0.1446872095843933 -0.08844525208451742 0.1060332436851199
1001 0.1429946161980473 -0.06879582444345383 0.1217360845333815
1002 0.03024697372840826 0.03191951524674572 0.1951057793267174
1003 0.01239855298974284 0.01645238816507465 0.1989361576170261
1004 -0.1249523055540002 0.07536357430418959 -0.1367744603529353
1005 -0.1098210480089938 0.06596875386319884 -0.1535820983316186
1006 -0.1071362646309095 0.09357650177432109 -0.1405889722439716
1007 -0.1335214884615321 0.05562994809763327 -0.1381206754750048
1008 -0.1046121987312399 0.1399626755465501 -0.09729715993011682
1009 -0.07652956157030917 0.1502923780709 -0.1074961734186382
1010 -0.08780958496342869 0.1605663107976848 -0.08067178332832181
1011 -0.06213194990608058 0.1664164425970011 -0.09189770635999209
1012 -0.0445896405272088 0.01354012016567703 0.1944953189759417
1013 -0.01562999570818306 0.01489228378466611 0.1988313936928451
1014 -0.03648136321859974 -0.01066310274878469 0.1963553115591261
1015 0.1795810403722463 0.02409238775015469 -0.08467707358735212
1016 0.1902553107229306 0.02222199164687474 -0.05752477578372087
1017 0.1841745005151854 0.04478875454150504 -0.06382570662830767
1018 0.1983272464998521 0.02578303930751771 -0.001240233790019943
1019 0.1911930229045595 0.0569040951430452 0.0143927741790054
1020 -0.151707100832903 -0.1105275864344712 0.06905510983153898
1021 -0.1344224161299859 -0.1259905356684733 0.07782672396900729
1022 -0.1454182593017387 -0.1268997704053465 0.05244023391178396
1023 -0.1222552666608565 -0.1470005447421782 0.05868977440053551
1024 -0.08296097355365498 -0.1524153478961569 0.09943358885569417
1025 -0.06381944641364964 -0.1676986463234776 0.08834162258374298
1026 -0.09406615711809614 -0.1600579344298566 0.07438424370175031
1027 -0.1376209407715512 -0.09151402113246784 -0.1126306379157972
1028 -0.1501611563060185 -0.09613407163807666 -0.09060831864196918
1029 -0.132435881834012 -0.1136364679540281 -0.09771126011765879
1030 0.009078345250281738 0.05904905456941742 -0.1908685222921125
1031 -0.1118597369201507 -0.02662457883756314 -0.1636414710819879
1032 -0.1030195913201586 -0.0550580127156018 -0.1623440144878651
1033 -0.08863533532817927 -0.02700368707750236 -0.1772415815080692
1034 0.04932110706748203 -0.1937100308154645 -0.006622111378539218
1035 0.04616065965759672 -0.1937802371833235 0.01784413565153587
1036 -0.04157404633725616 0.006454104099075202 -0.1955247892504323
1037 -0.07402802549952923 0.1426397890981169 0.1190535258053527
1038 -0.05506413861245379 0.1591088979093147 0.1079458162457062
1039 -0.04922515195767277 0.1440027344101295 0.1297693989242061
1040 -0.08469018360221657 0.1511535222814887 0.09990087839114507
1041 -0.01239541395578445 0.1598218782009548 -0.1195964922612026
1042 0.0004214103322550179 0.1723028037392131 -0.1015458824223715
1043 -0.02199914569247733 0.1712703246108072 -0.1009084411558809
1044 0.01938078803779151 0.1664299488879007 -0.1092037415485613
1045 0.1928644489156946 0.04988642375663459 -0.01773835023949263
1046 0.1862690810769182 0.07170959074509729 -0.01271078400143519
1047 0.1834987787648242 0.06753096884562335 -0.04204481464567963
1048 0.1908992379284053 0.0424559968292516 -0.04189235361720168
1049 0.1751158045025879 0.0934169227246434 -0.02465225267738091
1050 0.0403525234464089 0.175882452022243 -0.08623825672026544
1051 0.05345211046587289 0.1564530337950774 -0.1125403043494219
1052 0.06605312542043312 0.1219955301626034 -0.1440627475877711
1053 0.06924870582989866 0.1376786439081142 -0.1274723803516151
1054 0.04572308318359529 0.1389741865981721 -0.1363655936208341
1055 0.01438003199057356 0.1806227558014898 -0.08466779060909446
1056 -0.0141817997833964 0.1007516797512927 -0.1721858750949003
1057 0.01031894451404334 0.1098393170566953 -0.1668197944269051
1058 -0.0103274756698768 0.1249733649694026 -0.1558043686631174
1059 -0.164913605438385 0.06151181283585059 0.09497262565055239
1060 0.05740672581337383 0.1415034024177379 0.129155932638001
1061 -0.1597826694285215 0.04177974037986677 0.1128004957617064
1062 0.1969016994649799 -0.01881755962030348 0.02959088031368888
1063 0.198264484511212 -0.02544526351788122 0.006613073869915356
1064 -0.02181887457308444 0.1836454562547411 0.07614645828501798
1065 -0.03437597954405947 0.173576820553072 0.09321684073746044
1066 -0.04736367435104448 0.1806613533965264 0.07154130094500381
1067 -0.0618336523280333 0.1687507120207678 0.08774848507102445
1068 0.1935018263740142 -0.05056093778430044 -0.0007967184527568091
1069 -0.02568336231653777 0.07398619502301237 0.184028280017323
1070 -0.04741751512210453 0.0881754040918161 0.1731377410413164
1071 -0.01909273149186332 0.1014080536439195 0.1713238870103394
1072 -0.0008931969049177114 0.08968277492846413 0.1787629773762439
1073 -0.01165562384475226 -0.01644217469540436 0.1989819120525166
1074 0.002694004283621914 -0.1957004917014477 0.0411589587906622
1075 0.01624192652326916 -0.1865077642065008 0.07036372441467997
1076 0.03138814923765716 -0.1930534450228108 0.04177500990136471
1077 0.05835384844469504 -0.1870515090066999 0.04008193296249616
1078 -0.05694852143970968 0.1861696183519708 0.04580108195788025
1079 -0.05375737193271635 0.1920400449492384 0.01519098741958894
1080 -0.03816773000407186 0.1929699544007179 0.03613614651455171
1081 0.045168382226389 -0.1855531941859057 0.05941236718443728
1082 -0.0165745682517896 -0.1905669542723196 0.05839109201443663
1083 -0.1690966063125951 0.1062585036034764 0.01074561052305683
1084 -0.1800162123177107 0.08432596183394996 0.02198398197697878
1085 -0.1822753766003195 0.0819324868744028 -0.00792178513893863
1086 -0.1909308743217829 0.05952991415267078 0.001261170763691909
1087 -0.1881428903552337 0.05819925395216086 0.0348582794783451
1088 -0.1109672825534631 -0.1170092150342585 0.1183009120834093
1089 -0.1315830362541995 -0.09825928326598408 0.1141534836182459
1090 -0.1069239990042663 -0.09919670585534135 0.136847623232501
1091 -0.09593090222963396 0.1283253612549931 0.1197074085267237
1092 -0.1104165629463034 0.1348399903504957 0.09811401342011873
1093 -0.08836073250847978 -0.1220631950902827 0.1315026895349159
1094 -0.07287070235029926 -0.1423340980126687 0.1201285365010917
1095 -0.1005123715621118 -0.1350626573654057 0.1079599080601452
1096 0.1040101707788534 -0.1306290584937537 -0.1100814855077331
1097 0.07401191481490957 -0.1478548480966661 -0.1125219105763067
1098 0.09291485703690316 -0.152254587046686 -0.09047303501626869
1099 0.0665553052824974 -0.1656295070545488 -0.09020674992272326
1100 0.047702171149195 -0.1585020741098106 -0.1122568277234887
1101 -0.1662242161555601 0.0528097903269106 -0.09788072337849464
1102 -0.1566761033377662 0.08135656399592817 -0.09398780845232027
1103 0.127291475983163 -0.1124298111540292 0.1056239447563723
1104 0.123821410066211 -0.1331078709910937 0.08336997714665384
1105 0.1040908528266277 -0.1351603881332695 0.1043875655310022
1106 0.1045106313433864 -0.1169236086191373 0.1241225107854558
1107 0.1036646891932269 -0.1131805072450065 -0.1282334004627293
1108 0.1262861408287095 -0.1083806766323493 -0.1109298858166972
1109 0.1180892778710532 -0.08998012123657058 -0.134009328907152
1110 0.03076386423789 -0.06620577828455322 0.1861998377520487
1111 0.1357280846175091 -0.06700689237099905 -0.1307209371938698
1112 0.143402664999966 -0.08457832940506529 -0.1108250055987176
1113 0.07363503878135494 0.167331865187727 -0.08110442624459357
1114 0.04825653627337764 0.1840521632465646 -0.06161256293286407
1115 0.07253036850733025 0.1800910204039094 -0.04802676351857946
1116 -0.08187433108246461 0.1743673172568166 -0.05378319981611016
1117 -0.0638299716050898 0.1764333360737899 -0.06926046958234214
1118 0.05373936063269717 -0.0228910316734871 -0.1912801134141036
1119 0.02945934450690068 -0.02604475061796075 -0.1960964507238007
1120 -0.1258639922528281 -0.03934973267035764 -0.1503657341050528
1121 -0.1952192445724112 0.02288325151665032 -0.03695677676154691
1122 -0.1895728620572668 0.01524704837842134 -0.06188422648108782
1123 -0.1879455528003437 0.03990517590674137 -0.0555341887347359
1124 -0.1434779622813999 -0.04917360156941783 -0.1303688277475461
1125 -0.142097324680508 -0.0272720385499568 -0.1380745676508601
1126 -0.1946129318191884 -0.002373361342486621 -0.04604534639546022
1127 -0.1011501931427373 0.1649382974326008 -0.05063592072058979
1128 -0.1177055279114459 0.01886435041953735 -0.160591235695902
1129 -0.12385104895517 0.04161579805116733 -0.1514233899543547
1130 -0.1393568571467841 0.02489887029535154 -0.1412788470514467
1131 -0.1149155565005922 0.1475695162569906 -0.07083539190148523
1132 0.1650311016810039 0.09666014001918599 -0.05849404080267944
1133 0.1619726207438628 0.1122440231416769 -0.03414892968067215
1134 -0.1889506551644713 -0.03327525391489836 0.05648369136145487
1135 -0.1897292145878036 -0.005175302043413601 0.06305585920955023
1136 -0.1812384697003968 -0.01935002588929111 0.08232978561093268
1137 -0.03185482806895711 0.1899149970737257 0.0540144778294111
1138 -0.007785297590492034 0.1913469509688267 0.05766917284269742
1139 -0.1073305401505804 -0.1508792034765725 -0.07560172689336987
1140 -0.1761807055841149 -0.04503383310030144 0.08326051198604068
1141 -0.1813482881099939 -0.05796992366704949 0.06125590869141605
1142 -0.07904976356252695 0.1776878767855702 0.04667069020428785
1143 -0.07070710671765533 0.1744173857013059 0.06766890441510036
1144 0.06675353707172257 -0.1331445452950339 0.1334784452508825
1145 0.04591677637797686 -0.1441187378933243 0.130848916828112
1146 0.05032843137555409 -0.1263881482630491 0.1466052010465988
1147 0.02561617751546784 -0.130706652971133 0.1491964554491153
1148 -0.1402238050879946 -0.1305002122062041 -0.05750633965729168
1149 -0.1288536374753649 -0.1329661108017107 -0.0756092156263668
1150 -0.1500999179743183 -0.1125861042593735 -0.06924148865962085
1151 0.007106118855526897 0.1674906609449835 0.1090705348433925
1152 0.02178332753590895 0.1756131401441813 0.09319609246188096
1153 0.03527905790734358 0.1602786639881742 0.1143072086236746
1154 -0.006243313063232245 0.1761788247216863 0.09445656547683616
1155 -0.1331773291519644 -0.0731549764004191 -0.1300467163284159
1156 -0.1475941573982206 -0.06668358442853492 -0.1173425083662002
1157 -0.03511725783859365 -0.1947914092476447 -0.02868945947929888
1158 -0.05480508279503373 -0.1922597882660123 -0.005707601574884348
1159 -0.02634693754590162 -0.1982234201335978 0.003648916618878585
1160 -0.1496134680505232 0.1149277158686342 -0.0663884801988536
1161 -0.1321254393563137 0.1229466186336435 -0.08618002808919539
1162 -0.1344639484834497 0.1368800002140541 -0.05642084809395129
1163 -0.1537974966449964 0.09901733530804993 -0.08088199635410546
1164 -0.01011763367927563 -0.1800631328461787 0.08645751371830784
1165 0.05236489546140573 0.02319093444148442 0.1916248895186813
1166 -0.06127734424536727 -0.188349666285757 -0.02773968803499322
1167 -0.01417980383866915 -0.1987704294988034 -0.01700733723891159
1168 0.08564251842109721 0.1445820075229593 -0.1084499983362055
1169 0.1051810562924289 0.1488516250368071 -0.082341600185512
1170 -0.1560914030823203 -0.02027171022804035 -0.12338772892076
1171 -0.1631818515573926 -0.04572829281111588 -0.1062101998815647
1172 -0.1639294054155674 -0.1021125193830245 0.05196328920834382
1173 -0.1580988654769222 -0.1192008057328211 0.02821199474614123
1174 0.06811271406498676 0.1864156832378897 -0.02469516603815712
1175 0.09335355240822343 0.1748664674174632 -0.02658632779648898
1176 0.0474461515362861 0.1907606311193956 -0.03686793077087011
1177 -0.03724743841988626 0.1933659984992801 -0.03496024821898728
1178 -0.02458945273973387 0.1978307475832394 -0.01607339804201411
1179 -0.04785247914893919 0.1939529651845441 -0.009611843497652064
1180 -0.04596270447298902 0.1862437252281295 -0.05657477008948129
1181 -0.06423718765515168 0.1857024786092256 -0.03725819588422009
1182 0.178177452228202 0.09052494503692562 0.007617732177517319
1183 -0.1913122773843491 0.05203763680005737 -0.02630013076543902
1184 -0.179794674301124 0.08020411602179904 -0.03523031175159463
1185 0.006463745702145125 0.1849417095729939 0.07586029298464632
1186 -0.1418360155008019 -0.07000912590089928 0.1223979860841196
1187 -0.1537193715552823 -0.08001005884744564 0.0998436041610946
1188 -0.1617508418422136 -0.05645928161138395 0.1031940632171331
1189 -0.09379985510500025 0.1647079618084114 0.06381907629541375
1190 0.09897632932521165 0.1645514457478005 -0.0559151851970099
1191 0.05610523214885498 0.1060421668057612 -0.1600226914679984
1192 0.06518000268089444 0.08272776131177355 -0.1700226007296113
1193 0.08189004906602237 0.1029076936649681 -0.1506785533794426
1194 0.09556611413013906 0.07742942823697783 -0.157707962617491
1195 0.1163503449000147 0.1588760218229675 -0.03494290960059857
1196 0.1117270219476616 0.1651709568085929 -0.01535016591573832
1197 -0.0908059200954128 -0.1456380298165884 -0.1026832466703699
1198 -0.1136518527995654 -0.133680847552908 -0.09598274507827996
1199 -0.1082095808531928 0.1665986030068009 -0.0231428625662143
1200 -0.08856280163962234 0.1767918346201579 -0.03002128207421645
1201 0.07635203822476255 0.1665369359385356 0.08022353287613618
1202 0.05087639663951659 0.1710852600972366 0.09022985117154692
1203 0.05856392095744806 0.1807347854372165 0.06249163540069244
1204 -0.1448745989802502 0.04463354965455395 0.1304576437605178
1205 -0.1291782181669936 0.06100526477774116 0.1399690880894718
1206 -0.1132264635775443 0.08197531806607343 0.1430378102939539
1207 0.1383303612460606 0.1248397569431028 0.0726618623758116
1208 0.1229411128390714 0.1440854854383758 0.06422503919717222
1209 0.1383455029831065 0.1368805260790742 0.04608951491030411
1210 0.1002467512368716 -0.1008789273545342 0.1406201652760065
1211 0.1244276989309237 -0.09260482741749794 0.1262620040935943
1212 0.153451596779888 0.117884903750504 0.05055449449294386
1213 0.08290163173551088 -0.1347376394075936 0.1223645699639362
1214 0.06223923381973534 -0.1477809011983897 0.1195285865997089
1215 0.1156560836038243 -0.1392868667785565 -0.08498728768726455
1216 0.07874143283521425 -0.1177921627292106 0.1411552094491472
1217 -0.1755564521957 0.08090263329388883 0.05132929006496637
1218 -0.1684385188008131 0.07682394667756019 0.07567394928951132
1219 -0.1807572841798974 0.05290195111051945 0.0672918106801119
1220 -0.1633791570910009 0.09486476063069395 0.06563480950467659
1221 -0.1604398734547599 0.1125723775036427 0.03983097825810926
1222 -0.151200471673654 0.1299247822416011 0.01606139237853042
1223 -0.1515401765021877 0.1099793921918761 0.070285903272216
1224 -0.1340280711478358 0.117679383112305 0.090487783345035
1225 0.1092428191659908 0.1313542624445395 -0.1039810761548355
1226 0.09567411290839999 0.1192804653710792 -0.1289132836446636
1227 0.0484599791649378 -0.04725559006118906 -0.1881981392769404
1228 0.05517448559927435 0.09289026978508355 0.1683067851220202
1229 0.03966451870847083 0.1100278466313499 0.1622362441666274
1230 0.06698897788423053 0.107271888844846 0.1549361762329414
1231 -0.1196295341000588 0.1541167398925578 -0.04400914741156173
1232 -0.1799980329056904 0.01153674746253314 0.0864153435916778
1233 -0.1867423855085845 0.02521343812389693 0.06701913154119239
1234 -0.1901756032897704 -0.06032649016291262 -0.01392675475463974
1235 -0.1890623954824234 -0.06320505781899036 0.0161409813997105
1236 -0.1744055030484593 -0.09505852988801602 0.02337940123149042
1237 -0.1964095535666483 -0.0376793889844244 0.001884386773026897
1238 -0.1684511635667998 -0.03042628441265287 0.1034332959439639
1239 -0.1706727386362903 -0.06932019043957417 0.07788149641480774
1240 -0.03567904399739108 0.1387774202186815 -0.1395271782015237
1241 -0.009718114479647898 0.1426664349174734 -0.1398279178093516
1242 -0.04496721491674133 0.1589408960645503 -0.1127640950871749
1243 -0.01494078550887154 0.06484188782448236 -0.1886062101621661
1244 -0.06381896167356638 0.1384516243917769 -0.1294538057925922
1245 0.006597433873964238 0.08368715460330597 -0.1815294301778118
1246 0.03883192826629706 0.06810181444470627 -0.1839951744379726
1247 0.02776359292993528 0.04819754187006749 -0.1921098119964307
1248 -0.02628580234741447 -0.03760456348490676 0.1946662615864965
1249 -0.09647213851619604 -0.1733226823916576 0.02554161816863742
1250 -0.09647142479410727 -0.1678828746684789 0.05008597200057851
1251 -0.07374809572660293 -0.182427951323303 0.03579470565156807
1252 0.0335131720714555 0.09406244839392261 -0.1732891315110375
1253 -0.04547665964892809 -0.1888291906112935 0.04770125994414966
1254 -0.05235263603536099 -0.1915611355228707 0.02373884700943539
1255 -0.02476845001513995 -0.1957629821544592 0.03260948791134901
1256 -0.1881214061829297 -0.05350705995535028 0.04180108934814682
1257 -0.1778854104856213 -0.07963559462135095 0.04488822569077411
1258 0.174713401982589 0.04803221306098218 -0.08466483140085192
1259 0.03778950183765991 0.1200785154153261 -0.1554126883060479
1260 -0.005164917811518867 -0.1955415284329261 -0.04167534381520334
1261 0.01369398014460166 -0.1982149316368818 -0.02287609634499605
1262 0.0238426898261641 -0.1924545661106556 -0.04891590871089514
1263 0.004663684546536347 -0.1884156713352231 -0.0669162524484718
1264 -0.02623642590488124 -0.1882454285533685 -0.06225197655092001
1265 -0.01370895989032061 0.18119870773002 -0.08354096441684389
1266 -0.1186695759540189 0.1581989365223149 0.02984339501635017
1267 -0.137860177163948 0.1401082760999271 0.03693565378643596
1268 -0.09699939604675677 0.1743791406438424 0.0135289495113066
1269 -0.09795549348686665 0.1698143759976987 0.03959544166007781
1270 0.1580634937000154 -0.1181501582400832 0.03250341623873577
1271 0.14391399371329 -0.1313326833690797 0.0451717687562506
1272 0.1249252662495718 -0.1526250810742289 0.03315512750026224
1273 0.121205766847736 -0.1469995172741906 0.06083012414920101
1274 0.01779578321460624 0.133543371391571 -0.1478156894823809
1275 0.1046322342064182 -0.1532403550597118 -0.07462901008419386
1276 0.1827506017493949 -0.04531603465702436 0.06744386230931206
1277 0.190941626924576 -0.02265896468110194 0.05502605225687749
1278 0.08228324672430383 -0.1269954882380591 -0.130773136674488
1279 0.08788599683592442 -0.104281186457268 -0.1462924663515534
1280 -0.0412713091262208 -0.02281164385092171 -0.1943612820183759
1281 -0.01915095229675894 -0.007521880670458211 -0.1989388406955933
1282 -0.069308803168179 -0.177213786261459 0.06157567508580428
1283 0.1264674276912854 0.1212569619143773 0.09645070720551888
1284 0.1252897636711315 0.1045030633387821 0.1156788004434802
1285 0.05929627251277081 -0.03999566628339082 0.1867733887486086
1286 0.1430667370819533 0.1013432917701536 0.09623640659289386
1287 0.01610889259507388 -0.04806822721193751 -0.1934682121488228
1288 0.03825617275561035 -0.06848985693011539 -0.1839717498524848
1289 -0.1723198837075719 -0.008310434146859957 0.1011770446460047
1290 0.1242252168024267 0.1110862638445543 -0.1105800049531928
1291 0.1197042708487289 0.09557088727670161 -0.128596629216003
1292 -0.1169944780688035 0.1514605142702284 0.05806896519145323
1293 0.09341722368008443 -0.1647433032539628 0.06428737319939211
1294 0.1078701528209991 -0.1623357621912512 0.04484562904185688
1295 0.1017629410354376 -0.1507124513619015 0.08324698695030663
1296 -0.1937954034261219 0.01085666697916176 0.04822317278041982
1297 0.1038463891377983 0.09387226279979513 -0.1428423107482065
1298 0.1254693042179189 -0.02970636718766195 -0.152888800922707
1299 0.1183267148485988 -0.05936980698812017 -0.1499133568810056
1300 0.1405116394062616 -0.04371134104987093 -0.1354466605530996
1301 -0.02849996434975023 0.08020793296522916 -0.1809818762238592
1302 -0.1923033142052984 0.03358371355864508 0.04349217779404865
1303 0.1119388401068101 -0.1581911133332094 -0.04944964851181151
1304 0.1081540847797743 -0.1663264770303105 -0.0252625609179868
1305 0.1255505082968786 -0.1536018085150663 -0.02536837179040716
1306 -0.1487419206352296 -0.1332344773590434 0.01115415118265875
1307 -0.1286134036071509 -0.1531168238670806 0.003718959725719762
1308 -0.1874974242356451 -0.05667307023138762 -0.04040889772744051
1309 -0.1947479302839198 -0.03724414875653832 -0.02619383579261318
1310 -0.1964445023461111 -0.01747743334630339 -0.03322795241380782
1311 -0.1374686522959512 -0.141755427922787 0.03174536643925222
1312 -0.11510631580927 -0.1608716140313445 0.02951033479591034
1313 -0.1405264085981706 0.1392786903709771 -0.02921942667208804
1314 -0.1563345825772657 0.1241527329885523 -0.01206636572731543
1315 -0.1543801248507272 0.1203180107317768 -0.04111390694913235
1316 -0.08014310268316989 0.05502535388135795 -0.1747835619346002
1317 -0.05709323819567391 0.07485987207071718 -0.1764549849278504
1318 -0.1811824147044241 0.004501720609831752 -0.08457344212827762
1319 0.02899110138995468 0.1511779626298559 -0.1276900139215408
1320 -0.1726535078649521 -0.0598677460748182 -0.08128111220848321
1321 -0.1775900627482105 -0.07301726599596602 -0.05594862357163937
1322 0.1336368292209328 -0.03393146116908357 0.1448787555810244
1323 0.1135094334128029 -0.02610520893174532 0.1625857515065032
1324 0.0685986244931024 -0.1858077406861099 -0.02774368790874231
1325 -0.1702508067388981 0.102230923005378 -0.02373817992649848
1326 -0.01718319765271161 0.1959555505253911 0.03614083475403872
1327 -0.05507938119402401 -0.185880782247356 -0.04913854452865322
1328 0.1631534083050076 0.06354590441172542 -0.09665859191481807
1329 0.1540619659298065 0.05447490252688584 -0.1153143340982787
1330 0.1661963582755518 0.0396388047534173 -0.1039592980625826
1331 0.1292570539881396 -0.06328078588368238 0.1388818063399621
1332 0.02137911939658411 0.1972813802250652 -0.02495977304223475
1333 0.02382995838405694 0.1923934090055648 -0.0491620713012744
1334 -0.161883808271058 -0.09224146237849516 0.07269900438063774
1335 0.02816449227803004 0.1863070717025295 -0.06705547262043059
1336 0.07009036642291507 -0.1772772708292488 0.06049884116274184
1337 0.05029008862732579 -0.1611482036781145 0.107248139551102
1338 -0.1972532710125451 0.03071674005366642 -0.01215026564841001
1339 -0.1997897430732611 0.009083241515487714 0.001246309067455481
1340 -0.1984522804649566 0.003522201042479238 -0.02458223907772773
1341 -0.1286245801723798 -0.006072214896085924 -0.1530321717212913
1342 0.1362588291051876 0.1426212958786472 -0.03305597453984155
1343 0.1243555486910025 0.1453982733324745 -0.05826696853016061
1344 0.1477897546176444 0.1240250323861468 -0.05268756752471779
1345 0.07525429838302372 -0.1652441567159193 0.08385200800293068
1346 -0.0610166354231768 -0.03621856642298411 -0.1869898009194593
1347 -0.06249244752321164 -0.06751208465278123 -0.177586070479625
1348 0.07985280912773329 -0.150770416905891 0.104363835979872
1349 0.04705721563137911 -0.1766131665515908 0.08119980207883468
1350 -0.09531130356723534 0.1755387255608987 -0.01009510974530819
1351 -0.1680446163382638 0.09295451143666943 -0.05586112891175612
1352 -0.06634971781250024 -0.01086804398374878 0.1883602945585107
1353 -0.08840279142594563 0.002882887941258486 0.1793784697928347
1354 -0.07090661426654814 0.01690113965432943 0.1862433986256689
1355 0.02801407926437923 0.05884029055206941 0.1890847206167572
1356 0.04797893878676555 0.04824217826659533 0.1880710335723974
1357 0.1714577720738367 -0.06574525146168168 0.07924515320015801
1358 0.01930326054468761 0.1990289036297126 -0.003857415235424584
1359 0.04636275916255925 0.1943032158107328 -0.009836406276802016
1360 -0.002781951270282489 0.1997545192541681 -0.009507512012401119
1361 -0.1645222902551225 -0.08617573402288739 -0.07420349637871385
1362 -0.1677223665539324 -0.09752554053967218 -0.04855900225491764
1363 0.0901267634437511 0.05790781759058956 0.168890056465883
1364 0.1052593932330519 0.07028063179381636 0.154858299522085
1365 0.1106200347767093 0.03854009933662166 0.1621044991637276
1366 0.08075548088044752 0.08073838667250707 0.1641945956031696
1367 0.02941398960410037 0.1971712842027626 0.01607177343678366
1368 0.05726411777151095 0.1908502673590386 0.01723357957111701
1369 -0.0811421061625183 -0.05160526169222605 -0.1753649211592429
1370 0.03596675273458556 0.02433311197964888 -0.195228820513558
1371 -0.1806567671134346 0.03194751634083536 -0.07963974319254372
1372 0.1821797016292196 0.0532225845230269 0.06307069692795363
1373 0.1711142372786256 0.06717038685446497 0.07879122368878237
1374 0.1773819869858674 0.07566999859423544 0.05300643362549479
1375 0.08825994504637909 -0.1748630478698787 -0.04041158979880203
1376 0.003336925011787867 0.1895233788398652 -0.06379462206633615
1377 -0.08055258132396335 0.05582021741409279 0.1743427227328106
1378 -0.06314523397722081 -0.0130833726510922 -0.1893185273184711
1379 -0.07868953007858688 0.08708512712571313 -0.1619386874391341
1380 -0.08678104159815225 0.1149408318551274 -0.1387719567909565
1381 -0.06053696599161545 0.1162814409129433 -0.1510427166325463
1382 -0.07295576450159702 -0.04034822893969676 0.1817951507808097
1383 -0.05017338043209237 -0.03264440177156969 0.1908323214997734
1384 0.1686222961472848 0.100596438040315 0.03803784819910902
1385 0.1540080730717498 0.1254614501606874 0.02325807284157364
1386 0.009526200247420874 -0.1302148070700928 -0.1515036485651238
1387 0.02291253490253852 -0.1461205409303103 -0.1346246755337722
1388 0.03733232596046541 -0.1195692352028137 -0.1559150263168877
1389 0.05218882539620361 -0.1360272366176135 -0.1370142963414415
1390 -0.03792619128698973 -0.1804500041011966 0.07745579406565273
1391 -0.03484678494129358 -0.1674997022404681 0.1035835475768704
1392 -0.0276300098659841 -0.1023915668157132 0.1695657677711777
1393 -0.05441484437147036 -0.08626383059727549 0.1720394612951146
1394 -0.004642240405514883 -0.106801867447463 0.1690319813341604
1395 -0.05975243943774609 -0.1567488888607634 0.1089010184624301
1396 0.0477812538780515 0.04698226963805257 -0.1884399589192762
1397 -0.007139908744932417 0.1958035542628704 -0.04012467870452323
1398 -0.02282401438136193 0.1892920647751705 -0.0603951867343088
1399 -0.0827557696584089 0.1627051933097165 0.08172210630112366
1400 0.05559680722845316 -0.1829261693474067 -0.05871125610891086
1401 0.1275753334993699 0.03276748771774482 -0.1505019137127233
1402 0.1079022213179902 0.04875485184827374 -0.1611833584955232
1403 0.009139869142484547 0.1518670649994862 -0.1298185555323279
1404 0.1522557447287665 0.02873963569667228 -0.1264603555945944
1405 -0.110890981013138 -0.1421809854353023 0.08653183062081959
1406 -0.1681610082510294 0.01251488015163836 0.10754186663243
1407 -0.1755118817205086 0.03475635066547172 0.08937323684048248
1408 0.04067801652724322 -0.02023717598509147 0.1947710339849275
1409 0.07538666201869043 0.01886960812795455 0.1842845329342025
1410 0.09427271917610935 0.02695699561249087 0.1743157331014346
1411 -0.1168265049318165 0.1148031118692919 0.1147685202942998
1412 0.04055879884155678 -0.1938647872270907 -0.02777459468516094
1413 0.1437258404666389 0.08026003051982045 0.1135834947653741
1414 0.158452844955172 0.07749554799816882 0.0942716074227852
1415 0.1604644009623236 0.05427914504569496 0.1063247404742239
1416 0.1417250377295062 0.05385679024073077 -0.1304356539659919
1417 0.1428200978772749 0.1399121311416283 -0.005197615004346349
1418 0.1273948248661331 0.1529306839148971 -0.01956436849604775
1419 0.1518717483294746 0.1272862072753737 -0.02707754598923845
1420 0.07611050067015371 0.184915741466409 -0.003655166982055011
1421 0.087719492763013 -0.1665520611332986 -0.06756997500110305
1422 -0.07390732012270083 0.07979489634597067 0.1678406462970649
1423 -0.196161895331539 0.03637259691189643 0.01405507075126415
1424 0.1585363593560132 0.0853087321628633 -0.08711281753511307
1425 0.141951307418598 0.08104511503794472 -0.1152454582646839
1426 0.1846716108786278 -0.07624650330528893 -0.00910312414554768
1427 -0.1440072574166173 -0.1061104167594624 0.08945663344032873
1428 0.1631351209905076 0.1155197349596987 -0.006490233759535136
1429 0.1422636978624477 0.1036631336543373 -0.09494732745825546
1430 0.1299310604664912 0.1264276593200138 -0.08446281125392138
1431 0.1594024179461176 -0.120604231987674 0.006744507364852816
1432 0.1691143685414078 -0.1047367845516424 0.02074936901748498
1433 0.1431560925498531 -0.1384476828521205 0.01840033365829452
1434 0.0573191041047913 -0.1063083768234088 0.1594147086118349
1435 0.03769003711965736 -0.112586138533863 0.1609466449229454
1436 0.1220662882221435 0.06918088378864724 -0.1425265820746792
1437 -0.1515766392966774 0.01750814868536256 0.1292980554731439
1438 0.1959830107733617 -0.03345981026373737 -0.02170485165402165
1439 -0.03688835642941628 -0.07794442737335859 -0.1804547461314764
1440 0.1724409360472913 -0.1013010784283486 -0.00148831595690197
1441 0.1326812897199838 0.147713433408138 0.0240086848665499
1442 0.1579492079063899 -0.08342967437284933 0.08995297191190726
1443 0.09149500824686421 -0.07968573296272795 -0.1589932307618757
1444 0.06921355627928161 -0.07086270619150151 -0.1737468287434095
1445 0.09819815308942148 -0.05170722490398715 -0.1663835497354081
1446 0.1715443161487143 -0.04206842706400239 0.09382321163459861
1447 0.1493265503272557 -0.0226169914802976 -0.1311108426627704
1448 -0.06926700437004515 0.01000169541610038 -0.1873554060986864
1449 -0.09119362679599993 0.02432045615894432 -0.176329911937858
1450 -0.08621852482652963 -0.001312466312686787 -0.1804567632673133
1451 0.03943632382314426 -0.09361247212364697 -0.1722831431864869
1452 0.06615987745127465 -0.09728130199090851 -0.1617381182609282
1453 -0.1386111979125861 0.1297253493339273 0.06291478008726113
1454 -0.03460945874963443 0.1191283567558313 -0.1568777230256506
1455 -0.04756737369046126 0.09644581688350905 -0.1686284358163375
1456 -0.008750624981123977 -0.113322300921761 -0.1645645243551525
1457 0.01441013846254855 -0.1043020896130404 -0.1700394719229729
1458 0.1696698330849686 -0.09597689861105421 0.04472787356808202
1459 0.09382793495100902 0.09719243470292202 0.1474786400105027
1460 -0.1065715007512568 0.1118828875038155 -0.1269832064149958
1461 -0.1190023131964092 0.1182142831695023 -0.1089212224895795
1462 -0.1270431111832658 0.0942278751227182 -0.1223975304110903
1463 -0.1522498953167261 0.04385571788579767 -0.1220518143444302
1464 -0.1696435382136582 0.02416187182856026 -0.1031371605779959
1465 -0.1577327425050766 0.01117156407178831 -0.1224564334692838
1466 0.1301176552777644 0.0275375787700824 0.1493689309746119
1467 0.1217941051710058 0.05446075167169674 0.148997390825973
1468 0.1398524641113894 0.05428490411492234 0.1322665394845055
1469 0.1502960680999886 0.02799805218632504 0.1289465043630708
1470 -0.1078841203134663 9.461050895775659e-05 0.1684072671622015
1471 -0.09638746810994407 0.02976409026824589 0.1726949765391519
1472 -0.1203539971501698 0.01683257016775238 0.1588445150186956
1473 -0.09346731564498467 -0.02084872488954462 0.1755824352735799
1474 0.007669635972911289 -0.01937792423910433 -0.198911218226189
1475 -0.020540991178929 0.1442890057569287 0.1369625879540255
1476 -0.0449072531587334 0.1259294120282104 0.1487451572319807
1477 -0.01317262469072751 0.1252883669146839 0.1553361100150534
1478 -0.07690994009651059 0.1206548052451019 0.139740041096379
1479 -0.04974539270011355 -0.05990874831109026 0.1842181798328003
1480 -0.1010639346138724 -0.08630255960062914 -0.1494588549626377
1481 -0.08222347858798564 -0.07987061503019757 -0.1638901596301287
1482 0.01719100012213375 -0.1078593453633128 0.1675435201152179
1483 0.03832613698396952 -0.09317935161533149 0.1727678085073502
1484 0.06125203944216536 -0.08539082352023147 0.1701663742421284
1485 -0.03768071819506489 0.1102023991381202 0.1625902663153811
1486 0.1276375592268072 -0.1229090554640545 -0.09274706226914821
1487 0.01007443034729558 0.1081748916923316 0.1679187263545368
1488 -0.08806957626155228 0.09294461756495989 0.153639343277736
1489 -0.1015500758556747 0.0633400157271089 0.1602361522921601
1490 -0.06331073040791732 0.1048998125502808 0.1580752375994797
1491 0.1361357406512448 -0.1269935290024897 -0.0730732762973635
1492 -0.1211536546457728 0.1374703940815776 0.08014788030277886
1493 0.1488971260228742 0.1095163998307725 -0.07639243437824661
1494 -0.1696359696744095 -0.009489586018234658 -0.1055158071088183
1495 -0.1542351703317133 -0.121410155116526 -0.03835474504319522
1496 -0.1063007361743349 0.04162692306334621 -0.1642173948309761
1497 -0.1067532110877691 -0.002678000273960176 -0.169105234209302
1498 0.1121014948976379 0.140881452500438 0.08709575869743413
1499 0.1601827863686875 0.09664212584501278 0.070723224356078
1500 -0.1285115091616872 -0.1518768404878678 -0.02045036274515294
1501 -0.1076732620842362 -0.1676693906998238 -0.01713020882795106
1502 -0.1365060856815105 -0.1414102640623822 -0.0370030510866259
1503 -0.01637793765695557 -0.1522290746995272 0.1286781720970214
1504 0.1227625628574363 -0.1435791326216545 -0.06568398462553378
1505 0.1735277813723641 0.06821845164171575 -0.07234882132828346
1506 -0.07649638378461592 -0.1019128374473267 0.1541495275092062
1507 -0.0523171050631495 -0.1066826257401588 0.160878021752496
1508 -0.05871654166326804 -0.1281396382819049 0.1418893964892665
1509 -0.03712897324907109 -0.121142193872666 0.1547449779772745
1510 -0.0215541740553626 0.1616883894170533 0.1157250288766888
1511 0.02931352882158688 0.08359632809378655 0.1793108221978305
1512 0.05995363126542956 0.0698751285641334 0.1775472571070439
1513 0.15800216631685 -0.03832822173161737 -0.1164743012774683
1514 0.154296617909997 -0.05885814366488091 -0.1128196464533577
1515 0.07337828984588721 0.04247819574964833 0.181138702284044
1516 -0.1406491403606007 0.1003824534297939 -0.1007034376733947
1517 -0.03990106757097749 -0.1442762359327726 -0.1326358645003953
1518 -0.03675475483186531 -0.1611794495821027 -0.1125623073220334
1519 -0.01012577743218676 -0.1514072493273005 -0.1302816697871749
1520 -0.06339307539309054 -0.1329747258103978 -0.1352739453400228
1521 -0.06417509997622324 -0.148210987890972 -0.1179621109145809
1522 0.09985594918328902 0.1594993245261092 0.06774034904264457
1523 0.1897950211057385 -0.05730695765551295 -0.02633937295649866
1524 -0.1045451588643662 0.104871550002459 0.1344331348965209
1525 0.003894723919075126 -0.122364707555272 0.158150907270578
1526 0.1088794908135075 -0.0801411518131675 0.1473860653733934
1527 -0.01752854851251697 -0.1243529512556952 0.1556569738272046
1528 -0.0293536408774648 -0.1360259592630449 0.1436499292509582
1529 -0.001515154334255874 -0.1389298522114626 0.1438617408202909
1530 0.1799655135516881 0.01940070273113738 0.08506483800969243
1531 0.1658271323451883 0.02873061338123499 0.1080551434819714
1532 0.1769969692584407 0.04201160321164787 0.0831089530009472
1533 -0.09217210165987853 -0.04748174761816098 0.1710256919843516
1534 0.1121997478134246 -0.05497069495845325 0.1561711858390933
1535 0.1066644581332537 -0.1671161386130824 0.02636075845252588
1536 0.1189357898945215 -0.1607765588129175 0.00227508646928352
1537 0.1433454741648585 -0.1390547662653342 -0.01076322513678639
1538 -0.04504084953016112 -0.1486340880778756 0.126012815756413
1539 -0.1470239295002928 -0.03945637431132864 0.1297195385456534
1540 -0.1291471188522847 -0.05778506119713144 0.1413573782814241
1541 -0.160649258067018 -0.01060557224357679 0.1186563850785239
1542 -0.07775373793123457 -0.06981580576338786 0.1705289110483316
1543 -0.09375165891378034 -0.0854741451827767 0.1546117620240705
1544 0.06334354648038847 -0.1161758467971978 -0.1499692226433173
1545 0.08668453815826757 -0.02068284571331529 0.1790475097215458
1546 0.08891521184508135 -0.04616713708377627 0.1730973152767891
1547 0.1814419574196799 0.07851742569672124 0.03022962040242866
1548 -0.1460535130604629 0.07365158932516748 -0.115081774024274
1549 -0.1026109636595624 0.1511072132588781 0.08147146885868634
1550 -0.01808510930558969 -0.1307511288320129 -0.150256684146028
1551 -0.1214959514590548 -0.0662655710053963 -0.1443870073046317
1552 0.1217004635615765 0.158685600808045 0.002806646591071553
1553 0.006033333369810259 0.1549323160556147 0.1263312167680335
1554 -0.1124426022677552 -0.1182878777129897 -0.1156055326591778
1555 0.05291039788876161 -0.06858331162761473 0.1802687414984706
1556 0.09426980900661781 -0.06855915586963518 0.1625202918293555
1557 0.08211604757370196 -0.09184719713313849 0.1575469679481643
1558 0.07409070003030946 -0.06592607021224388 0.1736787880985729
1559 0.005091563318305837 0.1402634262294404 0.1424789361462038
1560 0.02073127881108755 0.127278783357241 0.1528735601271766
1561 -0.1156524880626534 0.0392993300314038 0.1583668673176325
1562 -0.13341424982834 0.03334413882625193 0.1452198552150392
1563 -0.09412743522272103 0.1306171754034095 -0.1186557180587072
1564 0.08651340669174418 -0.1762037830719949 0.03831001557956154
1565 -0.09945369362438095 -0.06597194445855639 0.1604888325361765
1566 -0.1579005433210137 -0.07312823946855763 -0.09858843244092071
1567 -0.08116612695960279 -0.1822297991927206 -0.01429545803947321
1568 0.1741253265100912 -0.09581474590939418 -0.02235855840774125
1569 0.03331005332961771 0.1462550382047106 0.1322872032621321
1570 0.04906047816667888 0.1268452218324996 0.1466402372485833
1571 -0.1458301678668324 0.001196316417409001 -0.1368653753400067
1572 0.06310341963676513 0.1862060126924926 0.03667804884818177
1573 0.08406989427066486 0.1746821698842903 0.04917715325062201
1574 0.1964629177401633 0.02392523289572315 -0.02880807497746528
1575 -0.08532568992005933 -0.1300884098230125 -0.1256842562510748
1576 0.1801198529669729 -0.02299504829034724 0.083833563214745
1577 0.08541639245899216 0.06232036285706965 -0.1697651680193985
1578 -0.1240889968041241 -0.1217044358363903 0.09894418209218794
1579 -0.1989984589518961 -0.01556699891938874 -0.01254120725505565
1580 -0.1801614350560705 -0.08117099994133782 -0.03087274019358568
1581 -0.07591284988407573 -0.1846396529266134 0.0120597591027986
1582 -0.101842264002408 -0.1720022481988463 0.006586340213375244
1583 -0.1122305288485017 -0.04709901528623497 0.1587009488108141
1584 -0.1161246623529728 -0.0940720247011148 -0.1329116885832126
1585 -0.07635861306801628 0.183167731487081 0.02487859224726329
1586 0.01017167281563418 0.1961109992927218 0.03790795468686992
1587 -0.1120415500895998 -0.02574316327818783 0.1636581210876877
1588 0.1659728629321453 0.01811383115716109 -0.1101131140732891
1589 0.1203771599592474 0.08263213238952362 0.1366794427004515
1590 0.1079824586489026 0.1655494477957808 0.03054781430233766
1591 0.1012227979466418 0.1724777284236611 0.002319132093512868
1592 0.0859458580601139 0.1795068023025189 0.01976404334733053
1593 -0.03988320493775026 0.1777436162050178 -0.08256232108084634
1594 0.06519769100492658 0.05691647068511248 -0.1803046767346229
1595 -0.1121168191191856 -0.07351859606584527 0.1484076645699368
1596 0.1213416940926557 0.1519687191425821 0.04670868952226533
1597 -0.1001907723475684 -0.1095178634766678 -0.1340434508504749
1598 0.001809615963735393 0.1994908482769489 0.01414661598429656
1599 -0.02725661100716432 0.1976328800081503 0.01408268071384807
1600 -0.1250670616874873 -0.08117411215438217 0.1333003885846026
1601 -0.07554871672440058 0.1851198829462449 -0.004797951569665091
1602 0.1667465666925335 0.1095039012788345 0.0142995839438687
1603 -0.02506319843670584 -0.03011038765814839 -0.03106767836833534
1604 -0.0389127684042992 -0.02209913968725616 -0.02230301504721981
1605 -0.007056419078369318 0.03819191481391311 0.03148943620703981
1606 -0.02150356095386384 0.02476223792724817 0.03774160090851758
1607 0.02510464143809348 0.02613457712498179 -0.03444910531150466
1608 0.01541603635137068 0.01979619840836376 -0.04324877283565297
1609 0.02744924838288799 0.01294326651859741 -0.03973676653985672
1610 0.01123205181344545 0.03652325256004286 -0.03224737252080237
1611 -0.0457635545279319 0.01207895006211932 0.01611818979804592
1612 -0.04984855322770904 0.001957616883650222 -0.003359981732257763
1613 -0.04600669015590048 0.01946713318358262 0.00210123452085361
1614 -0.04799152607496391 -0.01075075238118367 0.00901303213322426
1615 -0.03512076128675325 0.02686694586457396 0.02333879488210447
1616 -0.04286689613951973 -0.004895504253149098 0.02526783040688354
1617 -0.03063167464003187 -0.009893946144694042 0.03825977441691369
1618 -0.03708881938462485 -0.02580218125892766 0.02141651042854831
1619 -0.04655881018669077 -0.01578279544016794 -0.00912033782781731
1620 -0.04521091000233472 -0.001270283215286595 -0.02131572183421787
1621 -0.04432574510820345 0.01624794843676736 -0.01646913756693796
1622 0.02454155239746932 -0.04082539276300325 -0.01519866808864483
1623 0.02828631217348244 -0.04121248712223865 -0.001189726365015617
1624 0.03786826301606423 -0.03183193108842758 -0.007261048087416826
1625 0.03859767656095395 0.0172248193708676 -0.02671188802269452
1626 0.02970627431803709 0.03299830882834019 -0.02299236570279398
1627 0.01655999797248672 -0.04680804422628115 -0.005896902819425173
1628 -0.03731087428361944 0.01047761215797098 0.03159301036082323
1629 0.003828550454182917 0.04576548185365972 -0.01977025220178333
1630 -0.005844254354909899 0.04369816085558607 -0.02358633987871883
1631 -0.02376569845532005 0.007775621089950292 0.04329816732376
1632 -0.007457452158857417 0.01253308481248343 0.04782581094327049
1633 -0.007710863733301077 0.03567148766489303 -0.03417729580086534
1634 -0.03088268744663458 -0.01059697265388775 -0.0378677143044868
1635 0.001867401072135617 0.02673561358368277 0.04221042264109404
1636 0.02071114925687018 0.01950220720841715 0.04111827100523086
1637 0.008692681249825257 0.01220466064244622 0.04770202879639042
1638 0.006066199040846899 0.04891685430034959 -0.008387049216214167
1639 0.01750541627932721 0.04422883665749978 -0.01540682994037613
1640 -0.02071489662313997 0.02461793509583921 -0.03827336318524507
1641 -0.0009233253933780957 0.02500855521833684 -0.04328648329570492
1642 -0.03228524440763943 0.02674874367945083 -0.02724275509396997
1643 -0.03615782290501732 0.0102780409806421 -0.0329692844382411
1644 -0.03760780562672043 0.03149427663936029 -0.009683155214405071
1645 0.04594392970085003 -0.01926095709402226 0.004262728640857305
1646 0.04056453781300581 -0.01816233165760569 0.02290519549744898
1647 0.03534781721577124 -0.03406016958164856 0.009509819459367699
1648 0.04333964959378219 0.02142671366141988 -0.01275032214336947
1649 0.01679989303858506 -0.03357797074487155 0.03301944085760163
1650 0.01592177271126813 -0.0455363054332486 0.0131507429912006
1651 -0.002213196367252402 -0.04270642339533109 0.02590874683613043
1652 0.0279227705333549 -0.03387584966737743 0.02393210594692519
1653 0.03290913808079714 0.03705030814352254 -0.00665306675519307
1654 0.03283441606282055 -0.02954453107173764 -0.0234312143425116
1655 0.01523374541750486 -0.03649003613367749 -0.03060082128828508
1656 0.007251242679357558 -0.04580104858413594 -0.01869982428256168
1657 0.03262676682832288 0.02526367848826992 0.02823544997997336
1658 0.01521029490062066 0.03389398593750267 0.03346407994110289
1659 0.02497898154524511 0.03872534127148328 0.01940099029352516
1660 0.007147558318468205 0.04465751827538429 0.02132178396775968
1661 0.04443254601858184 0.002768525602792473 0.02276146129520883
1662 0.04211229623183275 0.01045169402647912 0.02484585675840593
1663 0.04302894430357893 0.02541794919220008 0.00156134909044641
1664 0.03274658065072619 0.03720375941066972 0.006598616627634117
1665 0.03219593548422095 0.01165479776753715 0.03643607315962703
1666 -0.01611233768483652 -0.006771814957244418 -0.04684586530863357
1667 -0.01020873104536774 0.01173638453799648 -0.04751882877786049
1668 -0.02470531781477303 0.006366243967146837 -0.04300137450619253
1669 0.01821746395863869 0.04638887027911428 0.004024515019627554
1670 0.002413209660279247 -0.02892748253706339 0.04071089747479694
1671 -0.01118847841982206 -0.0329587248508971 0.03589624502440379
1672 -0.02478898038204185 -0.02771455500354314 0.03342768153154398
1673 -0.01367185802515641 -0.02022075643984566 0.04363715512198758
1674 0.005016193958934738 -0.0288753960028549 -0.04050986674681439
1675 0.02382910671297069 -0.01902123502068973 -0.03962784742513201
1676 0.004605772461313904 -0.01423737175625792 -0.04770832323094904
1677 0.02998090088635336 -0.01783172630630737 0.03582143379290675
1678 0.01740897189628993 -0.01943232833433891 0.0426533974381952
1679 -0.01257761822686844 -0.02370800510539634 -0.04218689386126512
1680 -0.01280609272692541 -0.003244265020411569 0.04822321778507446
1681 0.003196753566776405 -0.01268488156313674 0.04825841425453696
1682 -0.04143534890300746 -0.02764820622454787 0.004323026006272761
1683 0.0004128477617613459 -0.04992093565374807 -0.002780241029111353
1684 0.03994663434896305 -0.01506940950623771 -0.02602266898924011
1685 -0.00939350161957995 0.04635003624776881 0.01623071985937366
1686 -0.001302438644778156 0.04983468065101373 0.003848149943553044
1687 -0.0065588705405861 -0.04022216002243614 -0.02896824227255378
1688 -0.01042442165383057 -0.04657590100306951 -0.0149002308349709
1689 0.04476168108667131 -0.002519742526513546 -0.02213691044150497
1690 0.04349275671786552 -0.00627316005915543 -0.0238542988987893
1691 0.03747909998892154 0.02988030781185538 0.01422969673215828
1692 0.005359511886732195 0.01215709892064719 -0.0482024955595618
1693 0.05251495530311277 -0.004397504670375186 -0.0183153329441434
1694 0.05251495530336606 0.004397504670030269 0.01831533294311841
1695 -0.0253265431105657 0.04781582083508691 -0.01038232220257491
1696 -0.01711192233413068 0.05088937541098291 -0.007899004022247677
1697 -0.02763707762140501 0.04481267449347658 0.01315130578478765
1698 -0.03396825955205044 0.04282652289556421 0.006901109331517361
1699 -0.01586030769063328 0.04784705451727562 -0.01721190971016179
1700 -0.03318081576632205 0.03784705451727562 0.01742910644121576
1701 -0.02874644399070769 -0.0458413401413351 -0.01038232220257494
1702 -0.03551553072156904 -0.04026404715443491 -0.007899004022247687
1703 -0.02499037571217117 -0.04634074855323744 0.01315130578478763
1704 -0.0201047270072893 -0.05083063714220119 0.00690110933151734
1705 -0.03318081576632212 -0.03784705451727558 -0.01742910644121574
1706 -0.01586030769063334 -0.04784705451727559 0.01721190971016181
1707 0.0423996316069062 -0.02027971618578214 -6.596228291076029e-05
1708 0.03303960459945759 -0.02182764142416927 -0.02531676515215541
1709 0.02544083039026699 -0.03948853371936422 -0.001555587910824296
1710 0.01575991256010624 -0.03715801993988047 -0.02408125225658439
1711 -0.04334418338741383 0.01385888569853171 0.01175640479369743
1712 -0.03821090796870032 0.0181219059474698 -0.02050665835865446
1713 -0.02803717950876868 0.03760825654542428 -0.002921575740355404
1714 -0.01473296854866937 0.0383383765118404 0.02284969418132951
1715 0.01542324631101431 0.02853826424653483 0.03401015946779336
1716 -0.0006890726569643229 0.01948463082323634 0.04276534041201605
1717 0.02772057089000401 0.03794912098064443 -0.0006589129902158315
1718 0.01233942688170736 0.04002041403562092 -0.02133319021263518
1719 0.03222015729058524 0.02351499126975167 -0.02485772816959445
1720 -0.0007366139415036225 0.0469133986583353 -0.002755072816693992
1721 -0.04373567538453636 -0.01232624583147194 -0.01201059375553849
1722 -0.01820274060599807 -0.03263986112170638 0.02850087192326699
1723 -0.01550343290454696 -0.01557186038065834 0.0415470905414506
1724 0.009787269377520769 -0.02534386146967386 0.03835228864015582
1725 0.04251872525908861 0.01994805653464129 -0.001798066415040109
1726 0.03493852402126784 0.02342202612952456 0.02096922104426292
1727 0.01552923999938528 0.04076697787002901 0.01748988909015882
1728 -0.006276814337774457 -0.03480769880454788 -0.03095199033504929
1729 -0.01206307645973913 -0.01368307132521647 -0.04331576786154814
1730 -0.02791768766298861 -0.02320582710733892 -0.02985116922025179
1731 -0.03062737796563541 -0.002462985797412077 -0.03556539638344913
1732 -0.01749964398869933 0.01590693135711356 -0.04061689297655418
1733 -0.01306426496596518 0.03868471480499383 -0.02327698050339318
1734 0.009355143039560261 0.02284309219493664 -0.03999593026400301
1735 0.03044051777856617 -0.02681065329309111 0.02373949762253742
1736 0.002297022636638856 -0.0437668619644952 0.01697602664900098
1737 -0.03555693767241751 -0.01222336496195138 0.02820094913946614
1738 0.0131736043685442 -0.02322877040159293 -0.0386766127468675
1739 -0.02583071800468053 0.01029202455138544 0.03789258816703278
1740 -0.02647424269040781 -0.03593819757277208 -0.01471599229375263
1741 -0.03068010822068215 -0.03439182840063926 0.009215915517636595
1742 -0.003085114899430003 -0.0463295659793774 -0.007283775272468996
1743 -0.04439362749305605 -0.01138582343496269 0.01041963831980905
1744 0.008644170614601897 -0.01045557971738332 -0.04499954629948057
1745 -0.01227187962821344 0.004000312026528384 0.04519290291717332
1746 -0.09633745349935399 -0.08162399761716141 0.001625421766428221
1747 -0.03977574017385481 0.1144720154077501 0.03614821172635761
1748 0.006694582323566463 0.1103468416262194 -0.05852745852878539
1749 -0.04046216646609281 -0.1138701053662039 -0.0375095402912069
1750 -0.02849286438386586 -0.08986427313169322 0.0820089633372916
1751 -0.09703606190860072 0.08120822804725968 -0.0002059827558434906
1752 -0.09126545242425782 0.04549132272308025 0.05807558381400473
1753 -0.09001152572469265 -0.0475134676613282 -0.05324643548818147
1754 -0.05914661235409673 0.09197616543264789 -0.05612346638604979
1755 -0.01026794681433245 -0.1201757220429223 0.0235025713078032
1756 0.1222300382138324 0.02388789153367616 -0.01379168060734058
1757 0.09484074855168534 0.0008151871734572332 -0.07531116140659334
1758 0.07846803938469732 0.08926153115553252 0.03700013436732923
1759 0.1166420152421522 -0.01535057908263441 0.04791202416355312
1760 -0.02067278053904225 0.097739020609342 -0.003613779358741582
1761 0.1027921708767371 -0.06167076661802719 -0.004760045923245611
1762 -0.058130432237724 -0.0760357254838113 0.02860364502961518
1763 -0.04748704684935386 0.03811890396674456 -0.107072743469685
1764 0.06039787327645513 -0.08940122212253655 -0.06166397094911022
1765 0.08313613105624423 0.08265519226171916 -0.03679426430135423
1766 -0.03725312772998175 0.01559617021180411 0.1177952624280702
1767 0.02667377231601551 0.05322789987584286 0.1076909235804618
1768 -0.1098903799359168 -0.02661561617317625 0.05054747364879241
1769 0.04521924929028774 0.06111954262507909 -0.09381152805722578
1770 -0.1164530234762302 0.01711257446802112 -0.0304064842730428
1771 0.08208188301801703 0.03426143468133806 0.07075934215686404
1772 0.06966408315607631 -0.06700018469170421 0.07835442645865909
1773 -0.01300826776344821 -0.07596351061621896 -0.09759420822370343
1774 0.02634306940540286 -0.01094189836859545 -0.1209219651519749
1775 0.01278885591899617 -0.03909699231608804 0.1168645391896469
1776 0.04879677496410428 -0.1032438865548273 0.001168587515197177
1777 -0.03446689114584718 0.06941510775668738 0.06945984672019517
1778 0.01899505462439088 0.1004138395277302 0.04230900598074416
1779 -0.0197881431876468 0.07146129628150388 -0.05752561233196913
1780 -0.03569880621201368 0.07889290791996276 0.02586819444484971
1781 0.09378334903489469 -0.01217407014365584 0.008700669470514866
1782 -0.06610416059235753 -0.06124190054952918 -0.005564902312235952
1783 0.0318507380834263 0.09533544144983472 -0.01176485742342162
1784 -0.04914908595878169 -0.07042224157897531 -0.05272923046933034
1785 -0.07088330986148017 -0.04167035252801725 0.1039656781765724
1786 -0.001240552174124641 -0.08255891214612811 0.04395792360264872
1787 -0.06742382810521386 0.127285146570806 -0.01051767125863114
1788 -0.05059854238503013 0.07067930865214714 -0.02631398376970957
1789 -0.06619040209022789 0.06109747766311963 0.005906595695472361
1790 -0.0502537133727579 -0.02540960207441752 -0.09350039422378405
1791 -0.01984602674665399 -0.08841096157621384 0.005816881087205168
1792 0.01145918124863971 -0.09670279781408504 -0.03825496778976537
1793 -0.06449177415128127 -0.1292247906951495 0.0110988285539656
1794 0.08633046424284879 0.04792600814228843 0.01065754606137412
1795 0.1334847796021435 0.03767525148687623 0.03957629889715807
1796 0.08241532334762564 0.02507959228472345 -0.03553992730654987
1797 0.01008453195863312 0.1439481018163514 0.007298452500053448
1798 -0.1059265725569566 -0.0817276723033097 0.05634977920285459
1799 -0.1098979429973841 -0.02944749223607257 -0.003534703679728142
1800 0.07393724037743805 -0.0155247696186268 0.04946545282351453
1801 0.061582096462289 0.001700281833112337 0.1216258113661959
1802 -0.09430368428494607 0.01183244531086299 0.1057417877585245
1803 -0.07862380246742053 0.0877426176673784 0.04234619099669024
1804 -0.07942367061029559 0.04147274933993331 -0.06265222362169254
1805 -0.09376870252017333 0.02121384417014162 0.01280807951940578
1806 0.002023888128953051 0.1043965825636863 0.09734534903521751
1807 -0.02298784784113008 0.1403096473248435 -0.03071732437003784
1808 -0.0926402700671512 -0.1028428401969742 -0.04835280328267997
1809 0.03914420695415247 -0.1240215790588249 0.05557611811667244
1810 -0.04823740439904736 0.04503696214032669 0.04945351394858324
1811 -0.10653071734147 -0.003969247902491993 -0.09148104007378605
1812 -0.003792224002665991 0.08765474290954067 -0.1113317768752742
1813 0.07297507691356331 -0.04431833010365979 -0.04727018453816072
1814 0.1186800674422213 -0.02304987426527807 -0.03539281682794058
1815 -0.03311377180221174 -0.05917247766526877 0.05673477535098757
1816 -0.02439990471752972 -0.07663682492647769 -0.02721870580131188
1817 0.05233669440612682 0.0932445997561292 0.08338805538379929
1818 -0.06735740964433633 -0.1152175297356682 0.06029541031673332
1819 -0.004626034224066187 0.01614590025061394 -0.09540673015277568
1820 0.1241151891775693 0.08168707338307833 0.01573433816936146
1821 0.1423247323395498 -0.01555598081672311 0.006526187996660597
1822 0.02047583371846554 0.003113220793739085 0.09398973267914498
1823 0.01847294492127523 -0.1449663672183973 -0.01497000848853962
1824 -0.008780035632566867 0.08117542073358212 -0.02871251936482705
1825 0.09701965103865581 -0.02586323811929695 0.09507916491976201
1826 0.07471574104570375 -0.04668954654679791 -0.1085975675637303
1827 0.1165043260910871 -0.07107926860924758 0.04843237315492342
1828 -0.07431050186657602 0.06366813903291671 0.1078054352962458
1829 -0.06431634765887762 -0.04465390973296526 -0.03349594774594912
1830 -0.02659836096681608 -0.02436996904709336 0.09100844757353013
1831 -0.07688076973440459 -0.07305406573106582 -0.1001317289776978
1832 0.009537973206602868 0.01785932468404911 0.1449053790582918
1833 -0.1108725045912935 0.082362182852452 -0.05119167127703392
1834 0.07641849437800337 0.1248250324077416 -0.003653846067167275
1835 -0.0613136437204122 0.005512327170115921 0.07222443460785871
1836 0.01964392160336344 0.04090085773206802 -0.1381603728831934
1837 -0.1443716115806706 0.00387651835227807 0.02184042114462795
1838 0.1225401830402791 0.05284764585628411 -0.06012396354102521
1839 -0.02395218469605417 0.06569210696474417 0.1201308766269396
1840 0.04817761243743059 0.01243809887272922 -0.08398428866336857
1841 0.05438690762496298 0.06186797436875234 0.02564512769436663
1842 -0.1314869059831724 0.05367078888599029 0.02669994107659192
1843 -0.05929647971002902 0.111273428216025 0.08248340743822632
1844 0.03901743768195165 0.1401046603232779 -0.03380587977745034
1845 0.03042033646974819 -0.05084380013135559 -0.08080564990167841
1846 0.02932210424811486 0.07299715597872616 -0.05013260811381717
1847 0.05817656711236643 0.1112447381247494 -0.07551822555405013
1848 -0.02622744543646553 -0.008134144640397415 -0.1417795772497993
1849 -0.008664640614828108 -0.1246848477173327 -0.07807531165719397
1850 -0.03703182709679796 -0.03033692611939389 0.1410884960035861
1851 0.02517806334884286 -0.09436567255565628 0.1038447747745619
1852 -0.003664090595476469 0.1421563460582181 0.05427539560306913
1853 0.05990043226725011 -0.06836604688612537 0.03171235921411893
1854 -0.1317673340012032 -0.06596576883852986 -0.0311281543025491
1855 0.09442051866378565 -0.1100903949336962 -0.02592812866985873
1856 0.1170422398816394 -0.07205944795018766 -0.05424950099346832
1857 0.0872760550517781 -0.1135071135091231 0.03610326758276792
1858 -0.02739783197334635 -0.1481672295822699 -0.009216259121752939
1859 0.04024607465741153 0.05038788712850096 0.06581799733735183
1860 0.05534019507421348 -0.06730648189254297 -0.01665291358859192
1861 0.02305432392517088 -0.05161642637039526 0.0743314133370919
1862 -0.05617131618208334 0.09528960597396281 0.00132171932914776
1863 -0.08736719724713013 0.07859975132134817 -0.09509020063988238
1864 0.06412937611586207 -0.007700134288390009 -0.04655023534534221
1865 0.06695436891376093 0.01981731819936145 -0.1320758292271463
1866 -0.07088447380167798 -0.00751910944766185 -0.05712424769400473
1867 -0.01065976328933448 0.0351308163506063 0.08686871602497258
1868 -0.07655041219742721 -0.03836956462419487 0.02799310963438329
1869 0.1001086236860138 0.07955719814776034 0.08074915727215336
1870 0.03717235235497927 -0.133739656005997 -0.06005014911825965
1871 0.06363399940073122 -0.0493535077509816 0.1261382607416583
1872 0.05619313954595694 0.1338822932354556 0.04122282659571223
1873 0.09309331999470215 0.01458944162401579 0.03699118479047975
1874 -0.01905511588664599 0.07452557356885552 -0.008202576401674034
1875 -0.001406003501054257 0.08213412841780865 0.02082432745362586
1876 -0.1508288840905195 -0.01402802915695438 -0.02140526859452679
1877 0.1258836424177692 0.0170626605193593 0.08293508736937852
1878 -0.1313530906850019 0.01571675521435989 0.07030930150427114
1879 -0.07307095398552865 0.0398509214448414 -0.02504887390824988
1880 -0.05065950770995413 -0.1061476122718399 -0.08174827873893173
1881 -0.1369237592938848 -0.06197716670910801 0.02275328218552847
1882 -0.05497305013570125 -0.09617399684860677 -0.002069645570463923
1883 -0.0398423935895548 -0.06248505810944763 0.02206990903251956
1884 0.0762902602424884 0.0537085003264432 0.1169831588634805
1885 -0.1332918876880893 -0.03029148219185225 -0.06241507652066623
1886 -0.03457623214052265 0.1285987799778215 -0.07635503799751953
1887 0.003570019886580082 0.06674270271177296 0.05739950279434103
1888 0.03466856284125829 -0.09629856190751347 -0.107141067323154
1889 -0.04383009466386165 -0.07533614576606827 0.1253001002380381
1890 -0.08096374663380677 -0.08745324499028884 0.09634731683463574
1891 -0.03604422654800107 0.151151339288214 0.01072618992535707
1892 -0.07296989156617802 -0.05940813065567834 0.06207616859489436
1893 -0.07358180133531644 0.001351413807768972 -0.1287426920735521
1894 0.09145613903343498 0.04466462472781699 -0.09738232146332604
1895 -0.1319065349437191 0.05835533621900164 -0.01864346052708354
1896 -0.09834626880877397 0.120306415750366 0.02011823383426242
1897 -0.006949691814590785 -0.1330908543068949 0.07117114102838598
1898 0.05166065499303951 0.009177716893548805 0.07063618930004407
1899 0.1445708534559571 0.0118463809456139 -0.05338636890936634
1900 -0.04314674400286588 0.1088068749821598 -0.02902775075913679
1901 -0.06883616349343173 0.132764736191648 -0.05223893552728431
1902 -0.0427457869906455 -0.05585687470780613 -0.132822014727618
1903 0.05363266604507935 0.04206457978391619 -0.05760039943071045
1904 0.008682605105802148 0.04845797888720903 -0.07490146275802484
1905 -0.008801737294412897 -0.03309851624202963 -0.0841643660145216
1906 0.01533676675700235 -0.08359247647384341 -0.004032913318681104
1907 -0.1267535350519278 0.03688205492305193 -0.07388579983365832
1908 0.07696163688564357 0.005051553992424389 -0.006791948517917373
1909 0.05993767328317817 0.06388958999438717 -0.01242455766944419
1910 -0.114380025143314 -0.05077960642590656 0.09008822590898519
1911 0.1457184090828237 -0.0541428102974111 -0.01678764199794556
1912 -0.1023264096041741 -0.115635313339966 0.02871397554076497
1913 0.1114704378156304 0.06235729266691804 -0.01701507285294863
1914 -0.01595053632398194 0.09381234222267834 0.04958204107930629
1915 -0.06472745360557206 -0.03502056422446689 -0.008852639114677433
1916 0.07444719879934167 -0.03841869172309573 -0.006676236360969838
1917 -0.07728183637404891 0.09313683140626397 -0.02635592081514823
1918 0.1005896744263709 0.05809517550765328 0.0457319920216394
1919 0.0157190998115452 -0.05867830973980981 -0.1364273058996141
1920 -0.003212377527553224 -0.06596293363930707 -0.05979992316462454
1921 -0.04225987584206246 0.07888095187857888 -0.09369073360864204
1922 0.09479571844049134 -0.04331225929193219 0.03198518590694299
1923 -0.06018856447256677 0.04636850954117044 0.02643586446953543
1924 0.1155343230429105 0.1052736540602412 -0.01939446319232301
1925 0.1267470494791872 -0.03395429877991996 -0.08094105776129409
1926 -0.08525253735501555 -0.003373058501663667 -0.01894030674168161
1927 -0.03476855522887889 -0.1010152857017248 0.04588751986555349
1928 -0.04022033943457275 -0.1430944294576607 0.04313739952025265
1929 0.05015686786151918 -0.1454776656921773 0.01730863070132692
1930 -0.09734605438585922 -0.1203353445177623 -0.01164405145532075
1931 -0.1042291928208586 0.08337480175651435 0.07972578122699243
1932 -0.03839232650128312 0.05038313440502244 -0.04559596235496244
1933 -0.00705229616952744 0.1170678743995667 0.02278650852754515
1934 -0.1136396133351198 -0.07638018216158393 -0.07637663781152805
1935 -0.04224497243212484 0.06530631505522246 -0.002270177403436876
1936 0.1498293408950768 0.05346492449646666 -0.002056764887767031
1937 -0.07062693559127865 -0.002317874264050202 0.1397232886094595
1938 0.003943700320800905 0.1138007021176033 -0.02338171290548965
1939 0.05571646809298211 -0.02921950707805494 0.08298941965468286
1940 -0.03249460470711042 0.02608413869569827 -0.07326811635583094
1941 -0.07701382846810059 -0.0762042252157818 -0.03409766375489855
1942 0.06173176401210927 0.008269020908772892 0.04376483193151282
1943 0.02841742735322092 0.1252676788338533 0.07369486849704769
1944 -0.023605349860227 0.05896963601459129 0.04312334246407519
1945 -0.04958083959839914 0.03895442989062151 0.08888254977759674
1946 -0.09883674466474518 0.03691711017806977 -0.1124177142984882
1947 -0.001533224210997433 -0.1140992032809792 -0.0102763952761058
1948 -0.03985168889515586 -0.07086482618122175 -0.004622061979003732
1949 0.153783609553238 0.001799209465824739 0.04221342410571634
1950 -0.09327131172682208 -0.05158442375984627 -0.02051680074992645
1951 0.01028739442633399 -0.1569084156813584 0.02456901501013499
1952 0.03434747365819615 -0.01895151068224975 0.1504980393507147
1953 0.04543634597052069 0.04219211513099418 0.1452014931107802
1954 -0.07833759159611538 -0.001886366990668248 0.03892142645824457
1955 0.08777472662877824 0.08375851145842407 0.001637464770996369
1956 -0.0005502080963966623 -0.07714235489406029 0.1359616341287642
1957 -0.110284787681688 0.1149168728993168 -0.01809479741507154
1958 -0.07372201821195179 0.1318822301268466 0.0504386862714243
1959 0.04738852043454535 0.09674609872487641 0.0206002360993179
1960 0.1350074374011986 -0.08196739970255237 0.01254104034369192
1961 -0.1206902630139321 0.09166708476579676 0.04170378173766338
1962 0.02645869671169288 -0.06735231707141466 -0.03494763032628698
1963 0.05968991859929686 -0.1365819681548198 -0.02360132074057839
1964 0.03465742037427619 0.08131525658655936 -0.1310856638100357
1965 0.1485527121367134 -0.04337779014591758 0.03919151525872339
1966 0.132703558837332 -0.03994573261389746 0.07794884947007379
1967 0.06468527495543709 -0.110082393582678 0.0896670943921026
1968 0.06895548094855952 -0.01867757095600826 0.02099819795261754
1969 -0.04326134010932472 -0.03649579692331961 -0.06068112018873505
1970 -0.03364251665671673 0.06094781785995959 0.02068324605910478
1971 0.006887232384442089 0.1503861534067961 -0.05557392453312723
1972 0.002608714891489083 0.1329605962933084 -0.09194456112343163
1973 -0.01378302016807146 -0.05893611016238083 0.04094010753429544
1974 0.01139393221247524 0.0039835006364575 -0.1581026625428327
1975 0.02192004533842893 -0.1035553659520616 0.02554073497407298
1976 -0.05513724941217778 0.04610491780168045 0.1415568593886829
1977 0.1213374999026424 0.01116567565780864 0.01884181635824658
1978 -0.05303898855172907 -0.02848511224346059 0.06078575825533678
1979 -0.04047099339048151 0.1505340868513897 0.04863148156836175
1980 -0.05085466963093141 -0.05096129347295633 -0.009191658497366533
1981 0.01746483706356806 -0.007254221944783973 -0.08016842632440385
1982 0.1054878905776895 0.1171433444855197 0.02409467756282063
1983 -0.02315132832670312 0.05796695682720247 -0.1408957383194377
1984 -0.04236260770999107 -0.05292855532616909 -0.03795613416034137
1985 0.03487584375776716 0.09282187945036764 0.1229003998467124
1986 0.01050367461705147 0.06596789860469361 0.1445984224751862
1987 -0.0685751851028506 -0.1330995644340195 -0.05835474692512629
1988 -0.09334530661382343 0.06053874673797272 0.02713235782144272
1989 0.09867427964172926 0.08711620610840082 -0.08023365257996329
1990 -0.009068117251971188 -0.1362076500033239 -0.04113288253348908
1991 -0.02757553241058298 0.00708689032745414 0.07722026205478186
1992 0.009703527067527327 0.07759161078159504 -0.005616059504326034
1993 0.03546205595572073 -0.08510508196882176 0.05727625808330458
1994 -0.1004396214542196 -0.02335163150768065 0.1235513100780296
1995 0.06245764199820539 -0.02226699442067497 -0.1425825505802754
1996 0.08399449362015686 0.1161362898537243 0.06853087046443898
1997 -0.07020180353475824 0.1140878708560499 -0.08770577660754927
1998 -0.09439350973741319 -0.03675977700462651 -0.1190092099774629
1999 -0.1504685826122812 0.01262051221062797 -0.05184472342764412
2000 -0.1137432679521605 0.04549545675239605 0.09245959461929787
2001 -0.09013573506813458 -0.01745441664877068 0.08177651308144585
2002 -0.01169869136538474 -0.07446198483973272 0.02315704804386676
2003 0.02432150768553693 0.06845573882206164 0.03343259258712964
2004 0.04879718987047402 0.08291642533411617 0.05097640398843046
2005 -0.1503861318759931 0.02419542448519934 -0.0114852783116296
2006 -0.01126836578710582 -0.05757042307842642 0.08638107574820952
2007 0.05973326227386121 0.03433064960757876 0.03184386072277882
2008 0.09578635427135973 0.004547206674140637 0.06458503903463723
2009 -0.0279929891950803 0.1209537319073077 0.06894964100191209
2010 0.160312076452439 0.01179104679393816 -0.01655661228572254
2011 0.0942846059883251 -0.00948592919932633 -0.1168988916588647
2012 0.09398661971011218 -0.08367895596895435 -0.09129516958708954
2013 -0.031428800499481 -0.1174130550392858 -3.769326727914163e-05
2014 -0.06057017656278765 -0.1412117213967027 -0.02341790388767123
2015 0.09240797024286949 0.01389999632957186 0.1018726572544901
2016 0.08717089702593225 0.1246064521452891 -0.04527693156138646
2017 -0.01188619790258192 -0.1111614760373378 0.1141421615616803
2018 -0.09474080937819164 0.04920388362270734 -0.003117953185100268
2019 0.1278570772111045 0.02297110578099215 -0.09120997418911631
2020 -0.006877899055589703 -0.006863941604375571 0.1180606929211205
2021 -0.02396115990876417 -0.09211680761697255 -0.05693291869461089
2022 -0.0005388153538107617 -0.04133903163020512 0.1551929751237349
2023 0.07750765837580248 -0.1265635309750837 -0.05941584243274707
2024 0.1261653489227819 0.05343314943987243 0.07302962000577837
2025 0.1253270880248796 0.08562872095711475 0.05328543666330632
2026 -0.08997819946924605 -0.0682299914642735 0.03096750933771468
2027 0.05441122628417227 -0.01152479256374132 0.0257966361438475
2028 -0.02831599019103044 0.006718507054054815 0.1571406013774353
2029 0.1069957848713234 -0.06671893795476251 0.09792702786957685
2030 -0.0506516971891639 -0.1098144070268277 0.1076537689484413
2031 -0.04012860164334531 0.1199467176100868 -0.001791247176686097
2032 0.02449059730171478 0.02424644027182326 0.07158206635723438
2033 0.07437774723428338 0.0751735129457116 -0.1200637060525781
2034 -0.05353047787622873 -0.06945436828641392 -0.02441990605271351
2035 -0.1496874403768642 -0.01815564173650634 0.0560793583610654
2036 0.04905615931421653 0.1539137943116798 0.002883693036317954
2037 -0.04925604164601594 0.08947209410172584 0.05139505443764775
2038 -0.1267066289759518 -0.01385979967822676 0.09583801369682265
2039 -0.127380769340987 -0.1030659787866564 0.00339836329006215
2040 0.05543148862154718 0.03547686686116003 0.09447440294812204
2041 0.05891828160739441 -0.0246367480852255 -0.08097357422634473
2042 0.03882042901695609 0.106492264686953 -0.04448991208770309
2043 -0.03940637331782785 -0.005445014043029 -0.06947116830190375
2044 0.02049821487726302 0.08664590587258328 -0.08340292955248499
2045 -0.02512353916354326 -0.1117012362583469 -0.113053791248406
2046 0.04639406086778257 -0.04362674054247337 0.05084120734699901
2047 -0.03503768982787443 0.1048572117174439 0.1149486583914343
2048 -0.04495650286148774 -0.06091610193196782 -0.0875959727866957
2049 -0.06998286424201977 0.06998225824158497 0.07294492436952936
2050 0.1194353625648636 0.0460351854056433 0.01072773194182039
2051 -0.07229070072708595 0.01415958812959629 -0.08927915885426981
2052 0.08163471079459803 -0.08842927130108512 0.009517768764466359
2053 -0.001489886792602119 0.06911958707315632 0.09263127921652252
2054 0.08623585170954802 -0.07555572083650326 -0.03406871246986755
2055 -0.01441666574844277 0.05834592643647971 -0.03927165898155738
2056 -0.06669972717903243 0.1186525789664697 0.01996538290336311
2057 -0.05857888859269179 -0.04834608182091021 0.01418768113370569
2058 -0.08859117567077453 -0.1066003907278348 -0.08613875838088861
2059 -0.05623114347063331 -0.05168666297423623 0.04150575622223795
2060 -0.04931519053403299 -0.06273914374797812 0.08706056492166692
2061 -0.0560840791119213 -0.009985290904001153 0.1031454410260512
2062 0.06195012804523486 0.07643925848000972 -0.06554081921908744
2063 0.09488400304930396 -0.09547133790543816 0.06981407401419164
2064 -0.07598955787794814 0.06755654599783666 -0.04500187213558882
2065 0.1116501948204646 -0.1110557856484833 0.007524351443566359
2066 -0.07743330163247167 -0.09898039325099882 0.01957085204189921
2067 -0.003203506798326504 0.05036311589797258 -0.1102191738308535
2068 -0.05070386564664915 0.05100056709075467 0.008975509426219715
2069 0.06992035469262979 0.06617010669008544 0.07197438406202171
2070 0.01431489666041528 -0.09511921721555519 -0.07563765084693397
2071 -0.02097558609599871 0.1009665487198048 -0.04887252217489162
2072 -0.1589542412298336 -0.03125306688258994 0.01275081946652248
2073 0.03239364334267885 0.1138907124375776 -0.109158032439626
2074 -0.103522049481978 0.04783518899084335 -0.03893336392048917
2075 -0.07166493174121785 0.03414820922730772 0.002086505377394601
2076 -0.06194769967996195 0.08100195544234361 0.02288241921236236
2077 -0.1053630561742924 -0.01277969910487012 -0.04750652965621394
2078 -0.1344252446523651 0.09154036934164181 0.001344479356461853
2079 -0.06906980463597572 -0.1057551570267022 -0.02816620120084925
2080 0.04454606532952787 -0.09568022073774382 -0.03148608660076882
2081 0.03445770311561507 0.06988121869877276 0.006642395674900261
2082 0.005278075634752738 -0.02356617363664856 0.08008978391924598
2083 -0.07777041863460006 -0.07967896629514344 -0.06735725699233872
2084 0.09591636613716531 -0.03520254184940416 0.06370189417110431
2085 0.06945073467180901 0.03308144697563534 -0.007717976056266057
2086 0.08714274256494461 0.05337480303504923 -0.05626802776808372
2087 -0.0766136840355654 -0.06243458260205154 0.1328481383287936
2088 -0.1130796262562794 0.007816812498246166 0.04020164425589208
2089 -0.01850997844847777 0.04251485804895098 0.149224425854078
2090 0.08680745177228592 -0.1398837192212381 0.00865259103582984
2091 -0.07856401716661757 -0.01419337844877134 0.009072490244501127
2092 -0.1396871416647248 0.0531994620775546 0.06463583362114997
2093 -0.03904120616927566 0.08615768519836972 -0.01279706783552009
2094 -0.03622088470246122 0.05965884673224586 -0.02052067215345388
2095 0.1047453171539838 0.004116530321011212 -0.01664678982821712
2096 0.03864572876996378 -0.06834592075603833 0.009307622300537671
2097 -0.04673809762955686 0.02599330958717512 -0.1451393580913246
2098 0.03151647144851358 0.06843410834659786 -0.02187625265731465
2099 0.1510975490349937 -0.03711445863857012 -0.05107805532871957
2100 -0.01257967278380551 0.09444186392048107 -0.08018397403348397
2101 0.02619196224080179 0.03122289881546506 -0.1046147046034286
2102 0.1227485875246219 -0.0873600528386017 -0.02150784686612117
2103 0.1516647592137197 0.02236856193772748 0.01487815677475559
2104 0.04102371301903021 -0.04366819372607661 -0.05118128890005893
2105 0.0206520446291041 0.09004007967656046 0.07384958212140585
2106 0.002839305506078593 0.165218585093426 -0.02200213978087789
2107 0.1166088611178817 -0.03549955041378901 0.008999973248460911
2108 -0.00513859212367098 0.1391281116951514 0.09027795101095717
2109 -0.08866098548437189 0.1065157192797052 -0.05424071799301868
2110 -0.1238769526243838 -0.04537489591370247 -0.09625461972330371
2111 0.02673381456891779 0.1565027314389628 0.03818453263960982
2112 -0.1309155395129004 -0.05534600258263879 0.05801134100607247
2113 -0.07005440111840244 0.1518504707305237 0.01297399353321769
2114 -0.05635782714046009 0.05080191038933669 -0.01343348868910202
2115 -0.07520332925844435 0.06854198332380555 -0.0175485367406028
2116 0.05960650101585582 -0.08857198537097224 0.1225144686142386
2117 0.08186328421840032 -0.01708656192884445 -0.02429594040734554
2118 0.05449916191129407 0.05271759159375867 -0.1447295700323868
2119 0.01746156492329911 0.1036103804766513 0.01284064586875857
2120 -0.05571507912293211 0.06303303083654913 -0.06935331082487191
2121 -0.04803243009597595 -0.0378096262530657 -0.02997725821426896
2122 -0.04352568611977428 -0.136264661772336 0.08122389460446285
2123 0.125432078607318 0.09030762601988115 -0.0531360729399694
2124 -0.09026440349102791 0.03908486165677336 0.1309673063679278
2125 -0.06620638253362381 -0.0184890011381131 -0.02954765901460627
2126 0.113005921643923 0.01644586725163102 -0.04466414847163835
2127 0.1411375284856075 0.08094740546531964 -0.02273574736808498
2128 -0.09388675626051363 0.01474689614920929 0.0720125427287065
2129 -0.01041849866166161 -0.04055078764943193 0.06338551395659511
2130 0.03334655244966618 0.02168443747050632 0.1201441437442902
2131 -0.06372619640564382 0.0698713250206501 -0.1276552921390418
2132 0.03132463244003647 -0.05826167235014564 0.1437357648626358
2133 0.05471785336210837 -0.1019325783950115 0.03472230957939084
2134 -0.03504404015109307 -0.1467834933338431 -0.06498579281483136
2135 0.005119214858246512 -0.09962601407397954 0.07472203009612388
2136 -0.009504495804647167 0.0214970250306622 -0.1305099261861232
2137 -0.08237704372345464 0.1052197645970302 -0.001436138084550481
2138 0.09848515168365463 0.02221982295901351 0.003380784404250037
2139 -0.05318700719019782 -0.08090310100279806 0.05736869017009091
2140 0.155090198116827 0.04194074562963613 -0.03605831619636581
2141 0.07244061264607238 0.09173010767699166 0.1158724347876351
2142 -0.03356543430319619 -0.06127236775206234 -0.02054477801656507
2143 -0.01692169848911967 -0.0692238090018273 -0.006672429775931148
2144 -0.005056786107723518 -0.03136756483542667 -0.1213982861191862
2145 -0.03647790545172953 0.1013793726751169 0.01525165928027208
2146 -0.08962139984943882 -0.05263570973084223 0.007448185574484487
2147 -0.1182369014622452 -0.05969939579266177 -0.003322985591742668
2148 0.06701813559458938 -0.1108186821978753 -0.09270112812297149
2149 -0.01477491298310763 -0.08220392876442396 -0.135568067694506
2150 0.05558258710302796 0.04483489571617062 0.008557179257565736
2151 0.05539464322536079 0.009519007728795029 0.1560488954289755
2152 -0.08337510443494506 -0.02873679404805377 -0.08221094556299409
2153 0.1221542625233752 -0.005103034702836637 0.1119610482925313
2154 -0.00202937425073069 -0.03211844791948967 -0.1598271918996823
2155 0.06402143755155769 -0.05876235478339986 -0.07750038128782361
2156 0.05886913627235574 0.01046774994569721 -0.03413972700564256
2157 0.03243259605100136 -0.01563312143182218 0.06885305581390852
2158 -0.04032451910425135 0.04984738707778828 0.03364130294626274
2159 -0.05740035444934708 0.02657741416151511 -0.04764201656706297
2160 -0.08725329426324083 0.01762715768815166 -0.04245948300958204
2161 0.09179048221036595 -0.0368660133288481 -0.076295432349441
2162 -0.00163422112660349 0.03821637067927515 0.1197487977491427
2163 -0.05191539398914898 0.1574592744183279 -0.02012053669354559
2164 0.04127794338705622 0.1226564620575372 0.002461503317497856
2165 -0.01952957370743925 0.0746442964717864 0.01293097831354651
2166 -0.1188331881718797 0.002805293577021556 -4.359270450806025e-05
2167 -0.1065411310252472 -0.0839953593598539 -0.02775283300241051
2168 -0.03583506698941476 0.003916876017052963 -0.1090399418054461
2169 0.1502787415810108 0.06532763841968722 0.02963772837823269
2170 0.04242669742022663 0.0217846093741605 -0.1580457795725375
2171 -0.03483479203159502 -0.04796835053810809 0.03785442771578788
2172 0.0634658021441907 0.09537387673106348 -0.015273614758738
2173 0.01961400629927655 0.02115067975411513 -0.07243459133086708
2174 0.02765028476912697 -0.06101968635537827 0.03584408540099028
2175 -0.0410430435556251 -0.09494157943273335 0.02066506854815243
2176 -0.0601867771834497 -0.1012130994189196 -0.1169553130735502
2177 -0.02704021465789552 -0.04831645586106968 0.1145455413674197
2178 -0.03084494011653537 0.1099799328975026 -0.1062756635339022
2179 -0.00906597699341875 0.1635890009478352 0.02797737726003013
2180 -0.02137584270803342 0.05396117259154451 -0.08419885313151818
2181 -0.1019867974722582 0.1139121246127897 0.06193637693118123
2182 0.05939585589623655 -0.00670659334123644 -0.1108193309568833
2183 0.03048805814722273 0.1313432734264047 -0.07183795749885043
2184 0.1122486610834465 0.04580902646168918 0.1075606325679055
2185 -0.01261374956607655 0.1244971739446566 -0.003573008857273518
2186 -0.1424895124624408 0.0634527371372125 -0.05364700427373471
2187 0.00163814365310454 -0.07092027149676498 -0.02578690770531586
2188 -0.05412667913462354 0.08019363018877293 0.1318302235585811
2189 -0.1313582820967173 -0.09792921248666947 0.03806133842089126
2190 0.1081459369510412 0.03008558506640165 0.05418609433062774
2191 0.04277174900436459 -0.06366183330641369 0.1012587653143822
2192 -0.09140664169561265 0.1391849072708113 -0.02938729745892637
2193 -0.1221878875658862 0.07188679197306846 -0.08475604706069742
2194 -0.04963121129979188 0.08262801058511271 0.0955300246955111
2195 -0.07739874113758616 0.09912737867794624 0.1107765917894567
2196 -0.005294783825127894 0.09377795023333149 0.1300366077577442
2197 -0.1025377562552656 -0.1160976697319368 0.06410755457866081
2198 0.1085287113593735 -0.1072184933382734 -0.05953260639668517
2199 0.0008231984497192428 0.01309475345801289 0.0726609731305729
2200 0.0197649091222153 0.1276513101781852 0.03027604152284443
2201 -0.1580773257383313 -0.04774977247600137 -0.01774775446988404
2202 0.05394554245949753 -0.07162493938017467 -0.1328557098977441
2203 0.02673729976529792 -0.1325571246907024 0.09249546507485917
2204 -0.07153950288104471 0.02650007544837867 0.04583006182654977
2205 -0.02141790777349968 -0.0534518607965048 -0.03586199089114686
2206 0.002065462681556857 0.1138220333683816 0.06372167963202031
2207 -0.01539956543613407 0.04069638521161419 -0.05911262090624755
2208 -0.05862246840968587 -0.02610080886008054 -0.1504040296206894
2209 0.05817770375201957 -0.03358461297529175 -0.02792594775605262
2210 0.08979900548686995 -0.02196105633997272 0.1326246337192476
2211 -0.1567010382615419 0.02665249032243194 0.04701720914180062
2212 0.1401272646402862 -0.009211473737584351 0.0697630584172355
2213 0.08402539672658137 0.02519342257735431 0.138979379284816
2214 -0.02631244201888621 -0.06868093731322535 0.01001183836021108
2215 0.07252809582619782 0.05502419041749436 0.04616662771307443
2216 -0.004699754727150392 0.03474977251299047 -0.1625511211700378
2217 0.009961974170457149 0.06508385096397454 -0.03538974860370269
2218 0.0388205679472774 -0.01957132004753846 0.1099689064071089
2219 -0.1185973653842171 -0.03735189897484079 -0.03280687709413493
2220 0.09536993072134141 -0.04360553249441183 -0.02743354420514769
2221 0.06936588078253009 -0.142807461260699 0.04807291027780008
2222 0.08452924129428564 0.05243057671698358 -0.02433894878820346
2223 -0.1225364600345422 -0.1114185035036636 -0.03706846698620953
2224 -0.0301198220715502 0.0755575026351599 -0.03663813737206195
2225 0.03812906982740027 0.04765966437563373 0.03961480424652614
2226 0.02587945515697261 0.04591148417855124 -0.05356891956590577
2227 -0.0302473380617546 -0.07746950804393526 0.039400043682518
2228 -0.0814960404195352 0.03728978171734247 0.09110668727076258
2229 -0.1284060566542201 -0.02490777626921015 0.02334540505010682
2230 -0.05857223710417198 -0.09820914364192918 -0.05456988403539677
2231 0.01552888984425305 0.0920815505824851 -0.03579511272927063
2232 -0.01990616312850801 0.0938638854103041 0.07949568113635368
2233 0.1115040161734693 -0.04572768911829331 -0.1125470362291242
2234 0.01534452900411676 -0.1285259332110792 0.01005806987251661
2235 -0.07923891041159832 -0.08999641892279868 0.04743084015127928
2236 0.119493725072235 -0.1058795594875316 0.04729003827660701
2237 0.04592813810205787 0.02665080062991916 0.05198451998847157
2238 -0.02325820383790556 -0.163399410959567 0.02126638624798857
2239 0.03961021315625343 -0.04352608651596427 -0.1145707450608102
2240 -0.04234499063121098 0.153028683241119 -0.05485856261693781
2241 -0.07483865673666211 -0.08394294083235709 -0.01059611730274564
2242 -0.05559579330694096 -0.160086824587088 0.003264726391257964
2243 0.008541141938734427 -0.1528086224727263 -0.06638907815219912
2244 0.005175008231708024 -0.008956884324473481 0.1667249249019199
2245 0.1528689949648157 0.02673561187952628 0.06501907919222702
2246 -0.01525196996379312 -0.1027617852200725 -0.03201189328033841
2247 0.09475745598739706 -0.008798725979547631 0.03480343017805197
2248 0.01439789063974902 0.05022684166130599 0.0781282180031809
2249 0.07136323499925719 0.01728571642124936 -0.06346626565858848
2250 -0.08027924602179197 -0.1394648860220713 0.03977061710040701
2251 0.02439909282430233 -0.1312406293531633 -0.09588044829880542
2252 -0.05146352557555935 0.06926532639862454 0.0400413110177652
2253 0.07486203666914661 -0.005123152863040423 0.08508465278010299
2254 -0.1230672358253666 0.03469749671507129 0.002032675167354038
2255 0.05507928594444121 0.04251484173297612 -0.02971995574172656
2256 0.04505921567375547 0.1204837695803628 0.1040799751738336
2257 -0.1417445605345425 0.005888808040244066 -0.08699946849766133
2258 -0.02407398024248955 0.03833231488416054 0.06229942604578096
2259 0.1270918763927174 0.0108409209013646 0.04579819755997069
2260 0.05415627733959352 0.07841815673989255 -0.03660396575977257
2261 0.08518336392124852 -0.06695799466162101 0.05074156560538575
2262 -0.07547372437876308 -0.07508396381822559 0.01184575619519202
2263 0.06018735950989814 -0.04486996703874355 0.01651906903151818
2264 -0.08169542849900228 -0.03212157324150996 0.05611320195866303
2265 -0.04365112683558709 -0.09263998797670192 -0.02430727264197812
2266 0.03237491626763649 -0.02426897307293268 -0.1609554699710686
2267 -0.1019135362466043 -0.06949901122280901 0.1136215917244572
2268 -0.007550088420401547 -0.1101730558975992 0.05071629317297298
2269 0.01297388258957681 -0.1308045187618272 0.04066897277593293
2270 -0.01279146617220353 0.06721260595207998 -0.02134246493787675
2271 -0.003632488585894475 0.06539193930980954 -0.005865329047023514
2272 -0.02823124987101647 -0.06148061477817353 0.1525781485779238
2273 -0.1118141560349124 -0.09372941004694141 0.08650458146556189
2274 -0.1420724205262829 -0.06309471575524732 -0.06337139674835031
2275 0.1624334384416424 -0.02372832005768016 -0.02085714847255188
2276 0.05790082201202987 0.03418306701665293 -0.1051288938946347
2277 0.07537999442240784 0.02437638511979034 0.01500736307158331
2278 0.1344989438943142 -0.00200204463767711 -0.02163946753031222
2279 -0.04461363427348498 0.01915246895671536 0.05604788749973214
2280 0.02801214634836667 -0.1162588839773106 -0.01662042257407538
2281 0.05263288599939028 0.06590585690973072 0.09733169744690942
2282 0.07323876054288075 0.003853826587533006 0.02759636521114693
2283 -0.06917143214457198 -0.03429478014532168 0.1491876426828914
2284 -0.1085712238010693 -0.07169058208387968 -0.1084280282042432
2285 0.002362472242784524 0.08220690865330768 -0.145917769693061
2286 -0.0673097718667194 0.02416458942768094 0.1157535410780804
2287 0.02960145249525011 -0.09124895810418843 0.1366987229385627
2288 -0.01120929348656239 -0.004753418476485633 -0.07635786273540243
2289 0.06134420380745079 0.1422797851451087 -0.06029578535836636
2290 -0.1620202112771522 0.04134273359314219 0.01618239886690529
2291 0.0694923718575243 0.1510160663576056 -0.02393413811540795
2292 -0.01698991884826017 -0.07863299028263489 0.1091152887115607
2293 0.04350005213726487 0.003818872630138775 -0.05909526277019984
2294 0.1278518782460793 -0.009092599635370201 -0.1059781271207577
2295 -0.01800525286850508 -0.09748356327390215 0.02844488212099289
2296 -0.1376821261239104 0.08864487154404664 -0.03195910189846524
2297 -0.05779828826410468 -0.113620099570004 0.03372157004988426
2298 -0.04972259317923922 0.0690265562571632 0.01474121783238782
2299 -0.1088343617457671 0.005442485690115108 -0.1257525088702721
2300 -0.1450070060390212 -0.07736154759159529 -0.004216524332523681
2301 -0.108697133800426 -0.04588119953392343 0.02856951052739155
2302 -0.001913732321155145 -0.1681169346057274 -0.003762506230645696
2303 -0.09930265429724236 0.077058596145182 -0.02706815815483516
2304 0.07082658973720207 0.114769408894339 0.02376542160403325
2305 0.07942278819476842 0.1468588351749581 0.02116315337212625
2306 -0.07464272883423691 0.08218702816634751 0.003978435300635222
2307 -0.06597604120431318 -0.05289943805709087 -0.06895647841885491
2308 0.005325254742153147 0.0827748561935973 -0.05972841605225906
2309 0.03618479230725718 -0.1560904097143996 0.04597159690245901
2310 -0.01953977535112837 0.09248882054115795 0.02432862110103888
2311 -0.1695156880335721 -0.002420853863975919 0.002390721376274532
2312 0.05702675449242241 0.07376398750858622 0.1402671126596879
2313 0.0893887434654605 0.04626369891934074 -0.1319640153828456
2314 0.0193251912943937 -0.03112974854989832 -0.06440401342128343
2315 -0.1188051248004639 0.001460757146274475 0.1215264033231457
2316 0.1010006145159745 0.1360183330035255 -0.0195633195264902
2317 0.002247031612329555 -0.09305375410388757 0.01536580049919278
2318 -0.0299246524197396 -0.01578226949293333 0.06407136357243598
2319 0.1004972887469347 0.0689656537268406 0.02070798262696848
2320 -0.09341569256306426 -0.1398820045218338 0.01187733616459021
2321 0.1480841428202484 -0.008438200318840308 -0.07954881768829464
2322 0.01452167338986239 0.02984427023603634 0.0966045157975467
2323 -0.1005004021085579 0.019465940848123 -0.07111849558571615
2324 -0.03660436244857397 0.08214483545956539 0.006397893146788357
2325 -0.08083301451967978 0.0328011733865731 -0.1420378812623687
2326 -0.07688797309075299 -0.06321010514550141 -0.1336510144443677
2327 -0.07320910403703897 0.05016984384005767 -0.09265830729706842
2328 -0.09935866052536435 -0.05450964407483871 0.05366006553178018
2329 0.0669406537938958 0.1077392780761814 -0.1093156136505232
2330 -0.05466394144902564 -0.06922040240014989 0.009528213857265305
2331 -0.06968235789855544 0.01642238514304949 -0.01594479348251915
2332 0.1628417625463082 -0.04176951328625283 0.009062352824239752
2333 -0.02566377467064944 0.0622171024156805 0.002290638804924191
2334 0.09140256653929928 -0.01847518977868797 -0.05265577361916023
2335 -0.04176141736053104 -0.04394776563970088 0.02099228374694916
2336 -0.0172067651096009 -0.04303456607622385 -0.06026517992313309
2337 0.06942983015600299 -0.09282045490252951 -0.01658288132678735
2338 0.146034085785307 -0.07585829757596053 -0.04063439273540728
2339 -0.08985847015191729 0.09439519358908148 0.020424551209646
2340 0.05938002013586918 0.1381900435087038 0.07434963537604496
2341 0.0336250382859329 -0.07533154886953192 -0.06327259228254865
2342 -0.05087149085537548 0.1411891854949596 0.07693693654248017
2343 0.04334557684825806 0.1111350684190405 0.05345670040043633
2344 -0.03836342156368407 0.03820343414893193 0.02900299926572484
2345 -0.0260270069847831 -0.05955728645071888 0.03020306965326181
2346 -0.02791150439604207 0.05645318208039204 0.09371041562674076
2347 0.03152782461460268 -0.1667833366382014 0.003563507890444318
2348 0.007614305813305541 -0.05277846901847572 -0.1022736757296818
2349 0.124187126218642 0.05796616325133575 -0.09511640802232364
2350 0.01218607071516135 -0.07006630741640103 0.01686107929282718
2351 -0.09537309955354667 -0.1339043261379595 -0.04068081799579937
2352 -0.101404343679248 0.07245728325359757 0.05267015706907818
2353 -0.01533478551219661 0.1281480191412228 -0.05533252326100997
2354 0.1010090423936378 -0.07085721514916786 0.02327041631053969
2355 0.06686151764695646 -0.00308497471971416 0.008064220543382936
2356 0.1467978014214924 -0.07474350916426309 0.0407945439100264
2357 -0.1051602854015896 0.06424853623732314 0.1172935306534408
2358 0.002234658109326545 0.1183328373048649 -0.1213253056669132
2359 -0.09483341042482209 0.02609505626203444 -0.01701994917795217
2360 -0.02442427071667277 0.1367261137221691 0.03106448560999002
2361 0.1130054579398664 0.1150847097374526 0.05511179598611188
2362 0.1031380275654296 0.03067716761712139 -0.07076647819368141
2363 -0.1344629920407862 0.02229400175160514 0.1020316425990787
2364 -0.09174141214600233 0.1389384410571425 -0.0006894809107883086
2365 0.102371628750418 0.03869814044209362 0.02872147485944331
2366 0.06283121343385289 0.07956282794143205 0.008322817963000446
2367 -0.1016044140051231 0.105884580846866 -0.0842032739369408
2368 -0.07716900265793084 -0.1195061677953558 0.09117963180427632
2369 -0.04363216702086923 0.1140539838462554 -0.0554994283861622
2370 -0.03602891038453131 0.09061411372432189 -0.1355695062516676
2371 -0.05752863565675863 0.02910608393374277 0.01590000967428559
2372 -0.03558462253099702 0.08992838767506729 -0.0679508654399795
2373 0.004978212211857778 -0.1651232782049199 -0.03655594034437256
2374 0.0391179372755663 -0.1602484524386147 -0.03802853050241277
2375 -0.02719964239268306 -0.1627561724004846 -0.03803150282745167
2376 0.1219285613879407 -0.007666981481059411 -0.06234765354053817
2377 0.006125244810875168 -0.1577236790261081 0.05602144301671934
2378 -0.1602252325003795 0.04071565257730018 -0.03804273092105713
2379 -0.1171773666377549 -0.1056450826645673 -0.06698629416956568
2380 0.06484220701231894 -0.0932511142628516 0.0626633451552653
2381 0.07367181674251272 -0.0636337559719551 0.002712126164578107
2382 -0.007300885305230867 -0.08945698467002902 -0.01417820099341353
2383 -0.05853909668473915 0.07687716733021194 -0.008096779222657852
2384 0.1478617584198023 0.03761046667272585 -0.0715034296042267
2385 -0.003530494813302332 0.06208131028150711 0.03210956614142036
2386 -0.0715501508415434 0.009841204291157138 0.008156931442178621
2387 -0.108718174357342 0.03616240388781347 0.03335954968860812
2388 -0.05390043097617457 -0.004382712223784023 0.04907479427568168
2389 0.1175712711872781 -0.04321833114684191 0.04807138785431133
2390 -0.1009367346556103 -0.01404985939703069 0.02664550716146177
2391 0.008854595131396465 -0.05170417204012735 0.05062769869553112
2392 0.1312220567998082 0.1110447764400063 0.007179232250845546
2393 0.09997771940705334 0.07520430163371614 0.1127233130523608
2394 0.1263590264608713 -0.05745134408591682 0.0247331093805643
2395 -0.08621743022885943 -0.0280178928115176 -0.01872625012911171
2396 -0.02432224246508697 0.097068122756151 -0.02573274318218052
2397 0.08855119024320338 -0.09342920815349617 0.1063111514795856
2398 0.08901569621356396 0.05443974047786143 0.09070437271539841
2399 0.1688571458576812 -0.003113703406189451 0.01585932596256245
2400 0.0132051478202074 0.06627629883207078 0.01374358401766114
2401 0.05264016511101299 -0.0680023182221704 -0.04433342141155359
2402 -0.01855052431003075 0.006638818377183262 -0.1691331299601108
2403 0.005007402762218244 -0.07224121657018703 0.06911358472969946
2404 0.07041912767209479 -0.02334772688354721 0.1081939035380233
2405 -0.03817801218639328 -0.0558921454940496 0.005338154480366068
2406 0.1062606279469379 0.02174023404424293 -0.1167170277488072
2407 0.04691174720713342 -0.1166449885520978 0.1150760406676822
2408 -0.08678380591806871 -0.06011722729682195 0.08781670543028415
2409 0.02074203281606805 0.1549852185165988 0.06866612979279177
2410 -0.05714469000996632 -0.09712517633870511 0.08175908347422389
2411 -0.03221624810240793 -0.1180720639788106 -0.06411247710243806
2412 -0.03587692454055161 -0.1313783828051503 -0.09177437174278909
2413 -0.04069005041662653 0.04349418623208628 0.1152792629945275
2414 -0.1081983010131274 -0.08860275051696165 0.02579883505035611
2415 -0.01951526499150839 0.07409659295622831 0.1502841166540588
2416 -0.08039726519730345 0.09657013326323459 0.06964449624745424
2417 -0.1571409404311008 -0.04554156995103033 0.04131694116597522
2418 -0.05100589936629721 -0.1168040651239871 -0.01525290367883991
2419 -0.009810178323517261 0.01023260249526896 0.09733914338711974
2420 0.124291183966889 -0.06767002098055185 -0.08765718413564523
2421 0.04758338173315597 0.008831852238821202 0.09838714110844855
2422 0.01998299578904654 0.06926124932080863 -0.1078540152182078
2423 0.1132863887047784 -0.01421008839354006 0.07560694937619954
2424 -0.08271644346905138 0.1291890924522283 0.07865202594294612
2425 0.02095777635993097 -0.004147925978321842 0.1283637858691002
2426 -0.03877066099800458 -0.1399319302856068 0.01519318248703221
2427 0.1223068797701873 -0.04051363614595987 0.108278482326842
2428 0.01802732935759745 -0.09324715966477312 -0.1373903491931832
2429 0.122902235421684 0.06106795446892144 0.03206774398800917
2430 -0.09325599419859866 0.06670770671709349 -0.06882068408910696
2431 -0.1228231924494057 -0.0101712355736756 -0.02511663426859097
2432 0.1074479220957266 0.03920454142102687 -0.03077845284835513
2433 -0.02252678524799654 -0.1001900986322837 -0.08464778309863843
2434 0.01759154350757491 0.1199158775769416 0.1208767438419676
2435 -0.02829618809128893 -0.04275513473532321 -0.1054195476082559
2436 0.07586321527908516 0.01257608104473362 -0.09510041251931124
2437 0.04956207195349432 -0.01309013108858509 0.04975906351009672
2438 0.01109185268368634 -0.06721861357696764 0.1049137467145419
2439 -0.01791240480786946 0.1527687023653086 -0.07176709972445632
2440 -0.06739937250956671 0.1156693352496596 -0.0332884735875577
2441 -0.07701184705437203 -0.1079654737588948 -0.003814685497356663
2442 -0.07427540798164012 0.05843593910252803 0.04402822227749312
2443 -0.007113458539279926 0.08534346180553974 0.002577183786463301
2444 0.03235572106726614 -0.06283971873322199 -0.01265342471743705
2445 0.08894297503513719 -0.06499319914390056 -0.06201284854797139
2446 -0.09788648550630626 -0.07310554418592556 -0.05076649255051609
2447 0.03501201858999042 0.01659087162408607 -0.1293656808295638
2448 -0.09245878889797486 -0.05661399091665911 -0.08103536835517527
2449 -0.0637603314245108 0.1092032834112557 0.0436625645742516
2450 -0.02351220166256326 0.1542714194748682 0.07264035278587221
2451 0.07013311920619479 -0.03982796168584839 0.04028860840622593
2452 -0.05082219501910333 -0.03570621751984362 0.08678703603255504
2453 0.0281784720976104 0.07075105469310841 0.05796456043611153
2454 -0.02062245284760038 0.05371632430161948 0.02311333010288045
2455 0.002040186198548765 -0.1020886876302219 -0.1027782721488898
2456 0.07146435520503049 0.09222831328601917 0.06340182758603063
2457 0.1196325636565567 -0.05937018615651747 -0.02818818378109156
2458 -0.06162815550402594 -0.04848467589990153 -0.1099702905879295
2459 0.1500982825644006 0.0544049398524736 0.05656958074977363
2460 0.1308573977771603 -0.07197339634533853 0.07712129556389494
2461 -0.1691854105238082 0.008501517032932461 -0.02878555295122764
2462 0.08110924876585153 -0.05091188289475089 0.101388183112268
2463 -0.009840882140664116 -0.05467092996278423 0.02804207958031522
2464 -0.04835791540404828 0.1340467082792464 -0.03539441636237571
2465 0.01096322761682506 -0.1203259501793136 -0.05623087593205582
2466 0.09131856318719513 -0.1268058490844233 0.06484455839864402
2467 -0.05152140160081068 -0.01255345048656908 0.1610662423256413
2468 -0.1443982552207974 -0.03752915273304734 0.08186838671303846
2469 0.06133735212013117 0.1205787203185135 -0.03100486293481442
2470 -0.05331214962641419 -0.04777931981864002 0.1255336051742363
2471 -0.04951568734067266 -0.037097203097163 -0.003893117016858775
2472 -0.06155374506196845 -0.02774325640371225 0.01070331537249748
2473 -0.16788289802848 -0.001196518118145765 0.03954650643635309
2474 0.1158939838960067 -0.01482119751803973 0.02296585462287887
2475 -0.003572081281773395 0.02209416051798547 -0.06774601209976595
2476 0.03616654938840885 0.04150991213968515 -0.0779306402748898
2477 0.06558845550649117 -0.0309112988303342 0.1542275826253941
2478 -0.0503876500486251 0.1370738775214847 0.02861382914268105
2479 -0.01212807109217116 -0.1440327603274457 0.03885702564304831
2480 -0.03254780201614722 0.1291691546669035 0.09748220941432353
2481 -0.04753183989739988 0.01303274122064935 0.09344923684307994
2482 -0.1182874973259348 0.1120981829345459 -0.0477445237153508
2483 0.07053768570247951 -0.0008362489204879111 -0.02390308339234125
2484 -0.124941302627515 0.1195898157580233 0.007176624507878578
2485 0.1624447256254047 0.03495091851795036 0.03879848465386127
2486 -0.03991006915160118 -0.07856572179042012 -0.112273705250062
2487 -0.1254104852166613 -0.01823258168103671 -0.11263452405386
2488 0.03549780428033546 -0.1037442398495511 -0.05782227449705982
2489 -0.06083660534865692 0.1007023970882664 -0.116341802063972
2490 -0.03291400478456846 -0.01678039253230754 0.1170792918279056
2491 -0.1607944735709384 -0.01775142764631435 -0.0516696492379974
2492 -0.06688335203074874 0.04051805111554951 0.06832766041177263
2493 0.06929984551820535 0.05221061435970711 -0.07999803636174406
2494 -0.05710890019272614 0.01938682539530897 0.1580685259084668
2495 -0.02795746987886086 -0.1147435916637874 0.06926931729382847
2496 -0.1175111481853032 0.06308309427187719 0.004627384148496873
2497 0.1057747074149745 0.09188231828829474 0.03497657640854326
2498 0.1016682787376827 -0.02543474605834962 -0.0111905953037637
2499 0.01586762296411164 0.1291987192976677 -0.04181186020345808
2500 -0.0004646962927533525 -0.01122385361530066 -0.1018703141821143
2501 0.08774596664683922 -0.07493002005308988 -0.1245620748465879
2502 0.02364931830695104 0.1694819298682678 -0.0007863268322572544
2503 0.06569049793657833 0.1001297934908814 -0.05056781794744585
2504 -0.01871334624921894 -0.07910384016125865 0.06159307196774489
2505 0.03890430643127865 0.05165066380886331 -0.1200106616713719
2506 0.01932228463311064 0.04184666821215535 0.1635228963981563
2507 0.06349150374689518 -0.07979576477073275 -0.1026055976621068
2508 -0.02804598076173914 -0.06870208545927729 -0.06870400982820928
2509 0.07436783738490244 0.02760487479164441 0.049302518552667
2510 -0.02278369712141257 -0.02192272713306753 0.1670909635143553
2511 0.15006454078689 -0.08265327896152322 -0.01242974563206194
2512 -0.007669929940051444 -0.1432735818155989 0.009085812798487941
2513 0.01813781175343324 0.04718827728902528 0.05398162101845889
2514 0.1088257012512883 -0.04391765165695801 -0.05348916057288389
2515 -0.01633377113715977 0.1650453574098714 -0.04511643252103527
2516 0.0233330292068635 0.08033094056354315 0.100289383751786
2517 -0.06335638875103244 0.004982588779327421 -0.03701348377598858
2518 -0.01718251332240607 0.1179459216107934 0.04515135082643789
2519 0.08993972369970196 -0.1409975231808442 -0.03352785996066816
2520 0.1494470239379869 0.08886173610738633 0.003797086470079078
2521 -0.1226252721030203 0.008082046098504757 -0.05689650075437673
2522 -0.03431399017497649 -0.1174885994434144 0.02768461772403031
2523 0.02759843162779822 0.01221760440607345 0.1694075458817176
2524 0.1002865970194505 -0.05450604275472631 0.1266024616533209
2525 0.1392655299483673 -0.01900734968304073 0.03466612243073678
2526 -0.1310967099365959 -0.09117393580087797 0.06571630925667298
2527 -0.09740463247520303 0.01136482017050903 0.1401921327784905
2528 0.021902503717341 0.1320983900032291 -0.01418963934584247
2529 -0.0230054905156806 -0.1252454972445821 -0.02280111739122428
2530 -0.05771630323587891 -0.02402260083201554 0.03473271577513331
2531 -0.07019446867636343 -0.09199541721258697 0.1252610573454317
2532 -0.05720446813622793 0.09445894447385828 -0.01979899498562644
2533 -0.1376639754030552 -0.03296389783293472 -0.005435073648072227
2534 0.04872519131593928 -0.05112408692392799 -0.002090150162161331
2535 -0.03445672829034657 -0.102812624222532 0.1315371439009334
2536 -0.04840590299161396 0.09469756632325156 0.0311252323458392
2537 0.1478584454890328 0.06862831264624152 -0.05069899364105789
2538 -0.06724000974972337 -0.03218023939502609 -0.05498733217592802
2539 0.06058279981311476 0.03032326695610327 0.1221778875720334
2540 -0.06562034226532443 -0.06820345491747321 0.1084082638121719
2541 -0.0244975860166654 0.1630232217366501 -0.01293835906368139
2542 0.07781487728342112 0.06440279242004331 0.02520035347860108
2543 0.09027470391916217 -0.03597621597674504 -0.1344892089066871
2544 0.002821059495353604 0.04835051600665884 -0.04902908055837102
2545 -0.1131041939149841 -0.005982036510156587 0.06973386752287489
2546 0.09216651616005765 0.105101728200641 0.09620836434993872
2547 0.07498832668945188 -0.1149455853665073 0.0008135241945298067
2548 -0.1313407118963405 0.03972675653119621 -0.04091958182637441
2549 -0.02153411314565479 -0.05886560709350903 -0.1581160050383397
2550 -0.0578431319726021 0.05195742489395081 -0.03537980424283235
2551 -0.04450944825309922 -0.02423683776111631 -0.1234308500366978
2552 -0.1333841170474298 -0.08782030750190828 -0.05045365083828189
2553 0.000269077774245733 0.1060228278144702 -0.002540993599885545
2554 0.09139221860877099 0.1332824569604145 0.04507007598907733
2555 0.04608185490105472 0.09038330567154612 -0.09766806066753798
2556 0.05711418070796652 -0.1391791234882839 0.0777735568266162
2557 -0.04915029862913249 0.0723361519218567 -0.04928350576165326
2558 0.06865134254766916 -0.1069435109491015 -0.04107307840575369
2559 -0.02162574481218393 0.06970205164888597 0.02920475529630581
2560 -0.03019661816603355 0.07871340285440247 0.0461721345769988
2561 -0.0676672622191837 -0.1246423957069373 -0.09897642849266387
2562 0.03145566122233573 0.1642696551652729 -0.04825549289721665
2563 -0.02319324056761892 -0.157513530659897 0.06361946902285188
2564 -0.04939137559478859 0.0008790319001265416 -0.1643582519372315
2565 9.023016806634226e-05 0.06976159951335936 -0.08937940085260671
2566 0.03721164147107466 -0.1055553905240416 0.07893646449867528
2567 -0.01292957837962293 0.05753349441621892 0.07371057213093114
2568 -0.001016608031264792 0.0194837849551175 0.1726159078252157
2569 -0.07933769544203087 0.04793249106542759 0.01673060364692305
2570 -0.06626753052697497 -0.02399786533609809 0.1240175061580164
2571 -0.003994863427118731 -0.06760881751999043 0.007179662389449293
2572 0.03799083001878256 0.02765834229088661 -0.05215466880471548
2573 -0.150560802609449 -0.003585443408585664 0.08176283800152362
2574 0.06474795377489831 -0.02091124362628442 -0.003237403988857022
2575 -0.01082518913452214 -0.03179447445377177 0.1306993164587435
2576 -0.109505282728623 0.06571706539404228 -0.1120412601091779
2577 0.08527420089782349 -0.03332913141797732 0.01326483177946262
2578 -0.08164341124565729 0.06782110729477753 0.137283772401044
2579 0.05479734951199029 -0.003536112345805109 -0.03275973227079928
2580 0.08887437951396668 0.1042633088258895 -0.01577557102015946
2581 0.106651431300834 0.06912181220230226 -0.0437693663791781
2582 -0.08455182009901636 -0.08090553486619501 0.07132562414225685
2583 -0.129180127533172 0.02933680339040562 -0.1050297389396395
2584 -0.01830473416212354 -0.138771039256391 0.1001301077444739
2585 -0.0823884098066664 -0.01193902597587087 0.1066239316160217
2586 0.01502182044848941 -0.05153090355477779 -0.05058575812891486
2587 0.1672705849614725 -0.02237180839281967 0.0364876796604334
2588 -0.1171327932016487 -0.05351031188960961 -0.05546053575307448
2589 0.1113579207926311 0.02056297497373539 0.1253444263990716
2590 0.09447590328573204 0.08117517417303008 0.05559119545535911
2591 -0.1173804530480211 -0.04581228216138265 0.118142629345569
2592 -0.0133516648766179 0.01629951699666399 0.130512882596983
2593 0.05882355803518373 -0.1608904147783669 -0.006556112021096437
2594 0.09040350063158673 0.1193105132879629 -0.07800818871947796
2595 -0.02678050181777823 -0.09946674008034186 -0.01191589901735514
2596 -0.01695595141656058 0.08708564193130057 0.1053747420320468
2597 -0.1483997251560262 0.06547377871296717 0.005160229392017636
2598 0.06673217813812336 0.003652589703714683 -0.1577327330216757
2599 -0.02980550474016102 0.05989303625343624 -0.1105109146375649
2600 -0.09176592245637621 -0.09436085141539596 -0.1115609791031409
2601 -0.01822848841720428 0.06266349019102332 -0.01054745405092099
2602 0.1318120275790519 -0.03113427750438769 -0.0130569179961007
2603 -0.000183188966467045 0.03602535620652503 0.06510282255702052
2604 -0.03149576403219328 -0.03689741897987756 0.05696289689763746
2605 0.1070871903671038 0.03603393788717111 0.08032990965949878
2606 0.004863204087665869 -0.1048655775771614 0.1359985717735427
2607 0.09073937991722682 0.001508420199553308 -0.03803907815833216
2608 -0.0893622919495002 0.1291020483968832 -0.07219714699093088
2609 -0.06553723043304764 0.1554074679685818 0.0407816437484525
2610 0.03374861648805193 -0.02594530022060808 -0.0934298001323432
2611 -0.06525835110730557 0.08507277944161466 -0.08132569975215691
2612 0.02272792033293533 0.138636825915313 0.09904232483847503
2613 -0.05239013624391069 0.03375188999252081 -0.02565357323934558
2614 0.04215512332857764 0.1657350998208457 -0.02199424300510632
2615 0.003342262208375009 0.08408237119661488 0.04286274197574508
2616 -0.08839498906833904 -0.02058197236418345 -0.1445674334057934
2617 0.07088308647806413 -0.04334890160514566 0.0665183901117668
2618 -0.1307925153295662 0.07063531970209254 0.0882438518306535
2619 -0.05669409313761341 0.03715466874812519 -0.07610326111569733
2620 -0.01135544992404875 0.1221290088856274 0.1165347616877234
2621 -0.04568167009395361 -0.05271148141027239 -0.02324780337218572
2622 -0.0708008080662088 -0.06055356007726886 -0.02440519418859715
2623 0.1320084503449909 0.04667683512798181 -0.0235831775916702
2624 -0.04965038738930413 0.1259779083273819 0.05657910159696569
2625 0.0009341446899397594 -0.005137335855836906 -0.1329671220949689
2626 -0.07139220183101341 -0.0600807711881582 0.02585430246092523
2627 -0.07351194923451013 -0.01122081781695785 -0.1028331896302026
2628 0.03999701287261304 0.0912278173552277 -0.06608978241286716
2629 0.09738312696197891 -0.08698641274369616 -0.01233085611745705
2630 -0.1444717991838392 -0.02412553147131136 -0.08986504086726675
2631 0.02848151706600888 0.06428383552884001 -0.1555889447345179
2632 -0.03049653825769482 -0.05556017243048853 0.01873093143190439
2633 -0.06101886977466502 0.1403083601118794 -0.07918975415542676
2634 -0.0498695329975715 -0.02098438114247907 -0.04529350008640293
2635 -0.1177696922392552 0.03786988934418442 0.120590317813977
2636 0.03948806542891322 -0.1214572906277782 0.01767791745780069
2637 0.02185042360303495 0.04292565054265154 0.1321437061355371
2638 -0.05590913179877826 -0.1568776022119069 -0.04745072543487615
2639 -0.09994677293071522 0.0442873792337645 -0.08497793677942062
2640 0.03751421604484016 -0.0837495890193837 0.02964899500171188
2641 0.06067123905033206 -0.1035924357655291 -0.1219723689859648
2642 -0.05587190600000555 -0.05866990015110588 0.1510129819680746
2643 0.05187882557622888 -0.04950094667915741 -0.1562172815165981
2644 0.03850758802234223 0.05327167121383784 0.017032333483855
2645 -0.06611309442132735 -0.06205776539934399 -0.04445452211603022
2646 0.07759976172640443 -0.088031338022013 0.03601410402645853
2647 0.1027225716698925 0.04356316300739427 -0.005744636698773172
2648 0.01914317095835427 -0.106102477994443 0.05232682665908612
2649 -0.108599256666026 0.07870566139668482 0.02119499309682387
2650 -0.1489792381561686 0.07931491057131286 0.03384327522322348
2651 0.02834391579210545 -0.07715671559411925 0.08241000844524421
2652 -0.03203475314854524 -0.04827389483425239 0.07826575902513502
2653 -0.1058226033674008 0.1033250438449343 0.004492340978861465
2654 -0.0009829288370508237 0.05933614390988065 -0.01870133183511569
2655 -0.01046499893921562 0.05566516002597768 -0.02671792235196848
2656 -0.05182596087578784 0.05570402656746881 -0.1525916447406466
2657 -0.0451774427014967 0.168174112519534 0.02915292929193794
2658 0.004633668791243103 0.06434593678016937 0.1183916526854564
2659 -0.05724832105475338 -0.0778992954357467 -0.007091768594111549
2660 -0.05355307508540665 -0.08159402102525401 -0.07528601712456025
2661 0.09409166957904075 -0.1187542180970618 -0.0829674567296745
2662 -0.154803426600269 0.03738697494446306 -0.06637876542924123
2663 0.1167868606841997 0.1185463318733139 -0.04655569996219502
2664 0.03879853347319336 -0.04994227457814249 -0.02935190840148391
2665 -0.03560781270371183 0.04298711789400084 -0.02840614296852722
2666 -0.03181365628300669 -0.02697543278142129 -0.1654134640972686
2667 0.01682205052414255 -0.1062728811603574 0.002330389215379695
2668 0.1233319410362692 -0.1178535357303434 -0.01986573319781854
2669 -0.008404765104660736 -0.08335940030550552 -0.04237291066382036
2670 0.1034664457678258 -0.06102629085426015 0.07089474448162794
2671 0.06091241340162343 0.04017078776637559 0.06338921620646418
2672 0.0283284863029497 -0.03108843076008869 0.08925310176868834
2673 0.05774563788186263 -0.07050588310197035 0.1453332155423392
2674 -0.09823305992132078 0.108834817268011 0.09274138412933228
2675 0.003788474764540258 0.1678733512634023 0.0512661713497118
2676 0.07273205378276454 0.002907544957092034 0.0634072514788239
2677 -0.07194085294270344 0.007541378290741368 0.09482517735356739
2678 -0.04478116035648582 -0.009151688752931526 0.08186518053991015
2679 0.0704691606188015 0.07745732901705135 -0.09231515051178418
2680 0.03189509176610733 0.06687139429360267 0.08179211345558762
2681 -0.009089833200774264 -0.007857617871889521 0.07071669810344591
2682 0.1400988996369322 0.09944711684346728 0.03235623989233676
2683 -0.09758385104926723 -0.1046706694508766 0.00797132041142567
2684 -0.1176501969955043 0.03723126147157786 0.05954381147887777
2685 -0.01684025366918442 0.1178956486647023 -0.03328205424847824
2686 -0.07410153255224068 -0.04047408665459724 0.07857717711049228
2687 -0.08632471956433795 0.06556949289784861 0.008256107724132338
2688 -0.08977079273320797 0.1444199044553141 0.03131673344696033
2689 0.02878314732886513 0.005348167634079264 -0.1003537505267572
2690 0.007602972224218297 0.01423346631537692 0.1157970812089156
2691 0.1116532880841115 0.08468154609455184 -0.005741831295013825
2692 -0.00340295081147703 -0.1311643498092031 -0.1067275212221377
2693 -0.04381068479548905 -0.00219344822359342 0.1369600754189185
2694 -0.1064702183609512 -0.0311584198959539 -0.06774375047822744
2695 0.1193507077233519 -0.01182784020671647 -0.001093585529680498
2696 -0.02319144254699773 0.1431029237884613 -0.09789400795094276
2697 -0.09287754665175044 -0.1236810221404549 -0.06560277378162305
2698 0.07174064757553165 -0.05269763363562075 -0.0252552566108769
2699 -0.06908615586884385 -0.1445490056258831 0.06738253081655768
2700 0.06630628030801822 -0.152350233410701 -0.04846121473866348
2701 -0.09304529683533448 0.05914427755538205 0.08097047571283798
2702 0.02398731363815881 0.08408961828974915 0.01878745102579935
2703 -0.1256296697112676 0.0969829724248478 -0.07110400419018842
2704 -0.1735287617718485 -0.02589903558141984 -0.01137471982169999
2705 -0.02395997576091629 0.05575913261719887 -0.02950363361718741
2706 0.102786311286923 0.06680209172686671 -0.1144256408464922
2707 -0.04085973473934653 0.09311159470198772 -0.04412801005252291
2708 0.05287002739461916 0.006918715473334042 -0.02371249018225536
2709 0.04570438087311455 -0.06344411411945568 0.06811447223554226
2710 0.1366805750230547 0.00948529307528171 9.41866356048808e-05
2711 -0.08983506109198994 -0.0985080320681402 -0.02070962956032314
2712 0.06551443906680401 -0.1243813662569259 0.02428135915031457
2713 -0.1440581313326757 -0.04349668547958041 -0.04092837510498842
2714 0.1662671377467061 -0.002988923097998674 -0.04090290004902461
2715 0.02267224586505876 -0.07485762976364319 -0.09334546407582651
2716 0.04234587963878358 -0.02112889632742555 -0.06233789768067152
2717 0.04960091175340697 0.05496300043070052 0.1218045142634056
2718 0.00811070033917184 0.109125761097479 -0.08413676331157641
2719 -0.07234557444416323 0.0264643921710823 -0.1151023557839861
2720 -0.07020951482103796 0.06326207679022042 0.0250603266152992
2721 0.08060244426805252 0.04134412513514892 0.03089325345000329
2722 0.0277081091061298 0.06470446887998833 -0.07371142871493605
2723 0.05384950372146934 0.16005578385332 0.03026737416068792
2724 -0.08755875445378726 -0.1471522602687161 -0.01535391319832601
2725 -0.08596409577167258 -0.06660110397268149 -0.008217316993688556
2726 -0.06759293692404685 -0.01411549293467287 -0.008951719847182488
2727 0.08810124861434408 0.0072570078451247 0.01542564447614125
2728 0.01237340874182798 -0.03192934383474188 0.06055359072207075
2729 0.02597459839434092 0.0515485582617444 -0.0332625787260685
2730 -0.09605877090087646 -0.03501578391627716 0.1004108824290049
2731 -0.0777418422501924 0.1563789715179949 -0.01472830512717476
2732 -0.1133940459391044 -0.06798029223069274 0.03767788290326962
2733 -0.03881665501398729 -0.1396707240348101 -0.03730427819866387
2734 -0.04974889292398105 -0.1128700268825676 0.01130283465077629
2735 -0.0009876893447504503 0.1375116916930472 -0.02059510774409563
2736 -0.05035124097977781 0.03565514366542847 0.002241992239872644
2737 0.03819662394668634 -0.08450415646111792 -0.007186612191156594
2738 0.1289441151755381 0.08088735106452305 0.08153993601067989
2739 -0.05826026898353773 0.01160191147683232 -0.06820107891986694
2740 -0.08541986415317634 -0.02428499451987253 -0.0420727325298367
2741 -0.04531850666499583 -0.08428775188587237 0.1009766949188853
2742 -0.1403413944117279 0.008104744715689768 -0.02879149464325306
2743 0.05820644778713947 -0.08168277409564673 0.005672423751783589
2744 -0.05751941853957816 0.1215236476136498 0.1091113517161366
2745 -0.07029939866183366 0.09830654771570764 0.01582400637096036
2746 0.0340567232738473 0.04010991489825255 0.0859808632301161
2747 -0.07560769890479856 0.05088755788817247 -0.008355902088028149
2748 -0.1315970019845999 -0.09110243153947775 -0.02256317507556251
2749 -0.1330653119708907 0.0248128181854217 0.03434681281012096
2750 -0.0002829384871207083 0.08787821423014923 0.06505895384526211
2751 -0.08657422366165972 0.1182729930897244 -0.02028910624789982
2752 0.01707095393925694 0.1535420316096009 -0.08089527528027878
2753 -0.02569618028801277 0.04493766301152209 0.03480239401841866
2754 -0.01413982619046785 -0.1520622732337948 -0.08354968793697774
2755 -0.04352879123050855 -0.09051960357485994 -0.1398033886095131
2756 -0.01278009685185286 0.008767656995911564 -5.495811563405697e-05
2757 -0.01242805428861669 -0.007468017670863268 -0.002339596082447788
2758 0.01083158712284821 -0.00735031412699694 -0.0008287092841964891
2759 0.01995354602994073 0.008058847406562181 -0.002623283833553106
2760 0.01424882684188548 -0.01721153206442074 -0.002030856412717153
2761 0.0223091131297487 -0.0090586665785883 0.007651274354694938
2762 -0.01509189417615276 -0.01976028815566271 0.008632510960527282
2763 0.002743093435077367 0.02298172240233095 0.006497137316273336
2764 0.02315752526117448 -0.00287374071532987 -0.004979467684743307
2765 0.02230911312974852 0.009058666578588181 0.007204936389814853
2766 0.0223091131297487 -0.0090586665785883 -0.01590790429211381
2767 0.002743093435077309 -0.0229817224023308 -0.006004100588899667
2768 0.001882054676675864 0.02027352652038491 0.02106495282939257
2769 0.002743093435077367 0.02298172240233095 -0.00623109605079574
2770 0.002723993875396488 -0.02306540304087635 0.006189807838317235
2771 -0.01509189417615265 0.01976028815566261 0.005005068355718964
2772 -0.01310296346279566 0.01478219180886628 0.02277554705963963
2773 0.02230911312974853 0.009058666578588181 -0.01309464924313761
2774 -0.02630954749792031 0.03427529697833755 0.005245138447199274
2775 -0.01509189417615276 -0.01976028815566271 -0.006636140142266063
2776 -0.03239669664021395 0.02446907470557803 -0.006288164890614748
2777 0.03192479551581257 0.003856184453373524 -0.01930650572819074
2778 0.02474037843326914 -0.01051480052269482 -0.006249614586511781
2779 0.008522069134255484 0.04008331761191798 -0.0064540153269939
2780 0.01957475588220905 0.01601717541268389 0.000520093845852454
2781 -0.0303555139124221 0.02716444348670565 -0.0002523263597887484
2782 0.02328630956680414 -5.833007687972014e-17 0.007409470639252115
2783 -0.03653377324951468 0.01825034175464355 -0.003689143755779289
2784 0.02474037843326935 0.01051480052269492 -0.007159796493457809
2785 -0.03594537317335771 -0.01815527487766688 0.005408482749862643
2786 -0.006434786221832918 -0.02231143294541083 0.006500558994940724
2787 0.002036938543453343 -0.02221946407846122 -0.02504919834836567
2788 0.01018366421298927 -0.02512297961295743 -0.006042236032417725
2789 -0.006423628565559528 0.02226254805920278 -0.007049159791733599
2790 0.003940987387865154 -0.02739003719406896 0.01388832059454118
2791 0.01570574365775765 -0.02908633666372846 0.0198406141604383
2792 0.007485988431278108 -0.03577947994075316 0.01633985686818449
2793 -0.007331817258737544 -0.0262415827089536 0.01778431183838327
2794 -0.02547126813709732 0.00346758149384809 0.01955465173123626
2795 -0.01509189417615261 0.01976028815566269 -0.02310988091392608
2796 -0.02289970959138668 0.02136410028757281 -0.02012483828967445
2797 -0.01022504112400809 -0.02446043960333385 -0.004631984479379201
2798 -0.009475361596517703 -0.01975052704283142 -0.02152860209564165
2799 -0.01088487388497696 -0.03403906527459418 -0.01587834551710467
2800 -0.0371156800681408 -0.01679526461328089 -0.003436719376519262
2801 0.009291729531930361 -0.01599960231703727 0.01933518354808641
2802 0.0186840928715113 -0.009256258568501839 0.02404000594278048
2803 0.02993526731848259 0.004203160858126071 0.02242634656557052
2804 0.01808247956130102 0.01638951448448753 0.02195657084862654
2805 0.01785799248789637 -0.01610801659812032 0.005871472710428566
2806 -0.04007661658405266 0.006896086432595858 -0.003598939281895159
2807 -0.02457359007146507 -0.03250765265643506 -0.002120689864362741
2808 -0.002198560042630112 0.01913961401025765 -0.02412300421136263
2809 0.002333297698711717 0.02306505527371117 -0.0132010579319445
2810 0.01291087220518852 0.03031088913245533 -0.01653515904651247
2811 -0.02533015595586333 0.03297904702728291 -0.005224196248662454
2812 0.006480786148645861 -0.03472376431281472 -0.01796343327879562
2813 -0.006424279467653737 0.02226539984760965 0.007350637199558026
2814 -0.03973433130378555 -0.009895196993205124 0.0007371163736468308
2815 -0.04110357253454056 0.0003478307409956089 0.004241776096830092
2816 0.0151351298515817 0.01972013537046475 0.005937991807271122
2817 -0.04014383163025265 -0.005412065640383754 -0.003276946401968092
2818 0.01483738088712056 0.01932605694111799 -0.005603833946991551
2819 -0.0052176231021844 0.03950373445079138 -0.00695456573764809
2820 -0.03937791461930359 0.01604386605589344 0.006844946963896969
2821 -0.01486695599599659 -0.03806540881044402 0.002491918449353239
2822 -0.03472619153980239 -0.001268916583941423 -0.01996481408624856
2823 0.01082517061538056 -0.02194091782347711 0.005881362036082442
2824 -0.02860057822449152 0.01752970238220407 0.01827072484973345
2825 -0.03166084223819408 -0.02536792226940381 -0.004926524050203562
2826 -0.01527341566917334 0.03830674833648696 -0.00490104825729377
2827 0.0159273218526899 0.0283388131118196 0.0190111401134502
2828 -0.01854157243498051 -0.02900479861018705 -0.01697395198191939
2829 0.003940987387865154 -0.02739003719406896 -0.01209171249508784
2830 0.0007492083820517771 0.03424494247266495 -0.01889986116120851
2831 0.02873821098514525 0.01552792397936424 -0.01673004757424524
2832 0.02029030836123386 0.02544482150659549 -0.01873498998109673
2833 0.01576662628569558 -0.02160806879198419 -0.02325051569139742
2834 -0.0237104466544021 -0.01354544170630895 -0.02353082176893886
2835 -0.02942391920550463 -0.02107287398528353 -0.01536642330865226
2836 -0.01509189417615265 0.0197602881556626 -0.005360451612528756
2837 -0.003082754416816183 -0.04045200068941246 0.003164707150390287
2838 0.02575268833481176 0.003690619329553611 -0.004839478021037005
2839 -0.01718732534363008 0.03634894676083986 0.007553072089266894
2840 -0.003785360693496537 -0.03025330782660799 -0.01493252717575838
2841 -0.003283377547353728 0.02793630095682365 -0.003479937559029198
2842 -0.01528970482610559 -0.02905408217568017 0.01598603152397061
2843 -0.02579030977650968 -0.02344264681926085 0.01910513965541586
2844 -0.02912017752211707 -0.01228315157303051 0.01829478977024858
2845 0.02741280011936865 0.004150991039281771 0.004299412627569309
2846 -0.02125756646004544 -0.007812397929895612 -0.0008328179944725363
2847 0.01654226055874466 0.03675190657674044 0.004292660607276979
2848 0.009515528287615566 -0.03180576198819336 -0.01430433490035865
2849 -0.004224100334634218 -0.0334544393490823 0.01992548717134295
2850 0.02074178619572998 -0.01603559581793308 -0.005417880719932322
2851 0.01153578240324125 -0.03910612236222744 -0.004384817590553254
2852 0.02590382075954607 -4.445228907190568e-17 -0.01261365815033019
2853 0.009946864549448283 0.02431324835196835 0.005321290133077439
2854 -0.03574119245105723 -0.009058666578588221 -0.0158103463788257
2855 -0.01473883933108596 -0.0372211085458724 -0.007281285811208594
2856 0.02343414409334121 0.01749999999999997 -0.007033606469334557
2857 -0.03070765970011125 -0.02443835076110622 0.007377123308883957
2858 0.02659616327103383 -0.00443210523452018 0.0006876469456206713
2859 0.02897062144809526 0.01314602302498605 0.01494120387263214
2860 -0.02502917116902701 -0.03258068590361485 0.005584879010691949
2861 -0.003590821546260182 0.03982826504649024 0.009182353419487007
2862 0.01066508980782175 0.0267692038860278 0.0107902839653684
2863 0.03211917872281281 -0.00633523353916642 -0.01916323398580198
2864 -0.0322249705184717 0.0219937949977502 0.008477760120450109
2865 0.03192479551581261 -0.003856184453373534 0.01673072887404701
2866 0.0198259528039067 -0.03061671591815001 -0.0148277570851177
2867 0.02510648206752872 0.02078653014886301 0.01420971458928944
2868 -0.03677364847311954 -0.004773408697426471 0.01423195789171278
2869 -0.01063134472589833 0.03183532789948164 -0.01620353707417965
2870 0.02343414409334121 0.01749999999999997 0.006642127764352421
2871 0.0281406519980868 -0.01598765635557709 -0.01547743173320217
2872 0.0065877582586412 0.03329785960708275 -0.0130970232565537
2873 0.0031962336006539 0.02809534607149276 0.003748613319373425
2874 0.0299352673184825 -0.004203160858126083 -0.006136799837422935
2875 0.02686380178516076 0.009388343431244381 -0.002740253457488714
2876 0.02506099098852296 -0.01788830489609171 0.01581200556758406
2877 -0.03861390377195782 0.007286059127470259 0.005630430615178071
2878 -0.0008434252606519273 -0.0017652900619098 0.02664427556796826
2879 0.0008024565751881252 0.03071329234929543 0.02253331942067481
2880 0.01066508980782175 0.02676920388602779 -0.005187756509958866
2881 0.02343414409334128 -0.01750000000000004 0.006200082837033571
2882 -0.01174507049114143 -0.02549898328196412 0.002820365365901256
2883 0.01743328692172658 -0.0227618054909097 -0.005345864346959205
2884 0.02751423542045192 0.003755887383461108 0.01096940266026668
2885 0.03475479061142966 0.004907894277896656 0.01523773910208658
2886 -0.02985402742342801 -0.01549835806807595 -0.01407914670630445
2887 0.00748598843127813 0.03183532789948164 0.01338628467972208
2888 0.01185924449443475 -0.02447689044321705 -0.0004164503495358305
2889 0.00465504665816304 -0.03956459677289473 0.004026548048616968
2890 0.002333333333333331 -0.004041451884327378 -0.02729964681295444
2891 0.02349929959827149 -0.03176554286273751 0.009535502761526829
2892 -0.02344093138658549 -0.03047860961252405 0.01393370560039749
2893 -0.02322482714315406 0.008531976886065008 -0.0001776916284048843
2894 -0.01723395955838834 -0.01044897510958712 -0.01703369203665795
2895 0.03418304823000298 -0.0118843131120781 0.01717500830527191
2896 -0.01398081932577867 -0.03502796474982255 0.01466739321234183
2897 0.01663195566968833 -0.02170122292343975 0.006245647151295781
2898 0.02442082668675088 0.01298760407949792 0.00421316267605224
2899 -0.003386703499105185 -0.0260148127646016 -0.005170675423564097
2900 -0.03852343065837917 0.004916320507942469 -0.006646544134674168
2901 0.01973754187745697 -0.01906065584105584 0.01189337295765763
2902 0.0004568617090273464 -0.03299835806807596 0.01345475431146936
2903 -0.03378055519902509 -0.01692013375198469 0.01400139429326277
2904 -0.02262353628686473 0.02498277579099385 0.01786872290365393
2905 0.01028112434288676 -0.02463591314716231 0.01175411780389934
2906 0.016286405551893 -0.02556213558224427 0.01327105194631441
2907 0.00427583558706272 -0.02879495320225026 -0.005185129752112042
2908 0.01303321963838482 -0.02470972372193932 -0.01346767626415425
2909 -0.01075605539730754 0.02553500075940222 -0.005206974522203897
2910 0.01819341995545315 0.02376786115450426 0.005879797965288654
2911 0.01880780595494369 0.02458101686146046 0.01123006661259822
2912 -0.01158142788515887 0.03940793425343642 0.003272066259424627
2913 -0.001041573428077837 -0.03412345456156346 -0.01587459578275633
2914 0.02268135867560121 -0.01414029936028277 0.0005847745962819814
2915 0.01880780595494363 -0.02458101686146045 0.006654993376724112
2916 0.01840997125255114 -0.02354891037080043 0.002710061738793016
2917 0.01955137768089138 -0.01920713782859996 -0.0003761365412769503
2918 0.003770084707561794 0.03588160131578379 0.0154269145089847
2919 -0.01889452440236528 0.01200216850693919 -0.01423516626322746
2920 -0.02814786129036449 0.01133154649022465 -0.0214256201218179
2921 -0.02539160465626233 -0.02704495996149367 -0.01390762651205375
2922 -0.01260452869497111 0.02262083666520823 -0.01329962901666007
2923 -0.01672435287890942 0.02814561062493538 -0.01477658090259964
2924 -0.003406515709283435 0.02705957562852232 0.008139593690763414
2925 0.0278720912524293 -0.00382199944977791 0.005739517336685505
2926 0.0299352673184825 -0.004203160858126083 0.01017584081363239
2927 0.03187361536669779 -0.009058666578588262 0.01253133129552175
2928 0.03306621144658041 -6.288372600415926e-18 0.0125527812646934
2929 -0.02908645746525365 0.001333926410697107 -0.01658651552948603
2930 -0.02808414280254926 0.02850600200847511 0.004986446403998273
2931 -0.004234968299859228 0.02907232652630269 -0.0119262983760111
2932 0.03532293814227869 0.01159610997444963 -0.01330715233853034
2933 0.02373771168789858 0.01780440675463385 -0.002803443876862031
2934 0.04031452587891709 -0.005866577390105114 -7.581525187951001e-05
2935 0.02993526731848259 0.004203160858126071 -0.0068736662236442
2936 -0.03914678751198638 -0.005636415492658078 0.005485965589229202
2937 0.01690017473306494 -0.008604145655407907 -0.002909113788305898
2938 0.005273305885091709 0.03855409609350939 -0.006916545442876509
2939 -0.03610673245739683 0.01519581123919085 0.004770229369466562
2940 0.005357082936189281 -0.02564375353452616 0.0006111104440958224
2941 0.02383425928903738 0.02993764988886532 0.01267387623296174
2942 0.009308195542097738 0.04000644584186006 0.004201529254439604
2943 0.00510774559237916 -0.03695972376759417 -0.008248802706481576
2944 0.003659994112587227 -0.0408039186581483 -0.00658625727814071
2945 -0.02344093138658551 0.03047860961252408 0.006654993376724113
2946 0.04040173617438438 0.006208312056560136 -0.0003307690745068317
2947 -0.01546285495834211 -0.01786713230266421 0.001636389327383532
2948 -0.02140979091817732 0.03098927775813133 -0.01210073386071276
2949 0.003961383169982713 -0.02800502379290928 0.006631077784041913
2950 -0.003504668433440984 -0.02726900759340822 0.0047336984807074
2951 -0.01299604795807395 0.0362837606999959 -0.01199511569264072
2952 0.02520559905055651 -0.02274709540960513 -0.01431272776480377
2953 -0.01093984351152299 0.02582288113882067 0.003315663721054313
2954 -0.01087182320317588 0.02576926863799692 0.01373336855874475
2955 -0.01026178604686431 0.03444154722151619 0.01577895543732969
2956 -0.01615119265172447 0.02727471370576132 0.01452464974917165
2957 0.03623507380520957 -0.01264361466733186 -0.01312864808339713
2958 -0.01939671472470305 -0.009532595576096887 0.01080021814350212
2959 -0.03218592332057188 0.02167440534466113 0.001328205517759638
2960 0.005089198590791396 0.03751465380137793 -0.001909995805728071
2961 -0.02368978556683339 0.03148378440383279 0.002733820956725583
2962 -0.03906512503410577 -0.009995035487229189 0.006774305283177096
2963 0.02782433140876333 -3.469446951953614e-17 -0.006796267845697314
2964 0.02353986894405624 -0.0254503991539464 0.01379251888443146
2965 0.01763883574164365 0.02250496430426324 -0.004958693216975202
2966 0.01190131337576064 0.02146276598048616 -0.01653466583763863
2967 0.03604179250471365 -0.003735207500450586 0.01227943054924973
2968 0.01071476944032176 -0.02684755057788877 0.005211966961561671
$EndNodes
$Elements
16892
1 2 2 101 87 897 400 73
2 2 2 101 87 1003 73 400
3 2 2 101 87 897 73 1073
4 2 2 101 87 73 1003 1013
5 2 2 101 87 73 1013 1073
6 2 2 101 87 74 884 381
7 2 2 101 87 1474 74 381
8 2 2 101 87 884 74 886
9 2 2 101 87 886 74 1281
10 2 2 101 87 74 1474 1281
11 2 2 101 87 1118 381 382
12 2 2 101 87 1370 382 381
13 2 2 101 87 381 884 1370
14 2 2 101 87 1118 1119 381
15 2 2 101 87 1119 1474 381
16 2 2 101 87 889 382 383
17 2 2 101 87 382 943 383
18 2 2 101 87 1118 382 889
19 2 2 101 87 945 943 382
20 2 2 101 87 945 382 1370
21 2 2 101 87 384 891 383
22 2 2 101 87 944 384 383
23 2 2 101 87 891 889 383
24 2 2 101 87 943 944 383
25 2 2 101 87 384 385 1298
26 2 2 101 87 1401 385 384
27 2 2 101 87 1298 891 384
28 2 2 101 87 384 944 1401
29 2 2 101 87 1404 386 385
30 2 2 101 87 386 1447 385
31 2 2 101 87 1447 1298 385
32 2 2 101 87 1401 1404 385
33 2 2 101 87 973 386 387
34 2 2 101 87 1588 387 386
35 2 2 101 87 973 1447 386
36 2 2 101 87 386 1404 1588
37 2 2 101 87 388 903 387
38 2 2 101 87 1015 388 387
39 2 2 101 87 973 387 903
40 2 2 101 87 1588 1015 387
41 2 2 101 87 965 388 389
42 2 2 101 87 1016 389 388
43 2 2 101 87 902 903 388
44 2 2 101 87 902 388 965
45 2 2 101 87 388 1015 1016
46 2 2 101 87 390 965 389
47 2 2 101 87 1574 390 389
48 2 2 101 87 1574 389 1016
49 2 2 101 87 1018 391 390
50 2 2 101 87 391 1063 390
51 2 2 101 87 390 1438 965
52 2 2 101 87 1574 1018 390
53 2 2 101 87 1063 1438 390
54 2 2 101 87 391 993 392
55 2 2 101 87 1062 391 392
56 2 2 101 87 1018 993 391
57 2 2 101 87 1062 1063 391
58 2 2 101 87 392 994 393
59 2 2 101 87 1277 392 393
60 2 2 101 87 993 994 392
61 2 2 101 87 392 1277 1062
62 2 2 101 87 393 1530 394
63 2 2 101 87 1576 393 394
64 2 2 101 87 994 1530 393
65 2 2 101 87 1277 393 1576
66 2 2 101 87 985 394 395
67 2 2 101 87 394 1531 395
68 2 2 101 87 985 1576 394
69 2 2 101 87 1531 394 1530
70 2 2 101 87 984 395 396
71 2 2 101 87 395 1469 396
72 2 2 101 87 984 985 395
73 2 2 101 87 1531 1469 395
74 2 2 101 87 397 1323 396
75 2 2 101 87 396 1466 397
76 2 2 101 87 396 1322 984
77 2 2 101 87 1323 1322 396
78 2 2 101 87 1469 1466 396
79 2 2 101 87 397 1410 398
80 2 2 101 87 1545 397 398
81 2 2 101 87 1323 397 1545
82 2 2 101 87 1365 1410 397
83 2 2 101 87 1466 1365 397
84 2 2 101 87 1409 399 398
85 2 2 101 87 1545 398 399
86 2 2 101 87 1409 398 1410
87 2 2 101 87 400 399 1165
88 2 2 101 87 1408 399 400
89 2 2 101 87 1409 1165 399
90 2 2 101 87 1285 399 1408
91 2 2 101 87 1285 1545 399
92 2 2 101 87 897 1408 400
93 2 2 101 87 1002 1003 400
94 2 2 101 87 1165 1002 400
95 2 2 101 87 872 874 873
96 2 2 101 87 873 1243 872
97 2 2 101 87 886 874 872
98 2 2 101 87 872 885 886
99 2 2 101 87 885 872 1030
100 2 2 101 87 872 1243 1030
101 2 2 101 87 873 874 875
102 2 2 101 87 875 1316 873
103 2 2 101 87 1301 1243 873
104 2 2 101 87 873 1317 1301
105 2 2 101 87 1316 1317 873
106 2 2 101 87 875 874 1036
107 2 2 101 87 874 886 1036
108 2 2 101 87 1448 875 1036
109 2 2 101 87 875 1449 1316
110 2 2 101 87 1448 1449 875
111 2 2 101 87 876 878 877
112 2 2 101 87 876 877 887
113 2 2 101 87 876 904 878
114 2 2 101 87 887 888 876
115 2 2 101 87 876 888 892
116 2 2 101 87 904 876 892
117 2 2 101 87 877 878 879
118 2 2 101 87 879 1523 877
119 2 2 101 87 877 1568 887
120 2 2 101 87 877 1523 1426
121 2 2 101 87 1426 1568 877
122 2 2 101 87 902 879 878
123 2 2 101 87 878 905 902
124 2 2 101 87 904 905 878
125 2 2 101 87 965 879 902
126 2 2 101 87 879 965 1438
127 2 2 101 87 879 1438 1523
128 2 2 101 87 880 882 881
129 2 2 101 87 880 881 1266
130 2 2 101 87 882 880 1199
131 2 2 101 87 1199 880 1350
132 2 2 101 87 880 1266 1268
133 2 2 101 87 1268 1350 880
134 2 2 101 87 881 882 883
135 2 2 101 87 881 883 1222
136 2 2 101 87 1267 881 1222
137 2 2 101 87 1266 881 1267
138 2 2 101 87 882 1313 883
139 2 2 101 87 882 1199 1231
140 2 2 101 87 1231 1313 882
141 2 2 101 87 1222 883 1314
142 2 2 101 87 883 1313 1314
143 2 2 101 87 884 886 885
144 2 2 101 87 884 885 1370
145 2 2 101 87 885 1030 1247
146 2 2 101 87 1247 1370 885
147 2 2 101 87 1036 886 1281
148 2 2 101 87 991 888 887
149 2 2 101 87 1568 991 887
150 2 2 101 87 1491 892 888
151 2 2 101 87 990 888 991
152 2 2 101 87 990 1491 888
153 2 2 101 87 889 891 890
154 2 2 101 87 1118 889 890
155 2 2 101 87 891 1445 890
156 2 2 101 87 1118 890 1227
157 2 2 101 87 1227 890 1444
158 2 2 101 87 1444 890 1445
159 2 2 101 87 891 1298 1445
160 2 2 101 87 904 892 1112
161 2 2 101 87 892 1108 1112
162 2 2 101 87 892 1486 1108
163 2 2 101 87 892 1491 1486
164 2 2 101 87 893 895 894
165 2 2 101 87 893 894 910
166 2 2 101 87 893 1068 895
167 2 2 101 87 1426 893 910
168 2 2 101 87 1426 1068 893
169 2 2 101 87 1276 894 895
170 2 2 101 87 910 894 1458
171 2 2 101 87 894 1357 961
172 2 2 101 87 1458 894 961
173 2 2 101 87 1276 1357 894
174 2 2 101 87 895 1063 1062
175 2 2 101 87 1277 895 1062
176 2 2 101 87 1063 895 1068
177 2 2 101 87 895 1277 1276
178 2 2 101 87 896 898 897
179 2 2 101 87 896 897 1073
180 2 2 101 87 898 896 908
181 2 2 101 87 907 908 896
182 2 2 101 87 896 1248 907
183 2 2 101 87 1248 896 1073
184 2 2 101 87 1408 897 898
185 2 2 101 87 1110 898 908
186 2 2 101 87 1285 898 1110
187 2 2 101 87 1408 898 1285
188 2 2 101 87 899 901 900
189 2 2 101 87 900 1503 899
190 2 2 101 87 1164 901 899
191 2 2 101 87 1164 899 1391
192 2 2 101 87 1503 1391 899
193 2 2 101 87 900 901 1337
194 2 2 101 87 1145 1147 900
195 2 2 101 87 900 1337 1145
196 2 2 101 87 1147 1529 900
197 2 2 101 87 1529 1503 900
198 2 2 101 87 1075 901 1164
199 2 2 101 87 1349 901 1075
200 2 2 101 87 1337 901 1349
201 2 2 101 87 903 902 905
202 2 2 101 87 905 973 903
203 2 2 101 87 1514 905 904
204 2 2 101 87 904 1112 1514
205 2 2 101 87 1513 973 905
206 2 2 101 87 1513 905 1514
207 2 2 101 87 906 908 907
208 2 2 101 87 906 907 909
209 2 2 101 87 908 906 1110
210 2 2 101 87 906 909 1392
211 2 2 101 87 906 1483 1110
212 2 2 101 87 1394 906 1392
213 2 2 101 87 1482 906 1394
214 2 2 101 87 1483 906 1482
215 2 2 101 87 909 907 1479
216 2 2 101 87 1248 1479 907
217 2 2 101 87 909 1393 1392
218 2 2 101 87 1479 1393 909
219 2 2 101 87 1440 1426 910
220 2 2 101 87 910 1432 1440
221 2 2 101 87 1458 1432 910
222 2 2 101 87 911 913 912
223 2 2 101 87 911 912 917
224 2 2 101 87 911 1502 913
225 2 2 101 87 917 1501 911
226 2 2 101 87 1500 911 1501
227 2 2 101 87 911 1500 1502
228 2 2 101 87 912 913 1139
229 2 2 101 87 912 960 917
230 2 2 101 87 912 959 960
231 2 2 101 87 912 1139 959
232 2 2 101 87 1139 913 1149
233 2 2 101 87 913 1148 1149
234 2 2 101 87 1148 913 1502
235 2 2 101 87 914 916 915
236 2 2 101 87 914 915 918
237 2 2 101 87 983 916 914
238 2 2 101 87 918 1263 914
239 2 2 101 87 982 983 914
240 2 2 101 87 914 1263 982
241 2 2 101 87 915 916 1100
242 2 2 101 87 918 915 1400
243 2 2 101 87 1099 915 1100
244 2 2 101 87 1400 915 1099
245 2 2 101 87 916 983 1519
246 2 2 101 87 916 1387 1100
247 2 2 101 87 1387 916 1519
248 2 2 101 87 1327 917 960
249 2 2 101 87 1166 917 1327
250 2 2 101 87 1567 917 1166
251 2 2 101 87 917 1567 1501
252 2 2 101 87 1263 918 1262
253 2 2 101 87 1400 1262 918
254 2 2 101 87 919 921 920
255 2 2 101 87 920 1205 919
256 2 2 101 87 921 919 1411
257 2 2 101 87 919 1205 1206
258 2 2 101 87 1206 1524 919
259 2 2 101 87 1524 1411 919
260 2 2 101 87 920 921 922
261 2 2 101 87 920 922 1059
262 2 2 101 87 1061 920 1059
263 2 2 101 87 1204 920 1061
264 2 2 101 87 1204 1205 920
265 2 2 101 87 921 1224 922
266 2 2 101 87 1411 1224 921
267 2 2 101 87 1218 1059 922
268 2 2 101 87 1220 1218 922
269 2 2 101 87 1220 922 1223
270 2 2 101 87 1223 922 1224
271 2 2 101 87 923 925 924
272 2 2 101 87 923 924 929
273 2 2 101 87 1060 925 923
274 2 2 101 87 929 934 923
275 2 2 101 87 923 934 935
276 2 2 101 87 1060 923 935
277 2 2 101 87 924 925 1459
278 2 2 101 87 929 924 1284
279 2 2 101 87 1284 924 1589
280 2 2 101 87 924 1459 1589
281 2 2 101 87 925 1060 1570
282 2 2 101 87 1459 925 1230
283 2 2 101 87 1230 925 1570
284 2 2 101 87 926 928 927
285 2 2 101 87 927 1354 926
286 2 2 101 87 926 937 928
287 2 2 101 87 926 1012 937
288 2 2 101 87 926 1354 1012
289 2 2 101 87 927 928 1377
290 2 2 101 87 1354 927 1471
291 2 2 101 87 1471 927 1377
292 2 2 101 87 928 937 1069
293 2 2 101 87 1070 928 1069
294 2 2 101 87 1422 928 1070
295 2 2 101 87 1377 928 1422
296 2 2 101 87 929 1498 934
297 2 2 101 87 1283 929 1284
298 2 2 101 87 1283 1498 929
299 2 2 101 87 930 932 931
300 2 2 101 87 931 1520 930
301 2 2 101 87 930 1481 932
302 2 2 101 87 930 1480 1481
303 2 2 101 87 930 1597 1480
304 2 2 101 87 1575 930 1520
305 2 2 101 87 1575 1597 930
306 2 2 101 87 931 932 933
307 2 2 101 87 933 1550 931
308 2 2 101 87 1520 931 1517
309 2 2 101 87 1517 931 1550
310 2 2 101 87 932 1439 933
311 2 2 101 87 1347 1439 932
312 2 2 101 87 1347 932 1481
313 2 2 101 87 1439 946 933
314 2 2 101 87 1456 933 946
315 2 2 101 87 1550 933 1456
316 2 2 101 87 935 934 1201
317 2 2 101 87 1201 934 1522
318 2 2 101 87 934 1498 1522
319 2 2 101 87 1153 1060 935
320 2 2 101 87 935 1202 1153
321 2 2 101 87 1201 1202 935
322 2 2 101 87 936 938 937
323 2 2 101 87 1013 936 937
324 2 2 101 87 1355 938 936
325 2 2 101 87 936 1003 1002
326 2 2 101 87 1002 1355 936
327 2 2 101 87 936 1013 1003
328 2 2 101 87 937 938 1069
329 2 2 101 87 1012 1013 937
330 2 2 101 87 1072 1069 938
331 2 2 101 87 1511 1072 938
332 2 2 101 87 938 1355 1511
333 2 2 101 87 939 941 940
334 2 2 101 87 1264 939 940
335 2 2 101 87 939 960 941
336 2 2 101 87 939 1327 960
337 2 2 101 87 1264 1327 939
338 2 2 101 87 1518 940 941
339 2 2 101 87 940 983 982
340 2 2 101 87 1264 940 982
341 2 2 101 87 1518 983 940
342 2 2 101 87 941 960 959
343 2 2 101 87 1197 941 959
344 2 2 101 87 1521 941 1197
345 2 2 101 87 1518 941 1521
346 2 2 101 87 942 944 943
347 2 2 101 87 942 943 945
348 2 2 101 87 944 942 1402
349 2 2 101 87 1594 942 945
350 2 2 101 87 1402 942 1577
351 2 2 101 87 942 1594 1577
352 2 2 101 87 1401 944 1402
353 2 2 101 87 1370 1396 945
354 2 2 101 87 1594 945 1396
355 2 2 101 87 946 948 947
356 2 2 101 87 947 1457 946
357 2 2 101 87 946 1439 948
358 2 2 101 87 946 1457 1456
359 2 2 101 87 947 948 1287
360 2 2 101 87 1287 1288 947
361 2 2 101 87 1288 1451 947
362 2 2 101 87 947 1451 1457
363 2 2 101 87 957 948 958
364 2 2 101 87 957 1287 948
365 2 2 101 87 958 948 1439
366 2 2 101 87 949 951 950
367 2 2 101 87 949 950 952
368 2 2 101 87 1074 951 949
369 2 2 101 87 952 1035 949
370 2 2 101 87 949 1035 1076
371 2 2 101 87 1074 949 1076
372 2 2 101 87 950 951 1159
373 2 2 101 87 950 1261 952
374 2 2 101 87 950 1159 1167
375 2 2 101 87 950 1167 1261
376 2 2 101 87 1255 951 1074
377 2 2 101 87 951 1255 1159
378 2 2 101 87 1034 1035 952
379 2 2 101 87 1034 952 1412
380 2 2 101 87 1412 952 1261
381 2 2 101 87 953 955 954
382 2 2 101 87 954 1472 953
383 2 2 101 87 1437 955 953
384 2 2 101 87 953 1562 1437
385 2 2 101 87 953 1472 1562
386 2 2 101 87 954 955 956
387 2 2 101 87 954 956 1587
388 2 2 101 87 1470 1472 954
389 2 2 101 87 1470 954 1587
390 2 2 101 87 1539 956 955
391 2 2 101 87 955 1437 1541
392 2 2 101 87 1541 1539 955
393 2 2 101 87 1539 1540 956
394 2 2 101 87 1540 1583 956
395 2 2 101 87 1583 1587 956
396 2 2 101 87 958 1280 957
397 2 2 101 87 1280 1281 957
398 2 2 101 87 1474 957 1281
399 2 2 101 87 1474 1287 957
400 2 2 101 87 1280 958 1346
401 2 2 101 87 1346 958 1347
402 2 2 101 87 1439 1347 958
403 2 2 101 87 959 1139 1197
404 2 2 101 87 961 963 962
405 2 2 101 87 962 1458 961
406 2 2 101 87 961 1442 963
407 2 2 101 87 961 1357 1442
408 2 2 101 87 962 963 964
409 2 2 101 87 962 964 1271
410 2 2 101 87 962 1271 1270
411 2 2 101 87 962 1270 1458
412 2 2 101 87 963 1104 964
413 2 2 101 87 1103 963 1000
414 2 2 101 87 1000 963 1442
415 2 2 101 87 1104 963 1103
416 2 2 101 87 964 1104 1273
417 2 2 101 87 964 1273 1271
418 2 2 101 87 966 968 967
419 2 2 101 87 967 1296 966
420 2 2 101 87 968 966 1339
421 2 2 101 87 966 1296 1302
422 2 2 101 87 1423 966 1302
423 2 2 101 87 1339 966 1423
424 2 2 101 87 967 968 969
425 2 2 101 87 1134 967 969
426 2 2 101 87 1135 967 1134
427 2 2 101 87 1296 967 1135
428 2 2 101 87 1237 969 968
429 2 2 101 87 968 1579 1237
430 2 2 101 87 968 1339 1579
431 2 2 101 87 969 1256 1134
432 2 2 101 87 1235 969 1237
433 2 2 101 87 1235 1256 969
434 2 2 101 87 970 972 971
435 2 2 101 87 970 971 1203
436 2 2 101 87 970 1586 972
437 2 2 101 87 1203 1572 970
438 2 2 101 87 1368 1367 970
439 2 2 101 87 970 1367 1586
440 2 2 101 87 970 1572 1368
441 2 2 101 87 971 972 1185
442 2 2 101 87 971 1185 1152
443 2 2 101 87 971 1152 1202
444 2 2 101 87 1202 1203 971
445 2 2 101 87 1185 972 1138
446 2 2 101 87 972 1586 1138
447 2 2 101 87 1513 1447 973
448 2 2 101 87 974 976 975
449 2 2 101 87 974 975 977
450 2 2 101 87 976 974 1564
451 2 2 101 87 974 977 1536
452 2 2 101 87 974 1536 1535
453 2 2 101 87 974 1535 1564
454 2 2 101 87 976 1035 975
455 2 2 101 87 975 1324 977
456 2 2 101 87 1034 975 1035
457 2 2 101 87 975 1034 1324
458 2 2 101 87 1077 1035 976
459 2 2 101 87 976 1564 1077
460 2 2 101 87 1304 977 1375
461 2 2 101 87 1304 1536 977
462 2 2 101 87 977 1324 1375
463 2 2 101 87 978 980 979
464 2 2 101 87 978 979 1320
465 2 2 101 87 980 978 1308
466 2 2 101 87 1308 978 1321
467 2 2 101 87 1321 978 1320
468 2 2 101 87 979 980 981
469 2 2 101 87 1318 979 981
470 2 2 101 87 1320 979 1171
471 2 2 101 87 1494 1171 979
472 2 2 101 87 979 1318 1494
473 2 2 101 87 981 980 1126
474 2 2 101 87 980 1310 1126
475 2 2 101 87 1308 1309 980
476 2 2 101 87 980 1309 1310
477 2 2 101 87 1122 981 1126
478 2 2 101 87 1318 981 1122
479 2 2 101 87 1264 982 1263
480 2 2 101 87 983 1518 1519
481 2 2 101 87 984 986 985
482 2 2 101 87 984 1322 986
483 2 2 101 87 985 986 999
484 2 2 101 87 985 999 1446
485 2 2 101 87 1446 1576 985
486 2 2 101 87 999 986 1001
487 2 2 101 87 986 1331 1001
488 2 2 101 87 1331 986 1322
489 2 2 101 87 987 989 988
490 2 2 101 87 987 988 1351
491 2 2 101 87 989 987 1101
492 2 2 101 87 1101 987 1102
493 2 2 101 87 987 1163 1102
494 2 2 101 87 1163 987 1351
495 2 2 101 87 988 989 1123
496 2 2 101 87 988 1123 1183
497 2 2 101 87 988 1183 1184
498 2 2 101 87 1351 988 1184
499 2 2 101 87 1101 1371 989
500 2 2 101 87 989 1371 1123
501 2 2 101 87 1537 990 991
502 2 2 101 87 1305 1303 990
503 2 2 101 87 1303 1504 990
504 2 2 101 87 1305 990 1537
505 2 2 101 87 990 1504 1491
506 2 2 101 87 991 1440 1431
507 2 2 101 87 1537 991 1431
508 2 2 101 87 991 1568 1440
509 2 2 101 87 992 994 993
510 2 2 101 87 992 993 1019
511 2 2 101 87 994 992 1372
512 2 2 101 87 992 1019 1547
513 2 2 101 87 1372 992 1374
514 2 2 101 87 1374 992 1547
515 2 2 101 87 1018 1019 993
516 2 2 101 87 994 1372 1532
517 2 2 101 87 994 1532 1530
518 2 2 101 87 995 997 996
519 2 2 101 87 1236 995 996
520 2 2 101 87 995 1580 997
521 2 2 101 87 995 1235 1234
522 2 2 101 87 995 1234 1580
523 2 2 101 87 1236 1235 995
524 2 2 101 87 996 997 998
525 2 2 101 87 998 1306 996
526 2 2 101 87 996 1173 1236
527 2 2 101 87 1306 1173 996
528 2 2 101 87 998 997 1495
529 2 2 101 87 1362 1495 997
530 2 2 101 87 1362 997 1580
531 2 2 101 87 998 1307 1306
532 2 2 101 87 998 1500 1307
533 2 2 101 87 1495 1502 998
534 2 2 101 87 998 1502 1500
535 2 2 101 87 999 1001 1000
536 2 2 101 87 999 1000 1442
537 2 2 101 87 1442 1357 999
538 2 2 101 87 1357 1446 999
539 2 2 101 87 1000 1001 1211
540 2 2 101 87 1211 1103 1000
541 2 2 101 87 1001 1331 1211
542 2 2 101 87 1002 1165 1356
543 2 2 101 87 1002 1356 1355
544 2 2 101 87 1004 1006 1005
545 2 2 101 87 1004 1005 1007
546 2 2 101 87 1462 1006 1004
547 2 2 101 87 1007 1548 1004
548 2 2 101 87 1462 1004 1548
549 2 2 101 87 1379 1005 1006
550 2 2 101 87 1005 1129 1007
551 2 2 101 87 1005 1496 1129
552 2 2 101 87 1379 1316 1005
553 2 2 101 87 1316 1496 1005
554 2 2 101 87 1379 1006 1380
555 2 2 101 87 1460 1380 1006
556 2 2 101 87 1462 1460 1006
557 2 2 101 87 1007 1129 1130
558 2 2 101 87 1130 1463 1007
559 2 2 101 87 1007 1463 1548
560 2 2 101 87 1008 1010 1009
561 2 2 101 87 1009 1563 1008
562 2 2 101 87 1131 1010 1008
563 2 2 101 87 1008 1161 1131
564 2 2 101 87 1008 1461 1161
565 2 2 101 87 1008 1563 1461
566 2 2 101 87 1009 1010 1011
567 2 2 101 87 1242 1009 1011
568 2 2 101 87 1009 1242 1244
569 2 2 101 87 1244 1563 1009
570 2 2 101 87 1117 1011 1010
571 2 2 101 87 1116 1117 1010
572 2 2 101 87 1116 1010 1127
573 2 2 101 87 1131 1127 1010
574 2 2 101 87 1593 1011 1117
575 2 2 101 87 1011 1593 1242
576 2 2 101 87 1012 1014 1013
577 2 2 101 87 1352 1014 1012
578 2 2 101 87 1012 1354 1352
579 2 2 101 87 1073 1013 1014
580 2 2 101 87 1014 1248 1073
581 2 2 101 87 1383 1248 1014
582 2 2 101 87 1014 1352 1383
583 2 2 101 87 1015 1017 1016
584 2 2 101 87 1015 1258 1017
585 2 2 101 87 1258 1015 1330
586 2 2 101 87 1588 1330 1015
587 2 2 101 87 1016 1017 1048
588 2 2 101 87 1048 1574 1016
589 2 2 101 87 1047 1048 1017
590 2 2 101 87 1017 1505 1047
591 2 2 101 87 1017 1258 1505
592 2 2 101 87 1018 1045 1019
593 2 2 101 87 1574 1045 1018
594 2 2 101 87 1019 1045 1046
595 2 2 101 87 1046 1182 1019
596 2 2 101 87 1182 1547 1019
597 2 2 101 87 1020 1022 1021
598 2 2 101 87 1427 1020 1021
599 2 2 101 87 1020 1172 1022
600 2 2 101 87 1020 1334 1172
601 2 2 101 87 1334 1020 1427
602 2 2 101 87 1021 1022 1023
603 2 2 101 87 1405 1021 1023
604 2 2 101 87 1578 1021 1405
605 2 2 101 87 1578 1427 1021
606 2 2 101 87 1023 1022 1311
607 2 2 101 87 1172 1173 1022
608 2 2 101 87 1022 1173 1311
609 2 2 101 87 1026 1023 1250
610 2 2 101 87 1023 1026 1405
611 2 2 101 87 1312 1250 1023
612 2 2 101 87 1311 1312 1023
613 2 2 101 87 1024 1026 1025
614 2 2 101 87 1395 1024 1025
615 2 2 101 87 1024 1405 1026
616 2 2 101 87 1094 1095 1024
617 2 2 101 87 1094 1024 1395
618 2 2 101 87 1024 1095 1405
619 2 2 101 87 1025 1026 1282
620 2 2 101 87 1025 1282 1390
621 2 2 101 87 1025 1390 1391
622 2 2 101 87 1391 1395 1025
623 2 2 101 87 1250 1282 1026
624 2 2 101 87 1027 1029 1028
625 2 2 101 87 1027 1028 1566
626 2 2 101 87 1029 1027 1554
627 2 2 101 87 1027 1156 1155
628 2 2 101 87 1027 1155 1584
629 2 2 101 87 1566 1156 1027
630 2 2 101 87 1027 1584 1554
631 2 2 101 87 1028 1029 1150
632 2 2 101 87 1028 1150 1361
633 2 2 101 87 1028 1361 1566
634 2 2 101 87 1150 1029 1149
635 2 2 101 87 1149 1029 1198
636 2 2 101 87 1554 1198 1029
637 2 2 101 87 1030 1243 1245
638 2 2 101 87 1030 1245 1246
639 2 2 101 87 1246 1247 1030
640 2 2 101 87 1031 1033 1032
641 2 2 101 87 1031 1032 1120
642 2 2 101 87 1031 1497 1033
643 2 2 101 87 1031 1120 1341
644 2 2 101 87 1031 1341 1497
645 2 2 101 87 1032 1033 1369
646 2 2 101 87 1032 1551 1120
647 2 2 101 87 1481 1032 1369
648 2 2 101 87 1032 1481 1480
649 2 2 101 87 1480 1551 1032
650 2 2 101 87 1369 1033 1346
651 2 2 101 87 1378 1346 1033
652 2 2 101 87 1378 1033 1450
653 2 2 101 87 1497 1450 1033
654 2 2 101 87 1034 1412 1324
655 2 2 101 87 1077 1076 1035
656 2 2 101 87 1036 1281 1280
657 2 2 101 87 1036 1280 1378
658 2 2 101 87 1378 1448 1036
659 2 2 101 87 1037 1039 1038
660 2 2 101 87 1037 1038 1040
661 2 2 101 87 1478 1039 1037
662 2 2 101 87 1040 1091 1037
663 2 2 101 87 1091 1478 1037
664 2 2 101 87 1039 1510 1038
665 2 2 101 87 1038 1067 1040
666 2 2 101 87 1065 1067 1038
667 2 2 101 87 1510 1065 1038
668 2 2 101 87 1039 1476 1475
669 2 2 101 87 1510 1039 1475
670 2 2 101 87 1478 1476 1039
671 2 2 101 87 1067 1399 1040
672 2 2 101 87 1040 1092 1091
673 2 2 101 87 1092 1040 1549
674 2 2 101 87 1549 1040 1399
675 2 2 101 87 1041 1043 1042
676 2 2 101 87 1041 1042 1044
677 2 2 101 87 1043 1041 1242
678 2 2 101 87 1403 1041 1044
679 2 2 101 87 1041 1241 1240
680 2 2 101 87 1242 1041 1240
681 2 2 101 87 1041 1403 1241
682 2 2 101 87 1043 1265 1042
683 2 2 101 87 1044 1042 1055
684 2 2 101 87 1055 1042 1265
685 2 2 101 87 1593 1043 1242
686 2 2 101 87 1593 1265 1043
687 2 2 101 87 1050 1051 1044
688 2 2 101 87 1055 1050 1044
689 2 2 101 87 1051 1319 1044
690 2 2 101 87 1403 1044 1319
691 2 2 101 87 1045 1047 1046
692 2 2 101 87 1047 1045 1048
693 2 2 101 87 1048 1045 1574
694 2 2 101 87 1046 1047 1049
695 2 2 101 87 1182 1046 1049
696 2 2 101 87 1047 1132 1049
697 2 2 101 87 1132 1047 1505
698 2 2 101 87 1132 1133 1049
699 2 2 101 87 1049 1133 1428
700 2 2 101 87 1049 1428 1182
701 2 2 101 87 1050 1113 1051
702 2 2 101 87 1050 1055 1335
703 2 2 101 87 1050 1114 1113
704 2 2 101 87 1335 1114 1050
705 2 2 101 87 1051 1053 1054
706 2 2 101 87 1051 1168 1053
707 2 2 101 87 1051 1054 1319
708 2 2 101 87 1168 1051 1113
709 2 2 101 87 1052 1054 1053
710 2 2 101 87 1053 1226 1052
711 2 2 101 87 1052 1259 1054
712 2 2 101 87 1052 1193 1191
713 2 2 101 87 1052 1191 1259
714 2 2 101 87 1193 1052 1226
715 2 2 101 87 1226 1053 1168
716 2 2 101 87 1274 1054 1259
717 2 2 101 87 1274 1319 1054
718 2 2 101 87 1376 1055 1265
719 2 2 101 87 1376 1335 1055
720 2 2 101 87 1056 1058 1057
721 2 2 101 87 1056 1057 1245
722 2 2 101 87 1058 1056 1454
723 2 2 101 87 1301 1056 1245
724 2 2 101 87 1455 1056 1301
725 2 2 101 87 1056 1455 1454
726 2 2 101 87 1058 1274 1057
727 2 2 101 87 1245 1057 1252
728 2 2 101 87 1252 1057 1259
729 2 2 101 87 1057 1274 1259
730 2 2 101 87 1240 1241 1058
731 2 2 101 87 1058 1454 1240
732 2 2 101 87 1274 1058 1241
733 2 2 101 87 1059 1407 1061
734 2 2 101 87 1219 1059 1218
735 2 2 101 87 1407 1059 1219
736 2 2 101 87 1569 1060 1153
737 2 2 101 87 1570 1060 1569
738 2 2 101 87 1204 1061 1437
739 2 2 101 87 1406 1061 1407
740 2 2 101 87 1406 1437 1061
741 2 2 101 87 1063 1068 1438
742 2 2 101 87 1064 1066 1065
743 2 2 101 87 1065 1154 1064
744 2 2 101 87 1066 1064 1137
745 2 2 101 87 1137 1064 1138
746 2 2 101 87 1138 1064 1185
747 2 2 101 87 1064 1154 1185
748 2 2 101 87 1065 1066 1067
749 2 2 101 87 1065 1510 1154
750 2 2 101 87 1066 1143 1067
751 2 2 101 87 1066 1137 1078
752 2 2 101 87 1078 1143 1066
753 2 2 101 87 1067 1143 1399
754 2 2 101 87 1068 1426 1523
755 2 2 101 87 1068 1523 1438
756 2 2 101 87 1069 1071 1070
757 2 2 101 87 1069 1072 1071
758 2 2 101 87 1070 1071 1485
759 2 2 101 87 1070 1490 1422
760 2 2 101 87 1070 1485 1490
761 2 2 101 87 1487 1071 1072
762 2 2 101 87 1485 1071 1477
763 2 2 101 87 1487 1477 1071
764 2 2 101 87 1511 1487 1072
765 2 2 101 87 1074 1076 1075
766 2 2 101 87 1082 1074 1075
767 2 2 101 87 1255 1074 1082
768 2 2 101 87 1081 1075 1076
769 2 2 101 87 1081 1349 1075
770 2 2 101 87 1082 1075 1164
771 2 2 101 87 1076 1077 1081
772 2 2 101 87 1081 1077 1336
773 2 2 101 87 1336 1077 1564
774 2 2 101 87 1078 1080 1079
775 2 2 101 87 1078 1079 1585
776 2 2 101 87 1078 1137 1080
777 2 2 101 87 1142 1143 1078
778 2 2 101 87 1142 1078 1585
779 2 2 101 87 1080 1599 1079
780 2 2 101 87 1599 1179 1079
781 2 2 101 87 1079 1179 1601
782 2 2 101 87 1585 1079 1601
783 2 2 101 87 1080 1137 1326
784 2 2 101 87 1080 1326 1599
785 2 2 101 87 1081 1336 1349
786 2 2 101 87 1164 1390 1082
787 2 2 101 87 1255 1082 1253
788 2 2 101 87 1390 1253 1082
789 2 2 101 87 1083 1085 1084
790 2 2 101 87 1083 1084 1221
791 2 2 101 87 1325 1085 1083
792 2 2 101 87 1083 1221 1222
793 2 2 101 87 1314 1083 1222
794 2 2 101 87 1325 1083 1314
795 2 2 101 87 1086 1084 1085
796 2 2 101 87 1086 1087 1084
797 2 2 101 87 1217 1084 1087
798 2 2 101 87 1221 1084 1217
799 2 2 101 87 1085 1183 1086
800 2 2 101 87 1183 1085 1184
801 2 2 101 87 1325 1184 1085
802 2 2 101 87 1086 1423 1087
803 2 2 101 87 1086 1183 1338
804 2 2 101 87 1338 1423 1086
805 2 2 101 87 1087 1219 1217
806 2 2 101 87 1302 1219 1087
807 2 2 101 87 1087 1423 1302
808 2 2 101 87 1088 1090 1089
809 2 2 101 87 1089 1578 1088
810 2 2 101 87 1088 1093 1090
811 2 2 101 87 1088 1095 1093
812 2 2 101 87 1088 1578 1095
813 2 2 101 87 1600 1089 1090
814 2 2 101 87 1186 1187 1089
815 2 2 101 87 1600 1186 1089
816 2 2 101 87 1427 1089 1187
817 2 2 101 87 1427 1578 1089
818 2 2 101 87 1093 1506 1090
819 2 2 101 87 1090 1506 1543
820 2 2 101 87 1543 1595 1090
821 2 2 101 87 1600 1090 1595
822 2 2 101 87 1411 1091 1092
823 2 2 101 87 1524 1091 1411
824 2 2 101 87 1091 1524 1478
825 2 2 101 87 1411 1092 1224
826 2 2 101 87 1492 1224 1092
827 2 2 101 87 1492 1092 1549
828 2 2 101 87 1093 1095 1094
829 2 2 101 87 1093 1094 1508
830 2 2 101 87 1093 1508 1506
831 2 2 101 87 1094 1395 1538
832 2 2 101 87 1538 1508 1094
833 2 2 101 87 1405 1095 1578
834 2 2 101 87 1096 1098 1097
835 2 2 101 87 1278 1096 1097
836 2 2 101 87 1096 1215 1098
837 2 2 101 87 1108 1096 1107
838 2 2 101 87 1107 1096 1278
839 2 2 101 87 1096 1108 1486
840 2 2 101 87 1096 1486 1215
841 2 2 101 87 1099 1097 1098
842 2 2 101 87 1099 1100 1097
843 2 2 101 87 1100 1389 1097
844 2 2 101 87 1097 1389 1278
845 2 2 101 87 1098 1421 1099
846 2 2 101 87 1215 1275 1098
847 2 2 101 87 1275 1421 1098
848 2 2 101 87 1421 1400 1099
849 2 2 101 87 1100 1387 1389
850 2 2 101 87 1102 1548 1101
851 2 2 101 87 1101 1464 1371
852 2 2 101 87 1101 1463 1464
853 2 2 101 87 1548 1463 1101
854 2 2 101 87 1516 1102 1163
855 2 2 101 87 1102 1516 1548
856 2 2 101 87 1103 1105 1104
857 2 2 101 87 1106 1105 1103
858 2 2 101 87 1106 1103 1211
859 2 2 101 87 1104 1105 1295
860 2 2 101 87 1273 1104 1295
861 2 2 101 87 1213 1105 1106
862 2 2 101 87 1105 1213 1348
863 2 2 101 87 1295 1105 1348
864 2 2 101 87 1210 1106 1211
865 2 2 101 87 1210 1216 1106
866 2 2 101 87 1216 1213 1106
867 2 2 101 87 1107 1109 1108
868 2 2 101 87 1107 1279 1109
869 2 2 101 87 1278 1279 1107
870 2 2 101 87 1108 1109 1112
871 2 2 101 87 1111 1112 1109
872 2 2 101 87 1299 1111 1109
873 2 2 101 87 1109 1279 1443
874 2 2 101 87 1109 1443 1299
875 2 2 101 87 1285 1110 1555
876 2 2 101 87 1483 1555 1110
877 2 2 101 87 1514 1112 1111
878 2 2 101 87 1300 1111 1299
879 2 2 101 87 1514 1111 1300
880 2 2 101 87 1115 1113 1114
881 2 2 101 87 1190 1113 1115
882 2 2 101 87 1169 1168 1113
883 2 2 101 87 1169 1113 1190
884 2 2 101 87 1115 1114 1176
885 2 2 101 87 1176 1114 1333
886 2 2 101 87 1333 1114 1335
887 2 2 101 87 1174 1175 1115
888 2 2 101 87 1174 1115 1176
889 2 2 101 87 1115 1175 1190
890 2 2 101 87 1116 1181 1117
891 2 2 101 87 1200 1116 1127
892 2 2 101 87 1181 1116 1200
893 2 2 101 87 1117 1181 1180
894 2 2 101 87 1180 1593 1117
895 2 2 101 87 1227 1119 1118
896 2 2 101 87 1227 1287 1119
897 2 2 101 87 1474 1119 1287
898 2 2 101 87 1124 1125 1120
899 2 2 101 87 1120 1551 1124
900 2 2 101 87 1341 1120 1125
901 2 2 101 87 1121 1123 1122
902 2 2 101 87 1121 1122 1126
903 2 2 101 87 1123 1121 1183
904 2 2 101 87 1340 1121 1126
905 2 2 101 87 1338 1183 1121
906 2 2 101 87 1338 1121 1340
907 2 2 101 87 1123 1371 1122
908 2 2 101 87 1318 1122 1371
909 2 2 101 87 1124 1170 1125
910 2 2 101 87 1155 1156 1124
911 2 2 101 87 1124 1551 1155
912 2 2 101 87 1156 1171 1124
913 2 2 101 87 1171 1170 1124
914 2 2 101 87 1571 1125 1170
915 2 2 101 87 1571 1341 1125
916 2 2 101 87 1340 1126 1310
917 2 2 101 87 1131 1231 1127
918 2 2 101 87 1199 1200 1127
919 2 2 101 87 1199 1127 1231
920 2 2 101 87 1128 1130 1129
921 2 2 101 87 1129 1496 1128
922 2 2 101 87 1128 1341 1130
923 2 2 101 87 1497 1341 1128
924 2 2 101 87 1128 1496 1449
925 2 2 101 87 1449 1497 1128
926 2 2 101 87 1571 1130 1341
927 2 2 101 87 1130 1465 1463
928 2 2 101 87 1571 1465 1130
929 2 2 101 87 1161 1162 1131
930 2 2 101 87 1162 1231 1131
931 2 2 101 87 1344 1133 1132
932 2 2 101 87 1344 1132 1493
933 2 2 101 87 1493 1132 1424
934 2 2 101 87 1132 1505 1424
935 2 2 101 87 1133 1344 1419
936 2 2 101 87 1133 1419 1428
937 2 2 101 87 1134 1136 1135
938 2 2 101 87 1140 1136 1134
939 2 2 101 87 1134 1141 1140
940 2 2 101 87 1256 1141 1134
941 2 2 101 87 1135 1136 1232
942 2 2 101 87 1232 1233 1135
943 2 2 101 87 1135 1233 1296
944 2 2 101 87 1238 1136 1140
945 2 2 101 87 1232 1136 1289
946 2 2 101 87 1238 1289 1136
947 2 2 101 87 1138 1326 1137
948 2 2 101 87 1138 1586 1326
949 2 2 101 87 1139 1149 1198
950 2 2 101 87 1139 1198 1197
951 2 2 101 87 1141 1239 1140
952 2 2 101 87 1238 1140 1188
953 2 2 101 87 1239 1188 1140
954 2 2 101 87 1257 1239 1141
955 2 2 101 87 1256 1257 1141
956 2 2 101 87 1189 1143 1142
957 2 2 101 87 1142 1269 1189
958 2 2 101 87 1142 1585 1269
959 2 2 101 87 1189 1399 1143
960 2 2 101 87 1144 1146 1145
961 2 2 101 87 1145 1214 1144
962 2 2 101 87 1216 1146 1144
963 2 2 101 87 1213 1144 1214
964 2 2 101 87 1213 1216 1144
965 2 2 101 87 1145 1146 1147
966 2 2 101 87 1145 1337 1214
967 2 2 101 87 1147 1146 1435
968 2 2 101 87 1216 1434 1146
969 2 2 101 87 1146 1434 1435
970 2 2 101 87 1482 1147 1435
971 2 2 101 87 1482 1525 1147
972 2 2 101 87 1147 1525 1529
973 2 2 101 87 1148 1150 1149
974 2 2 101 87 1150 1148 1495
975 2 2 101 87 1148 1502 1495
976 2 2 101 87 1361 1150 1362
977 2 2 101 87 1495 1362 1150
978 2 2 101 87 1151 1153 1152
979 2 2 101 87 1151 1152 1154
980 2 2 101 87 1153 1151 1553
981 2 2 101 87 1154 1510 1151
982 2 2 101 87 1151 1510 1553
983 2 2 101 87 1153 1202 1152
984 2 2 101 87 1185 1154 1152
985 2 2 101 87 1569 1153 1553
986 2 2 101 87 1584 1155 1551
987 2 2 101 87 1566 1171 1156
988 2 2 101 87 1157 1159 1158
989 2 2 101 87 1166 1157 1158
990 2 2 101 87 1157 1167 1159
991 2 2 101 87 1166 1327 1157
992 2 2 101 87 1167 1157 1260
993 2 2 101 87 1260 1157 1264
994 2 2 101 87 1327 1264 1157
995 2 2 101 87 1158 1159 1254
996 2 2 101 87 1567 1166 1158
997 2 2 101 87 1581 1158 1254
998 2 2 101 87 1567 1158 1581
999 2 2 101 87 1159 1255 1254
1000 2 2 101 87 1160 1162 1161
1001 2 2 101 87 1160 1161 1163
1002 2 2 101 87 1315 1162 1160
1003 2 2 101 87 1351 1160 1163
1004 2 2 101 87 1315 1160 1351
1005 2 2 101 87 1516 1163 1161
1006 2 2 101 87 1161 1461 1516
1007 2 2 101 87 1162 1313 1231
1008 2 2 101 87 1315 1313 1162
1009 2 2 101 87 1164 1391 1390
1010 2 2 101 87 1356 1165 1515
1011 2 2 101 87 1409 1515 1165
1012 2 2 101 87 1260 1261 1167
1013 2 2 101 87 1225 1168 1169
1014 2 2 101 87 1225 1226 1168
1015 2 2 101 87 1190 1343 1169
1016 2 2 101 87 1169 1430 1225
1017 2 2 101 87 1430 1169 1343
1018 2 2 101 87 1171 1494 1170
1019 2 2 101 87 1170 1494 1465
1020 2 2 101 87 1465 1571 1170
1021 2 2 101 87 1566 1320 1171
1022 2 2 101 87 1172 1236 1173
1023 2 2 101 87 1172 1257 1236
1024 2 2 101 87 1334 1257 1172
1025 2 2 101 87 1306 1311 1173
1026 2 2 101 87 1174 1420 1175
1027 2 2 101 87 1174 1176 1359
1028 2 2 101 87 1174 1359 1420
1029 2 2 101 87 1190 1175 1195
1030 2 2 101 87 1196 1195 1175
1031 2 2 101 87 1196 1175 1591
1032 2 2 101 87 1591 1175 1420
1033 2 2 101 87 1176 1333 1332
1034 2 2 101 87 1332 1359 1176
1035 2 2 101 87 1177 1179 1178
1036 2 2 101 87 1178 1397 1177
1037 2 2 101 87 1181 1179 1177
1038 2 2 101 87 1180 1181 1177
1039 2 2 101 87 1398 1180 1177
1040 2 2 101 87 1397 1398 1177
1041 2 2 101 87 1178 1179 1599
1042 2 2 101 87 1178 1360 1397
1043 2 2 101 87 1360 1178 1599
1044 2 2 101 87 1181 1601 1179
1045 2 2 101 87 1593 1180 1398
1046 2 2 101 87 1181 1200 1601
1047 2 2 101 87 1547 1182 1384
1048 2 2 101 87 1182 1602 1384
1049 2 2 101 87 1602 1182 1428
1050 2 2 101 87 1184 1325 1351
1051 2 2 101 87 1186 1188 1187
1052 2 2 101 87 1186 1539 1188
1053 2 2 101 87 1186 1540 1539
1054 2 2 101 87 1600 1540 1186
1055 2 2 101 87 1188 1239 1187
1056 2 2 101 87 1334 1187 1239
1057 2 2 101 87 1427 1187 1334
1058 2 2 101 87 1188 1539 1238
1059 2 2 101 87 1189 1269 1292
1060 2 2 101 87 1189 1292 1549
1061 2 2 101 87 1189 1549 1399
1062 2 2 101 87 1343 1190 1195
1063 2 2 101 87 1191 1193 1192
1064 2 2 101 87 1191 1192 1252
1065 2 2 101 87 1191 1252 1259
1066 2 2 101 87 1192 1193 1194
1067 2 2 101 87 1192 1194 1577
1068 2 2 101 87 1192 1246 1252
1069 2 2 101 87 1594 1246 1192
1070 2 2 101 87 1192 1577 1594
1071 2 2 101 87 1194 1193 1297
1072 2 2 101 87 1193 1226 1297
1073 2 2 101 87 1194 1297 1436
1074 2 2 101 87 1436 1402 1194
1075 2 2 101 87 1402 1577 1194
1076 2 2 101 87 1196 1418 1195
1077 2 2 101 87 1342 1343 1195
1078 2 2 101 87 1342 1195 1418
1079 2 2 101 87 1552 1418 1196
1080 2 2 101 87 1591 1552 1196
1081 2 2 101 87 1554 1197 1198
1082 2 2 101 87 1197 1575 1521
1083 2 2 101 87 1197 1554 1575
1084 2 2 101 87 1200 1199 1350
1085 2 2 101 87 1350 1601 1200
1086 2 2 101 87 1201 1203 1202
1087 2 2 101 87 1203 1201 1573
1088 2 2 101 87 1573 1201 1522
1089 2 2 101 87 1203 1573 1572
1090 2 2 101 87 1204 1562 1205
1091 2 2 101 87 1204 1437 1562
1092 2 2 101 87 1206 1205 1489
1093 2 2 101 87 1205 1561 1489
1094 2 2 101 87 1561 1205 1562
1095 2 2 101 87 1488 1206 1489
1096 2 2 101 87 1206 1488 1524
1097 2 2 101 87 1207 1209 1208
1098 2 2 101 87 1498 1207 1208
1099 2 2 101 87 1212 1209 1207
1100 2 2 101 87 1207 1499 1212
1101 2 2 101 87 1207 1283 1286
1102 2 2 101 87 1498 1283 1207
1103 2 2 101 87 1207 1286 1499
1104 2 2 101 87 1209 1596 1208
1105 2 2 101 87 1522 1498 1208
1106 2 2 101 87 1208 1596 1522
1107 2 2 101 87 1212 1385 1209
1108 2 2 101 87 1385 1441 1209
1109 2 2 101 87 1596 1209 1441
1110 2 2 101 87 1526 1210 1211
1111 2 2 101 87 1210 1557 1216
1112 2 2 101 87 1526 1557 1210
1113 2 2 101 87 1331 1526 1211
1114 2 2 101 87 1384 1385 1212
1115 2 2 101 87 1212 1499 1384
1116 2 2 101 87 1213 1214 1348
1117 2 2 101 87 1348 1214 1337
1118 2 2 101 87 1215 1504 1275
1119 2 2 101 87 1491 1215 1486
1120 2 2 101 87 1215 1491 1504
1121 2 2 101 87 1216 1557 1434
1122 2 2 101 87 1217 1219 1218
1123 2 2 101 87 1217 1218 1220
1124 2 2 101 87 1217 1220 1221
1125 2 2 101 87 1302 1233 1219
1126 2 2 101 87 1233 1407 1219
1127 2 2 101 87 1220 1223 1221
1128 2 2 101 87 1222 1221 1267
1129 2 2 101 87 1223 1453 1221
1130 2 2 101 87 1221 1453 1267
1131 2 2 101 87 1223 1224 1453
1132 2 2 101 87 1453 1224 1492
1133 2 2 101 87 1225 1290 1226
1134 2 2 101 87 1430 1290 1225
1135 2 2 101 87 1290 1291 1226
1136 2 2 101 87 1226 1291 1297
1137 2 2 101 87 1287 1227 1288
1138 2 2 101 87 1227 1444 1288
1139 2 2 101 87 1228 1230 1229
1140 2 2 101 87 1511 1228 1229
1141 2 2 101 87 1366 1230 1228
1142 2 2 101 87 1512 1366 1228
1143 2 2 101 87 1512 1228 1511
1144 2 2 101 87 1230 1570 1229
1145 2 2 101 87 1511 1229 1487
1146 2 2 101 87 1229 1560 1487
1147 2 2 101 87 1570 1560 1229
1148 2 2 101 87 1366 1459 1230
1149 2 2 101 87 1232 1407 1233
1150 2 2 101 87 1406 1232 1289
1151 2 2 101 87 1406 1407 1232
1152 2 2 101 87 1296 1233 1302
1153 2 2 101 87 1235 1237 1234
1154 2 2 101 87 1237 1309 1234
1155 2 2 101 87 1308 1234 1309
1156 2 2 101 87 1308 1580 1234
1157 2 2 101 87 1257 1235 1236
1158 2 2 101 87 1235 1257 1256
1159 2 2 101 87 1579 1309 1237
1160 2 2 101 87 1541 1289 1238
1161 2 2 101 87 1539 1541 1238
1162 2 2 101 87 1334 1239 1257
1163 2 2 101 87 1240 1244 1242
1164 2 2 101 87 1244 1240 1381
1165 2 2 101 87 1454 1381 1240
1166 2 2 101 87 1274 1241 1403
1167 2 2 101 87 1301 1245 1243
1168 2 2 101 87 1381 1380 1244
1169 2 2 101 87 1244 1380 1563
1170 2 2 101 87 1246 1245 1252
1171 2 2 101 87 1247 1246 1396
1172 2 2 101 87 1246 1594 1396
1173 2 2 101 87 1370 1247 1396
1174 2 2 101 87 1248 1383 1479
1175 2 2 101 87 1249 1251 1250
1176 2 2 101 87 1249 1250 1312
1177 2 2 101 87 1581 1251 1249
1178 2 2 101 87 1312 1582 1249
1179 2 2 101 87 1249 1582 1581
1180 2 2 101 87 1251 1282 1250
1181 2 2 101 87 1251 1254 1253
1182 2 2 101 87 1253 1282 1251
1183 2 2 101 87 1581 1254 1251
1184 2 2 101 87 1253 1254 1255
1185 2 2 101 87 1282 1253 1390
1186 2 2 101 87 1330 1328 1258
1187 2 2 101 87 1505 1258 1328
1188 2 2 101 87 1260 1262 1261
1189 2 2 101 87 1263 1262 1260
1190 2 2 101 87 1264 1263 1260
1191 2 2 101 87 1412 1261 1262
1192 2 2 101 87 1412 1262 1400
1193 2 2 101 87 1376 1265 1398
1194 2 2 101 87 1593 1398 1265
1195 2 2 101 87 1292 1266 1267
1196 2 2 101 87 1266 1269 1268
1197 2 2 101 87 1292 1269 1266
1198 2 2 101 87 1453 1292 1267
1199 2 2 101 87 1268 1269 1585
1200 2 2 101 87 1268 1601 1350
1201 2 2 101 87 1268 1585 1601
1202 2 2 101 87 1271 1433 1270
1203 2 2 101 87 1431 1432 1270
1204 2 2 101 87 1431 1270 1433
1205 2 2 101 87 1270 1432 1458
1206 2 2 101 87 1272 1271 1273
1207 2 2 101 87 1271 1272 1433
1208 2 2 101 87 1272 1273 1294
1209 2 2 101 87 1272 1294 1535
1210 2 2 101 87 1272 1536 1433
1211 2 2 101 87 1535 1536 1272
1212 2 2 101 87 1293 1294 1273
1213 2 2 101 87 1293 1273 1295
1214 2 2 101 87 1403 1319 1274
1215 2 2 101 87 1275 1303 1421
1216 2 2 101 87 1275 1504 1303
1217 2 2 101 87 1276 1277 1576
1218 2 2 101 87 1276 1446 1357
1219 2 2 101 87 1576 1446 1276
1220 2 2 101 87 1279 1278 1544
1221 2 2 101 87 1278 1389 1544
1222 2 2 101 87 1279 1452 1443
1223 2 2 101 87 1279 1544 1452
1224 2 2 101 87 1346 1378 1280
1225 2 2 101 87 1283 1284 1286
1226 2 2 101 87 1284 1413 1286
1227 2 2 101 87 1589 1413 1284
1228 2 2 101 87 1545 1285 1546
1229 2 2 101 87 1546 1285 1558
1230 2 2 101 87 1558 1285 1555
1231 2 2 101 87 1413 1414 1286
1232 2 2 101 87 1499 1286 1414
1233 2 2 101 87 1444 1451 1288
1234 2 2 101 87 1406 1289 1541
1235 2 2 101 87 1291 1290 1425
1236 2 2 101 87 1425 1290 1429
1237 2 2 101 87 1429 1290 1430
1238 2 2 101 87 1291 1436 1297
1239 2 2 101 87 1291 1425 1436
1240 2 2 101 87 1492 1292 1453
1241 2 2 101 87 1549 1292 1492
1242 2 2 101 87 1564 1294 1293
1243 2 2 101 87 1295 1345 1293
1244 2 2 101 87 1293 1345 1336
1245 2 2 101 87 1564 1293 1336
1246 2 2 101 87 1535 1294 1564
1247 2 2 101 87 1348 1345 1295
1248 2 2 101 87 1298 1300 1299
1249 2 2 101 87 1298 1299 1445
1250 2 2 101 87 1300 1298 1447
1251 2 2 101 87 1445 1299 1443
1252 2 2 101 87 1513 1300 1447
1253 2 2 101 87 1513 1514 1300
1254 2 2 101 87 1317 1455 1301
1255 2 2 101 87 1303 1305 1304
1256 2 2 101 87 1303 1304 1375
1257 2 2 101 87 1303 1375 1421
1258 2 2 101 87 1304 1305 1536
1259 2 2 101 87 1305 1537 1536
1260 2 2 101 87 1311 1306 1307
1261 2 2 101 87 1311 1307 1312
1262 2 2 101 87 1312 1307 1582
1263 2 2 101 87 1500 1501 1307
1264 2 2 101 87 1582 1307 1501
1265 2 2 101 87 1580 1308 1321
1266 2 2 101 87 1309 1579 1310
1267 2 2 101 87 1579 1340 1310
1268 2 2 101 87 1313 1315 1314
1269 2 2 101 87 1315 1325 1314
1270 2 2 101 87 1351 1325 1315
1271 2 2 101 87 1379 1317 1316
1272 2 2 101 87 1496 1316 1449
1273 2 2 101 87 1379 1455 1317
1274 2 2 101 87 1318 1371 1464
1275 2 2 101 87 1318 1464 1494
1276 2 2 101 87 1320 1361 1321
1277 2 2 101 87 1361 1320 1566
1278 2 2 101 87 1361 1362 1321
1279 2 2 101 87 1362 1580 1321
1280 2 2 101 87 1534 1322 1323
1281 2 2 101 87 1331 1322 1534
1282 2 2 101 87 1323 1546 1534
1283 2 2 101 87 1546 1323 1545
1284 2 2 101 87 1400 1375 1324
1285 2 2 101 87 1400 1324 1412
1286 2 2 101 87 1586 1598 1326
1287 2 2 101 87 1598 1599 1326
1288 2 2 101 87 1328 1330 1329
1289 2 2 101 87 1328 1329 1425
1290 2 2 101 87 1328 1425 1424
1291 2 2 101 87 1505 1328 1424
1292 2 2 101 87 1329 1330 1404
1293 2 2 101 87 1404 1416 1329
1294 2 2 101 87 1425 1329 1416
1295 2 2 101 87 1404 1330 1588
1296 2 2 101 87 1534 1526 1331
1297 2 2 101 87 1333 1397 1332
1298 2 2 101 87 1358 1359 1332
1299 2 2 101 87 1358 1332 1360
1300 2 2 101 87 1397 1360 1332
1301 2 2 101 87 1335 1376 1333
1302 2 2 101 87 1376 1397 1333
1303 2 2 101 87 1345 1349 1336
1304 2 2 101 87 1348 1337 1345
1305 2 2 101 87 1349 1345 1337
1306 2 2 101 87 1338 1340 1339
1307 2 2 101 87 1338 1339 1423
1308 2 2 101 87 1340 1579 1339
1309 2 2 101 87 1342 1344 1343
1310 2 2 101 87 1419 1344 1342
1311 2 2 101 87 1342 1418 1417
1312 2 2 101 87 1419 1342 1417
1313 2 2 101 87 1343 1344 1430
1314 2 2 101 87 1430 1344 1493
1315 2 2 101 87 1346 1347 1369
1316 2 2 101 87 1481 1369 1347
1317 2 2 101 87 1352 1354 1353
1318 2 2 101 87 1352 1353 1473
1319 2 2 101 87 1382 1383 1352
1320 2 2 101 87 1352 1473 1382
1321 2 2 101 87 1353 1354 1471
1322 2 2 101 87 1353 1471 1470
1323 2 2 101 87 1470 1473 1353
1324 2 2 101 87 1355 1356 1512
1325 2 2 101 87 1355 1512 1511
1326 2 2 101 87 1512 1356 1515
1327 2 2 101 87 1359 1358 1367
1328 2 2 101 87 1598 1358 1360
1329 2 2 101 87 1598 1367 1358
1330 2 2 101 87 1359 1367 1368
1331 2 2 101 87 1368 1420 1359
1332 2 2 101 87 1599 1598 1360
1333 2 2 101 87 1363 1365 1364
1334 2 2 101 87 1363 1364 1366
1335 2 2 101 87 1365 1363 1410
1336 2 2 101 87 1366 1512 1363
1337 2 2 101 87 1410 1363 1515
1338 2 2 101 87 1515 1363 1512
1339 2 2 101 87 1365 1467 1364
1340 2 2 101 87 1364 1459 1366
1341 2 2 101 87 1589 1459 1364
1342 2 2 101 87 1589 1364 1467
1343 2 2 101 87 1365 1466 1467
1344 2 2 101 87 1586 1367 1598
1345 2 2 101 87 1368 1592 1420
1346 2 2 101 87 1572 1592 1368
1347 2 2 101 87 1372 1374 1373
1348 2 2 101 87 1532 1372 1373
1349 2 2 101 87 1373 1374 1499
1350 2 2 101 87 1414 1415 1373
1351 2 2 101 87 1373 1499 1414
1352 2 2 101 87 1532 1373 1415
1353 2 2 101 87 1384 1499 1374
1354 2 2 101 87 1374 1547 1384
1355 2 2 101 87 1375 1400 1421
1356 2 2 101 87 1376 1398 1397
1357 2 2 101 87 1422 1489 1377
1358 2 2 101 87 1377 1489 1471
1359 2 2 101 87 1448 1378 1450
1360 2 2 101 87 1381 1379 1380
1361 2 2 101 87 1455 1379 1381
1362 2 2 101 87 1380 1460 1563
1363 2 2 101 87 1454 1455 1381
1364 2 2 101 87 1382 1479 1383
1365 2 2 101 87 1473 1533 1382
1366 2 2 101 87 1382 1542 1479
1367 2 2 101 87 1382 1533 1542
1368 2 2 101 87 1602 1385 1384
1369 2 2 101 87 1428 1417 1385
1370 2 2 101 87 1441 1385 1417
1371 2 2 101 87 1385 1602 1428
1372 2 2 101 87 1386 1388 1387
1373 2 2 101 87 1386 1387 1519
1374 2 2 101 87 1386 1457 1388
1375 2 2 101 87 1456 1457 1386
1376 2 2 101 87 1386 1550 1456
1377 2 2 101 87 1550 1386 1519
1378 2 2 101 87 1389 1387 1388
1379 2 2 101 87 1389 1388 1544
1380 2 2 101 87 1451 1452 1388
1381 2 2 101 87 1457 1451 1388
1382 2 2 101 87 1388 1452 1544
1383 2 2 101 87 1395 1391 1538
1384 2 2 101 87 1503 1538 1391
1385 2 2 101 87 1507 1392 1393
1386 2 2 101 87 1394 1392 1527
1387 2 2 101 87 1509 1392 1507
1388 2 2 101 87 1392 1509 1527
1389 2 2 101 87 1542 1393 1479
1390 2 2 101 87 1507 1393 1506
1391 2 2 101 87 1506 1393 1542
1392 2 2 101 87 1525 1482 1394
1393 2 2 101 87 1525 1394 1527
1394 2 2 101 87 1401 1402 1436
1395 2 2 101 87 1416 1404 1401
1396 2 2 101 87 1416 1401 1436
1397 2 2 101 87 1406 1541 1437
1398 2 2 101 87 1410 1515 1409
1399 2 2 101 87 1413 1415 1414
1400 2 2 101 87 1468 1415 1413
1401 2 2 101 87 1468 1413 1589
1402 2 2 101 87 1415 1468 1469
1403 2 2 101 87 1531 1415 1469
1404 2 2 101 87 1531 1532 1415
1405 2 2 101 87 1416 1436 1425
1406 2 2 101 87 1417 1418 1552
1407 2 2 101 87 1419 1417 1428
1408 2 2 101 87 1417 1552 1441
1409 2 2 101 87 1591 1420 1592
1410 2 2 101 87 1488 1489 1422
1411 2 2 101 87 1490 1488 1422
1412 2 2 101 87 1425 1429 1424
1413 2 2 101 87 1429 1493 1424
1414 2 2 101 87 1568 1426 1440
1415 2 2 101 87 1429 1430 1493
1416 2 2 101 87 1432 1431 1440
1417 2 2 101 87 1433 1537 1431
1418 2 2 101 87 1433 1536 1537
1419 2 2 101 87 1483 1435 1434
1420 2 2 101 87 1484 1483 1434
1421 2 2 101 87 1557 1484 1434
1422 2 2 101 87 1482 1435 1483
1423 2 2 101 87 1552 1590 1441
1424 2 2 101 87 1596 1441 1590
1425 2 2 101 87 1444 1445 1443
1426 2 2 101 87 1452 1444 1443
1427 2 2 101 87 1444 1452 1451
1428 2 2 101 87 1449 1448 1450
1429 2 2 101 87 1449 1450 1497
1430 2 2 101 87 1460 1462 1461
1431 2 2 101 87 1460 1461 1563
1432 2 2 101 87 1462 1516 1461
1433 2 2 101 87 1462 1548 1516
1434 2 2 101 87 1463 1465 1464
1435 2 2 101 87 1465 1494 1464
1436 2 2 101 87 1466 1468 1467
1437 2 2 101 87 1469 1468 1466
1438 2 2 101 87 1467 1468 1589
1439 2 2 101 87 1470 1471 1472
1440 2 2 101 87 1470 1587 1473
1441 2 2 101 87 1561 1472 1471
1442 2 2 101 87 1561 1471 1489
1443 2 2 101 87 1562 1472 1561
1444 2 2 101 87 1587 1533 1473
1445 2 2 101 87 1477 1475 1476
1446 2 2 101 87 1477 1559 1475
1447 2 2 101 87 1553 1510 1475
1448 2 2 101 87 1553 1475 1559
1449 2 2 101 87 1485 1477 1476
1450 2 2 101 87 1490 1476 1478
1451 2 2 101 87 1490 1485 1476
1452 2 2 101 87 1477 1487 1560
1453 2 2 101 87 1559 1477 1560
1454 2 2 101 87 1488 1490 1478
1455 2 2 101 87 1524 1488 1478
1456 2 2 101 87 1551 1480 1584
1457 2 2 101 87 1480 1597 1584
1458 2 2 101 87 1555 1483 1484
1459 2 2 101 87 1484 1558 1555
1460 2 2 101 87 1558 1484 1557
1461 2 2 101 87 1567 1582 1501
1462 2 2 101 87 1529 1528 1503
1463 2 2 101 87 1528 1538 1503
1464 2 2 101 87 1506 1508 1507
1465 2 2 101 87 1542 1543 1506
1466 2 2 101 87 1509 1507 1508
1467 2 2 101 87 1528 1509 1508
1468 2 2 101 87 1528 1508 1538
1469 2 2 101 87 1527 1509 1528
1470 2 2 101 87 1517 1519 1518
1471 2 2 101 87 1518 1521 1517
1472 2 2 101 87 1519 1517 1550
1473 2 2 101 87 1517 1521 1520
1474 2 2 101 87 1521 1575 1520
1475 2 2 101 87 1573 1522 1590
1476 2 2 101 87 1522 1596 1590
1477 2 2 101 87 1529 1525 1527
1478 2 2 101 87 1556 1526 1534
1479 2 2 101 87 1556 1557 1526
1480 2 2 101 87 1528 1529 1527
1481 2 2 101 87 1530 1532 1531
1482 2 2 101 87 1542 1533 1565
1483 2 2 101 87 1565 1533 1583
1484 2 2 101 87 1587 1583 1533
1485 2 2 101 87 1534 1546 1556
1486 2 2 101 87 1595 1583 1540
1487 2 2 101 87 1540 1600 1595
1488 2 2 101 87 1565 1543 1542
1489 2 2 101 87 1565 1595 1543
1490 2 2 101 87 1546 1558 1556
1491 2 2 101 87 1591 1590 1552
1492 2 2 101 87 1569 1553 1559
1493 2 2 101 87 1575 1554 1597
1494 2 2 101 87 1597 1554 1584
1495 2 2 101 87 1556 1558 1557
1496 2 2 101 87 1569 1559 1560
1497 2 2 101 87 1560 1570 1569
1498 2 2 101 87 1565 1583 1595
1499 2 2 101 87 1581 1582 1567
1500 2 2 101 87 1592 1572 1573
1501 2 2 101 87 1590 1592 1573
1502 2 2 101 87 1591 1592 1590
1503 4 2 3 1 438 13 11 437
1504 4 2 3 1 5 13 438 437
1505 4 2 3 1 11 9 438 437
1506 4 2 3 1 438 9 7 437
1507 4 2 3 1 7 2 438 437
1508 4 2 3 1 2 5 438 437
1509 4 2 3 1 13 21 438 11
1510 4 2 3 1 11 19 21 438
1511 4 2 3 1 11 9 19 438
1512 4 2 3 1 21 13 438 23
1513 4 2 3 1 13 23 5 438
1514 4 2 3 1 23 16 5 438
1515 4 2 3 1 9 17 19 438
1516 4 2 3 1 3 7 2 438
1517 4 2 3 1 9 17 438 7
1518 4 2 3 1 3 17 7 438
1519 4 2 3 1 5 16 3 438
1520 4 2 3 1 3 2 5 438
1521 4 2 3 1 2 4 5 1
1522 4 2 3 1 14 16 23 24
1523 4 2 3 1 10 19 20 11
1524 4 2 3 1 17 8 9 18
1525 4 2 3 1 23 22 21 13
1526 4 2 3 1 8 17 9 7
1527 4 2 3 1 21 12 13 22
1528 4 2 3 1 19 20 11 21
1529 4 2 3 1 3 6 2 7
1530 4 2 3 1 4 2 5 3
1531 4 2 3 1 12 21 13 11
1532 4 2 3 1 13 5 23 14
1533 4 2 3 1 3 6 7 15
1534 4 2 3 1 5 4 3 16
1535 4 2 3 1 10 19 11 9
1536 4 2 3 1 17 15 3 7
1537 4 2 3 1 17 18 9 19
1538 4 2 3 1 16 14 23 5
1539 4 2 2 2 442 449 443 444
1540 4 2 2 2 449 445 443 444
1541 4 2 2 2 26 25 451 448
1542 4 2 2 2 450 440 441 454
1543 4 2 2 2 445 443 447 449
1544 4 2 2 2 455 441 440 454
1545 4 2 2 2 456 447 443 449
1546 4 2 2 2 452 445 449 444
1547 4 2 2 2 441 455 98 454
1548 4 2 2 2 452 446 445 444
1549 4 2 2 2 445 447 452 449
1550 4 2 2 2 457 104 456 449
1551 4 2 2 2 101 456 443 457
1552 4 2 2 2 26 448 452 449
1553 4 2 2 2 451 26 448 452
1554 4 2 2 2 102 449 457 442
1555 4 2 2 2 450 93 94 454
1556 4 2 2 2 449 448 452 444
1557 4 2 2 2 453 448 439 446
1558 4 2 2 2 448 441 25 451
1559 4 2 2 2 450 441 451 454
1560 4 2 2 2 101 456 447 443
1561 4 2 2 2 446 452 448 444
1562 4 2 2 2 457 443 102 442
1563 4 2 2 2 100 101 456 447
1564 4 2 2 2 98 97 455 441
1565 4 2 2 2 457 103 104 449
1566 4 2 2 2 455 96 95 440
1567 4 2 2 2 102 449 103 457
1568 4 2 2 2 26 99 456 447
1569 4 2 2 2 443 102 101 457
1570 4 2 2 2 96 455 441 440
1571 4 2 2 2 94 95 450 454
1572 4 2 2 2 99 100 456 447
1573 4 2 2 2 98 25 441 454
1574 4 2 2 2 452 451 453 446
1575 4 2 2 2 455 97 96 441
1576 4 2 2 2 448 453 451 446
1577 4 2 2 2 450 451 93 454
1578 4 2 2 2 452 448 451 446
1579 4 2 2 2 456 104 26 449
1580 4 2 2 2 451 93 94 450
1581 4 2 2 2 451 441 25 454
1582 4 2 2 2 25 93 451 454
1583 4 2 2 2 443 449 457 456
1584 4 2 2 2 443 457 449 442
1585 4 2 2 2 441 451 453 450
1586 4 2 2 2 441 440 453 439
1587 4 2 2 2 453 440 441 450
1588 4 2 2 2 454 440 95 450
1589 4 2 2 2 454 95 440 455
1590 4 2 2 2 447 26 449 456
1591 4 2 2 2 449 26 447 452
1592 4 2 2 2 453 441 448 451
1593 4 2 2 2 448 441 453 439
1594 4 2 2 3 461 475 474 470
1595 4 2 2 3 474 461 463 462
1596 4 2 2 3 466 474 463 462
1597 4 2 2 3 28 458 27 465
1598 4 2 2 3 459 473 472 460
1599 4 2 2 3 474 475 116 470
1600 4 2 2 3 460 467 459 471
1601 4 2 2 3 458 470 468 466
1602 4 2 2 3 110 459 473 472
1603 4 2 2 3 468 463 469 466
1604 4 2 2 3 475 113 461 474
1605 4 2 2 3 467 471 469 458
1606 4 2 2 3 458 465 28 466
1607 4 2 2 3 105 106 464 472
1608 4 2 2 3 474 116 28 470
1609 4 2 2 3 470 28 474 466
1610 4 2 2 3 459 27 458 465
1611 4 2 2 3 465 464 467 460
1612 4 2 2 3 474 113 461 462
1613 4 2 2 3 459 109 110 473
1614 4 2 2 3 458 468 469 466
1615 4 2 2 3 473 108 107 460
1616 4 2 2 3 112 113 474 462
1617 4 2 2 3 474 28 111 462
1618 4 2 2 3 459 465 467 460
1619 4 2 2 3 459 467 465 471
1620 4 2 2 3 461 114 113 475
1621 4 2 2 3 115 116 475 470
1622 4 2 2 3 458 28 470 466
1623 4 2 2 3 464 106 107 472
1624 4 2 2 3 471 465 459 458
1625 4 2 2 3 473 459 108 460
1626 4 2 2 3 467 465 469 466
1627 4 2 2 3 28 474 466 462
1628 4 2 2 3 474 111 112 462
1629 4 2 2 3 459 110 27 472
1630 4 2 2 3 471 467 465 458
1631 4 2 2 3 475 461 114 470
1632 4 2 2 3 469 465 467 458
1633 4 2 2 3 459 108 109 473
1634 4 2 2 3 464 465 105 472
1635 4 2 2 3 469 465 458 466
1636 4 2 2 3 105 106 465 464
1637 4 2 2 3 459 27 465 472
1638 4 2 2 3 475 114 115 470
1639 4 2 2 3 465 27 105 472
1640 4 2 2 3 466 470 463 474
1641 4 2 2 3 466 463 470 468
1642 4 2 2 3 461 463 470 474
1643 4 2 2 3 461 470 463 468
1644 4 2 2 3 460 472 107 473
1645 4 2 2 3 460 107 472 464
1646 4 2 2 3 465 460 472 464
1647 4 2 2 3 472 460 465 459
1648 4 2 2 4 479 492 481 486
1649 4 2 2 4 492 484 481 486
1650 4 2 2 4 479 488 492 486
1651 4 2 2 4 488 492 493 479
1652 4 2 2 4 481 480 492 479
1653 4 2 2 4 484 480 492 481
1654 4 2 2 4 30 476 29 483
1655 4 2 2 4 478 477 482 490
1656 4 2 2 4 477 478 491 490
1657 4 2 2 4 493 128 492 488
1658 4 2 2 4 489 478 477 485
1659 4 2 2 4 122 477 491 490
1660 4 2 2 4 484 481 486 487
1661 4 2 2 4 493 492 125 479
1662 4 2 2 4 476 489 485 487
1663 4 2 2 4 30 476 483 484
1664 4 2 2 4 117 118 482 490
1665 4 2 2 4 492 128 30 488
1666 4 2 2 4 477 29 476 483
1667 4 2 2 4 480 125 492 479
1668 4 2 2 4 477 483 482 490
1669 4 2 2 4 477 121 122 491
1670 4 2 2 4 486 476 484 487
1671 4 2 2 4 478 119 120 491
1672 4 2 2 4 124 125 492 480
1673 4 2 2 4 30 123 492 480
1674 4 2 2 4 483 489 477 485
1675 4 2 2 4 125 126 493 479
1676 4 2 2 4 493 127 128 488
1677 4 2 2 4 118 119 482 490
1678 4 2 2 4 483 477 489 476
1679 4 2 2 4 477 478 120 491
1680 4 2 2 4 483 485 484 487
1681 4 2 2 4 480 492 30 484
1682 4 2 2 4 123 124 492 480
1683 4 2 2 4 477 122 29 490
1684 4 2 2 4 485 483 489 476
1685 4 2 2 4 488 493 126 479
1686 4 2 2 4 485 483 476 487
1687 4 2 2 4 477 120 121 491
1688 4 2 2 4 482 483 117 490
1689 4 2 2 4 476 483 484 487
1690 4 2 2 4 117 118 483 482
1691 4 2 2 4 483 477 29 490
1692 4 2 2 4 126 127 493 488
1693 4 2 2 4 483 29 117 490
1694 4 2 2 4 492 486 476 484
1695 4 2 2 4 476 486 492 488
1696 4 2 2 4 476 30 492 484
1697 4 2 2 4 492 30 476 488
1698 4 2 2 4 478 490 119 491
1699 4 2 2 4 119 490 478 482
1700 4 2 2 4 477 482 485 478
1701 4 2 2 4 485 482 477 483
1702 4 2 2 5 497 31 32 494
1703 4 2 2 5 506 504 505 500
1704 4 2 2 5 505 501 506 500
1705 4 2 2 5 495 501 499 500
1706 4 2 2 5 504 499 505 500
1707 4 2 2 5 501 505 499 500
1708 4 2 2 5 498 507 502 503
1709 4 2 2 5 507 508 498 502
1710 4 2 2 5 499 504 495 500
1711 4 2 2 5 508 498 140 507
1712 4 2 2 5 137 508 507 502
1713 4 2 2 5 497 501 495 500
1714 4 2 2 5 505 131 504 506
1715 4 2 2 5 501 499 497 495
1716 4 2 2 5 503 502 498 494
1717 4 2 2 5 134 505 501 506
1718 4 2 2 5 502 496 498 494
1719 4 2 2 5 507 498 32 503
1720 4 2 2 5 499 130 131 505
1721 4 2 2 5 502 507 137 503
1722 4 2 2 5 131 504 499 505
1723 4 2 2 5 32 135 507 503
1724 4 2 2 5 498 140 139 508
1725 4 2 2 5 136 137 507 503
1726 4 2 2 5 131 132 504 506
1727 4 2 2 5 506 132 504 500
1728 4 2 2 5 508 138 498 502
1729 4 2 2 5 497 499 31 494
1730 4 2 2 5 137 138 508 502
1731 4 2 2 5 497 498 496 494
1732 4 2 2 5 505 499 31 501
1733 4 2 2 5 139 138 498 508
1734 4 2 2 5 499 497 495 494
1735 4 2 2 5 497 31 499 501
1736 4 2 2 5 499 129 130 505
1737 4 2 2 5 503 498 32 494
1738 4 2 2 5 501 133 134 506
1739 4 2 2 5 133 132 506 500
1740 4 2 2 5 506 501 133 500
1741 4 2 2 5 499 31 129 505
1742 4 2 2 5 498 497 32 494
1743 4 2 2 5 507 135 136 503
1744 4 2 2 5 496 495 497 494
1745 4 2 2 5 32 140 498 507
1746 4 2 2 5 31 134 505 501
1747 4 2 2 6 517 511 521 523
1748 4 2 2 6 515 525 520 512
1749 4 2 2 6 523 521 146 524
1750 4 2 2 6 525 526 152 520
1751 4 2 2 6 522 516 511 523
1752 4 2 2 6 523 143 516 524
1753 4 2 2 6 511 509 510 521
1754 4 2 2 6 509 516 143 524
1755 4 2 2 6 142 143 516 523
1756 4 2 2 6 521 510 511 517
1757 4 2 2 6 525 149 526 512
1758 4 2 2 6 522 511 33 523
1759 4 2 2 6 525 148 149 512
1760 4 2 2 6 517 521 33 523
1761 4 2 2 6 522 33 141 523
1762 4 2 2 6 148 525 515 512
1763 4 2 2 6 514 526 149 512
1764 4 2 2 6 526 151 152 520
1765 4 2 2 6 522 142 516 523
1766 4 2 2 6 33 511 517 523
1767 4 2 2 6 519 33 518 517
1768 4 2 2 6 521 145 146 524
1769 4 2 2 6 143 144 509 524
1770 4 2 2 6 525 147 148 515
1771 4 2 2 6 520 519 525 515
1772 4 2 2 6 521 509 144 524
1773 4 2 2 6 510 517 513 518
1774 4 2 2 6 519 520 513 515
1775 4 2 2 6 526 149 150 514
1776 4 2 2 6 517 510 511 518
1777 4 2 2 6 513 511 510 518
1778 4 2 2 6 34 519 518 515
1779 4 2 2 6 146 33 521 523
1780 4 2 2 6 150 151 526 520
1781 4 2 2 6 144 145 521 524
1782 4 2 2 6 517 511 33 518
1783 4 2 2 6 519 525 152 520
1784 4 2 2 6 520 526 150 514
1785 4 2 2 6 519 513 518 515
1786 4 2 2 6 522 141 142 523
1787 4 2 2 6 517 519 520 513
1788 4 2 2 6 517 519 513 518
1789 4 2 2 6 525 34 147 515
1790 4 2 2 6 34 525 519 515
1791 4 2 2 6 152 34 525 519
1792 4 2 2 6 33 34 519 518
1793 4 2 2 6 521 524 511 509
1794 4 2 2 6 521 511 524 523
1795 4 2 2 6 516 511 524 509
1796 4 2 2 6 516 524 511 523
1797 4 2 2 6 512 526 520 514
1798 4 2 2 6 512 520 526 525
1799 4 2 2 6 512 520 513 514
1800 4 2 2 6 512 513 520 515
1801 4 2 2 7 35 36 538 530
1802 4 2 2 7 530 36 538 532
1803 4 2 2 7 529 540 542 541
1804 4 2 2 7 542 535 529 541
1805 4 2 2 7 529 527 540 541
1806 4 2 2 7 542 539 540 529
1807 4 2 2 7 540 543 542 541
1808 4 2 2 7 527 540 539 529
1809 4 2 2 7 536 531 533 532
1810 4 2 2 7 160 531 536 532
1811 4 2 2 7 543 542 158 540
1812 4 2 2 7 528 533 531 537
1813 4 2 2 7 529 539 527 528
1814 4 2 2 7 530 528 531 537
1815 4 2 2 7 536 161 544 545
1816 4 2 2 7 543 155 542 541
1817 4 2 2 7 534 162 161 545
1818 4 2 2 7 538 35 530 539
1819 4 2 2 7 542 153 35 535
1820 4 2 2 7 528 530 539 537
1821 4 2 2 7 535 542 155 541
1822 4 2 2 7 537 533 531 538
1823 4 2 2 7 532 536 160 544
1824 4 2 2 7 534 532 533 538
1825 4 2 2 7 532 531 533 538
1826 4 2 2 7 543 158 157 540
1827 4 2 2 7 542 155 154 535
1828 4 2 2 7 544 164 538 545
1829 4 2 2 7 536 161 160 544
1830 4 2 2 7 543 156 155 541
1831 4 2 2 7 35 158 542 540
1832 4 2 2 7 530 542 35 535
1833 4 2 2 7 529 530 539 528
1834 4 2 2 7 539 35 542 540
1835 4 2 2 7 156 543 540 541
1836 4 2 2 7 537 534 533 538
1837 4 2 2 7 537 531 530 538
1838 4 2 2 7 539 542 35 530
1839 4 2 2 7 532 160 159 544
1840 4 2 2 7 532 530 531 538
1841 4 2 2 7 154 153 542 535
1842 4 2 2 7 538 164 163 545
1843 4 2 2 7 163 534 538 545
1844 4 2 2 7 530 539 537 538
1845 4 2 2 7 157 156 543 540
1846 4 2 2 7 534 163 162 545
1847 4 2 2 7 538 532 36 544
1848 4 2 2 7 532 159 36 544
1849 4 2 2 7 36 164 538 544
1850 4 2 2 7 542 529 530 539
1851 4 2 2 7 530 529 542 535
1852 4 2 2 7 161 534 536 533
1853 4 2 2 7 161 536 534 545
1854 4 2 2 7 534 532 536 533
1855 4 2 2 7 545 538 532 534
1856 4 2 2 7 532 538 545 544
1857 4 2 2 7 532 536 545 534
1858 4 2 2 7 545 536 532 544
1859 4 2 2 8 550 549 556 551
1860 4 2 2 8 551 556 550 552
1861 4 2 2 8 38 558 555 37
1862 4 2 2 8 557 547 548 561
1863 4 2 2 8 552 556 550 554
1864 4 2 2 8 562 548 547 561
1865 4 2 2 8 554 556 550 563
1866 4 2 2 8 551 556 552 559
1867 4 2 2 8 170 548 562 561
1868 4 2 2 8 552 553 551 559
1869 4 2 2 8 554 552 556 559
1870 4 2 2 8 176 564 556 563
1871 4 2 2 8 550 564 173 563
1872 4 2 2 8 38 555 559 556
1873 4 2 2 8 558 38 555 559
1874 4 2 2 8 174 556 564 549
1875 4 2 2 8 165 166 557 561
1876 4 2 2 8 556 551 555 559
1877 4 2 2 8 553 560 546 555
1878 4 2 2 8 37 555 548 558
1879 4 2 2 8 548 557 561 558
1880 4 2 2 8 554 550 173 563
1881 4 2 2 8 555 551 553 559
1882 4 2 2 8 550 174 564 549
1883 4 2 2 8 173 172 554 563
1884 4 2 2 8 169 170 548 562
1885 4 2 2 8 564 175 176 556
1886 4 2 2 8 167 168 547 562
1887 4 2 2 8 174 556 175 564
1888 4 2 2 8 171 38 554 563
1889 4 2 2 8 564 173 174 550
1890 4 2 2 8 168 548 547 562
1891 4 2 2 8 557 166 167 561
1892 4 2 2 8 554 172 171 563
1893 4 2 2 8 548 170 37 561
1894 4 2 2 8 553 560 558 559
1895 4 2 2 8 548 168 169 562
1896 4 2 2 8 553 560 555 558
1897 4 2 2 8 561 557 165 558
1898 4 2 2 8 558 555 553 559
1899 4 2 2 8 556 38 176 563
1900 4 2 2 8 166 165 557 558
1901 4 2 2 8 561 37 548 558
1902 4 2 2 8 561 165 37 558
1903 4 2 2 8 556 550 564 549
1904 4 2 2 8 564 550 556 563
1905 4 2 2 8 547 560 548 546
1906 4 2 2 8 547 548 560 557
1907 4 2 2 8 558 560 548 557
1908 4 2 2 8 561 547 167 557
1909 4 2 2 8 561 167 547 562
1910 4 2 2 8 38 554 556 559
1911 4 2 2 8 38 556 554 563
1912 4 2 2 8 560 548 555 558
1913 4 2 2 8 560 555 548 546
1914 4 2 2 9 570 567 40 39
1915 4 2 2 9 582 583 576 573
1916 4 2 2 9 582 576 577 573
1917 4 2 2 9 576 583 582 577
1918 4 2 2 9 573 576 577 578
1919 4 2 2 9 572 566 565 580
1920 4 2 2 9 566 572 581 580
1921 4 2 2 9 573 577 582 574
1922 4 2 2 9 571 565 566 580
1923 4 2 2 9 581 571 566 580
1924 4 2 2 9 565 569 566 572
1925 4 2 2 9 583 582 185 573
1926 4 2 2 9 567 570 40 579
1927 4 2 2 9 575 579 569 568
1928 4 2 2 9 581 572 179 580
1929 4 2 2 9 188 582 583 577
1930 4 2 2 9 572 565 179 580
1931 4 2 2 9 182 571 581 580
1932 4 2 2 9 575 578 567 568
1933 4 2 2 9 576 583 186 573
1934 4 2 2 9 578 567 577 579
1935 4 2 2 9 573 582 185 574
1936 4 2 2 9 583 185 186 573
1937 4 2 2 9 570 565 571 580
1938 4 2 2 9 568 570 569 566
1939 4 2 2 9 40 574 183 582
1940 4 2 2 9 572 179 180 581
1941 4 2 2 9 567 40 577 579
1942 4 2 2 9 579 575 567 568
1943 4 2 2 9 567 578 575 579
1944 4 2 2 9 187 188 583 577
1945 4 2 2 9 180 566 572 581
1946 4 2 2 9 184 185 582 574
1947 4 2 2 9 576 187 583 577
1948 4 2 2 9 567 39 570 571
1949 4 2 2 9 570 565 566 571
1950 4 2 2 9 583 186 187 576
1951 4 2 2 9 178 179 565 580
1952 4 2 2 9 566 180 181 581
1953 4 2 2 9 570 565 569 566
1954 4 2 2 9 567 570 568 566
1955 4 2 2 9 582 183 184 574
1956 4 2 2 9 567 570 566 571
1957 4 2 2 9 571 566 181 581
1958 4 2 2 9 181 182 571 581
1959 4 2 2 9 582 188 40 577
1960 4 2 2 9 571 182 39 580
1961 4 2 2 9 571 39 570 580
1962 4 2 2 9 570 39 177 580
1963 4 2 2 9 575 574 578 573
1964 4 2 2 9 575 578 574 579
1965 4 2 2 9 577 578 574 573
1966 4 2 2 9 577 574 578 579
1967 4 2 2 9 568 570 579 569
1968 4 2 2 9 568 579 570 567
1969 4 2 2 9 574 40 577 582
1970 4 2 2 9 574 577 40 579
1971 4 2 2 9 570 178 580 177
1972 4 2 2 9 570 580 178 565
1973 4 2 2 10 587 595 42 41
1974 4 2 2 10 587 595 589 42
1975 4 2 2 10 597 598 599 586
1976 4 2 2 10 592 599 598 586
1977 4 2 2 10 597 584 598 586
1978 4 2 2 10 590 593 589 601
1979 4 2 2 10 589 591 590 601
1980 4 2 2 10 599 596 597 586
1981 4 2 2 10 599 600 598 597
1982 4 2 2 10 597 596 584 586
1983 4 2 2 10 589 588 593 590
1984 4 2 2 10 588 593 196 589
1985 4 2 2 10 600 599 194 597
1986 4 2 2 10 588 594 585 590
1987 4 2 2 10 585 584 596 586
1988 4 2 2 10 585 594 588 587
1989 4 2 2 10 600 191 599 598
1990 4 2 2 10 591 198 197 602
1991 4 2 2 10 587 595 41 596
1992 4 2 2 10 602 591 595 601
1993 4 2 2 10 189 41 599 592
1994 4 2 2 10 594 585 596 587
1995 4 2 2 10 598 191 599 592
1996 4 2 2 10 589 595 591 601
1997 4 2 2 10 588 595 594 590
1998 4 2 2 10 589 593 196 601
1999 4 2 2 10 591 595 589 590
2000 4 2 2 10 588 589 595 590
2001 4 2 2 10 194 193 600 597
2002 4 2 2 10 191 190 599 592
2003 4 2 2 10 602 595 200 601
2004 4 2 2 10 593 197 196 601
2005 4 2 2 10 600 192 191 598
2006 4 2 2 10 599 41 194 597
2007 4 2 2 10 592 41 599 587
2008 4 2 2 10 587 585 596 586
2009 4 2 2 10 41 599 596 597
2010 4 2 2 10 598 600 192 597
2011 4 2 2 10 591 594 595 590
2012 4 2 2 10 587 595 594 588
2013 4 2 2 10 596 599 41 587
2014 4 2 2 10 589 196 195 601
2015 4 2 2 10 587 595 588 589
2016 4 2 2 10 190 189 599 592
2017 4 2 2 10 200 199 595 602
2018 4 2 2 10 591 595 199 602
2019 4 2 2 10 595 587 594 596
2020 4 2 2 10 600 193 192 597
2021 4 2 2 10 199 198 591 602
2022 4 2 2 10 595 589 42 601
2023 4 2 2 10 589 195 42 601
2024 4 2 2 10 595 42 200 601
2025 4 2 2 10 586 599 587 592
2026 4 2 2 10 586 587 599 596
2027 4 2 2 10 197 601 591 602
2028 4 2 2 10 590 601 197 593
2029 4 2 2 10 590 197 601 591
2030 4 2 2 11 611 609 614 615
2031 4 2 2 11 621 618 613 620
2032 4 2 2 11 613 617 620 604
2033 4 2 2 11 618 614 615 604
2034 4 2 2 11 608 607 610 606
2035 4 2 2 11 620 618 613 604
2036 4 2 2 11 608 616 612 610
2037 4 2 2 11 607 608 612 606
2038 4 2 2 11 610 612 608 606
2039 4 2 2 11 618 621 619 620
2040 4 2 2 11 615 613 618 604
2041 4 2 2 11 620 619 618 604
2042 4 2 2 11 615 617 613 604
2043 4 2 2 11 615 614 611 603
2044 4 2 2 11 614 615 604 603
2045 4 2 2 11 607 612 608 603
2046 4 2 2 11 623 212 622 606
2047 4 2 2 11 616 209 622 623
2048 4 2 2 11 612 607 606 605
2049 4 2 2 11 612 611 608 603
2050 4 2 2 11 209 616 610 623
2051 4 2 2 11 617 201 202 620
2052 4 2 2 11 614 613 618 615
2053 4 2 2 11 622 207 208 616
2054 4 2 2 11 604 615 611 603
2055 4 2 2 11 206 620 619 621
2056 4 2 2 11 605 609 607 614
2057 4 2 2 11 208 209 622 616
2058 4 2 2 11 605 607 609 603
2059 4 2 2 11 605 612 607 603
2060 4 2 2 11 604 605 614 603
2061 4 2 2 11 617 202 203 620
2062 4 2 2 11 620 617 201 604
2063 4 2 2 11 622 612 207 616
2064 4 2 2 11 204 203 621 613
2065 4 2 2 11 211 212 623 606
2066 4 2 2 11 623 210 211 606
2067 4 2 2 11 623 610 210 606
2068 4 2 2 11 210 209 610 623
2069 4 2 2 11 618 204 621 613
2070 4 2 2 11 621 205 204 618
2071 4 2 2 11 606 44 612 605
2072 4 2 2 11 619 205 206 621
2073 4 2 2 11 44 612 622 606
2074 4 2 2 11 605 44 612 603
2075 4 2 2 11 621 619 205 618
2076 4 2 2 11 622 212 44 606
2077 4 2 2 11 620 43 619 604
2078 4 2 2 11 201 43 620 604
2079 4 2 2 11 207 44 612 622
2080 4 2 2 11 620 206 619 43
2081 4 2 2 11 43 603 44 605
2082 4 2 2 11 609 603 608 611
2083 4 2 2 11 608 603 609 607
2084 4 2 2 11 618 605 604 619
2085 4 2 2 11 618 604 605 614
2086 4 2 2 11 616 623 606 610
2087 4 2 2 11 606 623 616 622
2088 4 2 2 11 606 612 616 610
2089 4 2 2 11 616 612 606 622
2090 4 2 2 11 620 613 203 617
2091 4 2 2 11 620 203 613 621
2092 4 2 2 11 605 43 604 619
2093 4 2 2 11 605 604 43 603
2094 4 2 2 11 603 609 614 611
2095 4 2 2 11 603 614 609 605
2096 4 2 2 12 626 627 641 640
2097 4 2 2 12 45 624 46 635
2098 4 2 2 12 637 631 638 628
2099 4 2 2 12 628 638 639 629
2100 4 2 2 12 631 638 633 637
2101 4 2 2 12 639 638 218 629
2102 4 2 2 12 628 631 638 629
2103 4 2 2 12 628 630 631 629
2104 4 2 2 12 636 638 631 629
2105 4 2 2 12 223 641 627 224
2106 4 2 2 12 635 627 626 640
2107 4 2 2 12 220 219 625 640
2108 4 2 2 12 222 221 626 641
2109 4 2 2 12 215 214 638 637
2110 4 2 2 12 626 625 624 640
2111 4 2 2 12 631 630 636 629
2112 4 2 2 12 626 627 222 641
2113 4 2 2 12 627 635 641 640
2114 4 2 2 12 632 631 630 636
2115 4 2 2 12 632 624 631 636
2116 4 2 2 12 633 638 214 637
2117 4 2 2 12 216 215 639 628
2118 4 2 2 12 635 641 640 224
2119 4 2 2 12 639 218 217 629
2120 4 2 2 12 627 634 635 626
2121 4 2 2 12 221 220 625 640
2122 4 2 2 12 629 45 638 218
2123 4 2 2 12 628 639 216 629
2124 4 2 2 12 632 634 635 636
2125 4 2 2 12 624 632 635 636
2126 4 2 2 12 45 638 636 629
2127 4 2 2 12 635 627 641 224
2128 4 2 2 12 219 624 625 640
2129 4 2 2 12 638 214 213 633
2130 4 2 2 12 634 626 632 624
2131 4 2 2 12 624 635 626 640
2132 4 2 2 12 639 217 216 629
2133 4 2 2 12 632 635 634 624
2134 4 2 2 12 638 45 633 213
2135 4 2 2 12 219 625 624 220
2136 4 2 2 12 627 222 641 223
2137 4 2 2 12 627 635 223 224
2138 4 2 2 12 626 634 635 624
2139 4 2 2 12 219 46 624 640
2140 4 2 2 12 624 46 635 640
2141 4 2 2 12 640 46 635 224
2142 4 2 2 12 640 626 221 641
2143 4 2 2 12 640 221 626 625
2144 4 2 2 12 631 638 45 633
2145 4 2 2 12 45 638 631 636
2146 4 2 2 12 45 624 636 631
2147 4 2 2 12 45 636 624 635
2148 4 2 2 12 638 628 215 637
2149 4 2 2 12 215 628 638 639
2150 4 2 2 13 660 648 652 659
2151 4 2 2 13 652 654 648 660
2152 4 2 2 13 652 656 660 659
2153 4 2 2 13 648 649 652 659
2154 4 2 2 13 654 652 656 660
2155 4 2 2 13 656 652 647 659
2156 4 2 2 13 230 658 657 645
2157 4 2 2 13 649 647 652 659
2158 4 2 2 13 656 236 660 659
2159 4 2 2 13 657 658 227 642
2160 4 2 2 13 648 649 647 652
2161 4 2 2 13 651 653 646 655
2162 4 2 2 13 650 652 647 656
2163 4 2 2 13 644 227 658 642
2164 4 2 2 13 643 645 657 642
2165 4 2 2 13 660 233 648 659
2166 4 2 2 13 48 649 231 659
2167 4 2 2 13 642 643 644 655
2168 4 2 2 13 643 644 645 642
2169 4 2 2 13 657 226 225 642
2170 4 2 2 13 643 647 653 655
2171 4 2 2 13 658 228 227 644
2172 4 2 2 13 656 647 48 659
2173 4 2 2 13 234 648 654 660
2174 4 2 2 13 653 652 647 650
2175 4 2 2 13 658 230 229 645
2176 4 2 2 13 643 48 651 647
2177 4 2 2 13 659 233 649 232
2178 4 2 2 13 647 653 650 651
2179 4 2 2 13 649 648 233 659
2180 4 2 2 13 234 233 648 660
2181 4 2 2 13 653 651 643 655
2182 4 2 2 13 654 235 234 660
2183 4 2 2 13 236 235 656 660
2184 4 2 2 13 228 658 645 644
2185 4 2 2 13 48 647 650 651
2186 4 2 2 13 48 649 659 647
2187 4 2 2 13 643 657 225 642
2188 4 2 2 13 650 647 48 656
2189 4 2 2 13 230 657 47 645
2190 4 2 2 13 646 650 653 651
2191 4 2 2 13 226 657 227 642
2192 4 2 2 13 229 228 658 645
2193 4 2 2 13 649 659 232 231
2194 4 2 2 13 647 653 651 643
2195 4 2 2 13 654 656 235 660
2196 4 2 2 13 236 656 48 659
2197 4 2 2 13 643 225 226 642
2198 4 2 2 13 645 657 47 643
2199 4 2 2 13 651 645 47 643
2200 4 2 2 13 657 225 47 643
2201 4 2 2 13 48 47 643 651
2202 4 2 2 13 642 658 645 657
2203 4 2 2 13 642 645 658 644
2204 4 2 2 13 655 644 645 643
2205 4 2 2 13 645 644 655 646
2206 4 2 2 13 645 651 655 643
2207 4 2 2 13 655 651 645 646
2208 4 2 2 14 664 50 49 672
2209 4 2 2 14 50 664 666 672
2210 4 2 2 14 674 675 663 661
2211 4 2 2 14 666 667 670 678
2212 4 2 2 14 666 668 667 678
2213 4 2 2 14 676 675 674 677
2214 4 2 2 14 673 674 663 661
2215 4 2 2 14 667 670 665 666
2216 4 2 2 14 244 665 670 666
2217 4 2 2 14 677 674 676 242
2218 4 2 2 14 662 665 671 667
2219 4 2 2 14 664 676 669 673
2220 4 2 2 14 669 663 664 673
2221 4 2 2 14 663 662 673 661
2222 4 2 2 14 662 671 665 664
2223 4 2 2 14 675 676 239 677
2224 4 2 2 14 679 246 668 245
2225 4 2 2 14 664 672 49 673
2226 4 2 2 14 679 668 672 678
2227 4 2 2 14 237 49 676 669
2228 4 2 2 14 664 662 671 673
2229 4 2 2 14 669 676 239 675
2230 4 2 2 14 666 672 668 678
2231 4 2 2 14 672 671 665 667
2232 4 2 2 14 678 670 666 244
2233 4 2 2 14 667 672 668 666
2234 4 2 2 14 667 665 672 666
2235 4 2 2 14 241 674 677 242
2236 4 2 2 14 239 238 676 669
2237 4 2 2 14 248 679 672 678
2238 4 2 2 14 244 678 670 245
2239 4 2 2 14 240 675 239 677
2240 4 2 2 14 674 49 676 242
2241 4 2 2 14 669 49 676 664
2242 4 2 2 14 664 663 662 673
2243 4 2 2 14 674 676 49 673
2244 4 2 2 14 240 674 675 677
2245 4 2 2 14 671 672 668 667
2246 4 2 2 14 671 672 665 664
2247 4 2 2 14 664 49 676 673
2248 4 2 2 14 666 243 678 244
2249 4 2 2 14 666 665 672 664
2250 4 2 2 14 237 676 238 669
2251 4 2 2 14 247 679 672 248
2252 4 2 2 14 679 672 668 247
2253 4 2 2 14 671 672 664 673
2254 4 2 2 14 677 240 674 241
2255 4 2 2 14 668 246 679 247
2256 4 2 2 14 666 50 672 678
2257 4 2 2 14 50 666 243 678
2258 4 2 2 14 248 672 50 678
2259 4 2 2 14 669 673 674 663
2260 4 2 2 14 674 673 669 676
2261 4 2 2 14 674 675 669 663
2262 4 2 2 14 669 675 674 676
2263 4 2 2 14 245 678 668 679
2264 4 2 2 14 667 678 245 670
2265 4 2 2 14 667 245 678 668
2266 4 2 2 15 691 51 52 683
2267 4 2 2 15 52 685 691 683
2268 4 2 2 15 693 682 694 695
2269 4 2 2 15 682 688 694 695
2270 4 2 2 15 680 682 694 693
2271 4 2 2 15 697 685 689 686
2272 4 2 2 15 685 697 687 686
2273 4 2 2 15 682 693 692 695
2274 4 2 2 15 696 693 694 695
2275 4 2 2 15 693 680 682 692
2276 4 2 2 15 689 685 684 686
2277 4 2 2 15 256 684 689 685
2278 4 2 2 15 696 254 693 695
2279 4 2 2 15 681 686 684 690
2280 4 2 2 15 681 682 680 692
2281 4 2 2 15 690 684 681 683
2282 4 2 2 15 251 696 694 695
2283 4 2 2 15 698 257 258 687
2284 4 2 2 15 691 692 51 683
2285 4 2 2 15 698 697 687 691
2286 4 2 2 15 249 688 51 695
2287 4 2 2 15 683 681 690 692
2288 4 2 2 15 694 688 251 695
2289 4 2 2 15 687 697 685 691
2290 4 2 2 15 691 684 686 690
2291 4 2 2 15 685 256 697 689
2292 4 2 2 15 686 687 685 691
2293 4 2 2 15 686 685 684 691
2294 4 2 2 15 253 254 693 696
2295 4 2 2 15 695 688 251 250
2296 4 2 2 15 697 698 260 691
2297 4 2 2 15 257 697 256 689
2298 4 2 2 15 252 696 694 251
2299 4 2 2 15 254 51 693 695
2300 4 2 2 15 51 688 683 695
2301 4 2 2 15 682 681 683 692
2302 4 2 2 15 692 693 51 695
2303 4 2 2 15 696 694 693 252
2304 4 2 2 15 686 687 691 690
2305 4 2 2 15 690 691 684 683
2306 4 2 2 15 692 51 683 695
2307 4 2 2 15 697 256 685 255
2308 4 2 2 15 691 685 684 683
2309 4 2 2 15 695 249 688 250
2310 4 2 2 15 698 259 260 691
2311 4 2 2 15 259 698 687 691
2312 4 2 2 15 683 690 691 692
2313 4 2 2 15 693 253 696 252
2314 4 2 2 15 259 698 258 687
2315 4 2 2 15 697 52 685 691
2316 4 2 2 15 697 685 52 255
2317 4 2 2 15 697 260 52 691
2318 4 2 2 15 695 682 683 692
2319 4 2 2 15 695 683 682 688
2320 4 2 2 15 687 257 697 698
2321 4 2 2 15 697 686 257 687
2322 4 2 2 15 257 686 697 689
2323 4 2 2 16 709 710 711 701
2324 4 2 2 16 711 710 709 705
2325 4 2 2 16 54 707 53 704
2326 4 2 2 16 705 708 710 701
2327 4 2 2 16 710 709 705 701
2328 4 2 2 16 706 705 709 701
2329 4 2 2 16 700 703 699 702
2330 4 2 2 16 699 713 712 702
2331 4 2 2 16 713 712 702 272
2332 4 2 2 16 266 711 710 701
2333 4 2 2 16 699 712 700 702
2334 4 2 2 16 713 269 699 712
2335 4 2 2 16 53 710 261 708
2336 4 2 2 16 704 708 705 701
2337 4 2 2 16 706 704 705 701
2338 4 2 2 16 710 711 263 705
2339 4 2 2 16 699 270 713 702
2340 4 2 2 16 700 699 703 704
2341 4 2 2 16 699 270 269 713
2342 4 2 2 16 264 701 711 265
2343 4 2 2 16 264 701 709 711
2344 4 2 2 16 266 265 711 701
2345 4 2 2 16 272 702 713 271
2346 4 2 2 16 704 706 707 701
2347 4 2 2 16 700 712 54 702
2348 4 2 2 16 262 710 263 708
2349 4 2 2 16 270 713 702 271
2350 4 2 2 16 708 710 263 705
2351 4 2 2 16 709 264 711 705
2352 4 2 2 16 264 263 711 705
2353 4 2 2 16 53 704 707 701
2354 4 2 2 16 262 261 710 708
2355 4 2 2 16 268 712 267 700
2356 4 2 2 16 702 712 54 272
2357 4 2 2 16 53 266 710 701
2358 4 2 2 16 706 703 704 707
2359 4 2 2 16 267 712 54 700
2360 4 2 2 16 701 708 53 704
2361 4 2 2 16 701 53 708 710
2362 4 2 2 16 704 703 702 707
2363 4 2 2 16 702 703 704 700
2364 4 2 2 16 702 54 704 707
2365 4 2 2 16 704 54 702 700
2366 4 2 2 16 699 268 712 269
2367 4 2 2 16 699 712 268 700
2368 4 2 2 17 730 716 731 717
2369 4 2 2 17 725 714 55 56
2370 4 2 2 17 727 723 728 721
2371 4 2 2 17 729 719 728 278
2372 4 2 2 17 718 721 719 720
2373 4 2 2 17 727 728 275 729
2374 4 2 2 17 719 721 728 726
2375 4 2 2 17 718 727 275 729
2376 4 2 2 17 731 283 284 717
2377 4 2 2 17 716 730 725 717
2378 4 2 2 17 279 730 715 280
2379 4 2 2 17 282 281 716 731
2380 4 2 2 17 275 274 728 727
2381 4 2 2 17 730 714 715 716
2382 4 2 2 17 721 719 720 726
2383 4 2 2 17 731 716 282 717
2384 4 2 2 17 731 725 730 717
2385 4 2 2 17 720 722 721 726
2386 4 2 2 17 721 722 714 726
2387 4 2 2 17 274 723 728 727
2388 4 2 2 17 276 718 275 729
2389 4 2 2 17 730 284 725 731
2390 4 2 2 17 719 729 277 278
2391 4 2 2 17 724 716 725 717
2392 4 2 2 17 281 715 730 280
2393 4 2 2 17 55 728 719 278
2394 4 2 2 17 276 719 718 729
2395 4 2 2 17 725 722 724 726
2396 4 2 2 17 725 714 722 726
2397 4 2 2 17 728 55 719 726
2398 4 2 2 17 731 284 725 717
2399 4 2 2 17 279 730 714 715
2400 4 2 2 17 728 273 723 274
2401 4 2 2 17 714 722 716 724
2402 4 2 2 17 714 730 725 716
2403 4 2 2 17 729 276 719 277
2404 4 2 2 17 722 714 725 724
2405 4 2 2 17 55 728 273 723
2406 4 2 2 17 715 714 279 280
2407 4 2 2 17 282 283 731 717
2408 4 2 2 17 283 725 284 717
2409 4 2 2 17 716 725 714 724
2410 4 2 2 17 56 279 730 714
2411 4 2 2 17 730 725 56 714
2412 4 2 2 17 284 725 56 730
2413 4 2 2 17 716 730 281 715
2414 4 2 2 17 281 730 716 731
2415 4 2 2 17 721 728 55 723
2416 4 2 2 17 55 728 721 726
2417 4 2 2 17 714 55 726 725
2418 4 2 2 17 726 55 714 721
2419 4 2 2 17 729 719 721 728
2420 4 2 2 17 721 719 729 718
2421 4 2 2 17 721 727 729 728
2422 4 2 2 17 729 727 721 718
2423 4 2 2 18 744 732 747 746
2424 4 2 2 18 744 740 734 746
2425 4 2 2 18 743 748 749 737
2426 4 2 2 18 738 735 737 736
2427 4 2 2 18 739 732 734 746
2428 4 2 2 18 746 747 744 290
2429 4 2 2 18 748 296 743 749
2430 4 2 2 18 732 744 734 746
2431 4 2 2 18 739 734 745 746
2432 4 2 2 18 737 743 738 736
2433 4 2 2 18 744 734 733 732
2434 4 2 2 18 286 287 739 746
2435 4 2 2 18 734 740 744 733
2436 4 2 2 18 57 745 734 746
2437 4 2 2 18 735 292 748 293
2438 4 2 2 18 740 744 57 746
2439 4 2 2 18 285 745 57 746
2440 4 2 2 18 738 292 748 735
2441 4 2 2 18 296 295 743 749
2442 4 2 2 18 739 745 286 746
2443 4 2 2 18 734 740 57 746
2444 4 2 2 18 742 57 741 740
2445 4 2 2 18 290 747 744 289
2446 4 2 2 18 287 288 732 747
2447 4 2 2 18 291 292 748 738
2448 4 2 2 18 743 742 748 738
2449 4 2 2 18 288 744 732 747
2450 4 2 2 18 740 741 736 733
2451 4 2 2 18 743 742 738 736
2452 4 2 2 18 294 737 749 293
2453 4 2 2 18 741 740 734 733
2454 4 2 2 18 734 736 741 733
2455 4 2 2 18 741 58 742 738
2456 4 2 2 18 746 744 57 290
2457 4 2 2 18 749 295 743 294
2458 4 2 2 18 747 288 744 289
2459 4 2 2 18 57 741 740 734
2460 4 2 2 18 743 742 296 748
2461 4 2 2 18 737 749 743 294
2462 4 2 2 18 738 742 741 736
2463 4 2 2 18 285 286 745 746
2464 4 2 2 18 743 742 736 740
2465 4 2 2 18 742 741 736 740
2466 4 2 2 18 291 748 58 738
2467 4 2 2 18 748 742 58 738
2468 4 2 2 18 296 742 58 748
2469 4 2 2 18 57 58 742 741
2470 4 2 2 18 746 732 287 739
2471 4 2 2 18 746 287 732 747
2472 4 2 2 18 737 748 293 735
2473 4 2 2 18 737 293 748 749
2474 4 2 2 18 737 738 748 735
2475 4 2 2 18 737 748 738 743
2476 4 2 2 19 59 60 761 753
2477 4 2 2 19 60 753 755 761
2478 4 2 2 19 750 752 764 763
2479 4 2 2 19 759 756 767 755
2480 4 2 2 19 756 757 767 755
2481 4 2 2 19 765 766 764 763
2482 4 2 2 19 763 750 752 762
2483 4 2 2 19 755 759 756 754
2484 4 2 2 19 304 759 755 754
2485 4 2 2 19 302 766 765 763
2486 4 2 2 19 756 751 760 754
2487 4 2 2 19 758 753 765 762
2488 4 2 2 19 753 758 752 762
2489 4 2 2 19 751 752 750 762
2490 4 2 2 19 754 751 760 753
2491 4 2 2 19 766 299 765 764
2492 4 2 2 19 306 768 305 757
2493 4 2 2 19 761 59 753 762
2494 4 2 2 19 761 767 768 757
2495 4 2 2 19 59 765 297 758
2496 4 2 2 19 753 751 760 762
2497 4 2 2 19 758 765 299 764
2498 4 2 2 19 757 761 767 755
2499 4 2 2 19 760 761 756 754
2500 4 2 2 19 759 767 304 755
2501 4 2 2 19 761 757 756 755
2502 4 2 2 19 755 756 761 754
2503 4 2 2 19 302 301 766 763
2504 4 2 2 19 298 765 299 758
2505 4 2 2 19 767 768 308 761
2506 4 2 2 19 305 767 304 759
2507 4 2 2 19 299 766 300 764
2508 4 2 2 19 59 302 765 763
2509 4 2 2 19 765 59 753 758
2510 4 2 2 19 752 751 753 762
2511 4 2 2 19 763 765 59 762
2512 4 2 2 19 764 766 300 763
2513 4 2 2 19 761 757 760 756
2514 4 2 2 19 760 761 754 753
2515 4 2 2 19 753 59 765 762
2516 4 2 2 19 767 303 304 755
2517 4 2 2 19 754 761 755 753
2518 4 2 2 19 298 297 765 758
2519 4 2 2 19 768 307 308 761
2520 4 2 2 19 761 768 307 757
2521 4 2 2 19 760 761 753 762
2522 4 2 2 19 766 301 300 763
2523 4 2 2 19 306 307 768 757
2524 4 2 2 19 761 60 767 755
2525 4 2 2 19 60 303 767 755
2526 4 2 2 19 60 767 308 761
2527 4 2 2 19 758 762 763 752
2528 4 2 2 19 763 762 758 765
2529 4 2 2 19 763 764 758 752
2530 4 2 2 19 758 764 763 765
2531 4 2 2 19 305 767 757 768
2532 4 2 2 19 756 767 305 759
2533 4 2 2 19 756 305 767 757
2534 4 2 2 20 776 61 771 773
2535 4 2 2 20 778 781 777 780
2536 4 2 2 20 774 783 775 782
2537 4 2 2 20 770 775 783 782
2538 4 2 2 20 311 781 778 780
2539 4 2 2 20 775 769 774 782
2540 4 2 2 20 771 778 777 780
2541 4 2 2 20 775 770 769 782
2542 4 2 2 20 771 779 778 780
2543 4 2 2 20 770 783 317 782
2544 4 2 2 20 775 770 772 774
2545 4 2 2 20 770 775 769 774
2546 4 2 2 20 783 774 320 782
2547 4 2 2 20 314 777 781 780
2548 4 2 2 20 310 779 771 780
2549 4 2 2 20 779 311 778 780
2550 4 2 2 20 779 310 311 780
2551 4 2 2 20 776 772 770 774
2552 4 2 2 20 317 316 770 782
2553 4 2 2 20 769 776 770 774
2554 4 2 2 20 778 781 312 777
2555 4 2 2 20 311 781 312 778
2556 4 2 2 20 769 770 316 782
2557 4 2 2 20 781 313 312 777
2558 4 2 2 20 775 783 318 770
2559 4 2 2 20 317 318 783 770
2560 4 2 2 20 774 319 783 320
2561 4 2 2 20 775 319 783 774
2562 4 2 2 20 776 773 772 774
2563 4 2 2 20 781 313 777 314
2564 4 2 2 20 309 310 771 780
2565 4 2 2 20 316 769 782 315
2566 4 2 2 20 773 772 778 776
2567 4 2 2 20 777 772 778 773
2568 4 2 2 20 771 773 779 776
2569 4 2 2 20 778 779 773 776
2570 4 2 2 20 771 777 61 780
2571 4 2 2 20 319 783 318 775
2572 4 2 2 20 773 777 61 771
2573 4 2 2 20 61 777 314 780
2574 4 2 2 20 61 777 773 314
2575 4 2 2 20 774 769 62 782
2576 4 2 2 20 320 774 62 782
2577 4 2 2 20 309 771 61 780
2578 4 2 2 20 782 769 62 315
2579 4 2 2 20 62 61 776 773
2580 4 2 2 20 62 776 774 773
2581 4 2 2 20 62 774 776 769
2582 4 2 2 20 771 778 773 777
2583 4 2 2 20 771 773 778 779
2584 4 2 2 20 778 776 770 779
2585 4 2 2 20 770 776 778 772
2586 4 2 2 21 787 789 794 800
2587 4 2 2 21 794 789 792 800
2588 4 2 2 21 787 794 796 800
2589 4 2 2 21 800 796 787 801
2590 4 2 2 21 787 788 789 800
2591 4 2 2 21 788 792 789 800
2592 4 2 2 21 64 63 791 784
2593 4 2 2 21 790 786 785 798
2594 4 2 2 21 799 785 786 798
2595 4 2 2 21 800 332 796 801
2596 4 2 2 21 785 797 786 793
2597 4 2 2 21 798 799 785 326
2598 4 2 2 21 792 789 794 795
2599 4 2 2 21 801 787 800 329
2600 4 2 2 21 797 793 784 795
2601 4 2 2 21 791 64 784 792
2602 4 2 2 21 790 321 322 798
2603 4 2 2 21 796 64 332 800
2604 4 2 2 21 791 784 63 785
2605 4 2 2 21 800 787 788 329
2606 4 2 2 21 785 791 790 798
2607 4 2 2 21 326 799 785 325
2608 4 2 2 21 794 784 792 795
2609 4 2 2 21 786 799 323 324
2610 4 2 2 21 329 788 800 328
2611 4 2 2 21 800 788 64 327
2612 4 2 2 21 793 785 797 791
2613 4 2 2 21 330 787 801 329
2614 4 2 2 21 332 331 796 801
2615 4 2 2 21 323 790 322 798
2616 4 2 2 21 791 785 797 784
2617 4 2 2 21 786 785 799 324
2618 4 2 2 21 792 791 793 795
2619 4 2 2 21 792 788 64 800
2620 4 2 2 21 788 800 328 327
2621 4 2 2 21 798 785 63 326
2622 4 2 2 21 797 793 791 784
2623 4 2 2 21 330 787 796 801
2624 4 2 2 21 784 793 791 795
2625 4 2 2 21 324 785 799 325
2626 4 2 2 21 321 790 791 798
2627 4 2 2 21 791 792 784 795
2628 4 2 2 21 791 790 321 322
2629 4 2 2 21 791 785 63 798
2630 4 2 2 21 331 330 796 801
2631 4 2 2 21 791 63 321 798
2632 4 2 2 21 64 800 784 792
2633 4 2 2 21 64 784 800 796
2634 4 2 2 21 794 784 800 792
2635 4 2 2 21 794 800 784 796
2636 4 2 2 21 798 786 323 790
2637 4 2 2 21 798 323 786 799
2638 4 2 2 21 790 785 793 791
2639 4 2 2 21 790 793 785 786
2640 4 2 2 22 813 805 65 66
2641 4 2 2 22 805 813 807 66
2642 4 2 2 22 816 802 804 815
2643 4 2 2 22 816 817 818 815
2644 4 2 2 22 804 802 814 815
2645 4 2 2 22 808 806 807 811
2646 4 2 2 22 811 806 807 340
2647 4 2 2 22 338 818 817 815
2648 4 2 2 22 806 803 808 812
2649 4 2 2 22 810 805 817 814
2650 4 2 2 22 805 810 804 814
2651 4 2 2 22 814 802 804 803
2652 4 2 2 22 803 806 805 812
2653 4 2 2 22 819 820 811 341
2654 4 2 2 22 335 817 818 816
2655 4 2 2 22 341 820 811 809
2656 4 2 2 22 820 341 342 809
2657 4 2 2 22 813 805 814 65
2658 4 2 2 22 65 817 333 810
2659 4 2 2 22 803 805 814 812
2660 4 2 2 22 811 808 341 809
2661 4 2 2 22 817 335 810 816
2662 4 2 2 22 812 808 806 813
2663 4 2 2 22 807 811 340 819
2664 4 2 2 22 807 808 809 813
2665 4 2 2 22 807 806 808 813
2666 4 2 2 22 338 337 818 815
2667 4 2 2 22 817 335 334 810
2668 4 2 2 22 820 819 813 344
2669 4 2 2 22 819 811 340 341
2670 4 2 2 22 336 335 818 816
2671 4 2 2 22 65 338 817 815
2672 4 2 2 22 817 65 805 810
2673 4 2 2 22 804 805 814 803
2674 4 2 2 22 814 65 817 815
2675 4 2 2 22 816 818 336 815
2676 4 2 2 22 812 809 808 813
2677 4 2 2 22 805 813 812 806
2678 4 2 2 22 805 65 817 814
2679 4 2 2 22 340 339 807 819
2680 4 2 2 22 805 813 806 807
2681 4 2 2 22 817 334 333 810
2682 4 2 2 22 813 343 820 344
2683 4 2 2 22 809 343 820 813
2684 4 2 2 22 813 805 812 814
2685 4 2 2 22 336 818 337 815
2686 4 2 2 22 820 342 343 809
2687 4 2 2 22 819 66 807 813
2688 4 2 2 22 807 339 66 819
2689 4 2 2 22 813 819 66 344
2690 4 2 2 22 810 814 815 804
2691 4 2 2 22 815 814 810 817
2692 4 2 2 22 815 816 810 804
2693 4 2 2 22 810 816 815 817
2694 4 2 2 22 809 807 811 808
2695 4 2 2 22 813 820 807 819
2696 4 2 2 22 813 807 820 809
2697 4 2 2 22 811 807 820 819
2698 4 2 2 22 811 820 807 809
2699 4 2 2 23 832 824 67 68
2700 4 2 2 23 824 832 826 68
2701 4 2 2 23 835 834 821 823
2702 4 2 2 23 826 838 827 830
2703 4 2 2 23 838 826 827 828
2704 4 2 2 23 834 837 836 835
2705 4 2 2 23 833 821 834 823
2706 4 2 2 23 827 825 826 830
2707 4 2 2 23 830 825 826 352
2708 4 2 2 23 350 834 837 836
2709 4 2 2 23 822 827 825 831
2710 4 2 2 23 836 824 833 829
2711 4 2 2 23 823 833 824 829
2712 4 2 2 23 833 821 823 822
2713 4 2 2 23 822 825 824 831
2714 4 2 2 23 837 836 835 347
2715 4 2 2 23 353 354 839 828
2716 4 2 2 23 832 824 833 67
2717 4 2 2 23 839 832 838 828
2718 4 2 2 23 836 345 67 829
2719 4 2 2 23 822 824 833 831
2720 4 2 2 23 829 835 836 347
2721 4 2 2 23 826 838 832 828
2722 4 2 2 23 832 825 827 831
2723 4 2 2 23 830 826 838 352
2724 4 2 2 23 827 826 832 828
2725 4 2 2 23 825 826 832 827
2726 4 2 2 23 834 837 349 350
2727 4 2 2 23 346 829 836 347
2728 4 2 2 23 838 356 832 839
2729 4 2 2 23 838 830 352 353
2730 4 2 2 23 835 348 837 347
2731 4 2 2 23 67 834 350 836
2732 4 2 2 23 836 67 824 829
2733 4 2 2 23 823 824 833 822
2734 4 2 2 23 834 67 833 836
2735 4 2 2 23 834 348 837 835
2736 4 2 2 23 831 827 832 828
2737 4 2 2 23 824 832 831 825
2738 4 2 2 23 824 833 67 836
2739 4 2 2 23 351 838 826 352
2740 4 2 2 23 824 832 825 826
2741 4 2 2 23 829 836 345 346
2742 4 2 2 23 355 832 356 839
2743 4 2 2 23 839 355 832 828
2744 4 2 2 23 832 824 831 833
2745 4 2 2 23 348 837 349 834
2746 4 2 2 23 354 355 839 828
2747 4 2 2 23 838 832 68 826
2748 4 2 2 23 68 351 838 826
2749 4 2 2 23 356 832 68 838
2750 4 2 2 23 835 829 834 823
2751 4 2 2 23 835 834 829 836
2752 4 2 2 23 833 834 829 823
2753 4 2 2 23 833 829 834 836
2754 4 2 2 23 353 838 828 839
2755 4 2 2 23 838 827 353 828
2756 4 2 2 23 353 827 838 830
2757 4 2 2 24 841 70 69 847
2758 4 2 2 24 848 844 843 845
2759 4 2 2 24 844 848 849 845
2760 4 2 2 24 846 850 854 853
2761 4 2 2 24 850 846 840 853
2762 4 2 2 24 854 842 846 853
2763 4 2 2 24 848 851 852 362
2764 4 2 2 24 840 846 842 853
2765 4 2 2 24 845 849 844 841
2766 4 2 2 24 851 359 845 852
2767 4 2 2 24 850 846 847 840
2768 4 2 2 24 359 843 845 852
2769 4 2 2 24 854 850 368 853
2770 4 2 2 24 854 365 842 853
2771 4 2 2 24 359 360 843 852
2772 4 2 2 24 842 847 846 840
2773 4 2 2 24 845 358 359 851
2774 4 2 2 24 853 365 840 364
2775 4 2 2 24 358 845 849 851
2776 4 2 2 24 847 70 850 840
2777 4 2 2 24 365 840 842 853
2778 4 2 2 24 847 846 844 842
2779 4 2 2 24 366 365 842 854
2780 4 2 2 24 366 846 367 854
2781 4 2 2 24 362 852 848 361
2782 4 2 2 24 840 842 847 841
2783 4 2 2 24 840 70 850 853
2784 4 2 2 24 849 848 69 851
2785 4 2 2 24 840 853 364 363
2786 4 2 2 24 366 842 846 854
2787 4 2 2 24 846 850 367 854
2788 4 2 2 24 368 367 850 854
2789 4 2 2 24 849 358 851 357
2790 4 2 2 24 840 847 70 841
2791 4 2 2 24 842 844 847 841
2792 4 2 2 24 851 848 69 362
2793 4 2 2 24 853 840 70 363
2794 4 2 2 24 360 848 843 852
2795 4 2 2 24 852 360 848 361
2796 4 2 2 24 851 69 849 357
2797 4 2 2 24 850 70 368 853
2798 4 2 2 24 848 845 851 849
2799 4 2 2 24 845 852 848 851
2800 4 2 2 24 848 852 845 843
2801 4 2 2 24 69 841 848 849
2802 4 2 2 24 69 848 841 847
2803 4 2 2 24 844 848 841 849
2804 4 2 2 24 844 841 848 847
2805 4 2 2 25 868 374 869 867
2806 4 2 2 25 870 380 864 871
2807 4 2 2 25 865 857 855 866
2808 4 2 2 25 857 870 855 866
2809 4 2 2 25 377 871 870 855
2810 4 2 2 25 859 868 869 867
2811 4 2 2 25 869 868 859 861
2812 4 2 2 25 866 865 857 858
2813 4 2 2 25 860 869 859 861
2814 4 2 2 25 860 859 869 867
2815 4 2 2 25 865 856 857 858
2816 4 2 2 25 867 71 859 868
2817 4 2 2 25 860 373 869 372
2818 4 2 2 25 855 856 857 865
2819 4 2 2 25 870 377 855 866
2820 4 2 2 25 72 863 862 858
2821 4 2 2 25 870 857 72 866
2822 4 2 2 25 864 72 380 870
2823 4 2 2 25 871 377 378 855
2824 4 2 2 25 377 870 376 866
2825 4 2 2 25 867 71 868 374
2826 4 2 2 25 72 375 870 866
2827 4 2 2 25 869 372 371 860
2828 4 2 2 25 866 857 72 858
2829 4 2 2 25 370 868 371 861
2830 4 2 2 25 856 863 857 858
2831 4 2 2 25 376 870 375 866
2832 4 2 2 25 378 864 871 855
2833 4 2 2 25 862 859 868 861
2834 4 2 2 25 863 72 857 858
2835 4 2 2 25 860 373 867 869
2836 4 2 2 25 871 380 864 379
2837 4 2 2 25 856 859 863 858
2838 4 2 2 25 374 373 869 867
2839 4 2 2 25 864 871 379 378
2840 4 2 2 25 369 868 370 862
2841 4 2 2 25 864 72 870 857
2842 4 2 2 25 868 370 862 861
2843 4 2 2 25 861 862 859 858
2844 4 2 2 25 862 863 859 858
2845 4 2 2 25 71 868 369 862
2846 4 2 2 25 72 71 862 863
2847 4 2 2 25 869 861 371 868
2848 4 2 2 25 371 861 869 860
2849 4 2 2 25 864 870 855 857
2850 4 2 2 25 855 870 864 871
2851 4 2 2 25 859 71 862 868
2852 4 2 2 25 859 862 71 863
2853 4 2 5 26 2099 2338 1856 2420
2854 4 2 5 26 1869 1817 2069 2141
2855 4 2 5 26 1830 1775 2006 2082
2856 4 2 5 26 1954 1835 2001 2264
2857 4 2 5 26 1835 2001 1978 2678
2858 4 2 5 26 2033 2329 1989 2706
2859 4 2 5 26 1761 1960 1911 2394
2860 4 2 5 26 2001 2328 2264 2686
2861 4 2 5 26 1823 1929 2280 2636
2862 4 2 5 26 2031 2145 1933 2360
2863 4 2 5 26 1583 2087 1994 2283
2864 4 2 5 26 1764 2198 2054 2558
2865 4 2 5 26 1877 394 2153 2212
2866 4 2 5 26 1898 1771 2040 2253
2867 4 2 5 26 1896 2181 1803 2449
2868 4 2 5 26 1960 2065 1270 2236
2869 4 2 5 26 2086 2255 2222 2260
2870 4 2 5 26 1903 2255 2086 2260
2871 4 2 5 26 2034 1941 2230 2265
2872 4 2 5 26 1763 1940 1819 2180
2873 4 2 5 26 1018 1936 2010 2103
2874 4 2 5 26 1792 2280 1947 2465
2875 4 2 5 26 1757 1925 2161 2294
2876 4 2 5 26 1761 1911 2107 2394
2877 4 2 5 26 1583 1994 2087 2591
2878 4 2 5 26 1817 1869 2069 2456
2879 4 2 5 26 1815 1978 1892 2652
2880 4 2 5 26 2005 2378 2290 2597
2881 4 2 5 26 1772 1967 2191 2651
2882 4 2 5 26 1598 2179 2106 2502
2883 4 2 5 26 1793 2250 2242 2426
2884 4 2 5 26 1964 2033 1191 2329
2885 4 2 5 26 1787 2031 2113 2478
2886 4 2 5 26 1668 1940 1667 2288
2887 4 2 5 26 2095 2138 1756 2432
2888 4 2 5 26 1764 2054 2198 2445
2889 4 2 5 26 1580 2201 1854 2713
2890 4 2 5 26 1777 2037 2194 2232
2891 4 2 5 26 1757 2041 2011 2161
2892 4 2 5 26 1751 2303 2078 2653
2893 4 2 5 26 904 2338 2099 2420
2894 4 2 5 26 1989 1765 2123 2663
2895 4 2 5 26 1823 2373 1990 2465
2896 4 2 5 26 1903 2255 1846 2729
2897 4 2 5 26 1869 2141 2069 2398
2898 4 2 5 26 1954 2001 1835 2128
2899 4 2 5 26 1746 2026 2146 2147
2900 4 2 5 26 1247 2216 2170 2631
2901 4 2 5 26 2001 1978 2678 2686
2902 4 2 5 26 1251 1928 2242 2250
2903 4 2 5 26 1896 1803 2339 2449
2904 4 2 5 26 1257 2189 2112 2526
2905 4 2 5 26 2066 2235 1912 2297
2906 4 2 5 26 1954 1835 2264 2388
2907 4 2 5 26 1797 1933 2200 2360
2908 4 2 5 26 1768 2264 2001 2328
2909 4 2 5 26 1747 2145 2031 2360
2910 4 2 5 26 2255 2260 1846 2729
2911 4 2 5 26 1796 1908 2095 2138
2912 4 2 5 26 1953 2213 1884 2312
2913 4 2 5 26 1759 2212 2389 2525
2914 4 2 5 26 1960 2332 910 2511
2915 4 2 5 26 2157 2199 76 2681
2916 4 2 5 26 1931 1961 1223 2181
2917 4 2 5 26 1883 2214 2175 2330
2918 4 2 5 26 402 2157 2032 2199
2919 4 2 5 26 1184 2378 1895 2597
2920 4 2 5 26 1763 1819 2067 2180
2921 4 2 5 26 1929 1963 1823 2280
2922 4 2 5 26 1954 2264 2001 2545
2923 4 2 5 26 1857 2090 1294 2221
2924 4 2 5 26 1587 1994 1937 2283
2925 4 2 5 26 1843 2194 2037 2232
2926 4 2 5 26 1787 2056 2031 2478
2927 4 2 5 26 2251 2455 2428 2692
2928 4 2 5 26 2141 2281 2069 2398
2929 4 2 5 26 1841 2215 2004 2225
2930 4 2 5 26 1936 1756 2010 2710
2931 4 2 5 26 1681 2157 76 2681
2932 4 2 5 26 1892 1978 1815 2059
2933 4 2 5 26 1830 2020 1775 2082
2934 4 2 5 26 2149 2348 2144 2435
2935 4 2 5 26 1819 2136 2101 2689
2936 4 2 5 26 1775 1830 2006 2177
2937 4 2 5 26 76 2157 402 2199
2938 4 2 5 26 2004 2215 1859 2225
2939 4 2 5 26 1796 2138 2095 2432
2940 4 2 5 26 1763 2067 1819 2136
2941 4 2 5 26 1823 1870 2373 2465
2942 4 2 5 26 1226 1989 2329 2706
2943 4 2 5 26 1772 2566 1967 2651
2944 4 2 5 26 1757 2011 2041 2436
2945 4 2 5 26 1816 1784 1984 2205
2946 4 2 5 26 2020 2244 2028 2575
2947 4 2 5 26 1992 2231 1824 2553
2948 4 2 5 26 1272 2065 1857 2236
2949 4 2 5 26 1909 2081 1653 2150
2950 4 2 5 26 1686 2271 2165 2400
2951 4 2 5 26 1823 2280 1870 2465
2952 4 2 5 26 1636 2032 1665 2237
2953 4 2 5 26 1959 2004 1758 2343
2954 4 2 5 26 1757 2161 2011 2294
2955 4 2 5 26 1881 2112 1257 2189
2956 4 2 5 26 1787 2031 1891 2113
2957 4 2 5 26 1991 2490 2481 2678
2958 4 2 5 26 2170 2216 1836 2631
2959 4 2 5 26 1773 2348 2149 2435
2960 4 2 5 26 2001 1910 2328 2686
2961 4 2 5 26 402 1898 1665 2237
2962 4 2 5 26 1450 2325 1893 2564
2963 4 2 5 26 1837 1876 2166 2533
2964 4 2 5 26 1888 1764 2341 2488
2965 4 2 5 26 1768 2001 1910 2328
2966 4 2 5 26 2094 2270 1874 2601
2967 4 2 5 26 2043 2288 1666 2336
2968 4 2 5 26 1698 1935 411 2068
2969 4 2 5 26 1756 1899 2010 2278
2970 4 2 5 26 1580 1854 1321 2713
2971 4 2 5 26 1679 1969 1666 2336
2972 4 2 5 26 1811 2077 1866 2323
2973 4 2 5 26 1843 2037 2009 2232
2974 4 2 5 26 1792 2070 2021 2669
2975 4 2 5 26 1830 2490 1991 2678
2976 4 2 5 26 1294 1273 1857 2466
2977 4 2 5 26 1815 1892 2060 2652
2978 4 2 5 26 1653 2150 2081 2644
2979 4 2 5 26 1891 2031 1807 2185
2980 4 2 5 26 2028 2244 2020 2592
2981 4 2 5 26 1963 2280 1929 2636
2982 4 2 5 26 1587 1937 1994 2527
2983 4 2 5 26 1636 402 1665 2032
2984 4 2 5 26 1870 2148 1099 2251
2985 4 2 5 26 1970 2068 422 2158
2986 4 2 5 26 1947 2280 1990 2465
2987 4 2 5 26 384 2011 1865 2598
2988 4 2 5 26 1272 1294 1857 2090
2989 4 2 5 26 1972 2073 1319 2752
2990 4 2 5 26 1822 1775 2020 2082
2991 4 2 5 26 1259 2285 1964 2358
2992 4 2 5 26 1896 1803 2181 2339
2993 4 2 5 26 1960 910 2332 2356
2994 4 2 5 26 2073 2044 2628 2718
2995 4 2 5 26 2136 2447 2101 2689
2996 4 2 5 26 398 2210 2151 2213
2997 4 2 5 26 1628 2204 2344 2371
2998 4 2 5 26 1982 2305 1552 2316
2999 4 2 5 26 1870 2023 1099 2148
3000 4 2 5 26 1653 2081 1909 2098
3001 4 2 5 26 926 2089 2028 2494
3002 4 2 5 26 1883 2171 2059 2227
3003 4 2 5 26 1762 1882 2262 2330
3004 4 2 5 26 1969 2043 1666 2336
3005 4 2 5 26 1790 1905 2435 2500
3006 4 2 5 26 1755 1947 1791 2317
3007 4 2 5 26 888 2198 2102 2338
3008 4 2 5 26 1791 1948 1882 2175
3009 4 2 5 26 1794 1909 1955 2222
3010 4 2 5 26 1978 2264 1835 2388
3011 4 2 5 26 2034 2230 1784 2265
3012 4 2 5 26 2012 2198 1486 2420
3013 4 2 5 26 1774 1919 2144 2266
3014 4 2 5 26 1989 2016 1765 2663
3015 4 2 5 26 1611 1954 2371 2386
3016 4 2 5 26 1210 2397 2116 2524
3017 4 2 5 26 2246 2411 2021 2465
3018 4 2 5 26 1832 2020 2244 2592
3019 4 2 5 26 1771 2253 1898 2676
3020 4 2 5 26 1794 2222 1955 2647
3021 4 2 5 26 1868 2091 2146 2390
3022 4 2 5 26 1896 1958 2181 2449
3023 4 2 5 26 2105 2256 1806 2516
3024 4 2 5 26 1888 2428 2251 2455
3025 4 2 5 26 1669 1638 1992 2098
3026 4 2 5 26 1788 2064 1917 2557
3027 4 2 5 26 1876 2005 1837 2166
3028 4 2 5 26 1834 2305 1982 2316
3029 4 2 5 26 1758 1959 1841 2004
3030 4 2 5 26 1996 2343 2304 2456
3031 4 2 5 26 1910 2267 1186 2273
3032 4 2 5 26 1963 2080 1870 2280
3033 4 2 5 26 1805 1926 2091 2166
3034 4 2 5 26 1941 2034 2241 2265
3035 4 2 5 26 1911 1960 1761 2457
3036 4 2 5 26 1799 2091 1926 2166
3037 4 2 5 26 1665 1898 402 2437
3038 4 2 5 26 1784 2205 1816 2508
3039 4 2 5 26 1628 2204 2279 2344
3040 4 2 5 26 1816 1984 2034 2142
3041 4 2 5 26 1792 1990 1947 2246
3042 4 2 5 26 2069 2141 1817 2281
3043 4 2 5 26 1746 2026 2147 2732
3044 4 2 5 26 1628 2204 1611 2388
3045 4 2 5 26 1783 2081 1909 2366
3046 4 2 5 26 384 1865 2011 2406
3047 4 2 5 26 2419 2481 1991 2490
3048 4 2 5 26 1872 2164 1959 2200
3049 4 2 5 26 1758 2304 2343 2456
3050 4 2 5 26 1755 1791 1947 2013
3051 4 2 5 26 1914 2009 1747 2037
3052 4 2 5 26 1936 2010 1756 2623
3053 4 2 5 26 1873 2008 2247 2259
3054 4 2 5 26 1978 2001 1835 2264
3055 4 2 5 26 1852 2200 1933 2360
3056 4 2 5 26 402 2032 1637 2199
3057 4 2 5 26 1766 1867 2162 2419
3058 4 2 5 26 1669 1639 1638 2098
3059 4 2 5 26 1768 2264 1954 2545
3060 4 2 5 26 1806 2105 1943 2256
3061 4 2 5 26 2015 2040 1771 2253
3062 4 2 5 26 1187 2112 1910 2526
3063 4 2 5 26 1294 1857 2221 2466
3064 4 2 5 26 1875 1933 2310 2615
3065 4 2 5 26 1766 2162 1867 2413
3066 4 2 5 26 1758 1982 1955 2304
3067 4 2 5 26 1771 1918 2069 2398
3068 4 2 5 26 1863 1460 2367 2489
3069 4 2 5 26 1823 2512 1947 2529
3070 4 2 5 26 1943 2200 1872 2343
3071 4 2 5 26 1226 2329 2033 2706
3072 4 2 5 26 1817 1996 2256 2546
3073 4 2 5 26 1830 2419 1991 2490
3074 4 2 5 26 1605 1944 1887 2385
3075 4 2 5 26 1772 1967 2116 2191
3076 4 2 5 26 1969 1984 1829 2645
3077 4 2 5 26 2017 2203 1851 2606
3078 4 2 5 26 1978 2060 1892 2652
3079 4 2 5 26 2001 2128 1954 2545
3080 4 2 5 26 1773 2455 2428 2715
3081 4 2 5 26 1557 2524 2116 2673
3082 4 2 5 26 1775 2082 1822 2672
3083 4 2 5 26 1783 2469 2042 2528
3084 4 2 5 26 1915 2146 2091 2395
3085 4 2 5 26 1955 2304 1982 2580
3086 4 2 5 26 1783 2164 2469 2528
3087 4 2 5 26 1283 2546 2361 2738
3088 4 2 5 26 1852 2179 2200 2360
3089 4 2 5 26 2045 2428 2455 2692
3090 4 2 5 26 1762 1883 2059 2227
3091 4 2 5 26 430 1604 2121 2471
3092 4 2 5 26 1698 1970 1935 2068
3093 4 2 5 26 1877 2024 1415 2245
3094 4 2 5 26 1794 2366 2150 2542
3095 4 2 5 26 1982 2316 1924 2580
3096 4 2 5 26 2078 2303 1751 2496
3097 4 2 5 26 1969 2048 1905 2336
3098 4 2 5 26 2242 2250 1928 2426
3099 4 2 5 26 1792 2021 2246 2669
3100 4 2 5 26 1797 1891 2185 2360
3101 4 2 5 26 2361 2546 1869 2738
3102 4 2 5 26 1919 1288 2266 2643
3103 4 2 5 26 2094 2224 1874 2270
3104 4 2 5 26 1429 2123 1989 2349
3105 4 2 5 26 2266 2447 1995 2598
3106 4 2 5 26 1875 1778 1933 2615
3107 4 2 5 26 1259 1964 2073 2358
3108 4 2 5 26 1921 2372 1997 2611
3109 4 2 5 26 1628 2344 1615 2371
3110 4 2 5 26 1902 2144 1848 2551
3111 4 2 5 26 1823 1990 1947 2280
3112 4 2 5 26 2068 2158 1970 2298
3113 4 2 5 26 1762 2235 1892 2626
3114 4 2 5 26 985 1966 2153 2212
3115 4 2 5 26 1765 2016 1989 2503
3116 4 2 5 26 2175 2214 1948 2330
3117 4 2 5 26 2014 2242 1166 2375
3118 4 2 5 26 1979 2179 1137 2675
3119 4 2 5 26 2011 2182 2041 2436
3120 4 2 5 26 1959 1758 2304 2343
3121 4 2 5 26 1857 2065 1272 2090
3122 4 2 5 26 1819 2625 2136 2689
3123 4 2 5 26 1526 1210 2116 2524
3124 4 2 5 26 1933 2145 2031 2185
3125 4 2 5 26 2170 2447 2266 2598
3126 4 2 5 26 1774 1995 2266 2447
3127 4 2 5 26 1661 1694 1662 1942
3128 4 2 5 26 1796 2085 1908 2138
3129 4 2 5 26 1790 2435 2168 2500
3130 4 2 5 26 393 2212 1949 2587
3131 4 2 5 26 1792 1947 1990 2465
3132 4 2 5 26 1766 1867 2419 2481
3133 4 2 5 26 1223 1961 1931 2618
3134 4 2 5 26 1940 1932 2180 2619
3135 4 2 5 26 1287 2154 1919 2266
3136 4 2 5 26 2078 2303 1957 2653
3137 4 2 5 26 1905 1920 1845 2314
3138 4 2 5 26 1774 2144 2154 2266
3139 4 2 5 26 1797 2106 2179 2502
3140 4 2 5 26 1872 2036 2164 2200
3141 4 2 5 26 966 2311 2290 2473
3142 4 2 5 26 1801 2218 2404 2477
3143 4 2 5 26 874 2216 2097 2402
3144 4 2 5 26 942 1865 2118 2170
3145 4 2 5 26 2091 2146 1915 2472
3146 4 2 5 26 1882 1948 1791 2595
3147 4 2 5 26 1799 2146 2091 2390
3148 4 2 5 26 1965 1966 1276 2212
3149 4 2 5 26 402 1665 2032 2237
3150 4 2 5 26 1878 2092 1407 2363
3151 4 2 5 26 1758 1955 1982 2497
3152 4 2 5 26 1997 2367 1460 2489
3153 4 2 5 26 2203 2407 1851 2606
3154 4 2 5 26 1976 1766 2089 2494
3155 4 2 5 26 1747 2056 2031 2145
3156 4 2 5 26 1875 2165 2271 2400
3157 4 2 5 26 1782 2057 1915 2146
3158 4 2 5 26 402 2032 1898 2237
3159 4 2 5 26 2051 2168 1940 2739
3160 4 2 5 26 1932 1940 2180 2207
3161 4 2 5 26 2204 2371 1954 2386
3162 4 2 5 26 1307 2039 1912 2320
3163 4 2 5 26 1918 2069 1869 2590
3164 4 2 5 26 1321 2274 1854 2552
3165 4 2 5 26 1777 2049 1945 2194
3166 4 2 5 26 1797 2200 2179 2360
3167 4 2 5 26 1850 2510 1383 2642
3168 4 2 5 26 1960 2356 2332 2394
3169 4 2 5 26 1824 2443 1992 2553
3170 4 2 5 26 1894 1838 1989 2086
3171 4 2 5 26 2128 2204 2088 2387
3172 4 2 5 26 1865 944 2313 2406
3173 4 2 5 26 1895 2296 1184 2597
3174 4 2 5 26 1872 2200 1959 2343
3175 4 2 5 26 1611 1954 2204 2371
3176 4 2 5 26 1415 2024 1877 2184
3177 4 2 5 26 1979 1137 2450 2675
3178 4 2 5 26 1647 1652 2096 2263
3179 4 2 5 26 1909 2150 1794 2366
3180 4 2 5 26 1763 2136 1819 2168
3181 4 2 5 26 962 2356 2236 2460
3182 4 2 5 26 1187 1910 2273 2526
3183 4 2 5 26 1861 2082 2006 2672
3184 4 2 5 26 2171 2345 427 2463
3185 4 2 5 26 1758 2004 1841 2215
3186 4 2 5 26 1869 1817 2141 2546
3187 4 2 5 26 1818 1912 2235 2297
3188 4 2 5 26 1407 2211 1878 2573
3189 4 2 5 26 1497 1893 1450 2325
3190 4 2 5 26 2085 2138 1796 2647
3191 4 2 5 26 1940 1668 2159 2739
3192 4 2 5 26 1832 2130 1953 2151
3193 4 2 5 26 1870 2280 2080 2488
3194 4 2 5 26 1909 2081 1783 2098
3195 4 2 5 26 2136 2625 2447 2689
3196 4 2 5 26 1846 2255 1903 2260
3197 4 2 5 26 1103 2063 2029 2460
3198 4 2 5 26 394 2212 1877 2245
3199 4 2 5 26 2018 2254 2074 2359
3200 4 2 5 26 1832 2130 2151 2425
3201 4 2 5 26 1898 1942 1665 2237
3202 4 2 5 26 1550 2149 2045 2428
3203 4 2 5 26 1943 2111 1872 2200
3204 4 2 5 26 1270 1960 2236 2356
3205 4 2 5 26 1823 1990 2280 2465
3206 4 2 5 26 398 2151 2210 2477
3207 4 2 5 26 1862 1787 2031 2532
3208 4 2 5 26 1611 2204 1954 2388
3209 4 2 5 26 1746 2147 2039 2414
3210 4 2 5 26 1875 2443 2310 2553
3211 4 2 5 26 2146 2026 2301 2732
3212 4 2 5 26 2044 2555 2073 2628
3213 4 2 5 26 1896 1292 2181 2688
3214 4 2 5 26 1910 2001 1768 2545
3215 4 2 5 26 1953 1986 1511 2312
3216 4 2 5 26 1955 2319 1794 2647
3217 4 2 5 26 1407 2092 1878 2211
3218 4 2 5 26 1902 2149 2144 2435
3219 4 2 5 26 1965 2212 1276 2587
3220 4 2 5 26 1773 1920 1905 2508
3221 4 2 5 26 1784 2021 1816 2265
3222 4 2 5 26 1363 2213 1953 2312
3223 4 2 5 26 1791 2175 2002 2214
3224 4 2 5 26 1681 402 76 2157
3225 4 2 5 26 2032 2157 1822 2199
3226 4 2 5 26 1869 2456 1817 2546
3227 4 2 5 26 1523 2099 1911 2275
3228 4 2 5 26 1925 2099 1856 2420
3229 4 2 5 26 1764 2198 2012 2445
3230 4 2 5 26 1752 2204 2128 2387
3231 4 2 5 26 1872 2304 1996 2343
3232 4 2 5 26 1992 2098 1638 2654
3233 4 2 5 26 1267 1961 1896 2181
3234 4 2 5 26 1287 1919 1288 2266
3235 4 2 5 26 1051 2073 1847 2183
3236 4 2 5 26 1774 2154 2144 2625
3237 4 2 5 26 1665 1942 1898 2437
3238 4 2 5 26 1805 2088 1954 2204
3239 4 2 5 26 1997 2369 1754 2372
3240 4 2 5 26 1869 2398 1918 2605
3241 4 2 5 26 1888 2341 2070 2488
3242 4 2 5 26 1758 1841 1959 2366
3243 4 2 5 26 956 2315 1994 2591
3244 4 2 5 26 2065 2236 1960 2354
3245 4 2 5 26 2035 2088 1837 2749
3246 4 2 5 26 1757 2041 1864 2249
3247 4 2 5 26 2064 2109 1754 2430
3248 4 2 5 26 1920 1845 2314 2586
3249 4 2 5 26 1552 1982 2316 2392
3250 4 2 5 26 402 1898 2032 2157
3251 4 2 5 26 1816 2508 2205 2669
3252 4 2 5 26 1758 2215 1841 2542
3253 4 2 5 26 1879 2115 2074 2747
3254 4 2 5 26 2011 2041 1826 2161
3255 4 2 5 26 1797 2179 2106 2541
3256 4 2 5 26 1848 2144 1902 2666
3257 4 2 5 26 1431 1270 1960 2065
3258 4 2 5 26 2102 2198 888 2668
3259 4 2 5 26 2146 2147 2026 2732
3260 4 2 5 26 1782 1950 1915 2622
3261 4 2 5 26 2063 2397 1967 2466
3262 4 2 5 26 1643 2159 1668 2739
3263 4 2 5 26 1321 1854 2274 2713
3264 4 2 5 26 2092 2211 1087 2650
3265 4 2 5 26 1759 2247 2008 2259
3266 4 2 5 26 1922 1853 2263 2381
3267 4 2 5 26 1914 1933 1778 2615
3268 4 2 5 26 1771 2069 1918 2215
3269 4 2 5 26 1758 1996 2304 2456
3270 4 2 5 26 1244 1997 2178 2633
3271 4 2 5 26 1959 2172 2164 2304
3272 4 2 5 26 1899 2126 1756 2623
3273 4 2 5 26 923 2256 2340 2546
3274 4 2 5 26 2043 1940 2168 2739
3275 4 2 5 26 2000 2128 1802 2363
3276 4 2 5 26 1927 1928 1818 2297
3277 4 2 5 26 2186 2193 1833 2430
3278 4 2 5 26 1790 2168 2043 2288
3279 4 2 5 26 1955 2304 2172 2366
3280 4 2 5 26 2073 2628 2183 2718
3281 4 2 5 26 1819 1940 1763 2168
3282 4 2 5 26 1759 2084 2008 2247
3283 4 2 5 26 1864 2249 2041 2293
3284 4 2 5 26 2131 2325 1946 2576
3285 4 2 5 26 1807 2031 1891 2163
3286 4 2 5 26 1788 2557 2532 2707
3287 4 2 5 26 430 2121 1980 2471
3288 4 2 5 26 1952 2218 1801 2477
3289 4 2 5 26 1307 1930 2039 2320
3290 4 2 5 26 2452 2678 1978 2686
3291 4 2 5 26 1762 1892 2059 2626
3292 4 2 5 26 1605 1887 1944 2603
3293 4 2 5 26 1960 2332 1911 2394
3294 4 2 5 26 1777 1945 1810 2258
3295 4 2 5 26 1838 2349 2123 2537
3296 4 2 5 26 1817 2256 2105 2516
3297 4 2 5 26 1762 2175 1927 2297
3298 4 2 5 26 1750 2135 2017 2495
3299 4 2 5 26 1778 2004 2003 2702
3300 4 2 5 26 1873 2247 1977 2259
3301 4 2 5 26 1891 1797 2185 2541
3302 4 2 5 26 1764 1888 2341 2507
3303 4 2 5 26 2120 2180 1932 2619
3304 4 2 5 26 1254 1928 2238 2242
3305 4 2 5 26 1772 2380 1967 2566
3306 4 2 5 26 1616 2091 1954 2386
3307 4 2 5 26 1794 1955 1909 2366
3308 4 2 5 26 1184 2186 1895 2378
3309 4 2 5 26 1357 1965 2356 2460
3310 4 2 5 26 1869 1918 2024 2605
3311 4 2 5 26 1640 1940 1668 2159
3312 4 2 5 26 1759 2212 1966 2389
3313 4 2 5 26 2009 2037 1914 2232
3314 4 2 5 26 1294 1273 1272 1857
3315 4 2 5 26 1963 1870 2080 2558
3316 4 2 5 26 1747 1933 2145 2360
3317 4 2 5 26 1172 2189 1257 2526
3318 4 2 5 26 1487 1985 1986 2196
3319 4 2 5 26 1643 1668 2043 2739
3320 4 2 5 26 1770 2074 2254 2359
3321 4 2 5 26 1865 2170 942 2598
3322 4 2 5 26 1901 2163 1116 2731
3323 4 2 5 26 2202 2543 2501 2643
3324 4 2 5 26 1792 1962 1906 2737
3325 4 2 5 26 384 944 1865 2406
3326 4 2 5 26 904 878 2099 2338
3327 4 2 5 26 1891 2031 1787 2163
3328 4 2 5 26 1892 2060 1978 2452
3329 4 2 5 26 1760 2443 1824 2553
3330 4 2 5 26 1933 2185 2031 2360
3331 4 2 5 26 2041 2249 1840 2293
3332 4 2 5 26 1876 1837 2311 2533
3333 4 2 5 26 1857 2236 2065 2354
3334 4 2 5 26 2020 2425 2244 2575
3335 4 2 5 26 1866 2051 1811 2323
3336 4 2 5 26 1910 1768 2468 2545
3337 4 2 5 26 1778 1875 1933 2119
3338 4 2 5 26 1760 2145 1933 2185
3339 4 2 5 26 1321 1854 1362 2552
3340 4 2 5 26 2243 2373 1870 2465
3341 4 2 5 26 1790 1969 1905 2043
3342 4 2 5 26 1857 2133 2221 2380
3343 4 2 5 26 2028 2089 1766 2494
3344 4 2 5 26 1911 2332 1960 2511
3345 4 2 5 26 384 1865 944 2598
3346 4 2 5 26 1823 1858 2512 2529
3347 4 2 5 26 1830 1775 2020 2575
3348 4 2 5 26 1777 1810 2049 2252
3349 4 2 5 26 1996 2340 2256 2546
3350 4 2 5 26 1852 2200 1943 2206
3351 4 2 5 26 1191 1964 1192 2033
3352 4 2 5 26 1880 2058 1987 2230
3353 4 2 5 26 1830 2177 1775 2575
3354 4 2 5 26 2011 2543 1995 2598
3355 4 2 5 26 1557 1526 1210 2116
3356 4 2 5 26 1852 1943 2200 2409
3357 4 2 5 26 1911 2332 2107 2394
3358 4 2 5 26 2017 2030 1750 2495
3359 4 2 5 26 1566 2110 1934 2284
3360 4 2 5 26 1795 1936 2050 2169
3361 4 2 5 26 1842 2211 2092 2650
3362 4 2 5 26 2031 1891 2113 2478
3363 4 2 5 26 1850 1383 2467 2642
3364 4 2 5 26 1955 2580 1982 2691
3365 4 2 5 26 1791 1948 2175 2214
3366 4 2 5 26 1867 1991 1945 2258
3367 4 2 5 26 1905 2043 1969 2336
3368 4 2 5 26 1990 2373 2243 2465
3369 4 2 5 26 422 423 1923 2068
3370 4 2 5 26 1811 2051 1866 2152
3371 4 2 5 26 1257 2112 1881 2417
3372 4 2 5 26 1795 2050 1936 2103
3373 4 2 5 26 2005 2166 1876 2742
3374 4 2 5 26 1191 2033 1193 2329
3375 4 2 5 26 1836 2285 2067 2422
3376 4 2 5 26 1934 2058 1029 2600
3377 4 2 5 26 1771 1918 2398 2605
3378 4 2 5 26 985 2153 1966 2427
3379 4 2 5 26 1762 1927 2139 2297
3380 4 2 5 26 1869 2069 1918 2398
3381 4 2 5 26 1557 1526 2116 2524
3382 4 2 5 26 1834 2316 1982 2580
3383 4 2 5 26 1746 2414 2026 2732
3384 4 2 5 26 1945 2258 1991 2279
3385 4 2 5 26 1878 2088 2035 2749
3386 4 2 5 26 1931 2195 2049 2416
3387 4 2 5 26 1994 2087 2591 2730
3388 4 2 5 26 1828 2049 1931 2195
3389 4 2 5 26 1792 2246 2021 2465
3390 4 2 5 26 1871 2132 1952 2218
3391 4 2 5 26 1926 1805 2091 2386
3392 4 2 5 26 1764 2023 2198 2558
3393 4 2 5 26 1749 1987 2014 2079
3394 4 2 5 26 1817 2256 1996 2340
3395 4 2 5 26 2290 2311 1837 2473
3396 4 2 5 26 877 1911 1523 2099
3397 4 2 5 26 1919 2154 2144 2266
3398 4 2 5 26 1777 2194 1945 2346
3399 4 2 5 26 1829 1915 2395 2622
3400 4 2 5 26 1870 2488 2080 2558
3401 4 2 5 26 1377 2124 1976 2494
3402 4 2 5 26 1935 2094 1874 2601
3403 4 2 5 26 1977 1873 2259 2365
3404 4 2 5 26 1802 2038 2363 2545
3405 4 2 5 26 1832 2244 2020 2425
3406 4 2 5 26 1895 2186 1184 2296
3407 4 2 5 26 1580 1854 2300 2748
3408 4 2 5 26 1915 1950 1782 2146
3409 4 2 5 26 1431 1960 2511 2668
3410 4 2 5 26 985 2153 394 2212
3411 4 2 5 26 1363 1884 2213 2312
3412 4 2 5 26 892 1856 2338 2420
3413 4 2 5 26 1760 1824 2396 2553
3414 4 2 5 26 1945 2346 2194 2413
3415 4 2 5 26 1974 2170 1370 2216
3416 4 2 5 26 1652 1646 2046 2263
3417 4 2 5 26 1774 2266 2154 2625
3418 4 2 5 26 1235 2201 2072 2300
3419 4 2 5 26 1450 1893 1497 2616
3420 4 2 5 26 1772 2380 2566 2651
3421 4 2 5 26 998 2039 1930 2223
3422 4 2 5 26 2006 2082 1775 2672
3423 4 2 5 26 1775 1871 2191 2218
3424 4 2 5 26 1638 2098 1639 2654
3425 4 2 5 26 2272 2510 1850 2642
3426 4 2 5 26 1357 1966 1965 2460
3427 4 2 5 26 1698 422 1970 2068
3428 4 2 5 26 2018 2074 2115 2747
3429 4 2 5 26 1792 2021 2070 2465
3430 4 2 5 26 1652 2174 2096 2263
3431 4 2 5 26 1883 2175 2214 2227
3432 4 2 5 26 1903 2086 2062 2260
3433 4 2 5 26 2099 1899 2278 2714
3434 4 2 5 26 1982 2304 1834 2580
3435 4 2 5 26 1959 2200 1778 2343
3436 4 2 5 26 1910 1798 2273 2526
3437 4 2 5 26 1903 1846 2226 2729
3438 4 2 5 26 1643 2517 2043 2634
3439 4 2 5 26 1778 1943 2200 2206
3440 4 2 5 26 1116 2163 1901 2240
3441 4 2 5 26 1783 2042 1938 2528
3442 4 2 5 26 1960 2102 1761 2457
3443 4 2 5 26 1848 1902 2551 2666
3444 4 2 5 26 1882 2066 1762 2262
3445 4 2 5 26 1824 1874 2270 2271
3446 4 2 5 26 888 1856 2198 2338
3447 4 2 5 26 1779 1932 2120 2180
3448 4 2 5 26 1764 1888 2148 2488
3449 4 2 5 26 1762 2066 1882 2175
3450 4 2 5 26 1934 1029 2284 2600
3451 4 2 5 26 1857 1273 2236 2466
3452 4 2 5 26 1226 2329 1989 2594
3453 4 2 5 26 1616 1614 2091 2386
3454 4 2 5 26 1387 2251 2428 2692
3455 4 2 5 26 1583 2087 1595 2591
3456 4 2 5 26 1965 2389 2356 2460
3457 4 2 5 26 1556 2524 1557 2673
3458 4 2 5 26 1915 2146 2057 2472
3459 4 2 5 26 1845 1920 1905 2348
3460 4 2 5 26 1429 1424 2123 2349
3461 4 2 5 26 1166 2014 2375 2638
3462 4 2 5 26 1746 2683 2167 2711
3463 4 2 5 26 1224 1931 1223 2181
3464 4 2 5 26 1362 1321 1580 1854
3465 4 2 5 26 900 2203 2017 2606
3466 4 2 5 26 1858 1823 1990 2529
3467 4 2 5 26 1661 1694 1942 2027
3468 4 2 5 26 1871 2404 2218 2477
3469 4 2 5 26 2043 2168 1940 2288
3470 4 2 5 26 1905 2048 1969 2435
3471 4 2 5 26 1698 1935 1970 2333
3472 4 2 5 26 1914 2310 1933 2615
3473 4 2 5 26 1990 2411 2246 2465
3474 4 2 5 26 892 1486 2198 2420
3475 4 2 5 26 2352 2092 2684 2701
3476 4 2 5 26 1938 2071 1824 2396
3477 4 2 5 26 1837 2005 1876 2311
3478 4 2 5 26 2431 2521 2491 2742
3479 4 2 5 26 2111 2179 1586 2502
3480 4 2 5 26 1790 2043 1905 2288
3481 4 2 5 26 2088 2128 1954 2204
3482 4 2 5 26 1460 1997 1563 2367
3483 4 2 5 26 1939 2218 2191 2404
3484 4 2 5 26 1978 2452 2060 2652
3485 4 2 5 26 1811 1946 2051 2719
3486 4 2 5 26 1580 1362 1854 2748
3487 4 2 5 26 1349 2203 2309 2377
3488 4 2 5 26 1668 2043 1940 2288
3489 4 2 5 26 1760 2031 2093 2145
3490 4 2 5 26 2356 2389 1827 2460
3491 4 2 5 26 2088 2204 1805 2387
3492 4 2 5 26 1919 1774 2239 2266
3493 4 2 5 26 1921 2178 1997 2372
3494 4 2 5 26 1640 1668 1643 2159
3495 4 2 5 26 1922 2354 1853 2381
3496 4 2 5 26 1862 2093 2031 2145
3497 4 2 5 26 1924 1765 2580 2663
3498 4 2 5 26 1387 2251 1888 2428
3499 4 2 5 26 1669 1992 2081 2098
3500 4 2 5 26 1874 2094 2093 2224
3501 4 2 5 26 1778 2200 1933 2518
3502 4 2 5 26 2050 2169 1820 2429
3503 4 2 5 26 1192 2033 1964 2118
3504 4 2 5 26 1856 2099 1925 2514
3505 4 2 5 26 2102 2198 1856 2338
3506 4 2 5 26 1259 1057 2285 2358
3507 4 2 5 26 2165 2271 1686 2333
3508 4 2 5 26 2144 2149 1919 2348
3509 4 2 5 26 1583 1565 1595 2087
3510 4 2 5 26 1842 2290 2211 2650
3511 4 2 5 26 1882 1762 2175 2330
3512 4 2 5 26 1982 2580 1924 2691
3513 4 2 5 26 1917 2109 2064 2303
3514 4 2 5 26 1854 1362 2552 2748
3515 4 2 5 26 1467 2184 1884 2393
3516 4 2 5 26 1757 1864 2041 2334
3517 4 2 5 26 1898 2253 2040 2421
3518 4 2 5 26 1763 1940 2051 2168
3519 4 2 5 26 2172 2304 1959 2366
3520 4 2 5 26 1771 2040 2015 2398
3521 4 2 5 26 1792 1920 1962 2341
3522 4 2 5 26 1755 2295 2268 2317
3523 4 2 5 26 2190 2259 1873 2365
3524 4 2 5 26 2031 2093 1862 2532
3525 4 2 5 26 2146 2301 1868 2390
3526 4 2 5 26 1882 2175 1948 2330
3527 4 2 5 26 1997 2372 1754 2611
3528 4 2 5 26 1784 1816 1984 2034
3529 4 2 5 26 1838 2126 1899 2623
3530 4 2 5 26 1920 2070 2021 2433
3531 4 2 5 26 1822 2020 1775 2425
3532 4 2 5 26 898 2022 1952 2132
3533 4 2 5 26 1766 2089 2028 2592
3534 4 2 5 26 1872 2304 2164 2305
3535 4 2 5 26 1776 2280 1963 2636
3536 4 2 5 26 1763 2051 1940 2619
3537 4 2 5 26 1754 1917 2064 2557
3538 4 2 5 26 1857 2065 2052 2354
3539 4 2 5 26 1746 2147 2414 2732
3540 4 2 5 26 1762 2139 2235 2297
3541 4 2 5 26 1810 1945 1777 2492
3542 4 2 5 26 2079 2230 1941 2265
3543 4 2 5 26 1251 1928 1254 2242
3544 4 2 5 26 1940 2043 1668 2739
3545 4 2 5 26 2039 2147 1881 2414
3546 4 2 5 26 1754 2430 2109 2611
3547 4 2 5 26 1018 1936 1045 2010
3548 4 2 5 26 1183 2290 2005 2378
3549 4 2 5 26 2029 2063 1103 2397
3550 4 2 5 26 1784 2230 2021 2265
3551 4 2 5 26 1818 1928 1927 2495
3552 4 2 5 26 1790 1866 2043 2739
3553 4 2 5 26 2017 2135 1897 2495
3554 4 2 5 26 1824 2071 1938 2231
3555 4 2 5 26 1462 1863 1460 2367
3556 4 2 5 26 1940 2619 2051 2739
3557 4 2 5 26 1854 1950 2167 2446
3558 4 2 5 26 1588 2019 2321 2384
3559 4 2 5 26 2037 2049 1777 2194
3560 4 2 5 26 2153 2212 1966 2423
3561 4 2 5 26 1920 2433 2021 2508
3562 4 2 5 26 1761 2107 1911 2602
3563 4 2 5 26 2002 2214 2175 2227
3564 4 2 5 26 1924 2316 1982 2392
3565 4 2 5 26 1899 1756 2010 2140
3566 4 2 5 26 1974 2266 2170 2447
3567 4 2 5 26 1897 2135 2017 2203
3568 4 2 5 26 1851 2116 1967 2191
3569 4 2 5 26 1886 2369 1997 2372
3570 4 2 5 26 1872 2036 2200 2723
3571 4 2 5 26 1870 1823 2373 2374
3572 4 2 5 26 1758 2497 1996 2590
3573 4 2 5 26 942 2118 1865 2313
3574 4 2 5 26 1768 2035 2088 2229
3575 4 2 5 26 1928 2495 2268 2522
3576 4 2 5 26 1955 2222 1913 2647
3577 4 2 5 26 2028 2020 2575 2693
3578 4 2 5 26 1235 2072 1881 2300
3579 4 2 5 26 1653 2098 1909 2255
3580 4 2 5 26 1798 2408 2273 2582
3581 4 2 5 26 1643 1668 1634 2043
3582 4 2 5 26 1905 2288 2043 2336
3583 4 2 5 26 1893 1450 2564 2616
3584 4 2 5 26 1891 2113 1079 2163
3585 4 2 5 26 1823 2280 2234 2636
3586 4 2 5 26 1945 2194 1828 2413
3587 4 2 5 26 1920 2336 1905 2508
3588 4 2 5 26 1924 2123 1765 2663
3589 4 2 5 26 2092 2352 1961 2618
3590 4 2 5 26 1910 2112 1798 2526
3591 4 2 5 26 1631 1991 1632 2258
3592 4 2 5 26 2012 2198 1764 2661
3593 4 2 5 26 1901 1116 2192 2731
3594 4 2 5 26 1485 2188 2047 2415
3595 4 2 5 26 1760 1874 1824 2443
3596 4 2 5 26 1862 2031 1787 2056
3597 4 2 5 26 1088 2267 1890 2273
3598 4 2 5 26 900 2407 2203 2606
3599 4 2 5 26 2023 1764 2198 2661
3600 4 2 5 26 1823 1870 2280 2374
3601 4 2 5 26 1884 2312 1364 2393
3602 4 2 5 26 947 1919 2149 2428
3603 4 2 5 26 1087 2092 1219 2211
3604 4 2 5 26 1910 2112 1187 2468
3605 4 2 5 26 1943 2105 1817 2256
3606 4 2 5 26 2244 2510 2028 2575
3607 4 2 5 26 1765 2086 2222 2260
3608 4 2 5 26 1070 1976 2188 2415
3609 4 2 5 26 1750 2292 2135 2403
3610 4 2 5 26 1778 1959 2004 2702
3611 4 2 5 26 1511 1986 1953 2506
3612 4 2 5 26 2146 2301 2147 2732
3613 4 2 5 26 1834 2291 2305 2316
3614 4 2 5 26 2034 2241 2265 2659
3615 4 2 5 26 1792 1906 2280 2737
3616 4 2 5 26 411 2068 1935 2114
3617 4 2 5 26 1800 2008 2084 2247
3618 4 2 5 26 1888 2251 2148 2488
3619 4 2 5 26 395 1877 394 2153
3620 4 2 5 26 1766 2481 2419 2490
3621 4 2 5 26 1795 2245 2190 2259
3622 4 2 5 26 2314 2336 1920 2586
3623 4 2 5 26 1383 1850 2467 2510
3624 4 2 5 26 1945 2049 1777 2492
3625 4 2 5 26 1997 2178 1886 2372
3626 4 2 5 26 1858 2242 2014 2375
3627 4 2 5 26 1847 2073 1051 2329
3628 4 2 5 26 1791 2013 1755 2295
3629 4 2 5 26 2267 2591 2087 2730
3630 4 2 5 26 1863 2367 1997 2489
3631 4 2 5 26 1570 2141 1985 2256
3632 4 2 5 26 1752 1988 2442 2569
3633 4 2 5 26 1389 2251 2148 2641
3634 4 2 5 26 1166 2242 1158 2375
3635 4 2 5 26 1911 2102 1960 2457
3636 4 2 5 26 1587 1937 1473 2283
3637 4 2 5 26 1984 2205 1784 2508
3638 4 2 5 26 1051 2183 1847 2289
3639 4 2 5 26 1952 2425 1775 2575
3640 4 2 5 26 1778 1933 1914 2518
3641 4 2 5 26 2107 2332 1911 2602
3642 4 2 5 26 2087 2267 1595 2591
3643 4 2 5 26 1774 2266 1974 2447
3644 4 2 5 26 1616 1954 2091 2530
3645 4 2 5 26 2004 2069 1859 2215
3646 4 2 5 26 1108 2012 1486 2420
3647 4 2 5 26 947 2149 1919 2549
3648 4 2 5 26 1907 2193 2186 2430
3649 4 2 5 26 1272 1857 1273 2236
3650 4 2 5 26 1232 2473 2211 2573
3651 4 2 5 26 1905 1920 1773 2348
3652 4 2 5 26 1840 2249 2041 2436
3653 4 2 5 26 1945 1991 1867 2481
3654 4 2 5 26 2236 2354 1857 2646
3655 4 2 5 26 1752 2442 2204 2569
3656 4 2 5 26 1826 2041 2011 2182
3657 4 2 5 26 1787 2113 2056 2478
3658 4 2 5 26 1652 2046 2174 2263
3659 4 2 5 26 1965 1966 2389 2460
3660 4 2 5 26 1799 2091 2166 2390
3661 4 2 5 26 1556 1871 2477 2524
3662 4 2 5 26 1805 2166 2091 2390
3663 4 2 5 26 1868 1892 2328 2626
3664 4 2 5 26 1783 2231 1992 2553
3665 4 2 5 26 1750 2006 2292 2403
3666 4 2 5 26 1841 1959 2081 2702
3667 4 2 5 26 1938 1824 2231 2553
3668 4 2 5 26 1809 2221 2133 2380
3669 4 2 5 26 1838 2086 1894 2362
3670 4 2 5 26 1045 2010 1936 2140
3671 4 2 5 26 1232 2211 1407 2573
3672 4 2 5 26 1923 2344 2204 2371
3673 4 2 5 26 1608 2475 1641 2544
3674 4 2 5 26 1837 2211 2035 2749
3675 4 2 5 26 1935 2093 1874 2094
3676 4 2 5 26 1764 2148 2023 2488
3677 4 2 5 26 2054 2102 1855 2198
3678 4 2 5 26 1795 2103 1936 2169
3679 4 2 5 26 1797 2185 1933 2360
3680 4 2 5 26 1107 2148 2012 2641
3681 4 2 5 26 1450 1449 2325 2564
3682 4 2 5 26 2144 2549 1902 2666
3683 4 2 5 26 1888 2341 2507 2715
3684 4 2 5 26 2038 2315 955 2591
3685 4 2 5 26 1778 2200 1943 2343
3686 4 2 5 26 1837 2088 2035 2229
3687 4 2 5 26 1760 1933 2145 2310
3688 4 2 5 26 1754 1997 1901 2369
3689 4 2 5 26 1643 2043 1634 2634
3690 4 2 5 26 1823 2234 1929 2636
3691 4 2 5 26 1799 2301 2146 2390
3692 4 2 5 26 926 937 2028 2089
3693 4 2 5 26 1841 2081 2003 2702
3694 4 2 5 26 2092 2363 2000 2618
3695 4 2 5 26 2014 2079 1930 2441
3696 4 2 5 26 1985 1986 1767 2717
3697 4 2 5 26 1611 1954 1616 2388
3698 4 2 5 26 1646 2046 2027 2437
3699 4 2 5 26 1952 2132 1775 2218
3700 4 2 5 26 1871 2116 2462 2524
3701 4 2 5 26 1669 2081 1653 2098
3702 4 2 5 26 1816 2034 1784 2265
3703 4 2 5 26 1854 2201 1580 2300
3704 4 2 5 26 76 402 1637 2199
3705 4 2 5 26 2397 2462 2116 2524
3706 4 2 5 26 2045 1386 2428 2692
3707 4 2 5 26 1898 1939 2437 2676
3708 4 2 5 26 1773 2149 2428 2455
3709 4 2 5 26 1643 2043 2517 2739
3710 4 2 5 26 2033 1989 2329 2679
3711 4 2 5 26 1556 2477 1871 2673
3712 4 2 5 26 1588 2321 1015 2384
3713 4 2 5 26 2091 2146 1799 2395
3714 4 2 5 26 1187 1910 1186 2273
3715 4 2 5 26 1679 1634 1666 1969
3716 4 2 5 26 1790 1969 2043 2538
3717 4 2 5 26 1933 1797 2119 2553
3718 4 2 5 26 1669 1653 1639 2098
3719 4 2 5 26 2078 2296 1957 2303
3720 4 2 5 26 2116 2524 1871 2673
3721 4 2 5 26 1967 1772 2116 2397
3722 4 2 5 26 2171 2227 1883 2345
3723 4 2 5 26 2061 2470 2452 2490
3724 4 2 5 26 1765 1989 2123 2581
3725 4 2 5 26 1772 2191 2116 2462
3726 4 2 5 26 1591 2305 2291 2316
3727 4 2 5 26 1424 2123 2349 2537
3728 4 2 5 26 963 2236 2063 2460
3729 4 2 5 26 1998 2110 1124 2284
3730 4 2 5 26 976 1929 1077 2221
3731 4 2 5 26 1987 2079 1749 2230
3732 4 2 5 26 1947 1990 1823 2529
3733 4 2 5 26 1805 2204 2371 2569
3734 4 2 5 26 1105 1967 2397 2466
3735 4 2 5 26 1779 1932 2180 2207
3736 4 2 5 26 2036 1797 2164 2200
3737 4 2 5 26 1939 1800 2437 2676
3738 4 2 5 26 976 1564 1929 2221
3739 4 2 5 26 1959 2119 1778 2200
3740 4 2 5 26 1790 2627 1866 2739
3741 4 2 5 26 1827 1960 2236 2354
3742 4 2 5 26 1796 2138 2432 2647
3743 4 2 5 26 1961 2181 1803 2339
3744 4 2 5 26 1956 1775 2177 2575
3745 4 2 5 26 2020 2082 1830 2419
3746 4 2 5 26 1487 1985 1229 1986
3747 4 2 5 26 1945 2049 1828 2194
3748 4 2 5 26 1972 2183 2073 2752
3749 4 2 5 26 1760 2031 2145 2185
3750 4 2 5 26 1765 2123 1924 2581
3751 4 2 5 26 1910 2408 2328 2686
3752 4 2 5 26 1759 1922 2084 2247
3753 4 2 5 26 1605 2385 1887 2513
3754 4 2 5 26 1500 998 1930 2223
3755 4 2 5 26 1830 2419 2082 2681
3756 4 2 5 26 1763 2180 2120 2619
3757 4 2 5 26 1431 2065 1960 2668
3758 4 2 5 26 1941 2241 2079 2265
3759 4 2 5 26 1672 2530 2171 2604
3760 4 2 5 26 1792 1962 1920 2669
3761 4 2 5 26 2148 2251 1870 2488
3762 4 2 5 26 1971 1972 1748 2353
3763 4 2 5 26 1779 2180 2120 2372
3764 4 2 5 26 1564 2090 1929 2221
3765 4 2 5 26 2211 2290 1087 2650
3766 4 2 5 26 1871 1775 2132 2218
3767 4 2 5 26 1912 2039 1311 2189
3768 4 2 5 26 1800 2084 2008 2253
3769 4 2 5 26 1822 1775 2218 2425
3770 4 2 5 26 1770 2074 2323 2521
3771 4 2 5 26 2551 2616 1998 2627
3772 4 2 5 26 1936 2010 2103 2710
3773 4 2 5 26 1900 2031 1787 2532
3774 4 2 5 26 1079 2113 1891 2657
3775 4 2 5 26 1987 2230 2058 2697
3776 4 2 5 26 1875 2385 2165 2400
3777 4 2 5 26 1895 2303 2078 2496
3778 4 2 5 26 2040 2253 2015 2421
3779 4 2 5 26 1550 1456 2149 2428
3780 4 2 5 26 1944 1970 1780 2559
3781 4 2 5 26 1784 1816 2021 2508
3782 4 2 5 26 1871 2218 1952 2477
3783 4 2 5 26 1900 2031 2396 2685
3784 4 2 5 26 1399 1958 1143 2342
3785 4 2 5 26 1746 2039 2167 2683
3786 4 2 5 26 1851 2135 2017 2292
3787 4 2 5 26 955 2315 956 2591
3788 4 2 5 26 1761 1960 2354 2629
3789 4 2 5 26 1790 2043 1866 2538
3790 4 2 5 26 1834 2164 2304 2305
3791 4 2 5 26 1107 2012 2501 2641
3792 4 2 5 26 1576 2212 393 2587
3793 4 2 5 26 1895 2074 2018 2254
3794 4 2 5 26 1485 2047 2196 2415
3795 4 2 5 26 1757 2041 2249 2436
3796 4 2 5 26 2452 2470 2061 2570
3797 4 2 5 26 1667 2288 1940 2475
3798 4 2 5 26 1807 2031 2163 2464
3799 4 2 5 26 1746 2039 2147 2748
3800 4 2 5 26 2144 2149 1902 2549
3801 4 2 5 26 1905 2336 2048 2508
3802 4 2 5 26 384 2543 2011 2598
3803 4 2 5 26 1891 1797 2179 2360
3804 4 2 5 26 1758 2343 2004 2456
3805 4 2 5 26 1841 2004 2003 2225
3806 4 2 5 26 1910 2273 1798 2408
3807 4 2 5 26 1819 1904 2180 2475
3808 4 2 5 26 1798 2328 1910 2408
3809 4 2 5 26 1931 1961 2352 2618
3810 4 2 5 26 2035 2211 1878 2749
3811 4 2 5 26 1775 1822 2218 2672
3812 4 2 5 26 1913 2319 1955 2647
3813 4 2 5 26 1755 1791 2295 2317
3814 4 2 5 26 1870 2023 2148 2488
3815 4 2 5 26 1627 1906 2187 2444
3816 4 2 5 26 2052 1857 2354 2646
3817 4 2 5 26 1930 2167 2039 2711
3818 4 2 5 26 1793 1912 2066 2683
3819 4 2 5 26 888 1856 892 2198
3820 4 2 5 26 2490 2575 2020 2693
3821 4 2 5 26 1701 432 1688 2142
3822 4 2 5 26 1687 2187 2205 2586
3823 4 2 5 26 1821 1977 1949 2103
3824 4 2 5 26 1842 1961 2092 2352
3825 4 2 5 26 1763 1921 2120 2180
3826 4 2 5 26 1852 2179 1979 2675
3827 4 2 5 26 2168 2435 2144 2500
3828 4 2 5 26 1819 1940 2168 2288
3829 4 2 5 26 1683 1627 1906 2187
3830 4 2 5 26 1663 2085 1653 2150
3831 4 2 5 26 1897 899 2203 2584
3832 4 2 5 26 1994 2283 2087 2570
3833 4 2 5 26 1653 1909 2150 2255
3834 4 2 5 26 1872 2111 1943 2409
3835 4 2 5 26 1922 2263 1853 2451
3836 4 2 5 26 2084 2253 1800 2617
3837 4 2 5 26 2031 2056 1862 2145
3838 4 2 5 26 1971 2106 1376 2515
3839 4 2 5 26 1875 2271 2165 2443
3840 4 2 5 26 1563 1997 1460 2489
3841 4 2 5 26 1857 2380 2221 2466
3842 4 2 5 26 1105 2397 2063 2466
3843 4 2 5 26 1634 1666 1969 2043
3844 4 2 5 26 1787 1862 2137 2532
3845 4 2 5 26 1952 1775 2022 2575
3846 4 2 5 26 1982 1758 2497 2554
3847 4 2 5 26 2116 2397 1772 2462
3848 4 2 5 26 2151 2210 1801 2213
3849 4 2 5 26 1813 2041 1864 2334
3850 4 2 5 26 2242 2250 1793 2320
3851 4 2 5 26 1770 2074 2160 2323
3852 4 2 5 26 2268 2479 1928 2522
3853 4 2 5 26 966 2290 2211 2473
3854 4 2 5 26 1821 1977 2103 2710
3855 4 2 5 26 1850 2028 2575 2693
3856 4 2 5 26 1159 2238 1858 2242
3857 4 2 5 26 1805 2371 2204 2386
3858 4 2 5 26 1783 1938 2042 2231
3859 4 2 5 26 1823 2280 1963 2374
3860 4 2 5 26 1884 2015 2040 2398
3861 4 2 5 26 1754 2532 2557 2707
3862 4 2 5 26 1888 2070 2251 2488
3863 4 2 5 26 1778 2206 2200 2518
3864 4 2 5 26 2073 2183 1051 2752
3865 4 2 5 26 1795 2024 2190 2245
3866 4 2 5 26 1959 2164 1872 2304
3867 4 2 5 26 1750 2017 2135 2292
3868 4 2 5 26 1909 1765 1955 2222
3869 4 2 5 26 1983 2216 1243 2285
3870 4 2 5 26 1898 2157 1939 2421
3871 4 2 5 26 1892 1868 2059 2626
3872 4 2 5 26 1800 1942 1873 2282
3873 4 2 5 26 1824 2217 2055 2308
3874 4 2 5 26 877 1911 2099 2338
3875 4 2 5 26 892 1856 888 2338
3876 4 2 5 26 1783 1909 2172 2366
3877 4 2 5 26 2238 2242 1928 2426
3878 4 2 5 26 2005 2290 1338 2311
3879 4 2 5 26 1800 2253 2008 2676
3880 4 2 5 26 1878 2128 2000 2363
3881 4 2 5 26 1963 2547 1776 2636
3882 4 2 5 26 1868 2328 2026 2626
3883 4 2 5 26 2102 2511 1960 2668
3884 4 2 5 26 1270 1432 1960 2356
3885 4 2 5 26 2141 2312 1884 2393
3886 4 2 5 26 1773 1905 2435 2508
3887 4 2 5 26 1538 2017 2030 2535
3888 4 2 5 26 1982 2497 1955 2691
3889 4 2 5 26 1976 2089 1766 2413
3890 4 2 5 26 1616 2091 1614 2530
3891 4 2 5 26 1810 1777 2049 2492
3892 4 2 5 26 906 1956 2132 2287
3893 4 2 5 26 1243 2216 1030 2285
3894 4 2 5 26 1991 2419 1867 2481
3895 4 2 5 26 1797 1891 2179 2541
3896 4 2 5 26 1646 2027 2046 2451
3897 4 2 5 26 2247 2259 1759 2474
3898 4 2 5 26 1747 2009 1914 2518
3899 4 2 5 26 1874 2271 1992 2443
3900 4 2 5 26 1905 1969 1790 2435
3901 4 2 5 26 1932 2120 2159 2550
3902 4 2 5 26 1824 1992 1874 2271
3903 4 2 5 26 1852 1979 2450 2675
3904 4 2 5 26 1473 1937 1587 2527
3905 4 2 5 26 1912 2189 1022 2197
3906 4 2 5 26 1752 2204 2387 2569
3907 4 2 5 26 1746 2147 2167 2748
3908 4 2 5 26 1836 1964 2285 2422
3909 4 2 5 26 1006 1460 1863 2489
3910 4 2 5 26 1805 2254 2166 2749
3911 4 2 5 26 934 2340 1996 2546
3912 4 2 5 26 1826 2161 2012 2233
3913 4 2 5 26 1893 2616 2551 2627
3914 4 2 5 26 1889 2272 1393 2535
3915 4 2 5 26 1920 2314 1905 2336
3916 4 2 5 26 1892 2235 2026 2626
3917 4 2 5 26 2135 2403 2292 2438
3918 4 2 5 26 2323 2521 2074 2548
3919 4 2 5 26 1184 1085 2378 2597
3920 4 2 5 26 2064 2074 1879 2115
3921 4 2 5 26 1885 2491 2431 2521
3922 4 2 5 26 1873 2190 2008 2259
3923 4 2 5 26 2065 2354 1960 2629
3924 4 2 5 26 1628 1611 2204 2371
3925 4 2 5 26 2111 2200 2036 2723
3926 4 2 5 26 1775 1956 2177 2438
3927 4 2 5 26 1776 1963 2080 2337
3928 4 2 5 26 1956 2022 906 2132
3929 4 2 5 26 1676 2288 1905 2336
3930 4 2 5 26 1996 1817 2343 2456
3931 4 2 5 26 1640 1932 1940 2159
3932 4 2 5 26 1896 1961 1267 2484
3933 4 2 5 26 1809 1897 2269 2377
3934 4 2 5 26 1854 1950 2446 2588
3935 4 2 5 26 1801 2151 2130 2425
3936 4 2 5 26 908 906 2022 2132
3937 4 2 5 26 1747 2360 2031 2478
3938 4 2 5 26 1807 2031 1900 2685
3939 4 2 5 26 1827 2354 2236 2646
3940 4 2 5 26 1832 2151 1953 2523
3941 4 2 5 26 1783 1959 2081 2366
3942 4 2 5 26 2005 1895 2378 2597
3943 4 2 5 26 1773 2070 1920 2433
3944 4 2 5 26 1878 2363 1407 2573
3945 4 2 5 26 1653 2098 2255 2729
3946 4 2 5 26 2036 2111 1797 2200
3947 4 2 5 26 2070 2341 1888 2715
3948 4 2 5 26 1849 2070 2021 2465
3949 4 2 5 26 1805 2387 2204 2569
3950 4 2 5 26 2009 2037 1843 2624
3951 4 2 5 26 1754 2064 1917 2109
3952 4 2 5 26 1767 1986 1985 2658
3953 4 2 5 26 1698 2068 411 2736
3954 4 2 5 26 1364 1884 1467 2213
3955 4 2 5 26 1616 1954 1611 2386
3956 4 2 5 26 1822 2032 1898 2157
3957 4 2 5 26 1059 1407 2092 2363
3958 4 2 5 26 2111 2200 1943 2409
3959 4 2 5 26 1828 1931 2049 2701
3960 4 2 5 26 1103 963 2063 2460
3961 4 2 5 26 1929 2234 2269 2636
3962 4 2 5 26 1810 2279 2204 2344
3963 4 2 5 26 1768 1954 2088 2545
3964 4 2 5 26 1984 2336 2205 2508
3965 4 2 5 26 1770 2074 2521 2548
3966 4 2 5 26 1752 2387 1988 2569
3967 4 2 5 26 1986 2637 1767 2717
3968 4 2 5 26 1871 2132 1775 2191
3969 4 2 5 26 1029 2058 1934 2379
3970 4 2 5 26 1101 2193 2186 2662
3971 4 2 5 26 1894 1989 1838 2349
3972 4 2 5 26 1046 1936 2127 2140
3973 4 2 5 26 1899 1756 2140 2623
3974 4 2 5 26 1955 1758 2304 2366
3975 4 2 5 26 1763 2180 2067 2599
3976 4 2 5 26 1823 1963 1929 2593
3977 4 2 5 26 1779 1904 2308 2544
3978 4 2 5 26 2268 2295 1786 2317
3979 4 2 5 26 1462 1460 1863 2576
3980 4 2 5 26 1829 1984 1969 2121
3981 4 2 5 26 1787 2440 2192 2464
3982 4 2 5 26 2222 2255 1909 2260
3983 4 2 5 26 2017 2135 1851 2203
3984 4 2 5 26 2185 2541 1797 2735
3985 4 2 5 26 2164 2172 1834 2304
3986 4 2 5 26 1811 2051 1946 2323
3987 4 2 5 26 1794 1955 2366 2542
3988 4 2 5 26 1449 1497 1450 2325
3989 4 2 5 26 1665 401 1942 2437
3990 4 2 5 26 2458 2551 1998 2627
3991 4 2 5 26 1760 2310 2443 2553
3992 4 2 5 26 1504 2198 2023 2519
3993 4 2 5 26 1668 1667 1666 2288
3994 4 2 5 26 1811 2110 1998 2152
3995 4 2 5 26 1550 2045 1386 2428
3996 4 2 5 26 1847 2073 2555 2628
3997 4 2 5 26 2268 2495 1927 2522
3998 4 2 5 26 1783 1909 2098 2172
3999 4 2 5 26 1885 2431 1876 2713
4000 4 2 5 26 1564 974 976 1929
4001 4 2 5 26 1800 1873 2247 2282
4002 4 2 5 26 1819 2500 2625 2689
4003 4 2 5 26 1761 1911 2457 2602
4004 4 2 5 26 1914 2232 2037 2560
4005 4 2 5 26 1497 2299 1893 2325
4006 4 2 5 26 1922 2381 2263 2577
4007 4 2 5 26 1856 2102 2054 2198
4008 4 2 5 26 1030 2285 2216 2631
4009 4 2 5 26 1100 1099 2148 2251
4010 4 2 5 26 1819 2180 1940 2475
4011 4 2 5 26 962 961 2356 2460
4012 4 2 5 26 2018 2115 2074 2303
4013 4 2 5 26 2001 1910 2686 2730
4014 4 2 5 26 1858 1990 1823 2373
4015 4 2 5 26 1847 2183 2073 2628
4016 4 2 5 26 1787 2163 2031 2464
4017 4 2 5 26 1949 1977 1821 2525
4018 4 2 5 26 1913 1955 1765 2222
4019 4 2 5 26 1156 2110 1566 2284
4020 4 2 5 26 1811 2299 1946 2719
4021 4 2 5 26 1773 2433 1920 2508
4022 4 2 5 26 1896 2181 1961 2339
4023 4 2 5 26 1810 2258 1945 2279
4024 4 2 5 26 1795 1977 2050 2103
4025 4 2 5 26 874 873 2097 2216
4026 4 2 5 26 1837 2166 2229 2533
4027 4 2 5 26 2024 2184 1413 2738
4028 4 2 5 26 1349 2309 2203 2556
4029 4 2 5 26 1886 2353 2100 2718
4030 4 2 5 26 1653 2150 2085 2255
4031 4 2 5 26 2026 2328 1892 2626
4032 4 2 5 26 1754 1901 1997 2109
4033 4 2 5 26 1762 2139 1892 2235
4034 4 2 5 26 1859 2069 2004 2680
4035 4 2 5 26 1805 2166 2088 2749
4036 4 2 5 26 1934 2058 1831 2083
4037 4 2 5 26 1747 2037 2009 2624
4038 4 2 5 26 2119 1797 2528 2553
4039 4 2 5 26 2118 2276 2033 2505
4040 4 2 5 26 1831 2058 1880 2660
4041 4 2 5 26 1035 2309 1929 2347
4042 4 2 5 26 900 2017 1529 2606
4043 4 2 5 26 1983 2067 1836 2285
4044 4 2 5 26 2352 2618 2092 2701
4045 4 2 5 26 1756 2126 1899 2278
4046 4 2 5 26 1779 2100 2180 2372
4047 4 2 5 26 900 1147 2407 2606
4048 4 2 5 26 1576 1276 2212 2587
4049 4 2 5 26 1646 2046 2263 2451
4050 4 2 5 26 1683 1906 1627 2571
4051 4 2 5 26 1628 1611 1616 2388
4052 4 2 5 26 1808 2058 2083 2230
4053 4 2 5 26 1768 2088 2035 2545
4054 4 2 5 26 1763 2067 2136 2599
4055 4 2 5 26 1968 2247 1800 2451
4056 4 2 5 26 1792 2070 1920 2341
4057 4 2 5 26 1875 2310 1933 2553
4058 4 2 5 26 1828 2195 1931 2357
4059 4 2 5 26 1787 2464 2192 2731
4060 4 2 5 26 1966 2389 2212 2525
4061 4 2 5 26 1929 2547 1963 2636
4062 4 2 5 26 1631 1991 2258 2279
4063 4 2 5 26 1829 1980 1915 2622
4064 4 2 5 26 1995 2239 1774 2266
4065 4 2 5 26 2016 1989 2594 2663
4066 4 2 5 26 1915 1980 1782 2622
4067 4 2 5 26 892 2198 1856 2420
4068 4 2 5 26 1267 1896 1292 2181
4069 4 2 5 26 1844 2042 2469 2528
4070 4 2 5 26 1836 2216 1983 2285
4071 4 2 5 26 1605 2513 1887 2603
4072 4 2 5 26 1822 2082 2020 2419
4073 4 2 5 26 1937 2286 2124 2494
4074 4 2 5 26 1872 2164 2036 2305
4075 4 2 5 26 431 1701 1980 2142
4076 4 2 5 26 1958 2342 1399 2424
4077 4 2 5 26 1966 1965 2389 2525
4078 4 2 5 26 1006 1863 2131 2489
4079 4 2 5 26 1747 2310 1914 2536
4080 4 2 5 26 1599 1598 2179 2541
4081 4 2 5 26 1832 2425 2151 2523
4082 4 2 5 26 1949 2212 393 2245
4083 4 2 5 26 2049 2195 2194 2416
4084 4 2 5 26 1773 2435 2149 2486
4085 4 2 5 26 1319 2073 1051 2752
4086 4 2 5 26 2098 2260 2255 2729
4087 4 2 5 26 1909 2085 1794 2150
4088 4 2 5 26 1749 2021 2230 2265
4089 4 2 5 26 2061 2470 2490 2570
4090 4 2 5 26 1755 2268 1975 2317
4091 4 2 5 26 1872 1943 2340 2409
4092 4 2 5 26 1783 2119 2528 2553
4093 4 2 5 26 1912 1818 2250 2297
4094 4 2 5 26 2054 2198 1855 2558
4095 4 2 5 26 2221 2380 1809 2556
4096 4 2 5 26 1287 947 1919 2154
4097 4 2 5 26 1929 2234 1951 2269
4098 4 2 5 26 1587 1583 1994 2283
4099 4 2 5 26 1784 1984 1969 2645
4100 4 2 5 26 1963 2280 1870 2374
4101 4 2 5 26 1954 2128 2088 2545
4102 4 2 5 26 1426 910 2332 2511
4103 4 2 5 26 1828 2194 2188 2413
4104 4 2 5 26 1918 1771 2215 2509
4105 4 2 5 26 1467 1884 1364 2393
4106 4 2 5 26 1808 1934 2083 2379
4107 4 2 5 26 2074 2186 1907 2548
4108 4 2 5 26 1019 1936 1018 2103
4109 4 2 5 26 1885 978 2274 2713
4110 4 2 5 26 1935 1874 2333 2601
4111 4 2 5 26 1762 1883 2175 2330
4112 4 2 5 26 1500 2223 1930 2351
4113 4 2 5 26 2018 2074 1895 2303
4114 4 2 5 26 1785 2267 2087 2730
4115 4 2 5 26 1089 1186 2267 2273
4116 4 2 5 26 1598 2106 1360 2502
4117 4 2 5 26 1919 2149 2144 2549
4118 4 2 5 26 1762 2059 1892 2139
4119 4 2 5 26 1998 2458 2208 2551
4120 4 2 5 26 1848 2097 1893 2168
4121 4 2 5 26 2035 2211 1837 2473
4122 4 2 5 26 1969 1984 1784 2508
4123 4 2 5 26 1556 1526 1557 2524
4124 4 2 5 26 1945 2279 1991 2481
4125 4 2 5 26 1791 2175 1882 2595
4126 4 2 5 26 1573 2340 1872 2554
4127 4 2 5 26 1800 2084 1922 2247
4128 4 2 5 26 1969 2048 1790 2435
4129 4 2 5 26 1005 2325 2131 2576
4130 4 2 5 26 1242 2633 2178 2696
4131 4 2 5 26 1876 2311 2072 2533
4132 4 2 5 26 1748 1938 2071 2231
4133 4 2 5 26 1820 2050 1936 2169
4134 4 2 5 26 1459 2312 2141 2393
4135 4 2 5 26 1758 2004 2215 2456
4136 4 2 5 26 2283 2467 1383 2642
4137 4 2 5 26 2191 2218 1871 2404
4138 4 2 5 26 1968 2247 1922 2577
4139 4 2 5 26 1523 2275 1911 2332
4140 4 2 5 26 1793 2014 2418 2426
4141 4 2 5 26 2042 2499 1938 2528
4142 4 2 5 26 2021 2508 1816 2669
4143 4 2 5 26 1777 2049 2037 2252
4144 4 2 5 26 1944 2385 2559 2615
4145 4 2 5 26 1294 2090 1535 2221
4146 4 2 5 26 1808 2083 2058 2379
4147 4 2 5 26 2177 2272 1956 2575
4148 4 2 5 26 1844 2291 2164 2469
4149 4 2 5 26 2221 2466 2380 2556
4150 4 2 5 26 1059 2363 2092 2618
4151 4 2 5 26 2216 2285 1836 2631
4152 4 2 5 26 1853 2617 2046 2709
4153 4 2 5 26 2154 2549 2144 2666
4154 4 2 5 26 2012 2148 1107 2661
4155 4 2 5 26 1994 2315 2038 2591
4156 4 2 5 26 944 942 1865 2313
4157 4 2 5 26 1565 1583 1533 2087
4158 4 2 5 26 1887 2560 1944 2567
4159 4 2 5 26 2071 2231 1824 2308
4160 4 2 5 26 2167 2683 2039 2711
4161 4 2 5 26 1137 2179 1979 2657
4162 4 2 5 26 1898 2237 2032 2746
4163 4 2 5 26 1811 2521 1885 2694
4164 4 2 5 26 1872 2200 2111 2723
4165 4 2 5 26 1792 1990 2246 2465
4166 4 2 5 26 2072 2311 1837 2533
4167 4 2 5 26 928 2089 1976 2415
4168 4 2 5 26 1763 2136 1983 2599
4169 4 2 5 26 1852 2200 2111 2409
4170 4 2 5 26 1903 2249 1840 2493
4171 4 2 5 26 1570 925 2141 2256
4172 4 2 5 26 2186 2193 1907 2662
4173 4 2 5 26 1898 2671 2237 2746
4174 4 2 5 26 1906 1962 1792 2187
4175 4 2 5 26 1247 2170 1396 2631
4176 4 2 5 26 1646 2263 2027 2451
4177 4 2 5 26 897 2022 896 2244
4178 4 2 5 26 2002 2175 1791 2295
4179 4 2 5 26 1791 2175 2013 2295
4180 4 2 5 26 1787 2113 1891 2163
4181 4 2 5 26 923 2340 934 2546
4182 4 2 5 26 2332 2356 1965 2394
4183 4 2 5 26 1910 2038 2001 2545
4184 4 2 5 26 1906 2350 1627 2571
4185 4 2 5 26 2001 2264 1978 2686
4186 4 2 5 26 1978 1892 2452 2686
4187 4 2 5 26 1874 2224 1824 2270
4188 4 2 5 26 2047 2194 1843 2232
4189 4 2 5 26 1934 2110 1566 2274
4190 4 2 5 26 1551 1998 1124 2284
4191 4 2 5 26 1504 2023 1275 2519
4192 4 2 5 26 1796 2249 2126 2607
4193 4 2 5 26 1849 2021 2411 2465
4194 4 2 5 26 1772 2380 2651 2709
4195 4 2 5 26 1956 2292 1851 2606
4196 4 2 5 26 1428 1924 1419 2127
4197 4 2 5 26 1900 2093 2031 2532
4198 4 2 5 26 1462 1863 2367 2576
4199 4 2 5 26 1556 1871 2524 2673
4200 4 2 5 26 1892 2139 2060 2582
4201 4 2 5 26 1783 2098 2231 2260
4202 4 2 5 26 1848 2154 2144 2666
4203 4 2 5 26 1928 2297 1927 2522
4204 4 2 5 26 1840 2476 1903 2493
4205 4 2 5 26 1886 2178 2633 2696
4206 4 2 5 26 2190 2509 1918 2721
4207 4 2 5 26 1758 1982 2304 2554
4208 4 2 5 26 892 2338 876 2420
4209 4 2 5 26 1747 2145 1933 2310
4210 4 2 5 26 1762 2059 2139 2227
4211 4 2 5 26 1792 2080 1962 2737
4212 4 2 5 26 1805 2204 1954 2386
4213 4 2 5 26 1910 2468 2038 2545
4214 4 2 5 26 1598 1586 2179 2502
4215 4 2 5 26 2053 2162 1867 2322
4216 4 2 5 26 2046 1853 2451 2617
4217 4 2 5 26 2431 2491 1876 2742
4218 4 2 5 26 1759 1922 2247 2474
4219 4 2 5 26 1236 2189 2039 2300
4220 4 2 5 26 1747 2031 2056 2478
4221 4 2 5 26 1817 2256 2141 2546
4222 4 2 5 26 1676 2314 1674 2336
4223 4 2 5 26 1927 2175 1762 2227
4224 4 2 5 26 1930 2079 2014 2351
4225 4 2 5 26 1903 1796 2086 2255
4226 4 2 5 26 1820 2050 2319 2691
4227 4 2 5 26 1877 2190 2245 2259
4228 4 2 5 26 1758 2304 1996 2554
4229 4 2 5 26 394 1877 1531 2245
4230 4 2 5 26 1931 2357 2195 2674
4231 4 2 5 26 1896 2056 1958 2449
4232 4 2 5 26 1415 2245 2024 2459
4233 4 2 5 26 1307 1930 998 2039
4234 4 2 5 26 1926 2166 1805 2359
4235 4 2 5 26 2027 2437 2046 2451
4236 4 2 5 26 2017 2030 2495 2584
4237 4 2 5 26 1904 2101 2422 2476
4238 4 2 5 26 1387 1888 1389 2428
4239 4 2 5 26 2012 2233 2161 2420
4240 4 2 5 26 1944 2559 2560 2615
4241 4 2 5 26 1768 2112 2035 2229
4242 4 2 5 26 1705 432 431 2121
4243 4 2 5 26 2144 2435 2168 2551
4244 4 2 5 26 1777 2037 2232 2560
4245 4 2 5 26 1813 1864 2041 2716
4246 4 2 5 26 1812 2073 1964 2358
4247 4 2 5 26 1415 1877 1531 2184
4248 4 2 5 26 1524 2195 2357 2674
4249 4 2 5 26 1793 2066 2441 2683
4250 4 2 5 26 1938 2396 1824 2553
4251 4 2 5 26 1828 2194 2049 2195
4252 4 2 5 26 1859 2069 2040 2671
4253 4 2 5 26 1918 2190 1771 2509
4254 4 2 5 26 1952 2022 898 2244
4255 4 2 5 26 2109 2430 2367 2611
4256 4 2 5 26 1795 1977 2259 2365
4257 4 2 5 26 1873 1800 2247 2676
4258 4 2 5 26 1989 2503 2016 2594
4259 4 2 5 26 2215 1918 2509 2721
4260 4 2 5 26 1922 2247 1968 2451
4261 4 2 5 26 1632 1991 2199 2258
4262 4 2 5 26 1538 1528 2017 2535
4263 4 2 5 26 1560 1985 2196 2434
4264 4 2 5 26 1864 1813 2209 2716
4265 4 2 5 26 1808 2079 1987 2230
4266 4 2 5 26 1776 2080 1963 2280
4267 4 2 5 26 2162 2346 1867 2413
4268 4 2 5 26 1810 2204 1923 2344
4269 4 2 5 26 1628 2279 2204 2388
4270 4 2 5 26 1792 1920 2070 2669
4271 4 2 5 26 1868 2146 2091 2472
4272 4 2 5 26 1486 2198 2012 2661
4273 4 2 5 26 1967 1213 2397 2407
4274 4 2 5 26 1862 2056 1787 2137
4275 4 2 5 26 1101 2186 987 2662
4276 4 2 5 26 1867 2346 1945 2413
4277 4 2 5 26 1608 2226 2173 2544
4278 4 2 5 26 1817 2340 1996 2343
4279 4 2 5 26 1771 1898 2040 2671
4280 4 2 5 26 1987 2561 959 2697
4281 4 2 5 26 1677 1678 2046 2157
4282 4 2 5 26 1919 2154 947 2549
4283 4 2 5 26 1750 2060 1815 2139
4284 4 2 5 26 1895 2074 1833 2303
4285 4 2 5 26 1930 2223 2167 2711
4286 4 2 5 26 2040 2421 2015 2539
4287 4 2 5 26 1653 1663 1648 2085
4288 4 2 5 26 1925 2099 905 2321
4289 4 2 5 26 893 2332 910 2356
4290 4 2 5 26 1756 1977 2050 2138
4291 4 2 5 26 1985 2312 1986 2717
4292 4 2 5 26 1530 393 2212 2245
4293 4 2 5 26 1636 1637 2032 2603
4294 4 2 5 26 1905 2314 1676 2336
4295 4 2 5 26 1892 1815 2060 2139
4296 4 2 5 26 1698 1695 1935 2333
4297 4 2 5 26 1848 2168 1893 2551
4298 4 2 5 26 1953 2637 1986 2717
4299 4 2 5 26 944 1865 942 2598
4300 4 2 5 26 1959 2164 2119 2200
4301 4 2 5 26 1912 1798 2235 2414
4302 4 2 5 26 1845 2239 2155 2507
4303 4 2 5 26 1763 2097 1983 2136
4304 4 2 5 26 1244 2178 1242 2633
4305 4 2 5 26 1995 2182 1865 2447
4306 4 2 5 26 1807 1891 2185 2541
4307 4 2 5 26 1513 2233 1925 2294
4308 4 2 5 26 1462 2367 2193 2576
4309 4 2 5 26 2354 2381 1922 2577
4310 4 2 5 26 1750 2504 1815 2652
4311 4 2 5 26 1873 1942 1800 2676
4312 4 2 5 26 2177 2272 1889 2292
4313 4 2 5 26 1841 2150 2081 2366
4314 4 2 5 26 1754 2064 2430 2611
4315 4 2 5 26 1980 2121 430 2621
4316 4 2 5 26 1925 2294 1757 2376
4317 4 2 5 26 1912 2197 1818 2235
4318 4 2 5 26 1698 422 1697 1970
4319 4 2 5 26 1898 2157 402 2437
4320 4 2 5 26 893 1965 2332 2356
4321 4 2 5 26 1954 2091 1805 2386
4322 4 2 5 26 2008 1759 2259 2423
4323 4 2 5 26 1919 2202 1451 2643
4324 4 2 5 26 1761 2381 2354 2577
4325 4 2 5 26 1956 2292 2177 2438
4326 4 2 5 26 1515 2151 1953 2213
4327 4 2 5 26 1459 1364 2312 2393
4328 4 2 5 26 1842 2352 2092 2684
4329 4 2 5 26 1870 2465 2280 2488
4330 4 2 5 26 1774 2182 1995 2447
4331 4 2 5 26 1656 1627 2187 2444
4332 4 2 5 26 2276 2493 1894 2679
4333 4 2 5 26 1880 2058 1831 2176
4334 4 2 5 26 1232 1233 2211 2473
4335 4 2 5 26 2018 1879 2074 2747
4336 4 2 5 26 1995 2543 891 2598
4337 4 2 5 26 1399 1189 1143 1958
4338 4 2 5 26 2135 2292 1851 2438
4339 4 2 5 26 1168 2289 1847 2594
4340 4 2 5 26 1796 1903 2156 2255
4341 4 2 5 26 1840 2249 2436 2493
4342 4 2 5 26 2021 2070 1920 2669
4343 4 2 5 26 1845 2239 2507 2715
4344 4 2 5 26 1019 1936 2103 2485
4345 4 2 5 26 1902 2208 1347 2326
4346 4 2 5 26 1998 2551 2208 2616
4347 4 2 5 26 1785 2470 2452 2570
4348 4 2 5 26 990 2198 1504 2519
4349 4 2 5 26 1918 2024 1795 2429
4350 4 2 5 26 2071 2396 1938 2685
4351 4 2 5 26 1287 947 1288 1919
4352 4 2 5 26 1103 2063 1105 2397
4353 4 2 5 26 2153 2423 1966 2427
4354 4 2 5 26 1765 2581 1924 2691
4355 4 2 5 26 947 946 2149 2549
4356 4 2 5 26 1805 2387 2254 2749
4357 4 2 5 26 1779 1824 2055 2308
4358 4 2 5 26 1101 1907 2193 2662
4359 4 2 5 26 1920 2205 2187 2586
4360 4 2 5 26 1678 2046 2157 2728
4361 4 2 5 26 2452 2470 2177 2490
4362 4 2 5 26 1765 2062 1989 2086
4363 4 2 5 26 2058 2083 1934 2379
4364 4 2 5 26 1795 2050 1977 2365
4365 4 2 5 26 1852 2179 2111 2200
4366 4 2 5 26 1809 2309 2203 2377
4367 4 2 5 26 2188 2194 1839 2413
4368 4 2 5 26 1851 2292 2017 2606
4369 4 2 5 26 1232 1135 2473 2573
4370 4 2 5 26 1664 2150 1653 2644
4371 4 2 5 26 1605 1944 2258 2603
4372 4 2 5 26 1850 2575 2490 2693
4373 4 2 5 26 2033 2276 2118 2313
4374 4 2 5 26 2081 2150 1841 2644
4375 4 2 5 26 1669 2081 1992 2400
4376 4 2 5 26 1858 1823 2302 2373
4377 4 2 5 26 901 1897 899 2203
4378 4 2 5 26 1811 2110 2152 2694
4379 4 2 5 26 1811 2257 1885 2521
4380 4 2 5 26 394 1530 2212 2245
4381 4 2 5 26 1881 2147 2039 2300
4382 4 2 5 26 1608 2173 2475 2544
4383 4 2 5 26 1987 2230 1749 2411
4384 4 2 5 26 1954 2128 1835 2204
4385 4 2 5 26 2055 2308 2217 2544
4386 4 2 5 26 2491 2521 1999 2742
4387 4 2 5 26 1926 2091 1799 2395
4388 4 2 5 26 947 2149 946 2428
4389 4 2 5 26 1829 2621 1980 2622
4390 4 2 5 26 381 2170 1974 2266
4391 4 2 5 26 1799 1926 2395 2431
4392 4 2 5 26 2280 2465 1792 2488
4393 4 2 5 26 2021 2070 1849 2433
4394 4 2 5 26 1969 2336 1984 2508
4395 4 2 5 26 1570 1230 1985 2141
4396 4 2 5 26 1791 1947 2013 2595
4397 4 2 5 26 2085 1796 2222 2647
4398 4 2 5 26 1829 2395 1950 2622
4399 4 2 5 26 1989 2123 1838 2349
4400 4 2 5 26 1101 987 2186 2193
4401 4 2 5 26 2039 2167 1930 2748
4402 4 2 5 26 1831 2083 2058 2660
4403 4 2 5 26 1838 1899 2140 2623
4404 4 2 5 26 405 2085 1663 2277
4405 4 2 5 26 901 1897 2203 2377
4406 4 2 5 26 1956 2272 2177 2292
4407 4 2 5 26 2016 2580 1765 2663
4408 4 2 5 26 1837 2035 2072 2229
4409 4 2 5 26 2157 2218 1939 2421
4410 4 2 5 26 1909 1794 2085 2222
4411 4 2 5 26 1804 2323 2074 2639
4412 4 2 5 26 1631 2318 2279 2388
4413 4 2 5 26 1934 1808 2083 2446
4414 4 2 5 26 2031 2185 1891 2360
4415 4 2 5 26 1943 2340 1817 2343
4416 4 2 5 26 1423 2290 966 2311
4417 4 2 5 26 1801 2210 2151 2477
4418 4 2 5 26 1748 1972 1971 2183
4419 4 2 5 26 2006 2292 2403 2438
4420 4 2 5 26 1780 2298 2076 2324
4421 4 2 5 26 1783 2164 1959 2172
4422 4 2 5 26 1894 2086 1989 2493
4423 4 2 5 26 2049 2252 1810 2442
4424 4 2 5 26 1696 2333 2271 2601
4425 4 2 5 26 1428 1419 1924 2392
4426 4 2 5 26 1389 1100 2148 2251
4427 4 2 5 26 1479 1383 2510 2642
4428 4 2 5 26 1766 1976 2286 2494
4429 4 2 5 26 1886 2178 1997 2633
4430 4 2 5 26 2048 2435 1905 2508
4431 4 2 5 26 2036 2164 1844 2291
4432 4 2 5 26 2037 2049 1803 2252
4433 4 2 5 26 1270 2236 962 2356
4434 4 2 5 26 1807 1900 2031 2464
4435 4 2 5 26 1819 1904 2067 2180
4436 4 2 5 26 1832 2244 2028 2592
4437 4 2 5 26 1766 2419 2162 2592
4438 4 2 5 26 1834 2036 2164 2305
4439 4 2 5 26 1838 2384 2349 2537
4440 4 2 5 26 1869 2393 2141 2398
4441 4 2 5 26 1865 1894 2276 2436
4442 4 2 5 26 1886 2100 2071 2372
4443 4 2 5 26 1497 1893 2299 2616
4444 4 2 5 26 1904 2476 2422 2722
4445 4 2 5 26 1850 2467 2283 2642
4446 4 2 5 26 1809 2269 1897 2648
4447 4 2 5 26 1653 2255 1626 2729
4448 4 2 5 26 405 1908 419 2355
4449 4 2 5 26 1261 2302 2347 2373
4450 4 2 5 26 1415 1531 1877 2245
4451 4 2 5 26 1835 1945 2492 2677
4452 4 2 5 26 1827 2236 2063 2646
4453 4 2 5 26 1869 2024 1918 2590
4454 4 2 5 26 1792 2280 1906 2667
4455 4 2 5 26 1795 2024 1918 2190
4456 4 2 5 26 2101 2136 1836 2447
4457 4 2 5 26 1844 2106 2499 2528
4458 4 2 5 26 431 1701 1702 1980
4459 4 2 5 26 1888 2202 1919 2715
4460 4 2 5 26 1946 2327 2131 2576
4461 4 2 5 26 1799 2229 2147 2301
4462 4 2 5 26 1969 1984 1603 2121
4463 4 2 5 26 2261 2617 1853 2709
4464 4 2 5 26 1363 1364 1884 2312
4465 4 2 5 26 1129 1946 2299 2325
4466 4 2 5 26 1098 1099 2023 2148
4467 4 2 5 26 1762 2066 2235 2262
4468 4 2 5 26 2501 2543 1443 2643
4469 4 2 5 26 1895 1833 2074 2186
4470 4 2 5 26 1923 2371 2204 2569
4471 4 2 5 26 2097 1763 2656 2719
4472 4 2 5 26 1796 2222 2086 2255
4473 4 2 5 26 1531 1877 1469 2184
4474 4 2 5 26 2040 2069 1771 2671
4475 4 2 5 26 2098 2172 1909 2260
4476 4 2 5 26 1764 2341 2155 2507
4477 4 2 5 26 969 2417 2072 2473
4478 4 2 5 26 1886 1972 2353 2718
4479 4 2 5 26 1774 2144 2348 2610
4480 4 2 5 26 1901 2240 2163 2464
4481 4 2 5 26 1866 2627 2051 2739
4482 4 2 5 26 1908 1781 2095 2727
4483 4 2 5 26 2014 2079 1987 2351
4484 4 2 5 26 1983 2216 2097 2656
4485 4 2 5 26 1826 2155 2012 2161
4486 4 2 5 26 1913 1765 1955 2691
4487 4 2 5 26 1845 1920 2348 2715
4488 4 2 5 26 1817 2004 2069 2680
4489 4 2 5 26 1750 1815 2060 2652
4490 4 2 5 26 1685 2165 1686 2333
4491 4 2 5 26 2053 1867 2248 2322
4492 4 2 5 26 1769 1964 2033 2505
4493 4 2 5 26 2167 2223 1930 2748
4494 4 2 5 26 1928 2479 2268 2495
4495 4 2 5 26 1802 2038 2001 2585
4496 4 2 5 26 1953 1986 2312 2717
4497 4 2 5 26 1753 1829 1950 2622
4498 4 2 5 26 905 1925 1514 2420
4499 4 2 5 26 1990 1749 2246 2411
4500 4 2 5 26 1771 2008 2253 2676
4501 4 2 5 26 1781 2498 1916 2574
4502 4 2 5 26 1259 1274 1057 2358
4503 4 2 5 26 1780 1970 1944 2252
4504 4 2 5 26 1099 2023 1870 2700
4505 4 2 5 26 2024 2025 1918 2590
4506 4 2 5 26 1844 2499 2106 2562
4507 4 2 5 26 1975 2268 1786 2317
4508 4 2 5 26 1052 1191 1193 2329
4509 4 2 5 26 2045 2428 2149 2455
4510 4 2 5 26 2155 2507 2341 2715
4511 4 2 5 26 1785 2452 2061 2570
4512 4 2 5 26 1292 2181 1958 2424
4513 4 2 5 26 1812 1964 2285 2358
4514 4 2 5 26 1846 1903 2062 2260
4515 4 2 5 26 1244 2178 1997 2489
4516 4 2 5 26 976 1929 974 2593
4517 4 2 5 26 2499 2528 2106 2735
4518 4 2 5 26 1924 2581 2127 2691
4519 4 2 5 26 1831 2058 1934 2600
4520 4 2 5 26 941 1987 2134 2412
4521 4 2 5 26 1474 2154 1974 2402
4522 4 2 5 26 1684 2209 1864 2579
4523 4 2 5 26 1906 1975 2667 2737
4524 4 2 5 26 2090 2519 1855 2668
4525 4 2 5 26 1782 1980 1915 2057
4526 4 2 5 26 2064 2109 1833 2303
4527 4 2 5 26 974 1929 1564 2090
4528 4 2 5 26 1777 1945 2258 2346
4529 4 2 5 26 1914 2536 2310 2560
4530 4 2 5 26 1822 2218 2157 2421
4531 4 2 5 26 1910 1768 2112 2468
4532 4 2 5 26 1798 2328 2408 2582
4533 4 2 5 26 2004 2225 1859 2453
4534 4 2 5 26 2009 1843 2232 2480
4535 4 2 5 26 1349 901 2203 2377
4536 4 2 5 26 1688 2143 2142 2205
4537 4 2 5 26 1836 2170 1974 2216
4538 4 2 5 26 1933 2185 1797 2553
4539 4 2 5 26 1867 2162 2053 2346
4540 4 2 5 26 1913 2319 2050 2691
4541 4 2 5 26 1779 2207 1904 2544
4542 4 2 5 26 2080 2337 1963 2558
4543 4 2 5 26 1884 2040 2015 2539
4544 4 2 5 26 1833 2303 2109 2482
4545 4 2 5 26 2106 2499 1971 2562
4546 4 2 5 26 1758 1841 2366 2542
4547 4 2 5 26 1756 2050 1977 2710
4548 4 2 5 26 1786 2350 2002 2463
4549 4 2 5 26 1786 1973 2391 2463
4550 4 2 5 26 1425 2349 1989 2706
4551 4 2 5 26 1859 2004 2453 2680
4552 4 2 5 26 1753 1950 1941 2622
4553 4 2 5 26 2041 2155 1845 2239
4554 4 2 5 26 1392 2272 1956 2535
4555 4 2 5 26 1236 1881 2189 2300
4556 4 2 5 26 1895 2296 2078 2303
4557 4 2 5 26 1676 1905 2288 2314
4558 4 2 5 26 1104 2063 963 2236
4559 4 2 5 26 1101 2193 1907 2583
4560 4 2 5 26 2012 2161 2155 2445
4561 4 2 5 26 1834 2164 2291 2469
4562 4 2 5 26 1795 2169 2050 2429
4563 4 2 5 26 1768 2035 2468 2545
4564 4 2 5 26 1985 1806 2256 2516
4565 4 2 5 26 1958 1143 2342 2609
4566 4 2 5 26 1799 2166 1926 2431
4567 4 2 5 26 1939 2157 1898 2437
4568 4 2 5 26 1825 2253 2084 2617
4569 4 2 5 26 1854 2219 1950 2588
4570 4 2 5 26 1790 1866 2152 2538
4571 4 2 5 26 1956 2272 1889 2535
4572 4 2 5 26 1952 2151 1801 2425
4573 4 2 5 26 1874 1992 1824 2443
4574 4 2 5 26 1762 2235 2066 2297
4575 4 2 5 26 1070 928 1976 2415
4576 4 2 5 26 2291 2562 1844 2614
4577 4 2 5 26 2047 2232 1843 2480
4578 4 2 5 26 892 1108 1486 2420
4579 4 2 5 26 1906 2640 1975 2737
4580 4 2 5 26 1416 2313 2406 2706
4581 4 2 5 26 1631 1991 2279 2318
4582 4 2 5 26 2124 2286 1937 2527
4583 4 2 5 26 2191 2287 2132 2438
4584 4 2 5 26 1944 1887 2567 2603
4585 4 2 5 26 1753 2622 1941 2645
4586 4 2 5 26 1837 2072 2035 2473
4587 4 2 5 26 2003 2385 1660 2513
4588 4 2 5 26 1774 2447 2625 2689
4589 4 2 5 26 1964 2073 1812 2422
4590 4 2 5 26 2020 2028 2592 2693
4591 4 2 5 26 1882 2330 1948 2659
4592 4 2 5 26 1897 2203 2017 2584
4593 4 2 5 26 1254 1928 1253 2238
4594 4 2 5 26 1802 2315 2038 2585
4595 4 2 5 26 1837 2254 2290 2749
4596 4 2 5 26 1499 2169 2025 2682
4597 4 2 5 26 1196 1591 2291 2316
4598 4 2 5 26 1939 1800 2253 2617
4599 4 2 5 26 1798 2197 1912 2235
4600 4 2 5 26 1884 2281 2141 2398
4601 4 2 5 26 1885 1876 2431 2491
4602 4 2 5 26 1877 2190 2024 2245
4603 4 2 5 26 1812 2073 2044 2422
4604 4 2 5 26 1098 2148 2023 2661
4605 4 2 5 26 1987 1880 2411 2412
4606 4 2 5 26 1769 2276 2033 2679
4607 4 2 5 26 2127 2581 1913 2691
4608 4 2 5 26 1960 2102 1911 2511
4609 4 2 5 26 2141 2256 923 2546
4610 4 2 5 26 1805 2088 2387 2749
4611 4 2 5 26 1524 2357 919 2674
4612 4 2 5 26 2104 2209 1813 2716
4613 4 2 5 26 1356 2506 1953 2523
4614 4 2 5 26 1899 1015 2321 2384
4615 4 2 5 26 2202 2239 1919 2715
4616 4 2 5 26 1856 2457 2099 2514
4617 4 2 5 26 2349 2384 1328 2537
4618 4 2 5 26 2035 2088 1878 2545
4619 4 2 5 26 1766 2494 2286 2693
4620 4 2 5 26 1191 1192 1193 2033
4621 4 2 5 26 2010 2140 1574 2714
4622 4 2 5 26 962 2236 963 2460
4623 4 2 5 26 1640 1940 1932 2207
4624 4 2 5 26 2059 2171 1815 2227
4625 4 2 5 26 2019 2294 1757 2406
4626 4 2 5 26 2099 2457 1911 2602
4627 4 2 5 26 1806 2009 2206 2232
4628 4 2 5 26 2148 2251 1888 2641
4629 4 2 5 26 874 2402 2097 2564
4630 4 2 5 26 1792 2280 2080 2737
4631 4 2 5 26 1762 2066 2175 2297
4632 4 2 5 26 2126 2249 1757 2607
4633 4 2 5 26 1546 1556 2477 2524
4634 4 2 5 26 1314 1957 2078 2296
4635 4 2 5 26 1077 1929 1035 2309
4636 4 2 5 26 397 2210 398 2213
4637 4 2 5 26 1814 2457 2099 2602
4638 4 2 5 26 2061 2585 2001 2686
4639 4 2 5 26 1806 2009 2108 2206
4640 4 2 5 26 1576 393 1277 2587
4641 4 2 5 26 1272 1535 1294 2090
4642 4 2 5 26 1828 2049 1945 2228
4643 4 2 5 26 1783 2164 2172 2469
4644 4 2 5 26 1937 2494 2124 2527
4645 4 2 5 26 1888 1764 2148 2507
4646 4 2 5 26 1928 1927 2495 2522
4647 4 2 5 26 1907 2430 2074 2639
4648 4 2 5 26 2058 2230 1808 2697
4649 4 2 5 26 1804 2159 2120 2550
4650 4 2 5 26 429 2002 428 2214
4651 4 2 5 26 1583 1533 2087 2283
4652 4 2 5 26 1956 1889 2272 2292
4653 4 2 5 26 80 1692 2173 2475
4654 4 2 5 26 1858 2302 1157 2375
4655 4 2 5 26 1051 1847 1168 2289
4656 4 2 5 26 1811 2323 1946 2583
4657 4 2 5 26 991 888 2102 2338
4658 4 2 5 26 1462 1460 1461 2367
4659 4 2 5 26 1760 1933 2310 2553
4660 4 2 5 26 1643 2517 2159 2739
4661 4 2 5 26 1853 1922 2261 2354
4662 4 2 5 26 1774 2144 1919 2239
4663 4 2 5 26 1768 2001 2264 2545
4664 4 2 5 26 1798 2112 1910 2328
4665 4 2 5 26 1878 2363 2038 2545
4666 4 2 5 26 2331 2359 1926 2386
4667 4 2 5 26 1764 2488 2023 2558
4668 4 2 5 26 1825 1939 2253 2617
4669 4 2 5 26 1774 2348 2239 2610
4670 4 2 5 26 1850 2028 2510 2575
4671 4 2 5 26 1757 2362 2406 2436
4672 4 2 5 26 1765 1909 1955 2172
4673 4 2 5 26 1782 2146 1950 2725
4674 4 2 5 26 1479 2510 2272 2642
4675 4 2 5 26 1885 2491 978 2713
4676 4 2 5 26 1836 2136 1974 2447
4677 4 2 5 26 1773 2348 1920 2715
4678 4 2 5 26 1977 2259 2247 2474
4679 4 2 5 26 1224 1223 1931 2618
4680 4 2 5 26 1790 2152 1866 2627
4681 4 2 5 26 2018 2303 1895 2496
4682 4 2 5 26 1769 2493 2276 2679
4683 4 2 5 26 1930 2039 2683 2711
4684 4 2 5 26 1783 2172 2098 2260
4685 4 2 5 26 1980 1829 2121 2621
4686 4 2 5 26 1870 2373 2243 2374
4687 4 2 5 26 419 1908 405 2277
4688 4 2 5 26 1451 2202 1919 2428
4689 4 2 5 26 1837 2254 2005 2290
4690 4 2 5 26 1865 1995 2447 2598
4691 4 2 5 26 1788 1917 2064 2115
4692 4 2 5 26 1088 2273 1890 2368
4693 4 2 5 26 1763 2097 2136 2168
4694 4 2 5 26 1819 2067 1904 2101
4695 4 2 5 26 1783 2528 1938 2553
4696 4 2 5 26 1886 2071 2369 2372
4697 4 2 5 26 1761 2498 1916 2577
4698 4 2 5 26 1987 2412 941 2561
4699 4 2 5 26 1363 1515 1953 2213
4700 4 2 5 26 1793 2441 2014 2724
4701 4 2 5 26 1793 2418 2014 2441
4702 4 2 5 26 1945 1828 2286 2413
4703 4 2 5 26 1969 1829 2538 2645
4704 4 2 5 26 1507 1889 1393 2535
4705 4 2 5 26 2233 2420 2012 2501
4706 4 2 5 26 1781 1908 2117 2574
4707 4 2 5 26 2077 2395 1926 2431
4708 4 2 5 26 2014 2418 2079 2441
4709 4 2 5 26 1450 1448 1449 2564
4710 4 2 5 26 1841 2150 2366 2542
4711 4 2 5 26 1044 1972 1319 2752
4712 4 2 5 26 1796 2095 1908 2607
4713 4 2 5 26 985 1446 1966 2212
4714 4 2 5 26 1006 2131 1863 2576
4715 4 2 5 26 2202 2501 1443 2643
4716 4 2 5 26 1747 1914 2037 2536
4717 4 2 5 26 1809 2203 1897 2377
4718 4 2 5 26 2139 2410 2060 2582
4719 4 2 5 26 1768 2088 1954 2390
4720 4 2 5 26 2200 2206 1852 2518
4721 4 2 5 26 2107 2474 2389 2525
4722 4 2 5 26 1275 2023 1504 2661
4723 4 2 5 26 1777 1944 2560 2567
4724 4 2 5 26 1858 2238 1159 2302
4725 4 2 5 26 2100 2353 1748 2718
4726 4 2 5 26 2192 2464 1901 2731
4727 4 2 5 26 1785 2585 2061 2686
4728 4 2 5 26 1880 2083 2058 2230
4729 4 2 5 26 2065 2090 1855 2668
4730 4 2 5 26 976 1077 1564 2221
4731 4 2 5 26 1753 1829 2622 2645
4732 4 2 5 26 401 1665 402 2437
4733 4 2 5 26 1367 2111 1586 2502
4734 4 2 5 26 2019 2362 1899 2384
4735 4 2 5 26 1907 2323 2074 2548
4736 4 2 5 26 1189 1292 1958 2424
4737 4 2 5 26 1840 2436 2276 2493
4738 4 2 5 26 1967 2380 2466 2556
4739 4 2 5 26 2068 2075 1789 2114
4740 4 2 5 26 1798 1912 2189 2414
4741 4 2 5 26 1684 1864 2209 2716
4742 4 2 5 26 1924 2392 1982 2691
4743 4 2 5 26 998 1307 1500 1930
4744 4 2 5 26 2033 2276 1894 2679
4745 4 2 5 26 1320 1885 978 2274
4746 4 2 5 26 1750 2139 1815 2504
4747 4 2 5 26 1868 2057 2146 2472
4748 4 2 5 26 2236 2356 1827 2460
4749 4 2 5 26 2261 2451 1853 2617
4750 4 2 5 26 1786 2174 2391 2403
4751 4 2 5 26 1826 2543 2202 2643
4752 4 2 5 26 1762 2139 1927 2227
4753 4 2 5 26 1769 2476 1903 2722
4754 4 2 5 26 1429 1989 1425 2349
4755 4 2 5 26 1684 2579 1864 2716
4756 4 2 5 26 1028 1934 2274 2552
4757 4 2 5 26 1769 2033 2276 2505
4758 4 2 5 26 2211 2290 1837 2473
4759 4 2 5 26 1469 1877 2153 2589
4760 4 2 5 26 2097 2216 873 2656
4761 4 2 5 26 1319 2073 1972 2358
4762 4 2 5 26 2149 2435 1902 2486
4763 4 2 5 26 2109 2482 2192 2608
4764 4 2 5 26 1766 2028 2494 2693
4765 4 2 5 26 2132 2477 1555 2673
4766 4 2 5 26 1838 2432 2126 2623
4767 4 2 5 26 2001 2038 1802 2545
4768 4 2 5 26 1422 1070 1976 2188
4769 4 2 5 26 1848 2168 2144 2500
4770 4 2 5 26 2008 2253 2084 2423
4771 4 2 5 26 1848 2168 2500 2625
4772 4 2 5 26 1633 2055 1932 2665
4773 4 2 5 26 1807 2185 2031 2685
4774 4 2 5 26 1923 2158 2068 2298
4775 4 2 5 26 2002 2227 2175 2295
4776 4 2 5 26 1814 2275 2099 2278
4777 4 2 5 26 1028 1934 1566 2274
4778 4 2 5 26 1801 2210 2015 2213
4779 4 2 5 26 1859 2225 2215 2671
4780 4 2 5 26 1965 2525 2212 2587
4781 4 2 5 26 1538 2030 2017 2584
4782 4 2 5 26 1810 2279 1945 2492
4783 4 2 5 26 1981 2610 1840 2716
4784 4 2 5 26 1752 2387 2128 2684
4785 4 2 5 26 2224 2270 2094 2705
4786 4 2 5 26 1826 1995 2543 2643
4787 4 2 5 26 1517 2412 2045 2561
4788 4 2 5 26 1520 2045 2176 2561
4789 4 2 5 26 2128 2387 2088 2684
4790 4 2 5 26 1783 2172 1959 2366
4791 4 2 5 26 2077 2160 1866 2323
4792 4 2 5 26 2093 2145 1862 2324
4793 4 2 5 26 1881 2072 1235 2417
4794 4 2 5 26 1392 2535 1956 2606
4795 4 2 5 26 1564 1294 1535 2221
4796 4 2 5 26 1883 1762 2175 2227
4797 4 2 5 26 1761 2354 1922 2577
4798 4 2 5 26 1824 2217 1992 2654
4799 4 2 5 26 1956 2022 1775 2575
4800 4 2 5 26 973 2294 1925 2321
4801 4 2 5 26 1806 2009 2232 2480
4802 4 2 5 26 1792 1962 2080 2341
4803 4 2 5 26 1870 2243 918 2374
4804 4 2 5 26 1523 1911 1426 2332
4805 4 2 5 26 1769 2033 1964 2555
4806 4 2 5 26 1855 2519 2198 2668
4807 4 2 5 26 2065 2102 1960 2668
4808 4 2 5 26 1748 2071 1938 2685
4809 4 2 5 26 1981 1840 2293 2716
4810 4 2 5 26 1899 2140 1016 2384
4811 4 2 5 26 1389 1888 2251 2641
4812 4 2 5 26 2003 2004 1778 2453
4813 4 2 5 26 1877 2008 2259 2423
4814 4 2 5 26 2076 2339 2306 2720
4815 4 2 5 26 1077 2221 1929 2309
4816 4 2 5 26 1469 2184 1877 2589
4817 4 2 5 26 1948 2143 1791 2595
4818 4 2 5 26 904 876 2338 2420
4819 4 2 5 26 2135 2203 1897 2648
4820 4 2 5 26 1059 1061 1407 2363
4821 4 2 5 26 1748 2231 2308 2628
4822 4 2 5 26 2050 2103 1977 2710
4823 4 2 5 26 1698 1970 1697 2333
4824 4 2 5 26 1750 2139 1927 2410
4825 4 2 5 26 1389 1888 1387 2251
4826 4 2 5 26 74 1474 1974 2402
4827 4 2 5 26 1857 2221 2133 2712
4828 4 2 5 26 2071 2100 1886 2353
4829 4 2 5 26 1842 2387 2352 2684
4830 4 2 5 26 1781 2474 2247 2577
4831 4 2 5 26 2097 2325 875 2564
4832 4 2 5 26 1957 2303 2296 2482
4833 4 2 5 26 1216 2397 1213 2407
4834 4 2 5 26 2165 2333 1685 2454
4835 4 2 5 26 1842 1988 2352 2387
4836 4 2 5 26 2038 2315 1994 2585
4837 4 2 5 26 1785 2061 2452 2686
4838 4 2 5 26 1856 2338 2099 2457
4839 4 2 5 26 2074 2115 2064 2303
4840 4 2 5 26 1770 2166 1926 2359
4841 4 2 5 26 1803 2252 2049 2442
4842 4 2 5 26 2095 2126 1796 2432
4843 4 2 5 26 1939 2046 1861 2157
4844 4 2 5 26 2191 2218 1939 2672
4845 4 2 5 26 1922 1800 2247 2451
4846 4 2 5 26 1028 2379 1934 2552
4847 4 2 5 26 1760 2145 2093 2324
4848 4 2 5 26 1904 1779 2308 2565
4849 4 2 5 26 1511 1512 1953 2312
4850 4 2 5 26 1966 2212 1965 2525
4851 4 2 5 26 1392 1956 1394 2606
4852 4 2 5 26 1874 2224 2093 2396
4853 4 2 5 26 1513 1925 973 2294
4854 4 2 5 26 1757 2294 2019 2376
4855 4 2 5 26 2163 1901 2464 2731
4856 4 2 5 26 1773 2435 2048 2508
4857 4 2 5 26 1797 2179 2111 2502
4858 4 2 5 26 1591 1552 2305 2316
4859 4 2 5 26 1926 1866 2517 2740
4860 4 2 5 26 1881 2189 2039 2414
4861 4 2 5 26 1338 2290 1423 2311
4862 4 2 5 26 1906 1683 2187 2571
4863 4 2 5 26 1846 2544 2308 2722
4864 4 2 5 26 431 1980 430 2621
4865 4 2 5 26 1386 2045 1550 2692
4866 4 2 5 26 1761 1922 2107 2577
4867 4 2 5 26 1914 2560 1887 2750
4868 4 2 5 26 1251 1253 1254 1928
4869 4 2 5 26 1846 2062 1903 2722
4870 4 2 5 26 2112 2189 1881 2732
4871 4 2 5 26 1356 1953 1165 2523
4872 4 2 5 26 1679 1676 1674 2336
4873 4 2 5 26 1890 2368 2273 2582
4874 4 2 5 26 1962 2187 1920 2669
4875 4 2 5 26 2057 2330 1883 2626
4876 4 2 5 26 1825 2153 2015 2210
4877 4 2 5 26 1880 2176 1831 2660
4878 4 2 5 26 1906 2096 2640 2737
4879 4 2 5 26 1902 2326 1347 2755
4880 4 2 5 26 1897 2017 2495 2584
4881 4 2 5 26 1077 976 1035 1929
4882 4 2 5 26 1845 1905 2314 2610
4883 4 2 5 26 1766 2413 2089 2592
4884 4 2 5 26 2074 2323 1907 2639
4885 4 2 5 26 1899 2321 2099 2376
4886 4 2 5 26 1416 2019 2349 2406
4887 4 2 5 26 1369 1347 2208 2326
4888 4 2 5 26 1217 2092 1087 2650
4889 4 2 5 26 1892 2060 2452 2686
4890 4 2 5 26 1797 2164 2119 2528
4891 4 2 5 26 1853 2380 2261 2709
4892 4 2 5 26 1882 2265 2241 2659
4893 4 2 5 26 1308 2491 2201 2713
4894 4 2 5 26 1763 2120 1921 2327
4895 4 2 5 26 1931 2618 2352 2701
4896 4 2 5 26 1858 2418 2014 2426
4897 4 2 5 26 2001 2038 1910 2730
4898 4 2 5 26 1904 1819 2101 2173
4899 4 2 5 26 2203 2309 1809 2556
4900 4 2 5 26 905 973 1925 2321
4901 4 2 5 26 1640 1667 1668 1940
4902 4 2 5 26 2299 2627 1893 2719
4903 4 2 5 26 2030 2122 1395 2368
4904 4 2 5 26 2440 2532 1754 2707
4905 4 2 5 26 1799 2147 2229 2533
4906 4 2 5 26 1816 2034 1948 2142
4907 4 2 5 26 2111 2179 1797 2200
4908 4 2 5 26 2037 2536 1914 2560
4909 4 2 5 26 1918 1771 2190 2605
4910 4 2 5 26 1809 1897 2203 2648
4911 4 2 5 26 1797 2119 2164 2200
4912 4 2 5 26 2041 2239 1845 2610
4913 4 2 5 26 1469 1877 395 2153
4914 4 2 5 26 1338 2005 1183 2290
4915 4 2 5 26 1756 2126 2095 2432
4916 4 2 5 26 1183 2378 1085 2597
4917 4 2 5 26 1779 2308 2055 2544
4918 4 2 5 26 1831 1934 2284 2600
4919 4 2 5 26 1945 2228 2049 2492
4920 4 2 5 26 1771 2008 2015 2253
4921 4 2 5 26 1862 2076 2324 2536
4922 4 2 5 26 1823 1929 2347 2593
4923 4 2 5 26 2003 2225 2004 2453
4924 4 2 5 26 1781 2117 2498 2574
4925 4 2 5 26 2249 1894 2436 2493
4926 4 2 5 26 1933 2200 1852 2518
4927 4 2 5 26 1513 1514 1925 2233
4928 4 2 5 26 1683 1656 1627 2187
4929 4 2 5 26 2205 2336 1687 2586
4930 4 2 5 26 2389 2394 2107 2525
4931 4 2 5 26 1587 1994 954 2527
4932 4 2 5 26 1813 2161 2041 2334
4933 4 2 5 26 2088 2229 2166 2390
4934 4 2 5 26 2177 2452 2060 2470
4935 4 2 5 26 1124 2110 1998 2487
4936 4 2 5 26 1433 1270 2065 2236
4937 4 2 5 26 1892 2059 1815 2139
4938 4 2 5 26 1976 2286 1828 2413
4939 4 2 5 26 1835 2481 1945 2677
4940 4 2 5 26 1933 2119 1797 2200
4941 4 2 5 26 1898 1939 2253 2421
4942 4 2 5 26 2155 2341 1845 2715
4943 4 2 5 26 1767 2053 2322 2658
4944 4 2 5 26 2081 2150 1909 2366
4945 4 2 5 26 1887 1944 2560 2615
4946 4 2 5 26 1950 2395 1915 2622
4947 4 2 5 26 1426 2332 1911 2511
4948 4 2 5 26 2211 2473 2035 2573
4949 4 2 5 26 1765 2086 1989 2581
4950 4 2 5 26 1416 2406 2349 2706
4951 4 2 5 26 2223 913 2379 2697
4952 4 2 5 26 1848 2500 2144 2625
4953 4 2 5 26 1761 2498 2107 2602
4954 4 2 5 26 1005 1946 2325 2576
4955 4 2 5 26 2015 2253 2008 2423
4956 4 2 5 26 1866 2323 2160 2739
4957 4 2 5 26 2097 2656 2325 2719
4958 4 2 5 26 1624 2534 2209 2574
4959 4 2 5 26 1824 1992 2217 2231
4960 4 2 5 26 1939 2253 1800 2676
4961 4 2 5 26 2011 2161 1826 2233
4962 4 2 5 26 1761 2102 1960 2629
4963 4 2 5 26 1801 2015 2421 2539
4964 4 2 5 26 2120 2180 1921 2372
4965 4 2 5 26 1282 1928 1251 2250
4966 4 2 5 26 1834 2164 2036 2291
4967 4 2 5 26 2433 2508 2048 2660
4968 4 2 5 26 1882 2265 1948 2595
4969 4 2 5 26 1865 2011 1995 2598
4970 4 2 5 26 1749 1987 2411 2733
4971 4 2 5 26 1306 1311 2039 2189
4972 4 2 5 26 1214 1213 1967 2407
4973 4 2 5 26 1678 1649 2046 2728
4974 4 2 5 26 1019 2169 1936 2485
4975 4 2 5 26 1873 2247 2008 2676
4976 4 2 5 26 1805 2371 2075 2569
4977 4 2 5 26 1783 1938 2231 2553
4978 4 2 5 26 1836 2101 2067 2136
4979 4 2 5 26 2131 2327 1863 2576
4980 4 2 5 26 1408 1952 2244 2523
4981 4 2 5 26 2285 2358 1058 2370
4982 4 2 5 26 2131 2656 1763 2719
4983 4 2 5 26 1819 2067 2101 2136
4984 4 2 5 26 1765 1989 2062 2503
4985 4 2 5 26 2192 2482 1131 2608
4986 4 2 5 26 1787 2137 2440 2532
4987 4 2 5 26 2006 2177 2060 2292
4988 4 2 5 26 1746 2167 2039 2748
4989 4 2 5 26 2162 2322 2053 2658
4990 4 2 5 26 2056 1862 2145 2745
4991 4 2 5 26 1869 2361 1996 2546
4992 4 2 5 26 1998 2110 1811 2487
4993 4 2 5 26 2361 1996 2497 2590
4994 4 2 5 26 1910 2112 1768 2328
4995 4 2 5 26 1953 2151 1165 2523
4996 4 2 5 26 1908 2095 2138 2727
4997 4 2 5 26 1800 1939 2437 2617
4998 4 2 5 26 1767 2053 2248 2322
4999 4 2 5 26 1748 2183 2628 2718
5000 4 2 5 26 1814 2376 2099 2514
5001 4 2 5 26 2048 2336 1969 2508
5002 4 2 5 26 1288 1919 1451 2643
5003 4 2 5 26 1801 2151 1952 2477
5004 4 2 5 26 1786 1993 2174 2403
5005 4 2 5 26 2047 2188 1839 2415
5006 4 2 5 26 1818 2122 1928 2495
5007 4 2 5 26 2279 2318 1991 2388
5008 4 2 5 26 1779 2071 1824 2308
5009 4 2 5 26 2347 2373 1823 2374
5010 4 2 5 26 1835 1945 2279 2492
5011 4 2 5 26 2021 2246 1816 2265
5012 4 2 5 26 1759 2389 1922 2474
5013 4 2 5 26 1852 1943 2108 2206
5014 4 2 5 26 1932 2159 2120 2619
5015 4 2 5 26 1523 879 2099 2275
5016 4 2 5 26 1975 2350 1786 2640
5017 4 2 5 26 1781 2355 1908 2574
5018 4 2 5 26 2193 2367 1863 2576
5019 4 2 5 26 1975 2317 1786 2350
5020 4 2 5 26 1685 2385 2165 2454
5021 4 2 5 26 1926 1866 2160 2517
5022 4 2 5 26 1944 2567 2258 2603
5023 4 2 5 26 1945 1835 2279 2481
5024 4 2 5 26 2144 2500 2348 2610
5025 4 2 5 26 1774 2144 2239 2348
5026 4 2 5 26 1887 2105 2053 2248
5027 4 2 5 26 1970 1935 2324 2333
5028 4 2 5 26 1846 2217 2308 2544
5029 4 2 5 26 2035 2229 2112 2417
5030 4 2 5 26 1687 1656 2187 2586
5031 4 2 5 26 1898 2253 1939 2676
5032 4 2 5 26 1906 1627 2350 2444
5033 4 2 5 26 1128 2299 1497 2325
5034 4 2 5 26 1426 910 893 2332
5035 4 2 5 26 1101 1102 987 2193
5036 4 2 5 26 1778 2105 1943 2206
5037 4 2 5 26 1774 2500 2144 2610
5038 4 2 5 26 1157 1858 1159 2302
5039 4 2 5 26 1768 2112 2229 2301
5040 4 2 5 26 1891 1807 2163 2541
5041 4 2 5 26 1314 2078 1957 2484
5042 4 2 5 26 1754 2369 1901 2440
5043 4 2 5 26 1887 2105 2248 2680
5044 4 2 5 26 1796 2156 1903 2249
5045 4 2 5 26 1756 2432 2138 2647
5046 4 2 5 26 1531 394 395 1877
5047 4 2 5 26 394 1530 393 2212
5048 4 2 5 26 897 1408 898 2244
5049 4 2 5 26 1766 2286 2061 2693
5050 4 2 5 26 1839 2194 2346 2413
5051 4 2 5 26 1319 1972 1403 2358
5052 4 2 5 26 419 2007 1942 2282
5053 4 2 5 26 1016 1574 1048 2140
5054 4 2 5 26 1757 2041 2161 2334
5055 4 2 5 26 1875 2119 1992 2443
5056 4 2 5 26 1430 1989 2123 2663
5057 4 2 5 26 1856 2198 2054 2445
5058 4 2 5 26 1684 2209 2104 2716
5059 4 2 5 26 2010 2140 1756 2623
5060 4 2 5 26 1778 1914 2206 2518
5061 4 2 5 26 973 1513 905 1925
5062 4 2 5 26 2063 2261 1827 2646
5063 4 2 5 26 1988 2018 2387 2496
5064 4 2 5 26 419 1908 2277 2355
5065 4 2 5 26 1825 2210 2015 2404
5066 4 2 5 26 2012 2420 2161 2445
5067 4 2 5 26 2124 2228 1802 2635
5068 4 2 5 26 1016 1574 2140 2714
5069 4 2 5 26 906 2022 1956 2272
5070 4 2 5 26 1750 2006 2060 2292
5071 4 2 5 26 1954 1805 2091 2390
5072 4 2 5 26 2043 2538 1969 2634
5073 4 2 5 26 2124 2286 1976 2494
5074 4 2 5 26 1636 1635 1637 2603
5075 4 2 5 26 1920 2205 2508 2669
5076 4 2 5 26 1823 2347 2302 2373
5077 4 2 5 26 1796 2126 2249 2362
5078 4 2 5 26 1885 2431 2077 2521
5079 4 2 5 26 402 1636 1637 2032
5080 4 2 5 26 900 2017 2203 2584
5081 4 2 5 26 1804 2160 2323 2739
5082 4 2 5 26 1018 2103 2010 2399
5083 4 2 5 26 1633 2055 2665 2705
5084 4 2 5 26 1933 2119 1875 2553
5085 4 2 5 26 1668 1666 2043 2288
5086 4 2 5 26 1765 2062 2086 2260
5087 4 2 5 26 1617 2530 1672 2604
5088 4 2 5 26 1998 2326 2208 2458
5089 4 2 5 26 1921 2180 2100 2372
5090 4 2 5 26 1821 2332 2107 2602
5091 4 2 5 26 1093 1088 1890 2368
5092 4 2 5 26 1189 1958 1399 2424
5093 4 2 5 26 1851 2292 1956 2438
5094 4 2 5 26 1749 2079 2014 2418
5095 4 2 5 26 976 1035 1929 2347
5096 4 2 5 26 1347 2549 1902 2755
5097 4 2 5 26 1267 1292 1896 2688
5098 4 2 5 26 1829 1950 2395 2740
5099 4 2 5 26 2249 2362 1894 2493
5100 4 2 5 26 2011 1757 2294 2406
5101 4 2 5 26 2142 2143 1816 2205
5102 4 2 5 26 1908 2085 405 2277
5103 4 2 5 26 1773 1920 2070 2715
5104 4 2 5 26 1795 2259 2190 2365
5105 4 2 5 26 2122 2495 2030 2584
5106 4 2 5 26 1950 2147 1854 2167
5107 4 2 5 26 976 2347 1929 2593
5108 4 2 5 26 1949 2103 1977 2259
5109 4 2 5 26 1769 1903 2062 2722
5110 4 2 5 26 1757 2362 2019 2406
5111 4 2 5 26 1754 2440 1917 2532
5112 4 2 5 26 1798 2189 1912 2197
5113 4 2 5 26 1987 2411 2134 2412
5114 4 2 5 26 1015 1899 1016 2384
5115 4 2 5 26 1820 1955 2319 2497
5116 4 2 5 26 1877 2015 2008 2423
5117 4 2 5 26 1783 2231 2042 2260
5118 4 2 5 26 1088 1090 1890 2267
5119 4 2 5 26 1259 2073 1274 2358
5120 4 2 5 26 1869 1996 2361 2590
5121 4 2 5 26 2325 2656 2131 2719
5122 4 2 5 26 1987 2351 912 2638
5123 4 2 5 26 1950 2146 1915 2395
5124 4 2 5 26 1994 2315 954 2527
5125 4 2 5 26 1833 2296 2303 2482
5126 4 2 5 26 2023 2198 1504 2661
5127 4 2 5 26 1961 2078 1221 2484
5128 4 2 5 26 1787 2031 1900 2464
5129 4 2 5 26 2351 2638 2014 2724
5130 4 2 5 26 1795 2103 2169 2485
5131 4 2 5 26 1748 2231 2071 2308
5132 4 2 5 26 1987 2058 1880 2561
5133 4 2 5 26 2170 2266 382 2598
5134 4 2 5 26 1560 1985 1487 2196
5135 4 2 5 26 384 891 2543 2598
5136 4 2 5 26 419 1662 1694 1942
5137 4 2 5 26 1998 2299 1811 2627
5138 4 2 5 26 2013 2418 1793 2734
5139 4 2 5 26 1377 1471 2124 2494
5140 4 2 5 26 2068 2114 411 2736
5141 4 2 5 26 1155 1551 1124 2284
5142 4 2 5 26 1604 430 89 2471
5143 4 2 5 26 1285 2132 1952 2477
5144 4 2 5 26 2004 2105 1778 2453
5145 4 2 5 26 1958 2181 1292 2688
5146 4 2 5 26 2202 2428 1452 2641
5147 4 2 5 26 1868 1892 2264 2328
5148 4 2 5 26 1770 1926 2166 2431
5149 4 2 5 26 1517 2045 1520 2561
5150 4 2 5 26 1431 1270 1432 1960
5151 4 2 5 26 1515 1165 1953 2151
5152 4 2 5 26 2015 2213 2210 2589
5153 4 2 5 26 1758 2456 2215 2590
5154 4 2 5 26 2022 1956 2272 2575
5155 4 2 5 26 1970 2158 1944 2252
5156 4 2 5 26 1918 2025 2024 2429
5157 4 2 5 26 1754 1901 2109 2440
5158 4 2 5 26 1059 1061 2363 2618
5159 4 2 5 26 1992 2217 2098 2654
5160 4 2 5 26 1653 2085 1648 2255
5161 4 2 5 26 1779 2180 1904 2207
5162 4 2 5 26 990 2198 2519 2668
5163 4 2 5 26 1934 2083 1831 2448
5164 4 2 5 26 1840 2276 2476 2493
5165 4 2 5 26 1862 2324 2145 2536
5166 4 2 5 26 1805 1926 2359 2386
5167 4 2 5 26 1904 2101 2067 2422
5168 4 2 5 26 1189 1143 1958 2609
5169 4 2 5 26 419 2277 2007 2282
5170 4 2 5 26 1852 2009 1979 2518
5171 4 2 5 26 1356 1512 1953 2506
5172 4 2 5 26 1836 2067 1983 2136
5173 4 2 5 26 1880 2412 1987 2561
5174 4 2 5 26 1778 2004 1959 2343
5175 4 2 5 26 1980 431 2142 2621
5176 4 2 5 26 1900 2532 2440 2707
5177 4 2 5 26 1570 925 1230 2141
5178 4 2 5 26 1804 1879 2064 2074
5179 4 2 5 26 1676 2288 1981 2314
5180 4 2 5 26 951 2238 1951 2302
5181 4 2 5 26 1937 2286 2061 2585
5182 4 2 5 26 1987 1749 2014 2733
5183 4 2 5 26 2074 2430 1804 2639
5184 4 2 5 26 1757 2161 1925 2376
5185 4 2 5 26 432 431 2121 2621
5186 4 2 5 26 905 904 878 2099
5187 4 2 5 26 2057 2146 1782 2626
5188 4 2 5 26 1929 2269 1951 2309
5189 4 2 5 26 394 1531 1530 2245
5190 4 2 5 26 1825 1966 2427 2670
5191 4 2 5 26 1792 1947 2280 2667
5192 4 2 5 26 901 1164 1897 2377
5193 4 2 5 26 2099 2278 2275 2714
5194 4 2 5 26 1307 1912 1311 2320
5195 4 2 5 26 1846 2231 2098 2260
5196 4 2 5 26 1763 2120 2327 2619
5197 4 2 5 26 958 1347 2549 2666
5198 4 2 5 26 898 1952 1285 2132
5199 4 2 5 26 1865 2406 1894 2436
5200 4 2 5 26 2039 2189 1881 2300
5201 4 2 5 26 1050 2183 2562 2752
5202 4 2 5 26 2069 2215 2004 2456
5203 4 2 5 26 1945 1828 2228 2286
5204 4 2 5 26 1780 2310 2536 2560
5205 4 2 5 26 1924 2580 1765 2691
5206 4 2 5 26 1815 2604 1978 2652
5207 4 2 5 26 1837 2166 2088 2229
5208 4 2 5 26 1760 1874 2165 2324
5209 4 2 5 26 1779 2120 1932 2557
5210 4 2 5 26 1894 2362 2249 2436
5211 4 2 5 26 1813 2041 2104 2716
5212 4 2 5 26 1105 2063 1104 2466
5213 4 2 5 26 2279 2388 1991 2678
5214 4 2 5 26 1393 1889 2531 2642
5215 4 2 5 26 1778 1943 2105 2343
5216 4 2 5 26 1364 1363 1884 2213
5217 4 2 5 26 2132 2191 2116 2287
5218 4 2 5 26 1148 2223 913 2379
5219 4 2 5 26 1844 2469 2164 2528
5220 4 2 5 26 1876 2431 2166 2533
5221 4 2 5 26 1823 1929 2234 2347
5222 4 2 5 26 1691 2225 2007 2644
5223 4 2 5 26 2040 2069 1859 2281
5224 4 2 5 26 1566 1934 1027 2284
5225 4 2 5 26 2275 2278 1814 2602
5226 4 2 5 26 1815 2139 2059 2227
5227 4 2 5 26 1777 2232 2194 2346
5228 4 2 5 26 1387 2428 1386 2692
5229 4 2 5 26 1812 2358 2285 2370
5230 4 2 5 26 2155 1845 2507 2715
5231 4 2 5 26 1669 1992 1638 2400
5232 4 2 5 26 1820 2319 1955 2691
5233 4 2 5 26 1988 2387 2018 2569
5234 4 2 5 26 1783 2081 1959 2702
5235 4 2 5 26 1772 2063 1967 2380
5236 4 2 5 26 2308 2544 1904 2722
5237 4 2 5 26 2481 2490 2061 2678
5238 4 2 5 26 1987 2079 1808 2351
5239 4 2 5 26 1760 1824 1874 2396
5240 4 2 5 26 1776 1963 2337 2547
5241 4 2 5 26 1946 2131 2327 2719
5242 4 2 5 26 1231 2192 1957 2482
5243 4 2 5 26 1408 1952 898 2244
5244 4 2 5 26 1881 2229 2112 2301
5245 4 2 5 26 2000 1802 2228 2635
5246 4 2 5 26 1919 2266 2239 2643
5247 4 2 5 26 1261 2347 1412 2373
5248 4 2 5 26 2026 2235 1892 2328
5249 4 2 5 26 1168 1847 1051 2329
5250 4 2 5 26 1813 2104 2041 2155
5251 4 2 5 26 1923 422 2068 2158
5252 4 2 5 26 1420 2036 2291 2305
5253 4 2 5 26 991 2102 888 2668
5254 4 2 5 26 1599 2179 1891 2541
5255 4 2 5 26 1338 2005 2311 2461
5256 4 2 5 26 1229 1228 1511 2312
5257 4 2 5 26 2061 2286 1937 2693
5258 4 2 5 26 1814 2099 2457 2514
5259 4 2 5 26 1353 2494 1937 2527
5260 4 2 5 26 1413 2024 1415 2184
5261 4 2 5 26 2076 1780 2324 2536
5262 4 2 5 26 2228 2492 1945 2677
5263 4 2 5 26 2180 2207 1940 2475
5264 4 2 5 26 2067 2285 1812 2422
5265 4 2 5 26 1895 2186 2074 2548
5266 4 2 5 26 1970 2158 2252 2298
5267 4 2 5 26 2176 2486 1831 2660
5268 4 2 5 26 1356 1515 1165 1953
5269 4 2 5 26 1952 2022 1775 2132
5270 4 2 5 26 974 1929 2090 2593
5271 4 2 5 26 2011 2233 1298 2294
5272 4 2 5 26 1830 2082 2006 2129
5273 4 2 5 26 1085 1184 2296 2597
5274 4 2 5 26 1688 2187 2143 2205
5275 4 2 5 26 1173 2039 1236 2189
5276 4 2 5 26 1968 2027 2263 2451
5277 4 2 5 26 2039 1930 2223 2748
5278 4 2 5 26 2147 2229 1881 2301
5279 4 2 5 26 1896 2181 1958 2688
5280 4 2 5 26 1833 2109 2064 2430
5281 4 2 5 26 2013 2418 1858 2426
5282 4 2 5 26 1998 2284 1551 2326
5283 4 2 5 26 1846 2226 2544 2722
5284 4 2 5 26 1820 1955 2497 2691
5285 4 2 5 26 1748 2100 2071 2353
5286 4 2 5 26 1885 2274 1320 2630
5287 4 2 5 26 1785 2060 2452 2470
5288 4 2 5 26 1393 1889 1507 2531
5289 4 2 5 26 1815 1973 2129 2504
5290 4 2 5 26 1806 2108 1943 2206
5291 4 2 5 26 1868 2264 1954 2390
5292 4 2 5 26 1935 2068 1970 2298
5293 4 2 5 26 1795 1977 2103 2259
5294 4 2 5 26 1532 2245 1415 2459
5295 4 2 5 26 1919 2202 1888 2428
5296 4 2 5 26 1893 2097 1848 2564
5297 4 2 5 26 1816 2143 1948 2595
5298 4 2 5 26 2076 2298 1862 2324
5299 4 2 5 26 937 926 928 2089
5300 4 2 5 26 1853 2174 2046 2263
5301 4 2 5 26 1963 2023 1870 2558
5302 4 2 5 26 2171 2530 1978 2604
5303 4 2 5 26 1771 2069 2040 2398
5304 4 2 5 26 2044 2073 1812 2718
5305 4 2 5 26 1213 1348 1214 1967
5306 4 2 5 26 1803 2181 2416 2449
5307 4 2 5 26 1985 2256 1806 2434
5308 4 2 5 26 2008 2190 1877 2259
5309 4 2 5 26 1778 2105 2004 2343
5310 4 2 5 26 1217 1219 1087 2092
5311 4 2 5 26 1845 2341 1920 2715
5312 4 2 5 26 2273 2368 2197 2582
5313 4 2 5 26 1859 2215 2069 2671
5314 4 2 5 26 951 1951 949 2302
5315 4 2 5 26 2047 1839 2196 2415
5316 4 2 5 26 1749 2246 2021 2265
5317 4 2 5 26 1827 2236 1960 2356
5318 4 2 5 26 1232 1135 1233 2473
5319 4 2 5 26 899 901 1164 1897
5320 4 2 5 26 2151 2425 1952 2523
5321 4 2 5 26 1187 1186 1089 2273
5322 4 2 5 26 1858 2302 1823 2512
5323 4 2 5 26 2223 2351 913 2697
5324 4 2 5 26 2367 2430 1863 2611
5325 4 2 5 26 422 1923 423 2344
5326 4 2 5 26 2040 2671 1898 2746
5327 4 2 5 26 1348 1967 1105 2466
5328 4 2 5 26 1861 1939 2157 2672
5329 4 2 5 26 1966 1825 2084 2670
5330 4 2 5 26 1756 2050 1936 2623
5331 4 2 5 26 902 2321 2099 2714
5332 4 2 5 26 1786 2350 2174 2640
5333 4 2 5 26 1974 2154 1474 2266
5334 4 2 5 26 1829 2034 1984 2621
5335 4 2 5 26 1931 1828 2357 2701
5336 4 2 5 26 1755 2479 2268 2522
5337 4 2 5 26 1552 1441 1982 2392
5338 4 2 5 26 1901 2192 2440 2464
5339 4 2 5 26 1916 1781 2574 2577
5340 4 2 5 26 1556 1558 2477 2673
5341 4 2 5 26 1848 1893 2208 2551
5342 4 2 5 26 1131 2192 1231 2482
5343 4 2 5 26 1166 2014 1567 2242
5344 4 2 5 26 1454 1058 2358 2370
5345 4 2 5 26 936 2089 2506 2568
5346 4 2 5 26 1953 1884 2213 2539
5347 4 2 5 26 1550 2045 2149 2755
5348 4 2 5 26 1239 2112 1187 2526
5349 4 2 5 26 1663 2150 78 2277
5350 4 2 5 26 1837 2229 2072 2533
5351 4 2 5 26 2012 1764 2148 2661
5352 4 2 5 26 2057 1782 2330 2626
5353 4 2 5 26 2247 2474 1922 2577
5354 4 2 5 26 1367 2111 2502 2723
5355 4 2 5 26 1578 2197 2273 2368
5356 4 2 5 26 2098 2217 1992 2231
5357 4 2 5 26 1866 1926 2160 2740
5358 4 2 5 26 1882 2175 2066 2734
5359 4 2 5 26 1772 1967 2063 2397
5360 4 2 5 26 2339 2687 2306 2720
5361 4 2 5 26 2019 2294 1588 2321
5362 4 2 5 26 1023 1912 1022 2197
5363 4 2 5 26 1991 2388 2318 2678
5364 4 2 5 26 1836 2285 1964 2631
5365 4 2 5 26 1907 2521 2323 2548
5366 4 2 5 26 1216 2116 2397 2407
5367 4 2 5 26 1841 2081 1959 2366
5368 4 2 5 26 2262 2330 1882 2659
5369 4 2 5 26 1936 2127 1820 2520
5370 4 2 5 26 2098 2217 1639 2654
5371 4 2 5 26 1822 2082 2419 2681
5372 4 2 5 26 1564 1535 2090 2221
5373 4 2 5 26 1795 2103 1949 2259
5374 4 2 5 26 2063 2236 1857 2646
5375 4 2 5 26 1927 2139 1818 2410
5376 4 2 5 26 1894 1865 2276 2313
5377 4 2 5 26 1882 2175 2013 2595
5378 4 2 5 26 1485 2047 1477 2196
5379 4 2 5 26 1777 2232 2346 2567
5380 4 2 5 26 2337 2401 2054 2558
5381 4 2 5 26 1878 2211 2035 2573
5382 4 2 5 26 1695 2094 1644 2114
5383 4 2 5 26 1869 2025 2024 2590
5384 4 2 5 26 1769 2422 2101 2476
5385 4 2 5 26 2197 2368 1818 2582
5386 4 2 5 26 1247 1030 2216 2631
5387 4 2 5 26 1951 2238 1074 2377
5388 4 2 5 26 2409 2450 1185 2675
5389 4 2 5 26 1903 2156 2255 2572
5390 4 2 5 26 991 2338 2102 2511
5391 4 2 5 26 1420 2291 1591 2305
5392 4 2 5 26 1936 2169 2103 2485
5393 4 2 5 26 1822 2032 2322 2746
5394 4 2 5 26 1007 1946 1129 2576
5395 4 2 5 26 1908 2085 1796 2483
5396 4 2 5 26 1898 1822 2157 2421
5397 4 2 5 26 1770 1926 2077 2160
5398 4 2 5 26 1394 1956 1482 2606
5399 4 2 5 26 1817 1943 2256 2340
5400 4 2 5 26 1967 1214 2407 2556
5401 4 2 5 26 2041 1840 2610 2716
5402 4 2 5 26 1998 2152 2110 2448
5403 4 2 5 26 1862 2298 2076 2383
5404 4 2 5 26 2177 2470 2060 2540
5405 4 2 5 26 2009 1806 2108 2480
5406 4 2 5 26 1157 1166 1158 2375
5407 4 2 5 26 2237 2671 1859 2746
5408 4 2 5 26 1913 2050 2319 2647
5409 4 2 5 26 1906 2096 2350 2640
5410 4 2 5 26 1837 2290 2005 2311
5411 4 2 5 26 1868 1892 2059 2264
5412 4 2 5 26 2023 2488 1870 2558
5413 4 2 5 26 1862 2306 2137 2532
5414 4 2 5 26 2099 2376 1925 2514
5415 4 2 5 26 1971 2439 1376 2752
5416 4 2 5 26 1893 2208 2551 2616
5417 4 2 5 26 1894 2276 2033 2313
5418 4 2 5 26 1973 2403 2129 2504
5419 4 2 5 26 1852 1979 2360 2518
5420 4 2 5 26 2096 2174 1853 2263
5421 4 2 5 26 963 1104 1103 2063
5422 4 2 5 26 2070 2465 2251 2488
5423 4 2 5 26 2157 2218 1822 2672
5424 4 2 5 26 1802 2038 2315 2363
5425 4 2 5 26 1946 2583 2323 2639
5426 4 2 5 26 2144 2168 1848 2551
5427 4 2 5 26 1903 2086 1796 2249
5428 4 2 5 26 1167 1157 2302 2375
5429 4 2 5 26 1920 2341 1845 2586
5430 4 2 5 26 1922 1853 2261 2451
5431 4 2 5 26 1851 2287 2191 2438
5432 4 2 5 26 1873 1977 2138 2365
5433 4 2 5 26 1772 1939 2191 2462
5434 4 2 5 26 2028 2089 937 2568
5435 4 2 5 26 1543 2267 2087 2531
5436 4 2 5 26 1943 1806 2256 2612
5437 4 2 5 26 1366 1459 1364 2312
5438 4 2 5 26 1104 1105 1103 2063
5439 4 2 5 26 1844 2291 2289 2562
5440 4 2 5 26 1552 2316 1417 2392
5441 4 2 5 26 1977 2247 1873 2727
5442 4 2 5 26 1917 2440 2137 2532
5443 4 2 5 26 2047 2232 1806 2596
5444 4 2 5 26 1786 2174 1993 2640
5445 4 2 5 26 877 1523 879 2099
5446 4 2 5 26 1792 2187 1962 2669
5447 4 2 5 26 1825 2427 2029 2670
5448 4 2 5 26 2422 2476 1769 2722
5449 4 2 5 26 405 2085 1908 2708
5450 4 2 5 26 2135 2566 2203 2648
5451 4 2 5 26 2025 2361 1869 2738
5452 4 2 5 26 1748 2183 2042 2628
5453 4 2 5 26 2377 2479 2238 2563
5454 4 2 5 26 1941 2230 2083 2645
5455 4 2 5 26 1409 2151 1515 2213
5456 4 2 5 26 1924 2123 2127 2581
5457 4 2 5 26 1949 2259 1977 2525
5458 4 2 5 26 1482 1956 906 2287
5459 4 2 5 26 1974 2447 2136 2625
5460 4 2 5 26 1906 2350 1975 2640
5461 4 2 5 26 2060 2408 1892 2582
5462 4 2 5 26 2048 2486 2433 2660
5463 4 2 5 26 1836 1964 2422 2505
5464 4 2 5 26 1786 1975 2640 2648
5465 4 2 5 26 1811 2077 2521 2694
5466 4 2 5 26 2015 2210 1801 2404
5467 4 2 5 26 1755 2013 1947 2512
5468 4 2 5 26 1793 2320 1912 2683
5469 4 2 5 26 1887 2385 1944 2615
5470 4 2 5 26 1822 2421 2032 2746
5471 4 2 5 26 1978 2171 2059 2530
5472 4 2 5 26 1829 1753 1950 2740
5473 4 2 5 26 1976 2124 1828 2286
5474 4 2 5 26 1775 2022 1956 2132
5475 4 2 5 26 1903 2226 1846 2722
5476 4 2 5 26 1396 2170 2118 2631
5477 4 2 5 26 1974 2216 884 2402
5478 4 2 5 26 968 2072 2311 2473
5479 4 2 5 26 2085 2150 1909 2255
5480 4 2 5 26 1898 2032 2421 2746
5481 4 2 5 26 2053 2346 2162 2658
5482 4 2 5 26 2048 2433 1773 2508
5483 4 2 5 26 1678 1649 1677 2046
5484 4 2 5 26 1915 1980 1829 2121
5485 4 2 5 26 1651 2350 2174 2463
5486 4 2 5 26 1157 1159 1167 2302
5487 4 2 5 26 1636 2032 2237 2513
5488 4 2 5 26 1949 993 2399 2485
5489 4 2 5 26 2509 2671 1898 2676
5490 4 2 5 26 1980 2142 1701 2405
5491 4 2 5 26 1958 1843 2416 2449
5492 4 2 5 26 1995 2011 1865 2182
5493 4 2 5 26 1281 2154 1474 2402
5494 4 2 5 26 1769 1903 2476 2493
5495 4 2 5 26 1796 2126 2095 2607
5496 4 2 5 26 1984 2142 1816 2205
5497 4 2 5 26 2052 2354 2065 2629
5498 4 2 5 26 1524 919 1411 2674
5499 4 2 5 26 1851 2407 2287 2606
5500 4 2 5 26 1825 2253 2015 2423
5501 4 2 5 26 1357 1276 1965 1966
5502 4 2 5 26 2033 2118 1194 2313
5503 4 2 5 26 422 421 1970 2158
5504 4 2 5 26 1815 2059 1978 2604
5505 4 2 5 26 1767 2322 2162 2658
5506 4 2 5 26 1470 1473 1587 2527
5507 4 2 5 26 1384 2169 1374 2682
5508 4 2 5 26 2098 1846 2260 2729
5509 4 2 5 26 1838 1894 2349 2362
5510 4 2 5 26 1808 2167 2446 2552
5511 4 2 5 26 1516 2193 1462 2367
5512 4 2 5 26 1830 2020 2490 2575
5513 4 2 5 26 1935 2068 1789 2114
5514 4 2 5 26 2060 2410 1890 2582
5515 4 2 5 26 2015 2153 1825 2423
5516 4 2 5 26 407 2579 1684 2716
5517 4 2 5 26 1429 1430 1989 2123
5518 4 2 5 26 1802 2286 1937 2585
5519 4 2 5 26 2001 1802 2128 2545
5520 4 2 5 26 2051 2152 1811 2627
5521 4 2 5 26 1203 2340 1202 2409
5522 4 2 5 26 1783 2119 2164 2528
5523 4 2 5 26 958 2208 1347 2666
5524 4 2 5 26 2080 2280 1792 2488
5525 4 2 5 26 1282 1928 2250 2699
5526 4 2 5 26 2058 2083 1880 2660
5527 4 2 5 26 1688 2142 432 2205
5528 4 2 5 26 1603 1984 432 2121
5529 4 2 5 26 2061 2585 2286 2677
5530 4 2 5 26 1697 422 421 1970
5531 4 2 5 26 1953 2312 1884 2717
5532 4 2 5 26 1129 2299 1128 2325
5533 4 2 5 26 1932 2055 1633 2207
5534 4 2 5 26 1172 1257 1334 2526
5535 4 2 5 26 2050 2138 1977 2365
5536 4 2 5 26 1652 1646 1677 2046
5537 4 2 5 26 2000 2092 1878 2363
5538 4 2 5 26 2037 2449 1843 2624
5539 4 2 5 26 1992 2271 1638 2400
5540 4 2 5 26 1877 2153 2015 2423
5541 4 2 5 26 1883 2059 2057 2626
5542 4 2 5 26 1196 2291 1175 2316
5543 4 2 5 26 1550 1386 1456 2428
5544 4 2 5 26 1981 2314 1905 2610
5545 4 2 5 26 1874 1824 2224 2396
5546 4 2 5 26 2239 2266 1995 2643
5547 4 2 5 26 1883 2227 2214 2345
5548 4 2 5 26 1765 1913 2581 2691
5549 4 2 5 26 2072 2201 1237 2704
5550 4 2 5 26 2408 2686 1910 2730
5551 4 2 5 26 1811 2077 2323 2521
5552 4 2 5 26 1920 1962 2341 2586
5553 4 2 5 26 2043 2517 1866 2634
5554 4 2 5 26 1302 2211 966 2290
5555 4 2 5 26 1022 1912 1311 2189
5556 4 2 5 26 1946 2323 2051 2639
5557 4 2 5 26 1890 2408 2060 2582
5558 4 2 5 26 1918 2215 2069 2590
5559 4 2 5 26 1433 2065 1272 2236
5560 4 2 5 26 2001 2585 2038 2730
5561 4 2 5 26 1790 2307 1969 2538
5562 4 2 5 26 1826 2155 2041 2239
5563 4 2 5 26 1528 1538 2017 2584
5564 4 2 5 26 1905 2348 2500 2610
5565 4 2 5 26 1430 2594 1989 2663
5566 4 2 5 26 1881 2229 2147 2533
5567 4 2 5 26 1770 2077 1926 2431
5568 4 2 5 26 1989 2086 1838 2581
5569 4 2 5 26 1105 1967 1213 2397
5570 4 2 5 26 2276 2447 2182 2689
5571 4 2 5 26 1842 2352 1988 2649
5572 4 2 5 26 1109 2012 2420 2501
5573 4 2 5 26 1939 1825 2462 2617
5574 4 2 5 26 1831 1998 2284 2448
5575 4 2 5 26 1970 1935 2298 2324
5576 4 2 5 26 426 83 2665 2705
5577 4 2 5 26 1626 2572 1607 2729
5578 4 2 5 26 1571 2487 2299 2583
5579 4 2 5 26 1840 2276 2182 2689
5580 4 2 5 26 1791 2317 1947 2382
5581 4 2 5 26 1767 2637 1986 2658
5582 4 2 5 26 2026 2235 2066 2262
5583 4 2 5 26 1787 2137 2056 2364
5584 4 2 5 26 2044 2422 2073 2555
5585 4 2 5 26 2116 2191 1871 2462
5586 4 2 5 26 1218 2092 1220 2618
5587 4 2 5 26 1869 2361 2025 2590
5588 4 2 5 26 1270 962 1458 2356
5589 4 2 5 26 1802 2128 2000 2228
5590 4 2 5 26 1887 2560 1914 2615
5591 4 2 5 26 1812 2100 1921 2565
5592 4 2 5 26 1100 1099 1097 2148
5593 4 2 5 26 1424 2349 1328 2537
5594 4 2 5 26 1762 1883 2330 2626
5595 4 2 5 26 1642 1932 1640 2159
5596 4 2 5 26 2007 2150 1841 2721
5597 4 2 5 26 1844 2106 2528 2614
5598 4 2 5 26 2028 2510 2244 2568
5599 4 2 5 26 1757 2249 2126 2362
5600 4 2 5 26 1511 1953 1512 2506
5601 4 2 5 26 1120 2487 1998 2616
5602 4 2 5 26 1760 2165 2310 2324
5603 4 2 5 26 1861 2191 1939 2672
5604 4 2 5 26 1348 1967 2466 2556
5605 4 2 5 26 985 1576 1446 2212
5606 4 2 5 26 1872 1959 2304 2343
5607 4 2 5 26 1956 1889 2292 2535
5608 4 2 5 26 1283 1498 2361 2546
5609 4 2 5 26 80 2173 1981 2475
5610 4 2 5 26 903 905 902 2321
5611 4 2 5 26 1800 2437 2046 2617
5612 4 2 5 26 1189 1549 1292 2424
5613 4 2 5 26 1927 2295 2227 2504
5614 4 2 5 26 2147 2167 1950 2725
5615 4 2 5 26 1951 2309 1076 2347
5616 4 2 5 26 1746 2066 2262 2414
5617 4 2 5 26 1750 2017 2292 2741
5618 4 2 5 26 2215 2225 2007 2671
5619 4 2 5 26 1939 2191 1861 2709
5620 4 2 5 26 1758 2542 2319 2590
5621 4 2 5 26 1658 1659 1660 2003
5622 4 2 5 26 1548 2193 1101 2583
5623 4 2 5 26 1325 2296 2078 2597
5624 4 2 5 26 1996 2304 1872 2554
5625 4 2 5 26 1801 2015 2253 2421
5626 4 2 5 26 1941 1808 2083 2230
5627 4 2 5 26 1770 2323 2160 2521
5628 4 2 5 26 1959 2304 1758 2366
5629 4 2 5 26 1754 2120 2064 2611
5630 4 2 5 26 1768 1868 2301 2390
5631 4 2 5 26 1759 2084 1922 2389
5632 4 2 5 26 1369 2326 2208 2616
5633 4 2 5 26 2085 2150 1663 2277
5634 4 2 5 26 1747 2056 2145 2536
5635 4 2 5 26 1134 2417 969 2473
5636 4 2 5 26 1830 2452 2177 2490
5637 4 2 5 26 882 1957 1231 2192
5638 4 2 5 26 1771 2671 2509 2676
5639 4 2 5 26 2270 2601 2094 2705
5640 4 2 5 26 1929 2269 2309 2636
5641 4 2 5 26 1751 2115 1917 2306
5642 4 2 5 26 1750 2410 1927 2495
5643 4 2 5 26 930 2176 2326 2600
5644 4 2 5 26 2208 2564 1450 2616
5645 4 2 5 26 1758 1996 2456 2590
5646 4 2 5 26 1749 1990 2246 2529
5647 4 2 5 26 1868 2264 1768 2301
5648 4 2 5 26 1314 1315 1957 2296
5649 4 2 5 26 1800 2046 2437 2451
5650 4 2 5 26 1968 1922 2451 2577
5651 4 2 5 26 395 394 985 2153
5652 4 2 5 26 1880 2486 2176 2660
5653 4 2 5 26 1889 2177 2060 2540
5654 4 2 5 26 2204 2442 1923 2569
5655 4 2 5 26 1763 1921 2180 2599
5656 4 2 5 26 2015 2184 1884 2589
5657 4 2 5 26 381 382 2170 2266
5658 4 2 5 26 1842 2092 1961 2650
5659 4 2 5 26 1775 2218 2191 2672
5660 4 2 5 26 1006 1863 1460 2576
5661 4 2 5 26 2202 2507 2239 2715
5662 4 2 5 26 1904 2207 2180 2475
5663 4 2 5 26 1651 2174 2391 2463
5664 4 2 5 26 1793 2242 2014 2426
5665 4 2 5 26 1879 1804 2064 2550
5666 4 2 5 26 2014 2441 1930 2724
5667 4 2 5 26 1818 1927 2410 2495
5668 4 2 5 26 1793 1930 2441 2724
5669 4 2 5 26 1876 2491 1885 2713
5670 4 2 5 26 1538 1395 2030 2122
5671 4 2 5 26 2116 2191 2132 2673
5672 4 2 5 26 2052 1853 2354 2381
5673 4 2 5 26 2099 2321 1899 2714
5674 4 2 5 26 1093 1890 1088 2531
5675 4 2 5 26 1916 2498 2117 2574
5676 4 2 5 26 1941 2079 1808 2230
5677 4 2 5 26 1893 2168 2097 2719
5678 4 2 5 26 1862 2324 2298 2383
5679 4 2 5 26 1922 2389 2107 2474
5680 4 2 5 26 1691 2007 2150 2644
5681 4 2 5 26 1893 1848 2208 2564
5682 4 2 5 26 1989 2086 2062 2493
5683 4 2 5 26 1828 2188 1976 2413
5684 4 2 5 26 1866 2152 2051 2627
5685 4 2 5 26 1817 2105 2004 2453
5686 4 2 5 26 1662 1942 419 2007
5687 4 2 5 26 1946 2325 2131 2719
5688 4 2 5 26 1783 2172 2042 2469
5689 4 2 5 26 1605 2258 1944 2753
5690 4 2 5 26 915 1870 1099 2251
5691 4 2 5 26 1929 2547 2636 2712
5692 4 2 5 26 1835 2388 2279 2678
5693 4 2 5 26 1950 2167 1941 2725
5694 4 2 5 26 1939 2218 2157 2672
5695 4 2 5 26 1389 1100 1097 2148
5696 4 2 5 26 2053 2248 2105 2680
5697 4 2 5 26 1791 2013 2175 2595
5698 4 2 5 26 2063 2236 1827 2460
5699 4 2 5 26 1932 1940 2159 2619
5700 4 2 5 26 1750 2006 2504 2652
5701 4 2 5 26 1787 2440 1900 2532
5702 4 2 5 26 1906 2317 1975 2350
5703 4 2 5 26 1875 2400 2271 2443
5704 4 2 5 26 1908 2085 2483 2708
5705 4 2 5 26 1817 2453 2004 2680
5706 4 2 5 26 1976 1839 2188 2415
5707 4 2 5 26 1478 2047 2188 2744
5708 4 2 5 26 1705 431 430 2121
5709 4 2 5 26 2124 2228 2000 2357
5710 4 2 5 26 1889 1507 2531 2535
5711 4 2 5 26 2185 2528 1797 2553
5712 4 2 5 26 2152 2448 1998 2458
5713 4 2 5 26 1599 1891 2179 2657
5714 4 2 5 26 1856 2198 2012 2420
5715 4 2 5 26 1586 2179 2111 2675
5716 4 2 5 26 2008 2084 1759 2423
5717 4 2 5 26 420 2117 2209 2579
5718 4 2 5 26 1363 1953 1512 2312
5719 4 2 5 26 1573 2305 1872 2723
5720 4 2 5 26 1009 1997 1244 2633
5721 4 2 5 26 1855 2102 2054 2629
5722 4 2 5 26 1867 2258 1945 2346
5723 4 2 5 26 2194 2195 1843 2416
5724 4 2 5 26 1912 2197 1023 2250
5725 4 2 5 26 1903 2249 2156 2572
5726 4 2 5 26 1818 2139 1927 2297
5727 4 2 5 26 1691 2007 78 2150
5728 4 2 5 26 1832 1953 2130 2637
5729 4 2 5 26 1905 1845 2348 2610
5730 4 2 5 26 2089 2413 2162 2592
5731 4 2 5 26 1768 2264 1868 2390
5732 4 2 5 26 945 942 2170 2598
5733 4 2 5 26 2006 2082 1861 2129
5734 4 2 5 26 1818 2197 1912 2250
5735 4 2 5 26 1866 2538 2043 2634
5736 4 2 5 26 1880 2230 1987 2411
5737 4 2 5 26 1924 1417 2316 2392
5738 4 2 5 26 2254 2387 2018 2496
5739 4 2 5 26 2056 2145 2536 2745
5740 4 2 5 26 1956 2287 1482 2606
5741 4 2 5 26 1183 1184 1085 2378
5742 4 2 5 26 2097 2216 2136 2402
5743 4 2 5 26 1888 1919 2428 2715
5744 4 2 5 26 2219 2395 2077 2431
5745 4 2 5 26 2084 2253 1825 2423
5746 4 2 5 26 431 1702 430 1980
5747 4 2 5 26 1264 2375 2243 2754
5748 4 2 5 26 1306 2039 1173 2189
5749 4 2 5 26 1770 2005 2254 2548
5750 4 2 5 26 1016 2140 1899 2714
5751 4 2 5 26 904 905 1514 2420
5752 4 2 5 26 1771 1898 2671 2676
5753 4 2 5 26 1777 1944 1810 2252
5754 4 2 5 26 1831 1998 2448 2458
5755 4 2 5 26 1803 2181 1961 2352
5756 4 2 5 26 1236 1881 1257 2189
5757 4 2 5 26 2023 2148 1764 2661
5758 4 2 5 26 2112 2526 2189 2732
5759 4 2 5 26 1847 2062 1989 2503
5760 4 2 5 26 1822 1898 2032 2421
5761 4 2 5 26 1750 2030 2017 2741
5762 4 2 5 26 2038 2585 1994 2730
5763 4 2 5 26 1425 1989 1290 2706
5764 4 2 5 26 1413 1415 2024 2738
5765 4 2 5 26 1936 2140 2010 2623
5766 4 2 5 26 1769 2062 1903 2493
5767 4 2 5 26 1696 1686 2271 2333
5768 4 2 5 26 1766 2162 2413 2592
5769 4 2 5 26 1761 1916 2381 2577
5770 4 2 5 26 1400 1870 918 2374
5771 4 2 5 26 2153 2210 396 2589
5772 4 2 5 26 1322 2210 2153 2427
5773 4 2 5 26 1257 1239 2112 2417
5774 4 2 5 26 1999 2378 1122 2461
5775 4 2 5 26 1967 1809 2380 2556
5776 4 2 5 26 1862 2536 2145 2745
5777 4 2 5 26 1951 2238 2377 2479
5778 4 2 5 26 1947 2512 2013 2529
5779 4 2 5 26 1862 2056 2137 2745
5780 4 2 5 26 1748 2042 2231 2628
5781 4 2 5 26 1837 2166 2005 2254
5782 4 2 5 26 2227 2295 1786 2504
5783 4 2 5 26 1801 2218 1952 2425
5784 4 2 5 26 1775 2177 2006 2438
5785 4 2 5 26 2085 2156 1796 2483
5786 4 2 5 26 2080 2401 2337 2558
5787 4 2 5 26 1746 2167 2147 2725
5788 4 2 5 26 2077 2160 1926 2740
5789 4 2 5 26 1315 1957 2296 2482
5790 4 2 5 26 883 1314 1957 2484
5791 4 2 5 26 1989 2679 2033 2706
5792 4 2 5 26 1983 1763 2599 2656
5793 4 2 5 26 2060 2177 2006 2652
5794 4 2 5 26 1894 2406 2362 2436
5795 4 2 5 26 1634 2043 1969 2634
5796 4 2 5 26 1245 1243 1030 2285
5797 4 2 5 26 1817 2141 1985 2281
5798 4 2 5 26 2181 2352 1803 2416
5799 4 2 5 26 1872 2305 1573 2554
5800 4 2 5 26 2037 2416 1843 2449
5801 4 2 5 26 918 1870 915 2243
5802 4 2 5 26 1046 2127 1936 2520
5803 4 2 5 26 1920 2336 2205 2586
5804 4 2 5 26 1784 2048 1969 2508
5805 4 2 5 26 1755 1947 2317 2667
5806 4 2 5 26 2161 2445 2420 2514
5807 4 2 5 26 1826 2182 1995 2239
5808 4 2 5 26 1904 2180 1779 2565
5809 4 2 5 26 1836 2136 1983 2216
5810 4 2 5 26 1500 1502 2223 2351
5811 4 2 5 26 1388 1387 1389 2428
5812 4 2 5 26 1072 2196 1986 2415
5813 4 2 5 26 2099 2275 1814 2602
5814 4 2 5 26 2150 2542 1841 2721
5815 4 2 5 26 1869 2546 1284 2738
5816 4 2 5 26 1806 2232 2047 2480
5817 4 2 5 26 1103 2029 1000 2460
5818 4 2 5 26 1822 2419 2199 2681
5819 4 2 5 26 1751 2303 2018 2496
5820 4 2 5 26 1235 1881 1236 2300
5821 4 2 5 26 1313 1314 1315 1957
5822 4 2 5 26 1893 2325 2097 2564
5823 4 2 5 26 1798 2235 2026 2328
5824 4 2 5 26 2032 2237 1859 2746
5825 4 2 5 26 1768 2035 2112 2468
5826 4 2 5 26 1647 1652 1650 2096
5827 4 2 5 26 1805 2018 2387 2569
5828 4 2 5 26 2168 2627 2051 2719
5829 4 2 5 26 1790 2168 2435 2551
5830 4 2 5 26 398 2210 1545 2477
5831 4 2 5 26 1942 2007 1662 2237
5832 4 2 5 26 2015 2210 2153 2589
5833 4 2 5 26 2079 2241 1882 2265
5834 4 2 5 26 1873 2509 2190 2721
5835 4 2 5 26 1649 2391 2046 2728
5836 4 2 5 26 1079 2113 1601 2163
5837 4 2 5 26 1789 2306 2298 2383
5838 4 2 5 26 1886 2178 2100 2372
5839 4 2 5 26 1943 1817 2105 2343
5840 4 2 5 26 1658 2003 1660 2513
5841 4 2 5 26 1805 2088 2166 2390
5842 4 2 5 26 1396 1594 2118 2170
5843 4 2 5 26 1499 1374 2169 2682
5844 4 2 5 26 1815 2129 2006 2504
5845 4 2 5 26 1779 2180 2100 2565
5846 4 2 5 26 1772 2191 1939 2709
5847 4 2 5 26 1783 2042 2172 2260
5848 4 2 5 26 1955 2319 1913 2691
5849 4 2 5 26 1194 2033 1192 2118
5850 4 2 5 26 2118 2276 1865 2313
5851 4 2 5 26 1310 2491 2461 2704
5852 4 2 5 26 1393 2272 1889 2642
5853 4 2 5 26 2003 2081 1841 2644
5854 4 2 5 26 894 1965 893 2356
5855 4 2 5 26 1746 2262 2026 2414
5856 4 2 5 26 1869 2184 2024 2738
5857 4 2 5 26 1873 2138 1977 2727
5858 4 2 5 26 1632 2258 2199 2603
5859 4 2 5 26 1659 2400 2003 2644
5860 4 2 5 26 1094 2030 1395 2368
5861 4 2 5 26 1577 2118 942 2313
5862 4 2 5 26 947 1451 1919 2428
5863 4 2 5 26 1799 2395 2219 2431
5864 4 2 5 26 1283 1284 2546 2738
5865 4 2 5 26 2163 2240 1177 2515
5866 4 2 5 26 1992 1638 2271 2654
5867 4 2 5 26 1761 2054 2381 2698
5868 4 2 5 26 2046 2437 1939 2617
5869 4 2 5 26 1750 2292 2060 2741
5870 4 2 5 26 1001 2029 2427 2460
5871 4 2 5 26 1921 2131 1763 2327
5872 4 2 5 26 1835 2204 2128 2492
5873 4 2 5 26 2013 2295 2175 2522
5874 4 2 5 26 1812 1921 2370 2599
5875 4 2 5 26 1761 2107 2498 2577
5876 4 2 5 26 1758 2215 2542 2590
5877 4 2 5 26 1866 2051 2323 2739
5878 4 2 5 26 1536 2090 2065 2668
5879 4 2 5 26 1967 2397 2116 2407
5880 4 2 5 26 1972 1748 2353 2718
5881 4 2 5 26 2182 2239 2041 2610
5882 4 2 5 26 1588 387 1015 2321
5883 4 2 5 26 945 943 942 2598
5884 4 2 5 26 1781 1908 2095 2117
5885 4 2 5 26 1671 2171 1973 2604
5886 4 2 5 26 1951 2234 1929 2347
5887 4 2 5 26 964 1104 963 2236
5888 4 2 5 26 2120 2159 1804 2619
5889 4 2 5 26 2041 2182 1826 2239
5890 4 2 5 26 1017 1016 2140 2384
5891 4 2 5 26 1852 2360 1933 2518
5892 4 2 5 26 1752 2000 2128 2228
5893 4 2 5 26 2060 2292 2177 2741
5894 4 2 5 26 1377 1976 2124 2578
5895 4 2 5 26 1788 2532 2093 2707
5896 4 2 5 26 1363 1366 1364 2312
5897 4 2 5 26 1646 1677 2046 2437
5898 4 2 5 26 1659 2003 1658 2225
5899 4 2 5 26 432 1984 1603 2205
5900 4 2 5 26 1504 1275 1303 2519
5901 4 2 5 26 923 2256 935 2340
5902 4 2 5 26 1833 2367 2109 2430
5903 4 2 5 26 1513 1300 2233 2294
5904 4 2 5 26 979 2491 1885 2630
5905 4 2 5 26 2026 2262 2066 2414
5906 4 2 5 26 1792 1906 2187 2382
5907 4 2 5 26 1980 2057 1782 2330
5908 4 2 5 26 1782 1950 2622 2725
5909 4 2 5 26 1987 1808 2230 2697
5910 4 2 5 26 1772 2063 2029 2397
5911 4 2 5 26 1881 2414 2147 2732
5912 4 2 5 26 1654 2104 1684 2209
5913 4 2 5 26 2100 2180 1921 2565
5914 4 2 5 26 2004 2105 1817 2343
5915 4 2 5 26 1137 1080 2179 2657
5916 4 2 5 26 1767 1985 2516 2658
5917 4 2 5 26 1346 2208 958 2666
5918 4 2 5 26 2190 1918 2365 2721
5919 4 2 5 26 1796 2362 2086 2432
5920 4 2 5 26 959 1987 941 2561
5921 4 2 5 26 1786 2640 1993 2648
5922 4 2 5 26 1407 2363 1406 2573
5923 4 2 5 26 1868 2264 2301 2328
5924 4 2 5 26 1339 1338 1423 2311
5925 4 2 5 26 1960 2102 2065 2629
5926 4 2 5 26 1214 1967 1348 2556
5927 4 2 5 26 1338 2378 2005 2461
5928 4 2 5 26 1750 2060 2006 2652
5929 4 2 5 26 1804 1879 2074 2160
5930 4 2 5 26 1793 2441 2320 2683
5931 4 2 5 26 1548 2576 2193 2583
5932 4 2 5 26 1187 2112 1239 2468
5933 4 2 5 26 2041 1864 2293 2716
5934 4 2 5 26 1954 2388 2264 2530
5935 4 2 5 26 1913 2581 2127 2623
5936 4 2 5 26 2319 2542 1918 2590
5937 4 2 5 26 1983 873 2216 2656
5938 4 2 5 26 1861 2157 2046 2728
5939 4 2 5 26 1882 2241 2066 2262
5940 4 2 5 26 1097 1389 2148 2641
5941 4 2 5 26 1885 2219 2431 2713
5942 4 2 5 26 905 1513 1514 1925
5943 4 2 5 26 2192 2482 2109 2751
5944 4 2 5 26 1813 2117 1864 2209
5945 4 2 5 26 1975 1776 2667 2737
5946 4 2 5 26 1867 2199 1991 2258
5947 4 2 5 26 2143 2382 2187 2571
5948 4 2 5 26 875 874 2097 2564
5949 4 2 5 26 1761 2107 1922 2354
5950 4 2 5 26 1168 1847 2329 2594
5951 4 2 5 26 1539 2038 955 2591
5952 4 2 5 26 1774 1995 2182 2239
5953 4 2 5 26 1104 2063 2236 2466
5954 4 2 5 26 1948 1980 1782 2330
5955 4 2 5 26 1840 2249 1903 2572
5956 4 2 5 26 897 898 2022 2244
5957 4 2 5 26 2212 2259 1759 2423
5958 4 2 5 26 1785 2087 2267 2540
5959 4 2 5 26 1677 2157 2046 2437
5960 4 2 5 26 2014 2351 1987 2638
5961 4 2 5 26 1917 2115 1788 2532
5962 4 2 5 26 2096 2350 1627 2444
5963 4 2 5 26 1417 1418 1342 2316
5964 4 2 5 26 2075 2613 2114 2736
5965 4 2 5 26 1957 2192 882 2364
5966 4 2 5 26 1771 2015 2008 2605
5967 4 2 5 26 2077 2694 1866 2740
5968 4 2 5 26 1892 2328 2235 2582
5969 4 2 5 26 1852 2108 1943 2409
5970 4 2 5 26 1777 1944 2252 2560
5971 4 2 5 26 80 1981 2288 2475
5972 4 2 5 26 1577 1194 2118 2313
5973 4 2 5 26 1232 1233 1407 2211
5974 4 2 5 26 1679 1603 1634 1969
5975 4 2 5 26 1290 1425 1429 1989
5976 4 2 5 26 1792 2341 2080 2488
5977 4 2 5 26 882 1957 2364 2484
5978 4 2 5 26 1115 2562 2291 2614
5979 4 2 5 26 1939 2404 2253 2421
5980 4 2 5 26 2007 2215 1841 2225
5981 4 2 5 26 1298 2233 2011 2543
5982 4 2 5 26 2143 2187 1816 2205
5983 4 2 5 26 1860 2381 2054 2698
5984 4 2 5 26 2000 2228 2124 2635
5985 4 2 5 26 2091 2472 1614 2530
5986 4 2 5 26 2307 2448 2152 2458
5987 4 2 5 26 1751 2115 2018 2303
5988 4 2 5 26 954 1994 956 2315
5989 4 2 5 26 2208 2326 1998 2616
5990 4 2 5 26 968 969 2072 2473
5991 4 2 5 26 1881 2147 2300 2533
5992 4 2 5 26 1511 1487 1229 1986
5993 4 2 5 26 1216 1213 1144 2407
5994 4 2 5 26 1983 2136 2067 2599
5995 4 2 5 26 1765 2222 1909 2260
5996 4 2 5 26 2099 2338 1911 2457
5997 4 2 5 26 1894 1865 2313 2406
5998 4 2 5 26 2209 2534 1916 2574
5999 4 2 5 26 1979 2179 1852 2360
6000 4 2 5 26 1812 2067 1983 2285
6001 4 2 5 26 1050 2183 1051 2289
6002 4 2 5 26 1270 1458 1432 2356
6003 4 2 5 26 1925 2233 1514 2420
6004 4 2 5 26 1803 2339 2076 2720
6005 4 2 5 26 1471 2124 2494 2527
6006 4 2 5 26 1843 2449 1958 2624
6007 4 2 5 26 2042 2231 1938 2499
6008 4 2 5 26 1045 1574 2010 2140
6009 4 2 5 26 1283 2361 1207 2738
6010 4 2 5 26 1429 1493 1430 2123
6011 4 2 5 26 2032 2513 1636 2603
6012 4 2 5 26 1781 2247 2474 2727
6013 4 2 5 26 1759 2389 1966 2423
6014 4 2 5 26 1793 2426 2013 2734
6015 4 2 5 26 1833 2074 2064 2303
6016 4 2 5 26 1926 2517 2125 2740
6017 4 2 5 26 1416 2019 1329 2349
6018 4 2 5 26 1787 2163 2464 2731
6019 4 2 5 26 1884 2184 2015 2398
6020 4 2 5 26 1806 1943 2105 2206
6021 4 2 5 26 1975 2640 1776 2737
6022 4 2 5 26 1648 2085 2156 2255
6023 4 2 5 26 1984 2142 432 2621
6024 4 2 5 26 1695 411 1698 1935
6025 4 2 5 26 1754 2109 1997 2611
6026 4 2 5 26 1854 2147 1950 2219
6027 4 2 5 26 1154 2409 2108 2450
6028 4 2 5 26 1302 966 2211 2473
6029 4 2 5 26 1869 2393 1284 2546
6030 4 2 5 26 1598 1367 1586 2502
6031 4 2 5 26 78 2150 2007 2277
6032 4 2 5 26 1019 2103 993 2485
6033 4 2 5 26 1278 2148 1107 2641
6034 4 2 5 26 1267 1453 1961 2181
6035 4 2 5 26 1202 2409 2340 2612
6036 4 2 5 26 1970 2324 2165 2333
6037 4 2 5 26 1653 1639 2098 2729
6038 4 2 5 26 1382 2283 1383 2642
6039 4 2 5 26 2173 2226 1904 2544
6040 4 2 5 26 1546 2477 2210 2524
6041 4 2 5 26 1838 2140 1899 2384
6042 4 2 5 26 1417 1342 1924 2316
6043 4 2 5 26 978 1885 979 2491
6044 4 2 5 26 1747 2310 1933 2518
6045 4 2 5 26 1868 2091 1954 2530
6046 4 2 5 26 2286 2494 1937 2693
6047 4 2 5 26 1412 2373 2347 2374
6048 4 2 5 26 2053 2346 2232 2567
6049 4 2 5 26 896 897 898 2022
6050 4 2 5 26 1956 2132 2287 2438
6051 4 2 5 26 1896 1961 2484 2653
6052 4 2 5 26 1774 2625 2500 2689
6053 4 2 5 26 1074 1951 951 2238
6054 4 2 5 26 1875 2310 2559 2615
6055 4 2 5 26 1818 2235 2197 2582
6056 4 2 5 26 1189 1958 1292 2688
6057 4 2 5 26 1772 2261 2380 2709
6058 4 2 5 26 1818 2235 2139 2297
6059 4 2 5 26 1667 1940 2207 2475
6060 4 2 5 26 1264 2373 2243 2375
6061 4 2 5 26 990 888 2198 2668
6062 4 2 5 26 392 1949 993 2399
6063 4 2 5 26 1753 2446 1950 2588
6064 4 2 5 26 1976 2089 1839 2415
6065 4 2 5 26 1874 1760 2165 2443
6066 4 2 5 26 397 2210 2213 2589
6067 4 2 5 26 1804 2160 2074 2323
6068 4 2 5 26 1022 2197 2189 2526
6069 4 2 5 26 1315 1313 1957 2482
6070 4 2 5 26 1988 2687 2339 2720
6071 4 2 5 26 2038 2545 2035 2573
6072 4 2 5 26 1909 2255 2098 2260
6073 4 2 5 26 1848 2136 2097 2168
6074 4 2 5 26 1642 1932 2159 2665
6075 4 2 5 26 1826 2501 2202 2543
6076 4 2 5 26 2156 2483 2085 2708
6077 4 2 5 26 1631 1680 1632 1991
6078 4 2 5 26 1088 1089 2267 2273
6079 4 2 5 26 1050 2183 2289 2562
6080 4 2 5 26 1929 2090 1963 2547
6081 4 2 5 26 1840 2293 2249 2572
6082 4 2 5 26 1761 2354 1960 2394
6083 4 2 5 26 1407 1219 2092 2211
6084 4 2 5 26 1930 2351 2014 2724
6085 4 2 5 26 1758 2319 1955 2497
6086 4 2 5 26 2033 2329 1964 2555
6087 4 2 5 26 2299 2487 1341 2616
6088 4 2 5 26 2215 2456 2069 2590
6089 4 2 5 26 1599 1891 1079 2541
6090 4 2 5 26 1764 2054 2401 2558
6091 4 2 5 26 1797 2111 2036 2502
6092 4 2 5 26 2097 2168 1763 2719
6093 4 2 5 26 1873 2190 2365 2721
6094 4 2 5 26 2012 2507 2501 2641
6095 4 2 5 26 1941 2167 1950 2446
6096 4 2 5 26 1891 2031 2360 2478
6097 4 2 5 26 1347 1439 2549 2755
6098 4 2 5 26 1660 2003 1659 2400
6099 4 2 5 26 1830 2490 2177 2575
6100 4 2 5 26 1833 2296 1895 2303
6101 4 2 5 26 1429 1424 1493 2123
6102 4 2 5 26 1485 1476 2047 2188
6103 4 2 5 26 1929 2636 1809 2712
6104 4 2 5 26 1800 1922 2084 2451
6105 4 2 5 26 1755 1975 2268 2269
6106 4 2 5 26 1330 2349 2019 2384
6107 4 2 5 26 1905 2500 1981 2610
6108 4 2 5 26 1772 2029 2063 2670
6109 4 2 5 26 1175 1196 1591 2291
6110 4 2 5 26 1928 2250 1818 2297
6111 4 2 5 26 923 2141 925 2256
6112 4 2 5 26 2176 2326 1831 2486
6113 4 2 5 26 2000 2128 1878 2684
6114 4 2 5 26 1129 1946 1007 2583
6115 4 2 5 26 1393 2272 1392 2535
6116 4 2 5 26 1313 883 1314 1957
6117 4 2 5 26 2043 1866 2517 2739
6118 4 2 5 26 1985 2141 1230 2312
6119 4 2 5 26 1773 2433 2048 2486
6120 4 2 5 26 1969 2048 1784 2307
6121 4 2 5 26 1828 2228 2124 2357
6122 4 2 5 26 1231 1957 1313 2482
6123 4 2 5 26 1809 2203 2566 2648
6124 4 2 5 26 1948 1980 2142 2621
6125 4 2 5 26 1788 2093 2224 2707
6126 4 2 5 26 1775 2191 2132 2438
6127 4 2 5 26 1989 1894 2493 2679
6128 4 2 5 26 1847 1989 2062 2679
6129 4 2 5 26 1235 1257 1881 2417
6130 4 2 5 26 1889 2470 2177 2540
6131 4 2 5 26 1811 2257 2323 2583
6132 4 2 5 26 2015 2253 1825 2404
6133 4 2 5 26 78 2007 419 2277
6134 4 2 5 26 1243 1983 873 2216
6135 4 2 5 26 1974 2266 1774 2625
6136 4 2 5 26 1920 2187 1962 2586
6137 4 2 5 26 1571 1465 2487 2583
6138 4 2 5 26 1599 1360 1598 2541
6139 4 2 5 26 905 2099 902 2321
6140 4 2 5 26 1768 1954 2264 2390
6141 4 2 5 26 1750 1927 2139 2504
6142 4 2 5 26 1818 2368 2410 2582
6143 4 2 5 26 1844 2499 2042 2528
6144 4 2 5 26 2072 2417 2035 2473
6145 4 2 5 26 1209 1982 2392 2682
6146 4 2 5 26 1636 2237 2225 2513
6147 4 2 5 26 1500 2351 1930 2724
6148 4 2 5 26 2173 1904 2475 2544
6149 4 2 5 26 1357 1965 894 2356
6150 4 2 5 26 2059 2171 1978 2604
6151 4 2 5 26 1133 1428 1419 2127
6152 4 2 5 26 1936 2050 1913 2623
6153 4 2 5 26 2112 2229 1881 2417
6154 4 2 5 26 1877 2212 2153 2423
6155 4 2 5 26 1786 2002 1973 2463
6156 4 2 5 26 1784 2083 2230 2645
6157 4 2 5 26 1875 2119 1778 2702
6158 4 2 5 26 2046 2157 1939 2437
6159 4 2 5 26 1937 2283 1994 2570
6160 4 2 5 26 2115 2383 1788 2532
6161 4 2 5 26 2202 1888 2507 2715
6162 4 2 5 26 1667 1940 1640 2207
6163 4 2 5 26 1915 2057 1980 2471
6164 4 2 5 26 1802 1937 2286 2527
6165 4 2 5 26 1874 2271 2165 2333
6166 4 2 5 26 1757 2406 2011 2436
6167 4 2 5 26 1954 2088 1805 2390
6168 4 2 5 26 1954 2204 1835 2388
6169 4 2 5 26 1821 2103 1949 2399
6170 4 2 5 26 1765 2580 1955 2691
6171 4 2 5 26 406 2173 1609 2293
6172 4 2 5 26 1982 2497 2361 2554
6173 4 2 5 26 1790 2152 2307 2538
6174 4 2 5 26 2264 2388 1978 2530
6175 4 2 5 26 1770 2005 2166 2254
6176 4 2 5 26 1991 2419 1830 2681
6177 4 2 5 26 995 2201 1235 2300
6178 4 2 5 26 1129 1946 1130 2299
6179 4 2 5 26 1284 2393 1869 2738
6180 4 2 5 26 1824 2071 1779 2224
6181 4 2 5 26 1624 1645 2534 2574
6182 4 2 5 26 1875 1992 2119 2702
6183 4 2 5 26 1996 2361 1498 2546
6184 4 2 5 26 1282 2563 1928 2699
6185 4 2 5 26 1552 1982 1590 2305
6186 4 2 5 26 1794 2542 2150 2721
6187 4 2 5 26 1904 1819 2173 2475
6188 4 2 5 26 1005 1946 1129 2325
6189 4 2 5 26 2132 2287 2116 2673
6190 4 2 5 26 2257 2491 1318 2630
6191 4 2 5 26 915 2243 1870 2251
6192 4 2 5 26 2072 2229 2035 2417
6193 4 2 5 26 1817 2105 2453 2680
6194 4 2 5 26 1920 2341 2070 2715
6195 4 2 5 26 919 921 1411 2674
6196 4 2 5 26 405 1648 2085 2708
6197 4 2 5 26 1861 1993 2174 2709
6198 4 2 5 26 1993 2380 1853 2709
6199 4 2 5 26 1858 2375 2014 2733
6200 4 2 5 26 1793 2418 2013 2426
6201 4 2 5 26 2053 2105 1887 2750
6202 4 2 5 26 1079 1891 1599 2657
6203 4 2 5 26 1952 2132 1871 2477
6204 4 2 5 26 1998 1811 2299 2487
6205 4 2 5 26 1789 1935 2114 2383
6206 4 2 5 26 1918 2542 2215 2590
6207 4 2 5 26 1874 2324 1935 2333
6208 4 2 5 26 1431 1433 1270 2065
6209 4 2 5 26 2041 2104 1845 2155
6210 4 2 5 26 1854 2201 2147 2533
6211 4 2 5 26 1320 979 1885 2630
6212 4 2 5 26 1751 1917 2137 2306
6213 4 2 5 26 1802 1937 2527 2585
6214 4 2 5 26 2262 2330 1782 2626
6215 4 2 5 26 2194 2346 2232 2596
6216 4 2 5 26 2220 2457 2054 2514
6217 4 2 5 26 1852 2450 2409 2675
6218 4 2 5 26 1267 1896 1266 2688
6219 4 2 5 26 1876 2491 2201 2704
6220 4 2 5 26 1796 2126 2362 2432
6221 4 2 5 26 2239 2348 1919 2715
6222 4 2 5 26 1882 2013 2175 2734
6223 4 2 5 26 1874 2093 1935 2324
6224 4 2 5 26 1652 1650 2096 2174
6225 4 2 5 26 1811 2630 2110 2694
6226 4 2 5 26 2008 2247 1800 2676
6227 4 2 5 26 1791 2317 2382 2571
6228 4 2 5 26 1861 2046 1939 2709
6229 4 2 5 26 2057 2059 1883 2335
6230 4 2 5 26 1868 1954 2264 2530
6231 4 2 5 26 1617 1978 2530 2604
6232 4 2 5 26 1983 2136 2097 2216
6233 4 2 5 26 1181 2163 1116 2240
6234 4 2 5 26 1954 2091 1868 2390
6235 4 2 5 26 1981 2293 406 2716
6236 4 2 5 26 1779 2372 2120 2557
6237 4 2 5 26 1090 1088 1890 2531
6238 4 2 5 26 1812 2565 1921 2599
6239 4 2 5 26 1864 2334 2249 2607
6240 4 2 5 26 1245 2285 1030 2631
6241 4 2 5 26 2059 2335 2057 2530
6242 4 2 5 26 1964 2329 2073 2555
6243 4 2 5 26 2162 2346 1839 2658
6244 4 2 5 26 1330 2019 1588 2384
6245 4 2 5 26 1962 2187 1656 2586
6246 4 2 5 26 1882 1948 2265 2659
6247 4 2 5 26 1893 2627 2168 2719
6248 4 2 5 26 1860 2337 2054 2381
6249 4 2 5 26 1770 2166 2005 2742
6250 4 2 5 26 1750 2030 2410 2495
6251 4 2 5 26 1974 2136 1836 2216
6252 4 2 5 26 2015 1884 2213 2589
6253 4 2 5 26 1096 1107 2148 2661
6254 4 2 5 26 1971 2499 2106 2735
6255 4 2 5 26 1154 1185 2409 2450
6256 4 2 5 26 1880 2433 2486 2660
6257 4 2 5 26 1808 2223 2167 2552
6258 4 2 5 26 1019 1045 1018 1936
6259 4 2 5 26 1890 1093 2368 2531
6260 4 2 5 26 2013 1755 2295 2522
6261 4 2 5 26 1910 2468 1188 2591
6262 4 2 5 26 1923 2252 2158 2298
6263 4 2 5 26 1981 2173 406 2293
6264 4 2 5 26 1870 2251 2465 2488
6265 4 2 5 26 1755 2317 1975 2667
6266 4 2 5 26 1775 1952 2218 2425
6267 4 2 5 26 1994 2527 1937 2585
6268 4 2 5 26 1221 2078 1961 2650
6269 4 2 5 26 1964 2073 2422 2555
6270 4 2 5 26 1347 2326 1481 2755
6271 4 2 5 26 1674 2336 2314 2586
6272 4 2 5 26 904 876 878 2338
6273 4 2 5 26 2025 2024 2429 2459
6274 4 2 5 26 1811 1885 2257 2630
6275 4 2 5 26 1422 1070 928 1976
6276 4 2 5 26 993 1949 392 2485
6277 4 2 5 26 2340 2409 1943 2612
6278 4 2 5 26 1789 2075 2068 2569
6279 4 2 5 26 1796 2156 2085 2255
6280 4 2 5 26 1989 2493 2062 2679
6281 4 2 5 26 875 2325 2097 2656
6282 4 2 5 26 1006 1380 1460 2489
6283 4 2 5 26 1023 1312 1912 2250
6284 4 2 5 26 1795 1949 2245 2259
6285 4 2 5 26 1500 1930 1307 2724
6286 4 2 5 26 1953 2151 2130 2539
6287 4 2 5 26 2069 2281 2040 2398
6288 4 2 5 26 946 2149 1457 2428
6289 4 2 5 26 1800 2046 2451 2617
6290 4 2 5 26 1580 2300 997 2748
6291 4 2 5 26 1783 1992 2081 2702
6292 4 2 5 26 1253 2238 1928 2563
6293 4 2 5 26 1156 1566 1027 2284
6294 4 2 5 26 1809 2309 2269 2636
6295 4 2 5 26 1762 2059 1883 2626
6296 4 2 5 26 1830 2020 2419 2490
6297 4 2 5 26 2046 2174 1853 2709
6298 4 2 5 26 1124 1998 1120 2487
6299 4 2 5 26 2049 2442 1810 2492
6300 4 2 5 26 2249 2293 2156 2572
6301 4 2 5 26 1339 1423 966 2311
6302 4 2 5 26 1826 1995 2182 2543
6303 4 2 5 26 1780 1970 2252 2298
6304 4 2 5 26 938 1986 2089 2415
6305 4 2 5 26 1983 2097 1763 2656
6306 4 2 5 26 1904 2544 2226 2722
6307 4 2 5 26 2298 2306 2076 2383
6308 4 2 5 26 1754 2109 1917 2440
6309 4 2 5 26 2154 2402 1281 2666
6310 4 2 5 26 2131 2325 1316 2656
6311 4 2 5 26 1918 1795 2190 2365
6312 4 2 5 26 2106 1844 2562 2614
6313 4 2 5 26 1877 2184 2024 2605
6314 4 2 5 26 1798 2235 2328 2582
6315 4 2 5 26 1618 2171 1672 2530
6316 4 2 5 26 1884 2141 2393 2398
6317 4 2 5 26 2035 2473 1135 2573
6318 4 2 5 26 2240 2439 1886 2633
6319 4 2 5 26 938 2089 1986 2506
6320 4 2 5 26 2012 2198 1856 2445
6321 4 2 5 26 1835 2279 1991 2678
6322 4 2 5 26 1919 2144 2154 2549
6323 4 2 5 26 390 2010 2275 2399
6324 4 2 5 26 2166 2431 1876 2742
6325 4 2 5 26 1538 2122 2030 2584
6326 4 2 5 26 1958 2416 2181 2449
6327 4 2 5 26 1981 406 2314 2716
6328 4 2 5 26 1939 2218 2404 2421
6329 4 2 5 26 393 994 1949 2245
6330 4 2 5 26 1397 1376 2106 2515
6331 4 2 5 26 1822 2322 2421 2746
6332 4 2 5 26 1973 2391 2129 2403
6333 4 2 5 26 1474 381 1974 2266
6334 4 2 5 26 1816 1948 2265 2595
6335 4 2 5 26 910 1960 1432 2356
6336 4 2 5 26 1536 1272 2065 2090
6337 4 2 5 26 1752 2128 2000 2684
6338 4 2 5 26 1896 2364 1266 2688
6339 4 2 5 26 1941 1950 1753 2446
6340 4 2 5 26 2129 2318 1830 2681
6341 4 2 5 26 1806 1985 2196 2516
6342 4 2 5 26 1783 2098 1992 2231
6343 4 2 5 26 1656 1655 1622 1962
6344 4 2 5 26 2029 2427 1966 2670
6345 4 2 5 26 2152 1866 2694 2740
6346 4 2 5 26 1796 2249 2086 2362
6347 4 2 5 26 2088 2166 1837 2749
6348 4 2 5 26 1817 1985 2256 2516
6349 4 2 5 26 74 1281 1474 2402
6350 4 2 5 26 2244 2510 1013 2568
6351 4 2 5 26 1757 2019 2362 2376
6352 4 2 5 26 1985 1817 2281 2516
6353 4 2 5 26 1801 2404 2210 2477
6354 4 2 5 26 1925 2161 2420 2514
6355 4 2 5 26 1108 2012 1107 2661
6356 4 2 5 26 1917 2137 2306 2532
6357 4 2 5 26 2130 2151 1801 2539
6358 4 2 5 26 1804 2159 2160 2739
6359 4 2 5 26 406 1608 1609 2173
6360 4 2 5 26 1855 2090 2065 2547
6361 4 2 5 26 1529 2017 900 2584
6362 4 2 5 26 1758 2366 1955 2542
6363 4 2 5 26 1921 1763 2131 2599
6364 4 2 5 26 1656 2187 1962 2444
6365 4 2 5 26 399 1952 2151 2477
6366 4 2 5 26 1674 1687 2336 2586
6367 4 2 5 26 2146 2262 1782 2626
6368 4 2 5 26 958 1346 1347 2208
6369 4 2 5 26 1845 2104 2041 2716
6370 4 2 5 26 1761 2220 1916 2498
6371 4 2 5 26 2148 2507 2012 2641
6372 4 2 5 26 1961 2078 2484 2653
6373 4 2 5 26 1808 1934 2379 2446
6374 4 2 5 26 2131 2599 1763 2656
6375 4 2 5 26 1918 2190 2024 2605
6376 4 2 5 26 1808 2446 2379 2552
6377 4 2 5 26 1180 1177 2163 2240
6378 4 2 5 26 1846 2042 2231 2260
6379 4 2 5 26 2097 2136 1848 2402
6380 4 2 5 26 2462 2617 2084 2670
6381 4 2 5 26 1588 2019 386 2294
6382 4 2 5 26 1840 2182 2041 2610
6383 4 2 5 26 1849 2411 1990 2465
6384 4 2 5 26 1122 1999 2461 2491
6385 4 2 5 26 1688 1701 2142 2143
6386 4 2 5 26 1993 1853 2174 2709
6387 4 2 5 26 941 2134 1987 2638
6388 4 2 5 26 1288 947 1451 1919
6389 4 2 5 26 1914 2559 2310 2615
6390 4 2 5 26 1783 1992 2119 2553
6391 4 2 5 26 1759 2389 2474 2525
6392 4 2 5 26 1877 2259 2212 2423
6393 4 2 5 26 1811 1885 2630 2694
6394 4 2 5 26 1186 2267 1910 2591
6395 4 2 5 26 1839 2346 2162 2413
6396 4 2 5 26 1621 2331 1613 2736
6397 4 2 5 26 1846 2308 2231 2628
6398 4 2 5 26 1966 2084 1825 2423
6399 4 2 5 26 1756 2126 2432 2623
6400 4 2 5 26 949 2302 1951 2347
6401 4 2 5 26 1539 2468 2038 2591
6402 4 2 5 26 979 978 1320 1885
6403 4 2 5 26 1477 2196 2047 2620
6404 4 2 5 26 1981 2288 1905 2314
6405 4 2 5 26 1957 2482 2192 2751
6406 4 2 5 26 2171 2335 2059 2530
6407 4 2 5 26 1873 2008 2190 2509
6408 4 2 5 26 1896 2339 1961 2653
6409 4 2 5 26 1989 1838 2123 2581
6410 4 2 5 26 1626 2255 2572 2729
6411 4 2 5 26 2166 2254 1837 2749
6412 4 2 5 26 971 2111 1203 2409
6413 4 2 5 26 2219 2395 1950 2740
6414 4 2 5 26 947 946 1457 2428
6415 4 2 5 26 1130 1946 1129 2583
6416 4 2 5 26 1633 1932 1640 2665
6417 4 2 5 26 1236 2039 996 2300
6418 4 2 5 26 2075 2114 2068 2736
6419 4 2 5 26 1473 1937 1353 2467
6420 4 2 5 26 2109 2192 1901 2608
6421 4 2 5 26 2201 2300 2147 2533
6422 4 2 5 26 2022 2272 907 2510
6423 4 2 5 26 961 962 963 2460
6424 4 2 5 26 1831 2448 2307 2458
6425 4 2 5 26 1300 1298 2233 2294
6426 4 2 5 26 1253 1251 1282 1928
6427 4 2 5 26 1134 969 967 2473
6428 4 2 5 26 1917 2306 2383 2532
6429 4 2 5 26 1763 1940 2180 2619
6430 4 2 5 26 1879 2159 1804 2550
6431 4 2 5 26 1292 1549 2181 2424
6432 4 2 5 26 1758 1955 2319 2542
6433 4 2 5 26 1805 2018 2254 2387
6434 4 2 5 26 1301 1983 2285 2370
6435 4 2 5 26 1582 2320 2242 2724
6436 4 2 5 26 2132 2191 1871 2673
6437 4 2 5 26 1893 2564 2208 2616
6438 4 2 5 26 388 1899 1015 2321
6439 4 2 5 26 1839 2089 1976 2413
6440 4 2 5 26 949 1951 1076 2347
6441 4 2 5 26 1918 1795 2365 2429
6442 4 2 5 26 2267 2273 1910 2408
6443 4 2 5 26 1469 1531 395 1877
6444 4 2 5 26 1676 1981 406 2314
6445 4 2 5 26 1799 2229 2166 2533
6446 4 2 5 26 2127 2581 2537 2623
6447 4 2 5 26 1035 1076 2309 2347
6448 4 2 5 26 1192 2118 1964 2631
6449 4 2 5 26 1473 2283 1937 2467
6450 4 2 5 26 1903 2476 1840 2572
6451 4 2 5 26 1748 2628 2044 2718
6452 4 2 5 26 1803 1988 2339 2720
6453 4 2 5 26 1826 2155 2239 2507
6454 4 2 5 26 2287 2407 1147 2606
6455 4 2 5 26 1912 2235 2066 2414
6456 4 2 5 26 1811 2152 1998 2627
6457 4 2 5 26 1979 2342 1143 2609
6458 4 2 5 26 1764 2012 2155 2445
6459 4 2 5 26 1663 1691 78 2150
6460 4 2 5 26 2060 2177 1889 2741
6461 4 2 5 26 1853 2052 2354 2646
6462 4 2 5 26 1550 2149 933 2755
6463 4 2 5 26 1842 2649 2496 2650
6464 4 2 5 26 1426 1523 877 1911
6465 4 2 5 26 2006 2403 1750 2504
6466 4 2 5 26 1930 2320 1307 2724
6467 4 2 5 26 1120 1341 2487 2616
6468 4 2 5 26 1118 1995 889 2598
6469 4 2 5 26 1487 1986 1072 2196
6470 4 2 5 26 968 967 969 2473
6471 4 2 5 26 899 1897 1164 2584
6472 4 2 5 26 2299 2487 1811 2583
6473 4 2 5 26 2331 2613 2075 2736
6474 4 2 5 26 906 2132 1483 2287
6475 4 2 5 26 1929 2309 1809 2636
6476 4 2 5 26 1813 2155 2041 2161
6477 4 2 5 26 1788 2093 1935 2094
6478 4 2 5 26 1897 2479 1928 2495
6479 4 2 5 26 1069 2089 928 2415
6480 4 2 5 26 1808 2351 2079 2711
6481 4 2 5 26 1512 1363 1515 1953
6482 4 2 5 26 1309 1308 980 2201
6483 4 2 5 26 1804 2120 2064 2550
6484 4 2 5 26 1897 2268 2479 2495
6485 4 2 5 26 2147 2039 2300 2748
6486 4 2 5 26 1028 1027 1566 1934
6487 4 2 5 26 2110 2448 2152 2694
6488 4 2 5 26 1376 1971 1335 2562
6489 4 2 5 26 1827 2261 2354 2646
6490 4 2 5 26 1748 2183 1971 2499
6491 4 2 5 26 1906 2187 2382 2571
6492 4 2 5 26 2071 2353 1886 2369
6493 4 2 5 26 1796 2432 2222 2647
6494 4 2 5 26 1959 1778 2119 2702
6495 4 2 5 26 2084 2462 1825 2617
6496 4 2 5 26 1777 1810 1944 2258
6497 4 2 5 26 1998 2110 2284 2448
6498 4 2 5 26 1582 1581 2242 2320
6499 4 2 5 26 1772 2617 2261 2709
6500 4 2 5 26 1930 2079 2351 2711
6501 4 2 5 26 1118 2266 1995 2598
6502 4 2 5 26 1631 1632 1606 2258
6503 4 2 5 26 1890 2060 2408 2540
6504 4 2 5 26 1134 2035 2417 2473
6505 4 2 5 26 1656 1962 1622 2444
6506 4 2 5 26 2210 2477 1871 2524
6507 4 2 5 26 937 2089 936 2568
6508 4 2 5 26 1985 2141 1817 2256
6509 4 2 5 26 1648 2156 2085 2708
6510 4 2 5 26 1264 2134 2375 2754
6511 4 2 5 26 1805 2075 2371 2386
6512 4 2 5 26 1766 2286 1976 2413
6513 4 2 5 26 387 1588 2294 2321
6514 4 2 5 26 2008 2015 1877 2605
6515 4 2 5 26 1961 2649 2078 2653
6516 4 2 5 26 1426 1911 877 2511
6517 4 2 5 26 1911 2338 877 2511
6518 4 2 5 26 1812 1921 2178 2370
6519 4 2 5 26 1311 1022 1023 1912
6520 4 2 5 26 1993 2651 2380 2709
6521 4 2 5 26 1825 2462 2084 2670
6522 4 2 5 26 1804 2323 2051 2739
6523 4 2 5 26 2086 2362 2249 2493
6524 4 2 5 26 1795 2429 2024 2459
6525 4 2 5 26 1781 2474 1977 2727
6526 4 2 5 26 1844 2042 2183 2289
6527 4 2 5 26 1771 2398 2015 2605
6528 4 2 5 26 2017 2535 2292 2741
6529 4 2 5 26 1772 2651 2191 2709
6530 4 2 5 26 399 1408 1952 2477
6531 4 2 5 26 2106 1797 2541 2735
6532 4 2 5 26 2133 2221 1809 2712
6533 4 2 5 26 2003 2453 1778 2615
6534 4 2 5 26 984 2153 985 2427
6535 4 2 5 26 2029 2397 1211 2524
6536 4 2 5 26 1807 2353 1971 2735
6537 4 2 5 26 1901 2192 1127 2608
6538 4 2 5 26 1486 2012 1108 2661
6539 4 2 5 26 915 1099 1870 2700
6540 4 2 5 26 2018 2115 1751 2687
6541 4 2 5 26 1790 2307 2152 2458
6542 4 2 5 26 1839 2162 2089 2413
6543 4 2 5 26 1977 2474 2247 2727
6544 4 2 5 26 1872 1996 2340 2343
6545 4 2 5 26 1990 1947 2246 2529
6546 4 2 5 26 2018 2074 1879 2359
6547 4 2 5 26 2502 2528 2106 2614
6548 4 2 5 26 1644 2094 1695 2665
6549 4 2 5 26 2041 2293 1840 2716
6550 4 2 5 26 991 887 888 2338
6551 4 2 5 26 1826 2233 2012 2501
6552 4 2 5 26 1844 2164 2036 2528
6553 4 2 5 26 1555 2132 1285 2477
6554 4 2 5 26 2119 2443 1875 2553
6555 4 2 5 26 2005 2254 1895 2597
6556 4 2 5 26 1005 1129 1946 2576
6557 4 2 5 26 2109 2440 2192 2751
6558 4 2 5 26 1972 2353 1971 2439
6559 4 2 5 26 1931 2181 1224 2674
6560 4 2 5 26 1816 1948 2034 2265
6561 4 2 5 26 2173 1609 2293 2572
6562 4 2 5 26 1757 2334 2161 2376
6563 4 2 5 26 1748 2308 2044 2628
6564 4 2 5 26 1312 1912 2250 2320
6565 4 2 5 26 2232 2567 1777 2750
6566 4 2 5 26 2187 2205 1920 2669
6567 4 2 5 26 2045 1880 2433 2486
6568 4 2 5 26 1761 2381 1916 2698
6569 4 2 5 26 1834 2291 2036 2305
6570 4 2 5 26 1652 1647 1646 2263
6571 4 2 5 26 1996 1817 2456 2546
6572 4 2 5 26 1906 1962 2444 2737
6573 4 2 5 26 1223 1961 1453 2181
6574 4 2 5 26 2178 2358 1972 2718
6575 4 2 5 26 1783 2081 1992 2098
6576 4 2 5 26 2182 2610 1840 2689
6577 4 2 5 26 2161 2376 2334 2514
6578 4 2 5 26 1865 2118 2447 2505
6579 4 2 5 26 1814 2095 2126 2607
6580 4 2 5 26 2212 2525 1949 2587
6581 4 2 5 26 1231 882 1313 1957
6582 4 2 5 26 1968 2355 1781 2574
6583 4 2 5 26 904 892 876 2420
6584 4 2 5 26 1902 2435 2144 2551
6585 4 2 5 26 1831 2176 2058 2600
6586 4 2 5 26 2461 2491 1876 2704
6587 4 2 5 26 1852 2108 2009 2206
6588 4 2 5 26 2021 2246 1749 2411
6589 4 2 5 26 1760 2185 1933 2553
6590 4 2 5 26 2077 1926 2395 2740
6591 4 2 5 26 1566 2110 1171 2274
6592 4 2 5 26 990 1504 1303 2519
6593 4 2 5 26 930 2326 2176 2755
6594 4 2 5 26 2028 1013 2510 2568
6595 4 2 5 26 1759 2084 2389 2423
6596 4 2 5 26 1842 1961 2352 2649
6597 4 2 5 26 1778 2206 1914 2615
6598 4 2 5 26 2108 2409 1852 2450
6599 4 2 5 26 1843 1958 2416 2424
6600 4 2 5 26 1887 2385 2003 2513
6601 4 2 5 26 2193 2583 2576 2639
6602 4 2 5 26 392 1949 994 2485
6603 4 2 5 26 1621 2613 2331 2736
6604 4 2 5 26 2171 2335 427 2632
6605 4 2 5 26 1773 1905 2348 2435
6606 4 2 5 26 1854 2147 2219 2533
6607 4 2 5 26 908 1110 906 2132
6608 4 2 5 26 2067 2101 1836 2505
6609 4 2 5 26 1880 2083 2230 2660
6610 4 2 5 26 1964 2118 2033 2505
6611 4 2 5 26 1006 1005 2131 2576
6612 4 2 5 26 2257 1811 2487 2583
6613 4 2 5 26 2041 2182 1840 2436
6614 4 2 5 26 1657 2007 1691 2225
6615 4 2 5 26 2161 2233 1925 2420
6616 4 2 5 26 2353 2499 1971 2735
6617 4 2 5 26 1046 2127 1047 2140
6618 4 2 5 26 1820 2169 1936 2520
6619 4 2 5 26 1783 2119 1959 2164
6620 4 2 5 26 1318 2257 1999 2491
6621 4 2 5 26 2120 2430 2064 2611
6622 4 2 5 26 1778 2615 1875 2702
6623 4 2 5 26 955 956 1539 2591
6624 4 2 5 26 1124 1551 1120 1998
6625 4 2 5 26 1812 2178 2100 2718
6626 4 2 5 26 1921 2565 2180 2599
6627 4 2 5 26 1809 2269 2309 2377
6628 4 2 5 26 1527 1392 1394 2606
6629 4 2 5 26 420 2483 2117 2579
6630 4 2 5 26 1122 2461 1126 2491
6631 4 2 5 26 1979 2009 1852 2450
6632 4 2 5 26 2184 2393 1413 2738
6633 4 2 5 26 2000 2357 920 2635
6634 4 2 5 26 1631 1617 2318 2388
6635 4 2 5 26 1785 2267 2408 2540
6636 4 2 5 26 2153 2210 1825 2427
6637 4 2 5 26 1186 1910 1188 2591
6638 4 2 5 26 1657 1662 2007 2237
6639 4 2 5 26 1868 2301 2026 2328
6640 4 2 5 26 1222 1221 2078 2484
6641 4 2 5 26 1445 1443 2543 2643
6642 4 2 5 26 1803 2049 2037 2416
6643 4 2 5 26 1813 1864 2117 2334
6644 4 2 5 26 892 888 876 2338
6645 4 2 5 26 1781 1916 2498 2577
6646 4 2 5 26 1775 2132 1956 2438
6647 4 2 5 26 407 2293 2579 2716
6648 4 2 5 26 1789 2076 2298 2306
6649 4 2 5 26 1949 2399 2103 2485
6650 4 2 5 26 2129 2403 2006 2504
6651 4 2 5 26 1886 2633 2439 2696
6652 4 2 5 26 1979 2518 2009 2624
6653 4 2 5 26 1761 2381 2054 2629
6654 4 2 5 26 1681 1673 2129 2681
6655 4 2 5 26 2014 2242 1858 2426
6656 4 2 5 26 1914 2560 2559 2615
6657 4 2 5 26 1869 2393 2184 2738
6658 4 2 5 26 1263 2243 1264 2373
6659 4 2 5 26 1783 1959 2119 2702
6660 4 2 5 26 1243 1301 1983 2285
6661 4 2 5 26 1757 2249 1864 2334
6662 4 2 5 26 1684 2104 1675 2716
6663 4 2 5 26 1647 2263 2096 2534
6664 4 2 5 26 1338 1183 2005 2378
6665 4 2 5 26 2496 2649 2078 2650
6666 4 2 5 26 1766 2419 2020 2490
6667 4 2 5 26 420 1693 1908 2483
6668 4 2 5 26 1799 2147 2146 2301
6669 4 2 5 26 1921 2489 2131 2611
6670 4 2 5 26 1825 2423 2153 2427
6671 4 2 5 26 1167 2302 2373 2375
6672 4 2 5 26 1595 2087 1543 2267
6673 4 2 5 26 1209 2361 1982 2682
6674 4 2 5 26 877 2099 878 2338
6675 4 2 5 26 1834 2172 2164 2469
6676 4 2 5 26 1860 2054 2337 2401
6677 4 2 5 26 2058 2561 1987 2697
6678 4 2 5 26 1471 1377 927 2494
6679 4 2 5 26 935 2340 2256 2612
6680 4 2 5 26 1643 1642 1640 2159
6681 4 2 5 26 1329 2019 1330 2349
6682 4 2 5 26 1654 1675 1684 2104
6683 4 2 5 26 1580 997 1362 2748
6684 4 2 5 26 2130 1822 2421 2425
6685 4 2 5 26 1814 2126 2095 2278
6686 4 2 5 26 1098 1097 1099 2148
6687 4 2 5 26 1318 1999 2257 2662
6688 4 2 5 26 1213 1105 1348 1967
6689 4 2 5 26 2038 2468 2035 2545
6690 4 2 5 26 2060 2470 1785 2540
6691 4 2 5 26 1171 2274 2110 2630
6692 4 2 5 26 1237 2072 1235 2201
6693 4 2 5 26 1634 1969 1603 2634
6694 4 2 5 26 947 2154 948 2549
6695 4 2 5 26 1895 2254 2005 2548
6696 4 2 5 26 1899 2321 2019 2384
6697 4 2 5 26 1747 1914 2310 2518
6698 4 2 5 26 1862 2383 2306 2532
6699 4 2 5 26 2337 2547 1963 2558
6700 4 2 5 26 1353 2467 1937 2494
6701 4 2 5 26 1932 1788 2094 2224
6702 4 2 5 26 2235 2410 2139 2582
6703 4 2 5 26 926 927 928 2494
6704 4 2 5 26 2056 2113 1787 2364
6705 4 2 5 26 2001 2585 2061 2677
6706 4 2 5 26 1912 1793 2250 2320
6707 4 2 5 26 1306 1173 1311 2189
6708 4 2 5 26 1876 2431 2219 2713
6709 4 2 5 26 1676 80 406 1981
6710 4 2 5 26 2135 2403 2438 2651
6711 4 2 5 26 1027 1934 1029 2284
6712 4 2 5 26 1840 2610 1981 2689
6713 4 2 5 26 1800 2437 2027 2451
6714 4 2 5 26 1963 2090 1929 2593
6715 4 2 5 26 2077 2395 2219 2740
6716 4 2 5 26 956 1994 1583 2591
6717 4 2 5 26 1971 2499 2183 2562
6718 4 2 5 26 1760 2310 2165 2443
6719 4 2 5 26 1304 1536 1305 2519
6720 4 2 5 26 2057 2330 1980 2405
6721 4 2 5 26 1220 2092 1218 2650
6722 4 2 5 26 1806 2516 2196 2596
6723 4 2 5 26 1832 2162 2089 2637
6724 4 2 5 26 1240 2370 2178 2489
6725 4 2 5 26 1485 1070 2188 2415
6726 4 2 5 26 2294 2321 2019 2376
6727 4 2 5 26 1933 2310 1914 2518
6728 4 2 5 26 1665 1942 1662 2237
6729 4 2 5 26 2082 2129 1830 2681
6730 4 2 5 26 2064 2074 1833 2430
6731 4 2 5 26 1220 1223 922 2618
6732 4 2 5 26 1778 2453 2105 2615
6733 4 2 5 26 1983 2067 1812 2599
6734 4 2 5 26 1967 2116 1851 2407
6735 4 2 5 26 1791 2382 1947 2595
6736 4 2 5 26 1753 2219 1950 2740
6737 4 2 5 26 1812 2178 2358 2370
6738 4 2 5 26 1012 926 937 2028
6739 4 2 5 26 1885 2521 2077 2694
6740 4 2 5 26 1844 2183 2042 2499
6741 4 2 5 26 1051 2183 1050 2752
6742 4 2 5 26 2214 2227 2002 2345
6743 4 2 5 26 1935 2298 2324 2383
6744 4 2 5 26 1915 2121 1604 2471
6745 4 2 5 26 1876 2201 2491 2713
6746 4 2 5 26 1578 1405 2197 2368
6747 4 2 5 26 1844 2183 2499 2562
6748 4 2 5 26 1527 2535 1392 2606
6749 4 2 5 26 1812 2358 2178 2718
6750 4 2 5 26 1147 900 1529 2606
6751 4 2 5 26 2289 2291 1115 2562
6752 4 2 5 26 1605 1635 2513 2603
6753 4 2 5 26 1200 2192 1116 2731
6754 4 2 5 26 1581 2242 1567 2724
6755 4 2 5 26 2126 2278 1814 2376
6756 4 2 5 26 1524 2357 2195 2578
6757 4 2 5 26 915 1870 1400 2700
6758 4 2 5 26 1507 1393 1392 2535
6759 4 2 5 26 1029 1934 1028 2379
6760 4 2 5 26 1414 2024 1415 2738
6761 4 2 5 26 890 2543 1995 2643
6762 4 2 5 26 2196 2596 2516 2658
6763 4 2 5 26 1940 2288 1819 2475
6764 4 2 5 26 1907 2323 2257 2583
6765 4 2 5 26 1376 2439 1971 2515
6766 4 2 5 26 1929 1809 2221 2712
6767 4 2 5 26 917 2638 2351 2724
6768 4 2 5 26 1943 2108 1806 2612
6769 4 2 5 26 1090 1890 2267 2531
6770 4 2 5 26 1787 2440 2137 2751
6771 4 2 5 26 1998 2487 2299 2616
6772 4 2 5 26 1517 1521 2412 2561
6773 4 2 5 26 1888 2428 2455 2715
6774 4 2 5 26 1044 1319 1051 2752
6775 4 2 5 26 1831 2284 1998 2326
6776 4 2 5 26 1866 2160 2077 2740
6777 4 2 5 26 1948 2034 1980 2621
6778 4 2 5 26 1799 2166 2229 2390
6779 4 2 5 26 2066 2235 2026 2414
6780 4 2 5 26 2060 2452 2177 2652
6781 4 2 5 26 1404 2294 2019 2406
6782 4 2 5 26 1913 2127 1936 2623
6783 4 2 5 26 1809 1967 2380 2566
6784 4 2 5 26 2289 2469 2042 2503
6785 4 2 5 26 2089 2162 1839 2658
6786 4 2 5 26 1560 1229 1487 1985
6787 4 2 5 26 1878 2092 2000 2684
6788 4 2 5 26 1861 2129 2082 2728
6789 4 2 5 26 1925 2420 1856 2514
6790 4 2 5 26 1851 2116 2191 2287
6791 4 2 5 26 1786 2268 1975 2648
6792 4 2 5 26 1828 2228 2357 2701
6793 4 2 5 26 1388 1452 2428 2641
6794 4 2 5 26 1801 2253 2015 2404
6795 4 2 5 26 1753 1950 2219 2588
6796 4 2 5 26 1917 2306 2115 2383
6797 4 2 5 26 998 2039 2223 2748
6798 4 2 5 26 1790 2048 1969 2307
6799 4 2 5 26 1396 945 1594 2170
6800 4 2 5 26 1953 1884 2539 2717
6801 4 2 5 26 1680 1991 1631 2318
6802 4 2 5 26 1898 2421 2040 2746
6803 4 2 5 26 1895 1833 2186 2296
6804 4 2 5 26 1990 2134 1849 2754
6805 4 2 5 26 2047 2195 2188 2744
6806 4 2 5 26 1832 2028 2089 2592
6807 4 2 5 26 2012 1764 2155 2507
6808 4 2 5 26 2130 2421 2322 2746
6809 4 2 5 26 1804 2159 1879 2160
6810 4 2 5 26 1823 2234 1947 2512
6811 4 2 5 26 1788 2093 2094 2224
6812 4 2 5 26 1870 2374 1400 2700
6813 4 2 5 26 1567 2242 2014 2724
6814 4 2 5 26 1831 2284 1934 2448
6815 4 2 5 26 1820 2429 2169 2682
6816 4 2 5 26 1979 2360 2518 2624
6817 4 2 5 26 2053 1839 2346 2658
6818 4 2 5 26 1465 2257 2487 2583
6819 4 2 5 26 1253 1928 1282 2563
6820 4 2 5 26 2122 2410 2030 2495
6821 4 2 5 26 1780 2165 1970 2324
6822 4 2 5 26 1978 2059 1892 2264
6823 4 2 5 26 1811 2323 2257 2521
6824 4 2 5 26 1616 2388 1954 2530
6825 4 2 5 26 2163 2515 1177 2541
6826 4 2 5 26 1819 2288 2168 2500
6827 4 2 5 26 1785 2408 2267 2730
6828 4 2 5 26 1054 1259 1052 2073
6829 4 2 5 26 1188 1910 1187 2468
6830 4 2 5 26 2225 2237 2007 2671
6831 4 2 5 26 385 2011 2294 2406
6832 4 2 5 26 1849 2251 2070 2465
6833 4 2 5 26 1855 1963 2547 2558
6834 4 2 5 26 1901 2192 2109 2440
6835 4 2 5 26 1001 2427 999 2460
6836 4 2 5 26 2035 1140 2417 2468
6837 4 2 5 26 1433 1271 1270 2236
6838 4 2 5 26 1862 2076 2306 2383
6839 4 2 5 26 1005 1316 2131 2325
6840 4 2 5 26 2005 2290 2254 2597
6841 4 2 5 26 1415 1531 1469 2184
6842 4 2 5 26 1778 2119 1933 2200
6843 4 2 5 26 2134 2411 1987 2733
6844 4 2 5 26 1789 2068 2298 2720
6845 4 2 5 26 2011 2182 1995 2543
6846 4 2 5 26 1962 2187 1906 2444
6847 4 2 5 26 985 394 1576 2212
6848 4 2 5 26 1942 2237 1898 2509
6849 4 2 5 26 1461 1516 1462 2367
6850 4 2 5 26 1879 2160 2159 2331
6851 4 2 5 26 1825 2404 1939 2462
6852 4 2 5 26 1091 2674 2424 2744
6853 4 2 5 26 1401 1416 2313 2406
6854 4 2 5 26 1141 2417 1140 2468
6855 4 2 5 26 1942 1873 2509 2676
6856 4 2 5 26 1806 2105 2053 2750
6857 4 2 5 26 2109 2367 1997 2611
6858 4 2 5 26 1797 2036 2164 2528
6859 4 2 5 26 1209 1982 1441 2392
6860 4 2 5 26 887 2338 991 2511
6861 4 2 5 26 2242 2320 1793 2724
6862 4 2 5 26 2061 2481 1766 2490
6863 4 2 5 26 1900 2440 2369 2707
6864 4 2 5 26 1541 2315 2038 2363
6865 4 2 5 26 2000 2228 1752 2701
6866 4 2 5 26 1635 1636 2513 2603
6867 4 2 5 26 1811 1946 2299 2583
6868 4 2 5 26 1854 2147 2201 2300
6869 4 2 5 26 1814 2117 2095 2607
6870 4 2 5 26 1748 1972 2183 2718
6871 4 2 5 26 1173 996 1236 2039
6872 4 2 5 26 1826 2182 2011 2543
6873 4 2 5 26 1782 1980 1948 2659
6874 4 2 5 26 388 1016 1015 1899
6875 4 2 5 26 1907 2583 2193 2639
6876 4 2 5 26 2271 2333 1874 2601
6877 4 2 5 26 1831 2486 2048 2660
6878 4 2 5 26 1388 1544 1452 2641
6879 4 2 5 26 1759 1966 2212 2423
6880 4 2 5 26 1015 1330 1588 2384
6881 4 2 5 26 1485 1490 1476 2188
6882 4 2 5 26 1239 2417 1141 2468
6883 4 2 5 26 1836 1974 2170 2447
6884 4 2 5 26 1831 2326 2458 2486
6885 4 2 5 26 1890 2410 2368 2582
6886 4 2 5 26 1746 2066 2241 2262
6887 4 2 5 26 1086 1338 1183 2290
6888 4 2 5 26 1821 2275 2010 2399
6889 4 2 5 26 1807 2240 2163 2515
6890 4 2 5 26 1810 1606 2344 2753
6891 4 2 5 26 1587 1533 1583 2283
6892 4 2 5 26 1759 2259 2212 2525
6893 4 2 5 26 1505 1328 2384 2537
6894 4 2 5 26 1649 2174 2046 2391
6895 4 2 5 26 1783 2119 1992 2702
6896 4 2 5 26 2177 2292 2006 2438
6897 4 2 5 26 1966 999 2427 2460
6898 4 2 5 26 1478 2188 2195 2744
6899 4 2 5 26 1633 2665 83 2705
6900 4 2 5 26 2182 2276 1865 2447
6901 4 2 5 26 960 1987 912 2638
6902 4 2 5 26 1794 2138 2085 2647
6903 4 2 5 26 1133 1344 2123 2663
6904 4 2 5 26 1983 2370 1301 2656
6905 4 2 5 26 1754 2369 2440 2707
6906 4 2 5 26 1240 1454 1058 2358
6907 4 2 5 26 1203 1573 1201 2340
6908 4 2 5 26 1992 2443 2119 2553
6909 4 2 5 26 1211 2029 1103 2397
6910 4 2 5 26 938 936 2089 2506
6911 4 2 5 26 1747 2518 2360 2624
6912 4 2 5 26 2052 2646 2133 2712
6913 4 2 5 26 2054 2381 2337 2629
6914 4 2 5 26 1986 2196 1985 2658
6915 4 2 5 26 1767 2516 1985 2717
6916 4 2 5 26 1855 2519 2090 2547
6917 4 2 5 26 2127 2520 1924 2691
6918 4 2 5 26 1118 890 889 1995
6919 4 2 5 26 1204 1061 920 2635
6920 4 2 5 26 2124 2228 1828 2286
6921 4 2 5 26 2036 2305 1592 2723
6922 4 2 5 26 1788 2094 1935 2114
6923 4 2 5 26 1417 1342 1419 1924
6924 4 2 5 26 2045 2176 1880 2486
6925 4 2 5 26 943 944 942 2598
6926 4 2 5 26 1980 2621 2034 2622
6927 4 2 5 26 1839 2188 2047 2194
6928 4 2 5 26 399 2151 1952 2523
6929 4 2 5 26 976 1035 2347 2593
6930 4 2 5 26 1381 2131 2370 2489
6931 4 2 5 26 1190 2291 2016 2316
6932 4 2 5 26 1513 1447 1300 2294
6933 4 2 5 26 2084 2261 1922 2389
6934 4 2 5 26 1771 2190 2008 2509
6935 4 2 5 26 1702 1980 1701 2405
6936 4 2 5 26 1267 1961 1221 2484
6937 4 2 5 26 1831 2326 2176 2600
6938 4 2 5 26 2022 2510 2244 2575
6939 4 2 5 26 1806 2434 2256 2612
6940 4 2 5 26 1827 1960 2354 2394
6941 4 2 5 26 1101 2583 1907 2662
6942 4 2 5 26 1772 2397 2029 2462
6943 4 2 5 26 1858 1990 2373 2375
6944 4 2 5 26 1855 2198 2102 2668
6945 4 2 5 26 1997 2489 1921 2611
6946 4 2 5 26 1603 1969 1679 2336
6947 4 2 5 26 2073 2358 1812 2718
6948 4 2 5 26 2263 2534 1645 2574
6949 4 2 5 26 2339 2449 1803 2745
6950 4 2 5 26 1570 2256 1985 2434
6951 4 2 5 26 1922 2354 2107 2394
6952 4 2 5 26 2086 2249 1903 2493
6953 4 2 5 26 2249 2334 1757 2607
6954 4 2 5 26 1861 2046 2174 2391
6955 4 2 5 26 2240 2369 2353 2464
6956 4 2 5 26 2197 2368 1405 2699
6957 4 2 5 26 2271 2400 1992 2443
6958 4 2 5 26 1901 2369 1997 2633
6959 4 2 5 26 882 2364 881 2484
6960 4 2 5 26 1830 2129 2006 2652
6961 4 2 5 26 1149 1148 913 2379
6962 4 2 5 26 1784 1969 2307 2645
6963 4 2 5 26 1335 2562 1971 2752
6964 4 2 5 26 2049 2352 1803 2442
6965 4 2 5 26 1884 2015 2213 2539
6966 4 2 5 26 886 884 2216 2402
6967 4 2 5 26 1885 2219 2077 2431
6968 4 2 5 26 1202 2340 935 2612
6969 4 2 5 26 1789 2068 1923 2569
6970 4 2 5 26 1906 2382 2317 2571
6971 4 2 5 26 1606 2279 1810 2344
6972 4 2 5 26 1777 2346 2258 2567
6973 4 2 5 26 1130 2299 1946 2583
6974 4 2 5 26 2067 1904 2422 2565
6975 4 2 5 26 991 1431 2511 2668
6976 4 2 5 26 2025 2429 2169 2459
6977 4 2 5 26 2056 2137 1896 2364
6978 4 2 5 26 2047 1839 2194 2596
6979 4 2 5 26 2046 2391 1861 2728
6980 4 2 5 26 1834 2304 1982 2305
6981 4 2 5 26 1304 2090 1536 2519
6982 4 2 5 26 1604 2121 1915 2125
6983 4 2 5 26 1073 1013 2244 2510
6984 4 2 5 26 1836 2447 2118 2505
6985 4 2 5 26 1814 2126 2376 2607
6986 4 2 5 26 993 2103 1018 2399
6987 4 2 5 26 1962 1860 2444 2737
6988 4 2 5 26 387 1588 386 2294
6989 4 2 5 26 1659 2003 2225 2644
6990 4 2 5 26 1239 2112 2417 2468
6991 4 2 5 26 1990 1849 2243 2754
6992 4 2 5 26 915 918 1400 1870
6993 4 2 5 26 1312 1311 1912 2320
6994 4 2 5 26 1887 2453 2105 2680
6995 4 2 5 26 1846 2226 2217 2544
6996 4 2 5 26 1934 2448 2110 2588
6997 4 2 5 26 1623 2096 1627 2444
6998 4 2 5 26 1449 1128 1497 2325
6999 4 2 5 26 1764 2401 2054 2445
7000 4 2 5 26 1794 2150 2277 2721
7001 4 2 5 26 1582 1249 1581 2320
7002 4 2 5 26 1835 2128 2001 2677
7003 4 2 5 26 907 2022 906 2272
7004 4 2 5 26 1271 1433 1272 2236
7005 4 2 5 26 1629 1639 2217 2654
7006 4 2 5 26 1963 2519 2090 2593
7007 4 2 5 26 1864 2579 2293 2716
7008 4 2 5 26 1833 2367 2430 2703
7009 4 2 5 26 1750 2060 2139 2410
7010 4 2 5 26 1919 2239 2144 2348
7011 4 2 5 26 1861 2438 2191 2672
7012 4 2 5 26 906 1394 1392 1956
7013 4 2 5 26 1042 2439 1972 2752
7014 4 2 5 26 2052 1857 2646 2712
7015 4 2 5 26 2218 2421 1822 2425
7016 4 2 5 26 1760 1874 2093 2396
7017 4 2 5 26 2196 2516 1985 2658
7018 4 2 5 26 1747 2145 2310 2536
7019 4 2 5 26 1082 2377 2238 2563
7020 4 2 5 26 1924 2520 2392 2691
7021 4 2 5 26 1619 1915 1604 2471
7022 4 2 5 26 1781 2107 2474 2577
7023 4 2 5 26 1045 1936 1046 2140
7024 4 2 5 26 1974 2154 2266 2625
7025 4 2 5 26 1404 2019 1416 2406
7026 4 2 5 26 2053 2232 2346 2596
7027 4 2 5 26 2197 2235 1798 2582
7028 4 2 5 26 1865 2447 2276 2505
7029 4 2 5 26 996 2300 2039 2748
7030 4 2 5 26 1485 1476 1477 2047
7031 4 2 5 26 2137 2440 1917 2751
7032 4 2 5 26 1803 2536 2076 2745
7033 4 2 5 26 396 2153 1322 2210
7034 4 2 5 26 2195 2416 1931 2674
7035 4 2 5 26 1922 2474 2107 2577
7036 4 2 5 26 2035 2468 2038 2573
7037 4 2 5 26 2161 1925 2376 2514
7038 4 2 5 26 2145 2324 1780 2536
7039 4 2 5 26 2042 2289 1844 2469
7040 4 2 5 26 2275 2332 1063 2399
7041 4 2 5 26 2096 2381 2263 2743
7042 4 2 5 26 1980 2121 1915 2471
7043 4 2 5 26 1583 1595 1540 2591
7044 4 2 5 26 1789 2068 1935 2298
7045 4 2 5 26 1305 990 2519 2668
7046 4 2 5 26 1122 1999 1371 2662
7047 4 2 5 26 1161 2482 2367 2608
7048 4 2 5 26 1609 2173 1608 2572
7049 4 2 5 26 2175 2297 2066 2734
7050 4 2 5 26 1631 2258 1606 2279
7051 4 2 5 26 2329 2594 1847 2679
7052 4 2 5 26 1308 978 2491 2713
7053 4 2 5 26 1658 2225 2003 2513
7054 4 2 5 26 1800 2027 1968 2451
7055 4 2 5 26 1770 2254 2166 2359
7056 4 2 5 26 874 872 873 2216
7057 4 2 5 26 2189 2197 1798 2526
7058 4 2 5 26 1807 2541 2185 2735
7059 4 2 5 26 2116 1871 2191 2673
7060 4 2 5 26 1577 1194 1192 2118
7061 4 2 5 26 2016 2289 1169 2594
7062 4 2 5 26 2067 1836 2422 2505
7063 4 2 5 26 1898 2509 2237 2671
7064 4 2 5 26 1928 2563 2122 2699
7065 4 2 5 26 1342 1924 2316 2663
7066 4 2 5 26 1117 2240 1901 2633
7067 4 2 5 26 1763 2168 2051 2719
7068 4 2 5 26 882 883 1957 2484
7069 4 2 5 26 2103 2399 993 2485
7070 4 2 5 26 2268 2495 2135 2504
7071 4 2 5 26 1752 2352 2684 2701
7072 4 2 5 26 1825 2253 1939 2404
7073 4 2 5 26 1976 2188 1839 2413
7074 4 2 5 26 1989 2594 2329 2679
7075 4 2 5 26 1767 2130 2040 2717
7076 4 2 5 26 1770 1926 2160 2359
7077 4 2 5 26 1761 1916 2220 2698
7078 4 2 5 26 1949 2103 1795 2485
7079 4 2 5 26 926 2028 1012 2494
7080 4 2 5 26 2040 2130 1767 2746
7081 4 2 5 26 1485 2196 1071 2415
7082 4 2 5 26 933 2149 2549 2755
7083 4 2 5 26 1546 1556 1558 2477
7084 4 2 5 26 1794 2319 1955 2542
7085 4 2 5 26 995 1234 1235 2201
7086 4 2 5 26 2117 2209 1813 2698
7087 4 2 5 26 1562 2527 2315 2635
7088 4 2 5 26 1609 2156 2293 2572
7089 4 2 5 26 1863 2131 2489 2611
7090 4 2 5 26 1948 2142 1980 2405
7091 4 2 5 26 2159 2331 2160 2517
7092 4 2 5 26 1409 1515 1410 2213
7093 4 2 5 26 1472 953 1562 2315
7094 4 2 5 26 1408 2244 400 2523
7095 4 2 5 26 2023 2198 1855 2519
7096 4 2 5 26 920 2357 2000 2618
7097 4 2 5 26 1867 2199 2258 2603
7098 4 2 5 26 1582 2242 1581 2724
7099 4 2 5 26 2243 2373 1990 2375
7100 4 2 5 26 1932 2224 2094 2705
7101 4 2 5 26 2166 2254 1805 2359
7102 4 2 5 26 957 1474 1281 2154
7103 4 2 5 26 1951 2234 1823 2512
7104 4 2 5 26 2014 2242 1793 2724
7105 4 2 5 26 1006 2131 1380 2489
7106 4 2 5 26 907 908 906 2022
7107 4 2 5 26 1985 2516 2281 2717
7108 4 2 5 26 1436 2313 1416 2706
7109 4 2 5 26 1028 2274 1361 2552
7110 4 2 5 26 1109 2012 1108 2420
7111 4 2 5 26 2193 2430 1907 2639
7112 4 2 5 26 1823 2234 1951 2347
7113 4 2 5 26 1748 1971 2353 2499
7114 4 2 5 26 2058 2176 1880 2561
7115 4 2 5 26 1865 2276 2118 2505
7116 4 2 5 26 1824 2231 2217 2308
7117 4 2 5 26 1678 402 1681 2157
7118 4 2 5 26 2100 2178 1921 2372
7119 4 2 5 26 1640 1932 1633 2207
7120 4 2 5 26 1965 2394 2389 2525
7121 4 2 5 26 80 1981 1676 2288
7122 4 2 5 26 74 1974 884 2402
7123 4 2 5 26 1993 2566 2380 2651
7124 4 2 5 26 1662 1661 77 1694
7125 4 2 5 26 917 912 2351 2638
7126 4 2 5 26 1767 2281 2516 2717
7127 4 2 5 26 1618 2335 2171 2530
7128 4 2 5 26 1307 998 1306 2039
7129 4 2 5 26 2353 2464 2369 2685
7130 4 2 5 26 1264 2243 982 2754
7131 4 2 5 26 2089 2506 1832 2637
7132 4 2 5 26 388 2321 902 2714
7133 4 2 5 26 2124 2357 2000 2635
7134 4 2 5 26 1794 2085 2222 2647
7135 4 2 5 26 2137 2653 2364 2751
7136 4 2 5 26 1082 1074 2238 2377
7137 4 2 5 26 1749 2411 1990 2733
7138 4 2 5 26 1779 2100 2071 2308
7139 4 2 5 26 2259 2474 1977 2525
7140 4 2 5 26 1796 1908 2483 2607
7141 4 2 5 26 1066 1143 1979 2342
7142 4 2 5 26 1625 1607 1626 2572
7143 4 2 5 26 1880 2230 2021 2660
7144 4 2 5 26 79 1908 1693 2708
7145 4 2 5 26 1921 1997 2178 2489
7146 4 2 5 26 1969 2121 1603 2634
7147 4 2 5 26 980 2201 1308 2491
7148 4 2 5 26 2059 2264 1978 2530
7149 4 2 5 26 2143 2187 1683 2571
7150 4 2 5 26 1993 2133 1853 2380
7151 4 2 5 26 1929 2221 2090 2712
7152 4 2 5 26 1576 394 393 2212
7153 4 2 5 26 2104 2341 2155 2401
7154 4 2 5 26 1019 1018 993 2103
7155 4 2 5 26 2008 2509 1873 2676
7156 4 2 5 26 1326 1137 1080 2179
7157 4 2 5 26 2032 1859 2237 2513
7158 4 2 5 26 2042 2183 1748 2499
7159 4 2 5 26 2204 2279 1835 2388
7160 4 2 5 26 2263 2381 2096 2534
7161 4 2 5 26 1619 1604 1915 2125
7162 4 2 5 26 2029 2462 2397 2524
7163 4 2 5 26 2017 2030 2535 2741
7164 4 2 5 26 2036 1368 2502 2723
7165 4 2 5 26 1256 2072 969 2417
7166 4 2 5 26 2208 2326 1902 2458
7167 4 2 5 26 1909 1955 2172 2366
7168 4 2 5 26 1814 2376 2334 2607
7169 4 2 5 26 1462 1006 1460 2576
7170 4 2 5 26 2219 2431 1876 2533
7171 4 2 5 26 1870 2023 1963 2700
7172 4 2 5 26 1750 2403 2135 2504
7173 4 2 5 26 1367 2502 1368 2723
7174 4 2 5 26 2090 2221 1857 2712
7175 4 2 5 26 1781 2117 2095 2498
7176 4 2 5 26 1768 2301 2264 2328
7177 4 2 5 26 1116 1901 1117 2240
7178 4 2 5 26 399 1952 1408 2523
7179 4 2 5 26 1523 1426 1068 2332
7180 4 2 5 26 1691 1659 2225 2644
7181 4 2 5 26 2000 2357 2228 2701
7182 4 2 5 26 1752 2352 1988 2387
7183 4 2 5 26 1321 2274 978 2713
7184 4 2 5 26 1908 2483 1693 2708
7185 4 2 5 26 1962 2080 1860 2737
7186 4 2 5 26 1799 2146 1950 2395
7187 4 2 5 26 1807 1971 2515 2735
7188 4 2 5 26 1939 2617 1772 2709
7189 4 2 5 26 1751 1917 2115 2303
7190 4 2 5 26 1325 1085 2296 2597
7191 4 2 5 26 384 2011 385 2406
7192 4 2 5 26 2038 2468 1910 2591
7193 4 2 5 26 2040 2281 1859 2746
7194 4 2 5 26 2339 2649 1961 2653
7195 4 2 5 26 2024 2190 1877 2605
7196 4 2 5 26 1895 2254 2018 2496
7197 4 2 5 26 1856 2054 2457 2514
7198 4 2 5 26 1845 2155 2104 2341
7199 4 2 5 26 2263 2451 1922 2577
7200 4 2 5 26 1865 2011 2406 2436
7201 4 2 5 26 1181 1116 2163 2731
7202 4 2 5 26 2021 2230 1784 2660
7203 4 2 5 26 1806 2053 2232 2750
7204 4 2 5 26 1637 2199 2032 2603
7205 4 2 5 26 1369 1032 2326 2616
7206 4 2 5 26 931 1520 2045 2176
7207 4 2 5 26 1782 2034 1980 2659
7208 4 2 5 26 2352 2387 1752 2684
7209 4 2 5 26 1134 2035 1140 2417
7210 4 2 5 26 1632 1991 1680 2681
7211 4 2 5 26 2326 2486 2176 2755
7212 4 2 5 26 1806 2196 1985 2434
7213 4 2 5 26 1818 2410 2122 2495
7214 4 2 5 26 1761 2107 2354 2394
7215 4 2 5 26 1625 2255 2156 2572
7216 4 2 5 26 1760 2310 2145 2324
7217 4 2 5 26 1550 931 2045 2755
7218 4 2 5 26 2418 2529 1858 2733
7219 4 2 5 26 1908 2138 2085 2277
7220 4 2 5 26 2110 2274 1934 2588
7221 4 2 5 26 2210 2427 1322 2524
7222 4 2 5 26 2537 2581 1838 2623
7223 4 2 5 26 1342 1419 1924 2663
7224 4 2 5 26 1786 1993 2403 2648
7225 4 2 5 26 1021 2197 1022 2526
7226 4 2 5 26 1989 1847 2503 2594
7227 4 2 5 26 896 2244 2022 2510
7228 4 2 5 26 1681 2681 2129 2728
7229 4 2 5 26 1899 2019 2321 2376
7230 4 2 5 26 1868 2264 2059 2530
7231 4 2 5 26 1802 2228 2124 2286
7232 4 2 5 26 2152 2538 1866 2740
7233 4 2 5 26 1981 2173 1819 2475
7234 4 2 5 26 1922 2107 2389 2394
7235 4 2 5 26 1781 2247 1968 2577
7236 4 2 5 26 2101 2447 2276 2689
7237 4 2 5 26 2052 2065 1857 2547
7238 4 2 5 26 1356 1355 1512 2506
7239 4 2 5 26 1133 1419 1344 2663
7240 4 2 5 26 2099 2321 1925 2376
7241 4 2 5 26 930 2326 1480 2600
7242 4 2 5 26 1872 2340 1943 2343
7243 4 2 5 26 1143 1066 1979 2609
7244 4 2 5 26 2069 2281 1817 2680
7245 4 2 5 26 1756 2095 2126 2278
7246 4 2 5 26 1053 1051 2073 2329
7247 4 2 5 26 1793 1930 2320 2441
7248 4 2 5 26 1993 2174 1853 2640
7249 4 2 5 26 1417 1924 1419 2392
7250 4 2 5 26 1121 1122 2378 2461
7251 4 2 5 26 1928 2122 1818 2699
7252 4 2 5 26 1906 2667 2280 2737
7253 4 2 5 26 1027 2284 1029 2600
7254 4 2 5 26 1789 2298 1935 2383
7255 4 2 5 26 1476 2047 1478 2744
7256 4 2 5 26 1835 2279 2204 2492
7257 4 2 5 26 1759 2474 2259 2525
7258 4 2 5 26 1956 1851 2287 2606
7259 4 2 5 26 1076 2309 1951 2377
7260 4 2 5 26 1860 2337 2080 2401
7261 4 2 5 26 1799 2166 2431 2533
7262 4 2 5 26 1993 1853 2133 2640
7263 4 2 5 26 2060 2540 2410 2741
7264 4 2 5 26 2054 2445 2220 2514
7265 4 2 5 26 1945 2481 2286 2677
7266 4 2 5 26 428 2002 429 2463
7267 4 2 5 26 1694 1942 2027 2282
7268 4 2 5 26 1116 1901 1010 2633
7269 4 2 5 26 1879 2114 2075 2613
7270 4 2 5 26 1855 2198 2023 2558
7271 4 2 5 26 1392 906 1956 2272
7272 4 2 5 26 1694 419 1942 2282
7273 4 2 5 26 910 1440 1432 1960
7274 4 2 5 26 2139 2235 1818 2410
7275 4 2 5 26 2048 2307 1790 2458
7276 4 2 5 26 2088 1768 2229 2390
7277 4 2 5 26 2067 2422 2101 2505
7278 4 2 5 26 1613 2331 2075 2736
7279 4 2 5 26 2219 2533 1876 2713
7280 4 2 5 26 971 1203 1202 2409
7281 4 2 5 26 932 1347 1481 2755
7282 4 2 5 26 1451 1452 2202 2428
7283 4 2 5 26 1780 1944 2559 2560
7284 4 2 5 26 1757 2334 2376 2607
7285 4 2 5 26 1261 2302 952 2347
7286 4 2 5 26 1814 2220 2117 2334
7287 4 2 5 26 2291 2316 1834 2469
7288 4 2 5 26 1775 2191 2438 2672
7289 4 2 5 26 1938 2528 2185 2553
7290 4 2 5 26 1066 1979 1137 2450
7291 4 2 5 26 1755 2234 1947 2667
7292 4 2 5 26 1257 1141 1239 2417
7293 4 2 5 26 1750 2135 2495 2504
7294 4 2 5 26 1517 1520 1521 2561
7295 4 2 5 26 1879 2331 2159 2613
7296 4 2 5 26 1899 2278 2126 2376
7297 4 2 5 26 2420 2445 1856 2514
7298 4 2 5 26 1671 1973 2129 2604
7299 4 2 5 26 970 2111 1367 2723
7300 4 2 5 26 1573 1522 2340 2554
7301 4 2 5 26 1929 2221 1809 2309
7302 4 2 5 26 1986 2162 2089 2658
7303 4 2 5 26 2056 1958 2478 2688
7304 4 2 5 26 2090 2519 977 2593
7305 4 2 5 26 1836 2170 2118 2447
7306 4 2 5 26 1840 2173 1981 2293
7307 4 2 5 26 2055 1932 2665 2705
7308 4 2 5 26 1921 2100 1812 2178
7309 4 2 5 26 2159 2517 2160 2739
7310 4 2 5 26 1766 2061 2286 2481
7311 4 2 5 26 1853 2354 2261 2646
7312 4 2 5 26 1785 2087 2470 2570
7313 4 2 5 26 2496 2597 1842 2650
7314 4 2 5 26 994 1949 2245 2485
7315 4 2 5 26 1755 1975 2234 2667
7316 4 2 5 26 1593 2439 2240 2633
7317 4 2 5 26 1704 429 428 2214
7318 4 2 5 26 1116 1117 1901 2633
7319 4 2 5 26 1861 2174 2046 2709
7320 4 2 5 26 2241 2262 1882 2659
7321 4 2 5 26 1900 2369 2464 2685
7322 4 2 5 26 1929 2309 1951 2347
7323 4 2 5 26 1779 2100 2308 2565
7324 4 2 5 26 1149 2379 913 2697
7325 4 2 5 26 1760 2093 1874 2324
7326 4 2 5 26 1401 2313 944 2406
7327 4 2 5 26 2066 2241 1882 2441
7328 4 2 5 26 1298 2011 384 2543
7329 4 2 5 26 1974 2136 2402 2625
7330 4 2 5 26 923 935 934 2340
7331 4 2 5 26 1192 1191 1252 1964
7332 4 2 5 26 1300 1447 1298 2294
7333 4 2 5 26 2195 2357 1828 2578
7334 4 2 5 26 1890 2410 2060 2540
7335 4 2 5 26 1650 1627 2096 2350
7336 4 2 5 26 1349 2309 1075 2377
7337 4 2 5 26 1432 1440 1431 1960
7338 4 2 5 26 1769 2422 1964 2505
7339 4 2 5 26 1180 1177 2240 2515
7340 4 2 5 26 1813 2054 2401 2445
7341 4 2 5 26 1183 1085 1086 2597
7342 4 2 5 26 2178 2358 1240 2696
7343 4 2 5 26 1234 1237 2201 2704
7344 4 2 5 26 1617 2318 1978 2604
7345 4 2 5 26 1532 1415 1373 2459
7346 4 2 5 26 1749 2230 2021 2411
7347 4 2 5 26 2092 2211 1842 2749
7348 4 2 5 26 2104 2401 2209 2664
7349 4 2 5 26 1829 1915 2125 2395
7350 4 2 5 26 1859 2281 2069 2680
7351 4 2 5 26 2113 2163 1787 2731
7352 4 2 5 26 1695 1644 411 2114
7353 4 2 5 26 2516 2596 2053 2658
7354 4 2 5 26 1748 2071 2100 2308
7355 4 2 5 26 1187 1188 1186 1910
7356 4 2 5 26 2010 1756 2278 2710
7357 4 2 5 26 1886 2240 1901 2369
7358 4 2 5 26 1858 2418 2013 2529
7359 4 2 5 26 1794 2085 2138 2277
7360 4 2 5 26 2007 2277 2150 2721
7361 4 2 5 26 1872 2305 2036 2723
7362 4 2 5 26 957 2154 1281 2666
7363 4 2 5 26 1780 1970 2298 2324
7364 4 2 5 26 1546 1534 1556 2524
7365 4 2 5 26 1807 2515 2163 2541
7366 4 2 5 26 1146 2287 2116 2407
7367 4 2 5 26 2025 2459 1499 2738
7368 4 2 5 26 1958 2609 2342 2624
7369 4 2 5 26 1040 2424 2342 2744
7370 4 2 5 26 1351 2296 2186 2703
7371 4 2 5 26 1851 1956 2287 2438
7372 4 2 5 26 2133 2547 2052 2712
7373 4 2 5 26 1958 2056 1896 2688
7374 4 2 5 26 1831 2307 2048 2458
7375 4 2 5 26 1026 2250 2197 2699
7376 4 2 5 26 2221 2309 1336 2556
7377 4 2 5 26 1830 2177 2452 2652
7378 4 2 5 26 1991 2279 1835 2481
7379 4 2 5 26 1422 2188 1976 2578
7380 4 2 5 26 1832 1953 2506 2523
7381 4 2 5 26 2013 2512 1858 2529
7382 4 2 5 26 1237 1235 1234 2201
7383 4 2 5 26 995 1580 2201 2300
7384 4 2 5 26 1814 2095 2117 2498
7385 4 2 5 26 1811 2487 2110 2630
7386 4 2 5 26 1396 2118 1594 2631
7387 4 2 5 26 1757 2376 2126 2607
7388 4 2 5 26 1353 1471 2494 2527
7389 4 2 5 26 1772 2617 2462 2670
7390 4 2 5 26 385 2011 1298 2294
7391 4 2 5 26 1788 2114 1935 2383
7392 4 2 5 26 1825 2029 2462 2670
7393 4 2 5 26 1877 2245 2212 2259
7394 4 2 5 26 2015 2184 1877 2605
7395 4 2 5 26 2076 2252 1803 2720
7396 4 2 5 26 1812 2370 1983 2599
7397 4 2 5 26 1861 2006 2129 2403
7398 4 2 5 26 1655 1962 1656 2586
7399 4 2 5 26 2021 2230 1880 2411
7400 4 2 5 26 2141 2393 1869 2546
7401 4 2 5 26 1058 1056 2285 2370
7402 4 2 5 26 1749 2230 2079 2265
7403 4 2 5 26 941 1987 960 2638
7404 4 2 5 26 875 874 873 2097
7405 4 2 5 26 1652 1677 1649 2046
7406 4 2 5 26 1814 2498 2220 2602
7407 4 2 5 26 1395 2122 1024 2368
7408 4 2 5 26 1232 1407 1406 2573
7409 4 2 5 26 1883 2214 2330 2405
7410 4 2 5 26 994 392 393 1949
7411 4 2 5 26 1808 2379 2223 2552
7412 4 2 5 26 1945 2286 2228 2677
7413 4 2 5 26 2089 2162 1986 2637
7414 4 2 5 26 1118 1995 2266 2643
7415 4 2 5 26 1431 1960 1440 2511
7416 4 2 5 26 1848 2136 2168 2625
7417 4 2 5 26 2036 2502 2111 2723
7418 4 2 5 26 1842 2290 2254 2749
7419 4 2 5 26 1032 1998 1551 2326
7420 4 2 5 26 1748 1938 2499 2685
7421 4 2 5 26 1907 2257 2323 2521
7422 4 2 5 26 1989 1847 2594 2679
7423 4 2 5 26 1357 2356 961 2460
7424 4 2 5 26 2130 2040 2421 2746
7425 4 2 5 26 1506 2531 2087 2642
7426 4 2 5 26 2122 2563 1390 2699
7427 4 2 5 26 1644 2114 2094 2665
7428 4 2 5 26 1224 922 1223 2618
7429 4 2 5 26 1981 1819 2288 2475
7430 4 2 5 26 1853 2096 2263 2743
7431 4 2 5 26 1074 949 951 1951
7432 4 2 5 26 1753 2538 2152 2740
7433 4 2 5 26 2167 1854 2446 2552
7434 4 2 5 26 1241 1240 2358 2696
7435 4 2 5 26 1764 2401 2080 2558
7436 4 2 5 26 2138 2277 1873 2365
7437 4 2 5 26 1810 1944 2158 2252
7438 4 2 5 26 2186 2193 1163 2703
7439 4 2 5 26 2001 2128 1802 2677
7440 4 2 5 26 2257 2583 1464 2662
7441 4 2 5 26 1893 2551 2168 2627
7442 4 2 5 26 1748 2231 2042 2499
7443 4 2 5 26 2111 2179 1852 2675
7444 4 2 5 26 1096 1107 1278 2148
7445 4 2 5 26 1855 2547 2337 2558
7446 4 2 5 26 1789 2114 2115 2383
7447 4 2 5 26 2017 2535 1527 2606
7448 4 2 5 26 1673 2318 2129 2681
7449 4 2 5 26 1755 2426 2013 2512
7450 4 2 5 26 1632 2199 1991 2681
7451 4 2 5 26 1197 959 2561 2697
7452 4 2 5 26 1814 2334 2117 2607
7453 4 2 5 26 1480 2326 2284 2600
7454 4 2 5 26 1950 2147 1799 2219
7455 4 2 5 26 1318 1371 1122 1999
7456 4 2 5 26 914 2243 915 2251
7457 4 2 5 26 1195 2316 2016 2663
7458 4 2 5 26 2110 2274 1885 2630
7459 4 2 5 26 1045 1048 1574 2140
7460 4 2 5 26 1854 2533 2219 2713
7461 4 2 5 26 1864 2209 2117 2579
7462 4 2 5 26 1013 2028 937 2568
7463 4 2 5 26 1500 1502 998 2223
7464 4 2 5 26 1802 2000 2363 2635
7465 4 2 5 26 1576 1277 1276 2587
7466 4 2 5 26 1964 2422 1769 2555
7467 4 2 5 26 1746 2241 2066 2441
7468 4 2 5 26 1550 1456 933 2149
7469 4 2 5 26 1333 1397 1376 2106
7470 4 2 5 26 1474 1119 381 2266
7471 4 2 5 26 1794 2319 2050 2647
7472 4 2 5 26 1650 1627 1623 2096
7473 4 2 5 26 1491 888 892 2198
7474 4 2 5 26 432 2142 1984 2205
7475 4 2 5 26 2073 2183 1972 2718
7476 4 2 5 26 1440 1960 910 2511
7477 4 2 5 26 1772 1939 2462 2617
7478 4 2 5 26 1479 1248 2272 2510
7479 4 2 5 26 1849 2411 2021 2433
7480 4 2 5 26 1119 1474 2154 2266
7481 4 2 5 26 1756 2138 2050 2647
7482 4 2 5 26 1794 2277 2138 2365
7483 4 2 5 26 1370 1974 381 2170
7484 4 2 5 26 1813 2104 2155 2401
7485 4 2 5 26 1657 1665 1662 2237
7486 4 2 5 26 2110 2588 2448 2694
7487 4 2 5 26 1116 1127 1901 2192
7488 4 2 5 26 882 883 1313 1957
7489 4 2 5 26 1849 2134 1990 2411
7490 4 2 5 26 1818 2410 2235 2582
7491 4 2 5 26 1318 1371 1999 2662
7492 4 2 5 26 1830 2061 2452 2490
7493 4 2 5 26 1257 1236 1235 1881
7494 4 2 5 26 429 88 2463 2571
7495 4 2 5 26 1881 2147 2301 2732
7496 4 2 5 26 1980 2034 1948 2659
7497 4 2 5 26 82 1624 2209 2574
7498 4 2 5 26 1678 2157 1681 2728
7499 4 2 5 26 1009 1244 1242 2633
7500 4 2 5 26 1885 2491 2257 2630
7501 4 2 5 26 1906 2350 2096 2444
7502 4 2 5 26 2152 2458 1998 2627
7503 4 2 5 26 1072 1071 2196 2415
7504 4 2 5 26 2003 2385 1875 2400
7505 4 2 5 26 2020 2592 2490 2693
7506 4 2 5 26 930 1481 2326 2755
7507 4 2 5 26 1963 1823 2374 2593
7508 4 2 5 26 2012 2148 1764 2507
7509 4 2 5 26 1874 2165 2271 2443
7510 4 2 5 26 1898 1942 2509 2676
7511 4 2 5 26 2078 2597 2496 2650
7512 4 2 5 26 1434 2116 1146 2287
7513 4 2 5 26 1820 2025 2429 2682
7514 4 2 5 26 1558 1555 2477 2673
7515 4 2 5 26 1643 2517 1621 2613
7516 4 2 5 26 1914 2206 2009 2232
7517 4 2 5 26 2068 2075 1923 2569
7518 4 2 5 26 1921 2327 2120 2611
7519 4 2 5 26 1837 2311 2072 2473
7520 4 2 5 26 1267 1266 1292 2688
7521 4 2 5 26 1782 1980 2034 2622
7522 4 2 5 26 2209 2664 2401 2698
7523 4 2 5 26 1441 1590 1552 1982
7524 4 2 5 26 1207 2361 2025 2738
7525 4 2 5 26 1983 2599 2131 2656
7526 4 2 5 26 431 430 2121 2621
7527 4 2 5 26 1887 2248 2453 2680
7528 4 2 5 26 1814 2117 2220 2498
7529 4 2 5 26 1890 2273 2267 2408
7530 4 2 5 26 2014 2375 2638 2733
7531 4 2 5 26 1927 2227 2139 2504
7532 4 2 5 26 1968 2247 1781 2282
7533 4 2 5 26 1847 2289 2042 2503
7534 4 2 5 26 2193 2430 2367 2703
7535 4 2 5 26 1937 2061 2570 2585
7536 4 2 5 26 1408 897 400 2244
7537 4 2 5 26 1616 1611 1614 2386
7538 4 2 5 26 1592 2036 1420 2305
7539 4 2 5 26 73 2244 1013 2568
7540 4 2 5 26 1922 2261 2084 2451
7541 4 2 5 26 1828 2124 1976 2578
7542 4 2 5 26 1839 2047 2196 2596
7543 4 2 5 26 2045 2412 1517 2692
7544 4 2 5 26 1227 2266 1288 2643
7545 4 2 5 26 1378 1450 2208 2564
7546 4 2 5 26 1007 1946 2576 2583
7547 4 2 5 26 1578 1095 1405 2368
7548 4 2 5 26 1018 1045 1574 2010
7549 4 2 5 26 1977 2474 1821 2525
7550 4 2 5 26 1803 2352 2049 2416
7551 4 2 5 26 1813 2220 2054 2445
7552 4 2 5 26 1357 1446 1276 1966
7553 4 2 5 26 1797 2502 2036 2528
7554 4 2 5 26 1869 2456 1996 2590
7555 4 2 5 26 1541 2363 2038 2573
7556 4 2 5 26 2029 2460 2063 2670
7557 4 2 5 26 1794 2319 2542 2721
7558 4 2 5 26 1763 2327 2131 2719
7559 4 2 5 26 1889 2540 2060 2741
7560 4 2 5 26 1857 2063 2380 2466
7561 4 2 5 26 1746 2241 2711 2725
7562 4 2 5 26 1984 2034 1829 2645
7563 4 2 5 26 1642 2159 2613 2665
7564 4 2 5 26 1321 978 1308 2713
7565 4 2 5 26 2006 2129 1815 2652
7566 4 2 5 26 2047 2194 2188 2195
7567 4 2 5 26 1190 1175 2291 2316
7568 4 2 5 26 1687 1655 1656 2586
7569 4 2 5 26 1821 2332 2275 2399
7570 4 2 5 26 1787 1900 2440 2464
7571 4 2 5 26 1962 2080 2341 2401
7572 4 2 5 26 1747 2449 2037 2624
7573 4 2 5 26 1789 2114 2075 2747
7574 4 2 5 26 405 1648 1663 2085
7575 4 2 5 26 1829 1915 2121 2125
7576 4 2 5 26 1154 1152 2108 2409
7577 4 2 5 26 1229 1985 1230 2312
7578 4 2 5 26 2135 2438 1851 2651
7579 4 2 5 26 425 2094 1695 2601
7580 4 2 5 26 2353 2685 2499 2735
7581 4 2 5 26 1927 2495 2268 2504
7582 4 2 5 26 1420 2036 1592 2723
7583 4 2 5 26 1236 1257 1172 2189
7584 4 2 5 26 1799 2229 2301 2390
7585 4 2 5 26 2160 2323 2077 2521
7586 4 2 5 26 956 954 1587 1994
7587 4 2 5 26 1815 2171 2059 2604
7588 4 2 5 26 2090 2547 1929 2712
7589 4 2 5 26 1587 954 1470 2527
7590 4 2 5 26 1907 2583 2257 2662
7591 4 2 5 26 427 2171 90 2335
7592 4 2 5 26 2335 2472 2057 2530
7593 4 2 5 26 1301 2285 1056 2370
7594 4 2 5 26 1802 2286 2585 2677
7595 4 2 5 26 1131 1127 2192 2608
7596 4 2 5 26 985 1966 999 2427
7597 4 2 5 26 1761 2220 2054 2698
7598 4 2 5 26 915 1099 1100 2251
7599 4 2 5 26 2342 2609 1979 2624
7600 4 2 5 26 1748 1938 2231 2499
7601 4 2 5 26 1753 2077 2219 2740
7602 4 2 5 26 1803 2076 2037 2252
7603 4 2 5 26 1047 2140 2127 2537
7604 4 2 5 26 2353 1807 2464 2685
7605 4 2 5 26 2490 2592 1766 2693
7606 4 2 5 26 2315 2527 1802 2635
7607 4 2 5 26 2014 2418 1858 2733
7608 4 2 5 26 73 1073 1013 2244
7609 4 2 5 26 1931 2352 2181 2416
7610 4 2 5 26 1969 2538 2307 2645
7611 4 2 5 26 1911 2275 2099 2602
7612 4 2 5 26 1552 1418 1417 2316
7613 4 2 5 26 1975 2133 1809 2636
7614 4 2 5 26 1881 2072 2229 2533
7615 4 2 5 26 1370 884 381 1974
7616 4 2 5 26 1498 1208 2361 2554
7617 4 2 5 26 1016 1899 388 2714
7618 4 2 5 26 2217 2270 2055 2655
7619 4 2 5 26 1875 2385 2003 2615
7620 4 2 5 26 1266 881 880 2364
7621 4 2 5 26 2117 2220 1813 2334
7622 4 2 5 26 1094 1538 1395 2030
7623 4 2 5 26 1792 2070 2341 2488
7624 4 2 5 26 1906 1975 2317 2667
7625 4 2 5 26 1365 1364 1467 2213
7626 4 2 5 26 2173 1840 2476 2572
7627 4 2 5 26 1796 2156 2249 2607
7628 4 2 5 26 959 912 1987 2697
7629 4 2 5 26 2243 2251 1849 2465
7630 4 2 5 26 1254 2238 1159 2242
7631 4 2 5 26 2057 2405 1980 2471
7632 4 2 5 26 1861 2129 2391 2403
7633 4 2 5 26 2173 2293 1840 2572
7634 4 2 5 26 2015 1877 2184 2589
7635 4 2 5 26 390 2275 1063 2399
7636 4 2 5 26 2177 2292 1889 2741
7637 4 2 5 26 397 396 2210 2589
7638 4 2 5 26 1855 1963 2519 2547
7639 4 2 5 26 1966 2389 2084 2423
7640 4 2 5 26 2212 2245 1949 2259
7641 4 2 5 26 1918 2542 2319 2721
7642 4 2 5 26 1069 937 928 2089
7643 4 2 5 26 1756 2050 2623 2647
7644 4 2 5 26 2056 2478 2113 2688
7645 4 2 5 26 1189 2609 1958 2688
7646 4 2 5 26 1656 1622 1627 2444
7647 4 2 5 26 1830 2006 2177 2652
7648 4 2 5 26 1746 2146 2026 2262
7649 4 2 5 26 1941 2083 1808 2446
7650 4 2 5 26 2074 2160 1879 2359
7651 4 2 5 26 1831 2307 2083 2660
7652 4 2 5 26 2019 2362 1894 2406
7653 4 2 5 26 1951 1823 2302 2512
7654 4 2 5 26 1051 1168 1113 2289
7655 4 2 5 26 2172 2503 2469 2580
7656 4 2 5 26 1865 2182 2011 2436
7657 4 2 5 26 2519 2593 1963 2700
7658 4 2 5 26 1765 2503 2172 2580
7659 4 2 5 26 1591 1196 1552 2316
7660 4 2 5 26 2053 2567 2232 2750
7661 4 2 5 26 2054 2102 1856 2457
7662 4 2 5 26 1968 2574 1781 2577
7663 4 2 5 26 1833 2430 2193 2703
7664 4 2 5 26 1065 2342 2450 2480
7665 4 2 5 26 1657 2225 1636 2237
7666 4 2 5 26 1916 2209 2117 2698
7667 4 2 5 26 900 2203 899 2584
7668 4 2 5 26 981 1122 1126 2491
7669 4 2 5 26 1325 2078 1085 2597
7670 4 2 5 26 1118 890 1995 2643
7671 4 2 5 26 1886 2353 1972 2439
7672 4 2 5 26 1865 2118 2170 2447
7673 4 2 5 26 1457 2149 1456 2428
7674 4 2 5 26 1830 2452 2318 2652
7675 4 2 5 26 2090 2519 1963 2547
7676 4 2 5 26 1983 1812 2285 2370
7677 4 2 5 26 1152 2108 2409 2612
7678 4 2 5 26 1946 2051 2327 2639
7679 4 2 5 26 1285 898 1408 1952
7680 4 2 5 26 1897 2563 1164 2584
7681 4 2 5 26 1847 2183 2042 2289
7682 4 2 5 26 1916 2534 2263 2574
7683 4 2 5 26 1575 2058 2561 2600
7684 4 2 5 26 1171 1320 2274 2630
7685 4 2 5 26 1309 980 1310 2704
7686 4 2 5 26 1023 1312 1311 1912
7687 4 2 5 26 1974 1774 2447 2625
7688 4 2 5 26 1804 2051 2323 2639
7689 4 2 5 26 872 1243 873 2216
7690 4 2 5 26 1058 2285 1057 2358
7691 4 2 5 26 1302 1296 966 2473
7692 4 2 5 26 1164 1897 2377 2563
7693 4 2 5 26 1126 2461 1310 2491
7694 4 2 5 26 1909 2172 1765 2260
7695 4 2 5 26 2208 2551 1902 2666
7696 4 2 5 26 1638 2271 1686 2400
7697 4 2 5 26 1904 2173 2101 2476
7698 4 2 5 26 1032 1998 2326 2616
7699 4 2 5 26 1794 2365 2319 2721
7700 4 2 5 26 1848 2402 2136 2625
7701 4 2 5 26 1888 2428 2202 2641
7702 4 2 5 26 1498 2361 1996 2554
7703 4 2 5 26 1653 1626 1639 2729
7704 4 2 5 26 1778 2615 2105 2750
7705 4 2 5 26 1850 2177 2272 2470
7706 4 2 5 26 1015 1016 1017 2384
7707 4 2 5 26 1850 2272 2177 2575
7708 4 2 5 26 1864 2249 2156 2607
7709 4 2 5 26 1949 1795 2245 2485
7710 4 2 5 26 1192 1194 1193 2033
7711 4 2 5 26 1214 1144 1213 2407
7712 4 2 5 26 2141 2281 1884 2717
7713 4 2 5 26 1101 1464 2583 2662
7714 4 2 5 26 1480 1551 2284 2326
7715 4 2 5 26 1755 1947 2234 2512
7716 4 2 5 26 1252 1192 1964 2631
7717 4 2 5 26 2021 2508 2433 2660
7718 4 2 5 26 2179 2360 1979 2657
7719 4 2 5 26 1224 1931 921 2618
7720 4 2 5 26 1675 2314 406 2716
7721 4 2 5 26 1986 2506 2089 2637
7722 4 2 5 26 1111 2233 1299 2501
7723 4 2 5 26 2064 2115 1879 2550
7724 4 2 5 26 1198 2058 1029 2379
7725 4 2 5 26 1809 2269 1975 2636
7726 4 2 5 26 1931 1961 2181 2352
7727 4 2 5 26 2101 2173 1819 2689
7728 4 2 5 26 1934 2379 2446 2552
7729 4 2 5 26 1928 1818 2250 2699
7730 4 2 5 26 1920 2205 2336 2508
7731 4 2 5 26 1858 2373 2302 2375
7732 4 2 5 26 1052 1054 2073 2329
7733 4 2 5 26 972 2111 2409 2675
7734 4 2 5 26 2349 2406 1894 2706
7735 4 2 5 26 1394 906 1482 1956
7736 4 2 5 26 1652 2046 1649 2174
7737 4 2 5 26 1287 948 947 2154
7738 4 2 5 26 2015 2153 1877 2589
7739 4 2 5 26 2093 2396 2224 2707
7740 4 2 5 26 1820 2520 2127 2691
7741 4 2 5 26 1636 2225 1658 2513
7742 4 2 5 26 1803 2037 2076 2536
7743 4 2 5 26 1672 2171 1671 2604
7744 4 2 5 26 1930 1793 2320 2724
7745 4 2 5 26 1964 1812 2285 2422
7746 4 2 5 26 1609 1625 2156 2572
7747 4 2 5 26 1853 2263 2381 2743
7748 4 2 5 26 1755 2234 2269 2512
7749 4 2 5 26 1681 1673 1670 2129
7750 4 2 5 26 1894 1989 2349 2706
7751 4 2 5 26 1109 1107 2012 2501
7752 4 2 5 26 1884 2040 2281 2398
7753 4 2 5 26 1023 2197 1026 2250
7754 4 2 5 26 2113 2364 2056 2688
7755 4 2 5 26 1813 2209 2104 2401
7756 4 2 5 26 1928 2495 2122 2563
7757 4 2 5 26 1889 2272 2177 2470
7758 4 2 5 26 1190 2289 2016 2291
7759 4 2 5 26 1285 1555 1110 2132
7760 4 2 5 26 2422 2565 1904 2722
7761 4 2 5 26 2117 1813 2220 2698
7762 4 2 5 26 1804 2327 2051 2639
7763 4 2 5 26 1814 2220 2457 2602
7764 4 2 5 26 1878 2128 2088 2684
7765 4 2 5 26 1403 1319 1044 1972
7766 4 2 5 26 1295 1348 1105 2466
7767 4 2 5 26 1383 2283 1382 2467
7768 4 2 5 26 1838 2362 2019 2384
7769 4 2 5 26 1620 2331 2517 2726
7770 4 2 5 26 2062 2628 1769 2722
7771 4 2 5 26 1792 2246 1947 2382
7772 4 2 5 26 2160 2517 1866 2739
7773 4 2 5 26 1560 1570 1985 2434
7774 4 2 5 26 1945 2413 2286 2481
7775 4 2 5 26 1797 2106 2502 2528
7776 4 2 5 26 1842 1988 2387 2496
7777 4 2 5 26 1813 2401 2054 2698
7778 4 2 5 26 1096 1108 1107 2661
7779 4 2 5 26 956 1587 1583 1994
7780 4 2 5 26 1918 2025 2429 2497
7781 4 2 5 26 1950 2146 1799 2147
7782 4 2 5 26 1841 2215 2007 2721
7783 4 2 5 26 1813 2209 2401 2698
7784 4 2 5 26 1472 2315 1562 2527
7785 4 2 5 26 1796 2085 2222 2255
7786 4 2 5 26 1427 1187 2273 2526
7787 4 2 5 26 1838 2086 2362 2432
7788 4 2 5 26 1758 2319 2497 2590
7789 4 2 5 26 1343 2016 2594 2663
7790 4 2 5 26 1974 2136 2216 2402
7791 4 2 5 26 2105 2615 2453 2750
7792 4 2 5 26 1181 1180 2163 2240
7793 4 2 5 26 1274 2073 1319 2358
7794 4 2 5 26 1806 2480 2047 2620
7795 4 2 5 26 1892 2328 2408 2686
7796 4 2 5 26 1860 2080 1962 2401
7797 4 2 5 26 874 886 2216 2402
7798 4 2 5 26 2020 1766 2490 2592
7799 4 2 5 26 1818 2368 2122 2410
7800 4 2 5 26 1287 1288 1227 2266
7801 4 2 5 26 1831 2048 2307 2660
7802 4 2 5 26 2125 2517 1866 2740
7803 4 2 5 26 1900 2093 2532 2707
7804 4 2 5 26 933 2549 1439 2755
7805 4 2 5 26 1590 2305 1982 2554
7806 4 2 5 26 1829 2034 2621 2622
7807 4 2 5 26 1416 1404 1329 2019
7808 4 2 5 26 2217 2544 1629 2655
7809 4 2 5 26 1928 1897 2495 2563
7810 4 2 5 26 1980 2330 1948 2405
7811 4 2 5 26 1813 2401 2155 2445
7812 4 2 5 26 893 1965 895 2332
7813 4 2 5 26 2277 2007 2509 2721
7814 4 2 5 26 1821 2010 2275 2278
7815 4 2 5 26 2143 2214 1704 2405
7816 4 2 5 26 1841 2150 2007 2644
7817 4 2 5 26 1630 1629 2544 2655
7818 4 2 5 26 1944 1780 2252 2560
7819 4 2 5 26 1499 1384 1374 2682
7820 4 2 5 26 1875 2400 1992 2702
7821 4 2 5 26 2347 2374 1823 2593
7822 4 2 5 26 1918 2319 2365 2721
7823 4 2 5 26 2028 1766 2592 2693
7824 4 2 5 26 959 912 960 1987
7825 4 2 5 26 938 936 937 2089
7826 4 2 5 26 1349 1075 901 2377
7827 4 2 5 26 1704 429 2214 2571
7828 4 2 5 26 889 1995 891 2598
7829 4 2 5 26 1868 2146 2026 2301
7830 4 2 5 26 1770 2160 2077 2521
7831 4 2 5 26 1482 906 1483 2287
7832 4 2 5 26 1892 2408 2060 2686
7833 4 2 5 26 1000 1103 1211 2029
7834 4 2 5 26 388 903 902 2321
7835 4 2 5 26 1198 2058 2379 2697
7836 4 2 5 26 1456 1457 946 2149
7837 4 2 5 26 1854 2446 2552 2588
7838 4 2 5 26 1863 2367 2193 2430
7839 4 2 5 26 1899 2140 2010 2714
7840 4 2 5 26 2036 2528 2502 2614
7841 4 2 5 26 1566 1171 1320 2274
7842 4 2 5 26 2063 1967 2380 2466
7843 4 2 5 26 1841 2007 2225 2644
7844 4 2 5 26 1897 2269 2268 2648
7845 4 2 5 26 1548 1101 1463 2583
7846 4 2 5 26 1989 1894 2679 2706
7847 4 2 5 26 2169 2429 2025 2682
7848 4 2 5 26 1014 2028 1013 2510
7849 4 2 5 26 1885 2274 2110 2588
7850 4 2 5 26 2063 2460 1827 2670
7851 4 2 5 26 1477 2047 1476 2620
7852 4 2 5 26 2118 2170 1836 2631
7853 4 2 5 26 1091 2195 2674 2744
7854 4 2 5 26 1599 1079 1179 2541
7855 4 2 5 26 1901 1886 2369 2633
7856 4 2 5 26 991 2511 2102 2668
7857 4 2 5 26 2327 2430 2120 2611
7858 4 2 5 26 1827 1922 2261 2389
7859 4 2 5 26 1922 2389 1827 2394
7860 4 2 5 26 1854 2201 2533 2713
7861 4 2 5 26 1799 1950 2219 2395
7862 4 2 5 26 1755 2234 1975 2269
7863 4 2 5 26 424 1696 1686 2271
7864 4 2 5 26 1868 2059 2057 2530
7865 4 2 5 26 2064 2120 1754 2557
7866 4 2 5 26 2026 2235 1798 2414
7867 4 2 5 26 1857 2052 2547 2712
7868 4 2 5 26 2087 2531 1889 2642
7869 4 2 5 26 2070 2251 1849 2455
7870 4 2 5 26 1757 2362 2126 2376
7871 4 2 5 26 2410 2540 1890 2741
7872 4 2 5 26 1264 1263 982 2243
7873 4 2 5 26 1515 1356 1512 1953
7874 4 2 5 26 954 956 955 2315
7875 4 2 5 26 1748 2499 2353 2685
7876 4 2 5 26 1853 2263 2046 2451
7877 4 2 5 26 950 951 949 2302
7878 4 2 5 26 1368 2036 1420 2723
7879 4 2 5 26 1755 2268 2295 2522
7880 4 2 5 26 2181 2416 1958 2424
7881 4 2 5 26 1795 2024 2245 2459
7882 4 2 5 26 1875 2559 2385 2615
7883 4 2 5 26 1696 413 1686 2333
7884 4 2 5 26 1332 2106 2562 2614
7885 4 2 5 26 1275 1504 1215 2661
7886 4 2 5 26 1791 2382 2143 2571
7887 4 2 5 26 1328 2349 1330 2384
7888 4 2 5 26 1781 2355 2282 2727
7889 4 2 5 26 2054 1856 2445 2514
7890 4 2 5 26 2009 2108 1852 2450
7891 4 2 5 26 1832 2089 2028 2568
7892 4 2 5 26 2323 2583 1907 2639
7893 4 2 5 26 933 2149 946 2549
7894 4 2 5 26 2165 2454 2385 2559
7895 4 2 5 26 2030 2368 1093 2531
7896 4 2 5 26 1617 1978 2388 2530
7897 4 2 5 26 885 1247 1030 2216
7898 4 2 5 26 2012 2155 1826 2507
7899 4 2 5 26 1869 2184 2393 2398
7900 4 2 5 26 1968 2282 1781 2355
7901 4 2 5 26 898 1285 1110 2132
7902 4 2 5 26 2127 2140 1936 2623
7903 4 2 5 26 1794 2150 2085 2277
7904 4 2 5 26 1802 2363 2315 2635
7905 4 2 5 26 2047 2194 2232 2596
7906 4 2 5 26 423 1923 2068 2371
7907 4 2 5 26 1543 1090 2267 2531
7908 4 2 5 26 1902 2208 2458 2551
7909 4 2 5 26 1779 2557 2224 2707
7910 4 2 5 26 428 2214 2345 2632
7911 4 2 5 26 1808 2223 2379 2697
7912 4 2 5 26 1005 1007 1129 2576
7913 4 2 5 26 1809 2133 1993 2380
7914 4 2 5 26 1660 2385 2003 2400
7915 4 2 5 26 1650 1623 1647 2096
7916 4 2 5 26 2342 2424 1843 2744
7917 4 2 5 26 968 2311 2072 2704
7918 4 2 5 26 1517 931 1520 2045
7919 4 2 5 26 912 2351 1987 2697
7920 4 2 5 26 1628 2279 1606 2344
7921 4 2 5 26 1061 1204 2363 2635
7922 4 2 5 26 1423 1302 966 2290
7923 4 2 5 26 1779 2055 2207 2544
7924 4 2 5 26 1554 1029 2058 2600
7925 4 2 5 26 1355 1511 1512 2506
7926 4 2 5 26 2426 2479 1755 2522
7927 4 2 5 26 1605 2258 1635 2603
7928 4 2 5 26 2006 1815 2504 2652
7929 4 2 5 26 387 2294 973 2321
7930 4 2 5 26 388 1899 2321 2714
7931 4 2 5 26 1593 2439 2633 2696
7932 4 2 5 26 1810 2258 1606 2753
7933 4 2 5 26 386 2019 1404 2294
7934 4 2 5 26 1822 2322 2130 2421
7935 4 2 5 26 1479 1383 1248 2510
7936 4 2 5 26 1645 1968 2263 2574
7937 4 2 5 26 1926 2517 2331 2726
7938 4 2 5 26 1781 2282 2247 2727
7939 4 2 5 26 1247 1370 1396 2170
7940 4 2 5 26 1064 1185 2450 2675
7941 4 2 5 26 1874 2165 2324 2333
7942 4 2 5 26 1764 2155 2401 2445
7943 4 2 5 26 1779 2055 1932 2207
7944 4 2 5 26 1282 1390 2563 2699
7945 4 2 5 26 1608 406 1692 2173
7946 4 2 5 26 2064 2550 2120 2557
7947 4 2 5 26 1803 2416 2037 2449
7948 4 2 5 26 1765 2016 2503 2580
7949 4 2 5 26 1828 2049 2228 2701
7950 4 2 5 26 1538 2030 1508 2535
7951 4 2 5 26 1997 2369 1886 2633
7952 4 2 5 26 1914 2615 2206 2750
7953 4 2 5 26 1596 1982 1209 2361
7954 4 2 5 26 424 1696 2271 2601
7955 4 2 5 26 1506 1393 2531 2642
7956 4 2 5 26 1606 2258 1810 2279
7957 4 2 5 26 2261 2380 1853 2646
7958 4 2 5 26 1880 2021 2433 2660
7959 4 2 5 26 2182 2276 1840 2436
7960 4 2 5 26 1815 2227 2171 2345
7961 4 2 5 26 1538 1395 2122 2584
7962 4 2 5 26 1896 2056 2364 2688
7963 4 2 5 26 1803 2339 1988 2649
7964 4 2 5 26 1776 2547 2133 2712
7965 4 2 5 26 1301 2370 1455 2656
7966 4 2 5 26 1266 1896 1267 2484
7967 4 2 5 26 1915 2395 2091 2726
7968 4 2 5 26 2088 2128 1878 2545
7969 4 2 5 26 1975 2133 2640 2648
7970 4 2 5 26 1806 2053 2516 2596
7971 4 2 5 26 1765 1913 2222 2581
7972 4 2 5 26 1348 2466 1295 2556
7973 4 2 5 26 1477 2434 2196 2620
7974 4 2 5 26 1111 1109 1112 2420
7975 4 2 5 26 2020 1775 2425 2575
7976 4 2 5 26 1218 1220 922 2618
7977 4 2 5 26 1570 1060 925 2256
7978 4 2 5 26 1776 1975 2133 2640
7979 4 2 5 26 2092 1842 2684 2749
7980 4 2 5 26 74 1474 381 1974
7981 4 2 5 26 1078 1979 1066 2609
7982 4 2 5 26 2261 2389 2084 2670
7983 4 2 5 26 2240 2353 1807 2464
7984 4 2 5 26 1766 2286 2413 2481
7985 4 2 5 26 1918 2429 2319 2497
7986 4 2 5 26 1825 2427 2210 2524
7987 4 2 5 26 2059 2171 1883 2335
7988 4 2 5 26 2172 2260 2042 2503
7989 4 2 5 26 890 891 1995 2543
7990 4 2 5 26 1804 2074 2064 2430
7991 4 2 5 26 1840 2101 2276 2689
7992 4 2 5 26 1119 2154 1287 2266
7993 4 2 5 26 1794 2365 2138 2647
7994 4 2 5 26 1085 1184 1325 2296
7995 4 2 5 26 1129 1128 1496 2325
7996 4 2 5 26 1877 2190 2008 2605
7997 4 2 5 26 1017 2384 2140 2537
7998 4 2 5 26 878 877 879 2099
7999 4 2 5 26 1506 1393 1507 2531
8000 4 2 5 26 1515 1409 1165 2151
8001 4 2 5 26 2002 1786 2317 2350
8002 4 2 5 26 1919 2239 2202 2643
8003 4 2 5 26 1206 2357 1524 2578
8004 4 2 5 26 1844 2289 2183 2562
8005 4 2 5 26 1248 907 2272 2510
8006 4 2 5 26 2075 2331 1613 2386
8007 4 2 5 26 1799 2219 2147 2533
8008 4 2 5 26 1615 1628 1606 2344
8009 4 2 5 26 2317 2382 1906 2667
8010 4 2 5 26 2106 2515 1971 2735
8011 4 2 5 26 1488 2195 2188 2578
8012 4 2 5 26 2120 2550 1932 2557
8013 4 2 5 26 1256 1235 2072 2417
8014 4 2 5 26 2209 1860 2534 2664
8015 4 2 5 26 2199 2322 2032 2603
8016 4 2 5 26 1113 2289 1168 2594
8017 4 2 5 26 1809 2133 1975 2648
8018 4 2 5 26 1007 2576 1463 2583
8019 4 2 5 26 2005 2548 1770 2742
8020 4 2 5 26 1950 1941 2622 2725
8021 4 2 5 26 1659 1657 1691 2225
8022 4 2 5 26 1951 2302 1823 2347
8023 4 2 5 26 1778 2003 2615 2702
8024 4 2 5 26 1659 1669 2400 2644
8025 4 2 5 26 1948 2142 2034 2621
8026 4 2 5 26 2171 427 2345 2632
8027 4 2 5 26 1771 2069 2215 2671
8028 4 2 5 26 2143 2382 1791 2595
8029 4 2 5 26 431 432 2142 2621
8030 4 2 5 26 1981 1819 2173 2689
8031 4 2 5 26 1843 1958 2424 2624
8032 4 2 5 26 1756 2095 2278 2710
8033 4 2 5 26 2010 1821 2399 2710
8034 4 2 5 26 1291 1425 1290 2706
8035 4 2 5 26 2389 2460 1966 2670
8036 4 2 5 26 1753 2446 2083 2645
8037 4 2 5 26 1791 2143 1948 2214
8038 4 2 5 26 1818 2368 2197 2699
8039 4 2 5 26 1349 1336 2309 2556
8040 4 2 5 26 1127 1010 1901 2608
8041 4 2 5 26 1231 1131 1127 2192
8042 4 2 5 26 1902 2486 2326 2755
8043 4 2 5 26 2193 2367 1516 2703
8044 4 2 5 26 2123 2537 2127 2581
8045 4 2 5 26 1541 1437 2315 2363
8046 4 2 5 26 1875 2615 2003 2702
8047 4 2 5 26 2054 2220 1761 2457
8048 4 2 5 26 1832 2506 1953 2637
8049 4 2 5 26 2131 2370 1921 2599
8050 4 2 5 26 1076 1951 1074 2377
8051 4 2 5 26 1415 1532 1531 2245
8052 4 2 5 26 1886 2353 2240 2369
8053 4 2 5 26 1253 1082 1255 2238
8054 4 2 5 26 1755 2013 2426 2522
8055 4 2 5 26 1808 2079 1941 2711
8056 4 2 5 26 1840 2101 2173 2476
8057 4 2 5 26 1413 1414 1415 2738
8058 4 2 5 26 1687 2187 1688 2205
8059 4 2 5 26 420 1908 2355 2574
8060 4 2 5 26 1975 2268 2269 2648
8061 4 2 5 26 1831 2326 1998 2458
8062 4 2 5 26 1900 2396 2093 2707
8063 4 2 5 26 2041 2155 1826 2161
8064 4 2 5 26 1971 2183 1972 2752
8065 4 2 5 26 2197 2250 1818 2699
8066 4 2 5 26 1890 2273 2408 2582
8067 4 2 5 26 1310 2461 1340 2704
8068 4 2 5 26 2130 2322 1767 2746
8069 4 2 5 26 1446 999 985 1966
8070 4 2 5 26 1786 2403 2135 2648
8071 4 2 5 26 1537 1536 2065 2668
8072 4 2 5 26 1134 1140 1141 2417
8073 4 2 5 26 1849 2251 2243 2754
8074 4 2 5 26 1539 1188 2468 2591
8075 4 2 5 26 432 2121 1984 2621
8076 4 2 5 26 1338 2311 1339 2461
8077 4 2 5 26 1972 2439 1042 2696
8078 4 2 5 26 2284 2326 1831 2600
8079 4 2 5 26 1601 2163 2113 2731
8080 4 2 5 26 428 2214 2002 2345
8081 4 2 5 26 1752 2352 2049 2442
8082 4 2 5 26 2053 1767 2248 2680
8083 4 2 5 26 2050 2319 1794 2365
8084 4 2 5 26 2036 1844 2528 2614
8085 4 2 5 26 1769 2033 2555 2679
8086 4 2 5 26 2034 2265 1948 2659
8087 4 2 5 26 1803 1988 2352 2649
8088 4 2 5 26 1868 2472 2091 2530
8089 4 2 5 26 896 2022 1248 2510
8090 4 2 5 26 1923 2075 2068 2371
8091 4 2 5 26 1328 1329 1330 2349
8092 4 2 5 26 1682 2335 2057 2471
8093 4 2 5 26 1031 1341 1120 2616
8094 4 2 5 26 2061 1937 2570 2693
8095 4 2 5 26 1820 2319 2050 2429
8096 4 2 5 26 1798 2273 2197 2582
8097 4 2 5 26 1224 1223 1453 2181
8098 4 2 5 26 1960 1827 2356 2394
8099 4 2 5 26 2310 2559 1914 2560
8100 4 2 5 26 2024 2025 1869 2738
8101 4 2 5 26 1294 2221 1293 2466
8102 4 2 5 26 1253 1082 2238 2563
8103 4 2 5 26 1773 2045 2149 2455
8104 4 2 5 26 1817 2069 2004 2456
8105 4 2 5 26 1028 1150 2379 2552
8106 4 2 5 26 1773 2149 2045 2486
8107 4 2 5 26 1802 2286 2124 2527
8108 4 2 5 26 892 1486 1491 2198
8109 4 2 5 26 1808 2351 2223 2697
8110 4 2 5 26 1582 1581 1567 2724
8111 4 2 5 26 1879 2075 2331 2613
8112 4 2 5 26 1909 2222 2085 2255
8113 4 2 5 26 2209 2534 1624 2664
8114 4 2 5 26 1827 2460 2389 2670
8115 4 2 5 26 1947 2382 2317 2667
8116 4 2 5 26 2045 931 2176 2755
8117 4 2 5 26 1066 2342 1979 2450
8118 4 2 5 26 1240 1381 2370 2489
8119 4 2 5 26 1774 2239 2182 2610
8120 4 2 5 26 1077 1336 2221 2309
8121 4 2 5 26 2194 1839 2346 2596
8122 4 2 5 26 2128 2204 1752 2492
8123 4 2 5 26 1548 1463 2576 2583
8124 4 2 5 26 2364 2653 1957 2751
8125 4 2 5 26 1779 2071 2100 2372
8126 4 2 5 26 1382 1383 1479 2642
8127 4 2 5 26 1816 2205 2187 2669
8128 4 2 5 26 2062 2555 1769 2628
8129 4 2 5 26 420 2209 2117 2574
8130 4 2 5 26 1777 2252 2037 2560
8131 4 2 5 26 1836 1964 2505 2631
8132 4 2 5 26 959 960 941 1987
8133 4 2 5 26 1878 2035 2545 2573
8134 4 2 5 26 1901 2369 2240 2464
8135 4 2 5 26 1897 2268 2135 2648
8136 4 2 5 26 1746 2414 2039 2683
8137 4 2 5 26 2210 2404 1871 2477
8138 4 2 5 26 1222 1267 1221 2484
8139 4 2 5 26 1536 1272 1433 2065
8140 4 2 5 26 921 1931 1224 2674
8141 4 2 5 26 1639 2217 2098 2729
8142 4 2 5 26 2392 2497 1820 2682
8143 4 2 5 26 1675 1676 406 2314
8144 4 2 5 26 1996 2340 1522 2554
8145 4 2 5 26 1529 2017 1527 2606
8146 4 2 5 26 1928 2426 2297 2522
8147 4 2 5 26 1397 2515 2106 2541
8148 4 2 5 26 1088 1089 1090 2267
8149 4 2 5 26 2053 2105 1806 2516
8150 4 2 5 26 1761 2054 2457 2629
8151 4 2 5 26 2066 2441 1882 2734
8152 4 2 5 26 2335 2405 2057 2471
8153 4 2 5 26 1825 1966 2423 2427
8154 4 2 5 26 1777 2258 1944 2567
8155 4 2 5 26 1420 2291 2036 2614
8156 4 2 5 26 385 2294 1404 2406
8157 4 2 5 26 1838 2362 2126 2432
8158 4 2 5 26 1857 2380 2063 2646
8159 4 2 5 26 1747 2360 2478 2624
8160 4 2 5 26 407 1684 1675 2716
8161 4 2 5 26 2015 2398 2184 2605
8162 4 2 5 26 1229 1570 1230 1985
8163 4 2 5 26 1778 2206 2615 2750
8164 4 2 5 26 2167 2223 1808 2711
8165 4 2 5 26 1805 2254 2018 2359
8166 4 2 5 26 1746 2711 2167 2725
8167 4 2 5 26 905 903 973 2321
8168 4 2 5 26 2084 2451 2261 2617
8169 4 2 5 26 1573 1522 1201 2340
8170 4 2 5 26 968 2311 966 2473
8171 4 2 5 26 1607 2572 2226 2729
8172 4 2 5 26 1923 2298 2068 2720
8173 4 2 5 26 971 972 2111 2409
8174 4 2 5 26 1285 1952 1408 2477
8175 4 2 5 26 1193 2033 1226 2329
8176 4 2 5 26 1210 1216 2116 2397
8177 4 2 5 26 1242 2178 1240 2696
8178 4 2 5 26 1904 2565 2308 2722
8179 4 2 5 26 2243 2373 1262 2374
8180 4 2 5 26 2054 2401 1860 2698
8181 4 2 5 26 1978 2318 1617 2388
8182 4 2 5 26 980 2491 1310 2704
8183 4 2 5 26 2331 2517 2159 2613
8184 4 2 5 26 2039 2189 1912 2414
8185 4 2 5 26 1697 2333 1970 2454
8186 4 2 5 26 1392 909 906 2272
8187 4 2 5 26 1900 2464 1807 2685
8188 4 2 5 26 75 403 1661 2027
8189 4 2 5 26 2060 2408 1785 2686
8190 4 2 5 26 1946 2327 2051 2719
8191 4 2 5 26 2083 2307 1753 2645
8192 4 2 5 26 1001 1000 2029 2460
8193 4 2 5 26 1776 2133 1975 2636
8194 4 2 5 26 1703 427 2335 2632
8195 4 2 5 26 1265 2439 1376 2515
8196 4 2 5 26 2065 2090 1857 2547
8197 4 2 5 26 1828 1976 2188 2578
8198 4 2 5 26 1865 2447 2170 2598
8199 4 2 5 26 2046 2617 1939 2709
8200 4 2 5 26 1548 1102 1101 2193
8201 4 2 5 26 1788 2115 2064 2550
8202 4 2 5 26 2188 2194 1828 2195
8203 4 2 5 26 1835 1978 2388 2678
8204 4 2 5 26 1851 2203 2135 2566
8205 4 2 5 26 1997 2109 1901 2608
8206 4 2 5 26 1927 1750 2495 2504
8207 4 2 5 26 1133 2123 1132 2127
8208 4 2 5 26 1870 2251 2243 2465
8209 4 2 5 26 2003 2385 1887 2615
8210 4 2 5 26 1937 2570 1994 2585
8211 4 2 5 26 1873 2277 2509 2721
8212 4 2 5 26 381 884 74 1974
8213 4 2 5 26 1801 2253 2404 2421
8214 4 2 5 26 1994 2591 2038 2730
8215 4 2 5 26 1002 2506 1356 2523
8216 4 2 5 26 2186 2296 1833 2703
8217 4 2 5 26 2133 2646 1857 2712
8218 4 2 5 26 2003 1841 2225 2644
8219 4 2 5 26 1513 1300 1514 2233
8220 4 2 5 26 1152 1151 2108 2612
8221 4 2 5 26 1891 2360 2179 2657
8222 4 2 5 26 1771 2509 2008 2676
8223 4 2 5 26 1671 1973 2171 2463
8224 4 2 5 26 1077 1035 1076 2309
8225 4 2 5 26 1169 2016 1190 2289
8226 4 2 5 26 1152 1151 1154 2108
8227 4 2 5 26 1622 1962 1655 2664
8228 4 2 5 26 2276 2436 1894 2493
8229 4 2 5 26 1927 2295 2268 2522
8230 4 2 5 26 1816 2382 2143 2595
8231 4 2 5 26 1608 1692 1641 2475
8232 4 2 5 26 1746 2147 2146 2725
8233 4 2 5 26 1916 2117 2220 2698
8234 4 2 5 26 1259 1054 1274 2073
8235 4 2 5 26 2110 2487 1124 2630
8236 4 2 5 26 2252 2298 1923 2720
8237 4 2 5 26 2130 2539 2040 2717
8238 4 2 5 26 2102 2457 2054 2629
8239 4 2 5 26 1203 971 970 2111
8240 4 2 5 26 1599 2179 1080 2657
8241 4 2 5 26 1868 2146 2057 2626
8242 4 2 5 26 1825 2210 2462 2524
8243 4 2 5 26 1765 2172 1955 2580
8244 4 2 5 26 979 1318 2491 2630
8245 4 2 5 26 900 1147 1145 2407
8246 4 2 5 26 1982 2361 1596 2554
8247 4 2 5 26 2037 2252 2076 2536
8248 4 2 5 26 1487 1072 1071 2196
8249 4 2 5 26 1179 1079 1601 2163
8250 4 2 5 26 1990 2529 1749 2733
8251 4 2 5 26 1430 2123 1493 2663
8252 4 2 5 26 938 2089 1069 2415
8253 4 2 5 26 1949 1821 2399 2525
8254 4 2 5 26 1123 1121 1122 2378
8255 4 2 5 26 1131 2482 1161 2608
8256 4 2 5 26 2139 2227 1815 2504
8257 4 2 5 26 1769 2628 2555 2722
8258 4 2 5 26 78 1662 419 2007
8259 4 2 5 26 2112 1798 2526 2732
8260 4 2 5 26 1935 2093 1788 2383
8261 4 2 5 26 1625 1626 2255 2572
8262 4 2 5 26 2122 2368 2030 2410
8263 4 2 5 26 2173 2226 1608 2572
8264 4 2 5 26 1925 2321 2294 2376
8265 4 2 5 26 1779 2055 1824 2224
8266 4 2 5 26 2189 2414 1881 2732
8267 4 2 5 26 1806 2206 2105 2750
8268 4 2 5 26 2034 2142 1984 2621
8269 4 2 5 26 2009 2206 1914 2518
8270 4 2 5 26 1621 2517 2331 2613
8271 4 2 5 26 1867 2322 2162 2419
8272 4 2 5 26 1953 2213 2151 2539
8273 4 2 5 26 1024 2368 2122 2699
8274 4 2 5 26 1871 2477 2132 2673
8275 4 2 5 26 1881 2229 2072 2417
8276 4 2 5 26 2640 2737 2096 2743
8277 4 2 5 26 880 881 882 2364
8278 4 2 5 26 1903 2476 2226 2722
8279 4 2 5 26 1753 1941 2446 2645
8280 4 2 5 26 1346 1369 1347 2208
8281 4 2 5 26 1527 2017 1528 2535
8282 4 2 5 26 1152 2409 1202 2612
8283 4 2 5 26 896 898 908 2022
8284 4 2 5 26 1781 1977 2474 2695
8285 4 2 5 26 1537 2065 1431 2668
8286 4 2 5 26 1647 2096 1623 2534
8287 4 2 5 26 1807 1971 2353 2515
8288 4 2 5 26 1331 2427 2029 2524
8289 4 2 5 26 1505 1424 1328 2537
8290 4 2 5 26 913 2223 1502 2351
8291 4 2 5 26 1304 977 2090 2519
8292 4 2 5 26 1552 1417 1441 2392
8293 4 2 5 26 1244 1997 1563 2489
8294 4 2 5 26 886 884 885 2216
8295 4 2 5 26 1191 1259 1252 1964
8296 4 2 5 26 1272 1273 1271 2236
8297 4 2 5 26 1934 2552 2446 2588
8298 4 2 5 26 1803 2449 2536 2745
8299 4 2 5 26 1111 1514 2233 2420
8300 4 2 5 26 1485 1477 1071 2196
8301 4 2 5 26 1683 2143 1688 2187
8302 4 2 5 26 1872 2340 1996 2554
8303 4 2 5 26 1485 1070 1490 2188
8304 4 2 5 26 1190 1195 1175 2316
8305 4 2 5 26 1302 2211 1296 2473
8306 4 2 5 26 1290 1989 1430 2594
8307 4 2 5 26 1450 1033 2208 2616
8308 4 2 5 26 1265 2439 1042 2752
8309 4 2 5 26 2055 2217 1824 2270
8310 4 2 5 26 1203 2111 970 2723
8311 4 2 5 26 1209 2392 1385 2682
8312 4 2 5 26 1106 1105 1213 2397
8313 4 2 5 26 1318 2257 1371 2662
8314 4 2 5 26 1303 1305 990 2519
8315 4 2 5 26 1837 2290 2211 2749
8316 4 2 5 26 1517 2412 1518 2692
8317 4 2 5 26 1244 1240 2178 2489
8318 4 2 5 26 1896 2364 2137 2653
8319 4 2 5 26 1287 1119 1474 2154
8320 4 2 5 26 1238 2038 1539 2468
8321 4 2 5 26 1167 2302 1261 2373
8322 4 2 5 26 2364 2484 1957 2653
8323 4 2 5 26 1093 2030 1094 2368
8324 4 2 5 26 1797 2106 2528 2735
8325 4 2 5 26 1239 1187 1334 2526
8326 4 2 5 26 2189 2526 1798 2732
8327 4 2 5 26 1901 2240 1886 2633
8328 4 2 5 26 1338 1121 2378 2461
8329 4 2 5 26 1642 1640 1932 2665
8330 4 2 5 26 2210 2404 1825 2462
8331 4 2 5 26 1503 1529 900 2584
8332 4 2 5 26 1053 2073 1054 2329
8333 4 2 5 26 2124 1802 2527 2635
8334 4 2 5 26 1496 1005 1129 2325
8335 4 2 5 26 1851 1967 2407 2566
8336 4 2 5 26 1764 2341 2080 2401
8337 4 2 5 26 1661 1942 401 2027
8338 4 2 5 26 1810 1923 2204 2442
8339 4 2 5 26 2225 2237 1859 2513
8340 4 2 5 26 1972 2178 1886 2696
8341 4 2 5 26 1255 1074 951 2238
8342 4 2 5 26 972 1586 2111 2675
8343 4 2 5 26 1822 2020 2425 2690
8344 4 2 5 26 2004 2343 1817 2456
8345 4 2 5 26 1902 2458 2326 2486
8346 4 2 5 26 900 1145 2203 2407
8347 4 2 5 26 1755 2269 2479 2512
8348 4 2 5 26 1970 2333 2165 2454
8349 4 2 5 26 1657 78 1691 2007
8350 4 2 5 26 1025 2122 1390 2699
8351 4 2 5 26 1771 2008 2190 2605
8352 4 2 5 26 949 950 2302 2347
8353 4 2 5 26 1380 1563 1460 2489
8354 4 2 5 26 1821 2010 2278 2710
8355 4 2 5 26 1842 2254 2290 2597
8356 4 2 5 26 1807 2685 2353 2735
8357 4 2 5 26 1193 1297 1226 2033
8358 4 2 5 26 2263 2574 1968 2577
8359 4 2 5 26 2209 2534 1860 2698
8360 4 2 5 26 2016 2316 2291 2469
8361 4 2 5 26 2096 2534 2381 2743
8362 4 2 5 26 1932 2094 1788 2550
8363 4 2 5 26 2065 2547 2052 2629
8364 4 2 5 26 1445 2543 890 2643
8365 4 2 5 26 1949 2212 2259 2525
8366 4 2 5 26 1753 2219 2077 2694
8367 4 2 5 26 1922 1827 2354 2394
8368 4 2 5 26 2062 2086 1903 2493
8369 4 2 5 26 973 387 386 2294
8370 4 2 5 26 1868 2026 2146 2626
8371 4 2 5 26 1233 1296 2211 2473
8372 4 2 5 26 1806 2232 2206 2750
8373 4 2 5 26 1757 2249 2362 2436
8374 4 2 5 26 1917 2440 2109 2751
8375 4 2 5 26 1804 2064 2120 2430
8376 4 2 5 26 1202 935 1153 2612
8377 4 2 5 26 1588 1404 386 2019
8378 4 2 5 26 1160 2296 1351 2703
8379 4 2 5 26 1001 2029 1331 2427
8380 4 2 5 26 2071 2224 1824 2396
8381 4 2 5 26 1840 2276 2101 2476
8382 4 2 5 26 2220 2445 1813 2514
8383 4 2 5 26 1262 918 2243 2374
8384 4 2 5 26 1477 1560 2196 2434
8385 4 2 5 26 1896 2137 2056 2745
8386 4 2 5 26 1118 382 2266 2598
8387 4 2 5 26 988 2186 1184 2378
8388 4 2 5 26 1753 2152 2694 2740
8389 4 2 5 26 999 1966 1357 2460
8390 4 2 5 26 1793 2441 2066 2734
8391 4 2 5 26 422 2158 1923 2344
8392 4 2 5 26 1801 2213 2015 2539
8393 4 2 5 26 2141 1884 2312 2717
8394 4 2 5 26 1384 1547 2169 2520
8395 4 2 5 26 930 932 1481 2755
8396 4 2 5 26 1850 2272 2022 2510
8397 4 2 5 26 1235 1236 995 2300
8398 4 2 5 26 1776 2737 2640 2743
8399 4 2 5 26 2049 2352 1931 2416
8400 4 2 5 26 1779 2224 2071 2707
8401 4 2 5 26 1788 2114 2115 2550
8402 4 2 5 26 2084 2389 1966 2670
8403 4 2 5 26 1028 1029 1027 1934
8404 4 2 5 26 1109 1108 1112 2420
8405 4 2 5 26 407 1609 2156 2293
8406 4 2 5 26 1855 2547 2065 2629
8407 4 2 5 26 1430 1290 1429 1989
8408 4 2 5 26 2297 2522 2426 2734
8409 4 2 5 26 1772 2063 2261 2670
8410 4 2 5 26 1097 2148 1098 2661
8411 4 2 5 26 1793 2297 2426 2734
8412 4 2 5 26 2028 2244 1832 2568
8413 4 2 5 26 944 1402 942 2313
8414 4 2 5 26 1854 2167 2147 2748
8415 4 2 5 26 1813 2054 2220 2698
8416 4 2 5 26 401 1661 1662 1942
8417 4 2 5 26 1786 2268 2135 2504
8418 4 2 5 26 995 1580 1234 2201
8419 4 2 5 26 1947 2234 1823 2280
8420 4 2 5 26 1876 2311 2005 2461
8421 4 2 5 26 968 2072 1237 2704
8422 4 2 5 26 1181 1200 1116 2731
8423 4 2 5 26 1946 2327 2576 2639
8424 4 2 5 26 1413 2393 1284 2738
8425 4 2 5 26 1082 1074 1255 2238
8426 4 2 5 26 1796 2086 2222 2432
8427 4 2 5 26 2133 1809 2636 2712
8428 4 2 5 26 1017 1016 1048 2140
8429 4 2 5 26 1444 2202 1443 2643
8430 4 2 5 26 2217 2654 2270 2655
8431 4 2 5 26 1248 896 907 2022
8432 4 2 5 26 1239 1141 1140 2468
8433 4 2 5 26 937 1013 1012 2028
8434 4 2 5 26 1869 1996 2456 2546
8435 4 2 5 26 2082 2157 1822 2672
8436 4 2 5 26 2083 2446 1941 2645
8437 4 2 5 26 1233 1135 1296 2473
8438 4 2 5 26 1788 2115 2114 2383
8439 4 2 5 26 1807 2353 2240 2515
8440 4 2 5 26 1218 2092 1217 2650
8441 4 2 5 26 419 2277 2282 2355
8442 4 2 5 26 384 1401 944 2406
8443 4 2 5 26 1010 1116 1127 1901
8444 4 2 5 26 1948 2330 2214 2405
8445 4 2 5 26 1199 882 2192 2364
8446 4 2 5 26 934 1522 1996 2340
8447 4 2 5 26 1846 2231 2042 2628
8448 4 2 5 26 1212 2025 2361 2682
8449 4 2 5 26 1963 1855 2519 2558
8450 4 2 5 26 1958 2609 2478 2688
8451 4 2 5 26 2133 1853 2380 2646
8452 4 2 5 26 1420 1174 2291 2614
8453 4 2 5 26 2256 2340 1943 2612
8454 4 2 5 26 1322 2153 984 2427
8455 4 2 5 26 1316 2325 875 2656
8456 4 2 5 26 1747 1933 2360 2518
8457 4 2 5 26 1589 1413 2184 2393
8458 4 2 5 26 2181 2424 1492 2674
8459 4 2 5 26 1794 2277 2365 2721
8460 4 2 5 26 1594 942 1577 2118
8461 4 2 5 26 1785 2408 2060 2540
8462 4 2 5 26 907 896 908 2022
8463 4 2 5 26 1769 2101 2422 2505
8464 4 2 5 26 1650 2174 1651 2350
8465 4 2 5 26 1130 1129 1007 2583
8466 4 2 5 26 2076 2536 1862 2745
8467 4 2 5 26 2024 2459 2025 2738
8468 4 2 5 26 2025 2497 1918 2590
8469 4 2 5 26 1090 1093 1088 2531
8470 4 2 5 26 1109 1107 1108 2012
8471 4 2 5 26 1054 1319 1274 2073
8472 4 2 5 26 1593 2633 1011 2696
8473 4 2 5 26 1276 894 1357 1965
8474 4 2 5 26 2131 1921 2370 2489
8475 4 2 5 26 1978 2452 2318 2678
8476 4 2 5 26 2021 1784 2508 2660
8477 4 2 5 26 1681 2129 1670 2728
8478 4 2 5 26 1687 1656 1688 2187
8479 4 2 5 26 1753 2538 1829 2645
8480 4 2 5 26 1821 2474 2107 2525
8481 4 2 5 26 1873 2277 2138 2727
8482 4 2 5 26 1780 2310 2165 2324
8483 4 2 5 26 1195 2016 1343 2663
8484 4 2 5 26 1966 2427 2029 2460
8485 4 2 5 26 1800 2247 1968 2282
8486 4 2 5 26 386 1404 385 2294
8487 4 2 5 26 935 2256 1153 2612
8488 4 2 5 26 2283 2470 2087 2570
8489 4 2 5 26 1785 2570 2585 2730
8490 4 2 5 26 1252 1964 2285 2631
8491 4 2 5 26 1842 2387 2254 2496
8492 4 2 5 26 1434 2116 2287 2673
8493 4 2 5 26 1755 2479 2426 2512
8494 4 2 5 26 429 2002 2214 2571
8495 4 2 5 26 875 2097 873 2656
8496 4 2 5 26 1829 2395 2125 2740
8497 4 2 5 26 2252 2442 1803 2720
8498 4 2 5 26 1103 1000 963 2460
8499 4 2 5 26 1107 2501 1279 2641
8500 4 2 5 26 1993 2640 2133 2648
8501 4 2 5 26 1035 949 1076 2347
8502 4 2 5 26 1789 1923 2068 2720
8503 4 2 5 26 1377 1422 928 1976
8504 4 2 5 26 1808 1941 2167 2711
8505 4 2 5 26 1368 1420 1592 2723
8506 4 2 5 26 1610 2226 1608 2544
8507 4 2 5 26 872 874 886 2216
8508 4 2 5 26 1167 2373 1260 2375
8509 4 2 5 26 2469 2503 2016 2580
8510 4 2 5 26 2078 2296 1895 2597
8511 4 2 5 26 1049 2127 1046 2520
8512 4 2 5 26 1024 2122 1395 2699
8513 4 2 5 26 1279 2501 2202 2641
8514 4 2 5 26 1897 1928 2479 2563
8515 4 2 5 26 1160 2482 2296 2703
8516 4 2 5 26 1780 2310 2145 2536
8517 4 2 5 26 1375 2593 2519 2700
8518 4 2 5 26 2331 2386 1926 2726
8519 4 2 5 26 2064 2115 1917 2303
8520 4 2 5 26 1790 2168 2551 2627
8521 4 2 5 26 1018 2010 390 2399
8522 4 2 5 26 1367 970 1586 2111
8523 4 2 5 26 1643 2159 2517 2613
8524 4 2 5 26 2318 2452 1830 2678
8525 4 2 5 26 1916 2534 2209 2698
8526 4 2 5 26 1267 1292 1453 2181
8527 4 2 5 26 1301 873 1243 1983
8528 4 2 5 26 1850 2022 2272 2575
8529 4 2 5 26 890 891 889 1995
8530 4 2 5 26 1666 80 1676 2288
8531 4 2 5 26 965 2099 2275 2714
8532 4 2 5 26 1248 2022 907 2510
8533 4 2 5 26 1040 1399 2342 2424
8534 4 2 5 26 1982 2361 2497 2682
8535 4 2 5 26 1495 2552 1362 2748
8536 4 2 5 26 1916 2574 2263 2577
8537 4 2 5 26 1181 1180 1177 2163
8538 4 2 5 26 1768 2112 2301 2328
8539 4 2 5 26 1113 1050 1051 2289
8540 4 2 5 26 1935 2324 2093 2383
8541 4 2 5 26 2576 2583 1946 2639
8542 4 2 5 26 1840 2173 2101 2689
8543 4 2 5 26 1628 1615 1611 2371
8544 4 2 5 26 1896 2484 2364 2653
8545 4 2 5 26 1671 2129 1973 2391
8546 4 2 5 26 1847 2042 2183 2628
8547 4 2 5 26 2051 2327 1804 2619
8548 4 2 5 26 1381 2131 1379 2370
8549 4 2 5 26 1612 2331 1620 2726
8550 4 2 5 26 1941 2241 2034 2622
8551 4 2 5 26 1377 1422 1976 2578
8552 4 2 5 26 2241 2622 1782 2659
8553 4 2 5 26 1182 1046 1936 2520
8554 4 2 5 26 1770 2160 2074 2359
8555 4 2 5 26 1973 1786 2391 2403
8556 4 2 5 26 916 2251 2692 2754
8557 4 2 5 26 1999 2521 1907 2548
8558 4 2 5 26 1865 2276 2182 2436
8559 4 2 5 26 1830 2061 2490 2678
8560 4 2 5 26 2129 2681 2082 2728
8561 4 2 5 26 1751 2078 2496 2649
8562 4 2 5 26 1861 2006 2403 2438
8563 4 2 5 26 2078 2649 1751 2653
8564 4 2 5 26 1782 1948 2330 2659
8565 4 2 5 26 1254 1159 1158 2242
8566 4 2 5 26 915 1400 1099 2700
8567 4 2 5 26 1632 1635 2258 2603
8568 4 2 5 26 1125 1120 1341 2487
8569 4 2 5 26 1930 2320 2441 2683
8570 4 2 5 26 1310 1340 1579 2704
8571 4 2 5 26 1492 2181 1549 2424
8572 4 2 5 26 2047 2194 2195 2744
8573 4 2 5 26 1841 2542 2215 2721
8574 4 2 5 26 1978 2264 1892 2686
8575 4 2 5 26 2019 1894 2349 2406
8576 4 2 5 26 2286 2481 2061 2677
8577 4 2 5 26 1032 1120 1998 2616
8578 4 2 5 26 2125 2517 1926 2726
8579 4 2 5 26 1407 1233 1219 2211
8580 4 2 5 26 2162 2322 2130 2690
8581 4 2 5 26 1190 2016 1195 2316
8582 4 2 5 26 1975 2269 1809 2648
8583 4 2 5 26 2110 1885 2588 2694
8584 4 2 5 26 2299 2325 1946 2719
8585 4 2 5 26 2087 2531 2267 2540
8586 4 2 5 26 390 2275 2010 2714
8587 4 2 5 26 1143 1078 1066 2609
8588 4 2 5 26 1815 1973 2171 2604
8589 4 2 5 26 1863 2576 2327 2639
8590 4 2 5 26 2138 2365 2050 2647
8591 4 2 5 26 1229 1230 1228 2312
8592 4 2 5 26 1913 2623 2050 2647
8593 4 2 5 26 1261 952 1412 2347
8594 4 2 5 26 1590 1982 1596 2554
8595 4 2 5 26 1816 2246 2021 2669
8596 4 2 5 26 1538 1508 1528 2535
8597 4 2 5 26 1026 2197 1405 2699
8598 4 2 5 26 1766 2020 2419 2592
8599 4 2 5 26 398 397 1545 2210
8600 4 2 5 26 1809 2380 1993 2566
8601 4 2 5 26 1387 1388 1386 2428
8602 4 2 5 26 1892 2264 2328 2686
8603 4 2 5 26 1331 2029 1211 2524
8604 4 2 5 26 1973 2345 2171 2463
8605 4 2 5 26 1892 2408 2328 2582
8606 4 2 5 26 990 888 1491 2198
8607 4 2 5 26 1647 1624 1645 2534
8608 4 2 5 26 1570 1569 2256 2434
8609 4 2 5 26 2281 2680 1859 2746
8610 4 2 5 26 2012 1856 2420 2445
8611 4 2 5 26 933 946 1439 2549
8612 4 2 5 26 1406 2363 1541 2573
8613 4 2 5 26 1832 2020 2592 2690
8614 4 2 5 26 2135 2403 1993 2648
8615 4 2 5 26 2103 2399 1821 2710
8616 4 2 5 26 1878 2211 2092 2684
8617 4 2 5 26 2110 2630 1885 2694
8618 4 2 5 26 1967 1809 2556 2566
8619 4 2 5 26 1354 2467 1353 2494
8620 4 2 5 26 1917 2383 2115 2532
8621 4 2 5 26 893 894 895 1965
8622 4 2 5 26 1887 2453 2615 2750
8623 4 2 5 26 1838 2581 2432 2623
8624 4 2 5 26 2133 2646 2052 2743
8625 4 2 5 26 1790 2458 2152 2627
8626 4 2 5 26 1256 1235 969 2072
8627 4 2 5 26 1831 2458 2048 2486
8628 4 2 5 26 1881 2301 2112 2732
8629 4 2 5 26 1826 2239 2202 2507
8630 4 2 5 26 1397 1178 2515 2541
8631 4 2 5 26 1551 1032 1120 1998
8632 4 2 5 26 1753 2694 2077 2740
8633 4 2 5 26 873 1983 1301 2656
8634 4 2 5 26 1053 1168 1051 2329
8635 4 2 5 26 1867 2258 2346 2567
8636 4 2 5 26 1875 2003 2400 2702
8637 4 2 5 26 1994 2585 2570 2730
8638 4 2 5 26 1861 2391 2129 2728
8639 4 2 5 26 1170 2487 2257 2630
8640 4 2 5 26 1786 2403 1973 2504
8641 4 2 5 26 1570 1229 1560 1985
8642 4 2 5 26 1136 2035 1135 2573
8643 4 2 5 26 1993 1861 2403 2651
8644 4 2 5 26 1941 1808 2167 2446
8645 4 2 5 26 1649 1651 2174 2391
8646 4 2 5 26 1900 2071 2369 2685
8647 4 2 5 26 1843 2195 2194 2744
8648 4 2 5 26 1914 1887 2615 2750
8649 4 2 5 26 1838 2349 2019 2362
8650 4 2 5 26 2092 2684 2211 2749
8651 4 2 5 26 2110 1934 2284 2448
8652 4 2 5 26 2108 1510 2450 2480
8653 4 2 5 26 1983 2370 2131 2599
8654 4 2 5 26 1867 2322 2199 2603
8655 4 2 5 26 1492 1292 1549 2181
8656 4 2 5 26 2120 2327 1804 2430
8657 4 2 5 26 1778 2105 2206 2750
8658 4 2 5 26 1857 2133 2380 2646
8659 4 2 5 26 1776 2636 2547 2712
8660 4 2 5 26 2318 2388 1978 2678
8661 4 2 5 26 2047 1843 2194 2744
8662 4 2 5 26 1163 1351 2186 2703
8663 4 2 5 26 1559 2434 1477 2620
8664 4 2 5 26 1780 2536 2252 2560
8665 4 2 5 26 2044 2555 2628 2722
8666 4 2 5 26 1665 401 1662 1942
8667 4 2 5 26 1905 2348 2144 2500
8668 4 2 5 26 1780 2252 2076 2298
8669 4 2 5 26 405 410 79 2355
8670 4 2 5 26 1888 2251 2070 2455
8671 4 2 5 26 1014 1013 1073 2510
8672 4 2 5 26 1942 1800 2027 2282
8673 4 2 5 26 2078 2649 1961 2650
8674 4 2 5 26 2038 2591 1910 2730
8675 4 2 5 26 1381 1379 2131 2489
8676 4 2 5 26 1749 2265 2418 2595
8677 4 2 5 26 1801 2404 2218 2421
8678 4 2 5 26 1850 2570 2467 2693
8679 4 2 5 26 1364 1365 1363 2213
8680 4 2 5 26 2172 2042 2469 2503
8681 4 2 5 26 1629 2654 2217 2655
8682 4 2 5 26 1887 2567 2053 2750
8683 4 2 5 26 1451 1388 1452 2428
8684 4 2 5 26 2032 2322 2248 2603
8685 4 2 5 26 1628 1631 2279 2388
8686 4 2 5 26 1907 1999 2257 2521
8687 4 2 5 26 1786 2227 2002 2295
8688 4 2 5 26 1550 933 931 2755
8689 4 2 5 26 1365 2213 1467 2589
8690 4 2 5 26 1895 2005 2378 2548
8691 4 2 5 26 1657 1662 78 2007
8692 4 2 5 26 1461 1460 1563 2367
8693 4 2 5 26 1825 2029 2427 2462
8694 4 2 5 26 1658 1636 1657 2225
8695 4 2 5 26 1299 2501 2233 2543
8696 4 2 5 26 1606 2258 1605 2753
8697 4 2 5 26 1465 2257 1170 2487
8698 4 2 5 26 1843 2416 2195 2674
8699 4 2 5 26 1275 2023 1421 2519
8700 4 2 5 26 2033 2313 1194 2706
8701 4 2 5 26 1244 1240 1242 2178
8702 4 2 5 26 1804 2051 2619 2739
8703 4 2 5 26 2332 1821 2525 2587
8704 4 2 5 26 934 1996 1498 2546
8705 4 2 5 26 1842 2211 2290 2749
8706 4 2 5 26 1705 430 1604 2121
8707 4 2 5 26 1825 2462 2427 2524
8708 4 2 5 26 1980 2405 1702 2471
8709 4 2 5 26 1499 2459 1373 2738
8710 4 2 5 26 1896 2339 2137 2745
8711 4 2 5 26 1017 1505 2384 2537
8712 4 2 5 26 2011 2233 1826 2543
8713 4 2 5 26 938 937 1069 2089
8714 4 2 5 26 1283 1286 1284 2738
8715 4 2 5 26 955 2038 1541 2315
8716 4 2 5 26 1083 1222 1221 2078
8717 4 2 5 26 2019 2349 1894 2362
8718 4 2 5 26 1655 1675 2104 2586
8719 4 2 5 26 1813 2334 2220 2514
8720 4 2 5 26 992 2459 2169 2485
8721 4 2 5 26 1905 2144 2435 2500
8722 4 2 5 26 1779 2372 2557 2707
8723 4 2 5 26 2095 2695 2278 2710
8724 4 2 5 26 996 997 2300 2748
8725 4 2 5 26 2367 2482 2109 2608
8726 4 2 5 26 1007 1548 1463 2576
8727 4 2 5 26 2185 2528 1938 2735
8728 4 2 5 26 1988 1803 2442 2720
8729 4 2 5 26 2083 2307 1831 2448
8730 4 2 5 26 1397 2106 1178 2541
8731 4 2 5 26 1063 2399 2332 2587
8732 4 2 5 26 1816 2142 1948 2143
8733 4 2 5 26 1806 2108 2480 2620
8734 4 2 5 26 1316 1379 2131 2656
8735 4 2 5 26 1316 1379 1005 2131
8736 4 2 5 26 1893 2325 2299 2719
8737 4 2 5 26 425 2094 2601 2705
8738 4 2 5 26 1754 2120 2372 2557
8739 4 2 5 26 1104 2236 1273 2466
8740 4 2 5 26 874 1036 2402 2564
8741 4 2 5 26 880 1266 2364 2688
8742 4 2 5 26 423 422 1698 2068
8743 4 2 5 26 1820 2392 2520 2691
8744 4 2 5 26 1820 2429 2025 2497
8745 4 2 5 26 1990 2243 1849 2465
8746 4 2 5 26 1134 1136 1140 2035
8747 4 2 5 26 998 2223 1495 2748
8748 4 2 5 26 1528 1527 1529 2017
8749 4 2 5 26 1592 1420 1591 2305
8750 4 2 5 26 1773 2048 2435 2486
8751 4 2 5 26 1564 1077 1336 2221
8752 4 2 5 26 1990 2411 2134 2733
8753 4 2 5 26 894 893 910 2356
8754 4 2 5 26 1922 1827 2261 2354
8755 4 2 5 26 1019 992 2169 2485
8756 4 2 5 26 2130 2322 2162 2637
8757 4 2 5 26 2019 2349 1838 2384
8758 4 2 5 26 1060 923 925 2256
8759 4 2 5 26 1135 2035 1134 2473
8760 4 2 5 26 407 1675 406 2293
8761 4 2 5 26 1667 80 2288 2475
8762 4 2 5 26 1789 2306 2115 2687
8763 4 2 5 26 1981 2610 2500 2689
8764 4 2 5 26 2104 1845 2341 2586
8765 4 2 5 26 1809 1993 2133 2648
8766 4 2 5 26 1178 1177 2515 2541
8767 4 2 5 26 1620 2517 2125 2726
8768 4 2 5 26 1749 2246 2265 2595
8769 4 2 5 26 1085 2078 1083 2597
8770 4 2 5 26 1879 2115 2114 2550
8771 4 2 5 26 1378 1450 1033 2208
8772 4 2 5 26 1589 2184 1467 2393
8773 4 2 5 26 1867 2053 2248 2567
8774 4 2 5 26 2086 1894 2362 2493
8775 4 2 5 26 1600 1089 1186 2267
8776 4 2 5 26 1495 2223 2552 2748
8777 4 2 5 26 2089 2162 1832 2592
8778 4 2 5 26 1459 1230 2141 2312
8779 4 2 5 26 2034 2622 2241 2659
8780 4 2 5 26 2337 2381 2052 2629
8781 4 2 5 26 1875 1992 2400 2443
8782 4 2 5 26 1747 2449 2056 2536
8783 4 2 5 26 2128 1752 2228 2492
8784 4 2 5 26 1001 1211 1331 2029
8785 4 2 5 26 1926 2386 2091 2726
8786 4 2 5 26 1677 402 1678 2157
8787 4 2 5 26 420 2209 1684 2579
8788 4 2 5 26 1781 2498 2107 2577
8789 4 2 5 26 1137 1979 1078 2657
8790 4 2 5 26 1949 2399 392 2587
8791 4 2 5 26 1054 1053 1051 2073
8792 4 2 5 26 2478 2609 2113 2688
8793 4 2 5 26 2240 2439 1398 2515
8794 4 2 5 26 2001 1802 2585 2677
8795 4 2 5 26 2080 2341 1764 2488
8796 4 2 5 26 1146 2116 1216 2407
8797 4 2 5 26 1789 2115 2114 2747
8798 4 2 5 26 1890 2368 2030 2531
8799 4 2 5 26 1478 2188 1488 2195
8800 4 2 5 26 2209 1860 2664 2698
8801 4 2 5 26 1824 2270 2217 2654
8802 4 2 5 26 1058 1454 1056 2370
8803 4 2 5 26 1216 1106 1213 2397
8804 4 2 5 26 2093 2324 1862 2383
8805 4 2 5 26 1606 1635 1605 2258
8806 4 2 5 26 1436 1401 1416 2313
8807 4 2 5 26 1779 1932 2224 2557
8808 4 2 5 26 2104 2341 1962 2586
8809 4 2 5 26 2146 2147 1950 2725
8810 4 2 5 26 1908 2277 2355 2727
8811 4 2 5 26 1918 2497 2319 2590
8812 4 2 5 26 2050 2365 1795 2429
8813 4 2 5 26 963 962 964 2236
8814 4 2 5 26 1212 2025 1207 2361
8815 4 2 5 26 1632 1635 1606 2258
8816 4 2 5 26 1480 2284 1584 2600
8817 4 2 5 26 2163 2240 1807 2464
8818 4 2 5 26 1648 2156 1625 2255
8819 4 2 5 26 1612 2386 2331 2726
8820 4 2 5 26 1209 1441 1385 2392
8821 4 2 5 26 1749 2418 2529 2595
8822 4 2 5 26 1876 2461 2005 2742
8823 4 2 5 26 1788 2224 1932 2557
8824 4 2 5 26 1772 2261 2063 2380
8825 4 2 5 26 1435 1434 1146 2287
8826 4 2 5 26 1511 1228 1512 2312
8827 4 2 5 26 2381 2534 1916 2698
8828 4 2 5 26 1787 2192 2440 2751
8829 4 2 5 26 1506 2087 1542 2642
8830 4 2 5 26 1882 2013 2418 2595
8831 4 2 5 26 1661 403 1694 2027
8832 4 2 5 26 396 1322 1323 2210
8833 4 2 5 26 1575 2176 1597 2600
8834 4 2 5 26 1504 2198 1215 2661
8835 4 2 5 26 1848 2144 2154 2625
8836 4 2 5 26 1634 1668 1666 2043
8837 4 2 5 26 1882 2418 2265 2595
8838 4 2 5 26 2267 2531 1890 2540
8839 4 2 5 26 1675 406 2293 2716
8840 4 2 5 26 2211 2684 1878 2749
8841 4 2 5 26 1793 2066 2297 2734
8842 4 2 5 26 383 891 384 2598
8843 4 2 5 26 1887 2248 2053 2567
8844 4 2 5 26 1147 2287 1146 2407
8845 4 2 5 26 1822 2032 2199 2322
8846 4 2 5 26 1832 2425 2020 2690
8847 4 2 5 26 1115 1176 2562 2614
8848 4 2 5 26 2334 2376 1814 2514
8849 4 2 5 26 1058 1241 1240 2358
8850 4 2 5 26 1645 1646 1647 2263
8851 4 2 5 26 1571 2299 1130 2583
8852 4 2 5 26 2155 2341 1764 2401
8853 4 2 5 26 1971 2562 2183 2752
8854 4 2 5 26 1487 1511 1072 1986
8855 4 2 5 26 1951 2269 2234 2512
8856 4 2 5 26 1585 2113 1079 2657
8857 4 2 5 26 1786 2295 2002 2317
8858 4 2 5 26 1773 2045 2433 2486
8859 4 2 5 26 1446 1357 999 1966
8860 4 2 5 26 1850 2283 2467 2570
8861 4 2 5 26 1988 2496 1842 2649
8862 4 2 5 26 1871 2404 2210 2462
8863 4 2 5 26 1853 2646 2133 2743
8864 4 2 5 26 1857 2236 2063 2466
8865 4 2 5 26 1673 1617 1672 2604
8866 4 2 5 26 1608 2173 1692 2475
8867 4 2 5 26 1189 1399 1549 2424
8868 4 2 5 26 1610 1608 1641 2544
8869 4 2 5 26 1380 2131 1379 2489
8870 4 2 5 26 2052 1853 2381 2743
8871 4 2 5 26 2053 2516 1767 2680
8872 4 2 5 26 1761 2052 2354 2381
8873 4 2 5 26 1002 1356 1165 2523
8874 4 2 5 26 1800 2451 2084 2617
8875 4 2 5 26 1797 2528 2185 2735
8876 4 2 5 26 947 1457 1451 2428
8877 4 2 5 26 1852 2206 2009 2518
8878 4 2 5 26 1843 2424 2342 2624
8879 4 2 5 26 1424 1429 1425 2349
8880 4 2 5 26 1557 1210 1216 2116
8881 4 2 5 26 1873 2365 2277 2721
8882 4 2 5 26 1632 2199 1637 2603
8883 4 2 5 26 413 1685 1686 2333
8884 4 2 5 26 1931 2352 2049 2701
8885 4 2 5 26 1913 2432 2581 2623
8886 4 2 5 26 1791 2002 2317 2571
8887 4 2 5 26 1991 1830 2318 2681
8888 4 2 5 26 1222 2078 1314 2484
8889 4 2 5 26 1666 1667 80 2288
8890 4 2 5 26 1161 2367 2482 2703
8891 4 2 5 26 384 1298 385 2011
8892 4 2 5 26 2009 2342 1979 2624
8893 4 2 5 26 1533 1587 1473 2283
8894 4 2 5 26 2342 2424 1958 2624
8895 4 2 5 26 1403 1972 1041 2358
8896 4 2 5 26 1833 2193 2186 2703
8897 4 2 5 26 1062 2399 1063 2587
8898 4 2 5 26 2010 2399 2103 2710
8899 4 2 5 26 1619 2125 1915 2726
8900 4 2 5 26 1415 1469 1468 2184
8901 4 2 5 26 2206 2232 1914 2750
8902 4 2 5 26 1858 2529 1990 2733
8903 4 2 5 26 1312 1307 1311 2320
8904 4 2 5 26 1404 1330 1329 2019
8905 4 2 5 26 2018 2496 1988 2687
8906 4 2 5 26 1671 1670 2129 2391
8907 4 2 5 26 1808 1987 2351 2697
8908 4 2 5 26 1219 1059 1407 2092
8909 4 2 5 26 410 420 2355 2574
8910 4 2 5 26 1793 2418 2441 2734
8911 4 2 5 26 1812 2100 2044 2718
8912 4 2 5 26 2048 2458 2435 2486
8913 4 2 5 26 1175 1591 1420 2291
8914 4 2 5 26 2263 2381 1916 2577
8915 4 2 5 26 986 985 999 2427
8916 4 2 5 26 1883 2330 2057 2405
8917 4 2 5 26 1253 1282 1390 2563
8918 4 2 5 26 1065 2450 1510 2480
8919 4 2 5 26 1072 1986 938 2415
8920 4 2 5 26 1773 2070 2433 2455
8921 4 2 5 26 1535 974 1564 2090
8922 4 2 5 26 1882 2441 2418 2734
8923 4 2 5 26 1772 2462 2029 2670
8924 4 2 5 26 1351 1184 2186 2296
8925 4 2 5 26 930 1480 1597 2600
8926 4 2 5 26 1770 2548 2521 2742
8927 4 2 5 26 1982 2497 2392 2682
8928 4 2 5 26 2113 2609 1585 2688
8929 4 2 5 26 2117 2483 1864 2579
8930 4 2 5 26 1343 2016 1169 2594
8931 4 2 5 26 1076 949 1074 1951
8932 4 2 5 26 1412 2374 2347 2593
8933 4 2 5 26 1845 2041 2610 2716
8934 4 2 5 26 1986 1953 2506 2637
8935 4 2 5 26 1124 2487 1170 2630
8936 4 2 5 26 1140 2035 1136 2468
8937 4 2 5 26 1673 2129 2318 2604
8938 4 2 5 26 1822 2322 2199 2419
8939 4 2 5 26 1280 2402 2564 2666
8940 4 2 5 26 1347 932 1439 2755
8941 4 2 5 26 1846 2628 2062 2722
8942 4 2 5 26 1391 2122 1395 2584
8943 4 2 5 26 1907 2257 1999 2662
8944 4 2 5 26 2115 2306 1789 2383
8945 4 2 5 26 1679 1674 1687 2336
8946 4 2 5 26 1926 2331 2160 2359
8947 4 2 5 26 1216 1146 1434 2116
8948 4 2 5 26 1840 1981 2173 2689
8949 4 2 5 26 971 972 970 2111
8950 4 2 5 26 1806 2047 2596 2620
8951 4 2 5 26 1892 2235 2139 2582
8952 4 2 5 26 1769 2101 2276 2476
8953 4 2 5 26 1846 2217 2098 2231
8954 4 2 5 26 1794 2050 2365 2647
8955 4 2 5 26 1647 1645 2263 2534
8956 4 2 5 26 1656 1683 1688 2187
8957 4 2 5 26 2067 2180 1904 2565
8958 4 2 5 26 1972 2439 1971 2752
8959 4 2 5 26 1066 1078 1137 1979
8960 4 2 5 26 1596 1441 1209 1982
8961 4 2 5 26 1553 2108 2612 2620
8962 4 2 5 26 1845 2348 2239 2715
8963 4 2 5 26 1882 2241 2079 2441
8964 4 2 5 26 1132 2127 2123 2537
8965 4 2 5 26 1543 1595 1565 2087
8966 4 2 5 26 2109 2367 1833 2703
8967 4 2 5 26 2188 2195 1828 2578
8968 4 2 5 26 1565 1533 1542 2087
8969 4 2 5 26 1695 425 426 2094
8970 4 2 5 26 1879 2359 2075 2747
8971 4 2 5 26 1506 1543 1542 2087
8972 4 2 5 26 426 1695 2094 2665
8973 4 2 5 26 2044 2100 1812 2565
8974 4 2 5 26 2079 2265 1882 2418
8975 4 2 5 26 1752 2684 2000 2701
8976 4 2 5 26 1932 2613 2159 2665
8977 4 2 5 26 1766 2061 2490 2693
8978 4 2 5 26 1677 402 2157 2437
8979 4 2 5 26 2467 2570 1937 2693
8980 4 2 5 26 1754 2372 2120 2611
8981 4 2 5 26 1887 2453 2003 2615
8982 4 2 5 26 2315 2363 1437 2635
8983 4 2 5 26 1502 913 1148 2223
8984 4 2 5 26 1205 2357 2124 2635
8985 4 2 5 26 1136 2468 2035 2573
8986 4 2 5 26 1464 1371 2257 2662
8987 4 2 5 26 1359 2036 1368 2502
8988 4 2 5 26 1116 1010 1117 2633
8989 4 2 5 26 1863 2489 1997 2611
8990 4 2 5 26 2012 1826 2501 2507
8991 4 2 5 26 2018 2075 1805 2359
8992 4 2 5 26 1680 1991 2318 2681
8993 4 2 5 26 1382 2283 1473 2467
8994 4 2 5 26 1776 2640 2133 2743
8995 4 2 5 26 1867 1991 2199 2419
8996 4 2 5 26 1827 2389 2261 2670
8997 4 2 5 26 1596 1590 1441 1982
8998 4 2 5 26 1539 1541 955 2038
8999 4 2 5 26 1915 2471 1619 2472
9000 4 2 5 26 1221 1961 1223 2650
9001 4 2 5 26 1850 2490 2470 2570
9002 4 2 5 26 1972 2358 2073 2718
9003 4 2 5 26 1360 1599 1178 2541
9004 4 2 5 26 2238 2479 1928 2563
9005 4 2 5 26 1246 1396 1594 2631
9006 4 2 5 26 1384 2520 2169 2682
9007 4 2 5 26 1345 2466 2221 2556
9008 4 2 5 26 1182 1046 1019 1936
9009 4 2 5 26 1761 2354 2052 2629
9010 4 2 5 26 1106 1103 1105 2397
9011 4 2 5 26 1009 1563 1244 1997
9012 4 2 5 26 2276 2447 2101 2505
9013 4 2 5 26 1889 2292 2535 2741
9014 4 2 5 26 2021 2411 1880 2433
9015 4 2 5 26 1942 2027 1800 2437
9016 4 2 5 26 1813 2161 2334 2514
9017 4 2 5 26 1657 2007 2225 2237
9018 4 2 5 26 1599 1326 1080 2179
9019 4 2 5 26 2047 2480 1039 2620
9020 4 2 5 26 1286 1283 1207 2738
9021 4 2 5 26 1932 2055 2224 2705
9022 4 2 5 26 1774 2500 2610 2689
9023 4 2 5 26 1104 964 1273 2236
9024 4 2 5 26 1420 2036 1359 2614
9025 4 2 5 26 1816 2265 2246 2595
9026 4 2 5 26 951 1159 2238 2302
9027 4 2 5 26 1046 1049 1047 2127
9028 4 2 5 26 1221 1083 2078 2650
9029 4 2 5 26 910 1432 1458 2356
9030 4 2 5 26 1508 2531 1507 2535
9031 4 2 5 26 2353 2439 2240 2515
9032 4 2 5 26 1911 2338 2102 2457
9033 4 2 5 26 2521 2548 1999 2742
9034 4 2 5 26 1125 1124 1120 2487
9035 4 2 5 26 1958 2449 2056 2478
9036 4 2 5 26 1863 2430 2327 2611
9037 4 2 5 26 1875 2165 2385 2559
9038 4 2 5 26 1782 2262 2146 2725
9039 4 2 5 26 1752 2049 2352 2701
9040 4 2 5 26 2117 2209 1916 2574
9041 4 2 5 26 1377 2124 1489 2578
9042 4 2 5 26 907 1479 1248 2272
9043 4 2 5 26 1948 2214 2143 2405
9044 4 2 5 26 1098 1099 1421 2023
9045 4 2 5 26 1482 2287 1435 2606
9046 4 2 5 26 1577 942 1402 2313
9047 4 2 5 26 1021 2273 2197 2526
9048 4 2 5 26 896 1073 2244 2510
9049 4 2 5 26 1314 2078 1325 2296
9050 4 2 5 26 1040 2342 1038 2744
9051 4 2 5 26 1846 2308 2044 2722
9052 4 2 5 26 1025 1395 2122 2699
9053 4 2 5 26 993 392 994 2485
9054 4 2 5 26 1849 2692 2251 2754
9055 4 2 5 26 2049 2492 2228 2701
9056 4 2 5 26 878 902 905 2099
9057 4 2 5 26 1748 2353 2071 2685
9058 4 2 5 26 2086 2432 1838 2581
9059 4 2 5 26 1943 2409 2108 2612
9060 4 2 5 26 881 1266 1267 2484
9061 4 2 5 26 1784 2034 1984 2645
9062 4 2 5 26 1219 1217 1218 2092
9063 4 2 5 26 1468 1413 1415 2184
9064 4 2 5 26 1780 2145 2310 2324
9065 4 2 5 26 405 79 1908 2355
9066 4 2 5 26 1650 1649 1651 2174
9067 4 2 5 26 965 2099 879 2275
9068 4 2 5 26 1748 2044 2308 2718
9069 4 2 5 26 2130 1767 2322 2637
9070 4 2 5 26 931 1517 1550 2045
9071 4 2 5 26 941 939 2134 2638
9072 4 2 5 26 2114 2550 2094 2665
9073 4 2 5 26 1879 2114 2115 2747
9074 4 2 5 26 954 953 1472 2315
9075 4 2 5 26 1038 2342 1065 2480
9076 4 2 5 26 1070 1069 928 2415
9077 4 2 5 26 2160 2331 1926 2517
9078 4 2 5 26 1352 1473 1353 2467
9079 4 2 5 26 1703 427 90 2335
9080 4 2 5 26 1626 1653 1648 2255
9081 4 2 5 26 1982 2305 2304 2554
9082 4 2 5 26 407 1675 2293 2716
9083 4 2 5 26 1220 1218 1217 2650
9084 4 2 5 26 2094 2114 1788 2550
9085 4 2 5 26 2201 1876 2533 2713
9086 4 2 5 26 1979 2342 2009 2450
9087 4 2 5 26 2035 2417 2112 2468
9088 4 2 5 26 2036 2291 1844 2614
9089 4 2 5 26 1790 2551 2458 2627
9090 4 2 5 26 2034 2622 1829 2645
9091 4 2 5 26 1685 2385 1660 2400
9092 4 2 5 26 1803 2352 1988 2442
9093 4 2 5 26 1350 2364 1199 2731
9094 4 2 5 26 1963 2519 2023 2558
9095 4 2 5 26 1859 2032 2248 2513
9096 4 2 5 26 2053 2105 2516 2680
9097 4 2 5 26 1779 1932 2055 2224
9098 4 2 5 26 1848 2402 2154 2666
9099 4 2 5 26 1595 1543 1090 2267
9100 4 2 5 26 1704 1683 429 2571
9101 4 2 5 26 1624 2534 1622 2664
9102 4 2 5 26 1855 2337 2054 2558
9103 4 2 5 26 1787 2137 2364 2751
9104 4 2 5 26 1660 1659 1669 2400
9105 4 2 5 26 1746 2066 2414 2683
9106 4 2 5 26 1746 2441 2066 2683
9107 4 2 5 26 1034 1412 2347 2593
9108 4 2 5 26 1829 2538 1753 2740
9109 4 2 5 26 2215 2007 2509 2671
9110 4 2 5 26 1083 2597 2078 2650
9111 4 2 5 26 1859 2671 2040 2746
9112 4 2 5 26 2102 2338 1911 2511
9113 4 2 5 26 1784 2307 2083 2645
9114 4 2 5 26 1822 2419 2020 2690
9115 4 2 5 26 1779 2071 2372 2707
9116 4 2 5 26 1059 920 1061 2618
9117 4 2 5 26 1861 2672 2157 2728
9118 4 2 5 26 1876 2491 2461 2742
9119 4 2 5 26 1967 2407 2203 2556
9120 4 2 5 26 2162 2419 2322 2690
9121 4 2 5 26 1490 1488 1478 2188
9122 4 2 5 26 1907 1999 2548 2662
9123 4 2 5 26 1595 2267 1540 2591
9124 4 2 5 26 924 2141 923 2546
9125 4 2 5 26 976 975 1035 2593
9126 4 2 5 26 1622 2444 1962 2664
9127 4 2 5 26 2306 2339 2076 2745
9128 4 2 5 26 1261 950 952 2302
9129 4 2 5 26 1006 1005 1379 2131
9130 4 2 5 26 1028 1566 1361 2274
9131 4 2 5 26 1972 2358 2178 2696
9132 4 2 5 26 1853 2133 2640 2743
9133 4 2 5 26 1050 2289 1114 2562
9134 4 2 5 26 1402 944 1401 2313
9135 4 2 5 26 2122 2495 1897 2563
9136 4 2 5 26 1433 1537 1536 2065
9137 4 2 5 26 1605 1635 1658 2513
9138 4 2 5 26 2162 2592 2419 2690
9139 4 2 5 26 2057 2335 1682 2472
9140 4 2 5 26 1829 2125 2121 2634
9141 4 2 5 26 914 915 916 2251
9142 4 2 5 26 2290 2597 1084 2650
9143 4 2 5 26 1280 1281 2402 2666
9144 4 2 5 26 1682 2471 2057 2472
9145 4 2 5 26 2115 2306 1751 2687
9146 4 2 5 26 1099 1421 2023 2700
9147 4 2 5 26 2124 2527 1561 2635
9148 4 2 5 26 1813 2155 2161 2445
9149 4 2 5 26 1769 2476 2276 2493
9150 4 2 5 26 1435 1146 1147 2287
9151 4 2 5 26 2003 2400 2081 2644
9152 4 2 5 26 1562 1561 2527 2635
9153 4 2 5 26 1832 2506 2089 2568
9154 4 2 5 26 1542 2087 2283 2642
9155 4 2 5 26 1554 2058 1575 2600
9156 4 2 5 26 395 985 984 2153
9157 4 2 5 26 1763 2327 2051 2619
9158 4 2 5 26 1911 2332 2275 2602
9159 4 2 5 26 1846 2042 2260 2628
9160 4 2 5 26 1297 2033 1194 2706
9161 4 2 5 26 2138 2277 1908 2727
9162 4 2 5 26 1144 1146 1216 2407
9163 4 2 5 26 1224 2181 1492 2674
9164 4 2 5 26 2044 2308 1846 2628
9165 4 2 5 26 1815 2129 1973 2604
9166 4 2 5 26 952 2302 950 2347
9167 4 2 5 26 2176 2561 2058 2600
9168 4 2 5 26 2076 2306 1789 2720
9169 4 2 5 26 948 2549 2154 2666
9170 4 2 5 26 2182 2447 1774 2689
9171 4 2 5 26 1859 2237 2225 2671
9172 4 2 5 26 1887 2003 2453 2513
9173 4 2 5 26 2034 1782 2622 2659
9174 4 2 5 26 1871 2462 2210 2524
9175 4 2 5 26 906 1110 1483 2132
9176 4 2 5 26 1332 2502 2106 2614
9177 4 2 5 26 1045 1019 1046 1936
9178 4 2 5 26 2275 2332 1821 2602
9179 4 2 5 26 1584 2284 1027 2600
9180 4 2 5 26 1812 2067 2565 2599
9181 4 2 5 26 1332 2106 1333 2562
9182 4 2 5 26 2178 2370 1921 2489
9183 4 2 5 26 1868 2057 2472 2530
9184 4 2 5 26 2044 1769 2555 2722
9185 4 2 5 26 1685 1660 1686 2400
9186 4 2 5 26 1879 2331 2075 2359
9187 4 2 5 26 2130 2637 2162 2690
9188 4 2 5 26 2068 2371 2075 2736
9189 4 2 5 26 1064 1185 1154 2450
9190 4 2 5 26 1688 415 1701 2143
9191 4 2 5 26 1097 2148 1278 2641
9192 4 2 5 26 431 432 1701 2142
9193 4 2 5 26 2091 2395 1926 2726
9194 4 2 5 26 2039 2414 1912 2683
9195 4 2 5 26 1020 1021 1022 2526
9196 4 2 5 26 1575 2058 1197 2561
9197 4 2 5 26 1847 2289 2016 2594
9198 4 2 5 26 1237 968 969 2072
9199 4 2 5 26 2131 2370 1983 2656
9200 4 2 5 26 2081 1992 2400 2702
9201 4 2 5 26 1533 1542 2087 2283
9202 4 2 5 26 1654 1655 1675 2104
9203 4 2 5 26 1864 2156 2249 2293
9204 4 2 5 26 1066 1065 2342 2450
9205 4 2 5 26 1575 2561 2176 2600
9206 4 2 5 26 1810 2442 2204 2492
9207 4 2 5 26 2207 2475 1904 2544
9208 4 2 5 26 1848 2097 2402 2564
9209 4 2 5 26 420 2483 1908 2574
9210 4 2 5 26 1197 2561 2058 2697
9211 4 2 5 26 1093 1095 1088 2368
9212 4 2 5 26 970 1367 1368 2723
9213 4 2 5 26 1444 1451 2202 2643
9214 4 2 5 26 2060 2410 1750 2741
9215 4 2 5 26 1654 1655 2104 2664
9216 4 2 5 26 1132 1493 1424 2123
9217 4 2 5 26 1275 1098 2023 2661
9218 4 2 5 26 1265 1376 1398 2515
9219 4 2 5 26 1807 2515 2106 2735
9220 4 2 5 26 1350 1268 2364 2731
9221 4 2 5 26 397 398 1410 2213
9222 4 2 5 26 1849 2433 2070 2455
9223 4 2 5 26 1506 1543 2087 2531
9224 4 2 5 26 1197 2058 1198 2697
9225 4 2 5 26 980 1308 978 2491
9226 4 2 5 26 1207 2025 1499 2738
9227 4 2 5 26 1483 2287 2132 2673
9228 4 2 5 26 1477 1559 1560 2434
9229 4 2 5 26 1858 2013 2426 2512
9230 4 2 5 26 1675 2314 2104 2586
9231 4 2 5 26 1747 2056 2449 2478
9232 4 2 5 26 1934 2446 2083 2448
9233 4 2 5 26 2160 2331 1879 2359
9234 4 2 5 26 1006 1379 1380 2131
9235 4 2 5 26 1066 1137 1064 2450
9236 4 2 5 26 1788 2550 2064 2557
9237 4 2 5 26 1468 1589 1413 2184
9238 4 2 5 26 1923 1810 2158 2252
9239 4 2 5 26 1755 2269 2268 2479
9240 4 2 5 26 2332 2399 1821 2587
9241 4 2 5 26 1148 1150 2223 2379
9242 4 2 5 26 1488 1524 2195 2578
9243 4 2 5 26 1092 1492 2424 2674
9244 4 2 5 26 1802 2128 2228 2677
9245 4 2 5 26 429 2463 2002 2571
9246 4 2 5 26 1937 2467 2283 2570
9247 4 2 5 26 1073 897 896 2244
9248 4 2 5 26 1847 2073 2329 2555
9249 4 2 5 26 423 2344 1923 2371
9250 4 2 5 26 902 2099 965 2714
9251 4 2 5 26 2075 1613 2371 2386
9252 4 2 5 26 1973 2002 1786 2227
9253 4 2 5 26 407 1609 1625 2156
9254 4 2 5 26 390 2010 1574 2714
9255 4 2 5 26 1190 1115 2289 2291
9256 4 2 5 26 1827 2261 2063 2670
9257 4 2 5 26 2151 2213 1801 2539
9258 4 2 5 26 1629 2217 1639 2729
9259 4 2 5 26 1863 1997 2367 2611
9260 4 2 5 26 2105 1817 2516 2680
9261 4 2 5 26 1867 2346 2053 2567
9262 4 2 5 26 2282 2355 2277 2727
9263 4 2 5 26 1774 2610 2182 2689
9264 4 2 5 26 1876 2072 2311 2704
9265 4 2 5 26 1843 2424 2416 2674
9266 4 2 5 26 1238 2038 2468 2573
9267 4 2 5 26 1629 2217 1610 2544
9268 4 2 5 26 1054 1051 1319 2073
9269 4 2 5 26 1673 1671 2129 2604
9270 4 2 5 26 986 984 985 2427
9271 4 2 5 26 1622 1624 1623 2534
9272 4 2 5 26 1454 1240 1381 2370
9273 4 2 5 26 423 2371 2068 2736
9274 4 2 5 26 1901 2608 1010 2633
9275 4 2 5 26 1536 1535 1272 2090
9276 4 2 5 26 2091 2386 1614 2726
9277 4 2 5 26 1863 2430 2193 2639
9278 4 2 5 26 991 888 990 2668
9279 4 2 5 26 1169 2289 1113 2594
9280 4 2 5 26 1761 2052 2381 2629
9281 4 2 5 26 1962 2341 2104 2401
9282 4 2 5 26 2319 2365 2050 2429
9283 4 2 5 26 1445 1444 1443 2643
9284 4 2 5 26 2162 2322 1767 2637
9285 4 2 5 26 2225 2453 2003 2513
9286 4 2 5 26 1810 2204 2279 2492
9287 4 2 5 26 1641 2475 2207 2544
9288 4 2 5 26 1861 2651 1993 2709
9289 4 2 5 26 930 1597 2176 2600
9290 4 2 5 26 1776 2280 2636 2667
9291 4 2 5 26 1702 430 1980 2471
9292 4 2 5 26 1011 2633 1242 2696
9293 4 2 5 26 2130 1822 2425 2690
9294 4 2 5 26 886 74 884 2402
9295 4 2 5 26 1610 1607 1608 2226
9296 4 2 5 26 1366 1363 1512 2312
9297 4 2 5 26 2378 2548 2005 2742
9298 4 2 5 26 1979 2478 2360 2624
9299 4 2 5 26 1612 1614 2386 2726
9300 4 2 5 26 1908 2355 1781 2727
9301 4 2 5 26 1011 2240 1117 2633
9302 4 2 5 26 1145 1214 1337 2407
9303 4 2 5 26 2360 2478 1979 2657
9304 4 2 5 26 949 952 950 2347
9305 4 2 5 26 2113 2364 1268 2731
9306 4 2 5 26 1431 1537 1433 2065
9307 4 2 5 26 1899 2010 2278 2714
9308 4 2 5 26 2061 2570 2490 2693
9309 4 2 5 26 2234 2636 2280 2667
9310 4 2 5 26 1243 1245 1301 2285
9311 4 2 5 26 2499 2685 1938 2735
9312 4 2 5 26 1780 2076 2252 2536
9313 4 2 5 26 911 2351 1500 2724
9314 4 2 5 26 1337 1349 2203 2556
9315 4 2 5 26 1746 2241 2441 2711
9316 4 2 5 26 1009 2608 1997 2633
9317 4 2 5 26 1617 1618 1672 2530
9318 4 2 5 26 1806 2232 2053 2596
9319 4 2 5 26 1518 2692 2412 2754
9320 4 2 5 26 1055 1265 1042 2752
9321 4 2 5 26 2104 2209 1654 2664
9322 4 2 5 26 1908 2483 2117 2574
9323 4 2 5 26 1195 1190 1343 2016
9324 4 2 5 26 1951 2479 2269 2512
9325 4 2 5 26 2177 2470 1850 2490
9326 4 2 5 26 2081 2400 1669 2644
9327 4 2 5 26 1267 1453 1221 1961
9328 4 2 5 26 2361 2497 2025 2590
9329 4 2 5 26 1343 2594 1430 2663
9330 4 2 5 26 1560 1487 1477 2196
9331 4 2 5 26 1805 2075 2018 2569
9332 4 2 5 26 2094 2550 1932 2665
9333 4 2 5 26 2023 2519 1855 2558
9334 4 2 5 26 1198 2379 1149 2697
9335 4 2 5 26 1539 1238 1541 2038
9336 4 2 5 26 1891 2478 2360 2657
9337 4 2 5 26 2313 1894 2406 2706
9338 4 2 5 26 2135 2403 1786 2504
9339 4 2 5 26 2075 2359 2018 2747
9340 4 2 5 26 1897 2268 2269 2479
9341 4 2 5 26 1188 1187 1239 2468
9342 4 2 5 26 1012 2028 2467 2494
9343 4 2 5 26 1753 2083 2446 2448
9344 4 2 5 26 1128 1129 1130 2299
9345 4 2 5 26 1842 1961 2649 2650
9346 4 2 5 26 975 976 974 2593
9347 4 2 5 26 1839 2196 2415 2658
9348 4 2 5 26 2061 1830 2452 2678
9349 4 2 5 26 2063 2380 2261 2646
9350 4 2 5 26 1221 1223 1220 2650
9351 4 2 5 26 2016 2469 2289 2503
9352 4 2 5 26 1538 1391 1395 2584
9353 4 2 5 26 2070 1792 2465 2488
9354 4 2 5 26 1898 2437 1942 2676
9355 4 2 5 26 2069 2456 1869 2590
9356 4 2 5 26 1847 2016 2289 2503
9357 4 2 5 26 387 388 1015 2321
9358 4 2 5 26 1612 1613 2331 2386
9359 4 2 5 26 1081 1349 1336 2309
9360 4 2 5 26 2222 2432 2086 2581
9361 4 2 5 26 1799 2431 2219 2533
9362 4 2 5 26 1323 2210 1322 2524
9363 4 2 5 26 1374 2169 992 2459
9364 4 2 5 26 1438 1063 2275 2332
9365 4 2 5 26 1345 1293 2221 2466
9366 4 2 5 26 426 1644 1695 2665
9367 4 2 5 26 2095 2498 1814 2695
9368 4 2 5 26 1342 2316 1195 2663
9369 4 2 5 26 1058 1057 1274 2358
9370 4 2 5 26 1928 2479 2426 2522
9371 4 2 5 26 1860 2534 2381 2698
9372 4 2 5 26 1819 1981 2500 2689
9373 4 2 5 26 2009 2518 1747 2624
9374 4 2 5 26 1753 2307 2083 2448
9375 4 2 5 26 1803 2449 2037 2536
9376 4 2 5 26 2047 2480 1843 2744
9377 4 2 5 26 1629 1638 1639 2654
9378 4 2 5 26 2353 2369 2071 2685
9379 4 2 5 26 1747 2478 2449 2624
9380 4 2 5 26 1508 2030 2531 2535
9381 4 2 5 26 1748 2308 2100 2718
9382 4 2 5 26 1847 2555 2062 2628
9383 4 2 5 26 1603 1679 2205 2336
9384 4 2 5 26 1111 1299 1109 2501
9385 4 2 5 26 1765 2222 2086 2581
9386 4 2 5 26 1455 1379 1317 2656
9387 4 2 5 26 1555 1483 2132 2673
9388 4 2 5 26 1814 2220 2334 2514
9389 4 2 5 26 2048 1784 2307 2660
9390 4 2 5 26 939 2375 2134 2638
9391 4 2 5 26 977 2519 1375 2593
9392 4 2 5 26 2248 2322 1867 2603
9393 4 2 5 26 1271 962 1270 2236
9394 4 2 5 26 2060 1785 2452 2686
9395 4 2 5 26 1295 2466 1345 2556
9396 4 2 5 26 1999 2548 2378 2742
9397 4 2 5 26 895 1965 1276 2587
9398 4 2 5 26 1820 2319 2429 2497
9399 4 2 5 26 909 1392 1393 2272
9400 4 2 5 26 1749 2529 2246 2595
9401 4 2 5 26 1780 2559 2310 2560
9402 4 2 5 26 1302 1087 2211 2290
9403 4 2 5 26 1235 1256 1257 2417
9404 4 2 5 26 1586 970 972 2111
9405 4 2 5 26 1767 2281 2040 2746
9406 4 2 5 26 1132 2123 1424 2537
9407 4 2 5 26 1847 2062 2555 2679
9408 4 2 5 26 1941 2079 2241 2711
9409 4 2 5 26 430 1604 89 1705
9410 4 2 5 26 2029 1966 2460 2670
9411 4 2 5 26 1290 1430 1225 2594
9412 4 2 5 26 1280 2402 1036 2564
9413 4 2 5 26 2079 1930 2441 2711
9414 4 2 5 26 1795 2169 2429 2459
9415 4 2 5 26 1546 1545 2210 2477
9416 4 2 5 26 2203 2407 1967 2566
9417 4 2 5 26 1500 1307 1501 2724
9418 4 2 5 26 1824 2224 2055 2270
9419 4 2 5 26 2199 2322 1867 2419
9420 4 2 5 26 1147 1435 2287 2606
9421 4 2 5 26 1830 1991 2318 2678
9422 4 2 5 26 2038 2363 1878 2573
9423 4 2 5 26 2127 2537 2140 2623
9424 4 2 5 26 1965 2332 2525 2587
9425 4 2 5 26 1263 1262 2243 2373
9426 4 2 5 26 1508 2030 1093 2531
9427 4 2 5 26 1993 2403 2135 2651
9428 4 2 5 26 1016 389 1574 2714
9429 4 2 5 26 1642 2159 1643 2613
9430 4 2 5 26 2197 2273 1798 2526
9431 4 2 5 26 1553 2612 2434 2620
9432 4 2 5 26 2169 2520 1820 2682
9433 4 2 5 26 2044 2308 2565 2722
9434 4 2 5 26 1845 2314 2104 2716
9435 4 2 5 26 1863 2193 2576 2639
9436 4 2 5 26 1317 1301 1455 2656
9437 4 2 5 26 1749 2418 2014 2733
9438 4 2 5 26 1773 2070 2455 2715
9439 4 2 5 26 1339 2311 1340 2461
9440 4 2 5 26 1849 2045 2433 2455
9441 4 2 5 26 880 2364 1268 2688
9442 4 2 5 26 1752 2442 2049 2492
9443 4 2 5 26 1008 1563 1997 2367
9444 4 2 5 26 1540 956 1583 2591
9445 4 2 5 26 1561 1205 2124 2635
9446 4 2 5 26 1166 2375 1327 2638
9447 4 2 5 26 1858 2242 2238 2426
9448 4 2 5 26 2056 2536 2449 2745
9449 4 2 5 26 2254 2496 1895 2597
9450 4 2 5 26 1749 2265 2079 2418
9451 4 2 5 26 1769 2555 2062 2679
9452 4 2 5 26 1792 2382 2187 2669
9453 4 2 5 26 2301 2328 2112 2732
9454 4 2 5 26 1845 2610 2314 2716
9455 4 2 5 26 1697 1970 421 2454
9456 4 2 5 26 987 2186 989 2662
9457 4 2 5 26 1094 1395 1024 2368
9458 4 2 5 26 2427 2462 2029 2524
9459 4 2 5 26 1150 2223 2379 2552
9460 4 2 5 26 1776 2636 1975 2667
9461 4 2 5 26 1354 1352 1353 2467
9462 4 2 5 26 1028 1361 1150 2552
9463 4 2 5 26 1848 2551 2208 2666
9464 4 2 5 26 1324 2374 2593 2700
9465 4 2 5 26 2281 2516 1817 2680
9466 4 2 5 26 960 912 917 2638
9467 4 2 5 26 381 1118 382 2266
9468 4 2 5 26 2033 2679 1894 2706
9469 4 2 5 26 2115 2687 2018 2747
9470 4 2 5 26 2095 1814 2278 2695
9471 4 2 5 26 1753 2588 2219 2694
9472 4 2 5 26 2280 2667 1776 2737
9473 4 2 5 26 1008 2367 1997 2608
9474 4 2 5 26 1679 1687 2205 2336
9475 4 2 5 26 1810 2252 1923 2442
9476 4 2 5 26 2435 2458 1902 2486
9477 4 2 5 26 1842 2597 2290 2650
9478 4 2 5 26 1067 1399 1143 2342
9479 4 2 5 26 1918 2215 2542 2721
9480 4 2 5 26 1842 2496 2254 2597
9481 4 2 5 26 1347 1369 1481 2326
9482 4 2 5 26 2478 2609 1958 2624
9483 4 2 5 26 1940 2159 2619 2739
9484 4 2 5 26 1619 1604 89 2471
9485 4 2 5 26 1767 2040 2281 2717
9486 4 2 5 26 1086 1423 1338 2290
9487 4 2 5 26 2058 1808 2379 2697
9488 4 2 5 26 1540 1595 1600 2267
9489 4 2 5 26 2289 2291 1844 2469
9490 4 2 5 26 1968 2451 2263 2577
9491 4 2 5 26 1975 2269 2234 2636
9492 4 2 5 26 1776 2080 2280 2737
9493 4 2 5 26 919 2357 920 2618
9494 4 2 5 26 2030 2410 1890 2741
9495 4 2 5 26 2013 2522 2175 2734
9496 4 2 5 26 385 1298 1447 2294
9497 4 2 5 26 1363 1410 1515 2213
9498 4 2 5 26 1810 1944 2258 2753
9499 4 2 5 26 1521 941 2412 2561
9500 4 2 5 26 1667 2207 1641 2475
9501 4 2 5 26 1052 1053 1054 2329
9502 4 2 5 26 2057 2335 1883 2405
9503 4 2 5 26 1821 2278 2275 2602
9504 4 2 5 26 1772 2261 2617 2670
9505 4 2 5 26 1325 1083 1085 2078
9506 4 2 5 26 1265 1398 2439 2515
9507 4 2 5 26 2002 2295 1791 2317
9508 4 2 5 26 1557 2116 1434 2673
9509 4 2 5 26 1654 2209 1624 2664
9510 4 2 5 26 1000 1211 1001 2029
9511 4 2 5 26 2109 1833 2482 2703
9512 4 2 5 26 2080 2337 1860 2737
9513 4 2 5 26 1673 2318 1617 2604
9514 4 2 5 26 1829 2125 2538 2740
9515 4 2 5 26 1020 1022 2189 2526
9516 4 2 5 26 2007 2237 1942 2509
9517 4 2 5 26 1205 920 2357 2635
9518 4 2 5 26 1467 2184 1468 2589
9519 4 2 5 26 1187 1089 1427 2273
9520 4 2 5 26 2122 2368 1818 2699
9521 4 2 5 26 1651 1671 1973 2391
9522 4 2 5 26 2217 2231 1846 2308
9523 4 2 5 26 2057 2059 1868 2626
9524 4 2 5 26 393 1530 994 2245
9525 4 2 5 26 1850 2510 2022 2575
9526 4 2 5 26 895 2332 1965 2587
9527 4 2 5 26 1244 1381 1240 2489
9528 4 2 5 26 1988 2649 2339 2687
9529 4 2 5 26 1300 1111 1514 2233
9530 4 2 5 26 1977 1821 2474 2695
9531 4 2 5 26 1789 2687 2115 2747
9532 4 2 5 26 955 1541 1437 2315
9533 4 2 5 26 1050 2562 1335 2752
9534 4 2 5 26 1767 2637 2130 2717
9535 4 2 5 26 1971 2439 2353 2515
9536 4 2 5 26 1508 1094 1093 2030
9537 4 2 5 26 1205 1489 2124 2357
9538 4 2 5 26 2140 2384 1838 2537
9539 4 2 5 26 1458 962 961 2356
9540 4 2 5 26 1281 1036 1280 2402
9541 4 2 5 26 1664 1663 1653 2150
9542 4 2 5 26 1632 1637 1635 2603
9543 4 2 5 26 1593 2240 1011 2633
9544 4 2 5 26 1585 2609 2113 2657
9545 4 2 5 26 1199 2364 2192 2731
9546 4 2 5 26 1087 2290 1084 2650
9547 4 2 5 26 1644 411 2114 2736
9548 4 2 5 26 1846 2260 2062 2628
9549 4 2 5 26 1452 2202 1279 2501
9550 4 2 5 26 1750 2410 2030 2741
9551 4 2 5 26 1771 2215 2509 2671
9552 4 2 5 26 1782 2622 2241 2725
9553 4 2 5 26 1804 2619 2159 2739
9554 4 2 5 26 1769 2276 2101 2505
9555 4 2 5 26 1391 2563 2122 2584
9556 4 2 5 26 1784 2230 2083 2660
9557 4 2 5 26 2140 2537 1838 2623
9558 4 2 5 26 1274 1319 1403 2358
9559 4 2 5 26 954 2315 1472 2527
9560 4 2 5 26 2239 2348 1845 2610
9561 4 2 5 26 1212 2361 1209 2682
9562 4 2 5 26 428 2345 2002 2463
9563 4 2 5 26 2237 2509 2007 2671
9564 4 2 5 26 1134 1135 1136 2035
9565 4 2 5 26 1786 2135 2268 2648
9566 4 2 5 26 1890 2408 2267 2540
9567 4 2 5 26 2161 1813 2445 2514
9568 4 2 5 26 1154 2108 1510 2450
9569 4 2 5 26 925 923 924 2141
9570 4 2 5 26 979 1318 981 2491
9571 4 2 5 26 1315 2296 1160 2482
9572 4 2 5 26 1782 2330 2262 2659
9573 4 2 5 26 1462 2193 1548 2576
9574 4 2 5 26 1782 2262 2241 2659
9575 4 2 5 26 1600 1540 2267 2591
9576 4 2 5 26 1318 1464 1371 2257
9577 4 2 5 26 2387 2684 1842 2749
9578 4 2 5 26 1861 2438 2403 2651
9579 4 2 5 26 933 1456 946 2149
9580 4 2 5 26 1920 2508 2021 2669
9581 4 2 5 26 2036 2502 1359 2614
9582 4 2 5 26 957 948 2154 2666
9583 4 2 5 26 2461 2491 1999 2742
9584 4 2 5 26 1097 1096 2148 2661
9585 4 2 5 26 1669 1638 1686 2400
9586 4 2 5 26 1746 2146 2262 2725
9587 4 2 5 26 1001 999 1000 2460
9588 4 2 5 26 1034 2347 1035 2593
9589 4 2 5 26 1298 384 891 2543
9590 4 2 5 26 1753 2307 2152 2538
9591 4 2 5 26 1589 1468 1467 2184
9592 4 2 5 26 2449 2478 1958 2624
9593 4 2 5 26 1116 1200 1127 2192
9594 4 2 5 26 2233 2501 1826 2543
9595 4 2 5 26 1302 1087 1219 2211
9596 4 2 5 26 1918 2365 2319 2429
9597 4 2 5 26 1081 1075 1349 2309
9598 4 2 5 26 1850 2467 2028 2693
9599 4 2 5 26 1154 1185 1152 2409
9600 4 2 5 26 1829 2538 2125 2634
9601 4 2 5 26 1112 1108 892 2420
9602 4 2 5 26 1539 1186 1188 2591
9603 4 2 5 26 2055 2270 2224 2705
9604 4 2 5 26 2096 1853 2174 2640
9605 4 2 5 26 1268 2364 2113 2688
9606 4 2 5 26 900 901 899 2203
9607 4 2 5 26 2306 2687 1789 2720
9608 4 2 5 26 1537 1305 1536 2668
9609 4 2 5 26 1850 2490 2570 2693
9610 4 2 5 26 941 960 939 2638
9611 4 2 5 26 875 1036 874 2564
9612 4 2 5 26 1324 2593 1375 2700
9613 4 2 5 26 1578 2197 1021 2273
9614 4 2 5 26 2009 2108 2450 2480
9615 4 2 5 26 2002 1791 2214 2571
9616 4 2 5 26 2446 2448 1934 2588
9617 4 2 5 26 1263 1262 918 2243
9618 4 2 5 26 1979 2609 2478 2624
9619 4 2 5 26 2044 2308 2100 2565
9620 4 2 5 26 1880 2412 2045 2433
9621 4 2 5 26 1370 381 382 2170
9622 4 2 5 26 1916 2220 2117 2498
9623 4 2 5 26 2378 2461 1999 2742
9624 4 2 5 26 1511 938 1072 1986
9625 4 2 5 26 1967 2556 2203 2566
9626 4 2 5 26 1895 2378 2186 2548
9627 4 2 5 26 1843 2009 2342 2480
9628 4 2 5 26 1167 1261 1260 2373
9629 4 2 5 26 1968 2027 1800 2282
9630 4 2 5 26 1504 990 1491 2198
9631 4 2 5 26 1348 1295 1345 2556
9632 4 2 5 26 882 881 883 2484
9633 4 2 5 26 1814 2457 2220 2514
9634 4 2 5 26 1788 2224 2557 2707
9635 4 2 5 26 941 2134 940 2412
9636 4 2 5 26 1987 2638 2134 2733
9637 4 2 5 26 1224 921 922 2618
9638 4 2 5 26 1598 1360 1358 2502
9639 4 2 5 26 1493 2123 1344 2663
9640 4 2 5 26 1650 2096 2174 2350
9641 4 2 5 26 1171 2110 1124 2630
9642 4 2 5 26 413 1685 2333 2454
9643 4 2 5 26 1312 2250 1249 2320
9644 4 2 5 26 1060 1570 1569 2256
9645 4 2 5 26 1986 2415 2196 2658
9646 4 2 5 26 2144 2348 1905 2435
9647 4 2 5 26 1022 1311 1173 2189
9648 4 2 5 26 1238 1541 2038 2573
9649 4 2 5 26 2072 1876 2533 2704
9650 4 2 5 26 2075 2114 1879 2747
9651 4 2 5 26 1591 1552 1590 2305
9652 4 2 5 26 1523 1438 879 2275
9653 4 2 5 26 1179 2163 1177 2541
9654 4 2 5 26 2077 2219 1885 2694
9655 4 2 5 26 2401 2664 1860 2698
9656 4 2 5 26 1934 2274 2552 2588
9657 4 2 5 26 1181 1116 1117 2240
9658 4 2 5 26 1981 1905 2288 2500
9659 4 2 5 26 2065 1855 2629 2668
9660 4 2 5 26 2399 2525 1821 2587
9661 4 2 5 26 1040 1399 1067 2342
9662 4 2 5 26 1628 1617 1631 2388
9663 4 2 5 26 1163 1351 987 2186
9664 4 2 5 26 1784 2048 2508 2660
9665 4 2 5 26 2088 1878 2684 2749
9666 4 2 5 26 2075 2371 1613 2736
9667 4 2 5 26 1061 1406 1407 2363
9668 4 2 5 26 2109 2482 2367 2703
9669 4 2 5 26 1377 1471 1489 2124
9670 4 2 5 26 1033 1369 2208 2616
9671 4 2 5 26 2016 2503 1847 2594
9672 4 2 5 26 1770 2077 2431 2521
9673 4 2 5 26 1811 2257 2487 2630
9674 4 2 5 26 2116 2287 1851 2407
9675 4 2 5 26 1212 1499 1207 2025
9676 4 2 5 26 1517 1519 1550 2045
9677 4 2 5 26 1518 983 2692 2754
9678 4 2 5 26 1045 1046 1047 2140
9679 4 2 5 26 1858 1990 2375 2733
9680 4 2 5 26 1250 1023 1026 2250
9681 4 2 5 26 989 2186 988 2662
9682 4 2 5 26 1853 2052 2646 2743
9683 4 2 5 26 1883 2345 2214 2632
9684 4 2 5 26 1247 1396 1246 2631
9685 4 2 5 26 2084 2617 2261 2670
9686 4 2 5 26 1519 2045 1517 2692
9687 4 2 5 26 1452 1279 2202 2641
9688 4 2 5 26 383 384 944 2598
9689 4 2 5 26 1547 1019 992 2169
9690 4 2 5 26 1972 1041 2358 2696
9691 4 2 5 26 1551 1584 1480 2284
9692 4 2 5 26 424 2270 2601 2654
9693 4 2 5 26 1809 2309 2221 2556
9694 4 2 5 26 1846 2044 2628 2722
9695 4 2 5 26 1519 1550 2045 2692
9696 4 2 5 26 1769 2044 2422 2722
9697 4 2 5 26 2013 2529 2418 2595
9698 4 2 5 26 1763 2051 2327 2719
9699 4 2 5 26 1481 1480 930 2326
9700 4 2 5 26 2337 2381 1860 2743
9701 4 2 5 26 1607 1608 2226 2572
9702 4 2 5 26 2311 2461 1876 2704
9703 4 2 5 26 1879 2018 2359 2747
9704 4 2 5 26 2030 1890 2531 2741
9705 4 2 5 26 1316 1449 875 2325
9706 4 2 5 26 1621 1644 2613 2736
9707 4 2 5 26 2361 2025 2497 2682
9708 4 2 5 26 2083 2307 1784 2660
9709 4 2 5 26 383 889 891 2598
9710 4 2 5 26 1580 1308 1234 2201
9711 4 2 5 26 1025 1024 1395 2699
9712 4 2 5 26 420 82 2209 2574
9713 4 2 5 26 1495 1148 1150 2223
9714 4 2 5 26 1893 2097 2325 2719
9715 4 2 5 26 2065 2629 2102 2668
9716 4 2 5 26 1487 1071 1477 2196
9717 4 2 5 26 1962 2444 1860 2664
9718 4 2 5 26 2100 2308 2044 2718
9719 4 2 5 26 2124 2357 1489 2578
9720 4 2 5 26 1368 1359 1420 2036
9721 4 2 5 26 1522 1498 1996 2554
9722 4 2 5 26 2005 2461 2378 2742
9723 4 2 5 26 1014 2467 2028 2510
9724 4 2 5 26 2217 2226 1846 2729
9725 4 2 5 26 959 1139 912 2697
9726 4 2 5 26 2079 2418 1882 2441
9727 4 2 5 26 1589 1467 1364 2393
9728 4 2 5 26 1987 2014 2638 2733
9729 4 2 5 26 1870 1963 2374 2700
9730 4 2 5 26 1861 2191 2438 2651
9731 4 2 5 26 1260 2373 1264 2375
9732 4 2 5 26 1397 1178 1177 2515
9733 4 2 5 26 1043 1042 2439 2696
9734 4 2 5 26 1307 2320 1501 2724
9735 4 2 5 26 2044 1769 2422 2555
9736 4 2 5 26 1859 2248 2032 2746
9737 4 2 5 26 2125 2517 1620 2634
9738 4 2 5 26 2045 2412 1849 2433
9739 4 2 5 26 1770 2431 2166 2742
9740 4 2 5 26 958 1347 1439 2549
9741 4 2 5 26 1376 1335 1333 2562
9742 4 2 5 26 1260 1263 1264 2373
9743 4 2 5 26 1694 2282 2027 2355
9744 4 2 5 26 1897 2135 2268 2495
9745 4 2 5 26 1350 880 1199 2364
9746 4 2 5 26 1198 1554 1029 2058
9747 4 2 5 26 934 1498 929 2546
9748 4 2 5 26 2113 1787 2364 2731
9749 4 2 5 26 1761 2457 2102 2629
9750 4 2 5 26 2002 2463 2350 2571
9751 4 2 5 26 1838 2537 2123 2581
9752 4 2 5 26 2030 2368 1890 2410
9753 4 2 5 26 1008 1997 1009 2608
9754 4 2 5 26 1215 1504 1491 2198
9755 4 2 5 26 1854 2147 2300 2748
9756 4 2 5 26 2245 2459 1372 2485
9757 4 2 5 26 1453 1223 1221 1961
9758 4 2 5 26 1495 1362 997 2748
9759 4 2 5 26 961 1357 894 2356
9760 4 2 5 26 1530 1531 1532 2245
9761 4 2 5 26 1836 2101 2447 2505
9762 4 2 5 26 1115 1114 2289 2562
9763 4 2 5 26 887 991 1568 2511
9764 4 2 5 26 384 385 1401 2406
9765 4 2 5 26 1519 1517 1518 2692
9766 4 2 5 26 425 2601 2270 2705
9767 4 2 5 26 1554 1027 1029 2600
9768 4 2 5 26 1600 2267 1186 2591
9769 4 2 5 26 1494 2257 1318 2630
9770 4 2 5 26 2186 2378 988 2662
9771 4 2 5 26 1150 1495 2223 2552
9772 4 2 5 26 1798 2414 2189 2732
9773 4 2 5 26 1282 1025 1390 2699
9774 4 2 5 26 1472 1562 1561 2527
9775 4 2 5 26 923 1060 935 2256
9776 4 2 5 26 1162 1131 1231 2482
9777 4 2 5 26 2013 1947 2529 2595
9778 4 2 5 26 1097 1096 1278 2148
9779 4 2 5 26 1962 1860 2401 2664
9780 4 2 5 26 1673 1672 1671 2604
9781 4 2 5 26 1749 2529 2418 2733
9782 4 2 5 26 991 1431 1440 2511
9783 4 2 5 26 2314 2610 1981 2716
9784 4 2 5 26 2120 2372 1921 2611
9785 4 2 5 26 1039 2480 2047 2744
9786 4 2 5 26 1012 2467 1354 2494
9787 4 2 5 26 998 1495 997 2748
9788 4 2 5 26 1023 1250 1312 2250
9789 4 2 5 26 1216 1434 1557 2116
9790 4 2 5 26 1655 2586 2104 2664
9791 4 2 5 26 1891 2113 2478 2657
9792 4 2 5 26 1323 1322 1534 2524
9793 4 2 5 26 1180 2240 1398 2515
9794 4 2 5 26 2234 2280 1947 2667
9795 4 2 5 26 1378 2564 2208 2666
9796 4 2 5 26 919 1524 1206 2357
9797 4 2 5 26 1231 1313 1162 2482
9798 4 2 5 26 1855 2337 2547 2629
9799 4 2 5 26 1843 2342 2009 2624
9800 4 2 5 26 1902 2549 2149 2755
9801 4 2 5 26 1500 911 1502 2351
9802 4 2 5 26 1751 2496 2018 2687
9803 4 2 5 26 1571 1465 1170 2487
9804 4 2 5 26 2057 2471 1915 2472
9805 4 2 5 26 1963 2593 2374 2700
9806 4 2 5 26 405 1908 79 2708
9807 4 2 5 26 940 2412 2134 2754
9808 4 2 5 26 2175 2227 1927 2295
9809 4 2 5 26 1630 1629 1610 2544
9810 4 2 5 26 967 968 966 2473
9811 4 2 5 26 1756 2623 2432 2647
9812 4 2 5 26 2241 2622 1941 2725
9813 4 2 5 26 1241 2358 1041 2696
9814 4 2 5 26 1953 2130 2637 2717
9815 4 2 5 26 1066 1067 1143 2342
9816 4 2 5 26 1850 2470 2272 2642
9817 4 2 5 26 1414 1499 1373 2738
9818 4 2 5 26 1196 1175 1195 2316
9819 4 2 5 26 1421 1275 1098 2023
9820 4 2 5 26 1426 1440 910 2511
9821 4 2 5 26 1753 2448 2446 2588
9822 4 2 5 26 1332 2562 1176 2614
9823 4 2 5 26 1497 2299 1341 2616
9824 4 2 5 26 1773 2433 2045 2455
9825 4 2 5 26 1687 1603 1679 2205
9826 4 2 5 26 2130 2421 2040 2539
9827 4 2 5 26 1170 2257 1494 2630
9828 4 2 5 26 399 1285 1408 2477
9829 4 2 5 26 1810 2158 1944 2753
9830 4 2 5 26 882 1231 1199 2192
9831 4 2 5 26 1528 1503 1538 2584
9832 4 2 5 26 2016 2291 2289 2469
9833 4 2 5 26 1021 1023 1022 2197
9834 4 2 5 26 2296 2482 1833 2703
9835 4 2 5 26 1776 2547 2337 2743
9836 4 2 5 26 1923 2158 1810 2344
9837 4 2 5 26 1986 2637 2162 2658
9838 4 2 5 26 1932 2550 2159 2613
9839 4 2 5 26 1857 2547 2090 2712
9840 4 2 5 26 2369 2440 1900 2464
9841 4 2 5 26 1293 1294 1564 2221
9842 4 2 5 26 1884 2281 2040 2717
9843 4 2 5 26 1115 2291 1174 2614
9844 4 2 5 26 1084 2290 1086 2597
9845 4 2 5 26 2272 2470 1889 2642
9846 4 2 5 26 1079 1585 1601 2113
9847 4 2 5 26 1043 1042 1265 2439
9848 4 2 5 26 1798 2026 2414 2732
9849 4 2 5 26 1792 2246 2382 2669
9850 4 2 5 26 397 396 1323 2210
9851 4 2 5 26 1404 1588 1330 2019
9852 4 2 5 26 1174 1420 1359 2614
9853 4 2 5 26 1832 2637 2130 2690
9854 4 2 5 26 1381 1379 1455 2370
9855 4 2 5 26 1770 2521 2431 2742
9856 4 2 5 26 930 1597 1575 2176
9857 4 2 5 26 1083 1314 1222 2078
9858 4 2 5 26 1475 1477 1476 2620
9859 4 2 5 26 1768 2301 2229 2390
9860 4 2 5 26 1003 2523 2244 2568
9861 4 2 5 26 1343 1190 1169 2016
9862 4 2 5 26 1076 1075 2309 2377
9863 4 2 5 26 1568 877 2338 2511
9864 4 2 5 26 1097 1278 1389 2641
9865 4 2 5 26 1012 2028 1014 2467
9866 4 2 5 26 1751 2306 2339 2687
9867 4 2 5 26 2076 2339 1803 2745
9868 4 2 5 26 1338 1339 1340 2461
9869 4 2 5 26 1875 2310 2165 2559
9870 4 2 5 26 1842 2254 2387 2749
9871 4 2 5 26 1651 1670 1671 2391
9872 4 2 5 26 1618 2472 2335 2530
9873 4 2 5 26 1913 2432 2222 2581
9874 4 2 5 26 1101 987 989 2662
9875 4 2 5 26 2104 2314 1845 2586
9876 4 2 5 26 1622 1623 2444 2534
9877 4 2 5 26 2241 2262 1782 2725
9878 4 2 5 26 1522 1208 1498 2554
9879 4 2 5 26 934 929 923 2546
9880 4 2 5 26 1078 1979 2609 2657
9881 4 2 5 26 1013 1014 1012 2028
9882 4 2 5 26 1957 2484 2078 2653
9883 4 2 5 26 1330 1015 1258 2384
9884 4 2 5 26 1250 1251 1249 2250
9885 4 2 5 26 1499 2025 1212 2682
9886 4 2 5 26 2052 2547 2337 2629
9887 4 2 5 26 1276 895 894 1965
9888 4 2 5 26 1900 2396 2071 2685
9889 4 2 5 26 1887 2453 2248 2513
9890 4 2 5 26 1788 1932 2550 2557
9891 4 2 5 26 2130 2322 1822 2690
9892 4 2 5 26 1680 1631 1617 2318
9893 4 2 5 26 1047 2127 1049 2537
9894 4 2 5 26 2248 2453 1859 2513
9895 4 2 5 26 1382 1473 1352 2467
9896 4 2 5 26 1505 1328 1258 2384
9897 4 2 5 26 1894 2313 2033 2706
9898 4 2 5 26 391 1018 390 2399
9899 4 2 5 26 2052 2337 2547 2743
9900 4 2 5 26 1158 1166 1567 2242
9901 4 2 5 26 85 1686 424 1696
9902 4 2 5 26 2350 2463 88 2571
9903 4 2 5 26 1452 1443 2202 2501
9904 4 2 5 26 1781 2474 2107 2695
9905 4 2 5 26 1847 2555 2329 2679
9906 4 2 5 26 1993 2135 2566 2651
9907 4 2 5 26 1622 2534 2444 2664
9908 4 2 5 26 1988 2352 1752 2442
9909 4 2 5 26 1973 2227 1786 2504
9910 4 2 5 26 2248 2567 1887 2603
9911 4 2 5 26 1612 1613 1621 2331
9912 4 2 5 26 1641 1667 1640 2207
9913 4 2 5 26 1593 1398 2240 2439
9914 4 2 5 26 1568 1426 877 2511
9915 4 2 5 26 940 2134 1264 2754
9916 4 2 5 26 1655 1962 2586 2664
9917 4 2 5 26 1904 2226 2173 2476
9918 4 2 5 26 1704 2143 1683 2571
9919 4 2 5 26 1816 2187 2143 2382
9920 4 2 5 26 1970 2165 1780 2559
9921 4 2 5 26 1164 2563 1391 2584
9922 4 2 5 26 391 993 1018 2399
9923 4 2 5 26 2102 2629 1855 2668
9924 4 2 5 26 1422 1490 1070 2188
9925 4 2 5 26 1682 1619 2471 2472
9926 4 2 5 26 1462 1516 1548 2193
9927 4 2 5 26 2267 2408 1910 2730
9928 4 2 5 26 1600 1090 1089 2267
9929 4 2 5 26 1890 2540 2531 2741
9930 4 2 5 26 1218 1059 2092 2618
9931 4 2 5 26 1900 2369 2071 2707
9932 4 2 5 26 2053 2346 1839 2596
9933 4 2 5 26 1256 969 1134 2417
9934 4 2 5 26 2111 1852 2409 2675
9935 4 2 5 26 1610 2217 1629 2729
9936 4 2 5 26 1781 2107 2498 2695
9937 4 2 5 26 2192 2364 1957 2751
9938 4 2 5 26 1469 1468 2184 2589
9939 4 2 5 26 1916 2381 2263 2534
9940 4 2 5 26 1261 1412 1262 2373
9941 4 2 5 26 1912 2414 2066 2683
9942 4 2 5 26 1633 1640 83 2665
9943 4 2 5 26 1092 2424 1091 2674
9944 4 2 5 26 1199 880 882 2364
9945 4 2 5 26 1577 1192 1594 2118
9946 4 2 5 26 420 2117 2483 2574
9947 4 2 5 26 1536 1304 977 2090
9948 4 2 5 26 1032 1031 1120 2616
9949 4 2 5 26 2275 2278 2010 2714
9950 4 2 5 26 1389 1387 1100 2251
9951 4 2 5 26 2149 2045 2486 2755
9952 4 2 5 26 1152 1202 1153 2612
9953 4 2 5 26 890 1445 891 2543
9954 4 2 5 26 1882 2418 2013 2734
9955 4 2 5 26 2202 2501 1826 2507
9956 4 2 5 26 1835 1991 2481 2678
9957 4 2 5 26 1268 2113 1585 2688
9958 4 2 5 26 1765 2260 2172 2503
9959 4 2 5 26 2156 2483 1864 2607
9960 4 2 5 26 1508 1538 1094 2030
9961 4 2 5 26 1003 400 2244 2523
9962 4 2 5 26 1878 2545 2038 2573
9963 4 2 5 26 1235 1237 969 2072
9964 4 2 5 26 1747 2037 2449 2536
9965 4 2 5 26 2009 2450 2342 2480
9966 4 2 5 26 1798 2112 2328 2732
9967 4 2 5 26 2143 2214 1791 2571
9968 4 2 5 26 1789 2298 2076 2720
9969 4 2 5 26 1486 1215 2198 2661
9970 4 2 5 26 1442 999 1357 2460
9971 4 2 5 26 1492 1224 1453 2181
9972 4 2 5 26 1859 2453 2225 2513
9973 4 2 5 26 382 945 2170 2598
9974 4 2 5 26 1519 1386 1550 2692
9975 4 2 5 26 1172 1173 1236 2189
9976 4 2 5 26 1832 2162 2637 2690
9977 4 2 5 26 2304 2305 1872 2554
9978 4 2 5 26 2498 2602 1814 2695
9979 4 2 5 26 1401 1404 1416 2406
9980 4 2 5 26 2172 2469 1834 2580
9981 4 2 5 26 1651 88 2350 2463
9982 4 2 5 26 1171 1124 1170 2630
9983 4 2 5 26 934 1522 1498 1996
9984 4 2 5 26 1194 1297 1193 2033
9985 4 2 5 26 1785 2570 2061 2585
9986 4 2 5 26 1671 1670 1673 2129
9987 4 2 5 26 1040 1038 1037 2744
9988 4 2 5 26 901 1075 1164 2377
9989 4 2 5 26 1746 2441 2683 2711
9990 4 2 5 26 909 907 906 2272
9991 4 2 5 26 1776 2337 2080 2737
9992 4 2 5 26 1674 1655 1687 2586
9993 4 2 5 26 2173 2476 2226 2572
9994 4 2 5 26 1619 1915 2472 2726
9995 4 2 5 26 1326 2179 1586 2675
9996 4 2 5 26 1785 2470 2087 2540
9997 4 2 5 26 1258 1017 1505 2384
9998 4 2 5 26 1694 419 2282 2355
9999 4 2 5 26 1819 1981 2288 2500
10000 4 2 5 26 1251 1254 1581 2242
10001 4 2 5 26 1459 1366 1230 2312
10002 4 2 5 26 1599 1598 1326 2179
10003 4 2 5 26 997 1580 995 2300
10004 4 2 5 26 1066 1065 1067 2342
10005 4 2 5 26 1154 1510 1065 2450
10006 4 2 5 26 1360 1178 2106 2541
10007 4 2 5 26 2550 2613 1932 2665
10008 4 2 5 26 1145 1337 2203 2407
10009 4 2 5 26 1993 2566 2135 2648
10010 4 2 5 26 1201 1202 1203 2340
10011 4 2 5 26 1015 1017 1258 2384
10012 4 2 5 26 974 2090 977 2593
10013 4 2 5 26 1796 2483 2156 2607
10014 4 2 5 26 1586 1326 1598 2179
10015 4 2 5 26 1064 1138 1185 2675
10016 4 2 5 26 390 1574 389 2714
10017 4 2 5 26 2076 2298 2252 2720
10018 4 2 5 26 1197 959 941 2561
10019 4 2 5 26 1438 1063 390 2275
10020 4 2 5 26 1171 1566 1156 2110
10021 4 2 5 26 2152 2307 1753 2448
10022 4 2 5 26 1776 2133 2636 2712
10023 4 2 5 26 1850 2028 2467 2510
10024 4 2 5 26 382 1118 889 2598
10025 4 2 5 26 2228 2286 1802 2677
10026 4 2 5 26 2342 2480 1038 2744
10027 4 2 5 26 1525 1527 1394 2606
10028 4 2 5 26 879 965 902 2099
10029 4 2 5 26 1704 2214 2143 2571
10030 4 2 5 26 1170 1465 1494 2257
10031 4 2 5 26 2054 2337 1855 2629
10032 4 2 5 26 934 1201 1522 2340
10033 4 2 5 26 975 1034 1035 2593
10034 4 2 5 26 1510 2108 1553 2620
10035 4 2 5 26 1042 1972 1044 2752
10036 4 2 5 26 424 2601 2271 2654
10037 4 2 5 26 1645 2355 1968 2574
10038 4 2 5 26 1988 2569 2018 2687
10039 4 2 5 26 1119 1118 381 2266
10040 4 2 5 26 1836 2505 2118 2631
10041 4 2 5 26 1354 1353 1471 2494
10042 4 2 5 26 1953 2539 2130 2717
10043 4 2 5 26 2025 1820 2497 2682
10044 4 2 5 26 1889 2535 2030 2741
10045 4 2 5 26 916 2692 983 2754
10046 4 2 5 26 1219 1218 1059 2092
10047 4 2 5 26 2248 1887 2513 2603
10048 4 2 5 26 1416 2349 1425 2706
10049 4 2 5 26 1486 1215 1491 2198
10050 4 2 5 26 1571 1130 1465 2583
10051 4 2 5 26 1513 973 1447 2294
10052 4 2 5 26 425 424 2270 2601
10053 4 2 5 26 1623 2096 2444 2534
10054 4 2 5 26 1632 76 2199 2681
10055 4 2 5 26 2052 2381 2337 2743
10056 4 2 5 26 1632 1680 76 2681
10057 4 2 5 26 2118 2505 1964 2631
10058 4 2 5 26 1510 2480 2108 2620
10059 4 2 5 26 1294 1293 1273 2466
10060 4 2 5 26 397 2213 1365 2589
10061 4 2 5 26 901 1337 1349 2203
10062 4 2 5 26 1189 1269 2609 2688
10063 4 2 5 26 2248 2513 2032 2603
10064 4 2 5 26 1887 2105 2453 2750
10065 4 2 5 26 2091 2472 1915 2726
10066 4 2 5 26 2042 2503 2260 2628
10067 4 2 5 26 1889 2531 2030 2535
10068 4 2 5 26 1345 1295 1293 2466
10069 4 2 5 26 1434 2287 1483 2673
10070 4 2 5 26 413 2333 1697 2454
10071 4 2 5 26 1360 2106 1358 2502
10072 4 2 5 26 1883 2335 2171 2632
10073 4 2 5 26 2240 2353 1886 2439
10074 4 2 5 26 1210 1106 1216 2397
10075 4 2 5 26 73 1003 400 2244
10076 4 2 5 26 2165 2310 1875 2443
10077 4 2 5 26 895 1062 1063 2587
10078 4 2 5 26 1764 2080 2488 2558
10079 4 2 5 26 1275 1421 1303 2519
10080 4 2 5 26 1181 1117 1180 2240
10081 4 2 5 26 2094 2665 1932 2705
10082 4 2 5 26 1173 1306 996 2039
10083 4 2 5 26 1677 401 402 2437
10084 4 2 5 26 1645 1624 82 2574
10085 4 2 5 26 1810 2344 2158 2753
10086 4 2 5 26 1372 994 2245 2485
10087 4 2 5 26 1886 2439 1972 2696
10088 4 2 5 26 1314 1083 1325 2078
10089 4 2 5 26 2224 2396 2071 2707
10090 4 2 5 26 2180 2565 2067 2599
10091 4 2 5 26 1814 2602 2278 2695
10092 4 2 5 26 2023 1421 2519 2700
10093 4 2 5 26 1328 1330 1258 2384
10094 4 2 5 26 417 2405 2335 2471
10095 4 2 5 26 1041 1044 1042 1972
10096 4 2 5 26 1604 2125 1620 2634
10097 4 2 5 26 1283 1498 1207 2361
10098 4 2 5 26 958 2549 948 2666
10099 4 2 5 26 1111 1112 1514 2420
10100 4 2 5 26 1455 1301 1056 2370
10101 4 2 5 26 1688 432 87 2205
10102 4 2 5 26 2246 2529 1947 2595
10103 4 2 5 26 1561 1205 1489 2124
10104 4 2 5 26 1197 1554 1198 2058
10105 4 2 5 26 1269 1585 2609 2688
10106 4 2 5 26 1358 2106 1332 2502
10107 4 2 5 26 1136 1135 1232 2573
10108 4 2 5 26 1163 1160 1351 2703
10109 4 2 5 26 1178 1599 1179 2541
10110 4 2 5 26 1621 1620 2331 2517
10111 4 2 5 26 2026 2262 2146 2626
10112 4 2 5 26 1169 1113 1168 2594
10113 4 2 5 26 390 965 2275 2714
10114 4 2 5 26 1322 2427 1331 2524
10115 4 2 5 26 2176 2486 2045 2755
10116 4 2 5 26 2113 2609 2478 2657
10117 4 2 5 26 1406 1437 1541 2363
10118 4 2 5 26 1338 1121 1183 2378
10119 4 2 5 26 2044 2565 2422 2722
10120 4 2 5 26 73 1003 2244 2568
10121 4 2 5 26 1790 2435 2048 2458
10122 4 2 5 26 1942 2437 1800 2676
10123 4 2 5 26 1862 2137 2306 2745
10124 4 2 5 26 1047 1017 2140 2537
10125 4 2 5 26 1752 2492 2049 2701
10126 4 2 5 26 1438 1068 1063 2332
10127 4 2 5 26 2199 2419 1991 2681
10128 4 2 5 26 415 1683 1704 2143
10129 4 2 5 26 1161 2367 1008 2608
10130 4 2 5 26 1788 2383 2093 2532
10131 4 2 5 26 1020 2189 1172 2526
10132 4 2 5 26 1378 2208 1346 2666
10133 4 2 5 26 1131 1162 1161 2482
10134 4 2 5 26 401 2027 1942 2437
10135 4 2 5 26 1753 2307 2538 2645
10136 4 2 5 26 1873 2247 2282 2727
10137 4 2 5 26 1405 1026 1023 2197
10138 4 2 5 26 1860 2381 2534 2743
10139 4 2 5 26 1469 2153 396 2589
10140 4 2 5 26 2317 2350 1906 2571
10141 4 2 5 26 1901 2440 2369 2464
10142 4 2 5 26 1189 1142 1143 2609
10143 4 2 5 26 1592 2305 1573 2723
10144 4 2 5 26 1657 1636 1665 2237
10145 4 2 5 26 1593 1011 1242 2696
10146 4 2 5 26 1633 2207 2055 2544
10147 4 2 5 26 924 2393 2141 2546
10148 4 2 5 26 2217 2544 2226 2729
10149 4 2 5 26 1062 392 2399 2587
10150 4 2 5 26 2337 1860 2737 2743
10151 4 2 5 26 2252 2536 2037 2560
10152 4 2 5 26 2055 2544 2217 2655
10153 4 2 5 26 2087 2470 1889 2540
10154 4 2 5 26 1119 1287 1227 2266
10155 4 2 5 26 1691 2150 1664 2644
10156 4 2 5 26 1821 2695 1977 2710
10157 4 2 5 26 2201 2533 1876 2704
10158 4 2 5 26 1812 2422 2044 2565
10159 4 2 5 26 1350 1268 880 2364
10160 4 2 5 26 911 917 2351 2724
10161 4 2 5 26 1526 1331 1211 2524
10162 4 2 5 26 1558 1555 1285 2477
10163 4 2 5 26 1816 2246 2382 2595
10164 4 2 5 26 1381 1380 1379 2489
10165 4 2 5 26 1895 2496 2078 2597
10166 4 2 5 26 1498 1283 929 2546
10167 4 2 5 26 1273 964 1271 2236
10168 4 2 5 26 1412 1262 2373 2374
10169 4 2 5 26 2426 2479 2238 2512
10170 4 2 5 26 1897 2495 2122 2584
10171 4 2 5 26 2122 2563 1897 2584
10172 4 2 5 26 2204 2442 1752 2492
10173 4 2 5 26 1949 2525 2399 2587
10174 4 2 5 26 916 983 914 2754
10175 4 2 5 26 989 987 988 2186
10176 4 2 5 26 2167 2552 2223 2748
10177 4 2 5 26 1997 2367 2109 2608
10178 4 2 5 26 1264 2134 939 2375
10179 4 2 5 26 2045 2455 1849 2692
10180 4 2 5 26 1900 2071 2396 2707
10181 4 2 5 26 1255 1254 1253 2238
10182 4 2 5 26 1625 2156 1648 2708
10183 4 2 5 26 1427 2273 1021 2526
10184 4 2 5 26 1060 1153 935 2256
10185 4 2 5 26 1506 1542 1393 2642
10186 4 2 5 26 1854 2552 2274 2588
10187 4 2 5 26 1008 1563 1009 1997
10188 4 2 5 26 1970 2454 2165 2559
10189 4 2 5 26 1475 1039 2480 2620
10190 4 2 5 26 1795 2169 2459 2485
10191 4 2 5 26 1809 2566 1993 2648
10192 4 2 5 26 1951 2302 2238 2512
10193 4 2 5 26 1554 1197 1575 2058
10194 4 2 5 26 1835 2481 2677 2678
10195 4 2 5 26 1298 1299 2233 2543
10196 4 2 5 26 426 2094 425 2705
10197 4 2 5 26 1250 1282 1251 2250
10198 4 2 5 26 1147 1482 1435 2606
10199 4 2 5 26 1555 1484 1483 2673
10200 4 2 5 26 1044 1041 1403 1972
10201 4 2 5 26 1704 2214 428 2632
10202 4 2 5 26 1645 410 2027 2355
10203 4 2 5 26 1492 1453 1292 2181
10204 4 2 5 26 1860 2534 2096 2743
10205 4 2 5 26 1561 2124 1471 2527
10206 4 2 5 26 1751 2306 2137 2339
10207 4 2 5 26 1517 1521 1518 2412
10208 4 2 5 26 1906 2444 2096 2737
10209 4 2 5 26 1635 1636 1658 2513
10210 4 2 5 26 1372 2245 1532 2459
10211 4 2 5 26 1765 2062 2260 2503
10212 4 2 5 26 918 915 914 2243
10213 4 2 5 26 396 984 1322 2153
10214 4 2 5 26 1851 2407 2203 2566
10215 4 2 5 26 1068 1426 893 2332
10216 4 2 5 26 1287 1474 957 2154
10217 4 2 5 26 407 2293 2156 2579
10218 4 2 5 26 1238 1289 1541 2573
10219 4 2 5 26 1132 1133 1344 2123
10220 4 2 5 26 1241 1403 1041 2358
10221 4 2 5 26 1651 1973 1671 2463
10222 4 2 5 26 1781 2498 2095 2695
10223 4 2 5 26 2238 2302 1858 2512
10224 4 2 5 26 1374 1547 992 2169
10225 4 2 5 26 390 1063 391 2399
10226 4 2 5 26 1367 1359 1368 2502
10227 4 2 5 26 1889 2030 2531 2741
10228 4 2 5 26 1853 2640 2096 2743
10229 4 2 5 26 2002 2227 1973 2345
10230 4 2 5 26 1135 1134 967 2473
10231 4 2 5 26 2185 2685 1807 2735
10232 4 2 5 26 1434 1483 1484 2673
10233 4 2 5 26 1767 2680 2281 2746
10234 4 2 5 26 1077 1081 1336 2309
10235 4 2 5 26 1751 2339 2649 2687
10236 4 2 5 26 2496 2649 1988 2687
10237 4 2 5 26 2192 2364 1787 2731
10238 4 2 5 26 1189 1269 1142 2609
10239 4 2 5 26 887 1568 2338 2511
10240 4 2 5 26 1341 2299 1571 2487
10241 4 2 5 26 2117 2334 1864 2607
10242 4 2 5 26 1815 2227 1973 2504
10243 4 2 5 26 1997 2608 1901 2633
10244 4 2 5 26 1459 2141 924 2393
10245 4 2 5 26 1332 1397 1333 2106
10246 4 2 5 26 1990 2134 2375 2733
10247 4 2 5 26 989 988 2378 2662
10248 4 2 5 26 1673 1680 2318 2681
10249 4 2 5 26 1619 1620 1604 2125
10250 4 2 5 26 423 2068 1698 2736
10251 4 2 5 26 1106 1211 1103 2397
10252 4 2 5 26 1374 1373 1499 2459
10253 4 2 5 26 1807 2106 2541 2735
10254 4 2 5 26 1859 2453 2248 2680
10255 4 2 5 26 880 1268 1266 2688
10256 4 2 5 26 383 944 943 2598
10257 4 2 5 26 1984 2121 1829 2621
10258 4 2 5 26 1315 1351 1160 2296
10259 4 2 5 26 1345 2221 1336 2556
10260 4 2 5 26 2219 2588 1885 2694
10261 4 2 5 26 1633 1630 2544 2655
10262 4 2 5 26 1812 2067 2422 2565
10263 4 2 5 26 1390 2122 1391 2563
10264 4 2 5 26 1843 2480 2342 2744
10265 4 2 5 26 1947 2382 2246 2595
10266 4 2 5 26 1049 1428 1133 2127
10267 4 2 5 26 1927 2297 2175 2522
10268 4 2 5 26 1428 2127 1049 2520
10269 4 2 5 26 1480 1032 1551 2326
10270 4 2 5 26 1196 1418 1552 2316
10271 4 2 5 26 1444 1288 1451 2643
10272 4 2 5 26 1038 1065 1510 2480
10273 4 2 5 26 1828 2357 2124 2578
10274 4 2 5 26 1579 2311 968 2704
10275 4 2 5 26 1122 1371 1123 2662
10276 4 2 5 26 992 1372 2459 2485
10277 4 2 5 26 1804 2327 2120 2619
10278 4 2 5 26 1615 2344 423 2371
10279 4 2 5 26 1180 1593 1398 2240
10280 4 2 5 26 1056 1057 1058 2285
10281 4 2 5 26 1092 1492 1549 2424
10282 4 2 5 26 1449 1496 1128 2325
10283 4 2 5 26 895 1063 2332 2587
10284 4 2 5 26 1807 2106 2515 2541
10285 4 2 5 26 1923 2569 2442 2720
10286 4 2 5 26 1767 2516 2053 2658
10287 4 2 5 26 1849 2455 2251 2692
10288 4 2 5 26 1205 1204 920 2635
10289 4 2 5 26 1850 2470 2283 2570
10290 4 2 5 26 1610 1607 2226 2729
10291 4 2 5 26 1801 2421 2130 2539
10292 4 2 5 26 1604 1603 2121 2634
10293 4 2 5 26 1436 1194 2313 2706
10294 4 2 5 26 886 885 872 2216
10295 4 2 5 26 1633 2544 2055 2655
10296 4 2 5 26 2033 2329 2555 2679
10297 4 2 5 26 2159 2550 1879 2613
10298 4 2 5 26 2134 2411 1849 2412
10299 4 2 5 26 2102 2338 1856 2457
10300 4 2 5 26 1234 2201 1309 2704
10301 4 2 5 26 989 2378 1123 2662
10302 4 2 5 26 2203 2556 1809 2566
10303 4 2 5 26 1672 90 1671 2171
10304 4 2 5 26 385 1404 1401 2406
10305 4 2 5 26 1923 2442 2252 2720
10306 4 2 5 26 1863 2327 2430 2639
10307 4 2 5 26 1798 2328 2026 2732
10308 4 2 5 26 1619 1620 2125 2726
10309 4 2 5 26 1132 1049 2127 2537
10310 4 2 5 26 2007 2215 2509 2721
10311 4 2 5 26 1195 1342 1418 2316
10312 4 2 5 26 1645 2027 1968 2355
10313 4 2 5 26 1139 959 1197 2697
10314 4 2 5 26 1644 2613 2114 2665
10315 4 2 5 26 1278 1107 1279 2641
10316 4 2 5 26 1543 1565 1542 2087
10317 4 2 5 26 2061 2677 2481 2678
10318 4 2 5 26 1944 2454 2385 2753
10319 4 2 5 26 73 400 897 2244
10320 4 2 5 26 2144 2500 1774 2625
10321 4 2 5 26 1822 2322 2419 2690
10322 4 2 5 26 1951 2309 2269 2377
10323 4 2 5 26 1238 1539 1188 2468
10324 4 2 5 26 1113 1169 1190 2289
10325 4 2 5 26 2098 2217 1846 2729
10326 4 2 5 26 2165 2310 1780 2559
10327 4 2 5 26 2501 2507 2202 2641
10328 4 2 5 26 2087 1889 2470 2642
10329 4 2 5 26 913 2351 1139 2697
10330 4 2 5 26 82 1624 1654 2209
10331 4 2 5 26 1012 1352 1354 2467
10332 4 2 5 26 988 1351 1184 2186
10333 4 2 5 26 966 968 1339 2311
10334 4 2 5 26 939 1264 940 2134
10335 4 2 5 26 1018 1574 390 2010
10336 4 2 5 26 1040 1091 1092 2424
10337 4 2 5 26 2174 2350 2096 2640
10338 4 2 5 26 1832 2130 2425 2690
10339 4 2 5 26 1343 1169 1430 2594
10340 4 2 5 26 1569 2256 2434 2612
10341 4 2 5 26 1593 1117 1011 2240
10342 4 2 5 26 1049 1133 1132 2127
10343 4 2 5 26 1392 1527 1509 2535
10344 4 2 5 26 2267 1910 2591 2730
10345 4 2 5 26 2260 2503 2062 2628
10346 4 2 5 26 2156 2293 1864 2579
10347 4 2 5 26 1839 2596 2196 2658
10348 4 2 5 26 1698 413 1695 2333
10349 4 2 5 26 2196 2434 1806 2620
10350 4 2 5 26 1973 1651 2391 2463
10351 4 2 5 26 1444 1451 1452 2202
10352 4 2 5 26 946 947 948 2549
10353 4 2 5 26 1442 1357 961 2460
10354 4 2 5 26 941 1518 1521 2412
10355 4 2 5 26 1437 953 955 2315
10356 4 2 5 26 1691 1663 1664 2150
10357 4 2 5 26 392 993 391 2399
10358 4 2 5 26 913 1502 911 2351
10359 4 2 5 26 1787 2364 2192 2751
10360 4 2 5 26 1254 1255 1159 2238
10361 4 2 5 26 1234 1308 1309 2201
10362 4 2 5 26 1815 1973 2227 2345
10363 4 2 5 26 1459 1230 925 2141
10364 4 2 5 26 2248 1867 2567 2603
10365 4 2 5 26 1422 1488 1490 2188
10366 4 2 5 26 1553 2108 1151 2612
10367 4 2 5 26 1621 1613 1644 2736
10368 4 2 5 26 2125 2395 1926 2740
10369 4 2 5 26 1546 1545 1323 2210
10370 4 2 5 26 1675 2104 2314 2716
10371 4 2 5 26 1889 2531 2087 2540
10372 4 2 5 26 924 1284 2393 2546
10373 4 2 5 26 1862 2306 2076 2745
10374 4 2 5 26 1849 2412 2045 2692
10375 4 2 5 26 913 1139 1149 2697
10376 4 2 5 26 1839 2053 2596 2658
10377 4 2 5 26 948 1287 957 2154
10378 4 2 5 26 1083 1084 2597 2650
10379 4 2 5 26 2202 2507 1888 2641
10380 4 2 5 26 1324 977 1375 2593
10381 4 2 5 26 877 878 876 2338
10382 4 2 5 26 1428 1417 1419 2392
10383 4 2 5 26 1327 2375 939 2638
10384 4 2 5 26 1370 382 945 2170
10385 4 2 5 26 1612 1621 1620 2331
10386 4 2 5 26 1332 1333 1176 2562
10387 4 2 5 26 1554 1584 1027 2600
10388 4 2 5 26 2177 2490 1850 2575
10389 4 2 5 26 917 912 911 2351
10390 4 2 5 26 90 2171 1672 2335
10391 4 2 5 26 1816 2187 2382 2669
10392 4 2 5 26 1442 1000 999 2460
10393 4 2 5 26 85 424 1686 2271
10394 4 2 5 26 2003 2081 2400 2702
10395 4 2 5 26 1301 1245 1056 2285
10396 4 2 5 26 2167 1854 2552 2748
10397 4 2 5 26 1884 2040 2539 2717
10398 4 2 5 26 1485 1071 1070 2415
10399 4 2 5 26 986 1322 984 2427
10400 4 2 5 26 1436 1402 1401 2313
10401 4 2 5 26 1907 2548 2186 2662
10402 4 2 5 26 1631 1606 1628 2279
10403 4 2 5 26 1605 2385 2454 2753
10404 4 2 5 26 2335 2405 1703 2632
10405 4 2 5 26 2075 2569 1789 2747
10406 4 2 5 26 1081 1076 1075 2309
10407 4 2 5 26 1076 1074 1075 2377
10408 4 2 5 26 2121 2125 1604 2634
10409 4 2 5 26 1005 1496 1316 2325
10410 4 2 5 26 1374 1384 1547 2169
10411 4 2 5 26 1041 1972 1042 2696
10412 4 2 5 26 1097 1098 1096 2661
10413 4 2 5 26 1816 2382 2246 2669
10414 4 2 5 26 1010 2608 1009 2633
10415 4 2 5 26 1601 1268 1350 2731
10416 4 2 5 26 1115 1174 1176 2614
10417 4 2 5 26 930 2176 931 2755
10418 4 2 5 26 1569 1153 2256 2612
10419 4 2 5 26 1696 1695 2333 2601
10420 4 2 5 26 1605 1944 2385 2753
10421 4 2 5 26 1384 1182 1547 2520
10422 4 2 5 26 2107 2474 1821 2695
10423 4 2 5 26 410 75 2027 2355
10424 4 2 5 26 1962 2401 2104 2664
10425 4 2 5 26 1320 978 1321 2274
10426 4 2 5 26 1445 890 1444 2643
10427 4 2 5 26 1642 1643 1621 2613
10428 4 2 5 26 1618 1682 2335 2472
10429 4 2 5 26 1167 1260 1157 2375
10430 4 2 5 26 1488 1206 1524 2578
10431 4 2 5 26 1963 2023 2519 2700
10432 4 2 5 26 1601 2113 1268 2731
10433 4 2 5 26 410 2355 1645 2574
10434 4 2 5 26 1753 2448 2588 2694
10435 4 2 5 26 1475 2480 1510 2620
10436 4 2 5 26 397 1323 1545 2210
10437 4 2 5 26 2002 2350 2317 2571
10438 4 2 5 26 1602 2520 1384 2682
10439 4 2 5 26 1866 2517 2125 2634
10440 4 2 5 26 1897 2269 2377 2479
10441 4 2 5 26 1296 1302 1233 2211
10442 4 2 5 26 417 2335 1682 2471
10443 4 2 5 26 2135 1851 2566 2651
10444 4 2 5 26 2378 2548 1999 2662
10445 4 2 5 26 1484 1557 1434 2673
10446 4 2 5 26 2088 2684 2387 2749
10447 4 2 5 26 1648 1625 1626 2255
10448 4 2 5 26 1118 2266 1227 2643
10449 4 2 5 26 1561 1489 1471 2124
10450 4 2 5 26 1618 1672 2171 2335
10451 4 2 5 26 1806 2596 2196 2620
10452 4 2 5 26 1673 1681 1680 2681
10453 4 2 5 26 1883 2171 2345 2632
10454 4 2 5 26 1804 2430 2327 2639
10455 4 2 5 26 1236 996 995 2300
10456 4 2 5 26 1406 1541 1289 2573
10457 4 2 5 26 1341 1571 1125 2487
10458 4 2 5 26 1815 2171 1973 2345
10459 4 2 5 26 1751 2649 2496 2687
10460 4 2 5 26 1767 2322 2248 2746
10461 4 2 5 26 1880 2411 2412 2433
10462 4 2 5 26 2129 2604 1815 2652
10463 4 2 5 26 1944 2158 1970 2753
10464 4 2 5 26 1126 1340 1310 2461
10465 4 2 5 26 1476 1039 2047 2744
10466 4 2 5 26 1752 2228 2492 2701
10467 4 2 5 26 1488 2188 1422 2578
10468 4 2 5 26 427 428 1706 2463
10469 4 2 5 26 957 958 948 2666
10470 4 2 5 26 2157 2672 2082 2728
10471 4 2 5 26 1269 1585 1142 2609
10472 4 2 5 26 1022 1172 1020 2189
10473 4 2 5 26 1884 2393 2184 2398
10474 4 2 5 26 1596 2361 1208 2554
10475 4 2 5 26 1769 2062 2493 2679
10476 4 2 5 26 1598 1358 1367 2502
10477 4 2 5 26 1190 1175 1115 2291
10478 4 2 5 26 1913 2432 2623 2647
10479 4 2 5 26 950 1261 1167 2302
10480 4 2 5 26 424 2271 85 2654
10481 4 2 5 26 1463 1101 1464 2583
10482 4 2 5 26 1324 2374 1412 2593
10483 4 2 5 26 1928 2238 2426 2479
10484 4 2 5 26 400 399 1408 2523
10485 4 2 5 26 1114 1115 1176 2562
10486 4 2 5 26 872 1030 1243 2216
10487 4 2 5 26 1501 2320 1582 2724
10488 4 2 5 26 1051 1050 1044 2752
10489 4 2 5 26 1397 1360 1178 2106
10490 4 2 5 26 1345 1336 1349 2556
10491 4 2 5 26 1300 1298 1299 2233
10492 4 2 5 26 2114 2613 1644 2736
10493 4 2 5 26 1155 1584 1551 2284
10494 4 2 5 26 912 1139 2351 2697
10495 4 2 5 26 1250 1282 2250 2699
10496 4 2 5 26 1238 2468 1136 2573
10497 4 2 5 26 1611 1612 1614 2386
10498 4 2 5 26 2070 1888 2455 2715
10499 4 2 5 26 1850 2283 2470 2642
10500 4 2 5 26 1610 2544 2217 2729
10501 4 2 5 26 1306 998 996 2039
10502 4 2 5 26 1122 1121 1126 2461
10503 4 2 5 26 2104 2586 1962 2664
10504 4 2 5 26 1374 992 1372 2459
10505 4 2 5 26 1573 2305 1590 2554
10506 4 2 5 26 1161 1516 1461 2367
10507 4 2 5 26 1197 1198 1139 2697
10508 4 2 5 26 1159 1255 951 2238
10509 4 2 5 26 1048 1045 1047 2140
10510 4 2 5 26 1503 900 899 2584
10511 4 2 5 26 1383 2467 1014 2510
10512 4 2 5 26 1861 2191 2651 2709
10513 4 2 5 26 1207 1499 1286 2738
10514 4 2 5 26 1086 1084 1087 2290
10515 4 2 5 26 426 83 1695 1644
10516 4 2 5 26 1902 2458 2435 2551
10517 4 2 5 26 961 963 1442 2460
10518 4 2 5 26 1849 2412 2411 2433
10519 4 2 5 26 1643 1620 1621 2517
10520 4 2 5 26 1762 2330 2262 2626
10521 4 2 5 26 2248 2680 1767 2746
10522 4 2 5 26 1861 2082 2672 2728
10523 4 2 5 26 1577 1402 1194 2313
10524 4 2 5 26 1931 2416 2181 2674
10525 4 2 5 26 972 2409 1185 2675
10526 4 2 5 26 1555 1483 1110 2132
10527 4 2 5 26 2416 2424 2181 2674
10528 4 2 5 26 1203 1572 1573 2723
10529 4 2 5 26 1312 1250 1249 2250
10530 4 2 5 26 2072 2533 2201 2704
10531 4 2 5 26 1582 1501 1307 2320
10532 4 2 5 26 2075 2371 1923 2569
10533 4 2 5 26 1161 1516 2367 2703
10534 4 2 5 26 1469 395 396 2153
10535 4 2 5 26 1489 2357 1206 2578
10536 4 2 5 26 2175 2295 1927 2522
10537 4 2 5 26 1033 1032 1369 2616
10538 4 2 5 26 1862 2093 2383 2532
10539 4 2 5 26 1519 1518 983 2692
10540 4 2 5 26 1753 2152 2448 2694
10541 4 2 5 26 1034 1412 952 2347
10542 4 2 5 26 1452 1279 1443 2501
10543 4 2 5 26 951 950 1159 2302
10544 4 2 5 26 1654 1624 1622 2664
10545 4 2 5 26 1767 2516 2281 2680
10546 4 2 5 26 1776 2337 2737 2743
10547 4 2 5 26 1529 1527 1525 2606
10548 4 2 5 26 1614 2472 2091 2726
10549 4 2 5 26 1155 1156 1027 2284
10550 4 2 5 26 1021 1578 1405 2197
10551 4 2 5 26 1411 921 1224 2674
10552 4 2 5 26 1157 1327 1166 2375
10553 4 2 5 26 1873 2282 2277 2727
10554 4 2 5 26 75 1694 2027 2355
10555 4 2 5 26 1508 1506 1507 2531
10556 4 2 5 26 1413 1589 1284 2393
10557 4 2 5 26 1754 2557 2372 2707
10558 4 2 5 26 1537 1431 991 2668
10559 4 2 5 26 1497 1341 1031 2616
10560 4 2 5 26 1295 1105 1104 2466
10561 4 2 5 26 1464 2257 1465 2583
10562 4 2 5 26 1326 1586 1138 2675
10563 4 2 5 26 1572 1592 1573 2723
10564 4 2 5 26 1430 1493 1344 2663
10565 4 2 5 26 1915 2125 2395 2726
10566 4 2 5 26 1544 1388 1389 2641
10567 4 2 5 26 2149 2486 1902 2755
10568 4 2 5 26 1944 2454 1970 2559
10569 4 2 5 26 1378 1280 2564 2666
10570 4 2 5 26 979 1494 1318 2630
10571 4 2 5 26 1455 1056 1454 2370
10572 4 2 5 26 1941 2622 2034 2645
10573 4 2 5 26 1602 2392 2520 2682
10574 4 2 5 26 1938 2685 2185 2735
10575 4 2 5 26 1047 1505 1017 2537
10576 4 2 5 26 1467 1468 1466 2589
10577 4 2 5 26 1198 1029 1149 2379
10578 4 2 5 26 1600 1186 1540 2591
10579 4 2 5 26 1370 945 1396 2170
10580 4 2 5 26 877 887 1568 2338
10581 4 2 5 26 1617 2388 1616 2530
10582 4 2 5 26 382 943 945 2598
10583 4 2 5 26 1025 1391 1390 2122
10584 4 2 5 26 912 1139 913 2351
10585 4 2 5 26 1652 1649 1650 2174
10586 4 2 5 26 1342 1195 1343 2663
10587 4 2 5 26 2506 2523 1002 2568
10588 4 2 5 26 1944 1970 2454 2753
10589 4 2 5 26 1210 1211 1106 2397
10590 4 2 5 26 2125 2538 1866 2634
10591 4 2 5 26 1314 1325 1315 2296
10592 4 2 5 26 1150 1362 1495 2552
10593 4 2 5 26 1754 2372 2369 2707
10594 4 2 5 26 1060 1569 1153 2256
10595 4 2 5 26 1393 1479 2272 2642
10596 4 2 5 26 1589 1364 1459 2393
10597 4 2 5 26 1181 2163 1601 2731
10598 4 2 5 26 1790 2435 2458 2551
10599 4 2 5 26 965 1438 390 2275
10600 4 2 5 26 1858 2426 2238 2512
10601 4 2 5 26 1161 1008 1131 2608
10602 4 2 5 26 1095 1093 1094 2368
10603 4 2 5 26 1128 1341 1497 2299
10604 4 2 5 26 1161 2482 1160 2703
10605 4 2 5 26 1595 1090 1600 2267
10606 4 2 5 26 1118 1227 890 2643
10607 4 2 5 26 1832 2592 2162 2690
10608 4 2 5 26 1337 1214 1348 2556
10609 4 2 5 26 1124 1171 1156 2110
10610 4 2 5 26 1005 1004 1007 2576
10611 4 2 5 26 927 1354 1471 2494
10612 4 2 5 26 1029 1028 1150 2379
10613 4 2 5 26 1283 1284 929 2546
10614 4 2 5 26 2270 2271 1874 2601
10615 4 2 5 26 1378 1448 1450 2564
10616 4 2 5 26 1244 1563 1380 2489
10617 4 2 5 26 1198 1149 1139 2697
10618 4 2 5 26 2117 1864 2483 2607
10619 4 2 5 26 1532 1372 994 2245
10620 4 2 5 26 1003 1002 2523 2568
10621 4 2 5 26 1866 2538 2125 2740
10622 4 2 5 26 1008 1461 1563 2367
10623 4 2 5 26 1667 1692 80 2475
10624 4 2 5 26 1508 1509 1528 2535
10625 4 2 5 26 1125 1170 1124 2487
10626 4 2 5 26 1575 1520 2176 2561
10627 4 2 5 26 1189 1292 1269 2688
10628 4 2 5 26 1670 2129 2391 2728
10629 4 2 5 26 1240 1241 1041 2696
10630 4 2 5 26 1252 2285 1245 2631
10631 4 2 5 26 1578 1021 1427 2273
10632 4 2 5 26 1200 1199 2192 2731
10633 4 2 5 26 88 1650 2350 2571
10634 4 2 5 26 1369 1032 1481 2326
10635 4 2 5 26 931 930 1520 2176
10636 4 2 5 26 1557 1558 1556 2673
10637 4 2 5 26 2569 2687 1789 2747
10638 4 2 5 26 919 920 921 2618
10639 4 2 5 26 2134 2412 1849 2754
10640 4 2 5 26 982 2243 914 2754
10641 4 2 5 26 1542 2283 1382 2642
10642 4 2 5 26 1062 392 391 2399
10643 4 2 5 26 1019 993 992 2485
10644 4 2 5 26 1516 1163 2193 2703
10645 4 2 5 26 1860 2096 2444 2737
10646 4 2 5 26 2196 2596 2047 2620
10647 4 2 5 26 1848 2564 2402 2666
10648 4 2 5 26 1641 2207 1633 2544
10649 4 2 5 26 1395 1391 1025 2122
10650 4 2 5 26 894 910 1458 2356
10651 4 2 5 26 2426 2522 2013 2734
10652 4 2 5 26 1359 2502 1332 2614
10653 4 2 5 26 1340 1339 1579 2311
10654 4 2 5 26 1067 1038 1040 2342
10655 4 2 5 26 1346 1033 1369 2208
10656 4 2 5 26 1437 2363 1204 2635
10657 4 2 5 26 1112 892 904 2420
10658 4 2 5 26 1178 1179 1177 2541
10659 4 2 5 26 2096 1860 2444 2534
10660 4 2 5 26 1205 1206 1489 2357
10661 4 2 5 26 1436 1297 1194 2706
10662 4 2 5 26 417 1702 2405 2471
10663 4 2 5 26 902 878 879 2099
10664 4 2 5 26 1035 952 949 2347
10665 4 2 5 26 1175 1420 1174 2291
10666 4 2 5 26 941 940 1518 2412
10667 4 2 5 26 1268 1585 1269 2688
10668 4 2 5 26 2248 2322 2032 2746
10669 4 2 5 26 940 1264 982 2754
10670 4 2 5 26 1427 1334 1187 2526
10671 4 2 5 26 1009 1242 1011 2633
10672 4 2 5 26 980 1126 1310 2491
10673 4 2 5 26 1205 920 919 2357
10674 4 2 5 26 2369 2372 2071 2707
10675 4 2 5 26 428 427 2345 2463
10676 4 2 5 26 1387 916 2251 2692
10677 4 2 5 26 1050 1113 1114 2289
10678 4 2 5 26 1821 2278 2602 2695
10679 4 2 5 26 388 902 965 2714
10680 4 2 5 26 1572 1203 970 2723
10681 4 2 5 26 386 1447 973 2294
10682 4 2 5 26 1860 2096 2737 2743
10683 4 2 5 26 1746 2262 2241 2725
10684 4 2 5 26 1346 1378 1033 2208
10685 4 2 5 26 1183 988 1184 2378
10686 4 2 5 26 390 389 965 2714
10687 4 2 5 26 1102 1516 1163 2193
10688 4 2 5 26 989 988 1123 2378
10689 4 2 5 26 1501 911 1500 2724
10690 4 2 5 26 398 399 1409 2151
10691 4 2 5 26 1048 1047 1017 2140
10692 4 2 5 26 2238 2479 1951 2512
10693 4 2 5 26 1579 968 1237 2704
10694 4 2 5 26 1424 1425 1328 2349
10695 4 2 5 26 995 996 997 2300
10696 4 2 5 26 388 387 903 2321
10697 4 2 5 26 1659 1658 1657 2225
10698 4 2 5 26 939 940 941 2134
10699 4 2 5 26 1358 1360 1332 2106
10700 4 2 5 26 2419 2592 2020 2690
10701 4 2 5 26 2114 2613 2550 2665
10702 4 2 5 26 1903 2226 2476 2572
10703 4 2 5 26 1509 1527 1528 2535
10704 4 2 5 26 2208 2564 1848 2666
10705 4 2 5 26 1152 971 1202 2409
10706 4 2 5 26 1651 88 1650 2350
10707 4 2 5 26 1302 1219 1233 2211
10708 4 2 5 26 1052 1193 1226 2329
10709 4 2 5 26 421 2158 422 2344
10710 4 2 5 26 2042 1847 2503 2628
10711 4 2 5 26 899 1164 1391 2584
10712 4 2 5 26 1553 1510 1151 2108
10713 4 2 5 26 1478 1488 1524 2195
10714 4 2 5 26 1145 1337 900 2203
10715 4 2 5 26 1006 1004 1005 2576
10716 4 2 5 26 1096 1486 1108 2661
10717 4 2 5 26 2222 2432 1913 2647
10718 4 2 5 26 1610 2226 2544 2729
10719 4 2 5 26 1378 1346 1280 2666
10720 4 2 5 26 1767 2162 2637 2658
10721 4 2 5 26 940 1518 2412 2754
10722 4 2 5 26 1851 2438 2191 2651
10723 4 2 5 26 1177 1179 1181 2163
10724 4 2 5 26 1888 2507 2148 2641
10725 4 2 5 26 1030 872 885 2216
10726 4 2 5 26 1690 420 1684 2579
10727 4 2 5 26 1299 1111 1300 2233
10728 4 2 5 26 1145 1147 1146 2407
10729 4 2 5 26 1634 1604 1620 2634
10730 4 2 5 26 1362 1150 1361 2552
10731 4 2 5 26 1413 1284 1286 2738
10732 4 2 5 26 1795 2459 2245 2485
10733 4 2 5 26 1384 1602 1182 2520
10734 4 2 5 26 1633 1630 1610 2544
10735 4 2 5 26 2079 2441 2241 2711
10736 4 2 5 26 1353 1470 1471 2527
10737 4 2 5 26 1697 413 1698 2333
10738 4 2 5 26 1457 1456 1386 2428
10739 4 2 5 26 1533 1382 1542 2283
10740 4 2 5 26 1365 397 1410 2213
10741 4 2 5 26 1280 957 1281 2666
10742 4 2 5 26 1085 1083 1084 2597
10743 4 2 5 26 1180 1398 1177 2515
10744 4 2 5 26 1854 2588 2274 2713
10745 4 2 5 26 1034 1324 1412 2593
10746 4 2 5 26 397 1365 1466 2589
10747 4 2 5 26 1024 1405 1095 2368
10748 4 2 5 26 1789 2569 1923 2720
10749 4 2 5 26 1889 2531 2540 2741
10750 4 2 5 26 1463 1130 1007 2583
10751 4 2 5 26 1089 1088 1578 2273
10752 4 2 5 26 1569 2434 1553 2612
10753 4 2 5 26 1562 1437 1204 2635
10754 4 2 5 26 1257 1256 1141 2417
10755 4 2 5 26 1553 2434 1559 2620
10756 4 2 5 26 1371 1464 1101 2662
10757 4 2 5 26 916 915 1100 2251
10758 4 2 5 26 1560 1569 1570 2434
10759 4 2 5 26 1182 1049 1046 2520
10760 4 2 5 26 2026 2328 2301 2732
10761 4 2 5 26 2442 2569 1988 2720
10762 4 2 5 26 1092 1224 1492 2674
10763 4 2 5 26 1030 1247 1246 2631
10764 4 2 5 26 2226 2476 1904 2722
10765 4 2 5 26 1416 1425 1436 2706
10766 4 2 5 26 1614 2472 1618 2530
10767 4 2 5 26 1132 1344 1493 2123
10768 4 2 5 26 986 1331 1322 2427
10769 4 2 5 26 1001 986 999 2427
10770 4 2 5 26 1854 2219 2588 2713
10771 4 2 5 26 1127 1131 1010 2608
10772 4 2 5 26 1607 1625 1609 2572
10773 4 2 5 26 1498 1208 1207 2361
10774 4 2 5 26 909 1393 1479 2272
10775 4 2 5 26 1289 1238 1136 2573
10776 4 2 5 26 964 962 1271 2236
10777 4 2 5 26 1320 1171 979 2630
10778 4 2 5 26 1402 1436 1194 2313
10779 4 2 5 26 1043 2439 1593 2696
10780 4 2 5 26 1619 2472 1614 2726
10781 4 2 5 26 1351 1325 1184 2296
10782 4 2 5 26 1161 1162 1160 2482
10783 4 2 5 26 1575 1520 930 2176
10784 4 2 5 26 1351 988 987 2186
10785 4 2 5 26 2087 2470 2283 2642
10786 4 2 5 26 1751 2339 2137 2653
10787 4 2 5 26 1646 2027 401 2437
10788 4 2 5 26 2244 2523 1832 2568
10789 4 2 5 26 1534 1322 1331 2524
10790 4 2 5 26 428 2345 427 2632
10791 4 2 5 26 1078 2609 1585 2657
10792 4 2 5 26 1434 1435 1483 2287
10793 4 2 5 26 426 2665 2094 2705
10794 4 2 5 26 1164 2377 1082 2563
10795 4 2 5 26 1572 1368 1592 2723
10796 4 2 5 26 936 2506 1002 2568
10797 4 2 5 26 2444 2534 1860 2664
10798 4 2 5 26 76 1637 1632 2199
10799 4 2 5 26 1883 2405 2335 2632
10800 4 2 5 26 998 1502 1495 2223
10801 4 2 5 26 1072 938 1069 2415
10802 4 2 5 26 1352 1383 1382 2467
10803 4 2 5 26 1475 1039 1510 2480
10804 4 2 5 26 2062 2503 1847 2628
10805 4 2 5 26 1567 1581 1158 2242
10806 4 2 5 26 2137 2339 1896 2653
10807 4 2 5 26 1785 2686 2408 2730
10808 4 2 5 26 2186 2548 2378 2662
10809 4 2 5 26 1514 1112 904 2420
10810 4 2 5 26 1821 2602 2107 2695
10811 4 2 5 26 876 888 887 2338
10812 4 2 5 26 1507 1509 1508 2535
10813 4 2 5 26 1688 1683 415 2143
10814 4 2 5 26 2107 2602 2498 2695
10815 4 2 5 26 1516 1102 1548 2193
10816 4 2 5 26 1609 407 406 2293
10817 4 2 5 26 1073 73 897 2244
10818 4 2 5 26 1536 977 974 2090
10819 4 2 5 26 1610 1629 1639 2729
10820 4 2 5 26 1387 1386 1519 2692
10821 4 2 5 26 1065 1038 1067 2342
10822 4 2 5 26 933 1439 932 2755
10823 4 2 5 26 1499 1212 1384 2682
10824 4 2 5 26 1704 2405 2214 2632
10825 4 2 5 26 2234 1975 2636 2667
10826 4 2 5 26 2258 2567 1867 2603
10827 4 2 5 26 1167 1159 950 2302
10828 4 2 5 26 2137 2339 2306 2745
10829 4 2 5 26 1617 1616 1618 2530
10830 4 2 5 26 1596 1209 1208 2361
10831 4 2 5 26 1263 918 914 2243
10832 4 2 5 26 1529 1525 1147 2606
10833 4 2 5 26 1641 1640 1633 2207
10834 4 2 5 26 1951 2377 2269 2479
10835 4 2 5 26 1438 965 879 2275
10836 4 2 5 26 1444 1452 1443 2202
10837 4 2 5 26 425 2270 424 2655
10838 4 2 5 26 78 1662 404 419
10839 4 2 5 26 1392 1509 1507 2535
10840 4 2 5 26 1345 1293 1336 2221
10841 4 2 5 26 1649 1670 1651 2391
10842 4 2 5 26 1926 2395 2125 2726
10843 4 2 5 26 1459 925 924 2141
10844 4 2 5 26 2412 2692 1849 2754
10845 4 2 5 26 425 1699 426 2655
10846 4 2 5 26 1470 954 1472 2527
10847 4 2 5 26 1172 1022 1173 2189
10848 4 2 5 26 1368 1572 970 2723
10849 4 2 5 26 1154 1151 1510 2108
10850 4 2 5 26 1342 1344 1419 2663
10851 4 2 5 26 1613 1612 1611 2386
10852 4 2 5 26 1568 991 1440 2511
10853 4 2 5 26 1646 401 1677 2437
10854 4 2 5 26 1268 1601 1585 2113
10855 4 2 5 26 936 1002 1003 2568
10856 4 2 5 26 1320 1361 1566 2274
10857 4 2 5 26 1302 1423 1087 2290
10858 4 2 5 26 1373 1372 1532 2459
10859 4 2 5 26 1200 1199 1127 2192
10860 4 2 5 26 1937 2494 2467 2693
10861 4 2 5 26 874 1036 886 2402
10862 4 2 5 26 2175 2522 2297 2734
10863 4 2 5 26 1478 2195 1091 2744
10864 4 2 5 26 399 1545 1285 2477
10865 4 2 5 26 1613 1611 2371 2386
10866 4 2 5 26 974 1535 1536 2090
10867 4 2 5 26 1564 1336 1293 2221
10868 4 2 5 26 1147 1525 1482 2606
10869 4 2 5 26 1036 875 1448 2564
10870 4 2 5 26 1366 1228 1230 2312
10871 4 2 5 26 2018 2569 2075 2747
10872 4 2 5 26 1352 1012 1014 2467
10873 4 2 5 26 1601 1181 1179 2163
10874 4 2 5 26 82 1684 420 2209
10875 4 2 5 26 1579 1339 968 2311
10876 4 2 5 26 1479 907 909 2272
10877 4 2 5 26 1010 1008 1009 2608
10878 4 2 5 26 1137 1078 1080 2657
10879 4 2 5 26 873 1301 1317 2656
10880 4 2 5 26 1603 87 432 2205
10881 4 2 5 26 971 1185 972 2409
10882 4 2 5 26 1245 1252 1057 2285
10883 4 2 5 26 1597 1480 1584 2600
10884 4 2 5 26 1885 2588 2219 2713
10885 4 2 5 26 1645 410 75 2027
10886 4 2 5 26 1400 2374 1324 2700
10887 4 2 5 26 1593 1265 1398 2439
10888 4 2 5 26 1604 1634 1603 2634
10889 4 2 5 26 1938 2528 2499 2735
10890 4 2 5 26 389 1016 388 2714
10891 4 2 5 26 1033 1031 1032 2616
10892 4 2 5 26 1001 1331 986 2427
10893 4 2 5 26 1394 1482 1525 2606
10894 4 2 5 26 1397 1332 1360 2106
10895 4 2 5 26 88 1683 1650 2571
10896 4 2 5 26 1252 1246 1192 2631
10897 4 2 5 26 1361 1320 1321 2274
10898 4 2 5 26 1821 2278 2695 2710
10899 4 2 5 26 1365 1410 1363 2213
10900 4 2 5 26 1043 1593 1242 2696
10901 4 2 5 26 1686 1660 1669 2400
10902 4 2 5 26 1077 1076 1081 2309
10903 4 2 5 26 1050 1114 1335 2562
10904 4 2 5 26 2478 2609 1979 2657
10905 4 2 5 26 1691 1664 1659 2644
10906 4 2 5 26 1084 1086 1085 2597
10907 4 2 5 26 1250 2250 1026 2699
10908 4 2 5 26 1704 1703 2405 2632
10909 4 2 5 26 1212 1207 1209 2361
10910 4 2 5 26 1602 2392 1428 2520
10911 4 2 5 26 1190 1115 1113 2289
10912 4 2 5 26 1674 1676 1675 2314
10913 4 2 5 26 1673 1680 1617 2318
10914 4 2 5 26 1327 1264 939 2375
10915 4 2 5 26 1450 1497 1033 2616
10916 4 2 5 26 1619 1612 1620 2726
10917 4 2 5 26 1256 1134 1141 2417
10918 4 2 5 26 1659 1664 1669 2644
10919 4 2 5 26 954 955 953 2315
10920 4 2 5 26 1614 1618 1616 2530
10921 4 2 5 26 1644 426 83 2665
10922 4 2 5 26 1820 2520 2392 2682
10923 4 2 5 26 85 413 1686 1696
10924 4 2 5 26 420 409 1690 1684
10925 4 2 5 26 1571 1341 1130 2299
10926 4 2 5 26 1530 1532 994 2245
10927 4 2 5 26 1469 1466 1468 2589
10928 4 2 5 26 387 973 903 2321
10929 4 2 5 26 1475 1510 1553 2620
10930 4 2 5 26 963 1000 1442 2460
10931 4 2 5 26 1234 1309 1237 2704
10932 4 2 5 26 1136 1232 1289 2573
10933 4 2 5 26 883 1222 1314 2484
10934 4 2 5 26 966 1296 967 2473
10935 4 2 5 26 2274 2588 1885 2713
10936 4 2 5 26 385 1447 386 2294
10937 4 2 5 26 1020 1427 1021 2526
10938 4 2 5 26 1273 1293 1295 2466
10939 4 2 5 26 914 982 1263 2243
10940 4 2 5 26 1358 1332 1359 2502
10941 4 2 5 26 1548 1007 1004 2576
10942 4 2 5 26 1649 1670 2391 2728
10943 4 2 5 26 1589 1459 924 2393
10944 4 2 5 26 974 977 975 2593
10945 4 2 5 26 1062 391 1063 2399
10946 4 2 5 26 895 1276 1277 2587
10947 4 2 5 26 1654 1684 82 2209
10948 4 2 5 26 1614 1619 1682 2472
10949 4 2 5 26 1128 1130 1341 2299
10950 4 2 5 26 1158 1581 1254 2242
10951 4 2 5 26 929 924 923 2546
10952 4 2 5 26 2214 2405 1883 2632
10953 4 2 5 26 1200 1181 1601 2731
10954 4 2 5 26 1337 901 900 2203
10955 4 2 5 26 1556 1534 1526 2524
10956 4 2 5 26 1142 1078 1143 2609
10957 4 2 5 26 1315 1162 1313 2482
10958 4 2 5 26 1165 2151 399 2523
10959 4 2 5 26 417 1703 1618 2335
10960 4 2 5 26 1071 1069 1070 2415
10961 4 2 5 26 1618 1703 90 2335
10962 4 2 5 26 1078 1142 1585 2609
10963 4 2 5 26 1628 1616 1617 2388
10964 4 2 5 26 1698 411 1695 413
10965 4 2 5 26 1338 1340 1121 2461
10966 4 2 5 26 2467 2494 2028 2693
10967 4 2 5 26 1533 1473 1382 2283
10968 4 2 5 26 1325 1351 1315 2296
10969 4 2 5 26 2339 1751 2649 2653
10970 4 2 5 26 1145 1144 1214 2407
10971 4 2 5 26 894 1458 961 2356
10972 4 2 5 26 1021 1405 1023 2197
10973 4 2 5 26 1004 1006 1462 2576
10974 4 2 5 26 1832 2523 2506 2568
10975 4 2 5 26 1113 1115 1114 2289
10976 4 2 5 26 1557 1484 1558 2673
10977 4 2 5 26 1212 1209 1385 2682
10978 4 2 5 26 1463 1464 1465 2583
10979 4 2 5 26 1510 1039 1038 2480
10980 4 2 5 26 1425 1329 1328 2349
10981 4 2 5 26 1602 1385 2392 2682
10982 4 2 5 26 982 914 983 2754
10983 4 2 5 26 1075 1074 1082 2377
10984 4 2 5 26 1859 2680 2248 2746
10985 4 2 5 26 1403 1241 1274 2358
10986 4 2 5 26 1262 1400 918 2374
10987 4 2 5 26 1589 924 1284 2393
10988 4 2 5 26 1100 1387 916 2251
10989 4 2 5 26 1441 1417 1385 2392
10990 4 2 5 26 1039 1038 2480 2744
10991 4 2 5 26 1164 1075 1082 2377
10992 4 2 5 26 1508 1093 1506 2531
10993 4 2 5 26 1696 425 1695 2601
10994 4 2 5 26 1495 1502 1148 2223
10995 4 2 5 26 1416 1329 1425 2349
10996 4 2 5 26 896 1248 1073 2510
10997 4 2 5 26 1930 2683 2441 2711
10998 4 2 5 26 1435 1482 1483 2287
10999 4 2 5 26 1132 1047 1049 2537
11000 4 2 5 26 1175 1174 1115 2291
11001 4 2 5 26 1218 922 1059 2618
11002 4 2 5 26 1607 1609 1608 2572
11003 4 2 5 26 1125 1571 1170 2487
11004 4 2 5 26 1004 1462 1548 2576
11005 4 2 5 26 911 1501 917 2724
11006 4 2 5 26 1423 1086 1087 2290
11007 4 2 5 26 1481 1032 1480 2326
11008 4 2 5 26 1554 1575 1597 2600
11009 4 2 5 26 935 1201 934 2340
11010 4 2 5 26 1065 1066 1064 2450
11011 4 2 5 26 1352 1014 1383 2467
11012 4 2 5 26 1037 1478 1091 2744
11013 4 2 5 26 1195 1418 1196 2316
11014 4 2 5 26 1521 1197 941 2561
11015 4 2 5 26 1050 1335 1055 2752
11016 4 2 5 26 2271 2601 2270 2654
11017 4 2 5 26 1897 2479 2377 2563
11018 4 2 5 26 408 1689 79 2708
11019 4 2 5 26 1704 428 1703 2632
11020 4 2 5 26 891 1445 1298 2543
11021 4 2 5 26 1622 1655 1654 2664
11022 4 2 5 26 1354 926 1012 2494
11023 4 2 5 26 1168 1053 1226 2329
11024 4 2 5 26 1365 1467 1466 2589
11025 4 2 5 26 1227 1118 1119 2266
11026 4 2 5 26 1008 1161 1461 2367
11027 4 2 5 26 958 1439 948 2549
11028 4 2 5 26 930 931 932 2755
11029 4 2 5 26 89 430 1702 2471
11030 4 2 5 26 1390 1391 1164 2563
11031 4 2 5 26 1307 1312 1582 2320
11032 4 2 5 26 980 978 979 2491
11033 4 2 5 26 1010 1011 1117 2633
11034 4 2 5 26 1199 1231 1127 2192
11035 4 2 5 26 1080 1079 1599 2657
11036 4 2 5 26 917 1166 1327 2638
11037 4 2 5 26 983 916 1519 2692
11038 4 2 5 26 1058 1274 1241 2358
11039 4 2 5 26 1522 1573 1590 2554
11040 4 2 5 26 1359 1367 1358 2502
11041 4 2 5 26 2018 2687 2569 2747
11042 4 2 5 26 1506 1090 1543 2531
11043 4 2 5 26 1561 1562 1205 2635
11044 4 2 5 26 1109 1279 1107 2501
11045 4 2 5 26 1578 1427 1089 2273
11046 4 2 5 26 1623 1627 1622 2444
11047 4 2 5 26 875 873 1316 2656
11048 4 2 5 26 1299 1443 1109 2501
11049 4 2 5 26 1372 992 994 2485
11050 4 2 5 26 1398 1397 1177 2515
11051 4 2 5 26 1605 2385 1685 2454
11052 4 2 5 26 1649 1678 1670 2728
11053 4 2 5 26 2385 2454 1944 2559
11054 4 2 5 26 1183 1121 1123 2378
11055 4 2 5 26 1452 1544 1279 2641
11056 4 2 5 26 1140 1136 1238 2468
11057 4 2 5 26 1359 1332 1176 2614
11058 4 2 5 26 1061 1437 1406 2363
11059 4 2 5 26 1316 1317 1379 2656
11060 4 2 5 26 1398 1376 1397 2515
11061 4 2 5 26 1496 1449 1316 2325
11062 4 2 5 26 926 1354 927 2494
11063 4 2 5 26 1157 1260 1264 2375
11064 4 2 5 26 1642 83 1640 2665
11065 4 2 5 26 1064 1154 1065 2450
11066 4 2 5 26 1061 1204 1437 2363
11067 4 2 5 26 74 886 1281 2402
11068 4 2 5 26 1253 1390 1082 2563
11069 4 2 5 26 413 86 1685 1697
11070 4 2 5 26 1789 2687 2569 2720
11071 4 2 5 26 1879 2550 2114 2613
11072 4 2 5 26 1266 1269 1292 2688
11073 4 2 5 26 1464 1318 1494 2257
11074 4 2 5 26 1275 1215 1098 2661
11075 4 2 5 26 1705 1604 89 416
11076 4 2 5 26 1280 1036 1378 2564
11077 4 2 5 26 1245 1030 1246 2631
11078 4 2 5 26 1052 1226 1053 2329
11079 4 2 5 26 1029 1150 1149 2379
11080 4 2 5 26 2134 2638 2375 2733
11081 4 2 5 26 1573 1592 1590 2305
11082 4 2 5 26 1069 1071 1072 2415
11083 4 2 5 26 1217 1087 1084 2650
11084 4 2 5 26 423 1698 84 2736
11085 4 2 5 26 1024 1095 1094 2368
11086 4 2 5 26 1618 90 1672 2335
11087 4 2 5 26 1040 1549 1399 2424
11088 4 2 5 26 1381 1244 1380 2489
11089 4 2 5 26 1260 1261 1262 2373
11090 4 2 5 26 1291 1436 1425 2706
11091 4 2 5 26 1155 1027 1584 2284
11092 4 2 5 26 1202 1201 935 2340
11093 4 2 5 26 1130 1463 1465 2583
11094 4 2 5 26 1387 1519 916 2692
11095 4 2 5 26 420 1693 2483 2579
11096 4 2 5 26 1068 895 1063 2332
11097 4 2 5 26 397 1466 396 2589
11098 4 2 5 26 979 981 980 2491
11099 4 2 5 26 1295 1104 1273 2466
11100 4 2 5 26 1232 1406 1289 2573
11101 4 2 5 26 1569 1559 1553 2434
11102 4 2 5 26 1277 392 1062 2587
11103 4 2 5 26 399 1165 1409 2151
11104 4 2 5 26 1472 1561 1471 2527
11105 4 2 5 26 1522 1596 1208 2554
11106 4 2 5 26 957 1280 958 2666
11107 4 2 5 26 1590 1596 1522 2554
11108 4 2 5 26 1148 1149 1150 2379
11109 4 2 5 26 1020 1172 1334 2526
11110 4 2 5 26 1475 1553 1559 2620
11111 4 2 5 26 886 1036 1281 2402
11112 4 2 5 26 2002 2345 1973 2463
11113 4 2 5 26 75 1694 403 2027
11114 4 2 5 26 1385 1428 1602 2392
11115 4 2 5 26 1475 1559 1477 2620
11116 4 2 5 26 1298 1445 1299 2543
11117 4 2 5 26 1476 1478 1039 2744
11118 4 2 5 26 1371 1101 989 2662
11119 4 2 5 26 1465 1464 1494 2257
11120 4 2 5 26 1593 1180 1117 2240
11121 4 2 5 26 1239 1140 1188 2468
11122 4 2 5 26 417 1703 2335 2405
11123 4 2 5 26 1152 1153 1151 2612
11124 4 2 5 26 1304 1305 1303 2519
11125 4 2 5 26 977 1304 1375 2519
11126 4 2 5 26 1592 1591 1590 2305
11127 4 2 5 26 1703 1618 90 417
11128 4 2 5 26 1099 1400 1421 2700
11129 4 2 5 26 1343 1430 1344 2663
11130 4 2 5 26 1041 1242 1240 2696
11131 4 2 5 26 1375 2519 1421 2700
11132 4 2 5 26 1542 1382 1479 2642
11133 4 2 5 26 992 993 994 2485
11134 4 2 5 26 84 1615 423 2371
11135 4 2 5 26 1695 413 1696 2333
11136 4 2 5 26 1610 1626 1607 2729
11137 4 2 5 26 396 395 984 2153
11138 4 2 5 26 1386 1388 1457 2428
11139 4 2 5 26 1466 1469 396 2589
11140 4 2 5 26 1610 1641 1633 2544
11141 4 2 5 26 1040 1092 1549 2424
11142 4 2 5 26 1505 1132 1424 2537
11143 4 2 5 26 1512 1228 1366 2312
11144 4 2 5 26 924 929 1284 2546
11145 4 2 5 26 1315 1160 1162 2482
11146 4 2 5 26 1501 1582 1567 2724
11147 4 2 5 26 382 889 383 2598
11148 4 2 5 26 1667 1641 1692 2475
11149 4 2 5 26 1327 1157 1264 2375
11150 4 2 5 26 881 1267 1222 2484
11151 4 2 5 26 1169 1225 1430 2594
11152 4 2 5 26 429 1704 88 1683
11153 4 2 5 26 89 417 1682 1702
11154 4 2 5 26 1619 1614 1612 2726
11155 4 2 5 26 1090 1506 1093 2531
11156 4 2 5 26 1263 1260 1262 2373
11157 4 2 5 26 1034 952 1035 2347
11158 4 2 5 26 1501 1567 917 2724
11159 4 2 5 26 389 388 965 2714
11160 4 2 5 26 1356 1002 1355 2506
11161 4 2 5 26 1569 1553 1153 2612
11162 4 2 5 26 1568 1440 1426 2511
11163 4 2 5 26 1043 1265 1593 2439
11164 4 2 5 26 1555 1558 1484 2673
11165 4 2 5 26 1701 87 1688 432
11166 4 2 5 26 1389 1278 1544 2641
11167 4 2 5 26 1383 1014 1248 2510
11168 4 2 5 26 1540 1539 956 2591
11169 4 2 5 26 1687 1688 87 2205
11170 4 2 5 26 424 1699 425 2655
11171 4 2 5 26 1091 1478 1524 2195
11172 4 2 5 26 1538 1503 1391 2584
11173 4 2 5 26 1312 1249 1582 2320
11174 4 2 5 26 1428 1385 1417 2392
11175 4 2 5 26 1618 1614 1682 2472
11176 4 2 5 26 1041 1042 1043 2696
11177 4 2 5 26 1135 967 1296 2473
11178 4 2 5 26 1690 1684 407 2579
11179 4 2 5 26 1324 1400 1412 2374
11180 4 2 5 26 1013 937 936 2568
11181 4 2 5 26 1454 1381 1455 2370
11182 4 2 5 26 988 1183 1123 2378
11183 4 2 5 26 1068 893 895 2332
11184 4 2 5 26 912 913 911 2351
11185 4 2 5 26 1470 1472 1471 2527
11186 4 2 5 26 1152 1185 971 2409
11187 4 2 5 26 1451 1457 1388 2428
11188 4 2 5 26 1200 1350 1199 2731
11189 4 2 5 26 1605 1660 1685 2385
11190 4 2 5 26 887 877 876 2338
11191 4 2 5 26 1092 1411 1224 2674
11192 4 2 5 26 1374 1372 1373 2459
11193 4 2 5 26 975 1324 1034 2593
11194 4 2 5 26 88 429 1683 2571
11195 4 2 5 26 1540 1186 1539 2591
11196 4 2 5 26 1285 1546 1558 2477
11197 4 2 5 26 1269 1266 1268 2688
11198 4 2 5 26 83 426 1699 2655
11199 4 2 5 26 2270 2654 424 2655
11200 4 2 5 26 421 86 1697 2454
11201 4 2 5 26 1145 1146 1144 2407
11202 4 2 5 26 873 1317 1316 2656
11203 4 2 5 26 1436 1291 1297 2706
11204 4 2 5 26 1011 1010 1009 2633
11205 4 2 5 26 990 1305 1537 2668
11206 4 2 5 26 425 2655 426 2705
11207 4 2 5 26 1638 85 2271 2654
11208 4 2 5 26 425 2270 2655 2705
11209 4 2 5 26 1209 1207 1208 2361
11210 4 2 5 26 1337 1345 1349 2556
11211 4 2 5 26 1337 1348 1345 2556
11212 4 2 5 26 427 1706 90 2463
11213 4 2 5 26 960 917 1327 2638
11214 4 2 5 26 1078 1585 1079 2657
11215 4 2 5 26 1176 1174 1359 2614
11216 4 2 5 26 919 1206 1205 2357
11217 4 2 5 26 1537 991 990 2668
11218 4 2 5 26 1638 85 1686 2271
11219 4 2 5 26 1324 975 977 2593
11220 4 2 5 26 1169 1168 1225 2594
11221 4 2 5 26 1439 946 948 2549
11222 4 2 5 26 1057 1056 1245 2285
11223 4 2 5 26 1553 1151 1153 2612
11224 4 2 5 26 1309 1310 1579 2704
11225 4 2 5 26 1252 1245 1246 2631
11226 4 2 5 26 1375 1303 1421 2519
11227 4 2 5 26 1031 1033 1497 2616
11228 4 2 5 26 1355 936 938 2506
11229 4 2 5 26 980 981 1126 2491
11230 4 2 5 26 1680 1681 76 2681
11231 4 2 5 26 409 420 82 1684
11232 4 2 5 26 1700 422 423 2344
11233 4 2 5 26 1575 1521 1520 2561
11234 4 2 5 26 1132 1505 1047 2537
11235 4 2 5 26 1377 1489 1422 2578
11236 4 2 5 26 417 1702 1701 2405
11237 4 2 5 26 89 1682 1619 2471
11238 4 2 5 26 82 420 410 2574
11239 4 2 5 26 1544 1278 1279 2641
11240 4 2 5 26 1624 1647 1623 2534
11241 4 2 5 26 2027 2282 1968 2355
11242 4 2 5 26 383 943 382 2598
11243 4 2 5 26 1250 1026 1282 2699
11244 4 2 5 26 1165 400 1002 2523
11245 4 2 5 26 83 1630 1633 2655
11246 4 2 5 26 972 1138 1586 2675
11247 4 2 5 26 1039 1478 1037 2744
11248 4 2 5 26 1560 1559 1569 2434
11249 4 2 5 26 429 1706 428 2463
11250 4 2 5 26 419 1662 77 1694
11251 4 2 5 26 1182 1428 1049 2520
11252 4 2 5 26 1412 1400 1262 2374
11253 4 2 5 26 2569 2687 1988 2720
11254 4 2 5 26 75 410 405 2355
11255 4 2 5 26 413 1697 1685 2454
11256 4 2 5 26 1109 1443 1279 2501
11257 4 2 5 26 922 921 920 2618
11258 4 2 5 26 1610 1639 1626 2729
11259 4 2 5 26 1486 1096 1215 2661
11260 4 2 5 26 1681 1670 1678 2728
11261 4 2 5 26 1603 1687 87 2205
11262 4 2 5 26 1371 989 1123 2662
11263 4 2 5 26 1003 1002 400 2523
11264 4 2 5 26 1215 1096 1098 2661
11265 4 2 5 26 1346 958 1280 2666
11266 4 2 5 26 1126 1121 1340 2461
11267 4 2 5 26 1391 1503 899 2584
11268 4 2 5 26 883 881 1222 2484
11269 4 2 5 26 1414 1286 1499 2738
11270 4 2 5 26 1221 1084 1083 2650
11271 4 2 5 26 940 983 1518 2754
11272 4 2 5 26 1217 1221 1220 2650
11273 4 2 5 26 1864 2483 2156 2579
11274 4 2 5 26 922 920 1059 2618
11275 4 2 5 26 84 2371 423 2736
11276 4 2 5 26 400 1165 399 2523
11277 4 2 5 26 1448 1378 1036 2564
11278 4 2 5 26 1375 1400 1324 2700
11279 4 2 5 26 1002 936 1355 2506
11280 4 2 5 26 1334 1427 1020 2526
11281 4 2 5 26 960 1327 939 2638
11282 4 2 5 26 1696 424 425 2601
11283 4 2 5 26 2055 2655 2270 2705
11284 4 2 5 26 1062 895 1277 2587
11285 4 2 5 26 932 931 933 2755
11286 4 2 5 26 82 410 1645 2574
11287 4 2 5 26 1526 1534 1331 2524
11288 4 2 5 26 1489 1206 1488 2578
11289 4 2 5 26 1013 936 1003 2568
11290 4 2 5 26 1393 1542 1479 2642
11291 4 2 5 26 1703 428 427 2632
11292 4 2 5 26 1601 1350 1200 2731
11293 4 2 5 26 417 1618 1682 2335
11294 4 2 5 26 2158 2344 421 2753
11295 4 2 5 26 1171 1170 1494 2630
11296 4 2 5 26 1344 1342 1343 2663
11297 4 2 5 26 1084 1221 1217 2650
11298 4 2 5 26 1597 1584 1554 2600
11299 4 2 5 26 1078 1079 1080 2657
11300 4 2 5 26 972 1185 1138 2675
11301 4 2 5 26 1444 1227 1288 2643
11302 4 2 5 26 77 1661 403 1694
11303 4 2 5 26 1648 405 79 2708
11304 4 2 5 26 2483 2579 1693 2708
11305 4 2 5 26 1014 1073 1248 2510
11306 4 2 5 26 1010 1131 1008 2608
11307 4 2 5 26 1642 2613 1644 2665
11308 4 2 5 26 89 1702 1682 2471
11309 4 2 5 26 417 1701 415 2405
11310 4 2 5 26 1685 86 1605 2454
11311 4 2 5 26 1602 1384 1385 2682
11312 4 2 5 26 404 1662 77 419
11313 4 2 5 26 1644 83 1642 2665
11314 4 2 5 26 417 1682 1702 2471
11315 4 2 5 26 417 415 1704 2405
11316 4 2 5 26 1024 1025 1026 2699
11317 4 2 5 26 1579 1237 1309 2704
11318 4 2 5 26 1039 1037 1038 2744
11319 4 2 5 26 1182 1602 1428 2520
11320 4 2 5 26 1227 1444 890 2643
11321 4 2 5 26 75 1646 1645 2027
11322 4 2 5 26 1055 1042 1044 2752
11323 4 2 5 26 421 422 1700 2344
11324 4 2 5 26 1092 1091 1411 2674
11325 4 2 5 26 1286 1414 1413 2738
11326 4 2 5 26 1421 1400 1375 2700
11327 4 2 5 26 1050 1055 1044 2752
11328 4 2 5 26 85 1699 424 2655
11329 4 2 5 26 1605 2454 86 2753
11330 4 2 5 26 1026 1025 1282 2699
11331 4 2 5 26 1488 1422 1489 2578
11332 4 2 5 26 1516 1161 1163 2703
11333 4 2 5 26 1644 1642 1621 2613
11334 4 2 5 26 940 982 983 2754
11335 4 2 5 26 1700 423 1615 2344
11336 4 2 5 26 1546 1285 1545 2477
11337 4 2 5 26 73 1013 1003 2568
11338 4 2 5 26 1164 1082 1390 2563
11339 4 2 5 26 417 1704 1703 2405
11340 4 2 5 26 1205 1562 1204 2635
11341 4 2 5 26 1521 1575 1197 2561
11342 4 2 5 26 84 1644 1613 2736
11343 4 2 5 26 1375 1304 1303 2519
11344 4 2 5 26 1644 83 1695 411
11345 4 2 5 26 86 2454 421 2753
11346 4 2 5 26 1685 1697 86 2454
11347 4 2 5 26 1333 1114 1176 2562
11348 4 2 5 26 1160 1163 1161 2703
11349 4 2 5 26 1385 1384 1212 2682
11350 4 2 5 26 415 87 1688 1701
11351 4 2 5 26 1238 1188 1140 2468
11352 4 2 5 26 1171 1494 979 2630
11353 4 2 5 26 1613 2371 84 2736
11354 4 2 5 26 420 81 1690 409
11355 4 2 5 26 86 2344 1606 2753
11356 4 2 5 26 1651 1671 90 2463
11357 4 2 5 26 1615 1606 86 2344
11358 4 2 5 26 1605 86 1606 2753
11359 4 2 5 26 88 415 1683 1704
11360 4 2 5 26 1611 1615 84 2371
11361 4 2 5 26 1613 1611 84 2371
11362 4 2 5 26 1335 1114 1333 2562
11363 4 2 5 26 418 90 1706 2463
11364 4 2 5 26 1242 1041 1043 2696
11365 4 2 5 26 1625 407 2156 2708
11366 4 2 5 26 424 2654 85 2655
11367 4 2 5 26 407 2579 2156 2708
11368 4 2 5 26 1625 1648 79 2708
11369 4 2 5 26 407 1689 1690 2579
11370 4 2 5 26 86 421 2344 2753
11371 4 2 5 26 86 421 1700 2344
11372 4 2 5 26 1638 1629 85 2654
11373 4 2 5 26 1706 429 88 2463
11374 4 2 5 26 407 1689 2579 2708
11375 4 2 5 26 1615 84 423 1700
11376 4 2 5 26 418 1651 90 2463
11377 4 2 5 26 418 1706 88 2463
11378 4 2 5 26 2156 2579 2483 2708
11379 4 2 5 26 1615 414 84 1700
11380 4 2 5 26 408 79 1693 2708
11381 4 2 5 26 418 88 1651 2463
11382 4 2 5 26 2557 1917 2532 1754
11383 4 2 5 26 2557 2532 1917 1788
11384 4 2 5 26 2426 2250 2297 1793
11385 4 2 5 26 2426 2297 2250 1928
11386 4 2 5 26 2500 1790 2288 2168
11387 4 2 5 26 2500 2288 1790 1905
11388 4 2 5 26 1311 2039 1307 1306
11389 4 2 5 26 1307 2039 1311 1912
11390 4 2 5 26 2683 2320 2039 1930
11391 4 2 5 26 2683 2039 2320 1912
11392 4 2 5 26 2651 1967 1851 2566
11393 4 2 5 26 2651 1851 1967 2191
11394 4 2 5 26 2713 1580 1308 1321
11395 4 2 5 26 2713 1308 1580 2201
11396 4 2 5 26 2376 2278 2099 1899
11397 4 2 5 26 2376 2099 2278 1814
11398 4 2 5 26 2186 2430 2074 1907
11399 4 2 5 26 2074 2430 2186 1833
11400 4 2 5 26 2161 2294 2233 2011
11401 4 2 5 26 2233 2294 2161 1925
11402 4 2 5 26 2580 2304 2172 1955
11403 4 2 5 26 2580 2172 2304 1834
11404 4 2 5 26 2363 2128 2545 1878
11405 4 2 5 26 2363 2545 2128 1802
11406 4 2 5 26 2541 1598 2106 1360
11407 4 2 5 26 2541 2106 1598 2179
11408 4 2 5 26 2686 2061 2678 2001
11409 4 2 5 26 2686 2678 2061 2452
11410 4 2 5 26 1666 2336 1676 1679
11411 4 2 5 26 1676 2336 1666 2288
11412 4 2 5 26 2300 2072 2533 2201
11413 4 2 5 26 2300 2533 2072 1881
11414 4 2 5 26 1203 2409 2723 2340
11415 4 2 5 26 1203 2723 2409 2111
11416 4 2 5 26 1872 2723 2409 2340
11417 4 2 5 26 1872 2409 2723 2111
11418 4 2 5 26 2340 2723 1573 1872
11419 4 2 5 26 1573 2723 2340 1203
11420 4 2 5 26 2497 1996 2554 1758
11421 4 2 5 26 2497 2554 1996 2361
11422 4 2 5 26 2575 1952 2244 2022
11423 4 2 5 26 2575 2244 1952 2425
11424 4 2 5 26 2216 884 1370 1974
11425 4 2 5 26 2216 1370 884 885
11426 4 2 5 26 2329 1191 2073 1052
11427 4 2 5 26 2329 2073 1191 1964
11428 4 2 5 26 1259 2073 1191 1052
11429 4 2 5 26 1259 1191 2073 1964
11430 4 2 5 26 2710 1936 2050 2103
11431 4 2 5 26 2710 2050 1936 1756
11432 4 2 5 26 2004 2702 1841 2003
11433 4 2 5 26 1841 2702 2004 1959
11434 4 2 5 26 2719 1811 2627 2051
11435 4 2 5 26 2719 2627 1811 2299
11436 4 2 5 26 2560 2567 2750 1777
11437 4 2 5 26 2750 2567 2560 1887
11438 4 2 5 26 2739 1790 2168 2043
11439 4 2 5 26 2524 1210 1211 1526
11440 4 2 5 26 2524 1211 1210 2397
11441 4 2 5 26 1370 2216 1247 885
11442 4 2 5 26 1247 2216 1370 2170
11443 4 2 5 26 2285 1259 1252 1057
11444 4 2 5 26 2285 1252 1259 1964
11445 4 2 5 26 2137 2653 1917 1751
11446 4 2 5 26 2303 1917 2653 1751
11447 4 2 5 26 2303 2653 1917 1957
11448 4 2 5 26 1229 1986 2312 1511
11449 4 2 5 26 2312 1986 1229 1985
11450 4 2 5 26 2715 2348 2428 1773
11451 4 2 5 26 2715 2428 2348 1919
11452 4 2 5 26 2149 2428 2348 1773
11453 4 2 5 26 2149 2348 2428 1919
11454 4 2 5 26 2634 1643 1620 1634
11455 4 2 5 26 2634 1620 1643 2517
11456 4 2 5 26 1653 2644 1669 1664
11457 4 2 5 26 1669 2644 1653 2081
11458 4 2 5 26 2594 1226 1168 1225
11459 4 2 5 26 2594 1168 1226 2329
11460 4 2 5 26 2413 2481 1867 1766
11461 4 2 5 26 1867 2481 2413 1945
11462 4 2 5 26 2114 1695 1935 411
11463 4 2 5 26 2114 1935 1695 2094
11464 4 2 5 26 2438 2672 2006 1775
11465 4 2 5 26 2006 2672 2438 1861
11466 4 2 5 26 1389 2428 2641 1388
11467 4 2 5 26 2641 2428 1389 1888
11468 4 2 5 26 2191 2404 2462 1939
11469 4 2 5 26 2462 2404 2191 1871
11470 4 2 5 26 2396 2031 2093 1760
11471 4 2 5 26 2396 2093 2031 1900
11472 4 2 5 26 2597 1183 2290 1086
11473 4 2 5 26 2597 2290 1183 2378
11474 4 2 5 26 2336 1984 1603 1969
11475 4 2 5 26 2336 1603 1984 2205
11476 4 2 5 26 2320 1581 2250 1249
11477 4 2 5 26 2320 2250 1581 2242
11478 4 2 5 26 1251 2250 1581 1249
11479 4 2 5 26 1251 1581 2250 2242
11480 4 2 5 26 2127 2123 2663 1133
11481 4 2 5 26 2663 2123 2127 1924
11482 4 2 5 26 2663 1419 2127 1133
11483 4 2 5 26 2127 1419 2663 1924
11484 4 2 5 26 2694 1866 1811 2077
11485 4 2 5 26 2694 1811 1866 2152
11486 4 2 5 26 1226 2706 1297 1291
11487 4 2 5 26 1297 2706 1226 2033
11488 4 2 5 26 2605 1869 2184 2024
11489 4 2 5 26 2605 2184 1869 2398
11490 4 2 5 26 2701 2092 2000 2618
11491 4 2 5 26 2701 2000 2092 2684
11492 4 2 5 26 2718 1886 2178 2100
11493 4 2 5 26 2718 2178 1886 1972
11494 4 2 5 26 2297 1912 1793 2250
11495 4 2 5 26 2297 1793 1912 2066
11496 4 2 5 26 2362 1899 2376 2019
11497 4 2 5 26 2362 2376 1899 2126
11498 4 2 5 26 2254 2548 2074 1770
11499 4 2 5 26 2074 2548 2254 1895
11500 4 2 5 26 2188 1476 1478 1490
11501 4 2 5 26 2188 1478 1476 2047
11502 4 2 5 26 2666 1902 1347 2549
11503 4 2 5 26 2666 1347 1902 2208
11504 4 2 5 26 2127 2691 1936 1820
11505 4 2 5 26 2127 1936 2691 1913
11506 4 2 5 26 2050 1936 2691 1820
11507 4 2 5 26 2050 2691 1936 1913
11508 4 2 5 26 2171 90 2463 427
11509 4 2 5 26 2171 2463 90 1671
11510 4 2 5 26 1977 2727 2695 1781
11511 4 2 5 26 1977 2695 2727 2138
11512 4 2 5 26 2095 2695 2727 1781
11513 4 2 5 26 2095 2727 2695 2138
11514 4 2 5 26 2562 1376 2106 1333
11515 4 2 5 26 2562 2106 1376 1971
11516 4 2 5 26 2525 1821 2394 2107
11517 4 2 5 26 2332 2394 1821 2107
11518 4 2 5 26 1899 1838 2362 2126
11519 4 2 5 26 1899 2362 1838 2384
11520 4 2 5 26 2564 1449 875 1448
11521 4 2 5 26 2564 875 1449 2325
11522 4 2 5 26 2626 2235 2262 1762
11523 4 2 5 26 2626 2262 2235 2026
11524 4 2 5 26 2594 1290 1226 1225
11525 4 2 5 26 2594 1226 1290 1989
11526 4 2 5 26 2212 1446 1276 1576
11527 4 2 5 26 2212 1276 1446 1966
11528 4 2 5 26 78 2277 405 1663
11529 4 2 5 26 405 2277 78 419
11530 4 2 5 26 2420 905 2099 904
11531 4 2 5 26 2420 2099 905 1925
11532 4 2 5 26 2643 1826 2239 2202
11533 4 2 5 26 2643 2239 1826 1995
11534 4 2 5 26 2132 908 898 2022
11535 4 2 5 26 2132 898 908 1110
11536 4 2 5 26 2363 2618 920 2000
11537 4 2 5 26 920 2618 2363 1061
11538 4 2 5 26 920 2635 2363 2000
11539 4 2 5 26 2363 2635 920 1061
11540 4 2 5 26 2271 1824 2654 2270
11541 4 2 5 26 2271 2654 1824 1992
11542 4 2 5 26 2527 1473 1353 1470
11543 4 2 5 26 2527 1353 1473 1937
11544 4 2 5 26 1158 2375 1858 1157
11545 4 2 5 26 1858 2375 1158 2242
11546 4 2 5 26 1858 1159 1158 1157
11547 4 2 5 26 1158 1159 1858 2242
11548 4 2 5 26 2739 2627 2168 1790
11549 4 2 5 26 2739 2168 2627 2051
11550 4 2 5 26 928 2494 2089 926
11551 4 2 5 26 2089 2494 928 1976
11552 4 2 5 26 2173 80 406 1692
11553 4 2 5 26 2173 406 80 1981
11554 4 2 5 26 2169 1499 2459 1374
11555 4 2 5 26 2169 2459 1499 2025
11556 4 2 5 26 2601 1935 1695 2333
11557 4 2 5 26 2601 1695 1935 2094
11558 4 2 5 26 2519 1536 2668 2090
11559 4 2 5 26 2519 2668 1536 1305
11560 4 2 5 26 2611 2131 2327 1863
11561 4 2 5 26 2611 2327 2131 1921
11562 4 2 5 26 2193 987 1163 1102
11563 4 2 5 26 2193 1163 987 2186
11564 4 2 5 26 2230 2645 2034 1784
11565 4 2 5 26 2034 2645 2230 1941
11566 4 2 5 26 2685 1760 2031 2396
11567 4 2 5 26 2685 2031 1760 2185
11568 4 2 5 26 2405 2142 2143 1948
11569 4 2 5 26 2405 2143 2142 1701
11570 4 2 5 26 2494 1377 928 1976
11571 4 2 5 26 2494 928 1377 927
11572 4 2 5 26 2403 2174 1861 1993
11573 4 2 5 26 2403 1861 2174 2391
11574 4 2 5 26 1124 2284 1156 1155
11575 4 2 5 26 1156 2284 1124 2110
11576 4 2 5 26 2553 2185 2685 1760
11577 4 2 5 26 2685 2185 2553 1938
11578 4 2 5 26 2685 2396 2553 1760
11579 4 2 5 26 2553 2396 2685 1938
11580 4 2 5 26 2492 2677 2128 1835
11581 4 2 5 26 2128 2677 2492 2228
11582 4 2 5 26 1627 2571 1650 1683
11583 4 2 5 26 1650 2571 1627 2350
11584 4 2 5 26 2194 2416 2037 2049
11585 4 2 5 26 2037 2416 2194 1843
11586 4 2 5 26 2463 2174 1786 2350
11587 4 2 5 26 2463 1786 2174 2391
11588 4 2 5 26 2541 1079 2163 1891
11589 4 2 5 26 2541 2163 1079 1179
11590 4 2 5 26 2675 1064 1137 2450
11591 4 2 5 26 2675 1137 1064 1138
11592 4 2 5 26 2389 2356 2394 1965
11593 4 2 5 26 2389 2394 2356 1827
11594 4 2 5 26 2585 2315 2527 1802
11595 4 2 5 26 2585 2527 2315 1994
11596 4 2 5 26 2602 2220 1761 2498
11597 4 2 5 26 2602 1761 2220 2457
11598 4 2 5 26 2170 1594 942 945
11599 4 2 5 26 2170 942 1594 2118
11600 4 2 5 26 2618 919 1931 921
11601 4 2 5 26 2618 1931 919 2357
11602 4 2 5 26 2674 1931 919 921
11603 4 2 5 26 2674 919 1931 2357
11604 4 2 5 26 2649 1803 1961 2352
11605 4 2 5 26 2649 1961 1803 2339
11606 4 2 5 26 2729 1903 2572 2226
11607 4 2 5 26 2729 2572 1903 2255
11608 4 2 5 26 2521 2491 2257 1885
11609 4 2 5 26 2521 2257 2491 1999
11610 4 2 5 26 2681 1822 2157 2199
11611 4 2 5 26 2681 2157 1822 2082
11612 4 2 5 26 2686 2585 2730 1785
11613 4 2 5 26 2686 2730 2585 2001
11614 4 2 5 26 2504 2295 2268 1927
11615 4 2 5 26 2504 2268 2295 1786
11616 4 2 5 26 1660 2513 1605 1658
11617 4 2 5 26 1605 2513 1660 2385
11618 4 2 5 26 2368 1578 1088 2273
11619 4 2 5 26 2368 1088 1578 1095
11620 4 2 5 26 2717 2141 1985 2312
11621 4 2 5 26 2717 1985 2141 2281
11622 4 2 5 26 1290 2706 1226 1291
11623 4 2 5 26 1226 2706 1290 1989
11624 4 2 5 26 2587 393 392 1949
11625 4 2 5 26 2587 392 393 1277
11626 4 2 5 26 2232 2560 2750 1777
11627 4 2 5 26 2750 2560 2232 1914
11628 4 2 5 26 2552 1321 1361 1362
11629 4 2 5 26 2552 1361 1321 2274
11630 4 2 5 26 2332 2525 2394 1965
11631 4 2 5 26 2394 2525 2332 1821
11632 4 2 5 26 2589 1884 1467 2184
11633 4 2 5 26 2589 1467 1884 2213
11634 4 2 5 26 2752 1265 1376 1055
11635 4 2 5 26 2752 1376 1265 2439
11636 4 2 5 26 2667 2382 1792 1947
11637 4 2 5 26 2667 1792 2382 1906
11638 4 2 5 26 2752 1376 1335 1055
11639 4 2 5 26 2752 1335 1376 1971
11640 4 2 5 26 2484 1266 2364 881
11641 4 2 5 26 2484 2364 1266 1896
11642 4 2 5 26 2606 2292 2535 1956
11643 4 2 5 26 2606 2535 2292 2017
11644 4 2 5 26 2625 1819 2168 2500
11645 4 2 5 26 2625 2168 1819 2136
11646 4 2 5 26 2370 1240 2358 1454
11647 4 2 5 26 2370 2358 1240 2178
11648 4 2 5 26 2627 2616 2299 1893
11649 4 2 5 26 2627 2299 2616 1998
11650 4 2 5 26 2705 83 2655 426
11651 4 2 5 26 2584 1529 1528 1503
11652 4 2 5 26 2584 1528 1529 2017
11653 4 2 5 26 2421 2425 1801 2130
11654 4 2 5 26 1801 2425 2421 2218
11655 4 2 5 26 2523 2425 2244 1832
11656 4 2 5 26 2523 2244 2425 1952
11657 4 2 5 26 1122 2378 2662 1123
11658 4 2 5 26 2662 2378 1122 1999
11659 4 2 5 26 2711 2725 1941 2167
11660 4 2 5 26 1941 2725 2711 2241
11661 4 2 5 26 2751 2482 1917 1957
11662 4 2 5 26 2751 1917 2482 2109
11663 4 2 5 26 2303 1917 2482 1957
11664 4 2 5 26 2303 2482 1917 2109
11665 4 2 5 26 2754 1990 2375 2243
11666 4 2 5 26 2754 2375 1990 2134
11667 4 2 5 26 2674 2744 1843 2424
11668 4 2 5 26 1843 2744 2674 2195
11669 4 2 5 26 2705 1633 2655 83
11670 4 2 5 26 2705 2655 1633 2055
11671 4 2 5 26 2359 2386 2075 1805
11672 4 2 5 26 2075 2386 2359 2331
11673 4 2 5 26 2400 1685 2165 1686
11674 4 2 5 26 2400 2165 1685 2385
11675 4 2 5 26 2580 2663 2316 1924
11676 4 2 5 26 2316 2663 2580 2016
11677 4 2 5 26 2724 2638 1567 917
11678 4 2 5 26 2724 1567 2638 2014
11679 4 2 5 26 1166 1567 2638 917
11680 4 2 5 26 1166 2638 1567 2014
11681 4 2 5 26 2477 398 399 1545
11682 4 2 5 26 2477 399 398 2151
11683 4 2 5 26 2263 2027 1645 1646
11684 4 2 5 26 2263 1645 2027 1968
11685 4 2 5 26 2092 2650 2618 1961
11686 4 2 5 26 2092 2618 2650 1220
11687 4 2 5 26 1223 2618 2650 1961
11688 4 2 5 26 1223 2650 2618 1220
11689 4 2 5 26 2491 1122 1318 981
11690 4 2 5 26 2491 1318 1122 1999
11691 4 2 5 26 2509 1942 2282 1873
11692 4 2 5 26 2282 1942 2509 2007
11693 4 2 5 26 2282 2277 2509 1873
11694 4 2 5 26 2509 2277 2282 2007
11695 4 2 5 26 2710 2095 1977 1756
11696 4 2 5 26 2710 1977 2095 2695
11697 4 2 5 26 2138 1977 2095 1756
11698 4 2 5 26 2138 2095 1977 2695
11699 4 2 5 26 2497 2392 2691 1982
11700 4 2 5 26 2497 2691 2392 1820
11701 4 2 5 26 2315 1562 1437 953
11702 4 2 5 26 2315 1437 1562 2635
11703 4 2 5 26 2561 2045 1880 2412
11704 4 2 5 26 2561 1880 2045 2176
11705 4 2 5 26 2526 1239 1257 1334
11706 4 2 5 26 2526 1257 1239 2112
11707 4 2 5 26 2351 2711 2223 1930
11708 4 2 5 26 2223 2711 2351 1808
11709 4 2 5 26 2748 996 998 2039
11710 4 2 5 26 2748 998 996 997
11711 4 2 5 26 2405 415 2143 1701
11712 4 2 5 26 2405 2143 415 1704
11713 4 2 5 26 2213 1409 398 1410
11714 4 2 5 26 2213 398 1409 2151
11715 4 2 5 26 2318 2652 2129 1830
11716 4 2 5 26 2129 2652 2318 2604
11717 4 2 5 26 2520 1924 1428 2127
11718 4 2 5 26 2520 1428 1924 2392
11719 4 2 5 26 2469 2316 2580 2016
11720 4 2 5 26 2469 2580 2316 1834
11721 4 2 5 26 2407 1337 2556 1214
11722 4 2 5 26 2407 2556 1337 2203
11723 4 2 5 26 2501 1111 2420 1109
11724 4 2 5 26 2501 2420 1111 2233
11725 4 2 5 26 2730 2570 2087 1785
11726 4 2 5 26 2730 2087 2570 1994
11727 4 2 5 26 2251 914 2754 916
11728 4 2 5 26 2251 2754 914 2243
11729 4 2 5 26 1373 2738 2024 1414
11730 4 2 5 26 2024 2738 1373 2459
11731 4 2 5 26 2024 1415 1373 1414
11732 4 2 5 26 1373 1415 2024 2459
11733 4 2 5 26 2415 2658 2089 1839
11734 4 2 5 26 2089 2658 2415 1986
11735 4 2 5 26 1476 2620 1039 1475
11736 4 2 5 26 1039 2620 1476 2047
11737 4 2 5 26 2370 1379 2656 2131
11738 4 2 5 26 2370 2656 1379 1455
11739 4 2 5 26 2634 1829 1969 2121
11740 4 2 5 26 2634 1969 1829 2538
11741 4 2 5 26 2652 1978 2318 2604
11742 4 2 5 26 2652 2318 1978 2452
11743 4 2 5 26 2675 1326 1137 1138
11744 4 2 5 26 2675 1137 1326 2179
11745 4 2 5 26 2704 980 2201 1309
11746 4 2 5 26 2704 2201 980 2491
11747 4 2 5 26 2402 2625 2154 1974
11748 4 2 5 26 2154 2625 2402 1848
11749 4 2 5 26 2744 1040 1091 1037
11750 4 2 5 26 2744 1091 1040 2424
11751 4 2 5 26 2745 1896 2449 2056
11752 4 2 5 26 2745 2449 1896 2339
11753 4 2 5 26 2618 2701 2357 2000
11754 4 2 5 26 2357 2701 2618 1931
11755 4 2 5 26 2586 1675 1674 1655
11756 4 2 5 26 2586 1674 1675 2314
11757 4 2 5 26 1405 2699 1024 1026
11758 4 2 5 26 1024 2699 1405 2368
11759 4 2 5 26 2506 1511 938 1355
11760 4 2 5 26 2506 938 1511 1986
11761 4 2 5 26 2612 2620 1806 2434
11762 4 2 5 26 1806 2620 2612 2108
11763 4 2 5 26 2524 1323 1546 1534
11764 4 2 5 26 2524 1546 1323 2210
11765 4 2 5 26 1443 2543 1299 1445
11766 4 2 5 26 1299 2543 1443 2501
11767 4 2 5 26 2704 1340 2311 2461
11768 4 2 5 26 2704 2311 1340 1579
11769 4 2 5 26 2728 2681 2157 1681
11770 4 2 5 26 2728 2157 2681 2082
11771 4 2 5 26 1594 2631 1192 1246
11772 4 2 5 26 1192 2631 1594 2118
11773 4 2 5 26 2520 1547 1936 1182
11774 4 2 5 26 2520 1936 1547 2169
11775 4 2 5 26 1019 1936 1547 1182
11776 4 2 5 26 1019 1547 1936 2169
11777 4 2 5 26 2677 2678 2001 1835
11778 4 2 5 26 2001 2678 2677 2061
11779 4 2 5 26 2332 1438 1523 2275
11780 4 2 5 26 2332 1523 1438 1068
11781 4 2 5 26 2751 2653 1917 2137
11782 4 2 5 26 2751 1917 2653 1957
11783 4 2 5 26 2547 2743 2133 2052
11784 4 2 5 26 2133 2743 2547 1776
11785 4 2 5 26 2674 1524 1091 1411
11786 4 2 5 26 2674 1091 1524 2195
11787 4 2 5 26 1705 87 1603 416
11788 4 2 5 26 1603 1604 1705 416
11789 4 2 5 26 1705 1604 1603 2121
11790 4 2 5 26 1690 81 2579 1689
11791 4 2 5 26 2753 1970 421 2158
11792 4 2 5 26 2753 421 1970 2454
11793 4 2 5 26 75 419 2355 405
11794 4 2 5 26 2355 419 75 1694
11795 4 2 5 26 420 2355 79 410
11796 4 2 5 26 81 420 2579 1693
11797 4 2 5 26 81 2579 420 1690
11798 4 2 5 26 85 412 2655 1630
11799 4 2 5 26 85 2655 412 1699
11800 4 2 5 26 83 2655 412 1630
11801 4 2 5 26 83 412 2655 1699
11802 4 2 5 26 2655 1629 85 1630
11803 4 2 5 26 2655 85 1629 2654
11804 4 2 5 26 2736 411 84 1644
11805 4 2 5 26 2736 84 411 1698
11806 4 2 5 26 1615 1700 86 414
11807 4 2 5 26 86 1700 1615 2344
11808 4 2 5 26 401 75 2027 1646
11809 4 2 5 26 401 2027 75 1661
11810 4 2 5 26 407 79 2708 1625
11811 4 2 5 26 407 2708 79 1689
11812 4 2 5 26 2607 1908 2117 2095
11813 4 2 5 26 2607 2117 1908 2483
11814 4 2 5 26 1603 432 1705 2121
11815 4 2 5 26 1603 1705 432 87
11816 4 2 5 26 1689 2708 1693 2579
11817 4 2 5 26 1693 2708 1689 408
11818 4 2 5 26 1693 81 1689 2579
11819 4 2 5 26 1689 81 1693 408
11820 4 2 5 26 79 420 1908 2355
11821 4 2 5 26 1908 420 79 1693
11822 4 2 4 27 116 99 100 2932
11823 4 2 4 27 1717 148 1718 147
11824 4 2 4 27 2807 2821 1740 2855
11825 4 2 4 27 103 457 104 2863
11826 4 2 4 27 270 713 271 2886
11827 4 2 4 27 358 372 860 2761
11828 4 2 4 27 12 21 11 2757
11829 4 2 4 27 21 12 22 2757
11830 4 2 4 27 18 9 19 2756
11831 4 2 4 27 8 9 18 2756
11832 4 2 4 27 16 14 5 2758
11833 4 2 4 27 1708 1709 356 2866
11834 4 2 4 27 489 478 485 2870
11835 4 2 4 27 685 255 50 2846
11836 4 2 4 27 657 227 658 2794
11837 4 2 4 27 155 165 154 535
11838 4 2 4 27 95 440 96 2925
11839 4 2 4 27 460 471 2845 2898
11840 4 2 4 27 522 142 141 2847
11841 4 2 4 27 64 63 812 791
11842 4 2 4 27 272 271 713 2886
11843 4 2 4 27 162 534 176 2769
11844 4 2 4 27 1722 1741 1737 2843
11845 4 2 4 27 489 485 500 2870
11846 4 2 4 27 764 744 290 752
11847 4 2 4 27 317 316 303 770
11848 4 2 4 27 439 440 2845 2925
11849 4 2 4 27 658 227 228 2794
11850 4 2 4 27 517 496 495 2910
11851 4 2 4 27 330 801 331 2848
11852 4 2 4 27 453 446 439 2845
11853 4 2 4 27 1717 159 532 2779
11854 4 2 4 27 147 1718 1717 2832
11855 4 2 4 27 525 148 147 2810
11856 4 2 4 27 243 666 50 236
11857 4 2 4 27 371 860 372 2761
11858 4 2 4 27 471 460 467 2898
11859 4 2 4 27 1721 2825 1740 2835
11860 4 2 4 27 362 67 848 847
11861 4 2 4 27 626 627 649 222
11862 4 2 4 27 344 66 355 2866
11863 4 2 4 27 637 631 628 2959
11864 4 2 4 27 229 228 238 2794
11865 4 2 4 27 1725 135 1717 1719
11866 4 2 4 27 156 157 2763 2873
11867 4 2 4 27 440 453 439 2845
11868 4 2 4 27 236 656 666 651
11869 4 2 4 27 116 100 115 2932
11870 4 2 4 27 151 526 152 2810
11871 4 2 4 27 102 457 103 2863
11872 4 2 4 27 152 526 525 2810
11873 4 2 4 27 467 469 471 2875
11874 4 2 4 27 823 347 829 2897
11875 4 2 4 27 306 296 305 2799
11876 4 2 4 27 468 2845 471 2875
11877 4 2 4 27 107 460 108 2765
11878 4 2 4 27 486 2898 489 2933
11879 4 2 4 27 658 230 657 2794
11880 4 2 4 27 856 865 855 2778
11881 4 2 4 27 860 373 372 867
11882 4 2 4 27 658 228 229 2794
11883 4 2 4 27 473 472 107 2885
11884 4 2 4 27 356 1708 2866 2952
11885 4 2 4 27 236 651 666 2893
11886 4 2 4 27 658 229 230 2794
11887 4 2 4 27 556 534 537 2769
11888 4 2 4 27 2819 2826 1720 2951
11889 4 2 4 27 358 860 845 2761
11890 4 2 4 27 855 2778 865 2874
11891 4 2 4 27 229 238 237 2794
11892 4 2 4 27 132 500 2870 2910
11893 4 2 4 27 447 99 116 452
11894 4 2 4 27 170 156 2763 2873
11895 4 2 4 27 286 746 285 2842
11896 4 2 4 27 1737 2843 1741 2903
11897 4 2 4 27 286 285 2762 2842
11898 4 2 4 27 140 125 139 2831
11899 4 2 4 27 534 533 556 537
11900 4 2 4 27 104 457 456 2777
11901 4 2 4 27 501 485 478 2870
11902 4 2 4 27 440 95 2845 2925
11903 4 2 4 27 306 305 768 2799
11904 4 2 4 27 304 303 767 2840
11905 4 2 4 27 445 444 446 2963
11906 4 2 4 27 768 305 767 2799
11907 4 2 4 27 672 683 685 2846
11908 4 2 4 27 229 237 230 2794
11909 4 2 4 27 1733 1720 2826 2951
11910 4 2 4 27 376 2852 377 2874
11911 4 2 4 27 2802 2803 4 2878
11912 4 2 4 27 163 534 162 2769
11913 4 2 4 27 274 728 273 2843
11914 4 2 4 27 378 379 364 2957
11915 4 2 4 27 537 539 2873 2880
11916 4 2 4 27 140 124 125 2831
11917 4 2 4 27 217 225 218 2824
11918 4 2 4 27 6 7 2808 2890
11919 4 2 4 27 1719 135 1717 2832
11920 4 2 4 27 279 2835 280 2886
11921 4 2 4 27 249 683 688 242
11922 4 2 4 27 2803 2804 4 2878
11923 4 2 4 27 175 176 556 2769
11924 4 2 4 27 517 496 2816 2965
11925 4 2 4 27 690 703 699 692
11926 4 2 4 27 685 52 255 2846
11927 4 2 4 27 533 556 176 534
11928 4 2 4 27 835 347 823 2916
11929 4 2 4 27 353 2883 2850 2908
11930 4 2 4 27 852 361 362 2876
11931 4 2 4 27 740 760 751 750
11932 4 2 4 27 359 358 845 2761
11933 4 2 4 27 304 767 305 2799
11934 4 2 4 27 473 107 108 2885
11935 4 2 4 27 556 176 534 2769
11936 4 2 4 27 439 2845 446 2858
11937 4 2 4 27 768 767 308 2799
11938 4 2 4 27 107 464 460 477
11939 4 2 4 27 1727 2879 1714 2918
11940 4 2 4 27 248 50 255 2929
11941 4 2 4 27 359 851 358 2876
11942 4 2 4 27 1719 434 1725 2932
11943 4 2 4 27 486 489 487 2933
11944 4 2 4 27 573 185 195 589
11945 4 2 4 27 33 34 494 519
11946 4 2 4 27 16 2801 4 2878
11947 4 2 4 27 120 121 2765 2898
11948 4 2 4 27 855 377 2778 2874
11949 4 2 4 27 445 443 444 2963
11950 4 2 4 27 532 530 2847 2942
11951 4 2 4 27 120 121 491 2859
11952 4 2 4 27 2764 2838 2845 2858
11953 4 2 4 27 517 2816 496 2910
11954 4 2 4 27 120 2765 121 2859
11955 4 2 4 27 275 276 729 2843
11956 4 2 4 27 27 1726 105 2859
11957 4 2 4 27 801 332 331 2848
11958 4 2 4 27 376 102 2852 2874
11959 4 2 4 27 294 284 737 293
11960 4 2 4 27 133 132 500 2870
11961 4 2 4 27 121 107 2765 2898
11962 4 2 4 27 10 9 2890 2919
11963 4 2 4 27 1727 1717 2847 2942
11964 4 2 4 27 274 275 728 2843
11965 4 2 4 27 159 1717 1718 2779
11966 4 2 4 27 833 66 805 831
11967 4 2 4 27 121 2765 107 2859
11968 4 2 4 27 144 145 524 2911
11969 4 2 4 27 220 640 221 2920
11970 4 2 4 27 1732 2890 2795 2919
11971 4 2 4 27 2769 2853 2818 2880
11972 4 2 4 27 129 1726 1717 2941
11973 4 2 4 27 713 712 272 2886
11974 4 2 4 27 486 2875 2898 2933
11975 4 2 4 27 128 112 111 462
11976 4 2 4 27 104 375 103 2863
11977 4 2 4 27 2795 2890 9 2919
11978 4 2 4 27 2769 2841 2789 2924
11979 4 2 4 27 2778 2858 865 2874
11980 4 2 4 27 2780 2816 496 2965
11981 4 2 4 27 262 254 261 708
11982 4 2 4 27 275 729 728 2843
11983 4 2 4 27 641 221 640 2920
11984 4 2 4 27 501 500 485 2870
11985 4 2 4 27 2801 2802 4 2878
11986 4 2 4 27 359 852 851 2876
11987 4 2 4 27 346 829 347 2881
11988 4 2 4 27 352 353 2850 2952
11989 4 2 4 27 279 280 54 2886
11990 4 2 4 27 471 2875 2845 2898
11991 4 2 4 27 859 845 860 2761
11992 4 2 4 27 556 2769 537 2873
11993 4 2 4 27 2769 2873 2841 2924
11994 4 2 4 27 102 103 376 2863
11995 4 2 4 27 556 537 555 2873
11996 4 2 4 27 327 341 342 2848
11997 4 2 4 27 121 477 107 2898
11998 4 2 4 27 138 2832 139 2856
11999 4 2 4 27 2803 2865 2782 2884
12000 4 2 4 27 2765 2867 120 2870
12001 4 2 4 27 248 50 685 255
12002 4 2 4 27 468 458 471 2845
12003 4 2 4 27 871 379 378 2957
12004 4 2 4 27 306 768 307 2799
12005 4 2 4 27 359 2881 360 2901
12006 4 2 4 27 286 285 745 2762
12007 4 2 4 27 123 492 124 2831
12008 4 2 4 27 469 468 471 2875
12009 4 2 4 27 291 738 754 2797
12010 4 2 4 27 170 2763 169 2873
12011 4 2 4 27 363 864 380 379
12012 4 2 4 27 2789 2813 2763 2924
12013 4 2 4 27 2764 2845 2782 2858
12014 4 2 4 27 135 507 136 2832
12015 4 2 4 27 1733 2819 1720 2951
12016 4 2 4 27 8 2789 2769 2809
12017 4 2 4 27 6 2773 2 2890
12018 4 2 4 27 1741 2785 1743 2903
12019 4 2 4 27 446 2845 2838 2858
12020 4 2 4 27 267 268 260 2886
12021 4 2 4 27 490 491 122 2859
12022 4 2 4 27 149 148 525 2810
12023 4 2 4 27 263 262 253 2903
12024 4 2 4 27 865 2858 444 2874
12025 4 2 4 27 352 353 830 2850
12026 4 2 4 27 1707 380 72 2957
12027 4 2 4 27 380 70 863 857
12028 4 2 4 27 1721 2806 2815 2817
12029 4 2 4 27 151 150 526 2810
12030 4 2 4 27 175 564 176 2830
12031 4 2 4 27 2764 2858 2782 2937
12032 4 2 4 27 821 333 348 835
12033 4 2 4 27 2760 2888 2823 2940
12034 4 2 4 27 325 324 785 314
12035 4 2 4 27 108 107 2765 2884
12036 4 2 4 27 2769 2789 2763 2924
12037 4 2 4 27 138 139 498 2856
12038 4 2 4 27 808 806 811 2888
12039 4 2 4 27 146 523 524 2911
12040 4 2 4 27 2767 2770 22 2786
12041 4 2 4 27 294 737 284 283
12042 4 2 4 27 143 142 35 2887
12043 4 2 4 27 1708 1710 1709 2866
12044 4 2 4 27 45 619 206 2771
12045 4 2 4 27 9 2795 8 2890
12046 4 2 4 27 1725 28 111 2932
12047 4 2 4 27 804 2897 810 2916
12048 4 2 4 27 129 1725 1717 1726
12049 4 2 4 27 706 709 2785 2857
12050 4 2 4 27 221 641 222 2920
12051 4 2 4 27 18 2763 2789 2813
12052 4 2 4 27 158 509 144 2853
12053 4 2 4 27 347 2881 829 2897
12054 4 2 4 27 2786 2899 2770 2950
12055 4 2 4 27 1725 105 1726 29
12056 4 2 4 27 2770 2786 2767 2899
12057 4 2 4 27 373 374 357 867
12058 4 2 4 27 217 216 226 2824
12059 4 2 4 27 444 2858 446 2963
12060 4 2 4 27 856 865 2778 2858
12061 4 2 4 27 273 723 53 2947
12062 4 2 4 27 619 605 2771 2893
12063 4 2 4 27 379 363 364 2957
12064 4 2 4 27 139 2831 125 2856
12065 4 2 4 27 500 2780 489 2870
12066 4 2 4 27 270 269 713 2886
12067 4 2 4 27 823 829 2881 2897
12068 4 2 4 27 2771 2789 2909 2953
12069 4 2 4 27 460 107 477 2898
12070 4 2 4 27 491 121 122 2859
12071 4 2 4 27 376 103 375 2863
12072 4 2 4 27 672 685 50 2846
12073 4 2 4 27 18 2763 2769 2789
12074 4 2 4 27 683 249 51 2846
12075 4 2 4 27 1726 435 436 2803
12076 4 2 4 27 811 341 808 2788
12077 4 2 4 27 268 269 259 2886
12078 4 2 4 27 307 768 308 2799
12079 4 2 4 27 860 2761 371 2925
12080 4 2 4 27 525 526 149 2810
12081 4 2 4 27 9 8 7 2890
12082 4 2 4 27 15 2816 2818 2853
12083 4 2 4 27 528 527 555 537
12084 4 2 4 27 445 458 468 2838
12085 4 2 4 27 508 140 139 2832
12086 4 2 4 27 359 2761 2881 2901
12087 4 2 4 27 471 467 2875 2898
12088 4 2 4 27 24 2823 2770 2940
12089 4 2 4 27 359 2761 845 2881
12090 4 2 4 27 445 446 458 2838
12091 4 2 4 27 380 871 870 2957
12092 4 2 4 27 16 4 3 2878
12093 4 2 4 27 555 2841 2873 2924
12094 4 2 4 27 60 753 770 755
12095 4 2 4 27 336 335 321 2905
12096 4 2 4 27 356 1707 832 1709
12097 4 2 4 27 4 2804 3 2878
12098 4 2 4 27 273 53 274 2843
12099 4 2 4 27 2782 2858 2761 2937
12100 4 2 4 27 672 49 683 2846
12101 4 2 4 27 639 216 217 2824
12102 4 2 4 27 490 119 491 2867
12103 4 2 4 27 2771 2836 2756 2893
12104 4 2 4 27 496 2816 2780 2910
12105 4 2 4 27 2793 2878 22 2958
12106 4 2 4 27 2780 2816 2765 2870
12107 4 2 4 27 24 2770 2767 2940
12108 4 2 4 27 445 2838 468 2935
12109 4 2 4 27 508 507 140 2832
12110 4 2 4 27 2771 2813 2789 2953
12111 4 2 4 27 12 2786 2797 2899
12112 4 2 4 27 350 1735 67 2964
12113 4 2 4 27 100 99 456 2777
12114 4 2 4 27 230 20 47 2794
12115 4 2 4 27 10 2890 11 2894
12116 4 2 4 27 346 360 2881 2901
12117 4 2 4 27 122 106 105 2859
12118 4 2 4 27 523 141 142 2827
12119 4 2 4 27 329 801 330 2848
12120 4 2 4 27 347 2897 823 2916
12121 4 2 4 27 537 2873 2769 2880
12122 4 2 4 27 218 639 217 2824
12123 4 2 4 27 510 517 2853 2880
12124 4 2 4 27 340 341 811 2788
12125 4 2 4 27 356 2866 355 2952
12126 4 2 4 27 1707 71 374 2895
12127 4 2 4 27 629 218 217 225
12128 4 2 4 27 860 371 861 2925
12129 4 2 4 27 649 647 627 626
12130 4 2 4 27 254 695 696 2844
12131 4 2 4 27 50 236 10 2919
12132 4 2 4 27 2853 2873 539 2880
12133 4 2 4 27 2762 2843 2793 2958
12134 4 2 4 27 145 144 521 2853
12135 4 2 4 27 805 833 65 66
12136 4 2 4 27 460 108 2765 2845
12137 4 2 4 27 217 226 225 2824
12138 4 2 4 27 120 2765 2870 2898
12139 4 2 4 27 528 529 531 2960
12140 4 2 4 27 24 2760 2823 2940
12141 4 2 4 27 8 2795 9 2919
12142 4 2 4 27 713 269 712 2886
12143 4 2 4 27 6 2818 2769 2853
12144 4 2 4 27 48 47 651 2893
12145 4 2 4 27 808 341 327 2788
12146 4 2 4 27 849 845 358 860
12147 4 2 4 27 486 476 489 2898
12148 4 2 4 27 279 2835 2886 2894
12149 4 2 4 27 2789 2836 2771 2909
12150 4 2 4 27 445 468 470 2935
12151 4 2 4 27 439 2845 2858 2925
12152 4 2 4 27 2780 2870 2765 2898
12153 4 2 4 27 464 467 460 477
12154 4 2 4 27 627 647 634 626
12155 4 2 4 27 1729 2834 2798 2894
12156 4 2 4 27 136 507 137 2832
12157 4 2 4 27 2899 2940 2770 2950
12158 4 2 4 27 12 2767 2786 2899
12159 4 2 4 27 255 2846 52 2894
12160 4 2 4 27 359 360 852 2876
12161 4 2 4 27 1741 2825 2785 2857
12162 4 2 4 27 825 830 827 2917
12163 4 2 4 27 229 238 228 669
12164 4 2 4 27 490 117 118 2867
12165 4 2 4 27 472 106 107 2859
12166 4 2 4 27 433 434 1719 2777
12167 4 2 4 27 236 666 50 2893
12168 4 2 4 27 1 2 2773 2890
12169 4 2 4 27 182 181 571 2953
12170 4 2 4 27 366 826 842 352
12171 4 2 4 27 337 818 336 2906
12172 4 2 4 27 840 856 855 2778
12173 4 2 4 27 2789 2813 2924 2953
12174 4 2 4 27 356 68 1708 2952
12175 4 2 4 27 547 177 167 557
12176 4 2 4 27 460 2765 107 2898
12177 4 2 4 27 2762 2793 22 2958
12178 4 2 4 27 138 2856 498 2965
12179 4 2 4 27 1729 2798 2890 2894
12180 4 2 4 27 585 586 588 2961
12181 4 2 4 27 294 283 284 2921
12182 4 2 4 27 187 188 577 2909
12183 4 2 4 27 456 457 101 2777
12184 4 2 4 27 645 230 237 651
12185 4 2 4 27 119 120 491 2867
12186 4 2 4 27 209 616 208 2811
12187 4 2 4 27 1734 2773 2832 2966
12188 4 2 4 27 2760 2850 2883 2908
12189 4 2 4 27 1727 1717 1726 2941
12190 4 2 4 27 50 255 10 2846
12191 4 2 4 27 776 2899 779 2940
12192 4 2 4 27 377 2852 2778 2874
12193 4 2 4 27 17 15 2768 2878
12194 4 2 4 27 782 316 315 2913
12195 4 2 4 27 623 209 622 2948
12196 4 2 4 27 539 510 2853 2880
12197 4 2 4 27 738 291 292 2775
12198 4 2 4 27 771 2940 779 2950
12199 4 2 4 27 15 2816 2780 2818
12200 4 2 4 27 214 638 213 2824
12201 4 2 4 27 2818 2853 517 2880
12202 4 2 4 27 102 101 457 2777
12203 4 2 4 27 378 855 377 2778
12204 4 2 4 27 30 1725 1719 123
12205 4 2 4 27 124 492 125 2831
12206 4 2 4 27 856 2858 2778 2914
12207 4 2 4 27 563 176 564 2830
12208 4 2 4 27 236 50 10 2893
12209 4 2 4 27 148 36 159 2810
12210 4 2 4 27 360 361 852 2876
12211 4 2 4 27 2761 2782 4 2802
12212 4 2 4 27 378 364 840 2778
12213 4 2 4 27 456 101 100 2777
12214 4 2 4 27 218 638 639 2824
12215 4 2 4 27 549 577 188 2841
12216 4 2 4 27 804 2888 2897 2916
12217 4 2 4 27 779 2940 2899 2950
12218 4 2 4 27 15 2769 2763 2853
12219 4 2 4 27 468 2838 2845 2875
12220 4 2 4 27 230 47 20 2893
12221 4 2 4 27 1723 2878 2793 2958
12222 4 2 4 27 801 800 332 2848
12223 4 2 4 27 479 2856 486 2933
12224 4 2 4 27 540 509 158 2853
12225 4 2 4 27 723 721 53 2947
12226 4 2 4 27 2765 2816 2804 2870
12227 4 2 4 27 534 537 2769 2880
12228 4 2 4 27 7 437 9 2890
12229 4 2 4 27 1727 1715 1714 2879
12230 4 2 4 27 859 2858 856 2914
12231 4 2 4 27 472 105 106 2859
12232 4 2 4 27 463 488 113 461
12233 4 2 4 27 2769 2763 2873 2924
12234 4 2 4 27 833 66 831 832
12235 4 2 4 27 507 508 137 2832
12236 4 2 4 27 809 808 792 812
12237 4 2 4 27 2769 2841 175 2931
12238 4 2 4 27 771 776 779 2940
12239 4 2 4 27 526 150 149 2810
12240 4 2 4 27 211 219 210 2796
12241 4 2 4 27 579 553 552 570
12242 4 2 4 27 517 2818 2816 2853
12243 4 2 4 27 623 212 211 2796
12244 4 2 4 27 139 138 508 2832
12245 4 2 4 27 3 438 16 2878
12246 4 2 4 27 259 260 268 2886
12247 4 2 4 27 2790 2949 310 2950
12248 4 2 4 27 173 564 174 2830
12249 4 2 4 27 372 2761 358 2927
12250 4 2 4 27 517 2816 2818 2965
12251 4 2 4 27 1723 2793 2843 2958
12252 4 2 4 27 2760 2767 2888 2940
12253 4 2 4 27 1731 2890 1732 2919
12254 4 2 4 27 54 267 700 2846
12255 4 2 4 27 145 2853 521 2910
12256 4 2 4 27 770 303 755 2899
12257 4 2 4 27 860 2858 2761 2925
12258 4 2 4 27 353 830 2850 2883
12259 4 2 4 27 473 108 109 2885
12260 4 2 4 27 215 216 639 2824
12261 4 2 4 27 2845 2875 2765 2898
12262 4 2 4 27 239 677 676 2868
12263 4 2 4 27 2769 2873 2853 2880
12264 4 2 4 27 770 316 303 2899
12265 4 2 4 27 193 597 194 2771
12266 4 2 4 27 256 248 255 2854
12267 4 2 4 27 860 859 2761 2858
12268 4 2 4 27 156 2763 157 2887
12269 4 2 4 27 605 2836 2771 2893
12270 4 2 4 27 804 810 2897 2968
12271 4 2 4 27 204 213 205 2904
12272 4 2 4 27 270 271 2835 2886
12273 4 2 4 27 215 638 214 2824
12274 4 2 4 27 829 823 835 347
12275 4 2 4 27 825 352 830 2850
12276 4 2 4 27 175 2769 556 2841
12277 4 2 4 27 808 327 788 2788
12278 4 2 4 27 121 107 106 2859
12279 4 2 4 27 1707 67 362 847
12280 4 2 4 27 549 556 551 2841
12281 4 2 4 27 45 2771 206 2772
12282 4 2 4 27 219 220 210 2796
12283 4 2 4 27 841 856 840 2778
12284 4 2 4 27 489 478 2870 2898
12285 4 2 4 27 460 477 467 2898
12286 4 2 4 27 759 754 304 2797
12287 4 2 4 27 323 790 309 2949
12288 4 2 4 27 50 236 2919 2929
12289 4 2 4 27 215 639 638 2824
12290 4 2 4 27 12 2797 2786 2947
12291 4 2 4 27 360 345 361 2876
12292 4 2 4 27 14 2767 2760 2940
12293 4 2 4 27 1 2773 2766 2890
12294 4 2 4 27 498 2933 496 2965
12295 4 2 4 27 860 861 2858 2925
12296 4 2 4 27 372 849 358 860
12297 4 2 4 27 436 1735 2802 2895
12298 4 2 4 27 157 540 158 2853
12299 4 2 4 27 148 1718 147 2810
12300 4 2 4 27 1734 2773 2831 2832
12301 4 2 4 27 11 10 9 2890
12302 4 2 4 27 7 6 2 2890
12303 4 2 4 27 173 563 564 2830
12304 4 2 4 27 368 1708 68 2952
12305 4 2 4 27 340 2788 811 2883
12306 4 2 4 27 380 379 871 2957
12307 4 2 4 27 255 50 2894 2929
12308 4 2 4 27 623 211 210 2796
12309 4 2 4 27 24 2761 2805 2937
12310 4 2 4 27 10 2846 255 2894
12311 4 2 4 27 475 115 114 2932
12312 4 2 4 27 820 342 341 2866
12313 4 2 4 27 442 376 103 866
12314 4 2 4 27 173 172 563 2830
12315 4 2 4 27 445 446 2838 2963
12316 4 2 4 27 2780 2759 2818 2856
12317 4 2 4 27 24 2770 2823 2905
12318 4 2 4 27 355 354 839 2952
12319 4 2 4 27 3 15 17 2878
12320 4 2 4 27 334 335 2905 2968
12321 4 2 4 27 2765 2782 2759 2845
12322 4 2 4 27 2771 2789 8 2836
12323 4 2 4 27 771 2949 2940 2950
12324 4 2 4 27 2797 2882 2786 2947
12325 4 2 4 27 53 707 714 721
12326 4 2 4 27 834 333 348 821
12327 4 2 4 27 142 143 523 2827
12328 4 2 4 27 379 364 864 378
12329 4 2 4 27 591 198 207 612
12330 4 2 4 27 248 255 2854 2929
12331 4 2 4 27 51 2846 249 2958
12332 4 2 4 27 348 2906 347 2915
12333 4 2 4 27 195 186 185 573
12334 4 2 4 27 27 1725 1726 435
12335 4 2 4 27 770 769 316 2899
12336 4 2 4 27 23 2767 24 2770
12337 4 2 4 27 243 656 666 236
12338 4 2 4 27 47 48 643 2893
12339 4 2 4 27 52 700 267 2846
12340 4 2 4 27 10 255 50 2894
12341 4 2 4 27 170 2763 156 2887
12342 4 2 4 27 232 231 659 2920
12343 4 2 4 27 2770 2899 2767 2940
12344 4 2 4 27 1707 72 434 2957
12345 4 2 4 27 2780 496 2933 2965
12346 4 2 4 27 453 458 446 2845
12347 4 2 4 27 66 805 831 807
12348 4 2 4 27 836 345 346 2964
12349 4 2 4 27 368 367 854 2871
12350 4 2 4 27 2780 2818 2816 2965
12351 4 2 4 27 15 2765 2759 2780
12352 4 2 4 27 323 309 2790 2949
12353 4 2 4 27 125 492 493 2831
12354 4 2 4 27 490 118 119 2867
12355 4 2 4 27 468 2838 458 2845
12356 4 2 4 27 15 2804 2768 2878
12357 4 2 4 27 508 138 137 2832
12358 4 2 4 27 459 109 108 2845
12359 4 2 4 27 272 280 2835 2886
12360 4 2 4 27 459 450 109 2845
12361 4 2 4 27 2760 2767 2788 2888
12362 4 2 4 27 9 437 11 2890
12363 4 2 4 27 2 437 7 2890
12364 4 2 4 27 261 254 262 2844
12365 4 2 4 27 831 822 827 807
12366 4 2 4 27 360 346 345 2876
12367 4 2 4 27 464 107 121 477
12368 4 2 4 27 521 2853 517 2910
12369 4 2 4 27 368 854 853 2871
12370 4 2 4 27 436 2803 2802 2878
12371 4 2 4 27 492 128 493 2831
12372 4 2 4 27 734 732 739 278
12373 4 2 4 27 793 771 790 2949
12374 4 2 4 27 280 2835 279 2921
12375 4 2 4 27 595 566 567 578
12376 4 2 4 27 106 122 121 2859
12377 4 2 4 27 859 845 2761 2914
12378 4 2 4 27 170 527 156 2873
12379 4 2 4 27 770 776 769 2899
12380 4 2 4 27 2794 20 2878 2958
12381 4 2 4 27 368 68 367 2952
12382 4 2 4 27 439 96 440 2925
12383 4 2 4 27 820 341 819 2866
12384 4 2 4 27 17 438 3 2878
12385 4 2 4 27 16 438 23 2878
12386 4 2 4 27 378 2766 364 2778
12387 4 2 4 27 2823 2897 2805 2901
12388 4 2 4 27 770 779 776 2899
12389 4 2 4 27 510 513 517 2880
12390 4 2 4 27 551 553 546 555
12391 4 2 4 27 1708 434 433 2863
12392 4 2 4 27 770 753 779 2899
12393 4 2 4 27 440 95 450 2845
12394 4 2 4 27 2786 2797 2899 2950
12395 4 2 4 27 14 2787 2890 2908
12396 4 2 4 27 436 2804 2803 2878
12397 4 2 4 27 179 180 189 572
12398 4 2 4 27 563 172 171 2830
12399 4 2 4 27 1719 1717 1718 2832
12400 4 2 4 27 444 2874 2858 2963
12401 4 2 4 27 125 493 126 2831
12402 4 2 4 27 377 871 378 2863
12403 4 2 4 27 2782 2884 2865 2926
12404 4 2 4 27 446 458 2838 2845
12405 4 2 4 27 3 2804 15 2878
12406 4 2 4 27 18 2789 2771 2813
12407 4 2 4 27 127 493 128 2831
12408 4 2 4 27 1725 1726 117 29
12409 4 2 4 27 1723 2843 2844 2958
12410 4 2 4 27 156 540 157 2873
12411 4 2 4 27 770 755 753 2899
12412 4 2 4 27 473 110 472 2885
12413 4 2 4 27 337 338 818 2906
12414 4 2 4 27 376 375 870 2863
12415 4 2 4 27 22 2786 2770 2793
12416 4 2 4 27 315 769 787 329
12417 4 2 4 27 23 22 2767 2770
12418 4 2 4 27 333 821 805 810
12419 4 2 4 27 1724 2801 2793 2878
12420 4 2 4 27 188 174 549 2841
12421 4 2 4 27 566 189 180 572
12422 4 2 4 27 151 520 2880 2965
12423 4 2 4 27 593 196 197 2811
12424 4 2 4 27 127 113 112 462
12425 4 2 4 27 1734 433 2773 2890
12426 4 2 4 27 2782 2845 95 2925
12427 4 2 4 27 706 2785 703 2825
12428 4 2 4 27 225 47 218 2824
12429 4 2 4 27 14 2890 2766 2908
12430 4 2 4 27 364 365 840 2778
12431 4 2 4 27 141 1717 1727 2941
12432 4 2 4 27 18 2763 17 2769
12433 4 2 4 27 587 189 566 572
12434 4 2 4 27 50 664 49 2893
12435 4 2 4 27 2763 2853 2769 2873
12436 4 2 4 27 2836 2919 212 2922
12437 4 2 4 27 239 240 677 2868
12438 4 2 4 27 776 769 2899 2907
12439 4 2 4 27 162 2769 176 2809
12440 4 2 4 27 756 305 296 759
12441 4 2 4 27 800 801 329 2848
12442 4 2 4 27 2856 2933 498 2965
12443 4 2 4 27 587 592 189 572
12444 4 2 4 27 334 810 335 2968
12445 4 2 4 27 279 54 714 2775
12446 4 2 4 27 443 442 444 2963
12447 4 2 4 27 1742 2799 1740 2855
12448 4 2 4 27 209 2811 208 2948
12449 4 2 4 27 376 870 377 2863
12450 4 2 4 27 2785 1741 2857 2903
12451 4 2 4 27 15 2765 2780 2816
12452 4 2 4 27 205 45 206 2904
12453 4 2 4 27 2773 2818 2856 2966
12454 4 2 4 27 297 2786 298 2793
12455 4 2 4 27 810 334 2897 2968
12456 4 2 4 27 13 2787 2798 2890
12457 4 2 4 27 125 2831 126 2856
12458 4 2 4 27 378 840 855 2778
12459 4 2 4 27 357 373 358 2927
12460 4 2 4 27 535 154 153 2942
12461 4 2 4 27 18 2768 2763 2813
12462 4 2 4 27 825 826 352 2850
12463 4 2 4 27 309 310 2790 2949
12464 4 2 4 27 649 647 231 627
12465 4 2 4 27 840 2778 842 2914
12466 4 2 4 27 269 268 712 2886
12467 4 2 4 27 273 2843 2762 2958
12468 4 2 4 27 1729 2798 2787 2890
12469 4 2 4 27 230 47 657 2794
12470 4 2 4 27 555 567 2841 2924
12471 4 2 4 27 527 555 537 2873
12472 4 2 4 27 115 2777 100 2935
12473 4 2 4 27 2780 2898 2875 2933
12474 4 2 4 27 339 807 354 2883
12475 4 2 4 27 8 2808 2789 2809
12476 4 2 4 27 204 213 214 633
12477 4 2 4 27 808 811 2788 2888
12478 4 2 4 27 312 313 781 2902
12479 4 2 4 27 1719 2777 434 2932
12480 4 2 4 27 524 523 143 2827
12481 4 2 4 27 745 2762 285 2882
12482 4 2 4 27 835 333 348 2915
12483 4 2 4 27 2767 2788 2888 2940
12484 4 2 4 27 730 280 279 2921
12485 4 2 4 27 446 2858 2838 2963
12486 4 2 4 27 870 871 377 2863
12487 4 2 4 27 126 493 127 2831
12488 4 2 4 27 460 2845 2765 2898
12489 4 2 4 27 17 2763 15 2769
12490 4 2 4 27 700 691 704 2846
12491 4 2 4 27 800 329 328 2848
12492 4 2 4 27 685 683 52 2846
12493 4 2 4 27 261 53 704 2846
12494 4 2 4 27 4 2802 2782 2803
12495 4 2 4 27 303 316 317 2840
12496 4 2 4 27 110 93 27 2885
12497 4 2 4 27 2797 753 2899 2950
12498 4 2 4 27 146 524 145 2911
12499 4 2 4 27 2802 2865 436 2895
12500 4 2 4 27 847 824 68 67
12501 4 2 4 27 823 2881 2805 2897
12502 4 2 4 27 486 2875 476 2898
12503 4 2 4 27 650 666 656 651
12504 4 2 4 27 793 2940 771 2949
12505 4 2 4 27 732 739 278 287
12506 4 2 4 27 860 861 859 2858
12507 4 2 4 27 844 2881 843 2914
12508 4 2 4 27 18 2769 8 2789
12509 4 2 4 27 500 2780 496 2933
12510 4 2 4 27 619 45 605 2893
12511 4 2 4 27 8 2756 2771 2836
12512 4 2 4 27 548 527 170 2873
12513 4 2 4 27 286 287 746 2892
12514 4 2 4 27 18 2768 2813 2954
12515 4 2 4 27 158 144 143 2862
12516 4 2 4 27 372 371 2761 2927
12517 4 2 4 27 2766 2773 433 2890
12518 4 2 4 27 272 54 280 2886
12519 4 2 4 27 830 2883 827 2917
12520 4 2 4 27 2760 2883 2788 2908
12521 4 2 4 27 771 309 790 2949
12522 4 2 4 27 842 366 352 2850
12523 4 2 4 27 622 209 208 2948
12524 4 2 4 27 22 2770 2790 2793
12525 4 2 4 27 346 347 836 2964
12526 4 2 4 27 578 576 577 2909
12527 4 2 4 27 12 2767 22 2786
12528 4 2 4 27 609 608 607 610
12529 4 2 4 27 2797 2882 753 2950
12530 4 2 4 27 655 630 632 2939
12531 4 2 4 27 2780 2759 2856 2933
12532 4 2 4 27 350 2891 1735 2964
12533 4 2 4 27 2786 2882 2797 2950
12534 4 2 4 27 364 2766 365 2778
12535 4 2 4 27 2782 2803 2802 2865
12536 4 2 4 27 113 127 112 2932
12537 4 2 4 27 232 222 223 2920
12538 4 2 4 27 297 298 765 2849
12539 4 2 4 27 488 128 466 462
12540 4 2 4 27 261 262 710 2903
12541 4 2 4 27 285 2762 2786 2882
12542 4 2 4 27 109 110 473 2885
12543 4 2 4 27 256 247 248 2854
12544 4 2 4 27 497 500 496 2933
12545 4 2 4 27 676 677 242 2868
12546 4 2 4 27 704 54 700 2846
12547 4 2 4 27 619 2771 45 2893
12548 4 2 4 27 2778 2914 2858 2937
12549 4 2 4 27 623 210 209 2796
12550 4 2 4 27 1733 1720 2819 2830
12551 4 2 4 27 534 2769 163 2880
12552 4 2 4 27 212 211 2796 2919
12553 4 2 4 27 272 2835 271 2886
12554 4 2 4 27 100 2777 101 2935
12555 4 2 4 27 776 2907 2899 2940
12556 4 2 4 27 107 2859 2765 2884
12557 4 2 4 27 261 704 51 2846
12558 4 2 4 27 2759 6 2780 2818
12559 4 2 4 27 804 2888 2823 2897
12560 4 2 4 27 2761 2858 2914 2937
12561 4 2 4 27 353 2908 2850 2952
12562 4 2 4 27 229 230 237 645
12563 4 2 4 27 524 143 144 2827
12564 4 2 4 27 1717 129 130 499
12565 4 2 4 27 262 263 253 708
12566 4 2 4 27 149 150 164 2810
12567 4 2 4 27 159 36 148 515
12568 4 2 4 27 842 826 844 825
12569 4 2 4 27 310 309 771 2949
12570 4 2 4 27 4 2764 2759 2782
12571 4 2 4 27 311 779 297 2950
12572 4 2 4 27 12 2775 2797 2947
12573 4 2 4 27 304 2798 2797 2899
12574 4 2 4 27 842 365 366 2850
12575 4 2 4 27 358 851 357 2895
12576 4 2 4 27 22 2878 21 2958
12577 4 2 4 27 504 146 131 499
12578 4 2 4 27 201 192 2945 2956
12579 4 2 4 27 267 260 268 700
12580 4 2 4 27 120 2867 119 2870
12581 4 2 4 27 2789 188 2841 2931
12582 4 2 4 27 1718 160 159 2779
12583 4 2 4 27 488 128 476 466
12584 4 2 4 27 147 2810 1718 2832
12585 4 2 4 27 13 14 2787 2890
12586 4 2 4 27 157 540 2853 2873
12587 4 2 4 27 1725 111 30 2932
12588 4 2 4 27 723 273 53 274
12589 4 2 4 27 702 715 716 281
12590 4 2 4 27 858 444 865 2858
12591 4 2 4 27 327 328 788 2788
12592 4 2 4 27 378 377 2766 2778
12593 4 2 4 27 843 844 824 2881
12594 4 2 4 27 727 701 266 721
12595 4 2 4 27 219 610 210 220
12596 4 2 4 27 433 1734 2773 2831
12597 4 2 4 27 168 548 169 2924
12598 4 2 4 27 521 510 517 2853
12599 4 2 4 27 498 125 140 481
12600 4 2 4 27 640 224 641 2920
12601 4 2 4 27 112 127 128 2932
12602 4 2 4 27 859 2761 2858 2914
12603 4 2 4 27 24 2790 2770 2905
12604 4 2 4 27 62 315 329 2829
12605 4 2 4 27 47 2772 218 2824
12606 4 2 4 27 306 2799 307 2855
12607 4 2 4 27 298 2786 758 2882
12608 4 2 4 27 459 471 453 2845
12609 4 2 4 27 1730 2798 1729 2834
12610 4 2 4 27 173 183 2819 2830
12611 4 2 4 27 601 196 195 2923
12612 4 2 4 27 191 2945 192 2956
12613 4 2 4 27 150 151 520 2880
12614 4 2 4 27 2888 2916 2883 2917
12615 4 2 4 27 133 119 134 2867
12616 4 2 4 27 266 275 265 701
12617 4 2 4 27 8 2756 2836 2893
12618 4 2 4 27 684 668 247 689
12619 4 2 4 27 372 358 373 2927
12620 4 2 4 27 481 498 125 479
12621 4 2 4 27 544 160 159 2872
12622 4 2 4 27 753 779 2899 2950
12623 4 2 4 27 1708 434 2863 2957
12624 4 2 4 27 441 96 439 2925
12625 4 2 4 27 232 223 231 2920
12626 4 2 4 27 2761 845 2881 2914
12627 4 2 4 27 771 786 793 790
12628 4 2 4 27 841 856 2778 2914
12629 4 2 4 27 294 749 295 2828
12630 4 2 4 27 256 684 247 689
12631 4 2 4 27 482 478 119 501
12632 4 2 4 27 808 803 792 812
12633 4 2 4 27 15 2818 6 2853
12634 4 2 4 27 2801 2805 2761 2901
12635 4 2 4 27 163 2769 162 2809
12636 4 2 4 27 272 281 702 271
12637 4 2 4 27 345 360 843 829
12638 4 2 4 27 867 374 69 863
12639 4 2 4 27 234 660 235 2929
12640 4 2 4 27 295 2799 296 2855
12641 4 2 4 27 1722 2849 1736 2896
12642 4 2 4 27 279 2886 54 2894
12643 4 2 4 27 2833 2890 2787 2908
12644 4 2 4 27 475 116 115 2932
12645 4 2 4 27 199 200 2836 2922
12646 4 2 4 27 741 754 738 2797
12647 4 2 4 27 842 2850 825 2917
12648 4 2 4 27 337 63 326 2792
12649 4 2 4 27 348 333 2906 2915
12650 4 2 4 27 806 803 804 2888
12651 4 2 4 27 138 2832 2856 2966
12652 4 2 4 27 27 93 110 451
12653 4 2 4 27 628 215 637 2820
12654 4 2 4 27 364 853 365 2871
12655 4 2 4 27 497 485 501 500
12656 4 2 4 27 859 856 841 2914
12657 4 2 4 27 2790 2793 1724 2801
12658 4 2 4 27 112 128 111 2932
12659 4 2 4 27 1718 1733 1734 2830
12660 4 2 4 27 55 721 723 2947
12661 4 2 4 27 112 128 127 462
12662 4 2 4 27 823 2805 2881 2917
12663 4 2 4 27 835 821 2915 2916
12664 4 2 4 27 489 2870 2780 2898
12665 4 2 4 27 841 840 842 2914
12666 4 2 4 27 55 723 273 2947
12667 4 2 4 27 456 26 104 2777
12668 4 2 4 27 480 140 125 481
12669 4 2 4 27 316 2840 303 2899
12670 4 2 4 27 803 808 792 2888
12671 4 2 4 27 765 298 299 2849
12672 4 2 4 27 320 783 782 2913
12673 4 2 4 27 478 119 501 2870
12674 4 2 4 27 470 452 116 458
12675 4 2 4 27 250 249 242 2868
12676 4 2 4 27 345 360 829 346
12677 4 2 4 27 803 806 808 2888
12678 4 2 4 27 299 300 290 764
12679 4 2 4 27 864 363 364 379
12680 4 2 4 27 2784 2875 486 2933
12681 4 2 4 27 2761 4 2801 2802
12682 4 2 4 27 467 476 469 2875
12683 4 2 4 27 276 277 729 2892
12684 4 2 4 27 264 2785 709 2857
12685 4 2 4 27 2759 2845 2838 2875
12686 4 2 4 27 267 712 268 2886
12687 4 2 4 27 370 96 97 441
12688 4 2 4 27 24 14 2760 2940
12689 4 2 4 27 24 2767 14 2940
12690 4 2 4 27 749 296 295 2828
12691 4 2 4 27 1723 1724 2793 2878
12692 4 2 4 27 169 2873 2763 2924
12693 4 2 4 27 2761 2914 2805 2937
12694 4 2 4 27 810 2897 334 2915
12695 4 2 4 27 442 2874 444 2963
12696 4 2 4 27 2765 2845 2759 2875
12697 4 2 4 27 139 125 140 498
12698 4 2 4 27 669 645 237 664
12699 4 2 4 27 842 352 826 2850
12700 4 2 4 27 793 776 771 2940
12701 4 2 4 27 545 544 164 2872
12702 4 2 4 27 463 488 461 2875
12703 4 2 4 27 825 842 826 2850
12704 4 2 4 27 243 235 656 236
12705 4 2 4 27 631 605 45 624
12706 4 2 4 27 844 825 824 2917
12707 4 2 4 27 841 2778 840 2914
12708 4 2 4 27 641 223 222 2920
12709 4 2 4 27 633 613 618 614
12710 4 2 4 27 363 379 380 2957
12711 4 2 4 27 354 353 839 2952
12712 4 2 4 27 4 2764 2782 2937
12713 4 2 4 27 127 113 2784 2831
12714 4 2 4 27 310 2949 771 2950
12715 4 2 4 27 173 2819 172 2830
12716 4 2 4 27 769 316 2899 2907
12717 4 2 4 27 842 840 365 2778
12718 4 2 4 27 489 2898 2780 2933
12719 4 2 4 27 520 517 513 2880
12720 4 2 4 27 359 2876 2761 2901
12721 4 2 4 27 266 275 701 727
12722 4 2 4 27 170 169 2763 2768
12723 4 2 4 27 800 328 327 2848
12724 4 2 4 27 336 818 335 2906
12725 4 2 4 27 367 351 366 2952
12726 4 2 4 27 8 2808 2795 2922
12727 4 2 4 27 2818 2933 2856 2965
12728 4 2 4 27 289 747 288 2892
12729 4 2 4 27 8 2789 2808 2922
12730 4 2 4 27 804 2897 2823 2968
12731 4 2 4 27 1734 2832 2810 2966
12732 4 2 4 27 100 99 116 447
12733 4 2 4 27 15 6 2769 2853
12734 4 2 4 27 760 762 1742 761
12735 4 2 4 27 114 113 2773 2784
12736 4 2 4 27 520 513 514 2880
12737 4 2 4 27 702 715 281 272
12738 4 2 4 27 853 854 365 2871
12739 4 2 4 27 827 2883 822 2917
12740 4 2 4 27 747 746 287 2892
12741 4 2 4 27 2816 2804 2870 2911
12742 4 2 4 27 745 741 734 2947
12743 4 2 4 27 136 135 1717 503
12744 4 2 4 27 296 2799 306 2855
12745 4 2 4 27 160 1718 159 2872
12746 4 2 4 27 571 567 2924 2953
12747 4 2 4 27 577 2841 567 2909
12748 4 2 4 27 190 599 189 2956
12749 4 2 4 27 2766 2890 2833 2908
12750 4 2 4 27 134 119 133 501
12751 4 2 4 27 11 437 13 2890
12752 4 2 4 27 5 437 2 2890
12753 4 2 4 27 695 249 250 2868
12754 4 2 4 27 119 2867 133 2870
12755 4 2 4 27 116 447 452 470
12756 4 2 4 27 218 636 45 2893
12757 4 2 4 27 845 859 841 2914
12758 4 2 4 27 753 297 779 2950
12759 4 2 4 27 2766 2773 1 2852
12760 4 2 4 27 476 30 29 466
12761 4 2 4 27 820 343 342 2866
12762 4 2 4 27 725 55 726 734
12763 4 2 4 27 104 103 375 449
12764 4 2 4 27 692 690 703 2785
12765 4 2 4 27 434 28 1725 2932
12766 4 2 4 27 844 843 845 2914
12767 4 2 4 27 119 118 134 2867
12768 4 2 4 27 252 2785 253 2903
12769 4 2 4 27 62 329 330 2848
12770 4 2 4 27 677 241 242 2868
12771 4 2 4 27 18 2771 2756 2893
12772 4 2 4 27 854 366 365 2871
12773 4 2 4 27 19 438 17 2878
12774 4 2 4 27 23 438 21 2878
12775 4 2 4 27 621 204 205 2904
12776 4 2 4 27 2759 2765 2875 2898
12777 4 2 4 27 328 2788 327 2908
12778 4 2 4 27 453 440 450 2845
12779 4 2 4 27 2764 2858 2778 2874
12780 4 2 4 27 133 501 119 2870
12781 4 2 4 27 285 2786 2762 2793
12782 4 2 4 27 148 159 1718 2810
12783 4 2 4 27 788 792 808 2788
12784 4 2 4 27 257 256 247 689
12785 4 2 4 27 188 2841 577 2909
12786 4 2 4 27 21 2878 20 2958
12787 4 2 4 27 265 275 266 2903
12788 4 2 4 27 194 2771 597 2953
12789 4 2 4 27 730 281 280 2921
12790 4 2 4 27 251 252 696 2868
12791 4 2 4 27 2780 2856 2818 2933
12792 4 2 4 27 275 701 727 718
12793 4 2 4 27 825 2850 830 2917
12794 4 2 4 27 706 2785 2825 2857
12795 4 2 4 27 323 2790 322 2949
12796 4 2 4 27 806 340 811 2883
12797 4 2 4 27 2761 2858 2782 2925
12798 4 2 4 27 2769 2789 2841 2931
12799 4 2 4 27 97 98 369 441
12800 4 2 4 27 120 477 121 2898
12801 4 2 4 27 2761 2801 24 2805
12802 4 2 4 27 527 537 539 2873
12803 4 2 4 27 823 829 824 2881
12804 4 2 4 27 2784 2856 2759 2933
12805 4 2 4 27 823 2881 824 2917
12806 4 2 4 27 755 304 754 2797
12807 4 2 4 27 173 40 183 2830
12808 4 2 4 27 143 144 158 509
12809 4 2 4 27 837 347 348 2964
12810 4 2 4 27 224 46 2893 2919
12811 4 2 4 27 24 2761 4 2801
12812 4 2 4 27 53 2843 273 2958
12813 4 2 4 27 809 64 332 812
12814 4 2 4 27 338 817 818 2906
12815 4 2 4 27 32 124 123 480
12816 4 2 4 27 310 2902 2790 2950
12817 4 2 4 27 6 15 2759 2780
12818 4 2 4 27 96 370 861 441
12819 4 2 4 27 843 2881 845 2914
12820 4 2 4 27 435 71 1707 2895
12821 4 2 4 27 836 347 837 2964
12822 4 2 4 27 2770 2949 2790 2950
12823 4 2 4 27 783 317 782 2913
12824 4 2 4 27 256 257 247 2854
12825 4 2 4 27 2883 2916 822 2917
12826 4 2 4 27 691 52 51 2846
12827 4 2 4 27 49 20 2794 2958
12828 4 2 4 27 197 602 198 2923
12829 4 2 4 27 49 20 2846 2893
12830 4 2 4 27 2760 2897 2888 2916
12831 4 2 4 27 2786 2793 297 2950
12832 4 2 4 27 333 334 2906 2915
12833 4 2 4 27 714 2775 2846 2947
12834 4 2 4 27 435 436 2865 2895
12835 4 2 4 27 2782 2858 2845 2925
12836 4 2 4 27 273 55 2762 2843
12837 4 2 4 27 15 2780 6 2818
12838 4 2 4 27 91 2804 436 2878
12839 4 2 4 27 490 29 117 2859
12840 4 2 4 27 291 2775 738 2797
12841 4 2 4 27 159 36 515 532
12842 4 2 4 27 182 571 2924 2953
12843 4 2 4 27 828 354 339 807
12844 4 2 4 27 356 355 839 2952
12845 4 2 4 27 308 767 60 2840
12846 4 2 4 27 729 278 728 2892
12847 4 2 4 27 205 213 45 2904
12848 4 2 4 27 250 249 688 242
12849 4 2 4 27 96 861 370 2925
12850 4 2 4 27 673 688 683 242
12851 4 2 4 27 844 846 826 842
12852 4 2 4 27 645 229 228 669
12853 4 2 4 27 157 2853 2763 2873
12854 4 2 4 27 235 656 654 244
12855 4 2 4 27 45 619 605 618
12856 4 2 4 27 315 2829 316 2907
12857 4 2 4 27 64 332 343 809
12858 4 2 4 27 732 726 719 278
12859 4 2 4 27 54 704 53 2846
12860 4 2 4 27 563 38 176 2872
12861 4 2 4 27 2769 2809 2789 2931
12862 4 2 4 27 362 848 67 361
12863 4 2 4 27 1731 2919 2920 2929
12864 4 2 4 27 517 2853 2816 2910
12865 4 2 4 27 105 1726 29 2859
12866 4 2 4 27 754 753 755 2797
12867 4 2 4 27 456 99 26 2777
12868 4 2 4 27 281 730 731 2921
12869 4 2 4 27 594 585 590 612
12870 4 2 4 27 804 2823 2888 2968
12871 4 2 4 27 126 127 2784 2831
12872 4 2 4 27 447 443 445 2935
12873 4 2 4 27 433 2773 2777 2831
12874 4 2 4 27 122 105 29 2859
12875 4 2 4 27 8 2893 2836 2919
12876 4 2 4 27 1725 30 1719 2932
12877 4 2 4 27 316 782 317 2913
12878 4 2 4 27 371 2925 2761 2926
12879 4 2 4 27 316 769 315 2907
12880 4 2 4 27 766 765 299 2849
12881 4 2 4 27 286 2762 55 2892
12882 4 2 4 27 2 1 5 2890
12883 4 2 4 27 439 2858 861 2925
12884 4 2 4 27 275 266 274 727
12885 4 2 4 27 359 845 843 2881
12886 4 2 4 27 251 696 695 2868
12887 4 2 4 27 749 748 296 2828
12888 4 2 4 27 24 2805 2760 2937
12889 4 2 4 27 15 2804 2765 2816
12890 4 2 4 27 50 2846 10 2893
12891 4 2 4 27 372 373 358 867
12892 4 2 4 27 2778 2858 2764 2937
12893 4 2 4 27 288 2860 289 2892
12894 4 2 4 27 1719 30 123 2831
12895 4 2 4 27 197 2811 196 2948
12896 4 2 4 27 621 205 206 2904
12897 4 2 4 27 688 673 674 242
12898 4 2 4 27 753 755 2797 2899
12899 4 2 4 27 442 376 866 2874
12900 4 2 4 27 601 197 196 2923
12901 4 2 4 27 224 2893 48 2919
12902 4 2 4 27 482 485 478 501
12903 4 2 4 27 55 273 728 2843
12904 4 2 4 27 346 2881 347 2901
12905 4 2 4 27 439 96 441 440
12906 4 2 4 27 548 546 168 547
12907 4 2 4 27 1734 2831 1719 2832
12908 4 2 4 27 159 160 532 2779
12909 4 2 4 27 501 133 500 2870
12910 4 2 4 27 785 797 773 314
12911 4 2 4 27 14 24 23 2767
12912 4 2 4 27 824 847 68 826
12913 4 2 4 27 793 790 2940 2949
12914 4 2 4 27 262 253 254 708
12915 4 2 4 27 2759 2780 2875 2933
12916 4 2 4 27 51 52 683 2846
12917 4 2 4 27 819 344 820 2866
12918 4 2 4 27 583 582 188 2869
12919 4 2 4 27 2771 2909 595 2953
12920 4 2 4 27 68 368 367 850
12921 4 2 4 27 824 829 843 2881
12922 4 2 4 27 595 567 566 2953
12923 4 2 4 27 601 602 197 2923
12924 4 2 4 27 95 2884 2782 2925
12925 4 2 4 27 498 502 138 2965
12926 4 2 4 27 2775 2797 291 2798
12927 4 2 4 27 460 459 108 2845
12928 4 2 4 27 91 1716 2804 2878
12929 4 2 4 27 2816 2853 15 2862
12930 4 2 4 27 256 255 697 2854
12931 4 2 4 27 304 767 2799 2840
12932 4 2 4 27 356 839 838 2952
12933 4 2 4 27 1728 2787 1729 2798
12934 4 2 4 27 250 242 241 2868
12935 4 2 4 27 841 69 863 849
12936 4 2 4 27 821 810 2915 2916
12937 4 2 4 27 240 241 677 2868
12938 4 2 4 27 17 7 8 2769
12939 4 2 4 27 18 17 8 2769
12940 4 2 4 27 189 180 179 2955
12941 4 2 4 27 433 1738 2766 2890
12942 4 2 4 27 206 45 205 619
12943 4 2 4 27 848 824 345 829
12944 4 2 4 27 1716 2768 2804 2878
12945 4 2 4 27 2798 2834 2828 2894
12946 4 2 4 27 210 610 219 606
12947 4 2 4 27 643 630 634 655
12948 4 2 4 27 460 471 459 2845
12949 4 2 4 27 4 2782 2761 2937
12950 4 2 4 27 1727 141 142 2847
12951 4 2 4 27 441 439 861 2925
12952 4 2 4 27 486 2856 2784 2933
12953 4 2 4 27 1 2766 5 2890
12954 4 2 4 27 251 695 250 2868
12955 4 2 4 27 825 827 822 2917
12956 4 2 4 27 113 488 463 462
12957 4 2 4 27 808 2788 792 2888
12958 4 2 4 27 517 499 495 494
12959 4 2 4 27 691 51 704 2846
12960 4 2 4 27 1707 374 69 2895
12961 4 2 4 27 599 190 191 2956
12962 4 2 4 27 2780 2933 2818 2965
12963 4 2 4 27 845 849 859 860
12964 4 2 4 27 120 2765 2859 2867
12965 4 2 4 27 738 2775 56 2947
12966 4 2 4 27 750 764 300 763
12967 4 2 4 27 694 680 693 252
12968 4 2 4 27 336 802 816 815
12969 4 2 4 27 527 156 540 541
12970 4 2 4 27 584 598 192 597
12971 4 2 4 27 348 834 821 835
12972 4 2 4 27 378 364 2871 2957
12973 4 2 4 27 742 760 751 740
12974 4 2 4 27 435 436 2803 2865
12975 4 2 4 27 540 156 527 2873
12976 4 2 4 27 170 169 548 2873
12977 4 2 4 27 437 5 13 2890
12978 4 2 4 27 1724 91 436 2878
12979 4 2 4 27 515 36 148 512
12980 4 2 4 27 1733 2808 1734 2830
12981 4 2 4 27 435 27 1725 2946
12982 4 2 4 27 351 352 366 2952
12983 4 2 4 27 498 139 125 2856
12984 4 2 4 27 443 102 442 2963
12985 4 2 4 27 365 842 2778 2850
12986 4 2 4 27 1738 1729 2787 2890
12987 4 2 4 27 2789 2841 188 2909
12988 4 2 4 27 827 830 353 2883
12989 4 2 4 27 22 12 13 2767
12990 4 2 4 27 13 23 22 2767
12991 4 2 4 27 2850 2883 830 2917
12992 4 2 4 27 2834 2886 2835 2894
12993 4 2 4 27 2759 2780 2765 2898
12994 4 2 4 27 441 861 96 2925
12995 4 2 4 27 297 753 758 2950
12996 4 2 4 27 320 319 783 2913
12997 4 2 4 27 108 2765 2845 2884
12998 4 2 4 27 475 114 113 2932
12999 4 2 4 27 259 699 269 268
13000 4 2 4 27 365 2778 2766 2850
13001 4 2 4 27 360 843 848 345
13002 4 2 4 27 260 698 697 2854
13003 4 2 4 27 1731 1729 1732 2890
13004 4 2 4 27 267 260 52 2886
13005 4 2 4 27 2772 2794 20 2878
13006 4 2 4 27 433 1744 1738 2890
13007 4 2 4 27 1727 1717 141 2847
13008 4 2 4 27 545 164 163 2872
13009 4 2 4 27 106 107 121 464
13010 4 2 4 27 229 237 238 669
13011 4 2 4 27 700 52 691 2846
13012 4 2 4 27 21 438 19 2878
13013 4 2 4 27 137 152 502 503
13014 4 2 4 27 235 660 236 2929
13015 4 2 4 27 692 680 690 2785
13016 4 2 4 27 1707 434 72 2934
13017 4 2 4 27 710 262 263 2903
13018 4 2 4 27 476 2875 467 2898
13019 4 2 4 27 17 15 7 2769
13020 4 2 4 27 15 6 7 2769
13021 4 2 4 27 361 345 67 2964
13022 4 2 4 27 596 2771 595 2953
13023 4 2 4 27 18 8 2771 2789
13024 4 2 4 27 864 364 840 378
13025 4 2 4 27 741 2882 2797 2947
13026 4 2 4 27 1733 2795 1732 2808
13027 4 2 4 27 860 372 849 867
13028 4 2 4 27 2765 2859 2804 2884
13029 4 2 4 27 1738 2833 2766 2890
13030 4 2 4 27 2763 2768 169 2924
13031 4 2 4 27 529 530 528 531
13032 4 2 4 27 753 754 751 752
13033 4 2 4 27 806 805 804 803
13034 4 2 4 27 587 588 585 586
13035 4 2 4 27 789 2907 776 2940
13036 4 2 4 27 18 19 17 2878
13037 4 2 4 27 21 22 23 2878
13038 4 2 4 27 314 325 324 2792
13039 4 2 4 27 44 2836 212 2922
13040 4 2 4 27 583 188 187 2869
13041 4 2 4 27 735 737 284 293
13042 4 2 4 27 321 335 336 816
13043 4 2 4 27 788 2788 328 2907
13044 4 2 4 27 95 2845 2782 2884
13045 4 2 4 27 329 2829 315 2907
13046 4 2 4 27 779 310 771 2950
13047 4 2 4 27 291 748 292 2828
13048 4 2 4 27 263 693 253 708
13049 4 2 4 27 50 243 236 2929
13050 4 2 4 27 2798 2840 2829 2899
13051 4 2 4 27 113 488 127 2784
13052 4 2 4 27 136 137 34 2832
13053 4 2 4 27 3 2759 15 2765
13054 4 2 4 27 595 2771 2836 2909
13055 4 2 4 27 335 818 817 2906
13056 4 2 4 27 2787 14 2829 2908
13057 4 2 4 27 366 351 826 352
13058 4 2 4 27 1722 2793 1724 2849
13059 4 2 4 27 641 224 223 2920
13060 4 2 4 27 605 624 46 45
13061 4 2 4 27 3 4 2759 2765
13062 4 2 4 27 2760 14 2850 2908
13063 4 2 4 27 358 849 372 867
13064 4 2 4 27 12 2797 2798 2899
13065 4 2 4 27 805 822 2883 2916
13066 4 2 4 27 781 313 314 2902
13067 4 2 4 27 52 2846 267 2894
13068 4 2 4 27 715 702 714 272
13069 4 2 4 27 182 181 2813 2954
13070 4 2 4 27 55 714 721 2947
13071 4 2 4 27 293 749 294 2828
13072 4 2 4 27 567 595 578 2909
13073 4 2 4 27 96 97 455 2928
13074 4 2 4 27 1719 32 135 2832
13075 4 2 4 27 70 857 380 864
13076 4 2 4 27 858 866 865 444
13077 4 2 4 27 205 213 204 618
13078 4 2 4 27 54 267 2846 2894
13079 4 2 4 27 13 14 23 2767
13080 4 2 4 27 805 807 806 2883
13081 4 2 4 27 693 692 254 708
13082 4 2 4 27 2773 6 2818 2966
13083 4 2 4 27 2759 2875 2780 2898
13084 4 2 4 27 2897 2916 2760 2917
13085 4 2 4 27 499 129 31 494
13086 4 2 4 27 14 5 2766 2890
13087 4 2 4 27 4 2761 24 2937
13088 4 2 4 27 459 453 450 2845
13089 4 2 4 27 316 2829 2899 2907
13090 4 2 4 27 745 2882 741 2947
13091 4 2 4 27 443 447 101 2935
13092 4 2 4 27 495 500 504 2910
13093 4 2 4 27 109 94 110 2885
13094 4 2 4 27 47 20 2772 2794
13095 4 2 4 27 1707 70 380 2957
13096 4 2 4 27 12 2786 22 2947
13097 4 2 4 27 683 49 673 242
13098 4 2 4 27 142 143 2827 2887
13099 4 2 4 27 279 54 2775 2894
13100 4 2 4 27 332 2812 331 2848
13101 4 2 4 27 113 127 488 462
13102 4 2 4 27 2804 2816 2862 2911
13103 4 2 4 27 360 829 346 2881
13104 4 2 4 27 308 2799 767 2840
13105 4 2 4 27 244 243 678 2929
13106 4 2 4 27 19 2772 20 2878
13107 4 2 4 27 2764 2778 2852 2874
13108 4 2 4 27 345 843 848 829
13109 4 2 4 27 163 162 545 2872
13110 4 2 4 27 439 858 861 2858
13111 4 2 4 27 284 731 730 2921
13112 4 2 4 27 466 463 488 462
13113 4 2 4 27 4 2759 2765 2782
13114 4 2 4 27 206 620 621 2904
13115 4 2 4 27 792 2788 788 2907
13116 4 2 4 27 471 458 453 2845
13117 4 2 4 27 339 340 807 2883
13118 4 2 4 27 474 116 475 2932
13119 4 2 4 27 496 502 498 2965
13120 4 2 4 27 803 802 791 812
13121 4 2 4 27 434 2777 433 2863
13122 4 2 4 27 4 1 2759 2764
13123 4 2 4 27 748 749 293 2828
13124 4 2 4 27 335 817 334 2906
13125 4 2 4 27 329 328 2829 2907
13126 4 2 4 27 271 2825 270 2835
13127 4 2 4 27 490 2859 117 2867
13128 4 2 4 27 56 279 714 2775
13129 4 2 4 27 562 169 170 2879
13130 4 2 4 27 2763 15 2853 2862
13131 4 2 4 27 621 203 204 2904
13132 4 2 4 27 296 2799 295 2828
13133 4 2 4 27 293 292 748 2828
13134 4 2 4 27 744 289 288 2860
13135 4 2 4 27 367 351 846 366
13136 4 2 4 27 349 837 348 2964
13137 4 2 4 27 341 327 2788 2908
13138 4 2 4 27 537 538 539 2880
13139 4 2 4 27 267 2886 52 2894
13140 4 2 4 27 551 555 567 2841
13141 4 2 4 27 637 628 2820 2959
13142 4 2 4 27 2803 2804 1726 2859
13143 4 2 4 27 567 571 566 2953
13144 4 2 4 27 286 2842 2762 2892
13145 4 2 4 27 145 144 2853 2862
13146 4 2 4 27 636 47 218 629
13147 4 2 4 27 10 2894 50 2929
13148 4 2 4 27 328 2788 2829 2907
13149 4 2 4 27 2823 2888 2760 2897
13150 4 2 4 27 2760 2850 14 2937
13151 4 2 4 27 114 2784 2773 2935
13152 4 2 4 27 433 92 1744 2890
13153 4 2 4 27 4 1 2764 2937
13154 4 2 4 27 373 357 374 2895
13155 4 2 4 27 555 527 548 2873
13156 4 2 4 27 1738 2787 2833 2890
13157 4 2 4 27 1732 92 1734 2890
13158 4 2 4 27 464 122 465 477
13159 4 2 4 27 1707 71 435 2934
13160 4 2 4 27 94 454 93 2928
13161 4 2 4 27 595 2771 596 2836
13162 4 2 4 27 635 231 647 627
13163 4 2 4 27 769 329 315 2907
13164 4 2 4 27 261 53 2846 2958
13165 4 2 4 27 839 353 838 2952
13166 4 2 4 27 18 2756 20 2893
13167 4 2 4 27 814 802 63 815
13168 4 2 4 27 2782 2761 2925 2926
13169 4 2 4 27 635 224 46 2893
13170 4 2 4 27 465 105 27 1725
13171 4 2 4 27 223 635 231 224
13172 4 2 4 27 2765 2804 2867 2870
13173 4 2 4 27 32 507 135 2832
13174 4 2 4 27 160 1718 2872 2938
13175 4 2 4 27 734 726 732 278
13176 4 2 4 27 754 2797 741 2882
13177 4 2 4 27 714 2775 54 2846
13178 4 2 4 27 169 548 2873 2924
13179 4 2 4 27 498 125 479 2856
13180 4 2 4 27 146 504 131 2910
13181 4 2 4 27 241 250 688 242
13182 4 2 4 27 2773 2856 2832 2966
13183 4 2 4 27 213 638 45 2824
13184 4 2 4 27 374 868 869 2927
13185 4 2 4 27 2804 2816 15 2862
13186 4 2 4 27 164 150 149 514
13187 4 2 4 27 545 162 161 2872
13188 4 2 4 27 738 58 291 754
13189 4 2 4 27 307 2799 1742 2855
13190 4 2 4 27 109 2884 94 2928
13191 4 2 4 27 36 148 149 2810
13192 4 2 4 27 790 2949 322 2968
13193 4 2 4 27 1729 92 1732 2890
13194 4 2 4 27 261 2846 51 2958
13195 4 2 4 27 545 161 544 2872
13196 4 2 4 27 2810 2830 2809 2872
13197 4 2 4 27 2759 2875 2784 2933
13198 4 2 4 27 562 168 169 2879
13199 4 2 4 27 784 63 814 812
13200 4 2 4 27 543 542 155 2887
13201 4 2 4 27 20 49 2846 2958
13202 4 2 4 27 733 740 744 2860
13203 4 2 4 27 187 186 583 2869
13204 4 2 4 27 1734 92 433 2890
13205 4 2 4 27 1745 1723 1739 2878
13206 4 2 4 27 158 2862 143 2887
13207 4 2 4 27 277 278 729 2892
13208 4 2 4 27 371 370 861 2925
13209 4 2 4 27 127 488 126 2784
13210 4 2 4 27 100 470 115 2935
13211 4 2 4 27 2793 2902 297 2950
13212 4 2 4 27 447 445 470 2935
13213 4 2 4 27 218 45 638 2824
13214 4 2 4 27 285 2793 2762 2842
13215 4 2 4 27 100 101 447 2935
13216 4 2 4 27 2769 2809 163 2880
13217 4 2 4 27 2805 2823 2760 2897
13218 4 2 4 27 121 122 106 464
13219 4 2 4 27 282 281 731 2921
13220 4 2 4 27 1733 1732 1734 2808
13221 4 2 4 27 685 672 50 248
13222 4 2 4 27 288 747 287 2892
13223 4 2 4 27 337 326 63 815
13224 4 2 4 27 94 93 110 2885
13225 4 2 4 27 108 2884 109 2885
13226 4 2 4 27 243 235 236 2929
13227 4 2 4 27 664 645 237 651
13228 4 2 4 27 330 2812 331 2943
13229 4 2 4 27 325 326 1736 2889
13230 4 2 4 27 611 612 585 603
13231 4 2 4 27 69 357 374 867
13232 4 2 4 27 200 595 199 2836
13233 4 2 4 27 64 784 332 812
13234 4 2 4 27 843 829 360 2881
13235 4 2 4 27 2785 2800 1743 2814
13236 4 2 4 27 433 1719 1734 2831
13237 4 2 4 27 1722 1741 2843 2892
13238 4 2 4 27 514 149 164 512
13239 4 2 4 27 373 357 358 867
13240 4 2 4 27 368 2871 1708 2952
13241 4 2 4 27 260 259 698 2854
13242 4 2 4 27 832 1709 1707 2891
13243 4 2 4 27 56 714 55 2947
13244 4 2 4 27 790 2940 2949 2968
13245 4 2 4 27 789 329 787 2907
13246 4 2 4 27 152 34 137 2832
13247 4 2 4 27 477 476 467 2898
13248 4 2 4 27 270 703 702 699
13249 4 2 4 27 869 373 374 2927
13250 4 2 4 27 70 841 863 857
13251 4 2 4 27 504 500 132 2910
13252 4 2 4 27 24 2760 2758 2937
13253 4 2 4 27 249 2844 51 2958
13254 4 2 4 27 230 651 47 2893
13255 4 2 4 27 24 2760 2805 2823
13256 4 2 4 27 2760 2805 2914 2937
13257 4 2 4 27 120 2870 478 2898
13258 4 2 4 27 798 323 799 2792
13259 4 2 4 27 2795 2919 8 2922
13260 4 2 4 27 709 706 701 2857
13261 4 2 4 27 223 224 231 2920
13262 4 2 4 27 569 587 575 568
13263 4 2 4 27 576 187 577 2909
13264 4 2 4 27 621 620 203 2904
13265 4 2 4 27 2881 2897 347 2901
13266 4 2 4 27 2788 2883 2760 2888
13267 4 2 4 27 102 2874 442 2963
13268 4 2 4 27 773 797 785 784
13269 4 2 4 27 581 182 580 2955
13270 4 2 4 27 259 258 698 2854
13271 4 2 4 27 256 684 685 247
13272 4 2 4 27 69 849 867 863
13273 4 2 4 27 543 158 542 2887
13274 4 2 4 27 6 2809 2769 2966
13275 4 2 4 27 571 181 566 2953
13276 4 2 4 27 1738 1744 1729 2890
13277 4 2 4 27 182 581 181 2955
13278 4 2 4 27 792 2907 789 2940
13279 4 2 4 27 2766 2850 2778 2937
13280 4 2 4 27 865 856 858 2858
13281 4 2 4 27 325 1736 326 2792
13282 4 2 4 27 820 344 343 2866
13283 4 2 4 27 192 600 191 2956
13284 4 2 4 27 620 202 203 2904
13285 4 2 4 27 161 160 544 2872
13286 4 2 4 27 490 122 29 2859
13287 4 2 4 27 18 8 2756 2771
13288 4 2 4 27 2767 2788 2829 2908
13289 4 2 4 27 310 779 311 2950
13290 4 2 4 27 10 50 2919 2929
13291 4 2 4 27 2759 2773 6 2818
13292 4 2 4 27 20 19 18 2772
13293 4 2 4 27 264 2785 2857 2903
13294 4 2 4 27 842 2914 2850 2917
13295 4 2 4 27 378 840 864 855
13296 4 2 4 27 2940 2949 2770 2950
13297 4 2 4 27 577 567 578 2909
13298 4 2 4 27 95 94 2884 2928
13299 4 2 4 27 191 600 599 2956
13300 4 2 4 27 457 2777 104 2863
13301 4 2 4 27 1714 190 191 2774
13302 4 2 4 27 257 698 258 2854
13303 4 2 4 27 213 204 618 633
13304 4 2 4 27 655 644 2820 2877
13305 4 2 4 27 817 333 334 2906
13306 4 2 4 27 567 595 2909 2953
13307 4 2 4 27 470 468 445 458
13308 4 2 4 27 711 710 263 2903
13309 4 2 4 27 268 259 699 700
13310 4 2 4 27 789 769 776 2907
13311 4 2 4 27 14 2766 2850 2908
13312 4 2 4 27 2761 2805 2881 2901
13313 4 2 4 27 121 122 464 477
13314 4 2 4 27 212 2919 2796 2922
13315 4 2 4 27 2763 2813 2768 2924
13316 4 2 4 27 91 1724 1723 2878
13317 4 2 4 27 471 459 453 458
13318 4 2 4 27 18 2772 19 2878
13319 4 2 4 27 596 597 2771 2953
13320 4 2 4 27 301 302 766 2849
13321 4 2 4 27 266 710 711 2903
13322 4 2 4 27 1718 2810 1734 2832
13323 4 2 4 27 656 235 243 244
13324 4 2 4 27 697 698 257 2854
13325 4 2 4 27 613 618 204 633
13326 4 2 4 27 798 322 323 2792
13327 4 2 4 27 140 507 32 2832
13328 4 2 4 27 2899 2907 2767 2940
13329 4 2 4 27 160 536 531 2938
13330 4 2 4 27 357 69 849 867
13331 4 2 4 27 2789 2809 2808 2931
13332 4 2 4 27 119 478 120 2870
13333 4 2 4 27 629 47 218 225
13334 4 2 4 27 105 106 122 465
13335 4 2 4 27 193 43 2771 2956
13336 4 2 4 27 228 227 644 2877
13337 4 2 4 27 95 2926 96 2928
13338 4 2 4 27 824 844 826 825
13339 4 2 4 27 2778 2850 842 2914
13340 4 2 4 27 2762 2786 22 2793
13341 4 2 4 27 486 2784 488 2875
13342 4 2 4 27 528 558 529 2960
13343 4 2 4 27 35 158 143 2887
13344 4 2 4 27 1726 2803 436 2804
13345 4 2 4 27 24 2823 2801 2905
13346 4 2 4 27 843 360 359 2881
13347 4 2 4 27 285 746 57 2842
13348 4 2 4 27 325 785 326 2889
13349 4 2 4 27 22 2846 2757 2947
13350 4 2 4 27 244 235 243 2929
13351 4 2 4 27 24 4 16 2801
13352 4 2 4 27 2762 2842 2793 2843
13353 4 2 4 27 302 765 766 2849
13354 4 2 4 27 701 727 718 721
13355 4 2 4 27 845 841 844 2914
13356 4 2 4 27 194 2771 2953 2954
13357 4 2 4 27 1719 1718 1734 2832
13358 4 2 4 27 30 492 123 2831
13359 4 2 4 27 848 67 824 847
13360 4 2 4 27 342 2848 341 2866
13361 4 2 4 27 326 798 799 2792
13362 4 2 4 27 1730 2828 2798 2834
13363 4 2 4 27 267 54 2886 2894
13364 4 2 4 27 1716 2772 2768 2878
13365 4 2 4 27 14 2850 2766 2937
13366 4 2 4 27 318 317 783 2913
13367 4 2 4 27 692 703 706 2785
13368 4 2 4 27 828 831 827 807
13369 4 2 4 27 2761 2881 2805 2914
13370 4 2 4 27 2802 2803 436 2865
13371 4 2 4 27 767 303 60 2840
13372 4 2 4 27 8 10 2756 2893
13373 4 2 4 27 685 256 248 255
13374 4 2 4 27 590 585 588 2811
13375 4 2 4 27 160 2779 1718 2938
13376 4 2 4 27 1717 129 499 494
13377 4 2 4 27 322 2949 2905 2968
13378 4 2 4 27 842 844 841 2914
13379 4 2 4 27 6 15 3 2759
13380 4 2 4 27 3 2 6 2759
13381 4 2 4 27 555 2873 548 2924
13382 4 2 4 27 110 94 109 459
13383 4 2 4 27 2760 2916 2888 2917
13384 4 2 4 27 140 2831 139 2832
13385 4 2 4 27 673 672 49 683
13386 4 2 4 27 2767 2829 14 2908
13387 4 2 4 27 764 290 57 752
13388 4 2 4 27 231 232 649 223
13389 4 2 4 27 556 555 551 2841
13390 4 2 4 27 540 539 2853 2873
13391 4 2 4 27 2 4 1 2759
13392 4 2 4 27 1726 2827 1727 2941
13393 4 2 4 27 1728 1729 1730 2798
13394 4 2 4 27 754 753 2797 2882
13395 4 2 4 27 804 805 2888 2916
13396 4 2 4 27 150 2880 164 2966
13397 4 2 4 27 71 72 862 2934
13398 4 2 4 27 738 735 736 725
13399 4 2 4 27 347 2901 2897 2915
13400 4 2 4 27 2771 18 2813 2954
13401 4 2 4 27 212 44 2922 2923
13402 4 2 4 27 368 367 2871 2952
13403 4 2 4 27 2767 14 2788 2908
13404 4 2 4 27 490 491 2859 2867
13405 4 2 4 27 114 2773 113 2932
13406 4 2 4 27 131 506 505 2941
13407 4 2 4 27 787 329 769 2907
13408 4 2 4 27 95 455 454 2928
13409 4 2 4 27 2838 2858 2764 2963
13410 4 2 4 27 2760 2888 2883 2917
13411 4 2 4 27 807 340 806 2883
13412 4 2 4 27 361 360 848 345
13413 4 2 4 27 47 636 218 2893
13414 4 2 4 27 256 697 257 2854
13415 4 2 4 27 789 787 769 2907
13416 4 2 4 27 266 711 265 2903
13417 4 2 4 27 157 2763 2853 2862
13418 4 2 4 27 667 671 662 2817
13419 4 2 4 27 20 10 2846 2893
13420 4 2 4 27 475 113 474 2932
13421 4 2 4 27 2798 2828 2775 2894
13422 4 2 4 27 724 720 722 2825
13423 4 2 4 27 1739 1714 1716 2772
13424 4 2 4 27 125 124 140 480
13425 4 2 4 27 325 326 799 2792
13426 4 2 4 27 49 2794 2844 2958
13427 4 2 4 27 467 464 465 477
13428 4 2 4 27 236 48 651 2893
13429 4 2 4 27 2769 2880 2818 2966
13430 4 2 4 27 753 2882 758 2950
13431 4 2 4 27 292 56 2775 2828
13432 4 2 4 27 744 57 290 752
13433 4 2 4 27 181 581 180 2955
13434 4 2 4 27 2858 2874 2764 2963
13435 4 2 4 27 1728 1738 1729 2787
13436 4 2 4 27 219 211 210 606
13437 4 2 4 27 1723 2793 1722 2843
13438 4 2 4 27 71 1707 374 863
13439 4 2 4 27 804 803 791 2888
13440 4 2 4 27 602 199 198 2923
13441 4 2 4 27 690 699 703 2800
13442 4 2 4 27 792 2788 2907 2940
13443 4 2 4 27 24 2801 2790 2905
13444 4 2 4 27 790 791 793 2940
13445 4 2 4 27 103 449 442 866
13446 4 2 4 27 745 2762 2882 2947
13447 4 2 4 27 359 360 2876 2901
13448 4 2 4 27 472 2859 107 2885
13449 4 2 4 27 587 1713 588 586
13450 4 2 4 27 543 157 158 2887
13451 4 2 4 27 14 13 5 2890
13452 4 2 4 27 864 70 363 380
13453 4 2 4 27 254 51 695 2844
13454 4 2 4 27 781 314 780 2902
13455 4 2 4 27 2760 2788 14 2908
13456 4 2 4 27 484 497 498 481
13457 4 2 4 27 1725 28 434 2946
13458 4 2 4 27 596 595 41 2953
13459 4 2 4 27 18 2772 2768 2954
13460 4 2 4 27 799 323 324 2792
13461 4 2 4 27 856 857 840 855
13462 4 2 4 27 2760 2767 14 2788
13463 4 2 4 27 131 504 132 2910
13464 4 2 4 27 212 2922 2796 2923
13465 4 2 4 27 363 364 840 864
13466 4 2 4 27 119 134 482 501
13467 4 2 4 27 1707 863 72 380
13468 4 2 4 27 176 162 2809 2872
13469 4 2 4 27 45 636 635 2893
13470 4 2 4 27 629 217 216 226
13471 4 2 4 27 2766 2778 2764 2937
13472 4 2 4 27 622 208 207 2948
13473 4 2 4 27 488 127 128 462
13474 4 2 4 27 479 481 498 2933
13475 4 2 4 27 2805 2897 2760 2917
13476 4 2 4 27 543 155 156 2887
13477 4 2 4 27 548 37 170 527
13478 4 2 4 27 620 201 202 2904
13479 4 2 4 27 19 20 21 2878
13480 4 2 4 27 2760 2914 2805 2917
13481 4 2 4 27 733 734 726 732
13482 4 2 4 27 187 2869 188 2931
13483 4 2 4 27 826 846 351 366
13484 4 2 4 27 792 2888 2788 2940
13485 4 2 4 27 323 322 790 2949
13486 4 2 4 27 846 826 842 366
13487 4 2 4 27 68 850 846 847
13488 4 2 4 27 218 2772 45 2824
13489 4 2 4 27 200 2909 2836 2922
13490 4 2 4 27 795 776 789 769
13491 4 2 4 27 2789 2808 2922 2931
13492 4 2 4 27 847 68 826 846
13493 4 2 4 27 120 478 477 2898
13494 4 2 4 27 163 164 2880 2966
13495 4 2 4 27 578 595 576 2909
13496 4 2 4 27 336 335 2905 2906
13497 4 2 4 27 627 635 231 223
13498 4 2 4 27 151 2880 150 2966
13499 4 2 4 27 2901 2906 2897 2915
13500 4 2 4 27 474 113 112 2932
13501 4 2 4 27 2850 2914 2778 2937
13502 4 2 4 27 190 189 2955 2956
13503 4 2 4 27 4 2758 1 2937
13504 4 2 4 27 505 130 131 2941
13505 4 2 4 27 62 320 2913 2943
13506 4 2 4 27 2759 2764 1 2838
13507 4 2 4 27 312 781 311 2902
13508 4 2 4 27 352 838 353 2952
13509 4 2 4 27 436 91 1716 2804
13510 4 2 4 27 1724 2792 1736 2849
13511 4 2 4 27 692 706 705 2785
13512 4 2 4 27 805 806 804 2888
13513 4 2 4 27 2763 2768 15 2862
13514 4 2 4 27 2775 12 2797 2798
13515 4 2 4 27 436 1735 1724 2802
13516 4 2 4 27 535 153 2847 2942
13517 4 2 4 27 44 199 2836 2922
13518 4 2 4 27 182 2813 2924 2954
13519 4 2 4 27 619 43 206 2771
13520 4 2 4 27 2763 2862 157 2887
13521 4 2 4 27 2761 2926 2802 2927
13522 4 2 4 27 22 2757 12 2947
13523 4 2 4 27 1740 2835 2825 2921
13524 4 2 4 27 831 805 822 807
13525 4 2 4 27 2897 2915 810 2916
13526 4 2 4 27 758 2882 2786 2950
13527 4 2 4 27 1728 2798 1730 2828
13528 4 2 4 27 2801 2823 2805 2901
13529 4 2 4 27 488 463 476 2875
13530 4 2 4 27 1731 2822 2834 2929
13531 4 2 4 27 371 2926 2761 2927
13532 4 2 4 27 244 665 666 656
13533 4 2 4 27 376 377 2852 2863
13534 4 2 4 27 2809 2810 2808 2830
13535 4 2 4 27 489 477 478 2898
13536 4 2 4 27 745 734 55 2947
13537 4 2 4 27 837 349 350 2964
13538 4 2 4 27 8 10 2893 2919
13539 4 2 4 27 837 350 836 2964
13540 4 2 4 27 328 327 2848 2908
13541 4 2 4 27 237 229 645 669
13542 4 2 4 27 62 782 315 2913
13543 4 2 4 27 54 2846 2775 2894
13544 4 2 4 27 2850 2908 2766 2952
13545 4 2 4 27 1722 1723 1724 2793
13546 4 2 4 27 297 59 311 2902
13547 4 2 4 27 12 2798 2775 2894
13548 4 2 4 27 1732 2795 1733 2796
13549 4 2 4 27 120 2859 491 2867
13550 4 2 4 27 167 168 562 2879
13551 4 2 4 27 3 4 2 2759
13552 4 2 4 27 187 2922 2869 2931
13553 4 2 4 27 316 2829 2840 2899
13554 4 2 4 27 321 335 816 2968
13555 4 2 4 27 329 2829 328 2848
13556 4 2 4 27 139 2832 2831 2856
13557 4 2 4 27 126 479 125 2856
13558 4 2 4 27 494 33 517 499
13559 4 2 4 27 346 2901 347 2964
13560 4 2 4 27 256 247 685 248
13561 4 2 4 27 692 703 704 706
13562 4 2 4 27 1722 1724 1736 2849
13563 4 2 4 27 102 376 2852 2863
13564 4 2 4 27 27 459 451 110
13565 4 2 4 27 849 358 357 867
13566 4 2 4 27 369 370 97 441
13567 4 2 4 27 48 656 236 651
13568 4 2 4 27 1727 2847 153 2942
13569 4 2 4 27 2867 2870 2804 2911
13570 4 2 4 27 253 2785 263 2903
13571 4 2 4 27 821 833 805 831
13572 4 2 4 27 1738 1708 2766 2833
13573 4 2 4 27 72 380 870 2957
13574 4 2 4 27 693 254 253 708
13575 4 2 4 27 690 680 681 2814
13576 4 2 4 27 185 186 195 2951
13577 4 2 4 27 715 281 272 280
13578 4 2 4 27 715 714 702 716
13579 4 2 4 27 734 733 726 736
13580 4 2 4 27 445 452 447 470
13581 4 2 4 27 347 2906 2901 2915
13582 4 2 4 27 705 692 704 706
13583 4 2 4 27 378 364 2766 2871
13584 4 2 4 27 634 647 643 655
13585 4 2 4 27 144 2862 145 2911
13586 4 2 4 27 188 174 2841 2931
13587 4 2 4 27 676 242 49 2868
13588 4 2 4 27 164 150 514 2880
13589 4 2 4 27 321 2905 335 2968
13590 4 2 4 27 325 799 324 2792
13591 4 2 4 27 486 488 476 2875
13592 4 2 4 27 590 588 593 2811
13593 4 2 4 27 741 738 736 725
13594 4 2 4 27 563 176 2830 2872
13595 4 2 4 27 791 792 803 812
13596 4 2 4 27 725 736 741 734
13597 4 2 4 27 361 2876 345 2964
13598 4 2 4 27 469 476 463 2875
13599 4 2 4 27 340 2788 2883 2908
13600 4 2 4 27 56 2775 714 2947
13601 4 2 4 27 346 2876 360 2901
13602 4 2 4 27 708 263 693 705
13603 4 2 4 27 51 254 261 2844
13604 4 2 4 27 323 2790 309 2902
13605 4 2 4 27 838 352 351 2952
13606 4 2 4 27 692 691 51 704
13607 4 2 4 27 2813 2768 2924 2954
13608 4 2 4 27 1720 2826 2819 2912
13609 4 2 4 27 655 644 642 2820
13610 4 2 4 27 789 792 788 2907
13611 4 2 4 27 99 2777 100 2932
13612 4 2 4 27 137 502 152 2965
13613 4 2 4 27 264 711 263 2903
13614 4 2 4 27 590 591 594 612
13615 4 2 4 27 1715 1726 436 2804
13616 4 2 4 27 20 2756 10 2893
13617 4 2 4 27 745 55 286 2762
13618 4 2 4 27 62 315 2829 2913
13619 4 2 4 27 248 678 50 2929
13620 4 2 4 27 1715 2768 1716 2879
13621 4 2 4 27 455 97 98 2967
13622 4 2 4 27 342 343 64 2866
13623 4 2 4 27 95 96 455 2928
13624 4 2 4 27 521 517 495 2910
13625 4 2 4 27 522 141 33 518
13626 4 2 4 27 95 454 94 2928
13627 4 2 4 27 130 1717 499 33
13628 4 2 4 27 433 1738 1708 2766
13629 4 2 4 27 737 725 284 283
13630 4 2 4 27 200 602 601 2923
13631 4 2 4 27 180 581 179 2955
13632 4 2 4 27 311 781 780 2902
13633 4 2 4 27 772 770 775 761
13634 4 2 4 27 824 848 843 829
13635 4 2 4 27 2805 2914 2881 2917
13636 4 2 4 27 179 581 580 2955
13637 4 2 4 27 151 150 2810 2966
13638 4 2 4 27 192 193 600 2956
13639 4 2 4 27 319 318 783 2913
13640 4 2 4 27 595 566 41 2953
13641 4 2 4 27 470 116 28 458
13642 4 2 4 27 476 30 128 488
13643 4 2 4 27 784 796 64 332
13644 4 2 4 27 703 699 692 704
13645 4 2 4 27 116 434 99 2932
13646 4 2 4 27 585 612 611 2811
13647 4 2 4 27 102 2777 457 2863
13648 4 2 4 27 202 2904 201 2945
13649 4 2 4 27 2804 2859 2803 2884
13650 4 2 4 27 627 231 649 223
13651 4 2 4 27 340 341 2788 2908
13652 4 2 4 27 822 2916 823 2917
13653 4 2 4 27 521 146 145 2910
13654 4 2 4 27 489 476 477 2898
13655 4 2 4 27 503 135 1717 494
13656 4 2 4 27 2785 2800 703 2825
13657 4 2 4 27 284 283 731 2921
13658 4 2 4 27 330 331 2812 2848
13659 4 2 4 27 550 183 552 2819
13660 4 2 4 27 661 673 674 2936
13661 4 2 4 27 664 663 645 646
13662 4 2 4 27 2786 2882 2762 2947
13663 4 2 4 27 150 520 514 2880
13664 4 2 4 27 465 106 122 464
13665 4 2 4 27 835 348 347 2915
13666 4 2 4 27 2850 2914 2760 2917
13667 4 2 4 27 327 342 64 2848
13668 4 2 4 27 128 492 30 2831
13669 4 2 4 27 24 2805 2801 2823
13670 4 2 4 27 160 2872 161 2938
13671 4 2 4 27 840 70 363 857
13672 4 2 4 27 2798 2787 2829 2840
13673 4 2 4 27 481 487 497 2933
13674 4 2 4 27 523 2827 524 2911
13675 4 2 4 27 517 33 146 499
13676 4 2 4 27 175 2841 174 2931
13677 4 2 4 27 793 797 776 795
13678 4 2 4 27 1731 1730 1729 2834
13679 4 2 4 27 14 2758 24 2760
13680 4 2 4 27 858 448 444 2858
13681 4 2 4 27 328 2829 2788 2908
13682 4 2 4 27 822 821 805 831
13683 4 2 4 27 65 833 821 834
13684 4 2 4 27 102 2852 2874 2963
13685 4 2 4 27 463 488 476 466
13686 4 2 4 27 650 665 664 646
13687 4 2 4 27 761 772 770 778
13688 4 2 4 27 329 788 328 2907
13689 4 2 4 27 189 41 180 2956
13690 4 2 4 27 215 637 2820 2864
13691 4 2 4 27 673 682 674 2936
13692 4 2 4 27 1745 2772 1716 2878
13693 4 2 4 27 463 461 468 2875
13694 4 2 4 27 788 329 789 2907
13695 4 2 4 27 738 292 56 2775
13696 4 2 4 27 720 718 701 2857
13697 4 2 4 27 2770 2949 2940 2968
13698 4 2 4 27 102 101 2852 2963
13699 4 2 4 27 318 775 770 761
13700 4 2 4 27 2768 2804 15 2862
13701 4 2 4 27 871 378 2863 2957
13702 4 2 4 27 2760 2914 2850 2937
13703 4 2 4 27 157 2853 158 2862
13704 4 2 4 27 111 474 112 2932
13705 4 2 4 27 594 585 612 603
13706 4 2 4 27 436 1716 1715 2804
13707 4 2 4 27 864 840 363 857
13708 4 2 4 27 169 2768 2879 2924
13709 4 2 4 27 528 531 533 2960
13710 4 2 4 27 100 447 470 2935
13711 4 2 4 27 1740 282 283 2921
13712 4 2 4 27 869 372 373 2927
13713 4 2 4 27 1709 832 356 355
13714 4 2 4 27 834 65 333 821
13715 4 2 4 27 312 311 59 2902
13716 4 2 4 27 8 2919 2836 2922
13717 4 2 4 27 585 588 2811 2961
13718 4 2 4 27 2782 2845 2765 2884
13719 4 2 4 27 1708 2863 2766 2871
13720 4 2 4 27 144 2827 143 2862
13721 4 2 4 27 2833 2866 1708 2952
13722 4 2 4 27 476 128 30 466
13723 4 2 4 27 534 538 537 2880
13724 4 2 4 27 215 2824 214 2864
13725 4 2 4 27 32 135 503 494
13726 4 2 4 27 479 486 481 2933
13727 4 2 4 27 787 789 788 329
13728 4 2 4 27 125 480 481 479
13729 4 2 4 27 461 113 463 462
13730 4 2 4 27 585 590 612 2811
13731 4 2 4 27 1735 2891 2791 2964
13732 4 2 4 27 96 370 97 2926
13733 4 2 4 27 152 520 151 2965
13734 4 2 4 27 102 101 2777 2852
13735 4 2 4 27 712 54 272 2886
13736 4 2 4 27 857 72 863 380
13737 4 2 4 27 868 369 370 2967
13738 4 2 4 27 519 496 517 2965
13739 4 2 4 27 240 241 2868 2936
13740 4 2 4 27 241 688 674 242
13741 4 2 4 27 53 2947 2846 2958
13742 4 2 4 27 433 2777 1719 2831
13743 4 2 4 27 1714 1715 1716 2879
13744 4 2 4 27 144 158 2853 2862
13745 4 2 4 27 858 439 448 2858
13746 4 2 4 27 101 443 2935 2963
13747 4 2 4 27 62 2829 329 2848
13748 4 2 4 27 543 156 157 2887
13749 4 2 4 27 434 375 104 2863
13750 4 2 4 27 129 130 505 2941
13751 4 2 4 27 2770 2905 2790 2949
13752 4 2 4 27 469 463 468 2875
13753 4 2 4 27 519 33 517 494
13754 4 2 4 27 29 477 465 122
13755 4 2 4 27 309 2790 310 2902
13756 4 2 4 27 2823 2940 2888 2968
13757 4 2 4 27 465 29 105 1725
13758 4 2 4 27 362 848 69 847
13759 4 2 4 27 341 2848 327 2908
13760 4 2 4 27 264 265 711 2903
13761 4 2 4 27 486 487 481 2933
13762 4 2 4 27 289 290 747 2896
13763 4 2 4 27 364 365 2766 2871
13764 4 2 4 27 1739 2794 2772 2878
13765 4 2 4 27 687 691 690 699
13766 4 2 4 27 582 183 40 2869
13767 4 2 4 27 521 33 146 517
13768 4 2 4 27 1711 2815 239 2868
13769 4 2 4 27 46 224 640 2920
13770 4 2 4 27 267 52 260 700
13771 4 2 4 27 753 297 59 779
13772 4 2 4 27 144 524 2827 2911
13773 4 2 4 27 864 363 70 857
13774 4 2 4 27 2759 1 2773 2838
13775 4 2 4 27 377 378 2766 2863
13776 4 2 4 27 235 2900 234 2929
13777 4 2 4 27 20 10 2757 2846
13778 4 2 4 27 770 308 318 761
13779 4 2 4 27 111 128 30 2932
13780 4 2 4 27 181 2953 2813 2954
13781 4 2 4 27 596 597 43 2771
13782 4 2 4 27 41 181 180 2954
13783 4 2 4 27 1739 2772 1745 2878
13784 4 2 4 27 163 2809 162 2872
13785 4 2 4 27 871 2863 870 2957
13786 4 2 4 27 802 804 791 816
13787 4 2 4 27 297 311 59 779
13788 4 2 4 27 821 65 333 805
13789 4 2 4 27 2831 2832 2773 2856
13790 4 2 4 27 1708 2766 2833 2871
13791 4 2 4 27 556 176 38 533
13792 4 2 4 27 2789 8 2836 2922
13793 4 2 4 27 2809 163 2880 2966
13794 4 2 4 27 30 1725 483 29
13795 4 2 4 27 1722 1741 2892 2896
13796 4 2 4 27 276 729 2843 2892
13797 4 2 4 27 810 334 333 2915
13798 4 2 4 27 178 580 177 2955
13799 4 2 4 27 22 2846 2947 2958
13800 4 2 4 27 45 2772 206 2904
13801 4 2 4 27 2784 2838 2773 2935
13802 4 2 4 27 70 840 841 857
13803 4 2 4 27 1708 433 2766 2863
13804 4 2 4 27 134 118 119 482
13805 4 2 4 27 439 441 861 448
13806 4 2 4 27 494 34 503 519
13807 4 2 4 27 30 2831 1719 2932
13808 4 2 4 27 117 118 31 483
13809 4 2 4 27 648 234 654 2900
13810 4 2 4 27 377 866 376 2874
13811 4 2 4 27 193 43 597 2771
13812 4 2 4 27 479 498 2856 2933
13813 4 2 4 27 200 595 2836 2909
13814 4 2 4 27 635 48 224 2893
13815 4 2 4 27 358 2876 851 2895
13816 4 2 4 27 179 580 178 2955
13817 4 2 4 27 2767 2907 2788 2940
13818 4 2 4 27 138 502 137 2965
13819 4 2 4 27 577 188 40 549
13820 4 2 4 27 304 58 759 2797
13821 4 2 4 27 706 709 705 2785
13822 4 2 4 27 714 54 279 280
13823 4 2 4 27 824 848 844 843
13824 4 2 4 27 634 635 647 627
13825 4 2 4 27 694 680 252 2962
13826 4 2 4 27 522 518 511 2847
13827 4 2 4 27 791 803 792 2888
13828 4 2 4 27 1717 34 136 503
13829 4 2 4 27 542 35 153 2887
13830 4 2 4 27 335 334 2905 2906
13831 4 2 4 27 322 2790 2905 2949
13832 4 2 4 27 100 2777 115 2932
13833 4 2 4 27 741 58 738 754
13834 4 2 4 27 113 2831 127 2932
13835 4 2 4 27 339 66 819 2866
13836 4 2 4 27 265 264 2857 2903
13837 4 2 4 27 297 2793 298 2849
13838 4 2 4 27 2764 1 2838 2852
13839 4 2 4 27 304 2799 2798 2840
13840 4 2 4 27 821 805 810 2916
13841 4 2 4 27 2762 22 2786 2947
13842 4 2 4 27 2770 2940 2823 2968
13843 4 2 4 27 1737 1723 2843 2844
13844 4 2 4 27 472 110 27 2885
13845 4 2 4 27 201 192 598 2945
13846 4 2 4 27 531 536 533 2960
13847 4 2 4 27 1745 91 1723 2878
13848 4 2 4 27 762 760 1742 2821
13849 4 2 4 27 69 1707 847 70
13850 4 2 4 27 2782 2925 2884 2926
13851 4 2 4 27 2767 2899 2829 2907
13852 4 2 4 27 47 2794 2772 2824
13853 4 2 4 27 347 2906 348 2964
13854 4 2 4 27 22 2947 2762 2958
13855 4 2 4 27 790 791 2940 2968
13856 4 2 4 27 730 279 56 2921
13857 4 2 4 27 2804 2859 2765 2867
13858 4 2 4 27 1731 1732 1712 2920
13859 4 2 4 27 835 823 821 2916
13860 4 2 4 27 94 109 459 450
13861 4 2 4 27 1724 2790 2791 2792
13862 4 2 4 27 164 2810 163 2872
13863 4 2 4 27 792 64 809 812
13864 4 2 4 27 540 527 539 2873
13865 4 2 4 27 48 659 231 2920
13866 4 2 4 27 321 322 2905 2968
13867 4 2 4 27 6 2769 2818 2966
13868 4 2 4 27 459 27 451 458
13869 4 2 4 27 699 691 690 692
13870 4 2 4 27 729 728 2843 2892
13871 4 2 4 27 2768 2954 2772 2955
13872 4 2 4 27 102 443 101 2963
13873 4 2 4 27 481 497 498 2933
13874 4 2 4 27 844 848 824 847
13875 4 2 4 27 65 349 348 2964
13876 4 2 4 27 823 822 821 2916
13877 4 2 4 27 552 183 579 2819
13878 4 2 4 27 690 2785 680 2814
13879 4 2 4 27 1724 2791 2790 2801
13880 4 2 4 27 282 731 283 2921
13881 4 2 4 27 706 703 707 2825
13882 4 2 4 27 2790 2902 2793 2950
13883 4 2 4 27 1 2766 2764 2937
13884 4 2 4 27 693 692 708 705
13885 4 2 4 27 25 435 98 2934
13886 4 2 4 27 9 8 10 2756
13887 4 2 4 27 2758 2760 14 2937
13888 4 2 4 27 519 502 496 2965
13889 4 2 4 27 350 349 2891 2964
13890 4 2 4 27 165 155 154 2918
13891 4 2 4 27 117 1725 29 483
13892 4 2 4 27 101 2935 2852 2963
13893 4 2 4 27 53 261 2844 2958
13894 4 2 4 27 824 822 823 2917
13895 4 2 4 27 351 367 68 2952
13896 4 2 4 27 96 2925 370 2926
13897 4 2 4 27 65 2906 338 2964
13898 4 2 4 27 2764 2874 2852 2963
13899 4 2 4 27 207 198 44 2923
13900 4 2 4 27 496 498 497 2933
13901 4 2 4 27 259 2854 260 2886
13902 4 2 4 27 645 669 663 664
13903 4 2 4 27 163 2810 164 2966
13904 4 2 4 27 594 595 44 591
13905 4 2 4 27 831 832 66 828
13906 4 2 4 27 243 666 656 244
13907 4 2 4 27 636 630 634 643
13908 4 2 4 27 285 57 2793 2842
13909 4 2 4 27 1722 2793 2842 2843
13910 4 2 4 27 804 2888 791 2968
13911 4 2 4 27 200 2922 199 2923
13912 4 2 4 27 791 804 802 803
13913 4 2 4 27 45 213 618 633
13914 4 2 4 27 468 469 471 458
13915 4 2 4 27 489 476 486 487
13916 4 2 4 27 797 784 794 795
13917 4 2 4 27 697 255 52 2854
13918 4 2 4 27 861 439 448 858
13919 4 2 4 27 286 746 2842 2892
13920 4 2 4 27 2813 2953 2771 2954
13921 4 2 4 27 1726 1715 1727 2827
13922 4 2 4 27 235 244 2900 2929
13923 4 2 4 27 482 31 483 501
13924 4 2 4 27 1708 2833 1710 2866
13925 4 2 4 27 56 292 293 2828
13926 4 2 4 27 200 199 602 2923
13927 4 2 4 27 66 831 828 807
13928 4 2 4 27 36 149 164 2810
13929 4 2 4 27 791 2888 792 2940
13930 4 2 4 27 2771 2772 18 2954
13931 4 2 4 27 1728 1710 1738 2787
13932 4 2 4 27 265 2857 275 2903
13933 4 2 4 27 849 859 867 863
13934 4 2 4 27 1723 1722 1737 2843
13935 4 2 4 27 55 287 286 2892
13936 4 2 4 27 44 594 591 612
13937 4 2 4 27 857 864 840 855
13938 4 2 4 27 2773 2784 2759 2838
13939 4 2 4 27 751 760 742 756
13940 4 2 4 27 2766 2778 377 2852
13941 4 2 4 27 10 2757 2846 2894
13942 4 2 4 27 197 198 207 2948
13943 4 2 4 27 25 448 26 2934
13944 4 2 4 27 64 332 800 2848
13945 4 2 4 27 599 600 194 2956
13946 4 2 4 27 176 38 162 2872
13947 4 2 4 27 833 65 821 805
13948 4 2 4 27 146 2911 131 2941
13949 4 2 4 27 629 636 47 643
13950 4 2 4 27 239 2815 1711 2877
13951 4 2 4 27 44 594 612 603
13952 4 2 4 27 710 53 261 2903
13953 4 2 4 27 780 309 310 2902
13954 4 2 4 27 231 647 48 635
13955 4 2 4 27 110 93 94 451
13956 4 2 4 27 109 94 2885 2928
13957 4 2 4 27 194 600 193 2956
13958 4 2 4 27 868 371 869 2927
13959 4 2 4 27 791 792 793 2940
13960 4 2 4 27 470 445 452 458
13961 4 2 4 27 150 164 2810 2966
13962 4 2 4 27 648 654 652 2900
13963 4 2 4 27 691 687 259 699
13964 4 2 4 27 707 722 721 720
13965 4 2 4 27 824 825 822 2917
13966 4 2 4 27 476 469 463 466
13967 4 2 4 27 2865 2802 2926 2927
13968 4 2 4 27 1718 2810 159 2872
13969 4 2 4 27 273 2762 55 2947
13970 4 2 4 27 2830 2869 183 2951
13971 4 2 4 27 445 446 452 458
13972 4 2 4 27 339 2866 2908 2952
13973 4 2 4 27 371 370 2925 2926
13974 4 2 4 27 178 2839 179 2955
13975 4 2 4 27 1716 2768 1715 2804
13976 4 2 4 27 585 594 584 603
13977 4 2 4 27 666 650 664 651
13978 4 2 4 27 317 303 60 770
13979 4 2 4 27 2836 2909 2789 2922
13980 4 2 4 27 2760 2883 2850 2917
13981 4 2 4 27 1712 232 233 2920
13982 4 2 4 27 21 2757 22 2846
13983 4 2 4 27 546 39 168 547
13984 4 2 4 27 154 535 165 2942
13985 4 2 4 27 49 2844 2794 2868
13986 4 2 4 27 1712 220 221 2920
13987 4 2 4 27 1735 2801 1724 2802
13988 4 2 4 27 357 358 2895 2927
13989 4 2 4 27 187 2922 42 2923
13990 4 2 4 27 2801 2802 1735 2876
13991 4 2 4 27 734 745 55 739
13992 4 2 4 27 869 371 372 2927
13993 4 2 4 27 2830 2872 1718 2938
13994 4 2 4 27 345 2876 346 2964
13995 4 2 4 27 310 311 780 2902
13996 4 2 4 27 519 517 520 2965
13997 4 2 4 27 862 369 98 441
13998 4 2 4 27 656 48 650 651
13999 4 2 4 27 642 644 227 2820
14000 4 2 4 27 184 2826 2819 2951
14001 4 2 4 27 1724 2791 1736 2792
14002 4 2 4 27 863 71 867 374
14003 4 2 4 27 317 60 303 2840
14004 4 2 4 27 735 737 725 284
14005 4 2 4 27 1728 2799 2798 2828
14006 4 2 4 27 55 728 278 2892
14007 4 2 4 27 38 554 559 2960
14008 4 2 4 27 96 2926 97 2928
14009 4 2 4 27 624 610 219 220
14010 4 2 4 27 199 44 595 591
14011 4 2 4 27 355 66 832 828
14012 4 2 4 27 217 629 225 226
14013 4 2 4 27 114 115 470 2935
14014 4 2 4 27 2901 2905 2897 2906
14015 4 2 4 27 295 1740 2799 2855
14016 4 2 4 27 494 495 517 519
14017 4 2 4 27 170 2768 2763 2887
14018 4 2 4 27 2805 2897 2881 2901
14019 4 2 4 27 322 2790 323 2792
14020 4 2 4 27 44 199 595 2836
14021 4 2 4 27 550 173 183 2819
14022 4 2 4 27 93 454 25 2928
14023 4 2 4 27 1732 2796 1712 2920
14024 4 2 4 27 215 214 637 2864
14025 4 2 4 27 683 688 51 249
14026 4 2 4 27 753 59 297 758
14027 4 2 4 27 345 824 67 829
14028 4 2 4 27 189 41 592 587
14029 4 2 4 27 805 65 333 810
14030 4 2 4 27 669 237 49 664
14031 4 2 4 27 682 694 688 2936
14032 4 2 4 27 48 231 224 2920
14033 4 2 4 27 33 131 130 2941
14034 4 2 4 27 48 231 635 224
14035 4 2 4 27 587 189 41 566
14036 4 2 4 27 69 357 851 2895
14037 4 2 4 27 368 1707 70 850
14038 4 2 4 27 61 323 309 2902
14039 4 2 4 27 745 55 2762 2947
14040 4 2 4 27 198 199 44 2923
14041 4 2 4 27 701 707 53 721
14042 4 2 4 27 1712 2900 2822 2929
14043 4 2 4 27 704 53 261 708
14044 4 2 4 27 271 281 2825 2921
14045 4 2 4 27 62 320 782 2913
14046 4 2 4 27 171 2872 2830 2938
14047 4 2 4 27 804 810 805 2916
14048 4 2 4 27 2888 2940 791 2968
14049 4 2 4 27 1736 2849 2792 2902
14050 4 2 4 27 582 40 188 2869
14051 4 2 4 27 321 798 63 2792
14052 4 2 4 27 848 824 67 345
14053 4 2 4 27 1738 1710 1708 2833
14054 4 2 4 27 58 296 748 2828
14055 4 2 4 27 270 703 699 2800
14056 4 2 4 27 604 201 598 2945
14057 4 2 4 27 58 748 291 2828
14058 4 2 4 27 643 636 47 2893
14059 4 2 4 27 688 250 241 2936
14060 4 2 4 27 21 20 2757 2846
14061 4 2 4 27 163 538 534 2880
14062 4 2 4 27 694 251 688 2936
14063 4 2 4 27 2787 2798 1728 2840
14064 4 2 4 27 146 131 33 2941
14065 4 2 4 27 2767 2829 2788 2907
14066 4 2 4 27 1731 2920 2822 2929
14067 4 2 4 27 643 48 647 635
14068 4 2 4 27 840 841 857 856
14069 4 2 4 27 95 2884 2926 2928
14070 4 2 4 27 33 511 522 518
14071 4 2 4 27 741 57 745 734
14072 4 2 4 27 868 370 371 2927
14073 4 2 4 27 55 2762 2843 2892
14074 4 2 4 27 678 243 50 2929
14075 4 2 4 27 498 32 497 484
14076 4 2 4 27 712 267 54 2886
14077 4 2 4 27 308 2840 60 2913
14078 4 2 4 27 635 636 643 2893
14079 4 2 4 27 1725 29 466 465
14080 4 2 4 27 737 283 294 2807
14081 4 2 4 27 316 317 2840 2913
14082 4 2 4 27 2772 2954 2771 2956
14083 4 2 4 27 141 1727 142 2827
14084 4 2 4 27 51 2844 261 2958
14085 4 2 4 27 215 2820 1711 2864
14086 4 2 4 27 459 110 94 451
14087 4 2 4 27 863 69 1707 374
14088 4 2 4 27 302 312 59 2849
14089 4 2 4 27 1745 1716 91 2878
14090 4 2 4 27 623 2796 209 2948
14091 4 2 4 27 2799 2840 308 2913
14092 4 2 4 27 849 845 859 841
14093 4 2 4 27 784 773 774 2944
14094 4 2 4 27 435 71 2895 2967
14095 4 2 4 27 2777 2852 101 2935
14096 4 2 4 27 1711 228 227 2794
14097 4 2 4 27 500 495 497 496
14098 4 2 4 27 42 576 573 578
14099 4 2 4 27 251 252 2868 2962
14100 4 2 4 27 221 220 1712 2776
14101 4 2 4 27 70 380 863 1707
14102 4 2 4 27 48 649 647 231
14103 4 2 4 27 55 278 287 2892
14104 4 2 4 27 720 724 722 726
14105 4 2 4 27 634 632 630 636
14106 4 2 4 27 183 184 574 2819
14107 4 2 4 27 263 2785 264 2903
14108 4 2 4 27 374 357 69 2895
14109 4 2 4 27 48 224 2919 2920
14110 4 2 4 27 21 2846 22 2958
14111 4 2 4 27 1729 1744 92 2890
14112 4 2 4 27 1719 2831 2777 2932
14113 4 2 4 27 93 25 2885 2928
14114 4 2 4 27 772 775 1742 761
14115 4 2 4 27 380 70 363 2957
14116 4 2 4 27 351 68 367 846
14117 4 2 4 27 673 662 671 661
14118 4 2 4 27 594 585 584 596
14119 4 2 4 27 760 751 750 762
14120 4 2 4 27 833 821 822 831
14121 4 2 4 27 539 527 528 537
14122 4 2 4 27 803 814 802 812
14123 4 2 4 27 680 690 681 692
14124 4 2 4 27 2769 2809 2880 2966
14125 4 2 4 27 260 697 52 2854
14126 4 2 4 27 1718 2830 2810 2872
14127 4 2 4 27 122 29 105 465
14128 4 2 4 27 2798 2799 1728 2840
14129 4 2 4 27 517 495 496 519
14130 4 2 4 27 51 693 692 254
14131 4 2 4 27 59 302 763 762
14132 4 2 4 27 833 67 834 350
14133 4 2 4 27 673 49 674 242
14134 4 2 4 27 725 736 734 726
14135 4 2 4 27 57 298 758 2882
14136 4 2 4 27 773 772 774 2944
14137 4 2 4 27 30 1725 466 111
14138 4 2 4 27 675 240 239 2815
14139 4 2 4 27 199 2922 44 2923
14140 4 2 4 27 2804 2827 1726 2867
14141 4 2 4 27 59 297 765 2849
14142 4 2 4 27 134 31 482 501
14143 4 2 4 27 174 40 188 549
14144 4 2 4 27 318 308 60 2913
14145 4 2 4 27 65 338 2891 2964
14146 4 2 4 27 21 20 2846 2958
14147 4 2 4 27 674 673 688 682
14148 4 2 4 27 1726 2867 2827 2941
14149 4 2 4 27 531 2938 536 2960
14150 4 2 4 27 43 193 192 2956
14151 4 2 4 27 2773 2784 113 2831
14152 4 2 4 27 369 98 97 2967
14153 4 2 4 27 2809 2830 176 2872
14154 4 2 4 27 696 2844 695 2868
14155 4 2 4 27 225 629 47 643
14156 4 2 4 27 206 43 620 2904
14157 4 2 4 27 690 703 2785 2800
14158 4 2 4 27 320 2913 2943 2944
14159 4 2 4 27 2790 2801 2791 2905
14160 4 2 4 27 320 319 2913 2944
14161 4 2 4 27 727 266 53 721
14162 4 2 4 27 2842 2843 2762 2892
14163 4 2 4 27 26 99 447 452
14164 4 2 4 27 644 227 2820 2877
14165 4 2 4 27 303 60 770 755
14166 4 2 4 27 1725 30 466 29
14167 4 2 4 27 701 53 266 721
14168 4 2 4 27 282 2825 281 2921
14169 4 2 4 27 1728 2840 2799 2913
14170 4 2 4 27 145 2910 146 2911
14171 4 2 4 27 71 859 863 867
14172 4 2 4 27 328 2848 2829 2908
14173 4 2 4 27 232 1712 222 2920
14174 4 2 4 27 182 181 2954 2955
14175 4 2 4 27 466 111 28 462
14176 4 2 4 27 190 2774 1714 2839
14177 4 2 4 27 804 791 816 2968
14178 4 2 4 27 849 859 860 867
14179 4 2 4 27 202 2774 2904 2945
14180 4 2 4 27 318 60 317 2913
14181 4 2 4 27 1728 2787 2840 2913
14182 4 2 4 27 671 672 684 668
14183 4 2 4 27 48 635 643 2893
14184 4 2 4 27 469 476 467 466
14185 4 2 4 27 94 93 2885 2928
14186 4 2 4 27 652 647 648 653
14187 4 2 4 27 170 156 37 2887
14188 4 2 4 27 127 2831 128 2932
14189 4 2 4 27 43 192 201 2956
14190 4 2 4 27 2764 2852 2838 2963
14191 4 2 4 27 27 435 93 2946
14192 4 2 4 27 19 20 18 2756
14193 4 2 4 27 171 38 2872 2938
14194 4 2 4 27 732 744 288 2860
14195 4 2 4 27 446 453 452 458
14196 4 2 4 27 169 2768 170 2879
14197 4 2 4 27 833 66 832 813
14198 4 2 4 27 2802 2876 2761 2927
14199 4 2 4 27 11 12 2757 2894
14200 4 2 4 27 375 104 449 2934
14201 4 2 4 27 218 45 636 629
14202 4 2 4 27 726 55 719 278
14203 4 2 4 27 1731 1712 2822 2920
14204 4 2 4 27 821 822 805 2916
14205 4 2 4 27 1728 1710 2787 2812
14206 4 2 4 27 38 161 162 2872
14207 4 2 4 27 62 2812 330 2943
14208 4 2 4 27 2773 2838 1 2852
14209 4 2 4 27 53 2844 2843 2958
14210 4 2 4 27 682 688 674 2936
14211 4 2 4 27 668 672 684 247
14212 4 2 4 27 11 2757 10 2894
14213 4 2 4 27 435 2865 2803 2885
14214 4 2 4 27 1716 1745 1739 2772
14215 4 2 4 27 850 68 846 367
14216 4 2 4 27 680 693 252 2785
14217 4 2 4 27 481 484 497 487
14218 4 2 4 27 1740 1730 2835 2921
14219 4 2 4 27 688 251 250 2936
14220 4 2 4 27 146 2910 131 2911
14221 4 2 4 27 735 738 56 725
14222 4 2 4 27 261 2844 262 2903
14223 4 2 4 27 2838 2852 2935 2963
14224 4 2 4 27 2884 2865 2926 2928
14225 4 2 4 27 37 156 155 2887
14226 4 2 4 27 131 2910 132 2911
14227 4 2 4 27 53 723 727 721
14228 4 2 4 27 692 693 680 2785
14229 4 2 4 27 64 800 327 2848
14230 4 2 4 27 574 2819 184 2826
14231 4 2 4 27 2796 2919 2795 2922
14232 4 2 4 27 369 97 370 2967
14233 4 2 4 27 615 617 604 2961
14234 4 2 4 27 601 195 42 2923
14235 4 2 4 27 726 734 55 278
14236 4 2 4 27 665 652 654 2900
14237 4 2 4 27 739 745 55 286
14238 4 2 4 27 109 2885 2884 2928
14239 4 2 4 27 732 733 744 2860
14240 4 2 4 27 530 535 2847 2942
14241 4 2 4 27 1742 761 762 2837
14242 4 2 4 27 338 65 817 2906
14243 4 2 4 27 116 452 99 2946
14244 4 2 4 27 434 116 28 2932
14245 4 2 4 27 760 740 742 2855
14246 4 2 4 27 819 66 344 2866
14247 4 2 4 27 1712 221 222 2920
14248 4 2 4 27 25 93 435 2946
14249 4 2 4 27 40 574 579 183
14250 4 2 4 27 326 63 798 2792
14251 4 2 4 27 579 183 574 2819
14252 4 2 4 27 345 836 67 2964
14253 4 2 4 27 647 635 634 643
14254 4 2 4 27 213 205 45 618
14255 4 2 4 27 549 550 40 551
14256 4 2 4 27 142 1727 35 2887
14257 4 2 4 27 846 351 68 826
14258 4 2 4 27 295 2799 1740 2828
14259 4 2 4 27 163 2810 2809 2872
14260 4 2 4 27 378 2871 2863 2957
14261 4 2 4 27 178 177 2861 2955
14262 4 2 4 27 56 284 730 2921
14263 4 2 4 27 200 42 2922 2923
14264 4 2 4 27 1707 69 847 362
14265 4 2 4 27 1726 2859 2804 2867
14266 4 2 4 27 451 94 459 450
14267 4 2 4 27 441 98 862 2934
14268 4 2 4 27 62 2829 2848 2913
14269 4 2 4 27 319 318 1742 775
14270 4 2 4 27 152 502 503 519
14271 4 2 4 27 702 714 54 707
14272 4 2 4 27 2759 2838 2784 2875
14273 4 2 4 27 259 691 699 700
14274 4 2 4 27 55 734 739 278
14275 4 2 4 27 35 511 516 509
14276 4 2 4 27 716 714 702 707
14277 4 2 4 27 738 56 292 735
14278 4 2 4 27 2838 2852 2773 2935
14279 4 2 4 27 1722 2892 2842 2896
14280 4 2 4 27 1743 2815 1711 2868
14281 4 2 4 27 134 31 118 482
14282 4 2 4 27 8 9 10 2919
14283 4 2 4 27 558 560 1720 559
14284 4 2 4 27 802 63 336 816
14285 4 2 4 27 29 1726 117 2859
14286 4 2 4 27 332 812 784 2851
14287 4 2 4 27 266 53 710 2903
14288 4 2 4 27 342 64 2848 2866
14289 4 2 4 27 667 668 671 2817
14290 4 2 4 27 435 2895 2865 2967
14291 4 2 4 27 224 46 2919 2920
14292 4 2 4 27 27 93 451 2946
14293 4 2 4 27 615 604 611 2961
14294 4 2 4 27 181 180 2954 2955
14295 4 2 4 27 458 28 27 2946
14296 4 2 4 27 189 180 2955 2956
14297 4 2 4 27 2865 2928 2885 2967
14298 4 2 4 27 685 684 672 247
14299 4 2 4 27 1727 2827 141 2941
14300 4 2 4 27 709 264 705 2785
14301 4 2 4 27 39 580 182 2955
14302 4 2 4 27 25 451 93 2946
14303 4 2 4 27 863 849 859 841
14304 4 2 4 27 716 722 714 707
14305 4 2 4 27 201 620 43 2904
14306 4 2 4 27 61 797 314 773
14307 4 2 4 27 2833 2766 2908 2952
14308 4 2 4 27 188 2869 40 2931
14309 4 2 4 27 300 299 290 2896
14310 4 2 4 27 596 603 584 594
14311 4 2 4 27 459 453 451 450
14312 4 2 4 27 483 118 31 482
14313 4 2 4 27 692 704 708 705
14314 4 2 4 27 198 2923 207 2948
14315 4 2 4 27 619 45 205 618
14316 4 2 4 27 588 1713 593 2811
14317 4 2 4 27 552 554 550 2819
14318 4 2 4 27 308 307 1742 761
14319 4 2 4 27 643 226 629 642
14320 4 2 4 27 772 775 774 2944
14321 4 2 4 27 143 2862 2827 2887
14322 4 2 4 27 356 838 68 2952
14323 4 2 4 27 191 190 592 2774
14324 4 2 4 27 778 59 311 779
14325 4 2 4 27 60 308 318 770
14326 4 2 4 27 233 232 1712 2783
14327 4 2 4 27 607 614 609 2959
14328 4 2 4 27 550 554 173 2819
14329 4 2 4 27 158 35 542 2887
14330 4 2 4 27 441 25 98 2934
14331 4 2 4 27 62 330 2812 2848
14332 4 2 4 27 260 2854 52 2886
14333 4 2 4 27 1721 2822 246 2854
14334 4 2 4 27 2804 2862 2827 2911
14335 4 2 4 27 590 593 197 2811
14336 4 2 4 27 868 374 71 2927
14337 4 2 4 27 288 287 732 2860
14338 4 2 4 27 2809 2810 163 2966
14339 4 2 4 27 357 2895 373 2927
14340 4 2 4 27 58 291 2798 2828
14341 4 2 4 27 42 187 576 2909
14342 4 2 4 27 209 2776 2811 2948
14343 4 2 4 27 2764 2766 1 2852
14344 4 2 4 27 25 454 98 2967
14345 4 2 4 27 2869 2922 2808 2931
14346 4 2 4 27 358 2876 2895 2927
14347 4 2 4 27 692 705 693 2785
14348 4 2 4 27 1724 1735 2791 2801
14349 4 2 4 27 1711 216 215 2824
14350 4 2 4 27 732 287 278 2860
14351 4 2 4 27 665 654 670 2900
14352 4 2 4 27 702 54 714 272
14353 4 2 4 27 1740 283 294 2921
14354 4 2 4 27 302 59 765 2849
14355 4 2 4 27 516 142 522 2847
14356 4 2 4 27 162 38 176 534
14357 4 2 4 27 41 566 181 2953
14358 4 2 4 27 216 1711 215 2820
14359 4 2 4 27 666 665 650 656
14360 4 2 4 27 684 672 671 673
14361 4 2 4 27 578 42 576 595
14362 4 2 4 27 215 1711 2824 2864
14363 4 2 4 27 2764 2778 2766 2852
14364 4 2 4 27 59 312 302 778
14365 4 2 4 27 703 270 702 2825
14366 4 2 4 27 177 580 39 2955
14367 4 2 4 27 683 688 673 682
14368 4 2 4 27 533 176 38 534
14369 4 2 4 27 636 634 635 643
14370 4 2 4 27 349 65 2891 2964
14371 4 2 4 27 271 2825 2835 2921
14372 4 2 4 27 222 1712 232 2783
14373 4 2 4 27 216 1711 226 2824
14374 4 2 4 27 648 652 653 2806
14375 4 2 4 27 2829 2840 2787 2913
14376 4 2 4 27 55 2843 728 2892
14377 4 2 4 27 26 434 104 2777
14378 4 2 4 27 758 299 57 764
14379 4 2 4 27 474 28 116 2932
14380 4 2 4 27 672 685 247 248
14381 4 2 4 27 737 294 743 2807
14382 4 2 4 27 373 2895 374 2927
14383 4 2 4 27 294 295 1740 2828
14384 4 2 4 27 2804 2768 2827 2862
14385 4 2 4 27 790 322 791 2968
14386 4 2 4 27 2795 2796 2922 2923
14387 4 2 4 27 1742 2821 760 2855
14388 4 2 4 27 196 2923 197 2948
14389 4 2 4 27 321 816 791 2968
14390 4 2 4 27 1738 2787 1710 2833
14391 4 2 4 27 299 57 290 2896
14392 4 2 4 27 864 72 857 380
14393 4 2 4 27 589 196 588 2826
14394 4 2 4 27 850 1707 70 847
14395 4 2 4 27 57 758 764 752
14396 4 2 4 27 868 71 369 2967
14397 4 2 4 27 319 1742 318 2913
14398 4 2 4 27 576 186 42 573
14399 4 2 4 27 226 642 227 2939
14400 4 2 4 27 161 2872 38 2938
14401 4 2 4 27 318 1742 308 2913
14402 4 2 4 27 30 1725 484 483
14403 4 2 4 27 2776 1713 2811 2948
14404 4 2 4 27 484 485 497 487
14405 4 2 4 27 65 333 817 2906
14406 4 2 4 27 26 104 434 2934
14407 4 2 4 27 2865 2884 2803 2928
14408 4 2 4 27 2795 2808 1733 2869
14409 4 2 4 27 802 336 63 815
14410 4 2 4 27 858 448 449 444
14411 4 2 4 27 735 737 736 725
14412 4 2 4 27 297 2849 59 2902
14413 4 2 4 27 144 2827 2862 2911
14414 4 2 4 27 157 2862 158 2887
14415 4 2 4 27 688 241 674 2936
14416 4 2 4 27 187 2869 2922 2923
14417 4 2 4 27 519 152 502 2965
14418 4 2 4 27 42 187 186 576
14419 4 2 4 27 496 495 494 519
14420 4 2 4 27 307 757 306 2855
14421 4 2 4 27 244 670 654 2900
14422 4 2 4 27 219 624 46 606
14423 4 2 4 27 275 265 701 2857
14424 4 2 4 27 341 2866 2848 2908
14425 4 2 4 27 172 173 554 2819
14426 4 2 4 27 35 142 143 516
14427 4 2 4 27 814 784 812 2851
14428 4 2 4 27 630 655 643 2939
14429 4 2 4 27 1733 2830 2819 2951
14430 4 2 4 27 296 58 756 759
14431 4 2 4 27 2901 2906 347 2964
14432 4 2 4 27 117 2859 1726 2867
14433 4 2 4 27 297 2793 2849 2902
14434 4 2 4 27 191 598 2945 2961
14435 4 2 4 27 740 760 750 2821
14436 4 2 4 27 857 841 863 856
14437 4 2 4 27 455 2928 97 2967
14438 4 2 4 27 1733 2795 2869 2923
14439 4 2 4 27 93 435 27 2885
14440 4 2 4 27 629 225 226 643
14441 4 2 4 27 5 1 2758 2937
14442 4 2 4 27 838 351 68 2952
14443 4 2 4 27 2809 2830 2808 2931
14444 4 2 4 27 185 195 589 2826
14445 4 2 4 27 561 37 165 2918
14446 4 2 4 27 322 2790 2792 2905
14447 4 2 4 27 189 599 41 2956
14448 4 2 4 27 350 834 833 2891
14449 4 2 4 27 740 2807 743 2855
14450 4 2 4 27 97 2926 370 2967
14451 4 2 4 27 692 699 691 704
14452 4 2 4 27 102 2852 2777 2863
14453 4 2 4 27 221 1712 222 2783
14454 4 2 4 27 693 263 253 2785
14455 4 2 4 27 195 42 573 589
14456 4 2 4 27 213 2824 45 2904
14457 4 2 4 27 719 278 277 2860
14458 4 2 4 27 1728 2812 2787 2913
14459 4 2 4 27 5 2758 14 2937
14460 4 2 4 27 1713 588 586 2961
14461 4 2 4 27 2822 2854 2834 2929
14462 4 2 4 27 733 732 726 2860
14463 4 2 4 27 1714 190 2955 2956
14464 4 2 4 27 2884 2885 2803 2928
14465 4 2 4 27 47 230 645 651
14466 4 2 4 27 1715 2804 2768 2827
14467 4 2 4 27 35 1727 153 2887
14468 4 2 4 27 529 37 165 558
14469 4 2 4 27 494 502 496 519
14470 4 2 4 27 195 42 186 573
14471 4 2 4 27 1733 2796 2795 2923
14472 4 2 4 27 690 687 699 2800
14473 4 2 4 27 323 786 61 309
14474 4 2 4 27 196 589 195 2826
14475 4 2 4 27 191 598 192 2945
14476 4 2 4 27 1740 2828 1730 2921
14477 4 2 4 27 841 859 863 856
14478 4 2 4 27 519 520 152 2965
14479 4 2 4 27 2766 2852 377 2863
14480 4 2 4 27 2787 2848 2833 2908
14481 4 2 4 27 2795 2922 2869 2923
14482 4 2 4 27 99 434 26 2777
14483 4 2 4 27 53 2844 261 2903
14484 4 2 4 27 2773 2831 113 2932
14485 4 2 4 27 2803 2884 2859 2885
14486 4 2 4 27 2808 2869 2795 2922
14487 4 2 4 27 689 686 684 2817
14488 4 2 4 27 832 1709 833 813
14489 4 2 4 27 1726 2804 1715 2827
14490 4 2 4 27 38 171 554 2960
14491 4 2 4 27 180 41 189 566
14492 4 2 4 27 744 2821 289 2860
14493 4 2 4 27 611 585 2811 2961
14494 4 2 4 27 263 705 264 2785
14495 4 2 4 27 645 664 646 651
14496 4 2 4 27 350 349 834 2891
14497 4 2 4 27 1713 587 588 2826
14498 4 2 4 27 378 2766 2863 2871
14499 4 2 4 27 201 2945 2904 2956
14500 4 2 4 27 2868 2936 251 2962
14501 4 2 4 27 298 299 57 758
14502 4 2 4 27 201 43 604 597
14503 4 2 4 27 149 148 36 512
14504 4 2 4 27 180 181 41 566
14505 4 2 4 27 1740 2825 282 2921
14506 4 2 4 27 2772 2955 2954 2956
14507 4 2 4 27 275 701 718 2857
14508 4 2 4 27 516 143 35 509
14509 4 2 4 27 209 2796 2776 2948
14510 4 2 4 27 516 522 511 2847
14511 4 2 4 27 41 2954 180 2956
14512 4 2 4 27 719 732 278 2860
14513 4 2 4 27 374 2895 71 2927
14514 4 2 4 27 128 2831 30 2932
14515 4 2 4 27 26 452 451 2946
14516 4 2 4 27 724 722 716 2825
14517 4 2 4 27 287 739 55 286
14518 4 2 4 27 796 332 784 2851
14519 4 2 4 27 226 629 642 2939
14520 4 2 4 27 451 453 459 458
14521 4 2 4 27 630 636 629 643
14522 4 2 4 27 494 503 502 519
14523 4 2 4 27 58 296 305 759
14524 4 2 4 27 458 451 452 2946
14525 4 2 4 27 703 2800 270 2825
14526 4 2 4 27 631 624 632 2959
14527 4 2 4 27 184 185 574 2826
14528 4 2 4 27 434 104 2777 2863
14529 4 2 4 27 322 321 791 2968
14530 4 2 4 27 350 67 836 2964
14531 4 2 4 27 448 449 26 2934
14532 4 2 4 27 346 2876 2901 2964
14533 4 2 4 27 370 369 862 441
14534 4 2 4 27 786 771 61 309
14535 4 2 4 27 72 858 862 2934
14536 4 2 4 27 744 740 2821 2860
14537 4 2 4 27 370 2926 371 2927
14538 4 2 4 27 60 2840 317 2913
14539 4 2 4 27 780 314 61 2902
14540 4 2 4 27 164 538 163 2880
14541 4 2 4 27 813 65 814 2891
14542 4 2 4 27 313 1736 314 2902
14543 4 2 4 27 441 448 25 2934
14544 4 2 4 27 650 665 666 664
14545 4 2 4 27 196 195 2923 2951
14546 4 2 4 27 434 2777 99 2932
14547 4 2 4 27 185 589 573 2826
14548 4 2 4 27 361 848 67 345
14549 4 2 4 27 441 862 448 2934
14550 4 2 4 27 722 714 707 721
14551 4 2 4 27 33 130 131 499
14552 4 2 4 27 42 200 601 2923
14553 4 2 4 27 63 321 336 816
14554 4 2 4 27 2768 2862 2763 2887
14555 4 2 4 27 693 253 252 2785
14556 4 2 4 27 458 27 451 2946
14557 4 2 4 27 197 2923 198 2948
14558 4 2 4 27 2791 2801 1735 2876
14559 4 2 4 27 28 474 111 2932
14560 4 2 4 27 674 241 240 2936
14561 4 2 4 27 33 131 146 499
14562 4 2 4 27 2843 2844 53 2903
14563 4 2 4 27 736 737 743 2807
14564 4 2 4 27 170 2887 37 2918
14565 4 2 4 27 186 2869 195 2951
14566 4 2 4 27 2772 2794 1739 2824
14567 4 2 4 27 42 576 595 2909
14568 4 2 4 27 762 750 760 2821
14569 4 2 4 27 137 34 503 136
14570 4 2 4 27 263 693 705 2785
14571 4 2 4 27 828 339 66 807
14572 4 2 4 27 862 861 441 448
14573 4 2 4 27 209 2776 616 2811
14574 4 2 4 27 691 260 52 700
14575 4 2 4 27 2787 2829 2848 2908
14576 4 2 4 27 336 337 63 815
14577 4 2 4 27 690 2800 2785 2814
14578 4 2 4 27 591 207 44 612
14579 4 2 4 27 780 61 309 2902
14580 4 2 4 27 2791 2792 2790 2905
14581 4 2 4 27 62 794 774 2943
14582 4 2 4 27 742 740 743 2855
14583 4 2 4 27 611 603 585 2961
14584 4 2 4 27 736 740 733 2807
14585 4 2 4 27 190 2839 1714 2955
14586 4 2 4 27 726 732 719 2860
14587 4 2 4 27 257 689 247 2817
14588 4 2 4 27 312 59 2849 2902
14589 4 2 4 27 315 787 62 329
14590 4 2 4 27 655 632 2783 2939
14591 4 2 4 27 1722 2842 2793 2849
14592 4 2 4 27 735 56 292 293
14593 4 2 4 27 2766 2833 2871 2952
14594 4 2 4 27 142 2827 1727 2887
14595 4 2 4 27 305 304 58 759
14596 4 2 4 27 45 2824 2772 2904
14597 4 2 4 27 868 370 2927 2967
14598 4 2 4 27 762 2821 1742 2837
14599 4 2 4 27 294 283 1740 2807
14600 4 2 4 27 2848 2866 2833 2908
14601 4 2 4 27 233 648 2783 2806
14602 4 2 4 27 226 216 629 2939
14603 4 2 4 27 573 589 575 2826
14604 4 2 4 27 575 589 587 2826
14605 4 2 4 27 143 158 35 509
14606 4 2 4 27 32 140 124 480
14607 4 2 4 27 2863 2871 1708 2957
14608 4 2 4 27 533 161 38 536
14609 4 2 4 27 796 330 331 2943
14610 4 2 4 27 59 311 312 778
14611 4 2 4 27 323 2792 2790 2902
14612 4 2 4 27 318 317 60 770
14613 4 2 4 27 2801 2876 2791 2906
14614 4 2 4 27 314 1736 325 2792
14615 4 2 4 27 833 65 813 2891
14616 4 2 4 27 643 655 642 2939
14617 4 2 4 27 216 628 629 2939
14618 4 2 4 27 183 40 173 550
14619 4 2 4 27 34 137 503 152
14620 4 2 4 27 588 587 589 2826
14621 4 2 4 27 663 645 646 2877
14622 4 2 4 27 726 736 733 2807
14623 4 2 4 27 529 558 2942 2960
14624 4 2 4 27 625 220 221 2776
14625 4 2 4 27 220 1712 2796 2920
14626 4 2 4 27 736 743 740 2807
14627 4 2 4 27 270 699 269 2800
14628 4 2 4 27 655 2820 642 2939
14629 4 2 4 27 2801 2905 2901 2906
14630 4 2 4 27 354 339 66 828
14631 4 2 4 27 46 211 219 606
14632 4 2 4 27 737 725 283 2807
14633 4 2 4 27 247 689 668 2817
14634 4 2 4 27 724 717 2807 2825
14635 4 2 4 27 573 574 185 2826
14636 4 2 4 27 668 246 247 2817
14637 4 2 4 27 278 739 55 287
14638 4 2 4 27 370 862 861 441
14639 4 2 4 27 702 707 703 2825
14640 4 2 4 27 717 283 725 2807
14641 4 2 4 27 306 757 296 2855
14642 4 2 4 27 342 327 64 809
14643 4 2 4 27 99 452 26 2946
14644 4 2 4 27 654 235 244 2900
14645 4 2 4 27 1743 2868 1737 2903
14646 4 2 4 27 348 349 65 834
14647 4 2 4 27 192 193 43 597
14648 4 2 4 27 202 617 203 2930
14649 4 2 4 27 2830 2869 2808 2931
14650 4 2 4 27 188 40 174 2931
14651 4 2 4 27 184 185 2826 2951
14652 4 2 4 27 343 342 64 809
14653 4 2 4 27 333 348 65 834
14654 4 2 4 27 1722 2842 2849 2896
14655 4 2 4 27 62 2913 2812 2943
14656 4 2 4 27 1733 2948 2923 2951
14657 4 2 4 27 700 691 699 704
14658 4 2 4 27 699 259 269 2800
14659 4 2 4 27 167 39 177 547
14660 4 2 4 27 1733 2796 2923 2948
14661 4 2 4 27 290 764 300 2821
14662 4 2 4 27 574 575 579 2826
14663 4 2 4 27 38 533 536 2960
14664 4 2 4 27 226 1711 216 2820
14665 4 2 4 27 663 669 645 2877
14666 4 2 4 27 448 858 449 2934
14667 4 2 4 27 275 718 276 2857
14668 4 2 4 27 770 60 308 761
14669 4 2 4 27 26 449 104 2934
14670 4 2 4 27 453 451 452 458
14671 4 2 4 27 630 629 628 2939
14672 4 2 4 27 699 687 259 2800
14673 4 2 4 27 575 574 573 2826
14674 4 2 4 27 1736 314 325 2889
14675 4 2 4 27 584 585 603 2961
14676 4 2 4 27 733 2807 740 2860
14677 4 2 4 27 301 763 302 2837
14678 4 2 4 27 777 778 772 2837
14679 4 2 4 27 802 791 63 816
14680 4 2 4 27 1712 2776 220 2796
14681 4 2 4 27 26 434 99 2946
14682 4 2 4 27 167 557 177 2861
14683 4 2 4 27 42 595 200 2909
14684 4 2 4 27 198 207 44 591
14685 4 2 4 27 550 40 174 549
14686 4 2 4 27 299 290 57 764
14687 4 2 4 27 62 2848 2812 2913
14688 4 2 4 27 41 599 194 2956
14689 4 2 4 27 312 302 778 2837
14690 4 2 4 27 769 787 62 315
14691 4 2 4 27 785 325 314 2889
14692 4 2 4 27 724 716 717 2825
14693 4 2 4 27 684 672 673 683
14694 4 2 4 27 654 234 235 2900
14695 4 2 4 27 319 774 775 2944
14696 4 2 4 27 643 629 630 2939
14697 4 2 4 27 1722 2843 2842 2892
14698 4 2 4 27 238 228 669 2877
14699 4 2 4 27 2926 97 2928 2967
14700 4 2 4 27 270 271 702 2825
14701 4 2 4 27 160 161 536 2938
14702 4 2 4 27 153 2887 1727 2918
14703 4 2 4 27 43 201 192 597
14704 4 2 4 27 2801 2791 2905 2906
14705 4 2 4 27 435 25 98 2967
14706 4 2 4 27 221 2776 1712 2783
14707 4 2 4 27 172 554 1720 2819
14708 4 2 4 27 862 861 448 858
14709 4 2 4 27 569 579 575 2912
14710 4 2 4 27 672 684 685 683
14711 4 2 4 27 25 2928 454 2967
14712 4 2 4 27 610 209 210 2776
14713 4 2 4 27 744 764 290 2821
14714 4 2 4 27 764 744 750 2821
14715 4 2 4 27 56 735 284 293
14716 4 2 4 27 764 750 300 2821
14717 4 2 4 27 649 626 222 2783
14718 4 2 4 27 2812 2943 2913 2944
14719 4 2 4 27 643 642 629 2939
14720 4 2 4 27 680 2785 252 2962
14721 4 2 4 27 682 680 694 2814
14722 4 2 4 27 584 603 604 2961
14723 4 2 4 27 604 603 611 2961
14724 4 2 4 27 302 763 762 2837
14725 4 2 4 27 71 2927 2895 2967
14726 4 2 4 27 321 63 791 816
14727 4 2 4 27 355 354 66 828
14728 4 2 4 27 44 199 198 591
14729 4 2 4 27 646 664 650 651
14730 4 2 4 27 276 1741 277 2892
14731 4 2 4 27 763 301 300 2821
14732 4 2 4 27 62 774 320 2943
14733 4 2 4 27 529 535 530 2942
14734 4 2 4 27 221 222 626 2783
14735 4 2 4 27 610 210 220 2776
14736 4 2 4 27 2801 2901 2876 2906
14737 4 2 4 27 2954 2955 180 2956
14738 4 2 4 27 1737 2844 2843 2903
14739 4 2 4 27 1742 772 761 2837
14740 4 2 4 27 222 232 649 2783
14741 4 2 4 27 717 725 724 2807
14742 4 2 4 27 1741 2821 2807 2860
14743 4 2 4 27 511 35 516 2847
14744 4 2 4 27 2867 2911 2827 2941
14745 4 2 4 27 257 686 689 2817
14746 4 2 4 27 1733 2869 2830 2951
14747 4 2 4 27 36 164 149 512
14748 4 2 4 27 682 681 680 2814
14749 4 2 4 27 646 645 644 2877
14750 4 2 4 27 435 93 25 2885
14751 4 2 4 27 834 65 833 2891
14752 4 2 4 27 1737 2868 2844 2903
14753 4 2 4 27 694 252 251 2962
14754 4 2 4 27 814 812 813 2851
14755 4 2 4 27 43 201 2904 2956
14756 4 2 4 27 240 2815 675 2936
14757 4 2 4 27 2895 2927 2865 2967
14758 4 2 4 27 744 290 289 2821
14759 4 2 4 27 763 301 2821 2837
14760 4 2 4 27 2876 2906 2901 2964
14761 4 2 4 27 647 626 649 2783
14762 4 2 4 27 323 61 786 324
14763 4 2 4 27 2833 2908 2866 2952
14764 4 2 4 27 737 736 725 2807
14765 4 2 4 27 228 1711 227 2877
14766 4 2 4 27 868 2927 71 2967
14767 4 2 4 27 233 648 649 2783
14768 4 2 4 27 435 2865 2885 2967
14769 4 2 4 27 592 2774 190 2839
14770 4 2 4 27 547 39 177 570
14771 4 2 4 27 2827 2867 2804 2911
14772 4 2 4 27 604 598 584 2961
14773 4 2 4 27 649 232 233 2783
14774 4 2 4 27 185 195 2826 2951
14775 4 2 4 27 189 572 592 2839
14776 4 2 4 27 725 56 735 284
14777 4 2 4 27 587 572 569 2839
14778 4 2 4 27 178 565 179 2839
14779 4 2 4 27 2865 2803 2885 2928
14780 4 2 4 27 178 177 570 2861
14781 4 2 4 27 330 62 787 329
14782 4 2 4 27 294 2828 1740 2921
14783 4 2 4 27 37 155 156 541
14784 4 2 4 27 142 516 35 2847
14785 4 2 4 27 1743 2936 2868 2962
14786 4 2 4 27 41 194 2954 2956
14787 4 2 4 27 37 155 165 2918
14788 4 2 4 27 687 258 259 2800
14789 4 2 4 27 39 167 168 547
14790 4 2 4 27 257 258 1721 2854
14791 4 2 4 27 617 615 2930 2961
14792 4 2 4 27 2822 2920 1712 2929
14793 4 2 4 27 2794 2844 1737 2868
14794 4 2 4 27 299 2842 57 2896
14795 4 2 4 27 647 649 648 2783
14796 4 2 4 27 179 572 189 2839
14797 4 2 4 27 196 2826 195 2951
14798 4 2 4 27 228 644 645 2877
14799 4 2 4 27 740 750 744 2821
14800 4 2 4 27 592 572 587 2839
14801 4 2 4 27 174 173 40 550
14802 4 2 4 27 312 778 777 2837
14803 4 2 4 27 2808 2830 1733 2869
14804 4 2 4 27 296 743 295 2855
14805 4 2 4 27 604 617 2945 2961
14806 4 2 4 27 282 717 716 2825
14807 4 2 4 27 503 34 152 519
14808 4 2 4 27 565 178 570 2912
14809 4 2 4 27 281 702 271 2825
14810 4 2 4 27 228 645 669 2877
14811 4 2 4 27 624 2776 632 2959
14812 4 2 4 27 312 777 313 2837
14813 4 2 4 27 736 726 725 2807
14814 4 2 4 27 724 725 726 2807
14815 4 2 4 27 614 615 609 2959
14816 4 2 4 27 1708 2871 2833 2952
14817 4 2 4 27 614 613 615 2959
14818 4 2 4 27 750 763 300 2821
14819 4 2 4 27 611 608 609 2781
14820 4 2 4 27 611 609 615 2781
14821 4 2 4 27 772 1742 775 2944
14822 4 2 4 27 669 675 239 2877
14823 4 2 4 27 584 586 585 2961
14824 4 2 4 27 785 314 773 2889
14825 4 2 4 27 2926 2927 370 2967
14826 4 2 4 27 238 669 239 2877
14827 4 2 4 27 2802 2895 2876 2927
14828 4 2 4 27 2772 1714 2955 2956
14829 4 2 4 27 675 2815 661 2936
14830 4 2 4 27 663 675 669 2877
14831 4 2 4 27 862 858 448 2934
14832 4 2 4 27 296 58 742 756
14833 4 2 4 27 763 2821 762 2837
14834 4 2 4 27 2777 2831 2773 2932
14835 4 2 4 27 763 750 762 2821
14836 4 2 4 27 569 572 565 2839
14837 4 2 4 27 281 716 702 2825
14838 4 2 4 27 1709 832 833 2891
14839 4 2 4 27 694 682 2814 2936
14840 4 2 4 27 598 586 584 2961
14841 4 2 4 27 37 2887 155 2918
14842 4 2 4 27 655 2783 2820 2939
14843 4 2 4 27 833 813 1709 2891
14844 4 2 4 27 281 282 716 2825
14845 4 2 4 27 1735 2876 2802 2895
14846 4 2 4 27 834 349 65 2891
14847 4 2 4 27 740 760 2821 2855
14848 4 2 4 27 167 166 557 2861
14849 4 2 4 27 1713 2811 588 2961
14850 4 2 4 27 299 2849 2842 2896
14851 4 2 4 27 2923 2948 196 2951
14852 4 2 4 27 773 314 777 2889
14853 4 2 4 27 189 592 190 2839
14854 4 2 4 27 2869 2923 195 2951
14855 4 2 4 27 319 320 774 2944
14856 4 2 4 27 740 2821 2807 2855
14857 4 2 4 27 694 251 2936 2962
14858 4 2 4 27 2772 2904 1714 2956
14859 4 2 4 27 617 2774 202 2945
14860 4 2 4 27 2827 2862 2768 2887
14861 4 2 4 27 785 773 784 2889
14862 4 2 4 27 38 536 161 2938
14863 4 2 4 27 680 2814 2785 2962
14864 4 2 4 27 671 681 2814 2817
14865 4 2 4 27 2785 2814 1743 2962
14866 4 2 4 27 531 2942 2779 2960
14867 4 2 4 27 784 2889 773 2944
14868 4 2 4 27 598 604 2945 2961
14869 4 2 4 27 2792 2905 2791 2906
14870 4 2 4 27 2779 2938 531 2960
14871 4 2 4 27 1742 772 2837 2944
14872 4 2 4 27 258 257 1721 2817
14873 4 2 4 27 663 661 675 2815
14874 4 2 4 27 814 813 1709 2851
14875 4 2 4 27 1713 586 2774 2961
14876 4 2 4 27 565 572 179 2839
14877 4 2 4 27 670 244 245 2900
14878 4 2 4 27 203 613 204 2864
14879 4 2 4 27 227 1711 226 2820
14880 4 2 4 27 813 814 1709 2891
14881 4 2 4 27 662 665 667 2806
14882 4 2 4 27 1736 2792 314 2902
14883 4 2 4 27 726 2807 733 2860
14884 4 2 4 27 1733 2923 2869 2951
14885 4 2 4 27 216 226 2820 2939
14886 4 2 4 27 662 661 663 2815
14887 4 2 4 27 608 2781 611 2811
14888 4 2 4 27 536 2938 38 2960
14889 4 2 4 27 1742 2913 319 2944
14890 4 2 4 27 300 2821 301 2896
14891 4 2 4 27 2807 2821 740 2860
14892 4 2 4 27 2865 2895 2802 2927
14893 4 2 4 27 320 2943 774 2944
14894 4 2 4 27 296 742 743 2855
14895 4 2 4 27 565 570 569 2912
14896 4 2 4 27 1711 2820 227 2877
14897 4 2 4 27 2865 2926 2928 2967
14898 4 2 4 27 171 38 2938 2960
14899 4 2 4 27 579 569 570 2912
14900 4 2 4 27 1742 319 775 2944
14901 4 2 4 27 694 2814 680 2962
14902 4 2 4 27 2865 2927 2926 2967
14903 4 2 4 27 611 2811 2781 2961
14904 4 2 4 27 642 2820 227 2939
14905 4 2 4 27 610 2776 624 2959
14906 4 2 4 27 648 652 2806 2900
14907 4 2 4 27 290 289 2821 2896
14908 4 2 4 27 290 2821 300 2896
14909 4 2 4 27 202 2774 617 2930
14910 4 2 4 27 565 2839 178 2912
14911 4 2 4 27 226 227 2820 2939
14912 4 2 4 27 579 2826 575 2912
14913 4 2 4 27 675 2815 239 2877
14914 4 2 4 27 617 615 613 2930
14915 4 2 4 27 277 1741 2860 2892
14916 4 2 4 27 617 613 203 2930
14917 4 2 4 27 191 2945 2774 2961
14918 4 2 4 27 1713 2781 2776 2811
14919 4 2 4 27 609 615 2781 2959
14920 4 2 4 27 694 2936 2814 2962
14921 4 2 4 27 665 2806 652 2900
14922 4 2 4 27 2774 2945 617 2961
14923 4 2 4 27 569 2839 565 2912
14924 4 2 4 27 663 2806 662 2815
14925 4 2 4 27 617 2930 2774 2961
14926 4 2 4 27 663 2815 675 2877
14927 4 2 4 27 1713 2781 2811 2961
14928 4 2 4 27 613 2864 203 2930
14929 4 2 4 27 20 10 11 2757
14930 4 2 4 27 4 5 1 2758
14931 4 2 4 27 5 4 16 2758
14932 4 2 4 27 19 10 20 2756
14933 4 2 4 27 39 551 567 40
14934 4 2 4 27 10 19 9 2756
14935 4 2 4 27 14 16 24 2758
14936 4 2 4 27 44 596 603 43
14937 4 2 4 27 578 566 567 568
14938 4 2 4 27 1707 356 1708 1709
14939 4 2 4 27 159 1717 515 148
14940 4 2 4 27 1725 27 1726 105
14941 4 2 4 27 1717 148 147 515
14942 4 2 4 27 159 1717 148 1718
14943 4 2 4 27 102 449 442 103
14944 4 2 4 27 64 63 784 812
14945 4 2 4 27 791 64 792 812
14946 4 2 4 27 66 65 813 833
14947 4 2 4 27 159 1717 532 515
14948 4 2 4 27 558 38 528 37
14949 4 2 4 27 37 528 555 38
14950 4 2 4 27 20 11 21 2757
14951 4 2 4 27 1713 1714 1711 2774
14952 4 2 4 27 1717 1720 1718 2779
14953 4 2 4 27 1724 1735 1736 2791
14954 4 2 4 27 1737 1711 1739 2794
14955 4 2 4 27 1732 1733 1712 2796
14956 4 2 4 27 1728 1740 1742 2799
14957 4 2 4 27 1743 1741 1721 2800
14958 4 2 4 27 1743 2785 1741 2800
14959 4 2 4 27 1743 1721 1711 2815
14960 4 2 4 27 1736 1742 1741 2821
14961 4 2 4 27 1740 1741 1742 2821
14962 4 2 4 27 1740 2807 1741 2821
14963 4 2 4 27 1731 1712 1721 2822
14964 4 2 4 27 1739 2794 1711 2824
14965 4 2 4 27 1741 2807 1740 2825
14966 4 2 4 27 1741 1740 1721 2825
14967 4 2 4 27 1741 1721 2800 2825
14968 4 2 4 27 1741 2800 2785 2825
14969 4 2 4 27 1713 1733 1720 2826
14970 4 2 4 27 1733 1718 1720 2830
14971 4 2 4 27 1730 1721 1740 2835
14972 4 2 4 27 1736 1742 2821 2837
14973 4 2 4 27 1714 2774 1713 2839
14974 4 2 4 27 1742 1709 1710 2851
14975 4 2 4 27 1740 2821 1742 2855
14976 4 2 4 27 1711 2774 2824 2864
14977 4 2 4 27 1709 1735 1707 2891
14978 4 2 4 27 1707 1735 435 2895
14979 4 2 4 27 436 435 1735 2895
14980 4 2 4 27 1722 1736 1741 2896
14981 4 2 4 27 1736 2821 1741 2896
14982 4 2 4 27 1737 1741 1743 2903
14983 4 2 4 27 1713 2826 1720 2912
14984 4 2 4 27 1713 1720 1714 2912
14985 4 2 4 27 1713 1714 2839 2912
14986 4 2 4 27 434 1707 435 2934
14987 4 2 4 27 1727 1720 1717 2942
14988 4 2 4 27 1720 2779 1717 2942
14989 4 2 4 27 435 1725 434 2946
14990 4 2 4 27 434 1708 1707 2957
14991 4 2 4 27 2874 855 866 865
14992 4 2 4 27 2874 866 855 377
14993 4 2 4 27 2897 334 2906 2905
14994 4 2 4 27 2897 2906 334 2915
14995 4 2 4 27 566 42 568 578
14996 4 2 4 27 595 42 566 578
14997 4 2 4 27 595 566 42 41
14998 4 2 4 27 2966 2965 152 151
14999 4 2 4 27 2794 238 1711 228
15000 4 2 4 27 2877 1711 238 228
15001 4 2 4 27 2877 238 1711 239
15002 4 2 4 27 701 264 2857 265
15003 4 2 4 27 701 2857 264 709
15004 4 2 4 27 2868 1711 1737 2794
15005 4 2 4 27 2868 1737 1711 1743
15006 4 2 4 27 2850 2952 366 352
15007 4 2 4 27 63 812 802 814
15008 4 2 4 27 63 802 812 791
15009 4 2 4 27 53 54 714 707
15010 4 2 4 27 53 714 54 2846
15011 4 2 4 27 2845 2884 109 108
15012 4 2 4 27 1736 2891 2792 2791
15013 4 2 4 27 2923 623 2796 212
15014 4 2 4 27 2923 2796 623 2948
15015 4 2 4 27 44 622 2923 212
15016 4 2 4 27 622 623 2923 212
15017 4 2 4 27 622 2923 623 2948
15018 4 2 4 27 758 297 2786 298
15019 4 2 4 27 758 2786 297 2950
15020 4 2 4 27 123 1719 124 32
15021 4 2 4 27 123 124 1719 2831
15022 4 2 4 27 2836 606 44 212
15023 4 2 4 27 2836 44 606 605
15024 4 2 4 27 509 521 2853 510
15025 4 2 4 27 2853 521 509 144
15026 4 2 4 27 480 32 1725 123
15027 4 2 4 27 1725 32 480 484
15028 4 2 4 27 1725 30 480 123
15029 4 2 4 27 480 30 1725 484
15030 4 2 4 27 189 2955 2839 190
15031 4 2 4 27 2839 2955 189 179
15032 4 2 4 27 596 44 594 595
15033 4 2 4 27 596 594 44 603
15034 4 2 4 27 246 245 1721 2817
15035 4 2 4 27 246 1721 245 2822
15036 4 2 4 27 1713 2781 2783 2776
15037 4 2 4 27 2783 1713 1712 1711
15038 4 2 4 27 1712 1713 2783 2776
15039 4 2 4 27 304 2899 755 303
15040 4 2 4 27 755 2899 304 2797
15041 4 2 4 27 2910 496 500 2780
15042 4 2 4 27 2910 500 496 495
15043 4 2 4 27 242 2868 2844 49
15044 4 2 4 27 2844 2868 242 249
15045 4 2 4 27 683 242 2846 49
15046 4 2 4 27 2846 242 683 249
15047 4 2 4 27 242 2958 2846 49
15048 4 2 4 27 2846 2958 242 249
15049 4 2 4 27 242 2844 2958 49
15050 4 2 4 27 2958 2844 242 249
15051 4 2 4 27 174 175 2830 564
15052 4 2 4 27 174 2830 175 2931
15053 4 2 4 27 444 866 2874 442
15054 4 2 4 27 444 2874 866 865
15055 4 2 4 27 322 321 2792 798
15056 4 2 4 27 2792 321 322 2905
15057 4 2 4 27 67 1735 1707 362
15058 4 2 4 27 233 659 2920 232
15059 4 2 4 27 245 2822 679 246
15060 4 2 4 27 183 2819 2951 184
15061 4 2 4 27 183 2951 2819 2830
15062 4 2 4 27 60 59 770 753
15063 4 2 4 27 779 59 770 778
15064 4 2 4 27 779 770 59 753
15065 4 2 4 27 555 527 37 548
15066 4 2 4 27 555 37 527 528
15067 4 2 4 27 632 655 634 630
15068 4 2 4 27 2796 210 2776 220
15069 4 2 4 27 2796 2776 210 209
15070 4 2 4 27 2836 2919 606 212
15071 4 2 4 27 211 606 2919 212
15072 4 2 4 27 211 2919 606 46
15073 4 2 4 27 790 309 786 323
15074 4 2 4 27 786 309 790 771
15075 4 2 4 27 1743 2815 2817 1721
15076 4 2 4 27 2765 2782 2804 4
15077 4 2 4 27 2765 2804 2782 2884
15078 4 2 4 27 2803 2804 2782 4
15079 4 2 4 27 2803 2782 2804 2884
15080 4 2 4 27 684 668 2817 671
15081 4 2 4 27 684 2817 668 689
15082 4 2 4 27 94 2884 2845 95
15083 4 2 4 27 2845 2884 94 109
15084 4 2 4 27 2845 450 94 95
15085 4 2 4 27 94 450 2845 109
15086 4 2 4 27 570 553 40 579
15087 4 2 4 27 553 552 183 579
15088 4 2 4 27 183 40 553 579
15089 4 2 4 27 2832 1717 136 135
15090 4 2 4 27 45 2893 2772 218
15091 4 2 4 27 45 2772 2893 2771
15092 4 2 4 27 2761 358 2876 359
15093 4 2 4 27 2761 2876 358 2927
15094 4 2 4 27 664 666 2893 50
15095 4 2 4 27 2893 666 664 651
15096 4 2 4 27 2879 2924 168 169
15097 4 2 4 27 1717 2941 130 129
15098 4 2 4 27 2890 8 2808 2795
15099 4 2 4 27 2890 2808 8 7
15100 4 2 4 27 2845 2764 2759 2838
15101 4 2 4 27 2845 2759 2764 2782
15102 4 2 4 27 2868 240 2815 239
15103 4 2 4 27 2883 2908 339 340
15104 4 2 4 27 137 2832 2966 152
15105 4 2 4 27 2966 2832 137 138
15106 4 2 4 27 2966 2965 137 152
15107 4 2 4 27 137 2965 2966 138
15108 4 2 4 27 1707 70 1708 368
15109 4 2 4 27 1708 70 1707 2957
15110 4 2 4 27 70 2871 1708 368
15111 4 2 4 27 1708 2871 70 2957
15112 4 2 4 27 70 853 2871 368
15113 4 2 4 27 2883 354 2908 353
15114 4 2 4 27 2883 2908 354 339
15115 4 2 4 27 2952 2908 354 353
15116 4 2 4 27 2952 354 2908 339
15117 4 2 4 27 651 237 2893 230
15118 4 2 4 27 2893 237 20 230
15119 4 2 4 27 2893 20 237 49
15120 4 2 4 27 20 237 2794 230
15121 4 2 4 27 20 2794 237 49
15122 4 2 4 27 376 102 442 103
15123 4 2 4 27 376 442 102 2874
15124 4 2 4 27 2856 2759 2773 2784
15125 4 2 4 27 2856 2773 2759 2818
15126 4 2 4 27 2956 191 1714 190
15127 4 2 4 27 2893 664 237 651
15128 4 2 4 27 2893 237 664 49
15129 4 2 4 27 682 683 684 673
15130 4 2 4 27 684 683 682 681
15131 4 2 4 27 1712 234 2920 233
15132 4 2 4 27 1712 2920 234 2929
15133 4 2 4 27 2900 1712 234 2929
15134 4 2 4 27 660 659 2920 233
15135 4 2 4 27 234 660 2920 233
15136 4 2 4 27 234 2920 660 2929
15137 4 2 4 27 2793 2770 2950 2786
15138 4 2 4 27 2793 2950 2770 2790
15139 4 2 4 27 2870 2910 2911 132
15140 4 2 4 27 2911 2910 2870 2816
15141 4 2 4 27 461 2935 470 468
15142 4 2 4 27 470 2935 461 114
15143 4 2 4 27 2838 468 461 2875
15144 4 2 4 27 461 468 2838 2935
15145 4 2 4 27 366 367 2871 854
15146 4 2 4 27 366 2871 367 2952
15147 4 2 4 27 528 37 529 558
15148 4 2 4 27 2859 27 472 105
15149 4 2 4 27 2859 472 27 2885
15150 4 2 4 27 2953 182 2813 2924
15151 4 2 4 27 2953 2813 182 181
15152 4 2 4 27 67 361 1735 362
15153 4 2 4 27 67 1735 361 2964
15154 4 2 4 27 2876 1735 361 362
15155 4 2 4 27 2876 361 1735 2964
15156 4 2 4 27 1725 135 129 1717
15157 4 2 4 27 494 129 135 1717
15158 4 2 4 27 2893 236 2919 10
15159 4 2 4 27 2893 2919 236 48
15160 4 2 4 27 851 362 2876 852
15161 4 2 4 27 793 776 786 771
15162 4 2 4 27 793 786 776 797
15163 4 2 4 27 61 786 776 771
15164 4 2 4 27 61 776 786 797
15165 4 2 4 27 69 1707 1735 362
15166 4 2 4 27 69 1735 1707 2895
15167 4 2 4 27 2876 69 1735 362
15168 4 2 4 27 2876 1735 69 2895
15169 4 2 4 27 851 69 2876 362
15170 4 2 4 27 851 2876 69 2895
15171 4 2 4 27 2922 2909 2931 187
15172 4 2 4 27 2922 2931 2909 2789
15173 4 2 4 27 188 2931 2909 187
15174 4 2 4 27 188 2909 2931 2789
15175 4 2 4 27 707 720 2825 722
15176 4 2 4 27 2880 2965 517 2818
15177 4 2 4 27 517 2965 2880 520
15178 4 2 4 27 2829 12 2899 2767
15179 4 2 4 27 2829 2899 12 2798
15180 4 2 4 27 810 816 2968 804
15181 4 2 4 27 2968 816 810 335
15182 4 2 4 27 598 592 2961 191
15183 4 2 4 27 598 2961 592 586
15184 4 2 4 27 2774 2961 592 191
15185 4 2 4 27 2774 592 2961 586
15186 4 2 4 27 719 726 1741 720
15187 4 2 4 27 719 1741 726 2860
15188 4 2 4 27 2807 726 1741 2860
15189 4 2 4 27 608 612 2811 611
15190 4 2 4 27 608 2811 612 616
15191 4 2 4 27 2953 597 41 596
15192 4 2 4 27 2953 41 597 194
15193 4 2 4 27 2820 2864 2774 1711
15194 4 2 4 27 2820 2774 1713 1711
15195 4 2 4 27 2820 1713 2783 1711
15196 4 2 4 27 2783 1713 2820 2781
15197 4 2 4 27 1717 518 33 141
15198 4 2 4 27 2806 653 665 652
15199 4 2 4 27 2806 665 653 646
15200 4 2 4 27 650 665 653 652
15201 4 2 4 27 650 653 665 646
15202 4 2 4 27 40 174 2830 173
15203 4 2 4 27 40 2830 174 2931
15204 4 2 4 27 2964 338 2791 2906
15205 4 2 4 27 2964 2791 338 2891
15206 4 2 4 27 355 1709 2866 356
15207 4 2 4 27 2866 1709 355 344
15208 4 2 4 27 1719 32 2831 124
15209 4 2 4 27 1719 2831 32 2832
15210 4 2 4 27 140 2831 32 124
15211 4 2 4 27 140 32 2831 2832
15212 4 2 4 27 266 53 2843 274
15213 4 2 4 27 2843 53 266 2903
15214 4 2 4 27 2843 275 266 274
15215 4 2 4 27 266 275 2843 2903
15216 4 2 4 27 1736 2821 301 2837
15217 4 2 4 27 301 2821 1736 2896
15218 4 2 4 27 1736 2849 301 2896
15219 4 2 4 27 2965 2856 2966 138
15220 4 2 4 27 2965 2966 2856 2818
15221 4 2 4 27 165 529 2942 535
15222 4 2 4 27 2942 529 165 558
15223 4 2 4 27 754 752 58 751
15224 4 2 4 27 2915 821 333 810
15225 4 2 4 27 2915 333 821 835
15226 4 2 4 27 47 657 2824 225
15227 4 2 4 27 47 2824 657 2794
15228 4 2 4 27 226 2824 657 225
15229 4 2 4 27 2888 811 2883 806
15230 4 2 4 27 2888 2883 811 2788
15231 4 2 4 27 448 446 2858 439
15232 4 2 4 27 448 2858 446 444
15233 4 2 4 27 795 776 2940 789
15234 4 2 4 27 2940 776 795 793
15235 4 2 4 27 2940 792 795 789
15236 4 2 4 27 795 792 2940 793
15237 4 2 4 27 147 525 2832 34
15238 4 2 4 27 147 2832 525 2810
15239 4 2 4 27 152 2832 525 34
15240 4 2 4 27 152 525 2832 2810
15241 4 2 4 27 2817 245 668 246
15242 4 2 4 27 2817 668 245 667
15243 4 2 4 27 2911 2910 2862 145
15244 4 2 4 27 2911 2862 2910 2816
15245 4 2 4 27 2853 2862 2910 145
15246 4 2 4 27 2853 2910 2862 2816
15247 4 2 4 27 528 38 556 555
15248 4 2 4 27 556 38 528 533
15249 4 2 4 27 556 537 528 555
15250 4 2 4 27 528 537 556 533
15251 4 2 4 27 2873 556 2841 555
15252 4 2 4 27 2873 2841 556 2769
15253 4 2 4 27 2830 175 2809 176
15254 4 2 4 27 2830 2809 175 2931
15255 4 2 4 27 2769 2809 175 176
15256 4 2 4 27 2769 175 2809 2931
15257 4 2 4 27 2799 2828 304 2798
15258 4 2 4 27 58 304 2828 2798
15259 4 2 4 27 1733 2948 1712 2796
15260 4 2 4 27 1733 1712 2948 1713
15261 4 2 4 27 2776 1712 2948 2796
15262 4 2 4 27 2776 2948 1712 1713
15263 4 2 4 27 2802 2878 1724 436
15264 4 2 4 27 1724 2878 2802 2801
15265 4 2 4 27 2884 107 2885 108
15266 4 2 4 27 2884 2885 107 2859
15267 4 2 4 27 2803 2885 1726 435
15268 4 2 4 27 2803 1726 2885 2859
15269 4 2 4 27 27 1726 2885 435
15270 4 2 4 27 27 2885 1726 2859
15271 4 2 4 27 527 37 529 528
15272 4 2 4 27 527 529 37 541
15273 4 2 4 27 2947 738 2797 741
15274 4 2 4 27 2947 2797 738 2775
15275 4 2 4 27 2960 554 2938 171
15276 4 2 4 27 717 2807 1740 283
15277 4 2 4 27 1740 2807 717 2825
15278 4 2 4 27 1740 282 717 283
15279 4 2 4 27 717 282 1740 2825
15280 4 2 4 27 610 616 2776 608
15281 4 2 4 27 610 2776 616 209
15282 4 2 4 27 236 2919 2920 48
15283 4 2 4 27 2920 2919 236 2929
15284 4 2 4 27 2920 659 236 48
15285 4 2 4 27 2863 2852 433 2766
15286 4 2 4 27 2863 433 2852 2777
15287 4 2 4 27 2773 433 2852 2766
15288 4 2 4 27 2773 2852 433 2777
15289 4 2 4 27 2917 842 844 825
15290 4 2 4 27 2917 844 842 2914
15291 4 2 4 27 134 2867 506 133
15292 4 2 4 27 2936 250 2868 251
15293 4 2 4 27 2936 2868 250 241
15294 4 2 4 27 57 2793 2786 285
15295 4 2 4 27 2786 2793 57 298
15296 4 2 4 27 2786 2882 57 285
15297 4 2 4 27 57 2882 2786 298
15298 4 2 4 27 49 50 2846 672
15299 4 2 4 27 2846 50 49 2893
15300 4 2 4 27 552 554 1720 559
15301 4 2 4 27 1720 554 552 2819
15302 4 2 4 27 2878 18 2768 17
15303 4 2 4 27 2878 2768 18 2772
15304 4 2 4 27 566 587 42 41
15305 4 2 4 27 566 42 587 568
15306 4 2 4 27 1732 2919 2920 1731
15307 4 2 4 27 2916 347 2915 835
15308 4 2 4 27 2916 2915 347 2897
15309 4 2 4 27 2893 18 2772 20
15310 4 2 4 27 2893 2772 18 2771
15311 4 2 4 27 2883 805 2888 806
15312 4 2 4 27 2883 2888 805 2916
15313 4 2 4 27 808 788 809 792
15314 4 2 4 27 808 809 788 327
15315 4 2 4 27 64 809 788 792
15316 4 2 4 27 64 788 809 327
15317 4 2 4 27 2810 2808 2966 2809
15318 4 2 4 27 2810 2966 2808 1734
15319 4 2 4 27 6 2966 2808 2809
15320 4 2 4 27 2910 2780 2870 2816
15321 4 2 4 27 2910 2870 2780 500
15322 4 2 4 27 311 2950 2902 310
15323 4 2 4 27 2902 2950 311 297
15324 4 2 4 27 862 369 2934 98
15325 4 2 4 27 862 2934 369 71
15326 4 2 4 27 2934 369 435 98
15327 4 2 4 27 2934 435 369 71
15328 4 2 4 27 435 369 2967 98
15329 4 2 4 27 435 2967 369 71
15330 4 2 4 27 2856 479 2784 126
15331 4 2 4 27 2856 2784 479 486
15332 4 2 4 27 488 2784 479 126
15333 4 2 4 27 488 479 2784 486
15334 4 2 4 27 53 714 2947 721
15335 4 2 4 27 2947 714 53 2846
15336 4 2 4 27 2882 745 57 285
15337 4 2 4 27 2882 57 745 741
15338 4 2 4 27 40 567 549 551
15339 4 2 4 27 40 549 567 577
15340 4 2 4 27 2841 549 567 551
15341 4 2 4 27 2841 567 549 577
15342 4 2 4 27 598 201 584 192
15343 4 2 4 27 598 584 201 604
15344 4 2 4 27 597 584 201 192
15345 4 2 4 27 597 201 584 604
15346 4 2 4 27 277 719 1741 276
15347 4 2 4 27 277 1741 719 2860
15348 4 2 4 27 1731 2929 2890 2919
15349 4 2 4 27 10 2890 2929 2919
15350 4 2 4 27 10 2929 2890 2894
15351 4 2 4 27 2830 172 1720 2819
15352 4 2 4 27 754 58 2797 759
15353 4 2 4 27 754 2797 58 291
15354 4 2 4 27 515 34 1717 518
15355 4 2 4 27 515 1717 34 147
15356 4 2 4 27 2849 2902 2790 2792
15357 4 2 4 27 2790 2902 2849 2793
15358 4 2 4 27 2790 1724 2849 2792
15359 4 2 4 27 2849 1724 2790 2793
15360 4 2 4 27 707 716 2825 702
15361 4 2 4 27 707 2825 716 722
15362 4 2 4 27 660 236 2920 659
15363 4 2 4 27 2920 236 660 2929
15364 4 2 4 27 2963 445 2935 2838
15365 4 2 4 27 2963 2935 445 443
15366 4 2 4 27 280 2921 272 2835
15367 4 2 4 27 280 272 2921 281
15368 4 2 4 27 271 272 2921 2835
15369 4 2 4 27 271 2921 272 281
15370 4 2 4 27 2951 185 582 184
15371 4 2 4 27 582 183 2951 184
15372 4 2 4 27 2951 183 582 2869
15373 4 2 4 27 2913 1728 1742 2799
15374 4 2 4 27 2825 1721 270 2835
15375 4 2 4 27 2825 270 1721 2800
15376 4 2 4 27 355 2952 66 354
15377 4 2 4 27 355 66 2952 2866
15378 4 2 4 27 339 66 2952 354
15379 4 2 4 27 339 2952 66 2866
15380 4 2 4 27 299 766 2896 300
15381 4 2 4 27 299 2896 766 2849
15382 4 2 4 27 301 2896 766 300
15383 4 2 4 27 301 766 2896 2849
15384 4 2 4 27 2922 42 2909 187
15385 4 2 4 27 2922 2909 42 200
15386 4 2 4 27 571 39 551 567
15387 4 2 4 27 555 571 551 567
15388 4 2 4 27 2924 571 555 567
15389 4 2 4 27 2840 304 2899 2798
15390 4 2 4 27 2840 2899 304 303
15391 4 2 4 27 2904 2774 1711 1714
15392 4 2 4 27 1711 2774 2904 2824
15393 4 2 4 27 624 220 2776 610
15394 4 2 4 27 2776 220 624 625
15395 4 2 4 27 467 466 477 465
15396 4 2 4 27 467 477 466 476
15397 4 2 4 27 29 477 466 465
15398 4 2 4 27 29 466 477 476
15399 4 2 4 27 2942 1717 532 2779
15400 4 2 4 27 2942 532 1717 2847
15401 4 2 4 27 2926 95 2925 2884
15402 4 2 4 27 2926 2925 95 96
15403 4 2 4 27 506 505 2867 134
15404 4 2 4 27 506 2867 505 2941
15405 4 2 4 27 2956 194 2771 193
15406 4 2 4 27 2956 2771 194 2954
15407 4 2 4 27 481 140 484 480
15408 4 2 4 27 481 484 140 498
15409 4 2 4 27 32 484 140 480
15410 4 2 4 27 32 140 484 498
15411 4 2 4 27 7 2808 2809 6
15412 4 2 4 27 2809 2808 7 8
15413 4 2 4 27 2809 2769 7 6
15414 4 2 4 27 7 2769 2809 8
15415 4 2 4 27 273 2958 2947 53
15416 4 2 4 27 2947 2958 273 2762
15417 4 2 4 27 2897 2968 2905 2823
15418 4 2 4 27 2905 2968 2897 334
15419 4 2 4 27 665 244 654 656
15420 4 2 4 27 665 654 244 670
15421 4 2 4 27 58 2798 2797 304
15422 4 2 4 27 2797 2798 58 291
15423 4 2 4 27 2777 2935 2773 2852
15424 4 2 4 27 222 649 223 627
15425 4 2 4 27 222 223 649 232
15426 4 2 4 27 2933 489 500 2780
15427 4 2 4 27 675 2936 674 240
15428 4 2 4 27 674 2936 675 661
15429 4 2 4 27 2966 152 2810 151
15430 4 2 4 27 2966 2810 152 2832
15431 4 2 4 27 494 34 1717 503
15432 4 2 4 27 308 2799 1742 307
15433 4 2 4 27 308 1742 2799 2913
15434 4 2 4 27 2936 2814 673 682
15435 4 2 4 27 2828 1740 1728 2799
15436 4 2 4 27 2828 1728 1740 1730
15437 4 2 4 27 2768 17 2763 15
15438 4 2 4 27 2768 2763 17 18
15439 4 2 4 27 40 2830 2869 183
15440 4 2 4 27 40 2869 2830 2931
15441 4 2 4 27 141 2847 518 522
15442 4 2 4 27 518 2847 141 1717
15443 4 2 4 27 807 822 2883 805
15444 4 2 4 27 807 2883 822 827
15445 4 2 4 27 37 527 156 170
15446 4 2 4 27 156 527 37 541
15447 4 2 4 27 294 743 1740 295
15448 4 2 4 27 294 1740 743 2807
15449 4 2 4 27 2855 1740 743 295
15450 4 2 4 27 2855 743 1740 2807
15451 4 2 4 27 2828 291 2775 292
15452 4 2 4 27 2828 2775 291 2798
15453 4 2 4 27 866 444 449 442
15454 4 2 4 27 449 444 866 858
15455 4 2 4 27 2902 312 1736 2849
15456 4 2 4 27 2902 1736 312 313
15457 4 2 4 27 2837 312 1736 313
15458 4 2 4 27 531 160 2779 532
15459 4 2 4 27 531 2779 160 2938
15460 4 2 4 27 2917 2897 823 2805
15461 4 2 4 27 2917 823 2897 2916
15462 4 2 4 27 2868 2936 2815 240
15463 4 2 4 27 2815 2936 2868 1743
15464 4 2 4 27 2808 1732 2890 2795
15465 4 2 4 27 2808 2890 1732 1734
15466 4 2 4 27 624 606 605 46
15467 4 2 4 27 624 605 606 607
15468 4 2 4 27 499 495 146 517
15469 4 2 4 27 499 146 495 504
15470 4 2 4 27 521 146 495 517
15471 4 2 4 27 2911 2941 523 2827
15472 4 2 4 27 141 2941 523 33
15473 4 2 4 27 141 523 2941 2827
15474 4 2 4 27 1712 2806 233 2783
15475 4 2 4 27 701 720 721 718
15476 4 2 4 27 721 720 701 707
15477 4 2 4 27 569 566 587 568
15478 4 2 4 27 587 566 569 572
15479 4 2 4 27 33 1717 2941 130
15480 4 2 4 27 33 2941 1717 141
15481 4 2 4 27 2904 202 2930 2774
15482 4 2 4 27 2904 2930 202 203
15483 4 2 4 27 116 434 2946 99
15484 4 2 4 27 2946 434 116 28
15485 4 2 4 27 2953 41 2954 181
15486 4 2 4 27 2953 2954 41 194
15487 4 2 4 27 341 2908 819 2866
15488 4 2 4 27 341 819 2908 340
15489 4 2 4 27 339 819 2908 2866
15490 4 2 4 27 339 2908 819 340
15491 4 2 4 27 36 513 164 512
15492 4 2 4 27 36 164 513 538
15493 4 2 4 27 514 164 513 512
15494 4 2 4 27 1717 34 2832 136
15495 4 2 4 27 1717 2832 34 147
15496 4 2 4 27 375 434 2934 72
15497 4 2 4 27 375 2934 434 104
15498 4 2 4 27 695 249 2844 51
15499 4 2 4 27 695 2844 249 2868
15500 4 2 4 27 1734 2830 2810 1718
15501 4 2 4 27 2810 2830 1734 2808
15502 4 2 4 27 2917 844 2881 824
15503 4 2 4 27 2917 2881 844 2914
15504 4 2 4 27 614 605 45 631
15505 4 2 4 27 45 605 614 618
15506 4 2 4 27 45 633 614 631
15507 4 2 4 27 614 633 45 618
15508 4 2 4 27 318 761 1742 775
15509 4 2 4 27 1742 761 318 308
15510 4 2 4 27 483 501 485 482
15511 4 2 4 27 103 866 375 449
15512 4 2 4 27 375 866 103 376
15513 4 2 4 27 2966 2965 2880 2818
15514 4 2 4 27 2966 2880 2965 151
15515 4 2 4 27 2968 2770 2905 2823
15516 4 2 4 27 2968 2905 2770 2949
15517 4 2 4 27 866 449 2934 375
15518 4 2 4 27 2934 449 866 858
15519 4 2 4 27 2934 72 866 375
15520 4 2 4 27 866 72 2934 858
15521 4 2 4 27 2824 203 204 2864
15522 4 2 4 27 2824 204 203 2904
15523 4 2 4 27 213 204 2824 2904
15524 4 2 4 27 2774 2930 2824 2864
15525 4 2 4 27 2774 2824 2930 2904
15526 4 2 4 27 2930 203 2824 2864
15527 4 2 4 27 2930 2824 203 2904
15528 4 2 4 27 302 312 1736 2837
15529 4 2 4 27 1736 312 302 2849
15530 4 2 4 27 1736 301 302 2837
15531 4 2 4 27 302 301 1736 2849
15532 4 2 4 27 2926 2802 2782 2761
15533 4 2 4 27 2926 2782 2802 2865
15534 4 2 4 27 534 161 38 533
15535 4 2 4 27 534 38 161 162
15536 4 2 4 27 341 809 327 342
15537 4 2 4 27 327 809 341 808
15538 4 2 4 27 828 807 2883 354
15539 4 2 4 27 2883 807 828 827
15540 4 2 4 27 2883 353 828 354
15541 4 2 4 27 828 353 2883 827
15542 4 2 4 27 305 757 296 306
15543 4 2 4 27 296 757 305 756
15544 4 2 4 27 257 687 2817 258
15545 4 2 4 27 2817 687 257 686
15546 4 2 4 27 858 859 2858 856
15547 4 2 4 27 858 2858 859 861
15548 4 2 4 27 2956 2945 1714 191
15549 4 2 4 27 2956 1714 2945 2904
15550 4 2 4 27 2774 1714 2945 191
15551 4 2 4 27 2774 2945 1714 2904
15552 4 2 4 27 2955 178 1714 2861
15553 4 2 4 27 2955 1714 178 2839
15554 4 2 4 27 2912 178 1714 2839
15555 4 2 4 27 2937 5 2766 14
15556 4 2 4 27 2937 2766 5 1
15557 4 2 4 27 2765 3 2804 15
15558 4 2 4 27 2765 2804 3 4
15559 4 2 4 27 557 560 1720 558
15560 4 2 4 27 557 1720 166 558
15561 4 2 4 27 166 1720 557 2861
15562 4 2 4 27 844 826 847 824
15563 4 2 4 27 847 826 844 846
15564 4 2 4 27 128 466 111 30
15565 4 2 4 27 128 111 466 462
15566 4 2 4 27 535 2847 35 530
15567 4 2 4 27 35 2847 535 153
15568 4 2 4 27 4 2758 24 16
15569 4 2 4 27 4 24 2758 2937
15570 4 2 4 27 797 61 785 786
15571 4 2 4 27 797 785 61 314
15572 4 2 4 27 324 785 61 786
15573 4 2 4 27 324 61 785 314
15574 4 2 4 27 540 509 35 158
15575 4 2 4 27 2901 2823 2905 2801
15576 4 2 4 27 2901 2905 2823 2897
15577 4 2 4 27 813 344 832 1709
15578 4 2 4 27 813 832 344 66
15579 4 2 4 27 355 832 344 1709
15580 4 2 4 27 355 344 832 66
15581 4 2 4 27 616 207 2811 612
15582 4 2 4 27 616 2811 207 208
15583 4 2 4 27 617 201 2945 202
15584 4 2 4 27 2945 201 617 604
15585 4 2 4 27 164 2810 544 36
15586 4 2 4 27 164 544 2810 2872
15587 4 2 4 27 159 544 2810 36
15588 4 2 4 27 159 2810 544 2872
15589 4 2 4 27 529 37 155 165
15590 4 2 4 27 155 37 529 541
15591 4 2 4 27 155 535 529 165
15592 4 2 4 27 529 535 155 541
15593 4 2 4 27 207 197 612 198
15594 4 2 4 27 207 612 197 2811
15595 4 2 4 27 591 612 197 198
15596 4 2 4 27 2811 207 2948 197
15597 4 2 4 27 2811 2948 207 208
15598 4 2 4 27 2871 2766 2850 365
15599 4 2 4 27 2850 2766 2871 2952
15600 4 2 4 27 2850 366 2871 365
15601 4 2 4 27 2871 366 2850 2952
15602 4 2 4 27 2860 2892 278 277
15603 4 2 4 27 35 1727 2847 153
15604 4 2 4 27 2847 1727 35 142
15605 4 2 4 27 470 100 116 447
15606 4 2 4 27 470 116 100 115
15607 4 2 4 27 569 2912 587 2839
15608 4 2 4 27 1713 587 2912 2839
15609 4 2 4 27 1713 2912 587 2826
15610 4 2 4 27 70 69 863 841
15611 4 2 4 27 70 863 69 1707
15612 4 2 4 27 43 605 2771 619
15613 4 2 4 27 2759 2 2773 1
15614 4 2 4 27 2759 2773 2 6
15615 4 2 4 27 2767 13 2829 12
15616 4 2 4 27 2767 2829 13 14
15617 4 2 4 27 2798 2829 13 12
15618 4 2 4 27 2836 44 596 595
15619 4 2 4 27 624 606 610 607
15620 4 2 4 27 610 606 624 219
15621 4 2 4 27 593 1713 196 2811
15622 4 2 4 27 207 622 2923 44
15623 4 2 4 27 207 2923 622 2948
15624 4 2 4 27 596 43 604 603
15625 4 2 4 27 604 43 596 597
15626 4 2 4 27 604 584 596 603
15627 4 2 4 27 596 584 604 597
15628 4 2 4 27 2942 532 531 2779
15629 4 2 4 27 2942 531 532 530
15630 4 2 4 27 2906 348 65 333
15631 4 2 4 27 2906 65 348 2964
15632 4 2 4 27 259 700 260 691
15633 4 2 4 27 260 700 259 268
15634 4 2 4 27 2781 2959 2783 2776
15635 4 2 4 27 2781 2783 2959 2820
15636 4 2 4 27 632 2783 2959 2776
15637 4 2 4 27 2948 196 1713 2811
15638 4 2 4 27 182 2924 2955 2954
15639 4 2 4 27 2768 2924 2955 2879
15640 4 2 4 27 2768 2955 2924 2954
15641 4 2 4 27 2967 454 455 2928
15642 4 2 4 27 2967 455 454 98
15643 4 2 4 27 727 53 274 723
15644 4 2 4 27 727 274 53 266
15645 4 2 4 27 2784 2831 2856 126
15646 4 2 4 27 2856 2831 2784 2773
15647 4 2 4 27 2860 287 2892 288
15648 4 2 4 27 2860 2892 287 278
15649 4 2 4 27 259 258 1721 2800
15650 4 2 4 27 1721 258 259 2854
15651 4 2 4 27 1721 270 269 2800
15652 4 2 4 27 259 1721 269 2800
15653 4 2 4 27 2814 673 681 671
15654 4 2 4 27 2814 681 673 682
15655 4 2 4 27 684 681 673 671
15656 4 2 4 27 684 673 681 682
15657 4 2 4 27 2872 563 171 2830
15658 4 2 4 27 2872 171 563 38
15659 4 2 4 27 714 272 280 715
15660 4 2 4 27 280 272 714 54
15661 4 2 4 27 2817 684 681 686
15662 4 2 4 27 2817 681 684 671
15663 4 2 4 27 720 2825 1741 2857
15664 4 2 4 27 2942 2960 1720 2779
15665 4 2 4 27 554 2960 1720 559
15666 4 2 4 27 195 2923 186 42
15667 4 2 4 27 195 186 2923 2869
15668 4 2 4 27 187 186 2923 42
15669 4 2 4 27 187 2923 186 2869
15670 4 2 4 27 2848 2913 2787 2812
15671 4 2 4 27 2787 2913 2848 2829
15672 4 2 4 27 592 2774 1713 586
15673 4 2 4 27 1713 2774 592 2839
15674 4 2 4 27 1713 587 592 586
15675 4 2 4 27 592 587 1713 2839
15676 4 2 4 27 652 656 665 654
15677 4 2 4 27 665 656 652 650
15678 4 2 4 27 531 2942 529 530
15679 4 2 4 27 531 529 2942 2960
15680 4 2 4 27 2814 2936 1743 2962
15681 4 2 4 27 2787 2833 2812 1710
15682 4 2 4 27 2787 2812 2833 2848
15683 4 2 4 27 2837 761 778 772
15684 4 2 4 27 2892 289 1741 2860
15685 4 2 4 27 2892 1741 289 2896
15686 4 2 4 27 2821 1741 289 2860
15687 4 2 4 27 2821 289 1741 2896
15688 4 2 4 27 2941 146 523 33
15689 4 2 4 27 2941 523 146 2911
15690 4 2 4 27 760 757 742 756
15691 4 2 4 27 760 742 757 2855
15692 4 2 4 27 296 742 757 756
15693 4 2 4 27 296 757 742 2855
15694 4 2 4 27 747 2896 2892 289
15695 4 2 4 27 2814 1743 1721 2800
15696 4 2 4 27 1721 1743 2814 2817
15697 4 2 4 27 687 690 2814 2800
15698 4 2 4 27 258 687 1721 2800
15699 4 2 4 27 1721 687 258 2817
15700 4 2 4 27 687 2814 1721 2800
15701 4 2 4 27 1721 2814 687 2817
15702 4 2 4 27 582 2951 583 185
15703 4 2 4 27 582 583 2951 2869
15704 4 2 4 27 186 583 2951 185
15705 4 2 4 27 186 2951 583 2869
15706 4 2 4 27 57 2896 746 290
15707 4 2 4 27 57 746 2896 2842
15708 4 2 4 27 747 746 2896 290
15709 4 2 4 27 2961 615 2781 611
15710 4 2 4 27 2961 2781 615 2930
15711 4 2 4 27 1721 257 247 2817
15712 4 2 4 27 247 257 1721 2854
15713 4 2 4 27 247 246 1721 2817
15714 4 2 4 27 1721 246 247 2854
15715 4 2 4 27 2960 558 1720 559
15716 4 2 4 27 2960 1720 558 2942
15717 4 2 4 27 2806 663 665 646
15718 4 2 4 27 2806 665 663 662
15719 4 2 4 27 664 665 663 646
15720 4 2 4 27 664 663 665 662
15721 4 2 4 27 214 613 204 633
15722 4 2 4 27 204 613 214 2864
15723 4 2 4 27 58 756 751 742
15724 4 2 4 27 2819 579 2826 574
15725 4 2 4 27 2819 2826 579 2912
15726 4 2 4 27 2918 170 561 37
15727 4 2 4 27 2885 2967 25 435
15728 4 2 4 27 25 2967 2885 2928
15729 4 2 4 27 2791 2964 2876 1735
15730 4 2 4 27 2876 2964 2791 2906
15731 4 2 4 27 2944 2851 784 2889
15732 4 2 4 27 628 2820 216 215
15733 4 2 4 27 628 216 2820 2939
15734 4 2 4 27 2811 608 2776 616
15735 4 2 4 27 2811 2776 608 2781
15736 4 2 4 27 662 661 2817 671
15737 4 2 4 27 662 2817 661 2815
15738 4 2 4 27 575 2912 587 569
15739 4 2 4 27 587 2912 575 2826
15740 4 2 4 27 1725 32 1719 123
15741 4 2 4 27 1725 1719 32 135
15742 4 2 4 27 551 553 39 546
15743 4 2 4 27 560 553 547 570
15744 4 2 4 27 560 547 553 546
15745 4 2 4 27 553 39 547 570
15746 4 2 4 27 553 547 39 546
15747 4 2 4 27 556 174 2841 549
15748 4 2 4 27 556 2841 174 175
15749 4 2 4 27 761 770 59 778
15750 4 2 4 27 761 59 770 60
15751 4 2 4 27 45 46 2893 635
15752 4 2 4 27 45 2893 46 605
15753 4 2 4 27 43 44 2771 605
15754 4 2 4 27 43 2771 44 596
15755 4 2 4 27 2836 2771 44 605
15756 4 2 4 27 2836 44 2771 596
15757 4 2 4 27 744 752 740 57
15758 4 2 4 27 740 752 742 57
15759 4 2 4 27 740 742 752 751
15760 4 2 4 27 742 752 58 57
15761 4 2 4 27 742 58 752 751
15762 4 2 4 27 752 744 750 764
15763 4 2 4 27 62 773 797 61
15764 4 2 4 27 797 776 62 61
15765 4 2 4 27 39 40 553 551
15766 4 2 4 27 553 40 39 570
15767 4 2 4 27 483 1725 31 117
15768 4 2 4 27 1726 1725 31 129
15769 4 2 4 27 1726 31 1725 117
15770 4 2 4 27 518 511 515 513
15771 4 2 4 27 850 1707 68 368
15772 4 2 4 27 1708 1707 68 356
15773 4 2 4 27 1708 68 1707 368
15774 4 2 4 27 33 494 1717 499
15775 4 2 4 27 34 33 1717 518
15776 4 2 4 27 34 1717 33 494
15777 4 2 4 27 756 754 58 751
15778 4 2 4 27 756 58 754 759
15779 4 2 4 27 1735 1736 2891 1709
15780 4 2 4 27 1735 2891 1736 2791
15781 4 2 4 27 71 72 1707 863
15782 4 2 4 27 1707 72 71 2934
15783 4 2 4 27 26 25 2946 451
15784 4 2 4 27 1727 2861 1714 1720
15785 4 2 4 27 1714 2861 1727 2918
15786 4 2 4 27 55 56 734 725
15787 4 2 4 27 55 734 56 2947
15788 4 2 4 27 734 56 741 725
15789 4 2 4 27 734 741 56 2947
15790 4 2 4 27 741 56 738 725
15791 4 2 4 27 741 738 56 2947
15792 4 2 4 27 646 655 2877 644
15793 4 2 4 27 2877 655 646 653
15794 4 2 4 27 246 247 2822 679
15795 4 2 4 27 2822 247 246 2854
15796 4 2 4 27 2822 2929 248 2854
15797 4 2 4 27 247 248 2822 679
15798 4 2 4 27 2822 248 247 2854
15799 4 2 4 27 657 227 2824 226
15800 4 2 4 27 657 2824 227 2794
15801 4 2 4 27 1711 2824 227 226
15802 4 2 4 27 1711 227 2824 2794
15803 4 2 4 27 343 332 1710 2851
15804 4 2 4 27 344 1709 1710 2866
15805 4 2 4 27 344 1710 343 2866
15806 4 2 4 27 59 761 302 762
15807 4 2 4 27 59 302 761 778
15808 4 2 4 27 2837 302 761 762
15809 4 2 4 27 2837 761 302 778
15810 4 2 4 27 630 2959 631 632
15811 4 2 4 27 631 2959 630 628
15812 4 2 4 27 2959 2820 2939 628
15813 4 2 4 27 630 2939 2959 632
15814 4 2 4 27 2959 2939 630 628
15815 4 2 4 27 2773 114 2777 2932
15816 4 2 4 27 2773 2777 114 2935
15817 4 2 4 27 115 2777 114 2932
15818 4 2 4 27 115 114 2777 2935
15819 4 2 4 27 350 1735 1707 67
15820 4 2 4 27 1707 1735 350 2891
15821 4 2 4 27 350 1707 832 67
15822 4 2 4 27 832 1707 350 2891
15823 4 2 4 27 350 832 833 67
15824 4 2 4 27 833 832 350 2891
15825 4 2 4 27 132 506 2867 133
15826 4 2 4 27 2867 2870 132 133
15827 4 2 4 27 132 2870 2867 2911
15828 4 2 4 27 70 363 2871 853
15829 4 2 4 27 70 2871 363 2957
15830 4 2 4 27 364 2871 363 853
15831 4 2 4 27 364 363 2871 2957
15832 4 2 4 27 567 2953 2841 2924
15833 4 2 4 27 567 2841 2953 2909
15834 4 2 4 27 2789 2841 2953 2924
15835 4 2 4 27 2789 2953 2841 2909
15836 4 2 4 27 2933 487 500 489
15837 4 2 4 27 2933 500 487 497
15838 4 2 4 27 485 500 487 489
15839 4 2 4 27 485 487 500 497
15840 4 2 4 27 248 678 2822 679
15841 4 2 4 27 248 2822 678 2929
15842 4 2 4 27 245 2822 678 679
15843 4 2 4 27 2929 2890 1729 1731
15844 4 2 4 27 1729 2890 2929 2894
15845 4 2 4 27 1729 2834 2929 1731
15846 4 2 4 27 2929 2834 1729 2894
15847 4 2 4 27 2894 2798 11 12
15848 4 2 4 27 2894 11 2798 2890
15849 4 2 4 27 13 11 2798 12
15850 4 2 4 27 13 2798 11 2890
15851 4 2 4 27 2929 2894 2854 2834
15852 4 2 4 27 2929 2854 2894 255
15853 4 2 4 27 52 2894 2854 255
15854 4 2 4 27 774 784 797 773
15855 4 2 4 27 797 784 774 794
15856 4 2 4 27 797 62 774 773
15857 4 2 4 27 774 62 797 794
15858 4 2 4 27 245 1721 2900 2822
15859 4 2 4 27 1712 1721 2900 2806
15860 4 2 4 27 1712 2900 1721 2822
15861 4 2 4 27 2905 2792 336 2906
15862 4 2 4 27 337 2792 336 63
15863 4 2 4 27 337 336 2792 2906
15864 4 2 4 27 2906 338 2792 337
15865 4 2 4 27 2906 2792 338 2791
15866 4 2 4 27 2891 338 2792 2791
15867 4 2 4 27 678 244 2822 245
15868 4 2 4 27 678 2822 244 2929
15869 4 2 4 27 2900 2822 244 245
15870 4 2 4 27 2900 244 2822 2929
15871 4 2 4 27 28 27 1725 465
15872 4 2 4 27 28 1725 27 2946
15873 4 2 4 27 1720 165 2861 166
15874 4 2 4 27 558 165 1720 166
15875 4 2 4 27 558 1720 165 2942
15876 4 2 4 27 724 2825 1741 720
15877 4 2 4 27 1741 2825 724 2807
15878 4 2 4 27 1741 726 724 720
15879 4 2 4 27 724 726 1741 2807
15880 4 2 4 27 39 2924 548 168
15881 4 2 4 27 39 548 546 168
15882 4 2 4 27 434 375 2957 72
15883 4 2 4 27 434 2957 375 2863
15884 4 2 4 27 870 2957 375 72
15885 4 2 4 27 870 375 2957 2863
15886 4 2 4 27 196 588 1713 593
15887 4 2 4 27 196 1713 588 2826
15888 4 2 4 27 610 2959 607 609
15889 4 2 4 27 607 2959 610 624
15890 4 2 4 27 2921 56 2775 279
15891 4 2 4 27 2921 2775 56 2828
15892 4 2 4 27 2894 2921 2775 279
15893 4 2 4 27 2894 2775 2921 2828
15894 4 2 4 27 2835 2921 2894 279
15895 4 2 4 27 57 2793 299 298
15896 4 2 4 27 57 299 2793 2842
15897 4 2 4 27 2849 299 2793 298
15898 4 2 4 27 2849 2793 299 2842
15899 4 2 4 27 2892 746 2896 747
15900 4 2 4 27 2892 2896 746 2842
15901 4 2 4 27 2861 167 2955 177
15902 4 2 4 27 39 2955 167 177
15903 4 2 4 27 2918 2827 2887 1727
15904 4 2 4 27 1715 2879 2827 2768
15905 4 2 4 27 1715 2827 2879 1727
15906 4 2 4 27 2879 2827 2918 1727
15907 4 2 4 27 155 2918 542 154
15908 4 2 4 27 155 542 2918 2887
15909 4 2 4 27 153 542 2918 154
15910 4 2 4 27 153 2918 542 2887
15911 4 2 4 27 2792 321 336 63
15912 4 2 4 27 2792 336 321 2905
15913 4 2 4 27 2946 116 458 28
15914 4 2 4 27 2946 458 116 452
15915 4 2 4 27 667 2900 670 245
15916 4 2 4 27 2817 1721 2900 245
15917 4 2 4 27 2900 1721 2817 2806
15918 4 2 4 27 667 2817 2900 245
15919 4 2 4 27 2900 2817 667 2806
15920 4 2 4 27 2962 2785 2903 1743
15921 4 2 4 27 2903 2785 2962 252
15922 4 2 4 27 2903 2868 2962 1743
15923 4 2 4 27 2962 2868 2903 252
15924 4 2 4 27 613 615 2781 2930
15925 4 2 4 27 2781 615 613 2959
15926 4 2 4 27 2847 530 511 35
15927 4 2 4 27 530 36 511 35
15928 4 2 4 27 570 1720 178 2861
15929 4 2 4 27 570 178 1720 2912
15930 4 2 4 27 1714 178 1720 2861
15931 4 2 4 27 1714 1720 178 2912
15932 4 2 4 27 196 2826 2948 1713
15933 4 2 4 27 196 2948 2826 2951
15934 4 2 4 27 1733 2948 2826 1713
15935 4 2 4 27 1733 2826 2948 2951
15936 4 2 4 27 466 28 1725 465
15937 4 2 4 27 466 1725 28 111
15938 4 2 4 27 676 2868 238 239
15939 4 2 4 27 1711 2868 238 2794
15940 4 2 4 27 1711 238 2868 239
15941 4 2 4 27 2847 511 515 518
15942 4 2 4 27 2847 1717 515 532
15943 4 2 4 27 515 1717 2847 518
15944 4 2 4 27 68 1707 832 356
15945 4 2 4 27 238 237 2868 676
15946 4 2 4 27 238 2868 237 2794
15947 4 2 4 27 49 2868 237 676
15948 4 2 4 27 49 237 2868 2794
15949 4 2 4 27 2812 332 2851 1710
15950 4 2 4 27 2893 2919 605 2836
15951 4 2 4 27 2893 605 2919 46
15952 4 2 4 27 606 605 2919 2836
15953 4 2 4 27 606 2919 605 46
15954 4 2 4 27 2817 1743 2936 2815
15955 4 2 4 27 2936 1743 2817 2814
15956 4 2 4 27 2936 661 2817 2815
15957 4 2 4 27 552 551 40 550
15958 4 2 4 27 40 551 552 553
15959 4 2 4 27 40 183 552 550
15960 4 2 4 27 552 183 40 553
15961 4 2 4 27 2893 2772 47 20
15962 4 2 4 27 2893 47 2772 218
15963 4 2 4 27 293 56 2921 284
15964 4 2 4 27 2921 56 293 2828
15965 4 2 4 27 2921 294 293 284
15966 4 2 4 27 293 294 2921 2828
15967 4 2 4 27 214 2824 204 2864
15968 4 2 4 27 214 204 2824 213
15969 4 2 4 27 2784 2838 461 2875
15970 4 2 4 27 2784 113 461 114
15971 4 2 4 27 2935 461 2784 2838
15972 4 2 4 27 2935 2784 461 114
15973 4 2 4 27 552 579 2912 2819
15974 4 2 4 27 2912 579 552 570
15975 4 2 4 27 2912 1720 552 2819
15976 4 2 4 27 552 1720 2912 570
15977 4 2 4 27 135 494 31 129
15978 4 2 4 27 31 494 135 32
15979 4 2 4 27 31 1725 135 129
15980 4 2 4 27 135 1725 31 32
15981 4 2 4 27 573 42 575 589
15982 4 2 4 27 573 575 42 578
15983 4 2 4 27 568 42 575 578
15984 4 2 4 27 22 2790 2801 2793
15985 4 2 4 27 2801 2878 22 2793
15986 4 2 4 27 23 2770 2790 22
15987 4 2 4 27 23 2790 2770 24
15988 4 2 4 27 2801 23 2790 22
15989 4 2 4 27 2801 2790 23 24
15990 4 2 4 27 2878 23 2801 22
15991 4 2 4 27 484 1725 31 483
15992 4 2 4 27 31 1725 484 32
15993 4 2 4 27 484 497 31 32
15994 4 2 4 27 57 58 754 752
15995 4 2 4 27 754 58 57 741
15996 4 2 4 27 57 2882 754 741
15997 4 2 4 27 2867 134 31 118
15998 4 2 4 27 1718 1720 2938 2779
15999 4 2 4 27 740 750 752 744
16000 4 2 4 27 740 752 750 751
16001 4 2 4 27 1732 2919 2796 2920
16002 4 2 4 27 1732 2796 2919 2795
16003 4 2 4 27 2773 2966 2890 6
16004 4 2 4 27 2773 2890 2966 1734
16005 4 2 4 27 2808 2890 2966 6
16006 4 2 4 27 2808 2966 2890 1734
16007 4 2 4 27 13 2787 2829 2798
16008 4 2 4 27 2829 2787 13 14
16009 4 2 4 27 1721 2854 1731 2822
16010 4 2 4 27 1721 1731 2854 1730
16011 4 2 4 27 2834 1731 2854 2822
16012 4 2 4 27 2834 2854 1731 1730
16013 4 2 4 27 686 681 2814 690
16014 4 2 4 27 2814 681 686 2817
16015 4 2 4 27 2814 687 686 690
16016 4 2 4 27 686 687 2814 2817
16017 4 2 4 27 2877 653 2820 655
16018 4 2 4 27 653 2783 2820 655
16019 4 2 4 27 2783 648 653 2806
16020 4 2 4 27 39 551 182 571
16021 4 2 4 27 39 182 551 546
16022 4 2 4 27 2924 182 555 571
16023 4 2 4 27 182 551 555 571
16024 4 2 4 27 182 555 551 546
16025 4 2 4 27 2772 1714 2824 1739
16026 4 2 4 27 2772 2824 1714 2904
16027 4 2 4 27 1711 2824 1714 1739
16028 4 2 4 27 1711 1714 2824 2904
16029 4 2 4 27 2830 1720 2938 1718
16030 4 2 4 27 1721 2835 2886 270
16031 4 2 4 27 2886 269 1721 270
16032 4 2 4 27 153 154 1727 2942
16033 4 2 4 27 1727 154 153 2918
16034 4 2 4 27 2851 2812 331 332
16035 4 2 4 27 331 796 2851 332
16036 4 2 4 27 708 692 51 704
16037 4 2 4 27 51 692 708 254
16038 4 2 4 27 51 261 708 704
16039 4 2 4 27 708 261 51 254
16040 4 2 4 27 146 495 2910 521
16041 4 2 4 27 146 2910 495 504
16042 4 2 4 27 1723 2878 2794 1739
16043 4 2 4 27 1723 1737 2794 2844
16044 4 2 4 27 2794 1737 1723 1739
16045 4 2 4 27 164 513 2880 514
16046 4 2 4 27 164 2880 513 538
16047 4 2 4 27 276 2843 1741 2892
16048 4 2 4 27 1741 2857 2843 276
16049 4 2 4 27 1741 2843 2857 2903
16050 4 2 4 27 275 2843 2857 276
16051 4 2 4 27 275 2857 2843 2903
16052 4 2 4 27 570 177 557 2861
16053 4 2 4 27 570 1720 557 560
16054 4 2 4 27 557 1720 570 2861
16055 4 2 4 27 612 197 590 591
16056 4 2 4 27 612 590 197 2811
16057 4 2 4 27 2879 1714 2772 1716
16058 4 2 4 27 2772 1714 2879 2955
16059 4 2 4 27 2772 2768 2879 1716
16060 4 2 4 27 2879 2768 2772 2955
16061 4 2 4 27 2879 2827 2887 2918
16062 4 2 4 27 2887 2827 2879 2768
16063 4 2 4 27 2887 170 2879 2918
16064 4 2 4 27 2879 170 2887 2768
16065 4 2 4 27 46 2919 2796 211
16066 4 2 4 27 2796 2919 46 2920
16067 4 2 4 27 2796 219 46 211
16068 4 2 4 27 647 653 2783 648
16069 4 2 4 27 2783 653 647 655
16070 4 2 4 27 2924 2955 39 182
16071 4 2 4 27 31 2867 505 134
16072 4 2 4 27 206 2904 2771 43
16073 4 2 4 27 206 2771 2904 2772
16074 4 2 4 27 2956 2771 2904 43
16075 4 2 4 27 2956 2904 2771 2772
16076 4 2 4 27 1711 1721 2806 2815
16077 4 2 4 27 61 323 2792 324
16078 4 2 4 27 2792 323 61 2902
16079 4 2 4 27 2792 314 61 324
16080 4 2 4 27 61 314 2792 2902
16081 4 2 4 27 637 633 613 214
16082 4 2 4 27 613 2864 637 214
16083 4 2 4 27 2918 170 562 561
16084 4 2 4 27 562 170 2918 2879
16085 4 2 4 27 562 167 2918 561
16086 4 2 4 27 2918 167 562 2879
16087 4 2 4 27 772 773 2837 2944
16088 4 2 4 27 772 2837 773 777
16089 4 2 4 27 2889 2837 773 2944
16090 4 2 4 27 2889 773 2837 777
16091 4 2 4 27 2781 609 2776 608
16092 4 2 4 27 2781 2776 609 2959
16093 4 2 4 27 610 2776 609 608
16094 4 2 4 27 610 609 2776 2959
16095 4 2 4 27 510 511 35 509
16096 4 2 4 27 558 2960 38 559
16097 4 2 4 27 1712 2806 1711 1721
16098 4 2 4 27 1712 1711 2806 2783
16099 4 2 4 27 435 2934 2946 434
16100 4 2 4 27 435 2946 2934 25
16101 4 2 4 27 26 2946 2934 434
16102 4 2 4 27 26 2934 2946 25
16103 4 2 4 27 2830 171 1720 172
16104 4 2 4 27 2830 1720 171 2938
16105 4 2 4 27 554 1720 171 172
16106 4 2 4 27 554 171 1720 2938
16107 4 2 4 27 2903 254 262 253
16108 4 2 4 27 2903 262 254 2844
16109 4 2 4 27 252 696 2903 253
16110 4 2 4 27 696 254 2903 253
16111 4 2 4 27 696 2903 254 2844
16112 4 2 4 27 167 2918 2955 2879
16113 4 2 4 27 167 2955 2918 2861
16114 4 2 4 27 1714 2955 2918 2879
16115 4 2 4 27 1714 2918 2955 2861
16116 4 2 4 27 35 538 510 539
16117 4 2 4 27 2880 510 538 539
16118 4 2 4 27 2880 538 510 513
16119 4 2 4 27 2958 1723 2794 2844
16120 4 2 4 27 2958 2794 1723 2878
16121 4 2 4 27 505 129 2867 31
16122 4 2 4 27 505 2867 129 2941
16123 4 2 4 27 1726 2867 129 31
16124 4 2 4 27 1726 129 2867 2941
16125 4 2 4 27 559 1720 570 560
16126 4 2 4 27 570 1720 559 552
16127 4 2 4 27 570 553 559 560
16128 4 2 4 27 559 553 570 552
16129 4 2 4 27 796 794 774 784
16130 4 2 4 27 774 794 796 2943
16131 4 2 4 27 796 774 2944 784
16132 4 2 4 27 2944 774 796 2943
16133 4 2 4 27 796 2944 2851 784
16134 4 2 4 27 332 2848 1710 2812
16135 4 2 4 27 2833 1710 2848 2812
16136 4 2 4 27 2833 2848 1710 2866
16137 4 2 4 27 2851 784 63 814
16138 4 2 4 27 1721 2886 1730 2854
16139 4 2 4 27 1721 1730 2886 2835
16140 4 2 4 27 2834 1730 2886 2854
16141 4 2 4 27 2834 2886 1730 2835
16142 4 2 4 27 2913 316 2829 2840
16143 4 2 4 27 2913 2829 316 315
16144 4 2 4 27 706 701 2825 707
16145 4 2 4 27 706 2825 701 2857
16146 4 2 4 27 720 2825 701 707
16147 4 2 4 27 720 701 2825 2857
16148 4 2 4 27 847 1707 68 850
16149 4 2 4 27 2930 2774 2820 2864
16150 4 2 4 27 613 2959 2930 2781
16151 4 2 4 27 2959 2820 2930 2781
16152 4 2 4 27 343 813 1709 344
16153 4 2 4 27 1709 813 343 2851
16154 4 2 4 27 1709 1710 343 344
16155 4 2 4 27 343 1710 1709 2851
16156 4 2 4 27 2894 2757 2775 12
16157 4 2 4 27 2894 2775 2757 2846
16158 4 2 4 27 2947 2775 2757 12
16159 4 2 4 27 2947 2757 2775 2846
16160 4 2 4 27 2820 637 2930 2864
16161 4 2 4 27 2820 2930 637 2959
16162 4 2 4 27 613 2930 637 2864
16163 4 2 4 27 613 637 2930 2959
16164 4 2 4 27 332 812 813 809
16165 4 2 4 27 813 812 332 2851
16166 4 2 4 27 813 343 332 809
16167 4 2 4 27 332 343 813 2851
16168 4 2 4 27 167 168 2955 39
16169 4 2 4 27 167 2955 168 2879
16170 4 2 4 27 2924 2955 168 39
16171 4 2 4 27 2924 168 2955 2879
16172 4 2 4 27 814 63 326 815
16173 4 2 4 27 326 63 814 2851
16174 4 2 4 27 326 1709 814 815
16175 4 2 4 27 814 1709 326 2851
16176 4 2 4 27 2801 2876 2761 2802
16177 4 2 4 27 2801 2761 2876 2901
16178 4 2 4 27 796 330 794 787
16179 4 2 4 27 796 794 330 2943
16180 4 2 4 27 62 794 330 787
16181 4 2 4 27 62 330 794 2943
16182 4 2 4 27 718 276 720 719
16183 4 2 4 27 718 720 276 2857
16184 4 2 4 27 1741 720 276 719
16185 4 2 4 27 1741 276 720 2857
16186 4 2 4 27 2959 607 631 624
16187 4 2 4 27 2959 631 607 614
16188 4 2 4 27 605 631 607 624
16189 4 2 4 27 605 607 631 614
16190 4 2 4 27 2939 2783 2959 632
16191 4 2 4 27 2939 2959 2783 2820
16192 4 2 4 27 662 2817 2806 667
16193 4 2 4 27 2806 2817 662 2815
16194 4 2 4 27 68 67 1707 847
16195 4 2 4 27 68 1707 67 832
16196 4 2 4 27 2792 1736 1709 2891
16197 4 2 4 27 1709 1736 2792 326
16198 4 2 4 27 337 815 1709 326
16199 4 2 4 27 337 1709 2792 326
16200 4 2 4 27 785 2889 2851 326
16201 4 2 4 27 2851 2889 785 784
16202 4 2 4 27 2851 63 785 326
16203 4 2 4 27 785 63 2851 784
16204 4 2 4 27 2868 696 2903 252
16205 4 2 4 27 2868 2903 696 2844
16206 4 2 4 27 42 587 575 589
16207 4 2 4 27 575 587 42 568
16208 4 2 4 27 307 2855 761 757
16209 4 2 4 27 307 761 2855 1742
16210 4 2 4 27 760 761 2855 757
16211 4 2 4 27 760 2855 761 1742
16212 4 2 4 27 2783 624 632 626
16213 4 2 4 27 2783 632 624 2776
16214 4 2 4 27 221 625 2783 626
16215 4 2 4 27 221 2783 625 2776
16216 4 2 4 27 625 624 2783 626
16217 4 2 4 27 625 2783 624 2776
16218 4 2 4 27 1713 2820 2930 2774
16219 4 2 4 27 2930 2820 1713 2781
16220 4 2 4 27 2930 2961 1713 2774
16221 4 2 4 27 1713 2961 2930 2781
16222 4 2 4 27 117 2867 31 118
16223 4 2 4 27 117 31 2867 1726
16224 4 2 4 27 2938 2960 1720 554
16225 4 2 4 27 1720 2960 2938 2779
16226 4 2 4 27 338 2792 1709 2891
16227 4 2 4 27 1709 2792 338 337
16228 4 2 4 27 338 815 1709 337
16229 4 2 4 27 259 2886 1721 2854
16230 4 2 4 27 1721 2886 259 269
16231 4 2 4 27 46 640 2796 2920
16232 4 2 4 27 46 2796 640 219
16233 4 2 4 27 220 2796 640 2920
16234 4 2 4 27 220 640 2796 219
16235 4 2 4 27 1711 2806 2877 2815
16236 4 2 4 27 631 614 613 633
16237 4 2 4 27 613 614 631 2959
16238 4 2 4 27 613 637 631 633
16239 4 2 4 27 631 637 613 2959
16240 4 2 4 27 2960 528 38 533
16241 4 2 4 27 38 528 2960 558
16242 4 2 4 27 796 2944 331 2851
16243 4 2 4 27 796 331 2944 2943
16244 4 2 4 27 2812 331 2944 2851
16245 4 2 4 27 2812 2944 331 2943
16246 4 2 4 27 2944 2851 1710 2812
16247 4 2 4 27 2944 1710 2851 1742
16248 4 2 4 27 1728 2944 1710 2812
16249 4 2 4 27 1728 1710 2944 1742
16250 4 2 4 27 2913 2944 1728 2812
16251 4 2 4 27 2913 1728 2944 1742
16252 4 2 4 27 1710 343 64 332
16253 4 2 4 27 64 343 1710 2866
16254 4 2 4 27 64 2848 1710 332
16255 4 2 4 27 1710 2848 64 2866
16256 4 2 4 27 2867 132 131 506
16257 4 2 4 27 131 132 2867 2911
16258 4 2 4 27 131 2941 2867 506
16259 4 2 4 27 2867 2941 131 2911
16260 4 2 4 27 2851 1742 2889 2944
16261 4 2 4 27 2837 2889 1742 2944
16262 4 2 4 27 2837 1742 2889 1736
16263 4 2 4 27 1712 2900 233 2806
16264 4 2 4 27 1712 233 2900 234
16265 4 2 4 27 648 233 2900 2806
16266 4 2 4 27 648 2900 233 234
16267 4 2 4 27 62 795 797 794
16268 4 2 4 27 795 787 62 769
16269 4 2 4 27 62 787 795 794
16270 4 2 4 27 795 789 787 769
16271 4 2 4 27 787 789 795 794
16272 4 2 4 27 776 62 795 797
16273 4 2 4 27 776 795 62 769
16274 4 2 4 27 2894 2854 2886 52
16275 4 2 4 27 2894 2886 2854 2834
16276 4 2 4 27 2861 167 561 2918
16277 4 2 4 27 561 167 2861 166
16278 4 2 4 27 561 165 2861 2918
16279 4 2 4 27 2861 165 561 166
16280 4 2 4 27 1730 2921 2834 2835
16281 4 2 4 27 1730 2834 2921 2828
16282 4 2 4 27 2894 2834 2921 2835
16283 4 2 4 27 2894 2921 2834 2828
16284 4 2 4 27 667 2900 665 670
16285 4 2 4 27 667 665 2900 2806
16286 4 2 4 27 777 313 2889 314
16287 4 2 4 27 777 2889 313 2837
16288 4 2 4 27 1736 2889 313 314
16289 4 2 4 27 1736 313 2889 2837
16290 4 2 4 27 530 36 515 511
16291 4 2 4 27 515 36 530 532
16292 4 2 4 27 515 2847 530 511
16293 4 2 4 27 530 2847 515 532
16294 4 2 4 27 632 634 2783 626
16295 4 2 4 27 632 2783 634 655
16296 4 2 4 27 647 2783 634 626
16297 4 2 4 27 647 634 2783 655
16298 4 2 4 27 2936 673 671 661
16299 4 2 4 27 671 673 2936 2814
16300 4 2 4 27 671 2817 2936 661
16301 4 2 4 27 2936 2817 671 2814
16302 4 2 4 27 461 2784 488 113
16303 4 2 4 27 488 2784 461 2875
16304 4 2 4 27 23 2801 16 2878
16305 4 2 4 27 23 16 2801 24
16306 4 2 4 27 484 485 501 497
16307 4 2 4 27 501 485 484 483
16308 4 2 4 27 501 31 484 497
16309 4 2 4 27 484 31 501 483
16310 4 2 4 27 57 758 753 2882
16311 4 2 4 27 753 758 57 752
16312 4 2 4 27 753 754 57 2882
16313 4 2 4 27 57 754 753 752
16314 4 2 4 27 2828 296 305 58
16315 4 2 4 27 305 296 2828 2799
16316 4 2 4 27 305 304 2828 58
16317 4 2 4 27 2828 304 305 2799
16318 4 2 4 27 39 182 548 2924
16319 4 2 4 27 39 548 182 546
16320 4 2 4 27 555 548 182 2924
16321 4 2 4 27 555 182 548 546
16322 4 2 4 27 338 1709 814 2891
16323 4 2 4 27 814 1709 338 815
16324 4 2 4 27 814 65 338 2891
16325 4 2 4 27 338 65 814 815
16326 4 2 4 27 2942 154 2918 165
16327 4 2 4 27 2942 2918 154 1727
16328 4 2 4 27 2861 2942 2918 165
16329 4 2 4 27 2861 2918 2942 1727
16330 4 2 4 27 1720 2942 2861 165
16331 4 2 4 27 1720 2861 2942 1727
16332 4 2 4 27 557 570 547 177
16333 4 2 4 27 547 570 557 560
16334 4 2 4 27 2806 2877 646 653
16335 4 2 4 27 663 2877 2806 2815
16336 4 2 4 27 2806 2877 663 646
16337 4 2 4 27 2783 1711 653 2820
16338 4 2 4 27 2783 653 1711 2806
16339 4 2 4 27 2877 653 1711 2820
16340 4 2 4 27 2877 1711 653 2806
16341 4 2 4 27 510 2853 540 539
16342 4 2 4 27 540 2853 510 509
16343 4 2 4 27 540 35 510 539
16344 4 2 4 27 510 35 540 509
16345 4 2 4 27 36 513 515 511
16346 4 2 4 27 515 513 36 512
16347 4 2 4 27 36 511 538 513
16348 4 2 4 27 36 538 511 35
16349 4 2 4 27 510 538 511 513
16350 4 2 4 27 510 511 538 35
16351 4 2 4 27 1709 1742 2889 2851
16352 4 2 4 27 2889 1742 1709 1736
16353 4 2 4 27 2889 326 1709 2851
16354 4 2 4 27 1709 326 2889 1736
16355 4 2 1 28 1615 1714 414 86
16356 4 2 1 28 1624 1645 82 1707
16357 4 2 1 28 435 1662 401 1661
16358 4 2 1 28 85 1638 1686 1720
16359 4 2 1 28 1716 436 1636 1637
16360 4 2 1 28 1711 1615 1739 1714
16361 4 2 1 28 1741 418 1736 1722
16362 4 2 1 28 1690 434 407 433
16363 4 2 1 28 1633 1734 1732 1641
16364 4 2 1 28 1719 433 1734 1609
16365 4 2 1 28 1709 1708 1707 1624
16366 4 2 1 28 1690 1684 433 407
16367 4 2 1 28 434 82 1708 409
16368 4 2 1 28 1632 1716 1635 1637
16369 4 2 1 28 1732 1733 1734 1633
16370 4 2 1 28 1707 434 435 410
16371 4 2 1 28 415 1740 1741 1742
16372 4 2 1 28 1712 1612 1721 1711
16373 4 2 1 28 435 405 434 1725
16374 4 2 1 28 1741 418 1722 90
16375 4 2 1 28 1642 1732 1733 1712
16376 4 2 1 28 91 436 1716 1637
16377 4 2 1 28 434 1690 407 1689
16378 4 2 1 28 82 434 1708 1707
16379 4 2 1 28 1734 1719 1609 1607
16380 4 2 1 28 1726 436 435 1662
16381 4 2 1 28 1712 1620 1731 1721
16382 4 2 1 28 1662 404 435 1726
16383 4 2 1 28 1726 436 1662 1665
16384 4 2 1 28 78 435 404 1726
16385 4 2 1 28 1735 1707 435 1646
16386 4 2 1 28 1732 1642 1733 1640
16387 4 2 1 28 1627 1710 1742 1709
16388 4 2 1 28 1724 1677 436 1678
16389 4 2 1 28 1671 1724 1723 1670
16390 4 2 1 28 1724 1671 1722 1651
16391 4 2 1 28 1727 1717 1720 1669
16392 4 2 1 28 1735 1650 1736 1709
16393 4 2 1 28 1720 1713 1714 413
16394 4 2 1 28 1724 1677 1735 436
16395 4 2 1 28 434 433 1625 407
16396 4 2 1 28 1739 1714 1615 1606
16397 4 2 1 28 1679 1687 1728 1603
16398 4 2 1 28 78 435 1726 1725
16399 4 2 1 28 1662 435 401 436
16400 4 2 1 28 91 436 1637 402
16401 4 2 1 28 1724 1671 1723 1722
16402 4 2 1 28 1710 1627 1742 1656
16403 4 2 1 28 1724 91 1723 1681
16404 4 2 1 28 433 92 406 1744
16405 4 2 1 28 1708 434 409 1684
16406 4 2 1 28 436 1646 435 401
16407 4 2 1 28 1714 1739 1716 1606
16408 4 2 1 28 413 412 1696 85
16409 4 2 1 28 1716 436 1715 1636
16410 4 2 1 28 1735 1724 1736 1649
16411 4 2 1 28 1731 1732 1666 1668
16412 4 2 1 28 1724 1671 1651 1670
16413 4 2 1 28 434 433 1719 1625
16414 4 2 1 28 1646 436 435 1735
16415 4 2 1 28 92 1734 406 1692
16416 4 2 1 28 1725 434 1719 1648
16417 4 2 1 28 1717 1691 1726 1725
16418 4 2 1 28 1714 1727 1685 1660
16419 4 2 1 28 1739 1711 1737 1628
16420 4 2 1 28 1721 1620 1604 1619
16421 4 2 1 28 1685 1720 1727 1714
16422 4 2 1 28 1714 1720 413 1685
16423 4 2 1 28 1612 1712 1620 1621
16424 4 2 1 28 435 405 410 434
16425 4 2 1 28 1737 1711 1616 1628
16426 4 2 1 28 1732 1731 1712 1643
16427 4 2 1 28 413 414 86 1697
16428 4 2 1 28 1708 1738 433 1675
16429 4 2 1 28 1692 406 1608 1734
16430 4 2 1 28 1692 1667 92 1734
16431 4 2 1 28 1615 1711 1739 1628
16432 4 2 1 28 1692 1641 1667 1734
16433 4 2 1 28 1722 1736 1724 1651
16434 4 2 1 28 1741 1737 1743 1618
16435 4 2 1 28 1719 1648 1625 1626
16436 4 2 1 28 1712 1612 1620 1721
16437 4 2 1 28 436 1662 1665 401
16438 4 2 1 28 1737 1711 1743 1616
16439 4 2 1 28 92 1734 433 406
16440 4 2 1 28 1719 1725 1653 1717
16441 4 2 1 28 1738 1728 1729 1674
16442 4 2 1 28 1605 86 1714 1606
16443 4 2 1 28 435 1662 1661 77
16444 4 2 1 28 436 1646 1677 1735
16445 4 2 1 28 404 1662 435 77
16446 4 2 1 28 1653 1717 1669 1639
16447 4 2 1 28 1715 1716 1605 1714
16448 4 2 1 28 1690 434 409 81
16449 4 2 1 28 1642 1733 1713 1712
16450 4 2 1 28 1741 1737 1618 1722
16451 4 2 1 28 1723 1739 1737 1617
16452 4 2 1 28 1732 1731 1666 1729
16453 4 2 1 28 1708 409 82 1684
16454 4 2 1 28 1742 1688 1656 1683
16455 4 2 1 28 1630 83 1633 1733
16456 4 2 1 28 1719 1717 1653 1626
16457 4 2 1 28 436 1646 401 1677
16458 4 2 1 28 1641 1732 1667 1734
16459 4 2 1 28 92 1666 1729 1732
16460 4 2 1 28 1727 1726 1717 1659
16461 4 2 1 28 402 1636 436 1637
16462 4 2 1 28 1667 1732 92 1734
16463 4 2 1 28 1609 1608 1734 1607
16464 4 2 1 28 1661 75 435 403
16465 4 2 1 28 1733 1732 1640 1633
16466 4 2 1 28 434 1719 1648 1625
16467 4 2 1 28 1709 1710 1622 1627
16468 4 2 1 28 433 1675 1738 1744
16469 4 2 1 28 1725 1719 1653 1648
16470 4 2 1 28 1616 1614 1743 1618
16471 4 2 1 28 1735 1650 1709 1652
16472 4 2 1 28 1671 1723 1673 1670
16473 4 2 1 28 1713 84 1613 1711
16474 4 2 1 28 1679 1729 1728 1674
16475 4 2 1 28 418 417 1703 90
16476 4 2 1 28 1733 1642 1713 83
16477 4 2 1 28 1716 1715 1605 1635
16478 4 2 1 28 413 414 1697 1713
16479 4 2 1 28 1740 415 1741 417
16480 4 2 1 28 1635 1715 1658 1636
16481 4 2 1 28 413 412 1713 1696
16482 4 2 1 28 92 1666 1732 1667
16483 4 2 1 28 1620 1712 1731 1643
16484 4 2 1 28 1609 1719 433 1625
16485 4 2 1 28 1626 1717 1653 1639
16486 4 2 1 28 1742 1740 1688 415
16487 4 2 1 28 1668 1732 1666 1667
16488 4 2 1 28 1652 1709 1647 1650
16489 4 2 1 28 434 1690 1689 81
16490 4 2 1 28 1707 435 1646 1645
16491 4 2 1 28 1712 1643 1642 1732
16492 4 2 1 28 405 435 78 1725
16493 4 2 1 28 404 1726 1662 78
16494 4 2 1 28 1615 1714 86 1606
16495 4 2 1 28 1714 1716 1605 1606
16496 4 2 1 28 1700 414 1698 1697
16497 4 2 1 28 1731 1721 1604 1730
16498 4 2 1 28 412 1695 1696 1699
16499 4 2 1 28 412 1733 1713 83
16500 4 2 1 28 1726 1715 1659 1727
16501 4 2 1 28 1725 1691 78 1663
16502 4 2 1 28 418 1722 1651 1736
16503 4 2 1 28 1713 1642 1644 83
16504 4 2 1 28 82 1708 1624 1707
16505 4 2 1 28 1713 1696 412 1695
16506 4 2 1 28 1685 1720 413 1686
16507 4 2 1 28 1632 1716 1606 1635
16508 4 2 1 28 415 1688 1742 1683
16509 4 2 1 28 82 434 1707 410
16510 4 2 1 28 1707 1709 1624 1647
16511 4 2 1 28 1731 1634 1729 1730
16512 4 2 1 28 1710 1655 1654 1622
16513 4 2 1 28 1731 1643 1732 1668
16514 4 2 1 28 1697 1713 414 1698
16515 4 2 1 28 1723 1681 1670 1724
16516 4 2 1 28 1681 1673 1723 1670
16517 4 2 1 28 1618 1614 1743 1682
16518 4 2 1 28 1611 1613 84 1711
16519 4 2 1 28 434 79 408 1689
16520 4 2 1 28 1687 1742 1688 1656
16521 4 2 1 28 1658 1715 1605 1660
16522 4 2 1 28 1680 1745 91 1723
16523 4 2 1 28 1619 1721 1620 1612
16524 4 2 1 28 1666 1679 1729 1634
16525 4 2 1 28 1657 1658 1715 1636
16526 4 2 1 28 1736 1724 1651 1649
16527 4 2 1 28 1616 1711 1611 1628
16528 4 2 1 28 83 1633 1733 1640
16529 4 2 1 28 1703 418 1706 1704
16530 4 2 1 28 1641 1732 1640 1667
16531 4 2 1 28 1646 1647 1707 1645
16532 4 2 1 28 1624 1647 1645 1707
16533 4 2 1 28 1691 1725 78 1726
16534 4 2 1 28 1707 435 1645 410
16535 4 2 1 28 1713 84 1644 1613
16536 4 2 1 28 413 85 1686 1720
16537 4 2 1 28 415 87 1701 1740
16538 4 2 1 28 1650 1736 1651 1649
16539 4 2 1 28 1686 1727 1720 1669
16540 4 2 1 28 1716 1745 1632 1739
16541 4 2 1 28 1721 1731 1604 1620
16542 4 2 1 28 75 401 435 1646
16543 4 2 1 28 1681 1678 1670 1724
16544 4 2 1 28 1715 1726 1659 1657
16545 4 2 1 28 1730 1731 1634 1604
16546 4 2 1 28 1609 433 407 1625
16547 4 2 1 28 1633 1641 1732 1640
16548 4 2 1 28 1732 1643 1642 1640
16549 4 2 1 28 1738 1675 1676 1744
16550 4 2 1 28 405 78 1663 1725
16551 4 2 1 28 79 407 434 1625
16552 4 2 1 28 1725 1653 1717 1663
16553 4 2 1 28 1740 89 1702 417
16554 4 2 1 28 1606 1716 1632 1739
16555 4 2 1 28 1677 1724 1649 1678
16556 4 2 1 28 1608 1734 1607 1610
16557 4 2 1 28 1641 1692 1608 1734
16558 4 2 1 28 1713 84 1698 411
16559 4 2 1 28 415 87 1740 1688
16560 4 2 1 28 1672 1722 90 1618
16561 4 2 1 28 1710 1627 1656 1622
16562 4 2 1 28 1612 1711 1613 1611
16563 4 2 1 28 1604 1731 1634 1620
16564 4 2 1 28 1740 89 417 1741
16565 4 2 1 28 1653 1719 1626 1648
16566 4 2 1 28 412 1713 1695 83
16567 4 2 1 28 1670 1649 1651 1724
16568 4 2 1 28 1687 1728 1655 1674
16569 4 2 1 28 1641 1633 1734 1610
16570 4 2 1 28 1700 1698 423 422
16571 4 2 1 28 1699 1695 425 426
16572 4 2 1 28 91 1745 1632 1716
16573 4 2 1 28 1675 433 406 1744
16574 4 2 1 28 430 1705 1702 431
16575 4 2 1 28 427 1703 1706 428
16576 4 2 1 28 414 1713 84 1698
16577 4 2 1 28 1707 1645 82 410
16578 4 2 1 28 1706 1704 429 428
16579 4 2 1 28 1705 1701 431 432
16580 4 2 1 28 1724 1677 1649 1735
16581 4 2 1 28 425 424 1696 1699
16582 4 2 1 28 421 1700 422 1697
16583 4 2 1 28 1631 1628 1739 1617
16584 4 2 1 28 422 1700 1698 1697
16585 4 2 1 28 425 1696 1695 1699
16586 4 2 1 28 1704 1706 1703 428
16587 4 2 1 28 1701 1702 1705 431
16588 4 2 1 28 1679 1729 1674 1676
16589 4 2 1 28 1717 1669 1659 1664
16590 4 2 1 28 434 1648 79 1625
16591 4 2 1 28 1738 1655 1708 1710
16592 4 2 1 28 1722 418 1651 90
16593 4 2 1 28 414 1698 84 1700
16594 4 2 1 28 1686 1727 1669 1660
16595 4 2 1 28 1737 1739 1628 1617
16596 4 2 1 28 1714 1660 1685 1605
16597 4 2 1 28 1715 1605 1635 1658
16598 4 2 1 28 83 1695 412 1699
16599 4 2 1 28 1713 1695 83 411
16600 4 2 1 28 1684 433 407 1675
16601 4 2 1 28 1671 1722 1672 1673
16602 4 2 1 28 1645 1646 75 435
16603 4 2 1 28 1654 1708 1655 1710
16604 4 2 1 28 82 1654 1708 1684
16605 4 2 1 28 1725 434 1648 405
16606 4 2 1 28 1655 1708 1654 1675
16607 4 2 1 28 1728 1687 87 1603
16608 4 2 1 28 1698 423 84 1700
16609 4 2 1 28 1642 83 1733 1640
16610 4 2 1 28 1684 1708 433 1675
16611 4 2 1 28 1708 82 1624 1654
16612 4 2 1 28 1675 1655 1708 1738
16613 4 2 1 28 1605 1606 1716 1635
16614 4 2 1 28 1696 1713 413 1695
16615 4 2 1 28 1663 1717 1664 1653
16616 4 2 1 28 1745 1631 1632 1739
16617 4 2 1 28 91 1680 1723 1681
16618 4 2 1 28 1634 1729 1666 1731
16619 4 2 1 28 83 1695 1699 426
16620 4 2 1 28 1619 1743 1614 1682
16621 4 2 1 28 412 1696 85 1699
16622 4 2 1 28 434 1648 405 79
16623 4 2 1 28 1640 1732 1643 1668
16624 4 2 1 28 1725 1653 1663 1648
16625 4 2 1 28 1739 1628 1606 1615
16626 4 2 1 28 1681 91 76 402
16627 4 2 1 28 1735 1652 1677 1649
16628 4 2 1 28 88 1706 1704 429
16629 4 2 1 28 84 1713 1644 411
16630 4 2 1 28 1737 1628 1616 1617
16631 4 2 1 28 91 76 402 1637
16632 4 2 1 28 1706 418 88 1704
16633 4 2 1 28 1692 92 80 406
16634 4 2 1 28 89 430 1705 1702
16635 4 2 1 28 1697 1713 1698 413
16636 4 2 1 28 1611 1711 84 1615
16637 4 2 1 28 83 1644 1713 411
16638 4 2 1 28 1740 417 1702 1701
16639 4 2 1 28 92 1729 1676 1744
16640 4 2 1 28 1606 1632 1631 1739
16641 4 2 1 28 1662 1665 1657 1726
16642 4 2 1 28 1722 1671 1723 1673
16643 4 2 1 28 1711 1611 1628 1615
16644 4 2 1 28 1709 1647 1650 1623
16645 4 2 1 28 435 1645 410 75
16646 4 2 1 28 1743 1737 1616 1618
16647 4 2 1 28 1666 1634 1731 1668
16648 4 2 1 28 1696 424 85 1699
16649 4 2 1 28 1650 1709 1623 1627
16650 4 2 1 28 86 414 1700 1697
16651 4 2 1 28 90 1671 1651 1722
16652 4 2 1 28 1673 1723 1680 1681
16653 4 2 1 28 412 83 1630 1733
16654 4 2 1 28 1614 1711 1612 1611
16655 4 2 1 28 1741 418 90 417
16656 4 2 1 28 1720 1686 1669 1638
16657 4 2 1 28 1678 1677 436 402
16658 4 2 1 28 1636 1635 1716 1637
16659 4 2 1 28 1669 1717 1659 1727
16660 4 2 1 28 1659 1658 1715 1657
16661 4 2 1 28 434 405 410 79
16662 4 2 1 28 1659 1691 1657 1726
16663 4 2 1 28 1700 421 86 1697
16664 4 2 1 28 1736 418 88 1651
16665 4 2 1 28 406 92 80 1744
16666 4 2 1 28 1666 92 80 1667
16667 4 2 1 28 405 435 410 75
16668 4 2 1 28 1625 1609 1719 1607
16669 4 2 1 28 1703 90 427 1706
16670 4 2 1 28 1636 436 1665 402
16671 4 2 1 28 415 417 1740 1701
16672 4 2 1 28 1721 89 1619 1604
16673 4 2 1 28 1712 1643 1620 1621
16674 4 2 1 28 1627 1742 1656 1683
16675 4 2 1 28 413 1714 1685 86
16676 4 2 1 28 1647 1709 1624 1623
16677 4 2 1 28 89 1705 416 1702
16678 4 2 1 28 1624 1623 1709 1622
16679 4 2 1 28 1741 90 1722 1618
16680 4 2 1 28 408 434 81 409
16681 4 2 1 28 403 435 77 404
16682 4 2 1 28 90 1703 418 1706
16683 4 2 1 28 1716 1632 91 1637
16684 4 2 1 28 1715 1635 1716 1636
16685 4 2 1 28 76 91 1632 1637
16686 4 2 1 28 1680 91 76 1681
16687 4 2 1 28 85 1630 1733 412
16688 4 2 1 28 1705 1740 1702 1701
16689 4 2 1 28 1627 1709 1623 1622
16690 4 2 1 28 1667 92 80 1692
16691 4 2 1 28 1740 416 1705 1702
16692 4 2 1 28 403 75 435 404
16693 4 2 1 28 411 1713 1695 413
16694 4 2 1 28 79 434 408 409
16695 4 2 1 28 1713 411 1698 413
16696 4 2 1 28 89 1740 1702 416
16697 4 2 1 28 435 77 1661 403
16698 4 2 1 28 408 81 434 1689
16699 4 2 1 28 1676 80 92 1744
16700 4 2 1 28 416 1705 87 1740
16701 4 2 1 28 1643 1731 1634 1668
16702 4 2 1 28 406 1676 1675 1744
16703 4 2 1 28 1639 1718 1629 1610
16704 4 2 1 28 1668 1640 1732 1667
16705 4 2 1 28 1730 1634 1603 1604
16706 4 2 1 28 1734 1608 1641 1610
16707 4 2 1 28 1728 1687 1679 1674
16708 4 2 1 28 1642 1643 1712 1621
16709 4 2 1 28 1620 1731 1634 1643
16710 4 2 1 28 1628 1606 1631 1739
16711 4 2 1 28 1685 1605 86 1714
16712 4 2 1 28 1632 1631 1745 1680
16713 4 2 1 28 1616 1737 1617 1618
16714 4 2 1 28 1723 1680 1617 1673
16715 4 2 1 28 90 1672 1671 1722
16716 4 2 1 28 1675 1674 1655 1738
16717 4 2 1 28 88 1651 1650 1736
16718 4 2 1 28 1735 1652 1646 1677
16719 4 2 1 28 1678 1649 1670 1724
16720 4 2 1 28 1657 78 1662 1726
16721 4 2 1 28 78 1657 1691 1726
16722 4 2 1 28 401 436 1677 402
16723 4 2 1 28 1660 1669 1659 1727
16724 4 2 1 28 1665 436 401 402
16725 4 2 1 28 406 407 433 1675
16726 4 2 1 28 1663 405 1725 1648
16727 4 2 1 28 433 407 406 1609
16728 4 2 1 28 1669 1664 1717 1653
16729 4 2 1 28 1607 1719 1625 1626
16730 4 2 1 28 1676 406 80 1744
16731 4 2 1 28 1684 434 409 1690
16732 4 2 1 28 1729 1679 1666 1676
16733 4 2 1 28 1654 1708 1684 1675
16734 4 2 1 28 1675 1676 1674 1738
16735 4 2 1 28 1710 1655 1622 1656
16736 4 2 1 28 79 407 1689 434
16737 4 2 1 28 75 401 1661 435
16738 4 2 1 28 417 1618 90 1741
16739 4 2 1 28 1618 1617 1722 1737
16740 4 2 1 28 1618 1722 1617 1672
16741 4 2 1 28 1723 1722 1617 1737
16742 4 2 1 28 1642 1713 1621 1712
16743 4 2 1 28 1642 1621 1713 1644
16744 4 2 1 28 1613 1713 1621 1644
16745 4 2 1 28 1686 1685 1727 1660
16746 4 2 1 28 1686 1727 1685 1720
16747 4 2 1 28 89 1721 1741 1740
16748 4 2 1 28 412 1733 413 1713
16749 4 2 1 28 412 413 1733 85
16750 4 2 1 28 1720 413 1733 1713
16751 4 2 1 28 1720 1733 413 85
16752 4 2 1 28 1663 1691 1717 1725
16753 4 2 1 28 1663 1717 1691 1664
16754 4 2 1 28 1743 89 1721 1741
16755 4 2 1 28 417 1618 89 1682
16756 4 2 1 28 417 89 1618 1741
16757 4 2 1 28 1618 1743 89 1682
16758 4 2 1 28 1618 89 1743 1741
16759 4 2 1 28 1630 1610 1733 1633
16760 4 2 1 28 1734 1733 1610 1633
16761 4 2 1 28 1734 1610 1733 1718
16762 4 2 1 28 1684 433 434 1690
16763 4 2 1 28 434 433 1684 1708
16764 4 2 1 28 1636 1657 1726 1715
16765 4 2 1 28 1726 1657 1636 1665
16766 4 2 1 28 1726 436 1636 1715
16767 4 2 1 28 1636 436 1726 1665
16768 4 2 1 28 1681 402 1724 91
16769 4 2 1 28 1681 1724 402 1678
16770 4 2 1 28 436 1724 402 91
16771 4 2 1 28 436 402 1724 1678
16772 4 2 1 28 1652 1646 1707 1735
16773 4 2 1 28 1707 1646 1652 1647
16774 4 2 1 28 1707 1709 1652 1735
16775 4 2 1 28 1652 1709 1707 1647
16776 4 2 1 28 1612 1711 1621 1613
16777 4 2 1 28 1612 1621 1711 1712
16778 4 2 1 28 1713 1621 1711 1613
16779 4 2 1 28 1713 1711 1621 1712
16780 4 2 1 28 1659 1691 1717 1664
16781 4 2 1 28 1659 1717 1691 1726
16782 4 2 1 28 1610 1626 1719 1607
16783 4 2 1 28 1610 1734 1719 1718
16784 4 2 1 28 1719 1734 1610 1607
16785 4 2 1 28 1710 1654 1709 1622
16786 4 2 1 28 1710 1709 1654 1708
16787 4 2 1 28 1624 1709 1654 1622
16788 4 2 1 28 1624 1654 1709 1708
16789 4 2 1 28 1639 1610 1719 1718
16790 4 2 1 28 1719 1610 1639 1626
16791 4 2 1 28 1719 1717 1639 1718
16792 4 2 1 28 1639 1717 1719 1626
16793 4 2 1 28 1715 1660 1714 1605
16794 4 2 1 28 1715 1714 1660 1727
16795 4 2 1 28 1714 414 413 1713
16796 4 2 1 28 413 414 1714 86
16797 4 2 1 28 1649 1650 1735 1652
16798 4 2 1 28 1649 1735 1650 1736
16799 4 2 1 28 1734 1609 406 1608
16800 4 2 1 28 406 1609 1734 433
16801 4 2 1 28 1683 1742 1650 1627
16802 4 2 1 28 1709 1742 1650 1736
16803 4 2 1 28 1709 1650 1742 1627
16804 4 2 1 28 1659 1660 1715 1658
16805 4 2 1 28 1659 1715 1660 1727
16806 4 2 1 28 1728 1603 1729 1679
16807 4 2 1 28 1728 1729 1603 1730
16808 4 2 1 28 1634 1729 1603 1679
16809 4 2 1 28 1634 1603 1729 1730
16810 4 2 1 28 419 75 403 404
16811 4 2 1 28 403 75 419 1694
16812 4 2 1 28 403 77 419 404
16813 4 2 1 28 419 77 403 1694
16814 4 2 1 28 1729 1676 1738 1674
16815 4 2 1 28 1738 1676 1729 1744
16816 4 2 1 28 1704 418 417 1703
16817 4 2 1 28 1723 1680 1631 1617
16818 4 2 1 28 1631 1680 1723 1745
16819 4 2 1 28 1631 1739 1723 1617
16820 4 2 1 28 1723 1739 1631 1745
16821 4 2 1 28 81 420 408 409
16822 4 2 1 28 81 408 420 1693
16823 4 2 1 28 79 408 420 409
16824 4 2 1 28 79 420 408 1693
16825 4 2 1 28 416 1740 1604 89
16826 4 2 1 28 1721 1740 1604 1730
16827 4 2 1 28 1721 1604 1740 89
16828 4 2 1 28 1619 89 1743 1682
16829 4 2 1 28 1619 1743 89 1721
16830 4 2 1 28 1742 1687 1740 1728
16831 4 2 1 28 1742 1740 1687 1688
16832 4 2 1 28 87 1740 1687 1728
16833 4 2 1 28 87 1687 1740 1688
16834 4 2 1 28 1738 1655 1728 1674
16835 4 2 1 28 1728 1655 1738 1710
16836 4 2 1 28 88 1736 1741 418
16837 4 2 1 28 1704 417 88 415
16838 4 2 1 28 1704 88 417 418
16839 4 2 1 28 417 1741 88 415
16840 4 2 1 28 417 88 1741 418
16841 4 2 1 28 1617 1673 1722 1723
16842 4 2 1 28 1722 1673 1617 1672
16843 4 2 1 28 1680 1632 91 1745
16844 4 2 1 28 1680 91 1632 76
16845 4 2 1 28 1676 1666 92 80
16846 4 2 1 28 1676 92 1666 1729
16847 4 2 1 28 1610 1629 1733 1718
16848 4 2 1 28 1610 1733 1629 1630
16849 4 2 1 28 85 1629 1733 1630
16850 4 2 1 28 434 82 79 410
16851 4 2 1 28 434 79 82 409
16852 4 2 1 28 420 79 82 410
16853 4 2 1 28 420 82 79 409
16854 4 2 1 28 78 419 75 405
16855 4 2 1 28 75 419 78 404
16856 4 2 1 28 75 435 78 405
16857 4 2 1 28 78 435 75 404
16858 4 2 1 28 1711 1616 1614 1743
16859 4 2 1 28 1614 1616 1711 1611
16860 4 2 1 28 1639 1718 1638 1629
16861 4 2 1 28 1701 87 1705 1740
16862 4 2 1 28 1705 87 1701 432
16863 4 2 1 28 1619 1743 1612 1614
16864 4 2 1 28 1619 1612 1743 1721
16865 4 2 1 28 1711 1612 1743 1614
16866 4 2 1 28 1711 1743 1612 1721
16867 4 2 1 28 1740 416 1603 87
16868 4 2 1 28 1740 1728 1603 1730
16869 4 2 1 28 1603 1728 1740 87
16870 4 2 1 28 1615 84 1713 1711
16871 4 2 1 28 1713 84 1615 414
16872 4 2 1 28 1713 1714 1615 1711
16873 4 2 1 28 1615 1714 1713 414
16874 4 2 1 28 1650 88 1742 1683
16875 4 2 1 28 1650 1742 88 1736
16876 4 2 1 28 415 1742 88 1683
16877 4 2 1 28 1603 1604 1740 1730
16878 4 2 1 28 1740 1604 1603 416
16879 4 2 1 28 1742 1741 88 1736
16880 4 2 1 28 88 1741 1742 415
16881 4 2 1 28 1638 1669 1718 1639
16882 4 2 1 28 1638 1718 1669 1720
16883 4 2 1 28 1717 1718 1669 1639
16884 4 2 1 28 1717 1669 1718 1720
16885 4 2 1 28 1733 1720 1629 85
16886 4 2 1 28 1733 1629 1720 1718
16887 4 2 1 28 1638 1629 1720 85
16888 4 2 1 28 1638 1720 1629 1718
16889 4 2 1 28 1656 1655 1728 1710
16890 4 2 1 28 1728 1655 1656 1687
16891 4 2 1 28 1728 1742 1656 1710
16892 4 2 1 28 1656 1742 1728 1687
$EndElements
