variant_id,variant_name,short_name,frequency_hz,rpm,direction,f_slip_hz,resonance_factor,b_gap_sine_mt,b_gap_halfwave_mt,halfwave_boost_factor,stokes_s3,purity_cp_pct,ar_db,ieee_ar_pass,tau_oam_uNm,tau_drive_mNm,f_lorentz_rated_uN,f_lorentz_burst_uN,delta_v_probe_mv,p_mesh_W,p_coils_W,p_peek_W,p_total_W,gauss_residual_pct,gauss_status
var1_single_rotor,Single Rotor (PEEK Core),Single Rotor,25.0,0.0,CW,25.0,0.0039,2.898,4.291,1.48,0.159,57.95,1.39,True,0.0,0.856,14.81,36.29,16.37,1.85,16.65,0.0,18.5,1.062,PASS
var1_single_rotor,Single Rotor (PEEK Core),Single Rotor,25.0,0.0,CCW,25.0,0.0039,2.898,4.291,1.48,-0.159,57.95,1.39,True,-0.0,-0.856,14.81,36.29,16.37,1.85,16.65,0.0,18.5,1.062,PASS
var1_single_rotor,Single Rotor (PEEK Core),Single Rotor,25.0,600.0,CW,5.0,0.0039,1.333,2.003,1.5,0.159,57.95,1.39,True,0.0,0.19,15.18,37.19,16.37,1.85,16.65,0.0,18.5,1.062,PASS
var1_single_rotor,Single Rotor (PEEK Core),Single Rotor,25.0,600.0,CCW,45.0,0.0039,3.763,5.655,1.5,-0.159,57.95,1.39,True,-0.0,-1.331,15.18,37.19,16.37,1.85,16.65,0.0,18.5,1.062,PASS
var1_single_rotor,Single Rotor (PEEK Core),Single Rotor,25.0,1200.0,CW,15.0,0.0039,2.279,3.475,1.53,0.159,57.95,1.39,True,0.0,0.546,15.55,38.1,16.37,1.85,16.65,0.0,18.5,1.062,PASS
var1_single_rotor,Single Rotor (PEEK Core),Single Rotor,25.0,1200.0,CCW,65.0,0.0039,4.369,6.663,1.53,-0.159,57.95,1.39,True,-0.0,-1.642,15.55,38.1,16.37,1.85,16.65,0.0,18.5,1.062,PASS
var1_single_rotor,Single Rotor (PEEK Core),Single Rotor,25.0,2400.0,CW,55.0,0.0039,4.09,6.419,1.57,0.159,57.95,1.39,True,0.0,1.504,16.29,39.91,16.37,1.85,16.65,0.0,18.5,1.062,PASS
var1_single_rotor,Single Rotor (PEEK Core),Single Rotor,25.0,2400.0,CCW,105.0,0.0039,5.169,8.113,1.57,-0.159,57.95,1.39,True,-0.0,-1.947,16.29,39.91,16.37,1.85,16.65,0.0,18.5,1.062,PASS
var1_single_rotor,Single Rotor (PEEK Core),Single Rotor,50.0,0.0,CW,50.0,0.0203,3.933,5.835,1.48,0.159,57.95,1.39,True,0.0,1.422,14.85,36.39,32.84,1.85,16.65,0.0,18.5,1.065,PASS
var1_single_rotor,Single Rotor (PEEK Core),Single Rotor,50.0,0.0,CCW,50.0,0.0203,3.933,5.835,1.48,-0.159,57.95,1.39,True,-0.0,-1.422,14.85,36.39,32.84,1.85,16.65,0.0,18.5,1.065,PASS
var1_single_rotor,Single Rotor (PEEK Core),Single Rotor,50.0,600.0,CW,30.0,0.0203,3.15,4.743,1.51,0.159,57.95,1.39,True,0.0,0.992,15.23,37.3,32.84,1.85,16.65,0.0,18.5,1.065,PASS
var1_single_rotor,Single Rotor (PEEK Core),Single Rotor,50.0,600.0,CCW,70.0,0.0203,4.494,6.767,1.51,-0.159,57.95,1.39,True,-0.0,-1.7,15.23,37.3,32.84,1.85,16.65,0.0,18.5,1.065,PASS
var1_single_rotor,Single Rotor (PEEK Core),Single Rotor,50.0,1200.0,CW,10.0,0.0203,1.873,2.863,1.53,0.159,57.95,1.39,True,0.0,0.373,15.6,38.21,32.84,1.85,16.65,0.0,18.5,1.065,PASS
var1_single_rotor,Single Rotor (PEEK Core),Single Rotor,50.0,1200.0,CCW,90.0,0.0203,4.917,7.513,1.53,-0.159,57.95,1.39,True,-0.0,-1.869,15.6,38.21,32.84,1.85,16.65,0.0,18.5,1.065,PASS
var1_single_rotor,Single Rotor (PEEK Core),Single Rotor,50.0,2400.0,CW,30.0,0.0203,3.15,4.953,1.57,0.159,57.95,1.39,True,0.0,0.992,16.34,40.03,32.84,1.85,16.65,0.0,18.5,1.065,PASS
var1_single_rotor,Single Rotor (PEEK Core),Single Rotor,50.0,2400.0,CCW,130.0,0.0203,5.498,8.646,1.57,-0.159,57.95,1.39,True,-0.0,-2.016,16.34,40.03,32.84,1.85,16.65,0.0,18.5,1.065,PASS
var1_single_rotor,Single Rotor (PEEK Core),Single Rotor,80.0,0.0,CW,80.0,0.1052,4.719,7.073,1.5,0.1593,57.96,1.4,True,0.0,1.795,15.08,36.95,53.43,1.85,16.65,0.0,18.5,1.069,PASS
var1_single_rotor,Single Rotor (PEEK Core),Single Rotor,80.0,0.0,CCW,80.0,0.1052,4.719,7.073,1.5,-0.1593,57.96,1.4,True,-0.0,-1.795,15.08,36.95,53.43,1.85,16.65,0.0,18.5,1.069,PASS
var1_single_rotor,Single Rotor (PEEK Core),Single Rotor,80.0,600.0,CW,60.0,0.1052,4.234,6.441,1.52,0.1593,57.96,1.4,True,0.0,1.577,15.46,37.87,53.43,1.85,16.65,0.0,18.5,1.069,PASS
var1_single_rotor,Single Rotor (PEEK Core),Single Rotor,80.0,600.0,CCW,100.0,0.1052,5.09,7.743,1.52,-0.1593,57.96,1.4,True,-0.0,-1.925,15.46,37.87,53.43,1.85,16.65,0.0,18.5,1.069,PASS
var1_single_rotor,Single Rotor (PEEK Core),Single Rotor,80.0,1200.0,CW,40.0,0.1052,3.578,5.523,1.54,0.1593,57.96,1.4,True,0.0,1.229,15.83,38.79,53.43,1.85,16.65,0.0,18.5,1.069,PASS
var1_single_rotor,Single Rotor (PEEK Core),Single Rotor,80.0,1200.0,CCW,120.0,0.1052,5.378,8.302,1.54,-0.1593,57.96,1.4,True,-0.0,-1.996,15.83,38.79,53.43,1.85,16.65,0.0,18.5,1.069,PASS
var1_single_rotor,Single Rotor (PEEK Core),Single Rotor,80.0,2400.0,CW,0.0,0.1052,0.189,0.301,1.59,0.1593,57.96,1.4,True,0.0,0.0,16.59,40.64,53.43,1.85,16.65,0.0,18.5,1.069,PASS
var1_single_rotor,Single Rotor (PEEK Core),Single Rotor,80.0,2400.0,CCW,160.0,0.1052,5.781,9.183,1.59,-0.1593,57.96,1.4,True,-0.0,-2.037,16.59,40.64,53.43,1.85,16.65,0.0,18.5,1.069,PASS
var1_single_rotor,Single Rotor (PEEK Core),Single Rotor,100.0,0.0,CW,100.0,0.3778,5.09,7.875,1.55,0.1599,58.0,1.4,True,0.0,1.925,15.81,38.73,70.36,2.003,16.497,0.0,18.5,1.077,PASS
var1_single_rotor,Single Rotor (PEEK Core),Single Rotor,100.0,0.0,CCW,100.0,0.3778,5.09,7.875,1.55,-0.1599,58.0,1.4,True,-0.0,-1.925,15.81,38.73,70.36,2.003,16.497,0.0,18.5,1.077,PASS
var1_single_rotor,Single Rotor (PEEK Core),Single Rotor,100.0,600.0,CW,80.0,0.3778,4.719,7.411,1.57,0.1599,58.0,1.4,True,0.0,1.795,16.2,39.69,70.36,2.003,16.497,0.0,18.5,1.077,PASS
var1_single_rotor,Single Rotor (PEEK Core),Single Rotor,100.0,600.0,CCW,120.0,0.3778,5.378,8.446,1.57,-0.1599,58.0,1.4,True,-0.0,-1.996,16.2,39.69,70.36,2.003,16.497,0.0,18.5,1.077,PASS
var1_single_rotor,Single Rotor (PEEK Core),Single Rotor,100.0,1200.0,CW,60.0,0.3778,4.234,6.747,1.59,0.1599,58.0,1.4,True,0.0,1.577,16.6,40.66,70.36,2.003,16.497,0.0,18.5,1.077,PASS
var1_single_rotor,Single Rotor (PEEK Core),Single Rotor,100.0,1200.0,CCW,140.0,0.3778,5.604,8.93,1.59,-0.1599,58.0,1.4,True,-0.0,-2.029,16.6,40.66,70.36,2.003,16.497,0.0,18.5,1.077,PASS
var1_single_rotor,Single Rotor (PEEK Core),Single Rotor,100.0,2400.0,CW,20.0,0.3778,2.612,4.283,1.64,0.1599,58.0,1.4,True,0.0,0.707,17.39,42.6,70.36,2.003,16.497,0.0,18.5,1.077,PASS
var1_single_rotor,Single Rotor (PEEK Core),Single Rotor,100.0,2400.0,CCW,180.0,0.3778,5.918,9.706,1.64,-0.1599,58.0,1.4,True,-0.0,-2.029,17.39,42.6,70.36,2.003,16.497,0.0,18.5,1.077,PASS
var1_single_rotor,Single Rotor (PEEK Core),Single Rotor,120.0,0.0,CW,120.0,1.0,5.378,8.915,1.66,0.1614,58.07,1.41,True,0.0,1.996,17.46,42.79,94.2,2.55,15.95,0.0,18.5,1.095,PASS
var1_single_rotor,Single Rotor (PEEK Core),Single Rotor,120.0,0.0,CCW,120.0,1.0,5.378,8.915,1.66,-0.1614,58.07,1.41,True,-0.0,-1.996,17.46,42.79,94.2,2.55,15.95,0.0,18.5,1.095,PASS
var1_single_rotor,Single Rotor (PEEK Core),Single Rotor,120.0,600.0,CW,100.0,1.0,5.09,8.564,1.68,0.1614,58.07,1.41,True,0.0,1.925,17.9,43.86,94.2,2.55,15.95,0.0,18.5,1.095,PASS
var1_single_rotor,Single Rotor (PEEK Core),Single Rotor,120.0,600.0,CCW,140.0,1.0,5.604,9.429,1.68,-0.1614,58.07,1.41,True,-0.0,-2.029,17.9,43.86,94.2,2.55,15.95,0.0,18.5,1.095,PASS
var1_single_rotor,Single Rotor (PEEK Core),Single Rotor,120.0,1200.0,CW,80.0,1.0,4.719,8.057,1.71,0.1614,58.07,1.41,True,0.0,1.795,18.34,44.93,94.2,2.55,15.95,0.0,18.5,1.095,PASS
var1_single_rotor,Single Rotor (PEEK Core),Single Rotor,120.0,1200.0,CCW,160.0,1.0,5.781,9.87,1.71,-0.1614,58.07,1.41,True,-0.0,-2.037,18.34,44.93,94.2,2.55,15.95,0.0,18.5,1.095,PASS
var1_single_rotor,Single Rotor (PEEK Core),Single Rotor,120.0,2400.0,CW,40.0,1.0,3.578,6.286,1.76,0.1614,58.07,1.41,True,0.0,1.229,19.21,47.07,94.2,2.55,15.95,0.0,18.5,1.095,PASS
var1_single_rotor,Single Rotor (PEEK Core),Single Rotor,120.0,2400.0,CCW,200.0,1.0,6.025,10.585,1.76,-0.1614,58.07,1.41,True,-0.0,-2.011,19.21,47.07,94.2,2.55,15.95,0.0,18.5,1.095,PASS
var1_single_rotor,Single Rotor (PEEK Core),Single Rotor,150.0,0.0,CW,150.0,0.2873,5.698,8.723,1.53,0.1597,57.98,1.4,True,0.0,2.036,15.57,38.14,103.76,2.697,15.803,0.0,18.5,1.079,PASS
var1_single_rotor,Single Rotor (PEEK Core),Single Rotor,150.0,0.0,CCW,150.0,0.2873,5.698,8.723,1.53,-0.1597,57.98,1.4,True,-0.0,-2.036,15.57,38.14,103.76,2.697,15.803,0.0,18.5,1.079,PASS
var1_single_rotor,Single Rotor (PEEK Core),Single Rotor,150.0,600.0,CW,130.0,0.2873,5.498,8.544,1.55,0.1597,57.98,1.4,True,0.0,2.016,15.95,39.09,103.76,2.697,15.803,0.0,18.5,1.079,PASS
var1_single_rotor,Single Rotor (PEEK Core),Single Rotor,150.0,600.0,CCW,170.0,0.2873,5.854,9.097,1.55,-0.1597,57.98,1.4,True,-0.0,-2.035,15.95,39.09,103.76,2.697,15.803,0.0,18.5,1.079,PASS
var1_single_rotor,Single Rotor (PEEK Core),Single Rotor,150.0,1200.0,CW,110.0,0.2873,5.243,8.268,1.58,0.1597,57.98,1.4,True,0.0,1.966,16.34,40.04,103.76,2.697,15.803,0.0,18.5,1.079,PASS
var1_single_rotor,Single Rotor (PEEK Core),Single Rotor,150.0,1200.0,CCW,190.0,0.2873,5.975,9.422,1.58,-0.1597,57.98,1.4,True,-0.0,-2.021,16.34,40.04,103.76,2.697,15.803,0.0,18.5,1.079,PASS
var1_single_rotor,Single Rotor (PEEK Core),Single Rotor,150.0,2400.0,CW,70.0,0.2873,4.494,7.293,1.62,0.1597,57.98,1.4,True,0.0,1.7,17.12,41.95,103.76,2.697,15.803,0.0,18.5,1.079,PASS
var1_single_rotor,Single Rotor (PEEK Core),Single Rotor,150.0,2400.0,CCW,230.0,0.2873,6.137,9.96,1.62,-0.1597,57.98,1.4,True,-0.0,-1.973,17.12,41.95,103.76,2.697,15.803,0.0,18.5,1.079,PASS
var1_single_rotor,Single Rotor (PEEK Core),Single Rotor,200.0,0.0,CW,200.0,0.0669,6.025,8.988,1.49,0.1592,57.96,1.39,True,0.0,2.011,14.98,36.7,132.59,3.295,15.205,0.0,18.5,1.078,PASS
var1_single_rotor,Single Rotor (PEEK Core),Single Rotor,200.0,0.0,CCW,200.0,0.0669,6.025,8.988,1.49,-0.1592,57.96,1.39,True,-0.0,-2.011,14.98,36.7,132.59,3.295,15.205,0.0,18.5,1.078,PASS
var1_single_rotor,Single Rotor (PEEK Core),Single Rotor,200.0,600.0,CW,180.0,0.0669,5.918,8.962,1.51,0.1592,57.96,1.39,True,0.0,2.029,15.35,37.61,132.59,3.295,15.205,0.0,18.5,1.078,PASS
var1_single_rotor,Single Rotor (PEEK Core),Single Rotor,200.0,600.0,CCW,220.0,0.0669,6.105,9.245,1.51,-0.1592,57.96,1.39,True,-0.0,-1.987,15.35,37.61,132.59,3.295,15.205,0.0,18.5,1.078,PASS
var1_single_rotor,Single Rotor (PEEK Core),Single Rotor,200.0,1200.0,CW,160.0,0.0669,5.781,8.883,1.54,0.1592,57.96,1.39,True,0.0,2.037,15.73,38.53,132.59,3.295,15.205,0.0,18.5,1.078,PASS
var1_single_rotor,Single Rotor (PEEK Core),Single Rotor,200.0,1200.0,CCW,240.0,0.0669,6.164,9.472,1.54,-0.1592,57.96,1.39,True,-0.0,-1.958,15.73,38.53,132.59,3.295,15.205,0.0,18.5,1.078,PASS
var1_single_rotor,Single Rotor (PEEK Core),Single Rotor,200.0,2400.0,CW,120.0,0.0669,5.378,8.506,1.58,0.1592,57.96,1.39,True,0.0,1.996,16.48,40.37,132.59,3.295,15.205,0.0,18.5,1.078,PASS
var1_single_rotor,Single Rotor (PEEK Core),Single Rotor,200.0,2400.0,CCW,280.0,0.0669,6.233,9.857,1.58,-0.1592,57.96,1.39,True,-0.0,-1.896,16.48,40.37,132.59,3.295,15.205,0.0,18.5,1.078,PASS
var1_single_rotor,Single Rotor (PEEK Core),Single Rotor,300.0,0.0,CW,300.0,0.0182,6.248,9.267,1.48,0.159,57.95,1.39,True,0.0,1.864,14.85,36.38,196.96,3.85,14.65,0.0,18.5,1.084,PASS
var1_single_rotor,Single Rotor (PEEK Core),Single Rotor,300.0,0.0,CCW,300.0,0.0182,6.248,9.267,1.48,-0.159,57.95,1.39,True,-0.0,-1.864,14.85,36.38,196.96,3.85,14.65,0.0,18.5,1.084,PASS
var1_single_rotor,Single Rotor (PEEK Core),Single Rotor,300.0,600.0,CW,280.0,0.0182,6.233,9.383,1.51,0.159,57.95,1.39,True,0.0,1.896,15.22,37.29,196.96,3.85,14.65,0.0,18.5,1.084,PASS
var1_single_rotor,Single Rotor (PEEK Core),Single Rotor,300.0,600.0,CCW,320.0,0.0182,6.252,9.413,1.51,-0.159,57.95,1.39,True,-0.0,-1.832,15.22,37.29,196.96,3.85,14.65,0.0,18.5,1.084,PASS
var1_single_rotor,Single Rotor (PEEK Core),Single Rotor,300.0,1200.0,CW,260.0,0.0182,6.206,9.481,1.53,0.159,57.95,1.39,True,0.0,1.928,15.59,38.2,196.96,3.85,14.65,0.0,18.5,1.084,PASS
var1_single_rotor,Single Rotor (PEEK Core),Single Rotor,300.0,1200.0,CCW,340.0,0.0182,6.248,9.546,1.53,-0.159,57.95,1.39,True,-0.0,-1.801,15.59,38.2,196.96,3.85,14.65,0.0,18.5,1.084,PASS
var1_single_rotor,Single Rotor (PEEK Core),Single Rotor,300.0,2400.0,CW,220.0,0.0182,6.105,9.598,1.57,0.159,57.95,1.39,True,0.0,1.987,16.33,40.02,196.96,3.85,14.65,0.0,18.5,1.084,PASS
var1_single_rotor,Single Rotor (PEEK Core),Single Rotor,300.0,2400.0,CCW,380.0,0.0182,6.22,9.779,1.57,-0.159,57.95,1.39,True,-0.0,-1.74,16.33,40.02,196.96,3.85,14.65,0.0,18.5,1.084,PASS
var1_single_rotor,Single Rotor (PEEK Core),Single Rotor,500.0,0.0,CW,500.0,0.0053,6.035,8.937,1.48,0.159,57.95,1.39,True,0.0,1.58,14.81,36.29,327.43,3.85,14.65,0.0,18.5,1.1,PASS
var1_single_rotor,Single Rotor (PEEK Core),Single Rotor,500.0,0.0,CCW,500.0,0.0053,6.035,8.937,1.48,-0.159,57.95,1.39,True,-0.0,-1.58,14.81,36.29,327.43,3.85,14.65,0.0,18.5,1.1,PASS
var1_single_rotor,Single Rotor (PEEK Core),Single Rotor,500.0,600.0,CW,480.0,0.0053,6.072,9.128,1.5,0.159,57.95,1.39,True,0.0,1.605,15.18,37.2,327.43,3.85,14.65,0.0,18.5,1.1,PASS
var1_single_rotor,Single Rotor (PEEK Core),Single Rotor,500.0,600.0,CCW,520.0,0.0053,5.996,9.012,1.5,-0.159,57.95,1.39,True,-0.0,-1.557,15.18,37.2,327.43,3.85,14.65,0.0,18.5,1.1,PASS
var1_single_rotor,Single Rotor (PEEK Core),Single Rotor,500.0,1200.0,CW,460.0,0.0053,6.108,9.317,1.53,0.159,57.95,1.39,True,0.0,1.63,15.55,38.11,327.43,3.85,14.65,0.0,18.5,1.1,PASS
var1_single_rotor,Single Rotor (PEEK Core),Single Rotor,500.0,1200.0,CCW,540.0,0.0053,5.955,9.084,1.53,-0.159,57.95,1.39,True,-0.0,-1.534,15.55,38.11,327.43,3.85,14.65,0.0,18.5,1.1,PASS
var1_single_rotor,Single Rotor (PEEK Core),Single Rotor,500.0,2400.0,CW,420.0,0.0053,6.171,9.687,1.57,0.159,57.95,1.39,True,0.0,1.683,16.3,39.92,327.43,3.85,14.65,0.0,18.5,1.1,PASS
var1_single_rotor,Single Rotor (PEEK Core),Single Rotor,500.0,2400.0,CCW,580.0,0.0053,5.871,9.216,1.57,-0.159,57.95,1.39,True,-0.0,-1.492,16.3,39.92,327.43,3.85,14.65,0.0,18.5,1.1,PASS
var1_single_rotor,Single Rotor (PEEK Core),Single Rotor,1000.0,0.0,CW,1000.0,0.0012,4.983,7.375,1.48,0.159,57.95,1.39,True,0.0,1.18,14.8,36.27,654.32,3.85,14.65,0.0,18.5,1.14,PASS
var1_single_rotor,Single Rotor (PEEK Core),Single Rotor,1000.0,0.0,CCW,1000.0,0.0012,4.983,7.375,1.48,-0.159,57.95,1.39,True,-0.0,-1.18,14.8,36.27,654.32,3.85,14.65,0.0,18.5,1.14,PASS
var1_single_rotor,Single Rotor (PEEK Core),Single Rotor,1000.0,600.0,CW,980.0,0.0012,5.021,7.544,1.5,0.159,57.95,1.39,True,0.0,1.191,15.17,37.17,654.32,3.85,14.65,0.0,18.5,1.14,PASS
var1_single_rotor,Single Rotor (PEEK Core),Single Rotor,1000.0,600.0,CCW,1020.0,0.0012,4.945,7.429,1.5,-0.159,57.95,1.39,True,-0.0,-1.17,15.17,37.17,654.32,3.85,14.65,0.0,18.5,1.14,PASS
var1_single_rotor,Single Rotor (PEEK Core),Single Rotor,1000.0,1200.0,CW,960.0,0.0012,5.06,7.715,1.52,0.159,57.95,1.39,True,0.0,1.202,15.54,38.08,654.32,3.85,14.65,0.0,18.5,1.14,PASS
var1_single_rotor,Single Rotor (PEEK Core),Single Rotor,1000.0,1200.0,CCW,1040.0,0.0012,4.907,7.481,1.52,-0.159,57.95,1.39,True,-0.0,-1.159,15.54,38.08,654.32,3.85,14.65,0.0,18.5,1.14,PASS
var1_single_rotor,Single Rotor (PEEK Core),Single Rotor,1000.0,2400.0,CW,920.0,0.0012,5.14,8.065,1.57,0.159,57.95,1.39,True,0.0,1.225,16.28,39.89,654.32,3.85,14.65,0.0,18.5,1.14,PASS
var1_single_rotor,Single Rotor (PEEK Core),Single Rotor,1000.0,2400.0,CCW,1080.0,0.0012,4.833,7.584,1.57,-0.159,57.95,1.39,True,-0.0,-1.139,16.28,39.89,654.32,3.85,14.65,0.0,18.5,1.14,PASS
var2_dual_continuous,Dual Continuous 90° NPNPNP,Dual Contin. 90°,25.0,0.0,CW,25.0,0.0039,5.733,8.833,1.54,0.9421,97.1,15.25,False,1.4214,0.856,38.63,108.16,40.74,1.85,16.65,0.0,18.5,1.062,PASS
var2_dual_continuous,Dual Continuous 90° NPNPNP,Dual Contin. 90°,25.0,0.0,CCW,25.0,0.0039,5.733,8.833,1.54,-0.9421,97.1,15.25,False,-1.4214,-0.856,38.63,108.16,40.74,1.85,16.65,0.0,18.5,1.062,PASS
var2_dual_continuous,Dual Continuous 90° NPNPNP,Dual Contin. 90°,25.0,600.0,CW,5.0,0.0039,2.637,4.124,1.56,0.9421,97.1,15.25,False,1.4782,0.19,39.59,110.86,40.74,1.85,16.65,0.0,18.5,1.062,PASS
var2_dual_continuous,Dual Continuous 90° NPNPNP,Dual Contin. 90°,25.0,600.0,CCW,45.0,0.0039,7.444,11.642,1.56,-0.9421,97.1,15.25,False,-1.4782,-1.331,39.59,110.86,40.74,1.85,16.65,0.0,18.5,1.062,PASS
var2_dual_continuous,Dual Continuous 90° NPNPNP,Dual Contin. 90°,25.0,1200.0,CW,15.0,0.0039,4.508,7.153,1.59,0.9421,97.1,15.25,False,1.5351,0.546,40.56,113.56,40.74,1.85,16.65,0.0,18.5,1.062,PASS
var2_dual_continuous,Dual Continuous 90° NPNPNP,Dual Contin. 90°,25.0,1200.0,CCW,65.0,0.0039,8.643,13.715,1.59,-0.9421,97.1,15.25,False,-1.5351,-1.642,40.56,113.56,40.74,1.85,16.65,0.0,18.5,1.062,PASS
var2_dual_continuous,Dual Continuous 90° NPNPNP,Dual Contin. 90°,25.0,2400.0,CW,55.0,0.0039,8.09,13.213,1.63,0.9421,97.1,15.25,False,1.6488,1.504,42.49,118.97,40.74,1.85,16.65,0.0,18.5,1.062,PASS
var2_dual_continuous,Dual Continuous 90° NPNPNP,Dual Contin. 90°,25.0,2400.0,CCW,105.0,0.0039,10.226,16.701,1.63,-0.9421,97.1,15.25,False,-1.6488,-1.947,42.49,118.97,40.74,1.85,16.65,0.0,18.5,1.062,PASS
var2_dual_continuous,Dual Continuous 90° NPNPNP,Dual Contin. 90°,50.0,0.0,CW,50.0,0.0203,7.781,12.011,1.54,0.9423,97.11,15.27,False,1.4272,1.422,38.74,108.48,81.75,1.85,16.65,0.0,18.5,1.065,PASS
var2_dual_continuous,Dual Continuous 90° NPNPNP,Dual Contin. 90°,50.0,0.0,CCW,50.0,0.0203,7.781,12.011,1.54,-0.9423,97.11,15.27,False,-1.4272,-1.422,38.74,108.48,81.75,1.85,16.65,0.0,18.5,1.065,PASS
var2_dual_continuous,Dual Continuous 90° NPNPNP,Dual Contin. 90°,50.0,600.0,CW,30.0,0.0203,6.231,9.763,1.57,0.9423,97.11,15.27,False,1.4843,0.992,39.71,111.19,81.75,1.85,16.65,0.0,18.5,1.065,PASS
var2_dual_continuous,Dual Continuous 90° NPNPNP,Dual Contin. 90°,50.0,600.0,CCW,70.0,0.0203,8.89,13.93,1.57,-0.9423,97.11,15.27,False,-1.4843,-1.7,39.71,111.19,81.75,1.85,16.65,0.0,18.5,1.065,PASS
var2_dual_continuous,Dual Continuous 90° NPNPNP,Dual Contin. 90°,50.0,1200.0,CW,10.0,0.0203,3.706,5.893,1.59,0.9423,97.11,15.27,False,1.5414,0.373,40.68,113.9,81.75,1.85,16.65,0.0,18.5,1.065,PASS
var2_dual_continuous,Dual Continuous 90° NPNPNP,Dual Contin. 90°,50.0,1200.0,CCW,90.0,0.0203,9.727,15.466,1.59,-0.9423,97.11,15.27,False,-1.5414,-1.869,40.68,113.9,81.75,1.85,16.65,0.0,18.5,1.065,PASS
var2_dual_continuous,Dual Continuous 90° NPNPNP,Dual Contin. 90°,50.0,2400.0,CW,30.0,0.0203,6.231,10.196,1.64,0.9423,97.11,15.27,False,1.6556,0.992,42.62,119.32,81.75,1.85,16.65,0.0,18.5,1.065,PASS
var2_dual_continuous,Dual Continuous 90° NPNPNP,Dual Contin. 90°,50.0,2400.0,CCW,130.0,0.0203,10.877,17.799,1.64,-0.9423,97.11,15.27,False,-1.6556,-2.016,42.62,119.32,81.75,1.85,16.65,0.0,18.5,1.065,PASS
var2_dual_continuous,Dual Continuous 90° NPNPNP,Dual Contin. 90°,80.0,0.0,CW,80.0,0.1052,9.336,14.559,1.56,0.9435,97.17,15.36,False,1.4573,1.795,39.33,110.13,133.01,1.85,16.65,0.0,18.5,1.069,PASS
var2_dual_continuous,Dual Continuous 90° NPNPNP,Dual Contin. 90°,80.0,0.0,CCW,80.0,0.1052,9.336,14.559,1.56,-0.9435,97.17,15.36,False,-1.4573,-1.795,39.33,110.13,133.01,1.85,16.65,0.0,18.5,1.069,PASS
var2_dual_continuous,Dual Continuous 90° NPNPNP,Dual Contin. 90°,80.0,600.0,CW,60.0,0.1052,8.377,13.259,1.58,0.9435,97.17,15.36,False,1.5156,1.577,40.31,112.88,133.01,1.85,16.65,0.0,18.5,1.069,PASS
var2_dual_continuous,Dual Continuous 90° NPNPNP,Dual Contin. 90°,80.0,600.0,CCW,100.0,0.1052,10.07,15.939,1.58,-0.9435,97.17,15.36,False,-1.5156,-1.925,40.31,112.88,133.01,1.85,16.65,0.0,18.5,1.069,PASS
var2_dual_continuous,Dual Continuous 90° NPNPNP,Dual Contin. 90°,80.0,1200.0,CW,40.0,0.1052,7.078,11.369,1.61,0.9435,97.17,15.36,False,1.5739,1.229,41.3,115.63,133.01,1.85,16.65,0.0,18.5,1.069,PASS
var2_dual_continuous,Dual Continuous 90° NPNPNP,Dual Contin. 90°,80.0,1200.0,CCW,120.0,0.1052,10.64,17.09,1.61,-0.9435,97.17,15.36,False,-1.5739,-1.996,41.3,115.63,133.01,1.85,16.65,0.0,18.5,1.069,PASS
var2_dual_continuous,Dual Continuous 90° NPNPNP,Dual Contin. 90°,80.0,2400.0,CW,0.0,0.1052,0.375,0.619,1.65,0.9435,97.17,15.36,False,1.6905,0.0,43.26,121.14,133.01,1.85,16.65,0.0,18.5,1.069,PASS
var2_dual_continuous,Dual Continuous 90° NPNPNP,Dual Contin. 90°,80.0,2400.0,CCW,160.0,0.1052,11.436,18.904,1.65,-0.9435,97.17,15.36,False,-1.6905,-2.037,43.26,121.14,133.01,1.85,16.65,0.0,18.5,1.069,PASS
var2_dual_continuous,Dual Continuous 90° NPNPNP,Dual Contin. 90°,100.0,0.0,CW,100.0,0.3778,10.07,16.211,1.61,0.9473,97.37,15.68,False,1.5541,1.925,41.22,115.43,175.14,2.003,16.497,0.0,18.5,1.077,PASS
var2_dual_continuous,Dual Continuous 90° NPNPNP,Dual Contin. 90°,100.0,0.0,CCW,100.0,0.3778,10.07,16.211,1.61,-0.9473,97.37,15.68,False,-1.5541,-1.925,41.22,115.43,175.14,2.003,16.497,0.0,18.5,1.077,PASS
var2_dual_continuous,Dual Continuous 90° NPNPNP,Dual Contin. 90°,100.0,600.0,CW,80.0,0.3778,9.336,15.255,1.63,0.9473,97.37,15.68,False,1.6163,1.795,42.26,118.32,175.14,2.003,16.497,0.0,18.5,1.077,PASS
var2_dual_continuous,Dual Continuous 90° NPNPNP,Dual Contin. 90°,100.0,600.0,CCW,120.0,0.3778,10.64,17.386,1.63,-0.9473,97.37,15.68,False,-1.6163,-1.996,42.26,118.32,175.14,2.003,16.497,0.0,18.5,1.077,PASS
var2_dual_continuous,Dual Continuous 90° NPNPNP,Dual Contin. 90°,100.0,1200.0,CW,60.0,0.3778,8.377,13.89,1.66,0.9473,97.37,15.68,False,1.6784,1.577,43.29,121.2,175.14,2.003,16.497,0.0,18.5,1.077,PASS
var2_dual_continuous,Dual Continuous 90° NPNPNP,Dual Contin. 90°,100.0,1200.0,CCW,140.0,0.3778,11.086,18.383,1.66,-0.9473,97.37,15.68,False,-1.6784,-2.029,43.29,121.2,175.14,2.003,16.497,0.0,18.5,1.077,PASS
var2_dual_continuous,Dual Continuous 90° NPNPNP,Dual Contin. 90°,100.0,2400.0,CW,20.0,0.3778,5.167,8.817,1.71,0.9473,97.37,15.68,False,1.8028,0.707,45.35,126.97,175.14,2.003,16.497,0.0,18.5,1.077,PASS
var2_dual_continuous,Dual Continuous 90° NPNPNP,Dual Contin. 90°,100.0,2400.0,CCW,180.0,0.3778,11.708,19.979,1.71,-0.9473,97.37,15.68,False,-1.8028,-2.029,45.35,126.97,175.14,2.003,16.497,0.0,18.5,1.077,PASS
var2_dual_continuous,Dual Continuous 90° NPNPNP,Dual Contin. 90°,120.0,0.0,CW,120.0,1.0,10.64,18.352,1.72,0.9561,97.81,16.49,False,1.775,1.996,45.55,127.53,234.48,2.55,15.95,0.0,18.5,1.095,PASS
var2_dual_continuous,Dual Continuous 90° NPNPNP,Dual Contin. 90°,120.0,0.0,CCW,120.0,1.0,10.64,18.352,1.72,-0.9561,97.81,16.49,False,-1.775,-1.996,45.55,127.53,234.48,2.55,15.95,0.0,18.5,1.095,PASS
var2_dual_continuous,Dual Continuous 90° NPNPNP,Dual Contin. 90°,120.0,600.0,CW,100.0,1.0,10.07,17.629,1.75,0.9561,97.81,16.49,False,1.846,1.925,46.69,130.72,234.48,2.55,15.95,0.0,18.5,1.095,PASS
var2_dual_continuous,Dual Continuous 90° NPNPNP,Dual Contin. 90°,120.0,600.0,CCW,140.0,1.0,11.086,19.409,1.75,-0.9561,97.81,16.49,False,-1.846,-2.029,46.69,130.72,234.48,2.55,15.95,0.0,18.5,1.095,PASS
var2_dual_continuous,Dual Continuous 90° NPNPNP,Dual Contin. 90°,120.0,1200.0,CW,80.0,1.0,9.336,16.586,1.78,0.9561,97.81,16.49,False,1.917,1.795,47.83,133.91,234.48,2.55,15.95,0.0,18.5,1.095,PASS
var2_dual_continuous,Dual Continuous 90° NPNPNP,Dual Contin. 90°,120.0,1200.0,CCW,160.0,1.0,11.436,20.317,1.78,-0.9561,97.81,16.49,False,-1.917,-2.037,47.83,133.91,234.48,2.55,15.95,0.0,18.5,1.095,PASS
var2_dual_continuous,Dual Continuous 90° NPNPNP,Dual Contin. 90°,120.0,2400.0,CW,40.0,1.0,7.078,12.941,1.83,0.9561,97.81,16.49,False,2.059,1.229,50.1,140.29,234.48,2.55,15.95,0.0,18.5,1.095,PASS
var2_dual_continuous,Dual Continuous 90° NPNPNP,Dual Contin. 90°,120.0,2400.0,CCW,200.0,1.0,11.918,21.79,1.83,-0.9561,97.81,16.49,False,-2.059,-2.011,50.1,140.29,234.48,2.55,15.95,0.0,18.5,1.095,PASS
var2_dual_continuous,Dual Continuous 90° NPNPNP,Dual Contin. 90°,150.0,0.0,CW,150.0,0.2873,11.272,17.957,1.59,0.9461,97.3,15.57,False,1.522,2.036,40.6,113.67,258.28,2.697,15.803,0.0,18.5,1.079,PASS
var2_dual_continuous,Dual Continuous 90° NPNPNP,Dual Contin. 90°,150.0,0.0,CCW,150.0,0.2873,11.272,17.957,1.59,-0.9461,97.3,15.57,False,-1.522,-2.036,40.6,113.67,258.28,2.697,15.803,0.0,18.5,1.079,PASS
var2_dual_continuous,Dual Continuous 90° NPNPNP,Dual Contin. 90°,150.0,600.0,CW,130.0,0.2873,10.877,17.588,1.62,0.9461,97.3,15.57,False,1.5829,2.016,41.61,116.51,258.28,2.697,15.803,0.0,18.5,1.079,PASS
var2_dual_continuous,Dual Continuous 90° NPNPNP,Dual Contin. 90°,150.0,600.0,CCW,170.0,0.2873,11.581,18.726,1.62,-0.9461,97.3,15.57,False,-1.5829,-2.035,41.61,116.51,258.28,2.697,15.803,0.0,18.5,1.079,PASS
var2_dual_continuous,Dual Continuous 90° NPNPNP,Dual Contin. 90°,150.0,1200.0,CW,110.0,0.2873,10.373,17.02,1.64,0.9461,97.3,15.57,False,1.6438,1.966,42.63,119.35,258.28,2.697,15.803,0.0,18.5,1.079,PASS
var2_dual_continuous,Dual Continuous 90° NPNPNP,Dual Contin. 90°,150.0,1200.0,CCW,190.0,0.2873,11.82,19.396,1.64,-0.9461,97.3,15.57,False,-1.6438,-2.021,42.63,119.35,258.28,2.697,15.803,0.0,18.5,1.079,PASS
var2_dual_continuous,Dual Continuous 90° NPNPNP,Dual Contin. 90°,150.0,2400.0,CW,70.0,0.2873,8.89,15.013,1.69,0.9461,97.3,15.57,False,1.7655,1.7,44.66,125.04,258.28,2.697,15.803,0.0,18.5,1.079,PASS
var2_dual_continuous,Dual Continuous 90° NPNPNP,Dual Contin. 90°,150.0,2400.0,CCW,230.0,0.2873,12.141,20.502,1.69,-0.9461,97.3,15.57,False,-1.7655,-1.973,44.66,125.04,258.28,2.697,15.803,0.0,18.5,1.079,PASS
var2_dual_continuous,Dual Continuous 90° NPNPNP,Dual Contin. 90°,200.0,0.0,CW,200.0,0.0669,11.918,18.502,1.55,0.9429,97.15,15.32,False,1.4438,2.011,39.07,109.38,330.03,3.295,15.205,0.0,18.5,1.078,PASS
var2_dual_continuous,Dual Continuous 90° NPNPNP,Dual Contin. 90°,200.0,0.0,CCW,200.0,0.0669,11.918,18.502,1.55,-0.9429,97.15,15.32,False,-1.4438,-2.011,39.07,109.38,330.03,3.295,15.205,0.0,18.5,1.078,PASS
var2_dual_continuous,Dual Continuous 90° NPNPNP,Dual Contin. 90°,200.0,600.0,CW,180.0,0.0669,11.708,18.448,1.58,0.9429,97.15,15.32,False,1.5015,2.029,40.04,112.12,330.03,3.295,15.205,0.0,18.5,1.078,PASS
var2_dual_continuous,Dual Continuous 90° NPNPNP,Dual Contin. 90°,200.0,600.0,CCW,220.0,0.0669,12.077,19.03,1.58,-0.9429,97.15,15.32,False,-1.5015,-1.987,40.04,112.12,330.03,3.295,15.205,0.0,18.5,1.078,PASS
var2_dual_continuous,Dual Continuous 90° NPNPNP,Dual Contin. 90°,200.0,1200.0,CW,160.0,0.0669,11.436,18.285,1.6,0.9429,97.15,15.32,False,1.5593,2.037,41.02,114.85,330.03,3.295,15.205,0.0,18.5,1.078,PASS
var2_dual_continuous,Dual Continuous 90° NPNPNP,Dual Contin. 90°,200.0,1200.0,CCW,240.0,0.0669,12.195,19.498,1.6,-0.9429,97.15,15.32,False,-1.5593,-1.958,41.02,114.85,330.03,3.295,15.205,0.0,18.5,1.078,PASS
var2_dual_continuous,Dual Continuous 90° NPNPNP,Dual Contin. 90°,200.0,2400.0,CW,120.0,0.0669,10.64,17.509,1.65,0.9429,97.15,15.32,False,1.6748,1.996,42.97,120.32,330.03,3.295,15.205,0.0,18.5,1.078,PASS
var2_dual_continuous,Dual Continuous 90° NPNPNP,Dual Contin. 90°,200.0,2400.0,CCW,280.0,0.0669,12.33,20.29,1.65,-0.9429,97.15,15.32,False,-1.6748,-1.896,42.97,120.32,330.03,3.295,15.205,0.0,18.5,1.078,PASS
var2_dual_continuous,Dual Continuous 90° NPNPNP,Dual Contin. 90°,300.0,0.0,CW,300.0,0.0182,12.36,19.076,1.54,0.9423,97.11,15.27,False,1.4265,1.864,38.73,108.43,490.28,3.85,14.65,0.0,18.5,1.084,PASS
var2_dual_continuous,Dual Continuous 90° NPNPNP,Dual Contin. 90°,300.0,0.0,CCW,300.0,0.0182,12.36,19.076,1.54,-0.9423,97.11,15.27,False,-1.4265,-1.864,38.73,108.43,490.28,3.85,14.65,0.0,18.5,1.084,PASS
var2_dual_continuous,Dual Continuous 90° NPNPNP,Dual Contin. 90°,300.0,600.0,CW,280.0,0.0182,12.33,19.316,1.57,0.9423,97.11,15.27,False,1.4835,1.896,39.69,111.14,490.28,3.85,14.65,0.0,18.5,1.084,PASS
var2_dual_continuous,Dual Continuous 90° NPNPNP,Dual Contin. 90°,300.0,600.0,CCW,320.0,0.0182,12.369,19.376,1.57,-0.9423,97.11,15.27,False,-1.4835,-1.832,39.69,111.14,490.28,3.85,14.65,0.0,18.5,1.084,PASS
var2_dual_continuous,Dual Continuous 90° NPNPNP,Dual Contin. 90°,300.0,1200.0,CW,260.0,0.0182,12.277,19.516,1.59,0.9423,97.11,15.27,False,1.5406,1.928,40.66,113.86,490.28,3.85,14.65,0.0,18.5,1.084,PASS
var2_dual_continuous,Dual Continuous 90° NPNPNP,Dual Contin. 90°,300.0,1200.0,CCW,340.0,0.0182,12.361,19.65,1.59,-0.9423,97.11,15.27,False,-1.5406,-1.801,40.66,113.86,490.28,3.85,14.65,0.0,18.5,1.084,PASS
var2_dual_continuous,Dual Continuous 90° NPNPNP,Dual Contin. 90°,300.0,2400.0,CW,220.0,0.0182,12.077,19.758,1.64,0.9423,97.11,15.27,False,1.6547,1.987,42.6,119.28,490.28,3.85,14.65,0.0,18.5,1.084,PASS
var2_dual_continuous,Dual Continuous 90° NPNPNP,Dual Contin. 90°,300.0,2400.0,CCW,380.0,0.0182,12.305,20.13,1.64,-0.9423,97.11,15.27,False,-1.6547,-1.74,42.6,119.28,490.28,3.85,14.65,0.0,18.5,1.084,PASS
var2_dual_continuous,Dual Continuous 90° NPNPNP,Dual Contin. 90°,500.0,0.0,CW,500.0,0.0053,11.939,18.397,1.54,0.9421,97.1,15.25,False,1.4219,1.58,38.64,108.18,815.02,3.85,14.65,0.0,18.5,1.1,PASS
var2_dual_continuous,Dual Continuous 90° NPNPNP,Dual Contin. 90°,500.0,0.0,CCW,500.0,0.0053,11.939,18.397,1.54,-0.9421,97.1,15.25,False,-1.4219,-1.58,38.64,108.18,815.02,3.85,14.65,0.0,18.5,1.1,PASS
var2_dual_continuous,Dual Continuous 90° NPNPNP,Dual Contin. 90°,500.0,600.0,CW,480.0,0.0053,12.013,18.789,1.56,0.9421,97.1,15.25,False,1.4787,1.605,39.6,110.89,815.02,3.85,14.65,0.0,18.5,1.1,PASS
var2_dual_continuous,Dual Continuous 90° NPNPNP,Dual Contin. 90°,500.0,600.0,CCW,520.0,0.0053,11.861,18.552,1.56,-0.9421,97.1,15.25,False,-1.4787,-1.557,39.6,110.89,815.02,3.85,14.65,0.0,18.5,1.1,PASS
var2_dual_continuous,Dual Continuous 90° NPNPNP,Dual Contin. 90°,500.0,1200.0,CW,460.0,0.0053,12.083,19.179,1.59,0.9421,97.1,15.25,False,1.5356,1.63,40.57,113.59,815.02,3.85,14.65,0.0,18.5,1.1,PASS
var2_dual_continuous,Dual Continuous 90° NPNPNP,Dual Contin. 90°,500.0,1200.0,CCW,540.0,0.0053,11.781,18.698,1.59,-0.9421,97.1,15.25,False,-1.5356,-1.534,40.57,113.59,815.02,3.85,14.65,0.0,18.5,1.1,PASS
var2_dual_continuous,Dual Continuous 90° NPNPNP,Dual Contin. 90°,500.0,2400.0,CW,420.0,0.0053,12.208,19.941,1.63,0.9421,97.1,15.25,False,1.6494,1.683,42.5,119.0,815.02,3.85,14.65,0.0,18.5,1.1,PASS
var2_dual_continuous,Dual Continuous 90° NPNPNP,Dual Contin. 90°,500.0,2400.0,CCW,580.0,0.0053,11.614,18.971,1.63,-0.9421,97.1,15.25,False,-1.6494,-1.492,42.5,119.0,815.02,3.85,14.65,0.0,18.5,1.1,PASS
var2_dual_continuous,Dual Continuous 90° NPNPNP,Dual Contin. 90°,1000.0,0.0,CW,1000.0,0.0012,9.857,15.182,1.54,0.942,97.1,15.25,False,1.4204,1.18,38.61,108.1,1628.73,3.85,14.65,0.0,18.5,1.14,PASS
var2_dual_continuous,Dual Continuous 90° NPNPNP,Dual Contin. 90°,1000.0,0.0,CCW,1000.0,0.0012,9.857,15.182,1.54,-0.942,97.1,15.25,False,-1.4204,-1.18,38.61,108.1,1628.73,3.85,14.65,0.0,18.5,1.14,PASS
var2_dual_continuous,Dual Continuous 90° NPNPNP,Dual Contin. 90°,1000.0,600.0,CW,980.0,0.0012,9.933,15.529,1.56,0.942,97.1,15.25,False,1.4772,1.191,39.57,110.81,1628.73,3.85,14.65,0.0,18.5,1.14,PASS
var2_dual_continuous,Dual Continuous 90° NPNPNP,Dual Contin. 90°,1000.0,600.0,CCW,1020.0,0.0012,9.782,15.292,1.56,-0.942,97.1,15.25,False,-1.4772,-1.17,39.57,110.81,1628.73,3.85,14.65,0.0,18.5,1.14,PASS
var2_dual_continuous,Dual Continuous 90° NPNPNP,Dual Contin. 90°,1000.0,1200.0,CW,960.0,0.0012,10.011,15.881,1.59,0.942,97.1,15.25,False,1.5341,1.202,40.54,113.51,1628.73,3.85,14.65,0.0,18.5,1.14,PASS
var2_dual_continuous,Dual Continuous 90° NPNPNP,Dual Contin. 90°,1000.0,1200.0,CCW,1040.0,0.0012,9.708,15.4,1.59,-0.942,97.1,15.25,False,-1.5341,-1.159,40.54,113.51,1628.73,3.85,14.65,0.0,18.5,1.14,PASS
var2_dual_continuous,Dual Continuous 90° NPNPNP,Dual Contin. 90°,1000.0,2400.0,CW,920.0,0.0012,10.168,16.601,1.63,0.942,97.1,15.25,False,1.6477,1.225,42.47,118.91,1628.73,3.85,14.65,0.0,18.5,1.14,PASS
var2_dual_continuous,Dual Continuous 90° NPNPNP,Dual Contin. 90°,1000.0,2400.0,CCW,1080.0,0.0012,9.562,15.611,1.63,-0.942,97.1,15.25,False,-1.6477,-1.139,42.47,118.91,1628.73,3.85,14.65,0.0,18.5,1.14,PASS
var3_fibonacci_24x24,Fibonacci 24x24 (Pisano mod 9),Fibonacci 24x24,25.0,0.0,CW,25.0,0.0039,5.278,8.343,1.58,0.9081,95.4,13.17,False,1.2512,0.856,41.53,118.36,37.95,1.85,16.65,0.0,18.5,1.062,PASS
var3_fibonacci_24x24,Fibonacci 24x24 (Pisano mod 9),Fibonacci 24x24,25.0,0.0,CCW,25.0,0.0039,5.278,8.343,1.58,-0.9081,95.4,13.17,False,-1.2512,-0.856,41.53,118.36,37.95,1.85,16.65,0.0,18.5,1.062,PASS
var3_fibonacci_24x24,Fibonacci 24x24 (Pisano mod 9),Fibonacci 24x24,25.0,600.0,CW,5.0,0.0039,2.428,3.895,1.6,0.9081,95.4,13.17,False,1.3013,0.19,42.57,121.32,37.95,1.85,16.65,0.0,18.5,1.062,PASS
var3_fibonacci_24x24,Fibonacci 24x24 (Pisano mod 9),Fibonacci 24x24,25.0,600.0,CCW,45.0,0.0039,6.854,10.997,1.6,-0.9081,95.4,13.17,False,-1.3013,-1.331,42.57,121.32,37.95,1.85,16.65,0.0,18.5,1.062,PASS
var3_fibonacci_24x24,Fibonacci 24x24 (Pisano mod 9),Fibonacci 24x24,25.0,1200.0,CW,15.0,0.0039,4.15,6.757,1.63,0.9081,95.4,13.17,False,1.3513,0.546,43.61,124.27,37.95,1.85,16.65,0.0,18.5,1.062,PASS
var3_fibonacci_24x24,Fibonacci 24x24 (Pisano mod 9),Fibonacci 24x24,25.0,1200.0,CCW,65.0,0.0039,7.957,12.955,1.63,-0.9081,95.4,13.17,False,-1.3513,-1.642,43.61,124.27,37.95,1.85,16.65,0.0,18.5,1.062,PASS
var3_fibonacci_24x24,Fibonacci 24x24 (Pisano mod 9),Fibonacci 24x24,25.0,2400.0,CW,55.0,0.0039,7.449,12.481,1.68,0.9081,95.4,13.17,False,1.4514,1.504,45.68,130.19,37.95,1.85,16.65,0.0,18.5,1.062,PASS
var3_fibonacci_24x24,Fibonacci 24x24 (Pisano mod 9),Fibonacci 24x24,25.0,2400.0,CCW,105.0,0.0039,9.415,15.775,1.68,-0.9081,95.4,13.17,False,-1.4514,-1.947,45.68,130.19,37.95,1.85,16.65,0.0,18.5,1.062,PASS
var3_fibonacci_24x24,Fibonacci 24x24 (Pisano mod 9),Fibonacci 24x24,50.0,0.0,CW,50.0,0.0203,7.163,11.346,1.58,0.9083,95.41,13.18,False,1.2564,1.422,41.65,118.71,76.14,1.85,16.65,0.0,18.5,1.065,PASS
var3_fibonacci_24x24,Fibonacci 24x24 (Pisano mod 9),Fibonacci 24x24,50.0,0.0,CCW,50.0,0.0203,7.163,11.346,1.58,-0.9083,95.41,13.18,False,-1.2564,-1.422,41.65,118.71,76.14,1.85,16.65,0.0,18.5,1.065,PASS
var3_fibonacci_24x24,Fibonacci 24x24 (Pisano mod 9),Fibonacci 24x24,50.0,600.0,CW,30.0,0.0203,5.737,9.222,1.61,0.9083,95.41,13.18,False,1.3066,0.992,42.69,121.68,76.14,1.85,16.65,0.0,18.5,1.065,PASS
var3_fibonacci_24x24,Fibonacci 24x24 (Pisano mod 9),Fibonacci 24x24,50.0,600.0,CCW,70.0,0.0203,8.185,13.158,1.61,-0.9083,95.41,13.18,False,-1.3066,-1.7,42.69,121.68,76.14,1.85,16.65,0.0,18.5,1.065,PASS
var3_fibonacci_24x24,Fibonacci 24x24 (Pisano mod 9),Fibonacci 24x24,50.0,1200.0,CW,10.0,0.0203,3.412,5.566,1.63,0.9083,95.41,13.18,False,1.3569,0.373,43.73,124.64,76.14,1.85,16.65,0.0,18.5,1.065,PASS
var3_fibonacci_24x24,Fibonacci 24x24 (Pisano mod 9),Fibonacci 24x24,50.0,1200.0,CCW,90.0,0.0203,8.955,14.609,1.63,-0.9083,95.41,13.18,False,-1.3569,-1.869,43.73,124.64,76.14,1.85,16.65,0.0,18.5,1.065,PASS
var3_fibonacci_24x24,Fibonacci 24x24 (Pisano mod 9),Fibonacci 24x24,50.0,2400.0,CW,30.0,0.0203,5.737,9.631,1.68,0.9083,95.41,13.18,False,1.4574,0.992,45.82,130.58,76.14,1.85,16.65,0.0,18.5,1.065,PASS
var3_fibonacci_24x24,Fibonacci 24x24 (Pisano mod 9),Fibonacci 24x24,50.0,2400.0,CCW,130.0,0.0203,10.014,16.813,1.68,-0.9083,95.41,13.18,False,-1.4574,-2.016,45.82,130.58,76.14,1.85,16.65,0.0,18.5,1.065,PASS
var3_fibonacci_24x24,Fibonacci 24x24 (Pisano mod 9),Fibonacci 24x24,80.0,0.0,CW,80.0,0.1052,8.596,13.753,1.6,0.9094,95.47,13.24,False,1.2829,1.795,42.29,120.51,123.89,1.85,16.65,0.0,18.5,1.069,PASS
var3_fibonacci_24x24,Fibonacci 24x24 (Pisano mod 9),Fibonacci 24x24,80.0,0.0,CCW,80.0,0.1052,8.596,13.753,1.6,-0.9094,95.47,13.24,False,-1.2829,-1.795,42.29,120.51,123.89,1.85,16.65,0.0,18.5,1.069,PASS
var3_fibonacci_24x24,Fibonacci 24x24 (Pisano mod 9),Fibonacci 24x24,80.0,600.0,CW,60.0,0.1052,7.712,12.524,1.62,0.9094,95.47,13.24,False,1.3342,1.577,43.34,123.53,123.89,1.85,16.65,0.0,18.5,1.069,PASS
var3_fibonacci_24x24,Fibonacci 24x24 (Pisano mod 9),Fibonacci 24x24,80.0,600.0,CCW,100.0,0.1052,9.271,15.056,1.62,-0.9094,95.47,13.24,False,-1.3342,-1.925,43.34,123.53,123.89,1.85,16.65,0.0,18.5,1.069,PASS
var3_fibonacci_24x24,Fibonacci 24x24 (Pisano mod 9),Fibonacci 24x24,80.0,1200.0,CW,40.0,0.1052,6.516,10.739,1.65,0.9094,95.47,13.24,False,1.3855,1.229,44.4,126.54,123.89,1.85,16.65,0.0,18.5,1.069,PASS
var3_fibonacci_24x24,Fibonacci 24x24 (Pisano mod 9),Fibonacci 24x24,80.0,1200.0,CCW,120.0,0.1052,9.796,16.143,1.65,-0.9094,95.47,13.24,False,-1.3855,-1.996,44.4,126.54,123.89,1.85,16.65,0.0,18.5,1.069,PASS
var3_fibonacci_24x24,Fibonacci 24x24 (Pisano mod 9),Fibonacci 24x24,80.0,2400.0,CW,0.0,0.1052,0.345,0.585,1.7,0.9094,95.47,13.24,False,1.4881,0.0,46.51,132.57,123.89,1.85,16.65,0.0,18.5,1.069,PASS
var3_fibonacci_24x24,Fibonacci 24x24 (Pisano mod 9),Fibonacci 24x24,80.0,2400.0,CCW,160.0,0.1052,10.529,17.856,1.7,-0.9094,95.47,13.24,False,-1.4881,-2.037,46.51,132.57,123.89,1.85,16.65,0.0,18.5,1.069,PASS
var3_fibonacci_24x24,Fibonacci 24x24 (Pisano mod 9),Fibonacci 24x24,100.0,0.0,CW,100.0,0.3778,9.271,15.313,1.65,0.9131,95.66,13.43,False,1.3681,1.925,44.32,126.32,163.13,2.003,16.497,0.0,18.5,1.077,PASS
var3_fibonacci_24x24,Fibonacci 24x24 (Pisano mod 9),Fibonacci 24x24,100.0,0.0,CCW,100.0,0.3778,9.271,15.313,1.65,-0.9131,95.66,13.43,False,-1.3681,-1.925,44.32,126.32,163.13,2.003,16.497,0.0,18.5,1.077,PASS
var3_fibonacci_24x24,Fibonacci 24x24 (Pisano mod 9),Fibonacci 24x24,100.0,600.0,CW,80.0,0.3778,8.596,14.41,1.68,0.9131,95.66,13.43,False,1.4228,1.795,45.43,129.48,163.13,2.003,16.497,0.0,18.5,1.077,PASS
var3_fibonacci_24x24,Fibonacci 24x24 (Pisano mod 9),Fibonacci 24x24,100.0,600.0,CCW,120.0,0.3778,9.796,16.422,1.68,-0.9131,95.66,13.43,False,-1.4228,-1.996,45.43,129.48,163.13,2.003,16.497,0.0,18.5,1.077,PASS
var3_fibonacci_24x24,Fibonacci 24x24 (Pisano mod 9),Fibonacci 24x24,100.0,1200.0,CW,60.0,0.3778,7.712,13.12,1.7,0.9131,95.66,13.43,False,1.4775,1.577,46.54,132.63,163.13,2.003,16.497,0.0,18.5,1.077,PASS
var3_fibonacci_24x24,Fibonacci 24x24 (Pisano mod 9),Fibonacci 24x24,100.0,1200.0,CCW,140.0,0.3778,10.207,17.364,1.7,-0.9131,95.66,13.43,False,-1.4775,-2.029,46.54,132.63,163.13,2.003,16.497,0.0,18.5,1.077,PASS
var3_fibonacci_24x24,Fibonacci 24x24 (Pisano mod 9),Fibonacci 24x24,100.0,2400.0,CW,20.0,0.3778,4.757,8.329,1.75,0.9131,95.66,13.43,False,1.587,0.707,48.75,138.95,163.13,2.003,16.497,0.0,18.5,1.077,PASS
var3_fibonacci_24x24,Fibonacci 24x24 (Pisano mod 9),Fibonacci 24x24,100.0,2400.0,CCW,180.0,0.3778,10.78,18.872,1.75,-0.9131,95.66,13.43,False,-1.587,-2.029,48.75,138.95,163.13,2.003,16.497,0.0,18.5,1.077,PASS
var3_fibonacci_24x24,Fibonacci 24x24 (Pisano mod 9),Fibonacci 24x24,120.0,0.0,CW,120.0,1.0,9.796,17.335,1.77,0.9216,96.08,13.89,False,1.5625,1.996,48.97,139.56,218.4,2.55,15.95,0.0,18.5,1.095,PASS
var3_fibonacci_24x24,Fibonacci 24x24 (Pisano mod 9),Fibonacci 24x24,120.0,0.0,CCW,120.0,1.0,9.796,17.335,1.77,-0.9216,96.08,13.89,False,-1.5625,-1.996,48.97,139.56,218.4,2.55,15.95,0.0,18.5,1.095,PASS
var3_fibonacci_24x24,Fibonacci 24x24 (Pisano mod 9),Fibonacci 24x24,120.0,600.0,CW,100.0,1.0,9.271,16.652,1.8,0.9216,96.08,13.89,False,1.625,1.925,50.19,143.05,218.4,2.55,15.95,0.0,18.5,1.095,PASS
var3_fibonacci_24x24,Fibonacci 24x24 (Pisano mod 9),Fibonacci 24x24,120.0,600.0,CCW,140.0,1.0,10.207,18.333,1.8,-0.9216,96.08,13.89,False,-1.625,-2.029,50.19,143.05,218.4,2.55,15.95,0.0,18.5,1.095,PASS
var3_fibonacci_24x24,Fibonacci 24x24 (Pisano mod 9),Fibonacci 24x24,120.0,1200.0,CW,80.0,1.0,8.596,15.667,1.82,0.9216,96.08,13.89,False,1.6875,1.795,51.42,146.54,218.4,2.55,15.95,0.0,18.5,1.095,PASS
var3_fibonacci_24x24,Fibonacci 24x24 (Pisano mod 9),Fibonacci 24x24,120.0,1200.0,CCW,160.0,1.0,10.529,19.191,1.82,-0.9216,96.08,13.89,False,-1.6875,-2.037,51.42,146.54,218.4,2.55,15.95,0.0,18.5,1.095,PASS
var3_fibonacci_24x24,Fibonacci 24x24 (Pisano mod 9),Fibonacci 24x24,120.0,2400.0,CW,40.0,1.0,6.516,12.223,1.88,0.9216,96.08,13.89,False,1.8125,1.229,53.87,153.52,218.4,2.55,15.95,0.0,18.5,1.095,PASS
var3_fibonacci_24x24,Fibonacci 24x24 (Pisano mod 9),Fibonacci 24x24,120.0,2400.0,CCW,200.0,1.0,10.973,20.583,1.88,-0.9216,96.08,13.89,False,-1.8125,-2.011,53.87,153.52,218.4,2.55,15.95,0.0,18.5,1.095,PASS
var3_fibonacci_24x24,Fibonacci 24x24 (Pisano mod 9),Fibonacci 24x24,150.0,0.0,CW,150.0,0.2873,10.378,16.962,1.63,0.9119,95.6,13.37,False,1.3398,2.036,43.65,124.39,240.57,2.697,15.803,0.0,18.5,1.079,PASS
var3_fibonacci_24x24,Fibonacci 24x24 (Pisano mod 9),Fibonacci 24x24,150.0,0.0,CCW,150.0,0.2873,10.378,16.962,1.63,-0.9119,95.6,13.37,False,-1.3398,-2.036,43.65,124.39,240.57,2.697,15.803,0.0,18.5,1.079,PASS
var3_fibonacci_24x24,Fibonacci 24x24 (Pisano mod 9),Fibonacci 24x24,150.0,600.0,CW,130.0,0.2873,10.014,16.613,1.66,0.9119,95.6,13.37,False,1.3934,2.016,44.74,127.5,240.57,2.697,15.803,0.0,18.5,1.079,PASS
var3_fibonacci_24x24,Fibonacci 24x24 (Pisano mod 9),Fibonacci 24x24,150.0,600.0,CCW,170.0,0.2873,10.662,17.688,1.66,-0.9119,95.6,13.37,False,-1.3934,-2.035,44.74,127.5,240.57,2.697,15.803,0.0,18.5,1.079,PASS
var3_fibonacci_24x24,Fibonacci 24x24 (Pisano mod 9),Fibonacci 24x24,150.0,1200.0,CW,110.0,0.2873,9.55,16.077,1.68,0.9119,95.6,13.37,False,1.447,1.966,45.83,130.61,240.57,2.697,15.803,0.0,18.5,1.079,PASS
var3_fibonacci_24x24,Fibonacci 24x24 (Pisano mod 9),Fibonacci 24x24,150.0,1200.0,CCW,190.0,0.2873,10.883,18.321,1.68,-0.9119,95.6,13.37,False,-1.447,-2.021,45.83,130.61,240.57,2.697,15.803,0.0,18.5,1.079,PASS
var3_fibonacci_24x24,Fibonacci 24x24 (Pisano mod 9),Fibonacci 24x24,150.0,2400.0,CW,70.0,0.2873,8.185,14.181,1.73,0.9119,95.6,13.37,False,1.5541,1.7,48.01,136.83,240.57,2.697,15.803,0.0,18.5,1.079,PASS
var3_fibonacci_24x24,Fibonacci 24x24 (Pisano mod 9),Fibonacci 24x24,150.0,2400.0,CCW,230.0,0.2873,11.178,19.366,1.73,-0.9119,95.6,13.37,False,-1.5541,-1.973,48.01,136.83,240.57,2.697,15.803,0.0,18.5,1.079,PASS
var3_fibonacci_24x24,Fibonacci 24x24 (Pisano mod 9),Fibonacci 24x24,200.0,0.0,CW,200.0,0.0669,10.973,17.476,1.59,0.9089,95.45,13.21,False,1.2709,2.011,42.0,119.7,307.39,3.295,15.205,0.0,18.5,1.078,PASS
var3_fibonacci_24x24,Fibonacci 24x24 (Pisano mod 9),Fibonacci 24x24,200.0,0.0,CCW,200.0,0.0669,10.973,17.476,1.59,-0.9089,95.45,13.21,False,-1.2709,-2.011,42.0,119.7,307.39,3.295,15.205,0.0,18.5,1.078,PASS
var3_fibonacci_24x24,Fibonacci 24x24 (Pisano mod 9),Fibonacci 24x24,200.0,600.0,CW,180.0,0.0669,10.78,17.426,1.62,0.9089,95.45,13.21,False,1.3218,2.029,43.05,122.69,307.39,3.295,15.205,0.0,18.5,1.078,PASS
var3_fibonacci_24x24,Fibonacci 24x24 (Pisano mod 9),Fibonacci 24x24,200.0,600.0,CCW,220.0,0.0669,11.119,17.975,1.62,-0.9089,95.45,13.21,False,-1.3218,-1.987,43.05,122.69,307.39,3.295,15.205,0.0,18.5,1.078,PASS
var3_fibonacci_24x24,Fibonacci 24x24 (Pisano mod 9),Fibonacci 24x24,200.0,1200.0,CW,160.0,0.0669,10.529,17.272,1.64,0.9089,95.45,13.21,False,1.3726,2.037,44.1,125.69,307.39,3.295,15.205,0.0,18.5,1.078,PASS
var3_fibonacci_24x24,Fibonacci 24x24 (Pisano mod 9),Fibonacci 24x24,200.0,1200.0,CCW,240.0,0.0669,11.227,18.418,1.64,-0.9089,95.45,13.21,False,-1.3726,-1.958,44.1,125.69,307.39,3.295,15.205,0.0,18.5,1.078,PASS
var3_fibonacci_24x24,Fibonacci 24x24 (Pisano mod 9),Fibonacci 24x24,200.0,2400.0,CW,120.0,0.0669,9.796,16.538,1.69,0.9089,95.45,13.21,False,1.4743,1.996,46.2,131.67,307.39,3.295,15.205,0.0,18.5,1.078,PASS
var3_fibonacci_24x24,Fibonacci 24x24 (Pisano mod 9),Fibonacci 24x24,200.0,2400.0,CCW,280.0,0.0669,11.352,19.166,1.69,-0.9089,95.45,13.21,False,-1.4743,-1.896,46.2,131.67,307.39,3.295,15.205,0.0,18.5,1.078,PASS
var3_fibonacci_24x24,Fibonacci 24x24 (Pisano mod 9),Fibonacci 24x24,300.0,0.0,CW,300.0,0.0182,11.379,18.019,1.58,0.9082,95.41,13.18,False,1.2557,1.864,41.64,118.66,456.65,3.85,14.65,0.0,18.5,1.084,PASS
var3_fibonacci_24x24,Fibonacci 24x24 (Pisano mod 9),Fibonacci 24x24,300.0,0.0,CCW,300.0,0.0182,11.379,18.019,1.58,-0.9082,95.41,13.18,False,-1.2557,-1.864,41.64,118.66,456.65,3.85,14.65,0.0,18.5,1.084,PASS
var3_fibonacci_24x24,Fibonacci 24x24 (Pisano mod 9),Fibonacci 24x24,300.0,600.0,CW,280.0,0.0182,11.352,18.245,1.61,0.9082,95.41,13.18,False,1.3059,1.896,42.68,121.63,456.65,3.85,14.65,0.0,18.5,1.084,PASS
var3_fibonacci_24x24,Fibonacci 24x24 (Pisano mod 9),Fibonacci 24x24,300.0,600.0,CCW,320.0,0.0182,11.388,18.302,1.61,-0.9082,95.41,13.18,False,-1.3059,-1.832,42.68,121.63,456.65,3.85,14.65,0.0,18.5,1.084,PASS
var3_fibonacci_24x24,Fibonacci 24x24 (Pisano mod 9),Fibonacci 24x24,300.0,1200.0,CW,260.0,0.0182,11.303,18.435,1.63,0.9082,95.41,13.18,False,1.3561,1.928,43.72,124.6,456.65,3.85,14.65,0.0,18.5,1.084,PASS
var3_fibonacci_24x24,Fibonacci 24x24 (Pisano mod 9),Fibonacci 24x24,300.0,1200.0,CCW,340.0,0.0182,11.38,18.561,1.63,-0.9082,95.41,13.18,False,-1.3561,-1.801,43.72,124.6,456.65,3.85,14.65,0.0,18.5,1.084,PASS
var3_fibonacci_24x24,Fibonacci 24x24 (Pisano mod 9),Fibonacci 24x24,300.0,2400.0,CW,220.0,0.0182,11.119,18.663,1.68,0.9082,95.41,13.18,False,1.4566,1.987,45.8,130.53,456.65,3.85,14.65,0.0,18.5,1.084,PASS
var3_fibonacci_24x24,Fibonacci 24x24 (Pisano mod 9),Fibonacci 24x24,300.0,2400.0,CCW,380.0,0.0182,11.329,19.015,1.68,-0.9082,95.41,13.18,False,-1.4566,-1.74,45.8,130.53,456.65,3.85,14.65,0.0,18.5,1.084,PASS
var3_fibonacci_24x24,Fibonacci 24x24 (Pisano mod 9),Fibonacci 24x24,500.0,0.0,CW,500.0,0.0053,10.992,17.378,1.58,0.9081,95.4,13.17,False,1.2516,1.58,41.54,118.39,759.13,3.85,14.65,0.0,18.5,1.1,PASS
var3_fibonacci_24x24,Fibonacci 24x24 (Pisano mod 9),Fibonacci 24x24,500.0,0.0,CCW,500.0,0.0053,10.992,17.378,1.58,-0.9081,95.4,13.17,False,-1.2516,-1.58,41.54,118.39,759.13,3.85,14.65,0.0,18.5,1.1,PASS
var3_fibonacci_24x24,Fibonacci 24x24 (Pisano mod 9),Fibonacci 24x24,500.0,600.0,CW,480.0,0.0053,11.06,17.748,1.6,0.9081,95.4,13.17,False,1.3017,1.605,42.58,121.35,759.13,3.85,14.65,0.0,18.5,1.1,PASS
var3_fibonacci_24x24,Fibonacci 24x24 (Pisano mod 9),Fibonacci 24x24,500.0,600.0,CCW,520.0,0.0053,10.92,17.524,1.6,-0.9081,95.4,13.17,False,-1.3017,-1.557,42.58,121.35,759.13,3.85,14.65,0.0,18.5,1.1,PASS
var3_fibonacci_24x24,Fibonacci 24x24 (Pisano mod 9),Fibonacci 24x24,500.0,1200.0,CW,460.0,0.0053,11.125,18.116,1.63,0.9081,95.4,13.17,False,1.3518,1.63,43.62,124.31,759.13,3.85,14.65,0.0,18.5,1.1,PASS
var3_fibonacci_24x24,Fibonacci 24x24 (Pisano mod 9),Fibonacci 24x24,500.0,1200.0,CCW,540.0,0.0053,10.846,17.662,1.63,-0.9081,95.4,13.17,False,-1.3518,-1.534,43.62,124.31,759.13,3.85,14.65,0.0,18.5,1.1,PASS
var3_fibonacci_24x24,Fibonacci 24x24 (Pisano mod 9),Fibonacci 24x24,500.0,2400.0,CW,420.0,0.0053,11.24,18.836,1.68,0.9081,95.4,13.17,False,1.4519,1.683,45.69,130.23,759.13,3.85,14.65,0.0,18.5,1.1,PASS
var3_fibonacci_24x24,Fibonacci 24x24 (Pisano mod 9),Fibonacci 24x24,500.0,2400.0,CCW,580.0,0.0053,10.693,17.92,1.68,-0.9081,95.4,13.17,False,-1.4519,-1.492,45.69,130.23,759.13,3.85,14.65,0.0,18.5,1.1,PASS
var3_fibonacci_24x24,Fibonacci 24x24 (Pisano mod 9),Fibonacci 24x24,1000.0,0.0,CW,1000.0,0.0012,9.075,14.341,1.58,0.908,95.4,13.17,False,1.2504,1.18,41.51,118.3,1517.03,3.85,14.65,0.0,18.5,1.14,PASS
var3_fibonacci_24x24,Fibonacci 24x24 (Pisano mod 9),Fibonacci 24x24,1000.0,0.0,CCW,1000.0,0.0012,9.075,14.341,1.58,-0.908,95.4,13.17,False,-1.2504,-1.18,41.51,118.3,1517.03,3.85,14.65,0.0,18.5,1.14,PASS
var3_fibonacci_24x24,Fibonacci 24x24 (Pisano mod 9),Fibonacci 24x24,1000.0,600.0,CW,980.0,0.0012,9.145,14.669,1.6,0.908,95.4,13.17,False,1.3004,1.191,42.55,121.26,1517.03,3.85,14.65,0.0,18.5,1.14,PASS
var3_fibonacci_24x24,Fibonacci 24x24 (Pisano mod 9),Fibonacci 24x24,1000.0,600.0,CCW,1020.0,0.0012,9.006,14.445,1.6,-0.908,95.4,13.17,False,-1.3004,-1.17,42.55,121.26,1517.03,3.85,14.65,0.0,18.5,1.14,PASS
var3_fibonacci_24x24,Fibonacci 24x24 (Pisano mod 9),Fibonacci 24x24,1000.0,1200.0,CW,960.0,0.0012,9.217,15.001,1.63,0.908,95.4,13.17,False,1.3504,1.202,43.58,124.22,1517.03,3.85,14.65,0.0,18.5,1.14,PASS
var3_fibonacci_24x24,Fibonacci 24x24 (Pisano mod 9),Fibonacci 24x24,1000.0,1200.0,CCW,1040.0,0.0012,8.938,14.547,1.63,-0.908,95.4,13.17,False,-1.3504,-1.159,43.58,124.22,1517.03,3.85,14.65,0.0,18.5,1.14,PASS
var3_fibonacci_24x24,Fibonacci 24x24 (Pisano mod 9),Fibonacci 24x24,1000.0,2400.0,CW,920.0,0.0012,9.362,15.681,1.68,0.908,95.4,13.17,False,1.4504,1.225,45.66,130.13,1517.03,3.85,14.65,0.0,18.5,1.14,PASS
var3_fibonacci_24x24,Fibonacci 24x24 (Pisano mod 9),Fibonacci 24x24,1000.0,2400.0,CCW,1080.0,0.0012,8.804,14.746,1.68,-0.908,95.4,13.17,False,-1.4504,-1.139,45.66,130.13,1517.03,3.85,14.65,0.0,18.5,1.14,PASS
var4_triskelion_hexagram,Triskelion 3-Lobe Hexagram,Triskelion Hex.,25.0,0.0,CW,25.0,0.0039,4.896,7.935,1.62,0.785,89.25,9.19,False,1.1811,0.856,56.44,155.21,34.57,1.85,16.65,0.0,18.5,1.062,PASS
var4_triskelion_hexagram,Triskelion 3-Lobe Hexagram,Triskelion Hex.,25.0,0.0,CCW,25.0,0.0039,4.896,7.935,1.62,-0.785,89.25,9.19,False,-1.1811,-0.856,56.44,155.21,34.57,1.85,16.65,0.0,18.5,1.062,PASS
var4_triskelion_hexagram,Triskelion 3-Lobe Hexagram,Triskelion Hex.,25.0,600.0,CW,5.0,0.0039,2.252,3.705,1.65,0.785,89.25,9.19,False,1.2284,0.19,57.85,159.09,34.57,1.85,16.65,0.0,18.5,1.062,PASS
var4_triskelion_hexagram,Triskelion 3-Lobe Hexagram,Triskelion Hex.,25.0,600.0,CCW,45.0,0.0039,6.358,10.459,1.65,-0.785,89.25,9.19,False,-1.2284,-1.331,57.85,159.09,34.57,1.85,16.65,0.0,18.5,1.062,PASS
var4_triskelion_hexagram,Triskelion 3-Lobe Hexagram,Triskelion Hex.,25.0,1200.0,CW,15.0,0.0039,3.85,6.426,1.67,0.785,89.25,9.19,False,1.2756,0.546,59.26,162.97,34.57,1.85,16.65,0.0,18.5,1.062,PASS
var4_triskelion_hexagram,Triskelion 3-Lobe Hexagram,Triskelion Hex.,25.0,1200.0,CCW,65.0,0.0039,7.381,12.322,1.67,-0.785,89.25,9.19,False,-1.2756,-1.642,59.26,162.97,34.57,1.85,16.65,0.0,18.5,1.062,PASS
var4_triskelion_hexagram,Triskelion 3-Lobe Hexagram,Triskelion Hex.,25.0,2400.0,CW,55.0,0.0039,6.909,11.87,1.72,0.785,89.25,9.19,False,1.3701,1.504,62.08,170.73,34.57,1.85,16.65,0.0,18.5,1.062,PASS
var4_triskelion_hexagram,Triskelion 3-Lobe Hexagram,Triskelion Hex.,25.0,2400.0,CCW,105.0,0.0039,8.733,15.003,1.72,-0.785,89.25,9.19,False,-1.3701,-1.947,62.08,170.73,34.57,1.85,16.65,0.0,18.5,1.062,PASS
var4_triskelion_hexagram,Triskelion 3-Lobe Hexagram,Triskelion Hex.,50.0,0.0,CW,50.0,0.0203,6.645,10.791,1.62,0.7852,89.26,9.2,False,1.186,1.422,56.61,155.67,69.36,1.85,16.65,0.0,18.5,1.065,PASS
var4_triskelion_hexagram,Triskelion 3-Lobe Hexagram,Triskelion Hex.,50.0,0.0,CCW,50.0,0.0203,6.645,10.791,1.62,-0.7852,89.26,9.2,False,-1.186,-1.422,56.61,155.67,69.36,1.85,16.65,0.0,18.5,1.065,PASS
var4_triskelion_hexagram,Triskelion 3-Lobe Hexagram,Triskelion Hex.,50.0,600.0,CW,30.0,0.0203,5.321,8.771,1.65,0.7852,89.26,9.2,False,1.2334,0.992,58.02,159.56,69.36,1.85,16.65,0.0,18.5,1.065,PASS
var4_triskelion_hexagram,Triskelion 3-Lobe Hexagram,Triskelion Hex.,50.0,600.0,CCW,70.0,0.0203,7.592,12.514,1.65,-0.7852,89.26,9.2,False,-1.2334,-1.7,58.02,159.56,69.36,1.85,16.65,0.0,18.5,1.065,PASS
var4_triskelion_hexagram,Triskelion 3-Lobe Hexagram,Triskelion Hex.,50.0,1200.0,CW,10.0,0.0203,3.165,5.294,1.67,0.7852,89.26,9.2,False,1.2809,0.373,59.44,163.45,69.36,1.85,16.65,0.0,18.5,1.065,PASS
var4_triskelion_hexagram,Triskelion 3-Lobe Hexagram,Triskelion Hex.,50.0,1200.0,CCW,90.0,0.0203,8.307,13.894,1.67,-0.7852,89.26,9.2,False,-1.2809,-1.869,59.44,163.45,69.36,1.85,16.65,0.0,18.5,1.065,PASS
var4_triskelion_hexagram,Triskelion 3-Lobe Hexagram,Triskelion Hex.,50.0,2400.0,CW,30.0,0.0203,5.321,9.16,1.72,0.7852,89.26,9.2,False,1.3758,0.992,62.27,171.23,69.36,1.85,16.65,0.0,18.5,1.065,PASS
var4_triskelion_hexagram,Triskelion 3-Lobe Hexagram,Triskelion Hex.,50.0,2400.0,CCW,130.0,0.0203,9.289,15.99,1.72,-0.7852,89.26,9.2,False,-1.3758,-2.016,62.27,171.23,69.36,1.85,16.65,0.0,18.5,1.065,PASS
var4_triskelion_hexagram,Triskelion 3-Lobe Hexagram,Triskelion Hex.,80.0,0.0,CW,80.0,0.1052,7.973,13.08,1.64,0.7862,89.31,9.22,False,1.211,1.795,57.47,158.04,112.86,1.85,16.65,0.0,18.5,1.069,PASS
var4_triskelion_hexagram,Triskelion 3-Lobe Hexagram,Triskelion Hex.,80.0,0.0,CCW,80.0,0.1052,7.973,13.08,1.64,-0.7862,89.31,9.22,False,-1.211,-1.795,57.47,158.04,112.86,1.85,16.65,0.0,18.5,1.069,PASS
var4_triskelion_hexagram,Triskelion 3-Lobe Hexagram,Triskelion Hex.,80.0,600.0,CW,60.0,0.1052,7.154,11.912,1.67,0.7862,89.31,9.22,False,1.2595,1.577,58.9,161.99,112.86,1.85,16.65,0.0,18.5,1.069,PASS
var4_triskelion_hexagram,Triskelion 3-Lobe Hexagram,Triskelion Hex.,80.0,600.0,CCW,100.0,0.1052,8.6,14.319,1.67,-0.7862,89.31,9.22,False,-1.2595,-1.925,58.9,161.99,112.86,1.85,16.65,0.0,18.5,1.069,PASS
var4_triskelion_hexagram,Triskelion 3-Lobe Hexagram,Triskelion Hex.,80.0,1200.0,CW,40.0,0.1052,6.045,10.213,1.69,0.7862,89.31,9.22,False,1.3079,1.229,60.34,165.94,112.86,1.85,16.65,0.0,18.5,1.069,PASS
var4_triskelion_hexagram,Triskelion 3-Lobe Hexagram,Triskelion Hex.,80.0,1200.0,CCW,120.0,0.1052,9.087,15.354,1.69,-0.7862,89.31,9.22,False,-1.3079,-1.996,60.34,165.94,112.86,1.85,16.65,0.0,18.5,1.069,PASS
var4_triskelion_hexagram,Triskelion 3-Lobe Hexagram,Triskelion Hex.,80.0,2400.0,CW,0.0,0.1052,0.32,0.556,1.74,0.7862,89.31,9.22,False,1.4048,0.0,63.21,173.84,112.86,1.85,16.65,0.0,18.5,1.069,PASS
var4_triskelion_hexagram,Triskelion 3-Lobe Hexagram,Triskelion Hex.,80.0,2400.0,CCW,160.0,0.1052,9.766,16.983,1.74,-0.7862,89.31,9.22,False,-1.4048,-2.037,63.21,173.84,112.86,1.85,16.65,0.0,18.5,1.069,PASS
var4_triskelion_hexagram,Triskelion 3-Lobe Hexagram,Triskelion Hex.,100.0,0.0,CW,100.0,0.3778,8.6,14.563,1.69,0.7894,89.47,9.29,False,1.2914,1.925,60.24,165.65,148.61,2.003,16.497,0.0,18.5,1.077,PASS
var4_triskelion_hexagram,Triskelion 3-Lobe Hexagram,Triskelion Hex.,100.0,0.0,CCW,100.0,0.3778,8.6,14.563,1.69,-0.7894,89.47,9.29,False,-1.2914,-1.925,60.24,165.65,148.61,2.003,16.497,0.0,18.5,1.077,PASS
var4_triskelion_hexagram,Triskelion 3-Lobe Hexagram,Triskelion Hex.,100.0,600.0,CW,80.0,0.3778,7.973,13.705,1.72,0.7894,89.47,9.29,False,1.3431,1.795,61.74,169.79,148.61,2.003,16.497,0.0,18.5,1.077,PASS
var4_triskelion_hexagram,Triskelion 3-Lobe Hexagram,Triskelion Hex.,100.0,600.0,CCW,120.0,0.3778,9.087,15.619,1.72,-0.7894,89.47,9.29,False,-1.3431,-1.996,61.74,169.79,148.61,2.003,16.497,0.0,18.5,1.077,PASS
var4_triskelion_hexagram,Triskelion 3-Lobe Hexagram,Triskelion Hex.,100.0,1200.0,CW,60.0,0.3778,7.154,12.478,1.74,0.7894,89.47,9.29,False,1.3948,1.577,63.25,173.93,148.61,2.003,16.497,0.0,18.5,1.077,PASS
var4_triskelion_hexagram,Triskelion 3-Lobe Hexagram,Triskelion Hex.,100.0,1200.0,CCW,140.0,0.3778,9.468,16.514,1.74,-0.7894,89.47,9.29,False,-1.3948,-2.029,63.25,173.93,148.61,2.003,16.497,0.0,18.5,1.077,PASS
var4_triskelion_hexagram,Triskelion 3-Lobe Hexagram,Triskelion Hex.,100.0,2400.0,CW,20.0,0.3778,4.413,7.921,1.8,0.7894,89.47,9.29,False,1.4981,0.707,66.26,182.21,148.61,2.003,16.497,0.0,18.5,1.077,PASS
var4_triskelion_hexagram,Triskelion 3-Lobe Hexagram,Triskelion Hex.,100.0,2400.0,CCW,180.0,0.3778,9.999,17.949,1.8,-0.7894,89.47,9.29,False,-1.4981,-2.029,66.26,182.21,148.61,2.003,16.497,0.0,18.5,1.077,PASS
var4_triskelion_hexagram,Triskelion 3-Lobe Hexagram,Triskelion Hex.,120.0,0.0,CW,120.0,1.0,9.087,16.487,1.81,0.7968,89.84,9.47,False,1.475,1.996,66.55,183.02,198.96,2.55,15.95,0.0,18.5,1.095,PASS
var4_triskelion_hexagram,Triskelion 3-Lobe Hexagram,Triskelion Hex.,120.0,0.0,CCW,120.0,1.0,9.087,16.487,1.81,-0.7968,89.84,9.47,False,-1.475,-1.996,66.55,183.02,198.96,2.55,15.95,0.0,18.5,1.095,PASS
var4_triskelion_hexagram,Triskelion 3-Lobe Hexagram,Triskelion Hex.,120.0,600.0,CW,100.0,1.0,8.6,15.838,1.84,0.7968,89.84,9.47,False,1.534,1.925,68.22,187.59,198.96,2.55,15.95,0.0,18.5,1.095,PASS
var4_triskelion_hexagram,Triskelion 3-Lobe Hexagram,Triskelion Hex.,120.0,600.0,CCW,140.0,1.0,9.468,17.436,1.84,-0.7968,89.84,9.47,False,-1.534,-2.029,68.22,187.59,198.96,2.55,15.95,0.0,18.5,1.095,PASS
var4_triskelion_hexagram,Triskelion 3-Lobe Hexagram,Triskelion Hex.,120.0,1200.0,CW,80.0,1.0,7.973,14.901,1.87,0.7968,89.84,9.47,False,1.593,1.795,69.88,192.17,198.96,2.55,15.95,0.0,18.5,1.095,PASS
var4_triskelion_hexagram,Triskelion 3-Lobe Hexagram,Triskelion Hex.,120.0,1200.0,CCW,160.0,1.0,9.766,18.252,1.87,-0.7968,89.84,9.47,False,-1.593,-2.037,69.88,192.17,198.96,2.55,15.95,0.0,18.5,1.095,PASS
var4_triskelion_hexagram,Triskelion 3-Lobe Hexagram,Triskelion Hex.,120.0,2400.0,CW,40.0,1.0,6.045,11.625,1.92,0.7968,89.84,9.47,False,1.711,1.229,73.21,201.32,198.96,2.55,15.95,0.0,18.5,1.095,PASS
var4_triskelion_hexagram,Triskelion 3-Lobe Hexagram,Triskelion Hex.,120.0,2400.0,CCW,200.0,1.0,10.178,19.576,1.92,-0.7968,89.84,9.47,False,-1.711,-2.011,73.21,201.32,198.96,2.55,15.95,0.0,18.5,1.095,PASS
var4_triskelion_hexagram,Triskelion 3-Lobe Hexagram,Triskelion Hex.,150.0,0.0,CW,150.0,0.2873,9.626,16.132,1.68,0.7884,89.42,9.27,False,1.2648,2.036,59.32,163.12,219.16,2.697,15.803,0.0,18.5,1.079,PASS
var4_triskelion_hexagram,Triskelion 3-Lobe Hexagram,Triskelion Hex.,150.0,0.0,CCW,150.0,0.2873,9.626,16.132,1.68,-0.7884,89.42,9.27,False,-1.2648,-2.036,59.32,163.12,219.16,2.697,15.803,0.0,18.5,1.079,PASS
var4_triskelion_hexagram,Triskelion 3-Lobe Hexagram,Triskelion Hex.,150.0,600.0,CW,130.0,0.2873,9.289,15.8,1.7,0.7884,89.42,9.27,False,1.3153,2.016,60.8,167.2,219.16,2.697,15.803,0.0,18.5,1.079,PASS
var4_triskelion_hexagram,Triskelion 3-Lobe Hexagram,Triskelion Hex.,150.0,600.0,CCW,170.0,0.2873,9.89,16.823,1.7,-0.7884,89.42,9.27,False,-1.3153,-2.035,60.8,167.2,219.16,2.697,15.803,0.0,18.5,1.079,PASS
var4_triskelion_hexagram,Triskelion 3-Lobe Hexagram,Triskelion Hex.,150.0,1200.0,CW,110.0,0.2873,8.858,15.291,1.73,0.7884,89.42,9.27,False,1.3659,1.966,62.28,171.28,219.16,2.697,15.803,0.0,18.5,1.079,PASS
var4_triskelion_hexagram,Triskelion 3-Lobe Hexagram,Triskelion Hex.,150.0,1200.0,CCW,190.0,0.2873,10.095,17.425,1.73,-0.7884,89.42,9.27,False,-1.3659,-2.021,62.28,171.28,219.16,2.697,15.803,0.0,18.5,1.079,PASS
var4_triskelion_hexagram,Triskelion 3-Lobe Hexagram,Triskelion Hex.,150.0,2400.0,CW,70.0,0.2873,7.592,13.487,1.78,0.7884,89.42,9.27,False,1.4671,1.7,65.25,179.43,219.16,2.697,15.803,0.0,18.5,1.079,PASS
var4_triskelion_hexagram,Triskelion 3-Lobe Hexagram,Triskelion Hex.,150.0,2400.0,CCW,230.0,0.2873,10.368,18.418,1.78,-0.7884,89.42,9.27,False,-1.4671,-1.973,65.25,179.43,219.16,2.697,15.803,0.0,18.5,1.079,PASS
var4_triskelion_hexagram,Triskelion 3-Lobe Hexagram,Triskelion Hex.,200.0,0.0,CW,200.0,0.0669,10.178,16.621,1.63,0.7858,89.29,9.21,False,1.1997,2.011,57.08,156.97,280.03,3.295,15.205,0.0,18.5,1.078,PASS
var4_triskelion_hexagram,Triskelion 3-Lobe Hexagram,Triskelion Hex.,200.0,0.0,CCW,200.0,0.0669,10.178,16.621,1.63,-0.7858,89.29,9.21,False,-1.1997,-2.011,57.08,156.97,280.03,3.295,15.205,0.0,18.5,1.078,PASS
var4_triskelion_hexagram,Triskelion 3-Lobe Hexagram,Triskelion Hex.,200.0,600.0,CW,180.0,0.0669,9.999,16.573,1.66,0.7858,89.29,9.21,False,1.2477,2.029,58.51,160.89,280.03,3.295,15.205,0.0,18.5,1.078,PASS
var4_triskelion_hexagram,Triskelion 3-Lobe Hexagram,Triskelion Hex.,200.0,600.0,CCW,220.0,0.0669,10.314,17.096,1.66,-0.7858,89.29,9.21,False,-1.2477,-1.987,58.51,160.89,280.03,3.295,15.205,0.0,18.5,1.078,PASS
var4_triskelion_hexagram,Triskelion 3-Lobe Hexagram,Triskelion Hex.,200.0,1200.0,CW,160.0,0.0669,9.766,16.427,1.68,0.7858,89.29,9.21,False,1.2957,2.037,59.93,164.82,280.03,3.295,15.205,0.0,18.5,1.078,PASS
var4_triskelion_hexagram,Triskelion 3-Lobe Hexagram,Triskelion Hex.,200.0,1200.0,CCW,240.0,0.0669,10.414,17.517,1.68,-0.7858,89.29,9.21,False,-1.2957,-1.958,59.93,164.82,280.03,3.295,15.205,0.0,18.5,1.078,PASS
var4_triskelion_hexagram,Triskelion 3-Lobe Hexagram,Triskelion Hex.,200.0,2400.0,CW,120.0,0.0669,9.087,15.729,1.73,0.7858,89.29,9.21,False,1.3917,1.996,62.79,172.67,280.03,3.295,15.205,0.0,18.5,1.078,PASS
var4_triskelion_hexagram,Triskelion 3-Lobe Hexagram,Triskelion Hex.,200.0,2400.0,CCW,280.0,0.0669,10.53,18.228,1.73,-0.7858,89.29,9.21,False,-1.3917,-1.896,62.79,172.67,280.03,3.295,15.205,0.0,18.5,1.078,PASS
var4_triskelion_hexagram,Triskelion 3-Lobe Hexagram,Triskelion Hex.,300.0,0.0,CW,300.0,0.0182,10.555,17.137,1.62,0.7852,89.26,9.2,False,1.1854,1.864,56.58,155.61,416.01,3.85,14.65,0.0,18.5,1.084,PASS
var4_triskelion_hexagram,Triskelion 3-Lobe Hexagram,Triskelion Hex.,300.0,0.0,CCW,300.0,0.0182,10.555,17.137,1.62,-0.7852,89.26,9.2,False,-1.1854,-1.864,56.58,155.61,416.01,3.85,14.65,0.0,18.5,1.084,PASS
var4_triskelion_hexagram,Triskelion 3-Lobe Hexagram,Triskelion Hex.,300.0,600.0,CW,280.0,0.0182,10.53,17.353,1.65,0.7852,89.26,9.2,False,1.2328,1.896,58.0,159.5,416.01,3.85,14.65,0.0,18.5,1.084,PASS
var4_triskelion_hexagram,Triskelion 3-Lobe Hexagram,Triskelion Hex.,300.0,600.0,CCW,320.0,0.0182,10.563,17.407,1.65,-0.7852,89.26,9.2,False,-1.2328,-1.832,58.0,159.5,416.01,3.85,14.65,0.0,18.5,1.084,PASS
var4_triskelion_hexagram,Triskelion 3-Lobe Hexagram,Triskelion Hex.,300.0,1200.0,CW,260.0,0.0182,10.485,17.533,1.67,0.7852,89.26,9.2,False,1.2802,1.928,59.41,163.39,416.01,3.85,14.65,0.0,18.5,1.084,PASS
var4_triskelion_hexagram,Triskelion 3-Lobe Hexagram,Triskelion Hex.,300.0,1200.0,CCW,340.0,0.0182,10.556,17.653,1.67,-0.7852,89.26,9.2,False,-1.2802,-1.801,59.41,163.39,416.01,3.85,14.65,0.0,18.5,1.084,PASS
var4_triskelion_hexagram,Triskelion 3-Lobe Hexagram,Triskelion Hex.,300.0,2400.0,CW,220.0,0.0182,10.314,17.75,1.72,0.7852,89.26,9.2,False,1.375,1.987,62.24,171.17,416.01,3.85,14.65,0.0,18.5,1.084,PASS
var4_triskelion_hexagram,Triskelion 3-Lobe Hexagram,Triskelion Hex.,300.0,2400.0,CCW,380.0,0.0182,10.508,18.085,1.72,-0.7852,89.26,9.2,False,-1.375,-1.74,62.24,171.17,416.01,3.85,14.65,0.0,18.5,1.084,PASS
var4_triskelion_hexagram,Triskelion 3-Lobe Hexagram,Triskelion Hex.,500.0,0.0,CW,500.0,0.0053,10.196,16.527,1.62,0.7851,89.25,9.19,False,1.1816,1.58,56.45,155.25,691.56,3.85,14.65,0.0,18.5,1.1,PASS
var4_triskelion_hexagram,Triskelion 3-Lobe Hexagram,Triskelion Hex.,500.0,0.0,CCW,500.0,0.0053,10.196,16.527,1.62,-0.7851,89.25,9.19,False,-1.1816,-1.58,56.45,155.25,691.56,3.85,14.65,0.0,18.5,1.1,PASS
var4_triskelion_hexagram,Triskelion 3-Lobe Hexagram,Triskelion Hex.,500.0,600.0,CW,480.0,0.0053,10.259,16.88,1.65,0.7851,89.25,9.19,False,1.2288,1.605,57.86,159.13,691.56,3.85,14.65,0.0,18.5,1.1,PASS
var4_triskelion_hexagram,Triskelion 3-Lobe Hexagram,Triskelion Hex.,500.0,600.0,CCW,520.0,0.0053,10.129,16.666,1.65,-0.7851,89.25,9.19,False,-1.2288,-1.557,57.86,159.13,691.56,3.85,14.65,0.0,18.5,1.1,PASS
var4_triskelion_hexagram,Triskelion 3-Lobe Hexagram,Triskelion Hex.,500.0,1200.0,CW,460.0,0.0053,10.319,17.23,1.67,0.7851,89.25,9.19,False,1.2761,1.63,59.28,163.01,691.56,3.85,14.65,0.0,18.5,1.1,PASS
var4_triskelion_hexagram,Triskelion 3-Lobe Hexagram,Triskelion Hex.,500.0,1200.0,CCW,540.0,0.0053,10.061,16.798,1.67,-0.7851,89.25,9.19,False,-1.2761,-1.534,59.28,163.01,691.56,3.85,14.65,0.0,18.5,1.1,PASS
var4_triskelion_hexagram,Triskelion 3-Lobe Hexagram,Triskelion Hex.,500.0,2400.0,CW,420.0,0.0053,10.426,17.915,1.72,0.7851,89.25,9.19,False,1.3706,1.683,62.1,170.77,691.56,3.85,14.65,0.0,18.5,1.1,PASS
var4_triskelion_hexagram,Triskelion 3-Lobe Hexagram,Triskelion Hex.,500.0,2400.0,CCW,580.0,0.0053,9.919,17.043,1.72,-0.7851,89.25,9.19,False,-1.3706,-1.492,62.1,170.77,691.56,3.85,14.65,0.0,18.5,1.1,PASS
var4_triskelion_hexagram,Triskelion 3-Lobe Hexagram,Triskelion Hex.,1000.0,0.0,CW,1000.0,0.0012,8.418,13.639,1.62,0.785,89.25,9.19,False,1.1804,1.18,56.41,155.13,1382.0,3.85,14.65,0.0,18.5,1.14,PASS
var4_triskelion_hexagram,Triskelion 3-Lobe Hexagram,Triskelion Hex.,1000.0,0.0,CCW,1000.0,0.0012,8.418,13.639,1.62,-0.785,89.25,9.19,False,-1.1804,-1.18,56.41,155.13,1382.0,3.85,14.65,0.0,18.5,1.14,PASS
var4_triskelion_hexagram,Triskelion 3-Lobe Hexagram,Triskelion Hex.,1000.0,600.0,CW,980.0,0.0012,8.483,13.951,1.64,0.785,89.25,9.19,False,1.2276,1.191,57.82,159.01,1382.0,3.85,14.65,0.0,18.5,1.14,PASS
var4_triskelion_hexagram,Triskelion 3-Lobe Hexagram,Triskelion Hex.,1000.0,600.0,CCW,1020.0,0.0012,8.354,13.738,1.64,-0.785,89.25,9.19,False,-1.2276,-1.17,57.82,159.01,1382.0,3.85,14.65,0.0,18.5,1.14,PASS
var4_triskelion_hexagram,Triskelion 3-Lobe Hexagram,Triskelion Hex.,1000.0,1200.0,CW,960.0,0.0012,8.549,14.267,1.67,0.785,89.25,9.19,False,1.2748,1.202,59.23,162.89,1382.0,3.85,14.65,0.0,18.5,1.14,PASS
var4_triskelion_hexagram,Triskelion 3-Lobe Hexagram,Triskelion Hex.,1000.0,1200.0,CCW,1040.0,0.0012,8.29,13.835,1.67,-0.785,89.25,9.19,False,-1.2748,-1.159,59.23,162.89,1382.0,3.85,14.65,0.0,18.5,1.14,PASS
var4_triskelion_hexagram,Triskelion 3-Lobe Hexagram,Triskelion Hex.,1000.0,2400.0,CW,920.0,0.0012,8.684,14.914,1.72,0.785,89.25,9.19,False,1.3692,1.225,62.05,170.65,1382.0,3.85,14.65,0.0,18.5,1.14,PASS
var4_triskelion_hexagram,Triskelion 3-Lobe Hexagram,Triskelion Hex.,1000.0,2400.0,CCW,1080.0,0.0012,8.166,14.025,1.72,-0.785,89.25,9.19,False,-1.3692,-1.139,62.05,170.65,1382.0,3.85,14.65,0.0,18.5,1.14,PASS
var5_dual_orthogonal_48c,Dual Orthogonal 90° (48 Coils),Dual 90° (48C),25.0,0.0,CW,25.0,0.0039,6.952,11.476,1.65,0.9681,98.4,17.9,False,2.4524,0.856,48.23,149.52,55.96,1.85,16.65,0.0,18.5,1.062,PASS
var5_dual_orthogonal_48c,Dual Orthogonal 90° (48 Coils),Dual 90° (48C),25.0,0.0,CCW,25.0,0.0039,6.952,11.476,1.65,-0.9681,98.4,17.9,False,-2.4524,-0.856,48.23,149.52,55.96,1.85,16.65,0.0,18.5,1.062,PASS
var5_dual_orthogonal_48c,Dual Orthogonal 90° (48 Coils),Dual 90° (48C),25.0,600.0,CW,5.0,0.0039,3.198,5.358,1.68,0.9681,98.4,17.9,False,2.5505,0.19,49.44,153.26,55.96,1.85,16.65,0.0,18.5,1.062,PASS
var5_dual_orthogonal_48c,Dual Orthogonal 90° (48 Coils),Dual 90° (48C),25.0,600.0,CCW,45.0,0.0039,9.028,15.126,1.68,-0.9681,98.4,17.9,False,-2.5505,-1.331,49.44,153.26,55.96,1.85,16.65,0.0,18.5,1.062,PASS
var5_dual_orthogonal_48c,Dual Orthogonal 90° (48 Coils),Dual 90° (48C),25.0,1200.0,CW,15.0,0.0039,5.466,9.294,1.7,0.9681,98.4,17.9,False,2.6486,0.546,50.65,157.0,55.96,1.85,16.65,0.0,18.5,1.062,PASS
var5_dual_orthogonal_48c,Dual Orthogonal 90° (48 Coils),Dual 90° (48C),25.0,1200.0,CCW,65.0,0.0039,10.481,17.82,1.7,-0.9681,98.4,17.9,False,-2.6486,-1.642,50.65,157.0,55.96,1.85,16.65,0.0,18.5,1.062,PASS
var5_dual_orthogonal_48c,Dual Orthogonal 90° (48 Coils),Dual 90° (48C),25.0,2400.0,CW,55.0,0.0039,9.811,17.167,1.75,0.9681,98.4,17.9,False,2.8447,1.504,53.06,164.48,55.96,1.85,16.65,0.0,18.5,1.062,PASS
var5_dual_orthogonal_48c,Dual Orthogonal 90° (48 Coils),Dual 90° (48C),25.0,2400.0,CCW,105.0,0.0039,12.401,21.699,1.75,-0.9681,98.4,17.9,False,-2.8447,-1.947,53.06,164.48,55.96,1.85,16.65,0.0,18.5,1.062,PASS
var5_dual_orthogonal_48c,Dual Orthogonal 90° (48 Coils),Dual 90° (48C),50.0,0.0,CW,50.0,0.0203,9.435,15.606,1.65,0.9683,98.41,17.93,False,2.4625,1.422,48.38,149.97,112.29,1.85,16.65,0.0,18.5,1.065,PASS
var5_dual_orthogonal_48c,Dual Orthogonal 90° (48 Coils),Dual 90° (48C),50.0,0.0,CCW,50.0,0.0203,9.435,15.606,1.65,-0.9683,98.41,17.93,False,-2.4625,-1.422,48.38,149.97,112.29,1.85,16.65,0.0,18.5,1.065,PASS
var5_dual_orthogonal_48c,Dual Orthogonal 90° (48 Coils),Dual 90° (48C),50.0,600.0,CW,30.0,0.0203,7.556,12.685,1.68,0.9683,98.41,17.93,False,2.561,0.992,49.59,153.72,112.29,1.85,16.65,0.0,18.5,1.065,PASS
var5_dual_orthogonal_48c,Dual Orthogonal 90° (48 Coils),Dual 90° (48C),50.0,600.0,CCW,70.0,0.0203,10.781,18.099,1.68,-0.9683,98.41,17.93,False,-2.561,-1.7,49.59,153.72,112.29,1.85,16.65,0.0,18.5,1.065,PASS
var5_dual_orthogonal_48c,Dual Orthogonal 90° (48 Coils),Dual 90° (48C),50.0,1200.0,CW,10.0,0.0203,4.494,7.656,1.7,0.9683,98.41,17.93,False,2.6594,0.373,50.8,157.47,112.29,1.85,16.65,0.0,18.5,1.065,PASS
var5_dual_orthogonal_48c,Dual Orthogonal 90° (48 Coils),Dual 90° (48C),50.0,1200.0,CCW,90.0,0.0203,11.795,20.095,1.7,-0.9683,98.41,17.93,False,-2.6594,-1.869,50.8,157.47,112.29,1.85,16.65,0.0,18.5,1.065,PASS
var5_dual_orthogonal_48c,Dual Orthogonal 90° (48 Coils),Dual 90° (48C),50.0,2400.0,CW,30.0,0.0203,7.556,13.247,1.75,0.9683,98.41,17.93,False,2.8564,0.992,53.21,164.96,112.29,1.85,16.65,0.0,18.5,1.065,PASS
var5_dual_orthogonal_48c,Dual Orthogonal 90° (48 Coils),Dual 90° (48C),50.0,2400.0,CCW,130.0,0.0203,13.19,23.126,1.75,-0.9683,98.41,17.93,False,-2.8564,-2.016,53.21,164.96,112.29,1.85,16.65,0.0,18.5,1.065,PASS
var5_dual_orthogonal_48c,Dual Orthogonal 90° (48 Coils),Dual 90° (48C),80.0,0.0,CW,80.0,0.1052,11.322,18.917,1.67,0.9695,98.48,18.1,False,2.5144,1.795,49.11,152.25,182.7,1.85,16.65,0.0,18.5,1.069,PASS
var5_dual_orthogonal_48c,Dual Orthogonal 90° (48 Coils),Dual 90° (48C),80.0,0.0,CCW,80.0,0.1052,11.322,18.917,1.67,-0.9695,98.48,18.1,False,-2.5144,-1.795,49.11,152.25,182.7,1.85,16.65,0.0,18.5,1.069,PASS
var5_dual_orthogonal_48c,Dual Orthogonal 90° (48 Coils),Dual 90° (48C),80.0,600.0,CW,60.0,0.1052,10.158,17.227,1.7,0.9695,98.48,18.1,False,2.615,1.577,50.34,156.06,182.7,1.85,16.65,0.0,18.5,1.069,PASS
var5_dual_orthogonal_48c,Dual Orthogonal 90° (48 Coils),Dual 90° (48C),80.0,600.0,CCW,100.0,0.1052,12.211,20.709,1.7,-0.9695,98.48,18.1,False,-2.615,-1.925,50.34,156.06,182.7,1.85,16.65,0.0,18.5,1.069,PASS
var5_dual_orthogonal_48c,Dual Orthogonal 90° (48 Coils),Dual 90° (48C),80.0,1200.0,CW,40.0,0.1052,8.583,14.771,1.72,0.9695,98.48,18.1,False,2.7156,1.229,51.57,159.86,182.7,1.85,16.65,0.0,18.5,1.069,PASS
var5_dual_orthogonal_48c,Dual Orthogonal 90° (48 Coils),Dual 90° (48C),80.0,1200.0,CCW,120.0,0.1052,12.903,22.205,1.72,-0.9695,98.48,18.1,False,-2.7156,-1.996,51.57,159.86,182.7,1.85,16.65,0.0,18.5,1.069,PASS
var5_dual_orthogonal_48c,Dual Orthogonal 90° (48 Coils),Dual 90° (48C),80.0,2400.0,CW,0.0,0.1052,0.454,0.805,1.77,0.9695,98.48,18.1,False,2.9167,0.0,54.02,167.47,182.7,1.85,16.65,0.0,18.5,1.069,PASS
var5_dual_orthogonal_48c,Dual Orthogonal 90° (48 Coils),Dual 90° (48C),80.0,2400.0,CCW,160.0,0.1052,13.868,24.561,1.77,-0.9695,98.48,18.1,False,-2.9167,-2.037,54.02,167.47,182.7,1.85,16.65,0.0,18.5,1.069,PASS
var5_dual_orthogonal_48c,Dual Orthogonal 90° (48 Coils),Dual 90° (48C),100.0,0.0,CW,100.0,0.3778,12.211,21.062,1.72,0.9735,98.67,18.72,False,2.6814,1.925,51.48,159.58,240.57,2.003,16.497,0.0,18.5,1.077,PASS
var5_dual_orthogonal_48c,Dual Orthogonal 90° (48 Coils),Dual 90° (48C),100.0,0.0,CCW,100.0,0.3778,12.211,21.062,1.72,-0.9735,98.67,18.72,False,-2.6814,-1.925,51.48,159.58,240.57,2.003,16.497,0.0,18.5,1.077,PASS
var5_dual_orthogonal_48c,Dual Orthogonal 90° (48 Coils),Dual 90° (48C),100.0,600.0,CW,80.0,0.3778,11.322,19.821,1.75,0.9735,98.67,18.72,False,2.7887,1.795,52.76,163.57,240.57,2.003,16.497,0.0,18.5,1.077,PASS
var5_dual_orthogonal_48c,Dual Orthogonal 90° (48 Coils),Dual 90° (48C),100.0,600.0,CCW,120.0,0.3778,12.903,22.589,1.75,-0.9735,98.67,18.72,False,-2.7887,-1.996,52.76,163.57,240.57,2.003,16.497,0.0,18.5,1.077,PASS
var5_dual_orthogonal_48c,Dual Orthogonal 90° (48 Coils),Dual 90° (48C),100.0,1200.0,CW,60.0,0.3778,10.158,18.047,1.78,0.9735,98.67,18.72,False,2.8959,1.577,54.05,167.56,240.57,2.003,16.497,0.0,18.5,1.077,PASS
var5_dual_orthogonal_48c,Dual Orthogonal 90° (48 Coils),Dual 90° (48C),100.0,1200.0,CCW,140.0,0.3778,13.444,23.884,1.78,-0.9735,98.67,18.72,False,-2.8959,-2.029,54.05,167.56,240.57,2.003,16.497,0.0,18.5,1.077,PASS
var5_dual_orthogonal_48c,Dual Orthogonal 90° (48 Coils),Dual 90° (48C),100.0,2400.0,CW,20.0,0.3778,6.266,11.456,1.83,0.9735,98.67,18.72,False,3.1104,0.707,56.63,175.54,240.57,2.003,16.497,0.0,18.5,1.077,PASS
var5_dual_orthogonal_48c,Dual Orthogonal 90° (48 Coils),Dual 90° (48C),100.0,2400.0,CCW,180.0,0.3778,14.198,25.958,1.83,-0.9735,98.67,18.72,False,-3.1104,-2.029,56.63,175.54,240.57,2.003,16.497,0.0,18.5,1.077,PASS
var5_dual_orthogonal_48c,Dual Orthogonal 90° (48 Coils),Dual 90° (48C),120.0,0.0,CW,120.0,1.0,12.903,23.845,1.85,0.9825,99.13,20.55,False,3.0625,1.996,56.88,176.32,322.08,2.55,15.95,0.0,18.5,1.095,PASS
var5_dual_orthogonal_48c,Dual Orthogonal 90° (48 Coils),Dual 90° (48C),120.0,0.0,CCW,120.0,1.0,12.903,23.845,1.85,-0.9825,99.13,20.55,False,-3.0625,-1.996,56.88,176.32,322.08,2.55,15.95,0.0,18.5,1.095,PASS
var5_dual_orthogonal_48c,Dual Orthogonal 90° (48 Coils),Dual 90° (48C),120.0,600.0,CW,100.0,1.0,12.211,22.905,1.88,0.9825,99.13,20.55,False,3.185,1.925,58.3,180.72,322.08,2.55,15.95,0.0,18.5,1.095,PASS
var5_dual_orthogonal_48c,Dual Orthogonal 90° (48 Coils),Dual 90° (48C),120.0,600.0,CCW,140.0,1.0,13.444,25.217,1.88,-0.9825,99.13,20.55,False,-3.185,-2.029,58.3,180.72,322.08,2.55,15.95,0.0,18.5,1.095,PASS
var5_dual_orthogonal_48c,Dual Orthogonal 90° (48 Coils),Dual 90° (48C),120.0,1200.0,CW,80.0,1.0,11.322,21.55,1.9,0.9825,99.13,20.55,False,3.3075,1.795,59.72,185.13,322.08,2.55,15.95,0.0,18.5,1.095,PASS
var5_dual_orthogonal_48c,Dual Orthogonal 90° (48 Coils),Dual 90° (48C),120.0,1200.0,CCW,160.0,1.0,13.868,26.397,1.9,-0.9825,99.13,20.55,False,-3.3075,-2.037,59.72,185.13,322.08,2.55,15.95,0.0,18.5,1.095,PASS
var5_dual_orthogonal_48c,Dual Orthogonal 90° (48 Coils),Dual 90° (48C),120.0,2400.0,CW,40.0,1.0,8.583,16.813,1.96,0.9825,99.13,20.55,False,3.5525,1.229,62.56,193.95,322.08,2.55,15.95,0.0,18.5,1.095,PASS
var5_dual_orthogonal_48c,Dual Orthogonal 90° (48 Coils),Dual 90° (48C),120.0,2400.0,CCW,200.0,1.0,14.453,28.311,1.96,-0.9825,99.13,20.55,False,-3.5525,-2.011,62.56,193.95,322.08,2.55,15.95,0.0,18.5,1.095,PASS
var5_dual_orthogonal_48c,Dual Orthogonal 90° (48 Coils),Dual 90° (48C),150.0,0.0,CW,150.0,0.2873,13.669,23.331,1.71,0.9722,98.61,18.5,False,2.626,2.036,50.69,157.15,354.78,2.697,15.803,0.0,18.5,1.079,PASS
var5_dual_orthogonal_48c,Dual Orthogonal 90° (48 Coils),Dual 90° (48C),150.0,0.0,CCW,150.0,0.2873,13.669,23.331,1.71,-0.9722,98.61,18.5,False,-2.626,-2.036,50.69,157.15,354.78,2.697,15.803,0.0,18.5,1.079,PASS
var5_dual_orthogonal_48c,Dual Orthogonal 90° (48 Coils),Dual 90° (48C),150.0,600.0,CW,130.0,0.2873,13.19,22.852,1.73,0.9722,98.61,18.5,False,2.731,2.016,51.96,161.08,354.78,2.697,15.803,0.0,18.5,1.079,PASS
var5_dual_orthogonal_48c,Dual Orthogonal 90° (48 Coils),Dual 90° (48C),150.0,600.0,CCW,170.0,0.2873,14.044,24.33,1.73,-0.9722,98.61,18.5,False,-2.731,-2.035,51.96,161.08,354.78,2.697,15.803,0.0,18.5,1.079,PASS
var5_dual_orthogonal_48c,Dual Orthogonal 90° (48 Coils),Dual 90° (48C),150.0,1200.0,CW,110.0,0.2873,12.578,22.114,1.76,0.9722,98.61,18.5,False,2.8361,1.966,53.23,165.0,354.78,2.697,15.803,0.0,18.5,1.079,PASS
var5_dual_orthogonal_48c,Dual Orthogonal 90° (48 Coils),Dual 90° (48C),150.0,1200.0,CCW,190.0,0.2873,14.334,25.201,1.76,-0.9722,98.61,18.5,False,-2.8361,-2.021,53.23,165.0,354.78,2.697,15.803,0.0,18.5,1.079,PASS
var5_dual_orthogonal_48c,Dual Orthogonal 90° (48 Coils),Dual 90° (48C),150.0,2400.0,CW,70.0,0.2873,10.781,19.505,1.81,0.9722,98.61,18.5,False,3.0461,1.7,55.76,172.86,354.78,2.697,15.803,0.0,18.5,1.079,PASS
var5_dual_orthogonal_48c,Dual Orthogonal 90° (48 Coils),Dual 90° (48C),150.0,2400.0,CCW,230.0,0.2873,14.723,26.637,1.81,-0.9722,98.61,18.5,False,-3.0461,-1.973,55.76,172.86,354.78,2.697,15.803,0.0,18.5,1.079,PASS
var5_dual_orthogonal_48c,Dual Orthogonal 90° (48 Coils),Dual 90° (48C),200.0,0.0,CW,200.0,0.0669,14.453,24.039,1.66,0.969,98.45,18.02,False,2.491,2.011,48.78,151.22,453.32,3.295,15.205,0.0,18.5,1.078,PASS
var5_dual_orthogonal_48c,Dual Orthogonal 90° (48 Coils),Dual 90° (48C),200.0,0.0,CCW,200.0,0.0669,14.453,24.039,1.66,-0.969,98.45,18.02,False,-2.491,-2.011,48.78,151.22,453.32,3.295,15.205,0.0,18.5,1.078,PASS
var5_dual_orthogonal_48c,Dual Orthogonal 90° (48 Coils),Dual 90° (48C),200.0,600.0,CW,180.0,0.0669,14.198,23.969,1.69,0.969,98.45,18.02,False,2.5906,2.029,50.0,155.0,453.32,3.295,15.205,0.0,18.5,1.078,PASS
var5_dual_orthogonal_48c,Dual Orthogonal 90° (48 Coils),Dual 90° (48C),200.0,600.0,CCW,220.0,0.0669,14.646,24.725,1.69,-0.969,98.45,18.02,False,-2.5906,-1.987,50.0,155.0,453.32,3.295,15.205,0.0,18.5,1.078,PASS
var5_dual_orthogonal_48c,Dual Orthogonal 90° (48 Coils),Dual 90° (48C),200.0,1200.0,CW,160.0,0.0669,13.868,23.758,1.71,0.969,98.45,18.02,False,2.6903,2.037,51.22,158.78,453.32,3.295,15.205,0.0,18.5,1.078,PASS
var5_dual_orthogonal_48c,Dual Orthogonal 90° (48 Coils),Dual 90° (48C),200.0,1200.0,CCW,240.0,0.0669,14.788,25.334,1.71,-0.969,98.45,18.02,False,-2.6903,-1.958,51.22,158.78,453.32,3.295,15.205,0.0,18.5,1.078,PASS
var5_dual_orthogonal_48c,Dual Orthogonal 90° (48 Coils),Dual 90° (48C),200.0,2400.0,CW,120.0,0.0669,12.903,22.748,1.76,0.969,98.45,18.02,False,2.8896,1.996,53.66,166.34,453.32,3.295,15.205,0.0,18.5,1.078,PASS
var5_dual_orthogonal_48c,Dual Orthogonal 90° (48 Coils),Dual 90° (48C),200.0,2400.0,CCW,280.0,0.0669,14.953,26.362,1.76,-0.969,98.45,18.02,False,-2.8896,-1.896,53.66,166.34,453.32,3.295,15.205,0.0,18.5,1.078,PASS
var5_dual_orthogonal_48c,Dual Orthogonal 90° (48 Coils),Dual 90° (48C),300.0,0.0,CW,300.0,0.0182,14.988,24.784,1.65,0.9683,98.41,17.93,False,2.4611,1.864,48.36,149.91,673.44,3.85,14.65,0.0,18.5,1.084,PASS
var5_dual_orthogonal_48c,Dual Orthogonal 90° (48 Coils),Dual 90° (48C),300.0,0.0,CCW,300.0,0.0182,14.988,24.784,1.65,-0.9683,98.41,17.93,False,-2.4611,-1.864,48.36,149.91,673.44,3.85,14.65,0.0,18.5,1.084,PASS
var5_dual_orthogonal_48c,Dual Orthogonal 90° (48 Coils),Dual 90° (48C),300.0,600.0,CW,280.0,0.0182,14.953,25.096,1.68,0.9683,98.41,17.93,False,2.5596,1.896,49.57,153.66,673.44,3.85,14.65,0.0,18.5,1.084,PASS
var5_dual_orthogonal_48c,Dual Orthogonal 90° (48 Coils),Dual 90° (48C),300.0,600.0,CCW,320.0,0.0182,14.999,25.175,1.68,-0.9683,98.41,17.93,False,-2.5596,-1.832,49.57,153.66,673.44,3.85,14.65,0.0,18.5,1.084,PASS
var5_dual_orthogonal_48c,Dual Orthogonal 90° (48 Coils),Dual 90° (48C),300.0,1200.0,CW,260.0,0.0182,14.888,25.357,1.7,0.9683,98.41,17.93,False,2.658,1.928,50.78,157.4,673.44,3.85,14.65,0.0,18.5,1.084,PASS
var5_dual_orthogonal_48c,Dual Orthogonal 90° (48 Coils),Dual 90° (48C),300.0,1200.0,CCW,340.0,0.0182,14.99,25.531,1.7,-0.9683,98.41,17.93,False,-2.658,-1.801,50.78,157.4,673.44,3.85,14.65,0.0,18.5,1.084,PASS
var5_dual_orthogonal_48c,Dual Orthogonal 90° (48 Coils),Dual 90° (48C),300.0,2400.0,CW,220.0,0.0182,14.646,25.671,1.75,0.9683,98.41,17.93,False,2.8549,1.987,53.19,164.9,673.44,3.85,14.65,0.0,18.5,1.084,PASS
var5_dual_orthogonal_48c,Dual Orthogonal 90° (48 Coils),Dual 90° (48C),300.0,2400.0,CCW,380.0,0.0182,14.922,26.155,1.75,-0.9683,98.41,17.93,False,-2.8549,-1.74,53.19,164.9,673.44,3.85,14.65,0.0,18.5,1.084,PASS
var5_dual_orthogonal_48c,Dual Orthogonal 90° (48 Coils),Dual 90° (48C),500.0,0.0,CW,500.0,0.0053,14.477,23.903,1.65,0.9681,98.4,17.9,False,2.4532,1.58,48.25,149.56,1119.51,3.85,14.65,0.0,18.5,1.1,PASS
var5_dual_orthogonal_48c,Dual Orthogonal 90° (48 Coils),Dual 90° (48C),500.0,0.0,CCW,500.0,0.0053,14.477,23.903,1.65,-0.9681,98.4,17.9,False,-2.4532,-1.58,48.25,149.56,1119.51,3.85,14.65,0.0,18.5,1.1,PASS
var5_dual_orthogonal_48c,Dual Orthogonal 90° (48 Coils),Dual 90° (48C),500.0,600.0,CW,480.0,0.0053,14.568,24.413,1.68,0.9681,98.4,17.9,False,2.5514,1.605,49.45,153.3,1119.51,3.85,14.65,0.0,18.5,1.1,PASS
var5_dual_orthogonal_48c,Dual Orthogonal 90° (48 Coils),Dual 90° (48C),500.0,600.0,CCW,520.0,0.0053,14.383,24.104,1.68,-0.9681,98.4,17.9,False,-2.5514,-1.557,49.45,153.3,1119.51,3.85,14.65,0.0,18.5,1.1,PASS
var5_dual_orthogonal_48c,Dual Orthogonal 90° (48 Coils),Dual 90° (48C),500.0,1200.0,CW,460.0,0.0053,14.653,24.918,1.7,0.9681,98.4,17.9,False,2.6495,1.63,50.66,157.04,1119.51,3.85,14.65,0.0,18.5,1.1,PASS
var5_dual_orthogonal_48c,Dual Orthogonal 90° (48 Coils),Dual 90° (48C),500.0,1200.0,CCW,540.0,0.0053,14.286,24.294,1.7,-0.9681,98.4,17.9,False,-2.6495,-1.534,50.66,157.04,1119.51,3.85,14.65,0.0,18.5,1.1,PASS
var5_dual_orthogonal_48c,Dual Orthogonal 90° (48 Coils),Dual 90° (48C),500.0,2400.0,CW,420.0,0.0053,14.804,25.909,1.75,0.9681,98.4,17.9,False,2.8457,1.683,53.07,164.52,1119.51,3.85,14.65,0.0,18.5,1.1,PASS
var5_dual_orthogonal_48c,Dual Orthogonal 90° (48 Coils),Dual 90° (48C),500.0,2400.0,CCW,580.0,0.0053,14.084,24.649,1.75,-0.9681,98.4,17.9,False,-2.8457,-1.492,53.07,164.52,1119.51,3.85,14.65,0.0,18.5,1.1,PASS
var5_dual_orthogonal_48c,Dual Orthogonal 90° (48 Coils),Dual 90° (48C),1000.0,0.0,CW,1000.0,0.0012,11.953,19.726,1.65,0.968,98.4,17.89,False,2.4507,1.18,48.21,149.45,2237.21,3.85,14.65,0.0,18.5,1.14,PASS
var5_dual_orthogonal_48c,Dual Orthogonal 90° (48 Coils),Dual 90° (48C),1000.0,0.0,CCW,1000.0,0.0012,11.953,19.726,1.65,-0.968,98.4,17.89,False,-2.4507,-1.18,48.21,149.45,2237.21,3.85,14.65,0.0,18.5,1.14,PASS
var5_dual_orthogonal_48c,Dual Orthogonal 90° (48 Coils),Dual 90° (48C),1000.0,600.0,CW,980.0,0.0012,12.046,20.177,1.67,0.968,98.4,17.89,False,2.5488,1.191,49.42,153.19,2237.21,3.85,14.65,0.0,18.5,1.14,PASS
var5_dual_orthogonal_48c,Dual Orthogonal 90° (48 Coils),Dual 90° (48C),1000.0,600.0,CCW,1020.0,0.0012,11.862,19.869,1.67,-0.968,98.4,17.89,False,-2.5488,-1.17,49.42,153.19,2237.21,3.85,14.65,0.0,18.5,1.14,PASS
var5_dual_orthogonal_48c,Dual Orthogonal 90° (48 Coils),Dual 90° (48C),1000.0,1200.0,CW,960.0,0.0012,12.14,20.634,1.7,0.968,98.4,17.89,False,2.6468,1.202,50.62,156.93,2237.21,3.85,14.65,0.0,18.5,1.14,PASS
var5_dual_orthogonal_48c,Dual Orthogonal 90° (48 Coils),Dual 90° (48C),1000.0,1200.0,CCW,1040.0,0.0012,11.772,20.009,1.7,-0.968,98.4,17.89,False,-2.6468,-1.159,50.62,156.93,2237.21,3.85,14.65,0.0,18.5,1.14,PASS
var5_dual_orthogonal_48c,Dual Orthogonal 90° (48 Coils),Dual 90° (48C),1000.0,2400.0,CW,920.0,0.0012,12.331,21.569,1.75,0.968,98.4,17.89,False,2.8429,1.225,53.03,164.4,2237.21,3.85,14.65,0.0,18.5,1.14,PASS
var5_dual_orthogonal_48c,Dual Orthogonal 90° (48 Coils),Dual 90° (48C),1000.0,2400.0,CCW,1080.0,0.0012,11.596,20.284,1.75,-0.968,98.4,17.89,False,-2.8429,-1.139,53.03,164.4,2237.21,3.85,14.65,0.0,18.5,1.14,PASS
var6_chiral_wpt_actuator,Chiral WPT Benchtop Actuator,WPT Benchtop,25.0,0.0,CW,25.0,0.0039,6.115,9.483,1.55,0.9651,98.25,17.5,False,2.122,0.856,42.13,124.28,50.46,1.85,16.65,0.0,18.5,1.062,PASS
var6_chiral_wpt_actuator,Chiral WPT Benchtop Actuator,WPT Benchtop,25.0,0.0,CCW,25.0,0.0039,6.115,9.483,1.55,-0.9651,98.25,17.5,False,-2.122,-0.856,42.13,124.28,50.46,1.85,16.65,0.0,18.5,1.062,PASS
var6_chiral_wpt_actuator,Chiral WPT Benchtop Actuator,WPT Benchtop,25.0,600.0,CW,5.0,0.0039,2.813,4.427,1.57,0.9651,98.25,17.5,False,2.2069,0.19,43.18,127.39,50.46,1.85,16.65,0.0,18.5,1.062,PASS
var6_chiral_wpt_actuator,Chiral WPT Benchtop Actuator,WPT Benchtop,25.0,600.0,CCW,45.0,0.0039,7.941,12.499,1.57,-0.9651,98.25,17.5,False,-2.2069,-1.331,43.18,127.39,50.46,1.85,16.65,0.0,18.5,1.062,PASS
var6_chiral_wpt_actuator,Chiral WPT Benchtop Actuator,WPT Benchtop,25.0,1200.0,CW,15.0,0.0039,4.808,7.68,1.6,0.9651,98.25,17.5,False,2.2918,0.546,44.24,130.5,50.46,1.85,16.65,0.0,18.5,1.062,PASS
var6_chiral_wpt_actuator,Chiral WPT Benchtop Actuator,WPT Benchtop,25.0,1200.0,CCW,65.0,0.0039,9.219,14.725,1.6,-0.9651,98.25,17.5,False,-2.2918,-1.642,44.24,130.5,50.46,1.85,16.65,0.0,18.5,1.062,PASS
var6_chiral_wpt_actuator,Chiral WPT Benchtop Actuator,WPT Benchtop,25.0,2400.0,CW,55.0,0.0039,8.63,14.185,1.64,0.9651,98.25,17.5,False,2.4616,1.504,46.34,136.71,50.46,1.85,16.65,0.0,18.5,1.062,PASS
var6_chiral_wpt_actuator,Chiral WPT Benchtop Actuator,WPT Benchtop,25.0,2400.0,CCW,105.0,0.0039,10.908,17.93,1.64,-0.9651,98.25,17.5,False,-2.4616,-1.947,46.34,136.71,50.46,1.85,16.65,0.0,18.5,1.062,PASS
var6_chiral_wpt_actuator,Chiral WPT Benchtop Actuator,WPT Benchtop,50.0,0.0,CW,50.0,0.0203,8.299,12.895,1.55,0.9653,98.26,17.53,False,2.1308,1.422,42.25,124.65,101.24,1.85,16.65,0.0,18.5,1.065,PASS
var6_chiral_wpt_actuator,Chiral WPT Benchtop Actuator,WPT Benchtop,50.0,0.0,CCW,50.0,0.0203,8.299,12.895,1.55,-0.9653,98.26,17.53,False,-2.1308,-1.422,42.25,124.65,101.24,1.85,16.65,0.0,18.5,1.065,PASS
var6_chiral_wpt_actuator,Chiral WPT Benchtop Actuator,WPT Benchtop,50.0,600.0,CW,30.0,0.0203,6.646,10.482,1.58,0.9653,98.26,17.53,False,2.216,0.992,43.31,127.77,101.24,1.85,16.65,0.0,18.5,1.065,PASS
var6_chiral_wpt_actuator,Chiral WPT Benchtop Actuator,WPT Benchtop,50.0,600.0,CCW,70.0,0.0203,9.483,14.955,1.58,-0.9653,98.26,17.53,False,-2.216,-1.7,43.31,127.77,101.24,1.85,16.65,0.0,18.5,1.065,PASS
var6_chiral_wpt_actuator,Chiral WPT Benchtop Actuator,WPT Benchtop,50.0,1200.0,CW,10.0,0.0203,3.953,6.326,1.6,0.9653,98.26,17.53,False,2.3012,0.373,44.37,130.88,101.24,1.85,16.65,0.0,18.5,1.065,PASS
var6_chiral_wpt_actuator,Chiral WPT Benchtop Actuator,WPT Benchtop,50.0,1200.0,CCW,90.0,0.0203,10.375,16.604,1.6,-0.9653,98.26,17.53,False,-2.3012,-1.869,44.37,130.88,101.24,1.85,16.65,0.0,18.5,1.065,PASS
var6_chiral_wpt_actuator,Chiral WPT Benchtop Actuator,WPT Benchtop,50.0,2400.0,CW,30.0,0.0203,6.646,10.946,1.65,0.9653,98.26,17.53,False,2.4717,0.992,46.48,137.11,101.24,1.85,16.65,0.0,18.5,1.065,PASS
var6_chiral_wpt_actuator,Chiral WPT Benchtop Actuator,WPT Benchtop,50.0,2400.0,CCW,130.0,0.0203,11.602,19.109,1.65,-0.9653,98.26,17.53,False,-2.4717,-2.016,46.48,137.11,101.24,1.85,16.65,0.0,18.5,1.065,PASS
var6_chiral_wpt_actuator,Chiral WPT Benchtop Actuator,WPT Benchtop,80.0,0.0,CW,80.0,0.1052,9.959,15.631,1.57,0.9665,98.33,17.69,False,2.1757,1.795,42.9,126.55,164.73,1.85,16.65,0.0,18.5,1.069,PASS
var6_chiral_wpt_actuator,Chiral WPT Benchtop Actuator,WPT Benchtop,80.0,0.0,CCW,80.0,0.1052,9.959,15.631,1.57,-0.9665,98.33,17.69,False,-2.1757,-1.795,42.9,126.55,164.73,1.85,16.65,0.0,18.5,1.069,PASS
var6_chiral_wpt_actuator,Chiral WPT Benchtop Actuator,WPT Benchtop,80.0,600.0,CW,60.0,0.1052,8.935,14.235,1.59,0.9665,98.33,17.69,False,2.2628,1.577,43.97,129.71,164.73,1.85,16.65,0.0,18.5,1.069,PASS
var6_chiral_wpt_actuator,Chiral WPT Benchtop Actuator,WPT Benchtop,80.0,600.0,CCW,100.0,0.1052,10.741,17.112,1.59,-0.9665,98.33,17.69,False,-2.2628,-1.925,43.97,129.71,164.73,1.85,16.65,0.0,18.5,1.069,PASS
var6_chiral_wpt_actuator,Chiral WPT Benchtop Actuator,WPT Benchtop,80.0,1200.0,CW,40.0,0.1052,7.55,12.205,1.62,0.9665,98.33,17.69,False,2.3498,1.229,45.04,132.87,164.73,1.85,16.65,0.0,18.5,1.069,PASS
var6_chiral_wpt_actuator,Chiral WPT Benchtop Actuator,WPT Benchtop,80.0,1200.0,CCW,120.0,0.1052,11.35,18.348,1.62,-0.9665,98.33,17.69,False,-2.3498,-1.996,45.04,132.87,164.73,1.85,16.65,0.0,18.5,1.069,PASS
var6_chiral_wpt_actuator,Chiral WPT Benchtop Actuator,WPT Benchtop,80.0,2400.0,CW,0.0,0.1052,0.4,0.665,1.66,0.9665,98.33,17.69,False,2.5239,0.0,47.19,139.2,164.73,1.85,16.65,0.0,18.5,1.069,PASS
var6_chiral_wpt_actuator,Chiral WPT Benchtop Actuator,WPT Benchtop,80.0,2400.0,CCW,160.0,0.1052,12.198,20.295,1.66,-0.9665,98.33,17.69,False,-2.5239,-2.037,47.19,139.2,164.73,1.85,16.65,0.0,18.5,1.069,PASS
var6_chiral_wpt_actuator,Chiral WPT Benchtop Actuator,WPT Benchtop,100.0,0.0,CW,100.0,0.3778,10.741,17.404,1.62,0.9705,98.52,18.24,False,2.3202,1.925,44.96,132.64,216.9,2.003,16.497,0.0,18.5,1.077,PASS
var6_chiral_wpt_actuator,Chiral WPT Benchtop Actuator,WPT Benchtop,100.0,0.0,CCW,100.0,0.3778,10.741,17.404,1.62,-0.9705,98.52,18.24,False,-2.3202,-1.925,44.96,132.64,216.9,2.003,16.497,0.0,18.5,1.077,PASS
var6_chiral_wpt_actuator,Chiral WPT Benchtop Actuator,WPT Benchtop,100.0,600.0,CW,80.0,0.3778,9.959,16.378,1.64,0.9705,98.52,18.24,False,2.413,1.795,46.09,135.96,216.9,2.003,16.497,0.0,18.5,1.077,PASS
var6_chiral_wpt_actuator,Chiral WPT Benchtop Actuator,WPT Benchtop,100.0,600.0,CCW,120.0,0.3778,11.35,18.665,1.64,-0.9705,98.52,18.24,False,-2.413,-1.996,46.09,135.96,216.9,2.003,16.497,0.0,18.5,1.077,PASS
var6_chiral_wpt_actuator,Chiral WPT Benchtop Actuator,WPT Benchtop,100.0,1200.0,CW,60.0,0.3778,8.935,14.912,1.67,0.9705,98.52,18.24,False,2.5058,1.577,47.21,139.27,216.9,2.003,16.497,0.0,18.5,1.077,PASS
var6_chiral_wpt_actuator,Chiral WPT Benchtop Actuator,WPT Benchtop,100.0,1200.0,CCW,140.0,0.3778,11.826,19.735,1.67,-0.9705,98.52,18.24,False,-2.5058,-2.029,47.21,139.27,216.9,2.003,16.497,0.0,18.5,1.077,PASS
var6_chiral_wpt_actuator,Chiral WPT Benchtop Actuator,WPT Benchtop,100.0,2400.0,CW,20.0,0.3778,5.512,9.466,1.72,0.9705,98.52,18.24,False,2.6915,0.707,49.46,145.9,216.9,2.003,16.497,0.0,18.5,1.077,PASS
var6_chiral_wpt_actuator,Chiral WPT Benchtop Actuator,WPT Benchtop,100.0,2400.0,CCW,180.0,0.3778,12.489,21.449,1.72,-0.9705,98.52,18.24,False,-2.6915,-2.029,49.46,145.9,216.9,2.003,16.497,0.0,18.5,1.077,PASS
var6_chiral_wpt_actuator,Chiral WPT Benchtop Actuator,WPT Benchtop,120.0,0.0,CW,120.0,1.0,11.35,19.703,1.74,0.9795,98.97,19.84,False,2.65,1.996,49.68,146.55,290.4,2.55,15.95,0.0,18.5,1.095,PASS
var6_chiral_wpt_actuator,Chiral WPT Benchtop Actuator,WPT Benchtop,120.0,0.0,CCW,120.0,1.0,11.35,19.703,1.74,-0.9795,98.97,19.84,False,-2.65,-1.996,49.68,146.55,290.4,2.55,15.95,0.0,18.5,1.095,PASS
var6_chiral_wpt_actuator,Chiral WPT Benchtop Actuator,WPT Benchtop,120.0,600.0,CW,100.0,1.0,10.741,18.927,1.76,0.9795,98.97,19.84,False,2.756,1.925,50.92,150.21,290.4,2.55,15.95,0.0,18.5,1.095,PASS
var6_chiral_wpt_actuator,Chiral WPT Benchtop Actuator,WPT Benchtop,120.0,600.0,CCW,140.0,1.0,11.826,20.837,1.76,-0.9795,98.97,19.84,False,-2.756,-2.029,50.92,150.21,290.4,2.55,15.95,0.0,18.5,1.095,PASS
var6_chiral_wpt_actuator,Chiral WPT Benchtop Actuator,WPT Benchtop,120.0,1200.0,CW,80.0,1.0,9.959,17.807,1.79,0.9795,98.97,19.84,False,2.862,1.795,52.16,153.88,290.4,2.55,15.95,0.0,18.5,1.095,PASS
var6_chiral_wpt_actuator,Chiral WPT Benchtop Actuator,WPT Benchtop,120.0,1200.0,CCW,160.0,1.0,12.198,21.812,1.79,-0.9795,98.97,19.84,False,-2.862,-2.037,52.16,153.88,290.4,2.55,15.95,0.0,18.5,1.095,PASS
var6_chiral_wpt_actuator,Chiral WPT Benchtop Actuator,WPT Benchtop,120.0,2400.0,CW,40.0,1.0,7.55,13.893,1.84,0.9795,98.97,19.84,False,3.074,1.229,54.65,161.21,290.4,2.55,15.95,0.0,18.5,1.095,PASS
var6_chiral_wpt_actuator,Chiral WPT Benchtop Actuator,WPT Benchtop,120.0,2400.0,CCW,200.0,1.0,12.713,23.394,1.84,-0.9795,98.97,19.84,False,-3.074,-2.011,54.65,161.21,290.4,2.55,15.95,0.0,18.5,1.095,PASS
var6_chiral_wpt_actuator,Chiral WPT Benchtop Actuator,WPT Benchtop,150.0,0.0,CW,150.0,0.2873,12.023,19.279,1.6,0.9692,98.46,18.05,False,2.2723,2.036,44.28,130.62,319.88,2.697,15.803,0.0,18.5,1.079,PASS
var6_chiral_wpt_actuator,Chiral WPT Benchtop Actuator,WPT Benchtop,150.0,0.0,CCW,150.0,0.2873,12.023,19.279,1.6,-0.9692,98.46,18.05,False,-2.2723,-2.036,44.28,130.62,319.88,2.697,15.803,0.0,18.5,1.079,PASS
var6_chiral_wpt_actuator,Chiral WPT Benchtop Actuator,WPT Benchtop,150.0,600.0,CW,130.0,0.2873,11.602,18.882,1.63,0.9692,98.46,18.05,False,2.3632,2.016,45.38,133.88,319.88,2.697,15.803,0.0,18.5,1.079,PASS
var6_chiral_wpt_actuator,Chiral WPT Benchtop Actuator,WPT Benchtop,150.0,600.0,CCW,170.0,0.2873,12.353,20.104,1.63,-0.9692,98.46,18.05,False,-2.3632,-2.035,45.38,133.88,319.88,2.697,15.803,0.0,18.5,1.079,PASS
var6_chiral_wpt_actuator,Chiral WPT Benchtop Actuator,WPT Benchtop,150.0,1200.0,CW,110.0,0.2873,11.064,18.273,1.65,0.9692,98.46,18.05,False,2.4541,1.966,46.49,137.15,319.88,2.697,15.803,0.0,18.5,1.079,PASS
var6_chiral_wpt_actuator,Chiral WPT Benchtop Actuator,WPT Benchtop,150.0,1200.0,CCW,190.0,0.2873,12.608,20.823,1.65,-0.9692,98.46,18.05,False,-2.4541,-2.021,46.49,137.15,319.88,2.697,15.803,0.0,18.5,1.079,PASS
var6_chiral_wpt_actuator,Chiral WPT Benchtop Actuator,WPT Benchtop,150.0,2400.0,CW,70.0,0.2873,9.483,16.117,1.7,0.9692,98.46,18.05,False,2.6358,1.7,48.7,143.68,319.88,2.697,15.803,0.0,18.5,1.079,PASS
var6_chiral_wpt_actuator,Chiral WPT Benchtop Actuator,WPT Benchtop,150.0,2400.0,CCW,230.0,0.2873,12.95,22.011,1.7,-0.9692,98.46,18.05,False,-2.6358,-1.973,48.7,143.68,319.88,2.697,15.803,0.0,18.5,1.079,PASS
var6_chiral_wpt_actuator,Chiral WPT Benchtop Actuator,WPT Benchtop,200.0,0.0,CW,200.0,0.0669,12.713,19.863,1.56,0.966,98.3,17.62,False,2.1555,2.011,42.61,125.69,408.73,3.295,15.205,0.0,18.5,1.078,PASS
var6_chiral_wpt_actuator,Chiral WPT Benchtop Actuator,WPT Benchtop,200.0,0.0,CCW,200.0,0.0669,12.713,19.863,1.56,-0.966,98.3,17.62,False,-2.1555,-2.011,42.61,125.69,408.73,3.295,15.205,0.0,18.5,1.078,PASS
var6_chiral_wpt_actuator,Chiral WPT Benchtop Actuator,WPT Benchtop,200.0,600.0,CW,180.0,0.0669,12.489,19.806,1.59,0.966,98.3,17.62,False,2.2417,2.029,43.67,128.83,408.73,3.295,15.205,0.0,18.5,1.078,PASS
var6_chiral_wpt_actuator,Chiral WPT Benchtop Actuator,WPT Benchtop,200.0,600.0,CCW,220.0,0.0669,12.883,20.43,1.59,-0.966,98.3,17.62,False,-2.2417,-1.987,43.67,128.83,408.73,3.295,15.205,0.0,18.5,1.078,PASS
var6_chiral_wpt_actuator,Chiral WPT Benchtop Actuator,WPT Benchtop,200.0,1200.0,CW,160.0,0.0669,12.198,19.631,1.61,0.966,98.3,17.62,False,2.3279,2.037,44.74,131.98,408.73,3.295,15.205,0.0,18.5,1.078,PASS
var6_chiral_wpt_actuator,Chiral WPT Benchtop Actuator,WPT Benchtop,200.0,1200.0,CCW,240.0,0.0669,13.007,20.933,1.61,-0.966,98.3,17.62,False,-2.3279,-1.958,44.74,131.98,408.73,3.295,15.205,0.0,18.5,1.078,PASS
var6_chiral_wpt_actuator,Chiral WPT Benchtop Actuator,WPT Benchtop,200.0,2400.0,CW,120.0,0.0669,11.35,18.797,1.66,0.966,98.3,17.62,False,2.5004,1.996,46.87,138.26,408.73,3.295,15.205,0.0,18.5,1.078,PASS
var6_chiral_wpt_actuator,Chiral WPT Benchtop Actuator,WPT Benchtop,200.0,2400.0,CCW,280.0,0.0669,13.152,21.783,1.66,-0.966,98.3,17.62,False,-2.5004,-1.896,46.87,138.26,408.73,3.295,15.205,0.0,18.5,1.078,PASS
var6_chiral_wpt_actuator,Chiral WPT Benchtop Actuator,WPT Benchtop,300.0,0.0,CW,300.0,0.0182,13.184,20.479,1.55,0.9653,98.26,17.53,False,2.1296,1.864,42.24,124.6,607.2,3.85,14.65,0.0,18.5,1.084,PASS
var6_chiral_wpt_actuator,Chiral WPT Benchtop Actuator,WPT Benchtop,300.0,0.0,CCW,300.0,0.0182,13.184,20.479,1.55,-0.9653,98.26,17.53,False,-2.1296,-1.864,42.24,124.6,607.2,3.85,14.65,0.0,18.5,1.084,PASS
var6_chiral_wpt_actuator,Chiral WPT Benchtop Actuator,WPT Benchtop,300.0,600.0,CW,280.0,0.0182,13.152,20.737,1.58,0.9653,98.26,17.53,False,2.2148,1.896,43.29,127.72,607.2,3.85,14.65,0.0,18.5,1.084,PASS
var6_chiral_wpt_actuator,Chiral WPT Benchtop Actuator,WPT Benchtop,300.0,600.0,CCW,320.0,0.0182,13.193,20.802,1.58,-0.9653,98.26,17.53,False,-2.2148,-1.832,43.29,127.72,607.2,3.85,14.65,0.0,18.5,1.084,PASS
var6_chiral_wpt_actuator,Chiral WPT Benchtop Actuator,WPT Benchtop,300.0,1200.0,CW,260.0,0.0182,13.095,20.952,1.6,0.9653,98.26,17.53,False,2.3,1.928,44.35,130.83,607.2,3.85,14.65,0.0,18.5,1.084,PASS
var6_chiral_wpt_actuator,Chiral WPT Benchtop Actuator,WPT Benchtop,300.0,1200.0,CCW,340.0,0.0182,13.185,21.096,1.6,-0.9653,98.26,17.53,False,-2.3,-1.801,44.35,130.83,607.2,3.85,14.65,0.0,18.5,1.084,PASS
var6_chiral_wpt_actuator,Chiral WPT Benchtop Actuator,WPT Benchtop,300.0,2400.0,CW,220.0,0.0182,12.883,21.212,1.65,0.9653,98.26,17.53,False,2.4704,1.987,46.46,137.06,607.2,3.85,14.65,0.0,18.5,1.084,PASS
var6_chiral_wpt_actuator,Chiral WPT Benchtop Actuator,WPT Benchtop,300.0,2400.0,CCW,380.0,0.0182,13.125,21.612,1.65,-0.9653,98.26,17.53,False,-2.4704,-1.74,46.46,137.06,607.2,3.85,14.65,0.0,18.5,1.084,PASS
var6_chiral_wpt_actuator,Chiral WPT Benchtop Actuator,WPT Benchtop,500.0,0.0,CW,500.0,0.0053,12.735,19.751,1.55,0.9651,98.25,17.5,False,2.1228,1.58,42.14,124.31,1009.4,3.85,14.65,0.0,18.5,1.1,PASS
var6_chiral_wpt_actuator,Chiral WPT Benchtop Actuator,WPT Benchtop,500.0,0.0,CCW,500.0,0.0053,12.735,19.751,1.55,-0.9651,98.25,17.5,False,-2.1228,-1.58,42.14,124.31,1009.4,3.85,14.65,0.0,18.5,1.1,PASS
var6_chiral_wpt_actuator,Chiral WPT Benchtop Actuator,WPT Benchtop,500.0,600.0,CW,480.0,0.0053,12.814,20.172,1.57,0.9651,98.25,17.5,False,2.2077,1.605,43.19,127.42,1009.4,3.85,14.65,0.0,18.5,1.1,PASS
var6_chiral_wpt_actuator,Chiral WPT Benchtop Actuator,WPT Benchtop,500.0,600.0,CCW,520.0,0.0053,12.652,19.917,1.57,-0.9651,98.25,17.5,False,-2.2077,-1.557,43.19,127.42,1009.4,3.85,14.65,0.0,18.5,1.1,PASS
var6_chiral_wpt_actuator,Chiral WPT Benchtop Actuator,WPT Benchtop,500.0,1200.0,CW,460.0,0.0053,12.889,20.59,1.6,0.9651,98.25,17.5,False,2.2926,1.63,44.25,130.53,1009.4,3.85,14.65,0.0,18.5,1.1,PASS
var6_chiral_wpt_actuator,Chiral WPT Benchtop Actuator,WPT Benchtop,500.0,1200.0,CCW,540.0,0.0053,12.566,20.075,1.6,-0.9651,98.25,17.5,False,-2.2926,-1.534,44.25,130.53,1009.4,3.85,14.65,0.0,18.5,1.1,PASS
var6_chiral_wpt_actuator,Chiral WPT Benchtop Actuator,WPT Benchtop,500.0,2400.0,CW,420.0,0.0053,13.022,21.409,1.64,0.9651,98.25,17.5,False,2.4624,1.683,46.35,136.74,1009.4,3.85,14.65,0.0,18.5,1.1,PASS
var6_chiral_wpt_actuator,Chiral WPT Benchtop Actuator,WPT Benchtop,500.0,2400.0,CCW,580.0,0.0053,12.389,20.367,1.64,-0.9651,98.25,17.5,False,-2.4624,-1.492,46.35,136.74,1009.4,3.85,14.65,0.0,18.5,1.1,PASS
var6_chiral_wpt_actuator,Chiral WPT Benchtop Actuator,WPT Benchtop,1000.0,0.0,CW,1000.0,0.0012,10.514,16.3,1.55,0.965,98.25,17.5,False,2.1206,1.18,42.11,124.22,2017.15,3.85,14.65,0.0,18.5,1.14,PASS
var6_chiral_wpt_actuator,Chiral WPT Benchtop Actuator,WPT Benchtop,1000.0,0.0,CCW,1000.0,0.0012,10.514,16.3,1.55,-0.965,98.25,17.5,False,-2.1206,-1.18,42.11,124.22,2017.15,3.85,14.65,0.0,18.5,1.14,PASS
var6_chiral_wpt_actuator,Chiral WPT Benchtop Actuator,WPT Benchtop,1000.0,600.0,CW,980.0,0.0012,10.596,16.672,1.57,0.965,98.25,17.5,False,2.2055,1.191,43.16,127.33,2017.15,3.85,14.65,0.0,18.5,1.14,PASS
var6_chiral_wpt_actuator,Chiral WPT Benchtop Actuator,WPT Benchtop,1000.0,600.0,CCW,1020.0,0.0012,10.434,16.418,1.57,-0.965,98.25,17.5,False,-2.2055,-1.17,43.16,127.33,2017.15,3.85,14.65,0.0,18.5,1.14,PASS
var6_chiral_wpt_actuator,Chiral WPT Benchtop Actuator,WPT Benchtop,1000.0,1200.0,CW,960.0,0.0012,10.678,17.05,1.6,0.965,98.25,17.5,False,2.2903,1.202,44.21,130.43,2017.15,3.85,14.65,0.0,18.5,1.14,PASS
var6_chiral_wpt_actuator,Chiral WPT Benchtop Actuator,WPT Benchtop,1000.0,1200.0,CCW,1040.0,0.0012,10.355,16.534,1.6,-0.965,98.25,17.5,False,-2.2903,-1.159,44.21,130.43,2017.15,3.85,14.65,0.0,18.5,1.14,PASS
var6_chiral_wpt_actuator,Chiral WPT Benchtop Actuator,WPT Benchtop,1000.0,2400.0,CW,920.0,0.0012,10.846,17.823,1.64,0.965,98.25,17.5,False,2.4599,1.225,46.32,136.64,2017.15,3.85,14.65,0.0,18.5,1.14,PASS
var6_chiral_wpt_actuator,Chiral WPT Benchtop Actuator,WPT Benchtop,1000.0,2400.0,CCW,1080.0,0.0012,10.2,16.76,1.64,-0.965,98.25,17.5,False,-2.4599,-1.139,46.32,136.64,2017.15,3.85,14.65,0.0,18.5,1.14,PASS
var7_chiral_diode,Chiral Diode (+45°/+15°/-22.5°),Chiral Diode,25.0,0.0,CW,25.0,0.0039,8.113,13.637,1.68,0.9999,99.99,40.0,False,7.8275,0.856,64.84,210.75,80.19,1.85,16.65,0.0,18.5,1.062,PASS
var7_chiral_diode,Chiral Diode (+45°/+15°/-22.5°),Chiral Diode,25.0,0.0,CCW,25.0,0.0039,8.113,13.637,1.68,-0.9999,99.99,40.0,False,-7.8275,-0.856,64.84,210.75,80.19,1.85,16.65,0.0,18.5,1.062,PASS
var7_chiral_diode,Chiral Diode (+45°/+15°/-22.5°),Chiral Diode,25.0,600.0,CW,5.0,0.0039,3.732,6.366,1.71,0.9999,99.99,40.0,False,8.1406,0.19,66.47,216.01,80.19,1.85,16.65,0.0,18.5,1.062,PASS
var7_chiral_diode,Chiral Diode (+45°/+15°/-22.5°),Chiral Diode,25.0,600.0,CCW,45.0,0.0039,10.535,17.973,1.71,-0.9999,99.99,40.0,False,-8.1406,-1.331,66.47,216.01,80.19,1.85,16.65,0.0,18.5,1.062,PASS
var7_chiral_diode,Chiral Diode (+45°/+15°/-22.5°),Chiral Diode,25.0,1200.0,CW,15.0,0.0039,6.379,11.044,1.73,0.9999,99.99,40.0,False,8.4537,0.546,68.09,221.28,80.19,1.85,16.65,0.0,18.5,1.062,PASS
var7_chiral_diode,Chiral Diode (+45°/+15°/-22.5°),Chiral Diode,25.0,1200.0,CCW,65.0,0.0039,12.231,21.174,1.73,-0.9999,99.99,40.0,False,-8.4537,-1.642,68.09,221.28,80.19,1.85,16.65,0.0,18.5,1.062,PASS
var7_chiral_diode,Chiral Diode (+45°/+15°/-22.5°),Chiral Diode,25.0,2400.0,CW,55.0,0.0039,11.449,20.398,1.78,0.9999,99.99,40.0,False,9.0799,1.504,71.33,231.82,80.19,1.85,16.65,0.0,18.5,1.062,PASS
var7_chiral_diode,Chiral Diode (+45°/+15°/-22.5°),Chiral Diode,25.0,2400.0,CCW,105.0,0.0039,14.472,25.783,1.78,-0.9999,99.99,40.0,False,-9.0799,-1.947,71.33,231.82,80.19,1.85,16.65,0.0,18.5,1.062,PASS
var7_chiral_diode,Chiral Diode (+45°/+15°/-22.5°),Chiral Diode,50.0,0.0,CW,50.0,0.0203,11.011,18.544,1.68,0.9999,100.0,40.0,False,7.8597,1.422,65.04,211.37,160.9,1.85,16.65,0.0,18.5,1.065,PASS
var7_chiral_diode,Chiral Diode (+45°/+15°/-22.5°),Chiral Diode,50.0,0.0,CCW,50.0,0.0203,11.011,18.544,1.68,-0.9999,100.0,40.0,False,-7.8597,-1.422,65.04,211.37,160.9,1.85,16.65,0.0,18.5,1.065,PASS
var7_chiral_diode,Chiral Diode (+45°/+15°/-22.5°),Chiral Diode,50.0,600.0,CW,30.0,0.0203,8.818,15.073,1.71,0.9999,100.0,40.0,False,8.1741,0.992,66.66,216.65,160.9,1.85,16.65,0.0,18.5,1.065,PASS
var7_chiral_diode,Chiral Diode (+45°/+15°/-22.5°),Chiral Diode,50.0,600.0,CCW,70.0,0.0203,12.581,21.506,1.71,-0.9999,100.0,40.0,False,-8.1741,-1.7,66.66,216.65,160.9,1.85,16.65,0.0,18.5,1.065,PASS
var7_chiral_diode,Chiral Diode (+45°/+15°/-22.5°),Chiral Diode,50.0,1200.0,CW,10.0,0.0203,5.245,9.097,1.73,0.9999,100.0,40.0,False,8.4885,0.373,68.29,221.94,160.9,1.85,16.65,0.0,18.5,1.065,PASS
var7_chiral_diode,Chiral Diode (+45°/+15°/-22.5°),Chiral Diode,50.0,1200.0,CCW,90.0,0.0203,13.765,23.877,1.73,-0.9999,100.0,40.0,False,-8.4885,-1.869,68.29,221.94,160.9,1.85,16.65,0.0,18.5,1.065,PASS
var7_chiral_diode,Chiral Diode (+45°/+15°/-22.5°),Chiral Diode,50.0,2400.0,CW,30.0,0.0203,8.818,15.741,1.79,0.9999,100.0,40.0,False,9.1173,0.992,71.54,232.51,160.9,1.85,16.65,0.0,18.5,1.065,PASS
var7_chiral_diode,Chiral Diode (+45°/+15°/-22.5°),Chiral Diode,50.0,2400.0,CCW,130.0,0.0203,15.393,27.479,1.79,-0.9999,100.0,40.0,False,-9.1173,-2.016,71.54,232.51,160.9,1.85,16.65,0.0,18.5,1.065,PASS
var7_chiral_diode,Chiral Diode (+45°/+15°/-22.5°),Chiral Diode,80.0,0.0,CW,80.0,0.1052,13.213,22.477,1.7,0.9999,100.0,40.0,False,8.0256,1.795,66.03,214.59,261.79,1.85,16.65,0.0,18.5,1.069,PASS
var7_chiral_diode,Chiral Diode (+45°/+15°/-22.5°),Chiral Diode,80.0,0.0,CCW,80.0,0.1052,13.213,22.477,1.7,-0.9999,100.0,40.0,False,-8.0256,-1.795,66.03,214.59,261.79,1.85,16.65,0.0,18.5,1.069,PASS
var7_chiral_diode,Chiral Diode (+45°/+15°/-22.5°),Chiral Diode,80.0,600.0,CW,60.0,0.1052,11.855,20.47,1.73,0.9999,100.0,40.0,False,8.3467,1.577,67.68,219.95,261.79,1.85,16.65,0.0,18.5,1.069,PASS
var7_chiral_diode,Chiral Diode (+45°/+15°/-22.5°),Chiral Diode,80.0,600.0,CCW,100.0,0.1052,14.251,24.607,1.73,-0.9999,100.0,40.0,False,-8.3467,-1.925,67.68,219.95,261.79,1.85,16.65,0.0,18.5,1.069,PASS
var7_chiral_diode,Chiral Diode (+45°/+15°/-22.5°),Chiral Diode,80.0,1200.0,CW,40.0,0.1052,10.017,17.552,1.75,0.9999,100.0,40.0,False,8.6677,1.229,69.33,225.32,261.79,1.85,16.65,0.0,18.5,1.069,PASS
var7_chiral_diode,Chiral Diode (+45°/+15°/-22.5°),Chiral Diode,80.0,1200.0,CCW,120.0,0.1052,15.058,26.385,1.75,-0.9999,100.0,40.0,False,-8.6677,-1.996,69.33,225.32,261.79,1.85,16.65,0.0,18.5,1.069,PASS
var7_chiral_diode,Chiral Diode (+45°/+15°/-22.5°),Chiral Diode,80.0,2400.0,CW,0.0,0.1052,0.53,0.956,1.8,0.9999,100.0,40.0,False,9.3097,0.0,72.63,236.05,261.79,1.85,16.65,0.0,18.5,1.069,PASS
var7_chiral_diode,Chiral Diode (+45°/+15°/-22.5°),Chiral Diode,80.0,2400.0,CCW,160.0,0.1052,16.184,29.184,1.8,-0.9999,100.0,40.0,False,-9.3097,-2.037,72.63,236.05,261.79,1.85,16.65,0.0,18.5,1.069,PASS
var7_chiral_diode,Chiral Diode (+45°/+15°/-22.5°),Chiral Diode,100.0,0.0,CW,100.0,0.3778,14.251,25.027,1.76,0.9999,100.0,40.0,False,8.5586,1.925,69.21,224.92,344.72,2.003,16.497,0.0,18.5,1.077,PASS
var7_chiral_diode,Chiral Diode (+45°/+15°/-22.5°),Chiral Diode,100.0,0.0,CCW,100.0,0.3778,14.251,25.027,1.76,-0.9999,100.0,40.0,False,-8.5586,-1.925,69.21,224.92,344.72,2.003,16.497,0.0,18.5,1.077,PASS
var7_chiral_diode,Chiral Diode (+45°/+15°/-22.5°),Chiral Diode,100.0,600.0,CW,80.0,0.3778,13.213,23.552,1.78,0.9999,100.0,40.0,False,8.9009,1.795,70.94,230.54,344.72,2.003,16.497,0.0,18.5,1.077,PASS
var7_chiral_diode,Chiral Diode (+45°/+15°/-22.5°),Chiral Diode,100.0,600.0,CCW,120.0,0.3778,15.058,26.841,1.78,-0.9999,100.0,40.0,False,-8.9009,-1.996,70.94,230.54,344.72,2.003,16.497,0.0,18.5,1.077,PASS
var7_chiral_diode,Chiral Diode (+45°/+15°/-22.5°),Chiral Diode,100.0,1200.0,CW,60.0,0.3778,11.855,21.443,1.81,0.9999,100.0,40.0,False,9.2433,1.577,72.67,236.17,344.72,2.003,16.497,0.0,18.5,1.077,PASS
var7_chiral_diode,Chiral Diode (+45°/+15°/-22.5°),Chiral Diode,100.0,1200.0,CCW,140.0,0.3778,15.689,28.38,1.81,-0.9999,100.0,40.0,False,-9.2433,-2.029,72.67,236.17,344.72,2.003,16.497,0.0,18.5,1.077,PASS
var7_chiral_diode,Chiral Diode (+45°/+15°/-22.5°),Chiral Diode,100.0,2400.0,CW,20.0,0.3778,7.312,13.612,1.86,0.9999,100.0,40.0,False,9.928,0.707,76.13,247.41,344.72,2.003,16.497,0.0,18.5,1.077,PASS
var7_chiral_diode,Chiral Diode (+45°/+15°/-22.5°),Chiral Diode,100.0,2400.0,CCW,180.0,0.3778,16.569,30.845,1.86,-0.9999,100.0,40.0,False,-9.928,-2.029,76.13,247.41,344.72,2.003,16.497,0.0,18.5,1.077,PASS
var7_chiral_diode,Chiral Diode (+45°/+15°/-22.5°),Chiral Diode,120.0,0.0,CW,120.0,1.0,15.058,28.333,1.88,0.9999,100.0,40.0,False,9.775,1.996,76.46,248.51,461.52,2.55,15.95,0.0,18.5,1.095,PASS
var7_chiral_diode,Chiral Diode (+45°/+15°/-22.5°),Chiral Diode,120.0,0.0,CCW,120.0,1.0,15.058,28.333,1.88,-0.9999,100.0,40.0,False,-9.775,-1.996,76.46,248.51,461.52,2.55,15.95,0.0,18.5,1.095,PASS
var7_chiral_diode,Chiral Diode (+45°/+15°/-22.5°),Chiral Diode,120.0,600.0,CW,100.0,1.0,14.251,27.217,1.91,0.9999,100.0,40.0,False,10.166,1.925,78.38,254.72,461.52,2.55,15.95,0.0,18.5,1.095,PASS
var7_chiral_diode,Chiral Diode (+45°/+15°/-22.5°),Chiral Diode,120.0,600.0,CCW,140.0,1.0,15.689,29.964,1.91,-0.9999,100.0,40.0,False,-10.166,-2.029,78.38,254.72,461.52,2.55,15.95,0.0,18.5,1.095,PASS
var7_chiral_diode,Chiral Diode (+45°/+15°/-22.5°),Chiral Diode,120.0,1200.0,CW,80.0,1.0,13.213,25.607,1.94,0.9999,100.0,40.0,False,10.557,1.795,80.29,260.93,461.52,2.55,15.95,0.0,18.5,1.095,PASS
var7_chiral_diode,Chiral Diode (+45°/+15°/-22.5°),Chiral Diode,120.0,1200.0,CCW,160.0,1.0,16.184,31.366,1.94,-0.9999,100.0,40.0,False,-10.557,-2.037,80.29,260.93,461.52,2.55,15.95,0.0,18.5,1.095,PASS
var7_chiral_diode,Chiral Diode (+45°/+15°/-22.5°),Chiral Diode,120.0,2400.0,CW,40.0,1.0,10.017,19.978,1.99,0.9999,100.0,40.0,False,11.339,1.229,84.11,273.36,461.52,2.55,15.95,0.0,18.5,1.095,PASS
var7_chiral_diode,Chiral Diode (+45°/+15°/-22.5°),Chiral Diode,120.0,2400.0,CCW,200.0,1.0,16.867,33.641,1.99,-0.9999,100.0,40.0,False,-11.339,-2.011,84.11,273.36,461.52,2.55,15.95,0.0,18.5,1.095,PASS
var7_chiral_diode,Chiral Diode (+45°/+15°/-22.5°),Chiral Diode,150.0,0.0,CW,150.0,0.2873,15.952,27.723,1.74,0.9999,100.0,40.0,False,8.3817,2.036,68.15,221.49,508.37,2.697,15.803,0.0,18.5,1.079,PASS
var7_chiral_diode,Chiral Diode (+45°/+15°/-22.5°),Chiral Diode,150.0,0.0,CCW,150.0,0.2873,15.952,27.723,1.74,-0.9999,100.0,40.0,False,-8.3817,-2.036,68.15,221.49,508.37,2.697,15.803,0.0,18.5,1.079,PASS
var7_chiral_diode,Chiral Diode (+45°/+15°/-22.5°),Chiral Diode,150.0,600.0,CW,130.0,0.2873,15.393,27.153,1.76,0.9999,100.0,40.0,False,8.7169,2.016,69.85,227.03,508.37,2.697,15.803,0.0,18.5,1.079,PASS
var7_chiral_diode,Chiral Diode (+45°/+15°/-22.5°),Chiral Diode,150.0,600.0,CCW,170.0,0.2873,16.389,28.91,1.76,-0.9999,100.0,40.0,False,-8.7169,-2.035,69.85,227.03,508.37,2.697,15.803,0.0,18.5,1.079,PASS
var7_chiral_diode,Chiral Diode (+45°/+15°/-22.5°),Chiral Diode,150.0,1200.0,CW,110.0,0.2873,14.679,26.277,1.79,0.9999,100.0,40.0,False,9.0522,1.966,71.56,232.57,508.37,2.697,15.803,0.0,18.5,1.079,PASS
var7_chiral_diode,Chiral Diode (+45°/+15°/-22.5°),Chiral Diode,150.0,1200.0,CCW,190.0,0.2873,16.728,29.944,1.79,-0.9999,100.0,40.0,False,-9.0522,-2.021,71.56,232.57,508.37,2.697,15.803,0.0,18.5,1.079,PASS
var7_chiral_diode,Chiral Diode (+45°/+15°/-22.5°),Chiral Diode,150.0,2400.0,CW,70.0,0.2873,12.581,23.177,1.84,0.9999,100.0,40.0,False,9.7227,1.7,74.97,243.64,508.37,2.697,15.803,0.0,18.5,1.079,PASS
var7_chiral_diode,Chiral Diode (+45°/+15°/-22.5°),Chiral Diode,150.0,2400.0,CCW,230.0,0.2873,17.181,31.651,1.84,-0.9999,100.0,40.0,False,-9.7227,-1.973,74.97,243.64,508.37,2.697,15.803,0.0,18.5,1.079,PASS
var7_chiral_diode,Chiral Diode (+45°/+15°/-22.5°),Chiral Diode,200.0,0.0,CW,200.0,0.0669,16.867,28.564,1.69,0.9999,100.0,40.0,False,7.9509,2.011,65.58,213.14,649.58,3.295,15.205,0.0,18.5,1.078,PASS
var7_chiral_diode,Chiral Diode (+45°/+15°/-22.5°),Chiral Diode,200.0,0.0,CCW,200.0,0.0669,16.867,28.564,1.69,-0.9999,100.0,40.0,False,-7.9509,-2.011,65.58,213.14,649.58,3.295,15.205,0.0,18.5,1.078,PASS
var7_chiral_diode,Chiral Diode (+45°/+15°/-22.5°),Chiral Diode,200.0,600.0,CW,180.0,0.0669,16.569,28.481,1.72,0.9999,100.0,40.0,False,8.2689,2.029,67.22,218.47,649.58,3.295,15.205,0.0,18.5,1.078,PASS
var7_chiral_diode,Chiral Diode (+45°/+15°/-22.5°),Chiral Diode,200.0,600.0,CCW,220.0,0.0669,17.092,29.379,1.72,-0.9999,100.0,40.0,False,-8.2689,-1.987,67.22,218.47,649.58,3.295,15.205,0.0,18.5,1.078,PASS
var7_chiral_diode,Chiral Diode (+45°/+15°/-22.5°),Chiral Diode,200.0,1200.0,CW,160.0,0.0669,16.184,28.23,1.74,0.9999,100.0,40.0,False,8.5869,2.037,68.86,223.79,649.58,3.295,15.205,0.0,18.5,1.078,PASS
var7_chiral_diode,Chiral Diode (+45°/+15°/-22.5°),Chiral Diode,200.0,1200.0,CCW,240.0,0.0669,17.258,30.102,1.74,-0.9999,100.0,40.0,False,-8.5869,-1.958,68.86,223.79,649.58,3.295,15.205,0.0,18.5,1.078,PASS
var7_chiral_diode,Chiral Diode (+45°/+15°/-22.5°),Chiral Diode,200.0,2400.0,CW,120.0,0.0669,15.058,27.03,1.8,0.9999,100.0,40.0,False,9.223,1.996,72.14,234.45,649.58,3.295,15.205,0.0,18.5,1.078,PASS
var7_chiral_diode,Chiral Diode (+45°/+15°/-22.5°),Chiral Diode,200.0,2400.0,CCW,280.0,0.0669,17.45,31.324,1.8,-0.9999,100.0,40.0,False,-9.223,-1.896,72.14,234.45,649.58,3.295,15.205,0.0,18.5,1.078,PASS
var7_chiral_diode,Chiral Diode (+45°/+15°/-22.5°),Chiral Diode,300.0,0.0,CW,300.0,0.0182,17.491,29.45,1.68,0.9999,100.0,40.0,False,7.8555,1.864,65.01,211.29,964.99,3.85,14.65,0.0,18.5,1.084,PASS
var7_chiral_diode,Chiral Diode (+45°/+15°/-22.5°),Chiral Diode,300.0,0.0,CCW,300.0,0.0182,17.491,29.45,1.68,-0.9999,100.0,40.0,False,-7.8555,-1.864,65.01,211.29,964.99,3.85,14.65,0.0,18.5,1.084,PASS
var7_chiral_diode,Chiral Diode (+45°/+15°/-22.5°),Chiral Diode,300.0,600.0,CW,280.0,0.0182,17.45,29.82,1.71,0.9999,100.0,40.0,False,8.1698,1.896,66.64,216.57,964.99,3.85,14.65,0.0,18.5,1.084,PASS
var7_chiral_diode,Chiral Diode (+45°/+15°/-22.5°),Chiral Diode,300.0,600.0,CCW,320.0,0.0182,17.504,29.913,1.71,-0.9999,100.0,40.0,False,-8.1698,-1.832,66.64,216.57,964.99,3.85,14.65,0.0,18.5,1.084,PASS
var7_chiral_diode,Chiral Diode (+45°/+15°/-22.5°),Chiral Diode,300.0,1200.0,CW,260.0,0.0182,17.374,30.13,1.73,0.9999,100.0,40.0,False,8.484,1.928,68.26,221.85,964.99,3.85,14.65,0.0,18.5,1.084,PASS
var7_chiral_diode,Chiral Diode (+45°/+15°/-22.5°),Chiral Diode,300.0,1200.0,CCW,340.0,0.0182,17.493,30.336,1.73,-0.9999,100.0,40.0,False,-8.484,-1.801,68.26,221.85,964.99,3.85,14.65,0.0,18.5,1.084,PASS
var7_chiral_diode,Chiral Diode (+45°/+15°/-22.5°),Chiral Diode,300.0,2400.0,CW,220.0,0.0182,17.092,30.503,1.78,0.9999,100.0,40.0,False,9.1124,1.987,71.51,232.42,964.99,3.85,14.65,0.0,18.5,1.084,PASS
var7_chiral_diode,Chiral Diode (+45°/+15°/-22.5°),Chiral Diode,300.0,2400.0,CCW,380.0,0.0182,17.414,31.078,1.78,-0.9999,100.0,40.0,False,-9.1124,-1.74,71.51,232.42,964.99,3.85,14.65,0.0,18.5,1.084,PASS
var7_chiral_diode,Chiral Diode (+45°/+15°/-22.5°),Chiral Diode,500.0,0.0,CW,500.0,0.0053,16.895,28.402,1.68,0.9999,99.99,40.0,False,7.8303,1.58,64.86,210.8,1604.19,3.85,14.65,0.0,18.5,1.1,PASS
var7_chiral_diode,Chiral Diode (+45°/+15°/-22.5°),Chiral Diode,500.0,0.0,CCW,500.0,0.0053,16.895,28.402,1.68,-0.9999,99.99,40.0,False,-7.8303,-1.58,64.86,210.8,1604.19,3.85,14.65,0.0,18.5,1.1,PASS
var7_chiral_diode,Chiral Diode (+45°/+15°/-22.5°),Chiral Diode,500.0,600.0,CW,480.0,0.0053,17.001,29.008,1.71,0.9999,99.99,40.0,False,8.1435,1.605,66.48,216.07,1604.19,3.85,14.65,0.0,18.5,1.1,PASS
var7_chiral_diode,Chiral Diode (+45°/+15°/-22.5°),Chiral Diode,500.0,600.0,CCW,520.0,0.0053,16.786,28.641,1.71,-0.9999,99.99,40.0,False,-8.1435,-1.557,66.48,216.07,1604.19,3.85,14.65,0.0,18.5,1.1,PASS
var7_chiral_diode,Chiral Diode (+45°/+15°/-22.5°),Chiral Diode,500.0,1200.0,CW,460.0,0.0053,17.1,29.609,1.73,0.9999,99.99,40.0,False,8.4567,1.63,68.1,221.34,1604.19,3.85,14.65,0.0,18.5,1.1,PASS
var7_chiral_diode,Chiral Diode (+45°/+15°/-22.5°),Chiral Diode,500.0,1200.0,CCW,540.0,0.0053,16.672,28.867,1.73,-0.9999,99.99,40.0,False,-8.4567,-1.534,68.1,221.34,1604.19,3.85,14.65,0.0,18.5,1.1,PASS
var7_chiral_diode,Chiral Diode (+45°/+15°/-22.5°),Chiral Diode,500.0,2400.0,CW,420.0,0.0053,17.277,30.786,1.78,0.9999,99.99,40.0,False,9.0831,1.683,71.35,231.88,1604.19,3.85,14.65,0.0,18.5,1.1,PASS
var7_chiral_diode,Chiral Diode (+45°/+15°/-22.5°),Chiral Diode,500.0,2400.0,CCW,580.0,0.0053,16.436,29.288,1.78,-0.9999,99.99,40.0,False,-9.0831,-1.492,71.35,231.88,1604.19,3.85,14.65,0.0,18.5,1.1,PASS
var7_chiral_diode,Chiral Diode (+45°/+15°/-22.5°),Chiral Diode,1000.0,0.0,CW,1000.0,0.0012,13.95,23.439,1.68,0.9998,99.99,40.0,False,7.8224,1.18,64.81,210.65,3205.77,3.85,14.65,0.0,18.5,1.14,PASS
var7_chiral_diode,Chiral Diode (+45°/+15°/-22.5°),Chiral Diode,1000.0,0.0,CCW,1000.0,0.0012,13.95,23.439,1.68,-0.9998,99.99,40.0,False,-7.8224,-1.18,64.81,210.65,3205.77,3.85,14.65,0.0,18.5,1.14,PASS
var7_chiral_diode,Chiral Diode (+45°/+15°/-22.5°),Chiral Diode,1000.0,600.0,CW,980.0,0.0012,14.058,23.975,1.71,0.9998,99.99,40.0,False,8.1353,1.191,66.43,215.91,3205.77,3.85,14.65,0.0,18.5,1.14,PASS
var7_chiral_diode,Chiral Diode (+45°/+15°/-22.5°),Chiral Diode,1000.0,600.0,CCW,1020.0,0.0012,13.843,23.609,1.71,-0.9998,99.99,40.0,False,-8.1353,-1.17,66.43,215.91,3205.77,3.85,14.65,0.0,18.5,1.14,PASS
var7_chiral_diode,Chiral Diode (+45°/+15°/-22.5°),Chiral Diode,1000.0,1200.0,CW,960.0,0.0012,14.167,24.518,1.73,0.9998,99.99,40.0,False,8.4482,1.202,68.05,221.18,3205.77,3.85,14.65,0.0,18.5,1.14,PASS
var7_chiral_diode,Chiral Diode (+45°/+15°/-22.5°),Chiral Diode,1000.0,1200.0,CCW,1040.0,0.0012,13.738,23.776,1.73,-0.9998,99.99,40.0,False,-8.4482,-1.159,68.05,221.18,3205.77,3.85,14.65,0.0,18.5,1.14,PASS
var7_chiral_diode,Chiral Diode (+45°/+15°/-22.5°),Chiral Diode,1000.0,2400.0,CW,920.0,0.0012,14.39,25.629,1.78,0.9998,99.99,40.0,False,9.0739,1.225,71.3,231.71,3205.77,3.85,14.65,0.0,18.5,1.14,PASS
var7_chiral_diode,Chiral Diode (+45°/+15°/-22.5°),Chiral Diode,1000.0,2400.0,CCW,1080.0,0.0012,13.532,24.102,1.78,-0.9998,99.99,40.0,False,-9.0739,-1.139,71.3,231.71,3205.77,3.85,14.65,0.0,18.5,1.14,PASS
var8_inner_coils_collimator,Inner Coils + Cu Collimator (200mm),Inner + Collimator,25.0,0.0,CW,25.0,0.0039,23.537,40.502,1.72,0.9721,98.6,18.49,False,21.4707,0.856,88.56,301.11,142.86,1.85,16.65,0.0,18.5,1.062,PASS
var8_inner_coils_collimator,Inner Coils + Cu Collimator (200mm),Inner + Collimator,25.0,0.0,CCW,25.0,0.0039,23.537,40.502,1.72,-0.9721,98.6,18.49,False,-21.4707,-0.856,88.56,301.11,142.86,1.85,16.65,0.0,18.5,1.062,PASS
var8_inner_coils_collimator,Inner Coils + Cu Collimator (200mm),Inner + Collimator,25.0,600.0,CW,5.0,0.0039,10.826,18.909,1.75,0.9721,98.6,18.49,False,22.3295,0.19,90.78,308.64,142.86,1.85,16.65,0.0,18.5,1.062,PASS
var8_inner_coils_collimator,Inner Coils + Cu Collimator (200mm),Inner + Collimator,25.0,600.0,CCW,45.0,0.0039,30.563,53.382,1.75,-0.9721,98.6,18.49,False,-22.3295,-1.331,90.78,308.64,142.86,1.85,16.65,0.0,18.5,1.062,PASS
var8_inner_coils_collimator,Inner Coils + Cu Collimator (200mm),Inner + Collimator,25.0,1200.0,CW,15.0,0.0039,18.506,32.801,1.77,0.9721,98.6,18.49,False,23.1883,0.546,92.99,316.16,142.86,1.85,16.65,0.0,18.5,1.062,PASS
var8_inner_coils_collimator,Inner Coils + Cu Collimator (200mm),Inner + Collimator,25.0,1200.0,CCW,65.0,0.0039,35.483,62.89,1.77,-0.9721,98.6,18.49,False,-23.1883,-1.642,92.99,316.16,142.86,1.85,16.65,0.0,18.5,1.062,PASS
var8_inner_coils_collimator,Inner Coils + Cu Collimator (200mm),Inner + Collimator,25.0,2400.0,CW,55.0,0.0039,33.215,60.585,1.82,0.9721,98.6,18.49,False,24.906,1.504,97.42,331.22,142.86,1.85,16.65,0.0,18.5,1.062,PASS
var8_inner_coils_collimator,Inner Coils + Cu Collimator (200mm),Inner + Collimator,25.0,2400.0,CCW,105.0,0.0039,41.983,76.578,1.82,-0.9721,98.6,18.49,False,-24.906,-1.947,97.42,331.22,142.86,1.85,16.65,0.0,18.5,1.062,PASS
var8_inner_coils_collimator,Inner Coils + Cu Collimator (200mm),Inner + Collimator,50.0,0.0,CW,50.0,0.0203,31.943,55.076,1.72,0.9723,98.61,18.52,False,21.559,1.422,88.82,302.0,286.66,1.85,16.65,0.0,18.5,1.065,PASS
var8_inner_coils_collimator,Inner Coils + Cu Collimator (200mm),Inner + Collimator,50.0,0.0,CCW,50.0,0.0203,31.943,55.076,1.72,-0.9723,98.61,18.52,False,-21.559,-1.422,88.82,302.0,286.66,1.85,16.65,0.0,18.5,1.065,PASS
var8_inner_coils_collimator,Inner Coils + Cu Collimator (200mm),Inner + Collimator,50.0,600.0,CW,30.0,0.0203,25.58,44.767,1.75,0.9723,98.61,18.52,False,22.4214,0.992,91.04,309.55,286.66,1.85,16.65,0.0,18.5,1.065,PASS
var8_inner_coils_collimator,Inner Coils + Cu Collimator (200mm),Inner + Collimator,50.0,600.0,CCW,70.0,0.0203,36.498,63.874,1.75,-0.9723,98.61,18.52,False,-22.4214,-1.7,91.04,309.55,286.66,1.85,16.65,0.0,18.5,1.065,PASS
var8_inner_coils_collimator,Inner Coils + Cu Collimator (200mm),Inner + Collimator,50.0,1200.0,CW,10.0,0.0203,15.215,27.02,1.78,0.9723,98.61,18.52,False,23.2837,0.373,93.27,317.1,286.66,1.85,16.65,0.0,18.5,1.065,PASS
var8_inner_coils_collimator,Inner Coils + Cu Collimator (200mm),Inner + Collimator,50.0,1200.0,CCW,90.0,0.0203,39.933,70.918,1.78,-0.9723,98.61,18.52,False,-23.2837,-1.869,93.27,317.1,286.66,1.85,16.65,0.0,18.5,1.065,PASS
var8_inner_coils_collimator,Inner Coils + Cu Collimator (200mm),Inner + Collimator,50.0,2400.0,CW,30.0,0.0203,25.58,46.752,1.83,0.9723,98.61,18.52,False,25.0085,0.992,97.71,332.2,286.66,1.85,16.65,0.0,18.5,1.065,PASS
var8_inner_coils_collimator,Inner Coils + Cu Collimator (200mm),Inner + Collimator,50.0,2400.0,CCW,130.0,0.0203,44.655,81.614,1.83,-0.9723,98.61,18.52,False,-25.0085,-2.016,97.71,332.2,286.66,1.85,16.65,0.0,18.5,1.065,PASS
var8_inner_coils_collimator,Inner Coils + Cu Collimator (200mm),Inner + Collimator,80.0,0.0,CW,80.0,0.1052,38.33,66.76,1.74,0.9735,98.68,18.73,False,22.0141,1.795,90.18,306.6,466.41,1.85,16.65,0.0,18.5,1.069,PASS
var8_inner_coils_collimator,Inner Coils + Cu Collimator (200mm),Inner + Collimator,80.0,0.0,CCW,80.0,0.1052,38.33,66.76,1.74,-0.9735,98.68,18.73,False,-22.0141,-1.795,90.18,306.6,466.41,1.85,16.65,0.0,18.5,1.069,PASS
var8_inner_coils_collimator,Inner Coils + Cu Collimator (200mm),Inner + Collimator,80.0,600.0,CW,60.0,0.1052,34.391,60.797,1.77,0.9735,98.68,18.73,False,22.8946,1.577,92.43,314.26,466.41,1.85,16.65,0.0,18.5,1.069,PASS
var8_inner_coils_collimator,Inner Coils + Cu Collimator (200mm),Inner + Collimator,80.0,600.0,CCW,100.0,0.1052,41.342,73.086,1.77,-0.9735,98.68,18.73,False,-22.8946,-1.925,92.43,314.26,466.41,1.85,16.65,0.0,18.5,1.069,PASS
var8_inner_coils_collimator,Inner Coils + Cu Collimator (200mm),Inner + Collimator,80.0,1200.0,CW,40.0,0.1052,29.058,52.13,1.79,0.9735,98.68,18.73,False,23.7752,1.229,94.68,321.93,466.41,1.85,16.65,0.0,18.5,1.069,PASS
var8_inner_coils_collimator,Inner Coils + Cu Collimator (200mm),Inner + Collimator,80.0,1200.0,CCW,120.0,0.1052,43.683,78.366,1.79,-0.9735,98.68,18.73,False,-23.7752,-1.996,94.68,321.93,466.41,1.85,16.65,0.0,18.5,1.069,PASS
var8_inner_coils_collimator,Inner Coils + Cu Collimator (200mm),Inner + Collimator,80.0,2400.0,CW,0.0,0.1052,1.538,2.84,1.85,0.9735,98.68,18.73,False,25.5363,0.0,99.19,337.26,466.41,1.85,16.65,0.0,18.5,1.069,PASS
var8_inner_coils_collimator,Inner Coils + Cu Collimator (200mm),Inner + Collimator,80.0,2400.0,CCW,160.0,0.1052,46.95,86.68,1.85,-0.9735,98.68,18.73,False,-25.5363,-2.037,99.19,337.26,466.41,1.85,16.65,0.0,18.5,1.069,PASS
var8_inner_coils_collimator,Inner Coils + Cu Collimator (200mm),Inner + Collimator,100.0,0.0,CW,100.0,0.3778,41.342,74.332,1.8,0.9775,98.88,19.44,False,23.4759,1.925,94.52,321.36,614.14,2.003,16.497,0.0,18.5,1.077,PASS
var8_inner_coils_collimator,Inner Coils + Cu Collimator (200mm),Inner + Collimator,100.0,0.0,CCW,100.0,0.3778,41.342,74.332,1.8,-0.9775,98.88,19.44,False,-23.4759,-1.925,94.52,321.36,614.14,2.003,16.497,0.0,18.5,1.077,PASS
var8_inner_coils_collimator,Inner Coils + Cu Collimator (200mm),Inner + Collimator,100.0,600.0,CW,80.0,0.3778,38.33,69.95,1.82,0.9775,98.88,19.44,False,24.415,1.795,96.88,329.4,614.14,2.003,16.497,0.0,18.5,1.077,PASS
var8_inner_coils_collimator,Inner Coils + Cu Collimator (200mm),Inner + Collimator,100.0,600.0,CCW,120.0,0.3778,43.683,79.719,1.82,-0.9775,98.88,19.44,False,-24.415,-1.996,96.88,329.4,614.14,2.003,16.497,0.0,18.5,1.077,PASS
var8_inner_coils_collimator,Inner Coils + Cu Collimator (200mm),Inner + Collimator,100.0,1200.0,CW,60.0,0.3778,34.391,63.689,1.85,0.9775,98.88,19.44,False,25.354,1.577,99.24,337.43,614.14,2.003,16.497,0.0,18.5,1.077,PASS
var8_inner_coils_collimator,Inner Coils + Cu Collimator (200mm),Inner + Collimator,100.0,1200.0,CCW,140.0,0.3778,45.515,84.291,1.85,-0.9775,98.88,19.44,False,-25.354,-2.029,99.24,337.43,614.14,2.003,16.497,0.0,18.5,1.077,PASS
var8_inner_coils_collimator,Inner Coils + Cu Collimator (200mm),Inner + Collimator,100.0,2400.0,CW,20.0,0.3778,21.213,40.43,1.91,0.9775,98.88,19.44,False,27.2321,0.707,103.97,353.5,614.14,2.003,16.497,0.0,18.5,1.077,PASS
var8_inner_coils_collimator,Inner Coils + Cu Collimator (200mm),Inner + Collimator,100.0,2400.0,CCW,180.0,0.3778,48.068,91.611,1.91,-0.9775,98.88,19.44,False,-27.2321,-2.029,103.97,353.5,614.14,2.003,16.497,0.0,18.5,1.077,PASS
var8_inner_coils_collimator,Inner Coils + Cu Collimator (200mm),Inner + Collimator,120.0,0.0,CW,120.0,1.0,43.683,84.151,1.93,0.9866,99.33,21.7,False,26.8125,1.996,104.43,355.06,822.24,2.55,15.95,0.0,18.5,1.095,PASS
var8_inner_coils_collimator,Inner Coils + Cu Collimator (200mm),Inner + Collimator,120.0,0.0,CCW,120.0,1.0,43.683,84.151,1.93,-0.9866,99.33,21.7,False,-26.8125,-1.996,104.43,355.06,822.24,2.55,15.95,0.0,18.5,1.095,PASS
var8_inner_coils_collimator,Inner Coils + Cu Collimator (200mm),Inner + Collimator,120.0,600.0,CW,100.0,1.0,41.342,80.836,1.96,0.9866,99.33,21.7,False,27.885,1.925,107.04,363.94,822.24,2.55,15.95,0.0,18.5,1.095,PASS
var8_inner_coils_collimator,Inner Coils + Cu Collimator (200mm),Inner + Collimator,120.0,600.0,CCW,140.0,1.0,45.515,88.996,1.96,-0.9866,99.33,21.7,False,-27.885,-2.029,107.04,363.94,822.24,2.55,15.95,0.0,18.5,1.095,PASS
var8_inner_coils_collimator,Inner Coils + Cu Collimator (200mm),Inner + Collimator,120.0,1200.0,CW,80.0,1.0,38.33,76.054,1.98,0.9866,99.33,21.7,False,28.9575,1.795,109.65,372.82,822.24,2.55,15.95,0.0,18.5,1.095,PASS
var8_inner_coils_collimator,Inner Coils + Cu Collimator (200mm),Inner + Collimator,120.0,1200.0,CCW,160.0,1.0,46.95,93.158,1.98,-0.9866,99.33,21.7,False,-28.9575,-2.037,109.65,372.82,822.24,2.55,15.95,0.0,18.5,1.095,PASS
var8_inner_coils_collimator,Inner Coils + Cu Collimator (200mm),Inner + Collimator,120.0,2400.0,CW,40.0,1.0,29.058,59.337,2.04,0.9866,99.33,21.7,False,31.1025,1.229,114.87,390.57,822.24,2.55,15.95,0.0,18.5,1.095,PASS
var8_inner_coils_collimator,Inner Coils + Cu Collimator (200mm),Inner + Collimator,120.0,2400.0,CCW,200.0,1.0,48.93,99.915,2.04,-0.9866,99.33,21.7,False,-31.1025,-2.011,114.87,390.57,822.24,2.55,15.95,0.0,18.5,1.095,PASS
var8_inner_coils_collimator,Inner Coils + Cu Collimator (200mm),Inner + Collimator,150.0,0.0,CW,150.0,0.2873,46.277,82.34,1.78,0.9762,98.81,19.19,False,22.9907,2.036,93.08,316.46,905.72,2.697,15.803,0.0,18.5,1.079,PASS
var8_inner_coils_collimator,Inner Coils + Cu Collimator (200mm),Inner + Collimator,150.0,0.0,CCW,150.0,0.2873,46.277,82.34,1.78,-0.9762,98.81,19.19,False,-22.9907,-2.036,93.08,316.46,905.72,2.697,15.803,0.0,18.5,1.079,PASS
var8_inner_coils_collimator,Inner Coils + Cu Collimator (200mm),Inner + Collimator,150.0,600.0,CW,130.0,0.2873,44.655,80.646,1.81,0.9762,98.81,19.19,False,23.9103,2.016,95.4,324.37,905.72,2.697,15.803,0.0,18.5,1.079,PASS
var8_inner_coils_collimator,Inner Coils + Cu Collimator (200mm),Inner + Collimator,150.0,600.0,CCW,170.0,0.2873,47.545,85.865,1.81,-0.9762,98.81,19.19,False,-23.9103,-2.035,95.4,324.37,905.72,2.697,15.803,0.0,18.5,1.079,PASS
var8_inner_coils_collimator,Inner Coils + Cu Collimator (200mm),Inner + Collimator,150.0,1200.0,CW,110.0,0.2873,42.585,78.044,1.83,0.9762,98.81,19.19,False,24.8299,1.966,97.73,332.28,905.72,2.697,15.803,0.0,18.5,1.079,PASS
var8_inner_coils_collimator,Inner Coils + Cu Collimator (200mm),Inner + Collimator,150.0,1200.0,CCW,190.0,0.2873,48.528,88.937,1.83,-0.9762,98.81,19.19,False,-24.8299,-2.021,97.73,332.28,905.72,2.697,15.803,0.0,18.5,1.079,PASS
var8_inner_coils_collimator,Inner Coils + Cu Collimator (200mm),Inner + Collimator,150.0,2400.0,CW,70.0,0.2873,36.498,68.838,1.89,0.9762,98.81,19.19,False,26.6692,1.7,102.38,348.11,905.72,2.697,15.803,0.0,18.5,1.079,PASS
var8_inner_coils_collimator,Inner Coils + Cu Collimator (200mm),Inner + Collimator,150.0,2400.0,CCW,230.0,0.2873,49.843,94.008,1.89,-0.9762,98.81,19.19,False,-26.6692,-1.973,102.38,348.11,905.72,2.697,15.803,0.0,18.5,1.079,PASS
var8_inner_coils_collimator,Inner Coils + Cu Collimator (200mm),Inner + Collimator,200.0,0.0,CW,200.0,0.0669,48.93,84.836,1.73,0.973,98.65,18.63,False,21.809,2.011,89.57,304.53,1157.29,3.295,15.205,0.0,18.5,1.078,PASS
var8_inner_coils_collimator,Inner Coils + Cu Collimator (200mm),Inner + Collimator,200.0,0.0,CCW,200.0,0.0669,48.93,84.836,1.73,-0.973,98.65,18.63,False,-21.809,-2.011,89.57,304.53,1157.29,3.295,15.205,0.0,18.5,1.078,PASS
var8_inner_coils_collimator,Inner Coils + Cu Collimator (200mm),Inner + Collimator,200.0,600.0,CW,180.0,0.0669,48.068,84.592,1.76,0.973,98.65,18.63,False,22.6813,2.029,91.81,312.14,1157.29,3.295,15.205,0.0,18.5,1.078,PASS
var8_inner_coils_collimator,Inner Coils + Cu Collimator (200mm),Inner + Collimator,200.0,600.0,CCW,220.0,0.0669,49.583,87.258,1.76,-0.973,98.65,18.63,False,-22.6813,-1.987,91.81,312.14,1157.29,3.295,15.205,0.0,18.5,1.078,PASS
var8_inner_coils_collimator,Inner Coils + Cu Collimator (200mm),Inner + Collimator,200.0,1200.0,CW,160.0,0.0669,46.95,83.845,1.79,0.973,98.65,18.63,False,23.5537,2.037,94.04,319.75,1157.29,3.295,15.205,0.0,18.5,1.078,PASS
var8_inner_coils_collimator,Inner Coils + Cu Collimator (200mm),Inner + Collimator,200.0,1200.0,CCW,240.0,0.0669,50.064,89.407,1.79,-0.973,98.65,18.63,False,-23.5537,-1.958,94.04,319.75,1157.29,3.295,15.205,0.0,18.5,1.078,PASS
var8_inner_coils_collimator,Inner Coils + Cu Collimator (200mm),Inner + Collimator,200.0,2400.0,CW,120.0,0.0669,43.683,80.283,1.84,0.973,98.65,18.63,False,25.2984,1.996,98.52,334.98,1157.29,3.295,15.205,0.0,18.5,1.078,PASS
var8_inner_coils_collimator,Inner Coils + Cu Collimator (200mm),Inner + Collimator,200.0,2400.0,CCW,280.0,0.0669,50.622,93.036,1.84,-0.973,98.65,18.63,False,-25.2984,-1.896,98.52,334.98,1157.29,3.295,15.205,0.0,18.5,1.078,PASS
var8_inner_coils_collimator,Inner Coils + Cu Collimator (200mm),Inner + Collimator,300.0,0.0,CW,300.0,0.0182,50.743,87.468,1.72,0.9723,98.61,18.52,False,21.5475,1.864,88.79,301.88,1719.23,3.85,14.65,0.0,18.5,1.084,PASS
var8_inner_coils_collimator,Inner Coils + Cu Collimator (200mm),Inner + Collimator,300.0,0.0,CCW,300.0,0.0182,50.743,87.468,1.72,-0.9723,98.61,18.52,False,-21.5475,-1.864,88.79,301.88,1719.23,3.85,14.65,0.0,18.5,1.084,PASS
var8_inner_coils_collimator,Inner Coils + Cu Collimator (200mm),Inner + Collimator,300.0,600.0,CW,280.0,0.0182,50.622,88.569,1.75,0.9723,98.61,18.52,False,22.4094,1.896,91.01,309.43,1719.23,3.85,14.65,0.0,18.5,1.084,PASS
var8_inner_coils_collimator,Inner Coils + Cu Collimator (200mm),Inner + Collimator,300.0,600.0,CCW,320.0,0.0182,50.78,88.845,1.75,-0.9723,98.61,18.52,False,-22.4094,-1.832,91.01,309.43,1719.23,3.85,14.65,0.0,18.5,1.084,PASS
var8_inner_coils_collimator,Inner Coils + Cu Collimator (200mm),Inner + Collimator,300.0,1200.0,CW,260.0,0.0182,50.403,89.488,1.78,0.9723,98.61,18.52,False,23.2713,1.928,93.23,316.98,1719.23,3.85,14.65,0.0,18.5,1.084,PASS
var8_inner_coils_collimator,Inner Coils + Cu Collimator (200mm),Inner + Collimator,300.0,1200.0,CCW,340.0,0.0182,50.748,90.101,1.78,-0.9723,98.61,18.52,False,-23.2713,-1.801,93.23,316.98,1719.23,3.85,14.65,0.0,18.5,1.084,PASS
var8_inner_coils_collimator,Inner Coils + Cu Collimator (200mm),Inner + Collimator,300.0,2400.0,CW,220.0,0.0182,49.583,90.598,1.83,0.9723,98.61,18.52,False,24.9951,1.987,97.67,332.07,1719.23,3.85,14.65,0.0,18.5,1.084,PASS
var8_inner_coils_collimator,Inner Coils + Cu Collimator (200mm),Inner + Collimator,300.0,2400.0,CCW,380.0,0.0182,50.518,92.304,1.83,-0.9723,98.61,18.52,False,-24.9951,-1.74,97.67,332.07,1719.23,3.85,14.65,0.0,18.5,1.084,PASS
var8_inner_coils_collimator,Inner Coils + Cu Collimator (200mm),Inner + Collimator,500.0,0.0,CW,500.0,0.0053,49.014,84.357,1.72,0.9721,98.6,18.49,False,21.4782,1.58,88.58,301.19,2858.01,3.85,14.65,0.0,18.5,1.1,PASS
var8_inner_coils_collimator,Inner Coils + Cu Collimator (200mm),Inner + Collimator,500.0,0.0,CCW,500.0,0.0053,49.014,84.357,1.72,-0.9721,98.6,18.49,False,-21.4782,-1.58,88.58,301.19,2858.01,3.85,14.65,0.0,18.5,1.1,PASS
var8_inner_coils_collimator,Inner Coils + Cu Collimator (200mm),Inner + Collimator,500.0,600.0,CW,480.0,0.0053,49.319,86.156,1.75,0.9721,98.6,18.49,False,22.3374,1.605,90.8,308.71,2858.01,3.85,14.65,0.0,18.5,1.1,PASS
var8_inner_coils_collimator,Inner Coils + Cu Collimator (200mm),Inner + Collimator,500.0,600.0,CCW,520.0,0.0053,48.695,85.066,1.75,-0.9721,98.6,18.49,False,-22.3374,-1.557,90.8,308.71,2858.01,3.85,14.65,0.0,18.5,1.1,PASS
var8_inner_coils_collimator,Inner Coils + Cu Collimator (200mm),Inner + Collimator,500.0,1200.0,CW,460.0,0.0053,49.608,87.941,1.77,0.9721,98.6,18.49,False,23.1965,1.63,93.01,316.24,2858.01,3.85,14.65,0.0,18.5,1.1,PASS
var8_inner_coils_collimator,Inner Coils + Cu Collimator (200mm),Inner + Collimator,500.0,1200.0,CCW,540.0,0.0053,48.366,85.739,1.77,-0.9721,98.6,18.49,False,-23.1965,-1.534,93.01,316.24,2858.01,3.85,14.65,0.0,18.5,1.1,PASS
var8_inner_coils_collimator,Inner Coils + Cu Collimator (200mm),Inner + Collimator,500.0,2400.0,CW,420.0,0.0053,50.121,91.438,1.82,0.9721,98.6,18.49,False,24.9148,1.683,97.44,331.3,2858.01,3.85,14.65,0.0,18.5,1.1,PASS
var8_inner_coils_collimator,Inner Coils + Cu Collimator (200mm),Inner + Collimator,500.0,2400.0,CCW,580.0,0.0053,47.682,86.989,1.82,-0.9721,98.6,18.49,False,-24.9148,-1.492,97.44,331.3,2858.01,3.85,14.65,0.0,18.5,1.1,PASS
var8_inner_coils_collimator,Inner Coils + Cu Collimator (200mm),Inner + Collimator,1000.0,0.0,CW,1000.0,0.0012,40.469,69.616,1.72,0.972,98.6,18.48,False,21.4565,1.18,88.52,300.97,5711.38,3.85,14.65,0.0,18.5,1.14,PASS
var8_inner_coils_collimator,Inner Coils + Cu Collimator (200mm),Inner + Collimator,1000.0,0.0,CCW,1000.0,0.0012,40.469,69.616,1.72,-0.972,98.6,18.48,False,-21.4565,-1.18,88.52,300.97,5711.38,3.85,14.65,0.0,18.5,1.14,PASS
var8_inner_coils_collimator,Inner Coils + Cu Collimator (200mm),Inner + Collimator,1000.0,600.0,CW,980.0,0.0012,40.782,71.207,1.75,0.972,98.6,18.48,False,22.3147,1.191,90.73,308.49,5711.38,3.85,14.65,0.0,18.5,1.14,PASS
var8_inner_coils_collimator,Inner Coils + Cu Collimator (200mm),Inner + Collimator,1000.0,600.0,CCW,1020.0,0.0012,40.159,70.121,1.75,-0.972,98.6,18.48,False,-22.3147,-1.17,90.73,308.49,5711.38,3.85,14.65,0.0,18.5,1.14,PASS
var8_inner_coils_collimator,Inner Coils + Cu Collimator (200mm),Inner + Collimator,1000.0,1200.0,CW,960.0,0.0012,41.099,72.821,1.77,0.972,98.6,18.48,False,23.173,1.202,92.95,316.01,5711.38,3.85,14.65,0.0,18.5,1.14,PASS
var8_inner_coils_collimator,Inner Coils + Cu Collimator (200mm),Inner + Collimator,1000.0,1200.0,CCW,1040.0,0.0012,39.855,70.617,1.77,-0.972,98.6,18.48,False,-23.173,-1.159,92.95,316.01,5711.38,3.85,14.65,0.0,18.5,1.14,PASS
var8_inner_coils_collimator,Inner Coils + Cu Collimator (200mm),Inner + Collimator,1000.0,2400.0,CW,920.0,0.0012,41.745,76.121,1.82,0.972,98.6,18.48,False,24.8895,1.225,97.37,331.06,5711.38,3.85,14.65,0.0,18.5,1.14,PASS
var8_inner_coils_collimator,Inner Coils + Cu Collimator (200mm),Inner + Collimator,1000.0,2400.0,CCW,1080.0,0.0012,39.257,71.584,1.82,-0.972,98.6,18.48,False,-24.8895,-1.139,97.37,331.06,5711.38,3.85,14.65,0.0,18.5,1.14,PASS
var9_rotore_toroidale_vertice,Vertical Toroidal (Apex Kissing),Toroidal Apex,25.0,0.0,CW,25.0,0.0039,7.31,12.433,1.7,0.9481,97.4,15.74,False,2.2522,0.856,52.84,166.44,62.24,1.85,16.65,0.0,18.5,1.062,PASS
var9_rotore_toroidale_vertice,Vertical Toroidal (Apex Kissing),Toroidal Apex,25.0,0.0,CCW,25.0,0.0039,7.31,12.433,1.7,-0.9481,97.4,15.74,False,-2.2522,-0.856,52.84,166.44,62.24,1.85,16.65,0.0,18.5,1.062,PASS
var9_rotore_toroidale_vertice,Vertical Toroidal (Apex Kissing),Toroidal Apex,25.0,600.0,CW,5.0,0.0039,3.362,5.804,1.73,0.9481,97.4,15.74,False,2.3423,0.19,54.16,170.6,62.24,1.85,16.65,0.0,18.5,1.062,PASS
var9_rotore_toroidale_vertice,Vertical Toroidal (Apex Kissing),Toroidal Apex,25.0,600.0,CCW,45.0,0.0039,9.492,16.387,1.73,-0.9481,97.4,15.74,False,-2.3423,-1.331,54.16,170.6,62.24,1.85,16.65,0.0,18.5,1.062,PASS
var9_rotore_toroidale_vertice,Vertical Toroidal (Apex Kissing),Toroidal Apex,25.0,1200.0,CW,15.0,0.0039,5.748,10.069,1.75,0.9481,97.4,15.74,False,2.4323,0.546,55.48,174.76,62.24,1.85,16.65,0.0,18.5,1.062,PASS
var9_rotore_toroidale_vertice,Vertical Toroidal (Apex Kissing),Toroidal Apex,25.0,1200.0,CCW,65.0,0.0039,11.02,19.306,1.75,-0.9481,97.4,15.74,False,-2.4323,-1.642,55.48,174.76,62.24,1.85,16.65,0.0,18.5,1.062,PASS
var9_rotore_toroidale_vertice,Vertical Toroidal (Apex Kissing),Toroidal Apex,25.0,2400.0,CW,55.0,0.0039,10.316,18.598,1.8,0.9481,97.4,15.74,False,2.6125,1.504,58.12,183.08,62.24,1.85,16.65,0.0,18.5,1.062,PASS
var9_rotore_toroidale_vertice,Vertical Toroidal (Apex Kissing),Toroidal Apex,25.0,2400.0,CCW,105.0,0.0039,13.039,23.508,1.8,-0.9481,97.4,15.74,False,-2.6125,-1.947,58.12,183.08,62.24,1.85,16.65,0.0,18.5,1.062,PASS
var9_rotore_toroidale_vertice,Vertical Toroidal (Apex Kissing),Toroidal Apex,50.0,0.0,CW,50.0,0.0203,9.921,16.907,1.7,0.9483,97.41,15.76,False,2.2614,1.422,52.99,166.93,124.88,1.85,16.65,0.0,18.5,1.065,PASS
var9_rotore_toroidale_vertice,Vertical Toroidal (Apex Kissing),Toroidal Apex,50.0,0.0,CCW,50.0,0.0203,9.921,16.907,1.7,-0.9483,97.41,15.76,False,-2.2614,-1.422,52.99,166.93,124.88,1.85,16.65,0.0,18.5,1.065,PASS
var9_rotore_toroidale_vertice,Vertical Toroidal (Apex Kissing),Toroidal Apex,50.0,600.0,CW,30.0,0.0203,7.945,13.742,1.73,0.9483,97.41,15.76,False,2.3519,0.992,54.32,171.1,124.88,1.85,16.65,0.0,18.5,1.065,PASS
var9_rotore_toroidale_vertice,Vertical Toroidal (Apex Kissing),Toroidal Apex,50.0,600.0,CCW,70.0,0.0203,11.336,19.608,1.73,-0.9483,97.41,15.76,False,-2.3519,-1.7,54.32,171.1,124.88,1.85,16.65,0.0,18.5,1.065,PASS
var9_rotore_toroidale_vertice,Vertical Toroidal (Apex Kissing),Toroidal Apex,50.0,1200.0,CW,10.0,0.0203,4.725,8.295,1.76,0.9483,97.41,15.76,False,2.4424,0.373,55.64,175.28,124.88,1.85,16.65,0.0,18.5,1.065,PASS
var9_rotore_toroidale_vertice,Vertical Toroidal (Apex Kissing),Toroidal Apex,50.0,1200.0,CCW,90.0,0.0203,12.403,21.77,1.76,-0.9483,97.41,15.76,False,-2.4424,-1.869,55.64,175.28,124.88,1.85,16.65,0.0,18.5,1.065,PASS
var9_rotore_toroidale_vertice,Vertical Toroidal (Apex Kissing),Toroidal Apex,50.0,2400.0,CW,30.0,0.0203,7.945,14.352,1.81,0.9483,97.41,15.76,False,2.6233,0.992,58.29,183.62,124.88,1.85,16.65,0.0,18.5,1.065,PASS
var9_rotore_toroidale_vertice,Vertical Toroidal (Apex Kissing),Toroidal Apex,50.0,2400.0,CCW,130.0,0.0203,13.869,25.053,1.81,-0.9483,97.41,15.76,False,-2.6233,-2.016,58.29,183.62,124.88,1.85,16.65,0.0,18.5,1.065,PASS
var9_rotore_toroidale_vertice,Vertical Toroidal (Apex Kissing),Toroidal Apex,80.0,0.0,CW,80.0,0.1052,11.905,20.494,1.72,0.9495,97.47,15.87,False,2.3092,1.795,53.8,169.47,203.19,1.85,16.65,0.0,18.5,1.069,PASS
var9_rotore_toroidale_vertice,Vertical Toroidal (Apex Kissing),Toroidal Apex,80.0,0.0,CCW,80.0,0.1052,11.905,20.494,1.72,-0.9495,97.47,15.87,False,-2.3092,-1.795,53.8,169.47,203.19,1.85,16.65,0.0,18.5,1.069,PASS
var9_rotore_toroidale_vertice,Vertical Toroidal (Apex Kissing),Toroidal Apex,80.0,600.0,CW,60.0,0.1052,10.681,18.663,1.75,0.9495,97.47,15.87,False,2.4015,1.577,55.14,173.71,203.19,1.85,16.65,0.0,18.5,1.069,PASS
var9_rotore_toroidale_vertice,Vertical Toroidal (Apex Kissing),Toroidal Apex,80.0,600.0,CCW,100.0,0.1052,12.84,22.436,1.75,-0.9495,97.47,15.87,False,-2.4015,-1.925,55.14,173.71,203.19,1.85,16.65,0.0,18.5,1.069,PASS
var9_rotore_toroidale_vertice,Vertical Toroidal (Apex Kissing),Toroidal Apex,80.0,1200.0,CW,40.0,0.1052,9.025,16.002,1.77,0.9495,97.47,15.87,False,2.4939,1.229,56.49,177.94,203.19,1.85,16.65,0.0,18.5,1.069,PASS
var9_rotore_toroidale_vertice,Vertical Toroidal (Apex Kissing),Toroidal Apex,80.0,1200.0,CCW,120.0,0.1052,13.567,24.056,1.77,-0.9495,97.47,15.87,False,-2.4939,-1.996,56.49,177.94,203.19,1.85,16.65,0.0,18.5,1.069,PASS
var9_rotore_toroidale_vertice,Vertical Toroidal (Apex Kissing),Toroidal Apex,80.0,2400.0,CW,0.0,0.1052,0.478,0.872,1.82,0.9495,97.47,15.87,False,2.6786,0.0,59.18,186.42,203.19,1.85,16.65,0.0,18.5,1.069,PASS
var9_rotore_toroidale_vertice,Vertical Toroidal (Apex Kissing),Toroidal Apex,80.0,2400.0,CCW,160.0,0.1052,14.582,26.609,1.82,-0.9495,97.47,15.87,False,-2.6786,-2.037,59.18,186.42,203.19,1.85,16.65,0.0,18.5,1.069,PASS
var9_rotore_toroidale_vertice,Vertical Toroidal (Apex Kissing),Toroidal Apex,100.0,0.0,CW,100.0,0.3778,12.84,22.818,1.78,0.9534,97.67,16.22,False,2.4625,1.925,56.39,177.63,267.55,2.003,16.497,0.0,18.5,1.077,PASS
var9_rotore_toroidale_vertice,Vertical Toroidal (Apex Kissing),Toroidal Apex,100.0,0.0,CCW,100.0,0.3778,12.84,22.818,1.78,-0.9534,97.67,16.22,False,-2.4625,-1.925,56.39,177.63,267.55,2.003,16.497,0.0,18.5,1.077,PASS
var9_rotore_toroidale_vertice,Vertical Toroidal (Apex Kissing),Toroidal Apex,100.0,600.0,CW,80.0,0.3778,11.905,21.473,1.8,0.9534,97.67,16.22,False,2.561,1.795,57.8,182.07,267.55,2.003,16.497,0.0,18.5,1.077,PASS
var9_rotore_toroidale_vertice,Vertical Toroidal (Apex Kissing),Toroidal Apex,100.0,600.0,CCW,120.0,0.3778,13.567,24.472,1.8,-0.9534,97.67,16.22,False,-2.561,-1.996,57.8,182.07,267.55,2.003,16.497,0.0,18.5,1.077,PASS
var9_rotore_toroidale_vertice,Vertical Toroidal (Apex Kissing),Toroidal Apex,100.0,1200.0,CW,60.0,0.3778,10.681,19.551,1.83,0.9534,97.67,16.22,False,2.6595,1.577,59.21,186.51,267.55,2.003,16.497,0.0,18.5,1.077,PASS
var9_rotore_toroidale_vertice,Vertical Toroidal (Apex Kissing),Toroidal Apex,100.0,1200.0,CCW,140.0,0.3778,14.136,25.875,1.83,-0.9534,97.67,16.22,False,-2.6595,-2.029,59.21,186.51,267.55,2.003,16.497,0.0,18.5,1.077,PASS
var9_rotore_toroidale_vertice,Vertical Toroidal (Apex Kissing),Toroidal Apex,100.0,2400.0,CW,20.0,0.3778,6.589,12.411,1.88,0.9534,97.67,16.22,False,2.8565,0.707,62.03,195.39,267.55,2.003,16.497,0.0,18.5,1.077,PASS
var9_rotore_toroidale_vertice,Vertical Toroidal (Apex Kissing),Toroidal Apex,100.0,2400.0,CCW,180.0,0.3778,14.929,28.122,1.88,-0.9534,97.67,16.22,False,-2.8565,-2.029,62.03,195.39,267.55,2.003,16.497,0.0,18.5,1.077,PASS
var9_rotore_toroidale_vertice,Vertical Toroidal (Apex Kissing),Toroidal Apex,120.0,0.0,CW,120.0,1.0,13.567,25.832,1.9,0.9622,98.11,17.15,False,2.8125,1.996,62.3,196.26,358.2,2.55,15.95,0.0,18.5,1.095,PASS
var9_rotore_toroidale_vertice,Vertical Toroidal (Apex Kissing),Toroidal Apex,120.0,0.0,CCW,120.0,1.0,13.567,25.832,1.9,-0.9622,98.11,17.15,False,-2.8125,-1.996,62.3,196.26,358.2,2.55,15.95,0.0,18.5,1.095,PASS
var9_rotore_toroidale_vertice,Vertical Toroidal (Apex Kissing),Toroidal Apex,120.0,600.0,CW,100.0,1.0,12.84,24.815,1.93,0.9622,98.11,17.15,False,2.925,1.925,63.86,201.16,358.2,2.55,15.95,0.0,18.5,1.095,PASS
var9_rotore_toroidale_vertice,Vertical Toroidal (Apex Kissing),Toroidal Apex,120.0,600.0,CCW,140.0,1.0,14.136,27.32,1.93,-0.9622,98.11,17.15,False,-2.925,-2.029,63.86,201.16,358.2,2.55,15.95,0.0,18.5,1.095,PASS
var9_rotore_toroidale_vertice,Vertical Toroidal (Apex Kissing),Toroidal Apex,120.0,1200.0,CW,80.0,1.0,11.905,23.347,1.96,0.9622,98.11,17.15,False,3.0375,1.795,65.42,206.07,358.2,2.55,15.95,0.0,18.5,1.095,PASS
var9_rotore_toroidale_vertice,Vertical Toroidal (Apex Kissing),Toroidal Apex,120.0,1200.0,CCW,160.0,1.0,14.582,28.597,1.96,-0.9622,98.11,17.15,False,-3.0375,-2.037,65.42,206.07,358.2,2.55,15.95,0.0,18.5,1.095,PASS
var9_rotore_toroidale_vertice,Vertical Toroidal (Apex Kissing),Toroidal Apex,120.0,2400.0,CW,40.0,1.0,9.025,18.215,2.02,0.9622,98.11,17.15,False,3.2625,1.229,68.53,215.88,358.2,2.55,15.95,0.0,18.5,1.095,PASS
var9_rotore_toroidale_vertice,Vertical Toroidal (Apex Kissing),Toroidal Apex,120.0,2400.0,CCW,200.0,1.0,15.197,30.671,2.02,-0.9622,98.11,17.15,False,-3.2625,-2.011,68.53,215.88,358.2,2.55,15.95,0.0,18.5,1.095,PASS
var9_rotore_toroidale_vertice,Vertical Toroidal (Apex Kissing),Toroidal Apex,150.0,0.0,CW,150.0,0.2873,14.373,25.276,1.76,0.9521,97.6,16.1,False,2.4116,2.036,55.53,174.92,394.57,2.697,15.803,0.0,18.5,1.079,PASS
var9_rotore_toroidale_vertice,Vertical Toroidal (Apex Kissing),Toroidal Apex,150.0,0.0,CCW,150.0,0.2873,14.373,25.276,1.76,-0.9521,97.6,16.1,False,-2.4116,-2.036,55.53,174.92,394.57,2.697,15.803,0.0,18.5,1.079,PASS
var9_rotore_toroidale_vertice,Vertical Toroidal (Apex Kissing),Toroidal Apex,150.0,600.0,CW,130.0,0.2873,13.869,24.756,1.78,0.9521,97.6,16.1,False,2.5081,2.016,56.92,179.29,394.57,2.697,15.803,0.0,18.5,1.079,PASS
var9_rotore_toroidale_vertice,Vertical Toroidal (Apex Kissing),Toroidal Apex,150.0,600.0,CCW,170.0,0.2873,14.767,26.358,1.78,-0.9521,97.6,16.1,False,-2.5081,-2.035,56.92,179.29,394.57,2.697,15.803,0.0,18.5,1.079,PASS
var9_rotore_toroidale_vertice,Vertical Toroidal (Apex Kissing),Toroidal Apex,150.0,1200.0,CW,110.0,0.2873,13.226,23.958,1.81,0.9521,97.6,16.1,False,2.6045,1.966,58.31,183.67,394.57,2.697,15.803,0.0,18.5,1.079,PASS
var9_rotore_toroidale_vertice,Vertical Toroidal (Apex Kissing),Toroidal Apex,150.0,1200.0,CCW,190.0,0.2873,15.072,27.301,1.81,-0.9521,97.6,16.1,False,-2.6045,-2.021,58.31,183.67,394.57,2.697,15.803,0.0,18.5,1.079,PASS
var9_rotore_toroidale_vertice,Vertical Toroidal (Apex Kissing),Toroidal Apex,150.0,2400.0,CW,70.0,0.2873,11.336,21.131,1.86,0.9521,97.6,16.1,False,2.7975,1.7,61.08,192.41,394.57,2.697,15.803,0.0,18.5,1.079,PASS
var9_rotore_toroidale_vertice,Vertical Toroidal (Apex Kissing),Toroidal Apex,150.0,2400.0,CCW,230.0,0.2873,15.481,28.858,1.86,-0.9521,97.6,16.1,False,-2.7975,-1.973,61.08,192.41,394.57,2.697,15.803,0.0,18.5,1.079,PASS
var9_rotore_toroidale_vertice,Vertical Toroidal (Apex Kissing),Toroidal Apex,200.0,0.0,CW,200.0,0.0669,15.197,26.043,1.71,0.949,97.45,15.82,False,2.2877,2.011,53.44,168.32,504.16,3.295,15.205,0.0,18.5,1.078,PASS
var9_rotore_toroidale_vertice,Vertical Toroidal (Apex Kissing),Toroidal Apex,200.0,0.0,CCW,200.0,0.0669,15.197,26.043,1.71,-0.949,97.45,15.82,False,-2.2877,-2.011,53.44,168.32,504.16,3.295,15.205,0.0,18.5,1.078,PASS
var9_rotore_toroidale_vertice,Vertical Toroidal (Apex Kissing),Toroidal Apex,200.0,600.0,CW,180.0,0.0669,14.929,25.968,1.74,0.949,97.45,15.82,False,2.3792,2.029,54.77,172.53,504.16,3.295,15.205,0.0,18.5,1.078,PASS
var9_rotore_toroidale_vertice,Vertical Toroidal (Apex Kissing),Toroidal Apex,200.0,600.0,CCW,220.0,0.0669,15.4,26.786,1.74,-0.949,97.45,15.82,False,-2.3792,-1.987,54.77,172.53,504.16,3.295,15.205,0.0,18.5,1.078,PASS
var9_rotore_toroidale_vertice,Vertical Toroidal (Apex Kissing),Toroidal Apex,200.0,1200.0,CW,160.0,0.0669,14.582,25.738,1.77,0.949,97.45,15.82,False,2.4707,2.037,56.11,176.74,504.16,3.295,15.205,0.0,18.5,1.078,PASS
var9_rotore_toroidale_vertice,Vertical Toroidal (Apex Kissing),Toroidal Apex,200.0,1200.0,CCW,240.0,0.0669,15.549,27.446,1.77,-0.949,97.45,15.82,False,-2.4707,-1.958,56.11,176.74,504.16,3.295,15.205,0.0,18.5,1.078,PASS
var9_rotore_toroidale_vertice,Vertical Toroidal (Apex Kissing),Toroidal Apex,200.0,2400.0,CW,120.0,0.0669,13.567,24.645,1.82,0.949,97.45,15.82,False,2.6537,1.996,58.78,185.16,504.16,3.295,15.205,0.0,18.5,1.078,PASS
var9_rotore_toroidale_vertice,Vertical Toroidal (Apex Kissing),Toroidal Apex,200.0,2400.0,CCW,280.0,0.0669,15.723,28.56,1.82,-0.949,97.45,15.82,False,-2.6537,-1.896,58.78,185.16,504.16,3.295,15.205,0.0,18.5,1.078,PASS
var9_rotore_toroidale_vertice,Vertical Toroidal (Apex Kissing),Toroidal Apex,300.0,0.0,CW,300.0,0.0182,15.76,26.85,1.7,0.9483,97.41,15.76,False,2.2602,1.864,52.97,166.86,748.96,3.85,14.65,0.0,18.5,1.084,PASS
var9_rotore_toroidale_vertice,Vertical Toroidal (Apex Kissing),Toroidal Apex,300.0,0.0,CCW,300.0,0.0182,15.76,26.85,1.7,-0.9483,97.41,15.76,False,-2.2602,-1.864,52.97,166.86,748.96,3.85,14.65,0.0,18.5,1.084,PASS
var9_rotore_toroidale_vertice,Vertical Toroidal (Apex Kissing),Toroidal Apex,300.0,600.0,CW,280.0,0.0182,15.723,27.188,1.73,0.9483,97.41,15.76,False,2.3506,1.896,54.3,171.04,748.96,3.85,14.65,0.0,18.5,1.084,PASS
var9_rotore_toroidale_vertice,Vertical Toroidal (Apex Kissing),Toroidal Apex,300.0,600.0,CCW,320.0,0.0182,15.772,27.273,1.73,-0.9483,97.41,15.76,False,-2.3506,-1.832,54.3,171.04,748.96,3.85,14.65,0.0,18.5,1.084,PASS
var9_rotore_toroidale_vertice,Vertical Toroidal (Apex Kissing),Toroidal Apex,300.0,1200.0,CW,260.0,0.0182,15.654,27.471,1.75,0.9483,97.41,15.76,False,2.441,1.928,55.62,175.21,748.96,3.85,14.65,0.0,18.5,1.084,PASS
var9_rotore_toroidale_vertice,Vertical Toroidal (Apex Kissing),Toroidal Apex,300.0,1200.0,CCW,340.0,0.0182,15.762,27.659,1.75,-0.9483,97.41,15.76,False,-2.441,-1.801,55.62,175.21,748.96,3.85,14.65,0.0,18.5,1.084,PASS
var9_rotore_toroidale_vertice,Vertical Toroidal (Apex Kissing),Toroidal Apex,300.0,2400.0,CW,220.0,0.0182,15.4,27.811,1.81,0.9483,97.41,15.76,False,2.6219,1.987,58.27,183.55,748.96,3.85,14.65,0.0,18.5,1.084,PASS
var9_rotore_toroidale_vertice,Vertical Toroidal (Apex Kissing),Toroidal Apex,300.0,2400.0,CCW,380.0,0.0182,15.69,28.335,1.81,-0.9483,97.41,15.76,False,-2.6219,-1.74,58.27,183.55,748.96,3.85,14.65,0.0,18.5,1.084,PASS
var9_rotore_toroidale_vertice,Vertical Toroidal (Apex Kissing),Toroidal Apex,500.0,0.0,CW,500.0,0.0053,15.223,25.896,1.7,0.9481,97.4,15.74,False,2.253,1.58,52.85,166.48,1245.06,3.85,14.65,0.0,18.5,1.1,PASS
var9_rotore_toroidale_vertice,Vertical Toroidal (Apex Kissing),Toroidal Apex,500.0,0.0,CCW,500.0,0.0053,15.223,25.896,1.7,-0.9481,97.4,15.74,False,-2.253,-1.58,52.85,166.48,1245.06,3.85,14.65,0.0,18.5,1.1,PASS
var9_rotore_toroidale_vertice,Vertical Toroidal (Apex Kissing),Toroidal Apex,500.0,600.0,CW,480.0,0.0053,15.318,26.448,1.73,0.9481,97.4,15.74,False,2.3431,1.605,54.17,170.64,1245.06,3.85,14.65,0.0,18.5,1.1,PASS
var9_rotore_toroidale_vertice,Vertical Toroidal (Apex Kissing),Toroidal Apex,500.0,600.0,CCW,520.0,0.0053,15.124,26.113,1.73,-0.9481,97.4,15.74,False,-2.3431,-1.557,54.17,170.64,1245.06,3.85,14.65,0.0,18.5,1.1,PASS
var9_rotore_toroidale_vertice,Vertical Toroidal (Apex Kissing),Toroidal Apex,500.0,1200.0,CW,460.0,0.0053,15.407,26.996,1.75,0.9481,97.4,15.74,False,2.4332,1.63,55.49,174.8,1245.06,3.85,14.65,0.0,18.5,1.1,PASS
var9_rotore_toroidale_vertice,Vertical Toroidal (Apex Kissing),Toroidal Apex,500.0,1200.0,CCW,540.0,0.0053,15.022,26.32,1.75,-0.9481,97.4,15.74,False,-2.4332,-1.534,55.49,174.8,1245.06,3.85,14.65,0.0,18.5,1.1,PASS
var9_rotore_toroidale_vertice,Vertical Toroidal (Apex Kissing),Toroidal Apex,500.0,2400.0,CW,420.0,0.0053,15.567,28.069,1.8,0.9481,97.4,15.74,False,2.6134,1.683,58.14,183.13,1245.06,3.85,14.65,0.0,18.5,1.1,PASS
var9_rotore_toroidale_vertice,Vertical Toroidal (Apex Kissing),Toroidal Apex,500.0,2400.0,CCW,580.0,0.0053,14.809,26.703,1.8,-0.9481,97.4,15.74,False,-2.6134,-1.492,58.14,183.13,1245.06,3.85,14.65,0.0,18.5,1.1,PASS
var9_rotore_toroidale_vertice,Vertical Toroidal (Apex Kissing),Toroidal Apex,1000.0,0.0,CW,1000.0,0.0012,12.569,21.37,1.7,0.948,97.4,15.74,False,2.2507,1.18,52.81,166.36,2488.1,3.85,14.65,0.0,18.5,1.14,PASS
var9_rotore_toroidale_vertice,Vertical Toroidal (Apex Kissing),Toroidal Apex,1000.0,0.0,CCW,1000.0,0.0012,12.569,21.37,1.7,-0.948,97.4,15.74,False,-2.2507,-1.18,52.81,166.36,2488.1,3.85,14.65,0.0,18.5,1.14,PASS
var9_rotore_toroidale_vertice,Vertical Toroidal (Apex Kissing),Toroidal Apex,1000.0,600.0,CW,980.0,0.0012,12.666,21.859,1.73,0.948,97.4,15.74,False,2.3407,1.191,54.13,170.52,2488.1,3.85,14.65,0.0,18.5,1.14,PASS
var9_rotore_toroidale_vertice,Vertical Toroidal (Apex Kissing),Toroidal Apex,1000.0,600.0,CCW,1020.0,0.0012,12.473,21.525,1.73,-0.948,97.4,15.74,False,-2.3407,-1.17,54.13,170.52,2488.1,3.85,14.65,0.0,18.5,1.14,PASS
var9_rotore_toroidale_vertice,Vertical Toroidal (Apex Kissing),Toroidal Apex,1000.0,1200.0,CW,960.0,0.0012,12.765,22.354,1.75,0.948,97.4,15.74,False,2.4307,1.202,55.45,174.67,2488.1,3.85,14.65,0.0,18.5,1.14,PASS
var9_rotore_toroidale_vertice,Vertical Toroidal (Apex Kissing),Toroidal Apex,1000.0,1200.0,CCW,1040.0,0.0012,12.378,21.677,1.75,-0.948,97.4,15.74,False,-2.4307,-1.159,55.45,174.67,2488.1,3.85,14.65,0.0,18.5,1.14,PASS
var9_rotore_toroidale_vertice,Vertical Toroidal (Apex Kissing),Toroidal Apex,1000.0,2400.0,CW,920.0,0.0012,12.965,23.367,1.8,0.948,97.4,15.74,False,2.6108,1.225,58.09,182.99,2488.1,3.85,14.65,0.0,18.5,1.14,PASS
var9_rotore_toroidale_vertice,Vertical Toroidal (Apex Kissing),Toroidal Apex,1000.0,2400.0,CCW,1080.0,0.0012,12.193,21.974,1.8,-0.948,97.4,15.74,False,-2.6108,-1.139,58.09,182.99,2488.1,3.85,14.65,0.0,18.5,1.14,PASS
var10_tripla_rete_rame_48c,Triple OFHC Copper Mesh (48 Coils),Triple Cu Mesh 48C,25.0,0.0,CW,25.0,0.0039,6.667,11.072,1.66,0.9781,98.9,19.55,False,2.5825,0.856,48.93,149.25,57.13,1.85,16.65,0.0,18.5,1.062,PASS
var10_tripla_rete_rame_48c,Triple OFHC Copper Mesh (48 Coils),Triple Cu Mesh 48C,25.0,0.0,CCW,25.0,0.0039,6.667,11.072,1.66,-0.9781,98.9,19.55,False,-2.5825,-0.856,48.93,149.25,57.13,1.85,16.65,0.0,18.5,1.062,PASS
var10_tripla_rete_rame_48c,Triple OFHC Copper Mesh (48 Coils),Triple Cu Mesh 48C,25.0,600.0,CW,5.0,0.0039,3.066,5.169,1.69,0.9781,98.9,19.55,False,2.6858,0.19,50.16,152.98,57.13,1.85,16.65,0.0,18.5,1.062,PASS
var10_tripla_rete_rame_48c,Triple OFHC Copper Mesh (48 Coils),Triple Cu Mesh 48C,25.0,600.0,CCW,45.0,0.0039,8.657,14.593,1.69,-0.9781,98.9,19.55,False,-2.6858,-1.331,50.16,152.98,57.13,1.85,16.65,0.0,18.5,1.062,PASS
var10_tripla_rete_rame_48c,Triple OFHC Copper Mesh (48 Coils),Triple Cu Mesh 48C,25.0,1200.0,CW,15.0,0.0039,5.242,8.967,1.71,0.9781,98.9,19.55,False,2.7891,0.546,51.38,156.71,57.13,1.85,16.65,0.0,18.5,1.062,PASS
var10_tripla_rete_rame_48c,Triple OFHC Copper Mesh (48 Coils),Triple Cu Mesh 48C,25.0,1200.0,CCW,65.0,0.0039,10.05,17.192,1.71,-0.9781,98.9,19.55,False,-2.7891,-1.642,51.38,156.71,57.13,1.85,16.65,0.0,18.5,1.062,PASS
var10_tripla_rete_rame_48c,Triple OFHC Copper Mesh (48 Coils),Triple Cu Mesh 48C,25.0,2400.0,CW,55.0,0.0039,9.408,16.562,1.76,0.9781,98.9,19.55,False,2.9957,1.504,53.83,164.17,57.13,1.85,16.65,0.0,18.5,1.062,PASS
var10_tripla_rete_rame_48c,Triple OFHC Copper Mesh (48 Coils),Triple Cu Mesh 48C,25.0,2400.0,CCW,105.0,0.0039,11.892,20.934,1.76,-0.9781,98.9,19.55,False,-2.9957,-1.947,53.83,164.17,57.13,1.85,16.65,0.0,18.5,1.062,PASS
var10_tripla_rete_rame_48c,Triple OFHC Copper Mesh (48 Coils),Triple Cu Mesh 48C,50.0,0.0,CW,50.0,0.0203,9.048,15.056,1.66,0.9783,98.91,19.6,False,2.5931,1.422,49.08,149.69,114.63,1.85,16.65,0.0,18.5,1.065,PASS
var10_tripla_rete_rame_48c,Triple OFHC Copper Mesh (48 Coils),Triple Cu Mesh 48C,50.0,0.0,CCW,50.0,0.0203,9.048,15.056,1.66,-0.9783,98.91,19.6,False,-2.5931,-1.422,49.08,149.69,114.63,1.85,16.65,0.0,18.5,1.065,PASS
var10_tripla_rete_rame_48c,Triple OFHC Copper Mesh (48 Coils),Triple Cu Mesh 48C,50.0,600.0,CW,30.0,0.0203,7.246,12.238,1.69,0.9783,98.91,19.6,False,2.6968,0.992,50.31,153.43,114.63,1.85,16.65,0.0,18.5,1.065,PASS
var10_tripla_rete_rame_48c,Triple OFHC Copper Mesh (48 Coils),Triple Cu Mesh 48C,50.0,600.0,CCW,70.0,0.0203,10.338,17.461,1.69,-0.9783,98.91,19.6,False,-2.6968,-1.7,50.31,153.43,114.63,1.85,16.65,0.0,18.5,1.065,PASS
var10_tripla_rete_rame_48c,Triple OFHC Copper Mesh (48 Coils),Triple Cu Mesh 48C,50.0,1200.0,CW,10.0,0.0203,4.31,7.386,1.71,0.9783,98.91,19.6,False,2.8006,0.373,51.53,157.18,114.63,1.85,16.65,0.0,18.5,1.065,PASS
var10_tripla_rete_rame_48c,Triple OFHC Copper Mesh (48 Coils),Triple Cu Mesh 48C,50.0,1200.0,CCW,90.0,0.0203,11.311,19.387,1.71,-0.9783,98.91,19.6,False,-2.8006,-1.869,51.53,157.18,114.63,1.85,16.65,0.0,18.5,1.065,PASS
var10_tripla_rete_rame_48c,Triple OFHC Copper Mesh (48 Coils),Triple Cu Mesh 48C,50.0,2400.0,CW,30.0,0.0203,7.246,12.78,1.76,0.9783,98.91,19.6,False,3.008,0.992,53.99,164.66,114.63,1.85,16.65,0.0,18.5,1.065,PASS
var10_tripla_rete_rame_48c,Triple OFHC Copper Mesh (48 Coils),Triple Cu Mesh 48C,50.0,2400.0,CCW,130.0,0.0203,12.648,22.31,1.76,-0.9783,98.91,19.6,False,-3.008,-2.016,53.99,164.66,114.63,1.85,16.65,0.0,18.5,1.065,PASS
var10_tripla_rete_rame_48c,Triple OFHC Copper Mesh (48 Coils),Triple Cu Mesh 48C,80.0,0.0,CW,80.0,0.1052,10.857,18.25,1.68,0.9795,98.98,19.86,False,2.6478,1.795,49.83,151.97,186.51,1.85,16.65,0.0,18.5,1.069,PASS
var10_tripla_rete_rame_48c,Triple OFHC Copper Mesh (48 Coils),Triple Cu Mesh 48C,80.0,0.0,CCW,80.0,0.1052,10.857,18.25,1.68,-0.9795,98.98,19.86,False,-2.6478,-1.795,49.83,151.97,186.51,1.85,16.65,0.0,18.5,1.069,PASS
var10_tripla_rete_rame_48c,Triple OFHC Copper Mesh (48 Coils),Triple Cu Mesh 48C,80.0,600.0,CW,60.0,0.1052,9.741,16.62,1.71,0.9795,98.98,19.86,False,2.7538,1.577,51.07,155.77,186.51,1.85,16.65,0.0,18.5,1.069,PASS
var10_tripla_rete_rame_48c,Triple OFHC Copper Mesh (48 Coils),Triple Cu Mesh 48C,80.0,600.0,CCW,100.0,0.1052,11.71,19.979,1.71,-0.9795,98.98,19.86,False,-2.7538,-1.925,51.07,155.77,186.51,1.85,16.65,0.0,18.5,1.069,PASS
var10_tripla_rete_rame_48c,Triple OFHC Copper Mesh (48 Coils),Triple Cu Mesh 48C,80.0,1200.0,CW,40.0,0.1052,8.231,14.251,1.73,0.9795,98.98,19.86,False,2.8597,1.229,52.32,159.57,186.51,1.85,16.65,0.0,18.5,1.069,PASS
var10_tripla_rete_rame_48c,Triple OFHC Copper Mesh (48 Coils),Triple Cu Mesh 48C,80.0,1200.0,CCW,120.0,0.1052,12.373,21.423,1.73,-0.9795,98.98,19.86,False,-2.8597,-1.996,52.32,159.57,186.51,1.85,16.65,0.0,18.5,1.069,PASS
var10_tripla_rete_rame_48c,Triple OFHC Copper Mesh (48 Coils),Triple Cu Mesh 48C,80.0,2400.0,CW,0.0,0.1052,0.436,0.776,1.78,0.9795,98.98,19.86,False,3.0715,0.0,54.81,167.17,186.51,1.85,16.65,0.0,18.5,1.069,PASS
var10_tripla_rete_rame_48c,Triple OFHC Copper Mesh (48 Coils),Triple Cu Mesh 48C,80.0,2400.0,CCW,160.0,0.1052,13.299,23.695,1.78,-0.9795,98.98,19.86,False,-3.0715,-2.037,54.81,167.17,186.51,1.85,16.65,0.0,18.5,1.069,PASS
var10_tripla_rete_rame_48c,Triple OFHC Copper Mesh (48 Coils),Triple Cu Mesh 48C,100.0,0.0,CW,100.0,0.3778,11.71,20.32,1.74,0.9835,99.18,20.81,False,2.8237,1.925,52.23,159.29,245.59,2.003,16.497,0.0,18.5,1.077,PASS
var10_tripla_rete_rame_48c,Triple OFHC Copper Mesh (48 Coils),Triple Cu Mesh 48C,100.0,0.0,CCW,100.0,0.3778,11.71,20.32,1.74,-0.9835,99.18,20.81,False,-2.8237,-1.925,52.23,159.29,245.59,2.003,16.497,0.0,18.5,1.077,PASS
var10_tripla_rete_rame_48c,Triple OFHC Copper Mesh (48 Coils),Triple Cu Mesh 48C,100.0,600.0,CW,80.0,0.3778,10.857,19.122,1.76,0.9835,99.18,20.81,False,2.9366,1.795,53.53,163.27,245.59,2.003,16.497,0.0,18.5,1.077,PASS
var10_tripla_rete_rame_48c,Triple OFHC Copper Mesh (48 Coils),Triple Cu Mesh 48C,100.0,600.0,CCW,120.0,0.3778,12.373,21.793,1.76,-0.9835,99.18,20.81,False,-2.9366,-1.996,53.53,163.27,245.59,2.003,16.497,0.0,18.5,1.077,PASS
var10_tripla_rete_rame_48c,Triple OFHC Copper Mesh (48 Coils),Triple Cu Mesh 48C,100.0,1200.0,CW,60.0,0.3778,9.741,17.41,1.79,0.9835,99.18,20.81,False,3.0496,1.577,54.84,167.25,245.59,2.003,16.497,0.0,18.5,1.077,PASS
var10_tripla_rete_rame_48c,Triple OFHC Copper Mesh (48 Coils),Triple Cu Mesh 48C,100.0,1200.0,CCW,140.0,0.3778,12.892,23.042,1.79,-0.9835,99.18,20.81,False,-3.0496,-2.029,54.84,167.25,245.59,2.003,16.497,0.0,18.5,1.077,PASS
var10_tripla_rete_rame_48c,Triple OFHC Copper Mesh (48 Coils),Triple Cu Mesh 48C,100.0,2400.0,CW,20.0,0.3778,6.009,11.052,1.84,0.9835,99.18,20.81,False,3.2755,0.707,57.45,175.22,245.59,2.003,16.497,0.0,18.5,1.077,PASS
var10_tripla_rete_rame_48c,Triple OFHC Copper Mesh (48 Coils),Triple Cu Mesh 48C,100.0,2400.0,CCW,180.0,0.3778,13.615,25.044,1.84,-0.9835,99.18,20.81,False,-3.2755,-2.029,57.45,175.22,245.59,2.003,16.497,0.0,18.5,1.077,PASS
var10_tripla_rete_rame_48c,Triple OFHC Copper Mesh (48 Coils),Triple Cu Mesh 48C,120.0,0.0,CW,120.0,1.0,12.373,23.004,1.86,0.9927,99.63,24.34,False,3.225,1.996,57.7,175.99,328.8,2.55,15.95,0.0,18.5,1.095,PASS
var10_tripla_rete_rame_48c,Triple OFHC Copper Mesh (48 Coils),Triple Cu Mesh 48C,120.0,0.0,CCW,120.0,1.0,12.373,23.004,1.86,-0.9927,99.63,24.34,False,-3.225,-1.996,57.7,175.99,328.8,2.55,15.95,0.0,18.5,1.095,PASS
var10_tripla_rete_rame_48c,Triple OFHC Copper Mesh (48 Coils),Triple Cu Mesh 48C,120.0,600.0,CW,100.0,1.0,11.71,22.098,1.89,0.9927,99.63,24.34,False,3.354,1.925,59.14,180.39,328.8,2.55,15.95,0.0,18.5,1.095,PASS
var10_tripla_rete_rame_48c,Triple OFHC Copper Mesh (48 Coils),Triple Cu Mesh 48C,120.0,600.0,CCW,140.0,1.0,12.892,24.329,1.89,-0.9927,99.63,24.34,False,-3.354,-2.029,59.14,180.39,328.8,2.55,15.95,0.0,18.5,1.095,PASS
var10_tripla_rete_rame_48c,Triple OFHC Copper Mesh (48 Coils),Triple Cu Mesh 48C,120.0,1200.0,CW,80.0,1.0,10.857,20.791,1.91,0.9927,99.63,24.34,False,3.483,1.795,60.59,184.79,328.8,2.55,15.95,0.0,18.5,1.095,PASS
var10_tripla_rete_rame_48c,Triple OFHC Copper Mesh (48 Coils),Triple Cu Mesh 48C,120.0,1200.0,CCW,160.0,1.0,13.299,25.466,1.91,-0.9927,99.63,24.34,False,-3.483,-2.037,60.59,184.79,328.8,2.55,15.95,0.0,18.5,1.095,PASS
var10_tripla_rete_rame_48c,Triple OFHC Copper Mesh (48 Coils),Triple Cu Mesh 48C,120.0,2400.0,CW,40.0,1.0,8.231,16.221,1.97,0.9927,99.63,24.34,False,3.741,1.229,63.47,193.59,328.8,2.55,15.95,0.0,18.5,1.095,PASS
var10_tripla_rete_rame_48c,Triple OFHC Copper Mesh (48 Coils),Triple Cu Mesh 48C,120.0,2400.0,CCW,200.0,1.0,13.859,27.314,1.97,-0.9927,99.63,24.34,False,-3.741,-2.011,63.47,193.59,328.8,2.55,15.95,0.0,18.5,1.095,PASS
var10_tripla_rete_rame_48c,Triple OFHC Copper Mesh (48 Coils),Triple Cu Mesh 48C,150.0,0.0,CW,150.0,0.2873,13.108,22.509,1.72,0.9822,99.11,20.47,False,2.7653,2.036,51.43,156.86,362.18,2.697,15.803,0.0,18.5,1.079,PASS
var10_tripla_rete_rame_48c,Triple OFHC Copper Mesh (48 Coils),Triple Cu Mesh 48C,150.0,0.0,CCW,150.0,0.2873,13.108,22.509,1.72,-0.9822,99.11,20.47,False,-2.7653,-2.036,51.43,156.86,362.18,2.697,15.803,0.0,18.5,1.079,PASS
var10_tripla_rete_rame_48c,Triple OFHC Copper Mesh (48 Coils),Triple Cu Mesh 48C,150.0,600.0,CW,130.0,0.2873,12.648,22.046,1.74,0.9822,99.11,20.47,False,2.8759,2.016,52.71,160.78,362.18,2.697,15.803,0.0,18.5,1.079,PASS
var10_tripla_rete_rame_48c,Triple OFHC Copper Mesh (48 Coils),Triple Cu Mesh 48C,150.0,600.0,CCW,170.0,0.2873,13.467,23.473,1.74,-0.9822,99.11,20.47,False,-2.8759,-2.035,52.71,160.78,362.18,2.697,15.803,0.0,18.5,1.079,PASS
var10_tripla_rete_rame_48c,Triple OFHC Copper Mesh (48 Coils),Triple Cu Mesh 48C,150.0,1200.0,CW,110.0,0.2873,12.062,21.335,1.77,0.9822,99.11,20.47,False,2.9865,1.966,54.0,164.7,362.18,2.697,15.803,0.0,18.5,1.079,PASS
var10_tripla_rete_rame_48c,Triple OFHC Copper Mesh (48 Coils),Triple Cu Mesh 48C,150.0,1200.0,CCW,190.0,0.2873,13.745,24.312,1.77,-0.9822,99.11,20.47,False,-2.9865,-2.021,54.0,164.7,362.18,2.697,15.803,0.0,18.5,1.079,PASS
var10_tripla_rete_rame_48c,Triple OFHC Copper Mesh (48 Coils),Triple Cu Mesh 48C,150.0,2400.0,CW,70.0,0.2873,10.338,18.818,1.82,0.9822,99.11,20.47,False,3.2078,1.7,56.57,172.54,362.18,2.697,15.803,0.0,18.5,1.079,PASS
var10_tripla_rete_rame_48c,Triple OFHC Copper Mesh (48 Coils),Triple Cu Mesh 48C,150.0,2400.0,CCW,230.0,0.2873,14.118,25.699,1.82,-0.9822,99.11,20.47,False,-3.2078,-1.973,56.57,172.54,362.18,2.697,15.803,0.0,18.5,1.079,PASS
var10_tripla_rete_rame_48c,Triple OFHC Copper Mesh (48 Coils),Triple Cu Mesh 48C,200.0,0.0,CW,200.0,0.0669,13.859,23.191,1.67,0.979,98.95,19.74,False,2.6232,2.011,49.49,150.94,462.78,3.295,15.205,0.0,18.5,1.078,PASS
var10_tripla_rete_rame_48c,Triple OFHC Copper Mesh (48 Coils),Triple Cu Mesh 48C,200.0,0.0,CCW,200.0,0.0669,13.859,23.191,1.67,-0.979,98.95,19.74,False,-2.6232,-2.011,49.49,150.94,462.78,3.295,15.205,0.0,18.5,1.078,PASS
var10_tripla_rete_rame_48c,Triple OFHC Copper Mesh (48 Coils),Triple Cu Mesh 48C,200.0,600.0,CW,180.0,0.0669,13.615,23.125,1.7,0.979,98.95,19.74,False,2.7281,2.029,50.73,154.72,462.78,3.295,15.205,0.0,18.5,1.078,PASS
var10_tripla_rete_rame_48c,Triple OFHC Copper Mesh (48 Coils),Triple Cu Mesh 48C,200.0,600.0,CCW,220.0,0.0669,14.044,23.854,1.7,-0.979,98.95,19.74,False,-2.7281,-1.987,50.73,154.72,462.78,3.295,15.205,0.0,18.5,1.078,PASS
var10_tripla_rete_rame_48c,Triple OFHC Copper Mesh (48 Coils),Triple Cu Mesh 48C,200.0,1200.0,CW,160.0,0.0669,13.299,22.921,1.72,0.979,98.95,19.74,False,2.833,2.037,51.96,158.49,462.78,3.295,15.205,0.0,18.5,1.078,PASS
var10_tripla_rete_rame_48c,Triple OFHC Copper Mesh (48 Coils),Triple Cu Mesh 48C,200.0,1200.0,CCW,240.0,0.0669,14.181,24.441,1.72,-0.979,98.95,19.74,False,-2.833,-1.958,51.96,158.49,462.78,3.295,15.205,0.0,18.5,1.078,PASS
var10_tripla_rete_rame_48c,Triple OFHC Copper Mesh (48 Coils),Triple Cu Mesh 48C,200.0,2400.0,CW,120.0,0.0669,12.373,21.947,1.77,0.979,98.95,19.74,False,3.0429,1.996,54.44,166.04,462.78,3.295,15.205,0.0,18.5,1.078,PASS
var10_tripla_rete_rame_48c,Triple OFHC Copper Mesh (48 Coils),Triple Cu Mesh 48C,200.0,2400.0,CCW,280.0,0.0669,14.339,25.433,1.77,-0.979,98.95,19.74,False,-3.0429,-1.896,54.44,166.04,462.78,3.295,15.205,0.0,18.5,1.078,PASS
var10_tripla_rete_rame_48c,Triple OFHC Copper Mesh (48 Coils),Triple Cu Mesh 48C,300.0,0.0,CW,300.0,0.0182,14.373,23.911,1.66,0.9783,98.91,19.59,False,2.5917,1.864,49.06,149.63,687.49,3.85,14.65,0.0,18.5,1.084,PASS
var10_tripla_rete_rame_48c,Triple OFHC Copper Mesh (48 Coils),Triple Cu Mesh 48C,300.0,0.0,CCW,300.0,0.0182,14.373,23.911,1.66,-0.9783,98.91,19.59,False,-2.5917,-1.864,49.06,149.63,687.49,3.85,14.65,0.0,18.5,1.084,PASS
var10_tripla_rete_rame_48c,Triple OFHC Copper Mesh (48 Coils),Triple Cu Mesh 48C,300.0,600.0,CW,280.0,0.0182,14.339,24.212,1.69,0.9783,98.91,19.59,False,2.6954,1.896,50.29,153.37,687.49,3.85,14.65,0.0,18.5,1.084,PASS
var10_tripla_rete_rame_48c,Triple OFHC Copper Mesh (48 Coils),Triple Cu Mesh 48C,300.0,600.0,CCW,320.0,0.0182,14.383,24.287,1.69,-0.9783,98.91,19.59,False,-2.6954,-1.832,50.29,153.37,687.49,3.85,14.65,0.0,18.5,1.084,PASS
var10_tripla_rete_rame_48c,Triple OFHC Copper Mesh (48 Coils),Triple Cu Mesh 48C,300.0,1200.0,CW,260.0,0.0182,14.276,24.463,1.71,0.9783,98.91,19.59,False,2.7991,1.928,51.51,157.11,687.49,3.85,14.65,0.0,18.5,1.084,PASS
var10_tripla_rete_rame_48c,Triple OFHC Copper Mesh (48 Coils),Triple Cu Mesh 48C,300.0,1200.0,CCW,340.0,0.0182,14.374,24.631,1.71,-0.9783,98.91,19.59,False,-2.7991,-1.801,51.51,157.11,687.49,3.85,14.65,0.0,18.5,1.084,PASS
var10_tripla_rete_rame_48c,Triple OFHC Copper Mesh (48 Coils),Triple Cu Mesh 48C,300.0,2400.0,CW,220.0,0.0182,14.044,24.766,1.76,0.9783,98.91,19.59,False,3.0064,1.987,53.97,164.6,687.49,3.85,14.65,0.0,18.5,1.084,PASS
var10_tripla_rete_rame_48c,Triple OFHC Copper Mesh (48 Coils),Triple Cu Mesh 48C,300.0,2400.0,CCW,380.0,0.0182,14.309,25.233,1.76,-0.9783,98.91,19.59,False,-3.0064,-1.74,53.97,164.6,687.49,3.85,14.65,0.0,18.5,1.084,PASS
var10_tripla_rete_rame_48c,Triple OFHC Copper Mesh (48 Coils),Triple Cu Mesh 48C,500.0,0.0,CW,500.0,0.0053,13.883,23.06,1.66,0.9781,98.9,19.55,False,2.5834,1.58,48.95,149.29,1142.87,3.85,14.65,0.0,18.5,1.1,PASS
var10_tripla_rete_rame_48c,Triple OFHC Copper Mesh (48 Coils),Triple Cu Mesh 48C,500.0,0.0,CCW,500.0,0.0053,13.883,23.06,1.66,-0.9781,98.9,19.55,False,-2.5834,-1.58,48.95,149.29,1142.87,3.85,14.65,0.0,18.5,1.1,PASS
var10_tripla_rete_rame_48c,Triple OFHC Copper Mesh (48 Coils),Triple Cu Mesh 48C,500.0,600.0,CW,480.0,0.0053,13.97,23.552,1.69,0.9781,98.9,19.55,False,2.6867,1.605,50.17,153.02,1142.87,3.85,14.65,0.0,18.5,1.1,PASS
var10_tripla_rete_rame_48c,Triple OFHC Copper Mesh (48 Coils),Triple Cu Mesh 48C,500.0,600.0,CCW,520.0,0.0053,13.793,23.254,1.69,-0.9781,98.9,19.55,False,-2.6867,-1.557,50.17,153.02,1142.87,3.85,14.65,0.0,18.5,1.1,PASS
var10_tripla_rete_rame_48c,Triple OFHC Copper Mesh (48 Coils),Triple Cu Mesh 48C,500.0,1200.0,CW,460.0,0.0053,14.051,24.04,1.71,0.9781,98.9,19.55,False,2.7901,1.63,51.39,156.75,1142.87,3.85,14.65,0.0,18.5,1.1,PASS
var10_tripla_rete_rame_48c,Triple OFHC Copper Mesh (48 Coils),Triple Cu Mesh 48C,500.0,1200.0,CCW,540.0,0.0053,13.699,23.438,1.71,-0.9781,98.9,19.55,False,-2.7901,-1.534,51.39,156.75,1142.87,3.85,14.65,0.0,18.5,1.1,PASS
var10_tripla_rete_rame_48c,Triple OFHC Copper Mesh (48 Coils),Triple Cu Mesh 48C,500.0,2400.0,CW,420.0,0.0053,14.197,24.996,1.76,0.9781,98.9,19.55,False,2.9967,1.683,53.84,164.22,1142.87,3.85,14.65,0.0,18.5,1.1,PASS
var10_tripla_rete_rame_48c,Triple OFHC Copper Mesh (48 Coils),Triple Cu Mesh 48C,500.0,2400.0,CCW,580.0,0.0053,13.506,23.78,1.76,-0.9781,98.9,19.55,False,-2.9967,-1.492,53.84,164.22,1142.87,3.85,14.65,0.0,18.5,1.1,PASS
var10_tripla_rete_rame_48c,Triple OFHC Copper Mesh (48 Coils),Triple Cu Mesh 48C,1000.0,0.0,CW,1000.0,0.0012,11.463,19.031,1.66,0.978,98.9,19.54,False,2.5808,1.18,48.91,149.18,2283.89,3.85,14.65,0.0,18.5,1.14,PASS
var10_tripla_rete_rame_48c,Triple OFHC Copper Mesh (48 Coils),Triple Cu Mesh 48C,1000.0,0.0,CCW,1000.0,0.0012,11.463,19.031,1.66,-0.978,98.9,19.54,False,-2.5808,-1.18,48.91,149.18,2283.89,3.85,14.65,0.0,18.5,1.14,PASS
var10_tripla_rete_rame_48c,Triple OFHC Copper Mesh (48 Coils),Triple Cu Mesh 48C,1000.0,600.0,CW,980.0,0.0012,11.551,19.466,1.69,0.978,98.9,19.54,False,2.684,1.191,50.13,152.91,2283.89,3.85,14.65,0.0,18.5,1.14,PASS
var10_tripla_rete_rame_48c,Triple OFHC Copper Mesh (48 Coils),Triple Cu Mesh 48C,1000.0,600.0,CCW,1020.0,0.0012,11.375,19.169,1.69,-0.978,98.9,19.54,False,-2.684,-1.17,50.13,152.91,2283.89,3.85,14.65,0.0,18.5,1.14,PASS
var10_tripla_rete_rame_48c,Triple OFHC Copper Mesh (48 Coils),Triple Cu Mesh 48C,1000.0,1200.0,CW,960.0,0.0012,11.641,19.907,1.71,0.978,98.9,19.54,False,2.7872,1.202,51.36,156.64,2283.89,3.85,14.65,0.0,18.5,1.14,PASS
var10_tripla_rete_rame_48c,Triple OFHC Copper Mesh (48 Coils),Triple Cu Mesh 48C,1000.0,1200.0,CCW,1040.0,0.0012,11.289,19.304,1.71,-0.978,98.9,19.54,False,-2.7872,-1.159,51.36,156.64,2283.89,3.85,14.65,0.0,18.5,1.14,PASS
var10_tripla_rete_rame_48c,Triple OFHC Copper Mesh (48 Coils),Triple Cu Mesh 48C,1000.0,2400.0,CW,920.0,0.0012,11.824,20.809,1.76,0.978,98.9,19.54,False,2.9937,1.225,53.8,164.1,2283.89,3.85,14.65,0.0,18.5,1.14,PASS
var10_tripla_rete_rame_48c,Triple OFHC Copper Mesh (48 Coils),Triple Cu Mesh 48C,1000.0,2400.0,CCW,1080.0,0.0012,11.119,19.569,1.76,-0.978,98.9,19.54,False,-2.9937,-1.139,53.8,164.1,2283.89,3.85,14.65,0.0,18.5,1.14,PASS
