config_id,config_name,power_tier_id,power_w,scale,direction,frequency_hz,rpm,thrust_f_z_exit_n,max_updraft_velocity_m_s,surface_delta_pressure_hpa,max_delta_rh_pct,plume_breakthrough_height_m,max_droplet_kernel_ratio,p_peek_w,gauss_residual_pct,w_z_2m,dp_2m,drh_2m,w_z_10m,dp_10m,drh_10m,w_z_50m,dp_50m,drh_50m,w_z_100m,dp_100m,drh_100m,w_z_500m,dp_500m,drh_500m
inner_coils_cu_collimator,Inner Coils (28mm) + Cu Tube Collimator,bench_18w,18.5,1.0,CW,7.83,1200.0,0.0944,2.255,-204.3027,-3.5,56.1,3.81,0.0,1.09,0.817,-26.3949,-0.09,0.168,-1.1974,-0.33,0.019,-0.026,-1.57,0.005,-0.0028,-2.47,0.0,-0.0,-3.49
inner_coils_cu_collimator,Inner Coils (28mm) + Cu Tube Collimator,bench_18w,18.5,1.0,CW,25.0,1200.0,0.0945,2.256,-204.3027,-3.5,56.1,3.81,0.0,1.101,0.817,-26.3949,-0.09,0.169,-1.1974,-0.33,0.019,-0.026,-1.57,0.005,-0.0028,-2.47,0.0,-0.0,-3.49
inner_coils_cu_collimator,Inner Coils (28mm) + Cu Tube Collimator,bench_18w,18.5,1.0,CW,50.0,1200.0,0.0952,2.264,-204.3029,-3.5,56.3,3.81,0.0,1.115,0.82,-26.3949,-0.09,0.169,-1.1974,-0.33,0.019,-0.026,-1.57,0.005,-0.0028,-2.47,0.0,-0.0,-3.49
inner_coils_cu_collimator,Inner Coils (28mm) + Cu Tube Collimator,bench_18w,18.5,1.0,CW,60.0,1200.0,0.0967,2.281,-204.3034,-3.5,56.7,3.81,0.0,1.119,0.826,-26.3949,-0.09,0.17,-1.1974,-0.33,0.019,-0.026,-1.57,0.005,-0.0028,-2.47,0.0,-0.0,-3.49
inner_coils_cu_collimator,Inner Coils (28mm) + Cu Tube Collimator,bench_18w,18.5,1.0,CW,100.0,1200.0,0.1251,2.576,-204.3122,-3.5,63.2,3.81,0.0,1.125,0.93,-26.3961,-0.08,0.191,-1.1975,-0.32,0.021,-0.026,-1.56,0.005,-0.0028,-2.46,0.0,-0.0,-3.49
inner_coils_cu_collimator,Inner Coils (28mm) + Cu Tube Collimator,bench_18w,18.5,1.0,CW,120.0,1200.0,0.1369,2.69,-204.3158,-3.5,65.4,3.81,0.0,1.121,0.97,-26.3965,-0.08,0.198,-1.1975,-0.32,0.022,-0.026,-1.56,0.005,-0.0028,-2.46,0.0,-0.0,-3.49
inner_coils_cu_collimator,Inner Coils (28mm) + Cu Tube Collimator,bench_18w,18.5,1.0,CW,150.0,1200.0,0.1148,2.474,-204.309,-3.5,61.0,3.81,0.0,1.109,0.894,-26.3957,-0.08,0.183,-1.1974,-0.32,0.021,-0.026,-1.56,0.005,-0.0028,-2.47,0.0,-0.0,-3.49
inner_coils_cu_collimator,Inner Coils (28mm) + Cu Tube Collimator,bench_18w,18.5,1.0,CW,500.0,1200.0,0.0944,2.255,-204.3027,-3.5,56.1,3.81,0.0,1.12,0.817,-26.3949,-0.09,0.168,-1.1974,-0.33,0.019,-0.026,-1.57,0.005,-0.0028,-2.47,0.0,-0.0,-3.49
inner_coils_cu_collimator,Inner Coils (28mm) + Cu Tube Collimator,bench_18w,18.5,1.0,CW,1000.0,1200.0,0.0944,2.255,-204.3027,-3.5,56.1,3.81,0.0,1.052,0.817,-26.3949,-0.09,0.168,-1.1974,-0.33,0.019,-0.026,-1.57,0.005,-0.0028,-2.47,0.0,-0.0,-3.49
inner_coils_cu_collimator,Inner Coils (28mm) + Cu Tube Collimator,bench_18w,18.5,1.0,CW,120.0,0.0,0.1292,2.616,-154.5005,-3.5,64.0,3.81,0.0,1.121,0.944,-19.9607,-0.08,0.193,-0.9055,-0.32,0.021,-0.0197,-1.56,0.005,-0.0022,-2.46,0.0,-0.0,-3.49
inner_coils_cu_collimator,Inner Coils (28mm) + Cu Tube Collimator,bench_18w,18.5,1.0,CW,120.0,600.0,0.1331,2.653,-178.5394,-3.5,64.7,3.81,0.0,1.121,0.957,-23.0664,-0.08,0.196,-1.0464,-0.32,0.022,-0.0227,-1.56,0.005,-0.0025,-2.46,0.0,-0.0,-3.49
inner_coils_cu_collimator,Inner Coils (28mm) + Cu Tube Collimator,bench_18w,18.5,1.0,CW,120.0,2400.0,0.1447,2.761,-261.0818,-3.5,66.8,3.81,0.0,1.121,0.996,-33.7304,-0.07,0.203,-1.5302,-0.31,0.022,-0.0332,-1.56,0.005,-0.0036,-2.46,0.0,-0.0,-3.49
inner_coils_cu_collimator,Inner Coils (28mm) + Cu Tube Collimator,bench_18w,18.5,1.0,CCW,7.83,1200.0,-0.0944,-2.165,204.3003,3.5,56.1,3.81,0.0,1.09,-0.771,26.3944,-0.03,-0.153,1.1974,0.31,-0.015,0.026,1.58,-0.003,0.0028,2.48,-0.0,0.0,3.49
inner_coils_cu_collimator,Inner Coils (28mm) + Cu Tube Collimator,bench_18w,18.5,1.0,CCW,25.0,1200.0,-0.0945,-2.166,204.3003,3.5,56.1,3.81,0.0,1.101,-0.772,26.3944,-0.03,-0.153,1.1974,0.31,-0.015,0.026,1.58,-0.003,0.0028,2.48,-0.0,0.0,3.49
inner_coils_cu_collimator,Inner Coils (28mm) + Cu Tube Collimator,bench_18w,18.5,1.0,CCW,50.0,1200.0,-0.0952,-2.174,204.3005,3.5,56.3,3.81,0.0,1.115,-0.775,26.3944,-0.03,-0.153,1.1974,0.31,-0.015,0.026,1.58,-0.003,0.0028,2.48,-0.0,0.0,3.49
inner_coils_cu_collimator,Inner Coils (28mm) + Cu Tube Collimator,bench_18w,18.5,1.0,CCW,60.0,1200.0,-0.0967,-2.191,204.3009,3.5,56.7,3.81,0.0,1.119,-0.78,26.3945,-0.03,-0.154,1.1974,0.31,-0.015,0.026,1.58,-0.003,0.0028,2.48,-0.0,0.0,3.49
inner_coils_cu_collimator,Inner Coils (28mm) + Cu Tube Collimator,bench_18w,18.5,1.0,CCW,100.0,1200.0,-0.1251,-2.486,204.3094,3.5,63.2,3.81,0.0,1.125,-0.885,26.3956,-0.03,-0.175,1.1974,0.3,-0.017,0.026,1.57,-0.004,0.0028,2.47,-0.0,0.0,3.49
inner_coils_cu_collimator,Inner Coils (28mm) + Cu Tube Collimator,bench_18w,18.5,1.0,CCW,120.0,1200.0,-0.1369,-2.6,204.3129,3.5,65.4,3.81,0.0,1.121,-0.925,26.396,-0.03,-0.182,1.1974,0.3,-0.018,0.026,1.57,-0.004,0.0028,2.47,-0.0,0.0,3.49
inner_coils_cu_collimator,Inner Coils (28mm) + Cu Tube Collimator,bench_18w,18.5,1.0,CCW,150.0,1200.0,-0.1148,-2.384,204.3063,3.5,61.0,3.81,0.0,1.109,-0.849,26.3952,-0.03,-0.168,1.1974,0.31,-0.017,0.026,1.57,-0.003,0.0028,2.47,-0.0,0.0,3.49
inner_coils_cu_collimator,Inner Coils (28mm) + Cu Tube Collimator,bench_18w,18.5,1.0,CCW,500.0,1200.0,-0.0944,-2.165,204.3003,3.5,56.1,3.81,0.0,1.12,-0.771,26.3944,-0.03,-0.153,1.1974,0.31,-0.015,0.026,1.58,-0.003,0.0028,2.48,-0.0,0.0,3.49
inner_coils_cu_collimator,Inner Coils (28mm) + Cu Tube Collimator,bench_18w,18.5,1.0,CCW,1000.0,1200.0,-0.0944,-2.165,204.3003,3.5,56.1,3.81,0.0,1.052,-0.771,26.3944,-0.03,-0.153,1.1974,0.31,-0.015,0.026,1.58,-0.003,0.0028,2.48,-0.0,0.0,3.49
inner_coils_cu_collimator,Inner Coils (28mm) + Cu Tube Collimator,bench_18w,18.5,1.0,CCW,120.0,0.0,-0.1292,-2.526,154.4977,3.5,64.0,3.81,0.0,1.121,-0.899,19.9602,-0.03,-0.177,0.9055,0.3,-0.017,0.0197,1.57,-0.004,0.0022,2.47,-0.0,0.0,3.49
inner_coils_cu_collimator,Inner Coils (28mm) + Cu Tube Collimator,bench_18w,18.5,1.0,CCW,120.0,600.0,-0.1331,-2.563,178.5365,3.5,64.7,3.81,0.0,1.121,-0.912,23.0658,-0.03,-0.18,1.0464,0.3,-0.018,0.0227,1.57,-0.004,0.0025,2.47,-0.0,0.0,3.49
inner_coils_cu_collimator,Inner Coils (28mm) + Cu Tube Collimator,bench_18w,18.5,1.0,CCW,120.0,2400.0,-0.1447,-2.671,261.0788,3.5,66.8,3.81,0.0,1.121,-0.95,33.7298,-0.03,-0.187,1.5301,0.3,-0.018,0.0332,1.57,-0.004,0.0036,2.47,-0.0,0.0,3.49
inner_coils_cu_collimator,Inner Coils (28mm) + Cu Tube Collimator,rated_2kw,2400.0,1.0,CW,7.83,1200.0,12.2521,24.876,-10018.5254,-3.5,177.8,33.0,0.0,1.09,8.893,-1294.3337,-0.72,1.776,-58.7153,-0.16,0.182,-1.2752,-1.16,0.04,-0.1395,-2.26,0.0,-0.0,-3.49
inner_coils_cu_collimator,Inner Coils (28mm) + Cu Tube Collimator,rated_2kw,2400.0,1.0,CW,25.0,1200.0,12.2554,24.879,-10018.5263,-3.5,177.8,33.0,0.0,1.101,8.894,-1294.3338,-0.72,1.776,-58.7153,-0.16,0.182,-1.2752,-1.16,0.04,-0.1395,-2.26,0.0,-0.0,-3.49
inner_coils_cu_collimator,Inner Coils (28mm) + Cu Tube Collimator,rated_2kw,2400.0,1.0,CW,50.0,1200.0,12.3529,24.975,-10018.5557,-3.5,178.0,33.0,0.0,1.115,8.928,-1294.3375,-0.72,1.783,-58.7155,-0.16,0.183,-1.2752,-1.16,0.04,-0.1395,-2.26,0.0,-0.0,-3.49
inner_coils_cu_collimator,Inner Coils (28mm) + Cu Tube Collimator,rated_2kw,2400.0,1.0,CW,60.0,1200.0,12.5437,25.162,-10018.6132,-3.5,178.4,33.0,0.0,1.119,8.994,-1294.3448,-0.71,1.796,-58.7157,-0.16,0.184,-1.2752,-1.16,0.041,-0.1395,-2.26,0.0,-0.0,-3.49
inner_coils_cu_collimator,Inner Coils (28mm) + Cu Tube Collimator,rated_2kw,2400.0,1.0,CW,100.0,1200.0,16.2294,28.532,-10019.7213,-3.5,184.8,33.0,0.0,1.125,10.186,-1294.4847,-0.63,2.027,-58.7212,-0.12,0.205,-1.2753,-1.11,0.045,-0.1395,-2.23,0.0,-0.0,-3.49
inner_coils_cu_collimator,Inner Coils (28mm) + Cu Tube Collimator,rated_2kw,2400.0,1.0,CW,120.0,1200.0,17.7653,29.821,-10020.1822,-3.5,187.1,33.0,0.0,1.121,10.642,-1294.5429,-0.6,2.116,-58.7234,-0.11,0.213,-1.2753,-1.09,0.046,-0.1395,-2.22,0.0,-0.0,-3.49
inner_coils_cu_collimator,Inner Coils (28mm) + Cu Tube Collimator,rated_2kw,2400.0,1.0,CW,150.0,1200.0,14.8964,27.362,-10019.3209,-3.5,182.7,33.0,0.0,1.109,9.772,-1294.4342,-0.65,1.947,-58.7192,-0.14,0.198,-1.2753,-1.12,0.043,-0.1395,-2.24,0.0,-0.0,-3.49
inner_coils_cu_collimator,Inner Coils (28mm) + Cu Tube Collimator,rated_2kw,2400.0,1.0,CW,500.0,1200.0,12.2519,24.875,-10018.5253,-3.5,177.8,33.0,0.0,1.12,8.893,-1294.3337,-0.72,1.776,-58.7153,-0.16,0.182,-1.2752,-1.16,0.04,-0.1395,-2.26,0.0,-0.0,-3.49
inner_coils_cu_collimator,Inner Coils (28mm) + Cu Tube Collimator,rated_2kw,2400.0,1.0,CW,1000.0,1200.0,12.2519,24.875,-10018.5253,-3.5,177.8,33.0,0.0,1.052,8.893,-1294.3337,-0.72,1.776,-58.7153,-0.16,0.182,-1.2752,-1.16,0.04,-0.1395,-2.26,0.0,-0.0,-3.49
inner_coils_cu_collimator,Inner Coils (28mm) + Cu Tube Collimator,rated_2kw,2400.0,1.0,CW,120.0,0.0,16.7597,28.984,-7577.7239,-3.5,185.6,33.0,0.0,1.121,10.345,-978.9915,-0.62,2.058,-44.4085,-0.12,0.208,-0.9644,-1.1,0.045,-0.1055,-2.23,0.0,-0.0,-3.49
inner_coils_cu_collimator,Inner Coils (28mm) + Cu Tube Collimator,rated_2kw,2400.0,1.0,CW,120.0,600.0,17.2625,29.405,-8756.3573,-3.5,186.3,33.0,0.0,1.121,10.495,-1131.264,-0.61,2.087,-51.3163,-0.12,0.211,-1.1144,-1.09,0.046,-0.1219,-2.23,0.0,-0.0,-3.49
inner_coils_cu_collimator,Inner Coils (28mm) + Cu Tube Collimator,rated_2kw,2400.0,1.0,CW,120.0,2400.0,18.7708,30.635,-12803.4064,-3.5,188.4,33.0,0.0,1.121,10.929,-1654.1194,-0.58,2.171,-75.0355,-0.11,0.219,-1.6296,-1.08,0.047,-0.1783,-2.22,0.0,-0.0,-3.49
inner_coils_cu_collimator,Inner Coils (28mm) + Cu Tube Collimator,rated_2kw,2400.0,1.0,CCW,7.83,1200.0,-12.2521,-24.42,10018.3879,3.5,177.8,33.0,0.0,1.09,-8.664,1294.309,-0.8,-1.696,58.7136,-0.16,-0.162,1.2752,1.15,-0.032,0.1395,2.29,-0.0,0.0,3.49
inner_coils_cu_collimator,Inner Coils (28mm) + Cu Tube Collimator,rated_2kw,2400.0,1.0,CCW,25.0,1200.0,-12.2554,-24.424,10018.3888,3.5,177.8,33.0,0.0,1.101,-8.665,1294.3091,-0.8,-1.697,58.7136,-0.16,-0.162,1.2752,1.15,-0.032,0.1395,2.29,-0.0,0.0,3.49
inner_coils_cu_collimator,Inner Coils (28mm) + Cu Tube Collimator,rated_2kw,2400.0,1.0,CCW,50.0,1200.0,-12.3529,-24.52,10018.4177,3.5,178.0,33.0,0.0,1.115,-8.699,1294.3128,-0.8,-1.703,58.7137,-0.16,-0.163,1.2752,1.15,-0.032,0.1395,2.29,-0.0,0.0,3.49
inner_coils_cu_collimator,Inner Coils (28mm) + Cu Tube Collimator,rated_2kw,2400.0,1.0,CCW,60.0,1200.0,-12.5437,-24.707,10018.4741,3.5,178.4,33.0,0.0,1.119,-8.765,1294.3198,-0.79,-1.716,58.714,-0.16,-0.164,1.2752,1.15,-0.032,0.1395,2.29,-0.0,0.0,3.49
inner_coils_cu_collimator,Inner Coils (28mm) + Cu Tube Collimator,rated_2kw,2400.0,1.0,CCW,100.0,1200.0,-16.2294,-28.076,10019.5635,3.5,184.8,33.0,0.0,1.125,-9.956,1294.4564,-0.7,-1.947,58.7192,-0.16,-0.185,1.2752,1.1,-0.036,0.1395,2.27,-0.0,0.0,3.49
inner_coils_cu_collimator,Inner Coils (28mm) + Cu Tube Collimator,rated_2kw,2400.0,1.0,CCW,120.0,1200.0,-17.7653,-29.366,10020.0171,3.5,187.1,33.0,0.0,1.121,-10.412,1294.5133,-0.67,-2.036,58.7214,-0.16,-0.194,1.2752,1.09,-0.038,0.1395,2.26,-0.0,0.0,3.49
inner_coils_cu_collimator,Inner Coils (28mm) + Cu Tube Collimator,rated_2kw,2400.0,1.0,CCW,150.0,1200.0,-14.8964,-26.907,10019.1696,3.5,182.7,33.0,0.0,1.109,-9.543,1294.4071,-0.73,-1.867,58.7173,-0.16,-0.178,1.2752,1.12,-0.035,0.1395,2.27,-0.0,0.0,3.49
inner_coils_cu_collimator,Inner Coils (28mm) + Cu Tube Collimator,rated_2kw,2400.0,1.0,CCW,500.0,1200.0,-12.2519,-24.42,10018.3878,3.5,177.8,33.0,0.0,1.12,-8.664,1294.309,-0.8,-1.696,58.7136,-0.16,-0.162,1.2752,1.15,-0.032,0.1395,2.29,-0.0,0.0,3.49
inner_coils_cu_collimator,Inner Coils (28mm) + Cu Tube Collimator,rated_2kw,2400.0,1.0,CCW,1000.0,1200.0,-12.2519,-24.42,10018.3878,3.5,177.8,33.0,0.0,1.052,-8.664,1294.309,-0.8,-1.696,58.7136,-0.16,-0.162,1.2752,1.15,-0.032,0.1395,2.29,-0.0,0.0,3.49
inner_coils_cu_collimator,Inner Coils (28mm) + Cu Tube Collimator,rated_2kw,2400.0,1.0,CCW,120.0,0.0,-16.7597,-28.528,7577.5635,3.5,185.6,33.0,0.0,1.121,-10.116,978.9627,-0.69,-1.978,44.4066,-0.16,-0.188,0.9643,1.1,-0.037,0.1055,2.26,-0.0,0.0,3.49
inner_coils_cu_collimator,Inner Coils (28mm) + Cu Tube Collimator,rated_2kw,2400.0,1.0,CCW,120.0,600.0,-17.2625,-28.95,8756.1946,3.5,186.3,33.0,0.0,1.121,-10.265,1131.2349,-0.68,-2.007,51.3143,-0.16,-0.191,1.1144,1.09,-0.037,0.1219,2.26,-0.0,0.0,3.49
inner_coils_cu_collimator,Inner Coils (28mm) + Cu Tube Collimator,rated_2kw,2400.0,1.0,CCW,120.0,2400.0,-18.7708,-30.18,12803.2367,3.5,188.4,33.0,0.0,1.121,-10.7,1654.089,-0.66,-2.091,75.0334,-0.16,-0.199,1.6296,1.08,-0.039,0.1783,2.25,-0.0,0.0,3.49
inner_coils_cu_collimator,Inner Coils (28mm) + Cu Tube Collimator,field_50kw,50000.0,5.0,CW,7.83,1200.0,255.252,42.621,-16063.9279,-3.61,567.3,148.7,0.0,1.09,25.528,-5838.7377,-2.1,7.751,-587.7907,-0.24,1.292,-26.6589,1.2,0.449,-5.8409,1.09,0.013,-0.0633,-2.1
inner_coils_cu_collimator,Inner Coils (28mm) + Cu Tube Collimator,field_50kw,50000.0,5.0,CW,25.0,1200.0,255.3205,42.626,-16063.9308,-3.61,567.3,148.7,0.0,1.101,25.531,-5838.7387,-2.1,7.752,-587.7907,-0.24,1.293,-26.6589,1.2,0.449,-5.8409,1.09,0.013,-0.0633,-2.1
inner_coils_cu_collimator,Inner Coils (28mm) + Cu Tube Collimator,field_50kw,50000.0,5.0,CW,50.0,1200.0,257.3518,42.792,-16064.0174,-3.6,567.7,148.7,0.0,1.115,25.63,-5838.7696,-2.09,7.782,-587.7936,-0.24,1.297,-26.659,1.2,0.45,-5.8409,1.1,0.013,-0.0633,-2.1
inner_coils_cu_collimator,Inner Coils (28mm) + Cu Tube Collimator,field_50kw,50000.0,5.0,CW,60.0,1200.0,261.3277,43.114,-16064.1869,-3.57,568.6,148.7,0.0,1.119,25.822,-5838.8302,-2.07,7.839,-587.7991,-0.23,1.306,-26.6591,1.21,0.453,-5.8409,1.11,0.013,-0.0633,-2.1
inner_coils_cu_collimator,Inner Coils (28mm) + Cu Tube Collimator,field_50kw,50000.0,5.0,CW,100.0,1200.0,338.1117,48.912,-16067.4552,-3.14,583.0,148.7,0.0,1.125,29.28,-5839.9973,-1.81,8.875,-587.905,-0.14,1.471,-26.6619,1.32,0.507,-5.8412,1.27,0.014,-0.0633,-2.09
inner_coils_cu_collimator,Inner Coils (28mm) + Cu Tube Collimator,field_50kw,50000.0,5.0,CW,120.0,1200.0,370.1096,51.131,-16068.8149,-3.02,588.0,148.7,0.0,1.121,30.604,-5840.4827,-1.73,9.271,-587.9491,-0.11,1.534,-26.6631,1.36,0.527,-5.8414,1.33,0.014,-0.0633,-2.08
inner_coils_cu_collimator,Inner Coils (28mm) + Cu Tube Collimator,field_50kw,50000.0,5.0,CW,150.0,1200.0,310.3416,46.9,-16066.2741,-3.28,578.2,148.7,0.0,1.109,28.08,-5839.5756,-1.9,8.515,-587.8668,-0.17,1.414,-26.6609,1.29,0.488,-5.8411,1.22,0.014,-0.0633,-2.09
inner_coils_cu_collimator,Inner Coils (28mm) + Cu Tube Collimator,field_50kw,50000.0,5.0,CW,500.0,1200.0,255.248,42.62,-16063.9277,-3.61,567.3,148.7,0.0,1.12,25.528,-5838.7376,-2.1,7.751,-587.7906,-0.24,1.292,-26.6589,1.2,0.449,-5.8409,1.09,0.013,-0.0633,-2.1
inner_coils_cu_collimator,Inner Coils (28mm) + Cu Tube Collimator,field_50kw,50000.0,5.0,CW,1000.0,1200.0,255.248,42.62,-16063.9277,-3.61,567.3,148.7,0.0,1.052,25.528,-5838.7376,-2.1,7.751,-587.7906,-0.24,1.292,-26.6589,1.2,0.449,-5.8409,1.09,0.013,-0.0633,-2.1
inner_coils_cu_collimator,Inner Coils (28mm) + Cu Tube Collimator,field_50kw,50000.0,5.0,CW,120.0,0.0,349.16,49.69,-12153.3475,-3.09,584.8,148.7,0.0,1.121,29.744,-4417.3252,-1.78,9.013,-444.6735,-0.13,1.493,-20.1639,1.34,0.514,-4.4172,1.3,0.014,-0.0479,-2.09
inner_coils_cu_collimator,Inner Coils (28mm) + Cu Tube Collimator,field_50kw,50000.0,5.0,CW,120.0,600.0,359.6348,50.416,-14042.8037,-3.05,586.4,148.7,0.0,1.121,30.177,-5104.087,-1.76,9.143,-513.8128,-0.12,1.514,-23.3001,1.35,0.521,-5.1045,1.31,0.014,-0.0554,-2.08
inner_coils_cu_collimator,Inner Coils (28mm) + Cu Tube Collimator,field_50kw,50000.0,5.0,CW,120.0,2400.0,391.0592,52.532,-20530.502,-3.02,591.1,148.7,0.0,1.121,31.439,-7462.1759,-1.68,9.521,-751.2125,-0.1,1.574,-34.069,1.39,0.54,-7.4642,1.37,0.014,-0.0809,-2.08
inner_coils_cu_collimator,Inner Coils (28mm) + Cu Tube Collimator,field_50kw,50000.0,5.0,CCW,7.83,1200.0,-255.252,-41.968,16063.5895,-3.72,567.3,148.7,0.0,1.09,-25.062,5838.5933,-2.35,-7.536,587.7705,-1.22,-1.217,26.6577,-1.53,-0.404,5.8407,-1.18,-0.006,0.0633,2.27
inner_coils_cu_collimator,Inner Coils (28mm) + Cu Tube Collimator,field_50kw,50000.0,5.0,CCW,25.0,1200.0,-255.3205,-41.973,16063.5924,-3.72,567.3,148.7,0.0,1.101,-25.066,5838.5944,-2.35,-7.537,587.7705,-1.22,-1.217,26.6577,-1.53,-0.404,5.8407,-1.18,-0.006,0.0633,2.27
inner_coils_cu_collimator,Inner Coils (28mm) + Cu Tube Collimator,field_50kw,50000.0,5.0,CCW,50.0,1200.0,-257.3518,-42.139,16063.6776,-3.71,567.7,148.7,0.0,1.115,-25.164,5838.6247,-2.34,-7.566,587.7733,-1.21,-1.222,26.6578,-1.53,-0.406,5.8407,-1.18,-0.006,0.0633,2.27
inner_coils_cu_collimator,Inner Coils (28mm) + Cu Tube Collimator,field_50kw,50000.0,5.0,CCW,60.0,1200.0,-261.3277,-42.461,16063.8446,-3.68,568.6,148.7,0.0,1.119,-25.357,5838.6842,-2.32,-7.624,587.7786,-1.21,-1.231,26.6579,-1.54,-0.409,5.8407,-1.19,-0.006,0.0633,2.27
inner_coils_cu_collimator,Inner Coils (28mm) + Cu Tube Collimator,field_50kw,50000.0,5.0,CCW,100.0,1200.0,-338.1117,-48.259,16067.0664,-3.24,583.0,148.7,0.0,1.125,-28.815,5839.8316,-2.06,-8.659,587.8819,-1.13,-1.396,26.6606,-1.61,-0.463,5.841,-1.34,-0.006,0.0633,2.27
inner_coils_cu_collimator,Inner Coils (28mm) + Cu Tube Collimator,field_50kw,50000.0,5.0,CCW,120.0,1200.0,-370.1096,-50.478,16068.4084,3.15,588.0,148.7,0.0,1.121,-30.138,5840.3095,-1.97,-9.055,587.9249,-1.1,-1.459,26.6617,-1.64,-0.483,5.8411,-1.4,-0.006,0.0633,2.26
inner_coils_cu_collimator,Inner Coils (28mm) + Cu Tube Collimator,field_50kw,50000.0,5.0,CCW,150.0,1200.0,-310.3416,-46.247,16065.9015,-3.38,578.2,148.7,0.0,1.109,-27.614,5839.4167,-2.14,-8.3,587.8446,-1.16,-1.339,26.6596,-1.59,-0.444,5.8409,-1.29,-0.006,0.0633,2.27
inner_coils_cu_collimator,Inner Coils (28mm) + Cu Tube Collimator,field_50kw,50000.0,5.0,CCW,500.0,1200.0,-255.248,-41.967,16063.5893,-3.72,567.3,148.7,0.0,1.12,-25.062,5838.5933,-2.35,-7.535,587.7705,-1.22,-1.217,26.6577,-1.53,-0.404,5.8407,-1.18,-0.006,0.0633,2.27
inner_coils_cu_collimator,Inner Coils (28mm) + Cu Tube Collimator,field_50kw,50000.0,5.0,CCW,1000.0,1200.0,-255.248,-41.967,16063.5893,-3.72,567.3,148.7,0.0,1.052,-25.062,5838.5933,-2.35,-7.535,587.7705,-1.22,-1.217,26.6577,-1.53,-0.404,5.8407,-1.18,-0.006,0.0633,2.27
inner_coils_cu_collimator,Inner Coils (28mm) + Cu Tube Collimator,field_50kw,50000.0,5.0,CCW,120.0,0.0,-349.16,-49.037,12152.9525,-3.19,584.8,148.7,0.0,1.121,-29.278,4417.1568,-2.03,-8.798,444.65,-1.12,-1.418,20.1625,-1.62,-0.47,4.417,-1.36,-0.006,0.0479,2.27
inner_coils_cu_collimator,Inner Coils (28mm) + Cu Tube Collimator,field_50kw,50000.0,5.0,CCW,120.0,600.0,-359.6348,-49.763,14042.403,3.15,586.4,148.7,0.0,1.121,-29.711,5103.9162,-2.0,-8.927,513.7889,-1.11,-1.439,23.2988,-1.63,-0.476,5.1042,-1.38,-0.006,0.0554,2.26
inner_coils_cu_collimator,Inner Coils (28mm) + Cu Tube Collimator,field_50kw,50000.0,5.0,CCW,120.0,2400.0,-391.0592,-51.879,20530.0843,3.15,591.1,148.7,0.0,1.121,-30.974,7461.9978,-1.92,-9.305,751.1876,-1.09,-1.499,34.0676,-1.66,-0.496,7.4639,-1.43,-0.006,0.0809,2.26
inner_coils_cu_collimator,Inner Coils (28mm) + Cu Tube Collimator,megawatt_2mw,2400000.0,20.0,CW,7.83,1200.0,12252.0949,88.056,-31829.1416,-7.54,1567.3,1028.91,0.0,1.09,73.24,-22236.4785,-6.23,37.924,-6297.7786,-2.87,9.691,-549.0911,1.62,4.218,-149.8221,4.22,0.215,-4.79,4.33
inner_coils_cu_collimator,Inner Coils (28mm) + Cu Tube Collimator,megawatt_2mw,2400000.0,20.0,CW,25.0,1200.0,12255.3859,88.068,-31829.1542,-7.54,1567.4,1028.91,0.0,1.101,73.25,-22236.4871,-6.23,37.929,-6297.7809,-2.87,9.692,-549.0912,1.62,4.219,-149.8221,4.22,0.215,-4.79,4.33
inner_coils_cu_collimator,Inner Coils (28mm) + Cu Tube Collimator,megawatt_2mw,2400000.0,20.0,CW,50.0,1200.0,12352.8847,88.411,-31829.5256,-7.51,1568.2,1028.91,0.0,1.115,73.535,-22236.7438,-6.21,38.076,-6297.8494,-2.85,9.729,-549.0956,1.62,4.235,-149.823,4.23,0.216,-4.79,4.34
inner_coils_cu_collimator,Inner Coils (28mm) + Cu Tube Collimator,megawatt_2mw,2400000.0,20.0,CW,60.0,1200.0,12543.7287,89.08,-31830.2525,-7.45,1570.0,1028.91,0.0,1.119,74.091,-22237.2461,-6.16,38.362,-6297.9834,-2.83,9.801,-549.1042,1.63,4.265,-149.8246,4.24,0.217,-4.79,4.37
inner_coils_cu_collimator,Inner Coils (28mm) + Cu Tube Collimator,megawatt_2mw,2400000.0,20.0,CW,100.0,1200.0,16229.3625,101.116,-31844.2747,7.12,1598.8,1028.91,0.0,1.125,84.091,-22246.9345,-5.41,43.514,-6300.5671,-2.42,11.094,-549.2698,1.8,4.817,-149.8553,4.44,0.237,-4.7901,4.81
inner_coils_cu_collimator,Inner Coils (28mm) + Cu Tube Collimator,megawatt_2mw,2400000.0,20.0,CW,120.0,1200.0,17765.2608,105.723,-31850.1104,7.26,1608.9,1028.91,0.0,1.121,87.917,-22250.9663,-5.17,45.486,-6301.6419,-2.29,11.589,-549.3386,1.85,5.028,-149.868,4.5,0.244,-4.7901,4.97
inner_coils_cu_collimator,Inner Coils (28mm) + Cu Tube Collimator,megawatt_2mw,2400000.0,20.0,CW,150.0,1200.0,14896.3981,96.939,-31839.2066,6.99,1589.2,1028.91,0.0,1.109,80.62,-22243.4329,-5.65,41.726,-6299.6335,-2.55,10.645,-549.21,1.74,4.626,-149.8442,4.37,0.23,-4.7901,4.66
inner_coils_cu_collimator,Inner Coils (28mm) + Cu Tube Collimator,megawatt_2mw,2400000.0,20.0,CW,500.0,1200.0,12251.904,88.055,-31829.1409,-7.54,1567.3,1028.91,0.0,1.12,73.24,-22236.478,-6.23,37.924,-6297.7785,-2.87,9.691,-549.0911,1.62,4.218,-149.8221,4.22,0.215,-4.79,4.33
inner_coils_cu_collimator,Inner Coils (28mm) + Cu Tube Collimator,megawatt_2mw,2400000.0,20.0,CW,1000.0,1200.0,12251.904,88.055,-31829.1409,-7.54,1567.3,1028.91,0.0,1.052,73.24,-22236.478,-6.23,37.924,-6297.7785,-2.87,9.691,-549.0911,1.62,4.218,-149.8221,4.22,0.215,-4.79,4.33
inner_coils_cu_collimator,Inner Coils (28mm) + Cu Tube Collimator,megawatt_2mw,2400000.0,20.0,CW,120.0,0.0,16759.68,102.731,-24096.1336,7.17,1602.4,1028.91,0.0,1.121,85.432,-16833.8328,-5.33,44.205,-4767.3333,-2.37,11.268,-415.5345,1.82,4.891,-113.3512,4.46,0.239,-3.6221,4.87
inner_coils_cu_collimator,Inner Coils (28mm) + Cu Tube Collimator,megawatt_2mw,2400000.0,20.0,CW,120.0,600.0,17262.4704,104.238,-27837.9451,7.22,1605.7,1028.91,0.0,1.121,86.684,-19447.9608,-5.25,44.85,-5507.7388,-2.33,11.43,-480.1035,1.83,4.96,-130.9728,4.48,0.242,-4.1857,4.92
inner_coils_cu_collimator,Inner Coils (28mm) + Cu Tube Collimator,megawatt_2mw,2400000.0,20.0,CW,120.0,2400.0,18770.8416,108.631,-40685.5029,7.34,1615.0,1028.91,0.0,1.121,90.334,-28423.6094,-5.03,46.731,-8049.9416,-2.21,11.902,-701.8067,1.88,5.162,-191.479,4.54,0.249,-6.1211,5.08
inner_coils_cu_collimator,Inner Coils (28mm) + Cu Tube Collimator,megawatt_2mw,2400000.0,20.0,CCW,7.83,1200.0,-12252.0949,-86.994,31828.0031,-7.69,1567.3,1028.91,0.0,1.09,-72.298,22235.6387,-6.56,-37.306,6297.4939,-4.12,-9.418,549.0592,-3.97,-4.043,149.8132,-5.64,-0.163,4.7899,-4.02
inner_coils_cu_collimator,Inner Coils (28mm) + Cu Tube Collimator,megawatt_2mw,2400000.0,20.0,CCW,25.0,1200.0,-12255.3859,-87.006,31828.0155,-7.69,1567.4,1028.91,0.0,1.101,-72.308,22235.6473,-6.56,-37.311,6297.4961,-4.12,-9.419,549.0593,-3.97,-4.043,149.8133,-5.64,-0.163,4.7899,-4.02
inner_coils_cu_collimator,Inner Coils (28mm) + Cu Tube Collimator,megawatt_2mw,2400000.0,20.0,CCW,50.0,1200.0,-12352.8847,-87.349,31828.3824,-7.66,1568.2,1028.91,0.0,1.115,-72.593,22235.9006,-6.53,-37.458,6297.5635,-4.11,-9.456,549.0636,-3.96,-4.059,149.814,-5.64,-0.163,4.7899,-4.03
inner_coils_cu_collimator,Inner Coils (28mm) + Cu Tube Collimator,megawatt_2mw,2400000.0,20.0,CCW,60.0,1200.0,-12543.7287,-88.018,31829.1006,-7.61,1570.0,1028.91,0.0,1.119,-73.149,22236.3965,-6.49,-37.744,6297.6953,-4.08,-9.528,549.0719,-3.96,-4.09,149.8156,-5.64,-0.164,4.7899,-4.05
inner_coils_cu_collimator,Inner Coils (28mm) + Cu Tube Collimator,megawatt_2mw,2400000.0,20.0,CCW,100.0,1200.0,-16229.3625,-100.055,31842.9662,-7.8,1598.8,1028.91,0.0,1.125,-83.149,22245.9695,-5.72,-42.896,6300.2401,-3.66,-10.822,549.2332,-3.85,-4.641,149.8451,-5.68,-0.184,4.79,-4.45
inner_coils_cu_collimator,Inner Coils (28mm) + Cu Tube Collimator,megawatt_2mw,2400000.0,20.0,CCW,120.0,1200.0,-17765.2608,-104.661,31848.7421,-7.92,1608.9,1028.91,0.0,1.121,-86.975,22249.9571,-5.47,-44.868,6301.2999,-3.53,-11.317,549.3003,-3.81,-4.853,149.8574,-5.69,-0.191,4.79,-4.6
inner_coils_cu_collimator,Inner Coils (28mm) + Cu Tube Collimator,megawatt_2mw,2400000.0,20.0,CCW,150.0,1200.0,-14896.3981,-95.877,31837.9525,-7.7,1589.2,1028.91,0.0,1.109,-79.678,22242.508,-5.96,-41.108,6299.32,-3.8,-10.373,549.1749,-3.88,-4.45,149.8344,-5.67,-0.177,4.7899,-4.31
inner_coils_cu_collimator,Inner Coils (28mm) + Cu Tube Collimator,megawatt_2mw,2400000.0,20.0,CCW,500.0,1200.0,-12251.904,-86.993,31828.0024,-7.69,1567.3,1028.91,0.0,1.12,-72.298,22235.6382,-6.56,-37.306,6297.4937,-4.12,-9.418,549.0592,-3.97,-4.043,149.8132,-5.64,-0.163,4.7899,-4.02
inner_coils_cu_collimator,Inner Coils (28mm) + Cu Tube Collimator,megawatt_2mw,2400000.0,20.0,CCW,1000.0,1200.0,-12251.904,-86.993,31828.0024,-7.69,1567.3,1028.91,0.0,1.052,-72.298,22235.6382,-6.56,-37.306,6297.4937,-4.12,-9.418,549.0592,-3.97,-4.043,149.8132,-5.64,-0.163,4.7899,-4.02
inner_coils_cu_collimator,Inner Coils (28mm) + Cu Tube Collimator,megawatt_2mw,2400000.0,20.0,CCW,120.0,0.0,-16759.68,-101.669,24094.8042,-7.84,1602.4,1028.91,0.0,1.121,-84.49,16832.8523,-5.63,-43.587,4767.001,-3.62,-10.995,415.4973,-3.84,-4.715,113.3408,-5.68,-0.186,3.622,-4.5
inner_coils_cu_collimator,Inner Coils (28mm) + Cu Tube Collimator,megawatt_2mw,2400000.0,20.0,CCW,120.0,600.0,-17262.4704,-103.176,27836.5961,-7.88,1605.7,1028.91,0.0,1.121,-85.742,19446.9659,-5.55,-44.232,5507.4016,-3.57,-11.157,480.0658,-3.83,-4.785,130.9623,-5.69,-0.189,4.1856,-4.55
inner_coils_cu_collimator,Inner Coils (28mm) + Cu Tube Collimator,megawatt_2mw,2400000.0,20.0,CCW,120.0,2400.0,-18770.8416,-107.57,40684.0967,-7.98,1615.0,1028.91,0.0,1.121,-89.392,28422.5724,-5.33,-46.113,8049.5901,-3.45,-11.63,701.7674,-3.79,-4.986,191.4681,-5.7,-0.196,6.121,-4.7
chiral_diode_collimator,Chiral Diode (+45°/+15°/-22.5°) + Cu Tube,bench_18w,18.5,1.0,CW,7.83,1200.0,0.0791,2.075,-118.2183,-3.5,51.7,3.74,0.0,1.09,0.753,-15.2732,-0.1,0.156,-0.6929,-0.34,0.018,-0.015,-1.57,0.005,-0.0016,-2.47,0.0,-0.0,-3.49
chiral_diode_collimator,Chiral Diode (+45°/+15°/-22.5°) + Cu Tube,bench_18w,18.5,1.0,CW,25.0,1200.0,0.0791,2.075,-118.2183,-3.5,51.7,3.74,0.0,1.101,0.753,-15.2732,-0.1,0.156,-0.6929,-0.34,0.018,-0.015,-1.57,0.005,-0.0016,-2.47,0.0,-0.0,-3.49
chiral_diode_collimator,Chiral Diode (+45°/+15°/-22.5°) + Cu Tube,bench_18w,18.5,1.0,CW,50.0,1200.0,0.0797,2.083,-118.2185,-3.5,51.9,3.74,0.0,1.115,0.756,-15.2732,-0.1,0.157,-0.6929,-0.34,0.018,-0.015,-1.57,0.005,-0.0016,-2.47,0.0,-0.0,-3.49
chiral_diode_collimator,Chiral Diode (+45°/+15°/-22.5°) + Cu Tube,bench_18w,18.5,1.0,CW,60.0,1200.0,0.081,2.098,-118.2189,-3.5,52.3,3.74,0.0,1.119,0.761,-15.2733,-0.1,0.158,-0.6929,-0.34,0.018,-0.015,-1.57,0.005,-0.0016,-2.47,0.0,-0.0,-3.49
chiral_diode_collimator,Chiral Diode (+45°/+15°/-22.5°) + Cu Tube,bench_18w,18.5,1.0,CW,100.0,1200.0,0.1047,2.368,-118.2263,-3.5,58.7,3.74,0.0,1.125,0.857,-15.2742,-0.09,0.176,-0.6929,-0.33,0.02,-0.015,-1.57,0.005,-0.0016,-2.47,0.0,-0.0,-3.49
chiral_diode_collimator,Chiral Diode (+45°/+15°/-22.5°) + Cu Tube,bench_18w,18.5,1.0,CW,120.0,1200.0,0.1146,2.472,-118.2293,-3.5,61.0,3.74,0.0,1.121,0.893,-15.2746,-0.08,0.183,-0.6929,-0.32,0.02,-0.0151,-1.56,0.005,-0.0016,-2.47,0.0,-0.0,-3.49
chiral_diode_collimator,Chiral Diode (+45°/+15°/-22.5°) + Cu Tube,bench_18w,18.5,1.0,CW,150.0,1200.0,0.0961,2.274,-118.2236,-3.5,56.6,3.74,0.0,1.109,0.823,-15.2739,-0.09,0.17,-0.6929,-0.33,0.019,-0.015,-1.57,0.005,-0.0016,-2.47,0.0,-0.0,-3.49
chiral_diode_collimator,Chiral Diode (+45°/+15°/-22.5°) + Cu Tube,bench_18w,18.5,1.0,CW,500.0,1200.0,0.0791,2.075,-118.2183,-3.5,51.7,3.74,0.0,1.12,0.753,-15.2732,-0.1,0.156,-0.6929,-0.34,0.018,-0.015,-1.57,0.005,-0.0016,-2.47,0.0,-0.0,-3.49
chiral_diode_collimator,Chiral Diode (+45°/+15°/-22.5°) + Cu Tube,bench_18w,18.5,1.0,CW,1000.0,1200.0,0.0791,2.075,-118.2183,-3.5,51.7,3.74,0.0,1.052,0.753,-15.2732,-0.1,0.156,-0.6929,-0.34,0.018,-0.015,-1.57,0.005,-0.0016,-2.47,0.0,-0.0,-3.49
chiral_diode_collimator,Chiral Diode (+45°/+15°/-22.5°) + Cu Tube,bench_18w,18.5,1.0,CW,120.0,0.0,0.1082,2.405,-89.4055,-3.5,59.5,3.74,0.0,1.121,0.869,-11.5508,-0.08,0.179,-0.524,-0.33,0.02,-0.0114,-1.57,0.005,-0.0012,-2.47,0.0,-0.0,-3.49
chiral_diode_collimator,Chiral Diode (+45°/+15°/-22.5°) + Cu Tube,bench_18w,18.5,1.0,CW,120.0,600.0,0.1114,2.438,-103.3147,-3.5,60.3,3.74,0.0,1.121,0.881,-13.3478,-0.08,0.181,-0.6055,-0.33,0.02,-0.0132,-1.56,0.005,-0.0014,-2.47,0.0,-0.0,-3.49
chiral_diode_collimator,Chiral Diode (+45°/+15°/-22.5°) + Cu Tube,bench_18w,18.5,1.0,CW,120.0,2400.0,0.1211,2.537,-151.0749,-3.5,62.4,3.74,0.0,1.121,0.916,-19.5181,-0.08,0.188,-0.8854,-0.32,0.021,-0.0192,-1.56,0.005,-0.0021,-2.46,0.0,-0.0,-3.49
chiral_diode_collimator,Chiral Diode (+45°/+15°/-22.5°) + Cu Tube,bench_18w,18.5,1.0,CCW,7.83,1200.0,-0.0791,-1.985,118.216,3.5,51.7,3.74,0.0,1.09,-0.707,15.2728,-0.04,-0.14,0.6928,0.32,-0.014,0.015,1.58,-0.003,0.0016,2.48,-0.0,0.0,3.49
chiral_diode_collimator,Chiral Diode (+45°/+15°/-22.5°) + Cu Tube,bench_18w,18.5,1.0,CCW,25.0,1200.0,-0.0791,-1.985,118.216,3.5,51.7,3.74,0.0,1.101,-0.708,15.2728,-0.04,-0.14,0.6928,0.32,-0.014,0.015,1.58,-0.003,0.0016,2.48,-0.0,0.0,3.49
chiral_diode_collimator,Chiral Diode (+45°/+15°/-22.5°) + Cu Tube,bench_18w,18.5,1.0,CCW,50.0,1200.0,-0.0797,-1.993,118.2162,3.5,51.9,3.74,0.0,1.115,-0.71,15.2728,-0.04,-0.141,0.6928,0.32,-0.014,0.015,1.58,-0.003,0.0016,2.48,-0.0,0.0,3.49
chiral_diode_collimator,Chiral Diode (+45°/+15°/-22.5°) + Cu Tube,bench_18w,18.5,1.0,CCW,60.0,1200.0,-0.081,-2.008,118.2166,3.5,52.3,3.74,0.0,1.119,-0.716,15.2729,-0.04,-0.142,0.6928,0.32,-0.014,0.015,1.58,-0.003,0.0016,2.48,-0.0,0.0,3.49
chiral_diode_collimator,Chiral Diode (+45°/+15°/-22.5°) + Cu Tube,bench_18w,18.5,1.0,CCW,100.0,1200.0,-0.1047,-2.278,118.2237,3.5,58.7,3.74,0.0,1.125,-0.811,15.2738,-0.03,-0.16,0.6929,0.31,-0.016,0.015,1.57,-0.003,0.0016,2.48,-0.0,0.0,3.49
chiral_diode_collimator,Chiral Diode (+45°/+15°/-22.5°) + Cu Tube,bench_18w,18.5,1.0,CCW,120.0,1200.0,-0.1146,-2.382,118.2267,3.5,61.0,3.74,0.0,1.121,-0.848,15.2742,-0.03,-0.168,0.6929,0.31,-0.017,0.015,1.57,-0.003,0.0016,2.47,-0.0,0.0,3.49
chiral_diode_collimator,Chiral Diode (+45°/+15°/-22.5°) + Cu Tube,bench_18w,18.5,1.0,CCW,150.0,1200.0,-0.0961,-2.184,118.2211,3.5,56.6,3.74,0.0,1.109,-0.778,15.2735,-0.03,-0.154,0.6929,0.31,-0.015,0.015,1.58,-0.003,0.0016,2.48,-0.0,0.0,3.49
chiral_diode_collimator,Chiral Diode (+45°/+15°/-22.5°) + Cu Tube,bench_18w,18.5,1.0,CCW,500.0,1200.0,-0.0791,-1.985,118.216,3.5,51.7,3.74,0.0,1.12,-0.707,15.2728,-0.04,-0.14,0.6928,0.32,-0.014,0.015,1.58,-0.003,0.0016,2.48,-0.0,0.0,3.49
chiral_diode_collimator,Chiral Diode (+45°/+15°/-22.5°) + Cu Tube,bench_18w,18.5,1.0,CCW,1000.0,1200.0,-0.0791,-1.985,118.216,3.5,51.7,3.74,0.0,1.052,-0.707,15.2728,-0.04,-0.14,0.6928,0.32,-0.014,0.015,1.58,-0.003,0.0016,2.48,-0.0,0.0,3.49
chiral_diode_collimator,Chiral Diode (+45°/+15°/-22.5°) + Cu Tube,bench_18w,18.5,1.0,CCW,120.0,0.0,-0.1082,-2.315,89.4029,3.5,59.5,3.74,0.0,1.121,-0.824,11.5503,-0.03,-0.163,0.524,0.31,-0.016,0.0114,1.57,-0.003,0.0012,2.48,-0.0,0.0,3.49
chiral_diode_collimator,Chiral Diode (+45°/+15°/-22.5°) + Cu Tube,bench_18w,18.5,1.0,CCW,120.0,600.0,-0.1114,-2.349,103.3121,3.5,60.3,3.74,0.0,1.121,-0.836,13.3473,-0.03,-0.165,0.6055,0.31,-0.016,0.0132,1.57,-0.003,0.0014,2.47,-0.0,0.0,3.49
chiral_diode_collimator,Chiral Diode (+45°/+15°/-22.5°) + Cu Tube,bench_18w,18.5,1.0,CCW,120.0,2400.0,-0.1211,-2.447,151.0721,3.5,62.4,3.74,0.0,1.121,-0.871,19.5176,-0.03,-0.172,0.8854,0.31,-0.017,0.0192,1.57,-0.004,0.0021,2.47,-0.0,0.0,3.49
chiral_diode_collimator,Chiral Diode (+45°/+15°/-22.5°) + Cu Tube,rated_2kw,2400.0,1.0,CW,7.83,1200.0,10.2576,22.816,-5797.7342,-3.5,173.3,32.26,0.0,1.09,8.165,-749.0321,-0.79,1.635,-33.978,-0.19,0.169,-0.7379,-1.19,0.038,-0.0807,-2.27,0.0,-0.0,-3.49
chiral_diode_collimator,Chiral Diode (+45°/+15°/-22.5°) + Cu Tube,rated_2kw,2400.0,1.0,CW,25.0,1200.0,10.2603,22.819,-5797.7351,-3.5,173.3,32.26,0.0,1.101,8.166,-749.0322,-0.79,1.635,-33.978,-0.19,0.169,-0.7379,-1.19,0.038,-0.0807,-2.27,0.0,-0.0,-3.49
chiral_diode_collimator,Chiral Diode (+45°/+15°/-22.5°) + Cu Tube,rated_2kw,2400.0,1.0,CW,50.0,1200.0,10.3419,22.907,-5797.7597,-3.5,173.5,32.26,0.0,1.115,8.197,-749.0353,-0.79,1.641,-33.9781,-0.19,0.17,-0.7379,-1.19,0.038,-0.0807,-2.27,0.0,-0.0,-3.49
chiral_diode_collimator,Chiral Diode (+45°/+15°/-22.5°) + Cu Tube,rated_2kw,2400.0,1.0,CW,60.0,1200.0,10.5017,23.078,-5797.808,-3.5,173.9,32.26,0.0,1.119,8.257,-749.0414,-0.78,1.653,-33.9783,-0.19,0.171,-0.7379,-1.19,0.038,-0.0807,-2.27,0.0,-0.0,-3.49
chiral_diode_collimator,Chiral Diode (+45°/+15°/-22.5°) + Cu Tube,rated_2kw,2400.0,1.0,CW,100.0,1200.0,13.5874,26.162,-5798.7378,-3.5,180.4,32.26,0.0,1.125,9.348,-749.1589,-0.69,1.864,-33.9829,-0.15,0.19,-0.7379,-1.14,0.042,-0.0807,-2.25,0.0,-0.0,-3.49
chiral_diode_collimator,Chiral Diode (+45°/+15°/-22.5°) + Cu Tube,rated_2kw,2400.0,1.0,CW,120.0,1200.0,14.8732,27.341,-5799.1244,-3.5,182.6,32.26,0.0,1.121,9.765,-749.2078,-0.66,1.945,-33.9848,-0.14,0.198,-0.738,-1.12,0.043,-0.0807,-2.24,0.0,-0.0,-3.49
chiral_diode_collimator,Chiral Diode (+45°/+15°/-22.5°) + Cu Tube,rated_2kw,2400.0,1.0,CW,150.0,1200.0,12.4714,25.091,-5798.4019,-3.5,178.2,32.26,0.0,1.109,8.969,-749.1165,-0.72,1.791,-33.9813,-0.16,0.184,-0.7379,-1.16,0.04,-0.0807,-2.26,0.0,-0.0,-3.49
chiral_diode_collimator,Chiral Diode (+45°/+15°/-22.5°) + Cu Tube,rated_2kw,2400.0,1.0,CW,500.0,1200.0,10.2574,22.816,-5797.7342,-3.5,173.3,32.26,0.0,1.12,8.165,-749.0321,-0.79,1.635,-33.978,-0.19,0.169,-0.7379,-1.19,0.038,-0.0807,-2.27,0.0,-0.0,-3.49
chiral_diode_collimator,Chiral Diode (+45°/+15°/-22.5°) + Cu Tube,rated_2kw,2400.0,1.0,CW,1000.0,1200.0,10.2574,22.816,-5797.7342,-3.5,173.3,32.26,0.0,1.052,8.165,-749.0321,-0.79,1.635,-33.978,-0.19,0.169,-0.7379,-1.19,0.038,-0.0807,-2.27,0.0,-0.0,-3.49
chiral_diode_collimator,Chiral Diode (+45°/+15°/-22.5°) + Cu Tube,rated_2kw,2400.0,1.0,CW,120.0,0.0,14.0314,26.575,-4385.8347,-3.5,181.2,32.26,0.0,1.121,9.494,-566.6192,-0.68,1.893,-25.7018,-0.14,0.193,-0.5581,-1.13,0.042,-0.0611,-2.25,0.0,-0.0,-3.49
chiral_diode_collimator,Chiral Diode (+45°/+15°/-22.5°) + Cu Tube,rated_2kw,2400.0,1.0,CW,120.0,600.0,14.4523,26.961,-5067.8336,-3.5,181.9,32.26,0.0,1.121,9.63,-654.7294,-0.67,1.919,-29.6988,-0.14,0.195,-0.6449,-1.13,0.043,-0.0706,-2.24,0.0,-0.0,-3.49
chiral_diode_collimator,Chiral Diode (+45°/+15°/-22.5°) + Cu Tube,rated_2kw,2400.0,1.0,CW,120.0,2400.0,15.7151,28.086,-7409.5819,-3.5,184.0,32.26,0.0,1.121,10.028,-957.2694,-0.64,1.997,-43.4234,-0.13,0.202,-0.943,-1.11,0.044,-0.1032,-2.24,0.0,-0.0,-3.49
chiral_diode_collimator,Chiral Diode (+45°/+15°/-22.5°) + Cu Tube,rated_2kw,2400.0,1.0,CCW,7.83,1200.0,-10.2576,-22.361,5797.6082,3.5,173.3,32.26,0.0,1.09,-7.936,749.0095,-0.87,-1.555,33.9764,-0.16,-0.149,0.7379,1.18,-0.03,0.0807,2.3,-0.0,0.0,3.49
chiral_diode_collimator,Chiral Diode (+45°/+15°/-22.5°) + Cu Tube,rated_2kw,2400.0,1.0,CCW,25.0,1200.0,-10.2603,-22.364,5797.6091,3.5,173.3,32.26,0.0,1.101,-7.937,749.0096,-0.87,-1.555,33.9764,-0.16,-0.149,0.7379,1.18,-0.03,0.0807,2.3,-0.0,0.0,3.49
chiral_diode_collimator,Chiral Diode (+45°/+15°/-22.5°) + Cu Tube,rated_2kw,2400.0,1.0,CCW,50.0,1200.0,-10.3419,-22.452,5797.6332,3.5,173.5,32.26,0.0,1.115,-7.968,749.0126,-0.87,-1.561,33.9765,-0.16,-0.15,0.7379,1.18,-0.03,0.0807,2.3,-0.0,0.0,3.49
chiral_diode_collimator,Chiral Diode (+45°/+15°/-22.5°) + Cu Tube,rated_2kw,2400.0,1.0,CCW,60.0,1200.0,-10.5017,-22.623,5797.6805,3.5,173.9,32.26,0.0,1.119,-8.028,749.0185,-0.86,-1.573,33.9768,-0.16,-0.151,0.7379,1.18,-0.03,0.0807,2.3,-0.0,0.0,3.49
chiral_diode_collimator,Chiral Diode (+45°/+15°/-22.5°) + Cu Tube,rated_2kw,2400.0,1.0,CCW,100.0,1200.0,-13.5874,-25.706,5798.5931,3.5,180.4,32.26,0.0,1.125,-9.118,749.133,-0.76,-1.785,33.9811,-0.16,-0.17,0.7379,1.14,-0.033,0.0807,2.28,-0.0,0.0,3.49
chiral_diode_collimator,Chiral Diode (+45°/+15°/-22.5°) + Cu Tube,rated_2kw,2400.0,1.0,CCW,120.0,1200.0,-14.8732,-26.886,5798.9732,3.5,182.6,32.26,0.0,1.121,-9.536,749.1807,-0.73,-1.865,33.9829,-0.16,-0.178,0.7379,1.12,-0.035,0.0807,2.27,-0.0,0.0,3.49
chiral_diode_collimator,Chiral Diode (+45°/+15°/-22.5°) + Cu Tube,rated_2kw,2400.0,1.0,CCW,150.0,1200.0,-12.4714,-24.636,5798.2632,3.5,178.2,32.26,0.0,1.109,-8.74,749.0916,-0.79,-1.711,33.9795,-0.16,-0.164,0.7379,1.15,-0.032,0.0807,2.29,-0.0,0.0,3.49
chiral_diode_collimator,Chiral Diode (+45°/+15°/-22.5°) + Cu Tube,rated_2kw,2400.0,1.0,CCW,500.0,1200.0,-10.2574,-22.361,5797.6082,3.5,173.3,32.26,0.0,1.12,-7.935,749.0095,-0.87,-1.555,33.9764,-0.16,-0.149,0.7379,1.18,-0.03,0.0807,2.3,-0.0,0.0,3.49
chiral_diode_collimator,Chiral Diode (+45°/+15°/-22.5°) + Cu Tube,rated_2kw,2400.0,1.0,CCW,1000.0,1200.0,-10.2574,-22.361,5797.6082,3.5,173.3,32.26,0.0,1.052,-7.935,749.0095,-0.87,-1.555,33.9764,-0.16,-0.149,0.7379,1.18,-0.03,0.0807,2.3,-0.0,0.0,3.49
chiral_diode_collimator,Chiral Diode (+45°/+15°/-22.5°) + Cu Tube,rated_2kw,2400.0,1.0,CCW,120.0,0.0,-14.0314,-26.12,4385.6877,3.5,181.2,32.26,0.0,1.121,-9.265,566.5928,-0.75,-1.813,25.7,-0.16,-0.173,0.558,1.13,-0.034,0.061,2.28,-0.0,0.0,3.49
chiral_diode_collimator,Chiral Diode (+45°/+15°/-22.5°) + Cu Tube,rated_2kw,2400.0,1.0,CCW,120.0,600.0,-14.4523,-26.506,5067.6845,3.5,181.9,32.26,0.0,1.121,-9.401,654.7026,-0.74,-1.839,29.697,-0.16,-0.175,0.6448,1.13,-0.034,0.0705,2.28,-0.0,0.0,3.49
chiral_diode_collimator,Chiral Diode (+45°/+15°/-22.5°) + Cu Tube,rated_2kw,2400.0,1.0,CCW,120.0,2400.0,-15.7151,-27.631,7409.4265,3.5,184.0,32.26,0.0,1.121,-9.799,957.2415,-0.71,-1.917,43.4215,-0.16,-0.183,0.9429,1.11,-0.036,0.1032,2.27,-0.0,0.0,3.49
chiral_diode_collimator,Chiral Diode (+45°/+15°/-22.5°) + Cu Tube,field_50kw,50000.0,5.0,CW,7.83,1200.0,213.6993,39.077,-9297.5358,-3.94,557.3,145.27,0.0,1.09,23.415,-3379.3537,-2.3,7.119,-340.1943,-0.31,1.192,-15.4277,1.12,0.416,-3.3799,0.98,0.013,-0.0367,-2.1
chiral_diode_collimator,Chiral Diode (+45°/+15°/-22.5°) + Cu Tube,field_50kw,50000.0,5.0,CW,25.0,1200.0,213.7567,39.082,-9297.5383,-3.94,557.3,145.27,0.0,1.101,23.418,-3379.3545,-2.3,7.119,-340.1944,-0.31,1.192,-15.4277,1.12,0.416,-3.3799,0.98,0.013,-0.0367,-2.1
chiral_diode_collimator,Chiral Diode (+45°/+15°/-22.5°) + Cu Tube,field_50kw,50000.0,5.0,CW,50.0,1200.0,215.4573,39.233,-9297.6109,-3.92,557.8,145.27,0.0,1.115,23.508,-3379.3805,-2.29,7.146,-340.1967,-0.31,1.196,-15.4277,1.13,0.417,-3.3799,0.99,0.013,-0.0367,-2.1
chiral_diode_collimator,Chiral Diode (+45°/+15°/-22.5°) + Cu Tube,field_50kw,50000.0,5.0,CW,60.0,1200.0,218.786,39.528,-9297.7531,-3.9,558.6,145.27,0.0,1.119,23.684,-3379.4313,-2.27,7.199,-340.2014,-0.3,1.205,-15.4279,1.13,0.42,-3.3799,1.0,0.013,-0.0367,-2.1
chiral_diode_collimator,Chiral Diode (+45°/+15°/-22.5°) + Cu Tube,field_50kw,50000.0,5.0,CW,100.0,1200.0,283.0703,44.834,-9300.4945,-3.43,573.0,145.27,0.0,1.125,26.848,-3380.4106,-1.99,8.146,-340.2904,-0.21,1.355,-15.4302,1.25,0.469,-3.3802,1.16,0.013,-0.0367,-2.09
chiral_diode_collimator,Chiral Diode (+45°/+15°/-22.5°) + Cu Tube,field_50kw,50000.0,5.0,CW,120.0,1200.0,309.8592,46.864,-9301.6348,-3.28,578.1,145.27,0.0,1.121,28.059,-3380.8179,-1.9,8.509,-340.3274,-0.17,1.413,-15.4312,1.29,0.488,-3.3803,1.22,0.014,-0.0367,-2.09
chiral_diode_collimator,Chiral Diode (+45°/+15°/-22.5°) + Cu Tube,field_50kw,50000.0,5.0,CW,150.0,1200.0,259.8209,42.992,-9299.5039,-3.58,568.2,145.27,0.0,1.109,25.75,-3380.0568,-2.08,7.818,-340.2582,-0.24,1.303,-15.4294,1.21,0.452,-3.3801,1.1,0.013,-0.0367,-2.1
chiral_diode_collimator,Chiral Diode (+45°/+15°/-22.5°) + Cu Tube,field_50kw,50000.0,5.0,CW,500.0,1200.0,213.696,39.077,-9297.5357,-3.94,557.3,145.27,0.0,1.12,23.414,-3379.3536,-2.3,7.118,-340.1943,-0.31,1.192,-15.4277,1.12,0.416,-3.3799,0.98,0.013,-0.0367,-2.1
chiral_diode_collimator,Chiral Diode (+45°/+15°/-22.5°) + Cu Tube,field_50kw,50000.0,5.0,CW,1000.0,1200.0,213.696,39.077,-9297.5357,-3.94,557.3,145.27,0.0,1.052,23.414,-3379.3536,-2.3,7.118,-340.1943,-0.31,1.192,-15.4277,1.12,0.416,-3.3799,0.98,0.013,-0.0367,-2.1
chiral_diode_collimator,Chiral Diode (+45°/+15°/-22.5°) + Cu Tube,field_50kw,50000.0,5.0,CW,120.0,0.0,292.32,45.545,-7035.9061,-3.38,574.8,145.27,0.0,1.121,27.272,-2557.2934,-1.96,8.273,-257.4203,-0.19,1.376,-11.6705,1.26,0.476,-2.5563,1.18,0.014,-0.0277,-2.09
chiral_diode_collimator,Chiral Diode (+45°/+15°/-22.5°) + Cu Tube,field_50kw,50000.0,5.0,CW,120.0,600.0,301.0896,46.209,-8129.265,-3.33,576.5,145.27,0.0,1.121,27.668,-2954.6965,-1.93,8.392,-297.4282,-0.18,1.394,-13.4853,1.27,0.482,-2.9539,1.2,0.014,-0.032,-2.09
chiral_diode_collimator,Chiral Diode (+45°/+15°/-22.5°) + Cu Tube,field_50kw,50000.0,5.0,CW,120.0,2400.0,327.3984,48.146,-11883.4072,-3.19,581.2,145.27,0.0,1.121,28.823,-4319.2154,-1.85,8.738,-434.7994,-0.15,1.449,-19.7165,1.31,0.5,-4.3193,1.25,0.014,-0.0468,-2.09
chiral_diode_collimator,Chiral Diode (+45°/+15°/-22.5°) + Cu Tube,field_50kw,50000.0,5.0,CCW,7.83,1200.0,-213.6993,-38.424,9297.2258,-4.06,557.3,145.27,0.0,1.09,-22.949,3379.2214,-2.55,-6.903,340.1758,-1.28,-1.116,15.4266,-1.48,-0.372,3.3797,-1.08,-0.005,0.0367,2.28
chiral_diode_collimator,Chiral Diode (+45°/+15°/-22.5°) + Cu Tube,field_50kw,50000.0,5.0,CCW,25.0,1200.0,-213.7567,-38.429,9297.2282,-4.06,557.3,145.27,0.0,1.101,-22.952,3379.2222,-2.55,-6.904,340.1758,-1.28,-1.117,15.4266,-1.48,-0.372,3.3797,-1.08,-0.005,0.0367,2.28
chiral_diode_collimator,Chiral Diode (+45°/+15°/-22.5°) + Cu Tube,field_50kw,50000.0,5.0,CCW,50.0,1200.0,-215.4573,-38.58,9297.2996,-4.05,557.8,145.27,0.0,1.115,-23.042,3379.2477,-2.54,-6.931,340.1781,-1.28,-1.121,15.4267,-1.48,-0.373,3.3797,-1.08,-0.005,0.0367,2.28
chiral_diode_collimator,Chiral Diode (+45°/+15°/-22.5°) + Cu Tube,field_50kw,50000.0,5.0,CCW,60.0,1200.0,-218.786,-38.875,9297.4394,-4.01,558.6,145.27,0.0,1.119,-23.218,3379.2975,-2.53,-6.983,340.1826,-1.27,-1.129,15.4268,-1.49,-0.376,3.3797,-1.09,-0.005,0.0367,2.28
chiral_diode_collimator,Chiral Diode (+45°/+15°/-22.5°) + Cu Tube,field_50kw,50000.0,5.0,CCW,100.0,1200.0,-283.0703,-44.18,9300.1384,-3.54,573.0,145.27,0.0,1.125,-26.382,3380.2588,-2.24,-7.931,340.2691,-1.18,-1.28,15.429,-1.56,-0.425,3.38,-1.24,-0.006,0.0367,2.27
chiral_diode_collimator,Chiral Diode (+45°/+15°/-22.5°) + Cu Tube,field_50kw,50000.0,5.0,CCW,120.0,1200.0,-309.8592,-46.211,9301.2625,-3.38,578.1,145.27,0.0,1.121,-27.593,3380.6591,-2.14,-8.293,340.3052,-1.16,-1.338,15.4299,-1.59,-0.444,3.38,-1.29,-0.006,0.0367,2.27
chiral_diode_collimator,Chiral Diode (+45°/+15°/-22.5°) + Cu Tube,field_50kw,50000.0,5.0,CCW,150.0,1200.0,-259.8209,-42.339,9299.1625,-3.69,568.2,145.27,0.0,1.109,-25.284,3379.9112,-2.33,-7.602,340.2379,-1.21,-1.228,15.4282,-1.54,-0.408,3.3799,-1.19,-0.006,0.0367,2.27
chiral_diode_collimator,Chiral Diode (+45°/+15°/-22.5°) + Cu Tube,field_50kw,50000.0,5.0,CCW,500.0,1200.0,-213.696,-38.423,9297.2256,-4.06,557.3,145.27,0.0,1.12,-22.949,3379.2213,-2.55,-6.903,340.1758,-1.28,-1.116,15.4266,-1.48,-0.372,3.3797,-1.08,-0.005,0.0367,2.28
chiral_diode_collimator,Chiral Diode (+45°/+15°/-22.5°) + Cu Tube,field_50kw,50000.0,5.0,CCW,1000.0,1200.0,-213.696,-38.423,9297.2256,-4.06,557.3,145.27,0.0,1.052,-22.949,3379.2213,-2.55,-6.903,340.1758,-1.28,-1.116,15.4266,-1.48,-0.372,3.3797,-1.08,-0.005,0.0367,2.28
chiral_diode_collimator,Chiral Diode (+45°/+15°/-22.5°) + Cu Tube,field_50kw,50000.0,5.0,CCW,120.0,0.0,-292.32,-44.892,7035.5443,-3.48,574.8,145.27,0.0,1.121,-26.806,2557.1391,-2.2,-8.058,257.3987,-1.17,-1.3,11.6693,-1.57,-0.431,2.556,-1.26,-0.006,0.0277,2.27
chiral_diode_collimator,Chiral Diode (+45°/+15°/-22.5°) + Cu Tube,field_50kw,50000.0,5.0,CCW,120.0,600.0,-301.0896,-45.556,8128.8979,-3.43,576.5,145.27,0.0,1.121,-27.203,2954.54,-2.17,-8.176,297.4063,-1.16,-1.319,13.484,-1.58,-0.438,2.9537,-1.27,-0.006,0.032,2.27
chiral_diode_collimator,Chiral Diode (+45°/+15°/-22.5°) + Cu Tube,field_50kw,50000.0,5.0,CCW,120.0,2400.0,-327.3984,-47.493,11883.0245,-3.29,581.2,145.27,0.0,1.121,-28.358,4319.0523,-2.09,-8.522,434.7766,-1.14,-1.374,19.7152,-1.6,-0.455,4.319,-1.32,-0.006,0.0468,2.27
chiral_diode_collimator,Chiral Diode (+45°/+15°/-22.5°) + Cu Tube,megawatt_2mw,2400000.0,20.0,CW,7.83,1200.0,10257.5678,80.699,-18428.8138,-8.23,1547.5,1005.0,0.0,1.09,67.129,-12874.6612,-6.81,34.775,-3646.2173,-3.18,8.9,-317.8575,1.49,3.881,-86.7166,4.08,0.204,-2.7716,4.05
chiral_diode_collimator,Chiral Diode (+45°/+15°/-22.5°) + Cu Tube,megawatt_2mw,2400000.0,20.0,CW,25.0,1200.0,10260.3231,80.71,-18428.8243,-8.23,1547.5,1005.0,0.0,1.101,67.137,-12874.6685,-6.81,34.78,-3646.2192,-3.18,8.901,-317.8577,1.49,3.881,-86.7166,4.08,0.204,-2.7716,4.05
chiral_diode_collimator,Chiral Diode (+45°/+15°/-22.5°) + Cu Tube,megawatt_2mw,2400000.0,20.0,CW,50.0,1200.0,10341.9499,81.024,-18429.1357,-8.2,1548.4,1005.0,0.0,1.115,67.399,-12874.8837,-6.79,34.914,-3646.2767,-3.17,8.935,-317.8613,1.5,3.896,-86.7173,4.08,0.204,-2.7716,4.06
chiral_diode_collimator,Chiral Diode (+45°/+15°/-22.5°) + Cu Tube,megawatt_2mw,2400000.0,20.0,CW,60.0,1200.0,10501.7264,81.636,-18429.7453,-8.14,1550.1,1005.0,0.0,1.119,67.907,-12875.3049,-6.73,35.176,-3646.3891,-3.14,9.001,-317.8686,1.51,3.924,-86.7186,4.1,0.205,-2.7716,4.08
chiral_diode_collimator,Chiral Diode (+45°/+15°/-22.5°) + Cu Tube,megawatt_2mw,2400000.0,20.0,CW,100.0,1200.0,13587.3732,92.65,-18441.5021,-7.17,1578.9,1005.0,0.0,1.125,77.057,-12883.429,-5.92,39.89,-3648.5565,-2.69,10.184,-318.0077,1.69,4.429,-86.7445,4.3,0.223,-2.7717,4.5
chiral_diode_collimator,Chiral Diode (+45°/+15°/-22.5°) + Cu Tube,megawatt_2mw,2400000.0,20.0,CW,120.0,1200.0,14873.2416,96.864,-18446.3946,6.99,1589.0,1005.0,0.0,1.121,80.558,-12886.8093,-5.66,41.694,-3649.458,-2.55,10.637,-318.0654,1.74,4.622,-86.7552,4.37,0.23,-2.7717,4.66
chiral_diode_collimator,Chiral Diode (+45°/+15°/-22.5°) + Cu Tube,megawatt_2mw,2400000.0,20.0,CW,150.0,1200.0,12471.4031,88.827,-18437.2531,-7.48,1569.3,1005.0,0.0,1.109,73.881,-12880.493,-6.18,38.254,-3647.7734,-2.84,9.773,-317.9574,1.63,4.254,-86.7351,4.24,0.217,-2.7716,4.36
chiral_diode_collimator,Chiral Diode (+45°/+15°/-22.5°) + Cu Tube,megawatt_2mw,2400000.0,20.0,CW,500.0,1200.0,10257.408,80.699,-18428.8132,-8.23,1547.5,1005.0,0.0,1.12,67.128,-12874.6608,-6.81,34.775,-3646.2172,-3.18,8.9,-317.8575,1.49,3.881,-86.7166,4.08,0.204,-2.7716,4.05
chiral_diode_collimator,Chiral Diode (+45°/+15°/-22.5°) + Cu Tube,megawatt_2mw,2400000.0,20.0,CW,1000.0,1200.0,10257.408,80.699,-18428.8132,-8.23,1547.5,1005.0,0.0,1.052,67.128,-12874.6608,-6.81,34.775,-3646.2172,-3.18,8.9,-317.8575,1.49,3.881,-86.7166,4.08,0.204,-2.7716,4.05
chiral_diode_collimator,Chiral Diode (+45°/+15°/-22.5°) + Cu Tube,megawatt_2mw,2400000.0,20.0,CW,120.0,0.0,14031.36,94.127,-13958.9359,-7.05,1582.5,1005.0,0.0,1.121,78.284,-9751.7594,-5.82,40.523,-2761.521,-2.64,10.343,-240.6344,1.71,4.497,-65.6243,4.33,0.225,-2.0959,4.55
chiral_diode_collimator,Chiral Diode (+45°/+15°/-22.5°) + Cu Tube,megawatt_2mw,2400000.0,20.0,CW,120.0,600.0,14452.3008,95.506,-16124.4517,-6.95,1585.8,1005.0,0.0,1.121,79.429,-11264.642,-5.74,41.113,-3190.0126,-2.6,10.491,-278.0,1.73,4.56,-75.8213,4.35,0.228,-2.422,4.61
chiral_diode_collimator,Chiral Diode (+45°/+15°/-22.5°) + Cu Tube,megawatt_2mw,2400000.0,20.0,CW,120.0,2400.0,15715.1232,99.526,-23559.5619,7.07,1595.2,1005.0,0.0,1.121,82.769,-16458.9983,-5.5,42.834,-4661.2106,-2.47,10.923,-406.2955,1.78,4.744,-110.8336,4.41,0.234,-3.5418,4.75
chiral_diode_collimator,Chiral Diode (+45°/+15°/-22.5°) + Cu Tube,megawatt_2mw,2400000.0,20.0,CCW,7.83,1200.0,-10257.5678,-79.637,18427.7709,-8.4,1547.5,1005.0,0.0,1.09,-66.187,12873.892,-7.15,-34.157,3645.9564,-4.44,-8.627,317.8283,-4.05,-3.705,86.7084,-5.62,-0.151,2.7715,-3.78
chiral_diode_collimator,Chiral Diode (+45°/+15°/-22.5°) + Cu Tube,megawatt_2mw,2400000.0,20.0,CCW,25.0,1200.0,-10260.3231,-79.648,18427.7813,-8.4,1547.5,1005.0,0.0,1.101,-66.195,12873.8991,-7.15,-34.162,3645.9583,-4.44,-8.629,317.8284,-4.05,-3.706,86.7084,-5.62,-0.151,2.7715,-3.78
chiral_diode_collimator,Chiral Diode (+45°/+15°/-22.5°) + Cu Tube,megawatt_2mw,2400000.0,20.0,CCW,50.0,1200.0,-10341.9499,-79.963,18428.0886,-8.37,1548.4,1005.0,0.0,1.115,-66.457,12874.1113,-7.13,-34.296,3646.0147,-4.43,-8.662,317.832,-4.05,-3.72,86.7091,-5.62,-0.151,2.7715,-3.79
chiral_diode_collimator,Chiral Diode (+45°/+15°/-22.5°) + Cu Tube,megawatt_2mw,2400000.0,20.0,CCW,60.0,1200.0,-10501.7264,-80.574,18428.6902,-8.3,1550.1,1005.0,0.0,1.119,-66.965,12874.5267,-7.07,-34.558,3646.1251,-4.4,-8.728,317.839,-4.04,-3.748,86.7104,-5.62,-0.152,2.7715,-3.81
chiral_diode_collimator,Chiral Diode (+45°/+15°/-22.5°) + Cu Tube,megawatt_2mw,2400000.0,20.0,CCW,100.0,1200.0,-13587.3732,-91.588,18440.3038,-7.58,1578.9,1005.0,0.0,1.125,-76.115,12882.5452,-6.24,-39.272,3648.2569,-3.95,-9.912,317.9741,-3.92,-4.253,86.7351,-5.65,-0.17,2.7715,-4.17
chiral_diode_collimator,Chiral Diode (+45°/+15°/-22.5°) + Cu Tube,megawatt_2mw,2400000.0,20.0,CCW,120.0,1200.0,-14873.2416,-95.803,18445.1414,-7.69,1589.0,1005.0,0.0,1.121,-79.616,12885.8851,-5.97,-41.076,3649.1447,-3.8,-10.365,318.0304,-3.88,-4.447,86.7454,-5.67,-0.177,2.7716,-4.31
chiral_diode_collimator,Chiral Diode (+45°/+15°/-22.5°) + Cu Tube,megawatt_2mw,2400000.0,20.0,CCW,150.0,1200.0,-12471.4031,-87.765,18436.1045,-7.63,1569.3,1005.0,0.0,1.109,-72.939,12879.6458,-6.5,-37.636,3647.4861,-4.09,-9.501,317.9253,-3.96,-4.078,86.7262,-5.64,-0.164,2.7715,-4.05
chiral_diode_collimator,Chiral Diode (+45°/+15°/-22.5°) + Cu Tube,megawatt_2mw,2400000.0,20.0,CCW,500.0,1200.0,-10257.408,-79.637,18427.7703,-8.4,1547.5,1005.0,0.0,1.12,-66.186,12873.8915,-7.15,-34.157,3645.9562,-4.44,-8.627,317.8283,-4.05,-3.705,86.7084,-5.62,-0.151,2.7715,-3.78
chiral_diode_collimator,Chiral Diode (+45°/+15°/-22.5°) + Cu Tube,megawatt_2mw,2400000.0,20.0,CCW,1000.0,1200.0,-10257.408,-79.637,18427.7703,-8.4,1547.5,1005.0,0.0,1.052,-66.186,12873.8915,-7.15,-34.157,3645.9562,-4.44,-8.627,317.8283,-4.05,-3.705,86.7084,-5.62,-0.151,2.7715,-3.78
chiral_diode_collimator,Chiral Diode (+45°/+15°/-22.5°) + Cu Tube,megawatt_2mw,2400000.0,20.0,CCW,120.0,0.0,-14031.36,-93.065,13957.7184,-7.62,1582.5,1005.0,0.0,1.121,-77.342,9750.8614,-6.14,-39.905,2761.2166,-3.89,-10.071,240.6003,-3.91,-4.321,65.6148,-5.66,-0.173,2.0957,-4.22
chiral_diode_collimator,Chiral Diode (+45°/+15°/-22.5°) + Cu Tube,megawatt_2mw,2400000.0,20.0,CCW,120.0,600.0,-14452.3008,-94.444,16123.2162,-7.66,1585.8,1005.0,0.0,1.121,-78.487,11263.7308,-6.05,-40.495,3189.7037,-3.84,-10.219,277.9655,-3.9,-4.384,75.8117,-5.66,-0.175,2.4219,-4.27
chiral_diode_collimator,Chiral Diode (+45°/+15°/-22.5°) + Cu Tube,megawatt_2mw,2400000.0,20.0,CCW,120.0,2400.0,-15715.1232,-98.464,23558.2742,-7.76,1595.2,1005.0,0.0,1.121,-81.827,16458.0485,-5.81,-42.216,4660.8886,-3.71,-10.651,406.2595,-3.86,-4.569,110.8236,-5.67,-0.181,3.5417,-4.4
toroidal_24c_collimator,Toroidal 24 Vertical Coils (Pisano) + Cu Tube,bench_18w,18.5,1.0,CW,7.83,1200.0,0.0846,2.142,-143.206,-3.5,53.4,3.71,0.0,1.09,0.777,-18.5015,-0.09,0.161,-0.8393,-0.34,0.018,-0.0182,-1.57,0.005,-0.002,-2.47,0.0,-0.0,-3.49
toroidal_24c_collimator,Toroidal 24 Vertical Coils (Pisano) + Cu Tube,bench_18w,18.5,1.0,CW,25.0,1200.0,0.0847,2.142,-143.206,-3.5,53.4,3.71,0.0,1.101,0.777,-18.5015,-0.09,0.161,-0.8393,-0.34,0.018,-0.0182,-1.57,0.005,-0.002,-2.47,0.0,-0.0,-3.49
toroidal_24c_collimator,Toroidal 24 Vertical Coils (Pisano) + Cu Tube,bench_18w,18.5,1.0,CW,50.0,1200.0,0.0853,2.15,-143.2062,-3.5,53.6,3.71,0.0,1.115,0.78,-18.5015,-0.09,0.161,-0.8393,-0.34,0.018,-0.0182,-1.57,0.005,-0.002,-2.47,0.0,-0.0,-3.49
toroidal_24c_collimator,Toroidal 24 Vertical Coils (Pisano) + Cu Tube,bench_18w,18.5,1.0,CW,60.0,1200.0,0.0867,2.166,-143.2066,-3.5,54.0,3.71,0.0,1.119,0.785,-18.5016,-0.09,0.162,-0.8393,-0.34,0.019,-0.0182,-1.57,0.005,-0.002,-2.47,0.0,-0.0,-3.49
toroidal_24c_collimator,Toroidal 24 Vertical Coils (Pisano) + Cu Tube,bench_18w,18.5,1.0,CW,100.0,1200.0,0.1121,2.446,-143.2145,-3.5,60.4,3.71,0.0,1.125,0.884,-18.5026,-0.08,0.182,-0.8394,-0.33,0.02,-0.0182,-1.56,0.005,-0.002,-2.47,0.0,-0.0,-3.49
toroidal_24c_collimator,Toroidal 24 Vertical Coils (Pisano) + Cu Tube,bench_18w,18.5,1.0,CW,120.0,1200.0,0.1227,2.553,-143.2178,-3.5,62.7,3.71,0.0,1.121,0.922,-18.503,-0.08,0.189,-0.8394,-0.32,0.021,-0.0182,-1.56,0.005,-0.002,-2.46,0.0,-0.0,-3.49
toroidal_24c_collimator,Toroidal 24 Vertical Coils (Pisano) + Cu Tube,bench_18w,18.5,1.0,CW,150.0,1200.0,0.1029,2.349,-143.2117,-3.5,58.3,3.71,0.0,1.109,0.85,-18.5022,-0.09,0.175,-0.8393,-0.33,0.02,-0.0182,-1.57,0.005,-0.002,-2.47,0.0,-0.0,-3.49
toroidal_24c_collimator,Toroidal 24 Vertical Coils (Pisano) + Cu Tube,bench_18w,18.5,1.0,CW,500.0,1200.0,0.0846,2.142,-143.206,-3.5,53.4,3.71,0.0,1.12,0.777,-18.5015,-0.09,0.161,-0.8393,-0.34,0.018,-0.0182,-1.57,0.005,-0.002,-2.47,0.0,-0.0,-3.49
toroidal_24c_collimator,Toroidal 24 Vertical Coils (Pisano) + Cu Tube,bench_18w,18.5,1.0,CW,1000.0,1200.0,0.0846,2.142,-143.206,-3.5,53.4,3.71,0.0,1.052,0.777,-18.5015,-0.09,0.161,-0.8393,-0.34,0.018,-0.0182,-1.57,0.005,-0.002,-2.47,0.0,-0.0,-3.49
toroidal_24c_collimator,Toroidal 24 Vertical Coils (Pisano) + Cu Tube,bench_18w,18.5,1.0,CW,120.0,0.0,0.1158,2.483,-108.3008,-3.5,61.2,3.71,0.0,1.121,0.897,-13.9919,-0.08,0.184,-0.6347,-0.32,0.021,-0.0138,-1.56,0.005,-0.0015,-2.47,0.0,-0.0,-3.49
toroidal_24c_collimator,Toroidal 24 Vertical Coils (Pisano) + Cu Tube,bench_18w,18.5,1.0,CW,120.0,600.0,0.1193,2.518,-125.1503,-3.5,62.0,3.71,0.0,1.121,0.91,-16.1688,-0.08,0.187,-0.7335,-0.32,0.021,-0.0159,-1.56,0.005,-0.0017,-2.47,0.0,-0.0,-3.49
toroidal_24c_collimator,Toroidal 24 Vertical Coils (Pisano) + Cu Tube,bench_18w,18.5,1.0,CW,120.0,2400.0,0.1297,2.621,-183.0066,-3.5,64.1,3.71,0.0,1.121,0.946,-23.6435,-0.08,0.194,-1.0726,-0.32,0.021,-0.0233,-1.56,0.005,-0.0025,-2.46,0.0,-0.0,-3.49
toroidal_24c_collimator,Toroidal 24 Vertical Coils (Pisano) + Cu Tube,bench_18w,18.5,1.0,CCW,7.83,1200.0,-0.0846,-2.052,143.2037,3.5,53.4,3.71,0.0,1.09,-0.731,18.5011,-0.04,-0.145,0.8393,0.32,-0.014,0.0182,1.58,-0.003,0.002,2.48,-0.0,0.0,3.49
toroidal_24c_collimator,Toroidal 24 Vertical Coils (Pisano) + Cu Tube,bench_18w,18.5,1.0,CCW,25.0,1200.0,-0.0847,-2.052,143.2037,3.5,53.4,3.71,0.0,1.101,-0.731,18.5011,-0.04,-0.145,0.8393,0.32,-0.014,0.0182,1.58,-0.003,0.002,2.48,-0.0,0.0,3.49
toroidal_24c_collimator,Toroidal 24 Vertical Coils (Pisano) + Cu Tube,bench_18w,18.5,1.0,CCW,50.0,1200.0,-0.0853,-2.06,143.2039,3.5,53.6,3.71,0.0,1.115,-0.734,18.5011,-0.03,-0.145,0.8393,0.32,-0.015,0.0182,1.58,-0.003,0.002,2.48,-0.0,0.0,3.49
toroidal_24c_collimator,Toroidal 24 Vertical Coils (Pisano) + Cu Tube,bench_18w,18.5,1.0,CCW,60.0,1200.0,-0.0867,-2.076,143.2043,3.5,54.0,3.71,0.0,1.119,-0.74,18.5012,-0.03,-0.147,0.8393,0.32,-0.015,0.0182,1.58,-0.003,0.002,2.48,-0.0,0.0,3.49
toroidal_24c_collimator,Toroidal 24 Vertical Coils (Pisano) + Cu Tube,bench_18w,18.5,1.0,CCW,100.0,1200.0,-0.1121,-2.356,143.2119,3.5,60.4,3.71,0.0,1.125,-0.839,18.5021,-0.03,-0.166,0.8393,0.31,-0.016,0.0182,1.57,-0.003,0.002,2.47,-0.0,0.0,3.49
toroidal_24c_collimator,Toroidal 24 Vertical Coils (Pisano) + Cu Tube,bench_18w,18.5,1.0,CCW,120.0,1200.0,-0.1227,-2.463,143.215,3.5,62.7,3.71,0.0,1.121,-0.877,18.5025,-0.03,-0.173,0.8393,0.3,-0.017,0.0182,1.57,-0.004,0.002,2.47,-0.0,0.0,3.49
toroidal_24c_collimator,Toroidal 24 Vertical Coils (Pisano) + Cu Tube,bench_18w,18.5,1.0,CCW,150.0,1200.0,-0.1029,-2.259,143.2091,3.5,58.3,3.71,0.0,1.109,-0.804,18.5018,-0.03,-0.159,0.8393,0.31,-0.016,0.0182,1.57,-0.003,0.002,2.48,-0.0,0.0,3.49
toroidal_24c_collimator,Toroidal 24 Vertical Coils (Pisano) + Cu Tube,bench_18w,18.5,1.0,CCW,500.0,1200.0,-0.0846,-2.052,143.2037,3.5,53.4,3.71,0.0,1.12,-0.731,18.5011,-0.04,-0.145,0.8393,0.32,-0.014,0.0182,1.58,-0.003,0.002,2.48,-0.0,0.0,3.49
toroidal_24c_collimator,Toroidal 24 Vertical Coils (Pisano) + Cu Tube,bench_18w,18.5,1.0,CCW,1000.0,1200.0,-0.0846,-2.052,143.2037,3.5,53.4,3.71,0.0,1.052,-0.731,18.5011,-0.04,-0.145,0.8393,0.32,-0.014,0.0182,1.58,-0.003,0.002,2.48,-0.0,0.0,3.49
toroidal_24c_collimator,Toroidal 24 Vertical Coils (Pisano) + Cu Tube,bench_18w,18.5,1.0,CCW,120.0,0.0,-0.1158,-2.393,108.2981,3.5,61.2,3.71,0.0,1.121,-0.852,13.9914,-0.03,-0.168,0.6347,0.31,-0.017,0.0138,1.57,-0.003,0.0015,2.47,-0.0,0.0,3.49
toroidal_24c_collimator,Toroidal 24 Vertical Coils (Pisano) + Cu Tube,bench_18w,18.5,1.0,CCW,120.0,600.0,-0.1193,-2.429,125.1476,3.5,62.0,3.71,0.0,1.121,-0.864,16.1683,-0.03,-0.171,0.7335,0.31,-0.017,0.0159,1.57,-0.004,0.0017,2.47,-0.0,0.0,3.49
toroidal_24c_collimator,Toroidal 24 Vertical Coils (Pisano) + Cu Tube,bench_18w,18.5,1.0,CCW,120.0,2400.0,-0.1297,-2.531,183.0038,3.5,64.1,3.71,0.0,1.121,-0.901,23.643,-0.03,-0.178,1.0725,0.3,-0.017,0.0233,1.57,-0.004,0.0025,2.47,-0.0,0.0,3.49
toroidal_24c_collimator,Toroidal 24 Vertical Coils (Pisano) + Cu Tube,rated_2kw,2400.0,1.0,CW,7.83,1200.0,10.9801,23.584,-7022.929,-3.5,175.0,31.89,0.0,1.09,8.436,-907.32,-0.76,1.688,-41.1586,-0.18,0.174,-0.8939,-1.18,0.039,-0.0978,-2.27,0.0,-0.0,-3.49
toroidal_24c_collimator,Toroidal 24 Vertical Coils (Pisano) + Cu Tube,rated_2kw,2400.0,1.0,CW,25.0,1200.0,10.983,23.587,-7022.9299,-3.5,175.0,31.89,0.0,1.101,8.437,-907.3201,-0.76,1.688,-41.1586,-0.18,0.174,-0.8939,-1.18,0.039,-0.0978,-2.27,0.0,-0.0,-3.49
toroidal_24c_collimator,Toroidal 24 Vertical Coils (Pisano) + Cu Tube,rated_2kw,2400.0,1.0,CW,50.0,1200.0,11.0704,23.678,-7022.9563,-3.5,175.2,31.89,0.0,1.115,8.469,-907.3234,-0.76,1.694,-41.1587,-0.18,0.175,-0.8939,-1.18,0.039,-0.0978,-2.27,0.0,-0.0,-3.49
toroidal_24c_collimator,Toroidal 24 Vertical Coils (Pisano) + Cu Tube,rated_2kw,2400.0,1.0,CW,60.0,1200.0,11.2414,23.855,-7023.0079,-3.5,175.6,31.89,0.0,1.119,8.532,-907.33,-0.76,1.706,-41.159,-0.18,0.176,-0.8939,-1.18,0.039,-0.0978,-2.27,0.0,-0.0,-3.49
toroidal_24c_collimator,Toroidal 24 Vertical Coils (Pisano) + Cu Tube,rated_2kw,2400.0,1.0,CW,100.0,1200.0,14.5444,27.045,-7024.0023,-3.5,182.1,31.89,0.0,1.125,9.66,-907.4556,-0.66,1.925,-41.1639,-0.14,0.196,-0.8939,-1.13,0.043,-0.0978,-2.24,0.0,-0.0,-3.49
toroidal_24c_collimator,Toroidal 24 Vertical Coils (Pisano) + Cu Tube,rated_2kw,2400.0,1.0,CW,120.0,1200.0,15.9209,28.265,-7024.4158,-3.5,184.3,31.89,0.0,1.121,10.091,-907.5078,-0.63,2.009,-41.1659,-0.13,0.204,-0.8939,-1.11,0.044,-0.0978,-2.23,0.0,-0.0,-3.49
toroidal_24c_collimator,Toroidal 24 Vertical Coils (Pisano) + Cu Tube,rated_2kw,2400.0,1.0,CW,150.0,1200.0,13.3498,25.938,-7023.643,-3.5,179.9,31.89,0.0,1.109,9.268,-907.4102,-0.69,1.849,-41.1621,-0.15,0.189,-0.8939,-1.14,0.041,-0.0978,-2.25,0.0,-0.0,-3.49
toroidal_24c_collimator,Toroidal 24 Vertical Coils (Pisano) + Cu Tube,rated_2kw,2400.0,1.0,CW,500.0,1200.0,10.9799,23.583,-7022.929,-3.5,175.0,31.89,0.0,1.12,8.436,-907.32,-0.76,1.688,-41.1586,-0.18,0.174,-0.8939,-1.18,0.039,-0.0978,-2.27,0.0,-0.0,-3.49
toroidal_24c_collimator,Toroidal 24 Vertical Coils (Pisano) + Cu Tube,rated_2kw,2400.0,1.0,CW,1000.0,1200.0,10.9799,23.583,-7022.929,-3.5,175.0,31.89,0.0,1.052,8.436,-907.32,-0.76,1.688,-41.1586,-0.18,0.174,-0.8939,-1.18,0.039,-0.0978,-2.27,0.0,-0.0,-3.49
toroidal_24c_collimator,Toroidal 24 Vertical Coils (Pisano) + Cu Tube,rated_2kw,2400.0,1.0,CW,120.0,0.0,15.0197,27.472,-5312.3901,-3.5,182.9,31.89,0.0,1.121,9.811,-686.3242,-0.65,1.954,-31.132,-0.14,0.199,-0.676,-1.12,0.043,-0.074,-2.24,0.0,-0.0,-3.49
toroidal_24c_collimator,Toroidal 24 Vertical Coils (Pisano) + Cu Tube,rated_2kw,2400.0,1.0,CW,120.0,600.0,15.4703,27.872,-6138.5468,-3.5,183.6,31.89,0.0,1.121,9.952,-793.0588,-0.64,1.982,-35.974,-0.13,0.201,-0.7812,-1.12,0.044,-0.0855,-2.24,0.0,-0.0,-3.49
toroidal_24c_collimator,Toroidal 24 Vertical Coils (Pisano) + Cu Tube,rated_2kw,2400.0,1.0,CW,120.0,2400.0,16.822,29.036,-8975.2909,-3.5,185.7,31.89,0.0,1.121,10.364,-1159.5495,-0.62,2.062,-52.5996,-0.12,0.209,-1.1423,-1.1,0.045,-0.125,-2.23,0.0,-0.0,-3.49
toroidal_24c_collimator,Toroidal 24 Vertical Coils (Pisano) + Cu Tube,rated_2kw,2400.0,1.0,CCW,7.83,1200.0,-10.9801,-23.128,7022.7987,3.5,175.0,31.89,0.0,1.09,-8.207,907.2966,-0.84,-1.608,41.157,-0.16,-0.154,0.8938,1.17,-0.03,0.0978,2.3,-0.0,0.0,3.49
toroidal_24c_collimator,Toroidal 24 Vertical Coils (Pisano) + Cu Tube,rated_2kw,2400.0,1.0,CCW,25.0,1200.0,-10.983,-23.131,7022.7996,3.5,175.0,31.89,0.0,1.101,-8.208,907.2967,-0.84,-1.608,41.157,-0.16,-0.154,0.8938,1.17,-0.03,0.0978,2.3,-0.0,0.0,3.49
toroidal_24c_collimator,Toroidal 24 Vertical Coils (Pisano) + Cu Tube,rated_2kw,2400.0,1.0,CCW,50.0,1200.0,-11.0704,-23.222,7022.8255,3.5,175.2,31.89,0.0,1.115,-8.24,907.3,-0.84,-1.614,41.1571,-0.16,-0.155,0.8938,1.17,-0.031,0.0978,2.3,-0.0,0.0,3.49
toroidal_24c_collimator,Toroidal 24 Vertical Coils (Pisano) + Cu Tube,rated_2kw,2400.0,1.0,CCW,60.0,1200.0,-11.2414,-23.4,7022.8761,3.5,175.6,31.89,0.0,1.119,-8.303,907.3063,-0.83,-1.626,41.1574,-0.16,-0.156,0.8938,1.17,-0.031,0.0978,2.3,-0.0,0.0,3.49
toroidal_24c_collimator,Toroidal 24 Vertical Coils (Pisano) + Cu Tube,rated_2kw,2400.0,1.0,CCW,100.0,1200.0,-14.5444,-26.589,7023.8527,3.5,182.1,31.89,0.0,1.125,-9.431,907.4288,-0.74,-1.845,41.162,-0.16,-0.176,0.8939,1.12,-0.034,0.0978,2.28,-0.0,0.0,3.49
toroidal_24c_collimator,Toroidal 24 Vertical Coils (Pisano) + Cu Tube,rated_2kw,2400.0,1.0,CCW,120.0,1200.0,-15.9209,-27.81,7024.2594,3.5,184.3,31.89,0.0,1.121,-9.862,907.4798,-0.71,-1.929,41.1639,-0.16,-0.184,0.8939,1.11,-0.036,0.0978,2.27,-0.0,0.0,3.49
toroidal_24c_collimator,Toroidal 24 Vertical Coils (Pisano) + Cu Tube,rated_2kw,2400.0,1.0,CCW,150.0,1200.0,-13.3498,-25.482,7023.4996,3.5,179.9,31.89,0.0,1.109,-9.039,907.3845,-0.77,-1.769,41.1603,-0.16,-0.169,0.8939,1.14,-0.033,0.0978,2.28,-0.0,0.0,3.49
toroidal_24c_collimator,Toroidal 24 Vertical Coils (Pisano) + Cu Tube,rated_2kw,2400.0,1.0,CCW,500.0,1200.0,-10.9799,-23.128,7022.7987,3.5,175.0,31.89,0.0,1.12,-8.207,907.2966,-0.84,-1.608,41.157,-0.16,-0.154,0.8938,1.17,-0.03,0.0978,2.3,-0.0,0.0,3.49
toroidal_24c_collimator,Toroidal 24 Vertical Coils (Pisano) + Cu Tube,rated_2kw,2400.0,1.0,CCW,1000.0,1200.0,-10.9799,-23.128,7022.7987,3.5,175.0,31.89,0.0,1.052,-8.207,907.2966,-0.84,-1.608,41.157,-0.16,-0.154,0.8938,1.17,-0.03,0.0978,2.3,-0.0,0.0,3.49
toroidal_24c_collimator,Toroidal 24 Vertical Coils (Pisano) + Cu Tube,rated_2kw,2400.0,1.0,CCW,120.0,0.0,-15.0197,-27.017,5312.2382,3.5,182.9,31.89,0.0,1.121,-9.582,686.297,-0.73,-1.874,31.1301,-0.16,-0.179,0.6759,1.12,-0.035,0.074,2.27,-0.0,0.0,3.49
toroidal_24c_collimator,Toroidal 24 Vertical Coils (Pisano) + Cu Tube,rated_2kw,2400.0,1.0,CCW,120.0,600.0,-15.4703,-27.416,6138.3926,3.5,183.6,31.89,0.0,1.121,-9.723,793.0312,-0.72,-1.902,35.9721,-0.16,-0.181,0.7811,1.11,-0.035,0.0855,2.27,-0.0,0.0,3.49
toroidal_24c_collimator,Toroidal 24 Vertical Coils (Pisano) + Cu Tube,rated_2kw,2400.0,1.0,CCW,120.0,2400.0,-16.822,-28.581,8975.1302,3.5,185.7,31.89,0.0,1.121,-10.135,1159.5207,-0.69,-1.982,52.5976,-0.16,-0.189,1.1422,1.1,-0.037,0.125,2.26,-0.0,0.0,3.49
toroidal_24c_collimator,Toroidal 24 Vertical Coils (Pisano) + Cu Tube,field_50kw,50000.0,5.0,CW,7.83,1200.0,228.7516,40.397,-11261.7161,-3.81,561.1,143.55,0.0,1.09,24.202,-4093.2745,-2.22,7.354,-412.0672,-0.29,1.229,-18.6878,1.15,0.428,-4.0943,1.02,0.013,-0.0444,-2.1
toroidal_24c_collimator,Toroidal 24 Vertical Coils (Pisano) + Cu Tube,field_50kw,50000.0,5.0,CW,25.0,1200.0,228.813,40.403,-11261.7187,-3.81,561.1,143.55,0.0,1.101,24.205,-4093.2754,-2.22,7.355,-412.0673,-0.29,1.229,-18.6878,1.15,0.428,-4.0943,1.02,0.013,-0.0444,-2.1
toroidal_24c_collimator,Toroidal 24 Vertical Coils (Pisano) + Cu Tube,field_50kw,50000.0,5.0,CW,50.0,1200.0,230.6333,40.559,-11261.7964,-3.8,561.6,143.55,0.0,1.115,24.299,-4093.3032,-2.21,7.383,-412.0698,-0.28,1.234,-18.6879,1.16,0.429,-4.0943,1.03,0.013,-0.0444,-2.1
toroidal_24c_collimator,Toroidal 24 Vertical Coils (Pisano) + Cu Tube,field_50kw,50000.0,5.0,CW,60.0,1200.0,234.1965,40.864,-11261.9485,-3.77,562.4,143.55,0.0,1.119,24.481,-4093.3575,-2.19,7.438,-412.0748,-0.28,1.242,-18.688,1.16,0.432,-4.0943,1.04,0.013,-0.0444,-2.1
toroidal_24c_collimator,Toroidal 24 Vertical Coils (Pisano) + Cu Tube,field_50kw,50000.0,5.0,CW,100.0,1200.0,303.0088,46.353,-11264.8808,-3.32,576.8,143.55,0.0,1.125,27.754,-4094.4049,-1.92,8.418,-412.1699,-0.18,1.399,-18.6905,1.28,0.483,-4.0946,1.2,0.014,-0.0444,-2.09
toroidal_24c_collimator,Toroidal 24 Vertical Coils (Pisano) + Cu Tube,field_50kw,50000.0,5.0,CW,120.0,1200.0,331.6846,48.454,-11266.1006,-3.17,581.9,143.55,0.0,1.121,29.007,-4094.8405,-1.83,8.793,-412.2095,-0.15,1.458,-18.6916,1.32,0.502,-4.0947,1.26,0.014,-0.0444,-2.09
toroidal_24c_collimator,Toroidal 24 Vertical Coils (Pisano) + Cu Tube,field_50kw,50000.0,5.0,CW,150.0,1200.0,278.1218,44.448,-11263.8212,-3.46,572.1,143.55,0.0,1.109,26.618,-4094.0265,-2.01,8.078,-412.1356,-0.21,1.344,-18.6896,1.24,0.465,-4.0945,1.15,0.013,-0.0444,-2.09
toroidal_24c_collimator,Toroidal 24 Vertical Coils (Pisano) + Cu Tube,field_50kw,50000.0,5.0,CW,500.0,1200.0,228.748,40.397,-11261.7159,-3.81,561.1,143.55,0.0,1.12,24.202,-4093.2744,-2.22,7.354,-412.0672,-0.29,1.229,-18.6878,1.15,0.428,-4.0943,1.02,0.013,-0.0444,-2.1
toroidal_24c_collimator,Toroidal 24 Vertical Coils (Pisano) + Cu Tube,field_50kw,50000.0,5.0,CW,1000.0,1200.0,228.748,40.397,-11261.7159,-3.81,561.1,143.55,0.0,1.052,24.202,-4093.2744,-2.22,7.354,-412.0672,-0.29,1.229,-18.6878,1.15,0.428,-4.0943,1.02,0.013,-0.0444,-2.1
toroidal_24c_collimator,Toroidal 24 Vertical Coils (Pisano) + Cu Tube,field_50kw,50000.0,5.0,CW,120.0,0.0,312.91,47.09,-8521.4988,-3.27,578.6,143.55,0.0,1.121,28.193,-3097.2593,-1.89,8.549,-311.7792,-0.17,1.419,-14.136,1.29,0.49,-3.0965,1.22,0.014,-0.0336,-2.09
toroidal_24c_collimator,Toroidal 24 Vertical Coils (Pisano) + Cu Tube,field_50kw,50000.0,5.0,CW,120.0,600.0,322.2973,47.777,-9845.9428,-3.22,580.3,143.55,0.0,1.121,28.603,-3578.6552,-1.86,8.672,-360.2431,-0.16,1.439,-16.3344,1.3,0.496,-3.5782,1.24,0.014,-0.0388,-2.09
toroidal_24c_collimator,Toroidal 24 Vertical Coils (Pisano) + Cu Tube,field_50kw,50000.0,5.0,CW,120.0,2400.0,350.4592,49.78,-14393.5583,-3.09,585.0,143.55,0.0,1.121,29.798,-5231.579,-1.78,9.03,-526.6497,-0.13,1.496,-23.8827,1.34,0.515,-5.2322,1.3,0.014,-0.0567,-2.09
toroidal_24c_collimator,Toroidal 24 Vertical Coils (Pisano) + Cu Tube,field_50kw,50000.0,5.0,CCW,7.83,1200.0,-228.7516,-39.744,11261.3955,-3.93,561.1,143.55,0.0,1.09,-23.736,4093.1377,-2.47,-7.139,412.0481,-1.26,-1.154,18.6867,-1.5,-0.384,4.094,-1.12,-0.005,0.0444,2.28
toroidal_24c_collimator,Toroidal 24 Vertical Coils (Pisano) + Cu Tube,field_50kw,50000.0,5.0,CCW,25.0,1200.0,-228.813,-39.75,11261.398,-3.93,561.1,143.55,0.0,1.101,-23.74,4093.1387,-2.47,-7.14,412.0482,-1.26,-1.154,18.6867,-1.5,-0.384,4.094,-1.12,-0.005,0.0444,2.28
toroidal_24c_collimator,Toroidal 24 Vertical Coils (Pisano) + Cu Tube,field_50kw,50000.0,5.0,CCW,50.0,1200.0,-230.6333,-39.906,11261.4745,-3.91,561.6,143.55,0.0,1.115,-23.833,4093.1659,-2.46,-7.167,412.0506,-1.25,-1.159,18.6868,-1.5,-0.385,4.094,-1.12,-0.005,0.0444,2.28
toroidal_24c_collimator,Toroidal 24 Vertical Coils (Pisano) + Cu Tube,field_50kw,50000.0,5.0,CCW,60.0,1200.0,-234.1965,-40.211,11261.6241,-3.88,562.4,143.55,0.0,1.119,-24.015,4093.2192,-2.45,-7.222,412.0554,-1.25,-1.167,18.6869,-1.51,-0.388,4.0941,-1.13,-0.005,0.0444,2.28
toroidal_24c_collimator,Toroidal 24 Vertical Coils (Pisano) + Cu Tube,field_50kw,50000.0,5.0,CCW,100.0,1200.0,-303.0088,-45.7,11264.5125,-3.42,576.8,143.55,0.0,1.125,-27.289,4094.2479,-2.17,-8.202,412.148,-1.16,-1.323,18.6893,-1.58,-0.439,4.0943,-1.28,-0.006,0.0444,2.27
toroidal_24c_collimator,Toroidal 24 Vertical Coils (Pisano) + Cu Tube,field_50kw,50000.0,5.0,CCW,120.0,1200.0,-331.6846,-47.801,11265.7155,-3.27,581.9,143.55,0.0,1.121,-28.541,4094.6763,-2.08,-8.577,412.1865,-1.14,-1.383,18.6903,-1.61,-0.458,4.0944,-1.33,-0.006,0.0444,2.27
toroidal_24c_collimator,Toroidal 24 Vertical Coils (Pisano) + Cu Tube,field_50kw,50000.0,5.0,CCW,150.0,1200.0,-278.1218,-43.795,11263.4682,-3.57,572.1,143.55,0.0,1.109,-26.152,4093.876,-2.26,-7.862,412.1145,-1.19,-1.269,18.6884,-1.56,-0.421,4.0942,-1.23,-0.006,0.0444,2.27
toroidal_24c_collimator,Toroidal 24 Vertical Coils (Pisano) + Cu Tube,field_50kw,50000.0,5.0,CCW,500.0,1200.0,-228.748,-39.744,11261.3953,-3.93,561.1,143.55,0.0,1.12,-23.736,4093.1377,-2.47,-7.139,412.0481,-1.26,-1.154,18.6867,-1.5,-0.384,4.094,-1.12,-0.005,0.0444,2.28
toroidal_24c_collimator,Toroidal 24 Vertical Coils (Pisano) + Cu Tube,field_50kw,50000.0,5.0,CCW,1000.0,1200.0,-228.748,-39.744,11261.3953,-3.93,561.1,143.55,0.0,1.052,-23.736,4093.1377,-2.47,-7.139,412.0481,-1.26,-1.154,18.6867,-1.5,-0.384,4.094,-1.12,-0.005,0.0444,2.28
toroidal_24c_collimator,Toroidal 24 Vertical Coils (Pisano) + Cu Tube,field_50kw,50000.0,5.0,CCW,120.0,0.0,-312.91,-46.436,8521.1247,-3.37,578.6,143.55,0.0,1.121,-27.728,3097.0998,-2.13,-8.333,311.7569,-1.15,-1.344,14.1347,-1.59,-0.446,3.0962,-1.3,-0.006,0.0336,2.27
toroidal_24c_collimator,Toroidal 24 Vertical Coils (Pisano) + Cu Tube,field_50kw,50000.0,5.0,CCW,120.0,600.0,-322.2973,-47.124,9845.5631,-3.32,580.3,143.55,0.0,1.121,-28.137,3578.4934,-2.1,-8.456,360.2205,-1.14,-1.364,16.3331,-1.6,-0.452,3.5779,-1.31,-0.006,0.0388,2.27
toroidal_24c_collimator,Toroidal 24 Vertical Coils (Pisano) + Cu Tube,field_50kw,50000.0,5.0,CCW,120.0,2400.0,-350.4592,-49.127,14393.1626,-3.18,585.0,143.55,0.0,1.121,-29.332,5231.4104,-2.02,-8.814,526.6261,-1.12,-1.421,23.8814,-1.62,-0.471,5.2319,-1.37,-0.006,0.0567,2.27
toroidal_24c_collimator,Toroidal 24 Vertical Coils (Pisano) + Cu Tube,megawatt_2mw,2400000.0,20.0,CW,7.83,1200.0,10980.0751,83.441,-22319.0194,-7.96,1555.1,993.05,0.0,1.09,69.406,-15592.4558,-6.59,35.949,-4415.9761,-3.06,9.195,-384.9832,1.54,4.007,-105.0352,4.13,0.208,-3.3575,4.15
toroidal_24c_collimator,Toroidal 24 Vertical Coils (Pisano) + Cu Tube,megawatt_2mw,2400000.0,20.0,CW,25.0,1200.0,10983.0244,83.452,-22319.0306,-7.96,1555.1,993.05,0.0,1.101,69.415,-15592.4636,-6.58,35.953,-4415.9782,-3.06,9.196,-384.9834,1.54,4.007,-105.0352,4.13,0.208,-3.3575,4.15
toroidal_24c_collimator,Toroidal 24 Vertical Coils (Pisano) + Cu Tube,megawatt_2mw,2400000.0,20.0,CW,50.0,1200.0,11070.4008,83.777,-22319.3638,-7.93,1556.0,993.05,0.0,1.115,69.685,-15592.6938,-6.56,36.093,-4416.0396,-3.04,9.231,-384.9873,1.54,4.022,-105.0359,4.14,0.209,-3.3575,4.16
toroidal_24c_collimator,Toroidal 24 Vertical Coils (Pisano) + Cu Tube,megawatt_2mw,2400000.0,20.0,CW,60.0,1200.0,11241.4313,84.41,-22320.0159,-7.87,1557.7,993.05,0.0,1.119,70.211,-15593.1444,-6.51,36.364,-4416.1599,-3.02,9.299,-384.995,1.56,4.051,-105.0374,4.15,0.21,-3.3575,4.19
toroidal_24c_collimator,Toroidal 24 Vertical Coils (Pisano) + Cu Tube,megawatt_2mw,2400000.0,20.0,CW,100.0,1200.0,14544.4204,95.805,-22332.5935,6.95,1586.5,993.05,0.0,1.125,79.678,-15601.8353,-5.72,41.241,-4418.4782,-2.59,10.523,-385.1437,1.73,4.574,-105.065,4.36,0.228,-3.3575,4.62
toroidal_24c_collimator,Toroidal 24 Vertical Coils (Pisano) + Cu Tube,megawatt_2mw,2400000.0,20.0,CW,120.0,1200.0,15920.8608,100.165,-22337.8277,7.09,1596.6,993.05,0.0,1.121,83.3,-15605.4517,-5.47,43.107,-4419.4425,-2.45,10.992,-385.2055,1.79,4.773,-105.0764,4.42,0.235,-3.3576,4.78
toroidal_24c_collimator,Toroidal 24 Vertical Coils (Pisano) + Cu Tube,megawatt_2mw,2400000.0,20.0,CW,150.0,1200.0,13349.8451,91.85,-22328.0477,-7.23,1576.9,993.05,0.0,1.109,76.392,-15598.6944,-5.97,39.548,-4417.6405,-2.72,10.098,-385.09,1.67,4.392,-105.055,4.29,0.222,-3.3575,4.47
toroidal_24c_collimator,Toroidal 24 Vertical Coils (Pisano) + Cu Tube,megawatt_2mw,2400000.0,20.0,CW,500.0,1200.0,10979.904,83.44,-22319.0187,-7.96,1555.1,993.05,0.0,1.12,69.405,-15592.4554,-6.59,35.948,-4415.976,-3.06,9.194,-384.9832,1.54,4.007,-105.0352,4.13,0.208,-3.3575,4.15
toroidal_24c_collimator,Toroidal 24 Vertical Coils (Pisano) + Cu Tube,megawatt_2mw,2400000.0,20.0,CW,1000.0,1200.0,10979.904,83.44,-22319.0187,-7.96,1555.1,993.05,0.0,1.052,69.405,-15592.4554,-6.59,35.948,-4415.976,-3.06,9.194,-384.9832,1.54,4.007,-105.0352,4.13,0.208,-3.3575,4.15
toroidal_24c_collimator,Toroidal 24 Vertical Coils (Pisano) + Cu Tube,megawatt_2mw,2400000.0,20.0,CW,120.0,0.0,15019.68,97.333,-16902.1661,7.0,1590.1,993.05,0.0,1.121,80.947,-11807.9602,-5.63,41.895,-3343.8777,-2.54,10.688,-291.4107,1.75,4.644,-79.4794,4.38,0.23,-2.5389,4.67
toroidal_24c_collimator,Toroidal 24 Vertical Coils (Pisano) + Cu Tube,megawatt_2mw,2400000.0,20.0,CW,120.0,600.0,15470.2704,98.759,-19525.2488,7.05,1593.4,993.05,0.0,1.121,82.132,-13640.5121,-5.55,42.506,-3862.9113,-2.49,10.841,-336.6729,1.77,4.709,-91.8316,4.4,0.233,-2.9339,4.72
toroidal_24c_collimator,Toroidal 24 Vertical Coils (Pisano) + Cu Tube,megawatt_2mw,2400000.0,20.0,CW,120.0,2400.0,16822.0416,102.919,-28531.4742,7.18,1602.8,993.05,0.0,1.121,85.588,-19932.4943,-5.32,44.286,-5644.9976,-2.37,11.288,-492.0822,1.82,4.9,-134.244,4.46,0.24,-4.2905,4.87
toroidal_24c_collimator,Toroidal 24 Vertical Coils (Pisano) + Cu Tube,megawatt_2mw,2400000.0,20.0,CCW,7.83,1200.0,-10980.0751,-82.379,22317.9409,-8.12,1555.1,993.05,0.0,1.09,-68.464,15591.6603,-6.92,-35.331,4415.7063,-4.32,-8.922,384.953,-4.02,-3.831,105.0267,-5.63,-0.155,3.3574,-3.87
toroidal_24c_collimator,Toroidal 24 Vertical Coils (Pisano) + Cu Tube,megawatt_2mw,2400000.0,20.0,CCW,25.0,1200.0,-10983.0244,-82.39,22317.952,-8.12,1555.1,993.05,0.0,1.101,-68.473,15591.668,-6.92,-35.335,4415.7084,-4.32,-8.923,384.9531,-4.02,-3.832,105.0268,-5.63,-0.155,3.3574,-3.87
toroidal_24c_collimator,Toroidal 24 Vertical Coils (Pisano) + Cu Tube,megawatt_2mw,2400000.0,20.0,CCW,50.0,1200.0,-11070.4008,-82.715,22318.2809,-8.09,1556.0,993.05,0.0,1.115,-68.743,15591.8951,-6.89,-35.475,4415.7687,-4.3,-8.958,384.957,-4.02,-3.847,105.0275,-5.63,-0.156,3.3574,-3.88
toroidal_24c_collimator,Toroidal 24 Vertical Coils (Pisano) + Cu Tube,megawatt_2mw,2400000.0,20.0,CCW,60.0,1200.0,-11241.4313,-83.348,22318.9248,-8.03,1557.7,993.05,0.0,1.119,-69.269,15592.3396,-6.84,-35.746,4415.8869,-4.27,-9.026,384.9644,-4.01,-3.876,105.0288,-5.63,-0.157,3.3574,-3.9
toroidal_24c_collimator,Toroidal 24 Vertical Coils (Pisano) + Cu Tube,megawatt_2mw,2400000.0,20.0,CCW,100.0,1200.0,-14544.4204,-94.743,22331.3542,-7.67,1586.5,993.05,0.0,1.125,-78.736,15600.9212,-6.03,-40.623,4418.1683,-3.83,-10.251,385.1091,-3.89,-4.398,105.0553,-5.66,-0.175,3.3574,-4.28
toroidal_24c_collimator,Toroidal 24 Vertical Coils (Pisano) + Cu Tube,megawatt_2mw,2400000.0,20.0,CCW,120.0,1200.0,-15920.8608,-99.103,22336.5317,-7.78,1596.6,993.05,0.0,1.121,-82.358,15604.4958,-5.77,-42.489,4419.1185,-3.69,-10.72,385.1693,-3.86,-4.598,105.0663,-5.68,-0.182,3.3574,-4.42
toroidal_24c_collimator,Toroidal 24 Vertical Coils (Pisano) + Cu Tube,megawatt_2mw,2400000.0,20.0,CCW,150.0,1200.0,-13349.8451,-90.788,22326.8598,-7.56,1576.9,993.05,0.0,1.109,-75.45,15597.8183,-6.29,-38.93,4417.3434,-3.97,-9.826,385.0568,-3.93,-4.217,105.0457,-5.65,-0.169,3.3574,-4.15
toroidal_24c_collimator,Toroidal 24 Vertical Coils (Pisano) + Cu Tube,megawatt_2mw,2400000.0,20.0,CCW,500.0,1200.0,-10979.904,-82.378,22317.9402,-8.12,1555.1,993.05,0.0,1.12,-68.463,15591.6599,-6.92,-35.33,4415.7062,-4.32,-8.922,384.953,-4.02,-3.831,105.0267,-5.63,-0.155,3.3574,-3.87
toroidal_24c_collimator,Toroidal 24 Vertical Coils (Pisano) + Cu Tube,megawatt_2mw,2400000.0,20.0,CCW,1000.0,1200.0,-10979.904,-82.378,22317.9402,-8.12,1555.1,993.05,0.0,1.052,-68.463,15591.6599,-6.92,-35.33,4415.7062,-4.32,-8.922,384.953,-4.02,-3.831,105.0267,-5.63,-0.155,3.3574,-3.87
toroidal_24c_collimator,Toroidal 24 Vertical Coils (Pisano) + Cu Tube,megawatt_2mw,2400000.0,20.0,CCW,120.0,0.0,-15019.68,-96.271,16900.9069,-7.71,1590.1,993.05,0.0,1.121,-80.005,11807.0315,-5.94,-41.277,3343.5629,-3.78,-10.415,291.3755,-3.88,-4.468,79.4696,-5.67,-0.178,2.5387,-4.33
toroidal_24c_collimator,Toroidal 24 Vertical Coils (Pisano) + Cu Tube,megawatt_2mw,2400000.0,20.0,CCW,120.0,600.0,-15470.2704,-97.697,19523.9711,-7.74,1593.4,993.05,0.0,1.121,-81.19,13639.5697,-5.85,-41.888,3862.5919,-3.74,-10.568,336.6371,-3.87,-4.533,91.8216,-5.67,-0.18,2.9338,-4.37
toroidal_24c_collimator,Toroidal 24 Vertical Coils (Pisano) + Cu Tube,megawatt_2mw,2400000.0,20.0,CCW,120.0,2400.0,-16822.0416,-101.857,28530.1424,-7.85,1602.8,993.05,0.0,1.121,-84.646,19931.512,-5.62,-43.668,5644.6647,-3.61,-11.016,492.045,-3.84,-4.724,134.2337,-5.68,-0.187,4.2904,-4.51
toroidal_apex_collimator,Vertical Toroidal (Apex Kissing) + Cu Tube,bench_18w,18.5,1.0,CW,7.83,1200.0,0.0733,2.003,-73.7525,-3.5,49.8,3.78,0.0,1.09,0.727,-9.5285,-0.1,0.151,-0.4323,-0.34,0.018,-0.0094,-1.57,0.005,-0.001,-2.47,0.0,-0.0,-3.49
toroidal_apex_collimator,Vertical Toroidal (Apex Kissing) + Cu Tube,bench_18w,18.5,1.0,CW,25.0,1200.0,0.0734,2.003,-73.7525,-3.5,49.8,3.78,0.0,1.101,0.727,-9.5285,-0.1,0.151,-0.4323,-0.34,0.018,-0.0094,-1.57,0.005,-0.001,-2.47,0.0,-0.0,-3.49
toroidal_apex_collimator,Vertical Toroidal (Apex Kissing) + Cu Tube,bench_18w,18.5,1.0,CW,50.0,1200.0,0.0739,2.01,-73.7527,-3.5,50.0,3.78,0.0,1.115,0.73,-9.5285,-0.1,0.152,-0.4323,-0.34,0.018,-0.0094,-1.57,0.005,-0.001,-2.47,0.0,-0.0,-3.49
toroidal_apex_collimator,Vertical Toroidal (Apex Kissing) + Cu Tube,bench_18w,18.5,1.0,CW,60.0,1200.0,0.0751,2.025,-73.753,-3.5,50.4,3.78,0.0,1.119,0.735,-9.5286,-0.1,0.153,-0.4323,-0.34,0.018,-0.0094,-1.57,0.005,-0.001,-2.47,0.0,-0.0,-3.49
toroidal_apex_collimator,Vertical Toroidal (Apex Kissing) + Cu Tube,bench_18w,18.5,1.0,CW,100.0,1200.0,0.0972,2.286,-73.7599,-3.5,56.8,3.78,0.0,1.125,0.827,-9.5294,-0.09,0.171,-0.4323,-0.33,0.019,-0.0094,-1.57,0.005,-0.001,-2.47,0.0,-0.0,-3.49
toroidal_apex_collimator,Vertical Toroidal (Apex Kissing) + Cu Tube,bench_18w,18.5,1.0,CW,120.0,1200.0,0.1063,2.385,-73.7627,-3.5,59.1,3.78,0.0,1.121,0.863,-9.5298,-0.09,0.177,-0.4323,-0.33,0.02,-0.0094,-1.57,0.005,-0.001,-2.47,0.0,-0.0,-3.49
toroidal_apex_collimator,Vertical Toroidal (Apex Kissing) + Cu Tube,bench_18w,18.5,1.0,CW,150.0,1200.0,0.0892,2.195,-73.7574,-3.5,54.7,3.78,0.0,1.109,0.795,-9.5291,-0.09,0.164,-0.4323,-0.33,0.019,-0.0094,-1.57,0.005,-0.001,-2.47,0.0,-0.0,-3.49
toroidal_apex_collimator,Vertical Toroidal (Apex Kissing) + Cu Tube,bench_18w,18.5,1.0,CW,500.0,1200.0,0.0733,2.003,-73.7525,-3.5,49.8,3.78,0.0,1.12,0.727,-9.5285,-0.1,0.151,-0.4323,-0.34,0.018,-0.0094,-1.57,0.005,-0.001,-2.47,0.0,-0.0,-3.49
toroidal_apex_collimator,Vertical Toroidal (Apex Kissing) + Cu Tube,bench_18w,18.5,1.0,CW,1000.0,1200.0,0.0733,2.003,-73.7525,-3.5,49.8,3.78,0.0,1.052,0.727,-9.5285,-0.1,0.151,-0.4323,-0.34,0.018,-0.0094,-1.57,0.005,-0.001,-2.47,0.0,-0.0,-3.49
toroidal_apex_collimator,Vertical Toroidal (Apex Kissing) + Cu Tube,bench_18w,18.5,1.0,CW,120.0,0.0,0.1003,2.321,-55.7819,-3.5,57.6,3.78,0.0,1.121,0.84,-7.2068,-0.09,0.173,-0.3269,-0.33,0.02,-0.0071,-1.57,0.005,-0.0008,-2.47,0.0,-0.0,-3.49
toroidal_apex_collimator,Vertical Toroidal (Apex Kissing) + Cu Tube,bench_18w,18.5,1.0,CW,120.0,600.0,0.1033,2.353,-64.4587,-3.5,58.4,3.78,0.0,1.121,0.851,-8.3278,-0.09,0.175,-0.3778,-0.33,0.02,-0.0082,-1.57,0.005,-0.0009,-2.47,0.0,-0.0,-3.49
toroidal_apex_collimator,Vertical Toroidal (Apex Kissing) + Cu Tube,bench_18w,18.5,1.0,CW,120.0,2400.0,0.1124,2.448,-94.2523,-3.5,60.5,3.78,0.0,1.121,0.885,-12.1769,-0.08,0.182,-0.5524,-0.33,0.02,-0.012,-1.56,0.005,-0.0013,-2.47,0.0,-0.0,-3.49
toroidal_apex_collimator,Vertical Toroidal (Apex Kissing) + Cu Tube,bench_18w,18.5,1.0,CCW,7.83,1200.0,-0.0733,-1.913,73.7503,3.5,49.8,3.78,0.0,1.09,-0.682,9.5281,-0.04,-0.135,0.4322,0.32,-0.014,0.0094,1.58,-0.003,0.001,2.48,-0.0,0.0,3.49
toroidal_apex_collimator,Vertical Toroidal (Apex Kissing) + Cu Tube,bench_18w,18.5,1.0,CCW,25.0,1200.0,-0.0734,-1.913,73.7503,3.5,49.8,3.78,0.0,1.101,-0.682,9.5281,-0.04,-0.135,0.4322,0.32,-0.014,0.0094,1.58,-0.003,0.001,2.48,-0.0,0.0,3.49
toroidal_apex_collimator,Vertical Toroidal (Apex Kissing) + Cu Tube,bench_18w,18.5,1.0,CCW,50.0,1200.0,-0.0739,-1.921,73.7505,3.5,50.0,3.78,0.0,1.115,-0.685,9.5281,-0.04,-0.136,0.4322,0.32,-0.014,0.0094,1.58,-0.003,0.001,2.48,-0.0,0.0,3.49
toroidal_apex_collimator,Vertical Toroidal (Apex Kissing) + Cu Tube,bench_18w,18.5,1.0,CCW,60.0,1200.0,-0.0751,-1.935,73.7508,3.5,50.4,3.78,0.0,1.119,-0.69,9.5282,-0.04,-0.137,0.4322,0.32,-0.014,0.0094,1.58,-0.003,0.001,2.48,-0.0,0.0,3.49
toroidal_apex_collimator,Vertical Toroidal (Apex Kissing) + Cu Tube,bench_18w,18.5,1.0,CCW,100.0,1200.0,-0.0972,-2.196,73.7574,3.5,56.8,3.78,0.0,1.125,-0.782,9.529,-0.03,-0.155,0.4323,0.31,-0.015,0.0094,1.58,-0.003,0.001,2.48,-0.0,0.0,3.49
toroidal_apex_collimator,Vertical Toroidal (Apex Kissing) + Cu Tube,bench_18w,18.5,1.0,CCW,120.0,1200.0,-0.1063,-2.295,73.7602,3.5,59.1,3.78,0.0,1.121,-0.817,9.5293,-0.03,-0.162,0.4323,0.31,-0.016,0.0094,1.57,-0.003,0.001,2.48,-0.0,0.0,3.49
toroidal_apex_collimator,Vertical Toroidal (Apex Kissing) + Cu Tube,bench_18w,18.5,1.0,CCW,150.0,1200.0,-0.0892,-2.105,73.755,3.5,54.7,3.78,0.0,1.109,-0.75,9.5287,-0.03,-0.149,0.4323,0.31,-0.015,0.0094,1.58,-0.003,0.001,2.48,-0.0,0.0,3.49
toroidal_apex_collimator,Vertical Toroidal (Apex Kissing) + Cu Tube,bench_18w,18.5,1.0,CCW,500.0,1200.0,-0.0733,-1.913,73.7503,3.5,49.8,3.78,0.0,1.12,-0.682,9.5281,-0.04,-0.135,0.4322,0.32,-0.014,0.0094,1.58,-0.003,0.001,2.48,-0.0,0.0,3.49
toroidal_apex_collimator,Vertical Toroidal (Apex Kissing) + Cu Tube,bench_18w,18.5,1.0,CCW,1000.0,1200.0,-0.0733,-1.913,73.7503,3.5,49.8,3.78,0.0,1.052,-0.682,9.5281,-0.04,-0.135,0.4322,0.32,-0.014,0.0094,1.58,-0.003,0.001,2.48,-0.0,0.0,3.49
toroidal_apex_collimator,Vertical Toroidal (Apex Kissing) + Cu Tube,bench_18w,18.5,1.0,CCW,120.0,0.0,-0.1003,-2.231,55.7794,3.5,57.6,3.78,0.0,1.121,-0.794,7.2063,-0.03,-0.157,0.3269,0.31,-0.016,0.0071,1.58,-0.003,0.0008,2.48,-0.0,0.0,3.49
toroidal_apex_collimator,Vertical Toroidal (Apex Kissing) + Cu Tube,bench_18w,18.5,1.0,CCW,120.0,600.0,-0.1033,-2.263,64.4562,3.5,58.4,3.78,0.0,1.121,-0.806,8.3273,-0.03,-0.159,0.3777,0.31,-0.016,0.0082,1.57,-0.003,0.0009,2.48,-0.0,0.0,3.49
toroidal_apex_collimator,Vertical Toroidal (Apex Kissing) + Cu Tube,bench_18w,18.5,1.0,CCW,120.0,2400.0,-0.1124,-2.358,94.2497,3.5,60.5,3.78,0.0,1.121,-0.84,12.1765,-0.03,-0.166,0.5524,0.31,-0.016,0.012,1.57,-0.003,0.0013,2.47,-0.0,0.0,3.49
toroidal_apex_collimator,Vertical Toroidal (Apex Kissing) + Cu Tube,rated_2kw,2400.0,1.0,CW,7.83,1200.0,9.5147,21.999,-3617.5908,-3.5,171.5,32.63,0.0,1.09,7.876,-467.37,-0.82,1.579,-21.2005,-0.2,0.164,-0.4604,-1.21,0.037,-0.0504,-2.28,0.0,-0.0,-3.49
toroidal_apex_collimator,Vertical Toroidal (Apex Kissing) + Cu Tube,rated_2kw,2400.0,1.0,CW,25.0,1200.0,9.5173,22.001,-3617.5916,-3.5,171.5,32.63,0.0,1.101,7.877,-467.3701,-0.82,1.579,-21.2005,-0.2,0.164,-0.4604,-1.21,0.037,-0.0504,-2.28,0.0,-0.0,-3.49
toroidal_apex_collimator,Vertical Toroidal (Apex Kissing) + Cu Tube,rated_2kw,2400.0,1.0,CW,50.0,1200.0,9.593,22.086,-3617.6145,-3.5,171.7,32.63,0.0,1.115,7.907,-467.373,-0.82,1.585,-21.2006,-0.2,0.164,-0.4604,-1.2,0.037,-0.0504,-2.28,0.0,-0.0,-3.49
toroidal_apex_collimator,Vertical Toroidal (Apex Kissing) + Cu Tube,rated_2kw,2400.0,1.0,CW,60.0,1200.0,9.7412,22.251,-3617.6593,-3.5,172.0,32.63,0.0,1.119,7.965,-467.3787,-0.81,1.596,-21.2008,-0.2,0.165,-0.4604,-1.2,0.037,-0.0504,-2.28,0.0,-0.0,-3.49
toroidal_apex_collimator,Vertical Toroidal (Apex Kissing) + Cu Tube,rated_2kw,2400.0,1.0,CW,100.0,1200.0,12.6034,25.22,-3618.5227,-3.5,178.5,32.63,0.0,1.125,9.015,-467.4879,-0.71,1.8,-21.205,-0.16,0.184,-0.4604,-1.15,0.041,-0.0504,-2.26,0.0,-0.0,-3.49
toroidal_apex_collimator,Vertical Toroidal (Apex Kissing) + Cu Tube,rated_2kw,2400.0,1.0,CW,120.0,1200.0,13.7961,26.357,-3618.8816,-3.5,180.7,32.63,0.0,1.121,9.417,-467.5332,-0.68,1.878,-21.2068,-0.15,0.192,-0.4604,-1.14,0.042,-0.0504,-2.25,0.0,-0.0,-3.49
toroidal_apex_collimator,Vertical Toroidal (Apex Kissing) + Cu Tube,rated_2kw,2400.0,1.0,CW,150.0,1200.0,11.5682,24.19,-3618.2108,-3.5,176.3,32.63,0.0,1.109,8.65,-467.4484,-0.74,1.729,-21.2035,-0.17,0.178,-0.4604,-1.17,0.039,-0.0504,-2.26,0.0,-0.0,-3.49
toroidal_apex_collimator,Vertical Toroidal (Apex Kissing) + Cu Tube,rated_2kw,2400.0,1.0,CW,500.0,1200.0,9.5146,21.998,-3617.5908,-3.5,171.4,32.63,0.0,1.12,7.876,-467.37,-0.82,1.579,-21.2005,-0.2,0.164,-0.4604,-1.21,0.037,-0.0504,-2.28,0.0,-0.0,-3.49
toroidal_apex_collimator,Vertical Toroidal (Apex Kissing) + Cu Tube,rated_2kw,2400.0,1.0,CW,1000.0,1200.0,9.5146,21.998,-3617.5908,-3.5,171.4,32.63,0.0,1.052,7.876,-467.37,-0.82,1.579,-21.2005,-0.2,0.164,-0.4604,-1.21,0.037,-0.0504,-2.28,0.0,-0.0,-3.49
toroidal_apex_collimator,Vertical Toroidal (Apex Kissing) + Cu Tube,rated_2kw,2400.0,1.0,CW,120.0,0.0,13.0152,25.619,-2737.197,-3.5,179.3,32.63,0.0,1.121,9.156,-353.625,-0.7,1.827,-16.0395,-0.16,0.187,-0.3482,-1.15,0.041,-0.0381,-2.25,0.0,-0.0,-3.49
toroidal_apex_collimator,Vertical Toroidal (Apex Kissing) + Cu Tube,rated_2kw,2400.0,1.0,CW,120.0,600.0,13.4057,25.99,-3162.6652,-3.5,180.0,32.63,0.0,1.121,9.287,-408.5929,-0.69,1.853,-18.533,-0.15,0.189,-0.4023,-1.14,0.042,-0.044,-2.25,0.0,-0.0,-3.49
toroidal_apex_collimator,Vertical Toroidal (Apex Kissing) + Cu Tube,rated_2kw,2400.0,1.0,CW,120.0,2400.0,14.577,27.074,-4623.559,-3.5,182.1,32.63,0.0,1.121,9.67,-597.3314,-0.66,1.927,-27.0949,-0.14,0.196,-0.5883,-1.13,0.043,-0.0644,-2.24,0.0,-0.0,-3.49
toroidal_apex_collimator,Vertical Toroidal (Apex Kissing) + Cu Tube,rated_2kw,2400.0,1.0,CCW,7.83,1200.0,-9.5147,-21.543,3617.4694,3.5,171.5,32.63,0.0,1.09,-7.646,467.3482,-0.9,-1.499,21.199,-0.16,-0.144,0.4603,1.2,-0.029,0.0504,2.31,-0.0,0.0,3.49
toroidal_apex_collimator,Vertical Toroidal (Apex Kissing) + Cu Tube,rated_2kw,2400.0,1.0,CCW,25.0,1200.0,-9.5173,-21.546,3617.4702,3.5,171.5,32.63,0.0,1.101,-7.647,467.3483,-0.9,-1.499,21.199,-0.16,-0.144,0.4603,1.2,-0.029,0.0504,2.31,-0.0,0.0,3.49
toroidal_apex_collimator,Vertical Toroidal (Apex Kissing) + Cu Tube,rated_2kw,2400.0,1.0,CCW,50.0,1200.0,-9.593,-21.631,3617.4926,3.5,171.7,32.63,0.0,1.115,-7.677,467.3511,-0.9,-1.505,21.1991,-0.16,-0.144,0.4603,1.19,-0.029,0.0504,2.31,-0.0,0.0,3.49
toroidal_apex_collimator,Vertical Toroidal (Apex Kissing) + Cu Tube,rated_2kw,2400.0,1.0,CCW,60.0,1200.0,-9.7412,-21.796,3617.5365,3.5,172.0,32.63,0.0,1.119,-7.736,467.3566,-0.89,-1.516,21.1993,-0.16,-0.146,0.4603,1.19,-0.029,0.0504,2.31,-0.0,0.0,3.49
toroidal_apex_collimator,Vertical Toroidal (Apex Kissing) + Cu Tube,rated_2kw,2400.0,1.0,CCW,100.0,1200.0,-12.6034,-24.765,3618.3833,3.5,178.5,32.63,0.0,1.125,-8.786,467.4629,-0.79,-1.72,21.2033,-0.16,-0.164,0.4604,1.15,-0.032,0.0504,2.29,-0.0,0.0,3.49
toroidal_apex_collimator,Vertical Toroidal (Apex Kissing) + Cu Tube,rated_2kw,2400.0,1.0,CCW,120.0,1200.0,-13.7961,-25.901,3618.7359,3.5,180.7,32.63,0.0,1.121,-9.187,467.5071,-0.76,-1.798,21.205,-0.16,-0.172,0.4604,1.13,-0.034,0.0504,2.28,-0.0,0.0,3.49
toroidal_apex_collimator,Vertical Toroidal (Apex Kissing) + Cu Tube,rated_2kw,2400.0,1.0,CCW,150.0,1200.0,-11.5682,-23.734,3618.0771,3.5,176.3,32.63,0.0,1.109,-8.421,467.4245,-0.82,-1.649,21.2019,-0.16,-0.158,0.4603,1.16,-0.031,0.0504,2.29,-0.0,0.0,3.49
toroidal_apex_collimator,Vertical Toroidal (Apex Kissing) + Cu Tube,rated_2kw,2400.0,1.0,CCW,500.0,1200.0,-9.5146,-21.543,3617.4694,3.5,171.4,32.63,0.0,1.12,-7.646,467.3482,-0.9,-1.499,21.199,-0.16,-0.144,0.4603,1.2,-0.029,0.0504,2.31,-0.0,0.0,3.49
toroidal_apex_collimator,Vertical Toroidal (Apex Kissing) + Cu Tube,rated_2kw,2400.0,1.0,CCW,1000.0,1200.0,-9.5146,-21.543,3617.4694,3.5,171.4,32.63,0.0,1.052,-7.646,467.3482,-0.9,-1.499,21.199,-0.16,-0.144,0.4603,1.2,-0.029,0.0504,2.31,-0.0,0.0,3.49
toroidal_apex_collimator,Vertical Toroidal (Apex Kissing) + Cu Tube,rated_2kw,2400.0,1.0,CCW,120.0,0.0,-13.0152,-25.163,2737.0554,3.5,179.3,32.63,0.0,1.121,-8.926,353.5996,-0.78,-1.747,16.0377,-0.16,-0.167,0.3481,1.14,-0.033,0.0381,2.29,-0.0,0.0,3.49
toroidal_apex_collimator,Vertical Toroidal (Apex Kissing) + Cu Tube,rated_2kw,2400.0,1.0,CCW,120.0,600.0,-13.4057,-25.535,3162.5215,3.5,180.0,32.63,0.0,1.121,-9.058,408.5671,-0.77,-1.773,18.5313,-0.16,-0.169,0.4023,1.14,-0.033,0.044,2.28,-0.0,0.0,3.49
toroidal_apex_collimator,Vertical Toroidal (Apex Kissing) + Cu Tube,rated_2kw,2400.0,1.0,CCW,120.0,2400.0,-14.577,-26.619,4623.4093,3.5,182.1,32.63,0.0,1.121,-9.441,597.3046,-0.74,-1.847,27.0931,-0.16,-0.176,0.5883,1.12,-0.034,0.0644,2.28,-0.0,0.0,3.49
toroidal_apex_collimator,Vertical Toroidal (Apex Kissing) + Cu Tube,field_50kw,50000.0,5.0,CW,7.83,1200.0,198.2231,37.67,-5802.6425,-4.09,553.1,146.99,0.0,1.09,22.575,-2109.0614,-2.39,6.867,-212.3078,-0.34,1.152,-9.6264,1.09,0.403,-2.1087,0.94,0.013,-0.0229,-2.11
toroidal_apex_collimator,Vertical Toroidal (Apex Kissing) + Cu Tube,field_50kw,50000.0,5.0,CW,25.0,1200.0,198.2763,37.675,-5802.6448,-4.09,553.1,146.99,0.0,1.101,22.578,-2109.0622,-2.39,6.868,-212.3079,-0.34,1.152,-9.6264,1.09,0.403,-2.1087,0.94,0.013,-0.0229,-2.11
toroidal_apex_collimator,Vertical Toroidal (Apex Kissing) + Cu Tube,field_50kw,50000.0,5.0,CW,50.0,1200.0,199.8537,37.821,-5802.7123,-4.07,553.6,146.99,0.0,1.115,22.665,-2109.0863,-2.38,6.894,-212.3101,-0.34,1.156,-9.6265,1.09,0.404,-2.1087,0.94,0.013,-0.0229,-2.11
toroidal_apex_collimator,Vertical Toroidal (Apex Kissing) + Cu Tube,field_50kw,50000.0,5.0,CW,60.0,1200.0,202.9413,38.104,-5802.8443,-4.04,554.4,146.99,0.0,1.119,22.835,-2109.1335,-2.36,6.945,-212.3144,-0.33,1.164,-9.6266,1.1,0.407,-2.1087,0.95,0.013,-0.0229,-2.11
toroidal_apex_collimator,Vertical Toroidal (Apex Kissing) + Cu Tube,field_50kw,50000.0,5.0,CW,100.0,1200.0,262.5701,43.214,-5805.3893,-3.56,568.8,146.99,0.0,1.125,25.882,-2110.0428,-2.07,7.857,-212.3971,-0.23,1.309,-9.6288,1.21,0.454,-2.109,1.11,0.013,-0.0229,-2.1
toroidal_apex_collimator,Vertical Toroidal (Apex Kissing) + Cu Tube,field_50kw,50000.0,5.0,CW,120.0,1200.0,287.419,45.17,-5806.4479,-3.41,573.9,146.99,0.0,1.121,27.048,-2110.4209,-1.97,8.206,-212.4314,-0.2,1.365,-9.6297,1.25,0.472,-2.1091,1.17,0.013,-0.0229,-2.09
toroidal_apex_collimator,Vertical Toroidal (Apex Kissing) + Cu Tube,field_50kw,50000.0,5.0,CW,150.0,1200.0,241.0045,41.441,-5804.4697,-3.71,564.0,146.99,0.0,1.109,24.824,-2109.7143,-2.16,7.541,-212.3672,-0.27,1.259,-9.628,1.18,0.438,-2.1089,1.06,0.013,-0.0229,-2.1
toroidal_apex_collimator,Vertical Toroidal (Apex Kissing) + Cu Tube,field_50kw,50000.0,5.0,CW,500.0,1200.0,198.22,37.669,-5802.6424,-4.09,553.1,146.99,0.0,1.12,22.575,-2109.0613,-2.39,6.867,-212.3078,-0.34,1.152,-9.6264,1.09,0.403,-2.1087,0.94,0.013,-0.0229,-2.11
toroidal_apex_collimator,Vertical Toroidal (Apex Kissing) + Cu Tube,field_50kw,50000.0,5.0,CW,1000.0,1200.0,198.22,37.669,-5802.6424,-4.09,553.1,146.99,0.0,1.052,22.575,-2109.0613,-2.39,6.867,-212.3078,-0.34,1.152,-9.6264,1.09,0.403,-2.1087,0.94,0.013,-0.0229,-2.11
toroidal_apex_collimator,Vertical Toroidal (Apex Kissing) + Cu Tube,field_50kw,50000.0,5.0,CW,120.0,0.0,271.15,43.899,-4392.8632,-3.51,570.6,146.99,0.0,1.121,26.291,-1596.6266,-2.03,7.98,-160.7068,-0.22,1.329,-7.2836,1.23,0.46,-1.595,1.13,0.013,-0.0173,-2.1
toroidal_apex_collimator,Vertical Toroidal (Apex Kissing) + Cu Tube,field_50kw,50000.0,5.0,CW,120.0,600.0,279.2845,44.539,-5075.0121,-3.45,572.3,146.99,0.0,1.121,26.672,-1844.5666,-2.0,8.094,-185.6673,-0.21,1.347,-8.4158,1.24,0.466,-1.8431,1.15,0.013,-0.02,-2.09
toroidal_apex_collimator,Vertical Toroidal (Apex Kissing) + Cu Tube,field_50kw,50000.0,5.0,CW,120.0,2400.0,303.688,46.404,-7417.1798,-3.31,577.0,146.99,0.0,1.121,27.785,-2695.8726,-1.92,8.427,-271.3703,-0.18,1.4,-12.3031,1.28,0.484,-2.6948,1.2,0.014,-0.0292,-2.09
toroidal_apex_collimator,Vertical Toroidal (Apex Kissing) + Cu Tube,field_50kw,50000.0,5.0,CCW,7.83,1200.0,-198.2231,-37.017,5802.3437,-4.21,553.1,146.99,0.0,1.09,-22.11,2108.9339,-2.65,-6.652,212.2899,-1.31,-1.076,9.6254,-1.46,-0.359,2.1085,-1.04,-0.005,0.0229,2.28
toroidal_apex_collimator,Vertical Toroidal (Apex Kissing) + Cu Tube,field_50kw,50000.0,5.0,CCW,25.0,1200.0,-198.2763,-37.022,5802.346,-4.21,553.1,146.99,0.0,1.101,-22.113,2108.9347,-2.65,-6.652,212.29,-1.31,-1.077,9.6254,-1.46,-0.359,2.1085,-1.04,-0.005,0.0229,2.28
toroidal_apex_collimator,Vertical Toroidal (Apex Kissing) + Cu Tube,field_50kw,50000.0,5.0,CCW,50.0,1200.0,-199.8537,-37.167,5802.4123,-4.2,553.6,146.99,0.0,1.115,-22.2,2108.9583,-2.64,-6.678,212.2921,-1.3,-1.081,9.6255,-1.46,-0.36,2.1085,-1.04,-0.005,0.0229,2.28
toroidal_apex_collimator,Vertical Toroidal (Apex Kissing) + Cu Tube,field_50kw,50000.0,5.0,CCW,60.0,1200.0,-202.9413,-37.451,5802.542,-4.17,554.4,146.99,0.0,1.119,-22.369,2109.0045,-2.62,-6.729,212.2963,-1.3,-1.089,9.6256,-1.47,-0.363,2.1085,-1.05,-0.005,0.0229,2.28
toroidal_apex_collimator,Vertical Toroidal (Apex Kissing) + Cu Tube,field_50kw,50000.0,5.0,CCW,100.0,1200.0,-262.5701,-42.561,5805.0461,-3.67,568.8,146.99,0.0,1.125,-25.416,2109.8964,-2.32,-7.641,212.3766,-1.21,-1.234,9.6277,-1.54,-0.41,2.1087,-1.19,-0.006,0.0229,2.27
toroidal_apex_collimator,Vertical Toroidal (Apex Kissing) + Cu Tube,field_50kw,50000.0,5.0,CCW,120.0,1200.0,-287.419,-44.516,5806.0891,-3.51,573.9,146.99,0.0,1.121,-26.582,2110.2679,-2.22,-7.991,212.41,-1.18,-1.29,9.6285,-1.57,-0.428,2.1088,-1.25,-0.006,0.0229,2.27
toroidal_apex_collimator,Vertical Toroidal (Apex Kissing) + Cu Tube,field_50kw,50000.0,5.0,CCW,150.0,1200.0,-241.0045,-40.787,5804.1407,-3.83,564.0,146.99,0.0,1.109,-24.359,2109.574,-2.41,-7.325,212.3476,-1.24,-1.184,9.6269,-1.52,-0.393,2.1087,-1.15,-0.005,0.0229,2.28
toroidal_apex_collimator,Vertical Toroidal (Apex Kissing) + Cu Tube,field_50kw,50000.0,5.0,CCW,500.0,1200.0,-198.22,-37.016,5802.3436,-4.21,553.1,146.99,0.0,1.12,-22.109,2108.9338,-2.65,-6.652,212.2899,-1.31,-1.076,9.6254,-1.46,-0.359,2.1085,-1.04,-0.005,0.0229,2.28
toroidal_apex_collimator,Vertical Toroidal (Apex Kissing) + Cu Tube,field_50kw,50000.0,5.0,CCW,1000.0,1200.0,-198.22,-37.016,5802.3436,-4.21,553.1,146.99,0.0,1.052,-22.109,2108.9338,-2.65,-6.652,212.2899,-1.31,-1.076,9.6254,-1.46,-0.359,2.1085,-1.04,-0.005,0.0229,2.28
toroidal_apex_collimator,Vertical Toroidal (Apex Kissing) + Cu Tube,field_50kw,50000.0,5.0,CCW,120.0,0.0,-271.15,-43.246,4392.5146,-3.61,570.6,146.99,0.0,1.121,-25.825,1596.478,-2.28,-7.764,160.686,-1.2,-1.254,7.2825,-1.55,-0.416,1.5948,-1.21,-0.006,0.0173,2.27
toroidal_apex_collimator,Vertical Toroidal (Apex Kissing) + Cu Tube,field_50kw,50000.0,5.0,CCW,120.0,600.0,-279.2845,-43.886,5074.6584,-3.56,572.3,146.99,0.0,1.121,-26.206,1844.4157,-2.25,-7.878,185.6462,-1.19,-1.272,8.4146,-1.56,-0.422,1.8429,-1.23,-0.006,0.02,2.27
toroidal_apex_collimator,Vertical Toroidal (Apex Kissing) + Cu Tube,field_50kw,50000.0,5.0,CCW,120.0,2400.0,-303.688,-45.751,7416.8111,-3.42,577.0,146.99,0.0,1.121,-27.319,2695.7154,-2.16,-8.211,271.3483,-1.16,-1.325,12.3018,-1.58,-0.439,2.6946,-1.28,-0.006,0.0292,2.27
toroidal_apex_collimator,Vertical Toroidal (Apex Kissing) + Cu Tube,megawatt_2mw,2400000.0,20.0,CW,7.83,1200.0,9514.7082,77.778,-11508.0301,-8.54,1539.1,1016.96,0.0,1.09,64.702,-8039.6134,-7.07,33.525,-2276.767,-3.32,8.586,-198.4278,1.43,3.747,-54.1221,4.01,0.199,-1.729,3.93
toroidal_apex_collimator,Vertical Toroidal (Apex Kissing) + Cu Tube,megawatt_2mw,2400000.0,20.0,CW,25.0,1200.0,9517.264,77.789,-11508.0399,-8.54,1539.1,1016.96,0.0,1.101,64.71,-8039.6202,-7.07,33.529,-2276.7688,-3.32,8.587,-198.4279,1.43,3.748,-54.1221,4.01,0.199,-1.729,3.93
toroidal_apex_collimator,Vertical Toroidal (Apex Kissing) + Cu Tube,megawatt_2mw,2400000.0,20.0,CW,50.0,1200.0,9592.9794,78.091,-11508.329,-8.51,1540.0,1016.96,0.0,1.115,64.962,-8039.82,-7.04,33.659,-2276.8221,-3.31,8.62,-198.4314,1.44,3.761,-54.1227,4.02,0.199,-1.729,3.94
toroidal_apex_collimator,Vertical Toroidal (Apex Kissing) + Cu Tube,megawatt_2mw,2400000.0,20.0,CW,60.0,1200.0,9741.1847,78.681,-11508.8948,-8.44,1541.7,1016.96,0.0,1.119,65.451,-8040.211,-6.99,33.911,-2276.9265,-3.28,8.683,-198.4381,1.45,3.788,-54.124,4.03,0.2,-1.729,3.97
toroidal_apex_collimator,Vertical Toroidal (Apex Kissing) + Cu Tube,megawatt_2mw,2400000.0,20.0,CW,100.0,1200.0,12603.3671,89.288,-11519.8075,-7.44,1570.5,1016.96,0.0,1.125,74.264,-8047.7521,-6.15,38.451,-2278.9388,-2.82,9.823,-198.5673,1.64,4.275,-54.148,4.25,0.217,-1.7291,4.37
toroidal_apex_collimator,Vertical Toroidal (Apex Kissing) + Cu Tube,megawatt_2mw,2400000.0,20.0,CW,120.0,1200.0,13796.112,93.347,-11524.3484,-7.11,1580.6,1016.96,0.0,1.121,77.636,-8050.8897,-5.87,40.189,-2279.7757,-2.67,10.259,-198.621,1.7,4.461,-54.158,4.32,0.224,-1.7291,4.53
toroidal_apex_collimator,Vertical Toroidal (Apex Kissing) + Cu Tube,megawatt_2mw,2400000.0,20.0,CW,150.0,1200.0,11568.2161,85.606,-11515.8636,-7.76,1560.9,1016.96,0.0,1.109,71.205,-8045.0268,-6.42,36.876,-2278.2118,-2.97,9.427,-198.5206,1.58,4.106,-54.1393,4.18,0.211,-1.729,4.23
toroidal_apex_collimator,Vertical Toroidal (Apex Kissing) + Cu Tube,megawatt_2mw,2400000.0,20.0,CW,500.0,1200.0,9514.56,77.778,-11508.0296,-8.54,1539.1,1016.96,0.0,1.12,64.701,-8039.6131,-7.07,33.525,-2276.7669,-3.32,8.586,-198.4278,1.43,3.747,-54.1221,4.01,0.199,-1.729,3.93
toroidal_apex_collimator,Vertical Toroidal (Apex Kissing) + Cu Tube,megawatt_2mw,2400000.0,20.0,CW,1000.0,1200.0,9514.56,77.778,-11508.0296,-8.54,1539.1,1016.96,0.0,1.052,64.701,-8039.6131,-7.07,33.525,-2276.7669,-3.32,8.586,-198.4278,1.43,3.747,-54.1221,4.01,0.199,-1.729,3.93
toroidal_apex_collimator,Vertical Toroidal (Apex Kissing) + Cu Tube,megawatt_2mw,2400000.0,20.0,CW,120.0,0.0,13015.2,90.71,-8724.1053,-7.32,1574.1,1016.96,0.0,1.121,75.445,-6094.5778,-6.05,39.06,-1725.7026,-2.77,9.976,-150.3081,1.66,4.34,-40.9744,4.27,0.22,-1.3075,4.43
toroidal_apex_collimator,Vertical Toroidal (Apex Kissing) + Cu Tube,megawatt_2mw,2400000.0,20.0,CW,120.0,600.0,13405.656,92.038,-10075.4374,-7.21,1577.4,1016.96,0.0,1.121,76.549,-7038.648,-5.96,39.629,-1993.0847,-2.72,10.119,-173.6225,1.68,4.401,-47.3364,4.29,0.222,-1.5109,4.48
toroidal_apex_collimator,Vertical Toroidal (Apex Kissing) + Cu Tube,megawatt_2mw,2400000.0,20.0,CW,120.0,2400.0,14577.024,95.91,-14714.9069,6.95,1586.8,1016.96,0.0,1.121,79.765,-10279.8876,-5.71,41.286,-2911.0847,-2.58,10.535,-253.6703,1.73,4.578,-69.1802,4.36,0.228,-2.2095,4.62
toroidal_apex_collimator,Vertical Toroidal (Apex Kissing) + Cu Tube,megawatt_2mw,2400000.0,20.0,CCW,7.83,1200.0,-9514.7082,-76.716,11507.0253,-8.72,1539.1,1016.96,0.0,1.09,-63.76,8038.8722,-7.42,-32.907,2276.5156,-4.59,-8.313,198.3996,-4.09,-3.572,54.1142,-5.61,-0.146,1.7289,-3.68
toroidal_apex_collimator,Vertical Toroidal (Apex Kissing) + Cu Tube,megawatt_2mw,2400000.0,20.0,CCW,25.0,1200.0,-9517.264,-76.727,11507.0349,-8.72,1539.1,1016.96,0.0,1.101,-63.768,8038.8789,-7.42,-32.911,2276.5173,-4.59,-8.315,198.3997,-4.09,-3.572,54.1142,-5.61,-0.146,1.7289,-3.68
toroidal_apex_collimator,Vertical Toroidal (Apex Kissing) + Cu Tube,megawatt_2mw,2400000.0,20.0,CCW,50.0,1200.0,-9592.9794,-77.029,11507.3201,-8.69,1540.0,1016.96,0.0,1.115,-64.02,8039.0758,-7.39,-33.041,2276.5697,-4.57,-8.347,198.403,-4.09,-3.586,54.1148,-5.61,-0.147,1.7289,-3.69
toroidal_apex_collimator,Vertical Toroidal (Apex Kissing) + Cu Tube,megawatt_2mw,2400000.0,20.0,CCW,60.0,1200.0,-9741.1847,-77.619,11507.8782,-8.62,1541.7,1016.96,0.0,1.119,-64.509,8039.4611,-7.34,-33.293,2276.6721,-4.54,-8.41,198.4095,-4.08,-3.613,54.116,-5.61,-0.148,1.7289,-3.71
toroidal_apex_collimator,Vertical Toroidal (Apex Kissing) + Cu Tube,megawatt_2mw,2400000.0,20.0,CCW,100.0,1200.0,-12603.3671,-88.226,11518.6529,-7.59,1570.5,1016.96,0.0,1.125,-73.322,8046.9005,-6.47,-37.833,2278.6501,-4.07,-9.55,198.535,-3.96,-4.099,54.139,-5.64,-0.165,1.7289,-4.06
toroidal_apex_collimator,Vertical Toroidal (Apex Kissing) + Cu Tube,megawatt_2mw,2400000.0,20.0,CCW,120.0,1200.0,-13796.112,-92.285,11523.141,-7.6,1580.6,1016.96,0.0,1.121,-76.694,8049.9992,-6.19,-39.571,2279.4738,-3.92,-9.987,198.5872,-3.92,-4.285,54.1486,-5.66,-0.171,1.7289,-4.19
toroidal_apex_collimator,Vertical Toroidal (Apex Kissing) + Cu Tube,megawatt_2mw,2400000.0,20.0,CCW,150.0,1200.0,-11568.2161,-84.544,11514.757,-7.92,1560.9,1016.96,0.0,1.109,-70.263,8044.2106,-6.75,-36.258,2277.9349,-4.22,-9.155,198.4896,-3.99,-3.93,54.1307,-5.63,-0.159,1.7289,-3.94
toroidal_apex_collimator,Vertical Toroidal (Apex Kissing) + Cu Tube,megawatt_2mw,2400000.0,20.0,CCW,500.0,1200.0,-9514.56,-76.716,11507.0247,-8.72,1539.1,1016.96,0.0,1.12,-63.759,8038.8718,-7.42,-32.907,2276.5154,-4.59,-8.313,198.3996,-4.09,-3.571,54.1142,-5.61,-0.146,1.7289,-3.68
toroidal_apex_collimator,Vertical Toroidal (Apex Kissing) + Cu Tube,megawatt_2mw,2400000.0,20.0,CCW,1000.0,1200.0,-9514.56,-76.716,11507.0247,-8.72,1539.1,1016.96,0.0,1.052,-63.759,8038.8718,-7.42,-32.907,2276.5154,-4.59,-8.313,198.3996,-4.09,-3.571,54.1142,-5.61,-0.146,1.7289,-3.68
toroidal_apex_collimator,Vertical Toroidal (Apex Kissing) + Cu Tube,megawatt_2mw,2400000.0,20.0,CCW,120.0,0.0,-13015.2,-89.648,8722.9323,-7.53,1574.1,1016.96,0.0,1.121,-74.503,6093.7126,-6.37,-38.442,1725.4092,-4.02,-9.703,150.2752,-3.94,-4.164,40.9653,-5.65,-0.167,1.3074,-4.11
toroidal_apex_collimator,Vertical Toroidal (Apex Kissing) + Cu Tube,megawatt_2mw,2400000.0,20.0,CCW,120.0,600.0,-13405.656,-90.976,10074.2471,-7.56,1577.4,1016.96,0.0,1.121,-75.607,7037.7701,-6.28,-39.011,1992.787,-3.97,-9.846,173.5891,-3.93,-4.225,47.3271,-5.65,-0.169,1.5108,-4.15
toroidal_apex_collimator,Vertical Toroidal (Apex Kissing) + Cu Tube,megawatt_2mw,2400000.0,20.0,CCW,120.0,2400.0,-14577.024,-94.848,14713.6662,-7.67,1586.8,1016.96,0.0,1.121,-78.823,10278.9726,-6.03,-40.668,2910.7745,-3.83,-10.262,253.6355,-3.89,-4.403,69.1705,-5.66,-0.175,2.2094,-4.28
dual_orthogonal_48c_collimator,Dual Orthogonal 90° (48 Coils) + Cu Tube,bench_18w,18.5,1.0,CW,7.83,1200.0,0.0679,1.933,-64.9901,-3.5,47.9,3.7,0.0,1.09,0.703,-8.3964,-0.1,0.146,-0.3809,-0.34,0.017,-0.0083,-1.58,0.004,-0.0009,-2.47,0.0,-0.0,-3.49
dual_orthogonal_48c_collimator,Dual Orthogonal 90° (48 Coils) + Cu Tube,bench_18w,18.5,1.0,CW,25.0,1200.0,0.068,1.933,-64.9901,-3.5,47.9,3.7,0.0,1.101,0.703,-8.3964,-0.1,0.146,-0.3809,-0.34,0.017,-0.0083,-1.58,0.004,-0.0009,-2.47,0.0,-0.0,-3.49
dual_orthogonal_48c_collimator,Dual Orthogonal 90° (48 Coils) + Cu Tube,bench_18w,18.5,1.0,CW,50.0,1200.0,0.0685,1.94,-64.9903,-3.5,48.1,3.7,0.0,1.115,0.705,-8.3965,-0.1,0.147,-0.3809,-0.34,0.017,-0.0083,-1.57,0.004,-0.0009,-2.47,0.0,-0.0,-3.49
dual_orthogonal_48c_collimator,Dual Orthogonal 90° (48 Coils) + Cu Tube,bench_18w,18.5,1.0,CW,60.0,1200.0,0.0696,1.954,-64.9906,-3.5,48.5,3.7,0.0,1.119,0.71,-8.3965,-0.1,0.148,-0.3809,-0.34,0.017,-0.0083,-1.57,0.004,-0.0009,-2.47,0.0,-0.0,-3.49
dual_orthogonal_48c_collimator,Dual Orthogonal 90° (48 Coils) + Cu Tube,bench_18w,18.5,1.0,CW,100.0,1200.0,0.09,2.205,-64.997,-3.5,54.9,3.7,0.0,1.125,0.799,-8.3973,-0.09,0.165,-0.3809,-0.33,0.019,-0.0083,-1.57,0.005,-0.0009,-2.47,0.0,-0.0,-3.49
dual_orthogonal_48c_collimator,Dual Orthogonal 90° (48 Coils) + Cu Tube,bench_18w,18.5,1.0,CW,120.0,1200.0,0.0985,2.301,-64.9997,-3.5,57.2,3.7,0.0,1.121,0.833,-8.3977,-0.09,0.172,-0.381,-0.33,0.019,-0.0083,-1.57,0.005,-0.0009,-2.47,0.0,-0.0,-3.49
dual_orthogonal_48c_collimator,Dual Orthogonal 90° (48 Coils) + Cu Tube,bench_18w,18.5,1.0,CW,150.0,1200.0,0.0826,2.118,-64.9947,-3.5,52.8,3.7,0.0,1.109,0.768,-8.397,-0.1,0.159,-0.3809,-0.34,0.018,-0.0083,-1.57,0.005,-0.0009,-2.47,0.0,-0.0,-3.49
dual_orthogonal_48c_collimator,Dual Orthogonal 90° (48 Coils) + Cu Tube,bench_18w,18.5,1.0,CW,500.0,1200.0,0.0679,1.933,-64.9901,-3.5,47.9,3.7,0.0,1.12,0.703,-8.3964,-0.1,0.146,-0.3809,-0.34,0.017,-0.0083,-1.58,0.004,-0.0009,-2.47,0.0,-0.0,-3.49
dual_orthogonal_48c_collimator,Dual Orthogonal 90° (48 Coils) + Cu Tube,bench_18w,18.5,1.0,CW,1000.0,1200.0,0.0679,1.933,-64.9901,-3.5,47.9,3.7,0.0,1.052,0.703,-8.3964,-0.1,0.146,-0.3809,-0.34,0.017,-0.0083,-1.58,0.004,-0.0009,-2.47,0.0,-0.0,-3.49
dual_orthogonal_48c_collimator,Dual Orthogonal 90° (48 Coils) + Cu Tube,bench_18w,18.5,1.0,CW,120.0,0.0,0.0929,2.238,-49.1553,-3.5,55.7,3.7,0.0,1.121,0.811,-6.3507,-0.09,0.167,-0.2881,-0.33,0.019,-0.0063,-1.57,0.005,-0.0007,-2.47,0.0,-0.0,-3.49
dual_orthogonal_48c_collimator,Dual Orthogonal 90° (48 Coils) + Cu Tube,bench_18w,18.5,1.0,CW,120.0,600.0,0.0957,2.27,-56.8011,-3.5,56.5,3.7,0.0,1.121,0.822,-7.3385,-0.09,0.169,-0.3329,-0.33,0.019,-0.0072,-1.57,0.005,-0.0008,-2.47,0.0,-0.0,-3.49
dual_orthogonal_48c_collimator,Dual Orthogonal 90° (48 Coils) + Cu Tube,bench_18w,18.5,1.0,CW,120.0,2400.0,0.1041,2.362,-83.0547,-3.5,58.6,3.7,0.0,1.121,0.854,-10.7303,-0.09,0.176,-0.4868,-0.33,0.02,-0.0106,-1.57,0.005,-0.0012,-2.47,0.0,-0.0,-3.49
dual_orthogonal_48c_collimator,Dual Orthogonal 90° (48 Coils) + Cu Tube,bench_18w,18.5,1.0,CCW,7.83,1200.0,-0.0679,-1.843,64.988,3.5,47.9,3.7,0.0,1.09,-0.657,8.3961,-0.04,-0.131,0.3809,0.32,-0.013,0.0083,1.58,-0.003,0.0009,2.48,-0.0,0.0,3.49
dual_orthogonal_48c_collimator,Dual Orthogonal 90° (48 Coils) + Cu Tube,bench_18w,18.5,1.0,CCW,25.0,1200.0,-0.068,-1.843,64.988,3.5,47.9,3.7,0.0,1.101,-0.657,8.3961,-0.04,-0.131,0.3809,0.32,-0.013,0.0083,1.58,-0.003,0.0009,2.48,-0.0,0.0,3.49
dual_orthogonal_48c_collimator,Dual Orthogonal 90° (48 Coils) + Cu Tube,bench_18w,18.5,1.0,CCW,50.0,1200.0,-0.0685,-1.85,64.9882,3.5,48.1,3.7,0.0,1.115,-0.66,8.3961,-0.04,-0.131,0.3809,0.32,-0.013,0.0083,1.58,-0.003,0.0009,2.48,-0.0,0.0,3.49
dual_orthogonal_48c_collimator,Dual Orthogonal 90° (48 Coils) + Cu Tube,bench_18w,18.5,1.0,CCW,60.0,1200.0,-0.0696,-1.864,64.9885,3.5,48.5,3.7,0.0,1.119,-0.665,8.3961,-0.04,-0.132,0.3809,0.32,-0.013,0.0083,1.58,-0.003,0.0009,2.48,-0.0,0.0,3.49
dual_orthogonal_48c_collimator,Dual Orthogonal 90° (48 Coils) + Cu Tube,bench_18w,18.5,1.0,CCW,100.0,1200.0,-0.09,-2.115,64.9946,3.5,54.9,3.7,0.0,1.125,-0.754,8.3969,-0.03,-0.149,0.3809,0.31,-0.015,0.0083,1.58,-0.003,0.0009,2.48,-0.0,0.0,3.49
dual_orthogonal_48c_collimator,Dual Orthogonal 90° (48 Coils) + Cu Tube,bench_18w,18.5,1.0,CCW,120.0,1200.0,-0.0985,-2.211,64.9972,3.5,57.2,3.7,0.0,1.121,-0.788,8.3972,-0.03,-0.156,0.3809,0.31,-0.015,0.0083,1.58,-0.003,0.0009,2.48,-0.0,0.0,3.49
dual_orthogonal_48c_collimator,Dual Orthogonal 90° (48 Coils) + Cu Tube,bench_18w,18.5,1.0,CCW,150.0,1200.0,-0.0826,-2.028,64.9924,3.5,52.8,3.7,0.0,1.109,-0.723,8.3966,-0.04,-0.143,0.3809,0.32,-0.014,0.0083,1.58,-0.003,0.0009,2.48,-0.0,0.0,3.49
dual_orthogonal_48c_collimator,Dual Orthogonal 90° (48 Coils) + Cu Tube,bench_18w,18.5,1.0,CCW,500.0,1200.0,-0.0679,-1.843,64.988,3.5,47.9,3.7,0.0,1.12,-0.657,8.3961,-0.04,-0.131,0.3809,0.32,-0.013,0.0083,1.58,-0.003,0.0009,2.48,-0.0,0.0,3.49
dual_orthogonal_48c_collimator,Dual Orthogonal 90° (48 Coils) + Cu Tube,bench_18w,18.5,1.0,CCW,1000.0,1200.0,-0.0679,-1.843,64.988,3.5,47.9,3.7,0.0,1.052,-0.657,8.3961,-0.04,-0.131,0.3809,0.32,-0.013,0.0083,1.58,-0.003,0.0009,2.48,-0.0,0.0,3.49
dual_orthogonal_48c_collimator,Dual Orthogonal 90° (48 Coils) + Cu Tube,bench_18w,18.5,1.0,CCW,120.0,0.0,-0.0929,-2.149,49.1528,3.5,55.7,3.7,0.0,1.121,-0.765,6.3502,-0.03,-0.152,0.2881,0.31,-0.015,0.0063,1.58,-0.003,0.0007,2.48,-0.0,0.0,3.49
dual_orthogonal_48c_collimator,Dual Orthogonal 90° (48 Coils) + Cu Tube,bench_18w,18.5,1.0,CCW,120.0,600.0,-0.0957,-2.18,56.7987,3.5,56.5,3.7,0.0,1.121,-0.777,7.338,-0.03,-0.154,0.3329,0.31,-0.015,0.0072,1.58,-0.003,0.0008,2.48,-0.0,0.0,3.49
dual_orthogonal_48c_collimator,Dual Orthogonal 90° (48 Coils) + Cu Tube,bench_18w,18.5,1.0,CCW,120.0,2400.0,-0.1041,-2.272,83.0521,3.5,58.6,3.7,0.0,1.121,-0.809,10.7298,-0.03,-0.16,0.4867,0.31,-0.016,0.0106,1.57,-0.003,0.0012,2.48,-0.0,0.0,3.49
dual_orthogonal_48c_collimator,Dual Orthogonal 90° (48 Coils) + Cu Tube,rated_2kw,2400.0,1.0,CW,7.83,1200.0,8.8151,21.199,-3187.8743,-3.5,169.5,31.7,0.0,1.09,7.593,-411.8535,-0.85,1.524,-18.6821,-0.21,0.159,-0.4057,-1.22,0.036,-0.0444,-2.29,0.0,-0.0,-3.49
dual_orthogonal_48c_collimator,Dual Orthogonal 90° (48 Coils) + Cu Tube,rated_2kw,2400.0,1.0,CW,25.0,1200.0,8.8175,21.201,-3187.875,-3.5,169.5,31.7,0.0,1.101,7.594,-411.8536,-0.85,1.524,-18.6821,-0.21,0.159,-0.4057,-1.22,0.036,-0.0444,-2.29,0.0,-0.0,-3.49
dual_orthogonal_48c_collimator,Dual Orthogonal 90° (48 Coils) + Cu Tube,rated_2kw,2400.0,1.0,CW,50.0,1200.0,8.8876,21.283,-3187.8962,-3.5,169.7,31.7,0.0,1.115,7.623,-411.8563,-0.85,1.53,-18.6822,-0.21,0.159,-0.4057,-1.22,0.036,-0.0444,-2.28,0.0,-0.0,-3.49
dual_orthogonal_48c_collimator,Dual Orthogonal 90° (48 Coils) + Cu Tube,rated_2kw,2400.0,1.0,CW,60.0,1200.0,9.0249,21.442,-3187.9378,-3.5,170.1,31.7,0.0,1.119,7.679,-411.8616,-0.84,1.541,-18.6824,-0.21,0.16,-0.4057,-1.21,0.036,-0.0444,-2.28,0.0,-0.0,-3.49
dual_orthogonal_48c_collimator,Dual Orthogonal 90° (48 Coils) + Cu Tube,rated_2kw,2400.0,1.0,CW,100.0,1200.0,11.6766,24.3,-3188.7385,-3.5,176.6,31.7,0.0,1.125,8.689,-411.9629,-0.74,1.737,-18.6864,-0.17,0.178,-0.4057,-1.17,0.04,-0.0444,-2.26,0.0,-0.0,-3.49
dual_orthogonal_48c_collimator,Dual Orthogonal 90° (48 Coils) + Cu Tube,rated_2kw,2400.0,1.0,CW,120.0,1200.0,12.7817,25.394,-3189.0714,-3.5,178.8,31.7,0.0,1.121,9.076,-412.0049,-0.71,1.812,-18.688,-0.16,0.185,-0.4057,-1.15,0.041,-0.0444,-2.26,0.0,-0.0,-3.49
dual_orthogonal_48c_collimator,Dual Orthogonal 90° (48 Coils) + Cu Tube,rated_2kw,2400.0,1.0,CW,150.0,1200.0,10.7176,23.308,-3188.4493,-3.5,174.4,31.7,0.0,1.109,8.339,-411.9263,-0.77,1.669,-18.6849,-0.18,0.172,-0.4057,-1.18,0.038,-0.0444,-2.27,0.0,-0.0,-3.49
dual_orthogonal_48c_collimator,Dual Orthogonal 90° (48 Coils) + Cu Tube,rated_2kw,2400.0,1.0,CW,500.0,1200.0,8.815,21.199,-3187.8743,-3.5,169.5,31.7,0.0,1.12,7.593,-411.8535,-0.85,1.524,-18.6821,-0.21,0.159,-0.4057,-1.22,0.036,-0.0444,-2.29,0.0,-0.0,-3.49
dual_orthogonal_48c_collimator,Dual Orthogonal 90° (48 Coils) + Cu Tube,rated_2kw,2400.0,1.0,CW,1000.0,1200.0,8.815,21.199,-3187.8743,-3.5,169.5,31.7,0.0,1.052,7.593,-411.8535,-0.85,1.524,-18.6821,-0.21,0.159,-0.4057,-1.22,0.036,-0.0444,-2.29,0.0,-0.0,-3.49
dual_orthogonal_48c_collimator,Dual Orthogonal 90° (48 Coils) + Cu Tube,rated_2kw,2400.0,1.0,CW,120.0,0.0,12.0582,24.683,-2412.1414,-3.5,177.4,31.7,0.0,1.121,8.825,-311.6304,-0.73,1.763,-14.1346,-0.17,0.181,-0.3068,-1.16,0.04,-0.0336,-2.26,0.0,-0.0,-3.49
dual_orthogonal_48c_collimator,Dual Orthogonal 90° (48 Coils) + Cu Tube,rated_2kw,2400.0,1.0,CW,120.0,600.0,12.4199,25.041,-2787.0591,-3.5,178.1,31.7,0.0,1.121,8.951,-360.0675,-0.72,1.788,-16.3319,-0.16,0.183,-0.3545,-1.16,0.04,-0.0388,-2.26,0.0,-0.0,-3.49
dual_orthogonal_48c_collimator,Dual Orthogonal 90° (48 Coils) + Cu Tube,rated_2kw,2400.0,1.0,CW,120.0,2400.0,13.5052,26.084,-4074.3798,-3.5,180.2,31.7,0.0,1.121,9.32,-526.3813,-0.69,1.859,-23.8765,-0.15,0.19,-0.5184,-1.14,0.042,-0.0567,-2.25,0.0,-0.0,-3.49
dual_orthogonal_48c_collimator,Dual Orthogonal 90° (48 Coils) + Cu Tube,rated_2kw,2400.0,1.0,CCW,7.83,1200.0,-8.8151,-20.743,3187.7573,3.5,169.5,31.7,0.0,1.09,-7.364,411.8325,-0.93,-1.444,18.6806,-0.16,-0.139,0.4056,1.21,-0.028,0.0444,2.31,-0.0,0.0,3.49
dual_orthogonal_48c_collimator,Dual Orthogonal 90° (48 Coils) + Cu Tube,rated_2kw,2400.0,1.0,CCW,25.0,1200.0,-8.8175,-20.746,3187.758,3.5,169.5,31.7,0.0,1.101,-7.365,411.8326,-0.93,-1.444,18.6807,-0.16,-0.139,0.4056,1.21,-0.028,0.0444,2.31,-0.0,0.0,3.49
dual_orthogonal_48c_collimator,Dual Orthogonal 90° (48 Coils) + Cu Tube,rated_2kw,2400.0,1.0,CCW,50.0,1200.0,-8.8876,-20.828,3187.7788,3.5,169.7,31.7,0.0,1.115,-7.393,411.8352,-0.93,-1.45,18.6808,-0.16,-0.139,0.4056,1.21,-0.028,0.0444,2.31,-0.0,0.0,3.49
dual_orthogonal_48c_collimator,Dual Orthogonal 90° (48 Coils) + Cu Tube,rated_2kw,2400.0,1.0,CCW,60.0,1200.0,-9.0249,-20.986,3187.8195,3.5,170.1,31.7,0.0,1.119,-7.45,411.8403,-0.92,-1.461,18.6809,-0.16,-0.14,0.4056,1.2,-0.028,0.0444,2.31,-0.0,0.0,3.49
dual_orthogonal_48c_collimator,Dual Orthogonal 90° (48 Coils) + Cu Tube,rated_2kw,2400.0,1.0,CCW,100.0,1200.0,-11.6766,-23.845,3188.6043,3.5,176.6,31.7,0.0,1.125,-8.46,411.9388,-0.82,-1.657,18.6847,-0.16,-0.159,0.4057,1.16,-0.031,0.0444,2.29,-0.0,0.0,3.49
dual_orthogonal_48c_collimator,Dual Orthogonal 90° (48 Coils) + Cu Tube,rated_2kw,2400.0,1.0,CCW,120.0,1200.0,-12.7817,-24.938,3188.9311,3.5,178.8,31.7,0.0,1.121,-8.847,411.9798,-0.78,-1.732,18.6862,-0.16,-0.165,0.4057,1.15,-0.033,0.0444,2.29,-0.0,0.0,3.49
dual_orthogonal_48c_collimator,Dual Orthogonal 90° (48 Coils) + Cu Tube,rated_2kw,2400.0,1.0,CCW,150.0,1200.0,-10.7176,-22.853,3188.3205,3.5,174.4,31.7,0.0,1.109,-8.109,411.9032,-0.85,-1.589,18.6833,-0.16,-0.152,0.4057,1.18,-0.03,0.0444,2.3,-0.0,0.0,3.49
dual_orthogonal_48c_collimator,Dual Orthogonal 90° (48 Coils) + Cu Tube,rated_2kw,2400.0,1.0,CCW,500.0,1200.0,-8.815,-20.743,3187.7573,3.5,169.5,31.7,0.0,1.12,-7.364,411.8325,-0.93,-1.444,18.6806,-0.16,-0.139,0.4056,1.21,-0.028,0.0444,2.31,-0.0,0.0,3.49
dual_orthogonal_48c_collimator,Dual Orthogonal 90° (48 Coils) + Cu Tube,rated_2kw,2400.0,1.0,CCW,1000.0,1200.0,-8.815,-20.743,3187.7573,3.5,169.5,31.7,0.0,1.052,-7.364,411.8325,-0.93,-1.444,18.6806,-0.16,-0.139,0.4056,1.21,-0.028,0.0444,2.31,-0.0,0.0,3.49
dual_orthogonal_48c_collimator,Dual Orthogonal 90° (48 Coils) + Cu Tube,rated_2kw,2400.0,1.0,CCW,120.0,0.0,-12.0582,-24.228,2412.005,3.5,177.4,31.7,0.0,1.121,-8.596,311.606,-0.81,-1.683,14.1329,-0.16,-0.161,0.3068,1.16,-0.032,0.0336,2.29,-0.0,0.0,3.49
dual_orthogonal_48c_collimator,Dual Orthogonal 90° (48 Coils) + Cu Tube,rated_2kw,2400.0,1.0,CCW,120.0,600.0,-12.4199,-24.586,2786.9207,3.5,178.1,31.7,0.0,1.121,-8.722,360.0426,-0.79,-1.708,16.3302,-0.16,-0.163,0.3545,1.15,-0.032,0.0388,2.29,-0.0,0.0,3.49
dual_orthogonal_48c_collimator,Dual Orthogonal 90° (48 Coils) + Cu Tube,rated_2kw,2400.0,1.0,CCW,120.0,2400.0,-13.5052,-25.629,4074.2355,3.5,180.2,31.7,0.0,1.121,-9.091,526.3555,-0.76,-1.779,23.8747,-0.16,-0.17,0.5184,1.14,-0.033,0.0567,2.28,-0.0,0.0,3.49
dual_orthogonal_48c_collimator,Dual Orthogonal 90° (48 Coils) + Cu Tube,field_50kw,50000.0,5.0,CW,7.83,1200.0,183.6479,36.293,-5113.5577,-4.24,548.9,142.69,0.0,1.09,21.754,-1858.602,-2.48,6.622,-187.0945,-0.38,1.113,-8.483,1.05,0.39,-1.8582,0.89,0.013,-0.0201,-2.11
dual_orthogonal_48c_collimator,Dual Orthogonal 90° (48 Coils) + Cu Tube,field_50kw,50000.0,5.0,CW,25.0,1200.0,183.6972,36.298,-5113.5598,-4.24,548.9,142.69,0.0,1.101,21.757,-1858.6027,-2.48,6.622,-187.0946,-0.38,1.113,-8.483,1.05,0.39,-1.8582,0.89,0.013,-0.0201,-2.11
dual_orthogonal_48c_collimator,Dual Orthogonal 90° (48 Coils) + Cu Tube,field_50kw,50000.0,5.0,CW,50.0,1200.0,185.1586,36.439,-5113.6224,-4.23,549.3,142.69,0.0,1.115,21.841,-1858.6251,-2.47,6.647,-187.0966,-0.37,1.117,-8.4831,1.06,0.391,-1.8582,0.9,0.013,-0.0201,-2.11
dual_orthogonal_48c_collimator,Dual Orthogonal 90° (48 Coils) + Cu Tube,field_50kw,50000.0,5.0,CW,60.0,1200.0,188.0192,36.712,-5113.7448,-4.2,550.2,142.69,0.0,1.119,22.004,-1858.6689,-2.45,6.696,-187.1006,-0.37,1.124,-8.4832,1.06,0.394,-1.8582,0.9,0.013,-0.0201,-2.11
dual_orthogonal_48c_collimator,Dual Orthogonal 90° (48 Coils) + Cu Tube,field_50kw,50000.0,5.0,CW,100.0,1200.0,243.2635,41.63,-5116.1048,-3.7,564.6,142.69,0.0,1.125,24.937,-1859.5122,-2.15,7.574,-187.1774,-0.26,1.264,-8.4852,1.18,0.439,-1.8585,1.06,0.013,-0.0201,-2.1
dual_orthogonal_48c_collimator,Dual Orthogonal 90° (48 Coils) + Cu Tube,field_50kw,50000.0,5.0,CW,120.0,1200.0,266.2852,43.512,-5117.0863,-3.54,569.6,142.69,0.0,1.121,26.06,-1859.8628,-2.05,7.91,-187.2092,-0.23,1.318,-8.4861,1.22,0.457,-1.8585,1.12,0.013,-0.0201,-2.1
dual_orthogonal_48c_collimator,Dual Orthogonal 90° (48 Coils) + Cu Tube,field_50kw,50000.0,5.0,CW,150.0,1200.0,223.2836,39.923,-5115.2521,-3.86,559.8,142.69,0.0,1.109,23.919,-1859.2075,-2.25,7.27,-187.1497,-0.3,1.216,-8.4845,1.14,0.424,-1.8584,1.01,0.013,-0.0201,-2.1
dual_orthogonal_48c_collimator,Dual Orthogonal 90° (48 Coils) + Cu Tube,field_50kw,50000.0,5.0,CW,500.0,1200.0,183.645,36.293,-5113.5576,-4.24,548.9,142.69,0.0,1.12,21.754,-1858.6019,-2.48,6.621,-187.0945,-0.38,1.113,-8.483,1.05,0.39,-1.8582,0.89,0.013,-0.0201,-2.11
dual_orthogonal_48c_collimator,Dual Orthogonal 90° (48 Coils) + Cu Tube,field_50kw,50000.0,5.0,CW,1000.0,1200.0,183.645,36.293,-5113.5576,-4.24,548.9,142.69,0.0,1.052,21.754,-1858.6019,-2.48,6.621,-187.0945,-0.38,1.113,-8.483,1.05,0.39,-1.8582,0.89,0.013,-0.0201,-2.11
dual_orthogonal_48c_collimator,Dual Orthogonal 90° (48 Coils) + Cu Tube,field_50kw,50000.0,5.0,CW,120.0,0.0,251.2125,42.29,-3871.4378,-3.64,566.4,142.69,0.0,1.121,25.331,-1407.1083,-2.11,7.692,-141.6297,-0.25,1.283,-6.4187,1.19,0.445,-1.4056,1.08,0.013,-0.0152,-2.1
dual_orthogonal_48c_collimator,Dual Orthogonal 90° (48 Coils) + Cu Tube,field_50kw,50000.0,5.0,CW,120.0,600.0,258.7489,42.905,-4472.5469,-3.59,568.0,142.69,0.0,1.121,25.698,-1625.5927,-2.08,7.802,-163.6248,-0.24,1.301,-7.4164,1.21,0.451,-1.6242,1.1,0.013,-0.0176,-2.1
dual_orthogonal_48c_collimator,Dual Orthogonal 90° (48 Coils) + Cu Tube,field_50kw,50000.0,5.0,CW,120.0,2400.0,281.358,44.701,-6536.4563,-3.44,572.7,142.69,0.0,1.121,26.769,-2375.7602,-2.0,8.123,-239.1458,-0.21,1.352,-10.8418,1.24,0.468,-2.3747,1.15,0.013,-0.0257,-2.09
dual_orthogonal_48c_collimator,Dual Orthogonal 90° (48 Coils) + Cu Tube,field_50kw,50000.0,5.0,CCW,7.83,1200.0,-183.6479,-35.64,5113.2699,-4.38,548.9,142.69,0.0,1.09,-21.289,1858.4792,-2.75,-6.406,187.0773,-1.34,-1.037,8.482,-1.44,-0.346,1.858,-1.0,-0.005,0.0201,2.28
dual_orthogonal_48c_collimator,Dual Orthogonal 90° (48 Coils) + Cu Tube,field_50kw,50000.0,5.0,CCW,25.0,1200.0,-183.6972,-35.645,5113.272,-4.38,548.9,142.69,0.0,1.101,-21.292,1858.4799,-2.75,-6.407,187.0774,-1.34,-1.037,8.482,-1.44,-0.346,1.858,-1.0,-0.005,0.0201,2.28
dual_orthogonal_48c_collimator,Dual Orthogonal 90° (48 Coils) + Cu Tube,field_50kw,50000.0,5.0,CCW,50.0,1200.0,-185.1586,-35.785,5113.3334,-4.36,549.3,142.69,0.0,1.115,-21.375,1858.5018,-2.73,-6.432,187.0794,-1.33,-1.041,8.4821,-1.44,-0.347,1.858,-1.01,-0.005,0.0201,2.28
dual_orthogonal_48c_collimator,Dual Orthogonal 90° (48 Coils) + Cu Tube,field_50kw,50000.0,5.0,CCW,60.0,1200.0,-188.0192,-36.059,5113.4537,-4.33,550.2,142.69,0.0,1.119,-21.538,1858.5446,-2.71,-6.481,187.0832,-1.33,-1.049,8.4822,-1.45,-0.35,1.858,-1.01,-0.005,0.0201,2.28
dual_orthogonal_48c_collimator,Dual Orthogonal 90° (48 Coils) + Cu Tube,field_50kw,50000.0,5.0,CCW,100.0,1200.0,-243.2635,-40.977,5115.7743,-3.81,564.6,142.69,0.0,1.125,-24.471,1859.3713,-2.4,-7.359,187.1576,-1.23,-1.189,8.4841,-1.52,-0.395,1.8582,-1.15,-0.005,0.0201,2.27
dual_orthogonal_48c_collimator,Dual Orthogonal 90° (48 Coils) + Cu Tube,field_50kw,50000.0,5.0,CCW,120.0,1200.0,-266.2852,-42.859,5116.7408,-3.64,569.6,142.69,0.0,1.121,-25.594,1859.7155,-2.3,-7.695,187.1886,-1.2,-1.243,8.4849,-1.54,-0.413,1.8583,-1.2,-0.006,0.0201,2.27
dual_orthogonal_48c_collimator,Dual Orthogonal 90° (48 Coils) + Cu Tube,field_50kw,50000.0,5.0,CCW,150.0,1200.0,-223.2836,-39.27,5114.9353,-3.97,559.8,142.69,0.0,1.109,-23.453,1859.0724,-2.5,-7.054,187.1307,-1.26,-1.14,8.4834,-1.49,-0.379,1.8582,-1.1,-0.005,0.0201,2.28
dual_orthogonal_48c_collimator,Dual Orthogonal 90° (48 Coils) + Cu Tube,field_50kw,50000.0,5.0,CCW,500.0,1200.0,-183.645,-35.64,5113.2698,-4.38,548.9,142.69,0.0,1.12,-21.289,1858.4791,-2.75,-6.406,187.0773,-1.34,-1.037,8.482,-1.44,-0.346,1.858,-1.0,-0.005,0.0201,2.28
dual_orthogonal_48c_collimator,Dual Orthogonal 90° (48 Coils) + Cu Tube,field_50kw,50000.0,5.0,CCW,1000.0,1200.0,-183.645,-35.64,5113.2698,-4.38,548.9,142.69,0.0,1.052,-21.289,1858.4791,-2.75,-6.406,187.0773,-1.34,-1.037,8.482,-1.44,-0.346,1.858,-1.0,-0.005,0.0201,2.28
dual_orthogonal_48c_collimator,Dual Orthogonal 90° (48 Coils) + Cu Tube,field_50kw,50000.0,5.0,CCW,120.0,0.0,-251.2125,-41.636,3871.102,-3.75,566.4,142.69,0.0,1.121,-24.865,1406.9651,-2.37,-7.476,141.6096,-1.22,-1.208,6.4176,-1.53,-0.401,1.4053,-1.17,-0.006,0.0152,2.27
dual_orthogonal_48c_collimator,Dual Orthogonal 90° (48 Coils) + Cu Tube,field_50kw,50000.0,5.0,CCW,120.0,600.0,-258.7489,-42.252,4472.2062,-3.7,568.0,142.69,0.0,1.121,-25.232,1625.4474,-2.33,-7.586,163.6045,-1.21,-1.225,7.4152,-1.54,-0.407,1.6239,-1.19,-0.006,0.0176,2.27
dual_orthogonal_48c_collimator,Dual Orthogonal 90° (48 Coils) + Cu Tube,field_50kw,50000.0,5.0,CCW,120.0,2400.0,-281.358,-44.047,6536.1012,-3.55,572.7,142.69,0.0,1.121,-26.303,2375.6088,-2.24,-7.907,239.1246,-1.19,-1.276,10.8406,-1.56,-0.424,2.3745,-1.23,-0.006,0.0257,2.27
dual_orthogonal_48c_collimator,Dual Orthogonal 90° (48 Coils) + Cu Tube,megawatt_2mw,2400000.0,20.0,CW,7.83,1200.0,8815.0973,74.921,-10142.3288,-8.87,1530.5,987.08,0.0,1.09,62.328,-7085.5132,-7.35,32.302,-2006.557,-3.47,8.279,-174.8717,1.37,3.616,-47.6954,3.94,0.194,-1.5236,3.82
dual_orthogonal_48c_collimator,Dual Orthogonal 90° (48 Coils) + Cu Tube,megawatt_2mw,2400000.0,20.0,CW,25.0,1200.0,8817.4652,74.931,-10142.3378,-8.87,1530.6,987.08,0.0,1.101,62.336,-7085.5194,-7.35,32.306,-2006.5587,-3.47,8.28,-174.8718,1.37,3.617,-47.6954,3.94,0.194,-1.5236,3.82
dual_orthogonal_48c_collimator,Dual Orthogonal 90° (48 Coils) + Cu Tube,megawatt_2mw,2400000.0,20.0,CW,50.0,1200.0,8887.6132,75.222,-10142.6059,-8.83,1531.4,987.08,0.0,1.115,62.578,-7085.7047,-7.32,32.431,-2006.6081,-3.46,8.311,-174.875,1.38,3.63,-47.696,3.95,0.195,-1.5236,3.83
dual_orthogonal_48c_collimator,Dual Orthogonal 90° (48 Coils) + Cu Tube,megawatt_2mw,2400000.0,20.0,CW,60.0,1200.0,9024.9211,75.789,-10143.1305,-8.77,1533.2,987.08,0.0,1.119,63.05,-7086.0672,-7.26,32.674,-2006.705,-3.43,8.372,-174.8813,1.39,3.656,-47.6972,3.97,0.196,-1.5236,3.85
dual_orthogonal_48c_collimator,Dual Orthogonal 90° (48 Coils) + Cu Tube,megawatt_2mw,2400000.0,20.0,CW,100.0,1200.0,11676.6489,85.999,-10153.2479,-7.72,1562.0,987.08,0.0,1.125,71.532,-7093.059,-6.39,37.044,-2008.5711,-2.95,9.47,-175.0012,1.58,4.124,-47.7195,4.18,0.212,-1.5236,4.25
dual_orthogonal_48c_collimator,Dual Orthogonal 90° (48 Coils) + Cu Tube,megawatt_2mw,2400000.0,20.0,CW,120.0,1200.0,12781.692,89.906,-10157.4576,-7.39,1572.1,987.08,0.0,1.121,74.778,-7095.968,-6.1,38.716,-2009.3471,-2.8,9.889,-175.051,1.65,4.303,-47.7287,4.26,0.218,-1.5236,4.4
dual_orthogonal_48c_collimator,Dual Orthogonal 90° (48 Coils) + Cu Tube,megawatt_2mw,2400000.0,20.0,CW,150.0,1200.0,10717.612,82.456,-10149.5915,-8.06,1552.4,987.08,0.0,1.109,68.588,-7090.5324,-6.67,35.527,-2007.8968,-3.1,9.089,-174.9579,1.52,3.962,-47.7114,4.11,0.206,-1.5236,4.11
dual_orthogonal_48c_collimator,Dual Orthogonal 90° (48 Coils) + Cu Tube,megawatt_2mw,2400000.0,20.0,CW,500.0,1200.0,8814.96,74.92,-10142.3282,-8.87,1530.5,987.08,0.0,1.12,62.328,-7085.5128,-7.35,32.302,-2006.5569,-3.47,8.279,-174.8717,1.37,3.616,-47.6954,3.94,0.194,-1.5236,3.82
dual_orthogonal_48c_collimator,Dual Orthogonal 90° (48 Coils) + Cu Tube,megawatt_2mw,2400000.0,20.0,CW,1000.0,1200.0,8814.96,74.92,-10142.3282,-8.87,1530.5,987.08,0.0,1.052,62.328,-7085.5128,-7.35,32.302,-2006.5569,-3.47,8.279,-174.8717,1.37,3.616,-47.6954,3.94,0.194,-1.5236,3.82
dual_orthogonal_48c_collimator,Dual Orthogonal 90° (48 Coils) + Cu Tube,megawatt_2mw,2400000.0,20.0,CW,120.0,0.0,12058.2,87.368,-7689.8146,-7.6,1565.5,987.08,0.0,1.121,72.669,-5372.0189,-6.28,37.63,-1521.086,-2.89,9.617,-132.4772,1.61,4.187,-36.1114,4.21,0.214,-1.1522,4.3
dual_orthogonal_48c_collimator,Dual Orthogonal 90° (48 Coils) + Cu Tube,megawatt_2mw,2400000.0,20.0,CW,120.0,600.0,12419.946,88.647,-8880.6441,-7.49,1568.9,987.08,0.0,1.121,73.731,-6203.9579,-6.19,38.177,-1756.7093,-2.84,9.754,-153.0221,1.63,4.245,-41.7175,4.23,0.216,-1.3314,4.35
dual_orthogonal_48c_collimator,Dual Orthogonal 90° (48 Coils) + Cu Tube,megawatt_2mw,2400000.0,20.0,CW,120.0,2400.0,13505.184,92.374,-12969.037,-7.19,1578.2,987.08,0.0,1.121,76.827,-9060.2014,-5.94,39.772,-2565.6665,-2.7,10.155,-223.5607,1.68,4.416,-60.9662,4.3,0.222,-1.947,4.49
dual_orthogonal_48c_collimator,Dual Orthogonal 90° (48 Coils) + Cu Tube,megawatt_2mw,2400000.0,20.0,CCW,7.83,1200.0,-8815.0973,-73.859,10141.3611,-9.06,1530.5,987.08,0.0,1.09,-61.386,7084.7993,-7.7,-31.684,2006.3148,-4.74,-8.006,174.8446,-4.13,-3.441,47.6878,-5.6,-0.141,1.5235,-3.58
dual_orthogonal_48c_collimator,Dual Orthogonal 90° (48 Coils) + Cu Tube,megawatt_2mw,2400000.0,20.0,CCW,25.0,1200.0,-8817.4652,-73.869,10141.37,-9.06,1530.6,987.08,0.0,1.101,-61.394,7084.8055,-7.7,-31.688,2006.3165,-4.74,-8.007,174.8447,-4.13,-3.441,47.6878,-5.6,-0.141,1.5235,-3.58
dual_orthogonal_48c_collimator,Dual Orthogonal 90° (48 Coils) + Cu Tube,megawatt_2mw,2400000.0,20.0,CCW,50.0,1200.0,-8887.6132,-74.16,10141.6343,-9.02,1531.4,987.08,0.0,1.115,-61.636,7084.988,-7.67,-31.813,2006.365,-4.73,-8.039,174.8477,-4.13,-3.454,47.6884,-5.6,-0.142,1.5235,-3.59
dual_orthogonal_48c_collimator,Dual Orthogonal 90° (48 Coils) + Cu Tube,megawatt_2mw,2400000.0,20.0,CCW,60.0,1200.0,-9024.9211,-74.728,10142.1515,-8.95,1533.2,987.08,0.0,1.119,-62.108,7085.3451,-7.62,-32.056,2006.4599,-4.7,-8.1,174.8538,-4.12,-3.48,47.6895,-5.6,-0.143,1.5235,-3.61
dual_orthogonal_48c_collimator,Dual Orthogonal 90° (48 Coils) + Cu Tube,megawatt_2mw,2400000.0,20.0,CCW,100.0,1200.0,-11676.6489,-84.937,10152.1361,-7.88,1562.0,987.08,0.0,1.125,-70.59,7092.239,-6.72,-36.426,2008.293,-4.21,-9.197,174.97,-3.99,-3.948,47.7108,-5.63,-0.159,1.5235,-3.95
dual_orthogonal_48c_collimator,Dual Orthogonal 90° (48 Coils) + Cu Tube,megawatt_2mw,2400000.0,20.0,CCW,120.0,1200.0,-12781.692,-88.845,10156.295,-7.53,1572.1,987.08,0.0,1.121,-73.836,7095.1105,-6.43,-38.098,2009.0564,-4.05,-9.617,175.0184,-3.95,-4.128,47.7196,-5.65,-0.166,1.5235,-4.08
dual_orthogonal_48c_collimator,Dual Orthogonal 90° (48 Coils) + Cu Tube,megawatt_2mw,2400000.0,20.0,CCW,150.0,1200.0,-10717.612,-81.394,10148.5258,-8.22,1552.4,987.08,0.0,1.109,-67.646,7089.7463,-7.0,-34.909,2007.6302,-4.36,-8.816,174.928,-4.03,-3.786,47.7031,-5.62,-0.154,1.5235,-3.83
dual_orthogonal_48c_collimator,Dual Orthogonal 90° (48 Coils) + Cu Tube,megawatt_2mw,2400000.0,20.0,CCW,500.0,1200.0,-8814.96,-73.859,10141.3606,-9.06,1530.5,987.08,0.0,1.12,-61.386,7084.799,-7.7,-31.684,2006.3147,-4.74,-8.006,174.8445,-4.13,-3.441,47.6878,-5.6,-0.141,1.5235,-3.58
dual_orthogonal_48c_collimator,Dual Orthogonal 90° (48 Coils) + Cu Tube,megawatt_2mw,2400000.0,20.0,CCW,1000.0,1200.0,-8814.96,-73.859,10141.3606,-9.06,1530.5,987.08,0.0,1.052,-61.386,7084.799,-7.7,-31.684,2006.3147,-4.74,-8.006,174.8445,-4.13,-3.441,47.6878,-5.6,-0.141,1.5235,-3.58
dual_orthogonal_48c_collimator,Dual Orthogonal 90° (48 Coils) + Cu Tube,megawatt_2mw,2400000.0,20.0,CCW,120.0,0.0,-12058.2,-86.307,7688.685,-7.76,1565.5,987.08,0.0,1.121,-71.727,5371.1857,-6.61,-37.012,1520.8034,-4.15,-9.344,132.4455,-3.98,-4.011,36.1026,-5.64,-0.162,1.152,-4.0
dual_orthogonal_48c_collimator,Dual Orthogonal 90° (48 Coils) + Cu Tube,megawatt_2mw,2400000.0,20.0,CCW,120.0,600.0,-12419.946,-87.585,8879.4978,-7.64,1568.9,987.08,0.0,1.121,-72.789,6203.1124,-6.52,-37.559,1756.4226,-4.1,-9.482,152.99,-3.96,-4.07,41.7086,-5.64,-0.164,1.3313,-4.04
dual_orthogonal_48c_collimator,Dual Orthogonal 90° (48 Coils) + Cu Tube,megawatt_2mw,2400000.0,20.0,CCW,120.0,2400.0,-13505.184,-91.312,12967.8423,-7.57,1578.2,987.08,0.0,1.121,-75.885,9059.3203,-6.26,-39.154,2565.3678,-3.96,-9.882,223.5273,-3.93,-4.241,60.9569,-5.65,-0.17,1.9468,-4.16
open_cage_no_tube_baseline,"Open Triple Mesh 48C (No Tube, Free Space)",bench_18w,18.5,1.0,CW,7.83,1200.0,0.0088,0.779,-0.0229,-3.5,4.6,3.45,0.0,1.09,0.295,-0.003,-0.22,0.067,-0.0001,-0.4,0.01,-0.0,-1.6,0.003,-0.0,-2.48,0.0,-0.0,-3.49
open_cage_no_tube_baseline,"Open Triple Mesh 48C (No Tube, Free Space)",bench_18w,18.5,1.0,CW,25.0,1200.0,0.0088,0.779,-0.0229,-3.5,4.6,3.45,0.0,1.101,0.295,-0.003,-0.22,0.067,-0.0001,-0.4,0.01,-0.0,-1.6,0.003,-0.0,-2.48,0.0,-0.0,-3.49
open_cage_no_tube_baseline,"Open Triple Mesh 48C (No Tube, Free Space)",bench_18w,18.5,1.0,CW,50.0,1200.0,0.0089,0.781,-0.0229,-3.5,4.6,3.45,0.0,1.115,0.296,-0.003,-0.22,0.067,-0.0001,-0.4,0.01,-0.0,-1.6,0.003,-0.0,-2.48,0.0,-0.0,-3.49
open_cage_no_tube_baseline,"Open Triple Mesh 48C (No Tube, Free Space)",bench_18w,18.5,1.0,CW,60.0,1200.0,0.009,0.786,-0.023,-3.5,4.6,3.45,0.0,1.119,0.297,-0.003,-0.21,0.068,-0.0001,-0.4,0.01,-0.0,-1.6,0.003,-0.0,-2.48,0.0,-0.0,-3.49
open_cage_no_tube_baseline,"Open Triple Mesh 48C (No Tube, Free Space)",bench_18w,18.5,1.0,CW,100.0,1200.0,0.0117,0.877,-0.0239,-3.5,4.6,3.45,0.0,1.125,0.329,-0.0031,-0.2,0.074,-0.0001,-0.4,0.01,-0.0,-1.6,0.003,-0.0,-2.48,0.0,-0.0,-3.49
open_cage_no_tube_baseline,"Open Triple Mesh 48C (No Tube, Free Space)",bench_18w,18.5,1.0,CW,120.0,1200.0,0.0128,0.911,-0.0243,-3.5,6.2,3.45,0.0,1.121,0.341,-0.0032,-0.19,0.076,-0.0001,-0.39,0.011,-0.0,-1.6,0.003,-0.0,-2.48,0.0,-0.0,-3.49
open_cage_no_tube_baseline,"Open Triple Mesh 48C (No Tube, Free Space)",bench_18w,18.5,1.0,CW,150.0,1200.0,0.0107,0.845,-0.0236,-3.5,4.6,3.45,0.0,1.109,0.318,-0.0031,-0.2,0.072,-0.0001,-0.4,0.01,-0.0,-1.6,0.003,-0.0,-2.48,0.0,-0.0,-3.49
open_cage_no_tube_baseline,"Open Triple Mesh 48C (No Tube, Free Space)",bench_18w,18.5,1.0,CW,500.0,1200.0,0.0088,0.779,-0.0229,-3.5,4.6,3.45,0.0,1.12,0.295,-0.003,-0.22,0.067,-0.0001,-0.4,0.01,-0.0,-1.6,0.003,-0.0,-2.48,0.0,-0.0,-3.49
open_cage_no_tube_baseline,"Open Triple Mesh 48C (No Tube, Free Space)",bench_18w,18.5,1.0,CW,1000.0,1200.0,0.0088,0.779,-0.0229,-3.5,4.6,3.45,0.0,1.052,0.295,-0.003,-0.22,0.067,-0.0001,-0.4,0.01,-0.0,-1.6,0.003,-0.0,-2.48,0.0,-0.0,-3.49
open_cage_no_tube_baseline,"Open Triple Mesh 48C (No Tube, Free Space)",bench_18w,18.5,1.0,CW,120.0,0.0,0.0121,0.889,-0.0193,-3.5,4.7,3.45,0.0,1.121,0.334,-0.0026,-0.2,0.075,-0.0001,-0.4,0.01,-0.0,-1.6,0.003,-0.0,-2.48,0.0,-0.0,-3.49
open_cage_no_tube_baseline,"Open Triple Mesh 48C (No Tube, Free Space)",bench_18w,18.5,1.0,CW,120.0,600.0,0.0124,0.9,-0.0217,-3.5,5.4,3.45,0.0,1.121,0.338,-0.0029,-0.19,0.076,-0.0001,-0.39,0.011,-0.0,-1.6,0.003,-0.0,-2.48,0.0,-0.0,-3.49
open_cage_no_tube_baseline,"Open Triple Mesh 48C (No Tube, Free Space)",bench_18w,18.5,1.0,CW,120.0,2400.0,0.0135,0.933,-0.0298,-3.5,7.5,3.45,0.0,1.121,0.349,-0.0039,-0.19,0.078,-0.0002,-0.39,0.011,-0.0,-1.6,0.003,-0.0,-2.48,0.0,-0.0,-3.49
open_cage_no_tube_baseline,"Open Triple Mesh 48C (No Tube, Free Space)",bench_18w,18.5,1.0,CCW,7.83,1200.0,-0.0088,-0.689,0.0221,3.5,4.6,3.45,0.0,1.09,-0.249,0.0029,-0.12,-0.051,0.0001,0.34,-0.006,0.0,1.6,-0.001,0.0,2.49,-0.0,0.0,3.49
open_cage_no_tube_baseline,"Open Triple Mesh 48C (No Tube, Free Space)",bench_18w,18.5,1.0,CCW,25.0,1200.0,-0.0088,-0.689,0.0221,3.5,4.6,3.45,0.0,1.101,-0.249,0.0029,-0.12,-0.051,0.0001,0.34,-0.006,0.0,1.6,-0.001,0.0,2.49,-0.0,0.0,3.49
open_cage_no_tube_baseline,"Open Triple Mesh 48C (No Tube, Free Space)",bench_18w,18.5,1.0,CCW,50.0,1200.0,-0.0089,-0.691,0.0221,3.5,4.6,3.45,0.0,1.115,-0.25,0.0029,-0.12,-0.052,0.0001,0.34,-0.006,0.0,1.6,-0.001,0.0,2.49,-0.0,0.0,3.49
open_cage_no_tube_baseline,"Open Triple Mesh 48C (No Tube, Free Space)",bench_18w,18.5,1.0,CCW,60.0,1200.0,-0.009,-0.696,0.0222,3.5,4.6,3.45,0.0,1.119,-0.252,0.0029,-0.12,-0.052,0.0001,0.34,-0.006,0.0,1.6,-0.001,0.0,2.49,-0.0,0.0,3.49
open_cage_no_tube_baseline,"Open Triple Mesh 48C (No Tube, Free Space)",bench_18w,18.5,1.0,CCW,100.0,1200.0,-0.0117,-0.787,0.023,3.5,4.6,3.45,0.0,1.125,-0.284,0.003,-0.11,-0.058,0.0001,0.34,-0.006,0.0,1.6,-0.002,0.0,2.49,-0.0,0.0,3.49
open_cage_no_tube_baseline,"Open Triple Mesh 48C (No Tube, Free Space)",bench_18w,18.5,1.0,CCW,120.0,1200.0,-0.0128,-0.821,0.0233,3.5,6.2,3.45,0.0,1.121,-0.296,0.003,-0.1,-0.06,0.0001,0.34,-0.007,0.0,1.6,-0.002,0.0,2.49,-0.0,0.0,3.49
open_cage_no_tube_baseline,"Open Triple Mesh 48C (No Tube, Free Space)",bench_18w,18.5,1.0,CCW,150.0,1200.0,-0.0107,-0.755,0.0227,3.5,4.6,3.45,0.0,1.109,-0.273,0.0029,-0.11,-0.056,0.0001,0.34,-0.006,0.0,1.6,-0.002,0.0,2.49,-0.0,0.0,3.49
open_cage_no_tube_baseline,"Open Triple Mesh 48C (No Tube, Free Space)",bench_18w,18.5,1.0,CCW,500.0,1200.0,-0.0088,-0.689,0.0221,3.5,4.6,3.45,0.0,1.12,-0.249,0.0029,-0.12,-0.051,0.0001,0.34,-0.006,0.0,1.6,-0.001,0.0,2.49,-0.0,0.0,3.49
open_cage_no_tube_baseline,"Open Triple Mesh 48C (No Tube, Free Space)",bench_18w,18.5,1.0,CCW,1000.0,1200.0,-0.0088,-0.689,0.0221,3.5,4.6,3.45,0.0,1.052,-0.249,0.0029,-0.12,-0.051,0.0001,0.34,-0.006,0.0,1.6,-0.001,0.0,2.49,-0.0,0.0,3.49
open_cage_no_tube_baseline,"Open Triple Mesh 48C (No Tube, Free Space)",bench_18w,18.5,1.0,CCW,120.0,0.0,-0.0121,-0.799,0.0184,3.5,4.7,3.45,0.0,1.121,-0.288,0.0024,-0.1,-0.059,0.0001,0.34,-0.007,0.0,1.6,-0.002,0.0,2.49,-0.0,0.0,3.49
open_cage_no_tube_baseline,"Open Triple Mesh 48C (No Tube, Free Space)",bench_18w,18.5,1.0,CCW,120.0,600.0,-0.0124,-0.81,0.0208,3.5,5.4,3.45,0.0,1.121,-0.292,0.0027,-0.1,-0.06,0.0001,0.34,-0.007,0.0,1.6,-0.002,0.0,2.49,-0.0,0.0,3.49
open_cage_no_tube_baseline,"Open Triple Mesh 48C (No Tube, Free Space)",bench_18w,18.5,1.0,CCW,120.0,2400.0,-0.0135,-0.843,0.0289,3.5,7.5,3.45,0.0,1.121,-0.304,0.0037,-0.1,-0.062,0.0002,0.34,-0.007,0.0,1.6,-0.002,0.0,2.49,-0.0,0.0,3.49
open_cage_no_tube_baseline,"Open Triple Mesh 48C (No Tube, Free Space)",rated_2kw,2400.0,1.0,CW,7.83,1200.0,1.1448,8.056,-1.3378,-6.33,118.5,28.91,0.0,1.09,2.946,-0.1746,-2.24,0.622,-0.0079,-0.62,0.075,-0.0002,-1.46,0.021,-0.0,-2.38,0.0,-0.0,-3.49
open_cage_no_tube_baseline,"Open Triple Mesh 48C (No Tube, Free Space)",rated_2kw,2400.0,1.0,CW,25.0,1200.0,1.1451,8.057,-1.3379,-6.33,118.5,28.91,0.0,1.101,2.946,-0.1746,-2.24,0.622,-0.0079,-0.62,0.075,-0.0002,-1.46,0.021,-0.0,-2.38,0.0,-0.0,-3.49
open_cage_no_tube_baseline,"Open Triple Mesh 48C (No Tube, Free Space)",rated_2kw,2400.0,1.0,CW,50.0,1200.0,1.1542,8.086,-1.3408,-6.3,118.7,28.91,0.0,1.115,2.956,-0.175,-2.24,0.624,-0.0079,-0.62,0.076,-0.0002,-1.46,0.021,-0.0,-2.38,0.0,-0.0,-3.49
open_cage_no_tube_baseline,"Open Triple Mesh 48C (No Tube, Free Space)",rated_2kw,2400.0,1.0,CW,60.0,1200.0,1.1721,8.143,-1.3465,-6.26,119.1,28.91,0.0,1.119,2.977,-0.1758,-2.22,0.628,-0.0079,-0.62,0.076,-0.0002,-1.46,0.021,-0.0,-2.38,0.0,-0.0,-3.49
open_cage_no_tube_baseline,"Open Triple Mesh 48C (No Tube, Free Space)",rated_2kw,2400.0,1.0,CW,100.0,1200.0,1.5164,9.173,-1.4557,-5.58,125.5,28.91,0.0,1.125,3.341,-0.1898,-1.98,0.699,-0.0085,-0.56,0.083,-0.0002,-1.44,0.022,-0.0,-2.38,0.0,-0.0,-3.49
open_cage_no_tube_baseline,"Open Triple Mesh 48C (No Tube, Free Space)",rated_2kw,2400.0,1.0,CW,120.0,1200.0,1.66,9.567,-1.501,-5.35,127.8,28.91,0.0,1.121,3.48,-0.1957,-1.9,0.726,-0.0087,-0.53,0.085,-0.0002,-1.43,0.022,-0.0,-2.37,0.0,-0.0,-3.49
open_cage_no_tube_baseline,"Open Triple Mesh 48C (No Tube, Free Space)",rated_2kw,2400.0,1.0,CW,150.0,1200.0,1.3919,8.816,-1.4163,-5.8,123.4,28.91,0.0,1.109,3.214,-0.1848,-2.05,0.674,-0.0083,-0.58,0.08,-0.0002,-1.44,0.021,-0.0,-2.38,0.0,-0.0,-3.49
open_cage_no_tube_baseline,"Open Triple Mesh 48C (No Tube, Free Space)",rated_2kw,2400.0,1.0,CW,500.0,1200.0,1.1448,8.055,-1.3378,-6.33,118.5,28.91,0.0,1.12,2.946,-0.1746,-2.24,0.622,-0.0079,-0.62,0.075,-0.0002,-1.46,0.021,-0.0,-2.38,0.0,-0.0,-3.49
open_cage_no_tube_baseline,"Open Triple Mesh 48C (No Tube, Free Space)",rated_2kw,2400.0,1.0,CW,1000.0,1200.0,1.1448,8.055,-1.3378,-6.33,118.5,28.91,0.0,1.052,2.946,-0.1746,-2.24,0.622,-0.0079,-0.62,0.075,-0.0002,-1.46,0.021,-0.0,-2.38,0.0,-0.0,-3.49
open_cage_no_tube_baseline,"Open Triple Mesh 48C (No Tube, Free Space)",rated_2kw,2400.0,1.0,CW,120.0,0.0,1.566,9.311,-1.2421,-5.49,126.3,28.91,0.0,1.121,3.39,-0.1622,-1.95,0.708,-0.0072,-0.55,0.083,-0.0001,-1.43,0.022,-0.0,-2.37,0.0,-0.0,-3.49
open_cage_no_tube_baseline,"Open Triple Mesh 48C (No Tube, Free Space)",rated_2kw,2400.0,1.0,CW,120.0,600.0,1.613,9.44,-1.3675,-5.42,127.1,28.91,0.0,1.121,3.435,-0.1784,-1.92,0.717,-0.008,-0.54,0.084,-0.0001,-1.43,0.022,-0.0,-2.37,0.0,-0.0,-3.49
open_cage_no_tube_baseline,"Open Triple Mesh 48C (No Tube, Free Space)",rated_2kw,2400.0,1.0,CW,120.0,2400.0,1.7539,9.816,-1.7918,-5.22,129.2,28.91,0.0,1.121,3.568,-0.2332,-1.85,0.743,-0.0104,-0.52,0.087,-0.0002,-1.42,0.023,-0.0,-2.37,0.0,-0.0,-3.49
open_cage_no_tube_baseline,"Open Triple Mesh 48C (No Tube, Free Space)",rated_2kw,2400.0,1.0,CCW,7.83,1200.0,-1.1448,-7.6,1.2941,-6.71,118.5,28.91,0.0,1.09,-2.716,0.1667,-2.45,-0.542,0.0073,-0.34,-0.056,0.0001,1.38,-0.012,0.0,2.39,-0.0,0.0,3.49
open_cage_no_tube_baseline,"Open Triple Mesh 48C (No Tube, Free Space)",rated_2kw,2400.0,1.0,CCW,25.0,1200.0,-1.1451,-7.601,1.2942,-6.71,118.5,28.91,0.0,1.101,-2.717,0.1667,-2.45,-0.542,0.0073,-0.34,-0.056,0.0001,1.38,-0.012,0.0,2.39,-0.0,0.0,3.49
open_cage_no_tube_baseline,"Open Triple Mesh 48C (No Tube, Free Space)",rated_2kw,2400.0,1.0,CCW,50.0,1200.0,-1.1542,-7.631,1.297,-6.68,118.7,28.91,0.0,1.115,-2.727,0.167,-2.44,-0.544,0.0073,-0.33,-0.056,0.0001,1.38,-0.012,0.0,2.39,-0.0,0.0,3.49
open_cage_no_tube_baseline,"Open Triple Mesh 48C (No Tube, Free Space)",rated_2kw,2400.0,1.0,CCW,60.0,1200.0,-1.1721,-7.688,1.3023,-6.63,119.1,28.91,0.0,1.119,-2.747,0.1677,-2.42,-0.548,0.0074,-0.33,-0.056,0.0001,1.38,-0.012,0.0,2.39,-0.0,0.0,3.49
open_cage_no_tube_baseline,"Open Triple Mesh 48C (No Tube, Free Space)",rated_2kw,2400.0,1.0,CCW,100.0,1200.0,-1.5164,-8.718,1.4058,-5.87,125.5,28.91,0.0,1.125,-3.112,0.1808,-2.14,-0.619,0.0079,-0.29,-0.063,0.0001,1.37,-0.014,0.0,2.39,-0.0,0.0,3.49
open_cage_no_tube_baseline,"Open Triple Mesh 48C (No Tube, Free Space)",rated_2kw,2400.0,1.0,CCW,120.0,1200.0,-1.66,-9.112,1.4489,-5.63,127.8,28.91,0.0,1.121,-3.251,0.1862,-2.05,-0.646,0.0081,-0.28,-0.065,0.0001,1.36,-0.014,0.0,2.39,-0.0,0.0,3.49
open_cage_no_tube_baseline,"Open Triple Mesh 48C (No Tube, Free Space)",rated_2kw,2400.0,1.0,CCW,150.0,1200.0,-1.3919,-8.36,1.3684,-6.12,123.4,28.91,0.0,1.109,-2.985,0.1761,-2.23,-0.594,0.0077,-0.3,-0.06,0.0001,1.37,-0.013,0.0,2.39,-0.0,0.0,3.49
open_cage_no_tube_baseline,"Open Triple Mesh 48C (No Tube, Free Space)",rated_2kw,2400.0,1.0,CCW,500.0,1200.0,-1.1448,-7.6,1.2941,-6.71,118.5,28.91,0.0,1.12,-2.716,0.1667,-2.45,-0.542,0.0073,-0.34,-0.056,0.0001,1.38,-0.012,0.0,2.39,-0.0,0.0,3.49
open_cage_no_tube_baseline,"Open Triple Mesh 48C (No Tube, Free Space)",rated_2kw,2400.0,1.0,CCW,1000.0,1200.0,-1.1448,-7.6,1.2941,-6.71,118.5,28.91,0.0,1.052,-2.716,0.1667,-2.45,-0.542,0.0073,-0.34,-0.056,0.0001,1.38,-0.012,0.0,2.39,-0.0,0.0,3.49
open_cage_no_tube_baseline,"Open Triple Mesh 48C (No Tube, Free Space)",rated_2kw,2400.0,1.0,CCW,120.0,0.0,-1.566,-8.856,1.1914,-5.78,126.3,28.91,0.0,1.121,-3.16,0.153,-2.11,-0.628,0.0066,-0.29,-0.063,0.0001,1.37,-0.014,0.0,2.39,-0.0,0.0,3.49
open_cage_no_tube_baseline,"Open Triple Mesh 48C (No Tube, Free Space)",rated_2kw,2400.0,1.0,CCW,120.0,600.0,-1.613,-8.985,1.3161,-5.7,127.1,28.91,0.0,1.121,-3.206,0.1691,-2.08,-0.637,0.0073,-0.28,-0.064,0.0001,1.37,-0.014,0.0,2.39,-0.0,0.0,3.49
open_cage_no_tube_baseline,"Open Triple Mesh 48C (No Tube, Free Space)",rated_2kw,2400.0,1.0,CCW,120.0,2400.0,-1.7539,-9.361,1.7383,-5.48,129.2,28.91,0.0,1.121,-3.339,0.2235,-2.0,-0.663,0.0097,-0.27,-0.067,0.0002,1.36,-0.014,0.0,2.39,-0.0,0.0,3.49
open_cage_no_tube_baseline,"Open Triple Mesh 48C (No Tube, Free Space)",field_50kw,50000.0,5.0,CW,7.83,1200.0,23.8504,13.676,-2.6529,-11.29,434.7,129.81,0.0,1.09,8.265,-0.9663,-6.7,2.583,-0.096,-1.79,0.47,-0.0039,0.1,0.181,-0.0007,-0.06,0.012,-0.0,-2.15
open_cage_no_tube_baseline,"Open Triple Mesh 48C (No Tube, Free Space)",field_50kw,50000.0,5.0,CW,25.0,1200.0,23.8568,13.678,-2.6531,-11.29,434.8,129.81,0.0,1.101,8.266,-0.9664,-6.7,2.584,-0.096,-1.79,0.47,-0.0039,0.1,0.181,-0.0007,-0.06,0.012,-0.0,-2.15
open_cage_no_tube_baseline,"Open Triple Mesh 48C (No Tube, Free Space)",field_50kw,50000.0,5.0,CW,50.0,1200.0,24.0466,13.728,-2.6616,-11.25,435.2,129.81,0.0,1.115,8.297,-0.9695,-6.67,2.593,-0.0963,-1.78,0.471,-0.0039,0.11,0.181,-0.0007,-0.06,0.012,-0.0,-2.15
open_cage_no_tube_baseline,"Open Triple Mesh 48C (No Tube, Free Space)",field_50kw,50000.0,5.0,CW,60.0,1200.0,24.4181,13.827,-2.6783,-11.17,436.1,129.81,0.0,1.119,8.355,-0.9754,-6.63,2.61,-0.0969,-1.77,0.474,-0.0039,0.11,0.182,-0.0008,-0.05,0.012,-0.0,-2.15
open_cage_no_tube_baseline,"Open Triple Mesh 48C (No Tube, Free Space)",field_50kw,50000.0,5.0,CW,100.0,1200.0,31.5927,15.599,-2.9977,-9.9,450.5,129.81,0.0,1.125,9.412,-1.0905,-5.87,2.927,-0.1076,-1.52,0.524,-0.0042,0.23,0.199,-0.0008,0.04,0.012,-0.0,-2.14
open_cage_no_tube_baseline,"Open Triple Mesh 48C (No Tube, Free Space)",field_50kw,50000.0,5.0,CW,120.0,1200.0,34.5825,16.278,-3.1301,-9.49,455.5,129.81,0.0,1.121,9.817,-1.1381,-5.63,3.048,-0.1121,-1.44,0.544,-0.0043,0.27,0.205,-0.0008,0.08,0.012,-0.0,-2.14
open_cage_no_tube_baseline,"Open Triple Mesh 48C (No Tube, Free Space)",field_50kw,50000.0,5.0,CW,150.0,1200.0,28.9979,14.984,-2.8825,-10.31,445.7,129.81,0.0,1.109,9.045,-1.049,-6.11,2.817,-0.1038,-1.6,0.507,-0.0041,0.19,0.193,-0.0008,0.01,0.012,-0.0,-2.14
open_cage_no_tube_baseline,"Open Triple Mesh 48C (No Tube, Free Space)",field_50kw,50000.0,5.0,CW,500.0,1200.0,23.85,13.676,-2.6528,-11.29,434.7,129.81,0.0,1.12,8.265,-0.9663,-6.7,2.583,-0.096,-1.79,0.47,-0.0039,0.1,0.181,-0.0007,-0.06,0.012,-0.0,-2.15
open_cage_no_tube_baseline,"Open Triple Mesh 48C (No Tube, Free Space)",field_50kw,50000.0,5.0,CW,1000.0,1200.0,23.85,13.676,-2.6528,-11.29,434.7,129.81,0.0,1.052,8.265,-0.9663,-6.7,2.583,-0.096,-1.79,0.47,-0.0039,0.1,0.181,-0.0007,-0.06,0.012,-0.0,-2.15
open_cage_no_tube_baseline,"Open Triple Mesh 48C (No Tube, Free Space)",field_50kw,50000.0,5.0,CW,120.0,0.0,32.625,15.837,-2.6759,-9.75,452.3,129.81,0.0,1.121,9.554,-0.9733,-5.78,2.969,-0.0957,-1.49,0.531,-0.0036,0.25,0.201,-0.0007,0.05,0.012,-0.0,-2.14
open_cage_no_tube_baseline,"Open Triple Mesh 48C (No Tube, Free Space)",field_50kw,50000.0,5.0,CW,120.0,600.0,33.6037,16.059,-2.8966,-9.62,453.9,129.81,0.0,1.121,9.686,-1.0534,-5.7,3.009,-0.1036,-1.47,0.537,-0.004,0.26,0.203,-0.0007,0.06,0.012,-0.0,-2.14
open_cage_no_tube_baseline,"Open Triple Mesh 48C (No Tube, Free Space)",field_50kw,50000.0,5.0,CW,120.0,2400.0,36.54,16.706,-3.6355,-9.24,458.6,129.81,0.0,1.121,10.072,-1.3215,-5.48,3.124,-0.1303,-1.39,0.556,-0.0051,0.3,0.209,-0.001,0.1,0.012,-0.0,-2.14
open_cage_no_tube_baseline,"Open Triple Mesh 48C (No Tube, Free Space)",field_50kw,50000.0,5.0,CCW,7.83,1200.0,-23.8504,-13.023,2.546,-11.91,434.7,129.81,0.0,1.09,-7.8,0.9205,-7.3,-2.368,0.0895,-2.72,-0.394,0.0035,-1.09,-0.137,0.0007,-0.34,-0.004,0.0,2.3
open_cage_no_tube_baseline,"Open Triple Mesh 48C (No Tube, Free Space)",field_50kw,50000.0,5.0,CCW,25.0,1200.0,-23.8568,-13.025,2.5463,-11.91,434.8,129.81,0.0,1.101,-7.801,0.9206,-7.3,-2.368,0.0895,-2.72,-0.395,0.0035,-1.09,-0.137,0.0007,-0.34,-0.004,0.0,2.3
open_cage_no_tube_baseline,"Open Triple Mesh 48C (No Tube, Free Space)",field_50kw,50000.0,5.0,CCW,50.0,1200.0,-24.0466,-13.075,2.5544,-11.86,435.2,129.81,0.0,1.115,-7.831,0.9234,-7.27,-2.377,0.0898,-2.71,-0.396,0.0035,-1.09,-0.137,0.0007,-0.34,-0.004,0.0,2.3
open_cage_no_tube_baseline,"Open Triple Mesh 48C (No Tube, Free Space)",field_50kw,50000.0,5.0,CCW,60.0,1200.0,-24.4181,-13.174,2.5702,-11.77,436.1,129.81,0.0,1.119,-7.89,0.9291,-7.22,-2.395,0.0903,-2.7,-0.399,0.0035,-1.09,-0.138,0.0007,-0.35,-0.004,0.0,2.3
open_cage_no_tube_baseline,"Open Triple Mesh 48C (No Tube, Free Space)",field_50kw,50000.0,5.0,CCW,100.0,1200.0,-31.5927,-14.946,2.8755,-10.38,450.5,129.81,0.0,1.125,-8.947,1.0381,-6.38,-2.711,0.1002,-2.44,-0.449,0.0037,-1.1,-0.155,0.0007,-0.39,-0.004,0.0,2.3
open_cage_no_tube_baseline,"Open Triple Mesh 48C (No Tube, Free Space)",field_50kw,50000.0,5.0,CCW,120.0,1200.0,-34.5825,-15.624,3.0025,-9.94,455.5,129.81,0.0,1.121,-9.351,1.0834,-6.11,-2.832,0.1043,-2.36,-0.468,0.0038,-1.11,-0.161,0.0007,-0.41,-0.004,0.0,2.3
open_cage_no_tube_baseline,"Open Triple Mesh 48C (No Tube, Free Space)",field_50kw,50000.0,5.0,CCW,150.0,1200.0,-28.9979,-14.331,2.7652,-10.83,445.7,129.81,0.0,1.109,-8.58,0.9987,-6.64,-2.601,0.0966,-2.52,-0.432,0.0036,-1.1,-0.149,0.0007,-0.37,-0.004,0.0,2.3
open_cage_no_tube_baseline,"Open Triple Mesh 48C (No Tube, Free Space)",field_50kw,50000.0,5.0,CCW,500.0,1200.0,-23.85,-13.023,2.546,-11.91,434.7,129.81,0.0,1.12,-7.8,0.9205,-7.3,-2.368,0.0895,-2.72,-0.394,0.0035,-1.09,-0.137,0.0007,-0.34,-0.004,0.0,2.3
open_cage_no_tube_baseline,"Open Triple Mesh 48C (No Tube, Free Space)",field_50kw,50000.0,5.0,CCW,1000.0,1200.0,-23.85,-13.023,2.546,-11.91,434.7,129.81,0.0,1.052,-7.8,0.9205,-7.3,-2.368,0.0895,-2.72,-0.394,0.0035,-1.09,-0.137,0.0007,-0.34,-0.004,0.0,2.3
open_cage_no_tube_baseline,"Open Triple Mesh 48C (No Tube, Free Space)",field_50kw,50000.0,5.0,CCW,120.0,0.0,-32.625,-15.184,2.5518,-10.22,452.3,129.81,0.0,1.121,-9.088,0.9202,-6.28,-2.753,0.0881,-2.41,-0.456,0.0032,-1.11,-0.157,0.0006,-0.39,-0.004,0.0,2.3
open_cage_no_tube_baseline,"Open Triple Mesh 48C (No Tube, Free Space)",field_50kw,50000.0,5.0,CCW,120.0,600.0,-33.6037,-15.406,2.7708,-10.08,453.9,129.81,0.0,1.121,-9.221,0.9995,-6.19,-2.793,0.096,-2.38,-0.462,0.0035,-1.11,-0.159,0.0006,-0.4,-0.004,0.0,2.3
open_cage_no_tube_baseline,"Open Triple Mesh 48C (No Tube, Free Space)",field_50kw,50000.0,5.0,CCW,120.0,2400.0,-36.54,-16.053,3.5045,-9.67,458.6,129.81,0.0,1.121,-9.607,1.2653,-5.95,-2.909,0.1223,-2.31,-0.481,0.0046,-1.12,-0.165,0.0009,-0.42,-0.004,0.0,2.3
open_cage_no_tube_baseline,"Open Triple Mesh 48C (No Tube, Free Space)",megawatt_2mw,2400000.0,20.0,CW,7.83,1200.0,1144.8178,27.97,-7.7758,-23.81,1302.3,897.43,0.0,1.09,23.322,-5.4164,-19.84,12.206,-1.503,-10.2,3.233,-0.1155,-1.16,1.464,-0.0272,1.51,0.118,-0.0005,1.74
open_cage_no_tube_baseline,"Open Triple Mesh 48C (No Tube, Free Space)",megawatt_2mw,2400000.0,20.0,CW,25.0,1200.0,1145.1253,27.974,-7.777,-23.8,1302.3,897.43,0.0,1.101,23.325,-5.4172,-19.84,12.207,-1.5032,-10.2,3.233,-0.1155,-1.16,1.464,-0.0272,1.51,0.118,-0.0005,1.74
open_cage_no_tube_baseline,"Open Triple Mesh 48C (No Tube, Free Space)",megawatt_2mw,2400000.0,20.0,CW,50.0,1200.0,1154.2355,28.079,-7.8131,-23.71,1303.2,897.43,0.0,1.115,23.412,-5.4422,-19.76,12.252,-1.5099,-10.16,3.244,-0.116,-1.15,1.469,-0.0273,1.53,0.118,-0.0005,1.74
open_cage_no_tube_baseline,"Open Triple Mesh 48C (No Tube, Free Space)",megawatt_2mw,2400000.0,20.0,CW,60.0,1200.0,1172.0677,28.283,-7.8837,-23.54,1304.9,897.43,0.0,1.119,23.582,-5.4911,-19.62,12.339,-1.5231,-10.08,3.266,-0.1168,-1.12,1.478,-0.0274,1.55,0.119,-0.0005,1.75
open_cage_no_tube_baseline,"Open Triple Mesh 48C (No Tube, Free Space)",megawatt_2mw,2400000.0,20.0,CW,100.0,1200.0,1516.4479,31.962,-9.2413,-20.83,1333.7,897.43,0.0,1.125,26.639,-6.4313,-17.35,13.914,-1.7764,-8.87,3.662,-0.1336,-0.68,1.647,-0.0307,1.92,0.125,-0.0005,1.94
open_cage_no_tube_baseline,"Open Triple Mesh 48C (No Tube, Free Space)",megawatt_2mw,2400000.0,20.0,CW,120.0,1200.0,1659.96,33.37,-9.8048,-19.95,1343.8,897.43,0.0,1.121,27.809,-6.8214,-16.62,14.517,-1.8813,-8.48,3.813,-0.1406,-0.54,1.711,-0.032,2.05,0.127,-0.0005,2.0
open_cage_no_tube_baseline,"Open Triple Mesh 48C (No Tube, Free Space)",megawatt_2mw,2400000.0,20.0,CW,150.0,1200.0,1391.8977,30.685,-8.7513,-21.7,1324.2,897.43,0.0,1.109,25.578,-6.092,-18.08,13.368,-1.685,-9.26,3.524,-0.1276,-0.82,1.588,-0.0295,1.8,0.123,-0.0005,1.87
open_cage_no_tube_baseline,"Open Triple Mesh 48C (No Tube, Free Space)",megawatt_2mw,2400000.0,20.0,CW,500.0,1200.0,1144.8,27.97,-7.7758,-23.81,1302.3,897.43,0.0,1.12,23.322,-5.4163,-19.84,12.205,-1.503,-10.2,3.233,-0.1155,-1.16,1.464,-0.0272,1.51,0.118,-0.0005,1.74
open_cage_no_tube_baseline,"Open Triple Mesh 48C (No Tube, Free Space)",megawatt_2mw,2400000.0,20.0,CW,1000.0,1200.0,1144.8,27.97,-7.7758,-23.81,1302.3,897.43,0.0,1.052,23.322,-5.4163,-19.84,12.205,-1.503,-10.2,3.233,-0.1155,-1.16,1.464,-0.0272,1.51,0.118,-0.0005,1.74
open_cage_no_tube_baseline,"Open Triple Mesh 48C (No Tube, Free Space)",megawatt_2mw,2400000.0,20.0,CW,120.0,0.0,1566.0,32.456,-8.7083,-20.51,1337.3,897.43,0.0,1.121,27.049,-6.0577,-17.09,14.126,-1.6686,-8.73,3.715,-0.1235,-0.63,1.669,-0.0277,1.97,0.125,-0.0004,1.96
open_cage_no_tube_baseline,"Open Triple Mesh 48C (No Tube, Free Space)",megawatt_2mw,2400000.0,20.0,CW,120.0,600.0,1612.98,32.916,-9.2439,-20.22,1340.6,897.43,0.0,1.121,27.432,-6.4308,-16.85,14.323,-1.7725,-8.6,3.764,-0.1318,-0.59,1.69,-0.0298,2.01,0.126,-0.0005,1.98
open_cage_no_tube_baseline,"Open Triple Mesh 48C (No Tube, Free Space)",megawatt_2mw,2400000.0,20.0,CW,120.0,2400.0,1753.92,34.259,-11.0023,-19.43,1350.0,897.43,0.0,1.121,28.547,-7.6557,-16.19,14.898,-2.114,-8.25,3.909,-0.1594,-0.46,1.752,-0.0368,2.12,0.128,-0.0007,2.05
open_cage_no_tube_baseline,"Open Triple Mesh 48C (No Tube, Free Space)",megawatt_2mw,2400000.0,20.0,CCW,7.83,1200.0,-1144.8178,-26.908,7.4189,-24.81,1302.3,897.43,0.0,1.09,-22.38,5.1527,-20.92,-11.588,1.4129,-11.9,-2.96,0.1052,-6.08,-1.288,0.0242,-5.71,-0.065,0.0005,-2.26
open_cage_no_tube_baseline,"Open Triple Mesh 48C (No Tube, Free Space)",megawatt_2mw,2400000.0,20.0,CCW,25.0,1200.0,-1145.1253,-26.912,7.4201,-24.8,1302.3,897.43,0.0,1.101,-22.383,5.1535,-20.91,-11.589,1.4131,-11.9,-2.96,0.1052,-6.08,-1.288,0.0242,-5.71,-0.065,0.0005,-2.26
open_cage_no_tube_baseline,"Open Triple Mesh 48C (No Tube, Free Space)",megawatt_2mw,2400000.0,20.0,CCW,50.0,1200.0,-1154.2355,-27.017,7.4548,-24.71,1303.2,897.43,0.0,1.115,-22.47,5.1774,-20.83,-11.634,1.4195,-11.86,-2.972,0.1056,-6.07,-1.293,0.0243,-5.71,-0.066,0.0005,-2.27
open_cage_no_tube_baseline,"Open Triple Mesh 48C (No Tube, Free Space)",megawatt_2mw,2400000.0,20.0,CCW,60.0,1200.0,-1172.0677,-27.221,7.5227,-24.52,1304.9,897.43,0.0,1.119,-22.64,5.2244,-20.68,-11.721,1.432,-11.78,-2.994,0.1064,-6.05,-1.302,0.0244,-5.7,-0.066,0.0005,-2.27
open_cage_no_tube_baseline,"Open Triple Mesh 48C (No Tube, Free Space)",megawatt_2mw,2400000.0,20.0,CCW,100.0,1200.0,-1516.4479,-30.9,8.8325,-21.6,1333.7,897.43,0.0,1.125,-25.697,6.1293,-18.23,-13.296,1.6734,-10.45,-3.389,0.1219,-5.68,-1.471,0.0273,-5.63,-0.072,0.0005,-2.33
open_cage_no_tube_baseline,"Open Triple Mesh 48C (No Tube, Free Space)",megawatt_2mw,2400000.0,20.0,CCW,120.0,1200.0,-1659.96,-32.308,9.3776,-20.66,1343.8,897.43,0.0,1.121,-26.867,6.506,-17.44,-13.899,1.7738,-10.03,-3.54,0.1283,-5.56,-1.536,0.0285,-5.61,-0.074,0.0005,-2.36
open_cage_no_tube_baseline,"Open Triple Mesh 48C (No Tube, Free Space)",megawatt_2mw,2400000.0,20.0,CCW,150.0,1200.0,-1391.8977,-29.623,8.3591,-22.53,1324.2,897.43,0.0,1.109,-24.636,5.8023,-19.01,-12.75,1.5862,-10.88,-3.252,0.1163,-5.79,-1.412,0.0263,-5.65,-0.07,0.0005,-2.31
open_cage_no_tube_baseline,"Open Triple Mesh 48C (No Tube, Free Space)",megawatt_2mw,2400000.0,20.0,CCW,500.0,1200.0,-1144.8,-26.908,7.4188,-24.81,1302.3,897.43,0.0,1.12,-22.38,5.1526,-20.92,-11.587,1.4129,-11.9,-2.96,0.1052,-6.08,-1.288,0.0242,-5.71,-0.065,0.0005,-2.26
open_cage_no_tube_baseline,"Open Triple Mesh 48C (No Tube, Free Space)",megawatt_2mw,2400000.0,20.0,CCW,1000.0,1200.0,-1144.8,-26.908,7.4188,-24.81,1302.3,897.43,0.0,1.052,-22.38,5.1526,-20.92,-11.587,1.4129,-11.9,-2.96,0.1052,-6.08,-1.288,0.0242,-5.71,-0.065,0.0005,-2.26
open_cage_no_tube_baseline,"Open Triple Mesh 48C (No Tube, Free Space)",megawatt_2mw,2400000.0,20.0,CCW,120.0,0.0,-1566.0,-31.394,8.2931,-21.27,1337.3,897.43,0.0,1.121,-26.107,5.751,-17.95,-13.508,1.564,-10.3,-3.442,0.1115,-5.64,-1.494,0.0243,-5.62,-0.073,0.0004,-2.34
open_cage_no_tube_baseline,"Open Triple Mesh 48C (No Tube, Free Space)",megawatt_2mw,2400000.0,20.0,CCW,120.0,600.0,-1612.98,-31.854,8.8227,-20.96,1340.6,897.43,0.0,1.121,-26.49,6.1196,-17.69,-13.705,1.6664,-10.16,-3.492,0.1197,-5.6,-1.515,0.0263,-5.61,-0.073,0.0004,-2.35
open_cage_no_tube_baseline,"Open Triple Mesh 48C (No Tube, Free Space)",megawatt_2mw,2400000.0,20.0,CCW,120.0,2400.0,-1753.92,-33.198,10.5636,-20.11,1350.0,897.43,0.0,1.121,-27.605,7.3317,-16.98,-14.28,2.0035,-9.78,-3.636,0.1468,-5.49,-1.576,0.0332,-5.6,-0.076,0.0006,-2.38
