power_tier_id,power_tier_name,power_w,scale,config_id,config_name,kinematic_id,kinematic_name,rpm,frequency_hz,b_pk_tesla,b_apex_tesla,u_em_j_m3,rho_eff_kg_m3,u_tot_joule,s_poynting_w_m2,s_phi_w_m2,j_z_em_j_s,b_gravitomagnetic_s1,omega_lense_thirring_rad_s,metric_h_0_phi,metric_h_00,kretschmann_m4,hgw_radiated_power_w,hgw_strain_1m,p_peek_w,gauss_res_pct
bench_18w,Benchtop Lab (18.5 W),18.5,1.0,toroid_24c_pairwise,Toroidal 24C (Pisano Pairwise 180°),cw_1200,CW (+1200 RPM),1200.0,7.83,0.027790778867718993,0.027790778867718993,307.29930453903046,3.419165884205902e-15,0.1597956383602958,529.1408031247619,521.2036910778904,1.0554495152895651e-19,4.068049598970883e-59,-2.0340247994854413e-59,-8.536994119789768e-52,7.544835656150996e-44,2.0622344551984336e-76,1.424338907207189e-82,8.537325658298123e-61,0.0,1.118815753504808
bench_18w,Benchtop Lab (18.5 W),18.5,1.0,toroid_24c_pairwise,Toroidal 24C (Pisano Pairwise 180°),cw_1200,CW (+1200 RPM),1200.0,25.0,0.028436291983142303,0.028436291983142303,321.7407501997981,3.579848637445386e-15,0.167305190103895,1768.8621600792694,1742.3292276780803,3.528256937368571e-19,1.3599062779606883e-58,-6.799531389803441e-59,-2.8538275200362627e-51,7.899403117054209e-44,2.2606171817072476e-76,1.6541382441638302e-79,9.112191410853744e-60,0.0,1.1244898461935557
bench_18w,Benchtop Lab (18.5 W),18.5,1.0,toroid_24c_pairwise,Toroidal 24C (Pisano Pairwise 180°),cw_1200,CW (+1200 RPM),1200.0,50.0,0.029244325163384443,0.029244325163384443,340.285425484952,3.786185977400613e-15,0.17694842125217503,3741.6336748952026,3685.5091697717744,7.463241211485496e-19,2.876578649910789e-58,-1.4382893249553945e-58,-6.036636088609539e-51,8.354713380554659e-44,2.5287248763875997e-76,1.1842034816611579e-77,3.854962020716563e-59,0.0,1.1209847214410396
bench_18w,Benchtop Lab (18.5 W),18.5,1.0,toroid_24c_pairwise,Toroidal 24C (Pisano Pairwise 180°),cw_1200,CW (+1200 RPM),1200.0,100.0,0.030209507015429897,0.030209507015429897,363.11769806967936,4.0402292711128965e-15,0.18882120299623326,7985.375248508947,7865.594619781313,1.5928010816162385e-18,6.1391792856445966e-58,-3.0695896428222983e-58,-1.2883357537022544e-50,8.915293055691316e-44,2.8794511629824094e-76,8.630072490538518e-76,1.6454480036736567e-58,0.0,1.1054107572533687
bench_18w,Benchtop Lab (18.5 W),18.5,1.0,toroid_24c_pairwise,Toroidal 24C (Pisano Pairwise 180°),cw_1200,CW (+1200 RPM),1200.0,120.0,0.034845,0.034845,483.10449463133506,5.3752624303131e-15,0.2512143372082942,12748.8272625,12557.594853562501,2.5429419684241206e-18,9.801334791475884e-58,-4.900667395737942e-58,-2.0568563741722311e-50,1.1861217916548706e-43,5.0967935200044423e-76,4.561306362563243e-75,3.1523927252652957e-58,0.0,1.1122058450180108
bench_18w,Benchtop Lab (18.5 W),18.5,1.0,toroid_24c_pairwise,Toroidal 24C (Pisano Pairwise 180°),cw_1200,CW (+1200 RPM),1200.0,200.0,0.02894258726624546,0.02894258726624546,333.2996389216272,3.708458619287993e-15,0.17331581223924614,14659.28375912409,14439.394502737228,2.9240107447188614e-18,1.1270099199559242e-57,-5.635049599779621e-58,-2.3650835186577886e-50,8.183197823016067e-44,2.4259652195609788e-76,4.653388056388156e-74,6.0413163930500935e-58,0.0,1.1095597888911064
bench_18w,Benchtop Lab (18.5 W),18.5,1.0,toroid_24c_pairwise,Toroidal 24C (Pisano Pairwise 180°),cw_1200,CW (+1200 RPM),1200.0,500.0,0.01702892266708367,0.01702892266708367,115.3810499867797,1.2837873173531579e-15,0.05999814599312544,12686.809065066323,12496.506929090328,2.530571522593075e-18,9.753655024255307e-58,-4.8768275121276534e-58,-2.0468505499438839e-50,2.8328442242661463e-44,2.9072598957703402e-77,1.3614716740491235e-72,1.3071073055084583e-57,0.0,1.1136764824990222
bench_18w,Benchtop Lab (18.5 W),18.5,1.0,toroid_24c_pairwise,Toroidal 24C (Pisano Pairwise 180°),cw_1200,CW (+1200 RPM),1200.0,1000.0,0.00853064340959172,0.00853064340959172,28.95500984926221,3.2216793331814677e-16,0.015056605121616348,6367.539235890931,6272.026147352567,1.2700997844847303e-18,4.895382340962638e-58,-2.447691170481319e-58,-1.0273190933928884e-50,7.109055813276983e-45,1.8308902749530459e-78,5.487405377176492e-72,1.3120804468108594e-57,0.0,1.1123762514629607
bench_18w,Benchtop Lab (18.5 W),18.5,1.0,toroid_24c_pairwise,Toroidal 24C (Pisano Pairwise 180°),ccw_1200,CCW (-1200 RPM),-1200.0,7.83,0.027790778867718993,0.027790778867718993,307.29930453903046,3.419165884205902e-15,0.1597956383602958,529.1408031247619,-521.2036910778904,-1.0554495152895651e-19,-4.068049598970883e-59,2.0340247994854413e-59,8.536994119789768e-52,7.544835656150996e-44,2.0622344551984336e-76,1.424338907207189e-82,8.537325658298123e-61,0.0,1.118815753504808
bench_18w,Benchtop Lab (18.5 W),18.5,1.0,toroid_24c_pairwise,Toroidal 24C (Pisano Pairwise 180°),ccw_1200,CCW (-1200 RPM),-1200.0,25.0,0.028436291983142303,0.028436291983142303,321.7407501997981,3.579848637445386e-15,0.167305190103895,1768.8621600792694,-1742.3292276780803,-3.528256937368571e-19,-1.3599062779606883e-58,6.799531389803441e-59,2.8538275200362627e-51,7.899403117054209e-44,2.2606171817072476e-76,1.6541382441638302e-79,9.112191410853744e-60,0.0,1.1244898461935557
bench_18w,Benchtop Lab (18.5 W),18.5,1.0,toroid_24c_pairwise,Toroidal 24C (Pisano Pairwise 180°),ccw_1200,CCW (-1200 RPM),-1200.0,50.0,0.029244325163384443,0.029244325163384443,340.285425484952,3.786185977400613e-15,0.17694842125217503,3741.6336748952026,-3685.5091697717744,-7.463241211485496e-19,-2.876578649910789e-58,1.4382893249553945e-58,6.036636088609539e-51,8.354713380554659e-44,2.5287248763875997e-76,1.1842034816611579e-77,3.854962020716563e-59,0.0,1.1209847214410396
bench_18w,Benchtop Lab (18.5 W),18.5,1.0,toroid_24c_pairwise,Toroidal 24C (Pisano Pairwise 180°),ccw_1200,CCW (-1200 RPM),-1200.0,100.0,0.030209507015429897,0.030209507015429897,363.11769806967936,4.0402292711128965e-15,0.18882120299623326,7985.375248508947,-7865.594619781313,-1.5928010816162385e-18,-6.1391792856445966e-58,3.0695896428222983e-58,1.2883357537022544e-50,8.915293055691316e-44,2.8794511629824094e-76,8.630072490538518e-76,1.6454480036736567e-58,0.0,1.1054107572533687
bench_18w,Benchtop Lab (18.5 W),18.5,1.0,toroid_24c_pairwise,Toroidal 24C (Pisano Pairwise 180°),ccw_1200,CCW (-1200 RPM),-1200.0,120.0,0.034845,0.034845,483.10449463133506,5.3752624303131e-15,0.2512143372082942,12748.8272625,-12557.594853562501,-2.5429419684241206e-18,-9.801334791475884e-58,4.900667395737942e-58,2.0568563741722311e-50,1.1861217916548706e-43,5.0967935200044423e-76,4.561306362563243e-75,3.1523927252652957e-58,0.0,1.1122058450180108
bench_18w,Benchtop Lab (18.5 W),18.5,1.0,toroid_24c_pairwise,Toroidal 24C (Pisano Pairwise 180°),ccw_1200,CCW (-1200 RPM),-1200.0,200.0,0.02894258726624546,0.02894258726624546,333.2996389216272,3.708458619287993e-15,0.17331581223924614,14659.28375912409,-14439.394502737228,-2.9240107447188614e-18,-1.1270099199559242e-57,5.635049599779621e-58,2.3650835186577886e-50,8.183197823016067e-44,2.4259652195609788e-76,4.653388056388156e-74,6.0413163930500935e-58,0.0,1.1095597888911064
bench_18w,Benchtop Lab (18.5 W),18.5,1.0,toroid_24c_pairwise,Toroidal 24C (Pisano Pairwise 180°),ccw_1200,CCW (-1200 RPM),-1200.0,500.0,0.01702892266708367,0.01702892266708367,115.3810499867797,1.2837873173531579e-15,0.05999814599312544,12686.809065066323,-12496.506929090328,-2.530571522593075e-18,-9.753655024255307e-58,4.8768275121276534e-58,2.0468505499438839e-50,2.8328442242661463e-44,2.9072598957703402e-77,1.3614716740491235e-72,1.3071073055084583e-57,0.0,1.1136764824990222
bench_18w,Benchtop Lab (18.5 W),18.5,1.0,toroid_24c_pairwise,Toroidal 24C (Pisano Pairwise 180°),ccw_1200,CCW (-1200 RPM),-1200.0,1000.0,0.00853064340959172,0.00853064340959172,28.95500984926221,3.2216793331814677e-16,0.015056605121616348,6367.539235890931,-6272.026147352567,-1.2700997844847303e-18,-4.895382340962638e-58,2.447691170481319e-58,1.0273190933928884e-50,7.109055813276983e-45,1.8308902749530459e-78,5.487405377176492e-72,1.3120804468108594e-57,0.0,1.1123762514629607
bench_18w,Benchtop Lab (18.5 W),18.5,1.0,toroid_24c_pairwise,Toroidal 24C (Pisano Pairwise 180°),static_0,Static (0 RPM),0.0,7.83,0.027790778867718993,0.027790778867718993,307.29930453903046,3.419165884205902e-15,0.1597956383602958,529.1408031247619,521.2036910778904,1.0554495152895651e-19,4.068049598970883e-59,-2.0340247994854413e-59,-8.536994119789768e-52,7.544835656150996e-44,2.0622344551984336e-76,1.424338907207189e-82,8.537325658298123e-61,0.0,1.118815753504808
bench_18w,Benchtop Lab (18.5 W),18.5,1.0,toroid_24c_pairwise,Toroidal 24C (Pisano Pairwise 180°),static_0,Static (0 RPM),0.0,25.0,0.028436291983142303,0.028436291983142303,321.7407501997981,3.579848637445386e-15,0.167305190103895,1768.8621600792694,1742.3292276780803,3.528256937368571e-19,1.3599062779606883e-58,-6.799531389803441e-59,-2.8538275200362627e-51,7.899403117054209e-44,2.2606171817072476e-76,1.6541382441638302e-79,9.112191410853744e-60,0.0,1.1244898461935557
bench_18w,Benchtop Lab (18.5 W),18.5,1.0,toroid_24c_pairwise,Toroidal 24C (Pisano Pairwise 180°),static_0,Static (0 RPM),0.0,50.0,0.029244325163384443,0.029244325163384443,340.285425484952,3.786185977400613e-15,0.17694842125217503,3741.6336748952026,3685.5091697717744,7.463241211485496e-19,2.876578649910789e-58,-1.4382893249553945e-58,-6.036636088609539e-51,8.354713380554659e-44,2.5287248763875997e-76,1.1842034816611579e-77,3.854962020716563e-59,0.0,1.1209847214410396
bench_18w,Benchtop Lab (18.5 W),18.5,1.0,toroid_24c_pairwise,Toroidal 24C (Pisano Pairwise 180°),static_0,Static (0 RPM),0.0,100.0,0.030209507015429897,0.030209507015429897,363.11769806967936,4.0402292711128965e-15,0.18882120299623326,7985.375248508947,7865.594619781313,1.5928010816162385e-18,6.1391792856445966e-58,-3.0695896428222983e-58,-1.2883357537022544e-50,8.915293055691316e-44,2.8794511629824094e-76,8.630072490538518e-76,1.6454480036736567e-58,0.0,1.1054107572533687
bench_18w,Benchtop Lab (18.5 W),18.5,1.0,toroid_24c_pairwise,Toroidal 24C (Pisano Pairwise 180°),static_0,Static (0 RPM),0.0,120.0,0.034845,0.034845,483.10449463133506,5.3752624303131e-15,0.2512143372082942,12748.8272625,12557.594853562501,2.5429419684241206e-18,9.801334791475884e-58,-4.900667395737942e-58,-2.0568563741722311e-50,1.1861217916548706e-43,5.0967935200044423e-76,4.561306362563243e-75,3.1523927252652957e-58,0.0,1.1122058450180108
bench_18w,Benchtop Lab (18.5 W),18.5,1.0,toroid_24c_pairwise,Toroidal 24C (Pisano Pairwise 180°),static_0,Static (0 RPM),0.0,200.0,0.02894258726624546,0.02894258726624546,333.2996389216272,3.708458619287993e-15,0.17331581223924614,14659.28375912409,14439.394502737228,2.9240107447188614e-18,1.1270099199559242e-57,-5.635049599779621e-58,-2.3650835186577886e-50,8.183197823016067e-44,2.4259652195609788e-76,4.653388056388156e-74,6.0413163930500935e-58,0.0,1.1095597888911064
bench_18w,Benchtop Lab (18.5 W),18.5,1.0,toroid_24c_pairwise,Toroidal 24C (Pisano Pairwise 180°),static_0,Static (0 RPM),0.0,500.0,0.01702892266708367,0.01702892266708367,115.3810499867797,1.2837873173531579e-15,0.05999814599312544,12686.809065066323,12496.506929090328,2.530571522593075e-18,9.753655024255307e-58,-4.8768275121276534e-58,-2.0468505499438839e-50,2.8328442242661463e-44,2.9072598957703402e-77,1.3614716740491235e-72,1.3071073055084583e-57,0.0,1.1136764824990222
bench_18w,Benchtop Lab (18.5 W),18.5,1.0,toroid_24c_pairwise,Toroidal 24C (Pisano Pairwise 180°),static_0,Static (0 RPM),0.0,1000.0,0.00853064340959172,0.00853064340959172,28.95500984926221,3.2216793331814677e-16,0.015056605121616348,6367.539235890931,6272.026147352567,1.2700997844847303e-18,4.895382340962638e-58,-2.447691170481319e-58,-1.0273190933928884e-50,7.109055813276983e-45,1.8308902749530459e-78,5.487405377176492e-72,1.3120804468108594e-57,0.0,1.1123762514629607
bench_18w,Benchtop Lab (18.5 W),18.5,1.0,toroid_24c_simultaneous,Toroidal 24C (Pisano Simultaneous),cw_1200,CW (+1200 RPM),1200.0,7.83,0.034614653282762864,0.034614653282762864,476.7383752460604,5.304429799404401e-15,0.24790395512795138,820.8991137695676,16.417982275391353,3.3246793396182736e-21,1.281440775547686e-60,-6.40720387773843e-61,-2.6891639591800706e-53,1.1704916474209339e-43,4.9633523608821576e-76,5.848145845431414e-82,1.7299130568598324e-60,0.0,1.123815753504808
bench_18w,Benchtop Lab (18.5 W),18.5,1.0,toroid_24c_simultaneous,Toroidal 24C (Pisano Simultaneous),cw_1200,CW (+1200 RPM),1200.0,25.0,0.03541866862850794,0.03541866862850794,499.14256308126,5.5537100079111074e-15,0.2595541328022552,2744.179566222615,54.883591324452304,1.1114054035370784e-20,4.283721997742988e-60,-2.141860998871494e-60,-8.989592829644288e-53,1.225498578035269e-43,5.4408166819217446e-76,6.791671316023917e-79,1.8463977513754881e-59,0.0,1.1294898461935556
bench_18w,Benchtop Lab (18.5 W),18.5,1.0,toroid_24c_simultaneous,Toroidal 24C (Pisano Simultaneous),cw_1200,CW (+1200 RPM),1200.0,50.0,0.03642510995597785,0.03642510995597785,527.9124243673831,5.873817885637704e-15,0.2745144606710392,5804.70027945971,116.09400558919421,2.35093043323877e-20,9.061259176874603e-60,-4.5306295884373017e-60,-1.901548012847206e-52,1.2961345580221647e-43,6.086093922832913e-76,4.8621817717535125e-77,7.811285875986752e-59,0.0,1.1259847214410394
bench_18w,Benchtop Lab (18.5 W),18.5,1.0,toroid_24c_simultaneous,Toroidal 24C (Pisano Simultaneous),cw_1200,CW (+1200 RPM),1200.0,100.0,0.03762728695585229,0.03762728695585229,563.3339836564495,6.2679358849225676e-15,0.29293367150135374,12388.361332007953,247.76722664015907,5.0173435786914905e-20,1.933849249776319e-59,-9.669246248881595e-60,-4.0582739399432916e-52,1.3831018370147116e-43,6.93021624762759e-76,3.5433928207630754e-75,3.3341611880206026e-58,0.0,1.1104107572533686
bench_18w,Benchtop Lab (18.5 W),18.5,1.0,toroid_24c_simultaneous,Toroidal 24C (Pisano Simultaneous),cw_1200,CW (+1200 RPM),1200.0,120.0,0.043401,0.043401,749.4792485459701,8.339081279056976e-15,0.3897292092439044,19778.291410499998,395.56582820999995,8.010299404939696e-20,3.0874328719513883e-59,-1.5437164359756942e-59,-6.479123627146144e-52,1.840127092528672e-43,1.22668797850188e-75,1.8728116404731354e-74,6.387674025865246e-58,0.0,1.1172058450180107
bench_18w,Benchtop Lab (18.5 W),18.5,1.0,toroid_24c_simultaneous,Toroidal 24C (Pisano Simultaneous),cw_1200,CW (+1200 RPM),1200.0,200.0,0.03604928196132355,0.03604928196132355,517.074806166421,5.753233120649823e-15,0.2688788992065389,22742.137773722636,454.8427554744527,9.210670876211023e-20,3.550095520574777e-59,-1.7750477602873885e-59,-7.450043035735314e-52,1.2695259562379767e-43,5.838773651353516e-76,1.9106191575224555e-73,1.2241482318061245e-57,0.0,1.1145597888911063
bench_18w,Benchtop Lab (18.5 W),18.5,1.0,toroid_24c_simultaneous,Toroidal 24C (Pisano Simultaneous),cw_1200,CW (+1200 RPM),1200.0,500.0,0.02121028189622897,0.02121028189622897,178.99999607026572,1.9916435566117863e-15,0.09307999795653817,19682.077542640553,393.64155085281106,7.971332343909727e-20,3.0724136848941518e-59,-1.5362068424470759e-59,-6.447605154110788e-52,4.394821377248829e-44,6.997145853613074e-77,5.590021359365103e-72,2.6485835084879645e-57,0.0,1.118676482499022
bench_18w,Benchtop Lab (18.5 W),18.5,1.0,toroid_24c_simultaneous,Toroidal 24C (Pisano Simultaneous),cw_1200,CW (+1200 RPM),1200.0,1000.0,0.010625296444818202,0.010625296444818202,44.9202590011644,4.998052869558863e-16,0.02335853468060549,9878.480897273304,197.5696179454661,4.0008304059635704e-20,1.5420516370283588e-59,-7.710258185141794e-60,-3.2360681543935893e-52,1.102885580245356e-44,4.406556948846039e-78,2.253055561169518e-71,2.658660554177642e-57,0.0,1.1173762514629606
bench_18w,Benchtop Lab (18.5 W),18.5,1.0,toroid_24c_simultaneous,Toroidal 24C (Pisano Simultaneous),ccw_1200,CCW (-1200 RPM),-1200.0,7.83,0.034614653282762864,0.034614653282762864,476.7383752460604,5.304429799404401e-15,0.24790395512795138,820.8991137695676,-16.417982275391353,-3.3246793396182736e-21,-1.281440775547686e-60,6.40720387773843e-61,2.6891639591800706e-53,1.1704916474209339e-43,4.9633523608821576e-76,5.848145845431414e-82,1.7299130568598324e-60,0.0,1.123815753504808
bench_18w,Benchtop Lab (18.5 W),18.5,1.0,toroid_24c_simultaneous,Toroidal 24C (Pisano Simultaneous),ccw_1200,CCW (-1200 RPM),-1200.0,25.0,0.03541866862850794,0.03541866862850794,499.14256308126,5.5537100079111074e-15,0.2595541328022552,2744.179566222615,-54.883591324452304,-1.1114054035370784e-20,-4.283721997742988e-60,2.141860998871494e-60,8.989592829644288e-53,1.225498578035269e-43,5.4408166819217446e-76,6.791671316023917e-79,1.8463977513754881e-59,0.0,1.1294898461935556
bench_18w,Benchtop Lab (18.5 W),18.5,1.0,toroid_24c_simultaneous,Toroidal 24C (Pisano Simultaneous),ccw_1200,CCW (-1200 RPM),-1200.0,50.0,0.03642510995597785,0.03642510995597785,527.9124243673831,5.873817885637704e-15,0.2745144606710392,5804.70027945971,-116.09400558919421,-2.35093043323877e-20,-9.061259176874603e-60,4.5306295884373017e-60,1.901548012847206e-52,1.2961345580221647e-43,6.086093922832913e-76,4.8621817717535125e-77,7.811285875986752e-59,0.0,1.1259847214410394
bench_18w,Benchtop Lab (18.5 W),18.5,1.0,toroid_24c_simultaneous,Toroidal 24C (Pisano Simultaneous),ccw_1200,CCW (-1200 RPM),-1200.0,100.0,0.03762728695585229,0.03762728695585229,563.3339836564495,6.2679358849225676e-15,0.29293367150135374,12388.361332007953,-247.76722664015907,-5.0173435786914905e-20,-1.933849249776319e-59,9.669246248881595e-60,4.0582739399432916e-52,1.3831018370147116e-43,6.93021624762759e-76,3.5433928207630754e-75,3.3341611880206026e-58,0.0,1.1104107572533686
bench_18w,Benchtop Lab (18.5 W),18.5,1.0,toroid_24c_simultaneous,Toroidal 24C (Pisano Simultaneous),ccw_1200,CCW (-1200 RPM),-1200.0,120.0,0.043401,0.043401,749.4792485459701,8.339081279056976e-15,0.3897292092439044,19778.291410499998,-395.56582820999995,-8.010299404939696e-20,-3.0874328719513883e-59,1.5437164359756942e-59,6.479123627146144e-52,1.840127092528672e-43,1.22668797850188e-75,1.8728116404731354e-74,6.387674025865246e-58,0.0,1.1172058450180107
bench_18w,Benchtop Lab (18.5 W),18.5,1.0,toroid_24c_simultaneous,Toroidal 24C (Pisano Simultaneous),ccw_1200,CCW (-1200 RPM),-1200.0,200.0,0.03604928196132355,0.03604928196132355,517.074806166421,5.753233120649823e-15,0.2688788992065389,22742.137773722636,-454.8427554744527,-9.210670876211023e-20,-3.550095520574777e-59,1.7750477602873885e-59,7.450043035735314e-52,1.2695259562379767e-43,5.838773651353516e-76,1.9106191575224555e-73,1.2241482318061245e-57,0.0,1.1145597888911063
bench_18w,Benchtop Lab (18.5 W),18.5,1.0,toroid_24c_simultaneous,Toroidal 24C (Pisano Simultaneous),ccw_1200,CCW (-1200 RPM),-1200.0,500.0,0.02121028189622897,0.02121028189622897,178.99999607026572,1.9916435566117863e-15,0.09307999795653817,19682.077542640553,-393.64155085281106,-7.971332343909727e-20,-3.0724136848941518e-59,1.5362068424470759e-59,6.447605154110788e-52,4.394821377248829e-44,6.997145853613074e-77,5.590021359365103e-72,2.6485835084879645e-57,0.0,1.118676482499022
bench_18w,Benchtop Lab (18.5 W),18.5,1.0,toroid_24c_simultaneous,Toroidal 24C (Pisano Simultaneous),ccw_1200,CCW (-1200 RPM),-1200.0,1000.0,0.010625296444818202,0.010625296444818202,44.9202590011644,4.998052869558863e-16,0.02335853468060549,9878.480897273304,-197.5696179454661,-4.0008304059635704e-20,-1.5420516370283588e-59,7.710258185141794e-60,3.2360681543935893e-52,1.102885580245356e-44,4.406556948846039e-78,2.253055561169518e-71,2.658660554177642e-57,0.0,1.1173762514629606
bench_18w,Benchtop Lab (18.5 W),18.5,1.0,toroid_24c_simultaneous,Toroidal 24C (Pisano Simultaneous),static_0,Static (0 RPM),0.0,7.83,0.034614653282762864,0.034614653282762864,476.7383752460604,5.304429799404401e-15,0.24790395512795138,820.8991137695676,0.0,0.0,0.0,-0.0,-0.0,1.1704916474209339e-43,4.9633523608821576e-76,5.848145845431414e-82,1.7299130568598324e-60,0.0,1.123815753504808
bench_18w,Benchtop Lab (18.5 W),18.5,1.0,toroid_24c_simultaneous,Toroidal 24C (Pisano Simultaneous),static_0,Static (0 RPM),0.0,25.0,0.03541866862850794,0.03541866862850794,499.14256308126,5.5537100079111074e-15,0.2595541328022552,2744.179566222615,0.0,0.0,0.0,-0.0,-0.0,1.225498578035269e-43,5.4408166819217446e-76,6.791671316023917e-79,1.8463977513754881e-59,0.0,1.1294898461935556
bench_18w,Benchtop Lab (18.5 W),18.5,1.0,toroid_24c_simultaneous,Toroidal 24C (Pisano Simultaneous),static_0,Static (0 RPM),0.0,50.0,0.03642510995597785,0.03642510995597785,527.9124243673831,5.873817885637704e-15,0.2745144606710392,5804.70027945971,0.0,0.0,0.0,-0.0,-0.0,1.2961345580221647e-43,6.086093922832913e-76,4.8621817717535125e-77,7.811285875986752e-59,0.0,1.1259847214410394
bench_18w,Benchtop Lab (18.5 W),18.5,1.0,toroid_24c_simultaneous,Toroidal 24C (Pisano Simultaneous),static_0,Static (0 RPM),0.0,100.0,0.03762728695585229,0.03762728695585229,563.3339836564495,6.2679358849225676e-15,0.29293367150135374,12388.361332007953,0.0,0.0,0.0,-0.0,-0.0,1.3831018370147116e-43,6.93021624762759e-76,3.5433928207630754e-75,3.3341611880206026e-58,0.0,1.1104107572533686
bench_18w,Benchtop Lab (18.5 W),18.5,1.0,toroid_24c_simultaneous,Toroidal 24C (Pisano Simultaneous),static_0,Static (0 RPM),0.0,120.0,0.043401,0.043401,749.4792485459701,8.339081279056976e-15,0.3897292092439044,19778.291410499998,0.0,0.0,0.0,-0.0,-0.0,1.840127092528672e-43,1.22668797850188e-75,1.8728116404731354e-74,6.387674025865246e-58,0.0,1.1172058450180107
bench_18w,Benchtop Lab (18.5 W),18.5,1.0,toroid_24c_simultaneous,Toroidal 24C (Pisano Simultaneous),static_0,Static (0 RPM),0.0,200.0,0.03604928196132355,0.03604928196132355,517.074806166421,5.753233120649823e-15,0.2688788992065389,22742.137773722636,0.0,0.0,0.0,-0.0,-0.0,1.2695259562379767e-43,5.838773651353516e-76,1.9106191575224555e-73,1.2241482318061245e-57,0.0,1.1145597888911063
bench_18w,Benchtop Lab (18.5 W),18.5,1.0,toroid_24c_simultaneous,Toroidal 24C (Pisano Simultaneous),static_0,Static (0 RPM),0.0,500.0,0.02121028189622897,0.02121028189622897,178.99999607026572,1.9916435566117863e-15,0.09307999795653817,19682.077542640553,0.0,0.0,0.0,-0.0,-0.0,4.394821377248829e-44,6.997145853613074e-77,5.590021359365103e-72,2.6485835084879645e-57,0.0,1.118676482499022
bench_18w,Benchtop Lab (18.5 W),18.5,1.0,toroid_24c_simultaneous,Toroidal 24C (Pisano Simultaneous),static_0,Static (0 RPM),0.0,1000.0,0.010625296444818202,0.010625296444818202,44.9202590011644,4.998052869558863e-16,0.02335853468060549,9878.480897273304,0.0,0.0,0.0,-0.0,-0.0,1.102885580245356e-44,4.406556948846039e-78,2.253055561169518e-71,2.658660554177642e-57,0.0,1.1173762514629606
bench_18w,Benchtop Lab (18.5 W),18.5,1.0,toroid_8c_pairwise,Toroidal 8C (8x8 Roots Pairwise 180°),cw_1200,CW (+1200 RPM),1200.0,7.83,0.024764060377175337,0.024764060377175337,244.00787832233564,2.7149537949287128e-15,0.12688409672761453,420.1588574953997,380.2437660333367,7.700024106156766e-20,2.967842565972786e-59,-1.483921282986393e-59,-6.2281577246700616e-52,5.990899795590928e-44,1.3002371824952812e-76,6.597878306267593e-83,5.8105511643576786e-61,0.0,1.118815753504808
bench_18w,Benchtop Lab (18.5 W),18.5,1.0,toroid_8c_pairwise,Toroidal 8C (8x8 Roots Pairwise 180°),cw_1200,CW (+1200 RPM),1200.0,25.0,0.02533927008398819,0.02533927008398819,255.4749609468056,2.8425422961775924e-15,0.13284697969233888,1404.546955851591,1271.11499504569,2.574037230288491e-19,9.921186158807783e-59,-4.960593079403892e-59,-2.082007749377195e-51,6.272440471339973e-44,1.4253173336494487e-76,7.662363768560973e-80,6.201807981955435e-60,0.0,1.1244898461935557
bench_18w,Benchtop Lab (18.5 W),18.5,1.0,toroid_8c_pairwise,Toroidal 8C (8x8 Roots Pairwise 180°),cw_1200,CW (+1200 RPM),1200.0,50.0,0.02605929965054059,0.02605929965054059,270.2001712016577,3.0063823563322178e-15,0.140504089024862,2971.0060549604095,2688.7604797391705,5.444802087263707e-19,2.098605819293225e-58,-1.0493029096466126e-58,-4.4040233785731396e-51,6.633974941916746e-44,1.5943590217357548e-76,5.485513610787129e-78,2.6237085188682463e-59,0.0,1.1209847214410396
bench_18w,Benchtop Lab (18.5 W),18.5,1.0,toroid_8c_pairwise,Toroidal 8C (8x8 Roots Pairwise 180°),cw_1200,CW (+1200 RPM),1200.0,100.0,0.026919362687016737,0.026919362687016737,288.3299043588278,3.2081028424678418e-15,0.14993155026659044,6340.705765407553,5738.338717693836,1.1620268470531987e-18,4.4788336918713256e-58,-2.2394168459356628e-58,-9.399043930215237e-51,7.079097515057312e-44,1.8154916662609802e-76,3.9976558794204236e-76,1.1199010318111627e-58,0.0,1.1054107572533687
bench_18w,Benchtop Lab (18.5 W),18.5,1.0,toroid_8c_pairwise,Toroidal 8C (8x8 Roots Pairwise 180°),cw_1200,CW (+1200 RPM),1200.0,120.0,0.031049999999999998,0.031049999999999998,383.60419630563797,4.268172305218714e-15,0.19947418207893172,10123.076249999996,9161.384006249997,1.8552014259110666e-18,7.150556523413792e-58,-3.575278261706896e-58,-1.500578041355509e-50,9.418279102445298e-44,3.213524257392505e-76,2.1129061451256582e-75,2.14553596213107e-58,0.0,1.1122058450180108
bench_18w,Benchtop Lab (18.5 W),18.5,1.0,toroid_8c_pairwise,Toroidal 8C (8x8 Roots Pairwise 180°),cw_1200,CW (+1200 RPM),1200.0,200.0,0.025790424296654367,0.025790424296654367,264.65317863593566,2.944663740440421e-15,0.13761965289068653,11640.054744525549,10534.249543795622,2.1332098688604346e-18,8.222092507340428e-58,-4.111046253670214e-58,-1.7254449258752795e-50,6.49778476290855e-44,1.5295691399016977e-76,2.155560586917396e-74,4.111753423365139e-58,0.0,1.1095597888911064
bench_18w,Benchtop Lab (18.5 W),18.5,1.0,toroid_8c_pairwise,Toroidal 8C (8x8 Roots Pairwise 180°),cw_1200,CW (+1200 RPM),1200.0,500.0,0.015174287525124064,0.015174287525124064,91.61714585755472,1.0193782247388079e-15,0.04764091584592845,10073.831332912188,9116.81735628553,1.846176576335309e-18,7.115771784621846e-58,-3.557885892310923e-58,-1.493278299715181e-50,2.249391061322987e-44,1.8330250501484426e-77,6.306662253873171e-73,8.896244772600879e-58,0.0,1.1136764824990222
bench_18w,Benchtop Lab (18.5 W),18.5,1.0,toroid_8c_pairwise,Toroidal 8C (8x8 Roots Pairwise 180°),cw_1200,CW (+1200 RPM),1200.0,1000.0,0.0076015634342896515,0.0076015634342896515,22.99143023027388,2.558141613446709e-16,0.011955543719742417,5056.079581483829,4575.752021242865,9.266003552120466e-19,3.571422553917688e-58,-1.785711276958844e-58,-7.494798821969349e-51,5.644873256302671e-45,1.1543748609970214e-78,2.5418973470828863e-72,8.930092247959969e-58,0.0,1.1123762514629607
bench_18w,Benchtop Lab (18.5 W),18.5,1.0,toroid_8c_pairwise,Toroidal 8C (8x8 Roots Pairwise 180°),ccw_1200,CCW (-1200 RPM),-1200.0,7.83,0.024764060377175337,0.024764060377175337,244.00787832233564,2.7149537949287128e-15,0.12688409672761453,420.1588574953997,-380.2437660333367,-7.700024106156766e-20,-2.967842565972786e-59,1.483921282986393e-59,6.2281577246700616e-52,5.990899795590928e-44,1.3002371824952812e-76,6.597878306267593e-83,5.8105511643576786e-61,0.0,1.118815753504808
bench_18w,Benchtop Lab (18.5 W),18.5,1.0,toroid_8c_pairwise,Toroidal 8C (8x8 Roots Pairwise 180°),ccw_1200,CCW (-1200 RPM),-1200.0,25.0,0.02533927008398819,0.02533927008398819,255.4749609468056,2.8425422961775924e-15,0.13284697969233888,1404.546955851591,-1271.11499504569,-2.574037230288491e-19,-9.921186158807783e-59,4.960593079403892e-59,2.082007749377195e-51,6.272440471339973e-44,1.4253173336494487e-76,7.662363768560973e-80,6.201807981955435e-60,0.0,1.1244898461935557
bench_18w,Benchtop Lab (18.5 W),18.5,1.0,toroid_8c_pairwise,Toroidal 8C (8x8 Roots Pairwise 180°),ccw_1200,CCW (-1200 RPM),-1200.0,50.0,0.02605929965054059,0.02605929965054059,270.2001712016577,3.0063823563322178e-15,0.140504089024862,2971.0060549604095,-2688.7604797391705,-5.444802087263707e-19,-2.098605819293225e-58,1.0493029096466126e-58,4.4040233785731396e-51,6.633974941916746e-44,1.5943590217357548e-76,5.485513610787129e-78,2.6237085188682463e-59,0.0,1.1209847214410396
bench_18w,Benchtop Lab (18.5 W),18.5,1.0,toroid_8c_pairwise,Toroidal 8C (8x8 Roots Pairwise 180°),ccw_1200,CCW (-1200 RPM),-1200.0,100.0,0.026919362687016737,0.026919362687016737,288.3299043588278,3.2081028424678418e-15,0.14993155026659044,6340.705765407553,-5738.338717693836,-1.1620268470531987e-18,-4.4788336918713256e-58,2.2394168459356628e-58,9.399043930215237e-51,7.079097515057312e-44,1.8154916662609802e-76,3.9976558794204236e-76,1.1199010318111627e-58,0.0,1.1054107572533687
bench_18w,Benchtop Lab (18.5 W),18.5,1.0,toroid_8c_pairwise,Toroidal 8C (8x8 Roots Pairwise 180°),ccw_1200,CCW (-1200 RPM),-1200.0,120.0,0.031049999999999998,0.031049999999999998,383.60419630563797,4.268172305218714e-15,0.19947418207893172,10123.076249999996,-9161.384006249997,-1.8552014259110666e-18,-7.150556523413792e-58,3.575278261706896e-58,1.500578041355509e-50,9.418279102445298e-44,3.213524257392505e-76,2.1129061451256582e-75,2.14553596213107e-58,0.0,1.1122058450180108
bench_18w,Benchtop Lab (18.5 W),18.5,1.0,toroid_8c_pairwise,Toroidal 8C (8x8 Roots Pairwise 180°),ccw_1200,CCW (-1200 RPM),-1200.0,200.0,0.025790424296654367,0.025790424296654367,264.65317863593566,2.944663740440421e-15,0.13761965289068653,11640.054744525549,-10534.249543795622,-2.1332098688604346e-18,-8.222092507340428e-58,4.111046253670214e-58,1.7254449258752795e-50,6.49778476290855e-44,1.5295691399016977e-76,2.155560586917396e-74,4.111753423365139e-58,0.0,1.1095597888911064
bench_18w,Benchtop Lab (18.5 W),18.5,1.0,toroid_8c_pairwise,Toroidal 8C (8x8 Roots Pairwise 180°),ccw_1200,CCW (-1200 RPM),-1200.0,500.0,0.015174287525124064,0.015174287525124064,91.61714585755472,1.0193782247388079e-15,0.04764091584592845,10073.831332912188,-9116.81735628553,-1.846176576335309e-18,-7.115771784621846e-58,3.557885892310923e-58,1.493278299715181e-50,2.249391061322987e-44,1.8330250501484426e-77,6.306662253873171e-73,8.896244772600879e-58,0.0,1.1136764824990222
bench_18w,Benchtop Lab (18.5 W),18.5,1.0,toroid_8c_pairwise,Toroidal 8C (8x8 Roots Pairwise 180°),ccw_1200,CCW (-1200 RPM),-1200.0,1000.0,0.0076015634342896515,0.0076015634342896515,22.99143023027388,2.558141613446709e-16,0.011955543719742417,5056.079581483829,-4575.752021242865,-9.266003552120466e-19,-3.571422553917688e-58,1.785711276958844e-58,7.494798821969349e-51,5.644873256302671e-45,1.1543748609970214e-78,2.5418973470828863e-72,8.930092247959969e-58,0.0,1.1123762514629607
bench_18w,Benchtop Lab (18.5 W),18.5,1.0,toroid_8c_pairwise,Toroidal 8C (8x8 Roots Pairwise 180°),static_0,Static (0 RPM),0.0,7.83,0.024764060377175337,0.024764060377175337,244.00787832233564,2.7149537949287128e-15,0.12688409672761453,420.1588574953997,380.2437660333367,7.700024106156766e-20,2.967842565972786e-59,-1.483921282986393e-59,-6.2281577246700616e-52,5.990899795590928e-44,1.3002371824952812e-76,6.597878306267593e-83,5.8105511643576786e-61,0.0,1.118815753504808
bench_18w,Benchtop Lab (18.5 W),18.5,1.0,toroid_8c_pairwise,Toroidal 8C (8x8 Roots Pairwise 180°),static_0,Static (0 RPM),0.0,25.0,0.02533927008398819,0.02533927008398819,255.4749609468056,2.8425422961775924e-15,0.13284697969233888,1404.546955851591,1271.11499504569,2.574037230288491e-19,9.921186158807783e-59,-4.960593079403892e-59,-2.082007749377195e-51,6.272440471339973e-44,1.4253173336494487e-76,7.662363768560973e-80,6.201807981955435e-60,0.0,1.1244898461935557
bench_18w,Benchtop Lab (18.5 W),18.5,1.0,toroid_8c_pairwise,Toroidal 8C (8x8 Roots Pairwise 180°),static_0,Static (0 RPM),0.0,50.0,0.02605929965054059,0.02605929965054059,270.2001712016577,3.0063823563322178e-15,0.140504089024862,2971.0060549604095,2688.7604797391705,5.444802087263707e-19,2.098605819293225e-58,-1.0493029096466126e-58,-4.4040233785731396e-51,6.633974941916746e-44,1.5943590217357548e-76,5.485513610787129e-78,2.6237085188682463e-59,0.0,1.1209847214410396
bench_18w,Benchtop Lab (18.5 W),18.5,1.0,toroid_8c_pairwise,Toroidal 8C (8x8 Roots Pairwise 180°),static_0,Static (0 RPM),0.0,100.0,0.026919362687016737,0.026919362687016737,288.3299043588278,3.2081028424678418e-15,0.14993155026659044,6340.705765407553,5738.338717693836,1.1620268470531987e-18,4.4788336918713256e-58,-2.2394168459356628e-58,-9.399043930215237e-51,7.079097515057312e-44,1.8154916662609802e-76,3.9976558794204236e-76,1.1199010318111627e-58,0.0,1.1054107572533687
bench_18w,Benchtop Lab (18.5 W),18.5,1.0,toroid_8c_pairwise,Toroidal 8C (8x8 Roots Pairwise 180°),static_0,Static (0 RPM),0.0,120.0,0.031049999999999998,0.031049999999999998,383.60419630563797,4.268172305218714e-15,0.19947418207893172,10123.076249999996,9161.384006249997,1.8552014259110666e-18,7.150556523413792e-58,-3.575278261706896e-58,-1.500578041355509e-50,9.418279102445298e-44,3.213524257392505e-76,2.1129061451256582e-75,2.14553596213107e-58,0.0,1.1122058450180108
bench_18w,Benchtop Lab (18.5 W),18.5,1.0,toroid_8c_pairwise,Toroidal 8C (8x8 Roots Pairwise 180°),static_0,Static (0 RPM),0.0,200.0,0.025790424296654367,0.025790424296654367,264.65317863593566,2.944663740440421e-15,0.13761965289068653,11640.054744525549,10534.249543795622,2.1332098688604346e-18,8.222092507340428e-58,-4.111046253670214e-58,-1.7254449258752795e-50,6.49778476290855e-44,1.5295691399016977e-76,2.155560586917396e-74,4.111753423365139e-58,0.0,1.1095597888911064
bench_18w,Benchtop Lab (18.5 W),18.5,1.0,toroid_8c_pairwise,Toroidal 8C (8x8 Roots Pairwise 180°),static_0,Static (0 RPM),0.0,500.0,0.015174287525124064,0.015174287525124064,91.61714585755472,1.0193782247388079e-15,0.04764091584592845,10073.831332912188,9116.81735628553,1.846176576335309e-18,7.115771784621846e-58,-3.557885892310923e-58,-1.493278299715181e-50,2.249391061322987e-44,1.8330250501484426e-77,6.306662253873171e-73,8.896244772600879e-58,0.0,1.1136764824990222
bench_18w,Benchtop Lab (18.5 W),18.5,1.0,toroid_8c_pairwise,Toroidal 8C (8x8 Roots Pairwise 180°),static_0,Static (0 RPM),0.0,1000.0,0.0076015634342896515,0.0076015634342896515,22.99143023027388,2.558141613446709e-16,0.011955543719742417,5056.079581483829,4575.752021242865,9.266003552120466e-19,3.571422553917688e-58,-1.785711276958844e-58,-7.494798821969349e-51,5.644873256302671e-45,1.1543748609970214e-78,2.5418973470828863e-72,8.930092247959969e-58,0.0,1.1123762514629607
bench_18w,Benchtop Lab (18.5 W),18.5,1.0,toroid_2c_apex,Toroidal 2C Apex Kissing (Cusp),cw_1200,CW (+1200 RPM),1200.0,7.83,0.016894592301761845,0.03818177860198176,580.059375116996,6.4540309623835246e-15,0.30163087506083786,195.5533440004145,184.6023567363913,3.73824037078084e-20,1.4408408001437746e-59,-7.204204000718873e-60,-3.0236724354325228e-52,1.4241661440244225e-43,7.347841585987411e-76,5.937377505969907e-82,1.7430606977077374e-60,0.0,1.118815753504808
bench_18w,Benchtop Lab (18.5 W),18.5,1.0,toroid_2c_apex,Toroidal 2C Apex Kissing (Cusp),cw_1200,CW (+1200 RPM),1200.0,25.0,0.0172870131461875,0.03906864971038375,607.3191047097355,6.757336358977206e-15,0.3158059344490624,653.7143014422551,617.1063005614888,1.2496545150376226e-19,4.816579547489053e-59,-2.4082897737445263e-59,-1.0107819551859898e-51,1.4910944373106227e-43,8.054688881700334e-76,6.895299393260376e-79,1.8604306962111826e-59,0.0,1.1244898461935557
bench_18w,Benchtop Lab (18.5 W),18.5,1.0,toroid_2c_apex,Toroidal 2C Apex Kissing (Cusp),cw_1200,CW (+1200 RPM),1200.0,50.0,0.017778233317146584,0.04017880729675127,642.3241066695999,7.146819532905207e-15,0.3340085354681919,1382.7869119701913,1305.3508448998605,2.6433656171603917e-19,1.0188400565869366e-58,-5.094200282934683e-59,-2.1380839541113978e-51,1.5770389816129923e-43,9.009969627558061e-76,4.936369482662335e-77,7.870653010566447e-59,0.0,1.1209847214410396
bench_18w,Benchtop Lab (18.5 W),18.5,1.0,toroid_2c_apex,Toroidal 2C Apex Kissing (Cusp),cw_1200,CW (+1200 RPM),1200.0,100.0,0.01836498743314253,0.041504871598902114,685.4223941449465,7.6263526526578e-15,0.35641964495537215,2951.136679920477,2785.87302584493,5.641457236623619e-19,2.174403182397766e-58,-1.087201591198883e-58,-4.5630877231383405e-51,1.682854221432951e-43,1.02596244315712e-75,3.597458303001977e-75,3.3595013943710095e-58,0.0,1.1054107572533687
bench_18w,Benchtop Lab (18.5 W),18.5,1.0,toroid_2c_apex,Toroidal 2C Apex Kissing (Cusp),cw_1200,CW (+1200 RPM),1200.0,120.0,0.021183,0.04787358,911.9099429542324,1.0146366491438787e-14,0.4741931703362008,4711.5546345,4447.707574968,9.006710590328813e-19,3.4714825175680464e-58,-1.7357412587840232e-58,-7.28506993792027e-51,2.2389281560921494e-43,1.816012300981352e-75,1.9013872090331512e-74,6.436221462172793e-58,0.0,1.1122058450180108
bench_18w,Benchtop Lab (18.5 W),18.5,1.0,toroid_2c_apex,Toroidal 2C Apex Kissing (Cusp),cw_1200,CW (+1200 RPM),1200.0,200.0,0.017594800575717537,0.03976424930112163,629.13770849436,7.0001010662169474e-15,0.3271516084170672,5417.597627737228,5114.212160583943,1.0356397773801754e-18,3.9916963530878704e-58,-1.9958481765439352e-58,-8.37676322897294e-51,1.5446636375561632e-43,8.643831976288747e-76,1.939771597387679e-73,1.2334519718019151e-57,0.0,1.1095597888911064
bench_18w,Benchtop Lab (18.5 W),18.5,1.0,toroid_2c_apex,Toroidal 2C Apex Kissing (Cusp),cw_1200,CW (+1200 RPM),1200.0,500.0,0.010352236156029085,0.02339605371262573,217.79372347120457,2.4232819862836205e-15,0.11325273620502636,4688.634712571067,4426.0711686670875,8.962896367724826e-19,3.454595075003399e-58,-1.7272975375016994e-58,-7.249630842509744e-51,5.347287892487657e-44,1.0358708297963436e-76,5.675314527750138e-72,2.668713204941031e-57,0.0,1.1136764824990222
bench_18w,Benchtop Lab (18.5 W),18.5,1.0,toroid_2c_apex,Toroidal 2C Apex Kissing (Cusp),cw_1200,CW (+1200 RPM),1200.0,1000.0,0.005185955498504274,0.011720259426619658,54.65559040186178,6.081254572427512e-16,0.028420907008968124,2353.2367628408374,2221.4555041217504,4.498498715950667e-19,1.7338693734084914e-58,-8.669346867042457e-59,-3.638606729135361e-51,1.341908169595534e-44,6.523551028718402e-78,2.2874329338121864e-71,2.678866837934044e-57,0.0,1.1123762514629607
bench_18w,Benchtop Lab (18.5 W),18.5,1.0,toroid_2c_apex,Toroidal 2C Apex Kissing (Cusp),ccw_1200,CCW (-1200 RPM),-1200.0,7.83,0.016894592301761845,0.03818177860198176,580.059375116996,6.4540309623835246e-15,0.30163087506083786,195.5533440004145,-184.6023567363913,-3.73824037078084e-20,-1.4408408001437746e-59,7.204204000718873e-60,3.0236724354325228e-52,1.4241661440244225e-43,7.347841585987411e-76,5.937377505969907e-82,1.7430606977077374e-60,0.0,1.118815753504808
bench_18w,Benchtop Lab (18.5 W),18.5,1.0,toroid_2c_apex,Toroidal 2C Apex Kissing (Cusp),ccw_1200,CCW (-1200 RPM),-1200.0,25.0,0.0172870131461875,0.03906864971038375,607.3191047097355,6.757336358977206e-15,0.3158059344490624,653.7143014422551,-617.1063005614888,-1.2496545150376226e-19,-4.816579547489053e-59,2.4082897737445263e-59,1.0107819551859898e-51,1.4910944373106227e-43,8.054688881700334e-76,6.895299393260376e-79,1.8604306962111826e-59,0.0,1.1244898461935557
bench_18w,Benchtop Lab (18.5 W),18.5,1.0,toroid_2c_apex,Toroidal 2C Apex Kissing (Cusp),ccw_1200,CCW (-1200 RPM),-1200.0,50.0,0.017778233317146584,0.04017880729675127,642.3241066695999,7.146819532905207e-15,0.3340085354681919,1382.7869119701913,-1305.3508448998605,-2.6433656171603917e-19,-1.0188400565869366e-58,5.094200282934683e-59,2.1380839541113978e-51,1.5770389816129923e-43,9.009969627558061e-76,4.936369482662335e-77,7.870653010566447e-59,0.0,1.1209847214410396
bench_18w,Benchtop Lab (18.5 W),18.5,1.0,toroid_2c_apex,Toroidal 2C Apex Kissing (Cusp),ccw_1200,CCW (-1200 RPM),-1200.0,100.0,0.01836498743314253,0.041504871598902114,685.4223941449465,7.6263526526578e-15,0.35641964495537215,2951.136679920477,-2785.87302584493,-5.641457236623619e-19,-2.174403182397766e-58,1.087201591198883e-58,4.5630877231383405e-51,1.682854221432951e-43,1.02596244315712e-75,3.597458303001977e-75,3.3595013943710095e-58,0.0,1.1054107572533687
bench_18w,Benchtop Lab (18.5 W),18.5,1.0,toroid_2c_apex,Toroidal 2C Apex Kissing (Cusp),ccw_1200,CCW (-1200 RPM),-1200.0,120.0,0.021183,0.04787358,911.9099429542324,1.0146366491438787e-14,0.4741931703362008,4711.5546345,-4447.707574968,-9.006710590328813e-19,-3.4714825175680464e-58,1.7357412587840232e-58,7.28506993792027e-51,2.2389281560921494e-43,1.816012300981352e-75,1.9013872090331512e-74,6.436221462172793e-58,0.0,1.1122058450180108
bench_18w,Benchtop Lab (18.5 W),18.5,1.0,toroid_2c_apex,Toroidal 2C Apex Kissing (Cusp),ccw_1200,CCW (-1200 RPM),-1200.0,200.0,0.017594800575717537,0.03976424930112163,629.13770849436,7.0001010662169474e-15,0.3271516084170672,5417.597627737228,-5114.212160583943,-1.0356397773801754e-18,-3.9916963530878704e-58,1.9958481765439352e-58,8.37676322897294e-51,1.5446636375561632e-43,8.643831976288747e-76,1.939771597387679e-73,1.2334519718019151e-57,0.0,1.1095597888911064
bench_18w,Benchtop Lab (18.5 W),18.5,1.0,toroid_2c_apex,Toroidal 2C Apex Kissing (Cusp),ccw_1200,CCW (-1200 RPM),-1200.0,500.0,0.010352236156029085,0.02339605371262573,217.79372347120457,2.4232819862836205e-15,0.11325273620502636,4688.634712571067,-4426.0711686670875,-8.962896367724826e-19,-3.454595075003399e-58,1.7272975375016994e-58,7.249630842509744e-51,5.347287892487657e-44,1.0358708297963436e-76,5.675314527750138e-72,2.668713204941031e-57,0.0,1.1136764824990222
bench_18w,Benchtop Lab (18.5 W),18.5,1.0,toroid_2c_apex,Toroidal 2C Apex Kissing (Cusp),ccw_1200,CCW (-1200 RPM),-1200.0,1000.0,0.005185955498504274,0.011720259426619658,54.65559040186178,6.081254572427512e-16,0.028420907008968124,2353.2367628408374,-2221.4555041217504,-4.498498715950667e-19,-1.7338693734084914e-58,8.669346867042457e-59,3.638606729135361e-51,1.341908169595534e-44,6.523551028718402e-78,2.2874329338121864e-71,2.678866837934044e-57,0.0,1.1123762514629607
bench_18w,Benchtop Lab (18.5 W),18.5,1.0,toroid_2c_apex,Toroidal 2C Apex Kissing (Cusp),static_0,Static (0 RPM),0.0,7.83,0.016894592301761845,0.03818177860198176,580.059375116996,6.4540309623835246e-15,0.30163087506083786,195.5533440004145,184.6023567363913,3.73824037078084e-20,1.4408408001437746e-59,-7.204204000718873e-60,-3.0236724354325228e-52,1.4241661440244225e-43,7.347841585987411e-76,5.937377505969907e-82,1.7430606977077374e-60,0.0,1.118815753504808
bench_18w,Benchtop Lab (18.5 W),18.5,1.0,toroid_2c_apex,Toroidal 2C Apex Kissing (Cusp),static_0,Static (0 RPM),0.0,25.0,0.0172870131461875,0.03906864971038375,607.3191047097355,6.757336358977206e-15,0.3158059344490624,653.7143014422551,617.1063005614888,1.2496545150376226e-19,4.816579547489053e-59,-2.4082897737445263e-59,-1.0107819551859898e-51,1.4910944373106227e-43,8.054688881700334e-76,6.895299393260376e-79,1.8604306962111826e-59,0.0,1.1244898461935557
bench_18w,Benchtop Lab (18.5 W),18.5,1.0,toroid_2c_apex,Toroidal 2C Apex Kissing (Cusp),static_0,Static (0 RPM),0.0,50.0,0.017778233317146584,0.04017880729675127,642.3241066695999,7.146819532905207e-15,0.3340085354681919,1382.7869119701913,1305.3508448998605,2.6433656171603917e-19,1.0188400565869366e-58,-5.094200282934683e-59,-2.1380839541113978e-51,1.5770389816129923e-43,9.009969627558061e-76,4.936369482662335e-77,7.870653010566447e-59,0.0,1.1209847214410396
bench_18w,Benchtop Lab (18.5 W),18.5,1.0,toroid_2c_apex,Toroidal 2C Apex Kissing (Cusp),static_0,Static (0 RPM),0.0,100.0,0.01836498743314253,0.041504871598902114,685.4223941449465,7.6263526526578e-15,0.35641964495537215,2951.136679920477,2785.87302584493,5.641457236623619e-19,2.174403182397766e-58,-1.087201591198883e-58,-4.5630877231383405e-51,1.682854221432951e-43,1.02596244315712e-75,3.597458303001977e-75,3.3595013943710095e-58,0.0,1.1054107572533687
bench_18w,Benchtop Lab (18.5 W),18.5,1.0,toroid_2c_apex,Toroidal 2C Apex Kissing (Cusp),static_0,Static (0 RPM),0.0,120.0,0.021183,0.04787358,911.9099429542324,1.0146366491438787e-14,0.4741931703362008,4711.5546345,4447.707574968,9.006710590328813e-19,3.4714825175680464e-58,-1.7357412587840232e-58,-7.28506993792027e-51,2.2389281560921494e-43,1.816012300981352e-75,1.9013872090331512e-74,6.436221462172793e-58,0.0,1.1122058450180108
bench_18w,Benchtop Lab (18.5 W),18.5,1.0,toroid_2c_apex,Toroidal 2C Apex Kissing (Cusp),static_0,Static (0 RPM),0.0,200.0,0.017594800575717537,0.03976424930112163,629.13770849436,7.0001010662169474e-15,0.3271516084170672,5417.597627737228,5114.212160583943,1.0356397773801754e-18,3.9916963530878704e-58,-1.9958481765439352e-58,-8.37676322897294e-51,1.5446636375561632e-43,8.643831976288747e-76,1.939771597387679e-73,1.2334519718019151e-57,0.0,1.1095597888911064
bench_18w,Benchtop Lab (18.5 W),18.5,1.0,toroid_2c_apex,Toroidal 2C Apex Kissing (Cusp),static_0,Static (0 RPM),0.0,500.0,0.010352236156029085,0.02339605371262573,217.79372347120457,2.4232819862836205e-15,0.11325273620502636,4688.634712571067,4426.0711686670875,8.962896367724826e-19,3.454595075003399e-58,-1.7272975375016994e-58,-7.249630842509744e-51,5.347287892487657e-44,1.0358708297963436e-76,5.675314527750138e-72,2.668713204941031e-57,0.0,1.1136764824990222
bench_18w,Benchtop Lab (18.5 W),18.5,1.0,toroid_2c_apex,Toroidal 2C Apex Kissing (Cusp),static_0,Static (0 RPM),0.0,1000.0,0.005185955498504274,0.011720259426619658,54.65559040186178,6.081254572427512e-16,0.028420907008968124,2353.2367628408374,2221.4555041217504,4.498498715950667e-19,1.7338693734084914e-58,-8.669346867042457e-59,-3.638606729135361e-51,1.341908169595534e-44,6.523551028718402e-78,2.2874329338121864e-71,2.678866837934044e-57,0.0,1.1123762514629607
bench_18w,Benchtop Lab (18.5 W),18.5,1.0,inner_coils_tube,Inner Coils + Cu Tube Collimator,cw_1200,CW (+1200 RPM),1200.0,7.83,0.026231560251378322,0.03541260633936074,498.97171038134445,5.551809015249728e-15,0.2594652893982991,471.43091780101105,456.34512843137867,9.24109427566724e-20,3.5618216994364195e-59,-1.7809108497182098e-59,-7.47465097562247e-52,1.2250790992003896e-43,5.437092619119566e-76,3.3095239890993696e-82,1.301361474989931e-60,0.0,1.118815753504808
bench_18w,Benchtop Lab (18.5 W),18.5,1.0,inner_coils_tube,Inner Coils + Cu Tube Collimator,cw_1200,CW (+1200 RPM),1200.0,25.0,0.02684085645933564,0.036235156220103114,522.4207476401228,5.8127147414535595e-15,0.27165878877286387,1575.9440713420677,1525.5138610591214,3.0892008110927664e-19,1.190679605102539e-58,-5.953398025512695e-59,-2.4986973585291164e-51,1.2826513519843117e-43,5.960129781719049e-76,3.8434744516535024e-79,1.3889894012995973e-59,0.0,1.1244898461935557
bench_18w,Benchtop Lab (18.5 W),18.5,1.0,inner_coils_tube,Inner Coils + Cu Tube Collimator,cw_1200,CW (+1200 RPM),1200.0,50.0,0.0276035544446467,0.03726479850027305,552.5323300902696,6.1477512804637496e-15,0.2873168116469402,3333.5584536562637,3226.884583139263,6.534515828401395e-19,2.518617338878984e-58,-1.259308669439492e-58,-5.2854373794876485e-51,1.3565815358725548e-43,6.666997210978164e-76,2.7515570983152933e-77,5.8761950312083095e-59,0.0,1.1209847214410396
bench_18w,Benchtop Lab (18.5 W),18.5,1.0,inner_coils_tube,Inner Coils + Cu Tube Collimator,cw_1200,CW (+1200 RPM),1200.0,100.0,0.028514584179580693,0.03849468864243394,589.6058214233657,6.560249502562476e-15,0.30659502714015013,7114.463220675943,6886.800397614313,1.3945929904152878e-18,5.375220105937554e-58,-2.687610052968777e-58,-1.128015313495028e-50,1.4476046508540666e-43,7.59168901765846e-76,2.0052412940896357e-75,2.5081890123268933e-58,0.0,1.1054107572533687
bench_18w,Benchtop Lab (18.5 W),18.5,1.0,inner_coils_tube,Inner Coils + Cu Tube Collimator,cw_1200,CW (+1200 RPM),1200.0,120.0,0.032889999999999996,0.044401499999999997,784.4322210253963,8.727985546941716e-15,0.40790475493320605,11358.397049999996,10994.928344399996,2.226498390243796e-18,8.581657153971634e-58,-4.290828576985817e-58,-1.8009012643317086e-50,1.925943893659032e-43,1.3437724483235763e-75,1.0598427629933889e-74,4.80525472600579e-58,0.0,1.1122058450180108
bench_18w,Benchtop Lab (18.5 W),18.5,1.0,inner_coils_tube,Inner Coils + Cu Tube Collimator,cw_1200,CW (+1200 RPM),1200.0,200.0,0.02731874573645611,0.03688030674421575,541.1892849926198,6.021542882826562e-15,0.2814184281961623,13060.492700729928,12642.55693430657,2.560146986054343e-18,9.867648588637191e-58,-4.9338242943185954e-58,-2.0707726375474426e-50,1.3287320061671573e-43,6.396070803814751e-76,1.0812384135038289e-73,9.208898344528752e-58,0.0,1.1095597888911064
bench_18w,Benchtop Lab (18.5 W),18.5,1.0,inner_coils_tube,Inner Coils + Cu Tube Collimator,cw_1200,CW (+1200 RPM),1200.0,500.0,0.016073504563649935,0.021699231160927413,187.3479015641023,2.0845265317682623e-15,0.09742090881333319,11303.14276689829,10941.442198357545,2.215667322106411e-18,8.539910654727068e-58,-4.269955327363534e-58,-1.792140564396712e-50,4.599779781299097e-44,7.665006896430852e-77,3.163448771177094e-72,1.992449578648952e-57,0.0,1.1136764824990222
bench_18w,Benchtop Lab (18.5 W),18.5,1.0,inner_coils_tube,Inner Coils + Cu Tube Collimator,cw_1200,CW (+1200 RPM),1200.0,1000.0,0.008052026452617928,0.010870235711034203,47.01517567787565,5.231143785335906e-16,0.024447891352495338,5673.073874445148,5491.535510462903,1.1120486274237317e-18,4.286201194176586e-58,-2.143100597088293e-58,-8.994795540393138e-51,1.1543201321810532e-44,4.827152400284327e-78,1.2750265854408716e-71,2.000030236526309e-57,0.0,1.1123762514629607
bench_18w,Benchtop Lab (18.5 W),18.5,1.0,inner_coils_tube,Inner Coils + Cu Tube Collimator,ccw_1200,CCW (-1200 RPM),-1200.0,7.83,0.026231560251378322,0.03541260633936074,498.97171038134445,5.551809015249728e-15,0.2594652893982991,471.43091780101105,-456.34512843137867,-9.24109427566724e-20,-3.5618216994364195e-59,1.7809108497182098e-59,7.47465097562247e-52,1.2250790992003896e-43,5.437092619119566e-76,3.3095239890993696e-82,1.301361474989931e-60,0.0,1.118815753504808
bench_18w,Benchtop Lab (18.5 W),18.5,1.0,inner_coils_tube,Inner Coils + Cu Tube Collimator,ccw_1200,CCW (-1200 RPM),-1200.0,25.0,0.02684085645933564,0.036235156220103114,522.4207476401228,5.8127147414535595e-15,0.27165878877286387,1575.9440713420677,-1525.5138610591214,-3.0892008110927664e-19,-1.190679605102539e-58,5.953398025512695e-59,2.4986973585291164e-51,1.2826513519843117e-43,5.960129781719049e-76,3.8434744516535024e-79,1.3889894012995973e-59,0.0,1.1244898461935557
bench_18w,Benchtop Lab (18.5 W),18.5,1.0,inner_coils_tube,Inner Coils + Cu Tube Collimator,ccw_1200,CCW (-1200 RPM),-1200.0,50.0,0.0276035544446467,0.03726479850027305,552.5323300902696,6.1477512804637496e-15,0.2873168116469402,3333.5584536562637,-3226.884583139263,-6.534515828401395e-19,-2.518617338878984e-58,1.259308669439492e-58,5.2854373794876485e-51,1.3565815358725548e-43,6.666997210978164e-76,2.7515570983152933e-77,5.8761950312083095e-59,0.0,1.1209847214410396
bench_18w,Benchtop Lab (18.5 W),18.5,1.0,inner_coils_tube,Inner Coils + Cu Tube Collimator,ccw_1200,CCW (-1200 RPM),-1200.0,100.0,0.028514584179580693,0.03849468864243394,589.6058214233657,6.560249502562476e-15,0.30659502714015013,7114.463220675943,-6886.800397614313,-1.3945929904152878e-18,-5.375220105937554e-58,2.687610052968777e-58,1.128015313495028e-50,1.4476046508540666e-43,7.59168901765846e-76,2.0052412940896357e-75,2.5081890123268933e-58,0.0,1.1054107572533687
bench_18w,Benchtop Lab (18.5 W),18.5,1.0,inner_coils_tube,Inner Coils + Cu Tube Collimator,ccw_1200,CCW (-1200 RPM),-1200.0,120.0,0.032889999999999996,0.044401499999999997,784.4322210253963,8.727985546941716e-15,0.40790475493320605,11358.397049999996,-10994.928344399996,-2.226498390243796e-18,-8.581657153971634e-58,4.290828576985817e-58,1.8009012643317086e-50,1.925943893659032e-43,1.3437724483235763e-75,1.0598427629933889e-74,4.80525472600579e-58,0.0,1.1122058450180108
bench_18w,Benchtop Lab (18.5 W),18.5,1.0,inner_coils_tube,Inner Coils + Cu Tube Collimator,ccw_1200,CCW (-1200 RPM),-1200.0,200.0,0.02731874573645611,0.03688030674421575,541.1892849926198,6.021542882826562e-15,0.2814184281961623,13060.492700729928,-12642.55693430657,-2.560146986054343e-18,-9.867648588637191e-58,4.9338242943185954e-58,2.0707726375474426e-50,1.3287320061671573e-43,6.396070803814751e-76,1.0812384135038289e-73,9.208898344528752e-58,0.0,1.1095597888911064
bench_18w,Benchtop Lab (18.5 W),18.5,1.0,inner_coils_tube,Inner Coils + Cu Tube Collimator,ccw_1200,CCW (-1200 RPM),-1200.0,500.0,0.016073504563649935,0.021699231160927413,187.3479015641023,2.0845265317682623e-15,0.09742090881333319,11303.14276689829,-10941.442198357545,-2.215667322106411e-18,-8.539910654727068e-58,4.269955327363534e-58,1.792140564396712e-50,4.599779781299097e-44,7.665006896430852e-77,3.163448771177094e-72,1.992449578648952e-57,0.0,1.1136764824990222
bench_18w,Benchtop Lab (18.5 W),18.5,1.0,inner_coils_tube,Inner Coils + Cu Tube Collimator,ccw_1200,CCW (-1200 RPM),-1200.0,1000.0,0.008052026452617928,0.010870235711034203,47.01517567787565,5.231143785335906e-16,0.024447891352495338,5673.073874445148,-5491.535510462903,-1.1120486274237317e-18,-4.286201194176586e-58,2.143100597088293e-58,8.994795540393138e-51,1.1543201321810532e-44,4.827152400284327e-78,1.2750265854408716e-71,2.000030236526309e-57,0.0,1.1123762514629607
bench_18w,Benchtop Lab (18.5 W),18.5,1.0,inner_coils_tube,Inner Coils + Cu Tube Collimator,static_0,Static (0 RPM),0.0,7.83,0.026231560251378322,0.03541260633936074,498.97171038134445,5.551809015249728e-15,0.2594652893982991,471.43091780101105,456.34512843137867,9.24109427566724e-20,3.5618216994364195e-59,-1.7809108497182098e-59,-7.47465097562247e-52,1.2250790992003896e-43,5.437092619119566e-76,3.3095239890993696e-82,1.301361474989931e-60,0.0,1.118815753504808
bench_18w,Benchtop Lab (18.5 W),18.5,1.0,inner_coils_tube,Inner Coils + Cu Tube Collimator,static_0,Static (0 RPM),0.0,25.0,0.02684085645933564,0.036235156220103114,522.4207476401228,5.8127147414535595e-15,0.27165878877286387,1575.9440713420677,1525.5138610591214,3.0892008110927664e-19,1.190679605102539e-58,-5.953398025512695e-59,-2.4986973585291164e-51,1.2826513519843117e-43,5.960129781719049e-76,3.8434744516535024e-79,1.3889894012995973e-59,0.0,1.1244898461935557
bench_18w,Benchtop Lab (18.5 W),18.5,1.0,inner_coils_tube,Inner Coils + Cu Tube Collimator,static_0,Static (0 RPM),0.0,50.0,0.0276035544446467,0.03726479850027305,552.5323300902696,6.1477512804637496e-15,0.2873168116469402,3333.5584536562637,3226.884583139263,6.534515828401395e-19,2.518617338878984e-58,-1.259308669439492e-58,-5.2854373794876485e-51,1.3565815358725548e-43,6.666997210978164e-76,2.7515570983152933e-77,5.8761950312083095e-59,0.0,1.1209847214410396
bench_18w,Benchtop Lab (18.5 W),18.5,1.0,inner_coils_tube,Inner Coils + Cu Tube Collimator,static_0,Static (0 RPM),0.0,100.0,0.028514584179580693,0.03849468864243394,589.6058214233657,6.560249502562476e-15,0.30659502714015013,7114.463220675943,6886.800397614313,1.3945929904152878e-18,5.375220105937554e-58,-2.687610052968777e-58,-1.128015313495028e-50,1.4476046508540666e-43,7.59168901765846e-76,2.0052412940896357e-75,2.5081890123268933e-58,0.0,1.1054107572533687
bench_18w,Benchtop Lab (18.5 W),18.5,1.0,inner_coils_tube,Inner Coils + Cu Tube Collimator,static_0,Static (0 RPM),0.0,120.0,0.032889999999999996,0.044401499999999997,784.4322210253963,8.727985546941716e-15,0.40790475493320605,11358.397049999996,10994.928344399996,2.226498390243796e-18,8.581657153971634e-58,-4.290828576985817e-58,-1.8009012643317086e-50,1.925943893659032e-43,1.3437724483235763e-75,1.0598427629933889e-74,4.80525472600579e-58,0.0,1.1122058450180108
bench_18w,Benchtop Lab (18.5 W),18.5,1.0,inner_coils_tube,Inner Coils + Cu Tube Collimator,static_0,Static (0 RPM),0.0,200.0,0.02731874573645611,0.03688030674421575,541.1892849926198,6.021542882826562e-15,0.2814184281961623,13060.492700729928,12642.55693430657,2.560146986054343e-18,9.867648588637191e-58,-4.9338242943185954e-58,-2.0707726375474426e-50,1.3287320061671573e-43,6.396070803814751e-76,1.0812384135038289e-73,9.208898344528752e-58,0.0,1.1095597888911064
bench_18w,Benchtop Lab (18.5 W),18.5,1.0,inner_coils_tube,Inner Coils + Cu Tube Collimator,static_0,Static (0 RPM),0.0,500.0,0.016073504563649935,0.021699231160927413,187.3479015641023,2.0845265317682623e-15,0.09742090881333319,11303.14276689829,10941.442198357545,2.215667322106411e-18,8.539910654727068e-58,-4.269955327363534e-58,-1.792140564396712e-50,4.599779781299097e-44,7.665006896430852e-77,3.163448771177094e-72,1.992449578648952e-57,0.0,1.1136764824990222
bench_18w,Benchtop Lab (18.5 W),18.5,1.0,inner_coils_tube,Inner Coils + Cu Tube Collimator,static_0,Static (0 RPM),0.0,1000.0,0.008052026452617928,0.010870235711034203,47.01517567787565,5.231143785335906e-16,0.024447891352495338,5673.073874445148,5491.535510462903,1.1120486274237317e-18,4.286201194176586e-58,-2.143100597088293e-58,-8.994795540393138e-51,1.1543201321810532e-44,4.827152400284327e-78,1.2750265854408716e-71,2.000030236526309e-57,0.0,1.1123762514629607
bench_18w,Benchtop Lab (18.5 W),18.5,1.0,single_rotor_baseline,Single Rotor Dipole (Baseline),cw_1200,CW (+1200 RPM),1200.0,7.83,0.007154061886739542,0.007154061886739542,20.36411428961715,2.265813290582481e-16,0.010589339430600916,35.06510958850495,0.0,0.0,0.0,-0.0,-0.0,4.9998126689129224e-45,9.056198547598898e-79,1.0420512182324325e-85,2.3091902334543153e-62,0.0,1.123815753504808
bench_18w,Benchtop Lab (18.5 W),18.5,1.0,single_rotor_baseline,Single Rotor Dipole (Baseline),cw_1200,CW (+1200 RPM),1200.0,25.0,0.00732023357981881,0.00732023357981881,21.321120197535873,2.3722945582914227e-16,0.011086982502718654,117.21898051304636,0.0,0.0,0.0,-0.0,-0.0,5.234777479784966e-45,9.927386280472343e-79,1.2101731994638554e-82,2.464680891123971e-61,0.0,1.1294898461935556
bench_18w,Benchtop Lab (18.5 W),18.5,1.0,single_rotor_baseline,Single Rotor Dipole (Baseline),cw_1200,CW (+1200 RPM),1200.0,50.0,0.007528242121267282,0.007528242121267282,22.550038979298844,2.509030213432814e-16,0.011726020269235398,247.9506287843502,0.0,0.0,0.0,-0.0,-0.0,5.5365025441181737e-45,1.110476769267975e-78,8.663673192215873e-81,1.0426966247824426e-60,0.0,1.1259847214410394
bench_18w,Benchtop Lab (18.5 W),18.5,1.0,single_rotor_baseline,Single Rotor Dipole (Baseline),cw_1200,CW (+1200 RPM),1200.0,100.0,0.00777670477624928,0.00777670477624928,24.06308831439106,2.6773796561830386e-16,0.01251280592348335,529.1749502982105,0.0,0.0,0.0,-0.0,-0.0,5.907987555776227e-45,1.2644964482263036e-78,6.313790563955801e-79,4.4506354938527103e-60,0.0,1.1104107572533686
bench_18w,Benchtop Lab (18.5 W),18.5,1.0,single_rotor_baseline,Single Rotor Dipole (Baseline),cw_1200,CW (+1200 RPM),1200.0,120.0,0.008969999999999999,0.008969999999999999,32.01437490155694,3.562079602873889e-16,0.01664747494880961,844.8394499999996,0.0,0.0,0.0,-0.0,-0.0,7.860193423769162e-45,2.238231155382101e-78,3.3370673424628743e-78,8.526644975900076e-60,0.0,1.1172058450180107
bench_18w,Benchtop Lab (18.5 W),18.5,1.0,single_rotor_baseline,Single Rotor Dipole (Baseline),cw_1200,CW (+1200 RPM),1200.0,200.0,0.007450567019033484,0.007450567019033484,22.087104784925003,2.457521837700895e-16,0.011485294488161001,971.4416058394163,0.0,0.0,0.0,-0.0,-0.0,5.4228425922545446e-45,1.0653503845080297e-78,3.404434624744943e-77,1.634065440443759e-59,0.0,1.1145597888911063
bench_18w,Benchtop Lab (18.5 W),18.5,1.0,single_rotor_baseline,Single Rotor Dipole (Baseline),cw_1200,CW (+1200 RPM),1200.0,500.0,0.004383683062813618,0.004383683062813618,7.646072913544072,8.507403455844865e-17,0.003975957915042917,840.7296272899554,0.0,0.0,0.0,-0.0,-0.0,1.877269577104122e-45,1.2767085129044881e-79,9.960573353385669e-76,3.5354858708278614e-59,0.0,1.118676482499022
bench_18w,Benchtop Lab (18.5 W),18.5,1.0,single_rotor_baseline,Single Rotor Dipole (Baseline),cw_1200,CW (+1200 RPM),1200.0,1000.0,0.0021960072143503437,0.0021960072143503437,1.9187909673660672,2.1349428773950316e-17,0.0009977713030303549,421.96417247939115,0.0,0.0,0.0,-0.0,-0.0,4.711030026247661e-46,8.040262253909083e-81,4.0146045504254293e-75,3.54893730724335e-59,0.0,1.1173762514629606
bench_18w,Benchtop Lab (18.5 W),18.5,1.0,single_rotor_baseline,Single Rotor Dipole (Baseline),ccw_1200,CCW (-1200 RPM),-1200.0,7.83,0.007154061886739542,0.007154061886739542,20.36411428961715,2.265813290582481e-16,0.010589339430600916,35.06510958850495,-0.0,-0.0,-0.0,0.0,0.0,4.9998126689129224e-45,9.056198547598898e-79,1.0420512182324325e-85,2.3091902334543153e-62,0.0,1.123815753504808
bench_18w,Benchtop Lab (18.5 W),18.5,1.0,single_rotor_baseline,Single Rotor Dipole (Baseline),ccw_1200,CCW (-1200 RPM),-1200.0,25.0,0.00732023357981881,0.00732023357981881,21.321120197535873,2.3722945582914227e-16,0.011086982502718654,117.21898051304636,-0.0,-0.0,-0.0,0.0,0.0,5.234777479784966e-45,9.927386280472343e-79,1.2101731994638554e-82,2.464680891123971e-61,0.0,1.1294898461935556
bench_18w,Benchtop Lab (18.5 W),18.5,1.0,single_rotor_baseline,Single Rotor Dipole (Baseline),ccw_1200,CCW (-1200 RPM),-1200.0,50.0,0.007528242121267282,0.007528242121267282,22.550038979298844,2.509030213432814e-16,0.011726020269235398,247.9506287843502,-0.0,-0.0,-0.0,0.0,0.0,5.5365025441181737e-45,1.110476769267975e-78,8.663673192215873e-81,1.0426966247824426e-60,0.0,1.1259847214410394
bench_18w,Benchtop Lab (18.5 W),18.5,1.0,single_rotor_baseline,Single Rotor Dipole (Baseline),ccw_1200,CCW (-1200 RPM),-1200.0,100.0,0.00777670477624928,0.00777670477624928,24.06308831439106,2.6773796561830386e-16,0.01251280592348335,529.1749502982105,-0.0,-0.0,-0.0,0.0,0.0,5.907987555776227e-45,1.2644964482263036e-78,6.313790563955801e-79,4.4506354938527103e-60,0.0,1.1104107572533686
bench_18w,Benchtop Lab (18.5 W),18.5,1.0,single_rotor_baseline,Single Rotor Dipole (Baseline),ccw_1200,CCW (-1200 RPM),-1200.0,120.0,0.008969999999999999,0.008969999999999999,32.01437490155694,3.562079602873889e-16,0.01664747494880961,844.8394499999996,-0.0,-0.0,-0.0,0.0,0.0,7.860193423769162e-45,2.238231155382101e-78,3.3370673424628743e-78,8.526644975900076e-60,0.0,1.1172058450180107
bench_18w,Benchtop Lab (18.5 W),18.5,1.0,single_rotor_baseline,Single Rotor Dipole (Baseline),ccw_1200,CCW (-1200 RPM),-1200.0,200.0,0.007450567019033484,0.007450567019033484,22.087104784925003,2.457521837700895e-16,0.011485294488161001,971.4416058394163,-0.0,-0.0,-0.0,0.0,0.0,5.4228425922545446e-45,1.0653503845080297e-78,3.404434624744943e-77,1.634065440443759e-59,0.0,1.1145597888911063
bench_18w,Benchtop Lab (18.5 W),18.5,1.0,single_rotor_baseline,Single Rotor Dipole (Baseline),ccw_1200,CCW (-1200 RPM),-1200.0,500.0,0.004383683062813618,0.004383683062813618,7.646072913544072,8.507403455844865e-17,0.003975957915042917,840.7296272899554,-0.0,-0.0,-0.0,0.0,0.0,1.877269577104122e-45,1.2767085129044881e-79,9.960573353385669e-76,3.5354858708278614e-59,0.0,1.118676482499022
bench_18w,Benchtop Lab (18.5 W),18.5,1.0,single_rotor_baseline,Single Rotor Dipole (Baseline),ccw_1200,CCW (-1200 RPM),-1200.0,1000.0,0.0021960072143503437,0.0021960072143503437,1.9187909673660672,2.1349428773950316e-17,0.0009977713030303549,421.96417247939115,-0.0,-0.0,-0.0,0.0,0.0,4.711030026247661e-46,8.040262253909083e-81,4.0146045504254293e-75,3.54893730724335e-59,0.0,1.1173762514629606
bench_18w,Benchtop Lab (18.5 W),18.5,1.0,single_rotor_baseline,Single Rotor Dipole (Baseline),static_0,Static (0 RPM),0.0,7.83,0.007154061886739542,0.007154061886739542,20.36411428961715,2.265813290582481e-16,0.010589339430600916,35.06510958850495,0.0,0.0,0.0,-0.0,-0.0,4.9998126689129224e-45,9.056198547598898e-79,1.0420512182324325e-85,2.3091902334543153e-62,0.0,1.123815753504808
bench_18w,Benchtop Lab (18.5 W),18.5,1.0,single_rotor_baseline,Single Rotor Dipole (Baseline),static_0,Static (0 RPM),0.0,25.0,0.00732023357981881,0.00732023357981881,21.321120197535873,2.3722945582914227e-16,0.011086982502718654,117.21898051304636,0.0,0.0,0.0,-0.0,-0.0,5.234777479784966e-45,9.927386280472343e-79,1.2101731994638554e-82,2.464680891123971e-61,0.0,1.1294898461935556
bench_18w,Benchtop Lab (18.5 W),18.5,1.0,single_rotor_baseline,Single Rotor Dipole (Baseline),static_0,Static (0 RPM),0.0,50.0,0.007528242121267282,0.007528242121267282,22.550038979298844,2.509030213432814e-16,0.011726020269235398,247.9506287843502,0.0,0.0,0.0,-0.0,-0.0,5.5365025441181737e-45,1.110476769267975e-78,8.663673192215873e-81,1.0426966247824426e-60,0.0,1.1259847214410394
bench_18w,Benchtop Lab (18.5 W),18.5,1.0,single_rotor_baseline,Single Rotor Dipole (Baseline),static_0,Static (0 RPM),0.0,100.0,0.00777670477624928,0.00777670477624928,24.06308831439106,2.6773796561830386e-16,0.01251280592348335,529.1749502982105,0.0,0.0,0.0,-0.0,-0.0,5.907987555776227e-45,1.2644964482263036e-78,6.313790563955801e-79,4.4506354938527103e-60,0.0,1.1104107572533686
bench_18w,Benchtop Lab (18.5 W),18.5,1.0,single_rotor_baseline,Single Rotor Dipole (Baseline),static_0,Static (0 RPM),0.0,120.0,0.008969999999999999,0.008969999999999999,32.01437490155694,3.562079602873889e-16,0.01664747494880961,844.8394499999996,0.0,0.0,0.0,-0.0,-0.0,7.860193423769162e-45,2.238231155382101e-78,3.3370673424628743e-78,8.526644975900076e-60,0.0,1.1172058450180107
bench_18w,Benchtop Lab (18.5 W),18.5,1.0,single_rotor_baseline,Single Rotor Dipole (Baseline),static_0,Static (0 RPM),0.0,200.0,0.007450567019033484,0.007450567019033484,22.087104784925003,2.457521837700895e-16,0.011485294488161001,971.4416058394163,0.0,0.0,0.0,-0.0,-0.0,5.4228425922545446e-45,1.0653503845080297e-78,3.404434624744943e-77,1.634065440443759e-59,0.0,1.1145597888911063
bench_18w,Benchtop Lab (18.5 W),18.5,1.0,single_rotor_baseline,Single Rotor Dipole (Baseline),static_0,Static (0 RPM),0.0,500.0,0.004383683062813618,0.004383683062813618,7.646072913544072,8.507403455844865e-17,0.003975957915042917,840.7296272899554,0.0,0.0,0.0,-0.0,-0.0,1.877269577104122e-45,1.2767085129044881e-79,9.960573353385669e-76,3.5354858708278614e-59,0.0,1.118676482499022
bench_18w,Benchtop Lab (18.5 W),18.5,1.0,single_rotor_baseline,Single Rotor Dipole (Baseline),static_0,Static (0 RPM),0.0,1000.0,0.0021960072143503437,0.0021960072143503437,1.9187909673660672,2.1349428773950316e-17,0.0009977713030303549,421.96417247939115,0.0,0.0,0.0,-0.0,-0.0,4.711030026247661e-46,8.040262253909083e-81,4.0146045504254293e-75,3.54893730724335e-59,0.0,1.1173762514629606
rated_2kw,Industrial Stator (2.4 kW),2400.0,1.0,toroid_24c_pairwise,Toroidal 24C (Pisano Pairwise 180°),cw_1200,CW (+1200 RPM),1200.0,7.83,0.3165340796458207,0.3165340796458207,39865.85572398232,4.4356746605914396e-13,20.730244976470804,68645.29337834749,67615.61397767227,1.3692318036188952e-17,5.27746975001628e-57,-2.63873487500814e-57,-1.1075019398646185e-49,9.787894905276966e-42,3.470699915834324e-72,2.397134289412244e-78,1.1075449502657025e-58,0.0,1.118815753504808
rated_2kw,Industrial Stator (2.4 kW),2400.0,1.0,toroid_24c_pairwise,Toroidal 24C (Pisano Pairwise 180°),cw_1200,CW (+1200 RPM),1200.0,25.0,0.3238864068642264,0.3238864068642264,41739.34056646027,4.644127962091309e-13,21.704457094559338,229474.00995622948,226031.89980688604,4.5771981890186845e-17,1.7642027389760273e-56,-8.821013694880137e-57,-3.70226272869569e-49,1.0247874314016264e-41,3.8045741319601847e-72,2.783882041310051e-75,1.1821221289756201e-57,0.0,1.1244898461935557
rated_2kw,Industrial Stator (2.4 kW),2400.0,1.0,toroid_24c_pairwise,Toroidal 24C (Pisano Pairwise 180°),cw_1200,CW (+1200 RPM),1200.0,50.0,0.33308982071054816,0.33308982071054816,44145.136279128885,4.911808835546738e-13,22.955470865147017,485401.12539180985,478120.1085109327,9.682042652737936e-17,3.7317777079923727e-56,-1.8658888539961864e-56,-7.831311682520479e-49,1.083854708828712e-41,4.255794094373283e-72,1.9929911042712228e-73,5.0010318106593216e-57,0.0,1.1209847214410396
rated_2kw,Industrial Stator (2.4 kW),2400.0,1.0,toroid_24c_pairwise,Toroidal 24C (Pisano Pairwise 180°),cw_1200,CW (+1200 RPM),1200.0,100.0,0.34408314157723796,0.34408314157723796,47107.1608306611,5.24137851387619e-13,24.495723631943772,1035940.5727795389,1020401.4641878458,2.066336538312958e-16,7.964340694890287e-56,-3.9821703474451433e-56,-1.671354491289411e-48,1.1565785585761705e-41,4.846059517539423e-72,1.4524241795617786e-71,2.134635248009068e-56,0.0,1.1054107572533687
rated_2kw,Industrial Stator (2.4 kW),2400.0,1.0,toroid_24c_pairwise,Toroidal 24C (Pisano Pairwise 180°),cw_1200,CW (+1200 RPM),1200.0,120.0,0.3968809243439499,0.3968809243439499,62673.015519740744,6.973313423108884e-13,32.589968070265186,1653901.9151351347,1629093.3864081076,3.2989517428204795e-16,1.2715245134887628e-55,-6.357622567443814e-56,-2.6683542151423528e-48,1.538752594579291e-41,8.57780297303888e-72,7.676588648170713e-71,4.089590562506328e-56,0.0,1.1122058450180108
rated_2kw,Industrial Stator (2.4 kW),2400.0,1.0,toroid_24c_pairwise,Toroidal 24C (Pisano Pairwise 180°),cw_1200,CW (+1200 RPM),1200.0,200.0,0.329653057458256,0.329653057458256,43238.87207631919,4.810973343941179e-13,22.484213479685977,1901744.9201025844,1873218.7463010456,3.7933112363920364e-16,1.4620669231860637e-55,-7.3103346159303185e-56,-3.068216456637131e-48,1.0616040419047867e-41,4.082851618603719e-72,7.831560322803729e-70,7.837383428821742e-56,0.0,1.1095597888911064
rated_2kw,Industrial Stator (2.4 kW),2400.0,1.0,toroid_24c_pairwise,Toroidal 24C (Pisano Pairwise 180°),cw_1200,CW (+1200 RPM),1200.0,500.0,0.19395765730216125,0.19395765730216125,14968.352430717367,1.6654538171067994e-13,7.78354326397303,1645856.3111437394,1621168.4664765832,3.282903596877503e-16,1.2653390301736618e-55,-6.326695150868309e-56,-2.6553736864136876e-48,3.67504115580473e-42,4.892861066365861e-73,2.2913299759015194e-68,1.695706774713676e-55,0.0,1.1136764824990222
rated_2kw,Industrial Stator (2.4 kW),2400.0,1.0,toroid_24c_pairwise,Toroidal 24C (Pisano Pairwise 180°),cw_1200,CW (+1200 RPM),1200.0,1000.0,0.0971631408135281,0.0971631408135281,3756.3256020664485,4.179475891694876e-14,1.953289313074553,826059.1441155801,813668.2569538464,1.64769701770992e-16,6.350766280167744e-56,-3.175383140083872e-56,-1.3327382833205035e-48,9.222558892899867e-43,3.0813522231496103e-74,9.235195024846335e-68,1.702158417484358e-55,0.0,1.1123762514629607
rated_2kw,Industrial Stator (2.4 kW),2400.0,1.0,toroid_24c_pairwise,Toroidal 24C (Pisano Pairwise 180°),ccw_1200,CCW (-1200 RPM),-1200.0,7.83,0.3165340796458207,0.3165340796458207,39865.85572398232,4.4356746605914396e-13,20.730244976470804,68645.29337834749,-67615.61397767227,-1.3692318036188952e-17,-5.27746975001628e-57,2.63873487500814e-57,1.1075019398646185e-49,9.787894905276966e-42,3.470699915834324e-72,2.397134289412244e-78,1.1075449502657025e-58,0.0,1.118815753504808
rated_2kw,Industrial Stator (2.4 kW),2400.0,1.0,toroid_24c_pairwise,Toroidal 24C (Pisano Pairwise 180°),ccw_1200,CCW (-1200 RPM),-1200.0,25.0,0.3238864068642264,0.3238864068642264,41739.34056646027,4.644127962091309e-13,21.704457094559338,229474.00995622948,-226031.89980688604,-4.5771981890186845e-17,-1.7642027389760273e-56,8.821013694880137e-57,3.70226272869569e-49,1.0247874314016264e-41,3.8045741319601847e-72,2.783882041310051e-75,1.1821221289756201e-57,0.0,1.1244898461935557
rated_2kw,Industrial Stator (2.4 kW),2400.0,1.0,toroid_24c_pairwise,Toroidal 24C (Pisano Pairwise 180°),ccw_1200,CCW (-1200 RPM),-1200.0,50.0,0.33308982071054816,0.33308982071054816,44145.136279128885,4.911808835546738e-13,22.955470865147017,485401.12539180985,-478120.1085109327,-9.682042652737936e-17,-3.7317777079923727e-56,1.8658888539961864e-56,7.831311682520479e-49,1.083854708828712e-41,4.255794094373283e-72,1.9929911042712228e-73,5.0010318106593216e-57,0.0,1.1209847214410396
rated_2kw,Industrial Stator (2.4 kW),2400.0,1.0,toroid_24c_pairwise,Toroidal 24C (Pisano Pairwise 180°),ccw_1200,CCW (-1200 RPM),-1200.0,100.0,0.34408314157723796,0.34408314157723796,47107.1608306611,5.24137851387619e-13,24.495723631943772,1035940.5727795389,-1020401.4641878458,-2.066336538312958e-16,-7.964340694890287e-56,3.9821703474451433e-56,1.671354491289411e-48,1.1565785585761705e-41,4.846059517539423e-72,1.4524241795617786e-71,2.134635248009068e-56,0.0,1.1054107572533687
rated_2kw,Industrial Stator (2.4 kW),2400.0,1.0,toroid_24c_pairwise,Toroidal 24C (Pisano Pairwise 180°),ccw_1200,CCW (-1200 RPM),-1200.0,120.0,0.3968809243439499,0.3968809243439499,62673.015519740744,6.973313423108884e-13,32.589968070265186,1653901.9151351347,-1629093.3864081076,-3.2989517428204795e-16,-1.2715245134887628e-55,6.357622567443814e-56,2.6683542151423528e-48,1.538752594579291e-41,8.57780297303888e-72,7.676588648170713e-71,4.089590562506328e-56,0.0,1.1122058450180108
rated_2kw,Industrial Stator (2.4 kW),2400.0,1.0,toroid_24c_pairwise,Toroidal 24C (Pisano Pairwise 180°),ccw_1200,CCW (-1200 RPM),-1200.0,200.0,0.329653057458256,0.329653057458256,43238.87207631919,4.810973343941179e-13,22.484213479685977,1901744.9201025844,-1873218.7463010456,-3.7933112363920364e-16,-1.4620669231860637e-55,7.3103346159303185e-56,3.068216456637131e-48,1.0616040419047867e-41,4.082851618603719e-72,7.831560322803729e-70,7.837383428821742e-56,0.0,1.1095597888911064
rated_2kw,Industrial Stator (2.4 kW),2400.0,1.0,toroid_24c_pairwise,Toroidal 24C (Pisano Pairwise 180°),ccw_1200,CCW (-1200 RPM),-1200.0,500.0,0.19395765730216125,0.19395765730216125,14968.352430717367,1.6654538171067994e-13,7.78354326397303,1645856.3111437394,-1621168.4664765832,-3.282903596877503e-16,-1.2653390301736618e-55,6.326695150868309e-56,2.6553736864136876e-48,3.67504115580473e-42,4.892861066365861e-73,2.2913299759015194e-68,1.695706774713676e-55,0.0,1.1136764824990222
rated_2kw,Industrial Stator (2.4 kW),2400.0,1.0,toroid_24c_pairwise,Toroidal 24C (Pisano Pairwise 180°),ccw_1200,CCW (-1200 RPM),-1200.0,1000.0,0.0971631408135281,0.0971631408135281,3756.3256020664485,4.179475891694876e-14,1.953289313074553,826059.1441155801,-813668.2569538464,-1.64769701770992e-16,-6.350766280167744e-56,3.175383140083872e-56,1.3327382833205035e-48,9.222558892899867e-43,3.0813522231496103e-74,9.235195024846335e-68,1.702158417484358e-55,0.0,1.1123762514629607
rated_2kw,Industrial Stator (2.4 kW),2400.0,1.0,toroid_24c_pairwise,Toroidal 24C (Pisano Pairwise 180°),static_0,Static (0 RPM),0.0,7.83,0.3165340796458207,0.3165340796458207,39865.85572398232,4.4356746605914396e-13,20.730244976470804,68645.29337834749,67615.61397767227,1.3692318036188952e-17,5.27746975001628e-57,-2.63873487500814e-57,-1.1075019398646185e-49,9.787894905276966e-42,3.470699915834324e-72,2.397134289412244e-78,1.1075449502657025e-58,0.0,1.118815753504808
rated_2kw,Industrial Stator (2.4 kW),2400.0,1.0,toroid_24c_pairwise,Toroidal 24C (Pisano Pairwise 180°),static_0,Static (0 RPM),0.0,25.0,0.3238864068642264,0.3238864068642264,41739.34056646027,4.644127962091309e-13,21.704457094559338,229474.00995622948,226031.89980688604,4.5771981890186845e-17,1.7642027389760273e-56,-8.821013694880137e-57,-3.70226272869569e-49,1.0247874314016264e-41,3.8045741319601847e-72,2.783882041310051e-75,1.1821221289756201e-57,0.0,1.1244898461935557
rated_2kw,Industrial Stator (2.4 kW),2400.0,1.0,toroid_24c_pairwise,Toroidal 24C (Pisano Pairwise 180°),static_0,Static (0 RPM),0.0,50.0,0.33308982071054816,0.33308982071054816,44145.136279128885,4.911808835546738e-13,22.955470865147017,485401.12539180985,478120.1085109327,9.682042652737936e-17,3.7317777079923727e-56,-1.8658888539961864e-56,-7.831311682520479e-49,1.083854708828712e-41,4.255794094373283e-72,1.9929911042712228e-73,5.0010318106593216e-57,0.0,1.1209847214410396
rated_2kw,Industrial Stator (2.4 kW),2400.0,1.0,toroid_24c_pairwise,Toroidal 24C (Pisano Pairwise 180°),static_0,Static (0 RPM),0.0,100.0,0.34408314157723796,0.34408314157723796,47107.1608306611,5.24137851387619e-13,24.495723631943772,1035940.5727795389,1020401.4641878458,2.066336538312958e-16,7.964340694890287e-56,-3.9821703474451433e-56,-1.671354491289411e-48,1.1565785585761705e-41,4.846059517539423e-72,1.4524241795617786e-71,2.134635248009068e-56,0.0,1.1054107572533687
rated_2kw,Industrial Stator (2.4 kW),2400.0,1.0,toroid_24c_pairwise,Toroidal 24C (Pisano Pairwise 180°),static_0,Static (0 RPM),0.0,120.0,0.3968809243439499,0.3968809243439499,62673.015519740744,6.973313423108884e-13,32.589968070265186,1653901.9151351347,1629093.3864081076,3.2989517428204795e-16,1.2715245134887628e-55,-6.357622567443814e-56,-2.6683542151423528e-48,1.538752594579291e-41,8.57780297303888e-72,7.676588648170713e-71,4.089590562506328e-56,0.0,1.1122058450180108
rated_2kw,Industrial Stator (2.4 kW),2400.0,1.0,toroid_24c_pairwise,Toroidal 24C (Pisano Pairwise 180°),static_0,Static (0 RPM),0.0,200.0,0.329653057458256,0.329653057458256,43238.87207631919,4.810973343941179e-13,22.484213479685977,1901744.9201025844,1873218.7463010456,3.7933112363920364e-16,1.4620669231860637e-55,-7.3103346159303185e-56,-3.068216456637131e-48,1.0616040419047867e-41,4.082851618603719e-72,7.831560322803729e-70,7.837383428821742e-56,0.0,1.1095597888911064
rated_2kw,Industrial Stator (2.4 kW),2400.0,1.0,toroid_24c_pairwise,Toroidal 24C (Pisano Pairwise 180°),static_0,Static (0 RPM),0.0,500.0,0.19395765730216125,0.19395765730216125,14968.352430717367,1.6654538171067994e-13,7.78354326397303,1645856.3111437394,1621168.4664765832,3.282903596877503e-16,1.2653390301736618e-55,-6.326695150868309e-56,-2.6553736864136876e-48,3.67504115580473e-42,4.892861066365861e-73,2.2913299759015194e-68,1.695706774713676e-55,0.0,1.1136764824990222
rated_2kw,Industrial Stator (2.4 kW),2400.0,1.0,toroid_24c_pairwise,Toroidal 24C (Pisano Pairwise 180°),static_0,Static (0 RPM),0.0,1000.0,0.0971631408135281,0.0971631408135281,3756.3256020664485,4.179475891694876e-14,1.953289313074553,826059.1441155801,813668.2569538464,1.64769701770992e-16,6.350766280167744e-56,-3.175383140083872e-56,-1.3327382833205035e-48,9.222558892899867e-43,3.0813522231496103e-74,9.235195024846335e-68,1.702158417484358e-55,0.0,1.1123762514629607
rated_2kw,Industrial Stator (2.4 kW),2400.0,1.0,toroid_24c_simultaneous,Toroidal 24C (Pisano Simultaneous),cw_1200,CW (+1200 RPM),1200.0,7.83,0.39425729920241837,0.39425729920241837,61847.1405724619,6.881422442470576e-13,32.16051309768019,106495.02016470069,2129.900403294014,4.3130975216669505e-19,1.6624096547645663e-58,-8.312048273822832e-59,-3.4886451362336054e-51,1.5184756507082391e-41,8.353224134019354e-72,9.842314118242504e-78,2.2442115332235673e-58,0.0,1.123815753504808
rated_2kw,Industrial Stator (2.4 kW),2400.0,1.0,toroid_24c_simultaneous,Toroidal 24C (Pisano Simultaneous),cw_1200,CW (+1200 RPM),1200.0,25.0,0.40341495033187813,0.40341495033187813,64753.62980513643,7.204812983236031e-13,33.67188749867094,356001.6734559068,7120.033469118136,1.441823226210264e-18,5.557260970044958e-58,-2.778630485022479e-58,-1.1662174481700697e-50,1.5898359931268352e-41,9.156787169574653e-72,1.1430248876639228e-74,2.395326812595227e-57,0.0,1.1294898461935556
rated_2kw,Industrial Stator (2.4 kW),2400.0,1.0,toroid_24c_simultaneous,Toroidal 24C (Pisano Simultaneous),cw_1200,CW (+1200 RPM),1200.0,50.0,0.41487821233056404,0.41487821233056404,68485.936134147,7.620088067854321e-13,35.61268678975644,753042.198416395,15060.8439683279,3.0498556971746208e-18,1.1755147040269754e-57,-5.877573520134877e-58,-2.466873097747727e-50,1.6814718590557814e-41,1.0242776039596083e-71,8.182956027845211e-73,1.0133560055334167e-56,0.0,1.1259847214410394
rated_2kw,Industrial Stator (2.4 kW),2400.0,1.0,toroid_24c_simultaneous,Toroidal 24C (Pisano Simultaneous),cw_1200,CW (+1200 RPM),1200.0,100.0,0.42857088327145093,0.42857088327145093,73081.16544732319,8.131376283142791e-13,38.00220603260806,1607138.7673956268,32142.775347912535,6.5089862642484226e-18,2.5087774051152256e-57,-1.2543887025576128e-57,-5.264787813980488e-50,1.7942942750461125e-41,1.1663417264086174e-71,5.9634602330446536e-71,4.325398297972675e-56,0.0,1.1104107572533686
rated_2kw,Industrial Stator (2.4 kW),2400.0,1.0,toroid_24c_simultaneous,Toroidal 24C (Pisano Simultaneous),cw_1200,CW (+1200 RPM),1200.0,120.0,0.4943328740838505,0.4943328740838505,97229.74035190964,1.0818267605263103e-12,50.559464982993006,2565832.3992,51316.647983999996,1.0391739768570416e-17,4.0053183203693695e-57,-2.0026591601846848e-57,-8.4053495703517535e-50,2.38719190382098e-41,2.064491674556853e-71,3.151905054528929e-70,8.28671224977113e-56,0.0,1.1172058450180107
rated_2kw,Industrial Stator (2.4 kW),2400.0,1.0,toroid_24c_simultaneous,Toroidal 24C (Pisano Simultaneous),cw_1200,CW (+1200 RPM),1200.0,200.0,0.410597570576719,0.410597570576719,67079.97485402219,7.463653778140311e-13,34.881586924091536,2950331.3868613145,59006.62773722629,1.194897843400349e-17,4.6055293239889e-57,-2.30276466199445e-57,-9.664920695007976e-50,1.6469525918762942e-41,9.826540900451791e-72,3.215534360067011e-69,1.5880841926133507e-55,0.0,1.1145597888911063
rated_2kw,Industrial Stator (2.4 kW),2400.0,1.0,toroid_24c_simultaneous,Toroidal 24C (Pisano Simultaneous),cw_1200,CW (+1200 RPM),1200.0,500.0,0.24158290384764247,0.24158290384764247,23221.621111818265,2.5837538031720484e-13,12.075242978145496,2553350.6001263424,51067.01200252685,1.0341187905612618e-17,3.9858339695924136e-57,-1.9929169847962068e-57,-8.364460740468048e-50,5.701389894809293e-42,1.1776058470945607e-72,9.407895699033749e-68,3.4360002272276304e-55,0.0,1.118676482499022
rated_2kw,Industrial Stator (2.4 kW),2400.0,1.0,toroid_24c_simultaneous,Toroidal 24C (Pisano Simultaneous),cw_1200,CW (+1200 RPM),1200.0,1000.0,0.12102102093407759,0.12102102093407759,5827.493059610518,6.483960479427715e-14,3.030296390997469,1281532.6569435636,25630.653138871272,5.1902664726013865e-18,2.000499421009762e-57,-1.000249710504881e-57,-4.1981424705646545e-50,1.4307704824804619e-42,7.41614843691839e-74,3.791848073728686e-67,3.449073151365589e-55,0.0,1.1173762514629606
rated_2kw,Industrial Stator (2.4 kW),2400.0,1.0,toroid_24c_simultaneous,Toroidal 24C (Pisano Simultaneous),ccw_1200,CCW (-1200 RPM),-1200.0,7.83,0.39425729920241837,0.39425729920241837,61847.1405724619,6.881422442470576e-13,32.16051309768019,106495.02016470069,-2129.900403294014,-4.3130975216669505e-19,-1.6624096547645663e-58,8.312048273822832e-59,3.4886451362336054e-51,1.5184756507082391e-41,8.353224134019354e-72,9.842314118242504e-78,2.2442115332235673e-58,0.0,1.123815753504808
rated_2kw,Industrial Stator (2.4 kW),2400.0,1.0,toroid_24c_simultaneous,Toroidal 24C (Pisano Simultaneous),ccw_1200,CCW (-1200 RPM),-1200.0,25.0,0.40341495033187813,0.40341495033187813,64753.62980513643,7.204812983236031e-13,33.67188749867094,356001.6734559068,-7120.033469118136,-1.441823226210264e-18,-5.557260970044958e-58,2.778630485022479e-58,1.1662174481700697e-50,1.5898359931268352e-41,9.156787169574653e-72,1.1430248876639228e-74,2.395326812595227e-57,0.0,1.1294898461935556
rated_2kw,Industrial Stator (2.4 kW),2400.0,1.0,toroid_24c_simultaneous,Toroidal 24C (Pisano Simultaneous),ccw_1200,CCW (-1200 RPM),-1200.0,50.0,0.41487821233056404,0.41487821233056404,68485.936134147,7.620088067854321e-13,35.61268678975644,753042.198416395,-15060.8439683279,-3.0498556971746208e-18,-1.1755147040269754e-57,5.877573520134877e-58,2.466873097747727e-50,1.6814718590557814e-41,1.0242776039596083e-71,8.182956027845211e-73,1.0133560055334167e-56,0.0,1.1259847214410394
rated_2kw,Industrial Stator (2.4 kW),2400.0,1.0,toroid_24c_simultaneous,Toroidal 24C (Pisano Simultaneous),ccw_1200,CCW (-1200 RPM),-1200.0,100.0,0.42857088327145093,0.42857088327145093,73081.16544732319,8.131376283142791e-13,38.00220603260806,1607138.7673956268,-32142.775347912535,-6.5089862642484226e-18,-2.5087774051152256e-57,1.2543887025576128e-57,5.264787813980488e-50,1.7942942750461125e-41,1.1663417264086174e-71,5.9634602330446536e-71,4.325398297972675e-56,0.0,1.1104107572533686
rated_2kw,Industrial Stator (2.4 kW),2400.0,1.0,toroid_24c_simultaneous,Toroidal 24C (Pisano Simultaneous),ccw_1200,CCW (-1200 RPM),-1200.0,120.0,0.4943328740838505,0.4943328740838505,97229.74035190964,1.0818267605263103e-12,50.559464982993006,2565832.3992,-51316.647983999996,-1.0391739768570416e-17,-4.0053183203693695e-57,2.0026591601846848e-57,8.4053495703517535e-50,2.38719190382098e-41,2.064491674556853e-71,3.151905054528929e-70,8.28671224977113e-56,0.0,1.1172058450180107
rated_2kw,Industrial Stator (2.4 kW),2400.0,1.0,toroid_24c_simultaneous,Toroidal 24C (Pisano Simultaneous),ccw_1200,CCW (-1200 RPM),-1200.0,200.0,0.410597570576719,0.410597570576719,67079.97485402219,7.463653778140311e-13,34.881586924091536,2950331.3868613145,-59006.62773722629,-1.194897843400349e-17,-4.6055293239889e-57,2.30276466199445e-57,9.664920695007976e-50,1.6469525918762942e-41,9.826540900451791e-72,3.215534360067011e-69,1.5880841926133507e-55,0.0,1.1145597888911063
rated_2kw,Industrial Stator (2.4 kW),2400.0,1.0,toroid_24c_simultaneous,Toroidal 24C (Pisano Simultaneous),ccw_1200,CCW (-1200 RPM),-1200.0,500.0,0.24158290384764247,0.24158290384764247,23221.621111818265,2.5837538031720484e-13,12.075242978145496,2553350.6001263424,-51067.01200252685,-1.0341187905612618e-17,-3.9858339695924136e-57,1.9929169847962068e-57,8.364460740468048e-50,5.701389894809293e-42,1.1776058470945607e-72,9.407895699033749e-68,3.4360002272276304e-55,0.0,1.118676482499022
rated_2kw,Industrial Stator (2.4 kW),2400.0,1.0,toroid_24c_simultaneous,Toroidal 24C (Pisano Simultaneous),ccw_1200,CCW (-1200 RPM),-1200.0,1000.0,0.12102102093407759,0.12102102093407759,5827.493059610518,6.483960479427715e-14,3.030296390997469,1281532.6569435636,-25630.653138871272,-5.1902664726013865e-18,-2.000499421009762e-57,1.000249710504881e-57,4.1981424705646545e-50,1.4307704824804619e-42,7.41614843691839e-74,3.791848073728686e-67,3.449073151365589e-55,0.0,1.1173762514629606
rated_2kw,Industrial Stator (2.4 kW),2400.0,1.0,toroid_24c_simultaneous,Toroidal 24C (Pisano Simultaneous),static_0,Static (0 RPM),0.0,7.83,0.39425729920241837,0.39425729920241837,61847.1405724619,6.881422442470576e-13,32.16051309768019,106495.02016470069,0.0,0.0,0.0,-0.0,-0.0,1.5184756507082391e-41,8.353224134019354e-72,9.842314118242504e-78,2.2442115332235673e-58,0.0,1.123815753504808
rated_2kw,Industrial Stator (2.4 kW),2400.0,1.0,toroid_24c_simultaneous,Toroidal 24C (Pisano Simultaneous),static_0,Static (0 RPM),0.0,25.0,0.40341495033187813,0.40341495033187813,64753.62980513643,7.204812983236031e-13,33.67188749867094,356001.6734559068,0.0,0.0,0.0,-0.0,-0.0,1.5898359931268352e-41,9.156787169574653e-72,1.1430248876639228e-74,2.395326812595227e-57,0.0,1.1294898461935556
rated_2kw,Industrial Stator (2.4 kW),2400.0,1.0,toroid_24c_simultaneous,Toroidal 24C (Pisano Simultaneous),static_0,Static (0 RPM),0.0,50.0,0.41487821233056404,0.41487821233056404,68485.936134147,7.620088067854321e-13,35.61268678975644,753042.198416395,0.0,0.0,0.0,-0.0,-0.0,1.6814718590557814e-41,1.0242776039596083e-71,8.182956027845211e-73,1.0133560055334167e-56,0.0,1.1259847214410394
rated_2kw,Industrial Stator (2.4 kW),2400.0,1.0,toroid_24c_simultaneous,Toroidal 24C (Pisano Simultaneous),static_0,Static (0 RPM),0.0,100.0,0.42857088327145093,0.42857088327145093,73081.16544732319,8.131376283142791e-13,38.00220603260806,1607138.7673956268,0.0,0.0,0.0,-0.0,-0.0,1.7942942750461125e-41,1.1663417264086174e-71,5.9634602330446536e-71,4.325398297972675e-56,0.0,1.1104107572533686
rated_2kw,Industrial Stator (2.4 kW),2400.0,1.0,toroid_24c_simultaneous,Toroidal 24C (Pisano Simultaneous),static_0,Static (0 RPM),0.0,120.0,0.4943328740838505,0.4943328740838505,97229.74035190964,1.0818267605263103e-12,50.559464982993006,2565832.3992,0.0,0.0,0.0,-0.0,-0.0,2.38719190382098e-41,2.064491674556853e-71,3.151905054528929e-70,8.28671224977113e-56,0.0,1.1172058450180107
rated_2kw,Industrial Stator (2.4 kW),2400.0,1.0,toroid_24c_simultaneous,Toroidal 24C (Pisano Simultaneous),static_0,Static (0 RPM),0.0,200.0,0.410597570576719,0.410597570576719,67079.97485402219,7.463653778140311e-13,34.881586924091536,2950331.3868613145,0.0,0.0,0.0,-0.0,-0.0,1.6469525918762942e-41,9.826540900451791e-72,3.215534360067011e-69,1.5880841926133507e-55,0.0,1.1145597888911063
rated_2kw,Industrial Stator (2.4 kW),2400.0,1.0,toroid_24c_simultaneous,Toroidal 24C (Pisano Simultaneous),static_0,Static (0 RPM),0.0,500.0,0.24158290384764247,0.24158290384764247,23221.621111818265,2.5837538031720484e-13,12.075242978145496,2553350.6001263424,0.0,0.0,0.0,-0.0,-0.0,5.701389894809293e-42,1.1776058470945607e-72,9.407895699033749e-68,3.4360002272276304e-55,0.0,1.118676482499022
rated_2kw,Industrial Stator (2.4 kW),2400.0,1.0,toroid_24c_simultaneous,Toroidal 24C (Pisano Simultaneous),static_0,Static (0 RPM),0.0,1000.0,0.12102102093407759,0.12102102093407759,5827.493059610518,6.483960479427715e-14,3.030296390997469,1281532.6569435636,0.0,0.0,0.0,-0.0,-0.0,1.4307704824804619e-42,7.41614843691839e-74,3.791848073728686e-67,3.449073151365589e-55,0.0,1.1173762514629606
rated_2kw,Industrial Stator (2.4 kW),2400.0,1.0,toroid_8c_pairwise,Toroidal 8C (8x8 Roots Pairwise 180°),cw_1200,CW (+1200 RPM),1200.0,7.83,0.2820600709715234,0.2820600709715234,31655.076106681383,3.52210222044806e-13,16.460639575474318,54507.09502643022,49328.920998919355,9.989220462041208e-18,3.85017413964037e-57,-1.925087069820185e-57,-8.079772183355755e-50,7.771978113199042e-42,2.1882735343090783e-72,1.1104099063287462e-78,7.53801232132888e-59,0.0,1.118815753504808
rated_2kw,Industrial Stator (2.4 kW),2400.0,1.0,toroid_8c_pairwise,Toroidal 8C (8x8 Roots Pairwise 180°),cw_1200,CW (+1200 RPM),1200.0,25.0,0.28861164968099384,0.28861164968099384,33142.69763634235,3.687622438284445e-13,17.234202770898023,182211.49697534152,164901.40476268408,3.33929154199588e-17,1.2870727989804693e-56,-6.435363994902346e-57,-2.700983026219064e-49,8.137220070927535e-42,2.398780961817627e-72,1.289560710209239e-75,8.045588733347594e-58,0.0,1.1244898461935557
rated_2kw,Industrial Stator (2.4 kW),2400.0,1.0,toroid_8c_pairwise,Toroidal 8C (8x8 Roots Pairwise 180°),cw_1200,CW (+1200 RPM),1200.0,50.0,0.29681271152425087,0.29681271152425087,35052.99518291776,3.9001717055120665e-13,18.22755749511723,385427.81253540446,348812.170344541,7.06352703212589e-17,2.7225156574614807e-56,-1.3612578287307404e-56,-5.713327626257045e-49,8.606237762486589e-42,2.683274788954842e-72,9.232011219323262e-74,3.403729970423671e-57,0.0,1.1209847214410396
rated_2kw,Industrial Stator (2.4 kW),2400.0,1.0,toroid_8c_pairwise,Toroidal 8C (8x8 Roots Pairwise 180°),cw_1200,CW (+1200 RPM),1200.0,100.0,0.306608740019321,0.306608740019321,37404.96056546956,4.1618631469853097e-13,19.45057949404417,822578.0452420611,744433.1309440654,1.5074942880690146e-16,5.810378843508748e-56,-2.905189421754374e-56,-1.2193354287846797e-48,9.183694073587867e-42,3.055436668418774e-72,6.727976001595809e-72,1.4528445818090765e-56,0.0,1.1054107572533687
rated_2kw,Industrial Stator (2.4 kW),2400.0,1.0,toroid_8c_pairwise,Toroidal 8C (8x8 Roots Pairwise 180°),cw_1200,CW (+1200 RPM),1200.0,120.0,0.3536562692173811,0.3536562692173811,49764.86870992059,5.537088395959411e-13,25.877731729158707,1313263.9459459453,1188503.8710810805,2.406747795776518e-16,9.276397651996269e-56,-4.638198825998134e-56,-1.946695837434173e-48,1.2218308024793898e-41,5.408297946700021e-72,3.5559793706132322e-71,2.783398004926793e-56,0.0,1.1122058450180108
rated_2kw,Industrial Stator (2.4 kW),2400.0,1.0,toroid_8c_pairwise,Toroidal 8C (8x8 Roots Pairwise 180°),cw_1200,CW (+1200 RPM),1200.0,200.0,0.2937502492202282,0.2937502492202282,34333.38533655383,3.8201043119227103e-13,17.85336037500799,1510061.156046558,1366605.346222135,2.7674073974405645e-16,1.06664983879011e-55,-5.33324919395055e-56,-2.238415038973336e-48,8.429558611340828e-42,2.57423469564172e-72,3.627765954899698e-70,5.334166603284508e-56,0.0,1.1095597888911064
rated_2kw,Industrial Stator (2.4 kW),2400.0,1.0,toroid_8c_pairwise,Toroidal 8C (8x8 Roots Pairwise 180°),cw_1200,CW (+1200 RPM),1200.0,500.0,0.17283355601182687,0.17283355601182687,11885.467570709803,1.3224366158773726e-13,6.180443136769097,1306875.4161615814,1182722.2516262312,2.3950398828133746e-16,9.23127150437429e-56,-4.615635752187145e-56,-1.9372259023332087e-48,2.91812894441901e-42,3.084945007700521e-73,1.061398819059444e-68,1.1541074299590328e-55,0.0,1.1136764824990222
rated_2kw,Industrial Stator (2.4 kW),2400.0,1.0,toroid_8c_pairwise,Toroidal 8C (8x8 Roots Pairwise 180°),cw_1200,CW (+1200 RPM),1200.0,1000.0,0.08658101656651018,0.08658101656651018,2982.6720298733685,3.318670201228163e-14,1.5509894555341515,655923.837597902,593611.0730261013,1.2020761364913035e-16,4.633196826704026e-56,-2.316598413352013e-56,-9.7229822555278e-49,7.32307881898725e-43,1.9427901239862217e-74,4.277963102760387e-68,1.1584984537894015e-55,0.0,1.1123762514629607
rated_2kw,Industrial Stator (2.4 kW),2400.0,1.0,toroid_8c_pairwise,Toroidal 8C (8x8 Roots Pairwise 180°),ccw_1200,CCW (-1200 RPM),-1200.0,7.83,0.2820600709715234,0.2820600709715234,31655.076106681383,3.52210222044806e-13,16.460639575474318,54507.09502643022,-49328.920998919355,-9.989220462041208e-18,-3.85017413964037e-57,1.925087069820185e-57,8.079772183355755e-50,7.771978113199042e-42,2.1882735343090783e-72,1.1104099063287462e-78,7.53801232132888e-59,0.0,1.118815753504808
rated_2kw,Industrial Stator (2.4 kW),2400.0,1.0,toroid_8c_pairwise,Toroidal 8C (8x8 Roots Pairwise 180°),ccw_1200,CCW (-1200 RPM),-1200.0,25.0,0.28861164968099384,0.28861164968099384,33142.69763634235,3.687622438284445e-13,17.234202770898023,182211.49697534152,-164901.40476268408,-3.33929154199588e-17,-1.2870727989804693e-56,6.435363994902346e-57,2.700983026219064e-49,8.137220070927535e-42,2.398780961817627e-72,1.289560710209239e-75,8.045588733347594e-58,0.0,1.1244898461935557
rated_2kw,Industrial Stator (2.4 kW),2400.0,1.0,toroid_8c_pairwise,Toroidal 8C (8x8 Roots Pairwise 180°),ccw_1200,CCW (-1200 RPM),-1200.0,50.0,0.29681271152425087,0.29681271152425087,35052.99518291776,3.9001717055120665e-13,18.22755749511723,385427.81253540446,-348812.170344541,-7.06352703212589e-17,-2.7225156574614807e-56,1.3612578287307404e-56,5.713327626257045e-49,8.606237762486589e-42,2.683274788954842e-72,9.232011219323262e-74,3.403729970423671e-57,0.0,1.1209847214410396
rated_2kw,Industrial Stator (2.4 kW),2400.0,1.0,toroid_8c_pairwise,Toroidal 8C (8x8 Roots Pairwise 180°),ccw_1200,CCW (-1200 RPM),-1200.0,100.0,0.306608740019321,0.306608740019321,37404.96056546956,4.1618631469853097e-13,19.45057949404417,822578.0452420611,-744433.1309440654,-1.5074942880690146e-16,-5.810378843508748e-56,2.905189421754374e-56,1.2193354287846797e-48,9.183694073587867e-42,3.055436668418774e-72,6.727976001595809e-72,1.4528445818090765e-56,0.0,1.1054107572533687
rated_2kw,Industrial Stator (2.4 kW),2400.0,1.0,toroid_8c_pairwise,Toroidal 8C (8x8 Roots Pairwise 180°),ccw_1200,CCW (-1200 RPM),-1200.0,120.0,0.3536562692173811,0.3536562692173811,49764.86870992059,5.537088395959411e-13,25.877731729158707,1313263.9459459453,-1188503.8710810805,-2.406747795776518e-16,-9.276397651996269e-56,4.638198825998134e-56,1.946695837434173e-48,1.2218308024793898e-41,5.408297946700021e-72,3.5559793706132322e-71,2.783398004926793e-56,0.0,1.1122058450180108
rated_2kw,Industrial Stator (2.4 kW),2400.0,1.0,toroid_8c_pairwise,Toroidal 8C (8x8 Roots Pairwise 180°),ccw_1200,CCW (-1200 RPM),-1200.0,200.0,0.2937502492202282,0.2937502492202282,34333.38533655383,3.8201043119227103e-13,17.85336037500799,1510061.156046558,-1366605.346222135,-2.7674073974405645e-16,-1.06664983879011e-55,5.33324919395055e-56,2.238415038973336e-48,8.429558611340828e-42,2.57423469564172e-72,3.627765954899698e-70,5.334166603284508e-56,0.0,1.1095597888911064
rated_2kw,Industrial Stator (2.4 kW),2400.0,1.0,toroid_8c_pairwise,Toroidal 8C (8x8 Roots Pairwise 180°),ccw_1200,CCW (-1200 RPM),-1200.0,500.0,0.17283355601182687,0.17283355601182687,11885.467570709803,1.3224366158773726e-13,6.180443136769097,1306875.4161615814,-1182722.2516262312,-2.3950398828133746e-16,-9.23127150437429e-56,4.615635752187145e-56,1.9372259023332087e-48,2.91812894441901e-42,3.084945007700521e-73,1.061398819059444e-68,1.1541074299590328e-55,0.0,1.1136764824990222
rated_2kw,Industrial Stator (2.4 kW),2400.0,1.0,toroid_8c_pairwise,Toroidal 8C (8x8 Roots Pairwise 180°),ccw_1200,CCW (-1200 RPM),-1200.0,1000.0,0.08658101656651018,0.08658101656651018,2982.6720298733685,3.318670201228163e-14,1.5509894555341515,655923.837597902,-593611.0730261013,-1.2020761364913035e-16,-4.633196826704026e-56,2.316598413352013e-56,9.7229822555278e-49,7.32307881898725e-43,1.9427901239862217e-74,4.277963102760387e-68,1.1584984537894015e-55,0.0,1.1123762514629607
rated_2kw,Industrial Stator (2.4 kW),2400.0,1.0,toroid_8c_pairwise,Toroidal 8C (8x8 Roots Pairwise 180°),static_0,Static (0 RPM),0.0,7.83,0.2820600709715234,0.2820600709715234,31655.076106681383,3.52210222044806e-13,16.460639575474318,54507.09502643022,49328.920998919355,9.989220462041208e-18,3.85017413964037e-57,-1.925087069820185e-57,-8.079772183355755e-50,7.771978113199042e-42,2.1882735343090783e-72,1.1104099063287462e-78,7.53801232132888e-59,0.0,1.118815753504808
rated_2kw,Industrial Stator (2.4 kW),2400.0,1.0,toroid_8c_pairwise,Toroidal 8C (8x8 Roots Pairwise 180°),static_0,Static (0 RPM),0.0,25.0,0.28861164968099384,0.28861164968099384,33142.69763634235,3.687622438284445e-13,17.234202770898023,182211.49697534152,164901.40476268408,3.33929154199588e-17,1.2870727989804693e-56,-6.435363994902346e-57,-2.700983026219064e-49,8.137220070927535e-42,2.398780961817627e-72,1.289560710209239e-75,8.045588733347594e-58,0.0,1.1244898461935557
rated_2kw,Industrial Stator (2.4 kW),2400.0,1.0,toroid_8c_pairwise,Toroidal 8C (8x8 Roots Pairwise 180°),static_0,Static (0 RPM),0.0,50.0,0.29681271152425087,0.29681271152425087,35052.99518291776,3.9001717055120665e-13,18.22755749511723,385427.81253540446,348812.170344541,7.06352703212589e-17,2.7225156574614807e-56,-1.3612578287307404e-56,-5.713327626257045e-49,8.606237762486589e-42,2.683274788954842e-72,9.232011219323262e-74,3.403729970423671e-57,0.0,1.1209847214410396
rated_2kw,Industrial Stator (2.4 kW),2400.0,1.0,toroid_8c_pairwise,Toroidal 8C (8x8 Roots Pairwise 180°),static_0,Static (0 RPM),0.0,100.0,0.306608740019321,0.306608740019321,37404.96056546956,4.1618631469853097e-13,19.45057949404417,822578.0452420611,744433.1309440654,1.5074942880690146e-16,5.810378843508748e-56,-2.905189421754374e-56,-1.2193354287846797e-48,9.183694073587867e-42,3.055436668418774e-72,6.727976001595809e-72,1.4528445818090765e-56,0.0,1.1054107572533687
rated_2kw,Industrial Stator (2.4 kW),2400.0,1.0,toroid_8c_pairwise,Toroidal 8C (8x8 Roots Pairwise 180°),static_0,Static (0 RPM),0.0,120.0,0.3536562692173811,0.3536562692173811,49764.86870992059,5.537088395959411e-13,25.877731729158707,1313263.9459459453,1188503.8710810805,2.406747795776518e-16,9.276397651996269e-56,-4.638198825998134e-56,-1.946695837434173e-48,1.2218308024793898e-41,5.408297946700021e-72,3.5559793706132322e-71,2.783398004926793e-56,0.0,1.1122058450180108
rated_2kw,Industrial Stator (2.4 kW),2400.0,1.0,toroid_8c_pairwise,Toroidal 8C (8x8 Roots Pairwise 180°),static_0,Static (0 RPM),0.0,200.0,0.2937502492202282,0.2937502492202282,34333.38533655383,3.8201043119227103e-13,17.85336037500799,1510061.156046558,1366605.346222135,2.7674073974405645e-16,1.06664983879011e-55,-5.33324919395055e-56,-2.238415038973336e-48,8.429558611340828e-42,2.57423469564172e-72,3.627765954899698e-70,5.334166603284508e-56,0.0,1.1095597888911064
rated_2kw,Industrial Stator (2.4 kW),2400.0,1.0,toroid_8c_pairwise,Toroidal 8C (8x8 Roots Pairwise 180°),static_0,Static (0 RPM),0.0,500.0,0.17283355601182687,0.17283355601182687,11885.467570709803,1.3224366158773726e-13,6.180443136769097,1306875.4161615814,1182722.2516262312,2.3950398828133746e-16,9.23127150437429e-56,-4.615635752187145e-56,-1.9372259023332087e-48,2.91812894441901e-42,3.084945007700521e-73,1.061398819059444e-68,1.1541074299590328e-55,0.0,1.1136764824990222
rated_2kw,Industrial Stator (2.4 kW),2400.0,1.0,toroid_8c_pairwise,Toroidal 8C (8x8 Roots Pairwise 180°),static_0,Static (0 RPM),0.0,1000.0,0.08658101656651018,0.08658101656651018,2982.6720298733685,3.318670201228163e-14,1.5509894555341515,655923.837597902,593611.0730261013,1.2020761364913035e-16,4.633196826704026e-56,-2.316598413352013e-56,-9.7229822555278e-49,7.32307881898725e-43,1.9427901239862217e-74,4.277963102760387e-68,1.1584984537894015e-55,0.0,1.1123762514629607
rated_2kw,Industrial Stator (2.4 kW),2400.0,1.0,toroid_2c_apex,Toroidal 2C Apex Kissing (Cusp),cw_1200,CW (+1200 RPM),1200.0,7.83,0.19242764841835044,0.434886485425472,75250.9459611238,8.372796924173221e-13,39.130491899784374,25369.082464918632,23948.413846883188,4.84960912966163e-18,1.869198875862194e-57,-9.34599437931097e-58,-3.922602078398948e-50,1.847566889545197e-41,1.2366272471961281e-71,9.992489243064037e-78,2.261267932161389e-58,0.0,1.118815753504808
rated_2kw,Industrial Stator (2.4 kW),2400.0,1.0,toroid_2c_apex,Toroidal 2C Apex Kissing (Cusp),cw_1200,CW (+1200 RPM),1200.0,25.0,0.19689728100458914,0.4449878550703714,78787.3433136954,8.766274195429886e-13,40.969418523121604,84806.17964656281,80057.03358635529,1.6211734249136723e-17,6.248535629174987e-57,-3.1242678145874933e-57,-1.3112846986196623e-49,1.9343927835381047e-41,1.3555882529903257e-71,1.1604652886831195e-74,2.4135317140036967e-57,0.0,1.1244898461935557
rated_2kw,Industrial Stator (2.4 kW),2400.0,1.0,toroid_2c_apex,Toroidal 2C Apex Kissing (Cusp),cw_1200,CW (+1200 RPM),1200.0,50.0,0.20249222763987784,0.4576324344661239,83328.53275713733,9.271549664309464e-13,43.33083703371141,179388.57236370046,169342.81231133323,3.429231070910778e-17,1.3217384517884578e-56,-6.608692258942289e-57,-2.7737305350634345e-49,2.0458884085790184e-41,1.5163601184728849e-71,8.307812482143194e-73,1.0210576878572695e-56,0.0,1.1209847214410396
rated_2kw,Industrial Stator (2.4 kW),2400.0,1.0,toroid_2c_apex,Toroidal 2C Apex Kissing (Cusp),cw_1200,CW (+1200 RPM),1200.0,100.0,0.20917529596873677,0.47273616888934505,88919.6619431282,9.89364668452904e-13,46.23822421042666,382850.16388157546,361410.5547042072,7.3186472258901e-17,2.820847371759264e-56,-1.410423685879632e-56,-5.9196813705578476e-49,2.183162233210315e-41,1.7266745573659642e-71,6.054451373350295e-71,4.358272079184013e-56,0.0,1.1054107572533687
rated_2kw,Industrial Stator (2.4 kW),2400.0,1.0,toroid_2c_apex,Toroidal 2C Apex Kissing (Cusp),cw_1200,CW (+1200 RPM),1200.0,120.0,0.24127216588830225,0.545275094907563,118301.8304373058,1.3162853826731398e-12,61.51695182739901,611228.7093405406,576999.9016174703,1.1684381306372515e-16,4.503544887655843e-56,-2.2517724438279217e-56,-9.450901541085757e-49,2.9045554457411665e-41,3.0563128863849776e-71,3.199997172835924e-70,8.349692707683622e-56,0.0,1.1122058450180108
rated_2kw,Industrial Stator (2.4 kW),2400.0,1.0,toroid_2c_apex,Toroidal 2C Apex Kissing (Cusp),cw_1200,CW (+1200 RPM),1200.0,200.0,0.20040294780135567,0.4529106620310638,81617.86488575483,9.081212194011176e-13,42.4412897405925,702823.4760307755,663465.361373052,1.3435326841688761e-16,5.178416890492371e-56,-2.5892084452461857e-56,-1.0867152297045975e-48,2.0038879622350225e-41,1.4547398738764998e-71,3.264597341403369e-69,1.6001539093646468e-55,0.0,1.1095597888911064
rated_2kw,Industrial Stator (2.4 kW),2400.0,1.0,toroid_2c_apex,Toroidal 2C Apex Kissing (Cusp),cw_1200,CW (+1200 RPM),1200.0,500.0,0.11791089265695745,0.26647861740472384,28254.320882750875,3.1437171713949685e-13,14.692246859030455,608255.3140632736,574193.0164757302,1.1627541233805179e-16,4.481636854058463e-56,-2.2408184270292313e-56,-9.40492649839102e-49,6.937022130794801e-42,1.743350176662365e-72,9.55144241923764e-68,3.462114428031609e-55,0.0,1.1136764824990222
rated_2kw,Industrial Stator (2.4 kW),2400.0,1.0,toroid_2c_apex,Toroidal 2C Apex Kissing (Cusp),cw_1200,CW (+1200 RPM),1200.0,1000.0,0.059067493524263624,0.13349253536483577,7090.454971052338,7.889195120987041e-14,3.6870365849472155,305284.7692334059,288188.8221563351,5.83589022609816e-17,2.2493440519893936e-56,-1.1246720259946968e-56,-4.720354675635061e-49,1.7408538416374495e-42,1.0979007721086336e-73,3.849704513881135e-67,3.47528670867119e-55,0.0,1.1123762514629607
rated_2kw,Industrial Stator (2.4 kW),2400.0,1.0,toroid_2c_apex,Toroidal 2C Apex Kissing (Cusp),ccw_1200,CCW (-1200 RPM),-1200.0,7.83,0.19242764841835044,0.434886485425472,75250.9459611238,8.372796924173221e-13,39.130491899784374,25369.082464918632,-23948.413846883188,-4.84960912966163e-18,-1.869198875862194e-57,9.34599437931097e-58,3.922602078398948e-50,1.847566889545197e-41,1.2366272471961281e-71,9.992489243064037e-78,2.261267932161389e-58,0.0,1.118815753504808
rated_2kw,Industrial Stator (2.4 kW),2400.0,1.0,toroid_2c_apex,Toroidal 2C Apex Kissing (Cusp),ccw_1200,CCW (-1200 RPM),-1200.0,25.0,0.19689728100458914,0.4449878550703714,78787.3433136954,8.766274195429886e-13,40.969418523121604,84806.17964656281,-80057.03358635529,-1.6211734249136723e-17,-6.248535629174987e-57,3.1242678145874933e-57,1.3112846986196623e-49,1.9343927835381047e-41,1.3555882529903257e-71,1.1604652886831195e-74,2.4135317140036967e-57,0.0,1.1244898461935557
rated_2kw,Industrial Stator (2.4 kW),2400.0,1.0,toroid_2c_apex,Toroidal 2C Apex Kissing (Cusp),ccw_1200,CCW (-1200 RPM),-1200.0,50.0,0.20249222763987784,0.4576324344661239,83328.53275713733,9.271549664309464e-13,43.33083703371141,179388.57236370046,-169342.81231133323,-3.429231070910778e-17,-1.3217384517884578e-56,6.608692258942289e-57,2.7737305350634345e-49,2.0458884085790184e-41,1.5163601184728849e-71,8.307812482143194e-73,1.0210576878572695e-56,0.0,1.1209847214410396
rated_2kw,Industrial Stator (2.4 kW),2400.0,1.0,toroid_2c_apex,Toroidal 2C Apex Kissing (Cusp),ccw_1200,CCW (-1200 RPM),-1200.0,100.0,0.20917529596873677,0.47273616888934505,88919.6619431282,9.89364668452904e-13,46.23822421042666,382850.16388157546,-361410.5547042072,-7.3186472258901e-17,-2.820847371759264e-56,1.410423685879632e-56,5.9196813705578476e-49,2.183162233210315e-41,1.7266745573659642e-71,6.054451373350295e-71,4.358272079184013e-56,0.0,1.1054107572533687
rated_2kw,Industrial Stator (2.4 kW),2400.0,1.0,toroid_2c_apex,Toroidal 2C Apex Kissing (Cusp),ccw_1200,CCW (-1200 RPM),-1200.0,120.0,0.24127216588830225,0.545275094907563,118301.8304373058,1.3162853826731398e-12,61.51695182739901,611228.7093405406,-576999.9016174703,-1.1684381306372515e-16,-4.503544887655843e-56,2.2517724438279217e-56,9.450901541085757e-49,2.9045554457411665e-41,3.0563128863849776e-71,3.199997172835924e-70,8.349692707683622e-56,0.0,1.1122058450180108
rated_2kw,Industrial Stator (2.4 kW),2400.0,1.0,toroid_2c_apex,Toroidal 2C Apex Kissing (Cusp),ccw_1200,CCW (-1200 RPM),-1200.0,200.0,0.20040294780135567,0.4529106620310638,81617.86488575483,9.081212194011176e-13,42.4412897405925,702823.4760307755,-663465.361373052,-1.3435326841688761e-16,-5.178416890492371e-56,2.5892084452461857e-56,1.0867152297045975e-48,2.0038879622350225e-41,1.4547398738764998e-71,3.264597341403369e-69,1.6001539093646468e-55,0.0,1.1095597888911064
rated_2kw,Industrial Stator (2.4 kW),2400.0,1.0,toroid_2c_apex,Toroidal 2C Apex Kissing (Cusp),ccw_1200,CCW (-1200 RPM),-1200.0,500.0,0.11791089265695745,0.26647861740472384,28254.320882750875,3.1437171713949685e-13,14.692246859030455,608255.3140632736,-574193.0164757302,-1.1627541233805179e-16,-4.481636854058463e-56,2.2408184270292313e-56,9.40492649839102e-49,6.937022130794801e-42,1.743350176662365e-72,9.55144241923764e-68,3.462114428031609e-55,0.0,1.1136764824990222
rated_2kw,Industrial Stator (2.4 kW),2400.0,1.0,toroid_2c_apex,Toroidal 2C Apex Kissing (Cusp),ccw_1200,CCW (-1200 RPM),-1200.0,1000.0,0.059067493524263624,0.13349253536483577,7090.454971052338,7.889195120987041e-14,3.6870365849472155,305284.7692334059,-288188.8221563351,-5.83589022609816e-17,-2.2493440519893936e-56,1.1246720259946968e-56,4.720354675635061e-49,1.7408538416374495e-42,1.0979007721086336e-73,3.849704513881135e-67,3.47528670867119e-55,0.0,1.1123762514629607
rated_2kw,Industrial Stator (2.4 kW),2400.0,1.0,toroid_2c_apex,Toroidal 2C Apex Kissing (Cusp),static_0,Static (0 RPM),0.0,7.83,0.19242764841835044,0.434886485425472,75250.9459611238,8.372796924173221e-13,39.130491899784374,25369.082464918632,23948.413846883188,4.84960912966163e-18,1.869198875862194e-57,-9.34599437931097e-58,-3.922602078398948e-50,1.847566889545197e-41,1.2366272471961281e-71,9.992489243064037e-78,2.261267932161389e-58,0.0,1.118815753504808
rated_2kw,Industrial Stator (2.4 kW),2400.0,1.0,toroid_2c_apex,Toroidal 2C Apex Kissing (Cusp),static_0,Static (0 RPM),0.0,25.0,0.19689728100458914,0.4449878550703714,78787.3433136954,8.766274195429886e-13,40.969418523121604,84806.17964656281,80057.03358635529,1.6211734249136723e-17,6.248535629174987e-57,-3.1242678145874933e-57,-1.3112846986196623e-49,1.9343927835381047e-41,1.3555882529903257e-71,1.1604652886831195e-74,2.4135317140036967e-57,0.0,1.1244898461935557
rated_2kw,Industrial Stator (2.4 kW),2400.0,1.0,toroid_2c_apex,Toroidal 2C Apex Kissing (Cusp),static_0,Static (0 RPM),0.0,50.0,0.20249222763987784,0.4576324344661239,83328.53275713733,9.271549664309464e-13,43.33083703371141,179388.57236370046,169342.81231133323,3.429231070910778e-17,1.3217384517884578e-56,-6.608692258942289e-57,-2.7737305350634345e-49,2.0458884085790184e-41,1.5163601184728849e-71,8.307812482143194e-73,1.0210576878572695e-56,0.0,1.1209847214410396
rated_2kw,Industrial Stator (2.4 kW),2400.0,1.0,toroid_2c_apex,Toroidal 2C Apex Kissing (Cusp),static_0,Static (0 RPM),0.0,100.0,0.20917529596873677,0.47273616888934505,88919.6619431282,9.89364668452904e-13,46.23822421042666,382850.16388157546,361410.5547042072,7.3186472258901e-17,2.820847371759264e-56,-1.410423685879632e-56,-5.9196813705578476e-49,2.183162233210315e-41,1.7266745573659642e-71,6.054451373350295e-71,4.358272079184013e-56,0.0,1.1054107572533687
rated_2kw,Industrial Stator (2.4 kW),2400.0,1.0,toroid_2c_apex,Toroidal 2C Apex Kissing (Cusp),static_0,Static (0 RPM),0.0,120.0,0.24127216588830225,0.545275094907563,118301.8304373058,1.3162853826731398e-12,61.51695182739901,611228.7093405406,576999.9016174703,1.1684381306372515e-16,4.503544887655843e-56,-2.2517724438279217e-56,-9.450901541085757e-49,2.9045554457411665e-41,3.0563128863849776e-71,3.199997172835924e-70,8.349692707683622e-56,0.0,1.1122058450180108
rated_2kw,Industrial Stator (2.4 kW),2400.0,1.0,toroid_2c_apex,Toroidal 2C Apex Kissing (Cusp),static_0,Static (0 RPM),0.0,200.0,0.20040294780135567,0.4529106620310638,81617.86488575483,9.081212194011176e-13,42.4412897405925,702823.4760307755,663465.361373052,1.3435326841688761e-16,5.178416890492371e-56,-2.5892084452461857e-56,-1.0867152297045975e-48,2.0038879622350225e-41,1.4547398738764998e-71,3.264597341403369e-69,1.6001539093646468e-55,0.0,1.1095597888911064
rated_2kw,Industrial Stator (2.4 kW),2400.0,1.0,toroid_2c_apex,Toroidal 2C Apex Kissing (Cusp),static_0,Static (0 RPM),0.0,500.0,0.11791089265695745,0.26647861740472384,28254.320882750875,3.1437171713949685e-13,14.692246859030455,608255.3140632736,574193.0164757302,1.1627541233805179e-16,4.481636854058463e-56,-2.2408184270292313e-56,-9.40492649839102e-49,6.937022130794801e-42,1.743350176662365e-72,9.55144241923764e-68,3.462114428031609e-55,0.0,1.1136764824990222
rated_2kw,Industrial Stator (2.4 kW),2400.0,1.0,toroid_2c_apex,Toroidal 2C Apex Kissing (Cusp),static_0,Static (0 RPM),0.0,1000.0,0.059067493524263624,0.13349253536483577,7090.454971052338,7.889195120987041e-14,3.6870365849472155,305284.7692334059,288188.8221563351,5.83589022609816e-17,2.2493440519893936e-56,-1.1246720259946968e-56,-4.720354675635061e-49,1.7408538416374495e-42,1.0979007721086336e-73,3.849704513881135e-67,3.47528670867119e-55,0.0,1.1123762514629607
rated_2kw,Industrial Stator (2.4 kW),2400.0,1.0,inner_coils_tube,Inner Coils + Cu Tube Collimator,cw_1200,CW (+1200 RPM),1200.0,7.83,0.29877474184391,0.4033459014892785,64731.465130552766,7.202346830594239e-13,33.66036186788744,61158.6055525636,59201.53017488156,1.1988446627892635e-17,4.6207416641337323e-57,-2.3103708320668662e-57,-9.696844508915638e-50,1.5892918043680723e-41,9.150519645326128e-72,5.56986360181515e-78,1.6882527243112614e-58,0.0,1.118815753504808
rated_2kw,Industrial Stator (2.4 kW),2400.0,1.0,inner_coils_tube,Inner Coils + Cu Tube Collimator,cw_1200,CW (+1200 RPM),1200.0,25.0,0.30571456225468235,0.4127146590438212,67773.50239655646,7.540819124047859e-13,35.242221246209354,204446.79844437636,197904.5008941563,4.0076118630392643e-17,1.544665433646537e-56,-7.723327168232685e-57,-3.241553329983719e-49,1.663980132303971e-41,1.0030780874419783e-71,6.468491699495737e-75,1.801932196280558e-57,0.0,1.1244898461935557
rated_2kw,Industrial Stator (2.4 kW),2400.0,1.0,inner_coils_tube,Inner Coils + Cu Tube Collimator,cw_1200,CW (+1200 RPM),1200.0,50.0,0.3144016129479102,0.4244421774796788,71679.8698495485,7.975461120601622e-13,37.27353232176522,432461.63723108283,418622.8648396882,8.477209723331539e-17,3.2673954666538175e-56,-1.6336977333269088e-56,-6.856783627443436e-49,1.7598895600508821e-41,1.122042481672293e-71,4.630816329085783e-73,7.623171932378349e-57,0.0,1.1209847214410396
rated_2kw,Industrial Stator (2.4 kW),2400.0,1.0,inner_coils_tube,Inner Coils + Cu Tube Collimator,cw_1200,CW (+1200 RPM),1200.0,100.0,0.3247781468352807,0.438450498227629,76489.40386032852,8.510593949270239e-13,39.77449000737082,922957.3907903928,893422.7542851001,1.8092017172955087e-16,6.973258515810882e-56,-3.486629257905441e-56,-1.4633712175070633e-48,1.877973601107978e-41,1.2776662890200942e-71,3.374781549731571e-71,3.2538668268024553e-56,0.0,1.1054107572533687
rated_2kw,Industrial Stator (2.4 kW),2400.0,1.0,inner_coils_tube,Inner Coils + Cu Tube Collimator,cw_1200,CW (+1200 RPM),1200.0,120.0,0.3746136777635963,0.505728464980855,101764.18002491629,1.1322792060897364e-12,52.91737361295647,1473521.779459459,1426369.0825167564,2.8884303441000597e-16,1.1132960632179418e-55,-5.566480316089709e-56,-2.3363043429168115e-48,2.498521807990096e-41,2.2615425280770788e-71,1.7836944674483324e-70,6.233843968872376e-56,0.0,1.1122058450180108
rated_2kw,Industrial Stator (2.4 kW),2400.0,1.0,inner_coils_tube,Inner Coils + Cu Tube Collimator,cw_1200,CW (+1200 RPM),1200.0,200.0,0.3111576713962417,0.4200628563849263,70208.33967471824,7.811731307450674e-13,36.508336630853485,1694334.1882028016,1640115.494180312,3.32127176569212e-16,1.2801273844718518e-55,-6.400636922359259e-56,-2.6864077460074926e-48,1.723760440433069e-41,1.0764461016792681e-71,1.8197029252832881e-69,1.1946678933442703e-55,0.0,1.1095597888911064
rated_2kw,Industrial Stator (2.4 kW),2400.0,1.0,inner_coils_tube,Inner Coils + Cu Tube Collimator,cw_1200,CW (+1200 RPM),1200.0,500.0,0.18307554451623143,0.24715198509691244,24304.592635343004,2.704250635807476e-13,12.638388170378361,1466353.656246265,1419430.3392463843,2.8743792286785873e-16,1.1078803011537817e-55,-5.5394015057689085e-56,-2.3249391105687075e-48,5.967281878442072e-42,1.2900055434168512e-72,5.324021891009512e-68,2.5847994533824242e-55,0.0,1.1136764824990222
rated_2kw,Industrial Stator (2.4 kW),2400.0,1.0,inner_coils_tube,Inner Coils + Cu Tube Collimator,cw_1200,CW (+1200 RPM),1200.0,1000.0,0.09171174347415524,0.12381085369010958,6099.266033886572,6.786348694489825e-14,3.171618337621017,735966.3404685598,712415.4175735659,1.4426576788199758e-16,5.560477224877731e-56,-2.7802386124388655e-56,-1.1668923944293798e-48,1.4974963876943395e-42,8.124002286526727e-74,2.1458445966806206e-67,2.5946338203584553e-55,0.0,1.1123762514629607
rated_2kw,Industrial Stator (2.4 kW),2400.0,1.0,inner_coils_tube,Inner Coils + Cu Tube Collimator,ccw_1200,CCW (-1200 RPM),-1200.0,7.83,0.29877474184391,0.4033459014892785,64731.465130552766,7.202346830594239e-13,33.66036186788744,61158.6055525636,-59201.53017488156,-1.1988446627892635e-17,-4.6207416641337323e-57,2.3103708320668662e-57,9.696844508915638e-50,1.5892918043680723e-41,9.150519645326128e-72,5.56986360181515e-78,1.6882527243112614e-58,0.0,1.118815753504808
rated_2kw,Industrial Stator (2.4 kW),2400.0,1.0,inner_coils_tube,Inner Coils + Cu Tube Collimator,ccw_1200,CCW (-1200 RPM),-1200.0,25.0,0.30571456225468235,0.4127146590438212,67773.50239655646,7.540819124047859e-13,35.242221246209354,204446.79844437636,-197904.5008941563,-4.0076118630392643e-17,-1.544665433646537e-56,7.723327168232685e-57,3.241553329983719e-49,1.663980132303971e-41,1.0030780874419783e-71,6.468491699495737e-75,1.801932196280558e-57,0.0,1.1244898461935557
rated_2kw,Industrial Stator (2.4 kW),2400.0,1.0,inner_coils_tube,Inner Coils + Cu Tube Collimator,ccw_1200,CCW (-1200 RPM),-1200.0,50.0,0.3144016129479102,0.4244421774796788,71679.8698495485,7.975461120601622e-13,37.27353232176522,432461.63723108283,-418622.8648396882,-8.477209723331539e-17,-3.2673954666538175e-56,1.6336977333269088e-56,6.856783627443436e-49,1.7598895600508821e-41,1.122042481672293e-71,4.630816329085783e-73,7.623171932378349e-57,0.0,1.1209847214410396
rated_2kw,Industrial Stator (2.4 kW),2400.0,1.0,inner_coils_tube,Inner Coils + Cu Tube Collimator,ccw_1200,CCW (-1200 RPM),-1200.0,100.0,0.3247781468352807,0.438450498227629,76489.40386032852,8.510593949270239e-13,39.77449000737082,922957.3907903928,-893422.7542851001,-1.8092017172955087e-16,-6.973258515810882e-56,3.486629257905441e-56,1.4633712175070633e-48,1.877973601107978e-41,1.2776662890200942e-71,3.374781549731571e-71,3.2538668268024553e-56,0.0,1.1054107572533687
rated_2kw,Industrial Stator (2.4 kW),2400.0,1.0,inner_coils_tube,Inner Coils + Cu Tube Collimator,ccw_1200,CCW (-1200 RPM),-1200.0,120.0,0.3746136777635963,0.505728464980855,101764.18002491629,1.1322792060897364e-12,52.91737361295647,1473521.779459459,-1426369.0825167564,-2.8884303441000597e-16,-1.1132960632179418e-55,5.566480316089709e-56,2.3363043429168115e-48,2.498521807990096e-41,2.2615425280770788e-71,1.7836944674483324e-70,6.233843968872376e-56,0.0,1.1122058450180108
rated_2kw,Industrial Stator (2.4 kW),2400.0,1.0,inner_coils_tube,Inner Coils + Cu Tube Collimator,ccw_1200,CCW (-1200 RPM),-1200.0,200.0,0.3111576713962417,0.4200628563849263,70208.33967471824,7.811731307450674e-13,36.508336630853485,1694334.1882028016,-1640115.494180312,-3.32127176569212e-16,-1.2801273844718518e-55,6.400636922359259e-56,2.6864077460074926e-48,1.723760440433069e-41,1.0764461016792681e-71,1.8197029252832881e-69,1.1946678933442703e-55,0.0,1.1095597888911064
rated_2kw,Industrial Stator (2.4 kW),2400.0,1.0,inner_coils_tube,Inner Coils + Cu Tube Collimator,ccw_1200,CCW (-1200 RPM),-1200.0,500.0,0.18307554451623143,0.24715198509691244,24304.592635343004,2.704250635807476e-13,12.638388170378361,1466353.656246265,-1419430.3392463843,-2.8743792286785873e-16,-1.1078803011537817e-55,5.5394015057689085e-56,2.3249391105687075e-48,5.967281878442072e-42,1.2900055434168512e-72,5.324021891009512e-68,2.5847994533824242e-55,0.0,1.1136764824990222
rated_2kw,Industrial Stator (2.4 kW),2400.0,1.0,inner_coils_tube,Inner Coils + Cu Tube Collimator,ccw_1200,CCW (-1200 RPM),-1200.0,1000.0,0.09171174347415524,0.12381085369010958,6099.266033886572,6.786348694489825e-14,3.171618337621017,735966.3404685598,-712415.4175735659,-1.4426576788199758e-16,-5.560477224877731e-56,2.7802386124388655e-56,1.1668923944293798e-48,1.4974963876943395e-42,8.124002286526727e-74,2.1458445966806206e-67,2.5946338203584553e-55,0.0,1.1123762514629607
rated_2kw,Industrial Stator (2.4 kW),2400.0,1.0,inner_coils_tube,Inner Coils + Cu Tube Collimator,static_0,Static (0 RPM),0.0,7.83,0.29877474184391,0.4033459014892785,64731.465130552766,7.202346830594239e-13,33.66036186788744,61158.6055525636,59201.53017488156,1.1988446627892635e-17,4.6207416641337323e-57,-2.3103708320668662e-57,-9.696844508915638e-50,1.5892918043680723e-41,9.150519645326128e-72,5.56986360181515e-78,1.6882527243112614e-58,0.0,1.118815753504808
rated_2kw,Industrial Stator (2.4 kW),2400.0,1.0,inner_coils_tube,Inner Coils + Cu Tube Collimator,static_0,Static (0 RPM),0.0,25.0,0.30571456225468235,0.4127146590438212,67773.50239655646,7.540819124047859e-13,35.242221246209354,204446.79844437636,197904.5008941563,4.0076118630392643e-17,1.544665433646537e-56,-7.723327168232685e-57,-3.241553329983719e-49,1.663980132303971e-41,1.0030780874419783e-71,6.468491699495737e-75,1.801932196280558e-57,0.0,1.1244898461935557
rated_2kw,Industrial Stator (2.4 kW),2400.0,1.0,inner_coils_tube,Inner Coils + Cu Tube Collimator,static_0,Static (0 RPM),0.0,50.0,0.3144016129479102,0.4244421774796788,71679.8698495485,7.975461120601622e-13,37.27353232176522,432461.63723108283,418622.8648396882,8.477209723331539e-17,3.2673954666538175e-56,-1.6336977333269088e-56,-6.856783627443436e-49,1.7598895600508821e-41,1.122042481672293e-71,4.630816329085783e-73,7.623171932378349e-57,0.0,1.1209847214410396
rated_2kw,Industrial Stator (2.4 kW),2400.0,1.0,inner_coils_tube,Inner Coils + Cu Tube Collimator,static_0,Static (0 RPM),0.0,100.0,0.3247781468352807,0.438450498227629,76489.40386032852,8.510593949270239e-13,39.77449000737082,922957.3907903928,893422.7542851001,1.8092017172955087e-16,6.973258515810882e-56,-3.486629257905441e-56,-1.4633712175070633e-48,1.877973601107978e-41,1.2776662890200942e-71,3.374781549731571e-71,3.2538668268024553e-56,0.0,1.1054107572533687
rated_2kw,Industrial Stator (2.4 kW),2400.0,1.0,inner_coils_tube,Inner Coils + Cu Tube Collimator,static_0,Static (0 RPM),0.0,120.0,0.3746136777635963,0.505728464980855,101764.18002491629,1.1322792060897364e-12,52.91737361295647,1473521.779459459,1426369.0825167564,2.8884303441000597e-16,1.1132960632179418e-55,-5.566480316089709e-56,-2.3363043429168115e-48,2.498521807990096e-41,2.2615425280770788e-71,1.7836944674483324e-70,6.233843968872376e-56,0.0,1.1122058450180108
rated_2kw,Industrial Stator (2.4 kW),2400.0,1.0,inner_coils_tube,Inner Coils + Cu Tube Collimator,static_0,Static (0 RPM),0.0,200.0,0.3111576713962417,0.4200628563849263,70208.33967471824,7.811731307450674e-13,36.508336630853485,1694334.1882028016,1640115.494180312,3.32127176569212e-16,1.2801273844718518e-55,-6.400636922359259e-56,-2.6864077460074926e-48,1.723760440433069e-41,1.0764461016792681e-71,1.8197029252832881e-69,1.1946678933442703e-55,0.0,1.1095597888911064
rated_2kw,Industrial Stator (2.4 kW),2400.0,1.0,inner_coils_tube,Inner Coils + Cu Tube Collimator,static_0,Static (0 RPM),0.0,500.0,0.18307554451623143,0.24715198509691244,24304.592635343004,2.704250635807476e-13,12.638388170378361,1466353.656246265,1419430.3392463843,2.8743792286785873e-16,1.1078803011537817e-55,-5.5394015057689085e-56,-2.3249391105687075e-48,5.967281878442072e-42,1.2900055434168512e-72,5.324021891009512e-68,2.5847994533824242e-55,0.0,1.1136764824990222
rated_2kw,Industrial Stator (2.4 kW),2400.0,1.0,inner_coils_tube,Inner Coils + Cu Tube Collimator,static_0,Static (0 RPM),0.0,1000.0,0.09171174347415524,0.12381085369010958,6099.266033886572,6.786348694489825e-14,3.171618337621017,735966.3404685598,712415.4175735659,1.4426576788199758e-16,5.560477224877731e-56,-2.7802386124388655e-56,-1.1668923944293798e-48,1.4974963876943395e-42,8.124002286526727e-74,2.1458445966806206e-67,2.5946338203584553e-55,0.0,1.1123762514629607
rated_2kw,Industrial Stator (2.4 kW),2400.0,1.0,single_rotor_baseline,Single Rotor Dipole (Baseline),cw_1200,CW (+1200 RPM),1200.0,7.83,0.08148402050288454,0.08148402050288454,2641.83104297736,2.939433458052949e-14,1.373752142348227,4548.987189860103,0.0,0.0,0.0,-0.0,-0.0,6.486243462373522e-43,1.524140354541115e-74,1.753751648508053e-81,2.995706248805598e-60,0.0,1.123815753504808
rated_2kw,Industrial Stator (2.4 kW),2400.0,1.0,single_rotor_baseline,Single Rotor Dipole (Baseline),cw_1200,CW (+1200 RPM),1200.0,25.0,0.08337669879673155,0.08337669879673155,2765.9831607614105,3.077571318864548e-14,1.4383112435959333,15206.78666115196,0.0,0.0,0.0,-0.0,-0.0,6.791062676477793e-43,1.6707595317902324e-74,2.03669762714735e-78,3.197423858755421e-59,0.0,1.1294898461935556
rated_2kw,Industrial Stator (2.4 kW),2400.0,1.0,single_rotor_baseline,Single Rotor Dipole (Baseline),cw_1200,CW (+1200 RPM),1200.0,50.0,0.08574589444033914,0.08574589444033914,2925.41046217931,3.254958114723651e-14,1.521213440333241,32166.5680585103,0.0,0.0,0.0,-0.0,-0.0,7.182489786964117e-43,1.8689105013830645e-74,1.4580791113853444e-76,1.3526875132312769e-58,0.0,1.1259847214410394
rated_2kw,Industrial Stator (2.4 kW),2400.0,1.0,single_rotor_baseline,Single Rotor Dipole (Baseline),cw_1200,CW (+1200 RPM),1200.0,100.0,0.08857585822780384,0.08857585822780384,3121.697943488571,3.473357391805024e-14,1.6232829306140568,68649.72328193004,0.0,0.0,0.0,-0.0,-0.0,7.664416288574566e-43,2.128122583428346e-74,1.0625984995875951e-74,5.773797397430545e-58,0.0,1.1104107572533686
rated_2kw,Industrial Stator (2.4 kW),2400.0,1.0,single_rotor_baseline,Single Rotor Dipole (Baseline),cw_1200,CW (+1200 RPM),1200.0,120.0,0.10216736666279899,0.10216736666279899,4153.216203445226,4.621076241566127e-14,2.159672425791517,109600.79351351349,0.0,0.0,0.0,-0.0,-0.0,1.0197007684889723e-42,3.766898891161698e-74,5.61621852230421e-74,1.106159348224875e-57,0.0,1.1172058450180107
rated_2kw,Industrial Stator (2.4 kW),2400.0,1.0,single_rotor_baseline,Single Rotor Dipole (Baseline),cw_1200,CW (+1200 RPM),1200.0,200.0,0.08486118310806591,0.08486118310806591,2865.354134260541,3.188136438098458e-14,1.489984149815481,126024.85697376207,0.0,0.0,0.0,-0.0,-0.0,7.0350390386004905e-43,1.7929636858338204e-74,5.729596329738748e-73,2.1198686794946062e-57,0.0,1.1145597888911063
rated_2kw,Industrial Stator (2.4 kW),2400.0,1.0,single_rotor_baseline,Single Rotor Dipole (Baseline),cw_1200,CW (+1200 RPM),1200.0,500.0,0.049929693958972204,0.049929693958972204,991.9229725678798,1.1036631510285233e-14,0.5157999457352974,109067.62732410234,0.0,0.0,0.0,-0.0,-0.0,2.435376748675618e-43,2.1486752474301983e-75,1.6763448507085894e-71,4.5865762648577664e-57,0.0,1.118676482499022
rated_2kw,Industrial Stator (2.4 kW),2400.0,1.0,single_rotor_baseline,Single Rotor Dipole (Baseline),cw_1200,CW (+1200 RPM),1200.0,1000.0,0.02501229367476961,0.02501229367476961,248.92423360424658,2.76965562472869e-15,0.12944060147420822,54741.29805138047,0.0,0.0,0.0,-0.0,-0.0,6.111606520537508e-44,1.3531602799858678e-76,6.756500280628336e-71,4.6040267769643466e-57,0.0,1.1173762514629606
rated_2kw,Industrial Stator (2.4 kW),2400.0,1.0,single_rotor_baseline,Single Rotor Dipole (Baseline),ccw_1200,CCW (-1200 RPM),-1200.0,7.83,0.08148402050288454,0.08148402050288454,2641.83104297736,2.939433458052949e-14,1.373752142348227,4548.987189860103,-0.0,-0.0,-0.0,0.0,0.0,6.486243462373522e-43,1.524140354541115e-74,1.753751648508053e-81,2.995706248805598e-60,0.0,1.123815753504808
rated_2kw,Industrial Stator (2.4 kW),2400.0,1.0,single_rotor_baseline,Single Rotor Dipole (Baseline),ccw_1200,CCW (-1200 RPM),-1200.0,25.0,0.08337669879673155,0.08337669879673155,2765.9831607614105,3.077571318864548e-14,1.4383112435959333,15206.78666115196,-0.0,-0.0,-0.0,0.0,0.0,6.791062676477793e-43,1.6707595317902324e-74,2.03669762714735e-78,3.197423858755421e-59,0.0,1.1294898461935556
rated_2kw,Industrial Stator (2.4 kW),2400.0,1.0,single_rotor_baseline,Single Rotor Dipole (Baseline),ccw_1200,CCW (-1200 RPM),-1200.0,50.0,0.08574589444033914,0.08574589444033914,2925.41046217931,3.254958114723651e-14,1.521213440333241,32166.5680585103,-0.0,-0.0,-0.0,0.0,0.0,7.182489786964117e-43,1.8689105013830645e-74,1.4580791113853444e-76,1.3526875132312769e-58,0.0,1.1259847214410394
rated_2kw,Industrial Stator (2.4 kW),2400.0,1.0,single_rotor_baseline,Single Rotor Dipole (Baseline),ccw_1200,CCW (-1200 RPM),-1200.0,100.0,0.08857585822780384,0.08857585822780384,3121.697943488571,3.473357391805024e-14,1.6232829306140568,68649.72328193004,-0.0,-0.0,-0.0,0.0,0.0,7.664416288574566e-43,2.128122583428346e-74,1.0625984995875951e-74,5.773797397430545e-58,0.0,1.1104107572533686
rated_2kw,Industrial Stator (2.4 kW),2400.0,1.0,single_rotor_baseline,Single Rotor Dipole (Baseline),ccw_1200,CCW (-1200 RPM),-1200.0,120.0,0.10216736666279899,0.10216736666279899,4153.216203445226,4.621076241566127e-14,2.159672425791517,109600.79351351349,-0.0,-0.0,-0.0,0.0,0.0,1.0197007684889723e-42,3.766898891161698e-74,5.61621852230421e-74,1.106159348224875e-57,0.0,1.1172058450180107
rated_2kw,Industrial Stator (2.4 kW),2400.0,1.0,single_rotor_baseline,Single Rotor Dipole (Baseline),ccw_1200,CCW (-1200 RPM),-1200.0,200.0,0.08486118310806591,0.08486118310806591,2865.354134260541,3.188136438098458e-14,1.489984149815481,126024.85697376207,-0.0,-0.0,-0.0,0.0,0.0,7.0350390386004905e-43,1.7929636858338204e-74,5.729596329738748e-73,2.1198686794946062e-57,0.0,1.1145597888911063
rated_2kw,Industrial Stator (2.4 kW),2400.0,1.0,single_rotor_baseline,Single Rotor Dipole (Baseline),ccw_1200,CCW (-1200 RPM),-1200.0,500.0,0.049929693958972204,0.049929693958972204,991.9229725678798,1.1036631510285233e-14,0.5157999457352974,109067.62732410234,-0.0,-0.0,-0.0,0.0,0.0,2.435376748675618e-43,2.1486752474301983e-75,1.6763448507085894e-71,4.5865762648577664e-57,0.0,1.118676482499022
rated_2kw,Industrial Stator (2.4 kW),2400.0,1.0,single_rotor_baseline,Single Rotor Dipole (Baseline),ccw_1200,CCW (-1200 RPM),-1200.0,1000.0,0.02501229367476961,0.02501229367476961,248.92423360424658,2.76965562472869e-15,0.12944060147420822,54741.29805138047,-0.0,-0.0,-0.0,0.0,0.0,6.111606520537508e-44,1.3531602799858678e-76,6.756500280628336e-71,4.6040267769643466e-57,0.0,1.1173762514629606
rated_2kw,Industrial Stator (2.4 kW),2400.0,1.0,single_rotor_baseline,Single Rotor Dipole (Baseline),static_0,Static (0 RPM),0.0,7.83,0.08148402050288454,0.08148402050288454,2641.83104297736,2.939433458052949e-14,1.373752142348227,4548.987189860103,0.0,0.0,0.0,-0.0,-0.0,6.486243462373522e-43,1.524140354541115e-74,1.753751648508053e-81,2.995706248805598e-60,0.0,1.123815753504808
rated_2kw,Industrial Stator (2.4 kW),2400.0,1.0,single_rotor_baseline,Single Rotor Dipole (Baseline),static_0,Static (0 RPM),0.0,25.0,0.08337669879673155,0.08337669879673155,2765.9831607614105,3.077571318864548e-14,1.4383112435959333,15206.78666115196,0.0,0.0,0.0,-0.0,-0.0,6.791062676477793e-43,1.6707595317902324e-74,2.03669762714735e-78,3.197423858755421e-59,0.0,1.1294898461935556
rated_2kw,Industrial Stator (2.4 kW),2400.0,1.0,single_rotor_baseline,Single Rotor Dipole (Baseline),static_0,Static (0 RPM),0.0,50.0,0.08574589444033914,0.08574589444033914,2925.41046217931,3.254958114723651e-14,1.521213440333241,32166.5680585103,0.0,0.0,0.0,-0.0,-0.0,7.182489786964117e-43,1.8689105013830645e-74,1.4580791113853444e-76,1.3526875132312769e-58,0.0,1.1259847214410394
rated_2kw,Industrial Stator (2.4 kW),2400.0,1.0,single_rotor_baseline,Single Rotor Dipole (Baseline),static_0,Static (0 RPM),0.0,100.0,0.08857585822780384,0.08857585822780384,3121.697943488571,3.473357391805024e-14,1.6232829306140568,68649.72328193004,0.0,0.0,0.0,-0.0,-0.0,7.664416288574566e-43,2.128122583428346e-74,1.0625984995875951e-74,5.773797397430545e-58,0.0,1.1104107572533686
rated_2kw,Industrial Stator (2.4 kW),2400.0,1.0,single_rotor_baseline,Single Rotor Dipole (Baseline),static_0,Static (0 RPM),0.0,120.0,0.10216736666279899,0.10216736666279899,4153.216203445226,4.621076241566127e-14,2.159672425791517,109600.79351351349,0.0,0.0,0.0,-0.0,-0.0,1.0197007684889723e-42,3.766898891161698e-74,5.61621852230421e-74,1.106159348224875e-57,0.0,1.1172058450180107
rated_2kw,Industrial Stator (2.4 kW),2400.0,1.0,single_rotor_baseline,Single Rotor Dipole (Baseline),static_0,Static (0 RPM),0.0,200.0,0.08486118310806591,0.08486118310806591,2865.354134260541,3.188136438098458e-14,1.489984149815481,126024.85697376207,0.0,0.0,0.0,-0.0,-0.0,7.0350390386004905e-43,1.7929636858338204e-74,5.729596329738748e-73,2.1198686794946062e-57,0.0,1.1145597888911063
rated_2kw,Industrial Stator (2.4 kW),2400.0,1.0,single_rotor_baseline,Single Rotor Dipole (Baseline),static_0,Static (0 RPM),0.0,500.0,0.049929693958972204,0.049929693958972204,991.9229725678798,1.1036631510285233e-14,0.5157999457352974,109067.62732410234,0.0,0.0,0.0,-0.0,-0.0,2.435376748675618e-43,2.1486752474301983e-75,1.6763448507085894e-71,4.5865762648577664e-57,0.0,1.118676482499022
rated_2kw,Industrial Stator (2.4 kW),2400.0,1.0,single_rotor_baseline,Single Rotor Dipole (Baseline),static_0,Static (0 RPM),0.0,1000.0,0.02501229367476961,0.02501229367476961,248.92423360424658,2.76965562472869e-15,0.12944060147420822,54741.29805138047,0.0,0.0,0.0,-0.0,-0.0,6.111606520537508e-44,1.3531602799858678e-76,6.756500280628336e-71,4.6040267769643466e-57,0.0,1.1173762514629606
station_50kw,Field Station (50 kW),50000.0,2.0,toroid_24c_pairwise,Toroidal 24C (Pisano Pairwise 180°),cw_1200,CW (+1200 RPM),1200.0,7.83,0.7223868985048036,0.7223868985048036,207634.66522907466,2.3102472190580424e-12,863.7602073529505,715055.1393577865,704329.3122674196,2.2820530060314928e-15,1.0994728645867255e-55,-5.497364322933627e-56,-4.6145914161025787e-48,2.039144771932702e-40,5.884297546105832e-72,6.658706359478462e-74,1.8459082504428378e-56,0.0,1.118815753504808
station_50kw,Field Station (50 kW),50000.0,2.0,toroid_24c_pairwise,Toroidal 24C (Pisano Pairwise 180°),cw_1200,CW (+1200 RPM),1200.0,25.0,0.7391662129534704,0.7391662129534704,217392.39878364757,2.4188166469225606e-12,904.3523789399738,2390354.270377392,2354498.956321731,7.62866364836448e-15,3.6754223728667265e-55,-1.8377111864333633e-55,-1.542609470289872e-47,2.1349738154200586e-40,6.450354905802742e-72,7.73300567030572e-71,1.970203548292703e-55,0.0,1.1244898461935557
station_50kw,Field Station (50 kW),50000.0,2.0,toroid_24c_pairwise,Toroidal 24C (Pisano Pairwise 180°),cw_1200,CW (+1200 RPM),1200.0,50.0,0.7601700353271613,0.7601700353271613,229922.58478713068,2.558233768513938e-12,956.4779527144635,5056261.722831355,4980417.796988885,1.6136737754563235e-14,7.774536891650782e-55,-3.887268445825391e-55,-3.263046534383535e-47,2.2580306433931605e-40,7.215362708830639e-72,5.536086400753448e-69,8.335053017765575e-55,0.0,1.1209847214410396
station_50kw,Field Station (50 kW),50000.0,2.0,toroid_24c_pairwise,Toroidal 24C (Pisano Pairwise 180°),cw_1200,CW (+1200 RPM),1200.0,100.0,0.785258742912904,0.785258742912904,245349.79599303057,2.7298846426438932e-12,1020.6551513310071,10791047.633120198,10629181.918623395,3.443894230521597e-14,1.6592376447688098e-54,-8.296188223844049e-55,-6.963977047039214e-47,2.4095386637003947e-40,8.216111106939664e-72,4.03451160989396e-67,3.5577254133485043e-54,0.0,1.1054107572533687
station_50kw,Field Station (50 kW),50000.0,2.0,toroid_24c_pairwise,Toroidal 24C (Pisano Pairwise 180°),cw_1200,CW (+1200 RPM),1200.0,120.0,0.9057526454445108,0.9057526454445108,326421.9558319907,3.6319340745359624e-12,1357.9153362610812,17228144.94932432,16969722.775084455,5.4982529047007983e-14,2.6490094031015884e-54,-1.3245047015507942e-54,-1.1118142563093134e-46,3.205734572040265e-40,1.454298735392131e-71,2.132385735603075e-66,6.815984270844039e-54,0.0,1.1122058450180108
station_50kw,Field Station (50 kW),50000.0,2.0,toroid_24c_pairwise,Toroidal 24C (Pisano Pairwise 180°),cw_1200,CW (+1200 RPM),1200.0,200.0,0.7523267321684729,0.7523267321684729,225202.45873084376,2.50571528330286e-12,936.8422283203099,19809842.917735264,19512695.273969233,6.322185393986729e-14,3.045972756637634e-54,-1.522986378318817e-54,-1.278423523598805e-46,2.2116750873017827e-40,6.922152402418773e-72,2.175433423001318e-65,1.306230571470375e-53,0.0,1.1095597888911064
station_50kw,Field Station (50 kW),50000.0,2.0,toroid_24c_pairwise,Toroidal 24C (Pisano Pairwise 180°),cw_1200,CW (+1200 RPM),1200.0,500.0,0.4426457671052097,0.4426457671052097,77960.16891001778,8.674238630768084e-13,324.3143026656739,17144336.574413955,16887171.525797747,5.47150599479584e-14,2.636122979528462e-54,-1.318061489764231e-54,-1.1064057026723702e-46,7.656335741262947e-41,8.295459435983979e-73,6.364805488620477e-64,2.826177957857268e-53,0.0,1.1136764824990222
station_50kw,Field Station (50 kW),50000.0,2.0,toroid_24c_pairwise,Toroidal 24C (Pisano Pairwise 180°),cw_1200,CW (+1200 RPM),1200.0,1000.0,0.22174351659008418,0.22174351659008418,19564.195844127673,2.1768103602612624e-13,81.38705471157111,8604782.751203964,8475711.009935904,2.7461616961832012e-14,1.3230763083682806e-54,-6.615381541841403e-55,-5.5530761805021e-47,1.921366436023908e-41,5.224189288939684e-74,2.5653319513544886e-63,2.8369306958118438e-53,0.0,1.1123762514629607
station_50kw,Field Station (50 kW),50000.0,2.0,toroid_24c_pairwise,Toroidal 24C (Pisano Pairwise 180°),ccw_1200,CCW (-1200 RPM),-1200.0,7.83,0.7223868985048036,0.7223868985048036,207634.66522907466,2.3102472190580424e-12,863.7602073529505,715055.1393577865,-704329.3122674196,-2.2820530060314928e-15,-1.0994728645867255e-55,5.497364322933627e-56,4.6145914161025787e-48,2.039144771932702e-40,5.884297546105832e-72,6.658706359478462e-74,1.8459082504428378e-56,0.0,1.118815753504808
station_50kw,Field Station (50 kW),50000.0,2.0,toroid_24c_pairwise,Toroidal 24C (Pisano Pairwise 180°),ccw_1200,CCW (-1200 RPM),-1200.0,25.0,0.7391662129534704,0.7391662129534704,217392.39878364757,2.4188166469225606e-12,904.3523789399738,2390354.270377392,-2354498.956321731,-7.62866364836448e-15,-3.6754223728667265e-55,1.8377111864333633e-55,1.542609470289872e-47,2.1349738154200586e-40,6.450354905802742e-72,7.73300567030572e-71,1.970203548292703e-55,0.0,1.1244898461935557
station_50kw,Field Station (50 kW),50000.0,2.0,toroid_24c_pairwise,Toroidal 24C (Pisano Pairwise 180°),ccw_1200,CCW (-1200 RPM),-1200.0,50.0,0.7601700353271613,0.7601700353271613,229922.58478713068,2.558233768513938e-12,956.4779527144635,5056261.722831355,-4980417.796988885,-1.6136737754563235e-14,-7.774536891650782e-55,3.887268445825391e-55,3.263046534383535e-47,2.2580306433931605e-40,7.215362708830639e-72,5.536086400753448e-69,8.335053017765575e-55,0.0,1.1209847214410396
station_50kw,Field Station (50 kW),50000.0,2.0,toroid_24c_pairwise,Toroidal 24C (Pisano Pairwise 180°),ccw_1200,CCW (-1200 RPM),-1200.0,100.0,0.785258742912904,0.785258742912904,245349.79599303057,2.7298846426438932e-12,1020.6551513310071,10791047.633120198,-10629181.918623395,-3.443894230521597e-14,-1.6592376447688098e-54,8.296188223844049e-55,6.963977047039214e-47,2.4095386637003947e-40,8.216111106939664e-72,4.03451160989396e-67,3.5577254133485043e-54,0.0,1.1054107572533687
station_50kw,Field Station (50 kW),50000.0,2.0,toroid_24c_pairwise,Toroidal 24C (Pisano Pairwise 180°),ccw_1200,CCW (-1200 RPM),-1200.0,120.0,0.9057526454445108,0.9057526454445108,326421.9558319907,3.6319340745359624e-12,1357.9153362610812,17228144.94932432,-16969722.775084455,-5.4982529047007983e-14,-2.6490094031015884e-54,1.3245047015507942e-54,1.1118142563093134e-46,3.205734572040265e-40,1.454298735392131e-71,2.132385735603075e-66,6.815984270844039e-54,0.0,1.1122058450180108
station_50kw,Field Station (50 kW),50000.0,2.0,toroid_24c_pairwise,Toroidal 24C (Pisano Pairwise 180°),ccw_1200,CCW (-1200 RPM),-1200.0,200.0,0.7523267321684729,0.7523267321684729,225202.45873084376,2.50571528330286e-12,936.8422283203099,19809842.917735264,-19512695.273969233,-6.322185393986729e-14,-3.045972756637634e-54,1.522986378318817e-54,1.278423523598805e-46,2.2116750873017827e-40,6.922152402418773e-72,2.175433423001318e-65,1.306230571470375e-53,0.0,1.1095597888911064
station_50kw,Field Station (50 kW),50000.0,2.0,toroid_24c_pairwise,Toroidal 24C (Pisano Pairwise 180°),ccw_1200,CCW (-1200 RPM),-1200.0,500.0,0.4426457671052097,0.4426457671052097,77960.16891001778,8.674238630768084e-13,324.3143026656739,17144336.574413955,-16887171.525797747,-5.47150599479584e-14,-2.636122979528462e-54,1.318061489764231e-54,1.1064057026723702e-46,7.656335741262947e-41,8.295459435983979e-73,6.364805488620477e-64,2.826177957857268e-53,0.0,1.1136764824990222
station_50kw,Field Station (50 kW),50000.0,2.0,toroid_24c_pairwise,Toroidal 24C (Pisano Pairwise 180°),ccw_1200,CCW (-1200 RPM),-1200.0,1000.0,0.22174351659008418,0.22174351659008418,19564.195844127673,2.1768103602612624e-13,81.38705471157111,8604782.751203964,-8475711.009935904,-2.7461616961832012e-14,-1.3230763083682806e-54,6.615381541841403e-55,5.5530761805021e-47,1.921366436023908e-41,5.224189288939684e-74,2.5653319513544886e-63,2.8369306958118438e-53,0.0,1.1123762514629607
station_50kw,Field Station (50 kW),50000.0,2.0,toroid_24c_pairwise,Toroidal 24C (Pisano Pairwise 180°),static_0,Static (0 RPM),0.0,7.83,0.7223868985048036,0.7223868985048036,207634.66522907466,2.3102472190580424e-12,863.7602073529505,715055.1393577865,704329.3122674196,2.2820530060314928e-15,1.0994728645867255e-55,-5.497364322933627e-56,-4.6145914161025787e-48,2.039144771932702e-40,5.884297546105832e-72,6.658706359478462e-74,1.8459082504428378e-56,0.0,1.118815753504808
station_50kw,Field Station (50 kW),50000.0,2.0,toroid_24c_pairwise,Toroidal 24C (Pisano Pairwise 180°),static_0,Static (0 RPM),0.0,25.0,0.7391662129534704,0.7391662129534704,217392.39878364757,2.4188166469225606e-12,904.3523789399738,2390354.270377392,2354498.956321731,7.62866364836448e-15,3.6754223728667265e-55,-1.8377111864333633e-55,-1.542609470289872e-47,2.1349738154200586e-40,6.450354905802742e-72,7.73300567030572e-71,1.970203548292703e-55,0.0,1.1244898461935557
station_50kw,Field Station (50 kW),50000.0,2.0,toroid_24c_pairwise,Toroidal 24C (Pisano Pairwise 180°),static_0,Static (0 RPM),0.0,50.0,0.7601700353271613,0.7601700353271613,229922.58478713068,2.558233768513938e-12,956.4779527144635,5056261.722831355,4980417.796988885,1.6136737754563235e-14,7.774536891650782e-55,-3.887268445825391e-55,-3.263046534383535e-47,2.2580306433931605e-40,7.215362708830639e-72,5.536086400753448e-69,8.335053017765575e-55,0.0,1.1209847214410396
station_50kw,Field Station (50 kW),50000.0,2.0,toroid_24c_pairwise,Toroidal 24C (Pisano Pairwise 180°),static_0,Static (0 RPM),0.0,100.0,0.785258742912904,0.785258742912904,245349.79599303057,2.7298846426438932e-12,1020.6551513310071,10791047.633120198,10629181.918623395,3.443894230521597e-14,1.6592376447688098e-54,-8.296188223844049e-55,-6.963977047039214e-47,2.4095386637003947e-40,8.216111106939664e-72,4.03451160989396e-67,3.5577254133485043e-54,0.0,1.1054107572533687
station_50kw,Field Station (50 kW),50000.0,2.0,toroid_24c_pairwise,Toroidal 24C (Pisano Pairwise 180°),static_0,Static (0 RPM),0.0,120.0,0.9057526454445108,0.9057526454445108,326421.9558319907,3.6319340745359624e-12,1357.9153362610812,17228144.94932432,16969722.775084455,5.4982529047007983e-14,2.6490094031015884e-54,-1.3245047015507942e-54,-1.1118142563093134e-46,3.205734572040265e-40,1.454298735392131e-71,2.132385735603075e-66,6.815984270844039e-54,0.0,1.1122058450180108
station_50kw,Field Station (50 kW),50000.0,2.0,toroid_24c_pairwise,Toroidal 24C (Pisano Pairwise 180°),static_0,Static (0 RPM),0.0,200.0,0.7523267321684729,0.7523267321684729,225202.45873084376,2.50571528330286e-12,936.8422283203099,19809842.917735264,19512695.273969233,6.322185393986729e-14,3.045972756637634e-54,-1.522986378318817e-54,-1.278423523598805e-46,2.2116750873017827e-40,6.922152402418773e-72,2.175433423001318e-65,1.306230571470375e-53,0.0,1.1095597888911064
station_50kw,Field Station (50 kW),50000.0,2.0,toroid_24c_pairwise,Toroidal 24C (Pisano Pairwise 180°),static_0,Static (0 RPM),0.0,500.0,0.4426457671052097,0.4426457671052097,77960.16891001778,8.674238630768084e-13,324.3143026656739,17144336.574413955,16887171.525797747,5.47150599479584e-14,2.636122979528462e-54,-1.318061489764231e-54,-1.1064057026723702e-46,7.656335741262947e-41,8.295459435983979e-73,6.364805488620477e-64,2.826177957857268e-53,0.0,1.1136764824990222
station_50kw,Field Station (50 kW),50000.0,2.0,toroid_24c_pairwise,Toroidal 24C (Pisano Pairwise 180°),static_0,Static (0 RPM),0.0,1000.0,0.22174351659008418,0.22174351659008418,19564.195844127673,2.1768103602612624e-13,81.38705471157111,8604782.751203964,8475711.009935904,2.7461616961832012e-14,1.3230763083682806e-54,-6.615381541841403e-55,-5.5530761805021e-47,1.921366436023908e-41,5.224189288939684e-74,2.5653319513544886e-63,2.8369306958118438e-53,0.0,1.1123762514629607
station_50kw,Field Station (50 kW),50000.0,2.0,toroid_24c_simultaneous,Toroidal 24C (Pisano Simultaneous),cw_1200,CW (+1200 RPM),1200.0,7.83,0.8997650676426169,0.8997650676426169,322120.5238149057,3.584074188786758e-12,1340.0213790700077,1109323.126715632,22186.46253431264,7.188495869444917e-17,3.463353447426179e-57,-1.7316767237130896e-57,-1.4536021400973355e-49,3.1634909389754976e-40,1.4162231672531727e-71,2.73397614395625e-73,3.7403525553726116e-56,0.0,1.123815753504808
station_50kw,Field Station (50 kW),50000.0,2.0,toroid_24c_simultaneous,Toroidal 24C (Pisano Simultaneous),cw_1200,CW (+1200 RPM),1200.0,25.0,0.9206644513816492,0.9206644513816492,337258.4885684192,3.7525067621021026e-12,1402.9953124446238,3708350.7651656945,74167.01530331389,2.403038710350439e-16,1.157762702092699e-56,-5.788813510463495e-57,-4.8592393673752884e-49,3.312158319014243e-40,1.552460932341625e-71,3.1750691323997904e-70,3.9922113543253814e-55,0.0,1.1294898461935556
station_50kw,Field Station (50 kW),50000.0,2.0,toroid_24c_simultaneous,Toroidal 24C (Pisano Simultaneous),cw_1200,CW (+1200 RPM),1200.0,50.0,0.9468256479619495,0.9468256479619495,356697.5840320171,3.968795868674141e-12,1483.861949573191,7844189.566837448,156883.79133674895,5.083092828624367e-16,2.4489889667228655e-56,-1.2244944833614327e-56,-1.0278637907282193e-48,3.503066373032892e-40,1.736581766695856e-71,2.2730433410681318e-68,1.6889266758890347e-54,0.0,1.1259847214410394
station_50kw,Field Station (50 kW),50000.0,2.0,toroid_24c_simultaneous,Toroidal 24C (Pisano Simultaneous),cw_1200,CW (+1200 RPM),1200.0,100.0,0.9780747510736962,0.9780747510736962,380631.07003814774,4.2350918141369384e-12,1583.4252513586944,16741028.827037774,334820.5765407555,1.0848310440414036e-15,5.226619593990053e-56,-2.6133097969950263e-56,-2.1936615891585365e-48,3.7381130730127946e-40,1.9774402642290834e-71,1.6565167314013456e-66,7.208997163287904e-54,0.0,1.1104107572533686
station_50kw,Field Station (50 kW),50000.0,2.0,toroid_24c_simultaneous,Toroidal 24C (Pisano Simultaneous),cw_1200,CW (+1200 RPM),1200.0,120.0,1.1281552752170243,1.1281552752170243,506404.8976662077,5.634514377741329e-12,2106.644374291424,26727420.824999988,534548.4164999998,1.7319566280950688e-15,8.344413167436183e-56,-4.172206583718091e-56,-3.502228987646563e-48,4.973316466293823e-40,3.5001825537057636e-71,8.755291818136319e-66,1.3811187082952204e-53,0.0,1.1172058450180107
station_50kw,Field Station (50 kW),50000.0,2.0,toroid_24c_simultaneous,Toroidal 24C (Pisano Simultaneous),cw_1200,CW (+1200 RPM),1200.0,200.0,0.9370564644237018,0.9370564644237018,349374.8690313881,3.887319676114995e-12,1453.3994551705744,30732618.61313869,614652.3722627738,1.991496405667248e-15,9.594852758310205e-56,-4.797426379155103e-56,-4.0270502895866566e-48,3.431151233075834e-40,1.666012386822689e-71,8.932039889076184e-65,2.6468069876890884e-53,0.0,1.1145597888911063
station_50kw,Field Station (50 kW),50000.0,2.0,toroid_24c_simultaneous,Toroidal 24C (Pisano Simultaneous),cw_1200,CW (+1200 RPM),1200.0,500.0,0.5513350247706473,0.5513350247706473,120945.9432907689,1.345705105819318e-12,503.1351240895986,26597402.0846494,531948.041692988,1.7235313176021032e-15,8.303820769984195e-56,-4.151910384992098e-56,-3.485191975195021e-48,1.1877895614190819e-40,1.9965376910663358e-72,2.6133043608448176e-63,5.726667045381695e-53,0.0,1.118676482499022
station_50kw,Field Station (50 kW),50000.0,2.0,toroid_24c_simultaneous,Toroidal 24C (Pisano Simultaneous),cw_1200,CW (+1200 RPM),1200.0,1000.0,0.2761914295745801,0.2761914295745801,30351.526352187106,3.3770627497073864e-13,126.26234962509835,13349298.50982879,266985.9701965758,8.650444121002314e-16,4.167707127103672e-56,-2.083853563551836e-56,-1.74922602940194e-48,2.9807718385057737e-41,1.2573493850610237e-73,1.053291131594702e-62,5.748455252285261e-53,0.0,1.1173762514629606
station_50kw,Field Station (50 kW),50000.0,2.0,toroid_24c_simultaneous,Toroidal 24C (Pisano Simultaneous),ccw_1200,CCW (-1200 RPM),-1200.0,7.83,0.8997650676426169,0.8997650676426169,322120.5238149057,3.584074188786758e-12,1340.0213790700077,1109323.126715632,-22186.46253431264,-7.188495869444917e-17,-3.463353447426179e-57,1.7316767237130896e-57,1.4536021400973355e-49,3.1634909389754976e-40,1.4162231672531727e-71,2.73397614395625e-73,3.7403525553726116e-56,0.0,1.123815753504808
station_50kw,Field Station (50 kW),50000.0,2.0,toroid_24c_simultaneous,Toroidal 24C (Pisano Simultaneous),ccw_1200,CCW (-1200 RPM),-1200.0,25.0,0.9206644513816492,0.9206644513816492,337258.4885684192,3.7525067621021026e-12,1402.9953124446238,3708350.7651656945,-74167.01530331389,-2.403038710350439e-16,-1.157762702092699e-56,5.788813510463495e-57,4.8592393673752884e-49,3.312158319014243e-40,1.552460932341625e-71,3.1750691323997904e-70,3.9922113543253814e-55,0.0,1.1294898461935556
station_50kw,Field Station (50 kW),50000.0,2.0,toroid_24c_simultaneous,Toroidal 24C (Pisano Simultaneous),ccw_1200,CCW (-1200 RPM),-1200.0,50.0,0.9468256479619495,0.9468256479619495,356697.5840320171,3.968795868674141e-12,1483.861949573191,7844189.566837448,-156883.79133674895,-5.083092828624367e-16,-2.4489889667228655e-56,1.2244944833614327e-56,1.0278637907282193e-48,3.503066373032892e-40,1.736581766695856e-71,2.2730433410681318e-68,1.6889266758890347e-54,0.0,1.1259847214410394
station_50kw,Field Station (50 kW),50000.0,2.0,toroid_24c_simultaneous,Toroidal 24C (Pisano Simultaneous),ccw_1200,CCW (-1200 RPM),-1200.0,100.0,0.9780747510736962,0.9780747510736962,380631.07003814774,4.2350918141369384e-12,1583.4252513586944,16741028.827037774,-334820.5765407555,-1.0848310440414036e-15,-5.226619593990053e-56,2.6133097969950263e-56,2.1936615891585365e-48,3.7381130730127946e-40,1.9774402642290834e-71,1.6565167314013456e-66,7.208997163287904e-54,0.0,1.1104107572533686
station_50kw,Field Station (50 kW),50000.0,2.0,toroid_24c_simultaneous,Toroidal 24C (Pisano Simultaneous),ccw_1200,CCW (-1200 RPM),-1200.0,120.0,1.1281552752170243,1.1281552752170243,506404.8976662077,5.634514377741329e-12,2106.644374291424,26727420.824999988,-534548.4164999998,-1.7319566280950688e-15,-8.344413167436183e-56,4.172206583718091e-56,3.502228987646563e-48,4.973316466293823e-40,3.5001825537057636e-71,8.755291818136319e-66,1.3811187082952204e-53,0.0,1.1172058450180107
station_50kw,Field Station (50 kW),50000.0,2.0,toroid_24c_simultaneous,Toroidal 24C (Pisano Simultaneous),ccw_1200,CCW (-1200 RPM),-1200.0,200.0,0.9370564644237018,0.9370564644237018,349374.8690313881,3.887319676114995e-12,1453.3994551705744,30732618.61313869,-614652.3722627738,-1.991496405667248e-15,-9.594852758310205e-56,4.797426379155103e-56,4.0270502895866566e-48,3.431151233075834e-40,1.666012386822689e-71,8.932039889076184e-65,2.6468069876890884e-53,0.0,1.1145597888911063
station_50kw,Field Station (50 kW),50000.0,2.0,toroid_24c_simultaneous,Toroidal 24C (Pisano Simultaneous),ccw_1200,CCW (-1200 RPM),-1200.0,500.0,0.5513350247706473,0.5513350247706473,120945.9432907689,1.345705105819318e-12,503.1351240895986,26597402.0846494,-531948.041692988,-1.7235313176021032e-15,-8.303820769984195e-56,4.151910384992098e-56,3.485191975195021e-48,1.1877895614190819e-40,1.9965376910663358e-72,2.6133043608448176e-63,5.726667045381695e-53,0.0,1.118676482499022
station_50kw,Field Station (50 kW),50000.0,2.0,toroid_24c_simultaneous,Toroidal 24C (Pisano Simultaneous),ccw_1200,CCW (-1200 RPM),-1200.0,1000.0,0.2761914295745801,0.2761914295745801,30351.526352187106,3.3770627497073864e-13,126.26234962509835,13349298.50982879,-266985.9701965758,-8.650444121002314e-16,-4.167707127103672e-56,2.083853563551836e-56,1.74922602940194e-48,2.9807718385057737e-41,1.2573493850610237e-73,1.053291131594702e-62,5.748455252285261e-53,0.0,1.1173762514629606
station_50kw,Field Station (50 kW),50000.0,2.0,toroid_24c_simultaneous,Toroidal 24C (Pisano Simultaneous),static_0,Static (0 RPM),0.0,7.83,0.8997650676426169,0.8997650676426169,322120.5238149057,3.584074188786758e-12,1340.0213790700077,1109323.126715632,0.0,0.0,0.0,-0.0,-0.0,3.1634909389754976e-40,1.4162231672531727e-71,2.73397614395625e-73,3.7403525553726116e-56,0.0,1.123815753504808
station_50kw,Field Station (50 kW),50000.0,2.0,toroid_24c_simultaneous,Toroidal 24C (Pisano Simultaneous),static_0,Static (0 RPM),0.0,25.0,0.9206644513816492,0.9206644513816492,337258.4885684192,3.7525067621021026e-12,1402.9953124446238,3708350.7651656945,0.0,0.0,0.0,-0.0,-0.0,3.312158319014243e-40,1.552460932341625e-71,3.1750691323997904e-70,3.9922113543253814e-55,0.0,1.1294898461935556
station_50kw,Field Station (50 kW),50000.0,2.0,toroid_24c_simultaneous,Toroidal 24C (Pisano Simultaneous),static_0,Static (0 RPM),0.0,50.0,0.9468256479619495,0.9468256479619495,356697.5840320171,3.968795868674141e-12,1483.861949573191,7844189.566837448,0.0,0.0,0.0,-0.0,-0.0,3.503066373032892e-40,1.736581766695856e-71,2.2730433410681318e-68,1.6889266758890347e-54,0.0,1.1259847214410394
station_50kw,Field Station (50 kW),50000.0,2.0,toroid_24c_simultaneous,Toroidal 24C (Pisano Simultaneous),static_0,Static (0 RPM),0.0,100.0,0.9780747510736962,0.9780747510736962,380631.07003814774,4.2350918141369384e-12,1583.4252513586944,16741028.827037774,0.0,0.0,0.0,-0.0,-0.0,3.7381130730127946e-40,1.9774402642290834e-71,1.6565167314013456e-66,7.208997163287904e-54,0.0,1.1104107572533686
station_50kw,Field Station (50 kW),50000.0,2.0,toroid_24c_simultaneous,Toroidal 24C (Pisano Simultaneous),static_0,Static (0 RPM),0.0,120.0,1.1281552752170243,1.1281552752170243,506404.8976662077,5.634514377741329e-12,2106.644374291424,26727420.824999988,0.0,0.0,0.0,-0.0,-0.0,4.973316466293823e-40,3.5001825537057636e-71,8.755291818136319e-66,1.3811187082952204e-53,0.0,1.1172058450180107
station_50kw,Field Station (50 kW),50000.0,2.0,toroid_24c_simultaneous,Toroidal 24C (Pisano Simultaneous),static_0,Static (0 RPM),0.0,200.0,0.9370564644237018,0.9370564644237018,349374.8690313881,3.887319676114995e-12,1453.3994551705744,30732618.61313869,0.0,0.0,0.0,-0.0,-0.0,3.431151233075834e-40,1.666012386822689e-71,8.932039889076184e-65,2.6468069876890884e-53,0.0,1.1145597888911063
station_50kw,Field Station (50 kW),50000.0,2.0,toroid_24c_simultaneous,Toroidal 24C (Pisano Simultaneous),static_0,Static (0 RPM),0.0,500.0,0.5513350247706473,0.5513350247706473,120945.9432907689,1.345705105819318e-12,503.1351240895986,26597402.0846494,0.0,0.0,0.0,-0.0,-0.0,1.1877895614190819e-40,1.9965376910663358e-72,2.6133043608448176e-63,5.726667045381695e-53,0.0,1.118676482499022
station_50kw,Field Station (50 kW),50000.0,2.0,toroid_24c_simultaneous,Toroidal 24C (Pisano Simultaneous),static_0,Static (0 RPM),0.0,1000.0,0.2761914295745801,0.2761914295745801,30351.526352187106,3.3770627497073864e-13,126.26234962509835,13349298.50982879,0.0,0.0,0.0,-0.0,-0.0,2.9807718385057737e-41,1.2573493850610237e-73,1.053291131594702e-62,5.748455252285261e-53,0.0,1.1173762514629606
station_50kw,Field Station (50 kW),50000.0,2.0,toroid_8c_pairwise,Toroidal 8C (8x8 Roots Pairwise 180°),cw_1200,CW (+1200 RPM),1200.0,7.83,0.6437110976775477,0.6437110976775477,164870.18805563223,1.8344282398166983e-12,685.85998231143,567782.239858648,513842.9270720765,1.6648700770068676e-15,8.02119612425077e-56,-4.010598062125385e-56,-3.366571743064897e-48,1.6191621069164673e-40,3.710044919008177e-72,3.084471962024294e-74,1.2563353868881468e-56,0.0,1.118815753504808
station_50kw,Field Station (50 kW),50000.0,2.0,toroid_8c_pairwise,Toroidal 8C (8x8 Roots Pairwise 180°),cw_1200,CW (+1200 RPM),1200.0,25.0,0.6586629620377458,0.6586629620377458,172618.21685594987,1.920636686606483e-12,718.0917821207514,1898036.4268264743,1717722.9662779593,5.565485903326467e-15,2.681401664542644e-55,-1.340700832271322e-55,-1.125409594257943e-47,1.6952541814432376e-40,4.06694363372401e-72,3.582113083914559e-71,1.3409314555579336e-55,0.0,1.1244898461935557
station_50kw,Field Station (50 kW),50000.0,2.0,toroid_8c_pairwise,Toroidal 8C (8x8 Roots Pairwise 180°),cw_1200,CW (+1200 RPM),1200.0,50.0,0.6773792394004406,0.6773792394004406,182567.68324436405,2.031339429954209e-12,759.4815622965543,4014873.0472437954,3633460.107755635,1.1772545053543148e-14,5.671907619711418e-55,-2.835953809855709e-55,-2.3805531776071015e-47,1.7929662005180464e-40,4.549280444598496e-72,2.5644475609231486e-69,5.6728832840394746e-55,0.0,1.1209847214410396
station_50kw,Field Station (50 kW),50000.0,2.0,toroid_8c_pairwise,Toroidal 8C (8x8 Roots Pairwise 180°),cw_1200,CW (+1200 RPM),1200.0,100.0,0.699735513486746,0.699735513486746,194817.50294515706,2.16763705572155e-12,810.4408122518533,8568521.304604802,7754511.780667346,2.512490480115024e-14,1.2104955923976556e-54,-6.052477961988278e-55,-5.080564286602831e-47,1.9132695986641692e-40,5.180251513025701e-72,1.8688822226655618e-67,2.421407636348499e-54,0.0,1.1054107572533687
station_50kw,Field Station (50 kW),50000.0,2.0,toroid_8c_pairwise,Toroidal 8C (8x8 Roots Pairwise 180°),cw_1200,CW (+1200 RPM),1200.0,120.0,0.8071063177228313,0.8071063177228313,259192.02453084243,2.883900206228927e-12,1078.2388220483044,13679832.770270264,12380248.657094589,4.011246326294197e-14,1.9325828441658893e-54,-9.662914220829447e-55,-8.1112326559757225e-47,2.545480838498788e-40,9.169341950650146e-72,9.877720473926101e-67,4.638996674878095e-54,0.0,1.1122058450180108
station_50kw,Field Station (50 kW),50000.0,2.0,toroid_8c_pairwise,Toroidal 8C (8x8 Roots Pairwise 180°),cw_1200,CW (+1200 RPM),1200.0,200.0,0.670390157377847,0.670390157377847,178819.7152945627,1.9896376624598727e-12,743.8900156253807,15729803.708818303,14235472.356480565,4.612345662400938e-14,2.2221871641460608e-54,-1.1110935820730304e-54,-9.32672932905556e-47,1.7561580440294516e-40,4.3644115797967706e-72,1.007712765250045e-65,8.890277672141416e-54,0.0,1.1095597888911064
station_50kw,Field Station (50 kW),50000.0,2.0,toroid_8c_pairwise,Toroidal 8C (8x8 Roots Pairwise 180°),cw_1200,CW (+1200 RPM),1200.0,500.0,0.39443682217295906,0.39443682217295906,61903.476930805184,6.887690707697427e-13,257.51846403214955,13613285.58501647,12320023.454439906,3.99173313802229e-14,1.92318156341131e-54,-9.61590781705655e-55,-8.071774593055034e-47,6.079435300875391e-41,5.2302805713280726e-73,2.9483300529452777e-64,1.9235123832658303e-53,0.0,1.1136764824990222
station_50kw,Field Station (50 kW),50000.0,2.0,toroid_8c_pairwise,Toroidal 8C (8x8 Roots Pairwise 180°),cw_1200,CW (+1200 RPM),1200.0,1000.0,0.19759323260502548,0.19759323260502548,15534.750155615538,1.7284740631424587e-13,64.62456064736064,6832539.974978147,6183448.677355223,2.003460227485506e-14,9.652493388966722e-55,-4.826246694483361e-55,-4.051242606469918e-47,1.5256414206248066e-41,3.2938471883010763e-74,1.1883230841039442e-63,1.930830756318786e-53,0.0,1.1123762514629607
station_50kw,Field Station (50 kW),50000.0,2.0,toroid_8c_pairwise,Toroidal 8C (8x8 Roots Pairwise 180°),ccw_1200,CCW (-1200 RPM),-1200.0,7.83,0.6437110976775477,0.6437110976775477,164870.18805563223,1.8344282398166983e-12,685.85998231143,567782.239858648,-513842.9270720765,-1.6648700770068676e-15,-8.02119612425077e-56,4.010598062125385e-56,3.366571743064897e-48,1.6191621069164673e-40,3.710044919008177e-72,3.084471962024294e-74,1.2563353868881468e-56,0.0,1.118815753504808
station_50kw,Field Station (50 kW),50000.0,2.0,toroid_8c_pairwise,Toroidal 8C (8x8 Roots Pairwise 180°),ccw_1200,CCW (-1200 RPM),-1200.0,25.0,0.6586629620377458,0.6586629620377458,172618.21685594987,1.920636686606483e-12,718.0917821207514,1898036.4268264743,-1717722.9662779593,-5.565485903326467e-15,-2.681401664542644e-55,1.340700832271322e-55,1.125409594257943e-47,1.6952541814432376e-40,4.06694363372401e-72,3.582113083914559e-71,1.3409314555579336e-55,0.0,1.1244898461935557
station_50kw,Field Station (50 kW),50000.0,2.0,toroid_8c_pairwise,Toroidal 8C (8x8 Roots Pairwise 180°),ccw_1200,CCW (-1200 RPM),-1200.0,50.0,0.6773792394004406,0.6773792394004406,182567.68324436405,2.031339429954209e-12,759.4815622965543,4014873.0472437954,-3633460.107755635,-1.1772545053543148e-14,-5.671907619711418e-55,2.835953809855709e-55,2.3805531776071015e-47,1.7929662005180464e-40,4.549280444598496e-72,2.5644475609231486e-69,5.6728832840394746e-55,0.0,1.1209847214410396
station_50kw,Field Station (50 kW),50000.0,2.0,toroid_8c_pairwise,Toroidal 8C (8x8 Roots Pairwise 180°),ccw_1200,CCW (-1200 RPM),-1200.0,100.0,0.699735513486746,0.699735513486746,194817.50294515706,2.16763705572155e-12,810.4408122518533,8568521.304604802,-7754511.780667346,-2.512490480115024e-14,-1.2104955923976556e-54,6.052477961988278e-55,5.080564286602831e-47,1.9132695986641692e-40,5.180251513025701e-72,1.8688822226655618e-67,2.421407636348499e-54,0.0,1.1054107572533687
station_50kw,Field Station (50 kW),50000.0,2.0,toroid_8c_pairwise,Toroidal 8C (8x8 Roots Pairwise 180°),ccw_1200,CCW (-1200 RPM),-1200.0,120.0,0.8071063177228313,0.8071063177228313,259192.02453084243,2.883900206228927e-12,1078.2388220483044,13679832.770270264,-12380248.657094589,-4.011246326294197e-14,-1.9325828441658893e-54,9.662914220829447e-55,8.1112326559757225e-47,2.545480838498788e-40,9.169341950650146e-72,9.877720473926101e-67,4.638996674878095e-54,0.0,1.1122058450180108
station_50kw,Field Station (50 kW),50000.0,2.0,toroid_8c_pairwise,Toroidal 8C (8x8 Roots Pairwise 180°),ccw_1200,CCW (-1200 RPM),-1200.0,200.0,0.670390157377847,0.670390157377847,178819.7152945627,1.9896376624598727e-12,743.8900156253807,15729803.708818303,-14235472.356480565,-4.612345662400938e-14,-2.2221871641460608e-54,1.1110935820730304e-54,9.32672932905556e-47,1.7561580440294516e-40,4.3644115797967706e-72,1.007712765250045e-65,8.890277672141416e-54,0.0,1.1095597888911064
station_50kw,Field Station (50 kW),50000.0,2.0,toroid_8c_pairwise,Toroidal 8C (8x8 Roots Pairwise 180°),ccw_1200,CCW (-1200 RPM),-1200.0,500.0,0.39443682217295906,0.39443682217295906,61903.476930805184,6.887690707697427e-13,257.51846403214955,13613285.58501647,-12320023.454439906,-3.99173313802229e-14,-1.92318156341131e-54,9.61590781705655e-55,8.071774593055034e-47,6.079435300875391e-41,5.2302805713280726e-73,2.9483300529452777e-64,1.9235123832658303e-53,0.0,1.1136764824990222
station_50kw,Field Station (50 kW),50000.0,2.0,toroid_8c_pairwise,Toroidal 8C (8x8 Roots Pairwise 180°),ccw_1200,CCW (-1200 RPM),-1200.0,1000.0,0.19759323260502548,0.19759323260502548,15534.750155615538,1.7284740631424587e-13,64.62456064736064,6832539.974978147,-6183448.677355223,-2.003460227485506e-14,-9.652493388966722e-55,4.826246694483361e-55,4.051242606469918e-47,1.5256414206248066e-41,3.2938471883010763e-74,1.1883230841039442e-63,1.930830756318786e-53,0.0,1.1123762514629607
station_50kw,Field Station (50 kW),50000.0,2.0,toroid_8c_pairwise,Toroidal 8C (8x8 Roots Pairwise 180°),static_0,Static (0 RPM),0.0,7.83,0.6437110976775477,0.6437110976775477,164870.18805563223,1.8344282398166983e-12,685.85998231143,567782.239858648,513842.9270720765,1.6648700770068676e-15,8.02119612425077e-56,-4.010598062125385e-56,-3.366571743064897e-48,1.6191621069164673e-40,3.710044919008177e-72,3.084471962024294e-74,1.2563353868881468e-56,0.0,1.118815753504808
station_50kw,Field Station (50 kW),50000.0,2.0,toroid_8c_pairwise,Toroidal 8C (8x8 Roots Pairwise 180°),static_0,Static (0 RPM),0.0,25.0,0.6586629620377458,0.6586629620377458,172618.21685594987,1.920636686606483e-12,718.0917821207514,1898036.4268264743,1717722.9662779593,5.565485903326467e-15,2.681401664542644e-55,-1.340700832271322e-55,-1.125409594257943e-47,1.6952541814432376e-40,4.06694363372401e-72,3.582113083914559e-71,1.3409314555579336e-55,0.0,1.1244898461935557
station_50kw,Field Station (50 kW),50000.0,2.0,toroid_8c_pairwise,Toroidal 8C (8x8 Roots Pairwise 180°),static_0,Static (0 RPM),0.0,50.0,0.6773792394004406,0.6773792394004406,182567.68324436405,2.031339429954209e-12,759.4815622965543,4014873.0472437954,3633460.107755635,1.1772545053543148e-14,5.671907619711418e-55,-2.835953809855709e-55,-2.3805531776071015e-47,1.7929662005180464e-40,4.549280444598496e-72,2.5644475609231486e-69,5.6728832840394746e-55,0.0,1.1209847214410396
station_50kw,Field Station (50 kW),50000.0,2.0,toroid_8c_pairwise,Toroidal 8C (8x8 Roots Pairwise 180°),static_0,Static (0 RPM),0.0,100.0,0.699735513486746,0.699735513486746,194817.50294515706,2.16763705572155e-12,810.4408122518533,8568521.304604802,7754511.780667346,2.512490480115024e-14,1.2104955923976556e-54,-6.052477961988278e-55,-5.080564286602831e-47,1.9132695986641692e-40,5.180251513025701e-72,1.8688822226655618e-67,2.421407636348499e-54,0.0,1.1054107572533687
station_50kw,Field Station (50 kW),50000.0,2.0,toroid_8c_pairwise,Toroidal 8C (8x8 Roots Pairwise 180°),static_0,Static (0 RPM),0.0,120.0,0.8071063177228313,0.8071063177228313,259192.02453084243,2.883900206228927e-12,1078.2388220483044,13679832.770270264,12380248.657094589,4.011246326294197e-14,1.9325828441658893e-54,-9.662914220829447e-55,-8.1112326559757225e-47,2.545480838498788e-40,9.169341950650146e-72,9.877720473926101e-67,4.638996674878095e-54,0.0,1.1122058450180108
station_50kw,Field Station (50 kW),50000.0,2.0,toroid_8c_pairwise,Toroidal 8C (8x8 Roots Pairwise 180°),static_0,Static (0 RPM),0.0,200.0,0.670390157377847,0.670390157377847,178819.7152945627,1.9896376624598727e-12,743.8900156253807,15729803.708818303,14235472.356480565,4.612345662400938e-14,2.2221871641460608e-54,-1.1110935820730304e-54,-9.32672932905556e-47,1.7561580440294516e-40,4.3644115797967706e-72,1.007712765250045e-65,8.890277672141416e-54,0.0,1.1095597888911064
station_50kw,Field Station (50 kW),50000.0,2.0,toroid_8c_pairwise,Toroidal 8C (8x8 Roots Pairwise 180°),static_0,Static (0 RPM),0.0,500.0,0.39443682217295906,0.39443682217295906,61903.476930805184,6.887690707697427e-13,257.51846403214955,13613285.58501647,12320023.454439906,3.99173313802229e-14,1.92318156341131e-54,-9.61590781705655e-55,-8.071774593055034e-47,6.079435300875391e-41,5.2302805713280726e-73,2.9483300529452777e-64,1.9235123832658303e-53,0.0,1.1136764824990222
station_50kw,Field Station (50 kW),50000.0,2.0,toroid_8c_pairwise,Toroidal 8C (8x8 Roots Pairwise 180°),static_0,Static (0 RPM),0.0,1000.0,0.19759323260502548,0.19759323260502548,15534.750155615538,1.7284740631424587e-13,64.62456064736064,6832539.974978147,6183448.677355223,2.003460227485506e-14,9.652493388966722e-55,-4.826246694483361e-55,-4.051242606469918e-47,1.5256414206248066e-41,3.2938471883010763e-74,1.1883230841039442e-63,1.930830756318786e-53,0.0,1.1123762514629607
station_50kw,Field Station (50 kW),50000.0,2.0,toroid_2c_apex,Toroidal 2C Apex Kissing (Cusp),cw_1200,CW (+1200 RPM),1200.0,7.83,0.43915401552668265,0.9924880750903027,391932.0102141864,4.3608317313402185e-12,1630.4371624910152,264261.2756762358,249462.64423836657,8.082681882769384e-16,3.894164324712905e-56,-1.9470821623564525e-56,-1.6344175326662287e-48,3.849097686552493e-40,2.0966038126561956e-71,2.7756914564066773e-73,3.768779886935648e-56,0.0,1.118815753504808
station_50kw,Field Station (50 kW),50000.0,2.0,toroid_2c_apex,Toroidal 2C Apex Kissing (Cusp),cw_1200,CW (+1200 RPM),1200.0,25.0,0.44935450965686224,1.0155411918245085,410350.746425497,4.565767810119734e-12,1707.0591051300673,883397.7046516959,833927.433191201,2.701955708189454e-15,1.3017782560781222e-55,-6.508891280390611e-56,-5.463686244248593e-48,4.029984965704386e-40,2.29829280088692e-71,3.223514690786444e-70,4.022552856672828e-55,0.0,1.1244898461935557
station_50kw,Field Station (50 kW),50000.0,2.0,toroid_2c_apex,Toroidal 2C Apex Kissing (Cusp),cw_1200,CW (+1200 RPM),1200.0,50.0,0.4621231699909674,1.0443983641795862,434002.7747767572,4.828932116827848e-12,1805.4515430713097,1868630.96212188,1763987.6282430545,5.71538511818463e-15,2.7536217745592876e-55,-1.3768108872796438e-55,-1.155721056276431e-47,4.2622675178729574e-40,2.5708687989516985e-71,2.3077256894842232e-68,1.7017628130954498e-54,0.0,1.1209847214410396
station_50kw,Field Station (50 kW),50000.0,2.0,toroid_2c_apex,Toroidal 2C Apex Kissing (Cusp),cw_1200,CW (+1200 RPM),1200.0,100.0,0.4773751169787357,1.0788677643719427,463123.2392871277,5.15294098152556e-12,1926.592675434451,3988022.540433077,3764693.2781688245,1.2197745376483496e-14,5.8767653578317984e-55,-2.9383826789158992e-55,-2.466533904399102e-47,4.548254652521506e-40,2.9274403167147763e-71,1.6817920481528716e-66,7.263786798640046e-54,0.0,1.1054107572533687
station_50kw,Field Station (50 kW),50000.0,2.0,toroid_2c_apex,Toroidal 2C Apex Kissing (Cusp),cw_1200,CW (+1200 RPM),1200.0,120.0,0.550625865646465,1.2444144563610107,616155.3668609705,6.855653034755967e-12,2563.206326141637,6366965.722297296,6010415.641848647,1.9473968843954184e-14,9.382385182616337e-55,-4.6911925913081685e-55,-3.9378756421190635e-47,6.051157178627457e-40,5.181737071372146e-71,8.888881035655424e-66,1.3916154512806097e-53,0.0,1.1122058450180108
station_50kw,Field Station (50 kW),50000.0,2.0,toroid_2c_apex,Toroidal 2C Apex Kissing (Cusp),cw_1200,CW (+1200 RPM),1200.0,200.0,0.45735506292222017,1.0336224422042175,425093.0462799784,4.729798017714214e-12,1768.38707252471,7321077.875320579,6911097.514302626,2.239221140281461e-14,1.0788368521859112e-54,-5.394184260929556e-55,-4.527980123769158e-47,4.174766587989683e-40,2.466396541809991e-71,9.068325948342921e-65,2.6669231822744454e-53,0.0,1.1095597888911064
station_50kw,Field Station (50 kW),50000.0,2.0,toroid_2c_apex,Toroidal 2C Apex Kissing (Cusp),cw_1200,CW (+1200 RPM),1200.0,500.0,0.2690935653491077,0.6081514576889834,147157.9212643391,1.6373526934350086e-12,612.1769524596506,6335992.854825769,5981177.2549555255,1.9379235389675304e-14,9.336743445955135e-55,-4.668371722977567e-55,-3.9187193743295925e-47,1.4452129439156975e-40,2.9557125119741484e-72,2.653178449788652e-63,5.770190713386471e-53,0.0,1.1136764824990222
station_50kw,Field Station (50 kW),50000.0,2.0,toroid_2c_apex,Toroidal 2C Apex Kissing (Cusp),cw_1200,CW (+1200 RPM),1200.0,1000.0,0.13480249424387297,0.3046536369911529,36929.45297424262,4.1089557921820513e-13,153.62652437284927,3180049.6795146456,3001966.8974618255,9.726483710163605e-15,4.686133441644572e-55,-2.343066720822286e-55,-1.9668144481812765e-47,3.626778836745834e-41,1.861404032574681e-73,1.0693623649676591e-62,5.792144514453817e-53,0.0,1.1123762514629607
station_50kw,Field Station (50 kW),50000.0,2.0,toroid_2c_apex,Toroidal 2C Apex Kissing (Cusp),ccw_1200,CCW (-1200 RPM),-1200.0,7.83,0.43915401552668265,0.9924880750903027,391932.0102141864,4.3608317313402185e-12,1630.4371624910152,264261.2756762358,-249462.64423836657,-8.082681882769384e-16,-3.894164324712905e-56,1.9470821623564525e-56,1.6344175326662287e-48,3.849097686552493e-40,2.0966038126561956e-71,2.7756914564066773e-73,3.768779886935648e-56,0.0,1.118815753504808
station_50kw,Field Station (50 kW),50000.0,2.0,toroid_2c_apex,Toroidal 2C Apex Kissing (Cusp),ccw_1200,CCW (-1200 RPM),-1200.0,25.0,0.44935450965686224,1.0155411918245085,410350.746425497,4.565767810119734e-12,1707.0591051300673,883397.7046516959,-833927.433191201,-2.701955708189454e-15,-1.3017782560781222e-55,6.508891280390611e-56,5.463686244248593e-48,4.029984965704386e-40,2.29829280088692e-71,3.223514690786444e-70,4.022552856672828e-55,0.0,1.1244898461935557
station_50kw,Field Station (50 kW),50000.0,2.0,toroid_2c_apex,Toroidal 2C Apex Kissing (Cusp),ccw_1200,CCW (-1200 RPM),-1200.0,50.0,0.4621231699909674,1.0443983641795862,434002.7747767572,4.828932116827848e-12,1805.4515430713097,1868630.96212188,-1763987.6282430545,-5.71538511818463e-15,-2.7536217745592876e-55,1.3768108872796438e-55,1.155721056276431e-47,4.2622675178729574e-40,2.5708687989516985e-71,2.3077256894842232e-68,1.7017628130954498e-54,0.0,1.1209847214410396
station_50kw,Field Station (50 kW),50000.0,2.0,toroid_2c_apex,Toroidal 2C Apex Kissing (Cusp),ccw_1200,CCW (-1200 RPM),-1200.0,100.0,0.4773751169787357,1.0788677643719427,463123.2392871277,5.15294098152556e-12,1926.592675434451,3988022.540433077,-3764693.2781688245,-1.2197745376483496e-14,-5.8767653578317984e-55,2.9383826789158992e-55,2.466533904399102e-47,4.548254652521506e-40,2.9274403167147763e-71,1.6817920481528716e-66,7.263786798640046e-54,0.0,1.1054107572533687
station_50kw,Field Station (50 kW),50000.0,2.0,toroid_2c_apex,Toroidal 2C Apex Kissing (Cusp),ccw_1200,CCW (-1200 RPM),-1200.0,120.0,0.550625865646465,1.2444144563610107,616155.3668609705,6.855653034755967e-12,2563.206326141637,6366965.722297296,-6010415.641848647,-1.9473968843954184e-14,-9.382385182616337e-55,4.6911925913081685e-55,3.9378756421190635e-47,6.051157178627457e-40,5.181737071372146e-71,8.888881035655424e-66,1.3916154512806097e-53,0.0,1.1122058450180108
station_50kw,Field Station (50 kW),50000.0,2.0,toroid_2c_apex,Toroidal 2C Apex Kissing (Cusp),ccw_1200,CCW (-1200 RPM),-1200.0,200.0,0.45735506292222017,1.0336224422042175,425093.0462799784,4.729798017714214e-12,1768.38707252471,7321077.875320579,-6911097.514302626,-2.239221140281461e-14,-1.0788368521859112e-54,5.394184260929556e-55,4.527980123769158e-47,4.174766587989683e-40,2.466396541809991e-71,9.068325948342921e-65,2.6669231822744454e-53,0.0,1.1095597888911064
station_50kw,Field Station (50 kW),50000.0,2.0,toroid_2c_apex,Toroidal 2C Apex Kissing (Cusp),ccw_1200,CCW (-1200 RPM),-1200.0,500.0,0.2690935653491077,0.6081514576889834,147157.9212643391,1.6373526934350086e-12,612.1769524596506,6335992.854825769,-5981177.2549555255,-1.9379235389675304e-14,-9.336743445955135e-55,4.668371722977567e-55,3.9187193743295925e-47,1.4452129439156975e-40,2.9557125119741484e-72,2.653178449788652e-63,5.770190713386471e-53,0.0,1.1136764824990222
station_50kw,Field Station (50 kW),50000.0,2.0,toroid_2c_apex,Toroidal 2C Apex Kissing (Cusp),ccw_1200,CCW (-1200 RPM),-1200.0,1000.0,0.13480249424387297,0.3046536369911529,36929.45297424262,4.1089557921820513e-13,153.62652437284927,3180049.6795146456,-3001966.8974618255,-9.726483710163605e-15,-4.686133441644572e-55,2.343066720822286e-55,1.9668144481812765e-47,3.626778836745834e-41,1.861404032574681e-73,1.0693623649676591e-62,5.792144514453817e-53,0.0,1.1123762514629607
station_50kw,Field Station (50 kW),50000.0,2.0,toroid_2c_apex,Toroidal 2C Apex Kissing (Cusp),static_0,Static (0 RPM),0.0,7.83,0.43915401552668265,0.9924880750903027,391932.0102141864,4.3608317313402185e-12,1630.4371624910152,264261.2756762358,249462.64423836657,8.082681882769384e-16,3.894164324712905e-56,-1.9470821623564525e-56,-1.6344175326662287e-48,3.849097686552493e-40,2.0966038126561956e-71,2.7756914564066773e-73,3.768779886935648e-56,0.0,1.118815753504808
station_50kw,Field Station (50 kW),50000.0,2.0,toroid_2c_apex,Toroidal 2C Apex Kissing (Cusp),static_0,Static (0 RPM),0.0,25.0,0.44935450965686224,1.0155411918245085,410350.746425497,4.565767810119734e-12,1707.0591051300673,883397.7046516959,833927.433191201,2.701955708189454e-15,1.3017782560781222e-55,-6.508891280390611e-56,-5.463686244248593e-48,4.029984965704386e-40,2.29829280088692e-71,3.223514690786444e-70,4.022552856672828e-55,0.0,1.1244898461935557
station_50kw,Field Station (50 kW),50000.0,2.0,toroid_2c_apex,Toroidal 2C Apex Kissing (Cusp),static_0,Static (0 RPM),0.0,50.0,0.4621231699909674,1.0443983641795862,434002.7747767572,4.828932116827848e-12,1805.4515430713097,1868630.96212188,1763987.6282430545,5.71538511818463e-15,2.7536217745592876e-55,-1.3768108872796438e-55,-1.155721056276431e-47,4.2622675178729574e-40,2.5708687989516985e-71,2.3077256894842232e-68,1.7017628130954498e-54,0.0,1.1209847214410396
station_50kw,Field Station (50 kW),50000.0,2.0,toroid_2c_apex,Toroidal 2C Apex Kissing (Cusp),static_0,Static (0 RPM),0.0,100.0,0.4773751169787357,1.0788677643719427,463123.2392871277,5.15294098152556e-12,1926.592675434451,3988022.540433077,3764693.2781688245,1.2197745376483496e-14,5.8767653578317984e-55,-2.9383826789158992e-55,-2.466533904399102e-47,4.548254652521506e-40,2.9274403167147763e-71,1.6817920481528716e-66,7.263786798640046e-54,0.0,1.1054107572533687
station_50kw,Field Station (50 kW),50000.0,2.0,toroid_2c_apex,Toroidal 2C Apex Kissing (Cusp),static_0,Static (0 RPM),0.0,120.0,0.550625865646465,1.2444144563610107,616155.3668609705,6.855653034755967e-12,2563.206326141637,6366965.722297296,6010415.641848647,1.9473968843954184e-14,9.382385182616337e-55,-4.6911925913081685e-55,-3.9378756421190635e-47,6.051157178627457e-40,5.181737071372146e-71,8.888881035655424e-66,1.3916154512806097e-53,0.0,1.1122058450180108
station_50kw,Field Station (50 kW),50000.0,2.0,toroid_2c_apex,Toroidal 2C Apex Kissing (Cusp),static_0,Static (0 RPM),0.0,200.0,0.45735506292222017,1.0336224422042175,425093.0462799784,4.729798017714214e-12,1768.38707252471,7321077.875320579,6911097.514302626,2.239221140281461e-14,1.0788368521859112e-54,-5.394184260929556e-55,-4.527980123769158e-47,4.174766587989683e-40,2.466396541809991e-71,9.068325948342921e-65,2.6669231822744454e-53,0.0,1.1095597888911064
station_50kw,Field Station (50 kW),50000.0,2.0,toroid_2c_apex,Toroidal 2C Apex Kissing (Cusp),static_0,Static (0 RPM),0.0,500.0,0.2690935653491077,0.6081514576889834,147157.9212643391,1.6373526934350086e-12,612.1769524596506,6335992.854825769,5981177.2549555255,1.9379235389675304e-14,9.336743445955135e-55,-4.668371722977567e-55,-3.9187193743295925e-47,1.4452129439156975e-40,2.9557125119741484e-72,2.653178449788652e-63,5.770190713386471e-53,0.0,1.1136764824990222
station_50kw,Field Station (50 kW),50000.0,2.0,toroid_2c_apex,Toroidal 2C Apex Kissing (Cusp),static_0,Static (0 RPM),0.0,1000.0,0.13480249424387297,0.3046536369911529,36929.45297424262,4.1089557921820513e-13,153.62652437284927,3180049.6795146456,3001966.8974618255,9.726483710163605e-15,4.686133441644572e-55,-2.343066720822286e-55,-1.9668144481812765e-47,3.626778836745834e-41,1.861404032574681e-73,1.0693623649676591e-62,5.792144514453817e-53,0.0,1.1123762514629607
station_50kw,Field Station (50 kW),50000.0,2.0,inner_coils_tube,Inner Coils + Cu Tube Collimator,cw_1200,CW (+1200 RPM),1200.0,7.83,0.6818569405028839,0.9205068696788934,337143.04755496234,3.751222307601166e-12,1402.5150778286431,637068.8078392041,616682.6059883495,1.9980744379821058e-15,9.626545133611942e-56,-4.813272566805971e-56,-4.0403518787148485e-48,3.311024592433484e-40,1.5513983231143748e-71,1.5471843338375422e-73,2.8137545405187685e-56,0.0,1.118815753504808
station_50kw,Field Station (50 kW),50000.0,2.0,inner_coils_tube,Inner Coils + Cu Tube Collimator,cw_1200,CW (+1200 RPM),1200.0,25.0,0.6976948412696122,0.9418880357139766,352986.9916487317,3.927509960441595e-12,1468.4258852587236,2129654.1504622535,2061505.2176474612,6.67935310506544e-15,3.2180529867636183e-55,-1.6090264933818091e-55,-1.3506472208265494e-47,3.4666252756332742e-40,1.7006396610547879e-71,1.7968032498599283e-70,3.0032203271342653e-55,0.0,1.1244898461935557
station_50kw,Field Station (50 kW),50000.0,2.0,inner_coils_tube,Inner Coils + Cu Tube Collimator,cw_1200,CW (+1200 RPM),1200.0,50.0,0.7175202313649113,0.9686523123426303,373332.6554663992,4.1538860003133535e-12,1553.0638467402207,4504808.721157113,4360654.842080086,1.4128682872219232e-14,6.80707388886212e-55,-3.40353694443106e-55,-2.8569931781014315e-47,3.6664365834393458e-40,1.90233439411129e-71,1.286337869190501e-68,1.2705286553963942e-54,0.0,1.1209847214410396
station_50kw,Field Station (50 kW),50000.0,2.0,inner_coils_tube,Inner Coils + Cu Tube Collimator,cw_1200,CW (+1200 RPM),1200.0,100.0,0.741201321693368,1.000621784286047,398382.31177254795,4.432601015244956e-12,1657.2704169737992,9614139.487399925,9306487.023803126,3.015336195492514e-14,1.4527621907939334e-54,-7.263810953969667e-55,-6.097380072946097e-47,3.912445002308323e-40,2.1661822662694587e-71,9.37439319369898e-67,5.423111378004143e-54,0.0,1.1054107572533687
station_50kw,Field Station (50 kW),50000.0,2.0,inner_coils_tube,Inner Coils + Cu Tube Collimator,cw_1200,CW (+1200 RPM),1200.0,120.0,0.8549348402545547,1.154162034343649,530021.7709631125,5.897287531717452e-12,2204.8905672065475,15349185.202702696,14858011.276216209,4.8140505735000986e-14,2.3193667983707118e-54,-1.1596833991853559e-54,-9.734601428820045e-47,5.205253766646099e-40,3.834266710200224e-71,4.954706854023274e-66,1.0389739948120763e-53,0.0,1.1122058450180108
station_50kw,Field Station (50 kW),50000.0,2.0,inner_coils_tube,Inner Coils + Cu Tube Collimator,cw_1200,CW (+1200 RPM),1200.0,200.0,0.7101169815187565,0.9586579250503213,365668.4358058371,4.068610055964036e-12,1521.1806929522822,17649314.460445844,17084536.397711575,5.535452942820199e-14,2.6669320509830235e-54,-1.3334660254915117e-54,-1.119336560836455e-46,3.591167584235687e-40,1.8250293336306156e-71,5.05473034800949e-65,1.991113155573854e-53,0.0,1.1095597888911064
station_50kw,Field Station (50 kW),50000.0,2.0,inner_coils_tube,Inner Coils + Cu Tube Collimator,cw_1200,CW (+1200 RPM),1200.0,500.0,0.4178108560795048,0.5640446557073315,126586.4199757728,1.408463872816705e-12,526.5995070992149,15274517.252565255,14785732.700483168,4.7906320477976446e-14,2.3080839607370445e-54,-1.1540419803685223e-54,-9.687246294036279e-47,1.2431837246757068e-40,2.18710249738468e-72,1.4788949697255189e-63,4.307999088971661e-53,0.0,1.1136764824990222
station_50kw,Field Station (50 kW),50000.0,2.0,inner_coils_tube,Inner Coils + Cu Tube Collimator,cw_1200,CW (+1200 RPM),1200.0,1000.0,0.2093024612038418,0.28255832262518643,31767.010593187355,3.53455661171658e-13,132.1507640676594,7666316.046547498,7420993.933057978,2.40442946469996e-14,1.158432755182861e-54,-5.792163775914305e-55,-4.862051643455751e-47,3.1197841410326365e-41,1.3773604137066506e-73,5.960679435234499e-63,4.324389700601255e-53,0.0,1.1123762514629607
station_50kw,Field Station (50 kW),50000.0,2.0,inner_coils_tube,Inner Coils + Cu Tube Collimator,ccw_1200,CCW (-1200 RPM),-1200.0,7.83,0.6818569405028839,0.9205068696788934,337143.04755496234,3.751222307601166e-12,1402.5150778286431,637068.8078392041,-616682.6059883495,-1.9980744379821058e-15,-9.626545133611942e-56,4.813272566805971e-56,4.0403518787148485e-48,3.311024592433484e-40,1.5513983231143748e-71,1.5471843338375422e-73,2.8137545405187685e-56,0.0,1.118815753504808
station_50kw,Field Station (50 kW),50000.0,2.0,inner_coils_tube,Inner Coils + Cu Tube Collimator,ccw_1200,CCW (-1200 RPM),-1200.0,25.0,0.6976948412696122,0.9418880357139766,352986.9916487317,3.927509960441595e-12,1468.4258852587236,2129654.1504622535,-2061505.2176474612,-6.67935310506544e-15,-3.2180529867636183e-55,1.6090264933818091e-55,1.3506472208265494e-47,3.4666252756332742e-40,1.7006396610547879e-71,1.7968032498599283e-70,3.0032203271342653e-55,0.0,1.1244898461935557
station_50kw,Field Station (50 kW),50000.0,2.0,inner_coils_tube,Inner Coils + Cu Tube Collimator,ccw_1200,CCW (-1200 RPM),-1200.0,50.0,0.7175202313649113,0.9686523123426303,373332.6554663992,4.1538860003133535e-12,1553.0638467402207,4504808.721157113,-4360654.842080086,-1.4128682872219232e-14,-6.80707388886212e-55,3.40353694443106e-55,2.8569931781014315e-47,3.6664365834393458e-40,1.90233439411129e-71,1.286337869190501e-68,1.2705286553963942e-54,0.0,1.1209847214410396
station_50kw,Field Station (50 kW),50000.0,2.0,inner_coils_tube,Inner Coils + Cu Tube Collimator,ccw_1200,CCW (-1200 RPM),-1200.0,100.0,0.741201321693368,1.000621784286047,398382.31177254795,4.432601015244956e-12,1657.2704169737992,9614139.487399925,-9306487.023803126,-3.015336195492514e-14,-1.4527621907939334e-54,7.263810953969667e-55,6.097380072946097e-47,3.912445002308323e-40,2.1661822662694587e-71,9.37439319369898e-67,5.423111378004143e-54,0.0,1.1054107572533687
station_50kw,Field Station (50 kW),50000.0,2.0,inner_coils_tube,Inner Coils + Cu Tube Collimator,ccw_1200,CCW (-1200 RPM),-1200.0,120.0,0.8549348402545547,1.154162034343649,530021.7709631125,5.897287531717452e-12,2204.8905672065475,15349185.202702696,-14858011.276216209,-4.8140505735000986e-14,-2.3193667983707118e-54,1.1596833991853559e-54,9.734601428820045e-47,5.205253766646099e-40,3.834266710200224e-71,4.954706854023274e-66,1.0389739948120763e-53,0.0,1.1122058450180108
station_50kw,Field Station (50 kW),50000.0,2.0,inner_coils_tube,Inner Coils + Cu Tube Collimator,ccw_1200,CCW (-1200 RPM),-1200.0,200.0,0.7101169815187565,0.9586579250503213,365668.4358058371,4.068610055964036e-12,1521.1806929522822,17649314.460445844,-17084536.397711575,-5.535452942820199e-14,-2.6669320509830235e-54,1.3334660254915117e-54,1.119336560836455e-46,3.591167584235687e-40,1.8250293336306156e-71,5.05473034800949e-65,1.991113155573854e-53,0.0,1.1095597888911064
station_50kw,Field Station (50 kW),50000.0,2.0,inner_coils_tube,Inner Coils + Cu Tube Collimator,ccw_1200,CCW (-1200 RPM),-1200.0,500.0,0.4178108560795048,0.5640446557073315,126586.4199757728,1.408463872816705e-12,526.5995070992149,15274517.252565255,-14785732.700483168,-4.7906320477976446e-14,-2.3080839607370445e-54,1.1540419803685223e-54,9.687246294036279e-47,1.2431837246757068e-40,2.18710249738468e-72,1.4788949697255189e-63,4.307999088971661e-53,0.0,1.1136764824990222
station_50kw,Field Station (50 kW),50000.0,2.0,inner_coils_tube,Inner Coils + Cu Tube Collimator,ccw_1200,CCW (-1200 RPM),-1200.0,1000.0,0.2093024612038418,0.28255832262518643,31767.010593187355,3.53455661171658e-13,132.1507640676594,7666316.046547498,-7420993.933057978,-2.40442946469996e-14,-1.158432755182861e-54,5.792163775914305e-55,4.862051643455751e-47,3.1197841410326365e-41,1.3773604137066506e-73,5.960679435234499e-63,4.324389700601255e-53,0.0,1.1123762514629607
station_50kw,Field Station (50 kW),50000.0,2.0,inner_coils_tube,Inner Coils + Cu Tube Collimator,static_0,Static (0 RPM),0.0,7.83,0.6818569405028839,0.9205068696788934,337143.04755496234,3.751222307601166e-12,1402.5150778286431,637068.8078392041,616682.6059883495,1.9980744379821058e-15,9.626545133611942e-56,-4.813272566805971e-56,-4.0403518787148485e-48,3.311024592433484e-40,1.5513983231143748e-71,1.5471843338375422e-73,2.8137545405187685e-56,0.0,1.118815753504808
station_50kw,Field Station (50 kW),50000.0,2.0,inner_coils_tube,Inner Coils + Cu Tube Collimator,static_0,Static (0 RPM),0.0,25.0,0.6976948412696122,0.9418880357139766,352986.9916487317,3.927509960441595e-12,1468.4258852587236,2129654.1504622535,2061505.2176474612,6.67935310506544e-15,3.2180529867636183e-55,-1.6090264933818091e-55,-1.3506472208265494e-47,3.4666252756332742e-40,1.7006396610547879e-71,1.7968032498599283e-70,3.0032203271342653e-55,0.0,1.1244898461935557
station_50kw,Field Station (50 kW),50000.0,2.0,inner_coils_tube,Inner Coils + Cu Tube Collimator,static_0,Static (0 RPM),0.0,50.0,0.7175202313649113,0.9686523123426303,373332.6554663992,4.1538860003133535e-12,1553.0638467402207,4504808.721157113,4360654.842080086,1.4128682872219232e-14,6.80707388886212e-55,-3.40353694443106e-55,-2.8569931781014315e-47,3.6664365834393458e-40,1.90233439411129e-71,1.286337869190501e-68,1.2705286553963942e-54,0.0,1.1209847214410396
station_50kw,Field Station (50 kW),50000.0,2.0,inner_coils_tube,Inner Coils + Cu Tube Collimator,static_0,Static (0 RPM),0.0,100.0,0.741201321693368,1.000621784286047,398382.31177254795,4.432601015244956e-12,1657.2704169737992,9614139.487399925,9306487.023803126,3.015336195492514e-14,1.4527621907939334e-54,-7.263810953969667e-55,-6.097380072946097e-47,3.912445002308323e-40,2.1661822662694587e-71,9.37439319369898e-67,5.423111378004143e-54,0.0,1.1054107572533687
station_50kw,Field Station (50 kW),50000.0,2.0,inner_coils_tube,Inner Coils + Cu Tube Collimator,static_0,Static (0 RPM),0.0,120.0,0.8549348402545547,1.154162034343649,530021.7709631125,5.897287531717452e-12,2204.8905672065475,15349185.202702696,14858011.276216209,4.8140505735000986e-14,2.3193667983707118e-54,-1.1596833991853559e-54,-9.734601428820045e-47,5.205253766646099e-40,3.834266710200224e-71,4.954706854023274e-66,1.0389739948120763e-53,0.0,1.1122058450180108
station_50kw,Field Station (50 kW),50000.0,2.0,inner_coils_tube,Inner Coils + Cu Tube Collimator,static_0,Static (0 RPM),0.0,200.0,0.7101169815187565,0.9586579250503213,365668.4358058371,4.068610055964036e-12,1521.1806929522822,17649314.460445844,17084536.397711575,5.535452942820199e-14,2.6669320509830235e-54,-1.3334660254915117e-54,-1.119336560836455e-46,3.591167584235687e-40,1.8250293336306156e-71,5.05473034800949e-65,1.991113155573854e-53,0.0,1.1095597888911064
station_50kw,Field Station (50 kW),50000.0,2.0,inner_coils_tube,Inner Coils + Cu Tube Collimator,static_0,Static (0 RPM),0.0,500.0,0.4178108560795048,0.5640446557073315,126586.4199757728,1.408463872816705e-12,526.5995070992149,15274517.252565255,14785732.700483168,4.7906320477976446e-14,2.3080839607370445e-54,-1.1540419803685223e-54,-9.687246294036279e-47,1.2431837246757068e-40,2.18710249738468e-72,1.4788949697255189e-63,4.307999088971661e-53,0.0,1.1136764824990222
station_50kw,Field Station (50 kW),50000.0,2.0,inner_coils_tube,Inner Coils + Cu Tube Collimator,static_0,Static (0 RPM),0.0,1000.0,0.2093024612038418,0.28255832262518643,31767.010593187355,3.53455661171658e-13,132.1507640676594,7666316.046547498,7420993.933057978,2.40442946469996e-14,1.158432755182861e-54,-5.792163775914305e-55,-4.862051643455751e-47,3.1197841410326365e-41,1.3773604137066506e-73,5.960679435234499e-63,4.324389700601255e-53,0.0,1.1123762514629607
station_50kw,Field Station (50 kW),50000.0,2.0,single_rotor_baseline,Single Rotor Dipole (Baseline),cw_1200,CW (+1200 RPM),1200.0,7.83,0.1859609837735138,0.1859609837735138,13759.536682173752,1.5309549260692444e-13,57.239672597842805,47385.283227709406,0.0,0.0,0.0,-0.0,-0.0,1.3513007213278173e-41,2.5840595746207605e-74,4.871532356966818e-77,4.992843748009332e-58,0.0,1.123815753504808
station_50kw,Field Station (50 kW),50000.0,2.0,single_rotor_baseline,Single Rotor Dipole (Baseline),cw_1200,CW (+1200 RPM),1200.0,25.0,0.19028041125534878,0.19028041125534878,14406.162295632359,1.602901728575287e-13,59.92963514983061,158404.0277203329,0.0,0.0,0.0,-0.0,-0.0,1.4148047242662082e-41,2.8326408077498293e-74,5.65749340874265e-74,5.329039764592374e-57,0.0,1.1294898461935556
station_50kw,Field Station (50 kW),50000.0,2.0,single_rotor_baseline,Single Rotor Dipole (Baseline),cw_1200,CW (+1200 RPM),1200.0,50.0,0.19568733582679398,0.19568733582679398,15236.51282385063,1.695290684751908e-13,63.38389334721861,335068.4172761489,0.0,0.0,0.0,-0.0,-0.0,1.4963520389508636e-41,3.168590124143945e-74,4.050219753848209e-72,2.254479188718803e-56,0.0,1.1259847214410394
station_50kw,Field Station (50 kW),50000.0,2.0,single_rotor_baseline,Single Rotor Dipole (Baseline),cw_1200,CW (+1200 RPM),1200.0,100.0,0.20214581500728218,0.20214581500728218,16258.843455669898,1.8090403082318119e-13,67.63678877558677,715101.2841867711,0.0,0.0,0.0,-0.0,-0.0,1.5967533934530597e-41,3.6080637332974126e-74,2.951662498854524e-70,9.622995662384393e-56,0.0,1.1104107572533686
station_50kw,Field Station (50 kW),50000.0,2.0,single_rotor_baseline,Single Rotor Dipole (Baseline),cw_1200,CW (+1200 RPM),1200.0,120.0,0.23316404734215126,0.23316404734215126,21631.334392944384,2.4068105424824134e-13,89.98635107464862,1141674.9324324317,0.0,0.0,0.0,-0.0,-0.0,2.1243766010187414e-41,6.386479511111572e-74,1.5600607006401315e-69,1.8435989137081676e-55,0.0,1.1172058450180107
station_50kw,Field Station (50 kW),50000.0,2.0,single_rotor_baseline,Single Rotor Dipole (Baseline),cw_1200,CW (+1200 RPM),1200.0,200.0,0.1936682676869336,0.1936682676869336,14923.719449274617,1.6604877281763878e-13,62.0826729089824,1312758.926810022,0.0,0.0,0.0,-0.0,-0.0,1.4656331330418637e-41,3.039828297651592e-74,1.5915545360387476e-68,3.533114465824573e-55,0.0,1.1145597888911063
station_50kw,Field Station (50 kW),50000.0,2.0,single_rotor_baseline,Single Rotor Dipole (Baseline),cw_1200,CW (+1200 RPM),1200.0,500.0,0.11394841529441041,0.11394841529441041,5166.265482126459,5.748245578275879e-14,21.491664405646066,1136121.1179593995,0.0,0.0,0.0,-0.0,-0.0,5.073701559742919e-42,3.6429091515976503e-75,4.656513474194284e-67,7.644293774766029e-55,0.0,1.118676482499022
station_50kw,Field Station (50 kW),50000.0,2.0,single_rotor_baseline,Single Rotor Dipole (Baseline),cw_1200,CW (+1200 RPM),1200.0,1000.0,0.05708248941922958,0.05708248941922958,1296.4803833575438,1.442528971215188e-14,5.3933583947673815,570221.85470188,0.0,0.0,0.0,-0.0,-0.0,1.2732513584473694e-42,2.294176364458273e-76,1.8768056335139306e-66,7.673377961619632e-55,0.0,1.1173762514629606
station_50kw,Field Station (50 kW),50000.0,2.0,single_rotor_baseline,Single Rotor Dipole (Baseline),ccw_1200,CCW (-1200 RPM),-1200.0,7.83,0.1859609837735138,0.1859609837735138,13759.536682173752,1.5309549260692444e-13,57.239672597842805,47385.283227709406,-0.0,-0.0,-0.0,0.0,0.0,1.3513007213278173e-41,2.5840595746207605e-74,4.871532356966818e-77,4.992843748009332e-58,0.0,1.123815753504808
station_50kw,Field Station (50 kW),50000.0,2.0,single_rotor_baseline,Single Rotor Dipole (Baseline),ccw_1200,CCW (-1200 RPM),-1200.0,25.0,0.19028041125534878,0.19028041125534878,14406.162295632359,1.602901728575287e-13,59.92963514983061,158404.0277203329,-0.0,-0.0,-0.0,0.0,0.0,1.4148047242662082e-41,2.8326408077498293e-74,5.65749340874265e-74,5.329039764592374e-57,0.0,1.1294898461935556
station_50kw,Field Station (50 kW),50000.0,2.0,single_rotor_baseline,Single Rotor Dipole (Baseline),ccw_1200,CCW (-1200 RPM),-1200.0,50.0,0.19568733582679398,0.19568733582679398,15236.51282385063,1.695290684751908e-13,63.38389334721861,335068.4172761489,-0.0,-0.0,-0.0,0.0,0.0,1.4963520389508636e-41,3.168590124143945e-74,4.050219753848209e-72,2.254479188718803e-56,0.0,1.1259847214410394
station_50kw,Field Station (50 kW),50000.0,2.0,single_rotor_baseline,Single Rotor Dipole (Baseline),ccw_1200,CCW (-1200 RPM),-1200.0,100.0,0.20214581500728218,0.20214581500728218,16258.843455669898,1.8090403082318119e-13,67.63678877558677,715101.2841867711,-0.0,-0.0,-0.0,0.0,0.0,1.5967533934530597e-41,3.6080637332974126e-74,2.951662498854524e-70,9.622995662384393e-56,0.0,1.1104107572533686
station_50kw,Field Station (50 kW),50000.0,2.0,single_rotor_baseline,Single Rotor Dipole (Baseline),ccw_1200,CCW (-1200 RPM),-1200.0,120.0,0.23316404734215126,0.23316404734215126,21631.334392944384,2.4068105424824134e-13,89.98635107464862,1141674.9324324317,-0.0,-0.0,-0.0,0.0,0.0,2.1243766010187414e-41,6.386479511111572e-74,1.5600607006401315e-69,1.8435989137081676e-55,0.0,1.1172058450180107
station_50kw,Field Station (50 kW),50000.0,2.0,single_rotor_baseline,Single Rotor Dipole (Baseline),ccw_1200,CCW (-1200 RPM),-1200.0,200.0,0.1936682676869336,0.1936682676869336,14923.719449274617,1.6604877281763878e-13,62.0826729089824,1312758.926810022,-0.0,-0.0,-0.0,0.0,0.0,1.4656331330418637e-41,3.039828297651592e-74,1.5915545360387476e-68,3.533114465824573e-55,0.0,1.1145597888911063
station_50kw,Field Station (50 kW),50000.0,2.0,single_rotor_baseline,Single Rotor Dipole (Baseline),ccw_1200,CCW (-1200 RPM),-1200.0,500.0,0.11394841529441041,0.11394841529441041,5166.265482126459,5.748245578275879e-14,21.491664405646066,1136121.1179593995,-0.0,-0.0,-0.0,0.0,0.0,5.073701559742919e-42,3.6429091515976503e-75,4.656513474194284e-67,7.644293774766029e-55,0.0,1.118676482499022
station_50kw,Field Station (50 kW),50000.0,2.0,single_rotor_baseline,Single Rotor Dipole (Baseline),ccw_1200,CCW (-1200 RPM),-1200.0,1000.0,0.05708248941922958,0.05708248941922958,1296.4803833575438,1.442528971215188e-14,5.3933583947673815,570221.85470188,-0.0,-0.0,-0.0,0.0,0.0,1.2732513584473694e-42,2.294176364458273e-76,1.8768056335139306e-66,7.673377961619632e-55,0.0,1.1173762514629606
station_50kw,Field Station (50 kW),50000.0,2.0,single_rotor_baseline,Single Rotor Dipole (Baseline),static_0,Static (0 RPM),0.0,7.83,0.1859609837735138,0.1859609837735138,13759.536682173752,1.5309549260692444e-13,57.239672597842805,47385.283227709406,0.0,0.0,0.0,-0.0,-0.0,1.3513007213278173e-41,2.5840595746207605e-74,4.871532356966818e-77,4.992843748009332e-58,0.0,1.123815753504808
station_50kw,Field Station (50 kW),50000.0,2.0,single_rotor_baseline,Single Rotor Dipole (Baseline),static_0,Static (0 RPM),0.0,25.0,0.19028041125534878,0.19028041125534878,14406.162295632359,1.602901728575287e-13,59.92963514983061,158404.0277203329,0.0,0.0,0.0,-0.0,-0.0,1.4148047242662082e-41,2.8326408077498293e-74,5.65749340874265e-74,5.329039764592374e-57,0.0,1.1294898461935556
station_50kw,Field Station (50 kW),50000.0,2.0,single_rotor_baseline,Single Rotor Dipole (Baseline),static_0,Static (0 RPM),0.0,50.0,0.19568733582679398,0.19568733582679398,15236.51282385063,1.695290684751908e-13,63.38389334721861,335068.4172761489,0.0,0.0,0.0,-0.0,-0.0,1.4963520389508636e-41,3.168590124143945e-74,4.050219753848209e-72,2.254479188718803e-56,0.0,1.1259847214410394
station_50kw,Field Station (50 kW),50000.0,2.0,single_rotor_baseline,Single Rotor Dipole (Baseline),static_0,Static (0 RPM),0.0,100.0,0.20214581500728218,0.20214581500728218,16258.843455669898,1.8090403082318119e-13,67.63678877558677,715101.2841867711,0.0,0.0,0.0,-0.0,-0.0,1.5967533934530597e-41,3.6080637332974126e-74,2.951662498854524e-70,9.622995662384393e-56,0.0,1.1104107572533686
station_50kw,Field Station (50 kW),50000.0,2.0,single_rotor_baseline,Single Rotor Dipole (Baseline),static_0,Static (0 RPM),0.0,120.0,0.23316404734215126,0.23316404734215126,21631.334392944384,2.4068105424824134e-13,89.98635107464862,1141674.9324324317,0.0,0.0,0.0,-0.0,-0.0,2.1243766010187414e-41,6.386479511111572e-74,1.5600607006401315e-69,1.8435989137081676e-55,0.0,1.1172058450180107
station_50kw,Field Station (50 kW),50000.0,2.0,single_rotor_baseline,Single Rotor Dipole (Baseline),static_0,Static (0 RPM),0.0,200.0,0.1936682676869336,0.1936682676869336,14923.719449274617,1.6604877281763878e-13,62.0826729089824,1312758.926810022,0.0,0.0,0.0,-0.0,-0.0,1.4656331330418637e-41,3.039828297651592e-74,1.5915545360387476e-68,3.533114465824573e-55,0.0,1.1145597888911063
station_50kw,Field Station (50 kW),50000.0,2.0,single_rotor_baseline,Single Rotor Dipole (Baseline),static_0,Static (0 RPM),0.0,500.0,0.11394841529441041,0.11394841529441041,5166.265482126459,5.748245578275879e-14,21.491664405646066,1136121.1179593995,0.0,0.0,0.0,-0.0,-0.0,5.073701559742919e-42,3.6429091515976503e-75,4.656513474194284e-67,7.644293774766029e-55,0.0,1.118676482499022
station_50kw,Field Station (50 kW),50000.0,2.0,single_rotor_baseline,Single Rotor Dipole (Baseline),static_0,Static (0 RPM),0.0,1000.0,0.05708248941922958,0.05708248941922958,1296.4803833575438,1.442528971215188e-14,5.3933583947673815,570221.85470188,0.0,0.0,0.0,-0.0,-0.0,1.2732513584473694e-42,2.294176364458273e-76,1.8768056335139306e-66,7.673377961619632e-55,0.0,1.1173762514629606
megawatt_2mw,Megawatt Platform (2.4 MW),2400000.0,10.0,toroid_24c_pairwise,Toroidal 24C (Pisano Pairwise 180°),cw_1200,CW (+1200 RPM),1200.0,7.83,1.0009686487459375,1.0009686487459375,398658.5572398246,4.435674660591455e-12,207302.4497647088,6864529.33783475,6761561.397767229,1.3692318036188957e-11,5.277469750016285e-54,-2.638734875008143e-54,-1.1075019398646192e-45,9.787894905277004e-39,3.4706999158343497e-74,2.3971342894122605e-66,1.1075449502657061e-52,0.0,1.118815753504808
megawatt_2mw,Megawatt Platform (2.4 MW),2400000.0,10.0,toroid_24c_pairwise,Toroidal 24C (Pisano Pairwise 180°),cw_1200,CW (+1200 RPM),1200.0,25.0,1.0242187488589498,1.0242187488589498,417393.4056646169,4.644127962091467e-12,217044.5709456008,22947400.99562296,22603189.980688613,4.577198189018687e-11,1.764202738976029e-53,-8.821013694880145e-54,-3.7022627286956926e-45,1.0247874314016616e-38,3.804574131960446e-74,2.783882041310239e-63,1.1821221289756602e-51,0.0,1.1244898461935557
megawatt_2mw,Megawatt Platform (2.4 MW),2400000.0,10.0,toroid_24c_pairwise,Toroidal 24C (Pisano Pairwise 180°),cw_1200,CW (+1200 RPM),1200.0,50.0,1.0533224988624574,1.0533224988624574,441451.3627913479,4.911808835547395e-12,229554.70865150093,48540112.539180994,47812010.85109328,9.682042652737936e-11,3.7317777079923747e-53,-1.8658888539961873e-53,-7.831311682520482e-45,1.0838547088288573e-38,4.2557940943744236e-74,1.992991104271756e-61,5.0010318106599903e-51,0.0,1.1209847214410396
megawatt_2mw,Megawatt Platform (2.4 MW),2400000.0,10.0,toroid_24c_pairwise,Toroidal 24C (Pisano Pairwise 180°),cw_1200,CW (+1200 RPM),1200.0,100.0,1.0880864318502534,1.0880864318502534,471071.6083068621,5.2413785138789836e-12,244957.2363195683,103594057.27795391,102040146.4187846,2.066336538312958e-10,7.9643406948902915e-53,-3.9821703474451458e-53,-1.6713544912894117e-44,1.1565785585767873e-38,4.846059517544592e-74,1.4524241795633263e-59,2.134635248010205e-50,0.0,1.1054107572533687
megawatt_2mw,Megawatt Platform (2.4 MW),2400000.0,10.0,toroid_24c_pairwise,Toroidal 24C (Pisano Pairwise 180°),cw_1200,CW (+1200 RPM),1200.0,120.0,1.2550476807998496,1.2550476807998496,626730.1551978884,6.973313423114235e-12,325899.68070290197,165390191.51351348,162909338.64081076,3.298951742820479e-10,1.2715245134887632e-52,-6.357622567443816e-53,-2.668354215142353e-44,1.538752594580472e-38,8.57780297305205e-74,7.676588648182489e-59,4.0895905625094647e-50,0.0,1.1122058450180108
megawatt_2mw,Megawatt Platform (2.4 MW),2400000.0,10.0,toroid_24c_pairwise,Toroidal 24C (Pisano Pairwise 180°),cw_1200,CW (+1200 RPM),1200.0,200.0,1.0424544992064464,1.0424544992064464,432388.7207641135,4.810973343951433e-12,224842.134797339,190174492.01025847,187321874.63010457,3.793311236392036e-10,1.4620669231860641e-52,-7.310334615930321e-53,-3.0682164566371313e-44,1.0616040419070497e-38,4.082851618621126e-74,7.831560322837106e-58,7.837383428838443e-50,0.0,1.1095597888911064
megawatt_2mw,Megawatt Platform (2.4 MW),2400000.0,10.0,toroid_24c_pairwise,Toroidal 24C (Pisano Pairwise 180°),cw_1200,CW (+1200 RPM),1200.0,500.0,0.613347966705219,0.613347966705219,149683.52430916717,1.6654538171289802e-12,77835.43264076693,164585631.11437398,162116846.64765838,3.2829035968775034e-10,1.2653390301736625e-52,-6.3266951508683125e-53,-2.6553736864136883e-44,3.6750411558536756e-39,4.892861066496191e-75,2.291329975962551e-56,1.6957067747362593e-49,0.0,1.1136764824990222
megawatt_2mw,Megawatt Platform (2.4 MW),2400000.0,10.0,toroid_24c_pairwise,Toroidal 24C (Pisano Pairwise 180°),cw_1200,CW (+1200 RPM),1200.0,1000.0,0.3072568295864144,0.3072568295864144,37563.25602266552,4.179475891917521e-13,19532.89313178607,82605914.41155803,81366825.69538467,1.6476970177099206e-10,6.350766280167749e-53,-3.1753831400838746e-53,-1.3327382833205043e-44,9.222558893391164e-40,3.0813522234779056e-76,9.235195025830273e-56,1.7021584175750333e-49,0.0,1.1123762514629607
megawatt_2mw,Megawatt Platform (2.4 MW),2400000.0,10.0,toroid_24c_pairwise,Toroidal 24C (Pisano Pairwise 180°),ccw_1200,CCW (-1200 RPM),-1200.0,7.83,1.0009686487459375,1.0009686487459375,398658.5572398246,4.435674660591455e-12,207302.4497647088,6864529.33783475,-6761561.397767229,-1.3692318036188957e-11,-5.277469750016285e-54,2.638734875008143e-54,1.1075019398646192e-45,9.787894905277004e-39,3.4706999158343497e-74,2.3971342894122605e-66,1.1075449502657061e-52,0.0,1.118815753504808
megawatt_2mw,Megawatt Platform (2.4 MW),2400000.0,10.0,toroid_24c_pairwise,Toroidal 24C (Pisano Pairwise 180°),ccw_1200,CCW (-1200 RPM),-1200.0,25.0,1.0242187488589498,1.0242187488589498,417393.4056646169,4.644127962091467e-12,217044.5709456008,22947400.99562296,-22603189.980688613,-4.577198189018687e-11,-1.764202738976029e-53,8.821013694880145e-54,3.7022627286956926e-45,1.0247874314016616e-38,3.804574131960446e-74,2.783882041310239e-63,1.1821221289756602e-51,0.0,1.1244898461935557
megawatt_2mw,Megawatt Platform (2.4 MW),2400000.0,10.0,toroid_24c_pairwise,Toroidal 24C (Pisano Pairwise 180°),ccw_1200,CCW (-1200 RPM),-1200.0,50.0,1.0533224988624574,1.0533224988624574,441451.3627913479,4.911808835547395e-12,229554.70865150093,48540112.539180994,-47812010.85109328,-9.682042652737936e-11,-3.7317777079923747e-53,1.8658888539961873e-53,7.831311682520482e-45,1.0838547088288573e-38,4.2557940943744236e-74,1.992991104271756e-61,5.0010318106599903e-51,0.0,1.1209847214410396
megawatt_2mw,Megawatt Platform (2.4 MW),2400000.0,10.0,toroid_24c_pairwise,Toroidal 24C (Pisano Pairwise 180°),ccw_1200,CCW (-1200 RPM),-1200.0,100.0,1.0880864318502534,1.0880864318502534,471071.6083068621,5.2413785138789836e-12,244957.2363195683,103594057.27795391,-102040146.4187846,-2.066336538312958e-10,-7.9643406948902915e-53,3.9821703474451458e-53,1.6713544912894117e-44,1.1565785585767873e-38,4.846059517544592e-74,1.4524241795633263e-59,2.134635248010205e-50,0.0,1.1054107572533687
megawatt_2mw,Megawatt Platform (2.4 MW),2400000.0,10.0,toroid_24c_pairwise,Toroidal 24C (Pisano Pairwise 180°),ccw_1200,CCW (-1200 RPM),-1200.0,120.0,1.2550476807998496,1.2550476807998496,626730.1551978884,6.973313423114235e-12,325899.68070290197,165390191.51351348,-162909338.64081076,-3.298951742820479e-10,-1.2715245134887632e-52,6.357622567443816e-53,2.668354215142353e-44,1.538752594580472e-38,8.57780297305205e-74,7.676588648182489e-59,4.0895905625094647e-50,0.0,1.1122058450180108
megawatt_2mw,Megawatt Platform (2.4 MW),2400000.0,10.0,toroid_24c_pairwise,Toroidal 24C (Pisano Pairwise 180°),ccw_1200,CCW (-1200 RPM),-1200.0,200.0,1.0424544992064464,1.0424544992064464,432388.7207641135,4.810973343951433e-12,224842.134797339,190174492.01025847,-187321874.63010457,-3.793311236392036e-10,-1.4620669231860641e-52,7.310334615930321e-53,3.0682164566371313e-44,1.0616040419070497e-38,4.082851618621126e-74,7.831560322837106e-58,7.837383428838443e-50,0.0,1.1095597888911064
megawatt_2mw,Megawatt Platform (2.4 MW),2400000.0,10.0,toroid_24c_pairwise,Toroidal 24C (Pisano Pairwise 180°),ccw_1200,CCW (-1200 RPM),-1200.0,500.0,0.613347966705219,0.613347966705219,149683.52430916717,1.6654538171289802e-12,77835.43264076693,164585631.11437398,-162116846.64765838,-3.2829035968775034e-10,-1.2653390301736625e-52,6.3266951508683125e-53,2.6553736864136883e-44,3.6750411558536756e-39,4.892861066496191e-75,2.291329975962551e-56,1.6957067747362593e-49,0.0,1.1136764824990222
megawatt_2mw,Megawatt Platform (2.4 MW),2400000.0,10.0,toroid_24c_pairwise,Toroidal 24C (Pisano Pairwise 180°),ccw_1200,CCW (-1200 RPM),-1200.0,1000.0,0.3072568295864144,0.3072568295864144,37563.25602266552,4.179475891917521e-13,19532.89313178607,82605914.41155803,-81366825.69538467,-1.6476970177099206e-10,-6.350766280167749e-53,3.1753831400838746e-53,1.3327382833205043e-44,9.222558893391164e-40,3.0813522234779056e-76,9.235195025830273e-56,1.7021584175750333e-49,0.0,1.1123762514629607
megawatt_2mw,Megawatt Platform (2.4 MW),2400000.0,10.0,toroid_24c_pairwise,Toroidal 24C (Pisano Pairwise 180°),static_0,Static (0 RPM),0.0,7.83,1.0009686487459375,1.0009686487459375,398658.5572398246,4.435674660591455e-12,207302.4497647088,6864529.33783475,6761561.397767229,1.3692318036188957e-11,5.277469750016285e-54,-2.638734875008143e-54,-1.1075019398646192e-45,9.787894905277004e-39,3.4706999158343497e-74,2.3971342894122605e-66,1.1075449502657061e-52,0.0,1.118815753504808
megawatt_2mw,Megawatt Platform (2.4 MW),2400000.0,10.0,toroid_24c_pairwise,Toroidal 24C (Pisano Pairwise 180°),static_0,Static (0 RPM),0.0,25.0,1.0242187488589498,1.0242187488589498,417393.4056646169,4.644127962091467e-12,217044.5709456008,22947400.99562296,22603189.980688613,4.577198189018687e-11,1.764202738976029e-53,-8.821013694880145e-54,-3.7022627286956926e-45,1.0247874314016616e-38,3.804574131960446e-74,2.783882041310239e-63,1.1821221289756602e-51,0.0,1.1244898461935557
megawatt_2mw,Megawatt Platform (2.4 MW),2400000.0,10.0,toroid_24c_pairwise,Toroidal 24C (Pisano Pairwise 180°),static_0,Static (0 RPM),0.0,50.0,1.0533224988624574,1.0533224988624574,441451.3627913479,4.911808835547395e-12,229554.70865150093,48540112.539180994,47812010.85109328,9.682042652737936e-11,3.7317777079923747e-53,-1.8658888539961873e-53,-7.831311682520482e-45,1.0838547088288573e-38,4.2557940943744236e-74,1.992991104271756e-61,5.0010318106599903e-51,0.0,1.1209847214410396
megawatt_2mw,Megawatt Platform (2.4 MW),2400000.0,10.0,toroid_24c_pairwise,Toroidal 24C (Pisano Pairwise 180°),static_0,Static (0 RPM),0.0,100.0,1.0880864318502534,1.0880864318502534,471071.6083068621,5.2413785138789836e-12,244957.2363195683,103594057.27795391,102040146.4187846,2.066336538312958e-10,7.9643406948902915e-53,-3.9821703474451458e-53,-1.6713544912894117e-44,1.1565785585767873e-38,4.846059517544592e-74,1.4524241795633263e-59,2.134635248010205e-50,0.0,1.1054107572533687
megawatt_2mw,Megawatt Platform (2.4 MW),2400000.0,10.0,toroid_24c_pairwise,Toroidal 24C (Pisano Pairwise 180°),static_0,Static (0 RPM),0.0,120.0,1.2550476807998496,1.2550476807998496,626730.1551978884,6.973313423114235e-12,325899.68070290197,165390191.51351348,162909338.64081076,3.298951742820479e-10,1.2715245134887632e-52,-6.357622567443816e-53,-2.668354215142353e-44,1.538752594580472e-38,8.57780297305205e-74,7.676588648182489e-59,4.0895905625094647e-50,0.0,1.1122058450180108
megawatt_2mw,Megawatt Platform (2.4 MW),2400000.0,10.0,toroid_24c_pairwise,Toroidal 24C (Pisano Pairwise 180°),static_0,Static (0 RPM),0.0,200.0,1.0424544992064464,1.0424544992064464,432388.7207641135,4.810973343951433e-12,224842.134797339,190174492.01025847,187321874.63010457,3.793311236392036e-10,1.4620669231860641e-52,-7.310334615930321e-53,-3.0682164566371313e-44,1.0616040419070497e-38,4.082851618621126e-74,7.831560322837106e-58,7.837383428838443e-50,0.0,1.1095597888911064
megawatt_2mw,Megawatt Platform (2.4 MW),2400000.0,10.0,toroid_24c_pairwise,Toroidal 24C (Pisano Pairwise 180°),static_0,Static (0 RPM),0.0,500.0,0.613347966705219,0.613347966705219,149683.52430916717,1.6654538171289802e-12,77835.43264076693,164585631.11437398,162116846.64765838,3.2829035968775034e-10,1.2653390301736625e-52,-6.3266951508683125e-53,-2.6553736864136883e-44,3.6750411558536756e-39,4.892861066496191e-75,2.291329975962551e-56,1.6957067747362593e-49,0.0,1.1136764824990222
megawatt_2mw,Megawatt Platform (2.4 MW),2400000.0,10.0,toroid_24c_pairwise,Toroidal 24C (Pisano Pairwise 180°),static_0,Static (0 RPM),0.0,1000.0,0.3072568295864144,0.3072568295864144,37563.25602266552,4.179475891917521e-13,19532.89313178607,82605914.41155803,81366825.69538467,1.6476970177099206e-10,6.350766280167749e-53,-3.1753831400838746e-53,-1.3327382833205043e-44,9.222558893391164e-40,3.0813522234779056e-76,9.235195025830273e-56,1.7021584175750333e-49,0.0,1.1123762514629607
megawatt_2mw,Megawatt Platform (2.4 MW),2400000.0,10.0,toroid_24c_simultaneous,Toroidal 24C (Pisano Simultaneous),cw_1200,CW (+1200 RPM),1200.0,7.83,1.246751049626128,1.246751049626128,618471.4057246209,6.881422442470597e-12,321605.1309768029,10649502.016470065,212990.04032940132,4.3130975216669497e-13,1.6624096547645666e-55,-8.312048273822833e-56,-3.4886451362336055e-47,1.518475650708244e-38,8.35322413401941e-74,9.84231411824256e-66,2.244211533223574e-52,0.0,1.123815753504808
megawatt_2mw,Megawatt Platform (2.4 MW),2400000.0,10.0,toroid_24c_simultaneous,Toroidal 24C (Pisano Simultaneous),cw_1200,CW (+1200 RPM),1200.0,25.0,1.2757100852124343,1.2757100852124343,647536.2980513857,7.2048129832362684e-12,336718.87498672056,35600167.345590666,712003.3469118134,1.4418232262102634e-12,5.557260970044958e-55,-2.778630485022479e-55,-1.1662174481700697e-46,1.5898359931268881e-38,9.156787169575262e-74,1.1430248876639982e-62,2.3953268125953063e-51,0.0,1.1294898461935556
megawatt_2mw,Megawatt Platform (2.4 MW),2400000.0,10.0,toroid_24c_simultaneous,Toroidal 24C (Pisano Simultaneous),cw_1200,CW (+1200 RPM),1200.0,50.0,1.3119601025435361,1.3119601025435361,684859.3613415613,7.620088067855336e-12,356126.86789761187,75304219.84163949,1506084.3968327898,3.04985569717462e-12,1.1755147040269758e-54,-5.877573520134879e-55,-2.466873097747727e-46,1.6814718590560058e-38,1.0242776039598819e-73,8.182956027847386e-61,1.0133560055335515e-50,0.0,1.1259847214410394
megawatt_2mw,Megawatt Platform (2.4 MW),2400000.0,10.0,toroid_24c_simultaneous,Toroidal 24C (Pisano Simultaneous),cw_1200,CW (+1200 RPM),1200.0,100.0,1.3552601299679394,1.3552601299679394,730811.6544736212,8.131376283147122e-12,380022.06032628304,160713876.73956263,3214277.5347912526,6.5089862642484195e-12,2.5087774051152258e-54,-1.2543887025576129e-54,-5.264787813980487e-46,1.7942942750470688e-38,1.1663417264098607e-73,5.963460233051004e-59,4.325398297974977e-50,0.0,1.1104107572533686
megawatt_2mw,Megawatt Platform (2.4 MW),2400000.0,10.0,toroid_24c_simultaneous,Toroidal 24C (Pisano Simultaneous),cw_1200,CW (+1200 RPM),1200.0,120.0,1.563217804402189,1.563217804402189,972297.4035198423,1.0818267605271402e-11,505594.649830318,256583239.9199999,5131664.798399998,1.0391739768570412e-11,4.0053183203693694e-54,-2.0026591601846847e-54,-8.405349570351751e-46,2.3871919038228115e-38,2.0644916745600217e-73,3.151905054533764e-58,8.286712249777488e-50,0.0,1.1172058450180107
megawatt_2mw,Megawatt Platform (2.4 MW),2400000.0,10.0,toroid_24c_simultaneous,Toroidal 24C (Pisano Simultaneous),cw_1200,CW (+1200 RPM),1200.0,200.0,1.2984235247541678,1.2984235247541678,670799.7485416512,7.463653778156214e-12,348815.8692416586,295033138.68613136,5900662.773722627,1.1948978434003485e-11,4.6055293239889004e-54,-2.3027646619944502e-54,-9.664920695007974e-46,1.6469525918798036e-38,9.826540900493672e-74,3.215534360080712e-57,1.5880841926167338e-49,0.0,1.1145597888911063
megawatt_2mw,Megawatt Platform (2.4 MW),2400000.0,10.0,toroid_24c_simultaneous,Toroidal 24C (Pisano Simultaneous),cw_1200,CW (+1200 RPM),1200.0,500.0,0.7639522199160054,0.7639522199160054,232216.2111212752,2.5837538032064577e-12,120752.42978306311,255335060.01263416,5106701.200252683,1.0341187905612617e-11,3.985833969592415e-54,-1.9929169847962074e-54,-8.364460740468049e-46,5.701389894885224e-39,1.177605847125927e-74,9.40789569928433e-56,3.43600022727339e-49,0.0,1.118676482499022
megawatt_2mw,Megawatt Platform (2.4 MW),2400000.0,10.0,toroid_24c_simultaneous,Toroidal 24C (Pisano Simultaneous),cw_1200,CW (+1200 RPM),1200.0,1000.0,0.3827020709106033,0.3827020709106033,58274.930599209525,6.483960479773121e-13,30302.963911588955,128153265.69435632,2563065.3138871263,5.190266472601385e-12,2.0004994210097627e-54,-1.0002497105048814e-54,-4.198142470564654e-46,1.4307704825566806e-39,7.416148437708523e-76,3.7918480741326736e-55,3.449073151549323e-49,0.0,1.1173762514629606
megawatt_2mw,Megawatt Platform (2.4 MW),2400000.0,10.0,toroid_24c_simultaneous,Toroidal 24C (Pisano Simultaneous),ccw_1200,CCW (-1200 RPM),-1200.0,7.83,1.246751049626128,1.246751049626128,618471.4057246209,6.881422442470597e-12,321605.1309768029,10649502.016470065,-212990.04032940132,-4.3130975216669497e-13,-1.6624096547645666e-55,8.312048273822833e-56,3.4886451362336055e-47,1.518475650708244e-38,8.35322413401941e-74,9.84231411824256e-66,2.244211533223574e-52,0.0,1.123815753504808
megawatt_2mw,Megawatt Platform (2.4 MW),2400000.0,10.0,toroid_24c_simultaneous,Toroidal 24C (Pisano Simultaneous),ccw_1200,CCW (-1200 RPM),-1200.0,25.0,1.2757100852124343,1.2757100852124343,647536.2980513857,7.2048129832362684e-12,336718.87498672056,35600167.345590666,-712003.3469118134,-1.4418232262102634e-12,-5.557260970044958e-55,2.778630485022479e-55,1.1662174481700697e-46,1.5898359931268881e-38,9.156787169575262e-74,1.1430248876639982e-62,2.3953268125953063e-51,0.0,1.1294898461935556
megawatt_2mw,Megawatt Platform (2.4 MW),2400000.0,10.0,toroid_24c_simultaneous,Toroidal 24C (Pisano Simultaneous),ccw_1200,CCW (-1200 RPM),-1200.0,50.0,1.3119601025435361,1.3119601025435361,684859.3613415613,7.620088067855336e-12,356126.86789761187,75304219.84163949,-1506084.3968327898,-3.04985569717462e-12,-1.1755147040269758e-54,5.877573520134879e-55,2.466873097747727e-46,1.6814718590560058e-38,1.0242776039598819e-73,8.182956027847386e-61,1.0133560055335515e-50,0.0,1.1259847214410394
megawatt_2mw,Megawatt Platform (2.4 MW),2400000.0,10.0,toroid_24c_simultaneous,Toroidal 24C (Pisano Simultaneous),ccw_1200,CCW (-1200 RPM),-1200.0,100.0,1.3552601299679394,1.3552601299679394,730811.6544736212,8.131376283147122e-12,380022.06032628304,160713876.73956263,-3214277.5347912526,-6.5089862642484195e-12,-2.5087774051152258e-54,1.2543887025576129e-54,5.264787813980487e-46,1.7942942750470688e-38,1.1663417264098607e-73,5.963460233051004e-59,4.325398297974977e-50,0.0,1.1104107572533686
megawatt_2mw,Megawatt Platform (2.4 MW),2400000.0,10.0,toroid_24c_simultaneous,Toroidal 24C (Pisano Simultaneous),ccw_1200,CCW (-1200 RPM),-1200.0,120.0,1.563217804402189,1.563217804402189,972297.4035198423,1.0818267605271402e-11,505594.649830318,256583239.9199999,-5131664.798399998,-1.0391739768570412e-11,-4.0053183203693694e-54,2.0026591601846847e-54,8.405349570351751e-46,2.3871919038228115e-38,2.0644916745600217e-73,3.151905054533764e-58,8.286712249777488e-50,0.0,1.1172058450180107
megawatt_2mw,Megawatt Platform (2.4 MW),2400000.0,10.0,toroid_24c_simultaneous,Toroidal 24C (Pisano Simultaneous),ccw_1200,CCW (-1200 RPM),-1200.0,200.0,1.2984235247541678,1.2984235247541678,670799.7485416512,7.463653778156214e-12,348815.8692416586,295033138.68613136,-5900662.773722627,-1.1948978434003485e-11,-4.6055293239889004e-54,2.3027646619944502e-54,9.664920695007974e-46,1.6469525918798036e-38,9.826540900493672e-74,3.215534360080712e-57,1.5880841926167338e-49,0.0,1.1145597888911063
megawatt_2mw,Megawatt Platform (2.4 MW),2400000.0,10.0,toroid_24c_simultaneous,Toroidal 24C (Pisano Simultaneous),ccw_1200,CCW (-1200 RPM),-1200.0,500.0,0.7639522199160054,0.7639522199160054,232216.2111212752,2.5837538032064577e-12,120752.42978306311,255335060.01263416,-5106701.200252683,-1.0341187905612617e-11,-3.985833969592415e-54,1.9929169847962074e-54,8.364460740468049e-46,5.701389894885224e-39,1.177605847125927e-74,9.40789569928433e-56,3.43600022727339e-49,0.0,1.118676482499022
megawatt_2mw,Megawatt Platform (2.4 MW),2400000.0,10.0,toroid_24c_simultaneous,Toroidal 24C (Pisano Simultaneous),ccw_1200,CCW (-1200 RPM),-1200.0,1000.0,0.3827020709106033,0.3827020709106033,58274.930599209525,6.483960479773121e-13,30302.963911588955,128153265.69435632,-2563065.3138871263,-5.190266472601385e-12,-2.0004994210097627e-54,1.0002497105048814e-54,4.198142470564654e-46,1.4307704825566806e-39,7.416148437708523e-76,3.7918480741326736e-55,3.449073151549323e-49,0.0,1.1173762514629606
megawatt_2mw,Megawatt Platform (2.4 MW),2400000.0,10.0,toroid_24c_simultaneous,Toroidal 24C (Pisano Simultaneous),static_0,Static (0 RPM),0.0,7.83,1.246751049626128,1.246751049626128,618471.4057246209,6.881422442470597e-12,321605.1309768029,10649502.016470065,0.0,0.0,0.0,-0.0,-0.0,1.518475650708244e-38,8.35322413401941e-74,9.84231411824256e-66,2.244211533223574e-52,0.0,1.123815753504808
megawatt_2mw,Megawatt Platform (2.4 MW),2400000.0,10.0,toroid_24c_simultaneous,Toroidal 24C (Pisano Simultaneous),static_0,Static (0 RPM),0.0,25.0,1.2757100852124343,1.2757100852124343,647536.2980513857,7.2048129832362684e-12,336718.87498672056,35600167.345590666,0.0,0.0,0.0,-0.0,-0.0,1.5898359931268881e-38,9.156787169575262e-74,1.1430248876639982e-62,2.3953268125953063e-51,0.0,1.1294898461935556
megawatt_2mw,Megawatt Platform (2.4 MW),2400000.0,10.0,toroid_24c_simultaneous,Toroidal 24C (Pisano Simultaneous),static_0,Static (0 RPM),0.0,50.0,1.3119601025435361,1.3119601025435361,684859.3613415613,7.620088067855336e-12,356126.86789761187,75304219.84163949,0.0,0.0,0.0,-0.0,-0.0,1.6814718590560058e-38,1.0242776039598819e-73,8.182956027847386e-61,1.0133560055335515e-50,0.0,1.1259847214410394
megawatt_2mw,Megawatt Platform (2.4 MW),2400000.0,10.0,toroid_24c_simultaneous,Toroidal 24C (Pisano Simultaneous),static_0,Static (0 RPM),0.0,100.0,1.3552601299679394,1.3552601299679394,730811.6544736212,8.131376283147122e-12,380022.06032628304,160713876.73956263,0.0,0.0,0.0,-0.0,-0.0,1.7942942750470688e-38,1.1663417264098607e-73,5.963460233051004e-59,4.325398297974977e-50,0.0,1.1104107572533686
megawatt_2mw,Megawatt Platform (2.4 MW),2400000.0,10.0,toroid_24c_simultaneous,Toroidal 24C (Pisano Simultaneous),static_0,Static (0 RPM),0.0,120.0,1.563217804402189,1.563217804402189,972297.4035198423,1.0818267605271402e-11,505594.649830318,256583239.9199999,0.0,0.0,0.0,-0.0,-0.0,2.3871919038228115e-38,2.0644916745600217e-73,3.151905054533764e-58,8.286712249777488e-50,0.0,1.1172058450180107
megawatt_2mw,Megawatt Platform (2.4 MW),2400000.0,10.0,toroid_24c_simultaneous,Toroidal 24C (Pisano Simultaneous),static_0,Static (0 RPM),0.0,200.0,1.2984235247541678,1.2984235247541678,670799.7485416512,7.463653778156214e-12,348815.8692416586,295033138.68613136,0.0,0.0,0.0,-0.0,-0.0,1.6469525918798036e-38,9.826540900493672e-74,3.215534360080712e-57,1.5880841926167338e-49,0.0,1.1145597888911063
megawatt_2mw,Megawatt Platform (2.4 MW),2400000.0,10.0,toroid_24c_simultaneous,Toroidal 24C (Pisano Simultaneous),static_0,Static (0 RPM),0.0,500.0,0.7639522199160054,0.7639522199160054,232216.2111212752,2.5837538032064577e-12,120752.42978306311,255335060.01263416,0.0,0.0,0.0,-0.0,-0.0,5.701389894885224e-39,1.177605847125927e-74,9.40789569928433e-56,3.43600022727339e-49,0.0,1.118676482499022
megawatt_2mw,Megawatt Platform (2.4 MW),2400000.0,10.0,toroid_24c_simultaneous,Toroidal 24C (Pisano Simultaneous),static_0,Static (0 RPM),0.0,1000.0,0.3827020709106033,0.3827020709106033,58274.930599209525,6.483960479773121e-13,30302.963911588955,128153265.69435632,0.0,0.0,0.0,-0.0,-0.0,1.4307704825566806e-39,7.416148437708523e-76,3.7918480741326736e-55,3.449073151549323e-49,0.0,1.1173762514629606
megawatt_2mw,Megawatt Platform (2.4 MW),2400000.0,10.0,toroid_8c_pairwise,Toroidal 8C (8x8 Roots Pairwise 180°),cw_1200,CW (+1200 RPM),1200.0,7.83,0.891952261258756,0.891952261258756,316550.7610668149,3.5221022204480717e-12,164606.39575474375,5450709.502643022,4932892.099891935,9.989220462041207e-12,3.8501741396403715e-54,-1.9250870698201857e-54,-8.079772183355756e-46,7.771978113199069e-39,2.1882735343090943e-74,1.1104099063287532e-66,7.538012321328904e-53,0.0,1.118815753504808
megawatt_2mw,Megawatt Platform (2.4 MW),2400000.0,10.0,toroid_8c_pairwise,Toroidal 8C (8x8 Roots Pairwise 180°),cw_1200,CW (+1200 RPM),1200.0,25.0,0.9126701722505491,0.9126701722505491,331426.97636343446,3.6876224382845665e-12,172342.02770898593,18221149.69753415,16490140.476268407,3.33929154199588e-11,1.2870727989804698e-53,-6.435363994902349e-54,-2.700983026219064e-45,8.137220070927806e-39,2.3987809618177863e-74,1.289560710209324e-63,8.045588733347858e-52,0.0,1.1244898461935557
megawatt_2mw,Megawatt Platform (2.4 MW),2400000.0,10.0,toroid_8c_pairwise,Toroidal 8C (8x8 Roots Pairwise 180°),cw_1200,CW (+1200 RPM),1200.0,50.0,0.9386042069071401,0.9386042069071401,350529.9518292242,3.900171705512585e-12,182275.57495119658,38542781.25354043,34881217.034454085,7.063527032125885e-11,2.7225156574614805e-53,-1.3612578287307403e-53,-5.713327626257043e-45,8.606237762487735e-39,2.683274788955557e-74,9.232011219325712e-62,3.403729970424123e-51,0.0,1.1209847214410396
megawatt_2mw,Megawatt Platform (2.4 MW),2400000.0,10.0,toroid_8c_pairwise,Toroidal 8C (8x8 Roots Pairwise 180°),cw_1200,CW (+1200 RPM),1200.0,100.0,0.9695819689754731,0.9695819689754731,374049.6056548947,4.161863146987525e-12,194505.79494054525,82257804.52420607,74443313.0944065,1.507494288069014e-10,5.810378843508749e-53,-2.9051894217543743e-53,-1.2193354287846794e-44,9.183694073592757e-39,3.055436668422028e-74,6.727976001602968e-60,1.4528445818098496e-50,0.0,1.1054107572533687
megawatt_2mw,Megawatt Platform (2.4 MW),2400000.0,10.0,toroid_8c_pairwise,Toroidal 8C (8x8 Roots Pairwise 180°),cw_1200,CW (+1200 RPM),1200.0,120.0,1.1183593195246182,1.1183593195246182,497648.6870995877,5.537088395963659e-12,258777.3172917856,131326394.59459451,118850387.10810803,2.4067477957765176e-10,9.276397651996271e-53,-4.638198825998136e-53,-1.9466958374341732e-44,1.2218308024803274e-38,5.408297946708322e-74,3.555979370618688e-59,2.783398004928928e-50,0.0,1.1122058450180108
megawatt_2mw,Megawatt Platform (2.4 MW),2400000.0,10.0,toroid_8c_pairwise,Toroidal 8C (8x8 Roots Pairwise 180°),cw_1200,CW (+1200 RPM),1200.0,200.0,0.9289198507780213,0.9289198507780213,343333.85336626973,3.820104311930848e-12,178533.60375046026,151006115.6046557,136660534.62221342,2.7674073974405626e-10,1.0666498387901099e-52,-5.333249193950549e-53,-2.2384150389733352e-44,8.429558611358786e-39,2.574234695652689e-74,3.627765954915152e-58,5.33416660329587e-50,0.0,1.1095597888911064
megawatt_2mw,Megawatt Platform (2.4 MW),2400000.0,10.0,toroid_8c_pairwise,Toroidal 8C (8x8 Roots Pairwise 180°),cw_1200,CW (+1200 RPM),1200.0,500.0,0.5465476931036604,0.5465476931036604,118854.67570868088,1.3224366158949843e-12,61804.43136851406,130687541.61615808,118272225.16262306,2.395039882813373e-10,9.23127150437429e-53,-4.615635752187145e-53,-1.937225902333208e-44,2.918128944457873e-39,3.08494500778269e-75,1.061398819087714e-56,1.1541074299744027e-49,0.0,1.1136764824990222
megawatt_2mw,Megawatt Platform (2.4 MW),2400000.0,10.0,toroid_8c_pairwise,Toroidal 8C (8x8 Roots Pairwise 180°),cw_1200,CW (+1200 RPM),1200.0,1000.0,0.2737932144829435,0.2737932144829435,29826.720300322584,3.3186702014049523e-13,15509.894556167745,65592383.759790204,59361107.30261014,1.2020761364913032e-10,4.633196826704028e-53,-2.316598413352014e-53,-9.722982255527803e-45,7.323078819377359e-40,1.9427901241932116e-76,4.277963103216168e-56,1.1584984538511156e-49,0.0,1.1123762514629607
megawatt_2mw,Megawatt Platform (2.4 MW),2400000.0,10.0,toroid_8c_pairwise,Toroidal 8C (8x8 Roots Pairwise 180°),ccw_1200,CCW (-1200 RPM),-1200.0,7.83,0.891952261258756,0.891952261258756,316550.7610668149,3.5221022204480717e-12,164606.39575474375,5450709.502643022,-4932892.099891935,-9.989220462041207e-12,-3.8501741396403715e-54,1.9250870698201857e-54,8.079772183355756e-46,7.771978113199069e-39,2.1882735343090943e-74,1.1104099063287532e-66,7.538012321328904e-53,0.0,1.118815753504808
megawatt_2mw,Megawatt Platform (2.4 MW),2400000.0,10.0,toroid_8c_pairwise,Toroidal 8C (8x8 Roots Pairwise 180°),ccw_1200,CCW (-1200 RPM),-1200.0,25.0,0.9126701722505491,0.9126701722505491,331426.97636343446,3.6876224382845665e-12,172342.02770898593,18221149.69753415,-16490140.476268407,-3.33929154199588e-11,-1.2870727989804698e-53,6.435363994902349e-54,2.700983026219064e-45,8.137220070927806e-39,2.3987809618177863e-74,1.289560710209324e-63,8.045588733347858e-52,0.0,1.1244898461935557
megawatt_2mw,Megawatt Platform (2.4 MW),2400000.0,10.0,toroid_8c_pairwise,Toroidal 8C (8x8 Roots Pairwise 180°),ccw_1200,CCW (-1200 RPM),-1200.0,50.0,0.9386042069071401,0.9386042069071401,350529.9518292242,3.900171705512585e-12,182275.57495119658,38542781.25354043,-34881217.034454085,-7.063527032125885e-11,-2.7225156574614805e-53,1.3612578287307403e-53,5.713327626257043e-45,8.606237762487735e-39,2.683274788955557e-74,9.232011219325712e-62,3.403729970424123e-51,0.0,1.1209847214410396
megawatt_2mw,Megawatt Platform (2.4 MW),2400000.0,10.0,toroid_8c_pairwise,Toroidal 8C (8x8 Roots Pairwise 180°),ccw_1200,CCW (-1200 RPM),-1200.0,100.0,0.9695819689754731,0.9695819689754731,374049.6056548947,4.161863146987525e-12,194505.79494054525,82257804.52420607,-74443313.0944065,-1.507494288069014e-10,-5.810378843508749e-53,2.9051894217543743e-53,1.2193354287846794e-44,9.183694073592757e-39,3.055436668422028e-74,6.727976001602968e-60,1.4528445818098496e-50,0.0,1.1054107572533687
megawatt_2mw,Megawatt Platform (2.4 MW),2400000.0,10.0,toroid_8c_pairwise,Toroidal 8C (8x8 Roots Pairwise 180°),ccw_1200,CCW (-1200 RPM),-1200.0,120.0,1.1183593195246182,1.1183593195246182,497648.6870995877,5.537088395963659e-12,258777.3172917856,131326394.59459451,-118850387.10810803,-2.4067477957765176e-10,-9.276397651996271e-53,4.638198825998136e-53,1.9466958374341732e-44,1.2218308024803274e-38,5.408297946708322e-74,3.555979370618688e-59,2.783398004928928e-50,0.0,1.1122058450180108
megawatt_2mw,Megawatt Platform (2.4 MW),2400000.0,10.0,toroid_8c_pairwise,Toroidal 8C (8x8 Roots Pairwise 180°),ccw_1200,CCW (-1200 RPM),-1200.0,200.0,0.9289198507780213,0.9289198507780213,343333.85336626973,3.820104311930848e-12,178533.60375046026,151006115.6046557,-136660534.62221342,-2.7674073974405626e-10,-1.0666498387901099e-52,5.333249193950549e-53,2.2384150389733352e-44,8.429558611358786e-39,2.574234695652689e-74,3.627765954915152e-58,5.33416660329587e-50,0.0,1.1095597888911064
megawatt_2mw,Megawatt Platform (2.4 MW),2400000.0,10.0,toroid_8c_pairwise,Toroidal 8C (8x8 Roots Pairwise 180°),ccw_1200,CCW (-1200 RPM),-1200.0,500.0,0.5465476931036604,0.5465476931036604,118854.67570868088,1.3224366158949843e-12,61804.43136851406,130687541.61615808,-118272225.16262306,-2.395039882813373e-10,-9.23127150437429e-53,4.615635752187145e-53,1.937225902333208e-44,2.918128944457873e-39,3.08494500778269e-75,1.061398819087714e-56,1.1541074299744027e-49,0.0,1.1136764824990222
megawatt_2mw,Megawatt Platform (2.4 MW),2400000.0,10.0,toroid_8c_pairwise,Toroidal 8C (8x8 Roots Pairwise 180°),ccw_1200,CCW (-1200 RPM),-1200.0,1000.0,0.2737932144829435,0.2737932144829435,29826.720300322584,3.3186702014049523e-13,15509.894556167745,65592383.759790204,-59361107.30261014,-1.2020761364913032e-10,-4.633196826704028e-53,2.316598413352014e-53,9.722982255527803e-45,7.323078819377359e-40,1.9427901241932116e-76,4.277963103216168e-56,1.1584984538511156e-49,0.0,1.1123762514629607
megawatt_2mw,Megawatt Platform (2.4 MW),2400000.0,10.0,toroid_8c_pairwise,Toroidal 8C (8x8 Roots Pairwise 180°),static_0,Static (0 RPM),0.0,7.83,0.891952261258756,0.891952261258756,316550.7610668149,3.5221022204480717e-12,164606.39575474375,5450709.502643022,4932892.099891935,9.989220462041207e-12,3.8501741396403715e-54,-1.9250870698201857e-54,-8.079772183355756e-46,7.771978113199069e-39,2.1882735343090943e-74,1.1104099063287532e-66,7.538012321328904e-53,0.0,1.118815753504808
megawatt_2mw,Megawatt Platform (2.4 MW),2400000.0,10.0,toroid_8c_pairwise,Toroidal 8C (8x8 Roots Pairwise 180°),static_0,Static (0 RPM),0.0,25.0,0.9126701722505491,0.9126701722505491,331426.97636343446,3.6876224382845665e-12,172342.02770898593,18221149.69753415,16490140.476268407,3.33929154199588e-11,1.2870727989804698e-53,-6.435363994902349e-54,-2.700983026219064e-45,8.137220070927806e-39,2.3987809618177863e-74,1.289560710209324e-63,8.045588733347858e-52,0.0,1.1244898461935557
megawatt_2mw,Megawatt Platform (2.4 MW),2400000.0,10.0,toroid_8c_pairwise,Toroidal 8C (8x8 Roots Pairwise 180°),static_0,Static (0 RPM),0.0,50.0,0.9386042069071401,0.9386042069071401,350529.9518292242,3.900171705512585e-12,182275.57495119658,38542781.25354043,34881217.034454085,7.063527032125885e-11,2.7225156574614805e-53,-1.3612578287307403e-53,-5.713327626257043e-45,8.606237762487735e-39,2.683274788955557e-74,9.232011219325712e-62,3.403729970424123e-51,0.0,1.1209847214410396
megawatt_2mw,Megawatt Platform (2.4 MW),2400000.0,10.0,toroid_8c_pairwise,Toroidal 8C (8x8 Roots Pairwise 180°),static_0,Static (0 RPM),0.0,100.0,0.9695819689754731,0.9695819689754731,374049.6056548947,4.161863146987525e-12,194505.79494054525,82257804.52420607,74443313.0944065,1.507494288069014e-10,5.810378843508749e-53,-2.9051894217543743e-53,-1.2193354287846794e-44,9.183694073592757e-39,3.055436668422028e-74,6.727976001602968e-60,1.4528445818098496e-50,0.0,1.1054107572533687
megawatt_2mw,Megawatt Platform (2.4 MW),2400000.0,10.0,toroid_8c_pairwise,Toroidal 8C (8x8 Roots Pairwise 180°),static_0,Static (0 RPM),0.0,120.0,1.1183593195246182,1.1183593195246182,497648.6870995877,5.537088395963659e-12,258777.3172917856,131326394.59459451,118850387.10810803,2.4067477957765176e-10,9.276397651996271e-53,-4.638198825998136e-53,-1.9466958374341732e-44,1.2218308024803274e-38,5.408297946708322e-74,3.555979370618688e-59,2.783398004928928e-50,0.0,1.1122058450180108
megawatt_2mw,Megawatt Platform (2.4 MW),2400000.0,10.0,toroid_8c_pairwise,Toroidal 8C (8x8 Roots Pairwise 180°),static_0,Static (0 RPM),0.0,200.0,0.9289198507780213,0.9289198507780213,343333.85336626973,3.820104311930848e-12,178533.60375046026,151006115.6046557,136660534.62221342,2.7674073974405626e-10,1.0666498387901099e-52,-5.333249193950549e-53,-2.2384150389733352e-44,8.429558611358786e-39,2.574234695652689e-74,3.627765954915152e-58,5.33416660329587e-50,0.0,1.1095597888911064
megawatt_2mw,Megawatt Platform (2.4 MW),2400000.0,10.0,toroid_8c_pairwise,Toroidal 8C (8x8 Roots Pairwise 180°),static_0,Static (0 RPM),0.0,500.0,0.5465476931036604,0.5465476931036604,118854.67570868088,1.3224366158949843e-12,61804.43136851406,130687541.61615808,118272225.16262306,2.395039882813373e-10,9.23127150437429e-53,-4.615635752187145e-53,-1.937225902333208e-44,2.918128944457873e-39,3.08494500778269e-75,1.061398819087714e-56,1.1541074299744027e-49,0.0,1.1136764824990222
megawatt_2mw,Megawatt Platform (2.4 MW),2400000.0,10.0,toroid_8c_pairwise,Toroidal 8C (8x8 Roots Pairwise 180°),static_0,Static (0 RPM),0.0,1000.0,0.2737932144829435,0.2737932144829435,29826.720300322584,3.3186702014049523e-13,15509.894556167745,65592383.759790204,59361107.30261014,1.2020761364913032e-10,4.633196826704028e-53,-2.316598413352014e-53,-9.722982255527803e-45,7.323078819377359e-40,1.9427901241932116e-76,4.277963103216168e-56,1.1584984538511156e-49,0.0,1.1123762514629607
megawatt_2mw,Megawatt Platform (2.4 MW),2400000.0,10.0,toroid_2c_apex,Toroidal 2C Apex Kissing (Cusp),cw_1200,CW (+1200 RPM),1200.0,7.83,0.6085096537920848,1.3752318175701115,752509.4596112384,8.372796924173226e-12,391304.918997844,2536908.246491863,2394841.3846883187,4.849609129661629e-12,1.8691988758621946e-54,-9.345994379310973e-55,-3.922602078398949e-46,1.8475668895451982e-38,1.2366272471961306e-73,9.992489243064044e-66,2.2612679321613898e-52,0.0,1.118815753504808
megawatt_2mw,Megawatt Platform (2.4 MW),2400000.0,10.0,toroid_2c_apex,Toroidal 2C Apex Kissing (Cusp),cw_1200,CW (+1200 RPM),1200.0,25.0,0.622643873068708,1.40717515313528,787873.4331369592,8.766274195429945e-12,409694.1852312188,8480617.964656278,8005703.358635526,1.6211734249136717e-11,6.248535629174987e-54,-3.1242678145874935e-54,-1.3112846986196619e-45,1.934392783538118e-38,1.3555882529903449e-73,1.160465288683134e-62,2.413531714003712e-51,0.0,1.1244898461935557
megawatt_2mw,Megawatt Platform (2.4 MW),2400000.0,10.0,toroid_2c_apex,Toroidal 2C Apex Kissing (Cusp),cw_1200,CW (+1200 RPM),1200.0,50.0,0.6403366478233157,1.4471608240806932,833285.3275713947,9.271549664309701e-12,433308.37033712526,17938857.236370042,16934281.23113332,3.4292310709107774e-11,1.3217384517884583e-53,-6.608692258942292e-54,-2.7737305350634348e-45,2.0458884085790712e-38,1.5163601184729635e-73,8.307812482143613e-61,1.0210576878572953e-50,0.0,1.1209847214410396
megawatt_2mw,Megawatt Platform (2.4 MW),2400000.0,10.0,toroid_2c_apex,Toroidal 2C Apex Kissing (Cusp),cw_1200,CW (+1200 RPM),1200.0,100.0,0.6614703655010451,1.4949230260323618,889196.619431375,9.893646684530074e-12,462382.24210431497,38285016.38815754,36141055.47042072,7.318647225890099e-11,2.820847371759265e-53,-1.4104236858796325e-53,-5.919681370557848e-45,2.1831622332105437e-38,1.7266745573663263e-73,6.0544513733515605e-59,4.358272079184468e-50,0.0,1.1054107572533687
megawatt_2mw,Megawatt Platform (2.4 MW),2400000.0,10.0,toroid_2c_apex,Toroidal 2C Apex Kissing (Cusp),cw_1200,CW (+1200 RPM),1200.0,120.0,0.7629695802090174,1.724311251272379,1183018.3043732354,1.3162853826733371e-11,615169.5182740825,61122870.93405402,57699990.161746986,1.1684381306372504e-10,4.503544887655841e-53,-2.2517724438279206e-53,-9.45090154108575e-45,2.9045554457416025e-38,3.0563128863858953e-73,3.199997172836884e-58,8.349692707684874e-50,0.0,1.1122058450180108
megawatt_2mw,Megawatt Platform (2.4 MW),2400000.0,10.0,toroid_2c_apex,Toroidal 2C Apex Kissing (Cusp),cw_1200,CW (+1200 RPM),1200.0,200.0,0.6337297648641168,1.432229268592904,816178.6488578885,9.081212194014963e-12,424412.89740610204,70282347.60307752,66346536.13730517,1.3435326841688756e-10,5.178416890492372e-53,-2.589208445246186e-53,-1.0867152297045976e-44,2.0038879622358586e-38,1.4547398738777133e-73,3.264597341406091e-57,1.600153909365314e-49,0.0,1.1095597888911064
megawatt_2mw,Megawatt Platform (2.4 MW),2400000.0,10.0,toroid_2c_apex,Toroidal 2C Apex Kissing (Cusp),cw_1200,CW (+1200 RPM),1200.0,500.0,0.3728669817396083,0.8426793787315147,282543.20882824523,3.143717171403163e-12,146922.46859068752,60825531.40632735,57419301.64757302,1.1627541233805176e-10,4.481636854058464e-53,-2.240818427029232e-53,-9.404926498391019e-45,6.937022130812883e-39,1.7433501766714543e-74,9.551442419287433e-56,3.4621144280406324e-49,0.0,1.1136764824990222
megawatt_2mw,Megawatt Platform (2.4 MW),2400000.0,10.0,toroid_2c_apex,Toroidal 2C Apex Kissing (Cusp),cw_1200,CW (+1200 RPM),1200.0,1000.0,0.18678781521391927,0.4221404623834575,70904.5497112629,7.889195121069324e-13,36870.36584985671,30528476.92334058,28818882.215633508,5.83589022609816e-11,2.249344051989395e-53,-1.1246720259946974e-53,-4.720354675635062e-45,1.7408538416556064e-39,1.0979007721315358e-75,3.849704513961437e-55,3.475286708707436e-49,0.0,1.1123762514629607
megawatt_2mw,Megawatt Platform (2.4 MW),2400000.0,10.0,toroid_2c_apex,Toroidal 2C Apex Kissing (Cusp),ccw_1200,CCW (-1200 RPM),-1200.0,7.83,0.6085096537920848,1.3752318175701115,752509.4596112384,8.372796924173226e-12,391304.918997844,2536908.246491863,-2394841.3846883187,-4.849609129661629e-12,-1.8691988758621946e-54,9.345994379310973e-55,3.922602078398949e-46,1.8475668895451982e-38,1.2366272471961306e-73,9.992489243064044e-66,2.2612679321613898e-52,0.0,1.118815753504808
megawatt_2mw,Megawatt Platform (2.4 MW),2400000.0,10.0,toroid_2c_apex,Toroidal 2C Apex Kissing (Cusp),ccw_1200,CCW (-1200 RPM),-1200.0,25.0,0.622643873068708,1.40717515313528,787873.4331369592,8.766274195429945e-12,409694.1852312188,8480617.964656278,-8005703.358635526,-1.6211734249136717e-11,-6.248535629174987e-54,3.1242678145874935e-54,1.3112846986196619e-45,1.934392783538118e-38,1.3555882529903449e-73,1.160465288683134e-62,2.413531714003712e-51,0.0,1.1244898461935557
megawatt_2mw,Megawatt Platform (2.4 MW),2400000.0,10.0,toroid_2c_apex,Toroidal 2C Apex Kissing (Cusp),ccw_1200,CCW (-1200 RPM),-1200.0,50.0,0.6403366478233157,1.4471608240806932,833285.3275713947,9.271549664309701e-12,433308.37033712526,17938857.236370042,-16934281.23113332,-3.4292310709107774e-11,-1.3217384517884583e-53,6.608692258942292e-54,2.7737305350634348e-45,2.0458884085790712e-38,1.5163601184729635e-73,8.307812482143613e-61,1.0210576878572953e-50,0.0,1.1209847214410396
megawatt_2mw,Megawatt Platform (2.4 MW),2400000.0,10.0,toroid_2c_apex,Toroidal 2C Apex Kissing (Cusp),ccw_1200,CCW (-1200 RPM),-1200.0,100.0,0.6614703655010451,1.4949230260323618,889196.619431375,9.893646684530074e-12,462382.24210431497,38285016.38815754,-36141055.47042072,-7.318647225890099e-11,-2.820847371759265e-53,1.4104236858796325e-53,5.919681370557848e-45,2.1831622332105437e-38,1.7266745573663263e-73,6.0544513733515605e-59,4.358272079184468e-50,0.0,1.1054107572533687
megawatt_2mw,Megawatt Platform (2.4 MW),2400000.0,10.0,toroid_2c_apex,Toroidal 2C Apex Kissing (Cusp),ccw_1200,CCW (-1200 RPM),-1200.0,120.0,0.7629695802090174,1.724311251272379,1183018.3043732354,1.3162853826733371e-11,615169.5182740825,61122870.93405402,-57699990.161746986,-1.1684381306372504e-10,-4.503544887655841e-53,2.2517724438279206e-53,9.45090154108575e-45,2.9045554457416025e-38,3.0563128863858953e-73,3.199997172836884e-58,8.349692707684874e-50,0.0,1.1122058450180108
megawatt_2mw,Megawatt Platform (2.4 MW),2400000.0,10.0,toroid_2c_apex,Toroidal 2C Apex Kissing (Cusp),ccw_1200,CCW (-1200 RPM),-1200.0,200.0,0.6337297648641168,1.432229268592904,816178.6488578885,9.081212194014963e-12,424412.89740610204,70282347.60307752,-66346536.13730517,-1.3435326841688756e-10,-5.178416890492372e-53,2.589208445246186e-53,1.0867152297045976e-44,2.0038879622358586e-38,1.4547398738777133e-73,3.264597341406091e-57,1.600153909365314e-49,0.0,1.1095597888911064
megawatt_2mw,Megawatt Platform (2.4 MW),2400000.0,10.0,toroid_2c_apex,Toroidal 2C Apex Kissing (Cusp),ccw_1200,CCW (-1200 RPM),-1200.0,500.0,0.3728669817396083,0.8426793787315147,282543.20882824523,3.143717171403163e-12,146922.46859068752,60825531.40632735,-57419301.64757302,-1.1627541233805176e-10,-4.481636854058464e-53,2.240818427029232e-53,9.404926498391019e-45,6.937022130812883e-39,1.7433501766714543e-74,9.551442419287433e-56,3.4621144280406324e-49,0.0,1.1136764824990222
megawatt_2mw,Megawatt Platform (2.4 MW),2400000.0,10.0,toroid_2c_apex,Toroidal 2C Apex Kissing (Cusp),ccw_1200,CCW (-1200 RPM),-1200.0,1000.0,0.18678781521391927,0.4221404623834575,70904.5497112629,7.889195121069324e-13,36870.36584985671,30528476.92334058,-28818882.215633508,-5.83589022609816e-11,-2.249344051989395e-53,1.1246720259946974e-53,4.720354675635062e-45,1.7408538416556064e-39,1.0979007721315358e-75,3.849704513961437e-55,3.475286708707436e-49,0.0,1.1123762514629607
megawatt_2mw,Megawatt Platform (2.4 MW),2400000.0,10.0,toroid_2c_apex,Toroidal 2C Apex Kissing (Cusp),static_0,Static (0 RPM),0.0,7.83,0.6085096537920848,1.3752318175701115,752509.4596112384,8.372796924173226e-12,391304.918997844,2536908.246491863,2394841.3846883187,4.849609129661629e-12,1.8691988758621946e-54,-9.345994379310973e-55,-3.922602078398949e-46,1.8475668895451982e-38,1.2366272471961306e-73,9.992489243064044e-66,2.2612679321613898e-52,0.0,1.118815753504808
megawatt_2mw,Megawatt Platform (2.4 MW),2400000.0,10.0,toroid_2c_apex,Toroidal 2C Apex Kissing (Cusp),static_0,Static (0 RPM),0.0,25.0,0.622643873068708,1.40717515313528,787873.4331369592,8.766274195429945e-12,409694.1852312188,8480617.964656278,8005703.358635526,1.6211734249136717e-11,6.248535629174987e-54,-3.1242678145874935e-54,-1.3112846986196619e-45,1.934392783538118e-38,1.3555882529903449e-73,1.160465288683134e-62,2.413531714003712e-51,0.0,1.1244898461935557
megawatt_2mw,Megawatt Platform (2.4 MW),2400000.0,10.0,toroid_2c_apex,Toroidal 2C Apex Kissing (Cusp),static_0,Static (0 RPM),0.0,50.0,0.6403366478233157,1.4471608240806932,833285.3275713947,9.271549664309701e-12,433308.37033712526,17938857.236370042,16934281.23113332,3.4292310709107774e-11,1.3217384517884583e-53,-6.608692258942292e-54,-2.7737305350634348e-45,2.0458884085790712e-38,1.5163601184729635e-73,8.307812482143613e-61,1.0210576878572953e-50,0.0,1.1209847214410396
megawatt_2mw,Megawatt Platform (2.4 MW),2400000.0,10.0,toroid_2c_apex,Toroidal 2C Apex Kissing (Cusp),static_0,Static (0 RPM),0.0,100.0,0.6614703655010451,1.4949230260323618,889196.619431375,9.893646684530074e-12,462382.24210431497,38285016.38815754,36141055.47042072,7.318647225890099e-11,2.820847371759265e-53,-1.4104236858796325e-53,-5.919681370557848e-45,2.1831622332105437e-38,1.7266745573663263e-73,6.0544513733515605e-59,4.358272079184468e-50,0.0,1.1054107572533687
megawatt_2mw,Megawatt Platform (2.4 MW),2400000.0,10.0,toroid_2c_apex,Toroidal 2C Apex Kissing (Cusp),static_0,Static (0 RPM),0.0,120.0,0.7629695802090174,1.724311251272379,1183018.3043732354,1.3162853826733371e-11,615169.5182740825,61122870.93405402,57699990.161746986,1.1684381306372504e-10,4.503544887655841e-53,-2.2517724438279206e-53,-9.45090154108575e-45,2.9045554457416025e-38,3.0563128863858953e-73,3.199997172836884e-58,8.349692707684874e-50,0.0,1.1122058450180108
megawatt_2mw,Megawatt Platform (2.4 MW),2400000.0,10.0,toroid_2c_apex,Toroidal 2C Apex Kissing (Cusp),static_0,Static (0 RPM),0.0,200.0,0.6337297648641168,1.432229268592904,816178.6488578885,9.081212194014963e-12,424412.89740610204,70282347.60307752,66346536.13730517,1.3435326841688756e-10,5.178416890492372e-53,-2.589208445246186e-53,-1.0867152297045976e-44,2.0038879622358586e-38,1.4547398738777133e-73,3.264597341406091e-57,1.600153909365314e-49,0.0,1.1095597888911064
megawatt_2mw,Megawatt Platform (2.4 MW),2400000.0,10.0,toroid_2c_apex,Toroidal 2C Apex Kissing (Cusp),static_0,Static (0 RPM),0.0,500.0,0.3728669817396083,0.8426793787315147,282543.20882824523,3.143717171403163e-12,146922.46859068752,60825531.40632735,57419301.64757302,1.1627541233805176e-10,4.481636854058464e-53,-2.240818427029232e-53,-9.404926498391019e-45,6.937022130812883e-39,1.7433501766714543e-74,9.551442419287433e-56,3.4621144280406324e-49,0.0,1.1136764824990222
megawatt_2mw,Megawatt Platform (2.4 MW),2400000.0,10.0,toroid_2c_apex,Toroidal 2C Apex Kissing (Cusp),static_0,Static (0 RPM),0.0,1000.0,0.18678781521391927,0.4221404623834575,70904.5497112629,7.889195121069324e-13,36870.36584985671,30528476.92334058,28818882.215633508,5.83589022609816e-11,2.249344051989395e-53,-1.1246720259946974e-53,-4.720354675635062e-45,1.7408538416556064e-39,1.0979007721315358e-75,3.849704513961437e-55,3.475286708707436e-49,0.0,1.1123762514629607
megawatt_2mw,Megawatt Platform (2.4 MW),2400000.0,10.0,inner_coils_tube,Inner Coils + Cu Tube Collimator,cw_1200,CW (+1200 RPM),1200.0,7.83,0.9448086915555712,1.2754917336000213,647314.6513055289,7.2023468305942525e-12,336603.61867887503,6115860.555256358,5920153.017488155,1.1988446627892634e-11,4.6207416641337344e-54,-2.3103708320668672e-54,-9.696844508915638e-46,1.5892918043680758e-38,9.15051964532617e-74,5.569863601815169e-66,1.6882527243112636e-52,0.0,1.118815753504808
megawatt_2mw,Megawatt Platform (2.4 MW),2400000.0,10.0,inner_coils_tube,Inner Coils + Cu Tube Collimator,cw_1200,CW (+1200 RPM),1200.0,25.0,0.9667543306061372,1.3051183463182854,677735.023965577,7.540819124047997e-12,352422.2124621001,20444679.844437633,19790450.08941563,4.007611863039264e-11,1.5446654336465374e-53,-7.723327168232687e-54,-3.24155332998372e-45,1.6639801323040022e-38,1.0030780874420157e-73,6.468491699495974e-63,1.801932196280591e-51,0.0,1.1244898461935557
megawatt_2mw,Megawatt Platform (2.4 MW),2400000.0,10.0,inner_coils_tube,Inner Coils + Cu Tube Collimator,cw_1200,CW (+1200 RPM),1200.0,50.0,0.9942251969460818,1.3422040158772106,716798.6984955374,7.975461120602204e-12,372735.32321767946,43246163.72310828,41862286.48396881,8.477209723331536e-11,3.2673954666538176e-53,-1.6336977333269088e-53,-6.856783627443435e-45,1.7598895600510112e-38,1.1220424816724577e-73,4.630816329086458e-61,7.623171932378906e-51,0.0,1.1209847214410396
megawatt_2mw,Megawatt Platform (2.4 MW),2400000.0,10.0,inner_coils_tube,Inner Coils + Cu Tube Collimator,cw_1200,CW (+1200 RPM),1200.0,100.0,1.0270386782480938,1.3865022156349267,764894.0386035087,8.510593949272726e-12,397744.90007382457,92295739.07903923,89342275.42850997,1.809201717295508e-10,6.973258515810882e-53,-3.486629257905441e-53,-1.4633712175070632e-44,1.8779736011085276e-38,1.277666289020842e-73,3.3747815497335427e-59,3.2538668268034056e-50,0.0,1.1054107572533687
megawatt_2mw,Megawatt Platform (2.4 MW),2400000.0,10.0,inner_coils_tube,Inner Coils + Cu Tube Collimator,cw_1200,CW (+1200 RPM),1200.0,120.0,1.1846324643853363,1.5992538269202041,1017641.8002495911,1.1322792060902128e-11,529173.7361297874,147352177.94594583,142636908.25167555,2.8884303441000576e-10,1.1132960632179415e-52,-5.5664803160897075e-53,-2.3363043429168105e-44,2.498521807991148e-38,2.2615425280789837e-73,1.7836944674498332e-58,6.233843968875e-50,0.0,1.1122058450180108
megawatt_2mw,Megawatt Platform (2.4 MW),2400000.0,10.0,inner_coils_tube,Inner Coils + Cu Tube Collimator,cw_1200,CW (+1200 RPM),1200.0,200.0,0.9839669530463485,1.3283553866125706,702083.3967480031,7.811731307459805e-12,365083.3663089616,169433418.8202801,164011549.41803113,3.32127176569212e-10,1.2801273844718523e-52,-6.4006369223592615e-53,-2.6864077460074926e-44,1.723760440435084e-38,1.0764461016817853e-73,1.8197029252875416e-57,1.1946678933456663e-49,0.0,1.1095597888911064
megawatt_2mw,Megawatt Platform (2.4 MW),2400000.0,10.0,inner_coils_tube,Inner Coils + Cu Tube Collimator,cw_1200,CW (+1200 RPM),1200.0,500.0,0.5789357045468402,0.7815632011382343,243045.92635520597,2.7042506358272355e-12,126383.8817047071,146635365.62462643,141943033.9246384,2.8743792286785864e-10,1.1078803011537817e-52,-5.539401505768909e-53,-2.324939110568707e-44,5.967281878485676e-39,1.2900055434357037e-74,5.3240218910873155e-56,2.584799453401311e-49,0.0,1.1136764824990222
megawatt_2mw,Megawatt Platform (2.4 MW),2400000.0,10.0,inner_coils_tube,Inner Coils + Cu Tube Collimator,cw_1200,CW (+1200 RPM),1200.0,1000.0,0.29001799756341423,0.39152429671060923,60992.66034064849,6.786348694688185e-13,31716.183377137215,73596634.04685596,71241541.75735657,1.4426576788199756e-10,5.560477224877734e-53,-2.780238612438867e-53,-1.1668923944293801e-44,1.4974963877381102e-39,8.124002287001649e-76,2.1458445968060625e-55,2.5946338204342943e-49,0.0,1.1123762514629607
megawatt_2mw,Megawatt Platform (2.4 MW),2400000.0,10.0,inner_coils_tube,Inner Coils + Cu Tube Collimator,ccw_1200,CCW (-1200 RPM),-1200.0,7.83,0.9448086915555712,1.2754917336000213,647314.6513055289,7.2023468305942525e-12,336603.61867887503,6115860.555256358,-5920153.017488155,-1.1988446627892634e-11,-4.6207416641337344e-54,2.3103708320668672e-54,9.696844508915638e-46,1.5892918043680758e-38,9.15051964532617e-74,5.569863601815169e-66,1.6882527243112636e-52,0.0,1.118815753504808
megawatt_2mw,Megawatt Platform (2.4 MW),2400000.0,10.0,inner_coils_tube,Inner Coils + Cu Tube Collimator,ccw_1200,CCW (-1200 RPM),-1200.0,25.0,0.9667543306061372,1.3051183463182854,677735.023965577,7.540819124047997e-12,352422.2124621001,20444679.844437633,-19790450.08941563,-4.007611863039264e-11,-1.5446654336465374e-53,7.723327168232687e-54,3.24155332998372e-45,1.6639801323040022e-38,1.0030780874420157e-73,6.468491699495974e-63,1.801932196280591e-51,0.0,1.1244898461935557
megawatt_2mw,Megawatt Platform (2.4 MW),2400000.0,10.0,inner_coils_tube,Inner Coils + Cu Tube Collimator,ccw_1200,CCW (-1200 RPM),-1200.0,50.0,0.9942251969460818,1.3422040158772106,716798.6984955374,7.975461120602204e-12,372735.32321767946,43246163.72310828,-41862286.48396881,-8.477209723331536e-11,-3.2673954666538176e-53,1.6336977333269088e-53,6.856783627443435e-45,1.7598895600510112e-38,1.1220424816724577e-73,4.630816329086458e-61,7.623171932378906e-51,0.0,1.1209847214410396
megawatt_2mw,Megawatt Platform (2.4 MW),2400000.0,10.0,inner_coils_tube,Inner Coils + Cu Tube Collimator,ccw_1200,CCW (-1200 RPM),-1200.0,100.0,1.0270386782480938,1.3865022156349267,764894.0386035087,8.510593949272726e-12,397744.90007382457,92295739.07903923,-89342275.42850997,-1.809201717295508e-10,-6.973258515810882e-53,3.486629257905441e-53,1.4633712175070632e-44,1.8779736011085276e-38,1.277666289020842e-73,3.3747815497335427e-59,3.2538668268034056e-50,0.0,1.1054107572533687
megawatt_2mw,Megawatt Platform (2.4 MW),2400000.0,10.0,inner_coils_tube,Inner Coils + Cu Tube Collimator,ccw_1200,CCW (-1200 RPM),-1200.0,120.0,1.1846324643853363,1.5992538269202041,1017641.8002495911,1.1322792060902128e-11,529173.7361297874,147352177.94594583,-142636908.25167555,-2.8884303441000576e-10,-1.1132960632179415e-52,5.5664803160897075e-53,2.3363043429168105e-44,2.498521807991148e-38,2.2615425280789837e-73,1.7836944674498332e-58,6.233843968875e-50,0.0,1.1122058450180108
megawatt_2mw,Megawatt Platform (2.4 MW),2400000.0,10.0,inner_coils_tube,Inner Coils + Cu Tube Collimator,ccw_1200,CCW (-1200 RPM),-1200.0,200.0,0.9839669530463485,1.3283553866125706,702083.3967480031,7.811731307459805e-12,365083.3663089616,169433418.8202801,-164011549.41803113,-3.32127176569212e-10,-1.2801273844718523e-52,6.4006369223592615e-53,2.6864077460074926e-44,1.723760440435084e-38,1.0764461016817853e-73,1.8197029252875416e-57,1.1946678933456663e-49,0.0,1.1095597888911064
megawatt_2mw,Megawatt Platform (2.4 MW),2400000.0,10.0,inner_coils_tube,Inner Coils + Cu Tube Collimator,ccw_1200,CCW (-1200 RPM),-1200.0,500.0,0.5789357045468402,0.7815632011382343,243045.92635520597,2.7042506358272355e-12,126383.8817047071,146635365.62462643,-141943033.9246384,-2.8743792286785864e-10,-1.1078803011537817e-52,5.539401505768909e-53,2.324939110568707e-44,5.967281878485676e-39,1.2900055434357037e-74,5.3240218910873155e-56,2.584799453401311e-49,0.0,1.1136764824990222
megawatt_2mw,Megawatt Platform (2.4 MW),2400000.0,10.0,inner_coils_tube,Inner Coils + Cu Tube Collimator,ccw_1200,CCW (-1200 RPM),-1200.0,1000.0,0.29001799756341423,0.39152429671060923,60992.66034064849,6.786348694688185e-13,31716.183377137215,73596634.04685596,-71241541.75735657,-1.4426576788199756e-10,-5.560477224877734e-53,2.780238612438867e-53,1.1668923944293801e-44,1.4974963877381102e-39,8.124002287001649e-76,2.1458445968060625e-55,2.5946338204342943e-49,0.0,1.1123762514629607
megawatt_2mw,Megawatt Platform (2.4 MW),2400000.0,10.0,inner_coils_tube,Inner Coils + Cu Tube Collimator,static_0,Static (0 RPM),0.0,7.83,0.9448086915555712,1.2754917336000213,647314.6513055289,7.2023468305942525e-12,336603.61867887503,6115860.555256358,5920153.017488155,1.1988446627892634e-11,4.6207416641337344e-54,-2.3103708320668672e-54,-9.696844508915638e-46,1.5892918043680758e-38,9.15051964532617e-74,5.569863601815169e-66,1.6882527243112636e-52,0.0,1.118815753504808
megawatt_2mw,Megawatt Platform (2.4 MW),2400000.0,10.0,inner_coils_tube,Inner Coils + Cu Tube Collimator,static_0,Static (0 RPM),0.0,25.0,0.9667543306061372,1.3051183463182854,677735.023965577,7.540819124047997e-12,352422.2124621001,20444679.844437633,19790450.08941563,4.007611863039264e-11,1.5446654336465374e-53,-7.723327168232687e-54,-3.24155332998372e-45,1.6639801323040022e-38,1.0030780874420157e-73,6.468491699495974e-63,1.801932196280591e-51,0.0,1.1244898461935557
megawatt_2mw,Megawatt Platform (2.4 MW),2400000.0,10.0,inner_coils_tube,Inner Coils + Cu Tube Collimator,static_0,Static (0 RPM),0.0,50.0,0.9942251969460818,1.3422040158772106,716798.6984955374,7.975461120602204e-12,372735.32321767946,43246163.72310828,41862286.48396881,8.477209723331536e-11,3.2673954666538176e-53,-1.6336977333269088e-53,-6.856783627443435e-45,1.7598895600510112e-38,1.1220424816724577e-73,4.630816329086458e-61,7.623171932378906e-51,0.0,1.1209847214410396
megawatt_2mw,Megawatt Platform (2.4 MW),2400000.0,10.0,inner_coils_tube,Inner Coils + Cu Tube Collimator,static_0,Static (0 RPM),0.0,100.0,1.0270386782480938,1.3865022156349267,764894.0386035087,8.510593949272726e-12,397744.90007382457,92295739.07903923,89342275.42850997,1.809201717295508e-10,6.973258515810882e-53,-3.486629257905441e-53,-1.4633712175070632e-44,1.8779736011085276e-38,1.277666289020842e-73,3.3747815497335427e-59,3.2538668268034056e-50,0.0,1.1054107572533687
megawatt_2mw,Megawatt Platform (2.4 MW),2400000.0,10.0,inner_coils_tube,Inner Coils + Cu Tube Collimator,static_0,Static (0 RPM),0.0,120.0,1.1846324643853363,1.5992538269202041,1017641.8002495911,1.1322792060902128e-11,529173.7361297874,147352177.94594583,142636908.25167555,2.8884303441000576e-10,1.1132960632179415e-52,-5.5664803160897075e-53,-2.3363043429168105e-44,2.498521807991148e-38,2.2615425280789837e-73,1.7836944674498332e-58,6.233843968875e-50,0.0,1.1122058450180108
megawatt_2mw,Megawatt Platform (2.4 MW),2400000.0,10.0,inner_coils_tube,Inner Coils + Cu Tube Collimator,static_0,Static (0 RPM),0.0,200.0,0.9839669530463485,1.3283553866125706,702083.3967480031,7.811731307459805e-12,365083.3663089616,169433418.8202801,164011549.41803113,3.32127176569212e-10,1.2801273844718523e-52,-6.4006369223592615e-53,-2.6864077460074926e-44,1.723760440435084e-38,1.0764461016817853e-73,1.8197029252875416e-57,1.1946678933456663e-49,0.0,1.1095597888911064
megawatt_2mw,Megawatt Platform (2.4 MW),2400000.0,10.0,inner_coils_tube,Inner Coils + Cu Tube Collimator,static_0,Static (0 RPM),0.0,500.0,0.5789357045468402,0.7815632011382343,243045.92635520597,2.7042506358272355e-12,126383.8817047071,146635365.62462643,141943033.9246384,2.8743792286785864e-10,1.1078803011537817e-52,-5.539401505768909e-53,-2.324939110568707e-44,5.967281878485676e-39,1.2900055434357037e-74,5.3240218910873155e-56,2.584799453401311e-49,0.0,1.1136764824990222
megawatt_2mw,Megawatt Platform (2.4 MW),2400000.0,10.0,inner_coils_tube,Inner Coils + Cu Tube Collimator,static_0,Static (0 RPM),0.0,1000.0,0.29001799756341423,0.39152429671060923,60992.66034064849,6.786348694688185e-13,31716.183377137215,73596634.04685596,71241541.75735657,1.4426576788199756e-10,5.560477224877734e-53,-2.780238612438867e-53,-1.1668923944293801e-44,1.4974963877381102e-39,8.124002287001649e-76,2.1458445968060625e-55,2.5946338204342943e-49,0.0,1.1123762514629607
megawatt_2mw,Megawatt Platform (2.4 MW),2400000.0,10.0,single_rotor_baseline,Single Rotor Dipole (Baseline),cw_1200,CW (+1200 RPM),1200.0,7.83,0.25767509769697394,0.25767509769697394,26418.310429773683,2.939433458052958e-13,13737.521423482316,454898.7189860101,0.0,0.0,0.0,-0.0,-0.0,6.486243462373544e-40,1.5241403545411254e-76,1.753751648508064e-69,2.995706248805608e-54,0.0,1.123815753504808
megawatt_2mw,Megawatt Platform (2.4 MW),2400000.0,10.0,single_rotor_baseline,Single Rotor Dipole (Baseline),cw_1200,CW (+1200 RPM),1200.0,25.0,0.26366027198349196,0.26366027198349196,27659.831607615026,3.0775713188646505e-13,14383.112435959814,1520678.6661151955,0.0,0.0,0.0,-0.0,-0.0,6.791062676478021e-40,1.6707595317903447e-76,2.0366976271474858e-66,3.1974238587555276e-53,0.0,1.1294898461935556
megawatt_2mw,Megawatt Platform (2.4 MW),2400000.0,10.0,single_rotor_baseline,Single Rotor Dipole (Baseline),cw_1200,CW (+1200 RPM),1200.0,50.0,0.2711523264398405,0.2711523264398405,29254.104621796992,3.254958114724084e-13,15212.134403334436,3216656.8058510297,0.0,0.0,0.0,-0.0,-0.0,7.1824897869650755e-40,1.8689105013835626e-76,1.4580791113857322e-64,1.3526875132314566e-52,0.0,1.1259847214410394
megawatt_2mw,Megawatt Platform (2.4 MW),2400000.0,10.0,single_rotor_baseline,Single Rotor Dipole (Baseline),cw_1200,CW (+1200 RPM),1200.0,100.0,0.28010145770402556,0.28010145770402556,31216.97943490232,3.4733573918068724e-13,16232.829306149208,6864972.328193,0.0,0.0,0.0,-0.0,-0.0,7.664416288578646e-40,2.128122583430612e-76,1.0625984995887255e-62,5.773797397433616e-52,0.0,1.1104107572533686
megawatt_2mw,Megawatt Platform (2.4 MW),2400000.0,10.0,single_rotor_baseline,Single Rotor Dipole (Baseline),cw_1200,CW (+1200 RPM),1200.0,120.0,0.32308158119600083,0.32308158119600083,41532.162034484114,4.621076241569671e-13,21596.72425793174,10960079.351351345,0.0,0.0,0.0,-0.0,-0.0,1.0197007684897548e-39,3.7668988911674784e-76,5.616218522312826e-62,1.1061593482257234e-51,0.0,1.1172058450180107
megawatt_2mw,Megawatt Platform (2.4 MW),2400000.0,10.0,single_rotor_baseline,Single Rotor Dipole (Baseline),cw_1200,CW (+1200 RPM),1200.0,200.0,0.26835462355809503,0.26835462355809503,28653.541342666456,3.1881364381052506e-13,14899.841498186557,12602485.697376203,0.0,0.0,0.0,-0.0,-0.0,7.035039038615479e-40,1.7929636858414617e-76,5.729596329763161e-61,2.1198686794991224e-51,0.0,1.1145597888911063
megawatt_2mw,Megawatt Platform (2.4 MW),2400000.0,10.0,single_rotor_baseline,Single Rotor Dipole (Baseline),cw_1200,CW (+1200 RPM),1200.0,500.0,0.15789155578550187,0.15789155578550187,9919.229725810897,1.1036631510432214e-13,5157.999457421667,10906762.732410232,0.0,0.0,0.0,-0.0,-0.0,2.435376748708052e-40,2.1486752474874294e-77,1.6763448507532388e-59,4.5865762649188484e-51,0.0,1.118676482499022
megawatt_2mw,Megawatt Platform (2.4 MW),2400000.0,10.0,single_rotor_baseline,Single Rotor Dipole (Baseline),cw_1200,CW (+1200 RPM),1200.0,1000.0,0.07909581751729479,0.07909581751729479,2489.2423361750693,2.769655624876231e-14,1294.4060148110361,5474129.805138046,0.0,0.0,0.0,-0.0,-0.0,6.111606520863078e-41,1.353160280130036e-78,6.756500281348181e-59,4.604026777209606e-51,0.0,1.1173762514629606
megawatt_2mw,Megawatt Platform (2.4 MW),2400000.0,10.0,single_rotor_baseline,Single Rotor Dipole (Baseline),ccw_1200,CCW (-1200 RPM),-1200.0,7.83,0.25767509769697394,0.25767509769697394,26418.310429773683,2.939433458052958e-13,13737.521423482316,454898.7189860101,-0.0,-0.0,-0.0,0.0,0.0,6.486243462373544e-40,1.5241403545411254e-76,1.753751648508064e-69,2.995706248805608e-54,0.0,1.123815753504808
megawatt_2mw,Megawatt Platform (2.4 MW),2400000.0,10.0,single_rotor_baseline,Single Rotor Dipole (Baseline),ccw_1200,CCW (-1200 RPM),-1200.0,25.0,0.26366027198349196,0.26366027198349196,27659.831607615026,3.0775713188646505e-13,14383.112435959814,1520678.6661151955,-0.0,-0.0,-0.0,0.0,0.0,6.791062676478021e-40,1.6707595317903447e-76,2.0366976271474858e-66,3.1974238587555276e-53,0.0,1.1294898461935556
megawatt_2mw,Megawatt Platform (2.4 MW),2400000.0,10.0,single_rotor_baseline,Single Rotor Dipole (Baseline),ccw_1200,CCW (-1200 RPM),-1200.0,50.0,0.2711523264398405,0.2711523264398405,29254.104621796992,3.254958114724084e-13,15212.134403334436,3216656.8058510297,-0.0,-0.0,-0.0,0.0,0.0,7.1824897869650755e-40,1.8689105013835626e-76,1.4580791113857322e-64,1.3526875132314566e-52,0.0,1.1259847214410394
megawatt_2mw,Megawatt Platform (2.4 MW),2400000.0,10.0,single_rotor_baseline,Single Rotor Dipole (Baseline),ccw_1200,CCW (-1200 RPM),-1200.0,100.0,0.28010145770402556,0.28010145770402556,31216.97943490232,3.4733573918068724e-13,16232.829306149208,6864972.328193,-0.0,-0.0,-0.0,0.0,0.0,7.664416288578646e-40,2.128122583430612e-76,1.0625984995887255e-62,5.773797397433616e-52,0.0,1.1104107572533686
megawatt_2mw,Megawatt Platform (2.4 MW),2400000.0,10.0,single_rotor_baseline,Single Rotor Dipole (Baseline),ccw_1200,CCW (-1200 RPM),-1200.0,120.0,0.32308158119600083,0.32308158119600083,41532.162034484114,4.621076241569671e-13,21596.72425793174,10960079.351351345,-0.0,-0.0,-0.0,0.0,0.0,1.0197007684897548e-39,3.7668988911674784e-76,5.616218522312826e-62,1.1061593482257234e-51,0.0,1.1172058450180107
megawatt_2mw,Megawatt Platform (2.4 MW),2400000.0,10.0,single_rotor_baseline,Single Rotor Dipole (Baseline),ccw_1200,CCW (-1200 RPM),-1200.0,200.0,0.26835462355809503,0.26835462355809503,28653.541342666456,3.1881364381052506e-13,14899.841498186557,12602485.697376203,-0.0,-0.0,-0.0,0.0,0.0,7.035039038615479e-40,1.7929636858414617e-76,5.729596329763161e-61,2.1198686794991224e-51,0.0,1.1145597888911063
megawatt_2mw,Megawatt Platform (2.4 MW),2400000.0,10.0,single_rotor_baseline,Single Rotor Dipole (Baseline),ccw_1200,CCW (-1200 RPM),-1200.0,500.0,0.15789155578550187,0.15789155578550187,9919.229725810897,1.1036631510432214e-13,5157.999457421667,10906762.732410232,-0.0,-0.0,-0.0,0.0,0.0,2.435376748708052e-40,2.1486752474874294e-77,1.6763448507532388e-59,4.5865762649188484e-51,0.0,1.118676482499022
megawatt_2mw,Megawatt Platform (2.4 MW),2400000.0,10.0,single_rotor_baseline,Single Rotor Dipole (Baseline),ccw_1200,CCW (-1200 RPM),-1200.0,1000.0,0.07909581751729479,0.07909581751729479,2489.2423361750693,2.769655624876231e-14,1294.4060148110361,5474129.805138046,-0.0,-0.0,-0.0,0.0,0.0,6.111606520863078e-41,1.353160280130036e-78,6.756500281348181e-59,4.604026777209606e-51,0.0,1.1173762514629606
megawatt_2mw,Megawatt Platform (2.4 MW),2400000.0,10.0,single_rotor_baseline,Single Rotor Dipole (Baseline),static_0,Static (0 RPM),0.0,7.83,0.25767509769697394,0.25767509769697394,26418.310429773683,2.939433458052958e-13,13737.521423482316,454898.7189860101,0.0,0.0,0.0,-0.0,-0.0,6.486243462373544e-40,1.5241403545411254e-76,1.753751648508064e-69,2.995706248805608e-54,0.0,1.123815753504808
megawatt_2mw,Megawatt Platform (2.4 MW),2400000.0,10.0,single_rotor_baseline,Single Rotor Dipole (Baseline),static_0,Static (0 RPM),0.0,25.0,0.26366027198349196,0.26366027198349196,27659.831607615026,3.0775713188646505e-13,14383.112435959814,1520678.6661151955,0.0,0.0,0.0,-0.0,-0.0,6.791062676478021e-40,1.6707595317903447e-76,2.0366976271474858e-66,3.1974238587555276e-53,0.0,1.1294898461935556
megawatt_2mw,Megawatt Platform (2.4 MW),2400000.0,10.0,single_rotor_baseline,Single Rotor Dipole (Baseline),static_0,Static (0 RPM),0.0,50.0,0.2711523264398405,0.2711523264398405,29254.104621796992,3.254958114724084e-13,15212.134403334436,3216656.8058510297,0.0,0.0,0.0,-0.0,-0.0,7.1824897869650755e-40,1.8689105013835626e-76,1.4580791113857322e-64,1.3526875132314566e-52,0.0,1.1259847214410394
megawatt_2mw,Megawatt Platform (2.4 MW),2400000.0,10.0,single_rotor_baseline,Single Rotor Dipole (Baseline),static_0,Static (0 RPM),0.0,100.0,0.28010145770402556,0.28010145770402556,31216.97943490232,3.4733573918068724e-13,16232.829306149208,6864972.328193,0.0,0.0,0.0,-0.0,-0.0,7.664416288578646e-40,2.128122583430612e-76,1.0625984995887255e-62,5.773797397433616e-52,0.0,1.1104107572533686
megawatt_2mw,Megawatt Platform (2.4 MW),2400000.0,10.0,single_rotor_baseline,Single Rotor Dipole (Baseline),static_0,Static (0 RPM),0.0,120.0,0.32308158119600083,0.32308158119600083,41532.162034484114,4.621076241569671e-13,21596.72425793174,10960079.351351345,0.0,0.0,0.0,-0.0,-0.0,1.0197007684897548e-39,3.7668988911674784e-76,5.616218522312826e-62,1.1061593482257234e-51,0.0,1.1172058450180107
megawatt_2mw,Megawatt Platform (2.4 MW),2400000.0,10.0,single_rotor_baseline,Single Rotor Dipole (Baseline),static_0,Static (0 RPM),0.0,200.0,0.26835462355809503,0.26835462355809503,28653.541342666456,3.1881364381052506e-13,14899.841498186557,12602485.697376203,0.0,0.0,0.0,-0.0,-0.0,7.035039038615479e-40,1.7929636858414617e-76,5.729596329763161e-61,2.1198686794991224e-51,0.0,1.1145597888911063
megawatt_2mw,Megawatt Platform (2.4 MW),2400000.0,10.0,single_rotor_baseline,Single Rotor Dipole (Baseline),static_0,Static (0 RPM),0.0,500.0,0.15789155578550187,0.15789155578550187,9919.229725810897,1.1036631510432214e-13,5157.999457421667,10906762.732410232,0.0,0.0,0.0,-0.0,-0.0,2.435376748708052e-40,2.1486752474874294e-77,1.6763448507532388e-59,4.5865762649188484e-51,0.0,1.118676482499022
megawatt_2mw,Megawatt Platform (2.4 MW),2400000.0,10.0,single_rotor_baseline,Single Rotor Dipole (Baseline),static_0,Static (0 RPM),0.0,1000.0,0.07909581751729479,0.07909581751729479,2489.2423361750693,2.769655624876231e-14,1294.4060148110361,5474129.805138046,0.0,0.0,0.0,-0.0,-0.0,6.111606520863078e-41,1.353160280130036e-78,6.756500281348181e-59,4.604026777209606e-51,0.0,1.1173762514629606
