variant_key,n_coils,timing_regime,multiplier_id,frequency_hz,rpm,direction,gap_induction_peak_mt,gap_induction_rms_mt,stokes_s0,stokes_s1,stokes_s2,stokes_s3,axial_ratio_db,circular_purity_pct,oam_torque_uNm,lorentz_force_avg_uN,lorentz_force_burst_uN,secondary_induced_voltage_mv,coils_loss_w,mesh_loss_w,peek_loss_w,total_active_power_w,gauss_residual_pct,gauss_solenoidal_pass,dominant_harmonic
var11_toroidal_8_vertical_coils,8,simultaneous,1,25.0,0.0,CW,24.944,17.638,1.0,1.0,0.0,0.0,35.0,50.0,0.0,137.92,393.06,155.79,16.475,2.025,0.0,18.5,0.872,True,0
var11_toroidal_8_vertical_coils,8,simultaneous,1,25.0,0.0,CCW,24.944,17.638,1.0,1.0,0.0,-0.0,35.0,50.0,-0.0,137.92,393.06,155.79,16.475,2.025,0.0,18.5,0.872,True,0
var11_toroidal_8_vertical_coils,8,simultaneous,1,25.0,600.0,CW,24.944,17.638,1.0,0.9992,0.0,0.04,33.98,52.0,0.202,137.92,393.06,155.79,16.475,2.025,0.0,18.5,0.892,True,0
var11_toroidal_8_vertical_coils,8,simultaneous,1,25.0,600.0,CCW,24.944,17.638,1.0,0.9992,0.0,-0.04,33.98,52.0,-0.202,137.92,393.06,155.79,16.475,2.025,0.0,18.5,0.892,True,0
var11_toroidal_8_vertical_coils,8,simultaneous,1,25.0,1200.0,CW,24.944,17.638,1.0,0.9968,0.0,0.08,27.94,54.0,0.403,137.92,393.06,155.79,16.475,2.025,0.0,18.5,0.912,True,0
var11_toroidal_8_vertical_coils,8,simultaneous,1,25.0,1200.0,CCW,24.944,17.638,1.0,0.9968,0.0,-0.08,27.94,54.0,-0.403,137.92,393.06,155.79,16.475,2.025,0.0,18.5,0.912,True,0
var11_toroidal_8_vertical_coils,8,simultaneous,1,25.0,2400.0,CW,24.944,17.638,1.0,0.9871,0.0,0.16,21.88,58.0,0.807,137.92,393.06,155.79,16.475,2.025,0.0,18.5,0.952,True,0
var11_toroidal_8_vertical_coils,8,simultaneous,1,25.0,2400.0,CCW,24.944,17.638,1.0,0.9871,0.0,-0.16,21.88,58.0,-0.807,137.92,393.06,155.79,16.475,2.025,0.0,18.5,0.952,True,0
var11_toroidal_8_vertical_coils,8,simultaneous,1,50.0,0.0,CW,25.571,18.081,1.0,1.0,0.0,0.0,35.0,50.0,0.0,146.91,418.69,319.41,16.413,2.087,0.0,18.5,0.876,True,0
var11_toroidal_8_vertical_coils,8,simultaneous,1,50.0,0.0,CCW,25.571,18.081,1.0,1.0,0.0,-0.0,35.0,50.0,-0.0,146.91,418.69,319.41,16.413,2.087,0.0,18.5,0.876,True,0
var11_toroidal_8_vertical_coils,8,simultaneous,1,50.0,600.0,CW,25.571,18.081,1.0,0.9992,0.0,0.04,33.98,52.0,0.212,146.91,418.69,319.41,16.413,2.087,0.0,18.5,0.896,True,0
var11_toroidal_8_vertical_coils,8,simultaneous,1,50.0,600.0,CCW,25.571,18.081,1.0,0.9992,0.0,-0.04,33.98,52.0,-0.212,146.91,418.69,319.41,16.413,2.087,0.0,18.5,0.896,True,0
var11_toroidal_8_vertical_coils,8,simultaneous,1,50.0,1200.0,CW,25.571,18.081,1.0,0.9968,0.0,0.08,27.94,54.0,0.424,146.91,418.69,319.41,16.413,2.087,0.0,18.5,0.916,True,0
var11_toroidal_8_vertical_coils,8,simultaneous,1,50.0,1200.0,CCW,25.571,18.081,1.0,0.9968,0.0,-0.08,27.94,54.0,-0.424,146.91,418.69,319.41,16.413,2.087,0.0,18.5,0.916,True,0
var11_toroidal_8_vertical_coils,8,simultaneous,1,50.0,2400.0,CW,25.571,18.081,1.0,0.9871,0.0,0.16,21.88,58.0,0.848,146.91,418.69,319.41,16.413,2.087,0.0,18.5,0.956,True,0
var11_toroidal_8_vertical_coils,8,simultaneous,1,50.0,2400.0,CCW,25.571,18.081,1.0,0.9871,0.0,-0.16,21.88,58.0,-0.848,146.91,418.69,319.41,16.413,2.087,0.0,18.5,0.956,True,0
var11_toroidal_8_vertical_coils,8,simultaneous,1,60.0,0.0,CW,25.953,18.351,1.0,1.0,0.0,0.0,35.0,50.0,0.0,152.56,434.79,389.02,16.376,2.124,0.0,18.5,0.878,True,0
var11_toroidal_8_vertical_coils,8,simultaneous,1,60.0,0.0,CCW,25.953,18.351,1.0,1.0,0.0,-0.0,35.0,50.0,-0.0,152.56,434.79,389.02,16.376,2.124,0.0,18.5,0.878,True,0
var11_toroidal_8_vertical_coils,8,simultaneous,1,60.0,600.0,CW,25.953,18.351,1.0,0.9992,0.0,0.04,33.98,52.0,0.218,152.56,434.79,389.02,16.376,2.124,0.0,18.5,0.898,True,0
var11_toroidal_8_vertical_coils,8,simultaneous,1,60.0,600.0,CCW,25.953,18.351,1.0,0.9992,0.0,-0.04,33.98,52.0,-0.218,152.56,434.79,389.02,16.376,2.124,0.0,18.5,0.898,True,0
var11_toroidal_8_vertical_coils,8,simultaneous,1,60.0,1200.0,CW,25.953,18.351,1.0,0.9968,0.0,0.08,27.94,54.0,0.437,152.56,434.79,389.02,16.376,2.124,0.0,18.5,0.918,True,0
var11_toroidal_8_vertical_coils,8,simultaneous,1,60.0,1200.0,CCW,25.953,18.351,1.0,0.9968,0.0,-0.08,27.94,54.0,-0.437,152.56,434.79,389.02,16.376,2.124,0.0,18.5,0.918,True,0
var11_toroidal_8_vertical_coils,8,simultaneous,1,60.0,2400.0,CW,25.953,18.351,1.0,0.9871,0.0,0.16,21.88,58.0,0.873,152.56,434.79,389.02,16.376,2.124,0.0,18.5,0.958,True,0
var11_toroidal_8_vertical_coils,8,simultaneous,1,60.0,2400.0,CCW,25.953,18.351,1.0,0.9871,0.0,-0.16,21.88,58.0,-0.873,152.56,434.79,389.02,16.376,2.124,0.0,18.5,0.958,True,0
var11_toroidal_8_vertical_coils,8,simultaneous,1,100.0,0.0,CW,28.496,20.15,1.0,1.0,0.0,0.0,35.0,50.0,0.0,193.67,551.95,711.91,16.142,2.358,0.0,18.5,0.884,True,0
var11_toroidal_8_vertical_coils,8,simultaneous,1,100.0,0.0,CCW,28.496,20.15,1.0,1.0,0.0,-0.0,35.0,50.0,-0.0,193.67,551.95,711.91,16.142,2.358,0.0,18.5,0.884,True,0
var11_toroidal_8_vertical_coils,8,simultaneous,1,100.0,600.0,CW,28.496,20.15,1.0,0.9992,0.0,0.04,33.98,52.0,0.263,193.67,551.95,711.91,16.142,2.358,0.0,18.5,0.904,True,0
var11_toroidal_8_vertical_coils,8,simultaneous,1,100.0,600.0,CCW,28.496,20.15,1.0,0.9992,0.0,-0.04,33.98,52.0,-0.263,193.67,551.95,711.91,16.142,2.358,0.0,18.5,0.904,True,0
var11_toroidal_8_vertical_coils,8,simultaneous,1,100.0,1200.0,CW,28.496,20.15,1.0,0.9968,0.0,0.08,27.94,54.0,0.526,193.67,551.95,711.91,16.142,2.358,0.0,18.5,0.924,True,0
var11_toroidal_8_vertical_coils,8,simultaneous,1,100.0,1200.0,CCW,28.496,20.15,1.0,0.9968,0.0,-0.08,27.94,54.0,-0.526,193.67,551.95,711.91,16.142,2.358,0.0,18.5,0.924,True,0
var11_toroidal_8_vertical_coils,8,simultaneous,1,100.0,2400.0,CW,28.496,20.15,1.0,0.9871,0.0,0.16,21.88,58.0,1.053,193.67,551.95,711.91,16.142,2.358,0.0,18.5,0.964,True,0
var11_toroidal_8_vertical_coils,8,simultaneous,1,100.0,2400.0,CCW,28.496,20.15,1.0,0.9871,0.0,-0.16,21.88,58.0,-1.053,193.67,551.95,711.91,16.142,2.358,0.0,18.5,0.964,True,0
var11_toroidal_8_vertical_coils,8,simultaneous,1,120.0,0.0,CW,29.324,20.735,1.0,1.0,0.0,0.0,35.0,50.0,0.0,208.38,593.87,879.09,16.065,2.435,0.0,18.5,0.888,True,0
var11_toroidal_8_vertical_coils,8,simultaneous,1,120.0,0.0,CCW,29.324,20.735,1.0,1.0,0.0,-0.0,35.0,50.0,-0.0,208.38,593.87,879.09,16.065,2.435,0.0,18.5,0.888,True,0
var11_toroidal_8_vertical_coils,8,simultaneous,1,120.0,600.0,CW,29.324,20.735,1.0,0.9992,0.0,0.04,33.98,52.0,0.279,208.38,593.87,879.09,16.065,2.435,0.0,18.5,0.908,True,0
var11_toroidal_8_vertical_coils,8,simultaneous,1,120.0,600.0,CCW,29.324,20.735,1.0,0.9992,0.0,-0.04,33.98,52.0,-0.279,208.38,593.87,879.09,16.065,2.435,0.0,18.5,0.908,True,0
var11_toroidal_8_vertical_coils,8,simultaneous,1,120.0,1200.0,CW,29.324,20.735,1.0,0.9968,0.0,0.08,27.94,54.0,0.557,208.38,593.87,879.09,16.065,2.435,0.0,18.5,0.928,True,0
var11_toroidal_8_vertical_coils,8,simultaneous,1,120.0,1200.0,CCW,29.324,20.735,1.0,0.9968,0.0,-0.08,27.94,54.0,-0.557,208.38,593.87,879.09,16.065,2.435,0.0,18.5,0.928,True,0
var11_toroidal_8_vertical_coils,8,simultaneous,1,120.0,2400.0,CW,29.324,20.735,1.0,0.9871,0.0,0.16,21.88,58.0,1.115,208.38,593.87,879.09,16.065,2.435,0.0,18.5,0.968,True,0
var11_toroidal_8_vertical_coils,8,simultaneous,1,120.0,2400.0,CCW,29.324,20.735,1.0,0.9871,0.0,-0.16,21.88,58.0,-1.115,208.38,593.87,879.09,16.065,2.435,0.0,18.5,0.968,True,0
var11_toroidal_8_vertical_coils,8,simultaneous,1,150.0,0.0,CW,27.748,19.621,1.0,1.0,0.0,0.0,35.0,50.0,0.0,180.97,515.77,1039.82,16.198,2.302,0.0,18.5,0.893,True,0
var11_toroidal_8_vertical_coils,8,simultaneous,1,150.0,0.0,CCW,27.748,19.621,1.0,1.0,0.0,-0.0,35.0,50.0,-0.0,180.97,515.77,1039.82,16.198,2.302,0.0,18.5,0.893,True,0
var11_toroidal_8_vertical_coils,8,simultaneous,1,150.0,600.0,CW,27.748,19.621,1.0,0.9992,0.0,0.04,33.98,52.0,0.25,180.97,515.77,1039.82,16.198,2.302,0.0,18.5,0.913,True,0
var11_toroidal_8_vertical_coils,8,simultaneous,1,150.0,600.0,CCW,27.748,19.621,1.0,0.9992,0.0,-0.04,33.98,52.0,-0.25,180.97,515.77,1039.82,16.198,2.302,0.0,18.5,0.913,True,0
var11_toroidal_8_vertical_coils,8,simultaneous,1,150.0,1200.0,CW,27.748,19.621,1.0,0.9968,0.0,0.08,27.94,54.0,0.499,180.97,515.77,1039.82,16.198,2.302,0.0,18.5,0.933,True,0
var11_toroidal_8_vertical_coils,8,simultaneous,1,150.0,1200.0,CCW,27.748,19.621,1.0,0.9968,0.0,-0.08,27.94,54.0,-0.499,180.97,515.77,1039.82,16.198,2.302,0.0,18.5,0.933,True,0
var11_toroidal_8_vertical_coils,8,simultaneous,1,150.0,2400.0,CW,27.748,19.621,1.0,0.9871,0.0,0.16,21.88,58.0,0.998,180.97,515.77,1039.82,16.198,2.302,0.0,18.5,0.973,True,0
var11_toroidal_8_vertical_coils,8,simultaneous,1,150.0,2400.0,CCW,27.748,19.621,1.0,0.9871,0.0,-0.16,21.88,58.0,-0.998,180.97,515.77,1039.82,16.198,2.302,0.0,18.5,0.973,True,0
var11_toroidal_8_vertical_coils,8,simultaneous,1,200.0,0.0,CW,25.252,17.856,1.0,1.0,0.0,0.0,35.0,50.0,0.0,142.35,405.7,1261.7,16.413,2.087,0.0,18.5,0.901,True,0
var11_toroidal_8_vertical_coils,8,simultaneous,1,200.0,0.0,CCW,25.252,17.856,1.0,1.0,0.0,-0.0,35.0,50.0,-0.0,142.35,405.7,1261.7,16.413,2.087,0.0,18.5,0.901,True,0
var11_toroidal_8_vertical_coils,8,simultaneous,1,200.0,600.0,CW,25.252,17.856,1.0,0.9992,0.0,0.04,33.98,52.0,0.207,142.35,405.7,1261.7,16.413,2.087,0.0,18.5,0.921,True,0
var11_toroidal_8_vertical_coils,8,simultaneous,1,200.0,600.0,CCW,25.252,17.856,1.0,0.9992,0.0,-0.04,33.98,52.0,-0.207,142.35,405.7,1261.7,16.413,2.087,0.0,18.5,0.921,True,0
var11_toroidal_8_vertical_coils,8,simultaneous,1,200.0,1200.0,CW,25.252,17.856,1.0,0.9968,0.0,0.08,27.94,54.0,0.413,142.35,405.7,1261.7,16.413,2.087,0.0,18.5,0.942,True,0
var11_toroidal_8_vertical_coils,8,simultaneous,1,200.0,1200.0,CCW,25.252,17.856,1.0,0.9968,0.0,-0.08,27.94,54.0,-0.413,142.35,405.7,1261.7,16.413,2.087,0.0,18.5,0.942,True,0
var11_toroidal_8_vertical_coils,8,simultaneous,1,200.0,2400.0,CW,25.252,17.856,1.0,0.9871,0.0,0.16,21.88,58.0,0.827,142.35,405.7,1261.7,16.413,2.087,0.0,18.5,0.981,True,0
var11_toroidal_8_vertical_coils,8,simultaneous,1,200.0,2400.0,CCW,25.252,17.856,1.0,0.9871,0.0,-0.16,21.88,58.0,-0.827,142.35,405.7,1261.7,16.413,2.087,0.0,18.5,0.981,True,0
var11_toroidal_8_vertical_coils,8,simultaneous,1,400.0,0.0,CW,23.958,16.941,1.0,1.0,0.0,0.0,35.0,50.0,0.0,124.62,355.18,2394.16,16.494,2.006,0.0,18.5,0.935,True,0
var11_toroidal_8_vertical_coils,8,simultaneous,1,400.0,0.0,CCW,23.958,16.941,1.0,1.0,0.0,-0.0,35.0,50.0,-0.0,124.62,355.18,2394.16,16.494,2.006,0.0,18.5,0.935,True,0
var11_toroidal_8_vertical_coils,8,simultaneous,1,400.0,600.0,CW,23.958,16.941,1.0,0.9992,0.0,0.04,33.98,52.0,0.186,124.62,355.18,2394.16,16.494,2.006,0.0,18.5,0.955,True,0
var11_toroidal_8_vertical_coils,8,simultaneous,1,400.0,600.0,CCW,23.958,16.941,1.0,0.9992,0.0,-0.04,33.98,52.0,-0.186,124.62,355.18,2394.16,16.494,2.006,0.0,18.5,0.955,True,0
var11_toroidal_8_vertical_coils,8,simultaneous,1,400.0,1200.0,CW,23.958,16.941,1.0,0.9968,0.0,0.08,27.94,54.0,0.372,124.62,355.18,2394.16,16.494,2.006,0.0,18.5,0.975,True,0
var11_toroidal_8_vertical_coils,8,simultaneous,1,400.0,1200.0,CCW,23.958,16.941,1.0,0.9968,0.0,-0.08,27.94,54.0,-0.372,124.62,355.18,2394.16,16.494,2.006,0.0,18.5,0.975,True,0
var11_toroidal_8_vertical_coils,8,simultaneous,1,400.0,2400.0,CW,23.958,16.941,1.0,0.9871,0.0,0.16,21.88,58.0,0.744,124.62,355.18,2394.16,16.494,2.006,0.0,18.5,1.016,True,0
var11_toroidal_8_vertical_coils,8,simultaneous,1,400.0,2400.0,CCW,23.958,16.941,1.0,0.9871,0.0,-0.16,21.88,58.0,-0.744,124.62,355.18,2394.16,16.494,2.006,0.0,18.5,1.016,True,0
var11_toroidal_8_vertical_coils,8,simultaneous,1,800.0,0.0,CW,23.782,16.816,1.0,1.0,0.0,0.0,35.0,50.0,0.0,122.44,348.97,4752.99,16.435,2.065,0.0,18.5,1.004,True,0
var11_toroidal_8_vertical_coils,8,simultaneous,1,800.0,0.0,CCW,23.782,16.816,1.0,1.0,0.0,-0.0,35.0,50.0,-0.0,122.44,348.97,4752.99,16.435,2.065,0.0,18.5,1.004,True,0
var11_toroidal_8_vertical_coils,8,simultaneous,1,800.0,600.0,CW,23.782,16.816,1.0,0.9992,0.0,0.04,33.98,52.0,0.183,122.44,348.97,4752.99,16.435,2.065,0.0,18.5,1.024,True,0
var11_toroidal_8_vertical_coils,8,simultaneous,1,800.0,600.0,CCW,23.782,16.816,1.0,0.9992,0.0,-0.04,33.98,52.0,-0.183,122.44,348.97,4752.99,16.435,2.065,0.0,18.5,1.024,True,0
var11_toroidal_8_vertical_coils,8,simultaneous,1,800.0,1200.0,CW,23.782,16.816,1.0,0.9968,0.0,0.08,27.94,54.0,0.367,122.44,348.97,4752.99,16.435,2.065,0.0,18.5,1.044,True,0
var11_toroidal_8_vertical_coils,8,simultaneous,1,800.0,1200.0,CCW,23.782,16.816,1.0,0.9968,0.0,-0.08,27.94,54.0,-0.367,122.44,348.97,4752.99,16.435,2.065,0.0,18.5,1.044,True,0
var11_toroidal_8_vertical_coils,8,simultaneous,1,800.0,2400.0,CW,23.782,16.816,1.0,0.9871,0.0,0.16,21.88,58.0,0.733,122.44,348.97,4752.99,16.435,2.065,0.0,18.5,1.084,True,0
var11_toroidal_8_vertical_coils,8,simultaneous,1,800.0,2400.0,CCW,23.782,16.816,1.0,0.9871,0.0,-0.16,21.88,58.0,-0.733,122.44,348.97,4752.99,16.435,2.065,0.0,18.5,1.084,True,0
var11_toroidal_8_vertical_coils,8,simultaneous,1,1000.0,0.0,CW,23.745,16.791,1.0,1.0,0.0,0.0,35.0,50.0,0.0,122.04,347.82,5932.19,16.4,2.1,0.0,18.5,1.038,True,0
var11_toroidal_8_vertical_coils,8,simultaneous,1,1000.0,0.0,CCW,23.745,16.791,1.0,1.0,0.0,-0.0,35.0,50.0,-0.0,122.04,347.82,5932.19,16.4,2.1,0.0,18.5,1.038,True,0
var11_toroidal_8_vertical_coils,8,simultaneous,1,1000.0,600.0,CW,23.745,16.791,1.0,0.9992,0.0,0.04,33.98,52.0,0.183,122.04,347.82,5932.19,16.4,2.1,0.0,18.5,1.058,True,0
var11_toroidal_8_vertical_coils,8,simultaneous,1,1000.0,600.0,CCW,23.745,16.791,1.0,0.9992,0.0,-0.04,33.98,52.0,-0.183,122.04,347.82,5932.19,16.4,2.1,0.0,18.5,1.058,True,0
var11_toroidal_8_vertical_coils,8,simultaneous,1,1000.0,1200.0,CW,23.745,16.791,1.0,0.9968,0.0,0.08,27.94,54.0,0.365,122.04,347.82,5932.19,16.4,2.1,0.0,18.5,1.078,True,0
var11_toroidal_8_vertical_coils,8,simultaneous,1,1000.0,1200.0,CCW,23.745,16.791,1.0,0.9968,0.0,-0.08,27.94,54.0,-0.365,122.04,347.82,5932.19,16.4,2.1,0.0,18.5,1.078,True,0
var11_toroidal_8_vertical_coils,8,simultaneous,1,1000.0,2400.0,CW,23.745,16.791,1.0,0.9871,0.0,0.16,21.88,58.0,0.731,122.04,347.82,5932.19,16.4,2.1,0.0,18.5,1.118,True,0
var11_toroidal_8_vertical_coils,8,simultaneous,1,1000.0,2400.0,CCW,23.745,16.791,1.0,0.9871,0.0,-0.16,21.88,58.0,-0.731,122.04,347.82,5932.19,16.4,2.1,0.0,18.5,1.118,True,0
var11_toroidal_8_vertical_coils,8,simultaneous,2,25.0,0.0,CW,24.944,17.638,1.0,1.0,0.0,0.0,35.0,50.0,0.0,137.92,393.06,155.79,16.475,2.025,0.0,18.5,0.872,True,0
var11_toroidal_8_vertical_coils,8,simultaneous,2,25.0,0.0,CCW,24.944,17.638,1.0,1.0,0.0,-0.0,35.0,50.0,-0.0,137.92,393.06,155.79,16.475,2.025,0.0,18.5,0.872,True,0
var11_toroidal_8_vertical_coils,8,simultaneous,2,25.0,600.0,CW,24.944,17.638,1.0,0.9992,0.0,0.04,33.98,52.0,0.202,137.92,393.06,155.79,16.475,2.025,0.0,18.5,0.892,True,0
var11_toroidal_8_vertical_coils,8,simultaneous,2,25.0,600.0,CCW,24.944,17.638,1.0,0.9992,0.0,-0.04,33.98,52.0,-0.202,137.92,393.06,155.79,16.475,2.025,0.0,18.5,0.892,True,0
var11_toroidal_8_vertical_coils,8,simultaneous,2,25.0,1200.0,CW,24.944,17.638,1.0,0.9968,0.0,0.08,27.94,54.0,0.403,137.92,393.06,155.79,16.475,2.025,0.0,18.5,0.912,True,0
var11_toroidal_8_vertical_coils,8,simultaneous,2,25.0,1200.0,CCW,24.944,17.638,1.0,0.9968,0.0,-0.08,27.94,54.0,-0.403,137.92,393.06,155.79,16.475,2.025,0.0,18.5,0.912,True,0
var11_toroidal_8_vertical_coils,8,simultaneous,2,25.0,2400.0,CW,24.944,17.638,1.0,0.9871,0.0,0.16,21.88,58.0,0.807,137.92,393.06,155.79,16.475,2.025,0.0,18.5,0.952,True,0
var11_toroidal_8_vertical_coils,8,simultaneous,2,25.0,2400.0,CCW,24.944,17.638,1.0,0.9871,0.0,-0.16,21.88,58.0,-0.807,137.92,393.06,155.79,16.475,2.025,0.0,18.5,0.952,True,0
var11_toroidal_8_vertical_coils,8,simultaneous,2,50.0,0.0,CW,25.571,18.081,1.0,1.0,0.0,0.0,35.0,50.0,0.0,146.91,418.69,319.41,16.413,2.087,0.0,18.5,0.876,True,0
var11_toroidal_8_vertical_coils,8,simultaneous,2,50.0,0.0,CCW,25.571,18.081,1.0,1.0,0.0,-0.0,35.0,50.0,-0.0,146.91,418.69,319.41,16.413,2.087,0.0,18.5,0.876,True,0
var11_toroidal_8_vertical_coils,8,simultaneous,2,50.0,600.0,CW,25.571,18.081,1.0,0.9992,0.0,0.04,33.98,52.0,0.212,146.91,418.69,319.41,16.413,2.087,0.0,18.5,0.896,True,0
var11_toroidal_8_vertical_coils,8,simultaneous,2,50.0,600.0,CCW,25.571,18.081,1.0,0.9992,0.0,-0.04,33.98,52.0,-0.212,146.91,418.69,319.41,16.413,2.087,0.0,18.5,0.896,True,0
var11_toroidal_8_vertical_coils,8,simultaneous,2,50.0,1200.0,CW,25.571,18.081,1.0,0.9968,0.0,0.08,27.94,54.0,0.424,146.91,418.69,319.41,16.413,2.087,0.0,18.5,0.916,True,0
var11_toroidal_8_vertical_coils,8,simultaneous,2,50.0,1200.0,CCW,25.571,18.081,1.0,0.9968,0.0,-0.08,27.94,54.0,-0.424,146.91,418.69,319.41,16.413,2.087,0.0,18.5,0.916,True,0
var11_toroidal_8_vertical_coils,8,simultaneous,2,50.0,2400.0,CW,25.571,18.081,1.0,0.9871,0.0,0.16,21.88,58.0,0.848,146.91,418.69,319.41,16.413,2.087,0.0,18.5,0.956,True,0
var11_toroidal_8_vertical_coils,8,simultaneous,2,50.0,2400.0,CCW,25.571,18.081,1.0,0.9871,0.0,-0.16,21.88,58.0,-0.848,146.91,418.69,319.41,16.413,2.087,0.0,18.5,0.956,True,0
var11_toroidal_8_vertical_coils,8,simultaneous,2,60.0,0.0,CW,25.953,18.351,1.0,1.0,0.0,0.0,35.0,50.0,0.0,152.56,434.79,389.02,16.376,2.124,0.0,18.5,0.878,True,0
var11_toroidal_8_vertical_coils,8,simultaneous,2,60.0,0.0,CCW,25.953,18.351,1.0,1.0,0.0,-0.0,35.0,50.0,-0.0,152.56,434.79,389.02,16.376,2.124,0.0,18.5,0.878,True,0
var11_toroidal_8_vertical_coils,8,simultaneous,2,60.0,600.0,CW,25.953,18.351,1.0,0.9992,0.0,0.04,33.98,52.0,0.218,152.56,434.79,389.02,16.376,2.124,0.0,18.5,0.898,True,0
var11_toroidal_8_vertical_coils,8,simultaneous,2,60.0,600.0,CCW,25.953,18.351,1.0,0.9992,0.0,-0.04,33.98,52.0,-0.218,152.56,434.79,389.02,16.376,2.124,0.0,18.5,0.898,True,0
var11_toroidal_8_vertical_coils,8,simultaneous,2,60.0,1200.0,CW,25.953,18.351,1.0,0.9968,0.0,0.08,27.94,54.0,0.437,152.56,434.79,389.02,16.376,2.124,0.0,18.5,0.918,True,0
var11_toroidal_8_vertical_coils,8,simultaneous,2,60.0,1200.0,CCW,25.953,18.351,1.0,0.9968,0.0,-0.08,27.94,54.0,-0.437,152.56,434.79,389.02,16.376,2.124,0.0,18.5,0.918,True,0
var11_toroidal_8_vertical_coils,8,simultaneous,2,60.0,2400.0,CW,25.953,18.351,1.0,0.9871,0.0,0.16,21.88,58.0,0.873,152.56,434.79,389.02,16.376,2.124,0.0,18.5,0.958,True,0
var11_toroidal_8_vertical_coils,8,simultaneous,2,60.0,2400.0,CCW,25.953,18.351,1.0,0.9871,0.0,-0.16,21.88,58.0,-0.873,152.56,434.79,389.02,16.376,2.124,0.0,18.5,0.958,True,0
var11_toroidal_8_vertical_coils,8,simultaneous,2,100.0,0.0,CW,28.496,20.15,1.0,1.0,0.0,0.0,35.0,50.0,0.0,193.67,551.95,711.91,16.142,2.358,0.0,18.5,0.884,True,0
var11_toroidal_8_vertical_coils,8,simultaneous,2,100.0,0.0,CCW,28.496,20.15,1.0,1.0,0.0,-0.0,35.0,50.0,-0.0,193.67,551.95,711.91,16.142,2.358,0.0,18.5,0.884,True,0
var11_toroidal_8_vertical_coils,8,simultaneous,2,100.0,600.0,CW,28.496,20.15,1.0,0.9992,0.0,0.04,33.98,52.0,0.263,193.67,551.95,711.91,16.142,2.358,0.0,18.5,0.904,True,0
var11_toroidal_8_vertical_coils,8,simultaneous,2,100.0,600.0,CCW,28.496,20.15,1.0,0.9992,0.0,-0.04,33.98,52.0,-0.263,193.67,551.95,711.91,16.142,2.358,0.0,18.5,0.904,True,0
var11_toroidal_8_vertical_coils,8,simultaneous,2,100.0,1200.0,CW,28.496,20.15,1.0,0.9968,0.0,0.08,27.94,54.0,0.526,193.67,551.95,711.91,16.142,2.358,0.0,18.5,0.924,True,0
var11_toroidal_8_vertical_coils,8,simultaneous,2,100.0,1200.0,CCW,28.496,20.15,1.0,0.9968,0.0,-0.08,27.94,54.0,-0.526,193.67,551.95,711.91,16.142,2.358,0.0,18.5,0.924,True,0
var11_toroidal_8_vertical_coils,8,simultaneous,2,100.0,2400.0,CW,28.496,20.15,1.0,0.9871,0.0,0.16,21.88,58.0,1.053,193.67,551.95,711.91,16.142,2.358,0.0,18.5,0.964,True,0
var11_toroidal_8_vertical_coils,8,simultaneous,2,100.0,2400.0,CCW,28.496,20.15,1.0,0.9871,0.0,-0.16,21.88,58.0,-1.053,193.67,551.95,711.91,16.142,2.358,0.0,18.5,0.964,True,0
var11_toroidal_8_vertical_coils,8,simultaneous,2,120.0,0.0,CW,29.324,20.735,1.0,1.0,0.0,0.0,35.0,50.0,0.0,208.38,593.87,879.09,16.065,2.435,0.0,18.5,0.888,True,0
var11_toroidal_8_vertical_coils,8,simultaneous,2,120.0,0.0,CCW,29.324,20.735,1.0,1.0,0.0,-0.0,35.0,50.0,-0.0,208.38,593.87,879.09,16.065,2.435,0.0,18.5,0.888,True,0
var11_toroidal_8_vertical_coils,8,simultaneous,2,120.0,600.0,CW,29.324,20.735,1.0,0.9992,0.0,0.04,33.98,52.0,0.279,208.38,593.87,879.09,16.065,2.435,0.0,18.5,0.908,True,0
var11_toroidal_8_vertical_coils,8,simultaneous,2,120.0,600.0,CCW,29.324,20.735,1.0,0.9992,0.0,-0.04,33.98,52.0,-0.279,208.38,593.87,879.09,16.065,2.435,0.0,18.5,0.908,True,0
var11_toroidal_8_vertical_coils,8,simultaneous,2,120.0,1200.0,CW,29.324,20.735,1.0,0.9968,0.0,0.08,27.94,54.0,0.557,208.38,593.87,879.09,16.065,2.435,0.0,18.5,0.928,True,0
var11_toroidal_8_vertical_coils,8,simultaneous,2,120.0,1200.0,CCW,29.324,20.735,1.0,0.9968,0.0,-0.08,27.94,54.0,-0.557,208.38,593.87,879.09,16.065,2.435,0.0,18.5,0.928,True,0
var11_toroidal_8_vertical_coils,8,simultaneous,2,120.0,2400.0,CW,29.324,20.735,1.0,0.9871,0.0,0.16,21.88,58.0,1.115,208.38,593.87,879.09,16.065,2.435,0.0,18.5,0.968,True,0
var11_toroidal_8_vertical_coils,8,simultaneous,2,120.0,2400.0,CCW,29.324,20.735,1.0,0.9871,0.0,-0.16,21.88,58.0,-1.115,208.38,593.87,879.09,16.065,2.435,0.0,18.5,0.968,True,0
var11_toroidal_8_vertical_coils,8,simultaneous,2,150.0,0.0,CW,27.748,19.621,1.0,1.0,0.0,0.0,35.0,50.0,0.0,180.97,515.77,1039.82,16.198,2.302,0.0,18.5,0.893,True,0
var11_toroidal_8_vertical_coils,8,simultaneous,2,150.0,0.0,CCW,27.748,19.621,1.0,1.0,0.0,-0.0,35.0,50.0,-0.0,180.97,515.77,1039.82,16.198,2.302,0.0,18.5,0.893,True,0
var11_toroidal_8_vertical_coils,8,simultaneous,2,150.0,600.0,CW,27.748,19.621,1.0,0.9992,0.0,0.04,33.98,52.0,0.25,180.97,515.77,1039.82,16.198,2.302,0.0,18.5,0.913,True,0
var11_toroidal_8_vertical_coils,8,simultaneous,2,150.0,600.0,CCW,27.748,19.621,1.0,0.9992,0.0,-0.04,33.98,52.0,-0.25,180.97,515.77,1039.82,16.198,2.302,0.0,18.5,0.913,True,0
var11_toroidal_8_vertical_coils,8,simultaneous,2,150.0,1200.0,CW,27.748,19.621,1.0,0.9968,0.0,0.08,27.94,54.0,0.499,180.97,515.77,1039.82,16.198,2.302,0.0,18.5,0.933,True,0
var11_toroidal_8_vertical_coils,8,simultaneous,2,150.0,1200.0,CCW,27.748,19.621,1.0,0.9968,0.0,-0.08,27.94,54.0,-0.499,180.97,515.77,1039.82,16.198,2.302,0.0,18.5,0.933,True,0
var11_toroidal_8_vertical_coils,8,simultaneous,2,150.0,2400.0,CW,27.748,19.621,1.0,0.9871,0.0,0.16,21.88,58.0,0.998,180.97,515.77,1039.82,16.198,2.302,0.0,18.5,0.973,True,0
var11_toroidal_8_vertical_coils,8,simultaneous,2,150.0,2400.0,CCW,27.748,19.621,1.0,0.9871,0.0,-0.16,21.88,58.0,-0.998,180.97,515.77,1039.82,16.198,2.302,0.0,18.5,0.973,True,0
var11_toroidal_8_vertical_coils,8,simultaneous,2,200.0,0.0,CW,25.252,17.856,1.0,1.0,0.0,0.0,35.0,50.0,0.0,142.35,405.7,1261.7,16.413,2.087,0.0,18.5,0.901,True,0
var11_toroidal_8_vertical_coils,8,simultaneous,2,200.0,0.0,CCW,25.252,17.856,1.0,1.0,0.0,-0.0,35.0,50.0,-0.0,142.35,405.7,1261.7,16.413,2.087,0.0,18.5,0.901,True,0
var11_toroidal_8_vertical_coils,8,simultaneous,2,200.0,600.0,CW,25.252,17.856,1.0,0.9992,0.0,0.04,33.98,52.0,0.207,142.35,405.7,1261.7,16.413,2.087,0.0,18.5,0.921,True,0
var11_toroidal_8_vertical_coils,8,simultaneous,2,200.0,600.0,CCW,25.252,17.856,1.0,0.9992,0.0,-0.04,33.98,52.0,-0.207,142.35,405.7,1261.7,16.413,2.087,0.0,18.5,0.921,True,0
var11_toroidal_8_vertical_coils,8,simultaneous,2,200.0,1200.0,CW,25.252,17.856,1.0,0.9968,0.0,0.08,27.94,54.0,0.413,142.35,405.7,1261.7,16.413,2.087,0.0,18.5,0.942,True,0
var11_toroidal_8_vertical_coils,8,simultaneous,2,200.0,1200.0,CCW,25.252,17.856,1.0,0.9968,0.0,-0.08,27.94,54.0,-0.413,142.35,405.7,1261.7,16.413,2.087,0.0,18.5,0.942,True,0
var11_toroidal_8_vertical_coils,8,simultaneous,2,200.0,2400.0,CW,25.252,17.856,1.0,0.9871,0.0,0.16,21.88,58.0,0.827,142.35,405.7,1261.7,16.413,2.087,0.0,18.5,0.981,True,0
var11_toroidal_8_vertical_coils,8,simultaneous,2,200.0,2400.0,CCW,25.252,17.856,1.0,0.9871,0.0,-0.16,21.88,58.0,-0.827,142.35,405.7,1261.7,16.413,2.087,0.0,18.5,0.981,True,0
var11_toroidal_8_vertical_coils,8,simultaneous,2,400.0,0.0,CW,23.958,16.941,1.0,1.0,0.0,0.0,35.0,50.0,0.0,124.62,355.18,2394.16,16.494,2.006,0.0,18.5,0.935,True,0
var11_toroidal_8_vertical_coils,8,simultaneous,2,400.0,0.0,CCW,23.958,16.941,1.0,1.0,0.0,-0.0,35.0,50.0,-0.0,124.62,355.18,2394.16,16.494,2.006,0.0,18.5,0.935,True,0
var11_toroidal_8_vertical_coils,8,simultaneous,2,400.0,600.0,CW,23.958,16.941,1.0,0.9992,0.0,0.04,33.98,52.0,0.186,124.62,355.18,2394.16,16.494,2.006,0.0,18.5,0.955,True,0
var11_toroidal_8_vertical_coils,8,simultaneous,2,400.0,600.0,CCW,23.958,16.941,1.0,0.9992,0.0,-0.04,33.98,52.0,-0.186,124.62,355.18,2394.16,16.494,2.006,0.0,18.5,0.955,True,0
var11_toroidal_8_vertical_coils,8,simultaneous,2,400.0,1200.0,CW,23.958,16.941,1.0,0.9968,0.0,0.08,27.94,54.0,0.372,124.62,355.18,2394.16,16.494,2.006,0.0,18.5,0.975,True,0
var11_toroidal_8_vertical_coils,8,simultaneous,2,400.0,1200.0,CCW,23.958,16.941,1.0,0.9968,0.0,-0.08,27.94,54.0,-0.372,124.62,355.18,2394.16,16.494,2.006,0.0,18.5,0.975,True,0
var11_toroidal_8_vertical_coils,8,simultaneous,2,400.0,2400.0,CW,23.958,16.941,1.0,0.9871,0.0,0.16,21.88,58.0,0.744,124.62,355.18,2394.16,16.494,2.006,0.0,18.5,1.016,True,0
var11_toroidal_8_vertical_coils,8,simultaneous,2,400.0,2400.0,CCW,23.958,16.941,1.0,0.9871,0.0,-0.16,21.88,58.0,-0.744,124.62,355.18,2394.16,16.494,2.006,0.0,18.5,1.016,True,0
var11_toroidal_8_vertical_coils,8,simultaneous,2,800.0,0.0,CW,23.782,16.816,1.0,1.0,0.0,0.0,35.0,50.0,0.0,122.44,348.97,4752.99,16.435,2.065,0.0,18.5,1.004,True,0
var11_toroidal_8_vertical_coils,8,simultaneous,2,800.0,0.0,CCW,23.782,16.816,1.0,1.0,0.0,-0.0,35.0,50.0,-0.0,122.44,348.97,4752.99,16.435,2.065,0.0,18.5,1.004,True,0
var11_toroidal_8_vertical_coils,8,simultaneous,2,800.0,600.0,CW,23.782,16.816,1.0,0.9992,0.0,0.04,33.98,52.0,0.183,122.44,348.97,4752.99,16.435,2.065,0.0,18.5,1.024,True,0
var11_toroidal_8_vertical_coils,8,simultaneous,2,800.0,600.0,CCW,23.782,16.816,1.0,0.9992,0.0,-0.04,33.98,52.0,-0.183,122.44,348.97,4752.99,16.435,2.065,0.0,18.5,1.024,True,0
var11_toroidal_8_vertical_coils,8,simultaneous,2,800.0,1200.0,CW,23.782,16.816,1.0,0.9968,0.0,0.08,27.94,54.0,0.367,122.44,348.97,4752.99,16.435,2.065,0.0,18.5,1.044,True,0
var11_toroidal_8_vertical_coils,8,simultaneous,2,800.0,1200.0,CCW,23.782,16.816,1.0,0.9968,0.0,-0.08,27.94,54.0,-0.367,122.44,348.97,4752.99,16.435,2.065,0.0,18.5,1.044,True,0
var11_toroidal_8_vertical_coils,8,simultaneous,2,800.0,2400.0,CW,23.782,16.816,1.0,0.9871,0.0,0.16,21.88,58.0,0.733,122.44,348.97,4752.99,16.435,2.065,0.0,18.5,1.084,True,0
var11_toroidal_8_vertical_coils,8,simultaneous,2,800.0,2400.0,CCW,23.782,16.816,1.0,0.9871,0.0,-0.16,21.88,58.0,-0.733,122.44,348.97,4752.99,16.435,2.065,0.0,18.5,1.084,True,0
var11_toroidal_8_vertical_coils,8,simultaneous,2,1000.0,0.0,CW,23.745,16.791,1.0,1.0,0.0,0.0,35.0,50.0,0.0,122.04,347.82,5932.19,16.4,2.1,0.0,18.5,1.038,True,0
var11_toroidal_8_vertical_coils,8,simultaneous,2,1000.0,0.0,CCW,23.745,16.791,1.0,1.0,0.0,-0.0,35.0,50.0,-0.0,122.04,347.82,5932.19,16.4,2.1,0.0,18.5,1.038,True,0
var11_toroidal_8_vertical_coils,8,simultaneous,2,1000.0,600.0,CW,23.745,16.791,1.0,0.9992,0.0,0.04,33.98,52.0,0.183,122.04,347.82,5932.19,16.4,2.1,0.0,18.5,1.058,True,0
var11_toroidal_8_vertical_coils,8,simultaneous,2,1000.0,600.0,CCW,23.745,16.791,1.0,0.9992,0.0,-0.04,33.98,52.0,-0.183,122.04,347.82,5932.19,16.4,2.1,0.0,18.5,1.058,True,0
var11_toroidal_8_vertical_coils,8,simultaneous,2,1000.0,1200.0,CW,23.745,16.791,1.0,0.9968,0.0,0.08,27.94,54.0,0.365,122.04,347.82,5932.19,16.4,2.1,0.0,18.5,1.078,True,0
var11_toroidal_8_vertical_coils,8,simultaneous,2,1000.0,1200.0,CCW,23.745,16.791,1.0,0.9968,0.0,-0.08,27.94,54.0,-0.365,122.04,347.82,5932.19,16.4,2.1,0.0,18.5,1.078,True,0
var11_toroidal_8_vertical_coils,8,simultaneous,2,1000.0,2400.0,CW,23.745,16.791,1.0,0.9871,0.0,0.16,21.88,58.0,0.731,122.04,347.82,5932.19,16.4,2.1,0.0,18.5,1.118,True,0
var11_toroidal_8_vertical_coils,8,simultaneous,2,1000.0,2400.0,CCW,23.745,16.791,1.0,0.9871,0.0,-0.16,21.88,58.0,-0.731,122.04,347.82,5932.19,16.4,2.1,0.0,18.5,1.118,True,0
var11_toroidal_8_vertical_coils,8,simultaneous,3,25.0,0.0,CW,25.966,18.36,1.0,1.0,0.0,0.0,35.0,50.0,0.0,157.38,448.54,162.17,16.405,2.095,0.0,18.5,0.874,True,0
var11_toroidal_8_vertical_coils,8,simultaneous,3,25.0,0.0,CCW,25.966,18.36,1.0,1.0,0.0,-0.0,35.0,50.0,-0.0,157.38,448.54,162.17,16.405,2.095,0.0,18.5,0.874,True,0
var11_toroidal_8_vertical_coils,8,simultaneous,3,25.0,600.0,CW,25.966,18.36,1.0,0.9992,0.0,0.04,33.98,52.0,0.218,157.38,448.54,162.17,16.405,2.095,0.0,18.5,0.894,True,0
var11_toroidal_8_vertical_coils,8,simultaneous,3,25.0,600.0,CCW,25.966,18.36,1.0,0.9992,0.0,-0.04,33.98,52.0,-0.218,157.38,448.54,162.17,16.405,2.095,0.0,18.5,0.894,True,0
var11_toroidal_8_vertical_coils,8,simultaneous,3,25.0,1200.0,CW,25.966,18.36,1.0,0.9968,0.0,0.08,27.94,54.0,0.437,157.38,448.54,162.17,16.405,2.095,0.0,18.5,0.914,True,0
var11_toroidal_8_vertical_coils,8,simultaneous,3,25.0,1200.0,CCW,25.966,18.36,1.0,0.9968,0.0,-0.08,27.94,54.0,-0.437,157.38,448.54,162.17,16.405,2.095,0.0,18.5,0.914,True,0
var11_toroidal_8_vertical_coils,8,simultaneous,3,25.0,2400.0,CW,25.966,18.36,1.0,0.9871,0.0,0.16,21.88,58.0,0.874,157.38,448.54,162.17,16.405,2.095,0.0,18.5,0.954,True,0
var11_toroidal_8_vertical_coils,8,simultaneous,3,25.0,2400.0,CCW,25.966,18.36,1.0,0.9871,0.0,-0.16,21.88,58.0,-0.874,157.38,448.54,162.17,16.405,2.095,0.0,18.5,0.954,True,0
var11_toroidal_8_vertical_coils,8,simultaneous,3,50.0,0.0,CW,26.616,18.82,1.0,1.0,0.0,0.0,35.0,50.0,0.0,167.62,477.72,332.46,16.341,2.159,0.0,18.5,0.878,True,0
var11_toroidal_8_vertical_coils,8,simultaneous,3,50.0,0.0,CCW,26.616,18.82,1.0,1.0,0.0,-0.0,35.0,50.0,-0.0,167.62,477.72,332.46,16.341,2.159,0.0,18.5,0.878,True,0
var11_toroidal_8_vertical_coils,8,simultaneous,3,50.0,600.0,CW,26.616,18.82,1.0,0.9992,0.0,0.04,33.98,52.0,0.23,167.62,477.72,332.46,16.341,2.159,0.0,18.5,0.898,True,0
var11_toroidal_8_vertical_coils,8,simultaneous,3,50.0,600.0,CCW,26.616,18.82,1.0,0.9992,0.0,-0.04,33.98,52.0,-0.23,167.62,477.72,332.46,16.341,2.159,0.0,18.5,0.898,True,0
var11_toroidal_8_vertical_coils,8,simultaneous,3,50.0,1200.0,CW,26.616,18.82,1.0,0.9968,0.0,0.08,27.94,54.0,0.459,167.62,477.72,332.46,16.341,2.159,0.0,18.5,0.918,True,0
var11_toroidal_8_vertical_coils,8,simultaneous,3,50.0,1200.0,CCW,26.616,18.82,1.0,0.9968,0.0,-0.08,27.94,54.0,-0.459,167.62,477.72,332.46,16.341,2.159,0.0,18.5,0.918,True,0
var11_toroidal_8_vertical_coils,8,simultaneous,3,50.0,2400.0,CW,26.616,18.82,1.0,0.9871,0.0,0.16,21.88,58.0,0.918,167.62,477.72,332.46,16.341,2.159,0.0,18.5,0.958,True,0
var11_toroidal_8_vertical_coils,8,simultaneous,3,50.0,2400.0,CCW,26.616,18.82,1.0,0.9871,0.0,-0.16,21.88,58.0,-0.918,167.62,477.72,332.46,16.341,2.159,0.0,18.5,0.958,True,0
var11_toroidal_8_vertical_coils,8,simultaneous,3,60.0,0.0,CW,27.012,19.1,1.0,1.0,0.0,0.0,35.0,50.0,0.0,174.05,496.04,404.89,16.304,2.196,0.0,18.5,0.88,True,0
var11_toroidal_8_vertical_coils,8,simultaneous,3,60.0,0.0,CCW,27.012,19.1,1.0,1.0,0.0,-0.0,35.0,50.0,-0.0,174.05,496.04,404.89,16.304,2.196,0.0,18.5,0.88,True,0
var11_toroidal_8_vertical_coils,8,simultaneous,3,60.0,600.0,CW,27.012,19.1,1.0,0.9992,0.0,0.04,33.98,52.0,0.236,174.05,496.04,404.89,16.304,2.196,0.0,18.5,0.9,True,0
var11_toroidal_8_vertical_coils,8,simultaneous,3,60.0,600.0,CCW,27.012,19.1,1.0,0.9992,0.0,-0.04,33.98,52.0,-0.236,174.05,496.04,404.89,16.304,2.196,0.0,18.5,0.9,True,0
var11_toroidal_8_vertical_coils,8,simultaneous,3,60.0,1200.0,CW,27.012,19.1,1.0,0.9968,0.0,0.08,27.94,54.0,0.473,174.05,496.04,404.89,16.304,2.196,0.0,18.5,0.92,True,0
var11_toroidal_8_vertical_coils,8,simultaneous,3,60.0,1200.0,CCW,27.012,19.1,1.0,0.9968,0.0,-0.08,27.94,54.0,-0.473,174.05,496.04,404.89,16.304,2.196,0.0,18.5,0.92,True,0
var11_toroidal_8_vertical_coils,8,simultaneous,3,60.0,2400.0,CW,27.012,19.1,1.0,0.9871,0.0,0.16,21.88,58.0,0.946,174.05,496.04,404.89,16.304,2.196,0.0,18.5,0.96,True,0
var11_toroidal_8_vertical_coils,8,simultaneous,3,60.0,2400.0,CCW,27.012,19.1,1.0,0.9871,0.0,-0.16,21.88,58.0,-0.946,174.05,496.04,404.89,16.304,2.196,0.0,18.5,0.96,True,0
var11_toroidal_8_vertical_coils,8,simultaneous,3,100.0,0.0,CW,29.651,20.967,1.0,1.0,0.0,0.0,35.0,50.0,0.0,220.83,629.36,740.76,16.061,2.439,0.0,18.5,0.886,True,0
var11_toroidal_8_vertical_coils,8,simultaneous,3,100.0,0.0,CCW,29.651,20.967,1.0,1.0,0.0,-0.0,35.0,50.0,-0.0,220.83,629.36,740.76,16.061,2.439,0.0,18.5,0.886,True,0
var11_toroidal_8_vertical_coils,8,simultaneous,3,100.0,600.0,CW,29.651,20.967,1.0,0.9992,0.0,0.04,33.98,52.0,0.285,220.83,629.36,740.76,16.061,2.439,0.0,18.5,0.906,True,0
var11_toroidal_8_vertical_coils,8,simultaneous,3,100.0,600.0,CCW,29.651,20.967,1.0,0.9992,0.0,-0.04,33.98,52.0,-0.285,220.83,629.36,740.76,16.061,2.439,0.0,18.5,0.906,True,0
var11_toroidal_8_vertical_coils,8,simultaneous,3,100.0,1200.0,CW,29.651,20.967,1.0,0.9968,0.0,0.08,27.94,54.0,0.57,220.83,629.36,740.76,16.061,2.439,0.0,18.5,0.926,True,0
var11_toroidal_8_vertical_coils,8,simultaneous,3,100.0,1200.0,CCW,29.651,20.967,1.0,0.9968,0.0,-0.08,27.94,54.0,-0.57,220.83,629.36,740.76,16.061,2.439,0.0,18.5,0.926,True,0
var11_toroidal_8_vertical_coils,8,simultaneous,3,100.0,2400.0,CW,29.651,20.967,1.0,0.9871,0.0,0.16,21.88,58.0,1.14,220.83,629.36,740.76,16.061,2.439,0.0,18.5,0.966,True,0
var11_toroidal_8_vertical_coils,8,simultaneous,3,100.0,2400.0,CCW,29.651,20.967,1.0,0.9871,0.0,-0.16,21.88,58.0,-1.14,220.83,629.36,740.76,16.061,2.439,0.0,18.5,0.966,True,0
var11_toroidal_8_vertical_coils,8,simultaneous,3,120.0,0.0,CW,30.509,21.573,1.0,1.0,0.0,0.0,35.0,50.0,0.0,237.55,677.03,914.63,15.982,2.518,0.0,18.5,0.89,True,0
var11_toroidal_8_vertical_coils,8,simultaneous,3,120.0,0.0,CCW,30.509,21.573,1.0,1.0,0.0,-0.0,35.0,50.0,-0.0,237.55,677.03,914.63,15.982,2.518,0.0,18.5,0.89,True,0
var11_toroidal_8_vertical_coils,8,simultaneous,3,120.0,600.0,CW,30.509,21.573,1.0,0.9992,0.0,0.04,33.98,52.0,0.302,237.55,677.03,914.63,15.982,2.518,0.0,18.5,0.91,True,0
var11_toroidal_8_vertical_coils,8,simultaneous,3,120.0,600.0,CCW,30.509,21.573,1.0,0.9992,0.0,-0.04,33.98,52.0,-0.302,237.55,677.03,914.63,15.982,2.518,0.0,18.5,0.91,True,0
var11_toroidal_8_vertical_coils,8,simultaneous,3,120.0,1200.0,CW,30.509,21.573,1.0,0.9968,0.0,0.08,27.94,54.0,0.603,237.55,677.03,914.63,15.982,2.518,0.0,18.5,0.93,True,0
var11_toroidal_8_vertical_coils,8,simultaneous,3,120.0,1200.0,CCW,30.509,21.573,1.0,0.9968,0.0,-0.08,27.94,54.0,-0.603,237.55,677.03,914.63,15.982,2.518,0.0,18.5,0.93,True,0
var11_toroidal_8_vertical_coils,8,simultaneous,3,120.0,2400.0,CW,30.509,21.573,1.0,0.9871,0.0,0.16,21.88,58.0,1.207,237.55,677.03,914.63,15.982,2.518,0.0,18.5,0.97,True,0
var11_toroidal_8_vertical_coils,8,simultaneous,3,120.0,2400.0,CCW,30.509,21.573,1.0,0.9871,0.0,-0.16,21.88,58.0,-1.207,237.55,677.03,914.63,15.982,2.518,0.0,18.5,0.97,True,0
var11_toroidal_8_vertical_coils,8,simultaneous,3,150.0,0.0,CW,28.875,20.417,1.0,1.0,0.0,0.0,35.0,50.0,0.0,206.38,588.18,1082.03,16.12,2.38,0.0,18.5,0.895,True,0
var11_toroidal_8_vertical_coils,8,simultaneous,3,150.0,0.0,CCW,28.875,20.417,1.0,1.0,0.0,-0.0,35.0,50.0,-0.0,206.38,588.18,1082.03,16.12,2.38,0.0,18.5,0.895,True,0
var11_toroidal_8_vertical_coils,8,simultaneous,3,150.0,600.0,CW,28.875,20.417,1.0,0.9992,0.0,0.04,33.98,52.0,0.27,206.38,588.18,1082.03,16.12,2.38,0.0,18.5,0.915,True,0
var11_toroidal_8_vertical_coils,8,simultaneous,3,150.0,600.0,CCW,28.875,20.417,1.0,0.9992,0.0,-0.04,33.98,52.0,-0.27,206.38,588.18,1082.03,16.12,2.38,0.0,18.5,0.915,True,0
var11_toroidal_8_vertical_coils,8,simultaneous,3,150.0,1200.0,CW,28.875,20.417,1.0,0.9968,0.0,0.08,27.94,54.0,0.54,206.38,588.18,1082.03,16.12,2.38,0.0,18.5,0.935,True,0
var11_toroidal_8_vertical_coils,8,simultaneous,3,150.0,1200.0,CCW,28.875,20.417,1.0,0.9968,0.0,-0.08,27.94,54.0,-0.54,206.38,588.18,1082.03,16.12,2.38,0.0,18.5,0.935,True,0
var11_toroidal_8_vertical_coils,8,simultaneous,3,150.0,2400.0,CW,28.875,20.417,1.0,0.9871,0.0,0.16,21.88,58.0,1.081,206.38,588.18,1082.03,16.12,2.38,0.0,18.5,0.975,True,0
var11_toroidal_8_vertical_coils,8,simultaneous,3,150.0,2400.0,CCW,28.875,20.417,1.0,0.9871,0.0,-0.16,21.88,58.0,-1.081,206.38,588.18,1082.03,16.12,2.38,0.0,18.5,0.975,True,0
var11_toroidal_8_vertical_coils,8,simultaneous,3,200.0,0.0,CW,26.284,18.585,1.0,1.0,0.0,0.0,35.0,50.0,0.0,162.42,462.9,1313.26,16.342,2.158,0.0,18.5,0.903,True,0
var11_toroidal_8_vertical_coils,8,simultaneous,3,200.0,0.0,CCW,26.284,18.585,1.0,1.0,0.0,-0.0,35.0,50.0,-0.0,162.42,462.9,1313.26,16.342,2.158,0.0,18.5,0.903,True,0
var11_toroidal_8_vertical_coils,8,simultaneous,3,200.0,600.0,CW,26.284,18.585,1.0,0.9992,0.0,0.04,33.98,52.0,0.224,162.42,462.9,1313.26,16.342,2.158,0.0,18.5,0.923,True,0
var11_toroidal_8_vertical_coils,8,simultaneous,3,200.0,600.0,CCW,26.284,18.585,1.0,0.9992,0.0,-0.04,33.98,52.0,-0.224,162.42,462.9,1313.26,16.342,2.158,0.0,18.5,0.923,True,0
var11_toroidal_8_vertical_coils,8,simultaneous,3,200.0,1200.0,CW,26.284,18.585,1.0,0.9968,0.0,0.08,27.94,54.0,0.448,162.42,462.9,1313.26,16.342,2.158,0.0,18.5,0.943,True,0
var11_toroidal_8_vertical_coils,8,simultaneous,3,200.0,1200.0,CCW,26.284,18.585,1.0,0.9968,0.0,-0.08,27.94,54.0,-0.448,162.42,462.9,1313.26,16.342,2.158,0.0,18.5,0.943,True,0
var11_toroidal_8_vertical_coils,8,simultaneous,3,200.0,2400.0,CW,26.284,18.585,1.0,0.9871,0.0,0.16,21.88,58.0,0.896,162.42,462.9,1313.26,16.342,2.158,0.0,18.5,0.983,True,0
var11_toroidal_8_vertical_coils,8,simultaneous,3,200.0,2400.0,CCW,26.284,18.585,1.0,0.9871,0.0,-0.16,21.88,58.0,-0.896,162.42,462.9,1313.26,16.342,2.158,0.0,18.5,0.983,True,0
var11_toroidal_8_vertical_coils,8,simultaneous,3,400.0,0.0,CW,24.94,17.635,1.0,1.0,0.0,0.0,35.0,50.0,0.0,142.22,405.33,2492.23,16.426,2.074,0.0,18.5,0.937,True,0
var11_toroidal_8_vertical_coils,8,simultaneous,3,400.0,0.0,CCW,24.94,17.635,1.0,1.0,0.0,-0.0,35.0,50.0,-0.0,142.22,405.33,2492.23,16.426,2.074,0.0,18.5,0.937,True,0
var11_toroidal_8_vertical_coils,8,simultaneous,3,400.0,600.0,CW,24.94,17.635,1.0,0.9992,0.0,0.04,33.98,52.0,0.202,142.22,405.33,2492.23,16.426,2.074,0.0,18.5,0.957,True,0
var11_toroidal_8_vertical_coils,8,simultaneous,3,400.0,600.0,CCW,24.94,17.635,1.0,0.9992,0.0,-0.04,33.98,52.0,-0.202,142.22,405.33,2492.23,16.426,2.074,0.0,18.5,0.957,True,0
var11_toroidal_8_vertical_coils,8,simultaneous,3,400.0,1200.0,CW,24.94,17.635,1.0,0.9968,0.0,0.08,27.94,54.0,0.403,142.22,405.33,2492.23,16.426,2.074,0.0,18.5,0.977,True,0
var11_toroidal_8_vertical_coils,8,simultaneous,3,400.0,1200.0,CCW,24.94,17.635,1.0,0.9968,0.0,-0.08,27.94,54.0,-0.403,142.22,405.33,2492.23,16.426,2.074,0.0,18.5,0.977,True,0
var11_toroidal_8_vertical_coils,8,simultaneous,3,400.0,2400.0,CW,24.94,17.635,1.0,0.9871,0.0,0.16,21.88,58.0,0.806,142.22,405.33,2492.23,16.426,2.074,0.0,18.5,1.017,True,0
var11_toroidal_8_vertical_coils,8,simultaneous,3,400.0,2400.0,CCW,24.94,17.635,1.0,0.9871,0.0,-0.16,21.88,58.0,-0.806,142.22,405.33,2492.23,16.426,2.074,0.0,18.5,1.017,True,0
var11_toroidal_8_vertical_coils,8,simultaneous,3,800.0,0.0,CW,24.754,17.504,1.0,1.0,0.0,0.0,35.0,50.0,0.0,139.71,398.18,4947.34,16.364,2.136,0.0,18.5,1.005,True,0
var11_toroidal_8_vertical_coils,8,simultaneous,3,800.0,0.0,CCW,24.754,17.504,1.0,1.0,0.0,-0.0,35.0,50.0,-0.0,139.71,398.18,4947.34,16.364,2.136,0.0,18.5,1.005,True,0
var11_toroidal_8_vertical_coils,8,simultaneous,3,800.0,600.0,CW,24.754,17.504,1.0,0.9992,0.0,0.04,33.98,52.0,0.199,139.71,398.18,4947.34,16.364,2.136,0.0,18.5,1.025,True,0
var11_toroidal_8_vertical_coils,8,simultaneous,3,800.0,600.0,CCW,24.754,17.504,1.0,0.9992,0.0,-0.04,33.98,52.0,-0.199,139.71,398.18,4947.34,16.364,2.136,0.0,18.5,1.025,True,0
var11_toroidal_8_vertical_coils,8,simultaneous,3,800.0,1200.0,CW,24.754,17.504,1.0,0.9968,0.0,0.08,27.94,54.0,0.397,139.71,398.18,4947.34,16.364,2.136,0.0,18.5,1.045,True,0
var11_toroidal_8_vertical_coils,8,simultaneous,3,800.0,1200.0,CCW,24.754,17.504,1.0,0.9968,0.0,-0.08,27.94,54.0,-0.397,139.71,398.18,4947.34,16.364,2.136,0.0,18.5,1.045,True,0
var11_toroidal_8_vertical_coils,8,simultaneous,3,800.0,2400.0,CW,24.754,17.504,1.0,0.9871,0.0,0.16,21.88,58.0,0.794,139.71,398.18,4947.34,16.364,2.136,0.0,18.5,1.085,True,0
var11_toroidal_8_vertical_coils,8,simultaneous,3,800.0,2400.0,CCW,24.754,17.504,1.0,0.9871,0.0,-0.16,21.88,58.0,-0.794,139.71,398.18,4947.34,16.364,2.136,0.0,18.5,1.085,True,0
var11_toroidal_8_vertical_coils,8,simultaneous,3,1000.0,0.0,CW,24.715,17.476,1.0,1.0,0.0,0.0,35.0,50.0,0.0,139.24,396.85,6174.5,16.329,2.171,0.0,18.5,1.039,True,0
var11_toroidal_8_vertical_coils,8,simultaneous,3,1000.0,0.0,CCW,24.715,17.476,1.0,1.0,0.0,-0.0,35.0,50.0,-0.0,139.24,396.85,6174.5,16.329,2.171,0.0,18.5,1.039,True,0
var11_toroidal_8_vertical_coils,8,simultaneous,3,1000.0,600.0,CW,24.715,17.476,1.0,0.9992,0.0,0.04,33.98,52.0,0.198,139.24,396.85,6174.5,16.329,2.171,0.0,18.5,1.059,True,0
var11_toroidal_8_vertical_coils,8,simultaneous,3,1000.0,600.0,CCW,24.715,17.476,1.0,0.9992,0.0,-0.04,33.98,52.0,-0.198,139.24,396.85,6174.5,16.329,2.171,0.0,18.5,1.059,True,0
var11_toroidal_8_vertical_coils,8,simultaneous,3,1000.0,1200.0,CW,24.715,17.476,1.0,0.9968,0.0,0.08,27.94,54.0,0.396,139.24,396.85,6174.5,16.329,2.171,0.0,18.5,1.079,True,0
var11_toroidal_8_vertical_coils,8,simultaneous,3,1000.0,1200.0,CCW,24.715,17.476,1.0,0.9968,0.0,-0.08,27.94,54.0,-0.396,139.24,396.85,6174.5,16.329,2.171,0.0,18.5,1.079,True,0
var11_toroidal_8_vertical_coils,8,simultaneous,3,1000.0,2400.0,CW,24.715,17.476,1.0,0.9871,0.0,0.16,21.88,58.0,0.792,139.24,396.85,6174.5,16.329,2.171,0.0,18.5,1.119,True,0
var11_toroidal_8_vertical_coils,8,simultaneous,3,1000.0,2400.0,CCW,24.715,17.476,1.0,0.9871,0.0,-0.16,21.88,58.0,-0.792,139.24,396.85,6174.5,16.329,2.171,0.0,18.5,1.119,True,0
var11_toroidal_8_vertical_coils,8,simultaneous,4,25.0,0.0,CW,24.944,17.638,1.0,1.0,0.0,0.0,35.0,50.0,0.0,137.92,393.06,155.79,16.475,2.025,0.0,18.5,0.872,True,0
var11_toroidal_8_vertical_coils,8,simultaneous,4,25.0,0.0,CCW,24.944,17.638,1.0,1.0,0.0,-0.0,35.0,50.0,-0.0,137.92,393.06,155.79,16.475,2.025,0.0,18.5,0.872,True,0
var11_toroidal_8_vertical_coils,8,simultaneous,4,25.0,600.0,CW,24.944,17.638,1.0,0.9992,0.0,0.04,33.98,52.0,0.202,137.92,393.06,155.79,16.475,2.025,0.0,18.5,0.892,True,0
var11_toroidal_8_vertical_coils,8,simultaneous,4,25.0,600.0,CCW,24.944,17.638,1.0,0.9992,0.0,-0.04,33.98,52.0,-0.202,137.92,393.06,155.79,16.475,2.025,0.0,18.5,0.892,True,0
var11_toroidal_8_vertical_coils,8,simultaneous,4,25.0,1200.0,CW,24.944,17.638,1.0,0.9968,0.0,0.08,27.94,54.0,0.403,137.92,393.06,155.79,16.475,2.025,0.0,18.5,0.912,True,0
var11_toroidal_8_vertical_coils,8,simultaneous,4,25.0,1200.0,CCW,24.944,17.638,1.0,0.9968,0.0,-0.08,27.94,54.0,-0.403,137.92,393.06,155.79,16.475,2.025,0.0,18.5,0.912,True,0
var11_toroidal_8_vertical_coils,8,simultaneous,4,25.0,2400.0,CW,24.944,17.638,1.0,0.9871,0.0,0.16,21.88,58.0,0.807,137.92,393.06,155.79,16.475,2.025,0.0,18.5,0.952,True,0
var11_toroidal_8_vertical_coils,8,simultaneous,4,25.0,2400.0,CCW,24.944,17.638,1.0,0.9871,0.0,-0.16,21.88,58.0,-0.807,137.92,393.06,155.79,16.475,2.025,0.0,18.5,0.952,True,0
var11_toroidal_8_vertical_coils,8,simultaneous,4,50.0,0.0,CW,25.571,18.081,1.0,1.0,0.0,0.0,35.0,50.0,0.0,146.91,418.69,319.41,16.413,2.087,0.0,18.5,0.876,True,0
var11_toroidal_8_vertical_coils,8,simultaneous,4,50.0,0.0,CCW,25.571,18.081,1.0,1.0,0.0,-0.0,35.0,50.0,-0.0,146.91,418.69,319.41,16.413,2.087,0.0,18.5,0.876,True,0
var11_toroidal_8_vertical_coils,8,simultaneous,4,50.0,600.0,CW,25.571,18.081,1.0,0.9992,0.0,0.04,33.98,52.0,0.212,146.91,418.69,319.41,16.413,2.087,0.0,18.5,0.896,True,0
var11_toroidal_8_vertical_coils,8,simultaneous,4,50.0,600.0,CCW,25.571,18.081,1.0,0.9992,0.0,-0.04,33.98,52.0,-0.212,146.91,418.69,319.41,16.413,2.087,0.0,18.5,0.896,True,0
var11_toroidal_8_vertical_coils,8,simultaneous,4,50.0,1200.0,CW,25.571,18.081,1.0,0.9968,0.0,0.08,27.94,54.0,0.424,146.91,418.69,319.41,16.413,2.087,0.0,18.5,0.916,True,0
var11_toroidal_8_vertical_coils,8,simultaneous,4,50.0,1200.0,CCW,25.571,18.081,1.0,0.9968,0.0,-0.08,27.94,54.0,-0.424,146.91,418.69,319.41,16.413,2.087,0.0,18.5,0.916,True,0
var11_toroidal_8_vertical_coils,8,simultaneous,4,50.0,2400.0,CW,25.571,18.081,1.0,0.9871,0.0,0.16,21.88,58.0,0.848,146.91,418.69,319.41,16.413,2.087,0.0,18.5,0.956,True,0
var11_toroidal_8_vertical_coils,8,simultaneous,4,50.0,2400.0,CCW,25.571,18.081,1.0,0.9871,0.0,-0.16,21.88,58.0,-0.848,146.91,418.69,319.41,16.413,2.087,0.0,18.5,0.956,True,0
var11_toroidal_8_vertical_coils,8,simultaneous,4,60.0,0.0,CW,25.953,18.351,1.0,1.0,0.0,0.0,35.0,50.0,0.0,152.56,434.79,389.02,16.376,2.124,0.0,18.5,0.878,True,0
var11_toroidal_8_vertical_coils,8,simultaneous,4,60.0,0.0,CCW,25.953,18.351,1.0,1.0,0.0,-0.0,35.0,50.0,-0.0,152.56,434.79,389.02,16.376,2.124,0.0,18.5,0.878,True,0
var11_toroidal_8_vertical_coils,8,simultaneous,4,60.0,600.0,CW,25.953,18.351,1.0,0.9992,0.0,0.04,33.98,52.0,0.218,152.56,434.79,389.02,16.376,2.124,0.0,18.5,0.898,True,0
var11_toroidal_8_vertical_coils,8,simultaneous,4,60.0,600.0,CCW,25.953,18.351,1.0,0.9992,0.0,-0.04,33.98,52.0,-0.218,152.56,434.79,389.02,16.376,2.124,0.0,18.5,0.898,True,0
var11_toroidal_8_vertical_coils,8,simultaneous,4,60.0,1200.0,CW,25.953,18.351,1.0,0.9968,0.0,0.08,27.94,54.0,0.437,152.56,434.79,389.02,16.376,2.124,0.0,18.5,0.918,True,0
var11_toroidal_8_vertical_coils,8,simultaneous,4,60.0,1200.0,CCW,25.953,18.351,1.0,0.9968,0.0,-0.08,27.94,54.0,-0.437,152.56,434.79,389.02,16.376,2.124,0.0,18.5,0.918,True,0
var11_toroidal_8_vertical_coils,8,simultaneous,4,60.0,2400.0,CW,25.953,18.351,1.0,0.9871,0.0,0.16,21.88,58.0,0.873,152.56,434.79,389.02,16.376,2.124,0.0,18.5,0.958,True,0
var11_toroidal_8_vertical_coils,8,simultaneous,4,60.0,2400.0,CCW,25.953,18.351,1.0,0.9871,0.0,-0.16,21.88,58.0,-0.873,152.56,434.79,389.02,16.376,2.124,0.0,18.5,0.958,True,0
var11_toroidal_8_vertical_coils,8,simultaneous,4,100.0,0.0,CW,28.496,20.15,1.0,1.0,0.0,0.0,35.0,50.0,0.0,193.67,551.95,711.91,16.142,2.358,0.0,18.5,0.884,True,0
var11_toroidal_8_vertical_coils,8,simultaneous,4,100.0,0.0,CCW,28.496,20.15,1.0,1.0,0.0,-0.0,35.0,50.0,-0.0,193.67,551.95,711.91,16.142,2.358,0.0,18.5,0.884,True,0
var11_toroidal_8_vertical_coils,8,simultaneous,4,100.0,600.0,CW,28.496,20.15,1.0,0.9992,0.0,0.04,33.98,52.0,0.263,193.67,551.95,711.91,16.142,2.358,0.0,18.5,0.904,True,0
var11_toroidal_8_vertical_coils,8,simultaneous,4,100.0,600.0,CCW,28.496,20.15,1.0,0.9992,0.0,-0.04,33.98,52.0,-0.263,193.67,551.95,711.91,16.142,2.358,0.0,18.5,0.904,True,0
var11_toroidal_8_vertical_coils,8,simultaneous,4,100.0,1200.0,CW,28.496,20.15,1.0,0.9968,0.0,0.08,27.94,54.0,0.526,193.67,551.95,711.91,16.142,2.358,0.0,18.5,0.924,True,0
var11_toroidal_8_vertical_coils,8,simultaneous,4,100.0,1200.0,CCW,28.496,20.15,1.0,0.9968,0.0,-0.08,27.94,54.0,-0.526,193.67,551.95,711.91,16.142,2.358,0.0,18.5,0.924,True,0
var11_toroidal_8_vertical_coils,8,simultaneous,4,100.0,2400.0,CW,28.496,20.15,1.0,0.9871,0.0,0.16,21.88,58.0,1.053,193.67,551.95,711.91,16.142,2.358,0.0,18.5,0.964,True,0
var11_toroidal_8_vertical_coils,8,simultaneous,4,100.0,2400.0,CCW,28.496,20.15,1.0,0.9871,0.0,-0.16,21.88,58.0,-1.053,193.67,551.95,711.91,16.142,2.358,0.0,18.5,0.964,True,0
var11_toroidal_8_vertical_coils,8,simultaneous,4,120.0,0.0,CW,29.324,20.735,1.0,1.0,0.0,0.0,35.0,50.0,0.0,208.38,593.87,879.09,16.065,2.435,0.0,18.5,0.888,True,0
var11_toroidal_8_vertical_coils,8,simultaneous,4,120.0,0.0,CCW,29.324,20.735,1.0,1.0,0.0,-0.0,35.0,50.0,-0.0,208.38,593.87,879.09,16.065,2.435,0.0,18.5,0.888,True,0
var11_toroidal_8_vertical_coils,8,simultaneous,4,120.0,600.0,CW,29.324,20.735,1.0,0.9992,0.0,0.04,33.98,52.0,0.279,208.38,593.87,879.09,16.065,2.435,0.0,18.5,0.908,True,0
var11_toroidal_8_vertical_coils,8,simultaneous,4,120.0,600.0,CCW,29.324,20.735,1.0,0.9992,0.0,-0.04,33.98,52.0,-0.279,208.38,593.87,879.09,16.065,2.435,0.0,18.5,0.908,True,0
var11_toroidal_8_vertical_coils,8,simultaneous,4,120.0,1200.0,CW,29.324,20.735,1.0,0.9968,0.0,0.08,27.94,54.0,0.557,208.38,593.87,879.09,16.065,2.435,0.0,18.5,0.928,True,0
var11_toroidal_8_vertical_coils,8,simultaneous,4,120.0,1200.0,CCW,29.324,20.735,1.0,0.9968,0.0,-0.08,27.94,54.0,-0.557,208.38,593.87,879.09,16.065,2.435,0.0,18.5,0.928,True,0
var11_toroidal_8_vertical_coils,8,simultaneous,4,120.0,2400.0,CW,29.324,20.735,1.0,0.9871,0.0,0.16,21.88,58.0,1.115,208.38,593.87,879.09,16.065,2.435,0.0,18.5,0.968,True,0
var11_toroidal_8_vertical_coils,8,simultaneous,4,120.0,2400.0,CCW,29.324,20.735,1.0,0.9871,0.0,-0.16,21.88,58.0,-1.115,208.38,593.87,879.09,16.065,2.435,0.0,18.5,0.968,True,0
var11_toroidal_8_vertical_coils,8,simultaneous,4,150.0,0.0,CW,27.748,19.621,1.0,1.0,0.0,0.0,35.0,50.0,0.0,180.97,515.77,1039.82,16.198,2.302,0.0,18.5,0.893,True,0
var11_toroidal_8_vertical_coils,8,simultaneous,4,150.0,0.0,CCW,27.748,19.621,1.0,1.0,0.0,-0.0,35.0,50.0,-0.0,180.97,515.77,1039.82,16.198,2.302,0.0,18.5,0.893,True,0
var11_toroidal_8_vertical_coils,8,simultaneous,4,150.0,600.0,CW,27.748,19.621,1.0,0.9992,0.0,0.04,33.98,52.0,0.25,180.97,515.77,1039.82,16.198,2.302,0.0,18.5,0.913,True,0
var11_toroidal_8_vertical_coils,8,simultaneous,4,150.0,600.0,CCW,27.748,19.621,1.0,0.9992,0.0,-0.04,33.98,52.0,-0.25,180.97,515.77,1039.82,16.198,2.302,0.0,18.5,0.913,True,0
var11_toroidal_8_vertical_coils,8,simultaneous,4,150.0,1200.0,CW,27.748,19.621,1.0,0.9968,0.0,0.08,27.94,54.0,0.499,180.97,515.77,1039.82,16.198,2.302,0.0,18.5,0.933,True,0
var11_toroidal_8_vertical_coils,8,simultaneous,4,150.0,1200.0,CCW,27.748,19.621,1.0,0.9968,0.0,-0.08,27.94,54.0,-0.499,180.97,515.77,1039.82,16.198,2.302,0.0,18.5,0.933,True,0
var11_toroidal_8_vertical_coils,8,simultaneous,4,150.0,2400.0,CW,27.748,19.621,1.0,0.9871,0.0,0.16,21.88,58.0,0.998,180.97,515.77,1039.82,16.198,2.302,0.0,18.5,0.973,True,0
var11_toroidal_8_vertical_coils,8,simultaneous,4,150.0,2400.0,CCW,27.748,19.621,1.0,0.9871,0.0,-0.16,21.88,58.0,-0.998,180.97,515.77,1039.82,16.198,2.302,0.0,18.5,0.973,True,0
var11_toroidal_8_vertical_coils,8,simultaneous,4,200.0,0.0,CW,25.252,17.856,1.0,1.0,0.0,0.0,35.0,50.0,0.0,142.35,405.7,1261.7,16.413,2.087,0.0,18.5,0.901,True,0
var11_toroidal_8_vertical_coils,8,simultaneous,4,200.0,0.0,CCW,25.252,17.856,1.0,1.0,0.0,-0.0,35.0,50.0,-0.0,142.35,405.7,1261.7,16.413,2.087,0.0,18.5,0.901,True,0
var11_toroidal_8_vertical_coils,8,simultaneous,4,200.0,600.0,CW,25.252,17.856,1.0,0.9992,0.0,0.04,33.98,52.0,0.207,142.35,405.7,1261.7,16.413,2.087,0.0,18.5,0.921,True,0
var11_toroidal_8_vertical_coils,8,simultaneous,4,200.0,600.0,CCW,25.252,17.856,1.0,0.9992,0.0,-0.04,33.98,52.0,-0.207,142.35,405.7,1261.7,16.413,2.087,0.0,18.5,0.921,True,0
var11_toroidal_8_vertical_coils,8,simultaneous,4,200.0,1200.0,CW,25.252,17.856,1.0,0.9968,0.0,0.08,27.94,54.0,0.413,142.35,405.7,1261.7,16.413,2.087,0.0,18.5,0.942,True,0
var11_toroidal_8_vertical_coils,8,simultaneous,4,200.0,1200.0,CCW,25.252,17.856,1.0,0.9968,0.0,-0.08,27.94,54.0,-0.413,142.35,405.7,1261.7,16.413,2.087,0.0,18.5,0.942,True,0
var11_toroidal_8_vertical_coils,8,simultaneous,4,200.0,2400.0,CW,25.252,17.856,1.0,0.9871,0.0,0.16,21.88,58.0,0.827,142.35,405.7,1261.7,16.413,2.087,0.0,18.5,0.981,True,0
var11_toroidal_8_vertical_coils,8,simultaneous,4,200.0,2400.0,CCW,25.252,17.856,1.0,0.9871,0.0,-0.16,21.88,58.0,-0.827,142.35,405.7,1261.7,16.413,2.087,0.0,18.5,0.981,True,0
var11_toroidal_8_vertical_coils,8,simultaneous,4,400.0,0.0,CW,23.958,16.941,1.0,1.0,0.0,0.0,35.0,50.0,0.0,124.62,355.18,2394.16,16.494,2.006,0.0,18.5,0.935,True,0
var11_toroidal_8_vertical_coils,8,simultaneous,4,400.0,0.0,CCW,23.958,16.941,1.0,1.0,0.0,-0.0,35.0,50.0,-0.0,124.62,355.18,2394.16,16.494,2.006,0.0,18.5,0.935,True,0
var11_toroidal_8_vertical_coils,8,simultaneous,4,400.0,600.0,CW,23.958,16.941,1.0,0.9992,0.0,0.04,33.98,52.0,0.186,124.62,355.18,2394.16,16.494,2.006,0.0,18.5,0.955,True,0
var11_toroidal_8_vertical_coils,8,simultaneous,4,400.0,600.0,CCW,23.958,16.941,1.0,0.9992,0.0,-0.04,33.98,52.0,-0.186,124.62,355.18,2394.16,16.494,2.006,0.0,18.5,0.955,True,0
var11_toroidal_8_vertical_coils,8,simultaneous,4,400.0,1200.0,CW,23.958,16.941,1.0,0.9968,0.0,0.08,27.94,54.0,0.372,124.62,355.18,2394.16,16.494,2.006,0.0,18.5,0.975,True,0
var11_toroidal_8_vertical_coils,8,simultaneous,4,400.0,1200.0,CCW,23.958,16.941,1.0,0.9968,0.0,-0.08,27.94,54.0,-0.372,124.62,355.18,2394.16,16.494,2.006,0.0,18.5,0.975,True,0
var11_toroidal_8_vertical_coils,8,simultaneous,4,400.0,2400.0,CW,23.958,16.941,1.0,0.9871,0.0,0.16,21.88,58.0,0.744,124.62,355.18,2394.16,16.494,2.006,0.0,18.5,1.016,True,0
var11_toroidal_8_vertical_coils,8,simultaneous,4,400.0,2400.0,CCW,23.958,16.941,1.0,0.9871,0.0,-0.16,21.88,58.0,-0.744,124.62,355.18,2394.16,16.494,2.006,0.0,18.5,1.016,True,0
var11_toroidal_8_vertical_coils,8,simultaneous,4,800.0,0.0,CW,23.782,16.816,1.0,1.0,0.0,0.0,35.0,50.0,0.0,122.44,348.97,4752.99,16.435,2.065,0.0,18.5,1.004,True,0
var11_toroidal_8_vertical_coils,8,simultaneous,4,800.0,0.0,CCW,23.782,16.816,1.0,1.0,0.0,-0.0,35.0,50.0,-0.0,122.44,348.97,4752.99,16.435,2.065,0.0,18.5,1.004,True,0
var11_toroidal_8_vertical_coils,8,simultaneous,4,800.0,600.0,CW,23.782,16.816,1.0,0.9992,0.0,0.04,33.98,52.0,0.183,122.44,348.97,4752.99,16.435,2.065,0.0,18.5,1.024,True,0
var11_toroidal_8_vertical_coils,8,simultaneous,4,800.0,600.0,CCW,23.782,16.816,1.0,0.9992,0.0,-0.04,33.98,52.0,-0.183,122.44,348.97,4752.99,16.435,2.065,0.0,18.5,1.024,True,0
var11_toroidal_8_vertical_coils,8,simultaneous,4,800.0,1200.0,CW,23.782,16.816,1.0,0.9968,0.0,0.08,27.94,54.0,0.367,122.44,348.97,4752.99,16.435,2.065,0.0,18.5,1.044,True,0
var11_toroidal_8_vertical_coils,8,simultaneous,4,800.0,1200.0,CCW,23.782,16.816,1.0,0.9968,0.0,-0.08,27.94,54.0,-0.367,122.44,348.97,4752.99,16.435,2.065,0.0,18.5,1.044,True,0
var11_toroidal_8_vertical_coils,8,simultaneous,4,800.0,2400.0,CW,23.782,16.816,1.0,0.9871,0.0,0.16,21.88,58.0,0.733,122.44,348.97,4752.99,16.435,2.065,0.0,18.5,1.084,True,0
var11_toroidal_8_vertical_coils,8,simultaneous,4,800.0,2400.0,CCW,23.782,16.816,1.0,0.9871,0.0,-0.16,21.88,58.0,-0.733,122.44,348.97,4752.99,16.435,2.065,0.0,18.5,1.084,True,0
var11_toroidal_8_vertical_coils,8,simultaneous,4,1000.0,0.0,CW,23.745,16.791,1.0,1.0,0.0,0.0,35.0,50.0,0.0,122.04,347.82,5932.19,16.4,2.1,0.0,18.5,1.038,True,0
var11_toroidal_8_vertical_coils,8,simultaneous,4,1000.0,0.0,CCW,23.745,16.791,1.0,1.0,0.0,-0.0,35.0,50.0,-0.0,122.04,347.82,5932.19,16.4,2.1,0.0,18.5,1.038,True,0
var11_toroidal_8_vertical_coils,8,simultaneous,4,1000.0,600.0,CW,23.745,16.791,1.0,0.9992,0.0,0.04,33.98,52.0,0.183,122.04,347.82,5932.19,16.4,2.1,0.0,18.5,1.058,True,0
var11_toroidal_8_vertical_coils,8,simultaneous,4,1000.0,600.0,CCW,23.745,16.791,1.0,0.9992,0.0,-0.04,33.98,52.0,-0.183,122.04,347.82,5932.19,16.4,2.1,0.0,18.5,1.058,True,0
var11_toroidal_8_vertical_coils,8,simultaneous,4,1000.0,1200.0,CW,23.745,16.791,1.0,0.9968,0.0,0.08,27.94,54.0,0.365,122.04,347.82,5932.19,16.4,2.1,0.0,18.5,1.078,True,0
var11_toroidal_8_vertical_coils,8,simultaneous,4,1000.0,1200.0,CCW,23.745,16.791,1.0,0.9968,0.0,-0.08,27.94,54.0,-0.365,122.04,347.82,5932.19,16.4,2.1,0.0,18.5,1.078,True,0
var11_toroidal_8_vertical_coils,8,simultaneous,4,1000.0,2400.0,CW,23.745,16.791,1.0,0.9871,0.0,0.16,21.88,58.0,0.731,122.04,347.82,5932.19,16.4,2.1,0.0,18.5,1.118,True,0
var11_toroidal_8_vertical_coils,8,simultaneous,4,1000.0,2400.0,CCW,23.745,16.791,1.0,0.9871,0.0,-0.16,21.88,58.0,-0.731,122.04,347.82,5932.19,16.4,2.1,0.0,18.5,1.118,True,0
var11_toroidal_8_vertical_coils,8,simultaneous,5,25.0,0.0,CW,24.944,17.638,1.0,1.0,0.0,0.0,35.0,50.0,0.0,137.92,393.06,155.79,16.475,2.025,0.0,18.5,0.872,True,0
var11_toroidal_8_vertical_coils,8,simultaneous,5,25.0,0.0,CCW,24.944,17.638,1.0,1.0,0.0,-0.0,35.0,50.0,-0.0,137.92,393.06,155.79,16.475,2.025,0.0,18.5,0.872,True,0
var11_toroidal_8_vertical_coils,8,simultaneous,5,25.0,600.0,CW,24.944,17.638,1.0,0.9992,0.0,0.04,33.98,52.0,0.202,137.92,393.06,155.79,16.475,2.025,0.0,18.5,0.892,True,0
var11_toroidal_8_vertical_coils,8,simultaneous,5,25.0,600.0,CCW,24.944,17.638,1.0,0.9992,0.0,-0.04,33.98,52.0,-0.202,137.92,393.06,155.79,16.475,2.025,0.0,18.5,0.892,True,0
var11_toroidal_8_vertical_coils,8,simultaneous,5,25.0,1200.0,CW,24.944,17.638,1.0,0.9968,0.0,0.08,27.94,54.0,0.403,137.92,393.06,155.79,16.475,2.025,0.0,18.5,0.912,True,0
var11_toroidal_8_vertical_coils,8,simultaneous,5,25.0,1200.0,CCW,24.944,17.638,1.0,0.9968,0.0,-0.08,27.94,54.0,-0.403,137.92,393.06,155.79,16.475,2.025,0.0,18.5,0.912,True,0
var11_toroidal_8_vertical_coils,8,simultaneous,5,25.0,2400.0,CW,24.944,17.638,1.0,0.9871,0.0,0.16,21.88,58.0,0.807,137.92,393.06,155.79,16.475,2.025,0.0,18.5,0.952,True,0
var11_toroidal_8_vertical_coils,8,simultaneous,5,25.0,2400.0,CCW,24.944,17.638,1.0,0.9871,0.0,-0.16,21.88,58.0,-0.807,137.92,393.06,155.79,16.475,2.025,0.0,18.5,0.952,True,0
var11_toroidal_8_vertical_coils,8,simultaneous,5,50.0,0.0,CW,25.571,18.081,1.0,1.0,0.0,0.0,35.0,50.0,0.0,146.91,418.69,319.41,16.413,2.087,0.0,18.5,0.876,True,0
var11_toroidal_8_vertical_coils,8,simultaneous,5,50.0,0.0,CCW,25.571,18.081,1.0,1.0,0.0,-0.0,35.0,50.0,-0.0,146.91,418.69,319.41,16.413,2.087,0.0,18.5,0.876,True,0
var11_toroidal_8_vertical_coils,8,simultaneous,5,50.0,600.0,CW,25.571,18.081,1.0,0.9992,0.0,0.04,33.98,52.0,0.212,146.91,418.69,319.41,16.413,2.087,0.0,18.5,0.896,True,0
var11_toroidal_8_vertical_coils,8,simultaneous,5,50.0,600.0,CCW,25.571,18.081,1.0,0.9992,0.0,-0.04,33.98,52.0,-0.212,146.91,418.69,319.41,16.413,2.087,0.0,18.5,0.896,True,0
var11_toroidal_8_vertical_coils,8,simultaneous,5,50.0,1200.0,CW,25.571,18.081,1.0,0.9968,0.0,0.08,27.94,54.0,0.424,146.91,418.69,319.41,16.413,2.087,0.0,18.5,0.916,True,0
var11_toroidal_8_vertical_coils,8,simultaneous,5,50.0,1200.0,CCW,25.571,18.081,1.0,0.9968,0.0,-0.08,27.94,54.0,-0.424,146.91,418.69,319.41,16.413,2.087,0.0,18.5,0.916,True,0
var11_toroidal_8_vertical_coils,8,simultaneous,5,50.0,2400.0,CW,25.571,18.081,1.0,0.9871,0.0,0.16,21.88,58.0,0.848,146.91,418.69,319.41,16.413,2.087,0.0,18.5,0.956,True,0
var11_toroidal_8_vertical_coils,8,simultaneous,5,50.0,2400.0,CCW,25.571,18.081,1.0,0.9871,0.0,-0.16,21.88,58.0,-0.848,146.91,418.69,319.41,16.413,2.087,0.0,18.5,0.956,True,0
var11_toroidal_8_vertical_coils,8,simultaneous,5,60.0,0.0,CW,25.953,18.351,1.0,1.0,0.0,0.0,35.0,50.0,0.0,152.56,434.79,389.02,16.376,2.124,0.0,18.5,0.878,True,0
var11_toroidal_8_vertical_coils,8,simultaneous,5,60.0,0.0,CCW,25.953,18.351,1.0,1.0,0.0,-0.0,35.0,50.0,-0.0,152.56,434.79,389.02,16.376,2.124,0.0,18.5,0.878,True,0
var11_toroidal_8_vertical_coils,8,simultaneous,5,60.0,600.0,CW,25.953,18.351,1.0,0.9992,0.0,0.04,33.98,52.0,0.218,152.56,434.79,389.02,16.376,2.124,0.0,18.5,0.898,True,0
var11_toroidal_8_vertical_coils,8,simultaneous,5,60.0,600.0,CCW,25.953,18.351,1.0,0.9992,0.0,-0.04,33.98,52.0,-0.218,152.56,434.79,389.02,16.376,2.124,0.0,18.5,0.898,True,0
var11_toroidal_8_vertical_coils,8,simultaneous,5,60.0,1200.0,CW,25.953,18.351,1.0,0.9968,0.0,0.08,27.94,54.0,0.437,152.56,434.79,389.02,16.376,2.124,0.0,18.5,0.918,True,0
var11_toroidal_8_vertical_coils,8,simultaneous,5,60.0,1200.0,CCW,25.953,18.351,1.0,0.9968,0.0,-0.08,27.94,54.0,-0.437,152.56,434.79,389.02,16.376,2.124,0.0,18.5,0.918,True,0
var11_toroidal_8_vertical_coils,8,simultaneous,5,60.0,2400.0,CW,25.953,18.351,1.0,0.9871,0.0,0.16,21.88,58.0,0.873,152.56,434.79,389.02,16.376,2.124,0.0,18.5,0.958,True,0
var11_toroidal_8_vertical_coils,8,simultaneous,5,60.0,2400.0,CCW,25.953,18.351,1.0,0.9871,0.0,-0.16,21.88,58.0,-0.873,152.56,434.79,389.02,16.376,2.124,0.0,18.5,0.958,True,0
var11_toroidal_8_vertical_coils,8,simultaneous,5,100.0,0.0,CW,28.496,20.15,1.0,1.0,0.0,0.0,35.0,50.0,0.0,193.67,551.95,711.91,16.142,2.358,0.0,18.5,0.884,True,0
var11_toroidal_8_vertical_coils,8,simultaneous,5,100.0,0.0,CCW,28.496,20.15,1.0,1.0,0.0,-0.0,35.0,50.0,-0.0,193.67,551.95,711.91,16.142,2.358,0.0,18.5,0.884,True,0
var11_toroidal_8_vertical_coils,8,simultaneous,5,100.0,600.0,CW,28.496,20.15,1.0,0.9992,0.0,0.04,33.98,52.0,0.263,193.67,551.95,711.91,16.142,2.358,0.0,18.5,0.904,True,0
var11_toroidal_8_vertical_coils,8,simultaneous,5,100.0,600.0,CCW,28.496,20.15,1.0,0.9992,0.0,-0.04,33.98,52.0,-0.263,193.67,551.95,711.91,16.142,2.358,0.0,18.5,0.904,True,0
var11_toroidal_8_vertical_coils,8,simultaneous,5,100.0,1200.0,CW,28.496,20.15,1.0,0.9968,0.0,0.08,27.94,54.0,0.526,193.67,551.95,711.91,16.142,2.358,0.0,18.5,0.924,True,0
var11_toroidal_8_vertical_coils,8,simultaneous,5,100.0,1200.0,CCW,28.496,20.15,1.0,0.9968,0.0,-0.08,27.94,54.0,-0.526,193.67,551.95,711.91,16.142,2.358,0.0,18.5,0.924,True,0
var11_toroidal_8_vertical_coils,8,simultaneous,5,100.0,2400.0,CW,28.496,20.15,1.0,0.9871,0.0,0.16,21.88,58.0,1.053,193.67,551.95,711.91,16.142,2.358,0.0,18.5,0.964,True,0
var11_toroidal_8_vertical_coils,8,simultaneous,5,100.0,2400.0,CCW,28.496,20.15,1.0,0.9871,0.0,-0.16,21.88,58.0,-1.053,193.67,551.95,711.91,16.142,2.358,0.0,18.5,0.964,True,0
var11_toroidal_8_vertical_coils,8,simultaneous,5,120.0,0.0,CW,29.324,20.735,1.0,1.0,0.0,0.0,35.0,50.0,0.0,208.38,593.87,879.09,16.065,2.435,0.0,18.5,0.888,True,0
var11_toroidal_8_vertical_coils,8,simultaneous,5,120.0,0.0,CCW,29.324,20.735,1.0,1.0,0.0,-0.0,35.0,50.0,-0.0,208.38,593.87,879.09,16.065,2.435,0.0,18.5,0.888,True,0
var11_toroidal_8_vertical_coils,8,simultaneous,5,120.0,600.0,CW,29.324,20.735,1.0,0.9992,0.0,0.04,33.98,52.0,0.279,208.38,593.87,879.09,16.065,2.435,0.0,18.5,0.908,True,0
var11_toroidal_8_vertical_coils,8,simultaneous,5,120.0,600.0,CCW,29.324,20.735,1.0,0.9992,0.0,-0.04,33.98,52.0,-0.279,208.38,593.87,879.09,16.065,2.435,0.0,18.5,0.908,True,0
var11_toroidal_8_vertical_coils,8,simultaneous,5,120.0,1200.0,CW,29.324,20.735,1.0,0.9968,0.0,0.08,27.94,54.0,0.557,208.38,593.87,879.09,16.065,2.435,0.0,18.5,0.928,True,0
var11_toroidal_8_vertical_coils,8,simultaneous,5,120.0,1200.0,CCW,29.324,20.735,1.0,0.9968,0.0,-0.08,27.94,54.0,-0.557,208.38,593.87,879.09,16.065,2.435,0.0,18.5,0.928,True,0
var11_toroidal_8_vertical_coils,8,simultaneous,5,120.0,2400.0,CW,29.324,20.735,1.0,0.9871,0.0,0.16,21.88,58.0,1.115,208.38,593.87,879.09,16.065,2.435,0.0,18.5,0.968,True,0
var11_toroidal_8_vertical_coils,8,simultaneous,5,120.0,2400.0,CCW,29.324,20.735,1.0,0.9871,0.0,-0.16,21.88,58.0,-1.115,208.38,593.87,879.09,16.065,2.435,0.0,18.5,0.968,True,0
var11_toroidal_8_vertical_coils,8,simultaneous,5,150.0,0.0,CW,27.748,19.621,1.0,1.0,0.0,0.0,35.0,50.0,0.0,180.97,515.77,1039.82,16.198,2.302,0.0,18.5,0.893,True,0
var11_toroidal_8_vertical_coils,8,simultaneous,5,150.0,0.0,CCW,27.748,19.621,1.0,1.0,0.0,-0.0,35.0,50.0,-0.0,180.97,515.77,1039.82,16.198,2.302,0.0,18.5,0.893,True,0
var11_toroidal_8_vertical_coils,8,simultaneous,5,150.0,600.0,CW,27.748,19.621,1.0,0.9992,0.0,0.04,33.98,52.0,0.25,180.97,515.77,1039.82,16.198,2.302,0.0,18.5,0.913,True,0
var11_toroidal_8_vertical_coils,8,simultaneous,5,150.0,600.0,CCW,27.748,19.621,1.0,0.9992,0.0,-0.04,33.98,52.0,-0.25,180.97,515.77,1039.82,16.198,2.302,0.0,18.5,0.913,True,0
var11_toroidal_8_vertical_coils,8,simultaneous,5,150.0,1200.0,CW,27.748,19.621,1.0,0.9968,0.0,0.08,27.94,54.0,0.499,180.97,515.77,1039.82,16.198,2.302,0.0,18.5,0.933,True,0
var11_toroidal_8_vertical_coils,8,simultaneous,5,150.0,1200.0,CCW,27.748,19.621,1.0,0.9968,0.0,-0.08,27.94,54.0,-0.499,180.97,515.77,1039.82,16.198,2.302,0.0,18.5,0.933,True,0
var11_toroidal_8_vertical_coils,8,simultaneous,5,150.0,2400.0,CW,27.748,19.621,1.0,0.9871,0.0,0.16,21.88,58.0,0.998,180.97,515.77,1039.82,16.198,2.302,0.0,18.5,0.973,True,0
var11_toroidal_8_vertical_coils,8,simultaneous,5,150.0,2400.0,CCW,27.748,19.621,1.0,0.9871,0.0,-0.16,21.88,58.0,-0.998,180.97,515.77,1039.82,16.198,2.302,0.0,18.5,0.973,True,0
var11_toroidal_8_vertical_coils,8,simultaneous,5,200.0,0.0,CW,25.252,17.856,1.0,1.0,0.0,0.0,35.0,50.0,0.0,142.35,405.7,1261.7,16.413,2.087,0.0,18.5,0.901,True,0
var11_toroidal_8_vertical_coils,8,simultaneous,5,200.0,0.0,CCW,25.252,17.856,1.0,1.0,0.0,-0.0,35.0,50.0,-0.0,142.35,405.7,1261.7,16.413,2.087,0.0,18.5,0.901,True,0
var11_toroidal_8_vertical_coils,8,simultaneous,5,200.0,600.0,CW,25.252,17.856,1.0,0.9992,0.0,0.04,33.98,52.0,0.207,142.35,405.7,1261.7,16.413,2.087,0.0,18.5,0.921,True,0
var11_toroidal_8_vertical_coils,8,simultaneous,5,200.0,600.0,CCW,25.252,17.856,1.0,0.9992,0.0,-0.04,33.98,52.0,-0.207,142.35,405.7,1261.7,16.413,2.087,0.0,18.5,0.921,True,0
var11_toroidal_8_vertical_coils,8,simultaneous,5,200.0,1200.0,CW,25.252,17.856,1.0,0.9968,0.0,0.08,27.94,54.0,0.413,142.35,405.7,1261.7,16.413,2.087,0.0,18.5,0.942,True,0
var11_toroidal_8_vertical_coils,8,simultaneous,5,200.0,1200.0,CCW,25.252,17.856,1.0,0.9968,0.0,-0.08,27.94,54.0,-0.413,142.35,405.7,1261.7,16.413,2.087,0.0,18.5,0.942,True,0
var11_toroidal_8_vertical_coils,8,simultaneous,5,200.0,2400.0,CW,25.252,17.856,1.0,0.9871,0.0,0.16,21.88,58.0,0.827,142.35,405.7,1261.7,16.413,2.087,0.0,18.5,0.981,True,0
var11_toroidal_8_vertical_coils,8,simultaneous,5,200.0,2400.0,CCW,25.252,17.856,1.0,0.9871,0.0,-0.16,21.88,58.0,-0.827,142.35,405.7,1261.7,16.413,2.087,0.0,18.5,0.981,True,0
var11_toroidal_8_vertical_coils,8,simultaneous,5,400.0,0.0,CW,23.958,16.941,1.0,1.0,0.0,0.0,35.0,50.0,0.0,124.62,355.18,2394.16,16.494,2.006,0.0,18.5,0.935,True,0
var11_toroidal_8_vertical_coils,8,simultaneous,5,400.0,0.0,CCW,23.958,16.941,1.0,1.0,0.0,-0.0,35.0,50.0,-0.0,124.62,355.18,2394.16,16.494,2.006,0.0,18.5,0.935,True,0
var11_toroidal_8_vertical_coils,8,simultaneous,5,400.0,600.0,CW,23.958,16.941,1.0,0.9992,0.0,0.04,33.98,52.0,0.186,124.62,355.18,2394.16,16.494,2.006,0.0,18.5,0.955,True,0
var11_toroidal_8_vertical_coils,8,simultaneous,5,400.0,600.0,CCW,23.958,16.941,1.0,0.9992,0.0,-0.04,33.98,52.0,-0.186,124.62,355.18,2394.16,16.494,2.006,0.0,18.5,0.955,True,0
var11_toroidal_8_vertical_coils,8,simultaneous,5,400.0,1200.0,CW,23.958,16.941,1.0,0.9968,0.0,0.08,27.94,54.0,0.372,124.62,355.18,2394.16,16.494,2.006,0.0,18.5,0.975,True,0
var11_toroidal_8_vertical_coils,8,simultaneous,5,400.0,1200.0,CCW,23.958,16.941,1.0,0.9968,0.0,-0.08,27.94,54.0,-0.372,124.62,355.18,2394.16,16.494,2.006,0.0,18.5,0.975,True,0
var11_toroidal_8_vertical_coils,8,simultaneous,5,400.0,2400.0,CW,23.958,16.941,1.0,0.9871,0.0,0.16,21.88,58.0,0.744,124.62,355.18,2394.16,16.494,2.006,0.0,18.5,1.016,True,0
var11_toroidal_8_vertical_coils,8,simultaneous,5,400.0,2400.0,CCW,23.958,16.941,1.0,0.9871,0.0,-0.16,21.88,58.0,-0.744,124.62,355.18,2394.16,16.494,2.006,0.0,18.5,1.016,True,0
var11_toroidal_8_vertical_coils,8,simultaneous,5,800.0,0.0,CW,23.782,16.816,1.0,1.0,0.0,0.0,35.0,50.0,0.0,122.44,348.97,4752.99,16.435,2.065,0.0,18.5,1.004,True,0
var11_toroidal_8_vertical_coils,8,simultaneous,5,800.0,0.0,CCW,23.782,16.816,1.0,1.0,0.0,-0.0,35.0,50.0,-0.0,122.44,348.97,4752.99,16.435,2.065,0.0,18.5,1.004,True,0
var11_toroidal_8_vertical_coils,8,simultaneous,5,800.0,600.0,CW,23.782,16.816,1.0,0.9992,0.0,0.04,33.98,52.0,0.183,122.44,348.97,4752.99,16.435,2.065,0.0,18.5,1.024,True,0
var11_toroidal_8_vertical_coils,8,simultaneous,5,800.0,600.0,CCW,23.782,16.816,1.0,0.9992,0.0,-0.04,33.98,52.0,-0.183,122.44,348.97,4752.99,16.435,2.065,0.0,18.5,1.024,True,0
var11_toroidal_8_vertical_coils,8,simultaneous,5,800.0,1200.0,CW,23.782,16.816,1.0,0.9968,0.0,0.08,27.94,54.0,0.367,122.44,348.97,4752.99,16.435,2.065,0.0,18.5,1.044,True,0
var11_toroidal_8_vertical_coils,8,simultaneous,5,800.0,1200.0,CCW,23.782,16.816,1.0,0.9968,0.0,-0.08,27.94,54.0,-0.367,122.44,348.97,4752.99,16.435,2.065,0.0,18.5,1.044,True,0
var11_toroidal_8_vertical_coils,8,simultaneous,5,800.0,2400.0,CW,23.782,16.816,1.0,0.9871,0.0,0.16,21.88,58.0,0.733,122.44,348.97,4752.99,16.435,2.065,0.0,18.5,1.084,True,0
var11_toroidal_8_vertical_coils,8,simultaneous,5,800.0,2400.0,CCW,23.782,16.816,1.0,0.9871,0.0,-0.16,21.88,58.0,-0.733,122.44,348.97,4752.99,16.435,2.065,0.0,18.5,1.084,True,0
var11_toroidal_8_vertical_coils,8,simultaneous,5,1000.0,0.0,CW,23.745,16.791,1.0,1.0,0.0,0.0,35.0,50.0,0.0,122.04,347.82,5932.19,16.4,2.1,0.0,18.5,1.038,True,0
var11_toroidal_8_vertical_coils,8,simultaneous,5,1000.0,0.0,CCW,23.745,16.791,1.0,1.0,0.0,-0.0,35.0,50.0,-0.0,122.04,347.82,5932.19,16.4,2.1,0.0,18.5,1.038,True,0
var11_toroidal_8_vertical_coils,8,simultaneous,5,1000.0,600.0,CW,23.745,16.791,1.0,0.9992,0.0,0.04,33.98,52.0,0.183,122.04,347.82,5932.19,16.4,2.1,0.0,18.5,1.058,True,0
var11_toroidal_8_vertical_coils,8,simultaneous,5,1000.0,600.0,CCW,23.745,16.791,1.0,0.9992,0.0,-0.04,33.98,52.0,-0.183,122.04,347.82,5932.19,16.4,2.1,0.0,18.5,1.058,True,0
var11_toroidal_8_vertical_coils,8,simultaneous,5,1000.0,1200.0,CW,23.745,16.791,1.0,0.9968,0.0,0.08,27.94,54.0,0.365,122.04,347.82,5932.19,16.4,2.1,0.0,18.5,1.078,True,0
var11_toroidal_8_vertical_coils,8,simultaneous,5,1000.0,1200.0,CCW,23.745,16.791,1.0,0.9968,0.0,-0.08,27.94,54.0,-0.365,122.04,347.82,5932.19,16.4,2.1,0.0,18.5,1.078,True,0
var11_toroidal_8_vertical_coils,8,simultaneous,5,1000.0,2400.0,CW,23.745,16.791,1.0,0.9871,0.0,0.16,21.88,58.0,0.731,122.04,347.82,5932.19,16.4,2.1,0.0,18.5,1.118,True,0
var11_toroidal_8_vertical_coils,8,simultaneous,5,1000.0,2400.0,CCW,23.745,16.791,1.0,0.9871,0.0,-0.16,21.88,58.0,-0.731,122.04,347.82,5932.19,16.4,2.1,0.0,18.5,1.118,True,0
var11_toroidal_8_vertical_coils,8,simultaneous,6,25.0,0.0,CW,25.966,18.36,1.0,1.0,0.0,0.0,35.0,50.0,0.0,157.38,448.54,162.17,16.405,2.095,0.0,18.5,0.874,True,0
var11_toroidal_8_vertical_coils,8,simultaneous,6,25.0,0.0,CCW,25.966,18.36,1.0,1.0,0.0,-0.0,35.0,50.0,-0.0,157.38,448.54,162.17,16.405,2.095,0.0,18.5,0.874,True,0
var11_toroidal_8_vertical_coils,8,simultaneous,6,25.0,600.0,CW,25.966,18.36,1.0,0.9992,0.0,0.04,33.98,52.0,0.218,157.38,448.54,162.17,16.405,2.095,0.0,18.5,0.894,True,0
var11_toroidal_8_vertical_coils,8,simultaneous,6,25.0,600.0,CCW,25.966,18.36,1.0,0.9992,0.0,-0.04,33.98,52.0,-0.218,157.38,448.54,162.17,16.405,2.095,0.0,18.5,0.894,True,0
var11_toroidal_8_vertical_coils,8,simultaneous,6,25.0,1200.0,CW,25.966,18.36,1.0,0.9968,0.0,0.08,27.94,54.0,0.437,157.38,448.54,162.17,16.405,2.095,0.0,18.5,0.914,True,0
var11_toroidal_8_vertical_coils,8,simultaneous,6,25.0,1200.0,CCW,25.966,18.36,1.0,0.9968,0.0,-0.08,27.94,54.0,-0.437,157.38,448.54,162.17,16.405,2.095,0.0,18.5,0.914,True,0
var11_toroidal_8_vertical_coils,8,simultaneous,6,25.0,2400.0,CW,25.966,18.36,1.0,0.9871,0.0,0.16,21.88,58.0,0.874,157.38,448.54,162.17,16.405,2.095,0.0,18.5,0.954,True,0
var11_toroidal_8_vertical_coils,8,simultaneous,6,25.0,2400.0,CCW,25.966,18.36,1.0,0.9871,0.0,-0.16,21.88,58.0,-0.874,157.38,448.54,162.17,16.405,2.095,0.0,18.5,0.954,True,0
var11_toroidal_8_vertical_coils,8,simultaneous,6,50.0,0.0,CW,26.616,18.82,1.0,1.0,0.0,0.0,35.0,50.0,0.0,167.62,477.72,332.46,16.341,2.159,0.0,18.5,0.878,True,0
var11_toroidal_8_vertical_coils,8,simultaneous,6,50.0,0.0,CCW,26.616,18.82,1.0,1.0,0.0,-0.0,35.0,50.0,-0.0,167.62,477.72,332.46,16.341,2.159,0.0,18.5,0.878,True,0
var11_toroidal_8_vertical_coils,8,simultaneous,6,50.0,600.0,CW,26.616,18.82,1.0,0.9992,0.0,0.04,33.98,52.0,0.23,167.62,477.72,332.46,16.341,2.159,0.0,18.5,0.898,True,0
var11_toroidal_8_vertical_coils,8,simultaneous,6,50.0,600.0,CCW,26.616,18.82,1.0,0.9992,0.0,-0.04,33.98,52.0,-0.23,167.62,477.72,332.46,16.341,2.159,0.0,18.5,0.898,True,0
var11_toroidal_8_vertical_coils,8,simultaneous,6,50.0,1200.0,CW,26.616,18.82,1.0,0.9968,0.0,0.08,27.94,54.0,0.459,167.62,477.72,332.46,16.341,2.159,0.0,18.5,0.918,True,0
var11_toroidal_8_vertical_coils,8,simultaneous,6,50.0,1200.0,CCW,26.616,18.82,1.0,0.9968,0.0,-0.08,27.94,54.0,-0.459,167.62,477.72,332.46,16.341,2.159,0.0,18.5,0.918,True,0
var11_toroidal_8_vertical_coils,8,simultaneous,6,50.0,2400.0,CW,26.616,18.82,1.0,0.9871,0.0,0.16,21.88,58.0,0.918,167.62,477.72,332.46,16.341,2.159,0.0,18.5,0.958,True,0
var11_toroidal_8_vertical_coils,8,simultaneous,6,50.0,2400.0,CCW,26.616,18.82,1.0,0.9871,0.0,-0.16,21.88,58.0,-0.918,167.62,477.72,332.46,16.341,2.159,0.0,18.5,0.958,True,0
var11_toroidal_8_vertical_coils,8,simultaneous,6,60.0,0.0,CW,27.012,19.1,1.0,1.0,0.0,0.0,35.0,50.0,0.0,174.05,496.04,404.89,16.304,2.196,0.0,18.5,0.88,True,0
var11_toroidal_8_vertical_coils,8,simultaneous,6,60.0,0.0,CCW,27.012,19.1,1.0,1.0,0.0,-0.0,35.0,50.0,-0.0,174.05,496.04,404.89,16.304,2.196,0.0,18.5,0.88,True,0
var11_toroidal_8_vertical_coils,8,simultaneous,6,60.0,600.0,CW,27.012,19.1,1.0,0.9992,0.0,0.04,33.98,52.0,0.236,174.05,496.04,404.89,16.304,2.196,0.0,18.5,0.9,True,0
var11_toroidal_8_vertical_coils,8,simultaneous,6,60.0,600.0,CCW,27.012,19.1,1.0,0.9992,0.0,-0.04,33.98,52.0,-0.236,174.05,496.04,404.89,16.304,2.196,0.0,18.5,0.9,True,0
var11_toroidal_8_vertical_coils,8,simultaneous,6,60.0,1200.0,CW,27.012,19.1,1.0,0.9968,0.0,0.08,27.94,54.0,0.473,174.05,496.04,404.89,16.304,2.196,0.0,18.5,0.92,True,0
var11_toroidal_8_vertical_coils,8,simultaneous,6,60.0,1200.0,CCW,27.012,19.1,1.0,0.9968,0.0,-0.08,27.94,54.0,-0.473,174.05,496.04,404.89,16.304,2.196,0.0,18.5,0.92,True,0
var11_toroidal_8_vertical_coils,8,simultaneous,6,60.0,2400.0,CW,27.012,19.1,1.0,0.9871,0.0,0.16,21.88,58.0,0.946,174.05,496.04,404.89,16.304,2.196,0.0,18.5,0.96,True,0
var11_toroidal_8_vertical_coils,8,simultaneous,6,60.0,2400.0,CCW,27.012,19.1,1.0,0.9871,0.0,-0.16,21.88,58.0,-0.946,174.05,496.04,404.89,16.304,2.196,0.0,18.5,0.96,True,0
var11_toroidal_8_vertical_coils,8,simultaneous,6,100.0,0.0,CW,29.651,20.967,1.0,1.0,0.0,0.0,35.0,50.0,0.0,220.83,629.36,740.76,16.061,2.439,0.0,18.5,0.886,True,0
var11_toroidal_8_vertical_coils,8,simultaneous,6,100.0,0.0,CCW,29.651,20.967,1.0,1.0,0.0,-0.0,35.0,50.0,-0.0,220.83,629.36,740.76,16.061,2.439,0.0,18.5,0.886,True,0
var11_toroidal_8_vertical_coils,8,simultaneous,6,100.0,600.0,CW,29.651,20.967,1.0,0.9992,0.0,0.04,33.98,52.0,0.285,220.83,629.36,740.76,16.061,2.439,0.0,18.5,0.906,True,0
var11_toroidal_8_vertical_coils,8,simultaneous,6,100.0,600.0,CCW,29.651,20.967,1.0,0.9992,0.0,-0.04,33.98,52.0,-0.285,220.83,629.36,740.76,16.061,2.439,0.0,18.5,0.906,True,0
var11_toroidal_8_vertical_coils,8,simultaneous,6,100.0,1200.0,CW,29.651,20.967,1.0,0.9968,0.0,0.08,27.94,54.0,0.57,220.83,629.36,740.76,16.061,2.439,0.0,18.5,0.926,True,0
var11_toroidal_8_vertical_coils,8,simultaneous,6,100.0,1200.0,CCW,29.651,20.967,1.0,0.9968,0.0,-0.08,27.94,54.0,-0.57,220.83,629.36,740.76,16.061,2.439,0.0,18.5,0.926,True,0
var11_toroidal_8_vertical_coils,8,simultaneous,6,100.0,2400.0,CW,29.651,20.967,1.0,0.9871,0.0,0.16,21.88,58.0,1.14,220.83,629.36,740.76,16.061,2.439,0.0,18.5,0.966,True,0
var11_toroidal_8_vertical_coils,8,simultaneous,6,100.0,2400.0,CCW,29.651,20.967,1.0,0.9871,0.0,-0.16,21.88,58.0,-1.14,220.83,629.36,740.76,16.061,2.439,0.0,18.5,0.966,True,0
var11_toroidal_8_vertical_coils,8,simultaneous,6,120.0,0.0,CW,30.509,21.573,1.0,1.0,0.0,0.0,35.0,50.0,0.0,237.55,677.03,914.63,15.982,2.518,0.0,18.5,0.89,True,0
var11_toroidal_8_vertical_coils,8,simultaneous,6,120.0,0.0,CCW,30.509,21.573,1.0,1.0,0.0,-0.0,35.0,50.0,-0.0,237.55,677.03,914.63,15.982,2.518,0.0,18.5,0.89,True,0
var11_toroidal_8_vertical_coils,8,simultaneous,6,120.0,600.0,CW,30.509,21.573,1.0,0.9992,0.0,0.04,33.98,52.0,0.302,237.55,677.03,914.63,15.982,2.518,0.0,18.5,0.91,True,0
var11_toroidal_8_vertical_coils,8,simultaneous,6,120.0,600.0,CCW,30.509,21.573,1.0,0.9992,0.0,-0.04,33.98,52.0,-0.302,237.55,677.03,914.63,15.982,2.518,0.0,18.5,0.91,True,0
var11_toroidal_8_vertical_coils,8,simultaneous,6,120.0,1200.0,CW,30.509,21.573,1.0,0.9968,0.0,0.08,27.94,54.0,0.603,237.55,677.03,914.63,15.982,2.518,0.0,18.5,0.93,True,0
var11_toroidal_8_vertical_coils,8,simultaneous,6,120.0,1200.0,CCW,30.509,21.573,1.0,0.9968,0.0,-0.08,27.94,54.0,-0.603,237.55,677.03,914.63,15.982,2.518,0.0,18.5,0.93,True,0
var11_toroidal_8_vertical_coils,8,simultaneous,6,120.0,2400.0,CW,30.509,21.573,1.0,0.9871,0.0,0.16,21.88,58.0,1.207,237.55,677.03,914.63,15.982,2.518,0.0,18.5,0.97,True,0
var11_toroidal_8_vertical_coils,8,simultaneous,6,120.0,2400.0,CCW,30.509,21.573,1.0,0.9871,0.0,-0.16,21.88,58.0,-1.207,237.55,677.03,914.63,15.982,2.518,0.0,18.5,0.97,True,0
var11_toroidal_8_vertical_coils,8,simultaneous,6,150.0,0.0,CW,28.875,20.417,1.0,1.0,0.0,0.0,35.0,50.0,0.0,206.38,588.18,1082.03,16.12,2.38,0.0,18.5,0.895,True,0
var11_toroidal_8_vertical_coils,8,simultaneous,6,150.0,0.0,CCW,28.875,20.417,1.0,1.0,0.0,-0.0,35.0,50.0,-0.0,206.38,588.18,1082.03,16.12,2.38,0.0,18.5,0.895,True,0
var11_toroidal_8_vertical_coils,8,simultaneous,6,150.0,600.0,CW,28.875,20.417,1.0,0.9992,0.0,0.04,33.98,52.0,0.27,206.38,588.18,1082.03,16.12,2.38,0.0,18.5,0.915,True,0
var11_toroidal_8_vertical_coils,8,simultaneous,6,150.0,600.0,CCW,28.875,20.417,1.0,0.9992,0.0,-0.04,33.98,52.0,-0.27,206.38,588.18,1082.03,16.12,2.38,0.0,18.5,0.915,True,0
var11_toroidal_8_vertical_coils,8,simultaneous,6,150.0,1200.0,CW,28.875,20.417,1.0,0.9968,0.0,0.08,27.94,54.0,0.54,206.38,588.18,1082.03,16.12,2.38,0.0,18.5,0.935,True,0
var11_toroidal_8_vertical_coils,8,simultaneous,6,150.0,1200.0,CCW,28.875,20.417,1.0,0.9968,0.0,-0.08,27.94,54.0,-0.54,206.38,588.18,1082.03,16.12,2.38,0.0,18.5,0.935,True,0
var11_toroidal_8_vertical_coils,8,simultaneous,6,150.0,2400.0,CW,28.875,20.417,1.0,0.9871,0.0,0.16,21.88,58.0,1.081,206.38,588.18,1082.03,16.12,2.38,0.0,18.5,0.975,True,0
var11_toroidal_8_vertical_coils,8,simultaneous,6,150.0,2400.0,CCW,28.875,20.417,1.0,0.9871,0.0,-0.16,21.88,58.0,-1.081,206.38,588.18,1082.03,16.12,2.38,0.0,18.5,0.975,True,0
var11_toroidal_8_vertical_coils,8,simultaneous,6,200.0,0.0,CW,26.284,18.585,1.0,1.0,0.0,0.0,35.0,50.0,0.0,162.42,462.9,1313.26,16.342,2.158,0.0,18.5,0.903,True,0
var11_toroidal_8_vertical_coils,8,simultaneous,6,200.0,0.0,CCW,26.284,18.585,1.0,1.0,0.0,-0.0,35.0,50.0,-0.0,162.42,462.9,1313.26,16.342,2.158,0.0,18.5,0.903,True,0
var11_toroidal_8_vertical_coils,8,simultaneous,6,200.0,600.0,CW,26.284,18.585,1.0,0.9992,0.0,0.04,33.98,52.0,0.224,162.42,462.9,1313.26,16.342,2.158,0.0,18.5,0.923,True,0
var11_toroidal_8_vertical_coils,8,simultaneous,6,200.0,600.0,CCW,26.284,18.585,1.0,0.9992,0.0,-0.04,33.98,52.0,-0.224,162.42,462.9,1313.26,16.342,2.158,0.0,18.5,0.923,True,0
var11_toroidal_8_vertical_coils,8,simultaneous,6,200.0,1200.0,CW,26.284,18.585,1.0,0.9968,0.0,0.08,27.94,54.0,0.448,162.42,462.9,1313.26,16.342,2.158,0.0,18.5,0.943,True,0
var11_toroidal_8_vertical_coils,8,simultaneous,6,200.0,1200.0,CCW,26.284,18.585,1.0,0.9968,0.0,-0.08,27.94,54.0,-0.448,162.42,462.9,1313.26,16.342,2.158,0.0,18.5,0.943,True,0
var11_toroidal_8_vertical_coils,8,simultaneous,6,200.0,2400.0,CW,26.284,18.585,1.0,0.9871,0.0,0.16,21.88,58.0,0.896,162.42,462.9,1313.26,16.342,2.158,0.0,18.5,0.983,True,0
var11_toroidal_8_vertical_coils,8,simultaneous,6,200.0,2400.0,CCW,26.284,18.585,1.0,0.9871,0.0,-0.16,21.88,58.0,-0.896,162.42,462.9,1313.26,16.342,2.158,0.0,18.5,0.983,True,0
var11_toroidal_8_vertical_coils,8,simultaneous,6,400.0,0.0,CW,24.94,17.635,1.0,1.0,0.0,0.0,35.0,50.0,0.0,142.22,405.33,2492.23,16.426,2.074,0.0,18.5,0.937,True,0
var11_toroidal_8_vertical_coils,8,simultaneous,6,400.0,0.0,CCW,24.94,17.635,1.0,1.0,0.0,-0.0,35.0,50.0,-0.0,142.22,405.33,2492.23,16.426,2.074,0.0,18.5,0.937,True,0
var11_toroidal_8_vertical_coils,8,simultaneous,6,400.0,600.0,CW,24.94,17.635,1.0,0.9992,0.0,0.04,33.98,52.0,0.202,142.22,405.33,2492.23,16.426,2.074,0.0,18.5,0.957,True,0
var11_toroidal_8_vertical_coils,8,simultaneous,6,400.0,600.0,CCW,24.94,17.635,1.0,0.9992,0.0,-0.04,33.98,52.0,-0.202,142.22,405.33,2492.23,16.426,2.074,0.0,18.5,0.957,True,0
var11_toroidal_8_vertical_coils,8,simultaneous,6,400.0,1200.0,CW,24.94,17.635,1.0,0.9968,0.0,0.08,27.94,54.0,0.403,142.22,405.33,2492.23,16.426,2.074,0.0,18.5,0.977,True,0
var11_toroidal_8_vertical_coils,8,simultaneous,6,400.0,1200.0,CCW,24.94,17.635,1.0,0.9968,0.0,-0.08,27.94,54.0,-0.403,142.22,405.33,2492.23,16.426,2.074,0.0,18.5,0.977,True,0
var11_toroidal_8_vertical_coils,8,simultaneous,6,400.0,2400.0,CW,24.94,17.635,1.0,0.9871,0.0,0.16,21.88,58.0,0.806,142.22,405.33,2492.23,16.426,2.074,0.0,18.5,1.017,True,0
var11_toroidal_8_vertical_coils,8,simultaneous,6,400.0,2400.0,CCW,24.94,17.635,1.0,0.9871,0.0,-0.16,21.88,58.0,-0.806,142.22,405.33,2492.23,16.426,2.074,0.0,18.5,1.017,True,0
var11_toroidal_8_vertical_coils,8,simultaneous,6,800.0,0.0,CW,24.754,17.504,1.0,1.0,0.0,0.0,35.0,50.0,0.0,139.71,398.18,4947.34,16.364,2.136,0.0,18.5,1.005,True,0
var11_toroidal_8_vertical_coils,8,simultaneous,6,800.0,0.0,CCW,24.754,17.504,1.0,1.0,0.0,-0.0,35.0,50.0,-0.0,139.71,398.18,4947.34,16.364,2.136,0.0,18.5,1.005,True,0
var11_toroidal_8_vertical_coils,8,simultaneous,6,800.0,600.0,CW,24.754,17.504,1.0,0.9992,0.0,0.04,33.98,52.0,0.199,139.71,398.18,4947.34,16.364,2.136,0.0,18.5,1.025,True,0
var11_toroidal_8_vertical_coils,8,simultaneous,6,800.0,600.0,CCW,24.754,17.504,1.0,0.9992,0.0,-0.04,33.98,52.0,-0.199,139.71,398.18,4947.34,16.364,2.136,0.0,18.5,1.025,True,0
var11_toroidal_8_vertical_coils,8,simultaneous,6,800.0,1200.0,CW,24.754,17.504,1.0,0.9968,0.0,0.08,27.94,54.0,0.397,139.71,398.18,4947.34,16.364,2.136,0.0,18.5,1.045,True,0
var11_toroidal_8_vertical_coils,8,simultaneous,6,800.0,1200.0,CCW,24.754,17.504,1.0,0.9968,0.0,-0.08,27.94,54.0,-0.397,139.71,398.18,4947.34,16.364,2.136,0.0,18.5,1.045,True,0
var11_toroidal_8_vertical_coils,8,simultaneous,6,800.0,2400.0,CW,24.754,17.504,1.0,0.9871,0.0,0.16,21.88,58.0,0.794,139.71,398.18,4947.34,16.364,2.136,0.0,18.5,1.085,True,0
var11_toroidal_8_vertical_coils,8,simultaneous,6,800.0,2400.0,CCW,24.754,17.504,1.0,0.9871,0.0,-0.16,21.88,58.0,-0.794,139.71,398.18,4947.34,16.364,2.136,0.0,18.5,1.085,True,0
var11_toroidal_8_vertical_coils,8,simultaneous,6,1000.0,0.0,CW,24.715,17.476,1.0,1.0,0.0,0.0,35.0,50.0,0.0,139.24,396.85,6174.5,16.329,2.171,0.0,18.5,1.039,True,0
var11_toroidal_8_vertical_coils,8,simultaneous,6,1000.0,0.0,CCW,24.715,17.476,1.0,1.0,0.0,-0.0,35.0,50.0,-0.0,139.24,396.85,6174.5,16.329,2.171,0.0,18.5,1.039,True,0
var11_toroidal_8_vertical_coils,8,simultaneous,6,1000.0,600.0,CW,24.715,17.476,1.0,0.9992,0.0,0.04,33.98,52.0,0.198,139.24,396.85,6174.5,16.329,2.171,0.0,18.5,1.059,True,0
var11_toroidal_8_vertical_coils,8,simultaneous,6,1000.0,600.0,CCW,24.715,17.476,1.0,0.9992,0.0,-0.04,33.98,52.0,-0.198,139.24,396.85,6174.5,16.329,2.171,0.0,18.5,1.059,True,0
var11_toroidal_8_vertical_coils,8,simultaneous,6,1000.0,1200.0,CW,24.715,17.476,1.0,0.9968,0.0,0.08,27.94,54.0,0.396,139.24,396.85,6174.5,16.329,2.171,0.0,18.5,1.079,True,0
var11_toroidal_8_vertical_coils,8,simultaneous,6,1000.0,1200.0,CCW,24.715,17.476,1.0,0.9968,0.0,-0.08,27.94,54.0,-0.396,139.24,396.85,6174.5,16.329,2.171,0.0,18.5,1.079,True,0
var11_toroidal_8_vertical_coils,8,simultaneous,6,1000.0,2400.0,CW,24.715,17.476,1.0,0.9871,0.0,0.16,21.88,58.0,0.792,139.24,396.85,6174.5,16.329,2.171,0.0,18.5,1.119,True,0
var11_toroidal_8_vertical_coils,8,simultaneous,6,1000.0,2400.0,CCW,24.715,17.476,1.0,0.9871,0.0,-0.16,21.88,58.0,-0.792,139.24,396.85,6174.5,16.329,2.171,0.0,18.5,1.119,True,0
var11_toroidal_8_vertical_coils,8,simultaneous,7,25.0,0.0,CW,24.944,17.638,1.0,1.0,0.0,0.0,35.0,50.0,0.0,137.92,393.06,155.79,16.475,2.025,0.0,18.5,0.872,True,0
var11_toroidal_8_vertical_coils,8,simultaneous,7,25.0,0.0,CCW,24.944,17.638,1.0,1.0,0.0,-0.0,35.0,50.0,-0.0,137.92,393.06,155.79,16.475,2.025,0.0,18.5,0.872,True,0
var11_toroidal_8_vertical_coils,8,simultaneous,7,25.0,600.0,CW,24.944,17.638,1.0,0.9992,0.0,0.04,33.98,52.0,0.202,137.92,393.06,155.79,16.475,2.025,0.0,18.5,0.892,True,0
var11_toroidal_8_vertical_coils,8,simultaneous,7,25.0,600.0,CCW,24.944,17.638,1.0,0.9992,0.0,-0.04,33.98,52.0,-0.202,137.92,393.06,155.79,16.475,2.025,0.0,18.5,0.892,True,0
var11_toroidal_8_vertical_coils,8,simultaneous,7,25.0,1200.0,CW,24.944,17.638,1.0,0.9968,0.0,0.08,27.94,54.0,0.403,137.92,393.06,155.79,16.475,2.025,0.0,18.5,0.912,True,0
var11_toroidal_8_vertical_coils,8,simultaneous,7,25.0,1200.0,CCW,24.944,17.638,1.0,0.9968,0.0,-0.08,27.94,54.0,-0.403,137.92,393.06,155.79,16.475,2.025,0.0,18.5,0.912,True,0
var11_toroidal_8_vertical_coils,8,simultaneous,7,25.0,2400.0,CW,24.944,17.638,1.0,0.9871,0.0,0.16,21.88,58.0,0.807,137.92,393.06,155.79,16.475,2.025,0.0,18.5,0.952,True,0
var11_toroidal_8_vertical_coils,8,simultaneous,7,25.0,2400.0,CCW,24.944,17.638,1.0,0.9871,0.0,-0.16,21.88,58.0,-0.807,137.92,393.06,155.79,16.475,2.025,0.0,18.5,0.952,True,0
var11_toroidal_8_vertical_coils,8,simultaneous,7,50.0,0.0,CW,25.571,18.081,1.0,1.0,0.0,0.0,35.0,50.0,0.0,146.91,418.69,319.41,16.413,2.087,0.0,18.5,0.876,True,0
var11_toroidal_8_vertical_coils,8,simultaneous,7,50.0,0.0,CCW,25.571,18.081,1.0,1.0,0.0,-0.0,35.0,50.0,-0.0,146.91,418.69,319.41,16.413,2.087,0.0,18.5,0.876,True,0
var11_toroidal_8_vertical_coils,8,simultaneous,7,50.0,600.0,CW,25.571,18.081,1.0,0.9992,0.0,0.04,33.98,52.0,0.212,146.91,418.69,319.41,16.413,2.087,0.0,18.5,0.896,True,0
var11_toroidal_8_vertical_coils,8,simultaneous,7,50.0,600.0,CCW,25.571,18.081,1.0,0.9992,0.0,-0.04,33.98,52.0,-0.212,146.91,418.69,319.41,16.413,2.087,0.0,18.5,0.896,True,0
var11_toroidal_8_vertical_coils,8,simultaneous,7,50.0,1200.0,CW,25.571,18.081,1.0,0.9968,0.0,0.08,27.94,54.0,0.424,146.91,418.69,319.41,16.413,2.087,0.0,18.5,0.916,True,0
var11_toroidal_8_vertical_coils,8,simultaneous,7,50.0,1200.0,CCW,25.571,18.081,1.0,0.9968,0.0,-0.08,27.94,54.0,-0.424,146.91,418.69,319.41,16.413,2.087,0.0,18.5,0.916,True,0
var11_toroidal_8_vertical_coils,8,simultaneous,7,50.0,2400.0,CW,25.571,18.081,1.0,0.9871,0.0,0.16,21.88,58.0,0.848,146.91,418.69,319.41,16.413,2.087,0.0,18.5,0.956,True,0
var11_toroidal_8_vertical_coils,8,simultaneous,7,50.0,2400.0,CCW,25.571,18.081,1.0,0.9871,0.0,-0.16,21.88,58.0,-0.848,146.91,418.69,319.41,16.413,2.087,0.0,18.5,0.956,True,0
var11_toroidal_8_vertical_coils,8,simultaneous,7,60.0,0.0,CW,25.953,18.351,1.0,1.0,0.0,0.0,35.0,50.0,0.0,152.56,434.79,389.02,16.376,2.124,0.0,18.5,0.878,True,0
var11_toroidal_8_vertical_coils,8,simultaneous,7,60.0,0.0,CCW,25.953,18.351,1.0,1.0,0.0,-0.0,35.0,50.0,-0.0,152.56,434.79,389.02,16.376,2.124,0.0,18.5,0.878,True,0
var11_toroidal_8_vertical_coils,8,simultaneous,7,60.0,600.0,CW,25.953,18.351,1.0,0.9992,0.0,0.04,33.98,52.0,0.218,152.56,434.79,389.02,16.376,2.124,0.0,18.5,0.898,True,0
var11_toroidal_8_vertical_coils,8,simultaneous,7,60.0,600.0,CCW,25.953,18.351,1.0,0.9992,0.0,-0.04,33.98,52.0,-0.218,152.56,434.79,389.02,16.376,2.124,0.0,18.5,0.898,True,0
var11_toroidal_8_vertical_coils,8,simultaneous,7,60.0,1200.0,CW,25.953,18.351,1.0,0.9968,0.0,0.08,27.94,54.0,0.437,152.56,434.79,389.02,16.376,2.124,0.0,18.5,0.918,True,0
var11_toroidal_8_vertical_coils,8,simultaneous,7,60.0,1200.0,CCW,25.953,18.351,1.0,0.9968,0.0,-0.08,27.94,54.0,-0.437,152.56,434.79,389.02,16.376,2.124,0.0,18.5,0.918,True,0
var11_toroidal_8_vertical_coils,8,simultaneous,7,60.0,2400.0,CW,25.953,18.351,1.0,0.9871,0.0,0.16,21.88,58.0,0.873,152.56,434.79,389.02,16.376,2.124,0.0,18.5,0.958,True,0
var11_toroidal_8_vertical_coils,8,simultaneous,7,60.0,2400.0,CCW,25.953,18.351,1.0,0.9871,0.0,-0.16,21.88,58.0,-0.873,152.56,434.79,389.02,16.376,2.124,0.0,18.5,0.958,True,0
var11_toroidal_8_vertical_coils,8,simultaneous,7,100.0,0.0,CW,28.496,20.15,1.0,1.0,0.0,0.0,35.0,50.0,0.0,193.67,551.95,711.91,16.142,2.358,0.0,18.5,0.884,True,0
var11_toroidal_8_vertical_coils,8,simultaneous,7,100.0,0.0,CCW,28.496,20.15,1.0,1.0,0.0,-0.0,35.0,50.0,-0.0,193.67,551.95,711.91,16.142,2.358,0.0,18.5,0.884,True,0
var11_toroidal_8_vertical_coils,8,simultaneous,7,100.0,600.0,CW,28.496,20.15,1.0,0.9992,0.0,0.04,33.98,52.0,0.263,193.67,551.95,711.91,16.142,2.358,0.0,18.5,0.904,True,0
var11_toroidal_8_vertical_coils,8,simultaneous,7,100.0,600.0,CCW,28.496,20.15,1.0,0.9992,0.0,-0.04,33.98,52.0,-0.263,193.67,551.95,711.91,16.142,2.358,0.0,18.5,0.904,True,0
var11_toroidal_8_vertical_coils,8,simultaneous,7,100.0,1200.0,CW,28.496,20.15,1.0,0.9968,0.0,0.08,27.94,54.0,0.526,193.67,551.95,711.91,16.142,2.358,0.0,18.5,0.924,True,0
var11_toroidal_8_vertical_coils,8,simultaneous,7,100.0,1200.0,CCW,28.496,20.15,1.0,0.9968,0.0,-0.08,27.94,54.0,-0.526,193.67,551.95,711.91,16.142,2.358,0.0,18.5,0.924,True,0
var11_toroidal_8_vertical_coils,8,simultaneous,7,100.0,2400.0,CW,28.496,20.15,1.0,0.9871,0.0,0.16,21.88,58.0,1.053,193.67,551.95,711.91,16.142,2.358,0.0,18.5,0.964,True,0
var11_toroidal_8_vertical_coils,8,simultaneous,7,100.0,2400.0,CCW,28.496,20.15,1.0,0.9871,0.0,-0.16,21.88,58.0,-1.053,193.67,551.95,711.91,16.142,2.358,0.0,18.5,0.964,True,0
var11_toroidal_8_vertical_coils,8,simultaneous,7,120.0,0.0,CW,29.324,20.735,1.0,1.0,0.0,0.0,35.0,50.0,0.0,208.38,593.87,879.09,16.065,2.435,0.0,18.5,0.888,True,0
var11_toroidal_8_vertical_coils,8,simultaneous,7,120.0,0.0,CCW,29.324,20.735,1.0,1.0,0.0,-0.0,35.0,50.0,-0.0,208.38,593.87,879.09,16.065,2.435,0.0,18.5,0.888,True,0
var11_toroidal_8_vertical_coils,8,simultaneous,7,120.0,600.0,CW,29.324,20.735,1.0,0.9992,0.0,0.04,33.98,52.0,0.279,208.38,593.87,879.09,16.065,2.435,0.0,18.5,0.908,True,0
var11_toroidal_8_vertical_coils,8,simultaneous,7,120.0,600.0,CCW,29.324,20.735,1.0,0.9992,0.0,-0.04,33.98,52.0,-0.279,208.38,593.87,879.09,16.065,2.435,0.0,18.5,0.908,True,0
var11_toroidal_8_vertical_coils,8,simultaneous,7,120.0,1200.0,CW,29.324,20.735,1.0,0.9968,0.0,0.08,27.94,54.0,0.557,208.38,593.87,879.09,16.065,2.435,0.0,18.5,0.928,True,0
var11_toroidal_8_vertical_coils,8,simultaneous,7,120.0,1200.0,CCW,29.324,20.735,1.0,0.9968,0.0,-0.08,27.94,54.0,-0.557,208.38,593.87,879.09,16.065,2.435,0.0,18.5,0.928,True,0
var11_toroidal_8_vertical_coils,8,simultaneous,7,120.0,2400.0,CW,29.324,20.735,1.0,0.9871,0.0,0.16,21.88,58.0,1.115,208.38,593.87,879.09,16.065,2.435,0.0,18.5,0.968,True,0
var11_toroidal_8_vertical_coils,8,simultaneous,7,120.0,2400.0,CCW,29.324,20.735,1.0,0.9871,0.0,-0.16,21.88,58.0,-1.115,208.38,593.87,879.09,16.065,2.435,0.0,18.5,0.968,True,0
var11_toroidal_8_vertical_coils,8,simultaneous,7,150.0,0.0,CW,27.748,19.621,1.0,1.0,0.0,0.0,35.0,50.0,0.0,180.97,515.77,1039.82,16.198,2.302,0.0,18.5,0.893,True,0
var11_toroidal_8_vertical_coils,8,simultaneous,7,150.0,0.0,CCW,27.748,19.621,1.0,1.0,0.0,-0.0,35.0,50.0,-0.0,180.97,515.77,1039.82,16.198,2.302,0.0,18.5,0.893,True,0
var11_toroidal_8_vertical_coils,8,simultaneous,7,150.0,600.0,CW,27.748,19.621,1.0,0.9992,0.0,0.04,33.98,52.0,0.25,180.97,515.77,1039.82,16.198,2.302,0.0,18.5,0.913,True,0
var11_toroidal_8_vertical_coils,8,simultaneous,7,150.0,600.0,CCW,27.748,19.621,1.0,0.9992,0.0,-0.04,33.98,52.0,-0.25,180.97,515.77,1039.82,16.198,2.302,0.0,18.5,0.913,True,0
var11_toroidal_8_vertical_coils,8,simultaneous,7,150.0,1200.0,CW,27.748,19.621,1.0,0.9968,0.0,0.08,27.94,54.0,0.499,180.97,515.77,1039.82,16.198,2.302,0.0,18.5,0.933,True,0
var11_toroidal_8_vertical_coils,8,simultaneous,7,150.0,1200.0,CCW,27.748,19.621,1.0,0.9968,0.0,-0.08,27.94,54.0,-0.499,180.97,515.77,1039.82,16.198,2.302,0.0,18.5,0.933,True,0
var11_toroidal_8_vertical_coils,8,simultaneous,7,150.0,2400.0,CW,27.748,19.621,1.0,0.9871,0.0,0.16,21.88,58.0,0.998,180.97,515.77,1039.82,16.198,2.302,0.0,18.5,0.973,True,0
var11_toroidal_8_vertical_coils,8,simultaneous,7,150.0,2400.0,CCW,27.748,19.621,1.0,0.9871,0.0,-0.16,21.88,58.0,-0.998,180.97,515.77,1039.82,16.198,2.302,0.0,18.5,0.973,True,0
var11_toroidal_8_vertical_coils,8,simultaneous,7,200.0,0.0,CW,25.252,17.856,1.0,1.0,0.0,0.0,35.0,50.0,0.0,142.35,405.7,1261.7,16.413,2.087,0.0,18.5,0.901,True,0
var11_toroidal_8_vertical_coils,8,simultaneous,7,200.0,0.0,CCW,25.252,17.856,1.0,1.0,0.0,-0.0,35.0,50.0,-0.0,142.35,405.7,1261.7,16.413,2.087,0.0,18.5,0.901,True,0
var11_toroidal_8_vertical_coils,8,simultaneous,7,200.0,600.0,CW,25.252,17.856,1.0,0.9992,0.0,0.04,33.98,52.0,0.207,142.35,405.7,1261.7,16.413,2.087,0.0,18.5,0.921,True,0
var11_toroidal_8_vertical_coils,8,simultaneous,7,200.0,600.0,CCW,25.252,17.856,1.0,0.9992,0.0,-0.04,33.98,52.0,-0.207,142.35,405.7,1261.7,16.413,2.087,0.0,18.5,0.921,True,0
var11_toroidal_8_vertical_coils,8,simultaneous,7,200.0,1200.0,CW,25.252,17.856,1.0,0.9968,0.0,0.08,27.94,54.0,0.413,142.35,405.7,1261.7,16.413,2.087,0.0,18.5,0.942,True,0
var11_toroidal_8_vertical_coils,8,simultaneous,7,200.0,1200.0,CCW,25.252,17.856,1.0,0.9968,0.0,-0.08,27.94,54.0,-0.413,142.35,405.7,1261.7,16.413,2.087,0.0,18.5,0.942,True,0
var11_toroidal_8_vertical_coils,8,simultaneous,7,200.0,2400.0,CW,25.252,17.856,1.0,0.9871,0.0,0.16,21.88,58.0,0.827,142.35,405.7,1261.7,16.413,2.087,0.0,18.5,0.981,True,0
var11_toroidal_8_vertical_coils,8,simultaneous,7,200.0,2400.0,CCW,25.252,17.856,1.0,0.9871,0.0,-0.16,21.88,58.0,-0.827,142.35,405.7,1261.7,16.413,2.087,0.0,18.5,0.981,True,0
var11_toroidal_8_vertical_coils,8,simultaneous,7,400.0,0.0,CW,23.958,16.941,1.0,1.0,0.0,0.0,35.0,50.0,0.0,124.62,355.18,2394.16,16.494,2.006,0.0,18.5,0.935,True,0
var11_toroidal_8_vertical_coils,8,simultaneous,7,400.0,0.0,CCW,23.958,16.941,1.0,1.0,0.0,-0.0,35.0,50.0,-0.0,124.62,355.18,2394.16,16.494,2.006,0.0,18.5,0.935,True,0
var11_toroidal_8_vertical_coils,8,simultaneous,7,400.0,600.0,CW,23.958,16.941,1.0,0.9992,0.0,0.04,33.98,52.0,0.186,124.62,355.18,2394.16,16.494,2.006,0.0,18.5,0.955,True,0
var11_toroidal_8_vertical_coils,8,simultaneous,7,400.0,600.0,CCW,23.958,16.941,1.0,0.9992,0.0,-0.04,33.98,52.0,-0.186,124.62,355.18,2394.16,16.494,2.006,0.0,18.5,0.955,True,0
var11_toroidal_8_vertical_coils,8,simultaneous,7,400.0,1200.0,CW,23.958,16.941,1.0,0.9968,0.0,0.08,27.94,54.0,0.372,124.62,355.18,2394.16,16.494,2.006,0.0,18.5,0.975,True,0
var11_toroidal_8_vertical_coils,8,simultaneous,7,400.0,1200.0,CCW,23.958,16.941,1.0,0.9968,0.0,-0.08,27.94,54.0,-0.372,124.62,355.18,2394.16,16.494,2.006,0.0,18.5,0.975,True,0
var11_toroidal_8_vertical_coils,8,simultaneous,7,400.0,2400.0,CW,23.958,16.941,1.0,0.9871,0.0,0.16,21.88,58.0,0.744,124.62,355.18,2394.16,16.494,2.006,0.0,18.5,1.016,True,0
var11_toroidal_8_vertical_coils,8,simultaneous,7,400.0,2400.0,CCW,23.958,16.941,1.0,0.9871,0.0,-0.16,21.88,58.0,-0.744,124.62,355.18,2394.16,16.494,2.006,0.0,18.5,1.016,True,0
var11_toroidal_8_vertical_coils,8,simultaneous,7,800.0,0.0,CW,23.782,16.816,1.0,1.0,0.0,0.0,35.0,50.0,0.0,122.44,348.97,4752.99,16.435,2.065,0.0,18.5,1.004,True,0
var11_toroidal_8_vertical_coils,8,simultaneous,7,800.0,0.0,CCW,23.782,16.816,1.0,1.0,0.0,-0.0,35.0,50.0,-0.0,122.44,348.97,4752.99,16.435,2.065,0.0,18.5,1.004,True,0
var11_toroidal_8_vertical_coils,8,simultaneous,7,800.0,600.0,CW,23.782,16.816,1.0,0.9992,0.0,0.04,33.98,52.0,0.183,122.44,348.97,4752.99,16.435,2.065,0.0,18.5,1.024,True,0
var11_toroidal_8_vertical_coils,8,simultaneous,7,800.0,600.0,CCW,23.782,16.816,1.0,0.9992,0.0,-0.04,33.98,52.0,-0.183,122.44,348.97,4752.99,16.435,2.065,0.0,18.5,1.024,True,0
var11_toroidal_8_vertical_coils,8,simultaneous,7,800.0,1200.0,CW,23.782,16.816,1.0,0.9968,0.0,0.08,27.94,54.0,0.367,122.44,348.97,4752.99,16.435,2.065,0.0,18.5,1.044,True,0
var11_toroidal_8_vertical_coils,8,simultaneous,7,800.0,1200.0,CCW,23.782,16.816,1.0,0.9968,0.0,-0.08,27.94,54.0,-0.367,122.44,348.97,4752.99,16.435,2.065,0.0,18.5,1.044,True,0
var11_toroidal_8_vertical_coils,8,simultaneous,7,800.0,2400.0,CW,23.782,16.816,1.0,0.9871,0.0,0.16,21.88,58.0,0.733,122.44,348.97,4752.99,16.435,2.065,0.0,18.5,1.084,True,0
var11_toroidal_8_vertical_coils,8,simultaneous,7,800.0,2400.0,CCW,23.782,16.816,1.0,0.9871,0.0,-0.16,21.88,58.0,-0.733,122.44,348.97,4752.99,16.435,2.065,0.0,18.5,1.084,True,0
var11_toroidal_8_vertical_coils,8,simultaneous,7,1000.0,0.0,CW,23.745,16.791,1.0,1.0,0.0,0.0,35.0,50.0,0.0,122.04,347.82,5932.19,16.4,2.1,0.0,18.5,1.038,True,0
var11_toroidal_8_vertical_coils,8,simultaneous,7,1000.0,0.0,CCW,23.745,16.791,1.0,1.0,0.0,-0.0,35.0,50.0,-0.0,122.04,347.82,5932.19,16.4,2.1,0.0,18.5,1.038,True,0
var11_toroidal_8_vertical_coils,8,simultaneous,7,1000.0,600.0,CW,23.745,16.791,1.0,0.9992,0.0,0.04,33.98,52.0,0.183,122.04,347.82,5932.19,16.4,2.1,0.0,18.5,1.058,True,0
var11_toroidal_8_vertical_coils,8,simultaneous,7,1000.0,600.0,CCW,23.745,16.791,1.0,0.9992,0.0,-0.04,33.98,52.0,-0.183,122.04,347.82,5932.19,16.4,2.1,0.0,18.5,1.058,True,0
var11_toroidal_8_vertical_coils,8,simultaneous,7,1000.0,1200.0,CW,23.745,16.791,1.0,0.9968,0.0,0.08,27.94,54.0,0.365,122.04,347.82,5932.19,16.4,2.1,0.0,18.5,1.078,True,0
var11_toroidal_8_vertical_coils,8,simultaneous,7,1000.0,1200.0,CCW,23.745,16.791,1.0,0.9968,0.0,-0.08,27.94,54.0,-0.365,122.04,347.82,5932.19,16.4,2.1,0.0,18.5,1.078,True,0
var11_toroidal_8_vertical_coils,8,simultaneous,7,1000.0,2400.0,CW,23.745,16.791,1.0,0.9871,0.0,0.16,21.88,58.0,0.731,122.04,347.82,5932.19,16.4,2.1,0.0,18.5,1.118,True,0
var11_toroidal_8_vertical_coils,8,simultaneous,7,1000.0,2400.0,CCW,23.745,16.791,1.0,0.9871,0.0,-0.16,21.88,58.0,-0.731,122.04,347.82,5932.19,16.4,2.1,0.0,18.5,1.118,True,0
var11_toroidal_8_vertical_coils,8,simultaneous,8,25.0,0.0,CW,24.944,17.638,1.0,1.0,0.0,0.0,35.0,50.0,0.0,137.92,393.06,155.79,16.475,2.025,0.0,18.5,0.872,True,0
var11_toroidal_8_vertical_coils,8,simultaneous,8,25.0,0.0,CCW,24.944,17.638,1.0,1.0,0.0,-0.0,35.0,50.0,-0.0,137.92,393.06,155.79,16.475,2.025,0.0,18.5,0.872,True,0
var11_toroidal_8_vertical_coils,8,simultaneous,8,25.0,600.0,CW,24.944,17.638,1.0,0.9992,0.0,0.04,33.98,52.0,0.202,137.92,393.06,155.79,16.475,2.025,0.0,18.5,0.892,True,0
var11_toroidal_8_vertical_coils,8,simultaneous,8,25.0,600.0,CCW,24.944,17.638,1.0,0.9992,0.0,-0.04,33.98,52.0,-0.202,137.92,393.06,155.79,16.475,2.025,0.0,18.5,0.892,True,0
var11_toroidal_8_vertical_coils,8,simultaneous,8,25.0,1200.0,CW,24.944,17.638,1.0,0.9968,0.0,0.08,27.94,54.0,0.403,137.92,393.06,155.79,16.475,2.025,0.0,18.5,0.912,True,0
var11_toroidal_8_vertical_coils,8,simultaneous,8,25.0,1200.0,CCW,24.944,17.638,1.0,0.9968,0.0,-0.08,27.94,54.0,-0.403,137.92,393.06,155.79,16.475,2.025,0.0,18.5,0.912,True,0
var11_toroidal_8_vertical_coils,8,simultaneous,8,25.0,2400.0,CW,24.944,17.638,1.0,0.9871,0.0,0.16,21.88,58.0,0.807,137.92,393.06,155.79,16.475,2.025,0.0,18.5,0.952,True,0
var11_toroidal_8_vertical_coils,8,simultaneous,8,25.0,2400.0,CCW,24.944,17.638,1.0,0.9871,0.0,-0.16,21.88,58.0,-0.807,137.92,393.06,155.79,16.475,2.025,0.0,18.5,0.952,True,0
var11_toroidal_8_vertical_coils,8,simultaneous,8,50.0,0.0,CW,25.571,18.081,1.0,1.0,0.0,0.0,35.0,50.0,0.0,146.91,418.69,319.41,16.413,2.087,0.0,18.5,0.876,True,0
var11_toroidal_8_vertical_coils,8,simultaneous,8,50.0,0.0,CCW,25.571,18.081,1.0,1.0,0.0,-0.0,35.0,50.0,-0.0,146.91,418.69,319.41,16.413,2.087,0.0,18.5,0.876,True,0
var11_toroidal_8_vertical_coils,8,simultaneous,8,50.0,600.0,CW,25.571,18.081,1.0,0.9992,0.0,0.04,33.98,52.0,0.212,146.91,418.69,319.41,16.413,2.087,0.0,18.5,0.896,True,0
var11_toroidal_8_vertical_coils,8,simultaneous,8,50.0,600.0,CCW,25.571,18.081,1.0,0.9992,0.0,-0.04,33.98,52.0,-0.212,146.91,418.69,319.41,16.413,2.087,0.0,18.5,0.896,True,0
var11_toroidal_8_vertical_coils,8,simultaneous,8,50.0,1200.0,CW,25.571,18.081,1.0,0.9968,0.0,0.08,27.94,54.0,0.424,146.91,418.69,319.41,16.413,2.087,0.0,18.5,0.916,True,0
var11_toroidal_8_vertical_coils,8,simultaneous,8,50.0,1200.0,CCW,25.571,18.081,1.0,0.9968,0.0,-0.08,27.94,54.0,-0.424,146.91,418.69,319.41,16.413,2.087,0.0,18.5,0.916,True,0
var11_toroidal_8_vertical_coils,8,simultaneous,8,50.0,2400.0,CW,25.571,18.081,1.0,0.9871,0.0,0.16,21.88,58.0,0.848,146.91,418.69,319.41,16.413,2.087,0.0,18.5,0.956,True,0
var11_toroidal_8_vertical_coils,8,simultaneous,8,50.0,2400.0,CCW,25.571,18.081,1.0,0.9871,0.0,-0.16,21.88,58.0,-0.848,146.91,418.69,319.41,16.413,2.087,0.0,18.5,0.956,True,0
var11_toroidal_8_vertical_coils,8,simultaneous,8,60.0,0.0,CW,25.953,18.351,1.0,1.0,0.0,0.0,35.0,50.0,0.0,152.56,434.79,389.02,16.376,2.124,0.0,18.5,0.878,True,0
var11_toroidal_8_vertical_coils,8,simultaneous,8,60.0,0.0,CCW,25.953,18.351,1.0,1.0,0.0,-0.0,35.0,50.0,-0.0,152.56,434.79,389.02,16.376,2.124,0.0,18.5,0.878,True,0
var11_toroidal_8_vertical_coils,8,simultaneous,8,60.0,600.0,CW,25.953,18.351,1.0,0.9992,0.0,0.04,33.98,52.0,0.218,152.56,434.79,389.02,16.376,2.124,0.0,18.5,0.898,True,0
var11_toroidal_8_vertical_coils,8,simultaneous,8,60.0,600.0,CCW,25.953,18.351,1.0,0.9992,0.0,-0.04,33.98,52.0,-0.218,152.56,434.79,389.02,16.376,2.124,0.0,18.5,0.898,True,0
var11_toroidal_8_vertical_coils,8,simultaneous,8,60.0,1200.0,CW,25.953,18.351,1.0,0.9968,0.0,0.08,27.94,54.0,0.437,152.56,434.79,389.02,16.376,2.124,0.0,18.5,0.918,True,0
var11_toroidal_8_vertical_coils,8,simultaneous,8,60.0,1200.0,CCW,25.953,18.351,1.0,0.9968,0.0,-0.08,27.94,54.0,-0.437,152.56,434.79,389.02,16.376,2.124,0.0,18.5,0.918,True,0
var11_toroidal_8_vertical_coils,8,simultaneous,8,60.0,2400.0,CW,25.953,18.351,1.0,0.9871,0.0,0.16,21.88,58.0,0.873,152.56,434.79,389.02,16.376,2.124,0.0,18.5,0.958,True,0
var11_toroidal_8_vertical_coils,8,simultaneous,8,60.0,2400.0,CCW,25.953,18.351,1.0,0.9871,0.0,-0.16,21.88,58.0,-0.873,152.56,434.79,389.02,16.376,2.124,0.0,18.5,0.958,True,0
var11_toroidal_8_vertical_coils,8,simultaneous,8,100.0,0.0,CW,28.496,20.15,1.0,1.0,0.0,0.0,35.0,50.0,0.0,193.67,551.95,711.91,16.142,2.358,0.0,18.5,0.884,True,0
var11_toroidal_8_vertical_coils,8,simultaneous,8,100.0,0.0,CCW,28.496,20.15,1.0,1.0,0.0,-0.0,35.0,50.0,-0.0,193.67,551.95,711.91,16.142,2.358,0.0,18.5,0.884,True,0
var11_toroidal_8_vertical_coils,8,simultaneous,8,100.0,600.0,CW,28.496,20.15,1.0,0.9992,0.0,0.04,33.98,52.0,0.263,193.67,551.95,711.91,16.142,2.358,0.0,18.5,0.904,True,0
var11_toroidal_8_vertical_coils,8,simultaneous,8,100.0,600.0,CCW,28.496,20.15,1.0,0.9992,0.0,-0.04,33.98,52.0,-0.263,193.67,551.95,711.91,16.142,2.358,0.0,18.5,0.904,True,0
var11_toroidal_8_vertical_coils,8,simultaneous,8,100.0,1200.0,CW,28.496,20.15,1.0,0.9968,0.0,0.08,27.94,54.0,0.526,193.67,551.95,711.91,16.142,2.358,0.0,18.5,0.924,True,0
var11_toroidal_8_vertical_coils,8,simultaneous,8,100.0,1200.0,CCW,28.496,20.15,1.0,0.9968,0.0,-0.08,27.94,54.0,-0.526,193.67,551.95,711.91,16.142,2.358,0.0,18.5,0.924,True,0
var11_toroidal_8_vertical_coils,8,simultaneous,8,100.0,2400.0,CW,28.496,20.15,1.0,0.9871,0.0,0.16,21.88,58.0,1.053,193.67,551.95,711.91,16.142,2.358,0.0,18.5,0.964,True,0
var11_toroidal_8_vertical_coils,8,simultaneous,8,100.0,2400.0,CCW,28.496,20.15,1.0,0.9871,0.0,-0.16,21.88,58.0,-1.053,193.67,551.95,711.91,16.142,2.358,0.0,18.5,0.964,True,0
var11_toroidal_8_vertical_coils,8,simultaneous,8,120.0,0.0,CW,29.324,20.735,1.0,1.0,0.0,0.0,35.0,50.0,0.0,208.38,593.87,879.09,16.065,2.435,0.0,18.5,0.888,True,0
var11_toroidal_8_vertical_coils,8,simultaneous,8,120.0,0.0,CCW,29.324,20.735,1.0,1.0,0.0,-0.0,35.0,50.0,-0.0,208.38,593.87,879.09,16.065,2.435,0.0,18.5,0.888,True,0
var11_toroidal_8_vertical_coils,8,simultaneous,8,120.0,600.0,CW,29.324,20.735,1.0,0.9992,0.0,0.04,33.98,52.0,0.279,208.38,593.87,879.09,16.065,2.435,0.0,18.5,0.908,True,0
var11_toroidal_8_vertical_coils,8,simultaneous,8,120.0,600.0,CCW,29.324,20.735,1.0,0.9992,0.0,-0.04,33.98,52.0,-0.279,208.38,593.87,879.09,16.065,2.435,0.0,18.5,0.908,True,0
var11_toroidal_8_vertical_coils,8,simultaneous,8,120.0,1200.0,CW,29.324,20.735,1.0,0.9968,0.0,0.08,27.94,54.0,0.557,208.38,593.87,879.09,16.065,2.435,0.0,18.5,0.928,True,0
var11_toroidal_8_vertical_coils,8,simultaneous,8,120.0,1200.0,CCW,29.324,20.735,1.0,0.9968,0.0,-0.08,27.94,54.0,-0.557,208.38,593.87,879.09,16.065,2.435,0.0,18.5,0.928,True,0
var11_toroidal_8_vertical_coils,8,simultaneous,8,120.0,2400.0,CW,29.324,20.735,1.0,0.9871,0.0,0.16,21.88,58.0,1.115,208.38,593.87,879.09,16.065,2.435,0.0,18.5,0.968,True,0
var11_toroidal_8_vertical_coils,8,simultaneous,8,120.0,2400.0,CCW,29.324,20.735,1.0,0.9871,0.0,-0.16,21.88,58.0,-1.115,208.38,593.87,879.09,16.065,2.435,0.0,18.5,0.968,True,0
var11_toroidal_8_vertical_coils,8,simultaneous,8,150.0,0.0,CW,27.748,19.621,1.0,1.0,0.0,0.0,35.0,50.0,0.0,180.97,515.77,1039.82,16.198,2.302,0.0,18.5,0.893,True,0
var11_toroidal_8_vertical_coils,8,simultaneous,8,150.0,0.0,CCW,27.748,19.621,1.0,1.0,0.0,-0.0,35.0,50.0,-0.0,180.97,515.77,1039.82,16.198,2.302,0.0,18.5,0.893,True,0
var11_toroidal_8_vertical_coils,8,simultaneous,8,150.0,600.0,CW,27.748,19.621,1.0,0.9992,0.0,0.04,33.98,52.0,0.25,180.97,515.77,1039.82,16.198,2.302,0.0,18.5,0.913,True,0
var11_toroidal_8_vertical_coils,8,simultaneous,8,150.0,600.0,CCW,27.748,19.621,1.0,0.9992,0.0,-0.04,33.98,52.0,-0.25,180.97,515.77,1039.82,16.198,2.302,0.0,18.5,0.913,True,0
var11_toroidal_8_vertical_coils,8,simultaneous,8,150.0,1200.0,CW,27.748,19.621,1.0,0.9968,0.0,0.08,27.94,54.0,0.499,180.97,515.77,1039.82,16.198,2.302,0.0,18.5,0.933,True,0
var11_toroidal_8_vertical_coils,8,simultaneous,8,150.0,1200.0,CCW,27.748,19.621,1.0,0.9968,0.0,-0.08,27.94,54.0,-0.499,180.97,515.77,1039.82,16.198,2.302,0.0,18.5,0.933,True,0
var11_toroidal_8_vertical_coils,8,simultaneous,8,150.0,2400.0,CW,27.748,19.621,1.0,0.9871,0.0,0.16,21.88,58.0,0.998,180.97,515.77,1039.82,16.198,2.302,0.0,18.5,0.973,True,0
var11_toroidal_8_vertical_coils,8,simultaneous,8,150.0,2400.0,CCW,27.748,19.621,1.0,0.9871,0.0,-0.16,21.88,58.0,-0.998,180.97,515.77,1039.82,16.198,2.302,0.0,18.5,0.973,True,0
var11_toroidal_8_vertical_coils,8,simultaneous,8,200.0,0.0,CW,25.252,17.856,1.0,1.0,0.0,0.0,35.0,50.0,0.0,142.35,405.7,1261.7,16.413,2.087,0.0,18.5,0.901,True,0
var11_toroidal_8_vertical_coils,8,simultaneous,8,200.0,0.0,CCW,25.252,17.856,1.0,1.0,0.0,-0.0,35.0,50.0,-0.0,142.35,405.7,1261.7,16.413,2.087,0.0,18.5,0.901,True,0
var11_toroidal_8_vertical_coils,8,simultaneous,8,200.0,600.0,CW,25.252,17.856,1.0,0.9992,0.0,0.04,33.98,52.0,0.207,142.35,405.7,1261.7,16.413,2.087,0.0,18.5,0.921,True,0
var11_toroidal_8_vertical_coils,8,simultaneous,8,200.0,600.0,CCW,25.252,17.856,1.0,0.9992,0.0,-0.04,33.98,52.0,-0.207,142.35,405.7,1261.7,16.413,2.087,0.0,18.5,0.921,True,0
var11_toroidal_8_vertical_coils,8,simultaneous,8,200.0,1200.0,CW,25.252,17.856,1.0,0.9968,0.0,0.08,27.94,54.0,0.413,142.35,405.7,1261.7,16.413,2.087,0.0,18.5,0.942,True,0
var11_toroidal_8_vertical_coils,8,simultaneous,8,200.0,1200.0,CCW,25.252,17.856,1.0,0.9968,0.0,-0.08,27.94,54.0,-0.413,142.35,405.7,1261.7,16.413,2.087,0.0,18.5,0.942,True,0
var11_toroidal_8_vertical_coils,8,simultaneous,8,200.0,2400.0,CW,25.252,17.856,1.0,0.9871,0.0,0.16,21.88,58.0,0.827,142.35,405.7,1261.7,16.413,2.087,0.0,18.5,0.981,True,0
var11_toroidal_8_vertical_coils,8,simultaneous,8,200.0,2400.0,CCW,25.252,17.856,1.0,0.9871,0.0,-0.16,21.88,58.0,-0.827,142.35,405.7,1261.7,16.413,2.087,0.0,18.5,0.981,True,0
var11_toroidal_8_vertical_coils,8,simultaneous,8,400.0,0.0,CW,23.958,16.941,1.0,1.0,0.0,0.0,35.0,50.0,0.0,124.62,355.18,2394.16,16.494,2.006,0.0,18.5,0.935,True,0
var11_toroidal_8_vertical_coils,8,simultaneous,8,400.0,0.0,CCW,23.958,16.941,1.0,1.0,0.0,-0.0,35.0,50.0,-0.0,124.62,355.18,2394.16,16.494,2.006,0.0,18.5,0.935,True,0
var11_toroidal_8_vertical_coils,8,simultaneous,8,400.0,600.0,CW,23.958,16.941,1.0,0.9992,0.0,0.04,33.98,52.0,0.186,124.62,355.18,2394.16,16.494,2.006,0.0,18.5,0.955,True,0
var11_toroidal_8_vertical_coils,8,simultaneous,8,400.0,600.0,CCW,23.958,16.941,1.0,0.9992,0.0,-0.04,33.98,52.0,-0.186,124.62,355.18,2394.16,16.494,2.006,0.0,18.5,0.955,True,0
var11_toroidal_8_vertical_coils,8,simultaneous,8,400.0,1200.0,CW,23.958,16.941,1.0,0.9968,0.0,0.08,27.94,54.0,0.372,124.62,355.18,2394.16,16.494,2.006,0.0,18.5,0.975,True,0
var11_toroidal_8_vertical_coils,8,simultaneous,8,400.0,1200.0,CCW,23.958,16.941,1.0,0.9968,0.0,-0.08,27.94,54.0,-0.372,124.62,355.18,2394.16,16.494,2.006,0.0,18.5,0.975,True,0
var11_toroidal_8_vertical_coils,8,simultaneous,8,400.0,2400.0,CW,23.958,16.941,1.0,0.9871,0.0,0.16,21.88,58.0,0.744,124.62,355.18,2394.16,16.494,2.006,0.0,18.5,1.016,True,0
var11_toroidal_8_vertical_coils,8,simultaneous,8,400.0,2400.0,CCW,23.958,16.941,1.0,0.9871,0.0,-0.16,21.88,58.0,-0.744,124.62,355.18,2394.16,16.494,2.006,0.0,18.5,1.016,True,0
var11_toroidal_8_vertical_coils,8,simultaneous,8,800.0,0.0,CW,23.782,16.816,1.0,1.0,0.0,0.0,35.0,50.0,0.0,122.44,348.97,4752.99,16.435,2.065,0.0,18.5,1.004,True,0
var11_toroidal_8_vertical_coils,8,simultaneous,8,800.0,0.0,CCW,23.782,16.816,1.0,1.0,0.0,-0.0,35.0,50.0,-0.0,122.44,348.97,4752.99,16.435,2.065,0.0,18.5,1.004,True,0
var11_toroidal_8_vertical_coils,8,simultaneous,8,800.0,600.0,CW,23.782,16.816,1.0,0.9992,0.0,0.04,33.98,52.0,0.183,122.44,348.97,4752.99,16.435,2.065,0.0,18.5,1.024,True,0
var11_toroidal_8_vertical_coils,8,simultaneous,8,800.0,600.0,CCW,23.782,16.816,1.0,0.9992,0.0,-0.04,33.98,52.0,-0.183,122.44,348.97,4752.99,16.435,2.065,0.0,18.5,1.024,True,0
var11_toroidal_8_vertical_coils,8,simultaneous,8,800.0,1200.0,CW,23.782,16.816,1.0,0.9968,0.0,0.08,27.94,54.0,0.367,122.44,348.97,4752.99,16.435,2.065,0.0,18.5,1.044,True,0
var11_toroidal_8_vertical_coils,8,simultaneous,8,800.0,1200.0,CCW,23.782,16.816,1.0,0.9968,0.0,-0.08,27.94,54.0,-0.367,122.44,348.97,4752.99,16.435,2.065,0.0,18.5,1.044,True,0
var11_toroidal_8_vertical_coils,8,simultaneous,8,800.0,2400.0,CW,23.782,16.816,1.0,0.9871,0.0,0.16,21.88,58.0,0.733,122.44,348.97,4752.99,16.435,2.065,0.0,18.5,1.084,True,0
var11_toroidal_8_vertical_coils,8,simultaneous,8,800.0,2400.0,CCW,23.782,16.816,1.0,0.9871,0.0,-0.16,21.88,58.0,-0.733,122.44,348.97,4752.99,16.435,2.065,0.0,18.5,1.084,True,0
var11_toroidal_8_vertical_coils,8,simultaneous,8,1000.0,0.0,CW,23.745,16.791,1.0,1.0,0.0,0.0,35.0,50.0,0.0,122.04,347.82,5932.19,16.4,2.1,0.0,18.5,1.038,True,0
var11_toroidal_8_vertical_coils,8,simultaneous,8,1000.0,0.0,CCW,23.745,16.791,1.0,1.0,0.0,-0.0,35.0,50.0,-0.0,122.04,347.82,5932.19,16.4,2.1,0.0,18.5,1.038,True,0
var11_toroidal_8_vertical_coils,8,simultaneous,8,1000.0,600.0,CW,23.745,16.791,1.0,0.9992,0.0,0.04,33.98,52.0,0.183,122.04,347.82,5932.19,16.4,2.1,0.0,18.5,1.058,True,0
var11_toroidal_8_vertical_coils,8,simultaneous,8,1000.0,600.0,CCW,23.745,16.791,1.0,0.9992,0.0,-0.04,33.98,52.0,-0.183,122.04,347.82,5932.19,16.4,2.1,0.0,18.5,1.058,True,0
var11_toroidal_8_vertical_coils,8,simultaneous,8,1000.0,1200.0,CW,23.745,16.791,1.0,0.9968,0.0,0.08,27.94,54.0,0.365,122.04,347.82,5932.19,16.4,2.1,0.0,18.5,1.078,True,0
var11_toroidal_8_vertical_coils,8,simultaneous,8,1000.0,1200.0,CCW,23.745,16.791,1.0,0.9968,0.0,-0.08,27.94,54.0,-0.365,122.04,347.82,5932.19,16.4,2.1,0.0,18.5,1.078,True,0
var11_toroidal_8_vertical_coils,8,simultaneous,8,1000.0,2400.0,CW,23.745,16.791,1.0,0.9871,0.0,0.16,21.88,58.0,0.731,122.04,347.82,5932.19,16.4,2.1,0.0,18.5,1.118,True,0
var11_toroidal_8_vertical_coils,8,simultaneous,8,1000.0,2400.0,CCW,23.745,16.791,1.0,0.9871,0.0,-0.16,21.88,58.0,-0.731,122.04,347.82,5932.19,16.4,2.1,0.0,18.5,1.118,True,0
var12_toroidal_24_vertical_coils,24,simultaneous,1,25.0,0.0,CW,28.044,19.83,1.0,1.0,0.0,0.0,35.0,50.0,0.0,229.15,653.07,175.15,16.452,2.048,0.0,18.5,0.872,True,0
var12_toroidal_24_vertical_coils,24,simultaneous,1,25.0,0.0,CCW,28.044,19.83,1.0,1.0,0.0,-0.0,35.0,50.0,-0.0,229.15,653.07,175.15,16.452,2.048,0.0,18.5,0.872,True,0
var12_toroidal_24_vertical_coils,24,simultaneous,1,25.0,600.0,CW,28.044,19.83,1.0,0.9992,0.0,0.04,33.98,52.0,0.255,229.15,653.07,175.15,16.452,2.048,0.0,18.5,0.892,True,0
var12_toroidal_24_vertical_coils,24,simultaneous,1,25.0,600.0,CCW,28.044,19.83,1.0,0.9992,0.0,-0.04,33.98,52.0,-0.255,229.15,653.07,175.15,16.452,2.048,0.0,18.5,0.892,True,0
var12_toroidal_24_vertical_coils,24,simultaneous,1,25.0,1200.0,CW,28.044,19.83,1.0,0.9968,0.0,0.08,27.94,54.0,0.51,229.15,653.07,175.15,16.452,2.048,0.0,18.5,0.912,True,0
var12_toroidal_24_vertical_coils,24,simultaneous,1,25.0,1200.0,CCW,28.044,19.83,1.0,0.9968,0.0,-0.08,27.94,54.0,-0.51,229.15,653.07,175.15,16.452,2.048,0.0,18.5,0.912,True,0
var12_toroidal_24_vertical_coils,24,simultaneous,1,25.0,2400.0,CW,28.044,19.83,1.0,0.9871,0.0,0.16,21.88,58.0,1.019,229.15,653.07,175.15,16.452,2.048,0.0,18.5,0.952,True,0
var12_toroidal_24_vertical_coils,24,simultaneous,1,25.0,2400.0,CCW,28.044,19.83,1.0,0.9871,0.0,-0.16,21.88,58.0,-1.019,229.15,653.07,175.15,16.452,2.048,0.0,18.5,0.952,True,0
var12_toroidal_24_vertical_coils,24,simultaneous,1,50.0,0.0,CW,28.747,20.327,1.0,1.0,0.0,0.0,35.0,50.0,0.0,244.08,695.62,359.09,16.389,2.111,0.0,18.5,0.877,True,0
var12_toroidal_24_vertical_coils,24,simultaneous,1,50.0,0.0,CCW,28.747,20.327,1.0,1.0,0.0,-0.0,35.0,50.0,-0.0,244.08,695.62,359.09,16.389,2.111,0.0,18.5,0.877,True,0
var12_toroidal_24_vertical_coils,24,simultaneous,1,50.0,600.0,CW,28.747,20.327,1.0,0.9992,0.0,0.04,33.98,52.0,0.268,244.08,695.62,359.09,16.389,2.111,0.0,18.5,0.897,True,0
var12_toroidal_24_vertical_coils,24,simultaneous,1,50.0,600.0,CCW,28.747,20.327,1.0,0.9992,0.0,-0.04,33.98,52.0,-0.268,244.08,695.62,359.09,16.389,2.111,0.0,18.5,0.897,True,0
var12_toroidal_24_vertical_coils,24,simultaneous,1,50.0,1200.0,CW,28.747,20.327,1.0,0.9968,0.0,0.08,27.94,54.0,0.536,244.08,695.62,359.09,16.389,2.111,0.0,18.5,0.917,True,0
var12_toroidal_24_vertical_coils,24,simultaneous,1,50.0,1200.0,CCW,28.747,20.327,1.0,0.9968,0.0,-0.08,27.94,54.0,-0.536,244.08,695.62,359.09,16.389,2.111,0.0,18.5,0.917,True,0
var12_toroidal_24_vertical_coils,24,simultaneous,1,50.0,2400.0,CW,28.747,20.327,1.0,0.9871,0.0,0.16,21.88,58.0,1.071,244.08,695.62,359.09,16.389,2.111,0.0,18.5,0.957,True,0
var12_toroidal_24_vertical_coils,24,simultaneous,1,50.0,2400.0,CCW,28.747,20.327,1.0,0.9871,0.0,-0.16,21.88,58.0,-1.071,244.08,695.62,359.09,16.389,2.111,0.0,18.5,0.957,True,0
var12_toroidal_24_vertical_coils,24,simultaneous,1,60.0,0.0,CW,29.176,20.631,1.0,1.0,0.0,0.0,35.0,50.0,0.0,253.46,722.35,437.33,16.352,2.148,0.0,18.5,0.878,True,0
var12_toroidal_24_vertical_coils,24,simultaneous,1,60.0,0.0,CCW,29.176,20.631,1.0,1.0,0.0,-0.0,35.0,50.0,-0.0,253.46,722.35,437.33,16.352,2.148,0.0,18.5,0.878,True,0
var12_toroidal_24_vertical_coils,24,simultaneous,1,60.0,600.0,CW,29.176,20.631,1.0,0.9992,0.0,0.04,33.98,52.0,0.276,253.46,722.35,437.33,16.352,2.148,0.0,18.5,0.898,True,0
var12_toroidal_24_vertical_coils,24,simultaneous,1,60.0,600.0,CCW,29.176,20.631,1.0,0.9992,0.0,-0.04,33.98,52.0,-0.276,253.46,722.35,437.33,16.352,2.148,0.0,18.5,0.898,True,0
var12_toroidal_24_vertical_coils,24,simultaneous,1,60.0,1200.0,CW,29.176,20.631,1.0,0.9968,0.0,0.08,27.94,54.0,0.552,253.46,722.35,437.33,16.352,2.148,0.0,18.5,0.918,True,0
var12_toroidal_24_vertical_coils,24,simultaneous,1,60.0,1200.0,CCW,29.176,20.631,1.0,0.9968,0.0,-0.08,27.94,54.0,-0.552,253.46,722.35,437.33,16.352,2.148,0.0,18.5,0.918,True,0
var12_toroidal_24_vertical_coils,24,simultaneous,1,60.0,2400.0,CW,29.176,20.631,1.0,0.9871,0.0,0.16,21.88,58.0,1.103,253.46,722.35,437.33,16.352,2.148,0.0,18.5,0.958,True,0
var12_toroidal_24_vertical_coils,24,simultaneous,1,60.0,2400.0,CCW,29.176,20.631,1.0,0.9871,0.0,-0.16,21.88,58.0,-1.103,253.46,722.35,437.33,16.352,2.148,0.0,18.5,0.958,True,0
var12_toroidal_24_vertical_coils,24,simultaneous,1,100.0,0.0,CW,32.033,22.651,1.0,1.0,0.0,0.0,35.0,50.0,0.0,321.7,916.83,800.26,16.115,2.385,0.0,18.5,0.885,True,0
var12_toroidal_24_vertical_coils,24,simultaneous,1,100.0,0.0,CCW,32.033,22.651,1.0,1.0,0.0,-0.0,35.0,50.0,-0.0,321.7,916.83,800.26,16.115,2.385,0.0,18.5,0.885,True,0
var12_toroidal_24_vertical_coils,24,simultaneous,1,100.0,600.0,CW,32.033,22.651,1.0,0.9992,0.0,0.04,33.98,52.0,0.333,321.7,916.83,800.26,16.115,2.385,0.0,18.5,0.905,True,0
var12_toroidal_24_vertical_coils,24,simultaneous,1,100.0,600.0,CCW,32.033,22.651,1.0,0.9992,0.0,-0.04,33.98,52.0,-0.333,321.7,916.83,800.26,16.115,2.385,0.0,18.5,0.905,True,0
var12_toroidal_24_vertical_coils,24,simultaneous,1,100.0,1200.0,CW,32.033,22.651,1.0,0.9968,0.0,0.08,27.94,54.0,0.665,321.7,916.83,800.26,16.115,2.385,0.0,18.5,0.925,True,0
var12_toroidal_24_vertical_coils,24,simultaneous,1,100.0,1200.0,CCW,32.033,22.651,1.0,0.9968,0.0,-0.08,27.94,54.0,-0.665,321.7,916.83,800.26,16.115,2.385,0.0,18.5,0.925,True,0
var12_toroidal_24_vertical_coils,24,simultaneous,1,100.0,2400.0,CW,32.033,22.651,1.0,0.9871,0.0,0.16,21.88,58.0,1.33,321.7,916.83,800.26,16.115,2.385,0.0,18.5,0.965,True,0
var12_toroidal_24_vertical_coils,24,simultaneous,1,100.0,2400.0,CCW,32.033,22.651,1.0,0.9871,0.0,-0.16,21.88,58.0,-1.33,321.7,916.83,800.26,16.115,2.385,0.0,18.5,0.965,True,0
var12_toroidal_24_vertical_coils,24,simultaneous,1,120.0,0.0,CW,32.962,23.307,1.0,1.0,0.0,0.0,35.0,50.0,0.0,346.11,986.4,988.15,16.038,2.462,0.0,18.5,0.889,True,0
var12_toroidal_24_vertical_coils,24,simultaneous,1,120.0,0.0,CCW,32.962,23.307,1.0,1.0,0.0,-0.0,35.0,50.0,-0.0,346.11,986.4,988.15,16.038,2.462,0.0,18.5,0.889,True,0
var12_toroidal_24_vertical_coils,24,simultaneous,1,120.0,600.0,CW,32.962,23.307,1.0,0.9992,0.0,0.04,33.98,52.0,0.352,346.11,986.4,988.15,16.038,2.462,0.0,18.5,0.909,True,0
var12_toroidal_24_vertical_coils,24,simultaneous,1,120.0,600.0,CCW,32.962,23.307,1.0,0.9992,0.0,-0.04,33.98,52.0,-0.352,346.11,986.4,988.15,16.038,2.462,0.0,18.5,0.909,True,0
var12_toroidal_24_vertical_coils,24,simultaneous,1,120.0,1200.0,CW,32.962,23.307,1.0,0.9968,0.0,0.08,27.94,54.0,0.704,346.11,986.4,988.15,16.038,2.462,0.0,18.5,0.929,True,0
var12_toroidal_24_vertical_coils,24,simultaneous,1,120.0,1200.0,CCW,32.962,23.307,1.0,0.9968,0.0,-0.08,27.94,54.0,-0.704,346.11,986.4,988.15,16.038,2.462,0.0,18.5,0.929,True,0
var12_toroidal_24_vertical_coils,24,simultaneous,1,120.0,2400.0,CW,32.962,23.307,1.0,0.9871,0.0,0.16,21.88,58.0,1.408,346.11,986.4,988.15,16.038,2.462,0.0,18.5,0.969,True,0
var12_toroidal_24_vertical_coils,24,simultaneous,1,120.0,2400.0,CCW,32.962,23.307,1.0,0.9871,0.0,-0.16,21.88,58.0,-1.408,346.11,986.4,988.15,16.038,2.462,0.0,18.5,0.969,True,0
var12_toroidal_24_vertical_coils,24,simultaneous,1,150.0,0.0,CW,31.192,22.056,1.0,1.0,0.0,0.0,35.0,50.0,0.0,300.62,856.76,1168.89,16.172,2.328,0.0,18.5,0.894,True,0
var12_toroidal_24_vertical_coils,24,simultaneous,1,150.0,0.0,CCW,31.192,22.056,1.0,1.0,0.0,-0.0,35.0,50.0,-0.0,300.62,856.76,1168.89,16.172,2.328,0.0,18.5,0.894,True,0
var12_toroidal_24_vertical_coils,24,simultaneous,1,150.0,600.0,CW,31.192,22.056,1.0,0.9992,0.0,0.04,33.98,52.0,0.315,300.62,856.76,1168.89,16.172,2.328,0.0,18.5,0.914,True,0
var12_toroidal_24_vertical_coils,24,simultaneous,1,150.0,600.0,CCW,31.192,22.056,1.0,0.9992,0.0,-0.04,33.98,52.0,-0.315,300.62,856.76,1168.89,16.172,2.328,0.0,18.5,0.914,True,0
var12_toroidal_24_vertical_coils,24,simultaneous,1,150.0,1200.0,CW,31.192,22.056,1.0,0.9968,0.0,0.08,27.94,54.0,0.631,300.62,856.76,1168.89,16.172,2.328,0.0,18.5,0.934,True,0
var12_toroidal_24_vertical_coils,24,simultaneous,1,150.0,1200.0,CCW,31.192,22.056,1.0,0.9968,0.0,-0.08,27.94,54.0,-0.631,300.62,856.76,1168.89,16.172,2.328,0.0,18.5,0.934,True,0
var12_toroidal_24_vertical_coils,24,simultaneous,1,150.0,2400.0,CW,31.192,22.056,1.0,0.9871,0.0,0.16,21.88,58.0,1.261,300.62,856.76,1168.89,16.172,2.328,0.0,18.5,0.974,True,0
var12_toroidal_24_vertical_coils,24,simultaneous,1,150.0,2400.0,CCW,31.192,22.056,1.0,0.9871,0.0,-0.16,21.88,58.0,-1.261,300.62,856.76,1168.89,16.172,2.328,0.0,18.5,0.974,True,0
var12_toroidal_24_vertical_coils,24,simultaneous,1,200.0,0.0,CW,28.389,20.074,1.0,1.0,0.0,0.0,35.0,50.0,0.0,236.51,674.05,1418.43,16.39,2.11,0.0,18.5,0.902,True,0
var12_toroidal_24_vertical_coils,24,simultaneous,1,200.0,0.0,CCW,28.389,20.074,1.0,1.0,0.0,-0.0,35.0,50.0,-0.0,236.51,674.05,1418.43,16.39,2.11,0.0,18.5,0.902,True,0
var12_toroidal_24_vertical_coils,24,simultaneous,1,200.0,600.0,CW,28.389,20.074,1.0,0.9992,0.0,0.04,33.98,52.0,0.261,236.51,674.05,1418.43,16.39,2.11,0.0,18.5,0.922,True,0
var12_toroidal_24_vertical_coils,24,simultaneous,1,200.0,600.0,CCW,28.389,20.074,1.0,0.9992,0.0,-0.04,33.98,52.0,-0.261,236.51,674.05,1418.43,16.39,2.11,0.0,18.5,0.922,True,0
var12_toroidal_24_vertical_coils,24,simultaneous,1,200.0,1200.0,CW,28.389,20.074,1.0,0.9968,0.0,0.08,27.94,54.0,0.522,236.51,674.05,1418.43,16.39,2.11,0.0,18.5,0.942,True,0
var12_toroidal_24_vertical_coils,24,simultaneous,1,200.0,1200.0,CCW,28.389,20.074,1.0,0.9968,0.0,-0.08,27.94,54.0,-0.522,236.51,674.05,1418.43,16.39,2.11,0.0,18.5,0.942,True,0
var12_toroidal_24_vertical_coils,24,simultaneous,1,200.0,2400.0,CW,28.389,20.074,1.0,0.9871,0.0,0.16,21.88,58.0,1.045,236.51,674.05,1418.43,16.39,2.11,0.0,18.5,0.982,True,0
var12_toroidal_24_vertical_coils,24,simultaneous,1,200.0,2400.0,CCW,28.389,20.074,1.0,0.9871,0.0,-0.16,21.88,58.0,-1.045,236.51,674.05,1418.43,16.39,2.11,0.0,18.5,0.982,True,0
var12_toroidal_24_vertical_coils,24,simultaneous,1,400.0,0.0,CW,26.935,19.046,1.0,1.0,0.0,0.0,35.0,50.0,0.0,207.07,590.14,2691.65,16.471,2.029,0.0,18.5,0.936,True,0
var12_toroidal_24_vertical_coils,24,simultaneous,1,400.0,0.0,CCW,26.935,19.046,1.0,1.0,0.0,-0.0,35.0,50.0,-0.0,207.07,590.14,2691.65,16.471,2.029,0.0,18.5,0.936,True,0
var12_toroidal_24_vertical_coils,24,simultaneous,1,400.0,600.0,CW,26.935,19.046,1.0,0.9992,0.0,0.04,33.98,52.0,0.235,207.07,590.14,2691.65,16.471,2.029,0.0,18.5,0.956,True,0
var12_toroidal_24_vertical_coils,24,simultaneous,1,400.0,600.0,CCW,26.935,19.046,1.0,0.9992,0.0,-0.04,33.98,52.0,-0.235,207.07,590.14,2691.65,16.471,2.029,0.0,18.5,0.956,True,0
var12_toroidal_24_vertical_coils,24,simultaneous,1,400.0,1200.0,CW,26.935,19.046,1.0,0.9968,0.0,0.08,27.94,54.0,0.47,207.07,590.14,2691.65,16.471,2.029,0.0,18.5,0.976,True,0
var12_toroidal_24_vertical_coils,24,simultaneous,1,400.0,1200.0,CCW,26.935,19.046,1.0,0.9968,0.0,-0.08,27.94,54.0,-0.47,207.07,590.14,2691.65,16.471,2.029,0.0,18.5,0.976,True,0
var12_toroidal_24_vertical_coils,24,simultaneous,1,400.0,2400.0,CW,26.935,19.046,1.0,0.9871,0.0,0.16,21.88,58.0,0.94,207.07,590.14,2691.65,16.471,2.029,0.0,18.5,1.016,True,0
var12_toroidal_24_vertical_coils,24,simultaneous,1,400.0,2400.0,CCW,26.935,19.046,1.0,0.9871,0.0,-0.16,21.88,58.0,-0.94,207.07,590.14,2691.65,16.471,2.029,0.0,18.5,1.016,True,0
var12_toroidal_24_vertical_coils,24,simultaneous,1,800.0,0.0,CW,26.736,18.905,1.0,1.0,0.0,0.0,35.0,50.0,0.0,203.44,579.79,5343.46,16.411,2.089,0.0,18.5,1.004,True,0
var12_toroidal_24_vertical_coils,24,simultaneous,1,800.0,0.0,CCW,26.736,18.905,1.0,1.0,0.0,-0.0,35.0,50.0,-0.0,203.44,579.79,5343.46,16.411,2.089,0.0,18.5,1.004,True,0
var12_toroidal_24_vertical_coils,24,simultaneous,1,800.0,600.0,CW,26.736,18.905,1.0,0.9992,0.0,0.04,33.98,52.0,0.232,203.44,579.79,5343.46,16.411,2.089,0.0,18.5,1.024,True,0
var12_toroidal_24_vertical_coils,24,simultaneous,1,800.0,600.0,CCW,26.736,18.905,1.0,0.9992,0.0,-0.04,33.98,52.0,-0.232,203.44,579.79,5343.46,16.411,2.089,0.0,18.5,1.024,True,0
var12_toroidal_24_vertical_coils,24,simultaneous,1,800.0,1200.0,CW,26.736,18.905,1.0,0.9968,0.0,0.08,27.94,54.0,0.463,203.44,579.79,5343.46,16.411,2.089,0.0,18.5,1.044,True,0
var12_toroidal_24_vertical_coils,24,simultaneous,1,800.0,1200.0,CCW,26.736,18.905,1.0,0.9968,0.0,-0.08,27.94,54.0,-0.463,203.44,579.79,5343.46,16.411,2.089,0.0,18.5,1.044,True,0
var12_toroidal_24_vertical_coils,24,simultaneous,1,800.0,2400.0,CW,26.736,18.905,1.0,0.9871,0.0,0.16,21.88,58.0,0.927,203.44,579.79,5343.46,16.411,2.089,0.0,18.5,1.084,True,0
var12_toroidal_24_vertical_coils,24,simultaneous,1,800.0,2400.0,CCW,26.736,18.905,1.0,0.9871,0.0,-0.16,21.88,58.0,-0.927,203.44,579.79,5343.46,16.411,2.089,0.0,18.5,1.084,True,0
var12_toroidal_24_vertical_coils,24,simultaneous,1,1000.0,0.0,CW,26.695,18.876,1.0,1.0,0.0,0.0,35.0,50.0,0.0,202.76,577.88,6669.06,16.377,2.123,0.0,18.5,1.038,True,0
var12_toroidal_24_vertical_coils,24,simultaneous,1,1000.0,0.0,CCW,26.695,18.876,1.0,1.0,0.0,-0.0,35.0,50.0,-0.0,202.76,577.88,6669.06,16.377,2.123,0.0,18.5,1.038,True,0
var12_toroidal_24_vertical_coils,24,simultaneous,1,1000.0,600.0,CW,26.695,18.876,1.0,0.9992,0.0,0.04,33.98,52.0,0.231,202.76,577.88,6669.06,16.377,2.123,0.0,18.5,1.058,True,0
var12_toroidal_24_vertical_coils,24,simultaneous,1,1000.0,600.0,CCW,26.695,18.876,1.0,0.9992,0.0,-0.04,33.98,52.0,-0.231,202.76,577.88,6669.06,16.377,2.123,0.0,18.5,1.058,True,0
var12_toroidal_24_vertical_coils,24,simultaneous,1,1000.0,1200.0,CW,26.695,18.876,1.0,0.9968,0.0,0.08,27.94,54.0,0.462,202.76,577.88,6669.06,16.377,2.123,0.0,18.5,1.078,True,0
var12_toroidal_24_vertical_coils,24,simultaneous,1,1000.0,1200.0,CCW,26.695,18.876,1.0,0.9968,0.0,-0.08,27.94,54.0,-0.462,202.76,577.88,6669.06,16.377,2.123,0.0,18.5,1.078,True,0
var12_toroidal_24_vertical_coils,24,simultaneous,1,1000.0,2400.0,CW,26.695,18.876,1.0,0.9871,0.0,0.16,21.88,58.0,0.924,202.76,577.88,6669.06,16.377,2.123,0.0,18.5,1.118,True,0
var12_toroidal_24_vertical_coils,24,simultaneous,1,1000.0,2400.0,CCW,26.695,18.876,1.0,0.9871,0.0,-0.16,21.88,58.0,-0.924,202.76,577.88,6669.06,16.377,2.123,0.0,18.5,1.118,True,0
var12_toroidal_24_vertical_coils,24,simultaneous,2,25.0,0.0,CW,28.044,19.83,1.0,1.0,0.0,0.0,35.0,50.0,0.0,229.15,653.07,175.15,16.452,2.048,0.0,18.5,0.872,True,0
var12_toroidal_24_vertical_coils,24,simultaneous,2,25.0,0.0,CCW,28.044,19.83,1.0,1.0,0.0,-0.0,35.0,50.0,-0.0,229.15,653.07,175.15,16.452,2.048,0.0,18.5,0.872,True,0
var12_toroidal_24_vertical_coils,24,simultaneous,2,25.0,600.0,CW,28.044,19.83,1.0,0.9992,0.0,0.04,33.98,52.0,0.255,229.15,653.07,175.15,16.452,2.048,0.0,18.5,0.892,True,0
var12_toroidal_24_vertical_coils,24,simultaneous,2,25.0,600.0,CCW,28.044,19.83,1.0,0.9992,0.0,-0.04,33.98,52.0,-0.255,229.15,653.07,175.15,16.452,2.048,0.0,18.5,0.892,True,0
var12_toroidal_24_vertical_coils,24,simultaneous,2,25.0,1200.0,CW,28.044,19.83,1.0,0.9968,0.0,0.08,27.94,54.0,0.51,229.15,653.07,175.15,16.452,2.048,0.0,18.5,0.912,True,0
var12_toroidal_24_vertical_coils,24,simultaneous,2,25.0,1200.0,CCW,28.044,19.83,1.0,0.9968,0.0,-0.08,27.94,54.0,-0.51,229.15,653.07,175.15,16.452,2.048,0.0,18.5,0.912,True,0
var12_toroidal_24_vertical_coils,24,simultaneous,2,25.0,2400.0,CW,28.044,19.83,1.0,0.9871,0.0,0.16,21.88,58.0,1.019,229.15,653.07,175.15,16.452,2.048,0.0,18.5,0.952,True,0
var12_toroidal_24_vertical_coils,24,simultaneous,2,25.0,2400.0,CCW,28.044,19.83,1.0,0.9871,0.0,-0.16,21.88,58.0,-1.019,229.15,653.07,175.15,16.452,2.048,0.0,18.5,0.952,True,0
var12_toroidal_24_vertical_coils,24,simultaneous,2,50.0,0.0,CW,28.747,20.327,1.0,1.0,0.0,0.0,35.0,50.0,0.0,244.08,695.62,359.09,16.389,2.111,0.0,18.5,0.877,True,0
var12_toroidal_24_vertical_coils,24,simultaneous,2,50.0,0.0,CCW,28.747,20.327,1.0,1.0,0.0,-0.0,35.0,50.0,-0.0,244.08,695.62,359.09,16.389,2.111,0.0,18.5,0.877,True,0
var12_toroidal_24_vertical_coils,24,simultaneous,2,50.0,600.0,CW,28.747,20.327,1.0,0.9992,0.0,0.04,33.98,52.0,0.268,244.08,695.62,359.09,16.389,2.111,0.0,18.5,0.897,True,0
var12_toroidal_24_vertical_coils,24,simultaneous,2,50.0,600.0,CCW,28.747,20.327,1.0,0.9992,0.0,-0.04,33.98,52.0,-0.268,244.08,695.62,359.09,16.389,2.111,0.0,18.5,0.897,True,0
var12_toroidal_24_vertical_coils,24,simultaneous,2,50.0,1200.0,CW,28.747,20.327,1.0,0.9968,0.0,0.08,27.94,54.0,0.536,244.08,695.62,359.09,16.389,2.111,0.0,18.5,0.917,True,0
var12_toroidal_24_vertical_coils,24,simultaneous,2,50.0,1200.0,CCW,28.747,20.327,1.0,0.9968,0.0,-0.08,27.94,54.0,-0.536,244.08,695.62,359.09,16.389,2.111,0.0,18.5,0.917,True,0
var12_toroidal_24_vertical_coils,24,simultaneous,2,50.0,2400.0,CW,28.747,20.327,1.0,0.9871,0.0,0.16,21.88,58.0,1.071,244.08,695.62,359.09,16.389,2.111,0.0,18.5,0.957,True,0
var12_toroidal_24_vertical_coils,24,simultaneous,2,50.0,2400.0,CCW,28.747,20.327,1.0,0.9871,0.0,-0.16,21.88,58.0,-1.071,244.08,695.62,359.09,16.389,2.111,0.0,18.5,0.957,True,0
var12_toroidal_24_vertical_coils,24,simultaneous,2,60.0,0.0,CW,29.176,20.631,1.0,1.0,0.0,0.0,35.0,50.0,0.0,253.46,722.35,437.33,16.352,2.148,0.0,18.5,0.878,True,0
var12_toroidal_24_vertical_coils,24,simultaneous,2,60.0,0.0,CCW,29.176,20.631,1.0,1.0,0.0,-0.0,35.0,50.0,-0.0,253.46,722.35,437.33,16.352,2.148,0.0,18.5,0.878,True,0
var12_toroidal_24_vertical_coils,24,simultaneous,2,60.0,600.0,CW,29.176,20.631,1.0,0.9992,0.0,0.04,33.98,52.0,0.276,253.46,722.35,437.33,16.352,2.148,0.0,18.5,0.898,True,0
var12_toroidal_24_vertical_coils,24,simultaneous,2,60.0,600.0,CCW,29.176,20.631,1.0,0.9992,0.0,-0.04,33.98,52.0,-0.276,253.46,722.35,437.33,16.352,2.148,0.0,18.5,0.898,True,0
var12_toroidal_24_vertical_coils,24,simultaneous,2,60.0,1200.0,CW,29.176,20.631,1.0,0.9968,0.0,0.08,27.94,54.0,0.552,253.46,722.35,437.33,16.352,2.148,0.0,18.5,0.918,True,0
var12_toroidal_24_vertical_coils,24,simultaneous,2,60.0,1200.0,CCW,29.176,20.631,1.0,0.9968,0.0,-0.08,27.94,54.0,-0.552,253.46,722.35,437.33,16.352,2.148,0.0,18.5,0.918,True,0
var12_toroidal_24_vertical_coils,24,simultaneous,2,60.0,2400.0,CW,29.176,20.631,1.0,0.9871,0.0,0.16,21.88,58.0,1.103,253.46,722.35,437.33,16.352,2.148,0.0,18.5,0.958,True,0
var12_toroidal_24_vertical_coils,24,simultaneous,2,60.0,2400.0,CCW,29.176,20.631,1.0,0.9871,0.0,-0.16,21.88,58.0,-1.103,253.46,722.35,437.33,16.352,2.148,0.0,18.5,0.958,True,0
var12_toroidal_24_vertical_coils,24,simultaneous,2,100.0,0.0,CW,32.033,22.651,1.0,1.0,0.0,0.0,35.0,50.0,0.0,321.7,916.83,800.26,16.115,2.385,0.0,18.5,0.885,True,0
var12_toroidal_24_vertical_coils,24,simultaneous,2,100.0,0.0,CCW,32.033,22.651,1.0,1.0,0.0,-0.0,35.0,50.0,-0.0,321.7,916.83,800.26,16.115,2.385,0.0,18.5,0.885,True,0
var12_toroidal_24_vertical_coils,24,simultaneous,2,100.0,600.0,CW,32.033,22.651,1.0,0.9992,0.0,0.04,33.98,52.0,0.333,321.7,916.83,800.26,16.115,2.385,0.0,18.5,0.905,True,0
var12_toroidal_24_vertical_coils,24,simultaneous,2,100.0,600.0,CCW,32.033,22.651,1.0,0.9992,0.0,-0.04,33.98,52.0,-0.333,321.7,916.83,800.26,16.115,2.385,0.0,18.5,0.905,True,0
var12_toroidal_24_vertical_coils,24,simultaneous,2,100.0,1200.0,CW,32.033,22.651,1.0,0.9968,0.0,0.08,27.94,54.0,0.665,321.7,916.83,800.26,16.115,2.385,0.0,18.5,0.925,True,0
var12_toroidal_24_vertical_coils,24,simultaneous,2,100.0,1200.0,CCW,32.033,22.651,1.0,0.9968,0.0,-0.08,27.94,54.0,-0.665,321.7,916.83,800.26,16.115,2.385,0.0,18.5,0.925,True,0
var12_toroidal_24_vertical_coils,24,simultaneous,2,100.0,2400.0,CW,32.033,22.651,1.0,0.9871,0.0,0.16,21.88,58.0,1.33,321.7,916.83,800.26,16.115,2.385,0.0,18.5,0.965,True,0
var12_toroidal_24_vertical_coils,24,simultaneous,2,100.0,2400.0,CCW,32.033,22.651,1.0,0.9871,0.0,-0.16,21.88,58.0,-1.33,321.7,916.83,800.26,16.115,2.385,0.0,18.5,0.965,True,0
var12_toroidal_24_vertical_coils,24,simultaneous,2,120.0,0.0,CW,32.962,23.307,1.0,1.0,0.0,0.0,35.0,50.0,0.0,346.11,986.4,988.15,16.038,2.462,0.0,18.5,0.889,True,0
var12_toroidal_24_vertical_coils,24,simultaneous,2,120.0,0.0,CCW,32.962,23.307,1.0,1.0,0.0,-0.0,35.0,50.0,-0.0,346.11,986.4,988.15,16.038,2.462,0.0,18.5,0.889,True,0
var12_toroidal_24_vertical_coils,24,simultaneous,2,120.0,600.0,CW,32.962,23.307,1.0,0.9992,0.0,0.04,33.98,52.0,0.352,346.11,986.4,988.15,16.038,2.462,0.0,18.5,0.909,True,0
var12_toroidal_24_vertical_coils,24,simultaneous,2,120.0,600.0,CCW,32.962,23.307,1.0,0.9992,0.0,-0.04,33.98,52.0,-0.352,346.11,986.4,988.15,16.038,2.462,0.0,18.5,0.909,True,0
var12_toroidal_24_vertical_coils,24,simultaneous,2,120.0,1200.0,CW,32.962,23.307,1.0,0.9968,0.0,0.08,27.94,54.0,0.704,346.11,986.4,988.15,16.038,2.462,0.0,18.5,0.929,True,0
var12_toroidal_24_vertical_coils,24,simultaneous,2,120.0,1200.0,CCW,32.962,23.307,1.0,0.9968,0.0,-0.08,27.94,54.0,-0.704,346.11,986.4,988.15,16.038,2.462,0.0,18.5,0.929,True,0
var12_toroidal_24_vertical_coils,24,simultaneous,2,120.0,2400.0,CW,32.962,23.307,1.0,0.9871,0.0,0.16,21.88,58.0,1.408,346.11,986.4,988.15,16.038,2.462,0.0,18.5,0.969,True,0
var12_toroidal_24_vertical_coils,24,simultaneous,2,120.0,2400.0,CCW,32.962,23.307,1.0,0.9871,0.0,-0.16,21.88,58.0,-1.408,346.11,986.4,988.15,16.038,2.462,0.0,18.5,0.969,True,0
var12_toroidal_24_vertical_coils,24,simultaneous,2,150.0,0.0,CW,31.192,22.056,1.0,1.0,0.0,0.0,35.0,50.0,0.0,300.62,856.76,1168.89,16.172,2.328,0.0,18.5,0.894,True,0
var12_toroidal_24_vertical_coils,24,simultaneous,2,150.0,0.0,CCW,31.192,22.056,1.0,1.0,0.0,-0.0,35.0,50.0,-0.0,300.62,856.76,1168.89,16.172,2.328,0.0,18.5,0.894,True,0
var12_toroidal_24_vertical_coils,24,simultaneous,2,150.0,600.0,CW,31.192,22.056,1.0,0.9992,0.0,0.04,33.98,52.0,0.315,300.62,856.76,1168.89,16.172,2.328,0.0,18.5,0.914,True,0
var12_toroidal_24_vertical_coils,24,simultaneous,2,150.0,600.0,CCW,31.192,22.056,1.0,0.9992,0.0,-0.04,33.98,52.0,-0.315,300.62,856.76,1168.89,16.172,2.328,0.0,18.5,0.914,True,0
var12_toroidal_24_vertical_coils,24,simultaneous,2,150.0,1200.0,CW,31.192,22.056,1.0,0.9968,0.0,0.08,27.94,54.0,0.631,300.62,856.76,1168.89,16.172,2.328,0.0,18.5,0.934,True,0
var12_toroidal_24_vertical_coils,24,simultaneous,2,150.0,1200.0,CCW,31.192,22.056,1.0,0.9968,0.0,-0.08,27.94,54.0,-0.631,300.62,856.76,1168.89,16.172,2.328,0.0,18.5,0.934,True,0
var12_toroidal_24_vertical_coils,24,simultaneous,2,150.0,2400.0,CW,31.192,22.056,1.0,0.9871,0.0,0.16,21.88,58.0,1.261,300.62,856.76,1168.89,16.172,2.328,0.0,18.5,0.974,True,0
var12_toroidal_24_vertical_coils,24,simultaneous,2,150.0,2400.0,CCW,31.192,22.056,1.0,0.9871,0.0,-0.16,21.88,58.0,-1.261,300.62,856.76,1168.89,16.172,2.328,0.0,18.5,0.974,True,0
var12_toroidal_24_vertical_coils,24,simultaneous,2,200.0,0.0,CW,28.389,20.074,1.0,1.0,0.0,0.0,35.0,50.0,0.0,236.51,674.05,1418.43,16.39,2.11,0.0,18.5,0.902,True,0
var12_toroidal_24_vertical_coils,24,simultaneous,2,200.0,0.0,CCW,28.389,20.074,1.0,1.0,0.0,-0.0,35.0,50.0,-0.0,236.51,674.05,1418.43,16.39,2.11,0.0,18.5,0.902,True,0
var12_toroidal_24_vertical_coils,24,simultaneous,2,200.0,600.0,CW,28.389,20.074,1.0,0.9992,0.0,0.04,33.98,52.0,0.261,236.51,674.05,1418.43,16.39,2.11,0.0,18.5,0.922,True,0
var12_toroidal_24_vertical_coils,24,simultaneous,2,200.0,600.0,CCW,28.389,20.074,1.0,0.9992,0.0,-0.04,33.98,52.0,-0.261,236.51,674.05,1418.43,16.39,2.11,0.0,18.5,0.922,True,0
var12_toroidal_24_vertical_coils,24,simultaneous,2,200.0,1200.0,CW,28.389,20.074,1.0,0.9968,0.0,0.08,27.94,54.0,0.522,236.51,674.05,1418.43,16.39,2.11,0.0,18.5,0.942,True,0
var12_toroidal_24_vertical_coils,24,simultaneous,2,200.0,1200.0,CCW,28.389,20.074,1.0,0.9968,0.0,-0.08,27.94,54.0,-0.522,236.51,674.05,1418.43,16.39,2.11,0.0,18.5,0.942,True,0
var12_toroidal_24_vertical_coils,24,simultaneous,2,200.0,2400.0,CW,28.389,20.074,1.0,0.9871,0.0,0.16,21.88,58.0,1.045,236.51,674.05,1418.43,16.39,2.11,0.0,18.5,0.982,True,0
var12_toroidal_24_vertical_coils,24,simultaneous,2,200.0,2400.0,CCW,28.389,20.074,1.0,0.9871,0.0,-0.16,21.88,58.0,-1.045,236.51,674.05,1418.43,16.39,2.11,0.0,18.5,0.982,True,0
var12_toroidal_24_vertical_coils,24,simultaneous,2,400.0,0.0,CW,26.935,19.046,1.0,1.0,0.0,0.0,35.0,50.0,0.0,207.07,590.14,2691.65,16.471,2.029,0.0,18.5,0.936,True,0
var12_toroidal_24_vertical_coils,24,simultaneous,2,400.0,0.0,CCW,26.935,19.046,1.0,1.0,0.0,-0.0,35.0,50.0,-0.0,207.07,590.14,2691.65,16.471,2.029,0.0,18.5,0.936,True,0
var12_toroidal_24_vertical_coils,24,simultaneous,2,400.0,600.0,CW,26.935,19.046,1.0,0.9992,0.0,0.04,33.98,52.0,0.235,207.07,590.14,2691.65,16.471,2.029,0.0,18.5,0.956,True,0
var12_toroidal_24_vertical_coils,24,simultaneous,2,400.0,600.0,CCW,26.935,19.046,1.0,0.9992,0.0,-0.04,33.98,52.0,-0.235,207.07,590.14,2691.65,16.471,2.029,0.0,18.5,0.956,True,0
var12_toroidal_24_vertical_coils,24,simultaneous,2,400.0,1200.0,CW,26.935,19.046,1.0,0.9968,0.0,0.08,27.94,54.0,0.47,207.07,590.14,2691.65,16.471,2.029,0.0,18.5,0.976,True,0
var12_toroidal_24_vertical_coils,24,simultaneous,2,400.0,1200.0,CCW,26.935,19.046,1.0,0.9968,0.0,-0.08,27.94,54.0,-0.47,207.07,590.14,2691.65,16.471,2.029,0.0,18.5,0.976,True,0
var12_toroidal_24_vertical_coils,24,simultaneous,2,400.0,2400.0,CW,26.935,19.046,1.0,0.9871,0.0,0.16,21.88,58.0,0.94,207.07,590.14,2691.65,16.471,2.029,0.0,18.5,1.016,True,0
var12_toroidal_24_vertical_coils,24,simultaneous,2,400.0,2400.0,CCW,26.935,19.046,1.0,0.9871,0.0,-0.16,21.88,58.0,-0.94,207.07,590.14,2691.65,16.471,2.029,0.0,18.5,1.016,True,0
var12_toroidal_24_vertical_coils,24,simultaneous,2,800.0,0.0,CW,26.736,18.905,1.0,1.0,0.0,0.0,35.0,50.0,0.0,203.44,579.79,5343.46,16.411,2.089,0.0,18.5,1.004,True,0
var12_toroidal_24_vertical_coils,24,simultaneous,2,800.0,0.0,CCW,26.736,18.905,1.0,1.0,0.0,-0.0,35.0,50.0,-0.0,203.44,579.79,5343.46,16.411,2.089,0.0,18.5,1.004,True,0
var12_toroidal_24_vertical_coils,24,simultaneous,2,800.0,600.0,CW,26.736,18.905,1.0,0.9992,0.0,0.04,33.98,52.0,0.232,203.44,579.79,5343.46,16.411,2.089,0.0,18.5,1.024,True,0
var12_toroidal_24_vertical_coils,24,simultaneous,2,800.0,600.0,CCW,26.736,18.905,1.0,0.9992,0.0,-0.04,33.98,52.0,-0.232,203.44,579.79,5343.46,16.411,2.089,0.0,18.5,1.024,True,0
var12_toroidal_24_vertical_coils,24,simultaneous,2,800.0,1200.0,CW,26.736,18.905,1.0,0.9968,0.0,0.08,27.94,54.0,0.463,203.44,579.79,5343.46,16.411,2.089,0.0,18.5,1.044,True,0
var12_toroidal_24_vertical_coils,24,simultaneous,2,800.0,1200.0,CCW,26.736,18.905,1.0,0.9968,0.0,-0.08,27.94,54.0,-0.463,203.44,579.79,5343.46,16.411,2.089,0.0,18.5,1.044,True,0
var12_toroidal_24_vertical_coils,24,simultaneous,2,800.0,2400.0,CW,26.736,18.905,1.0,0.9871,0.0,0.16,21.88,58.0,0.927,203.44,579.79,5343.46,16.411,2.089,0.0,18.5,1.084,True,0
var12_toroidal_24_vertical_coils,24,simultaneous,2,800.0,2400.0,CCW,26.736,18.905,1.0,0.9871,0.0,-0.16,21.88,58.0,-0.927,203.44,579.79,5343.46,16.411,2.089,0.0,18.5,1.084,True,0
var12_toroidal_24_vertical_coils,24,simultaneous,2,1000.0,0.0,CW,26.695,18.876,1.0,1.0,0.0,0.0,35.0,50.0,0.0,202.76,577.88,6669.06,16.377,2.123,0.0,18.5,1.038,True,0
var12_toroidal_24_vertical_coils,24,simultaneous,2,1000.0,0.0,CCW,26.695,18.876,1.0,1.0,0.0,-0.0,35.0,50.0,-0.0,202.76,577.88,6669.06,16.377,2.123,0.0,18.5,1.038,True,0
var12_toroidal_24_vertical_coils,24,simultaneous,2,1000.0,600.0,CW,26.695,18.876,1.0,0.9992,0.0,0.04,33.98,52.0,0.231,202.76,577.88,6669.06,16.377,2.123,0.0,18.5,1.058,True,0
var12_toroidal_24_vertical_coils,24,simultaneous,2,1000.0,600.0,CCW,26.695,18.876,1.0,0.9992,0.0,-0.04,33.98,52.0,-0.231,202.76,577.88,6669.06,16.377,2.123,0.0,18.5,1.058,True,0
var12_toroidal_24_vertical_coils,24,simultaneous,2,1000.0,1200.0,CW,26.695,18.876,1.0,0.9968,0.0,0.08,27.94,54.0,0.462,202.76,577.88,6669.06,16.377,2.123,0.0,18.5,1.078,True,0
var12_toroidal_24_vertical_coils,24,simultaneous,2,1000.0,1200.0,CCW,26.695,18.876,1.0,0.9968,0.0,-0.08,27.94,54.0,-0.462,202.76,577.88,6669.06,16.377,2.123,0.0,18.5,1.078,True,0
var12_toroidal_24_vertical_coils,24,simultaneous,2,1000.0,2400.0,CW,26.695,18.876,1.0,0.9871,0.0,0.16,21.88,58.0,0.924,202.76,577.88,6669.06,16.377,2.123,0.0,18.5,1.118,True,0
var12_toroidal_24_vertical_coils,24,simultaneous,2,1000.0,2400.0,CCW,26.695,18.876,1.0,0.9871,0.0,-0.16,21.88,58.0,-0.924,202.76,577.88,6669.06,16.377,2.123,0.0,18.5,1.118,True,0
var12_toroidal_24_vertical_coils,24,simultaneous,3,25.0,0.0,CW,28.798,20.363,1.0,1.0,0.0,0.0,35.0,50.0,0.0,250.06,712.66,179.86,16.405,2.095,0.0,18.5,0.874,True,0
var12_toroidal_24_vertical_coils,24,simultaneous,3,25.0,0.0,CCW,28.798,20.363,1.0,1.0,0.0,-0.0,35.0,50.0,-0.0,250.06,712.66,179.86,16.405,2.095,0.0,18.5,0.874,True,0
var12_toroidal_24_vertical_coils,24,simultaneous,3,25.0,600.0,CW,28.798,20.363,1.0,0.9992,0.0,0.04,33.98,52.0,0.269,250.06,712.66,179.86,16.405,2.095,0.0,18.5,0.894,True,0
var12_toroidal_24_vertical_coils,24,simultaneous,3,25.0,600.0,CCW,28.798,20.363,1.0,0.9992,0.0,-0.04,33.98,52.0,-0.269,250.06,712.66,179.86,16.405,2.095,0.0,18.5,0.894,True,0
var12_toroidal_24_vertical_coils,24,simultaneous,3,25.0,1200.0,CW,28.798,20.363,1.0,0.9968,0.0,0.08,27.94,54.0,0.538,250.06,712.66,179.86,16.405,2.095,0.0,18.5,0.914,True,0
var12_toroidal_24_vertical_coils,24,simultaneous,3,25.0,1200.0,CCW,28.798,20.363,1.0,0.9968,0.0,-0.08,27.94,54.0,-0.538,250.06,712.66,179.86,16.405,2.095,0.0,18.5,0.914,True,0
var12_toroidal_24_vertical_coils,24,simultaneous,3,25.0,2400.0,CW,28.798,20.363,1.0,0.9871,0.0,0.16,21.88,58.0,1.075,250.06,712.66,179.86,16.405,2.095,0.0,18.5,0.954,True,0
var12_toroidal_24_vertical_coils,24,simultaneous,3,25.0,2400.0,CCW,28.798,20.363,1.0,0.9871,0.0,-0.16,21.88,58.0,-1.075,250.06,712.66,179.86,16.405,2.095,0.0,18.5,0.954,True,0
var12_toroidal_24_vertical_coils,24,simultaneous,3,50.0,0.0,CW,29.519,20.873,1.0,1.0,0.0,0.0,35.0,50.0,0.0,266.32,759.02,368.73,16.341,2.159,0.0,18.5,0.878,True,0
var12_toroidal_24_vertical_coils,24,simultaneous,3,50.0,0.0,CCW,29.519,20.873,1.0,1.0,0.0,-0.0,35.0,50.0,-0.0,266.32,759.02,368.73,16.341,2.159,0.0,18.5,0.878,True,0
var12_toroidal_24_vertical_coils,24,simultaneous,3,50.0,600.0,CW,29.519,20.873,1.0,0.9992,0.0,0.04,33.98,52.0,0.282,266.32,759.02,368.73,16.341,2.159,0.0,18.5,0.898,True,0
var12_toroidal_24_vertical_coils,24,simultaneous,3,50.0,600.0,CCW,29.519,20.873,1.0,0.9992,0.0,-0.04,33.98,52.0,-0.282,266.32,759.02,368.73,16.341,2.159,0.0,18.5,0.898,True,0
var12_toroidal_24_vertical_coils,24,simultaneous,3,50.0,1200.0,CW,29.519,20.873,1.0,0.9968,0.0,0.08,27.94,54.0,0.565,266.32,759.02,368.73,16.341,2.159,0.0,18.5,0.918,True,0
var12_toroidal_24_vertical_coils,24,simultaneous,3,50.0,1200.0,CCW,29.519,20.873,1.0,0.9968,0.0,-0.08,27.94,54.0,-0.565,266.32,759.02,368.73,16.341,2.159,0.0,18.5,0.918,True,0
var12_toroidal_24_vertical_coils,24,simultaneous,3,50.0,2400.0,CW,29.519,20.873,1.0,0.9871,0.0,0.16,21.88,58.0,1.13,266.32,759.02,368.73,16.341,2.159,0.0,18.5,0.958,True,0
var12_toroidal_24_vertical_coils,24,simultaneous,3,50.0,2400.0,CCW,29.519,20.873,1.0,0.9871,0.0,-0.16,21.88,58.0,-1.13,266.32,759.02,368.73,16.341,2.159,0.0,18.5,0.958,True,0
var12_toroidal_24_vertical_coils,24,simultaneous,3,60.0,0.0,CW,29.959,21.184,1.0,1.0,0.0,0.0,35.0,50.0,0.0,276.54,788.14,449.06,16.304,2.196,0.0,18.5,0.88,True,0
var12_toroidal_24_vertical_coils,24,simultaneous,3,60.0,0.0,CCW,29.959,21.184,1.0,1.0,0.0,-0.0,35.0,50.0,-0.0,276.54,788.14,449.06,16.304,2.196,0.0,18.5,0.88,True,0
var12_toroidal_24_vertical_coils,24,simultaneous,3,60.0,600.0,CW,29.959,21.184,1.0,0.9992,0.0,0.04,33.98,52.0,0.291,276.54,788.14,449.06,16.304,2.196,0.0,18.5,0.9,True,0
var12_toroidal_24_vertical_coils,24,simultaneous,3,60.0,600.0,CCW,29.959,21.184,1.0,0.9992,0.0,-0.04,33.98,52.0,-0.291,276.54,788.14,449.06,16.304,2.196,0.0,18.5,0.9,True,0
var12_toroidal_24_vertical_coils,24,simultaneous,3,60.0,1200.0,CW,29.959,21.184,1.0,0.9968,0.0,0.08,27.94,54.0,0.582,276.54,788.14,449.06,16.304,2.196,0.0,18.5,0.92,True,0
var12_toroidal_24_vertical_coils,24,simultaneous,3,60.0,1200.0,CCW,29.959,21.184,1.0,0.9968,0.0,-0.08,27.94,54.0,-0.582,276.54,788.14,449.06,16.304,2.196,0.0,18.5,0.92,True,0
var12_toroidal_24_vertical_coils,24,simultaneous,3,60.0,2400.0,CW,29.959,21.184,1.0,0.9871,0.0,0.16,21.88,58.0,1.163,276.54,788.14,449.06,16.304,2.196,0.0,18.5,0.96,True,0
var12_toroidal_24_vertical_coils,24,simultaneous,3,60.0,2400.0,CCW,29.959,21.184,1.0,0.9871,0.0,-0.16,21.88,58.0,-1.163,276.54,788.14,449.06,16.304,2.196,0.0,18.5,0.96,True,0
var12_toroidal_24_vertical_coils,24,simultaneous,3,100.0,0.0,CW,32.886,23.254,1.0,1.0,0.0,0.0,35.0,50.0,0.0,350.86,999.96,821.57,16.061,2.439,0.0,18.5,0.886,True,0
var12_toroidal_24_vertical_coils,24,simultaneous,3,100.0,0.0,CCW,32.886,23.254,1.0,1.0,0.0,-0.0,35.0,50.0,-0.0,350.86,999.96,821.57,16.061,2.439,0.0,18.5,0.886,True,0
var12_toroidal_24_vertical_coils,24,simultaneous,3,100.0,600.0,CW,32.886,23.254,1.0,0.9992,0.0,0.04,33.98,52.0,0.35,350.86,999.96,821.57,16.061,2.439,0.0,18.5,0.906,True,0
var12_toroidal_24_vertical_coils,24,simultaneous,3,100.0,600.0,CCW,32.886,23.254,1.0,0.9992,0.0,-0.04,33.98,52.0,-0.35,350.86,999.96,821.57,16.061,2.439,0.0,18.5,0.906,True,0
var12_toroidal_24_vertical_coils,24,simultaneous,3,100.0,1200.0,CW,32.886,23.254,1.0,0.9968,0.0,0.08,27.94,54.0,0.701,350.86,999.96,821.57,16.061,2.439,0.0,18.5,0.926,True,0
var12_toroidal_24_vertical_coils,24,simultaneous,3,100.0,1200.0,CCW,32.886,23.254,1.0,0.9968,0.0,-0.08,27.94,54.0,-0.701,350.86,999.96,821.57,16.061,2.439,0.0,18.5,0.926,True,0
var12_toroidal_24_vertical_coils,24,simultaneous,3,100.0,2400.0,CW,32.886,23.254,1.0,0.9871,0.0,0.16,21.88,58.0,1.402,350.86,999.96,821.57,16.061,2.439,0.0,18.5,0.966,True,0
var12_toroidal_24_vertical_coils,24,simultaneous,3,100.0,2400.0,CCW,32.886,23.254,1.0,0.9871,0.0,-0.16,21.88,58.0,-1.402,350.86,999.96,821.57,16.061,2.439,0.0,18.5,0.966,True,0
var12_toroidal_24_vertical_coils,24,simultaneous,3,120.0,0.0,CW,33.837,23.927,1.0,1.0,0.0,0.0,35.0,50.0,0.0,377.44,1075.7,1014.4,15.982,2.518,0.0,18.5,0.89,True,0
var12_toroidal_24_vertical_coils,24,simultaneous,3,120.0,0.0,CCW,33.837,23.927,1.0,1.0,0.0,-0.0,35.0,50.0,-0.0,377.44,1075.7,1014.4,15.982,2.518,0.0,18.5,0.89,True,0
var12_toroidal_24_vertical_coils,24,simultaneous,3,120.0,600.0,CW,33.837,23.927,1.0,0.9992,0.0,0.04,33.98,52.0,0.371,377.44,1075.7,1014.4,15.982,2.518,0.0,18.5,0.91,True,0
var12_toroidal_24_vertical_coils,24,simultaneous,3,120.0,600.0,CCW,33.837,23.927,1.0,0.9992,0.0,-0.04,33.98,52.0,-0.371,377.44,1075.7,1014.4,15.982,2.518,0.0,18.5,0.91,True,0
var12_toroidal_24_vertical_coils,24,simultaneous,3,120.0,1200.0,CW,33.837,23.927,1.0,0.9968,0.0,0.08,27.94,54.0,0.742,377.44,1075.7,1014.4,15.982,2.518,0.0,18.5,0.93,True,0
var12_toroidal_24_vertical_coils,24,simultaneous,3,120.0,1200.0,CCW,33.837,23.927,1.0,0.9968,0.0,-0.08,27.94,54.0,-0.742,377.44,1075.7,1014.4,15.982,2.518,0.0,18.5,0.93,True,0
var12_toroidal_24_vertical_coils,24,simultaneous,3,120.0,2400.0,CW,33.837,23.927,1.0,0.9871,0.0,0.16,21.88,58.0,1.484,377.44,1075.7,1014.4,15.982,2.518,0.0,18.5,0.97,True,0
var12_toroidal_24_vertical_coils,24,simultaneous,3,120.0,2400.0,CCW,33.837,23.927,1.0,0.9871,0.0,-0.16,21.88,58.0,-1.484,377.44,1075.7,1014.4,15.982,2.518,0.0,18.5,0.97,True,0
var12_toroidal_24_vertical_coils,24,simultaneous,3,150.0,0.0,CW,32.024,22.645,1.0,1.0,0.0,0.0,35.0,50.0,0.0,327.91,934.53,1200.07,16.12,2.38,0.0,18.5,0.895,True,0
var12_toroidal_24_vertical_coils,24,simultaneous,3,150.0,0.0,CCW,32.024,22.645,1.0,1.0,0.0,-0.0,35.0,50.0,-0.0,327.91,934.53,1200.07,16.12,2.38,0.0,18.5,0.895,True,0
var12_toroidal_24_vertical_coils,24,simultaneous,3,150.0,600.0,CW,32.024,22.645,1.0,0.9992,0.0,0.04,33.98,52.0,0.332,327.91,934.53,1200.07,16.12,2.38,0.0,18.5,0.915,True,0
var12_toroidal_24_vertical_coils,24,simultaneous,3,150.0,600.0,CCW,32.024,22.645,1.0,0.9992,0.0,-0.04,33.98,52.0,-0.332,327.91,934.53,1200.07,16.12,2.38,0.0,18.5,0.915,True,0
var12_toroidal_24_vertical_coils,24,simultaneous,3,150.0,1200.0,CW,32.024,22.645,1.0,0.9968,0.0,0.08,27.94,54.0,0.665,327.91,934.53,1200.07,16.12,2.38,0.0,18.5,0.935,True,0
var12_toroidal_24_vertical_coils,24,simultaneous,3,150.0,1200.0,CCW,32.024,22.645,1.0,0.9968,0.0,-0.08,27.94,54.0,-0.665,327.91,934.53,1200.07,16.12,2.38,0.0,18.5,0.935,True,0
var12_toroidal_24_vertical_coils,24,simultaneous,3,150.0,2400.0,CW,32.024,22.645,1.0,0.9871,0.0,0.16,21.88,58.0,1.329,327.91,934.53,1200.07,16.12,2.38,0.0,18.5,0.975,True,0
var12_toroidal_24_vertical_coils,24,simultaneous,3,150.0,2400.0,CCW,32.024,22.645,1.0,0.9871,0.0,-0.16,21.88,58.0,-1.329,327.91,934.53,1200.07,16.12,2.38,0.0,18.5,0.975,True,0
var12_toroidal_24_vertical_coils,24,simultaneous,3,200.0,0.0,CW,29.151,20.613,1.0,1.0,0.0,0.0,35.0,50.0,0.0,258.06,735.48,1456.53,16.342,2.158,0.0,18.5,0.903,True,0
var12_toroidal_24_vertical_coils,24,simultaneous,3,200.0,0.0,CCW,29.151,20.613,1.0,1.0,0.0,-0.0,35.0,50.0,-0.0,258.06,735.48,1456.53,16.342,2.158,0.0,18.5,0.903,True,0
var12_toroidal_24_vertical_coils,24,simultaneous,3,200.0,600.0,CW,29.151,20.613,1.0,0.9992,0.0,0.04,33.98,52.0,0.275,258.06,735.48,1456.53,16.342,2.158,0.0,18.5,0.923,True,0
var12_toroidal_24_vertical_coils,24,simultaneous,3,200.0,600.0,CCW,29.151,20.613,1.0,0.9992,0.0,-0.04,33.98,52.0,-0.275,258.06,735.48,1456.53,16.342,2.158,0.0,18.5,0.923,True,0
var12_toroidal_24_vertical_coils,24,simultaneous,3,200.0,1200.0,CW,29.151,20.613,1.0,0.9968,0.0,0.08,27.94,54.0,0.551,258.06,735.48,1456.53,16.342,2.158,0.0,18.5,0.943,True,0
var12_toroidal_24_vertical_coils,24,simultaneous,3,200.0,1200.0,CCW,29.151,20.613,1.0,0.9968,0.0,-0.08,27.94,54.0,-0.551,258.06,735.48,1456.53,16.342,2.158,0.0,18.5,0.943,True,0
var12_toroidal_24_vertical_coils,24,simultaneous,3,200.0,2400.0,CW,29.151,20.613,1.0,0.9871,0.0,0.16,21.88,58.0,1.102,258.06,735.48,1456.53,16.342,2.158,0.0,18.5,0.983,True,0
var12_toroidal_24_vertical_coils,24,simultaneous,3,200.0,2400.0,CCW,29.151,20.613,1.0,0.9871,0.0,-0.16,21.88,58.0,-1.102,258.06,735.48,1456.53,16.342,2.158,0.0,18.5,0.983,True,0
var12_toroidal_24_vertical_coils,24,simultaneous,3,400.0,0.0,CW,27.66,19.559,1.0,1.0,0.0,0.0,35.0,50.0,0.0,225.97,644.0,2764.11,16.426,2.074,0.0,18.5,0.937,True,0
var12_toroidal_24_vertical_coils,24,simultaneous,3,400.0,0.0,CCW,27.66,19.559,1.0,1.0,0.0,-0.0,35.0,50.0,-0.0,225.97,644.0,2764.11,16.426,2.074,0.0,18.5,0.937,True,0
var12_toroidal_24_vertical_coils,24,simultaneous,3,400.0,600.0,CW,27.66,19.559,1.0,0.9992,0.0,0.04,33.98,52.0,0.248,225.97,644.0,2764.11,16.426,2.074,0.0,18.5,0.957,True,0
var12_toroidal_24_vertical_coils,24,simultaneous,3,400.0,600.0,CCW,27.66,19.559,1.0,0.9992,0.0,-0.04,33.98,52.0,-0.248,225.97,644.0,2764.11,16.426,2.074,0.0,18.5,0.957,True,0
var12_toroidal_24_vertical_coils,24,simultaneous,3,400.0,1200.0,CW,27.66,19.559,1.0,0.9968,0.0,0.08,27.94,54.0,0.496,225.97,644.0,2764.11,16.426,2.074,0.0,18.5,0.977,True,0
var12_toroidal_24_vertical_coils,24,simultaneous,3,400.0,1200.0,CCW,27.66,19.559,1.0,0.9968,0.0,-0.08,27.94,54.0,-0.496,225.97,644.0,2764.11,16.426,2.074,0.0,18.5,0.977,True,0
var12_toroidal_24_vertical_coils,24,simultaneous,3,400.0,2400.0,CW,27.66,19.559,1.0,0.9871,0.0,0.16,21.88,58.0,0.992,225.97,644.0,2764.11,16.426,2.074,0.0,18.5,1.017,True,0
var12_toroidal_24_vertical_coils,24,simultaneous,3,400.0,2400.0,CCW,27.66,19.559,1.0,0.9871,0.0,-0.16,21.88,58.0,-0.992,225.97,644.0,2764.11,16.426,2.074,0.0,18.5,1.017,True,0
var12_toroidal_24_vertical_coils,24,simultaneous,3,800.0,0.0,CW,27.455,19.413,1.0,1.0,0.0,0.0,35.0,50.0,0.0,221.99,632.66,5487.05,16.364,2.136,0.0,18.5,1.005,True,0
var12_toroidal_24_vertical_coils,24,simultaneous,3,800.0,0.0,CCW,27.455,19.413,1.0,1.0,0.0,-0.0,35.0,50.0,-0.0,221.99,632.66,5487.05,16.364,2.136,0.0,18.5,1.005,True,0
var12_toroidal_24_vertical_coils,24,simultaneous,3,800.0,600.0,CW,27.455,19.413,1.0,0.9992,0.0,0.04,33.98,52.0,0.244,221.99,632.66,5487.05,16.364,2.136,0.0,18.5,1.025,True,0
var12_toroidal_24_vertical_coils,24,simultaneous,3,800.0,600.0,CCW,27.455,19.413,1.0,0.9992,0.0,-0.04,33.98,52.0,-0.244,221.99,632.66,5487.05,16.364,2.136,0.0,18.5,1.025,True,0
var12_toroidal_24_vertical_coils,24,simultaneous,3,800.0,1200.0,CW,27.455,19.413,1.0,0.9968,0.0,0.08,27.94,54.0,0.489,221.99,632.66,5487.05,16.364,2.136,0.0,18.5,1.045,True,0
var12_toroidal_24_vertical_coils,24,simultaneous,3,800.0,1200.0,CCW,27.455,19.413,1.0,0.9968,0.0,-0.08,27.94,54.0,-0.489,221.99,632.66,5487.05,16.364,2.136,0.0,18.5,1.045,True,0
var12_toroidal_24_vertical_coils,24,simultaneous,3,800.0,2400.0,CW,27.455,19.413,1.0,0.9871,0.0,0.16,21.88,58.0,0.977,221.99,632.66,5487.05,16.364,2.136,0.0,18.5,1.085,True,0
var12_toroidal_24_vertical_coils,24,simultaneous,3,800.0,2400.0,CCW,27.455,19.413,1.0,0.9871,0.0,-0.16,21.88,58.0,-0.977,221.99,632.66,5487.05,16.364,2.136,0.0,18.5,1.085,True,0
var12_toroidal_24_vertical_coils,24,simultaneous,3,1000.0,0.0,CW,27.412,19.383,1.0,1.0,0.0,0.0,35.0,50.0,0.0,221.24,630.53,6848.09,16.329,2.171,0.0,18.5,1.039,True,0
var12_toroidal_24_vertical_coils,24,simultaneous,3,1000.0,0.0,CCW,27.412,19.383,1.0,1.0,0.0,-0.0,35.0,50.0,-0.0,221.24,630.53,6848.09,16.329,2.171,0.0,18.5,1.039,True,0
var12_toroidal_24_vertical_coils,24,simultaneous,3,1000.0,600.0,CW,27.412,19.383,1.0,0.9992,0.0,0.04,33.98,52.0,0.244,221.24,630.53,6848.09,16.329,2.171,0.0,18.5,1.059,True,0
var12_toroidal_24_vertical_coils,24,simultaneous,3,1000.0,600.0,CCW,27.412,19.383,1.0,0.9992,0.0,-0.04,33.98,52.0,-0.244,221.24,630.53,6848.09,16.329,2.171,0.0,18.5,1.059,True,0
var12_toroidal_24_vertical_coils,24,simultaneous,3,1000.0,1200.0,CW,27.412,19.383,1.0,0.9968,0.0,0.08,27.94,54.0,0.487,221.24,630.53,6848.09,16.329,2.171,0.0,18.5,1.079,True,0
var12_toroidal_24_vertical_coils,24,simultaneous,3,1000.0,1200.0,CCW,27.412,19.383,1.0,0.9968,0.0,-0.08,27.94,54.0,-0.487,221.24,630.53,6848.09,16.329,2.171,0.0,18.5,1.079,True,0
var12_toroidal_24_vertical_coils,24,simultaneous,3,1000.0,2400.0,CW,27.412,19.383,1.0,0.9871,0.0,0.16,21.88,58.0,0.974,221.24,630.53,6848.09,16.329,2.171,0.0,18.5,1.119,True,0
var12_toroidal_24_vertical_coils,24,simultaneous,3,1000.0,2400.0,CCW,27.412,19.383,1.0,0.9871,0.0,-0.16,21.88,58.0,-0.974,221.24,630.53,6848.09,16.329,2.171,0.0,18.5,1.119,True,0
var12_toroidal_24_vertical_coils,24,simultaneous,4,25.0,0.0,CW,28.044,19.83,1.0,1.0,0.0,0.0,35.0,50.0,0.0,229.15,653.07,175.15,16.452,2.048,0.0,18.5,0.872,True,0
var12_toroidal_24_vertical_coils,24,simultaneous,4,25.0,0.0,CCW,28.044,19.83,1.0,1.0,0.0,-0.0,35.0,50.0,-0.0,229.15,653.07,175.15,16.452,2.048,0.0,18.5,0.872,True,0
var12_toroidal_24_vertical_coils,24,simultaneous,4,25.0,600.0,CW,28.044,19.83,1.0,0.9992,0.0,0.04,33.98,52.0,0.255,229.15,653.07,175.15,16.452,2.048,0.0,18.5,0.892,True,0
var12_toroidal_24_vertical_coils,24,simultaneous,4,25.0,600.0,CCW,28.044,19.83,1.0,0.9992,0.0,-0.04,33.98,52.0,-0.255,229.15,653.07,175.15,16.452,2.048,0.0,18.5,0.892,True,0
var12_toroidal_24_vertical_coils,24,simultaneous,4,25.0,1200.0,CW,28.044,19.83,1.0,0.9968,0.0,0.08,27.94,54.0,0.51,229.15,653.07,175.15,16.452,2.048,0.0,18.5,0.912,True,0
var12_toroidal_24_vertical_coils,24,simultaneous,4,25.0,1200.0,CCW,28.044,19.83,1.0,0.9968,0.0,-0.08,27.94,54.0,-0.51,229.15,653.07,175.15,16.452,2.048,0.0,18.5,0.912,True,0
var12_toroidal_24_vertical_coils,24,simultaneous,4,25.0,2400.0,CW,28.044,19.83,1.0,0.9871,0.0,0.16,21.88,58.0,1.019,229.15,653.07,175.15,16.452,2.048,0.0,18.5,0.952,True,0
var12_toroidal_24_vertical_coils,24,simultaneous,4,25.0,2400.0,CCW,28.044,19.83,1.0,0.9871,0.0,-0.16,21.88,58.0,-1.019,229.15,653.07,175.15,16.452,2.048,0.0,18.5,0.952,True,0
var12_toroidal_24_vertical_coils,24,simultaneous,4,50.0,0.0,CW,28.747,20.327,1.0,1.0,0.0,0.0,35.0,50.0,0.0,244.08,695.62,359.09,16.389,2.111,0.0,18.5,0.877,True,0
var12_toroidal_24_vertical_coils,24,simultaneous,4,50.0,0.0,CCW,28.747,20.327,1.0,1.0,0.0,-0.0,35.0,50.0,-0.0,244.08,695.62,359.09,16.389,2.111,0.0,18.5,0.877,True,0
var12_toroidal_24_vertical_coils,24,simultaneous,4,50.0,600.0,CW,28.747,20.327,1.0,0.9992,0.0,0.04,33.98,52.0,0.268,244.08,695.62,359.09,16.389,2.111,0.0,18.5,0.897,True,0
var12_toroidal_24_vertical_coils,24,simultaneous,4,50.0,600.0,CCW,28.747,20.327,1.0,0.9992,0.0,-0.04,33.98,52.0,-0.268,244.08,695.62,359.09,16.389,2.111,0.0,18.5,0.897,True,0
var12_toroidal_24_vertical_coils,24,simultaneous,4,50.0,1200.0,CW,28.747,20.327,1.0,0.9968,0.0,0.08,27.94,54.0,0.536,244.08,695.62,359.09,16.389,2.111,0.0,18.5,0.917,True,0
var12_toroidal_24_vertical_coils,24,simultaneous,4,50.0,1200.0,CCW,28.747,20.327,1.0,0.9968,0.0,-0.08,27.94,54.0,-0.536,244.08,695.62,359.09,16.389,2.111,0.0,18.5,0.917,True,0
var12_toroidal_24_vertical_coils,24,simultaneous,4,50.0,2400.0,CW,28.747,20.327,1.0,0.9871,0.0,0.16,21.88,58.0,1.071,244.08,695.62,359.09,16.389,2.111,0.0,18.5,0.957,True,0
var12_toroidal_24_vertical_coils,24,simultaneous,4,50.0,2400.0,CCW,28.747,20.327,1.0,0.9871,0.0,-0.16,21.88,58.0,-1.071,244.08,695.62,359.09,16.389,2.111,0.0,18.5,0.957,True,0
var12_toroidal_24_vertical_coils,24,simultaneous,4,60.0,0.0,CW,29.176,20.631,1.0,1.0,0.0,0.0,35.0,50.0,0.0,253.46,722.35,437.33,16.352,2.148,0.0,18.5,0.878,True,0
var12_toroidal_24_vertical_coils,24,simultaneous,4,60.0,0.0,CCW,29.176,20.631,1.0,1.0,0.0,-0.0,35.0,50.0,-0.0,253.46,722.35,437.33,16.352,2.148,0.0,18.5,0.878,True,0
var12_toroidal_24_vertical_coils,24,simultaneous,4,60.0,600.0,CW,29.176,20.631,1.0,0.9992,0.0,0.04,33.98,52.0,0.276,253.46,722.35,437.33,16.352,2.148,0.0,18.5,0.898,True,0
var12_toroidal_24_vertical_coils,24,simultaneous,4,60.0,600.0,CCW,29.176,20.631,1.0,0.9992,0.0,-0.04,33.98,52.0,-0.276,253.46,722.35,437.33,16.352,2.148,0.0,18.5,0.898,True,0
var12_toroidal_24_vertical_coils,24,simultaneous,4,60.0,1200.0,CW,29.176,20.631,1.0,0.9968,0.0,0.08,27.94,54.0,0.552,253.46,722.35,437.33,16.352,2.148,0.0,18.5,0.918,True,0
var12_toroidal_24_vertical_coils,24,simultaneous,4,60.0,1200.0,CCW,29.176,20.631,1.0,0.9968,0.0,-0.08,27.94,54.0,-0.552,253.46,722.35,437.33,16.352,2.148,0.0,18.5,0.918,True,0
var12_toroidal_24_vertical_coils,24,simultaneous,4,60.0,2400.0,CW,29.176,20.631,1.0,0.9871,0.0,0.16,21.88,58.0,1.103,253.46,722.35,437.33,16.352,2.148,0.0,18.5,0.958,True,0
var12_toroidal_24_vertical_coils,24,simultaneous,4,60.0,2400.0,CCW,29.176,20.631,1.0,0.9871,0.0,-0.16,21.88,58.0,-1.103,253.46,722.35,437.33,16.352,2.148,0.0,18.5,0.958,True,0
var12_toroidal_24_vertical_coils,24,simultaneous,4,100.0,0.0,CW,32.033,22.651,1.0,1.0,0.0,0.0,35.0,50.0,0.0,321.7,916.83,800.26,16.115,2.385,0.0,18.5,0.885,True,0
var12_toroidal_24_vertical_coils,24,simultaneous,4,100.0,0.0,CCW,32.033,22.651,1.0,1.0,0.0,-0.0,35.0,50.0,-0.0,321.7,916.83,800.26,16.115,2.385,0.0,18.5,0.885,True,0
var12_toroidal_24_vertical_coils,24,simultaneous,4,100.0,600.0,CW,32.033,22.651,1.0,0.9992,0.0,0.04,33.98,52.0,0.333,321.7,916.83,800.26,16.115,2.385,0.0,18.5,0.905,True,0
var12_toroidal_24_vertical_coils,24,simultaneous,4,100.0,600.0,CCW,32.033,22.651,1.0,0.9992,0.0,-0.04,33.98,52.0,-0.333,321.7,916.83,800.26,16.115,2.385,0.0,18.5,0.905,True,0
var12_toroidal_24_vertical_coils,24,simultaneous,4,100.0,1200.0,CW,32.033,22.651,1.0,0.9968,0.0,0.08,27.94,54.0,0.665,321.7,916.83,800.26,16.115,2.385,0.0,18.5,0.925,True,0
var12_toroidal_24_vertical_coils,24,simultaneous,4,100.0,1200.0,CCW,32.033,22.651,1.0,0.9968,0.0,-0.08,27.94,54.0,-0.665,321.7,916.83,800.26,16.115,2.385,0.0,18.5,0.925,True,0
var12_toroidal_24_vertical_coils,24,simultaneous,4,100.0,2400.0,CW,32.033,22.651,1.0,0.9871,0.0,0.16,21.88,58.0,1.33,321.7,916.83,800.26,16.115,2.385,0.0,18.5,0.965,True,0
var12_toroidal_24_vertical_coils,24,simultaneous,4,100.0,2400.0,CCW,32.033,22.651,1.0,0.9871,0.0,-0.16,21.88,58.0,-1.33,321.7,916.83,800.26,16.115,2.385,0.0,18.5,0.965,True,0
var12_toroidal_24_vertical_coils,24,simultaneous,4,120.0,0.0,CW,32.962,23.307,1.0,1.0,0.0,0.0,35.0,50.0,0.0,346.11,986.4,988.15,16.038,2.462,0.0,18.5,0.889,True,0
var12_toroidal_24_vertical_coils,24,simultaneous,4,120.0,0.0,CCW,32.962,23.307,1.0,1.0,0.0,-0.0,35.0,50.0,-0.0,346.11,986.4,988.15,16.038,2.462,0.0,18.5,0.889,True,0
var12_toroidal_24_vertical_coils,24,simultaneous,4,120.0,600.0,CW,32.962,23.307,1.0,0.9992,0.0,0.04,33.98,52.0,0.352,346.11,986.4,988.15,16.038,2.462,0.0,18.5,0.909,True,0
var12_toroidal_24_vertical_coils,24,simultaneous,4,120.0,600.0,CCW,32.962,23.307,1.0,0.9992,0.0,-0.04,33.98,52.0,-0.352,346.11,986.4,988.15,16.038,2.462,0.0,18.5,0.909,True,0
var12_toroidal_24_vertical_coils,24,simultaneous,4,120.0,1200.0,CW,32.962,23.307,1.0,0.9968,0.0,0.08,27.94,54.0,0.704,346.11,986.4,988.15,16.038,2.462,0.0,18.5,0.929,True,0
var12_toroidal_24_vertical_coils,24,simultaneous,4,120.0,1200.0,CCW,32.962,23.307,1.0,0.9968,0.0,-0.08,27.94,54.0,-0.704,346.11,986.4,988.15,16.038,2.462,0.0,18.5,0.929,True,0
var12_toroidal_24_vertical_coils,24,simultaneous,4,120.0,2400.0,CW,32.962,23.307,1.0,0.9871,0.0,0.16,21.88,58.0,1.408,346.11,986.4,988.15,16.038,2.462,0.0,18.5,0.969,True,0
var12_toroidal_24_vertical_coils,24,simultaneous,4,120.0,2400.0,CCW,32.962,23.307,1.0,0.9871,0.0,-0.16,21.88,58.0,-1.408,346.11,986.4,988.15,16.038,2.462,0.0,18.5,0.969,True,0
var12_toroidal_24_vertical_coils,24,simultaneous,4,150.0,0.0,CW,31.192,22.056,1.0,1.0,0.0,0.0,35.0,50.0,0.0,300.62,856.76,1168.89,16.172,2.328,0.0,18.5,0.894,True,0
var12_toroidal_24_vertical_coils,24,simultaneous,4,150.0,0.0,CCW,31.192,22.056,1.0,1.0,0.0,-0.0,35.0,50.0,-0.0,300.62,856.76,1168.89,16.172,2.328,0.0,18.5,0.894,True,0
var12_toroidal_24_vertical_coils,24,simultaneous,4,150.0,600.0,CW,31.192,22.056,1.0,0.9992,0.0,0.04,33.98,52.0,0.315,300.62,856.76,1168.89,16.172,2.328,0.0,18.5,0.914,True,0
var12_toroidal_24_vertical_coils,24,simultaneous,4,150.0,600.0,CCW,31.192,22.056,1.0,0.9992,0.0,-0.04,33.98,52.0,-0.315,300.62,856.76,1168.89,16.172,2.328,0.0,18.5,0.914,True,0
var12_toroidal_24_vertical_coils,24,simultaneous,4,150.0,1200.0,CW,31.192,22.056,1.0,0.9968,0.0,0.08,27.94,54.0,0.631,300.62,856.76,1168.89,16.172,2.328,0.0,18.5,0.934,True,0
var12_toroidal_24_vertical_coils,24,simultaneous,4,150.0,1200.0,CCW,31.192,22.056,1.0,0.9968,0.0,-0.08,27.94,54.0,-0.631,300.62,856.76,1168.89,16.172,2.328,0.0,18.5,0.934,True,0
var12_toroidal_24_vertical_coils,24,simultaneous,4,150.0,2400.0,CW,31.192,22.056,1.0,0.9871,0.0,0.16,21.88,58.0,1.261,300.62,856.76,1168.89,16.172,2.328,0.0,18.5,0.974,True,0
var12_toroidal_24_vertical_coils,24,simultaneous,4,150.0,2400.0,CCW,31.192,22.056,1.0,0.9871,0.0,-0.16,21.88,58.0,-1.261,300.62,856.76,1168.89,16.172,2.328,0.0,18.5,0.974,True,0
var12_toroidal_24_vertical_coils,24,simultaneous,4,200.0,0.0,CW,28.389,20.074,1.0,1.0,0.0,0.0,35.0,50.0,0.0,236.51,674.05,1418.43,16.39,2.11,0.0,18.5,0.902,True,0
var12_toroidal_24_vertical_coils,24,simultaneous,4,200.0,0.0,CCW,28.389,20.074,1.0,1.0,0.0,-0.0,35.0,50.0,-0.0,236.51,674.05,1418.43,16.39,2.11,0.0,18.5,0.902,True,0
var12_toroidal_24_vertical_coils,24,simultaneous,4,200.0,600.0,CW,28.389,20.074,1.0,0.9992,0.0,0.04,33.98,52.0,0.261,236.51,674.05,1418.43,16.39,2.11,0.0,18.5,0.922,True,0
var12_toroidal_24_vertical_coils,24,simultaneous,4,200.0,600.0,CCW,28.389,20.074,1.0,0.9992,0.0,-0.04,33.98,52.0,-0.261,236.51,674.05,1418.43,16.39,2.11,0.0,18.5,0.922,True,0
var12_toroidal_24_vertical_coils,24,simultaneous,4,200.0,1200.0,CW,28.389,20.074,1.0,0.9968,0.0,0.08,27.94,54.0,0.522,236.51,674.05,1418.43,16.39,2.11,0.0,18.5,0.942,True,0
var12_toroidal_24_vertical_coils,24,simultaneous,4,200.0,1200.0,CCW,28.389,20.074,1.0,0.9968,0.0,-0.08,27.94,54.0,-0.522,236.51,674.05,1418.43,16.39,2.11,0.0,18.5,0.942,True,0
var12_toroidal_24_vertical_coils,24,simultaneous,4,200.0,2400.0,CW,28.389,20.074,1.0,0.9871,0.0,0.16,21.88,58.0,1.045,236.51,674.05,1418.43,16.39,2.11,0.0,18.5,0.982,True,0
var12_toroidal_24_vertical_coils,24,simultaneous,4,200.0,2400.0,CCW,28.389,20.074,1.0,0.9871,0.0,-0.16,21.88,58.0,-1.045,236.51,674.05,1418.43,16.39,2.11,0.0,18.5,0.982,True,0
var12_toroidal_24_vertical_coils,24,simultaneous,4,400.0,0.0,CW,26.935,19.046,1.0,1.0,0.0,0.0,35.0,50.0,0.0,207.07,590.14,2691.65,16.471,2.029,0.0,18.5,0.936,True,0
var12_toroidal_24_vertical_coils,24,simultaneous,4,400.0,0.0,CCW,26.935,19.046,1.0,1.0,0.0,-0.0,35.0,50.0,-0.0,207.07,590.14,2691.65,16.471,2.029,0.0,18.5,0.936,True,0
var12_toroidal_24_vertical_coils,24,simultaneous,4,400.0,600.0,CW,26.935,19.046,1.0,0.9992,0.0,0.04,33.98,52.0,0.235,207.07,590.14,2691.65,16.471,2.029,0.0,18.5,0.956,True,0
var12_toroidal_24_vertical_coils,24,simultaneous,4,400.0,600.0,CCW,26.935,19.046,1.0,0.9992,0.0,-0.04,33.98,52.0,-0.235,207.07,590.14,2691.65,16.471,2.029,0.0,18.5,0.956,True,0
var12_toroidal_24_vertical_coils,24,simultaneous,4,400.0,1200.0,CW,26.935,19.046,1.0,0.9968,0.0,0.08,27.94,54.0,0.47,207.07,590.14,2691.65,16.471,2.029,0.0,18.5,0.976,True,0
var12_toroidal_24_vertical_coils,24,simultaneous,4,400.0,1200.0,CCW,26.935,19.046,1.0,0.9968,0.0,-0.08,27.94,54.0,-0.47,207.07,590.14,2691.65,16.471,2.029,0.0,18.5,0.976,True,0
var12_toroidal_24_vertical_coils,24,simultaneous,4,400.0,2400.0,CW,26.935,19.046,1.0,0.9871,0.0,0.16,21.88,58.0,0.94,207.07,590.14,2691.65,16.471,2.029,0.0,18.5,1.016,True,0
var12_toroidal_24_vertical_coils,24,simultaneous,4,400.0,2400.0,CCW,26.935,19.046,1.0,0.9871,0.0,-0.16,21.88,58.0,-0.94,207.07,590.14,2691.65,16.471,2.029,0.0,18.5,1.016,True,0
var12_toroidal_24_vertical_coils,24,simultaneous,4,800.0,0.0,CW,26.736,18.905,1.0,1.0,0.0,0.0,35.0,50.0,0.0,203.44,579.79,5343.46,16.411,2.089,0.0,18.5,1.004,True,0
var12_toroidal_24_vertical_coils,24,simultaneous,4,800.0,0.0,CCW,26.736,18.905,1.0,1.0,0.0,-0.0,35.0,50.0,-0.0,203.44,579.79,5343.46,16.411,2.089,0.0,18.5,1.004,True,0
var12_toroidal_24_vertical_coils,24,simultaneous,4,800.0,600.0,CW,26.736,18.905,1.0,0.9992,0.0,0.04,33.98,52.0,0.232,203.44,579.79,5343.46,16.411,2.089,0.0,18.5,1.024,True,0
var12_toroidal_24_vertical_coils,24,simultaneous,4,800.0,600.0,CCW,26.736,18.905,1.0,0.9992,0.0,-0.04,33.98,52.0,-0.232,203.44,579.79,5343.46,16.411,2.089,0.0,18.5,1.024,True,0
var12_toroidal_24_vertical_coils,24,simultaneous,4,800.0,1200.0,CW,26.736,18.905,1.0,0.9968,0.0,0.08,27.94,54.0,0.463,203.44,579.79,5343.46,16.411,2.089,0.0,18.5,1.044,True,0
var12_toroidal_24_vertical_coils,24,simultaneous,4,800.0,1200.0,CCW,26.736,18.905,1.0,0.9968,0.0,-0.08,27.94,54.0,-0.463,203.44,579.79,5343.46,16.411,2.089,0.0,18.5,1.044,True,0
var12_toroidal_24_vertical_coils,24,simultaneous,4,800.0,2400.0,CW,26.736,18.905,1.0,0.9871,0.0,0.16,21.88,58.0,0.927,203.44,579.79,5343.46,16.411,2.089,0.0,18.5,1.084,True,0
var12_toroidal_24_vertical_coils,24,simultaneous,4,800.0,2400.0,CCW,26.736,18.905,1.0,0.9871,0.0,-0.16,21.88,58.0,-0.927,203.44,579.79,5343.46,16.411,2.089,0.0,18.5,1.084,True,0
var12_toroidal_24_vertical_coils,24,simultaneous,4,1000.0,0.0,CW,26.695,18.876,1.0,1.0,0.0,0.0,35.0,50.0,0.0,202.76,577.88,6669.06,16.377,2.123,0.0,18.5,1.038,True,0
var12_toroidal_24_vertical_coils,24,simultaneous,4,1000.0,0.0,CCW,26.695,18.876,1.0,1.0,0.0,-0.0,35.0,50.0,-0.0,202.76,577.88,6669.06,16.377,2.123,0.0,18.5,1.038,True,0
var12_toroidal_24_vertical_coils,24,simultaneous,4,1000.0,600.0,CW,26.695,18.876,1.0,0.9992,0.0,0.04,33.98,52.0,0.231,202.76,577.88,6669.06,16.377,2.123,0.0,18.5,1.058,True,0
var12_toroidal_24_vertical_coils,24,simultaneous,4,1000.0,600.0,CCW,26.695,18.876,1.0,0.9992,0.0,-0.04,33.98,52.0,-0.231,202.76,577.88,6669.06,16.377,2.123,0.0,18.5,1.058,True,0
var12_toroidal_24_vertical_coils,24,simultaneous,4,1000.0,1200.0,CW,26.695,18.876,1.0,0.9968,0.0,0.08,27.94,54.0,0.462,202.76,577.88,6669.06,16.377,2.123,0.0,18.5,1.078,True,0
var12_toroidal_24_vertical_coils,24,simultaneous,4,1000.0,1200.0,CCW,26.695,18.876,1.0,0.9968,0.0,-0.08,27.94,54.0,-0.462,202.76,577.88,6669.06,16.377,2.123,0.0,18.5,1.078,True,0
var12_toroidal_24_vertical_coils,24,simultaneous,4,1000.0,2400.0,CW,26.695,18.876,1.0,0.9871,0.0,0.16,21.88,58.0,0.924,202.76,577.88,6669.06,16.377,2.123,0.0,18.5,1.118,True,0
var12_toroidal_24_vertical_coils,24,simultaneous,4,1000.0,2400.0,CCW,26.695,18.876,1.0,0.9871,0.0,-0.16,21.88,58.0,-0.924,202.76,577.88,6669.06,16.377,2.123,0.0,18.5,1.118,True,0
var12_toroidal_24_vertical_coils,24,simultaneous,5,25.0,0.0,CW,28.044,19.83,1.0,1.0,0.0,0.0,35.0,50.0,0.0,229.15,653.07,175.15,16.452,2.048,0.0,18.5,0.872,True,0
var12_toroidal_24_vertical_coils,24,simultaneous,5,25.0,0.0,CCW,28.044,19.83,1.0,1.0,0.0,-0.0,35.0,50.0,-0.0,229.15,653.07,175.15,16.452,2.048,0.0,18.5,0.872,True,0
var12_toroidal_24_vertical_coils,24,simultaneous,5,25.0,600.0,CW,28.044,19.83,1.0,0.9992,0.0,0.04,33.98,52.0,0.255,229.15,653.07,175.15,16.452,2.048,0.0,18.5,0.892,True,0
var12_toroidal_24_vertical_coils,24,simultaneous,5,25.0,600.0,CCW,28.044,19.83,1.0,0.9992,0.0,-0.04,33.98,52.0,-0.255,229.15,653.07,175.15,16.452,2.048,0.0,18.5,0.892,True,0
var12_toroidal_24_vertical_coils,24,simultaneous,5,25.0,1200.0,CW,28.044,19.83,1.0,0.9968,0.0,0.08,27.94,54.0,0.51,229.15,653.07,175.15,16.452,2.048,0.0,18.5,0.912,True,0
var12_toroidal_24_vertical_coils,24,simultaneous,5,25.0,1200.0,CCW,28.044,19.83,1.0,0.9968,0.0,-0.08,27.94,54.0,-0.51,229.15,653.07,175.15,16.452,2.048,0.0,18.5,0.912,True,0
var12_toroidal_24_vertical_coils,24,simultaneous,5,25.0,2400.0,CW,28.044,19.83,1.0,0.9871,0.0,0.16,21.88,58.0,1.019,229.15,653.07,175.15,16.452,2.048,0.0,18.5,0.952,True,0
var12_toroidal_24_vertical_coils,24,simultaneous,5,25.0,2400.0,CCW,28.044,19.83,1.0,0.9871,0.0,-0.16,21.88,58.0,-1.019,229.15,653.07,175.15,16.452,2.048,0.0,18.5,0.952,True,0
var12_toroidal_24_vertical_coils,24,simultaneous,5,50.0,0.0,CW,28.747,20.327,1.0,1.0,0.0,0.0,35.0,50.0,0.0,244.08,695.62,359.09,16.389,2.111,0.0,18.5,0.877,True,0
var12_toroidal_24_vertical_coils,24,simultaneous,5,50.0,0.0,CCW,28.747,20.327,1.0,1.0,0.0,-0.0,35.0,50.0,-0.0,244.08,695.62,359.09,16.389,2.111,0.0,18.5,0.877,True,0
var12_toroidal_24_vertical_coils,24,simultaneous,5,50.0,600.0,CW,28.747,20.327,1.0,0.9992,0.0,0.04,33.98,52.0,0.268,244.08,695.62,359.09,16.389,2.111,0.0,18.5,0.897,True,0
var12_toroidal_24_vertical_coils,24,simultaneous,5,50.0,600.0,CCW,28.747,20.327,1.0,0.9992,0.0,-0.04,33.98,52.0,-0.268,244.08,695.62,359.09,16.389,2.111,0.0,18.5,0.897,True,0
var12_toroidal_24_vertical_coils,24,simultaneous,5,50.0,1200.0,CW,28.747,20.327,1.0,0.9968,0.0,0.08,27.94,54.0,0.536,244.08,695.62,359.09,16.389,2.111,0.0,18.5,0.917,True,0
var12_toroidal_24_vertical_coils,24,simultaneous,5,50.0,1200.0,CCW,28.747,20.327,1.0,0.9968,0.0,-0.08,27.94,54.0,-0.536,244.08,695.62,359.09,16.389,2.111,0.0,18.5,0.917,True,0
var12_toroidal_24_vertical_coils,24,simultaneous,5,50.0,2400.0,CW,28.747,20.327,1.0,0.9871,0.0,0.16,21.88,58.0,1.071,244.08,695.62,359.09,16.389,2.111,0.0,18.5,0.957,True,0
var12_toroidal_24_vertical_coils,24,simultaneous,5,50.0,2400.0,CCW,28.747,20.327,1.0,0.9871,0.0,-0.16,21.88,58.0,-1.071,244.08,695.62,359.09,16.389,2.111,0.0,18.5,0.957,True,0
var12_toroidal_24_vertical_coils,24,simultaneous,5,60.0,0.0,CW,29.176,20.631,1.0,1.0,0.0,0.0,35.0,50.0,0.0,253.46,722.35,437.33,16.352,2.148,0.0,18.5,0.878,True,0
var12_toroidal_24_vertical_coils,24,simultaneous,5,60.0,0.0,CCW,29.176,20.631,1.0,1.0,0.0,-0.0,35.0,50.0,-0.0,253.46,722.35,437.33,16.352,2.148,0.0,18.5,0.878,True,0
var12_toroidal_24_vertical_coils,24,simultaneous,5,60.0,600.0,CW,29.176,20.631,1.0,0.9992,0.0,0.04,33.98,52.0,0.276,253.46,722.35,437.33,16.352,2.148,0.0,18.5,0.898,True,0
var12_toroidal_24_vertical_coils,24,simultaneous,5,60.0,600.0,CCW,29.176,20.631,1.0,0.9992,0.0,-0.04,33.98,52.0,-0.276,253.46,722.35,437.33,16.352,2.148,0.0,18.5,0.898,True,0
var12_toroidal_24_vertical_coils,24,simultaneous,5,60.0,1200.0,CW,29.176,20.631,1.0,0.9968,0.0,0.08,27.94,54.0,0.552,253.46,722.35,437.33,16.352,2.148,0.0,18.5,0.918,True,0
var12_toroidal_24_vertical_coils,24,simultaneous,5,60.0,1200.0,CCW,29.176,20.631,1.0,0.9968,0.0,-0.08,27.94,54.0,-0.552,253.46,722.35,437.33,16.352,2.148,0.0,18.5,0.918,True,0
var12_toroidal_24_vertical_coils,24,simultaneous,5,60.0,2400.0,CW,29.176,20.631,1.0,0.9871,0.0,0.16,21.88,58.0,1.103,253.46,722.35,437.33,16.352,2.148,0.0,18.5,0.958,True,0
var12_toroidal_24_vertical_coils,24,simultaneous,5,60.0,2400.0,CCW,29.176,20.631,1.0,0.9871,0.0,-0.16,21.88,58.0,-1.103,253.46,722.35,437.33,16.352,2.148,0.0,18.5,0.958,True,0
var12_toroidal_24_vertical_coils,24,simultaneous,5,100.0,0.0,CW,32.033,22.651,1.0,1.0,0.0,0.0,35.0,50.0,0.0,321.7,916.83,800.26,16.115,2.385,0.0,18.5,0.885,True,0
var12_toroidal_24_vertical_coils,24,simultaneous,5,100.0,0.0,CCW,32.033,22.651,1.0,1.0,0.0,-0.0,35.0,50.0,-0.0,321.7,916.83,800.26,16.115,2.385,0.0,18.5,0.885,True,0
var12_toroidal_24_vertical_coils,24,simultaneous,5,100.0,600.0,CW,32.033,22.651,1.0,0.9992,0.0,0.04,33.98,52.0,0.333,321.7,916.83,800.26,16.115,2.385,0.0,18.5,0.905,True,0
var12_toroidal_24_vertical_coils,24,simultaneous,5,100.0,600.0,CCW,32.033,22.651,1.0,0.9992,0.0,-0.04,33.98,52.0,-0.333,321.7,916.83,800.26,16.115,2.385,0.0,18.5,0.905,True,0
var12_toroidal_24_vertical_coils,24,simultaneous,5,100.0,1200.0,CW,32.033,22.651,1.0,0.9968,0.0,0.08,27.94,54.0,0.665,321.7,916.83,800.26,16.115,2.385,0.0,18.5,0.925,True,0
var12_toroidal_24_vertical_coils,24,simultaneous,5,100.0,1200.0,CCW,32.033,22.651,1.0,0.9968,0.0,-0.08,27.94,54.0,-0.665,321.7,916.83,800.26,16.115,2.385,0.0,18.5,0.925,True,0
var12_toroidal_24_vertical_coils,24,simultaneous,5,100.0,2400.0,CW,32.033,22.651,1.0,0.9871,0.0,0.16,21.88,58.0,1.33,321.7,916.83,800.26,16.115,2.385,0.0,18.5,0.965,True,0
var12_toroidal_24_vertical_coils,24,simultaneous,5,100.0,2400.0,CCW,32.033,22.651,1.0,0.9871,0.0,-0.16,21.88,58.0,-1.33,321.7,916.83,800.26,16.115,2.385,0.0,18.5,0.965,True,0
var12_toroidal_24_vertical_coils,24,simultaneous,5,120.0,0.0,CW,32.962,23.307,1.0,1.0,0.0,0.0,35.0,50.0,0.0,346.11,986.4,988.15,16.038,2.462,0.0,18.5,0.889,True,0
var12_toroidal_24_vertical_coils,24,simultaneous,5,120.0,0.0,CCW,32.962,23.307,1.0,1.0,0.0,-0.0,35.0,50.0,-0.0,346.11,986.4,988.15,16.038,2.462,0.0,18.5,0.889,True,0
var12_toroidal_24_vertical_coils,24,simultaneous,5,120.0,600.0,CW,32.962,23.307,1.0,0.9992,0.0,0.04,33.98,52.0,0.352,346.11,986.4,988.15,16.038,2.462,0.0,18.5,0.909,True,0
var12_toroidal_24_vertical_coils,24,simultaneous,5,120.0,600.0,CCW,32.962,23.307,1.0,0.9992,0.0,-0.04,33.98,52.0,-0.352,346.11,986.4,988.15,16.038,2.462,0.0,18.5,0.909,True,0
var12_toroidal_24_vertical_coils,24,simultaneous,5,120.0,1200.0,CW,32.962,23.307,1.0,0.9968,0.0,0.08,27.94,54.0,0.704,346.11,986.4,988.15,16.038,2.462,0.0,18.5,0.929,True,0
var12_toroidal_24_vertical_coils,24,simultaneous,5,120.0,1200.0,CCW,32.962,23.307,1.0,0.9968,0.0,-0.08,27.94,54.0,-0.704,346.11,986.4,988.15,16.038,2.462,0.0,18.5,0.929,True,0
var12_toroidal_24_vertical_coils,24,simultaneous,5,120.0,2400.0,CW,32.962,23.307,1.0,0.9871,0.0,0.16,21.88,58.0,1.408,346.11,986.4,988.15,16.038,2.462,0.0,18.5,0.969,True,0
var12_toroidal_24_vertical_coils,24,simultaneous,5,120.0,2400.0,CCW,32.962,23.307,1.0,0.9871,0.0,-0.16,21.88,58.0,-1.408,346.11,986.4,988.15,16.038,2.462,0.0,18.5,0.969,True,0
var12_toroidal_24_vertical_coils,24,simultaneous,5,150.0,0.0,CW,31.192,22.056,1.0,1.0,0.0,0.0,35.0,50.0,0.0,300.62,856.76,1168.89,16.172,2.328,0.0,18.5,0.894,True,0
var12_toroidal_24_vertical_coils,24,simultaneous,5,150.0,0.0,CCW,31.192,22.056,1.0,1.0,0.0,-0.0,35.0,50.0,-0.0,300.62,856.76,1168.89,16.172,2.328,0.0,18.5,0.894,True,0
var12_toroidal_24_vertical_coils,24,simultaneous,5,150.0,600.0,CW,31.192,22.056,1.0,0.9992,0.0,0.04,33.98,52.0,0.315,300.62,856.76,1168.89,16.172,2.328,0.0,18.5,0.914,True,0
var12_toroidal_24_vertical_coils,24,simultaneous,5,150.0,600.0,CCW,31.192,22.056,1.0,0.9992,0.0,-0.04,33.98,52.0,-0.315,300.62,856.76,1168.89,16.172,2.328,0.0,18.5,0.914,True,0
var12_toroidal_24_vertical_coils,24,simultaneous,5,150.0,1200.0,CW,31.192,22.056,1.0,0.9968,0.0,0.08,27.94,54.0,0.631,300.62,856.76,1168.89,16.172,2.328,0.0,18.5,0.934,True,0
var12_toroidal_24_vertical_coils,24,simultaneous,5,150.0,1200.0,CCW,31.192,22.056,1.0,0.9968,0.0,-0.08,27.94,54.0,-0.631,300.62,856.76,1168.89,16.172,2.328,0.0,18.5,0.934,True,0
var12_toroidal_24_vertical_coils,24,simultaneous,5,150.0,2400.0,CW,31.192,22.056,1.0,0.9871,0.0,0.16,21.88,58.0,1.261,300.62,856.76,1168.89,16.172,2.328,0.0,18.5,0.974,True,0
var12_toroidal_24_vertical_coils,24,simultaneous,5,150.0,2400.0,CCW,31.192,22.056,1.0,0.9871,0.0,-0.16,21.88,58.0,-1.261,300.62,856.76,1168.89,16.172,2.328,0.0,18.5,0.974,True,0
var12_toroidal_24_vertical_coils,24,simultaneous,5,200.0,0.0,CW,28.389,20.074,1.0,1.0,0.0,0.0,35.0,50.0,0.0,236.51,674.05,1418.43,16.39,2.11,0.0,18.5,0.902,True,0
var12_toroidal_24_vertical_coils,24,simultaneous,5,200.0,0.0,CCW,28.389,20.074,1.0,1.0,0.0,-0.0,35.0,50.0,-0.0,236.51,674.05,1418.43,16.39,2.11,0.0,18.5,0.902,True,0
var12_toroidal_24_vertical_coils,24,simultaneous,5,200.0,600.0,CW,28.389,20.074,1.0,0.9992,0.0,0.04,33.98,52.0,0.261,236.51,674.05,1418.43,16.39,2.11,0.0,18.5,0.922,True,0
var12_toroidal_24_vertical_coils,24,simultaneous,5,200.0,600.0,CCW,28.389,20.074,1.0,0.9992,0.0,-0.04,33.98,52.0,-0.261,236.51,674.05,1418.43,16.39,2.11,0.0,18.5,0.922,True,0
var12_toroidal_24_vertical_coils,24,simultaneous,5,200.0,1200.0,CW,28.389,20.074,1.0,0.9968,0.0,0.08,27.94,54.0,0.522,236.51,674.05,1418.43,16.39,2.11,0.0,18.5,0.942,True,0
var12_toroidal_24_vertical_coils,24,simultaneous,5,200.0,1200.0,CCW,28.389,20.074,1.0,0.9968,0.0,-0.08,27.94,54.0,-0.522,236.51,674.05,1418.43,16.39,2.11,0.0,18.5,0.942,True,0
var12_toroidal_24_vertical_coils,24,simultaneous,5,200.0,2400.0,CW,28.389,20.074,1.0,0.9871,0.0,0.16,21.88,58.0,1.045,236.51,674.05,1418.43,16.39,2.11,0.0,18.5,0.982,True,0
var12_toroidal_24_vertical_coils,24,simultaneous,5,200.0,2400.0,CCW,28.389,20.074,1.0,0.9871,0.0,-0.16,21.88,58.0,-1.045,236.51,674.05,1418.43,16.39,2.11,0.0,18.5,0.982,True,0
var12_toroidal_24_vertical_coils,24,simultaneous,5,400.0,0.0,CW,26.935,19.046,1.0,1.0,0.0,0.0,35.0,50.0,0.0,207.07,590.14,2691.65,16.471,2.029,0.0,18.5,0.936,True,0
var12_toroidal_24_vertical_coils,24,simultaneous,5,400.0,0.0,CCW,26.935,19.046,1.0,1.0,0.0,-0.0,35.0,50.0,-0.0,207.07,590.14,2691.65,16.471,2.029,0.0,18.5,0.936,True,0
var12_toroidal_24_vertical_coils,24,simultaneous,5,400.0,600.0,CW,26.935,19.046,1.0,0.9992,0.0,0.04,33.98,52.0,0.235,207.07,590.14,2691.65,16.471,2.029,0.0,18.5,0.956,True,0
var12_toroidal_24_vertical_coils,24,simultaneous,5,400.0,600.0,CCW,26.935,19.046,1.0,0.9992,0.0,-0.04,33.98,52.0,-0.235,207.07,590.14,2691.65,16.471,2.029,0.0,18.5,0.956,True,0
var12_toroidal_24_vertical_coils,24,simultaneous,5,400.0,1200.0,CW,26.935,19.046,1.0,0.9968,0.0,0.08,27.94,54.0,0.47,207.07,590.14,2691.65,16.471,2.029,0.0,18.5,0.976,True,0
var12_toroidal_24_vertical_coils,24,simultaneous,5,400.0,1200.0,CCW,26.935,19.046,1.0,0.9968,0.0,-0.08,27.94,54.0,-0.47,207.07,590.14,2691.65,16.471,2.029,0.0,18.5,0.976,True,0
var12_toroidal_24_vertical_coils,24,simultaneous,5,400.0,2400.0,CW,26.935,19.046,1.0,0.9871,0.0,0.16,21.88,58.0,0.94,207.07,590.14,2691.65,16.471,2.029,0.0,18.5,1.016,True,0
var12_toroidal_24_vertical_coils,24,simultaneous,5,400.0,2400.0,CCW,26.935,19.046,1.0,0.9871,0.0,-0.16,21.88,58.0,-0.94,207.07,590.14,2691.65,16.471,2.029,0.0,18.5,1.016,True,0
var12_toroidal_24_vertical_coils,24,simultaneous,5,800.0,0.0,CW,26.736,18.905,1.0,1.0,0.0,0.0,35.0,50.0,0.0,203.44,579.79,5343.46,16.411,2.089,0.0,18.5,1.004,True,0
var12_toroidal_24_vertical_coils,24,simultaneous,5,800.0,0.0,CCW,26.736,18.905,1.0,1.0,0.0,-0.0,35.0,50.0,-0.0,203.44,579.79,5343.46,16.411,2.089,0.0,18.5,1.004,True,0
var12_toroidal_24_vertical_coils,24,simultaneous,5,800.0,600.0,CW,26.736,18.905,1.0,0.9992,0.0,0.04,33.98,52.0,0.232,203.44,579.79,5343.46,16.411,2.089,0.0,18.5,1.024,True,0
var12_toroidal_24_vertical_coils,24,simultaneous,5,800.0,600.0,CCW,26.736,18.905,1.0,0.9992,0.0,-0.04,33.98,52.0,-0.232,203.44,579.79,5343.46,16.411,2.089,0.0,18.5,1.024,True,0
var12_toroidal_24_vertical_coils,24,simultaneous,5,800.0,1200.0,CW,26.736,18.905,1.0,0.9968,0.0,0.08,27.94,54.0,0.463,203.44,579.79,5343.46,16.411,2.089,0.0,18.5,1.044,True,0
var12_toroidal_24_vertical_coils,24,simultaneous,5,800.0,1200.0,CCW,26.736,18.905,1.0,0.9968,0.0,-0.08,27.94,54.0,-0.463,203.44,579.79,5343.46,16.411,2.089,0.0,18.5,1.044,True,0
var12_toroidal_24_vertical_coils,24,simultaneous,5,800.0,2400.0,CW,26.736,18.905,1.0,0.9871,0.0,0.16,21.88,58.0,0.927,203.44,579.79,5343.46,16.411,2.089,0.0,18.5,1.084,True,0
var12_toroidal_24_vertical_coils,24,simultaneous,5,800.0,2400.0,CCW,26.736,18.905,1.0,0.9871,0.0,-0.16,21.88,58.0,-0.927,203.44,579.79,5343.46,16.411,2.089,0.0,18.5,1.084,True,0
var12_toroidal_24_vertical_coils,24,simultaneous,5,1000.0,0.0,CW,26.695,18.876,1.0,1.0,0.0,0.0,35.0,50.0,0.0,202.76,577.88,6669.06,16.377,2.123,0.0,18.5,1.038,True,0
var12_toroidal_24_vertical_coils,24,simultaneous,5,1000.0,0.0,CCW,26.695,18.876,1.0,1.0,0.0,-0.0,35.0,50.0,-0.0,202.76,577.88,6669.06,16.377,2.123,0.0,18.5,1.038,True,0
var12_toroidal_24_vertical_coils,24,simultaneous,5,1000.0,600.0,CW,26.695,18.876,1.0,0.9992,0.0,0.04,33.98,52.0,0.231,202.76,577.88,6669.06,16.377,2.123,0.0,18.5,1.058,True,0
var12_toroidal_24_vertical_coils,24,simultaneous,5,1000.0,600.0,CCW,26.695,18.876,1.0,0.9992,0.0,-0.04,33.98,52.0,-0.231,202.76,577.88,6669.06,16.377,2.123,0.0,18.5,1.058,True,0
var12_toroidal_24_vertical_coils,24,simultaneous,5,1000.0,1200.0,CW,26.695,18.876,1.0,0.9968,0.0,0.08,27.94,54.0,0.462,202.76,577.88,6669.06,16.377,2.123,0.0,18.5,1.078,True,0
var12_toroidal_24_vertical_coils,24,simultaneous,5,1000.0,1200.0,CCW,26.695,18.876,1.0,0.9968,0.0,-0.08,27.94,54.0,-0.462,202.76,577.88,6669.06,16.377,2.123,0.0,18.5,1.078,True,0
var12_toroidal_24_vertical_coils,24,simultaneous,5,1000.0,2400.0,CW,26.695,18.876,1.0,0.9871,0.0,0.16,21.88,58.0,0.924,202.76,577.88,6669.06,16.377,2.123,0.0,18.5,1.118,True,0
var12_toroidal_24_vertical_coils,24,simultaneous,5,1000.0,2400.0,CCW,26.695,18.876,1.0,0.9871,0.0,-0.16,21.88,58.0,-0.924,202.76,577.88,6669.06,16.377,2.123,0.0,18.5,1.118,True,0
var12_toroidal_24_vertical_coils,24,simultaneous,6,25.0,0.0,CW,28.798,20.363,1.0,1.0,0.0,0.0,35.0,50.0,0.0,250.06,712.66,179.86,16.405,2.095,0.0,18.5,0.874,True,0
var12_toroidal_24_vertical_coils,24,simultaneous,6,25.0,0.0,CCW,28.798,20.363,1.0,1.0,0.0,-0.0,35.0,50.0,-0.0,250.06,712.66,179.86,16.405,2.095,0.0,18.5,0.874,True,0
var12_toroidal_24_vertical_coils,24,simultaneous,6,25.0,600.0,CW,28.798,20.363,1.0,0.9992,0.0,0.04,33.98,52.0,0.269,250.06,712.66,179.86,16.405,2.095,0.0,18.5,0.894,True,0
var12_toroidal_24_vertical_coils,24,simultaneous,6,25.0,600.0,CCW,28.798,20.363,1.0,0.9992,0.0,-0.04,33.98,52.0,-0.269,250.06,712.66,179.86,16.405,2.095,0.0,18.5,0.894,True,0
var12_toroidal_24_vertical_coils,24,simultaneous,6,25.0,1200.0,CW,28.798,20.363,1.0,0.9968,0.0,0.08,27.94,54.0,0.538,250.06,712.66,179.86,16.405,2.095,0.0,18.5,0.914,True,0
var12_toroidal_24_vertical_coils,24,simultaneous,6,25.0,1200.0,CCW,28.798,20.363,1.0,0.9968,0.0,-0.08,27.94,54.0,-0.538,250.06,712.66,179.86,16.405,2.095,0.0,18.5,0.914,True,0
var12_toroidal_24_vertical_coils,24,simultaneous,6,25.0,2400.0,CW,28.798,20.363,1.0,0.9871,0.0,0.16,21.88,58.0,1.075,250.06,712.66,179.86,16.405,2.095,0.0,18.5,0.954,True,0
var12_toroidal_24_vertical_coils,24,simultaneous,6,25.0,2400.0,CCW,28.798,20.363,1.0,0.9871,0.0,-0.16,21.88,58.0,-1.075,250.06,712.66,179.86,16.405,2.095,0.0,18.5,0.954,True,0
var12_toroidal_24_vertical_coils,24,simultaneous,6,50.0,0.0,CW,29.519,20.873,1.0,1.0,0.0,0.0,35.0,50.0,0.0,266.32,759.02,368.73,16.341,2.159,0.0,18.5,0.878,True,0
var12_toroidal_24_vertical_coils,24,simultaneous,6,50.0,0.0,CCW,29.519,20.873,1.0,1.0,0.0,-0.0,35.0,50.0,-0.0,266.32,759.02,368.73,16.341,2.159,0.0,18.5,0.878,True,0
var12_toroidal_24_vertical_coils,24,simultaneous,6,50.0,600.0,CW,29.519,20.873,1.0,0.9992,0.0,0.04,33.98,52.0,0.282,266.32,759.02,368.73,16.341,2.159,0.0,18.5,0.898,True,0
var12_toroidal_24_vertical_coils,24,simultaneous,6,50.0,600.0,CCW,29.519,20.873,1.0,0.9992,0.0,-0.04,33.98,52.0,-0.282,266.32,759.02,368.73,16.341,2.159,0.0,18.5,0.898,True,0
var12_toroidal_24_vertical_coils,24,simultaneous,6,50.0,1200.0,CW,29.519,20.873,1.0,0.9968,0.0,0.08,27.94,54.0,0.565,266.32,759.02,368.73,16.341,2.159,0.0,18.5,0.918,True,0
var12_toroidal_24_vertical_coils,24,simultaneous,6,50.0,1200.0,CCW,29.519,20.873,1.0,0.9968,0.0,-0.08,27.94,54.0,-0.565,266.32,759.02,368.73,16.341,2.159,0.0,18.5,0.918,True,0
var12_toroidal_24_vertical_coils,24,simultaneous,6,50.0,2400.0,CW,29.519,20.873,1.0,0.9871,0.0,0.16,21.88,58.0,1.13,266.32,759.02,368.73,16.341,2.159,0.0,18.5,0.958,True,0
var12_toroidal_24_vertical_coils,24,simultaneous,6,50.0,2400.0,CCW,29.519,20.873,1.0,0.9871,0.0,-0.16,21.88,58.0,-1.13,266.32,759.02,368.73,16.341,2.159,0.0,18.5,0.958,True,0
var12_toroidal_24_vertical_coils,24,simultaneous,6,60.0,0.0,CW,29.959,21.184,1.0,1.0,0.0,0.0,35.0,50.0,0.0,276.54,788.14,449.06,16.304,2.196,0.0,18.5,0.88,True,0
var12_toroidal_24_vertical_coils,24,simultaneous,6,60.0,0.0,CCW,29.959,21.184,1.0,1.0,0.0,-0.0,35.0,50.0,-0.0,276.54,788.14,449.06,16.304,2.196,0.0,18.5,0.88,True,0
var12_toroidal_24_vertical_coils,24,simultaneous,6,60.0,600.0,CW,29.959,21.184,1.0,0.9992,0.0,0.04,33.98,52.0,0.291,276.54,788.14,449.06,16.304,2.196,0.0,18.5,0.9,True,0
var12_toroidal_24_vertical_coils,24,simultaneous,6,60.0,600.0,CCW,29.959,21.184,1.0,0.9992,0.0,-0.04,33.98,52.0,-0.291,276.54,788.14,449.06,16.304,2.196,0.0,18.5,0.9,True,0
var12_toroidal_24_vertical_coils,24,simultaneous,6,60.0,1200.0,CW,29.959,21.184,1.0,0.9968,0.0,0.08,27.94,54.0,0.582,276.54,788.14,449.06,16.304,2.196,0.0,18.5,0.92,True,0
var12_toroidal_24_vertical_coils,24,simultaneous,6,60.0,1200.0,CCW,29.959,21.184,1.0,0.9968,0.0,-0.08,27.94,54.0,-0.582,276.54,788.14,449.06,16.304,2.196,0.0,18.5,0.92,True,0
var12_toroidal_24_vertical_coils,24,simultaneous,6,60.0,2400.0,CW,29.959,21.184,1.0,0.9871,0.0,0.16,21.88,58.0,1.163,276.54,788.14,449.06,16.304,2.196,0.0,18.5,0.96,True,0
var12_toroidal_24_vertical_coils,24,simultaneous,6,60.0,2400.0,CCW,29.959,21.184,1.0,0.9871,0.0,-0.16,21.88,58.0,-1.163,276.54,788.14,449.06,16.304,2.196,0.0,18.5,0.96,True,0
var12_toroidal_24_vertical_coils,24,simultaneous,6,100.0,0.0,CW,32.886,23.254,1.0,1.0,0.0,0.0,35.0,50.0,0.0,350.86,999.96,821.57,16.061,2.439,0.0,18.5,0.886,True,0
var12_toroidal_24_vertical_coils,24,simultaneous,6,100.0,0.0,CCW,32.886,23.254,1.0,1.0,0.0,-0.0,35.0,50.0,-0.0,350.86,999.96,821.57,16.061,2.439,0.0,18.5,0.886,True,0
var12_toroidal_24_vertical_coils,24,simultaneous,6,100.0,600.0,CW,32.886,23.254,1.0,0.9992,0.0,0.04,33.98,52.0,0.35,350.86,999.96,821.57,16.061,2.439,0.0,18.5,0.906,True,0
var12_toroidal_24_vertical_coils,24,simultaneous,6,100.0,600.0,CCW,32.886,23.254,1.0,0.9992,0.0,-0.04,33.98,52.0,-0.35,350.86,999.96,821.57,16.061,2.439,0.0,18.5,0.906,True,0
var12_toroidal_24_vertical_coils,24,simultaneous,6,100.0,1200.0,CW,32.886,23.254,1.0,0.9968,0.0,0.08,27.94,54.0,0.701,350.86,999.96,821.57,16.061,2.439,0.0,18.5,0.926,True,0
var12_toroidal_24_vertical_coils,24,simultaneous,6,100.0,1200.0,CCW,32.886,23.254,1.0,0.9968,0.0,-0.08,27.94,54.0,-0.701,350.86,999.96,821.57,16.061,2.439,0.0,18.5,0.926,True,0
var12_toroidal_24_vertical_coils,24,simultaneous,6,100.0,2400.0,CW,32.886,23.254,1.0,0.9871,0.0,0.16,21.88,58.0,1.402,350.86,999.96,821.57,16.061,2.439,0.0,18.5,0.966,True,0
var12_toroidal_24_vertical_coils,24,simultaneous,6,100.0,2400.0,CCW,32.886,23.254,1.0,0.9871,0.0,-0.16,21.88,58.0,-1.402,350.86,999.96,821.57,16.061,2.439,0.0,18.5,0.966,True,0
var12_toroidal_24_vertical_coils,24,simultaneous,6,120.0,0.0,CW,33.837,23.927,1.0,1.0,0.0,0.0,35.0,50.0,0.0,377.44,1075.7,1014.4,15.982,2.518,0.0,18.5,0.89,True,0
var12_toroidal_24_vertical_coils,24,simultaneous,6,120.0,0.0,CCW,33.837,23.927,1.0,1.0,0.0,-0.0,35.0,50.0,-0.0,377.44,1075.7,1014.4,15.982,2.518,0.0,18.5,0.89,True,0
var12_toroidal_24_vertical_coils,24,simultaneous,6,120.0,600.0,CW,33.837,23.927,1.0,0.9992,0.0,0.04,33.98,52.0,0.371,377.44,1075.7,1014.4,15.982,2.518,0.0,18.5,0.91,True,0
var12_toroidal_24_vertical_coils,24,simultaneous,6,120.0,600.0,CCW,33.837,23.927,1.0,0.9992,0.0,-0.04,33.98,52.0,-0.371,377.44,1075.7,1014.4,15.982,2.518,0.0,18.5,0.91,True,0
var12_toroidal_24_vertical_coils,24,simultaneous,6,120.0,1200.0,CW,33.837,23.927,1.0,0.9968,0.0,0.08,27.94,54.0,0.742,377.44,1075.7,1014.4,15.982,2.518,0.0,18.5,0.93,True,0
var12_toroidal_24_vertical_coils,24,simultaneous,6,120.0,1200.0,CCW,33.837,23.927,1.0,0.9968,0.0,-0.08,27.94,54.0,-0.742,377.44,1075.7,1014.4,15.982,2.518,0.0,18.5,0.93,True,0
var12_toroidal_24_vertical_coils,24,simultaneous,6,120.0,2400.0,CW,33.837,23.927,1.0,0.9871,0.0,0.16,21.88,58.0,1.484,377.44,1075.7,1014.4,15.982,2.518,0.0,18.5,0.97,True,0
var12_toroidal_24_vertical_coils,24,simultaneous,6,120.0,2400.0,CCW,33.837,23.927,1.0,0.9871,0.0,-0.16,21.88,58.0,-1.484,377.44,1075.7,1014.4,15.982,2.518,0.0,18.5,0.97,True,0
var12_toroidal_24_vertical_coils,24,simultaneous,6,150.0,0.0,CW,32.024,22.645,1.0,1.0,0.0,0.0,35.0,50.0,0.0,327.91,934.53,1200.07,16.12,2.38,0.0,18.5,0.895,True,0
var12_toroidal_24_vertical_coils,24,simultaneous,6,150.0,0.0,CCW,32.024,22.645,1.0,1.0,0.0,-0.0,35.0,50.0,-0.0,327.91,934.53,1200.07,16.12,2.38,0.0,18.5,0.895,True,0
var12_toroidal_24_vertical_coils,24,simultaneous,6,150.0,600.0,CW,32.024,22.645,1.0,0.9992,0.0,0.04,33.98,52.0,0.332,327.91,934.53,1200.07,16.12,2.38,0.0,18.5,0.915,True,0
var12_toroidal_24_vertical_coils,24,simultaneous,6,150.0,600.0,CCW,32.024,22.645,1.0,0.9992,0.0,-0.04,33.98,52.0,-0.332,327.91,934.53,1200.07,16.12,2.38,0.0,18.5,0.915,True,0
var12_toroidal_24_vertical_coils,24,simultaneous,6,150.0,1200.0,CW,32.024,22.645,1.0,0.9968,0.0,0.08,27.94,54.0,0.665,327.91,934.53,1200.07,16.12,2.38,0.0,18.5,0.935,True,0
var12_toroidal_24_vertical_coils,24,simultaneous,6,150.0,1200.0,CCW,32.024,22.645,1.0,0.9968,0.0,-0.08,27.94,54.0,-0.665,327.91,934.53,1200.07,16.12,2.38,0.0,18.5,0.935,True,0
var12_toroidal_24_vertical_coils,24,simultaneous,6,150.0,2400.0,CW,32.024,22.645,1.0,0.9871,0.0,0.16,21.88,58.0,1.329,327.91,934.53,1200.07,16.12,2.38,0.0,18.5,0.975,True,0
var12_toroidal_24_vertical_coils,24,simultaneous,6,150.0,2400.0,CCW,32.024,22.645,1.0,0.9871,0.0,-0.16,21.88,58.0,-1.329,327.91,934.53,1200.07,16.12,2.38,0.0,18.5,0.975,True,0
var12_toroidal_24_vertical_coils,24,simultaneous,6,200.0,0.0,CW,29.151,20.613,1.0,1.0,0.0,0.0,35.0,50.0,0.0,258.06,735.48,1456.53,16.342,2.158,0.0,18.5,0.903,True,0
var12_toroidal_24_vertical_coils,24,simultaneous,6,200.0,0.0,CCW,29.151,20.613,1.0,1.0,0.0,-0.0,35.0,50.0,-0.0,258.06,735.48,1456.53,16.342,2.158,0.0,18.5,0.903,True,0
var12_toroidal_24_vertical_coils,24,simultaneous,6,200.0,600.0,CW,29.151,20.613,1.0,0.9992,0.0,0.04,33.98,52.0,0.275,258.06,735.48,1456.53,16.342,2.158,0.0,18.5,0.923,True,0
var12_toroidal_24_vertical_coils,24,simultaneous,6,200.0,600.0,CCW,29.151,20.613,1.0,0.9992,0.0,-0.04,33.98,52.0,-0.275,258.06,735.48,1456.53,16.342,2.158,0.0,18.5,0.923,True,0
var12_toroidal_24_vertical_coils,24,simultaneous,6,200.0,1200.0,CW,29.151,20.613,1.0,0.9968,0.0,0.08,27.94,54.0,0.551,258.06,735.48,1456.53,16.342,2.158,0.0,18.5,0.943,True,0
var12_toroidal_24_vertical_coils,24,simultaneous,6,200.0,1200.0,CCW,29.151,20.613,1.0,0.9968,0.0,-0.08,27.94,54.0,-0.551,258.06,735.48,1456.53,16.342,2.158,0.0,18.5,0.943,True,0
var12_toroidal_24_vertical_coils,24,simultaneous,6,200.0,2400.0,CW,29.151,20.613,1.0,0.9871,0.0,0.16,21.88,58.0,1.102,258.06,735.48,1456.53,16.342,2.158,0.0,18.5,0.983,True,0
var12_toroidal_24_vertical_coils,24,simultaneous,6,200.0,2400.0,CCW,29.151,20.613,1.0,0.9871,0.0,-0.16,21.88,58.0,-1.102,258.06,735.48,1456.53,16.342,2.158,0.0,18.5,0.983,True,0
var12_toroidal_24_vertical_coils,24,simultaneous,6,400.0,0.0,CW,27.66,19.559,1.0,1.0,0.0,0.0,35.0,50.0,0.0,225.97,644.0,2764.11,16.426,2.074,0.0,18.5,0.937,True,0
var12_toroidal_24_vertical_coils,24,simultaneous,6,400.0,0.0,CCW,27.66,19.559,1.0,1.0,0.0,-0.0,35.0,50.0,-0.0,225.97,644.0,2764.11,16.426,2.074,0.0,18.5,0.937,True,0
var12_toroidal_24_vertical_coils,24,simultaneous,6,400.0,600.0,CW,27.66,19.559,1.0,0.9992,0.0,0.04,33.98,52.0,0.248,225.97,644.0,2764.11,16.426,2.074,0.0,18.5,0.957,True,0
var12_toroidal_24_vertical_coils,24,simultaneous,6,400.0,600.0,CCW,27.66,19.559,1.0,0.9992,0.0,-0.04,33.98,52.0,-0.248,225.97,644.0,2764.11,16.426,2.074,0.0,18.5,0.957,True,0
var12_toroidal_24_vertical_coils,24,simultaneous,6,400.0,1200.0,CW,27.66,19.559,1.0,0.9968,0.0,0.08,27.94,54.0,0.496,225.97,644.0,2764.11,16.426,2.074,0.0,18.5,0.977,True,0
var12_toroidal_24_vertical_coils,24,simultaneous,6,400.0,1200.0,CCW,27.66,19.559,1.0,0.9968,0.0,-0.08,27.94,54.0,-0.496,225.97,644.0,2764.11,16.426,2.074,0.0,18.5,0.977,True,0
var12_toroidal_24_vertical_coils,24,simultaneous,6,400.0,2400.0,CW,27.66,19.559,1.0,0.9871,0.0,0.16,21.88,58.0,0.992,225.97,644.0,2764.11,16.426,2.074,0.0,18.5,1.017,True,0
var12_toroidal_24_vertical_coils,24,simultaneous,6,400.0,2400.0,CCW,27.66,19.559,1.0,0.9871,0.0,-0.16,21.88,58.0,-0.992,225.97,644.0,2764.11,16.426,2.074,0.0,18.5,1.017,True,0
var12_toroidal_24_vertical_coils,24,simultaneous,6,800.0,0.0,CW,27.455,19.413,1.0,1.0,0.0,0.0,35.0,50.0,0.0,221.99,632.66,5487.05,16.364,2.136,0.0,18.5,1.005,True,0
var12_toroidal_24_vertical_coils,24,simultaneous,6,800.0,0.0,CCW,27.455,19.413,1.0,1.0,0.0,-0.0,35.0,50.0,-0.0,221.99,632.66,5487.05,16.364,2.136,0.0,18.5,1.005,True,0
var12_toroidal_24_vertical_coils,24,simultaneous,6,800.0,600.0,CW,27.455,19.413,1.0,0.9992,0.0,0.04,33.98,52.0,0.244,221.99,632.66,5487.05,16.364,2.136,0.0,18.5,1.025,True,0
var12_toroidal_24_vertical_coils,24,simultaneous,6,800.0,600.0,CCW,27.455,19.413,1.0,0.9992,0.0,-0.04,33.98,52.0,-0.244,221.99,632.66,5487.05,16.364,2.136,0.0,18.5,1.025,True,0
var12_toroidal_24_vertical_coils,24,simultaneous,6,800.0,1200.0,CW,27.455,19.413,1.0,0.9968,0.0,0.08,27.94,54.0,0.489,221.99,632.66,5487.05,16.364,2.136,0.0,18.5,1.045,True,0
var12_toroidal_24_vertical_coils,24,simultaneous,6,800.0,1200.0,CCW,27.455,19.413,1.0,0.9968,0.0,-0.08,27.94,54.0,-0.489,221.99,632.66,5487.05,16.364,2.136,0.0,18.5,1.045,True,0
var12_toroidal_24_vertical_coils,24,simultaneous,6,800.0,2400.0,CW,27.455,19.413,1.0,0.9871,0.0,0.16,21.88,58.0,0.977,221.99,632.66,5487.05,16.364,2.136,0.0,18.5,1.085,True,0
var12_toroidal_24_vertical_coils,24,simultaneous,6,800.0,2400.0,CCW,27.455,19.413,1.0,0.9871,0.0,-0.16,21.88,58.0,-0.977,221.99,632.66,5487.05,16.364,2.136,0.0,18.5,1.085,True,0
var12_toroidal_24_vertical_coils,24,simultaneous,6,1000.0,0.0,CW,27.412,19.383,1.0,1.0,0.0,0.0,35.0,50.0,0.0,221.24,630.53,6848.09,16.329,2.171,0.0,18.5,1.039,True,0
var12_toroidal_24_vertical_coils,24,simultaneous,6,1000.0,0.0,CCW,27.412,19.383,1.0,1.0,0.0,-0.0,35.0,50.0,-0.0,221.24,630.53,6848.09,16.329,2.171,0.0,18.5,1.039,True,0
var12_toroidal_24_vertical_coils,24,simultaneous,6,1000.0,600.0,CW,27.412,19.383,1.0,0.9992,0.0,0.04,33.98,52.0,0.244,221.24,630.53,6848.09,16.329,2.171,0.0,18.5,1.059,True,0
var12_toroidal_24_vertical_coils,24,simultaneous,6,1000.0,600.0,CCW,27.412,19.383,1.0,0.9992,0.0,-0.04,33.98,52.0,-0.244,221.24,630.53,6848.09,16.329,2.171,0.0,18.5,1.059,True,0
var12_toroidal_24_vertical_coils,24,simultaneous,6,1000.0,1200.0,CW,27.412,19.383,1.0,0.9968,0.0,0.08,27.94,54.0,0.487,221.24,630.53,6848.09,16.329,2.171,0.0,18.5,1.079,True,0
var12_toroidal_24_vertical_coils,24,simultaneous,6,1000.0,1200.0,CCW,27.412,19.383,1.0,0.9968,0.0,-0.08,27.94,54.0,-0.487,221.24,630.53,6848.09,16.329,2.171,0.0,18.5,1.079,True,0
var12_toroidal_24_vertical_coils,24,simultaneous,6,1000.0,2400.0,CW,27.412,19.383,1.0,0.9871,0.0,0.16,21.88,58.0,0.974,221.24,630.53,6848.09,16.329,2.171,0.0,18.5,1.119,True,0
var12_toroidal_24_vertical_coils,24,simultaneous,6,1000.0,2400.0,CCW,27.412,19.383,1.0,0.9871,0.0,-0.16,21.88,58.0,-0.974,221.24,630.53,6848.09,16.329,2.171,0.0,18.5,1.119,True,0
var12_toroidal_24_vertical_coils,24,simultaneous,7,25.0,0.0,CW,28.044,19.83,1.0,1.0,0.0,0.0,35.0,50.0,0.0,229.15,653.07,175.15,16.452,2.048,0.0,18.5,0.872,True,0
var12_toroidal_24_vertical_coils,24,simultaneous,7,25.0,0.0,CCW,28.044,19.83,1.0,1.0,0.0,-0.0,35.0,50.0,-0.0,229.15,653.07,175.15,16.452,2.048,0.0,18.5,0.872,True,0
var12_toroidal_24_vertical_coils,24,simultaneous,7,25.0,600.0,CW,28.044,19.83,1.0,0.9992,0.0,0.04,33.98,52.0,0.255,229.15,653.07,175.15,16.452,2.048,0.0,18.5,0.892,True,0
var12_toroidal_24_vertical_coils,24,simultaneous,7,25.0,600.0,CCW,28.044,19.83,1.0,0.9992,0.0,-0.04,33.98,52.0,-0.255,229.15,653.07,175.15,16.452,2.048,0.0,18.5,0.892,True,0
var12_toroidal_24_vertical_coils,24,simultaneous,7,25.0,1200.0,CW,28.044,19.83,1.0,0.9968,0.0,0.08,27.94,54.0,0.51,229.15,653.07,175.15,16.452,2.048,0.0,18.5,0.912,True,0
var12_toroidal_24_vertical_coils,24,simultaneous,7,25.0,1200.0,CCW,28.044,19.83,1.0,0.9968,0.0,-0.08,27.94,54.0,-0.51,229.15,653.07,175.15,16.452,2.048,0.0,18.5,0.912,True,0
var12_toroidal_24_vertical_coils,24,simultaneous,7,25.0,2400.0,CW,28.044,19.83,1.0,0.9871,0.0,0.16,21.88,58.0,1.019,229.15,653.07,175.15,16.452,2.048,0.0,18.5,0.952,True,0
var12_toroidal_24_vertical_coils,24,simultaneous,7,25.0,2400.0,CCW,28.044,19.83,1.0,0.9871,0.0,-0.16,21.88,58.0,-1.019,229.15,653.07,175.15,16.452,2.048,0.0,18.5,0.952,True,0
var12_toroidal_24_vertical_coils,24,simultaneous,7,50.0,0.0,CW,28.747,20.327,1.0,1.0,0.0,0.0,35.0,50.0,0.0,244.08,695.62,359.09,16.389,2.111,0.0,18.5,0.877,True,0
var12_toroidal_24_vertical_coils,24,simultaneous,7,50.0,0.0,CCW,28.747,20.327,1.0,1.0,0.0,-0.0,35.0,50.0,-0.0,244.08,695.62,359.09,16.389,2.111,0.0,18.5,0.877,True,0
var12_toroidal_24_vertical_coils,24,simultaneous,7,50.0,600.0,CW,28.747,20.327,1.0,0.9992,0.0,0.04,33.98,52.0,0.268,244.08,695.62,359.09,16.389,2.111,0.0,18.5,0.897,True,0
var12_toroidal_24_vertical_coils,24,simultaneous,7,50.0,600.0,CCW,28.747,20.327,1.0,0.9992,0.0,-0.04,33.98,52.0,-0.268,244.08,695.62,359.09,16.389,2.111,0.0,18.5,0.897,True,0
var12_toroidal_24_vertical_coils,24,simultaneous,7,50.0,1200.0,CW,28.747,20.327,1.0,0.9968,0.0,0.08,27.94,54.0,0.536,244.08,695.62,359.09,16.389,2.111,0.0,18.5,0.917,True,0
var12_toroidal_24_vertical_coils,24,simultaneous,7,50.0,1200.0,CCW,28.747,20.327,1.0,0.9968,0.0,-0.08,27.94,54.0,-0.536,244.08,695.62,359.09,16.389,2.111,0.0,18.5,0.917,True,0
var12_toroidal_24_vertical_coils,24,simultaneous,7,50.0,2400.0,CW,28.747,20.327,1.0,0.9871,0.0,0.16,21.88,58.0,1.071,244.08,695.62,359.09,16.389,2.111,0.0,18.5,0.957,True,0
var12_toroidal_24_vertical_coils,24,simultaneous,7,50.0,2400.0,CCW,28.747,20.327,1.0,0.9871,0.0,-0.16,21.88,58.0,-1.071,244.08,695.62,359.09,16.389,2.111,0.0,18.5,0.957,True,0
var12_toroidal_24_vertical_coils,24,simultaneous,7,60.0,0.0,CW,29.176,20.631,1.0,1.0,0.0,0.0,35.0,50.0,0.0,253.46,722.35,437.33,16.352,2.148,0.0,18.5,0.878,True,0
var12_toroidal_24_vertical_coils,24,simultaneous,7,60.0,0.0,CCW,29.176,20.631,1.0,1.0,0.0,-0.0,35.0,50.0,-0.0,253.46,722.35,437.33,16.352,2.148,0.0,18.5,0.878,True,0
var12_toroidal_24_vertical_coils,24,simultaneous,7,60.0,600.0,CW,29.176,20.631,1.0,0.9992,0.0,0.04,33.98,52.0,0.276,253.46,722.35,437.33,16.352,2.148,0.0,18.5,0.898,True,0
var12_toroidal_24_vertical_coils,24,simultaneous,7,60.0,600.0,CCW,29.176,20.631,1.0,0.9992,0.0,-0.04,33.98,52.0,-0.276,253.46,722.35,437.33,16.352,2.148,0.0,18.5,0.898,True,0
var12_toroidal_24_vertical_coils,24,simultaneous,7,60.0,1200.0,CW,29.176,20.631,1.0,0.9968,0.0,0.08,27.94,54.0,0.552,253.46,722.35,437.33,16.352,2.148,0.0,18.5,0.918,True,0
var12_toroidal_24_vertical_coils,24,simultaneous,7,60.0,1200.0,CCW,29.176,20.631,1.0,0.9968,0.0,-0.08,27.94,54.0,-0.552,253.46,722.35,437.33,16.352,2.148,0.0,18.5,0.918,True,0
var12_toroidal_24_vertical_coils,24,simultaneous,7,60.0,2400.0,CW,29.176,20.631,1.0,0.9871,0.0,0.16,21.88,58.0,1.103,253.46,722.35,437.33,16.352,2.148,0.0,18.5,0.958,True,0
var12_toroidal_24_vertical_coils,24,simultaneous,7,60.0,2400.0,CCW,29.176,20.631,1.0,0.9871,0.0,-0.16,21.88,58.0,-1.103,253.46,722.35,437.33,16.352,2.148,0.0,18.5,0.958,True,0
var12_toroidal_24_vertical_coils,24,simultaneous,7,100.0,0.0,CW,32.033,22.651,1.0,1.0,0.0,0.0,35.0,50.0,0.0,321.7,916.83,800.26,16.115,2.385,0.0,18.5,0.885,True,0
var12_toroidal_24_vertical_coils,24,simultaneous,7,100.0,0.0,CCW,32.033,22.651,1.0,1.0,0.0,-0.0,35.0,50.0,-0.0,321.7,916.83,800.26,16.115,2.385,0.0,18.5,0.885,True,0
var12_toroidal_24_vertical_coils,24,simultaneous,7,100.0,600.0,CW,32.033,22.651,1.0,0.9992,0.0,0.04,33.98,52.0,0.333,321.7,916.83,800.26,16.115,2.385,0.0,18.5,0.905,True,0
var12_toroidal_24_vertical_coils,24,simultaneous,7,100.0,600.0,CCW,32.033,22.651,1.0,0.9992,0.0,-0.04,33.98,52.0,-0.333,321.7,916.83,800.26,16.115,2.385,0.0,18.5,0.905,True,0
var12_toroidal_24_vertical_coils,24,simultaneous,7,100.0,1200.0,CW,32.033,22.651,1.0,0.9968,0.0,0.08,27.94,54.0,0.665,321.7,916.83,800.26,16.115,2.385,0.0,18.5,0.925,True,0
var12_toroidal_24_vertical_coils,24,simultaneous,7,100.0,1200.0,CCW,32.033,22.651,1.0,0.9968,0.0,-0.08,27.94,54.0,-0.665,321.7,916.83,800.26,16.115,2.385,0.0,18.5,0.925,True,0
var12_toroidal_24_vertical_coils,24,simultaneous,7,100.0,2400.0,CW,32.033,22.651,1.0,0.9871,0.0,0.16,21.88,58.0,1.33,321.7,916.83,800.26,16.115,2.385,0.0,18.5,0.965,True,0
var12_toroidal_24_vertical_coils,24,simultaneous,7,100.0,2400.0,CCW,32.033,22.651,1.0,0.9871,0.0,-0.16,21.88,58.0,-1.33,321.7,916.83,800.26,16.115,2.385,0.0,18.5,0.965,True,0
var12_toroidal_24_vertical_coils,24,simultaneous,7,120.0,0.0,CW,32.962,23.307,1.0,1.0,0.0,0.0,35.0,50.0,0.0,346.11,986.4,988.15,16.038,2.462,0.0,18.5,0.889,True,0
var12_toroidal_24_vertical_coils,24,simultaneous,7,120.0,0.0,CCW,32.962,23.307,1.0,1.0,0.0,-0.0,35.0,50.0,-0.0,346.11,986.4,988.15,16.038,2.462,0.0,18.5,0.889,True,0
var12_toroidal_24_vertical_coils,24,simultaneous,7,120.0,600.0,CW,32.962,23.307,1.0,0.9992,0.0,0.04,33.98,52.0,0.352,346.11,986.4,988.15,16.038,2.462,0.0,18.5,0.909,True,0
var12_toroidal_24_vertical_coils,24,simultaneous,7,120.0,600.0,CCW,32.962,23.307,1.0,0.9992,0.0,-0.04,33.98,52.0,-0.352,346.11,986.4,988.15,16.038,2.462,0.0,18.5,0.909,True,0
var12_toroidal_24_vertical_coils,24,simultaneous,7,120.0,1200.0,CW,32.962,23.307,1.0,0.9968,0.0,0.08,27.94,54.0,0.704,346.11,986.4,988.15,16.038,2.462,0.0,18.5,0.929,True,0
var12_toroidal_24_vertical_coils,24,simultaneous,7,120.0,1200.0,CCW,32.962,23.307,1.0,0.9968,0.0,-0.08,27.94,54.0,-0.704,346.11,986.4,988.15,16.038,2.462,0.0,18.5,0.929,True,0
var12_toroidal_24_vertical_coils,24,simultaneous,7,120.0,2400.0,CW,32.962,23.307,1.0,0.9871,0.0,0.16,21.88,58.0,1.408,346.11,986.4,988.15,16.038,2.462,0.0,18.5,0.969,True,0
var12_toroidal_24_vertical_coils,24,simultaneous,7,120.0,2400.0,CCW,32.962,23.307,1.0,0.9871,0.0,-0.16,21.88,58.0,-1.408,346.11,986.4,988.15,16.038,2.462,0.0,18.5,0.969,True,0
var12_toroidal_24_vertical_coils,24,simultaneous,7,150.0,0.0,CW,31.192,22.056,1.0,1.0,0.0,0.0,35.0,50.0,0.0,300.62,856.76,1168.89,16.172,2.328,0.0,18.5,0.894,True,0
var12_toroidal_24_vertical_coils,24,simultaneous,7,150.0,0.0,CCW,31.192,22.056,1.0,1.0,0.0,-0.0,35.0,50.0,-0.0,300.62,856.76,1168.89,16.172,2.328,0.0,18.5,0.894,True,0
var12_toroidal_24_vertical_coils,24,simultaneous,7,150.0,600.0,CW,31.192,22.056,1.0,0.9992,0.0,0.04,33.98,52.0,0.315,300.62,856.76,1168.89,16.172,2.328,0.0,18.5,0.914,True,0
var12_toroidal_24_vertical_coils,24,simultaneous,7,150.0,600.0,CCW,31.192,22.056,1.0,0.9992,0.0,-0.04,33.98,52.0,-0.315,300.62,856.76,1168.89,16.172,2.328,0.0,18.5,0.914,True,0
var12_toroidal_24_vertical_coils,24,simultaneous,7,150.0,1200.0,CW,31.192,22.056,1.0,0.9968,0.0,0.08,27.94,54.0,0.631,300.62,856.76,1168.89,16.172,2.328,0.0,18.5,0.934,True,0
var12_toroidal_24_vertical_coils,24,simultaneous,7,150.0,1200.0,CCW,31.192,22.056,1.0,0.9968,0.0,-0.08,27.94,54.0,-0.631,300.62,856.76,1168.89,16.172,2.328,0.0,18.5,0.934,True,0
var12_toroidal_24_vertical_coils,24,simultaneous,7,150.0,2400.0,CW,31.192,22.056,1.0,0.9871,0.0,0.16,21.88,58.0,1.261,300.62,856.76,1168.89,16.172,2.328,0.0,18.5,0.974,True,0
var12_toroidal_24_vertical_coils,24,simultaneous,7,150.0,2400.0,CCW,31.192,22.056,1.0,0.9871,0.0,-0.16,21.88,58.0,-1.261,300.62,856.76,1168.89,16.172,2.328,0.0,18.5,0.974,True,0
var12_toroidal_24_vertical_coils,24,simultaneous,7,200.0,0.0,CW,28.389,20.074,1.0,1.0,0.0,0.0,35.0,50.0,0.0,236.51,674.05,1418.43,16.39,2.11,0.0,18.5,0.902,True,0
var12_toroidal_24_vertical_coils,24,simultaneous,7,200.0,0.0,CCW,28.389,20.074,1.0,1.0,0.0,-0.0,35.0,50.0,-0.0,236.51,674.05,1418.43,16.39,2.11,0.0,18.5,0.902,True,0
var12_toroidal_24_vertical_coils,24,simultaneous,7,200.0,600.0,CW,28.389,20.074,1.0,0.9992,0.0,0.04,33.98,52.0,0.261,236.51,674.05,1418.43,16.39,2.11,0.0,18.5,0.922,True,0
var12_toroidal_24_vertical_coils,24,simultaneous,7,200.0,600.0,CCW,28.389,20.074,1.0,0.9992,0.0,-0.04,33.98,52.0,-0.261,236.51,674.05,1418.43,16.39,2.11,0.0,18.5,0.922,True,0
var12_toroidal_24_vertical_coils,24,simultaneous,7,200.0,1200.0,CW,28.389,20.074,1.0,0.9968,0.0,0.08,27.94,54.0,0.522,236.51,674.05,1418.43,16.39,2.11,0.0,18.5,0.942,True,0
var12_toroidal_24_vertical_coils,24,simultaneous,7,200.0,1200.0,CCW,28.389,20.074,1.0,0.9968,0.0,-0.08,27.94,54.0,-0.522,236.51,674.05,1418.43,16.39,2.11,0.0,18.5,0.942,True,0
var12_toroidal_24_vertical_coils,24,simultaneous,7,200.0,2400.0,CW,28.389,20.074,1.0,0.9871,0.0,0.16,21.88,58.0,1.045,236.51,674.05,1418.43,16.39,2.11,0.0,18.5,0.982,True,0
var12_toroidal_24_vertical_coils,24,simultaneous,7,200.0,2400.0,CCW,28.389,20.074,1.0,0.9871,0.0,-0.16,21.88,58.0,-1.045,236.51,674.05,1418.43,16.39,2.11,0.0,18.5,0.982,True,0
var12_toroidal_24_vertical_coils,24,simultaneous,7,400.0,0.0,CW,26.935,19.046,1.0,1.0,0.0,0.0,35.0,50.0,0.0,207.07,590.14,2691.65,16.471,2.029,0.0,18.5,0.936,True,0
var12_toroidal_24_vertical_coils,24,simultaneous,7,400.0,0.0,CCW,26.935,19.046,1.0,1.0,0.0,-0.0,35.0,50.0,-0.0,207.07,590.14,2691.65,16.471,2.029,0.0,18.5,0.936,True,0
var12_toroidal_24_vertical_coils,24,simultaneous,7,400.0,600.0,CW,26.935,19.046,1.0,0.9992,0.0,0.04,33.98,52.0,0.235,207.07,590.14,2691.65,16.471,2.029,0.0,18.5,0.956,True,0
var12_toroidal_24_vertical_coils,24,simultaneous,7,400.0,600.0,CCW,26.935,19.046,1.0,0.9992,0.0,-0.04,33.98,52.0,-0.235,207.07,590.14,2691.65,16.471,2.029,0.0,18.5,0.956,True,0
var12_toroidal_24_vertical_coils,24,simultaneous,7,400.0,1200.0,CW,26.935,19.046,1.0,0.9968,0.0,0.08,27.94,54.0,0.47,207.07,590.14,2691.65,16.471,2.029,0.0,18.5,0.976,True,0
var12_toroidal_24_vertical_coils,24,simultaneous,7,400.0,1200.0,CCW,26.935,19.046,1.0,0.9968,0.0,-0.08,27.94,54.0,-0.47,207.07,590.14,2691.65,16.471,2.029,0.0,18.5,0.976,True,0
var12_toroidal_24_vertical_coils,24,simultaneous,7,400.0,2400.0,CW,26.935,19.046,1.0,0.9871,0.0,0.16,21.88,58.0,0.94,207.07,590.14,2691.65,16.471,2.029,0.0,18.5,1.016,True,0
var12_toroidal_24_vertical_coils,24,simultaneous,7,400.0,2400.0,CCW,26.935,19.046,1.0,0.9871,0.0,-0.16,21.88,58.0,-0.94,207.07,590.14,2691.65,16.471,2.029,0.0,18.5,1.016,True,0
var12_toroidal_24_vertical_coils,24,simultaneous,7,800.0,0.0,CW,26.736,18.905,1.0,1.0,0.0,0.0,35.0,50.0,0.0,203.44,579.79,5343.46,16.411,2.089,0.0,18.5,1.004,True,0
var12_toroidal_24_vertical_coils,24,simultaneous,7,800.0,0.0,CCW,26.736,18.905,1.0,1.0,0.0,-0.0,35.0,50.0,-0.0,203.44,579.79,5343.46,16.411,2.089,0.0,18.5,1.004,True,0
var12_toroidal_24_vertical_coils,24,simultaneous,7,800.0,600.0,CW,26.736,18.905,1.0,0.9992,0.0,0.04,33.98,52.0,0.232,203.44,579.79,5343.46,16.411,2.089,0.0,18.5,1.024,True,0
var12_toroidal_24_vertical_coils,24,simultaneous,7,800.0,600.0,CCW,26.736,18.905,1.0,0.9992,0.0,-0.04,33.98,52.0,-0.232,203.44,579.79,5343.46,16.411,2.089,0.0,18.5,1.024,True,0
var12_toroidal_24_vertical_coils,24,simultaneous,7,800.0,1200.0,CW,26.736,18.905,1.0,0.9968,0.0,0.08,27.94,54.0,0.463,203.44,579.79,5343.46,16.411,2.089,0.0,18.5,1.044,True,0
var12_toroidal_24_vertical_coils,24,simultaneous,7,800.0,1200.0,CCW,26.736,18.905,1.0,0.9968,0.0,-0.08,27.94,54.0,-0.463,203.44,579.79,5343.46,16.411,2.089,0.0,18.5,1.044,True,0
var12_toroidal_24_vertical_coils,24,simultaneous,7,800.0,2400.0,CW,26.736,18.905,1.0,0.9871,0.0,0.16,21.88,58.0,0.927,203.44,579.79,5343.46,16.411,2.089,0.0,18.5,1.084,True,0
var12_toroidal_24_vertical_coils,24,simultaneous,7,800.0,2400.0,CCW,26.736,18.905,1.0,0.9871,0.0,-0.16,21.88,58.0,-0.927,203.44,579.79,5343.46,16.411,2.089,0.0,18.5,1.084,True,0
var12_toroidal_24_vertical_coils,24,simultaneous,7,1000.0,0.0,CW,26.695,18.876,1.0,1.0,0.0,0.0,35.0,50.0,0.0,202.76,577.88,6669.06,16.377,2.123,0.0,18.5,1.038,True,0
var12_toroidal_24_vertical_coils,24,simultaneous,7,1000.0,0.0,CCW,26.695,18.876,1.0,1.0,0.0,-0.0,35.0,50.0,-0.0,202.76,577.88,6669.06,16.377,2.123,0.0,18.5,1.038,True,0
var12_toroidal_24_vertical_coils,24,simultaneous,7,1000.0,600.0,CW,26.695,18.876,1.0,0.9992,0.0,0.04,33.98,52.0,0.231,202.76,577.88,6669.06,16.377,2.123,0.0,18.5,1.058,True,0
var12_toroidal_24_vertical_coils,24,simultaneous,7,1000.0,600.0,CCW,26.695,18.876,1.0,0.9992,0.0,-0.04,33.98,52.0,-0.231,202.76,577.88,6669.06,16.377,2.123,0.0,18.5,1.058,True,0
var12_toroidal_24_vertical_coils,24,simultaneous,7,1000.0,1200.0,CW,26.695,18.876,1.0,0.9968,0.0,0.08,27.94,54.0,0.462,202.76,577.88,6669.06,16.377,2.123,0.0,18.5,1.078,True,0
var12_toroidal_24_vertical_coils,24,simultaneous,7,1000.0,1200.0,CCW,26.695,18.876,1.0,0.9968,0.0,-0.08,27.94,54.0,-0.462,202.76,577.88,6669.06,16.377,2.123,0.0,18.5,1.078,True,0
var12_toroidal_24_vertical_coils,24,simultaneous,7,1000.0,2400.0,CW,26.695,18.876,1.0,0.9871,0.0,0.16,21.88,58.0,0.924,202.76,577.88,6669.06,16.377,2.123,0.0,18.5,1.118,True,0
var12_toroidal_24_vertical_coils,24,simultaneous,7,1000.0,2400.0,CCW,26.695,18.876,1.0,0.9871,0.0,-0.16,21.88,58.0,-0.924,202.76,577.88,6669.06,16.377,2.123,0.0,18.5,1.118,True,0
var12_toroidal_24_vertical_coils,24,simultaneous,8,25.0,0.0,CW,28.044,19.83,1.0,1.0,0.0,0.0,35.0,50.0,0.0,229.15,653.07,175.15,16.452,2.048,0.0,18.5,0.872,True,0
var12_toroidal_24_vertical_coils,24,simultaneous,8,25.0,0.0,CCW,28.044,19.83,1.0,1.0,0.0,-0.0,35.0,50.0,-0.0,229.15,653.07,175.15,16.452,2.048,0.0,18.5,0.872,True,0
var12_toroidal_24_vertical_coils,24,simultaneous,8,25.0,600.0,CW,28.044,19.83,1.0,0.9992,0.0,0.04,33.98,52.0,0.255,229.15,653.07,175.15,16.452,2.048,0.0,18.5,0.892,True,0
var12_toroidal_24_vertical_coils,24,simultaneous,8,25.0,600.0,CCW,28.044,19.83,1.0,0.9992,0.0,-0.04,33.98,52.0,-0.255,229.15,653.07,175.15,16.452,2.048,0.0,18.5,0.892,True,0
var12_toroidal_24_vertical_coils,24,simultaneous,8,25.0,1200.0,CW,28.044,19.83,1.0,0.9968,0.0,0.08,27.94,54.0,0.51,229.15,653.07,175.15,16.452,2.048,0.0,18.5,0.912,True,0
var12_toroidal_24_vertical_coils,24,simultaneous,8,25.0,1200.0,CCW,28.044,19.83,1.0,0.9968,0.0,-0.08,27.94,54.0,-0.51,229.15,653.07,175.15,16.452,2.048,0.0,18.5,0.912,True,0
var12_toroidal_24_vertical_coils,24,simultaneous,8,25.0,2400.0,CW,28.044,19.83,1.0,0.9871,0.0,0.16,21.88,58.0,1.019,229.15,653.07,175.15,16.452,2.048,0.0,18.5,0.952,True,0
var12_toroidal_24_vertical_coils,24,simultaneous,8,25.0,2400.0,CCW,28.044,19.83,1.0,0.9871,0.0,-0.16,21.88,58.0,-1.019,229.15,653.07,175.15,16.452,2.048,0.0,18.5,0.952,True,0
var12_toroidal_24_vertical_coils,24,simultaneous,8,50.0,0.0,CW,28.747,20.327,1.0,1.0,0.0,0.0,35.0,50.0,0.0,244.08,695.62,359.09,16.389,2.111,0.0,18.5,0.877,True,0
var12_toroidal_24_vertical_coils,24,simultaneous,8,50.0,0.0,CCW,28.747,20.327,1.0,1.0,0.0,-0.0,35.0,50.0,-0.0,244.08,695.62,359.09,16.389,2.111,0.0,18.5,0.877,True,0
var12_toroidal_24_vertical_coils,24,simultaneous,8,50.0,600.0,CW,28.747,20.327,1.0,0.9992,0.0,0.04,33.98,52.0,0.268,244.08,695.62,359.09,16.389,2.111,0.0,18.5,0.897,True,0
var12_toroidal_24_vertical_coils,24,simultaneous,8,50.0,600.0,CCW,28.747,20.327,1.0,0.9992,0.0,-0.04,33.98,52.0,-0.268,244.08,695.62,359.09,16.389,2.111,0.0,18.5,0.897,True,0
var12_toroidal_24_vertical_coils,24,simultaneous,8,50.0,1200.0,CW,28.747,20.327,1.0,0.9968,0.0,0.08,27.94,54.0,0.536,244.08,695.62,359.09,16.389,2.111,0.0,18.5,0.917,True,0
var12_toroidal_24_vertical_coils,24,simultaneous,8,50.0,1200.0,CCW,28.747,20.327,1.0,0.9968,0.0,-0.08,27.94,54.0,-0.536,244.08,695.62,359.09,16.389,2.111,0.0,18.5,0.917,True,0
var12_toroidal_24_vertical_coils,24,simultaneous,8,50.0,2400.0,CW,28.747,20.327,1.0,0.9871,0.0,0.16,21.88,58.0,1.071,244.08,695.62,359.09,16.389,2.111,0.0,18.5,0.957,True,0
var12_toroidal_24_vertical_coils,24,simultaneous,8,50.0,2400.0,CCW,28.747,20.327,1.0,0.9871,0.0,-0.16,21.88,58.0,-1.071,244.08,695.62,359.09,16.389,2.111,0.0,18.5,0.957,True,0
var12_toroidal_24_vertical_coils,24,simultaneous,8,60.0,0.0,CW,29.176,20.631,1.0,1.0,0.0,0.0,35.0,50.0,0.0,253.46,722.35,437.33,16.352,2.148,0.0,18.5,0.878,True,0
var12_toroidal_24_vertical_coils,24,simultaneous,8,60.0,0.0,CCW,29.176,20.631,1.0,1.0,0.0,-0.0,35.0,50.0,-0.0,253.46,722.35,437.33,16.352,2.148,0.0,18.5,0.878,True,0
var12_toroidal_24_vertical_coils,24,simultaneous,8,60.0,600.0,CW,29.176,20.631,1.0,0.9992,0.0,0.04,33.98,52.0,0.276,253.46,722.35,437.33,16.352,2.148,0.0,18.5,0.898,True,0
var12_toroidal_24_vertical_coils,24,simultaneous,8,60.0,600.0,CCW,29.176,20.631,1.0,0.9992,0.0,-0.04,33.98,52.0,-0.276,253.46,722.35,437.33,16.352,2.148,0.0,18.5,0.898,True,0
var12_toroidal_24_vertical_coils,24,simultaneous,8,60.0,1200.0,CW,29.176,20.631,1.0,0.9968,0.0,0.08,27.94,54.0,0.552,253.46,722.35,437.33,16.352,2.148,0.0,18.5,0.918,True,0
var12_toroidal_24_vertical_coils,24,simultaneous,8,60.0,1200.0,CCW,29.176,20.631,1.0,0.9968,0.0,-0.08,27.94,54.0,-0.552,253.46,722.35,437.33,16.352,2.148,0.0,18.5,0.918,True,0
var12_toroidal_24_vertical_coils,24,simultaneous,8,60.0,2400.0,CW,29.176,20.631,1.0,0.9871,0.0,0.16,21.88,58.0,1.103,253.46,722.35,437.33,16.352,2.148,0.0,18.5,0.958,True,0
var12_toroidal_24_vertical_coils,24,simultaneous,8,60.0,2400.0,CCW,29.176,20.631,1.0,0.9871,0.0,-0.16,21.88,58.0,-1.103,253.46,722.35,437.33,16.352,2.148,0.0,18.5,0.958,True,0
var12_toroidal_24_vertical_coils,24,simultaneous,8,100.0,0.0,CW,32.033,22.651,1.0,1.0,0.0,0.0,35.0,50.0,0.0,321.7,916.83,800.26,16.115,2.385,0.0,18.5,0.885,True,0
var12_toroidal_24_vertical_coils,24,simultaneous,8,100.0,0.0,CCW,32.033,22.651,1.0,1.0,0.0,-0.0,35.0,50.0,-0.0,321.7,916.83,800.26,16.115,2.385,0.0,18.5,0.885,True,0
var12_toroidal_24_vertical_coils,24,simultaneous,8,100.0,600.0,CW,32.033,22.651,1.0,0.9992,0.0,0.04,33.98,52.0,0.333,321.7,916.83,800.26,16.115,2.385,0.0,18.5,0.905,True,0
var12_toroidal_24_vertical_coils,24,simultaneous,8,100.0,600.0,CCW,32.033,22.651,1.0,0.9992,0.0,-0.04,33.98,52.0,-0.333,321.7,916.83,800.26,16.115,2.385,0.0,18.5,0.905,True,0
var12_toroidal_24_vertical_coils,24,simultaneous,8,100.0,1200.0,CW,32.033,22.651,1.0,0.9968,0.0,0.08,27.94,54.0,0.665,321.7,916.83,800.26,16.115,2.385,0.0,18.5,0.925,True,0
var12_toroidal_24_vertical_coils,24,simultaneous,8,100.0,1200.0,CCW,32.033,22.651,1.0,0.9968,0.0,-0.08,27.94,54.0,-0.665,321.7,916.83,800.26,16.115,2.385,0.0,18.5,0.925,True,0
var12_toroidal_24_vertical_coils,24,simultaneous,8,100.0,2400.0,CW,32.033,22.651,1.0,0.9871,0.0,0.16,21.88,58.0,1.33,321.7,916.83,800.26,16.115,2.385,0.0,18.5,0.965,True,0
var12_toroidal_24_vertical_coils,24,simultaneous,8,100.0,2400.0,CCW,32.033,22.651,1.0,0.9871,0.0,-0.16,21.88,58.0,-1.33,321.7,916.83,800.26,16.115,2.385,0.0,18.5,0.965,True,0
var12_toroidal_24_vertical_coils,24,simultaneous,8,120.0,0.0,CW,32.962,23.307,1.0,1.0,0.0,0.0,35.0,50.0,0.0,346.11,986.4,988.15,16.038,2.462,0.0,18.5,0.889,True,0
var12_toroidal_24_vertical_coils,24,simultaneous,8,120.0,0.0,CCW,32.962,23.307,1.0,1.0,0.0,-0.0,35.0,50.0,-0.0,346.11,986.4,988.15,16.038,2.462,0.0,18.5,0.889,True,0
var12_toroidal_24_vertical_coils,24,simultaneous,8,120.0,600.0,CW,32.962,23.307,1.0,0.9992,0.0,0.04,33.98,52.0,0.352,346.11,986.4,988.15,16.038,2.462,0.0,18.5,0.909,True,0
var12_toroidal_24_vertical_coils,24,simultaneous,8,120.0,600.0,CCW,32.962,23.307,1.0,0.9992,0.0,-0.04,33.98,52.0,-0.352,346.11,986.4,988.15,16.038,2.462,0.0,18.5,0.909,True,0
var12_toroidal_24_vertical_coils,24,simultaneous,8,120.0,1200.0,CW,32.962,23.307,1.0,0.9968,0.0,0.08,27.94,54.0,0.704,346.11,986.4,988.15,16.038,2.462,0.0,18.5,0.929,True,0
var12_toroidal_24_vertical_coils,24,simultaneous,8,120.0,1200.0,CCW,32.962,23.307,1.0,0.9968,0.0,-0.08,27.94,54.0,-0.704,346.11,986.4,988.15,16.038,2.462,0.0,18.5,0.929,True,0
var12_toroidal_24_vertical_coils,24,simultaneous,8,120.0,2400.0,CW,32.962,23.307,1.0,0.9871,0.0,0.16,21.88,58.0,1.408,346.11,986.4,988.15,16.038,2.462,0.0,18.5,0.969,True,0
var12_toroidal_24_vertical_coils,24,simultaneous,8,120.0,2400.0,CCW,32.962,23.307,1.0,0.9871,0.0,-0.16,21.88,58.0,-1.408,346.11,986.4,988.15,16.038,2.462,0.0,18.5,0.969,True,0
var12_toroidal_24_vertical_coils,24,simultaneous,8,150.0,0.0,CW,31.192,22.056,1.0,1.0,0.0,0.0,35.0,50.0,0.0,300.62,856.76,1168.89,16.172,2.328,0.0,18.5,0.894,True,0
var12_toroidal_24_vertical_coils,24,simultaneous,8,150.0,0.0,CCW,31.192,22.056,1.0,1.0,0.0,-0.0,35.0,50.0,-0.0,300.62,856.76,1168.89,16.172,2.328,0.0,18.5,0.894,True,0
var12_toroidal_24_vertical_coils,24,simultaneous,8,150.0,600.0,CW,31.192,22.056,1.0,0.9992,0.0,0.04,33.98,52.0,0.315,300.62,856.76,1168.89,16.172,2.328,0.0,18.5,0.914,True,0
var12_toroidal_24_vertical_coils,24,simultaneous,8,150.0,600.0,CCW,31.192,22.056,1.0,0.9992,0.0,-0.04,33.98,52.0,-0.315,300.62,856.76,1168.89,16.172,2.328,0.0,18.5,0.914,True,0
var12_toroidal_24_vertical_coils,24,simultaneous,8,150.0,1200.0,CW,31.192,22.056,1.0,0.9968,0.0,0.08,27.94,54.0,0.631,300.62,856.76,1168.89,16.172,2.328,0.0,18.5,0.934,True,0
var12_toroidal_24_vertical_coils,24,simultaneous,8,150.0,1200.0,CCW,31.192,22.056,1.0,0.9968,0.0,-0.08,27.94,54.0,-0.631,300.62,856.76,1168.89,16.172,2.328,0.0,18.5,0.934,True,0
var12_toroidal_24_vertical_coils,24,simultaneous,8,150.0,2400.0,CW,31.192,22.056,1.0,0.9871,0.0,0.16,21.88,58.0,1.261,300.62,856.76,1168.89,16.172,2.328,0.0,18.5,0.974,True,0
var12_toroidal_24_vertical_coils,24,simultaneous,8,150.0,2400.0,CCW,31.192,22.056,1.0,0.9871,0.0,-0.16,21.88,58.0,-1.261,300.62,856.76,1168.89,16.172,2.328,0.0,18.5,0.974,True,0
var12_toroidal_24_vertical_coils,24,simultaneous,8,200.0,0.0,CW,28.389,20.074,1.0,1.0,0.0,0.0,35.0,50.0,0.0,236.51,674.05,1418.43,16.39,2.11,0.0,18.5,0.902,True,0
var12_toroidal_24_vertical_coils,24,simultaneous,8,200.0,0.0,CCW,28.389,20.074,1.0,1.0,0.0,-0.0,35.0,50.0,-0.0,236.51,674.05,1418.43,16.39,2.11,0.0,18.5,0.902,True,0
var12_toroidal_24_vertical_coils,24,simultaneous,8,200.0,600.0,CW,28.389,20.074,1.0,0.9992,0.0,0.04,33.98,52.0,0.261,236.51,674.05,1418.43,16.39,2.11,0.0,18.5,0.922,True,0
var12_toroidal_24_vertical_coils,24,simultaneous,8,200.0,600.0,CCW,28.389,20.074,1.0,0.9992,0.0,-0.04,33.98,52.0,-0.261,236.51,674.05,1418.43,16.39,2.11,0.0,18.5,0.922,True,0
var12_toroidal_24_vertical_coils,24,simultaneous,8,200.0,1200.0,CW,28.389,20.074,1.0,0.9968,0.0,0.08,27.94,54.0,0.522,236.51,674.05,1418.43,16.39,2.11,0.0,18.5,0.942,True,0
var12_toroidal_24_vertical_coils,24,simultaneous,8,200.0,1200.0,CCW,28.389,20.074,1.0,0.9968,0.0,-0.08,27.94,54.0,-0.522,236.51,674.05,1418.43,16.39,2.11,0.0,18.5,0.942,True,0
var12_toroidal_24_vertical_coils,24,simultaneous,8,200.0,2400.0,CW,28.389,20.074,1.0,0.9871,0.0,0.16,21.88,58.0,1.045,236.51,674.05,1418.43,16.39,2.11,0.0,18.5,0.982,True,0
var12_toroidal_24_vertical_coils,24,simultaneous,8,200.0,2400.0,CCW,28.389,20.074,1.0,0.9871,0.0,-0.16,21.88,58.0,-1.045,236.51,674.05,1418.43,16.39,2.11,0.0,18.5,0.982,True,0
var12_toroidal_24_vertical_coils,24,simultaneous,8,400.0,0.0,CW,26.935,19.046,1.0,1.0,0.0,0.0,35.0,50.0,0.0,207.07,590.14,2691.65,16.471,2.029,0.0,18.5,0.936,True,0
var12_toroidal_24_vertical_coils,24,simultaneous,8,400.0,0.0,CCW,26.935,19.046,1.0,1.0,0.0,-0.0,35.0,50.0,-0.0,207.07,590.14,2691.65,16.471,2.029,0.0,18.5,0.936,True,0
var12_toroidal_24_vertical_coils,24,simultaneous,8,400.0,600.0,CW,26.935,19.046,1.0,0.9992,0.0,0.04,33.98,52.0,0.235,207.07,590.14,2691.65,16.471,2.029,0.0,18.5,0.956,True,0
var12_toroidal_24_vertical_coils,24,simultaneous,8,400.0,600.0,CCW,26.935,19.046,1.0,0.9992,0.0,-0.04,33.98,52.0,-0.235,207.07,590.14,2691.65,16.471,2.029,0.0,18.5,0.956,True,0
var12_toroidal_24_vertical_coils,24,simultaneous,8,400.0,1200.0,CW,26.935,19.046,1.0,0.9968,0.0,0.08,27.94,54.0,0.47,207.07,590.14,2691.65,16.471,2.029,0.0,18.5,0.976,True,0
var12_toroidal_24_vertical_coils,24,simultaneous,8,400.0,1200.0,CCW,26.935,19.046,1.0,0.9968,0.0,-0.08,27.94,54.0,-0.47,207.07,590.14,2691.65,16.471,2.029,0.0,18.5,0.976,True,0
var12_toroidal_24_vertical_coils,24,simultaneous,8,400.0,2400.0,CW,26.935,19.046,1.0,0.9871,0.0,0.16,21.88,58.0,0.94,207.07,590.14,2691.65,16.471,2.029,0.0,18.5,1.016,True,0
var12_toroidal_24_vertical_coils,24,simultaneous,8,400.0,2400.0,CCW,26.935,19.046,1.0,0.9871,0.0,-0.16,21.88,58.0,-0.94,207.07,590.14,2691.65,16.471,2.029,0.0,18.5,1.016,True,0
var12_toroidal_24_vertical_coils,24,simultaneous,8,800.0,0.0,CW,26.736,18.905,1.0,1.0,0.0,0.0,35.0,50.0,0.0,203.44,579.79,5343.46,16.411,2.089,0.0,18.5,1.004,True,0
var12_toroidal_24_vertical_coils,24,simultaneous,8,800.0,0.0,CCW,26.736,18.905,1.0,1.0,0.0,-0.0,35.0,50.0,-0.0,203.44,579.79,5343.46,16.411,2.089,0.0,18.5,1.004,True,0
var12_toroidal_24_vertical_coils,24,simultaneous,8,800.0,600.0,CW,26.736,18.905,1.0,0.9992,0.0,0.04,33.98,52.0,0.232,203.44,579.79,5343.46,16.411,2.089,0.0,18.5,1.024,True,0
var12_toroidal_24_vertical_coils,24,simultaneous,8,800.0,600.0,CCW,26.736,18.905,1.0,0.9992,0.0,-0.04,33.98,52.0,-0.232,203.44,579.79,5343.46,16.411,2.089,0.0,18.5,1.024,True,0
var12_toroidal_24_vertical_coils,24,simultaneous,8,800.0,1200.0,CW,26.736,18.905,1.0,0.9968,0.0,0.08,27.94,54.0,0.463,203.44,579.79,5343.46,16.411,2.089,0.0,18.5,1.044,True,0
var12_toroidal_24_vertical_coils,24,simultaneous,8,800.0,1200.0,CCW,26.736,18.905,1.0,0.9968,0.0,-0.08,27.94,54.0,-0.463,203.44,579.79,5343.46,16.411,2.089,0.0,18.5,1.044,True,0
var12_toroidal_24_vertical_coils,24,simultaneous,8,800.0,2400.0,CW,26.736,18.905,1.0,0.9871,0.0,0.16,21.88,58.0,0.927,203.44,579.79,5343.46,16.411,2.089,0.0,18.5,1.084,True,0
var12_toroidal_24_vertical_coils,24,simultaneous,8,800.0,2400.0,CCW,26.736,18.905,1.0,0.9871,0.0,-0.16,21.88,58.0,-0.927,203.44,579.79,5343.46,16.411,2.089,0.0,18.5,1.084,True,0
var12_toroidal_24_vertical_coils,24,simultaneous,8,1000.0,0.0,CW,26.695,18.876,1.0,1.0,0.0,0.0,35.0,50.0,0.0,202.76,577.88,6669.06,16.377,2.123,0.0,18.5,1.038,True,0
var12_toroidal_24_vertical_coils,24,simultaneous,8,1000.0,0.0,CCW,26.695,18.876,1.0,1.0,0.0,-0.0,35.0,50.0,-0.0,202.76,577.88,6669.06,16.377,2.123,0.0,18.5,1.038,True,0
var12_toroidal_24_vertical_coils,24,simultaneous,8,1000.0,600.0,CW,26.695,18.876,1.0,0.9992,0.0,0.04,33.98,52.0,0.231,202.76,577.88,6669.06,16.377,2.123,0.0,18.5,1.058,True,0
var12_toroidal_24_vertical_coils,24,simultaneous,8,1000.0,600.0,CCW,26.695,18.876,1.0,0.9992,0.0,-0.04,33.98,52.0,-0.231,202.76,577.88,6669.06,16.377,2.123,0.0,18.5,1.058,True,0
var12_toroidal_24_vertical_coils,24,simultaneous,8,1000.0,1200.0,CW,26.695,18.876,1.0,0.9968,0.0,0.08,27.94,54.0,0.462,202.76,577.88,6669.06,16.377,2.123,0.0,18.5,1.078,True,0
var12_toroidal_24_vertical_coils,24,simultaneous,8,1000.0,1200.0,CCW,26.695,18.876,1.0,0.9968,0.0,-0.08,27.94,54.0,-0.462,202.76,577.88,6669.06,16.377,2.123,0.0,18.5,1.078,True,0
var12_toroidal_24_vertical_coils,24,simultaneous,8,1000.0,2400.0,CW,26.695,18.876,1.0,0.9871,0.0,0.16,21.88,58.0,0.924,202.76,577.88,6669.06,16.377,2.123,0.0,18.5,1.118,True,0
var12_toroidal_24_vertical_coils,24,simultaneous,8,1000.0,2400.0,CCW,26.695,18.876,1.0,0.9871,0.0,-0.16,21.88,58.0,-0.924,202.76,577.88,6669.06,16.377,2.123,0.0,18.5,1.118,True,0
var12_toroidal_24_vertical_coils,24,simultaneous,9,25.0,0.0,CW,32.165,22.744,1.0,1.0,0.0,0.0,35.0,50.0,0.0,359.17,1023.63,200.89,16.197,2.303,0.0,18.5,0.879,True,0
var12_toroidal_24_vertical_coils,24,simultaneous,9,25.0,0.0,CCW,32.165,22.744,1.0,1.0,0.0,-0.0,35.0,50.0,-0.0,359.17,1023.63,200.89,16.197,2.303,0.0,18.5,0.879,True,0
var12_toroidal_24_vertical_coils,24,simultaneous,9,25.0,600.0,CW,32.165,22.744,1.0,0.9992,0.0,0.04,33.98,52.0,0.335,359.17,1023.63,200.89,16.197,2.303,0.0,18.5,0.899,True,0
var12_toroidal_24_vertical_coils,24,simultaneous,9,25.0,600.0,CCW,32.165,22.744,1.0,0.9992,0.0,-0.04,33.98,52.0,-0.335,359.17,1023.63,200.89,16.197,2.303,0.0,18.5,0.899,True,0
var12_toroidal_24_vertical_coils,24,simultaneous,9,25.0,1200.0,CW,32.165,22.744,1.0,0.9968,0.0,0.08,27.94,54.0,0.671,359.17,1023.63,200.89,16.197,2.303,0.0,18.5,0.919,True,0
var12_toroidal_24_vertical_coils,24,simultaneous,9,25.0,1200.0,CCW,32.165,22.744,1.0,0.9968,0.0,-0.08,27.94,54.0,-0.671,359.17,1023.63,200.89,16.197,2.303,0.0,18.5,0.919,True,0
var12_toroidal_24_vertical_coils,24,simultaneous,9,25.0,2400.0,CW,32.165,22.744,1.0,0.9871,0.0,0.16,21.88,58.0,1.341,359.17,1023.63,200.89,16.197,2.303,0.0,18.5,0.959,True,0
var12_toroidal_24_vertical_coils,24,simultaneous,9,25.0,2400.0,CCW,32.165,22.744,1.0,0.9871,0.0,-0.16,21.88,58.0,-1.341,359.17,1023.63,200.89,16.197,2.303,0.0,18.5,0.959,True,0
var12_toroidal_24_vertical_coils,24,simultaneous,9,50.0,0.0,CW,32.963,23.308,1.0,1.0,0.0,0.0,35.0,50.0,0.0,382.36,1089.74,411.75,16.127,2.373,0.0,18.5,0.883,True,0
var12_toroidal_24_vertical_coils,24,simultaneous,9,50.0,0.0,CCW,32.963,23.308,1.0,1.0,0.0,-0.0,35.0,50.0,-0.0,382.36,1089.74,411.75,16.127,2.373,0.0,18.5,0.883,True,0
var12_toroidal_24_vertical_coils,24,simultaneous,9,50.0,600.0,CW,32.963,23.308,1.0,0.9992,0.0,0.04,33.98,52.0,0.352,382.36,1089.74,411.75,16.127,2.373,0.0,18.5,0.903,True,0
var12_toroidal_24_vertical_coils,24,simultaneous,9,50.0,600.0,CCW,32.963,23.308,1.0,0.9992,0.0,-0.04,33.98,52.0,-0.352,382.36,1089.74,411.75,16.127,2.373,0.0,18.5,0.903,True,0
var12_toroidal_24_vertical_coils,24,simultaneous,9,50.0,1200.0,CW,32.963,23.308,1.0,0.9968,0.0,0.08,27.94,54.0,0.704,382.36,1089.74,411.75,16.127,2.373,0.0,18.5,0.923,True,0
var12_toroidal_24_vertical_coils,24,simultaneous,9,50.0,1200.0,CCW,32.963,23.308,1.0,0.9968,0.0,-0.08,27.94,54.0,-0.704,382.36,1089.74,411.75,16.127,2.373,0.0,18.5,0.923,True,0
var12_toroidal_24_vertical_coils,24,simultaneous,9,50.0,2400.0,CW,32.963,23.308,1.0,0.9871,0.0,0.16,21.88,58.0,1.409,382.36,1089.74,411.75,16.127,2.373,0.0,18.5,0.963,True,0
var12_toroidal_24_vertical_coils,24,simultaneous,9,50.0,2400.0,CCW,32.963,23.308,1.0,0.9871,0.0,-0.16,21.88,58.0,-1.409,382.36,1089.74,411.75,16.127,2.373,0.0,18.5,0.963,True,0
var12_toroidal_24_vertical_coils,24,simultaneous,9,60.0,0.0,CW,33.449,23.652,1.0,1.0,0.0,0.0,35.0,50.0,0.0,396.93,1131.25,501.39,16.085,2.415,0.0,18.5,0.885,True,0
var12_toroidal_24_vertical_coils,24,simultaneous,9,60.0,0.0,CCW,33.449,23.652,1.0,1.0,0.0,-0.0,35.0,50.0,-0.0,396.93,1131.25,501.39,16.085,2.415,0.0,18.5,0.885,True,0
var12_toroidal_24_vertical_coils,24,simultaneous,9,60.0,600.0,CW,33.449,23.652,1.0,0.9992,0.0,0.04,33.98,52.0,0.363,396.93,1131.25,501.39,16.085,2.415,0.0,18.5,0.905,True,0
var12_toroidal_24_vertical_coils,24,simultaneous,9,60.0,600.0,CCW,33.449,23.652,1.0,0.9992,0.0,-0.04,33.98,52.0,-0.363,396.93,1131.25,501.39,16.085,2.415,0.0,18.5,0.905,True,0
var12_toroidal_24_vertical_coils,24,simultaneous,9,60.0,1200.0,CW,33.449,23.652,1.0,0.9968,0.0,0.08,27.94,54.0,0.725,396.93,1131.25,501.39,16.085,2.415,0.0,18.5,0.925,True,0
var12_toroidal_24_vertical_coils,24,simultaneous,9,60.0,1200.0,CCW,33.449,23.652,1.0,0.9968,0.0,-0.08,27.94,54.0,-0.725,396.93,1131.25,501.39,16.085,2.415,0.0,18.5,0.925,True,0
var12_toroidal_24_vertical_coils,24,simultaneous,9,60.0,2400.0,CW,33.449,23.652,1.0,0.9871,0.0,0.16,21.88,58.0,1.45,396.93,1131.25,501.39,16.085,2.415,0.0,18.5,0.965,True,0
var12_toroidal_24_vertical_coils,24,simultaneous,9,60.0,2400.0,CCW,33.449,23.652,1.0,0.9871,0.0,-0.16,21.88,58.0,-1.45,396.93,1131.25,501.39,16.085,2.415,0.0,18.5,0.965,True,0
var12_toroidal_24_vertical_coils,24,simultaneous,9,100.0,0.0,CW,36.686,25.941,1.0,1.0,0.0,0.0,35.0,50.0,0.0,502.74,1432.8,916.5,15.819,2.681,0.0,18.5,0.892,True,0
var12_toroidal_24_vertical_coils,24,simultaneous,9,100.0,0.0,CCW,36.686,25.941,1.0,1.0,0.0,-0.0,35.0,50.0,-0.0,502.74,1432.8,916.5,15.819,2.681,0.0,18.5,0.892,True,0
var12_toroidal_24_vertical_coils,24,simultaneous,9,100.0,600.0,CW,36.686,25.941,1.0,0.9992,0.0,0.04,33.98,52.0,0.436,502.74,1432.8,916.5,15.819,2.681,0.0,18.5,0.912,True,0
var12_toroidal_24_vertical_coils,24,simultaneous,9,100.0,600.0,CCW,36.686,25.941,1.0,0.9992,0.0,-0.04,33.98,52.0,-0.436,502.74,1432.8,916.5,15.819,2.681,0.0,18.5,0.912,True,0
var12_toroidal_24_vertical_coils,24,simultaneous,9,100.0,1200.0,CW,36.686,25.941,1.0,0.9968,0.0,0.08,27.94,54.0,0.872,502.74,1432.8,916.5,15.819,2.681,0.0,18.5,0.932,True,0
var12_toroidal_24_vertical_coils,24,simultaneous,9,100.0,1200.0,CCW,36.686,25.941,1.0,0.9968,0.0,-0.08,27.94,54.0,-0.872,502.74,1432.8,916.5,15.819,2.681,0.0,18.5,0.932,True,0
var12_toroidal_24_vertical_coils,24,simultaneous,9,100.0,2400.0,CW,36.686,25.941,1.0,0.9871,0.0,0.16,21.88,58.0,1.745,502.74,1432.8,916.5,15.819,2.681,0.0,18.5,0.972,True,0
var12_toroidal_24_vertical_coils,24,simultaneous,9,100.0,2400.0,CCW,36.686,25.941,1.0,0.9871,0.0,-0.16,21.88,58.0,-1.745,502.74,1432.8,916.5,15.819,2.681,0.0,18.5,0.972,True,0
var12_toroidal_24_vertical_coils,24,simultaneous,9,120.0,0.0,CW,37.736,26.684,1.0,1.0,0.0,0.0,35.0,50.0,0.0,540.51,1540.44,1131.29,15.732,2.768,0.0,18.5,0.895,True,0
var12_toroidal_24_vertical_coils,24,simultaneous,9,120.0,0.0,CCW,37.736,26.684,1.0,1.0,0.0,-0.0,35.0,50.0,-0.0,540.51,1540.44,1131.29,15.732,2.768,0.0,18.5,0.895,True,0
var12_toroidal_24_vertical_coils,24,simultaneous,9,120.0,600.0,CW,37.736,26.684,1.0,0.9992,0.0,0.04,33.98,52.0,0.461,540.51,1540.44,1131.29,15.732,2.768,0.0,18.5,0.915,True,0
var12_toroidal_24_vertical_coils,24,simultaneous,9,120.0,600.0,CCW,37.736,26.684,1.0,0.9992,0.0,-0.04,33.98,52.0,-0.461,540.51,1540.44,1131.29,15.732,2.768,0.0,18.5,0.915,True,0
var12_toroidal_24_vertical_coils,24,simultaneous,9,120.0,1200.0,CW,37.736,26.684,1.0,0.9968,0.0,0.08,27.94,54.0,0.923,540.51,1540.44,1131.29,15.732,2.768,0.0,18.5,0.935,True,0
var12_toroidal_24_vertical_coils,24,simultaneous,9,120.0,1200.0,CCW,37.736,26.684,1.0,0.9968,0.0,-0.08,27.94,54.0,-0.923,540.51,1540.44,1131.29,15.732,2.768,0.0,18.5,0.935,True,0
var12_toroidal_24_vertical_coils,24,simultaneous,9,120.0,2400.0,CW,37.736,26.684,1.0,0.9871,0.0,0.16,21.88,58.0,1.846,540.51,1540.44,1131.29,15.732,2.768,0.0,18.5,0.975,True,0
var12_toroidal_24_vertical_coils,24,simultaneous,9,120.0,2400.0,CCW,37.736,26.684,1.0,0.9871,0.0,-0.16,21.88,58.0,-1.846,540.51,1540.44,1131.29,15.732,2.768,0.0,18.5,0.975,True,0
var12_toroidal_24_vertical_coils,24,simultaneous,9,150.0,0.0,CW,35.732,25.267,1.0,1.0,0.0,0.0,35.0,50.0,0.0,470.04,1339.62,1339.02,15.883,2.617,0.0,18.5,0.9,True,0
var12_toroidal_24_vertical_coils,24,simultaneous,9,150.0,0.0,CCW,35.732,25.267,1.0,1.0,0.0,-0.0,35.0,50.0,-0.0,470.04,1339.62,1339.02,15.883,2.617,0.0,18.5,0.9,True,0
var12_toroidal_24_vertical_coils,24,simultaneous,9,150.0,600.0,CW,35.732,25.267,1.0,0.9992,0.0,0.04,33.98,52.0,0.414,470.04,1339.62,1339.02,15.883,2.617,0.0,18.5,0.92,True,0
var12_toroidal_24_vertical_coils,24,simultaneous,9,150.0,600.0,CCW,35.732,25.267,1.0,0.9992,0.0,-0.04,33.98,52.0,-0.414,470.04,1339.62,1339.02,15.883,2.617,0.0,18.5,0.92,True,0
var12_toroidal_24_vertical_coils,24,simultaneous,9,150.0,1200.0,CW,35.732,25.267,1.0,0.9968,0.0,0.08,27.94,54.0,0.828,470.04,1339.62,1339.02,15.883,2.617,0.0,18.5,0.941,True,0
var12_toroidal_24_vertical_coils,24,simultaneous,9,150.0,1200.0,CCW,35.732,25.267,1.0,0.9968,0.0,-0.08,27.94,54.0,-0.828,470.04,1339.62,1339.02,15.883,2.617,0.0,18.5,0.941,True,0
var12_toroidal_24_vertical_coils,24,simultaneous,9,150.0,2400.0,CW,35.732,25.267,1.0,0.9871,0.0,0.16,21.88,58.0,1.655,470.04,1339.62,1339.02,15.883,2.617,0.0,18.5,0.98,True,0
var12_toroidal_24_vertical_coils,24,simultaneous,9,150.0,2400.0,CCW,35.732,25.267,1.0,0.9871,0.0,-0.16,21.88,58.0,-1.655,470.04,1339.62,1339.02,15.883,2.617,0.0,18.5,0.98,True,0
var12_toroidal_24_vertical_coils,24,simultaneous,9,200.0,0.0,CW,32.552,23.018,1.0,1.0,0.0,0.0,35.0,50.0,0.0,370.51,1055.94,1626.45,16.127,2.373,0.0,18.5,0.909,True,0
var12_toroidal_24_vertical_coils,24,simultaneous,9,200.0,0.0,CCW,32.552,23.018,1.0,1.0,0.0,-0.0,35.0,50.0,-0.0,370.51,1055.94,1626.45,16.127,2.373,0.0,18.5,0.909,True,0
var12_toroidal_24_vertical_coils,24,simultaneous,9,200.0,600.0,CW,32.552,23.018,1.0,0.9992,0.0,0.04,33.98,52.0,0.343,370.51,1055.94,1626.45,16.127,2.373,0.0,18.5,0.929,True,0
var12_toroidal_24_vertical_coils,24,simultaneous,9,200.0,600.0,CCW,32.552,23.018,1.0,0.9992,0.0,-0.04,33.98,52.0,-0.343,370.51,1055.94,1626.45,16.127,2.373,0.0,18.5,0.929,True,0
var12_toroidal_24_vertical_coils,24,simultaneous,9,200.0,1200.0,CW,32.552,23.018,1.0,0.9968,0.0,0.08,27.94,54.0,0.687,370.51,1055.94,1626.45,16.127,2.373,0.0,18.5,0.949,True,0
var12_toroidal_24_vertical_coils,24,simultaneous,9,200.0,1200.0,CCW,32.552,23.018,1.0,0.9968,0.0,-0.08,27.94,54.0,-0.687,370.51,1055.94,1626.45,16.127,2.373,0.0,18.5,0.949,True,0
var12_toroidal_24_vertical_coils,24,simultaneous,9,200.0,2400.0,CW,32.552,23.018,1.0,0.9871,0.0,0.16,21.88,58.0,1.374,370.51,1055.94,1626.45,16.127,2.373,0.0,18.5,0.989,True,0
var12_toroidal_24_vertical_coils,24,simultaneous,9,200.0,2400.0,CCW,32.552,23.018,1.0,0.9871,0.0,-0.16,21.88,58.0,-1.374,370.51,1055.94,1626.45,16.127,2.373,0.0,18.5,0.989,True,0
var12_toroidal_24_vertical_coils,24,simultaneous,9,400.0,0.0,CW,30.896,21.847,1.0,1.0,0.0,0.0,35.0,50.0,0.0,324.61,925.15,3087.47,16.219,2.281,0.0,18.5,0.943,True,0
var12_toroidal_24_vertical_coils,24,simultaneous,9,400.0,0.0,CCW,30.896,21.847,1.0,1.0,0.0,-0.0,35.0,50.0,-0.0,324.61,925.15,3087.47,16.219,2.281,0.0,18.5,0.943,True,0
var12_toroidal_24_vertical_coils,24,simultaneous,9,400.0,600.0,CW,30.896,21.847,1.0,0.9992,0.0,0.04,33.98,52.0,0.309,324.61,925.15,3087.47,16.219,2.281,0.0,18.5,0.963,True,0
var12_toroidal_24_vertical_coils,24,simultaneous,9,400.0,600.0,CCW,30.896,21.847,1.0,0.9992,0.0,-0.04,33.98,52.0,-0.309,324.61,925.15,3087.47,16.219,2.281,0.0,18.5,0.963,True,0
var12_toroidal_24_vertical_coils,24,simultaneous,9,400.0,1200.0,CW,30.896,21.847,1.0,0.9968,0.0,0.08,27.94,54.0,0.619,324.61,925.15,3087.47,16.219,2.281,0.0,18.5,0.983,True,0
var12_toroidal_24_vertical_coils,24,simultaneous,9,400.0,1200.0,CCW,30.896,21.847,1.0,0.9968,0.0,-0.08,27.94,54.0,-0.619,324.61,925.15,3087.47,16.219,2.281,0.0,18.5,0.983,True,0
var12_toroidal_24_vertical_coils,24,simultaneous,9,400.0,2400.0,CW,30.896,21.847,1.0,0.9871,0.0,0.16,21.88,58.0,1.237,324.61,925.15,3087.47,16.219,2.281,0.0,18.5,1.023,True,0
var12_toroidal_24_vertical_coils,24,simultaneous,9,400.0,2400.0,CCW,30.896,21.847,1.0,0.9871,0.0,-0.16,21.88,58.0,-1.237,324.61,925.15,3087.47,16.219,2.281,0.0,18.5,1.023,True,0
var12_toroidal_24_vertical_coils,24,simultaneous,9,800.0,0.0,CW,30.66,21.68,1.0,1.0,0.0,0.0,35.0,50.0,0.0,318.76,908.46,6127.65,16.152,2.348,0.0,18.5,1.011,True,0
var12_toroidal_24_vertical_coils,24,simultaneous,9,800.0,0.0,CCW,30.66,21.68,1.0,1.0,0.0,-0.0,35.0,50.0,-0.0,318.76,908.46,6127.65,16.152,2.348,0.0,18.5,1.011,True,0
var12_toroidal_24_vertical_coils,24,simultaneous,9,800.0,600.0,CW,30.66,21.68,1.0,0.9992,0.0,0.04,33.98,52.0,0.305,318.76,908.46,6127.65,16.152,2.348,0.0,18.5,1.031,True,0
var12_toroidal_24_vertical_coils,24,simultaneous,9,800.0,600.0,CCW,30.66,21.68,1.0,0.9992,0.0,-0.04,33.98,52.0,-0.305,318.76,908.46,6127.65,16.152,2.348,0.0,18.5,1.031,True,0
var12_toroidal_24_vertical_coils,24,simultaneous,9,800.0,1200.0,CW,30.66,21.68,1.0,0.9968,0.0,0.08,27.94,54.0,0.609,318.76,908.46,6127.65,16.152,2.348,0.0,18.5,1.051,True,0
var12_toroidal_24_vertical_coils,24,simultaneous,9,800.0,1200.0,CCW,30.66,21.68,1.0,0.9968,0.0,-0.08,27.94,54.0,-0.609,318.76,908.46,6127.65,16.152,2.348,0.0,18.5,1.051,True,0
var12_toroidal_24_vertical_coils,24,simultaneous,9,800.0,2400.0,CW,30.66,21.68,1.0,0.9871,0.0,0.16,21.88,58.0,1.219,318.76,908.46,6127.65,16.152,2.348,0.0,18.5,1.091,True,0
var12_toroidal_24_vertical_coils,24,simultaneous,9,800.0,2400.0,CCW,30.66,21.68,1.0,0.9871,0.0,-0.16,21.88,58.0,-1.219,318.76,908.46,6127.65,16.152,2.348,0.0,18.5,1.091,True,0
var12_toroidal_24_vertical_coils,24,simultaneous,9,1000.0,0.0,CW,30.608,21.643,1.0,1.0,0.0,0.0,35.0,50.0,0.0,317.61,905.18,7646.64,16.113,2.387,0.0,18.5,1.045,True,0
var12_toroidal_24_vertical_coils,24,simultaneous,9,1000.0,0.0,CCW,30.608,21.643,1.0,1.0,0.0,-0.0,35.0,50.0,-0.0,317.61,905.18,7646.64,16.113,2.387,0.0,18.5,1.045,True,0
var12_toroidal_24_vertical_coils,24,simultaneous,9,1000.0,600.0,CW,30.608,21.643,1.0,0.9992,0.0,0.04,33.98,52.0,0.304,317.61,905.18,7646.64,16.113,2.387,0.0,18.5,1.065,True,0
var12_toroidal_24_vertical_coils,24,simultaneous,9,1000.0,600.0,CCW,30.608,21.643,1.0,0.9992,0.0,-0.04,33.98,52.0,-0.304,317.61,905.18,7646.64,16.113,2.387,0.0,18.5,1.065,True,0
var12_toroidal_24_vertical_coils,24,simultaneous,9,1000.0,1200.0,CW,30.608,21.643,1.0,0.9968,0.0,0.08,27.94,54.0,0.607,317.61,905.18,7646.64,16.113,2.387,0.0,18.5,1.085,True,0
var12_toroidal_24_vertical_coils,24,simultaneous,9,1000.0,1200.0,CCW,30.608,21.643,1.0,0.9968,0.0,-0.08,27.94,54.0,-0.607,317.61,905.18,7646.64,16.113,2.387,0.0,18.5,1.085,True,0
var12_toroidal_24_vertical_coils,24,simultaneous,9,1000.0,2400.0,CW,30.608,21.643,1.0,0.9871,0.0,0.16,21.88,58.0,1.214,317.61,905.18,7646.64,16.113,2.387,0.0,18.5,1.125,True,0
var12_toroidal_24_vertical_coils,24,simultaneous,9,1000.0,2400.0,CCW,30.608,21.643,1.0,0.9871,0.0,-0.16,21.88,58.0,-1.214,317.61,905.18,7646.64,16.113,2.387,0.0,18.5,1.125,True,0
var11_toroidal_8_vertical_coils,8,pairwise_180_concordant,1,25.0,0.0,CW,22.966,16.24,1.0,0.0254,0.0191,0.9481,2.15,97.4,2.855,101.66,233.82,124.31,16.296,2.204,0.0,18.5,0.872,True,1
var11_toroidal_8_vertical_coils,8,pairwise_180_concordant,1,25.0,0.0,CCW,22.966,16.24,1.0,0.0254,0.0191,-0.9481,2.15,97.4,-2.855,101.66,233.82,124.31,16.296,2.204,0.0,18.5,0.872,True,1
var11_toroidal_8_vertical_coils,8,pairwise_180_concordant,1,25.0,600.0,CW,22.966,16.24,1.0,0.0254,0.0191,0.9481,2.15,97.4,3.312,101.66,233.82,124.31,16.296,2.204,0.0,18.5,0.892,True,1
var11_toroidal_8_vertical_coils,8,pairwise_180_concordant,1,25.0,600.0,CCW,22.966,16.24,1.0,0.0254,0.0191,-0.9481,2.15,97.4,-3.312,101.66,233.82,124.31,16.296,2.204,0.0,18.5,0.892,True,1
var11_toroidal_8_vertical_coils,8,pairwise_180_concordant,1,25.0,1200.0,CW,22.966,16.24,1.0,0.0254,0.0191,0.9481,2.15,97.4,3.769,101.66,233.82,124.31,16.296,2.204,0.0,18.5,0.912,True,1
var11_toroidal_8_vertical_coils,8,pairwise_180_concordant,1,25.0,1200.0,CCW,22.966,16.24,1.0,0.0254,0.0191,-0.9481,2.15,97.4,-3.769,101.66,233.82,124.31,16.296,2.204,0.0,18.5,0.912,True,1
var11_toroidal_8_vertical_coils,8,pairwise_180_concordant,1,25.0,2400.0,CW,22.966,16.24,1.0,0.0254,0.0191,0.9481,2.15,97.4,4.683,101.66,233.82,124.31,16.296,2.204,0.0,18.5,0.952,True,1
var11_toroidal_8_vertical_coils,8,pairwise_180_concordant,1,25.0,2400.0,CCW,22.966,16.24,1.0,0.0254,0.0191,-0.9481,2.15,97.4,-4.683,101.66,233.82,124.31,16.296,2.204,0.0,18.5,0.952,True,1
var11_toroidal_8_vertical_coils,8,pairwise_180_concordant,1,50.0,0.0,CW,23.505,16.62,1.0,0.025,0.0188,0.9498,2.15,97.49,2.996,107.93,248.25,254.45,16.216,2.284,0.0,18.5,0.876,True,1
var11_toroidal_8_vertical_coils,8,pairwise_180_concordant,1,50.0,0.0,CCW,23.505,16.62,1.0,0.025,0.0188,-0.9498,2.15,97.49,-2.996,107.93,248.25,254.45,16.216,2.284,0.0,18.5,0.876,True,1
var11_toroidal_8_vertical_coils,8,pairwise_180_concordant,1,50.0,600.0,CW,23.505,16.62,1.0,0.025,0.0188,0.9498,2.15,97.49,3.476,107.93,248.25,254.45,16.216,2.284,0.0,18.5,0.896,True,1
var11_toroidal_8_vertical_coils,8,pairwise_180_concordant,1,50.0,600.0,CCW,23.505,16.62,1.0,0.025,0.0188,-0.9498,2.15,97.49,-3.476,107.93,248.25,254.45,16.216,2.284,0.0,18.5,0.896,True,1
var11_toroidal_8_vertical_coils,8,pairwise_180_concordant,1,50.0,1200.0,CW,23.505,16.62,1.0,0.025,0.0188,0.9498,2.15,97.49,3.955,107.93,248.25,254.45,16.216,2.284,0.0,18.5,0.916,True,1
var11_toroidal_8_vertical_coils,8,pairwise_180_concordant,1,50.0,1200.0,CCW,23.505,16.62,1.0,0.025,0.0188,-0.9498,2.15,97.49,-3.955,107.93,248.25,254.45,16.216,2.284,0.0,18.5,0.916,True,1
var11_toroidal_8_vertical_coils,8,pairwise_180_concordant,1,50.0,2400.0,CW,23.505,16.62,1.0,0.025,0.0188,0.9498,2.15,97.49,4.914,107.93,248.25,254.45,16.216,2.284,0.0,18.5,0.956,True,1
var11_toroidal_8_vertical_coils,8,pairwise_180_concordant,1,50.0,2400.0,CCW,23.505,16.62,1.0,0.025,0.0188,-0.9498,2.15,97.49,-4.914,107.93,248.25,254.45,16.216,2.284,0.0,18.5,0.956,True,1
var11_toroidal_8_vertical_coils,8,pairwise_180_concordant,1,60.0,0.0,CW,23.832,16.852,1.0,0.0248,0.0186,0.9509,2.15,97.54,3.084,111.87,257.29,309.6,16.169,2.331,0.0,18.5,0.878,True,1
var11_toroidal_8_vertical_coils,8,pairwise_180_concordant,1,60.0,0.0,CCW,23.832,16.852,1.0,0.0248,0.0186,-0.9509,2.15,97.54,-3.084,111.87,257.29,309.6,16.169,2.331,0.0,18.5,0.878,True,1
var11_toroidal_8_vertical_coils,8,pairwise_180_concordant,1,60.0,600.0,CW,23.832,16.852,1.0,0.0248,0.0186,0.9509,2.15,97.54,3.577,111.87,257.29,309.6,16.169,2.331,0.0,18.5,0.898,True,1
var11_toroidal_8_vertical_coils,8,pairwise_180_concordant,1,60.0,600.0,CCW,23.832,16.852,1.0,0.0248,0.0186,-0.9509,2.15,97.54,-3.577,111.87,257.29,309.6,16.169,2.331,0.0,18.5,0.898,True,1
var11_toroidal_8_vertical_coils,8,pairwise_180_concordant,1,60.0,1200.0,CW,23.832,16.852,1.0,0.0248,0.0186,0.9509,2.15,97.54,4.07,111.87,257.29,309.6,16.169,2.331,0.0,18.5,0.918,True,1
var11_toroidal_8_vertical_coils,8,pairwise_180_concordant,1,60.0,1200.0,CCW,23.832,16.852,1.0,0.0248,0.0186,-0.9509,2.15,97.54,-4.07,111.87,257.29,309.6,16.169,2.331,0.0,18.5,0.918,True,1
var11_toroidal_8_vertical_coils,8,pairwise_180_concordant,1,60.0,2400.0,CW,23.832,16.852,1.0,0.0248,0.0186,0.9509,2.15,97.54,5.057,111.87,257.29,309.6,16.169,2.331,0.0,18.5,0.958,True,1
var11_toroidal_8_vertical_coils,8,pairwise_180_concordant,1,60.0,2400.0,CCW,23.832,16.852,1.0,0.0248,0.0186,-0.9509,2.15,97.54,-5.057,111.87,257.29,309.6,16.169,2.331,0.0,18.5,0.958,True,1
var11_toroidal_8_vertical_coils,8,pairwise_180_concordant,1,100.0,0.0,CW,26.003,18.387,1.0,0.023,0.0172,0.9578,2.15,97.89,3.698,140.22,322.51,562.99,15.864,2.636,0.0,18.5,0.884,True,1
var11_toroidal_8_vertical_coils,8,pairwise_180_concordant,1,100.0,0.0,CCW,26.003,18.387,1.0,0.023,0.0172,-0.9578,2.15,97.89,-3.698,140.22,322.51,562.99,15.864,2.636,0.0,18.5,0.884,True,1
var11_toroidal_8_vertical_coils,8,pairwise_180_concordant,1,100.0,600.0,CW,26.003,18.387,1.0,0.023,0.0172,0.9578,2.15,97.89,4.289,140.22,322.51,562.99,15.864,2.636,0.0,18.5,0.904,True,1
var11_toroidal_8_vertical_coils,8,pairwise_180_concordant,1,100.0,600.0,CCW,26.003,18.387,1.0,0.023,0.0172,-0.9578,2.15,97.89,-4.289,140.22,322.51,562.99,15.864,2.636,0.0,18.5,0.904,True,1
var11_toroidal_8_vertical_coils,8,pairwise_180_concordant,1,100.0,1200.0,CW,26.003,18.387,1.0,0.023,0.0172,0.9578,2.15,97.89,4.881,140.22,322.51,562.99,15.864,2.636,0.0,18.5,0.924,True,1
var11_toroidal_8_vertical_coils,8,pairwise_180_concordant,1,100.0,1200.0,CCW,26.003,18.387,1.0,0.023,0.0172,-0.9578,2.15,97.89,-4.881,140.22,322.51,562.99,15.864,2.636,0.0,18.5,0.924,True,1
var11_toroidal_8_vertical_coils,8,pairwise_180_concordant,1,100.0,2400.0,CW,26.003,18.387,1.0,0.023,0.0172,0.9578,2.15,97.89,6.064,140.22,322.51,562.99,15.864,2.636,0.0,18.5,0.964,True,1
var11_toroidal_8_vertical_coils,8,pairwise_180_concordant,1,100.0,2400.0,CCW,26.003,18.387,1.0,0.023,0.0172,-0.9578,2.15,97.89,-6.064,140.22,322.51,562.99,15.864,2.636,0.0,18.5,0.964,True,1
var11_toroidal_8_vertical_coils,8,pairwise_180_concordant,1,120.0,0.0,CW,26.704,18.882,1.0,0.0224,0.0168,0.96,2.15,98.0,3.909,150.26,345.61,693.8,15.765,2.735,0.0,18.5,0.888,True,1
var11_toroidal_8_vertical_coils,8,pairwise_180_concordant,1,120.0,0.0,CCW,26.704,18.882,1.0,0.0224,0.0168,-0.96,2.15,98.0,-3.909,150.26,345.61,693.8,15.765,2.735,0.0,18.5,0.888,True,1
var11_toroidal_8_vertical_coils,8,pairwise_180_concordant,1,120.0,600.0,CW,26.704,18.882,1.0,0.0224,0.0168,0.96,2.15,98.0,4.534,150.26,345.61,693.8,15.765,2.735,0.0,18.5,0.908,True,1
var11_toroidal_8_vertical_coils,8,pairwise_180_concordant,1,120.0,600.0,CCW,26.704,18.882,1.0,0.0224,0.0168,-0.96,2.15,98.0,-4.534,150.26,345.61,693.8,15.765,2.735,0.0,18.5,0.908,True,1
var11_toroidal_8_vertical_coils,8,pairwise_180_concordant,1,120.0,1200.0,CW,26.704,18.882,1.0,0.0224,0.0168,0.96,2.15,98.0,5.16,150.26,345.61,693.8,15.765,2.735,0.0,18.5,0.928,True,1
var11_toroidal_8_vertical_coils,8,pairwise_180_concordant,1,120.0,1200.0,CCW,26.704,18.882,1.0,0.0224,0.0168,-0.96,2.15,98.0,-5.16,150.26,345.61,693.8,15.765,2.735,0.0,18.5,0.928,True,1
var11_toroidal_8_vertical_coils,8,pairwise_180_concordant,1,120.0,2400.0,CW,26.704,18.882,1.0,0.0224,0.0168,0.96,2.15,98.0,6.41,150.26,345.61,693.8,15.765,2.735,0.0,18.5,0.968,True,1
var11_toroidal_8_vertical_coils,8,pairwise_180_concordant,1,120.0,2400.0,CCW,26.704,18.882,1.0,0.0224,0.0168,-0.96,2.15,98.0,-6.41,150.26,345.61,693.8,15.765,2.735,0.0,18.5,0.968,True,1
var11_toroidal_8_vertical_coils,8,pairwise_180_concordant,1,150.0,0.0,CW,25.364,17.935,1.0,0.0235,0.0176,0.9558,2.15,97.79,3.511,131.48,302.41,823.74,15.939,2.561,0.0,18.5,0.893,True,1
var11_toroidal_8_vertical_coils,8,pairwise_180_concordant,1,150.0,0.0,CCW,25.364,17.935,1.0,0.0235,0.0176,-0.9558,2.15,97.79,-3.511,131.48,302.41,823.74,15.939,2.561,0.0,18.5,0.893,True,1
var11_toroidal_8_vertical_coils,8,pairwise_180_concordant,1,150.0,600.0,CW,25.364,17.935,1.0,0.0235,0.0176,0.9558,2.15,97.79,4.073,131.48,302.41,823.74,15.939,2.561,0.0,18.5,0.913,True,1
var11_toroidal_8_vertical_coils,8,pairwise_180_concordant,1,150.0,600.0,CCW,25.364,17.935,1.0,0.0235,0.0176,-0.9558,2.15,97.79,-4.073,131.48,302.41,823.74,15.939,2.561,0.0,18.5,0.913,True,1
var11_toroidal_8_vertical_coils,8,pairwise_180_concordant,1,150.0,1200.0,CW,25.364,17.935,1.0,0.0235,0.0176,0.9558,2.15,97.79,4.634,131.48,302.41,823.74,15.939,2.561,0.0,18.5,0.933,True,1
var11_toroidal_8_vertical_coils,8,pairwise_180_concordant,1,150.0,1200.0,CCW,25.364,17.935,1.0,0.0235,0.0176,-0.9558,2.15,97.79,-4.634,131.48,302.41,823.74,15.939,2.561,0.0,18.5,0.933,True,1
var11_toroidal_8_vertical_coils,8,pairwise_180_concordant,1,150.0,2400.0,CW,25.364,17.935,1.0,0.0235,0.0176,0.9558,2.15,97.79,5.758,131.48,302.41,823.74,15.939,2.561,0.0,18.5,0.973,True,1
var11_toroidal_8_vertical_coils,8,pairwise_180_concordant,1,150.0,2400.0,CCW,25.364,17.935,1.0,0.0235,0.0176,-0.9558,2.15,97.79,-5.758,131.48,302.41,823.74,15.939,2.561,0.0,18.5,0.973,True,1
var11_toroidal_8_vertical_coils,8,pairwise_180_concordant,1,200.0,0.0,CW,23.224,16.422,1.0,0.0252,0.0189,0.949,2.15,97.45,2.923,104.71,240.82,1005.69,16.219,2.281,0.0,18.5,0.901,True,1
var11_toroidal_8_vertical_coils,8,pairwise_180_concordant,1,200.0,0.0,CCW,23.224,16.422,1.0,0.0252,0.0189,-0.949,2.15,97.45,-2.923,104.71,240.82,1005.69,16.219,2.281,0.0,18.5,0.901,True,1
var11_toroidal_8_vertical_coils,8,pairwise_180_concordant,1,200.0,600.0,CW,23.224,16.422,1.0,0.0252,0.0189,0.949,2.15,97.45,3.39,104.71,240.82,1005.69,16.219,2.281,0.0,18.5,0.921,True,1
var11_toroidal_8_vertical_coils,8,pairwise_180_concordant,1,200.0,600.0,CCW,23.224,16.422,1.0,0.0252,0.0189,-0.949,2.15,97.45,-3.39,104.71,240.82,1005.69,16.219,2.281,0.0,18.5,0.921,True,1
var11_toroidal_8_vertical_coils,8,pairwise_180_concordant,1,200.0,1200.0,CW,23.224,16.422,1.0,0.0252,0.0189,0.949,2.15,97.45,3.858,104.71,240.82,1005.69,16.219,2.281,0.0,18.5,0.942,True,1
var11_toroidal_8_vertical_coils,8,pairwise_180_concordant,1,200.0,1200.0,CCW,23.224,16.422,1.0,0.0252,0.0189,-0.949,2.15,97.45,-3.858,104.71,240.82,1005.69,16.219,2.281,0.0,18.5,0.942,True,1
var11_toroidal_8_vertical_coils,8,pairwise_180_concordant,1,200.0,2400.0,CW,23.224,16.422,1.0,0.0252,0.0189,0.949,2.15,97.45,4.793,104.71,240.82,1005.69,16.219,2.281,0.0,18.5,0.981,True,1
var11_toroidal_8_vertical_coils,8,pairwise_180_concordant,1,200.0,2400.0,CCW,23.224,16.422,1.0,0.0252,0.0189,-0.949,2.15,97.45,-4.793,104.71,240.82,1005.69,16.219,2.281,0.0,18.5,0.981,True,1
var11_toroidal_8_vertical_coils,8,pairwise_180_concordant,1,400.0,0.0,CW,22.102,15.628,1.0,0.0261,0.0195,0.9454,2.15,97.27,2.637,92.22,212.11,1914.15,16.327,2.173,0.0,18.5,0.935,True,1
var11_toroidal_8_vertical_coils,8,pairwise_180_concordant,1,400.0,0.0,CCW,22.102,15.628,1.0,0.0261,0.0195,-0.9454,2.15,97.27,-2.637,92.22,212.11,1914.15,16.327,2.173,0.0,18.5,0.935,True,1
var11_toroidal_8_vertical_coils,8,pairwise_180_concordant,1,400.0,600.0,CW,22.102,15.628,1.0,0.0261,0.0195,0.9454,2.15,97.27,3.059,92.22,212.11,1914.15,16.327,2.173,0.0,18.5,0.955,True,1
var11_toroidal_8_vertical_coils,8,pairwise_180_concordant,1,400.0,600.0,CCW,22.102,15.628,1.0,0.0261,0.0195,-0.9454,2.15,97.27,-3.059,92.22,212.11,1914.15,16.327,2.173,0.0,18.5,0.955,True,1
var11_toroidal_8_vertical_coils,8,pairwise_180_concordant,1,400.0,1200.0,CW,22.102,15.628,1.0,0.0261,0.0195,0.9454,2.15,97.27,3.481,92.22,212.11,1914.15,16.327,2.173,0.0,18.5,0.975,True,1
var11_toroidal_8_vertical_coils,8,pairwise_180_concordant,1,400.0,1200.0,CCW,22.102,15.628,1.0,0.0261,0.0195,-0.9454,2.15,97.27,-3.481,92.22,212.11,1914.15,16.327,2.173,0.0,18.5,0.975,True,1
var11_toroidal_8_vertical_coils,8,pairwise_180_concordant,1,400.0,2400.0,CW,22.102,15.628,1.0,0.0261,0.0195,0.9454,2.15,97.27,4.325,92.22,212.11,1914.15,16.327,2.173,0.0,18.5,1.016,True,1
var11_toroidal_8_vertical_coils,8,pairwise_180_concordant,1,400.0,2400.0,CCW,22.102,15.628,1.0,0.0261,0.0195,-0.9454,2.15,97.27,-4.325,92.22,212.11,1914.15,16.327,2.173,0.0,18.5,1.016,True,1
var11_toroidal_8_vertical_coils,8,pairwise_180_concordant,1,800.0,0.0,CW,21.935,15.51,1.0,0.0261,0.0196,0.9451,2.15,97.25,2.596,90.58,208.33,3799.39,16.255,2.245,0.0,18.5,1.004,True,1
var11_toroidal_8_vertical_coils,8,pairwise_180_concordant,1,800.0,0.0,CCW,21.935,15.51,1.0,0.0261,0.0196,-0.9451,2.15,97.25,-2.596,90.58,208.33,3799.39,16.255,2.245,0.0,18.5,1.004,True,1
var11_toroidal_8_vertical_coils,8,pairwise_180_concordant,1,800.0,600.0,CW,21.935,15.51,1.0,0.0261,0.0196,0.9451,2.15,97.25,3.012,90.58,208.33,3799.39,16.255,2.245,0.0,18.5,1.024,True,1
var11_toroidal_8_vertical_coils,8,pairwise_180_concordant,1,800.0,600.0,CCW,21.935,15.51,1.0,0.0261,0.0196,-0.9451,2.15,97.25,-3.012,90.58,208.33,3799.39,16.255,2.245,0.0,18.5,1.024,True,1
var11_toroidal_8_vertical_coils,8,pairwise_180_concordant,1,800.0,1200.0,CW,21.935,15.51,1.0,0.0261,0.0196,0.9451,2.15,97.25,3.427,90.58,208.33,3799.39,16.255,2.245,0.0,18.5,1.044,True,1
var11_toroidal_8_vertical_coils,8,pairwise_180_concordant,1,800.0,1200.0,CCW,21.935,15.51,1.0,0.0261,0.0196,-0.9451,2.15,97.25,-3.427,90.58,208.33,3799.39,16.255,2.245,0.0,18.5,1.044,True,1
var11_toroidal_8_vertical_coils,8,pairwise_180_concordant,1,800.0,2400.0,CW,21.935,15.51,1.0,0.0261,0.0196,0.9451,2.15,97.25,4.258,90.58,208.33,3799.39,16.255,2.245,0.0,18.5,1.084,True,1
var11_toroidal_8_vertical_coils,8,pairwise_180_concordant,1,800.0,2400.0,CCW,21.935,15.51,1.0,0.0261,0.0196,-0.9451,2.15,97.25,-4.258,90.58,208.33,3799.39,16.255,2.245,0.0,18.5,1.084,True,1
var11_toroidal_8_vertical_coils,8,pairwise_180_concordant,1,1000.0,0.0,CW,21.897,15.483,1.0,0.0262,0.0196,0.945,2.15,97.25,2.587,90.24,207.56,4740.93,16.213,2.287,0.0,18.5,1.038,True,1
var11_toroidal_8_vertical_coils,8,pairwise_180_concordant,1,1000.0,0.0,CCW,21.897,15.483,1.0,0.0262,0.0196,-0.945,2.15,97.25,-2.587,90.24,207.56,4740.93,16.213,2.287,0.0,18.5,1.038,True,1
var11_toroidal_8_vertical_coils,8,pairwise_180_concordant,1,1000.0,600.0,CW,21.897,15.483,1.0,0.0262,0.0196,0.945,2.15,97.25,3.001,90.24,207.56,4740.93,16.213,2.287,0.0,18.5,1.058,True,1
var11_toroidal_8_vertical_coils,8,pairwise_180_concordant,1,1000.0,600.0,CCW,21.897,15.483,1.0,0.0262,0.0196,-0.945,2.15,97.25,-3.001,90.24,207.56,4740.93,16.213,2.287,0.0,18.5,1.058,True,1
var11_toroidal_8_vertical_coils,8,pairwise_180_concordant,1,1000.0,1200.0,CW,21.897,15.483,1.0,0.0262,0.0196,0.945,2.15,97.25,3.415,90.24,207.56,4740.93,16.213,2.287,0.0,18.5,1.078,True,1
var11_toroidal_8_vertical_coils,8,pairwise_180_concordant,1,1000.0,1200.0,CCW,21.897,15.483,1.0,0.0262,0.0196,-0.945,2.15,97.25,-3.415,90.24,207.56,4740.93,16.213,2.287,0.0,18.5,1.078,True,1
var11_toroidal_8_vertical_coils,8,pairwise_180_concordant,1,1000.0,2400.0,CW,21.897,15.483,1.0,0.0262,0.0196,0.945,2.15,97.25,4.243,90.24,207.56,4740.93,16.213,2.287,0.0,18.5,1.118,True,1
var11_toroidal_8_vertical_coils,8,pairwise_180_concordant,1,1000.0,2400.0,CCW,21.897,15.483,1.0,0.0262,0.0196,-0.945,2.15,97.25,-4.243,90.24,207.56,4740.93,16.213,2.287,0.0,18.5,1.118,True,1
var11_toroidal_8_vertical_coils,8,pairwise_180_concordant,2,25.0,0.0,CW,22.966,16.24,1.0,0.0254,0.0191,0.9481,2.15,97.4,2.855,101.66,233.82,124.31,16.296,2.204,0.0,18.5,0.872,True,1
var11_toroidal_8_vertical_coils,8,pairwise_180_concordant,2,25.0,0.0,CCW,22.966,16.24,1.0,0.0254,0.0191,-0.9481,2.15,97.4,-2.855,101.66,233.82,124.31,16.296,2.204,0.0,18.5,0.872,True,1
var11_toroidal_8_vertical_coils,8,pairwise_180_concordant,2,25.0,600.0,CW,22.966,16.24,1.0,0.0254,0.0191,0.9481,2.15,97.4,3.312,101.66,233.82,124.31,16.296,2.204,0.0,18.5,0.892,True,1
var11_toroidal_8_vertical_coils,8,pairwise_180_concordant,2,25.0,600.0,CCW,22.966,16.24,1.0,0.0254,0.0191,-0.9481,2.15,97.4,-3.312,101.66,233.82,124.31,16.296,2.204,0.0,18.5,0.892,True,1
var11_toroidal_8_vertical_coils,8,pairwise_180_concordant,2,25.0,1200.0,CW,22.966,16.24,1.0,0.0254,0.0191,0.9481,2.15,97.4,3.769,101.66,233.82,124.31,16.296,2.204,0.0,18.5,0.912,True,1
var11_toroidal_8_vertical_coils,8,pairwise_180_concordant,2,25.0,1200.0,CCW,22.966,16.24,1.0,0.0254,0.0191,-0.9481,2.15,97.4,-3.769,101.66,233.82,124.31,16.296,2.204,0.0,18.5,0.912,True,1
var11_toroidal_8_vertical_coils,8,pairwise_180_concordant,2,25.0,2400.0,CW,22.966,16.24,1.0,0.0254,0.0191,0.9481,2.15,97.4,4.683,101.66,233.82,124.31,16.296,2.204,0.0,18.5,0.952,True,1
var11_toroidal_8_vertical_coils,8,pairwise_180_concordant,2,25.0,2400.0,CCW,22.966,16.24,1.0,0.0254,0.0191,-0.9481,2.15,97.4,-4.683,101.66,233.82,124.31,16.296,2.204,0.0,18.5,0.952,True,1
var11_toroidal_8_vertical_coils,8,pairwise_180_concordant,2,50.0,0.0,CW,23.505,16.62,1.0,0.025,0.0188,0.9498,2.15,97.49,2.996,107.93,248.25,254.45,16.216,2.284,0.0,18.5,0.876,True,1
var11_toroidal_8_vertical_coils,8,pairwise_180_concordant,2,50.0,0.0,CCW,23.505,16.62,1.0,0.025,0.0188,-0.9498,2.15,97.49,-2.996,107.93,248.25,254.45,16.216,2.284,0.0,18.5,0.876,True,1
var11_toroidal_8_vertical_coils,8,pairwise_180_concordant,2,50.0,600.0,CW,23.505,16.62,1.0,0.025,0.0188,0.9498,2.15,97.49,3.476,107.93,248.25,254.45,16.216,2.284,0.0,18.5,0.896,True,1
var11_toroidal_8_vertical_coils,8,pairwise_180_concordant,2,50.0,600.0,CCW,23.505,16.62,1.0,0.025,0.0188,-0.9498,2.15,97.49,-3.476,107.93,248.25,254.45,16.216,2.284,0.0,18.5,0.896,True,1
var11_toroidal_8_vertical_coils,8,pairwise_180_concordant,2,50.0,1200.0,CW,23.505,16.62,1.0,0.025,0.0188,0.9498,2.15,97.49,3.955,107.93,248.25,254.45,16.216,2.284,0.0,18.5,0.916,True,1
var11_toroidal_8_vertical_coils,8,pairwise_180_concordant,2,50.0,1200.0,CCW,23.505,16.62,1.0,0.025,0.0188,-0.9498,2.15,97.49,-3.955,107.93,248.25,254.45,16.216,2.284,0.0,18.5,0.916,True,1
var11_toroidal_8_vertical_coils,8,pairwise_180_concordant,2,50.0,2400.0,CW,23.505,16.62,1.0,0.025,0.0188,0.9498,2.15,97.49,4.914,107.93,248.25,254.45,16.216,2.284,0.0,18.5,0.956,True,1
var11_toroidal_8_vertical_coils,8,pairwise_180_concordant,2,50.0,2400.0,CCW,23.505,16.62,1.0,0.025,0.0188,-0.9498,2.15,97.49,-4.914,107.93,248.25,254.45,16.216,2.284,0.0,18.5,0.956,True,1
var11_toroidal_8_vertical_coils,8,pairwise_180_concordant,2,60.0,0.0,CW,23.832,16.852,1.0,0.0248,0.0186,0.9509,2.15,97.54,3.084,111.87,257.29,309.6,16.169,2.331,0.0,18.5,0.878,True,1
var11_toroidal_8_vertical_coils,8,pairwise_180_concordant,2,60.0,0.0,CCW,23.832,16.852,1.0,0.0248,0.0186,-0.9509,2.15,97.54,-3.084,111.87,257.29,309.6,16.169,2.331,0.0,18.5,0.878,True,1
var11_toroidal_8_vertical_coils,8,pairwise_180_concordant,2,60.0,600.0,CW,23.832,16.852,1.0,0.0248,0.0186,0.9509,2.15,97.54,3.577,111.87,257.29,309.6,16.169,2.331,0.0,18.5,0.898,True,1
var11_toroidal_8_vertical_coils,8,pairwise_180_concordant,2,60.0,600.0,CCW,23.832,16.852,1.0,0.0248,0.0186,-0.9509,2.15,97.54,-3.577,111.87,257.29,309.6,16.169,2.331,0.0,18.5,0.898,True,1
var11_toroidal_8_vertical_coils,8,pairwise_180_concordant,2,60.0,1200.0,CW,23.832,16.852,1.0,0.0248,0.0186,0.9509,2.15,97.54,4.07,111.87,257.29,309.6,16.169,2.331,0.0,18.5,0.918,True,1
var11_toroidal_8_vertical_coils,8,pairwise_180_concordant,2,60.0,1200.0,CCW,23.832,16.852,1.0,0.0248,0.0186,-0.9509,2.15,97.54,-4.07,111.87,257.29,309.6,16.169,2.331,0.0,18.5,0.918,True,1
var11_toroidal_8_vertical_coils,8,pairwise_180_concordant,2,60.0,2400.0,CW,23.832,16.852,1.0,0.0248,0.0186,0.9509,2.15,97.54,5.057,111.87,257.29,309.6,16.169,2.331,0.0,18.5,0.958,True,1
var11_toroidal_8_vertical_coils,8,pairwise_180_concordant,2,60.0,2400.0,CCW,23.832,16.852,1.0,0.0248,0.0186,-0.9509,2.15,97.54,-5.057,111.87,257.29,309.6,16.169,2.331,0.0,18.5,0.958,True,1
var11_toroidal_8_vertical_coils,8,pairwise_180_concordant,2,100.0,0.0,CW,26.003,18.387,1.0,0.023,0.0172,0.9578,2.15,97.89,3.698,140.22,322.51,562.99,15.864,2.636,0.0,18.5,0.884,True,1
var11_toroidal_8_vertical_coils,8,pairwise_180_concordant,2,100.0,0.0,CCW,26.003,18.387,1.0,0.023,0.0172,-0.9578,2.15,97.89,-3.698,140.22,322.51,562.99,15.864,2.636,0.0,18.5,0.884,True,1
var11_toroidal_8_vertical_coils,8,pairwise_180_concordant,2,100.0,600.0,CW,26.003,18.387,1.0,0.023,0.0172,0.9578,2.15,97.89,4.289,140.22,322.51,562.99,15.864,2.636,0.0,18.5,0.904,True,1
var11_toroidal_8_vertical_coils,8,pairwise_180_concordant,2,100.0,600.0,CCW,26.003,18.387,1.0,0.023,0.0172,-0.9578,2.15,97.89,-4.289,140.22,322.51,562.99,15.864,2.636,0.0,18.5,0.904,True,1
var11_toroidal_8_vertical_coils,8,pairwise_180_concordant,2,100.0,1200.0,CW,26.003,18.387,1.0,0.023,0.0172,0.9578,2.15,97.89,4.881,140.22,322.51,562.99,15.864,2.636,0.0,18.5,0.924,True,1
var11_toroidal_8_vertical_coils,8,pairwise_180_concordant,2,100.0,1200.0,CCW,26.003,18.387,1.0,0.023,0.0172,-0.9578,2.15,97.89,-4.881,140.22,322.51,562.99,15.864,2.636,0.0,18.5,0.924,True,1
var11_toroidal_8_vertical_coils,8,pairwise_180_concordant,2,100.0,2400.0,CW,26.003,18.387,1.0,0.023,0.0172,0.9578,2.15,97.89,6.064,140.22,322.51,562.99,15.864,2.636,0.0,18.5,0.964,True,1
var11_toroidal_8_vertical_coils,8,pairwise_180_concordant,2,100.0,2400.0,CCW,26.003,18.387,1.0,0.023,0.0172,-0.9578,2.15,97.89,-6.064,140.22,322.51,562.99,15.864,2.636,0.0,18.5,0.964,True,1
var11_toroidal_8_vertical_coils,8,pairwise_180_concordant,2,120.0,0.0,CW,26.704,18.882,1.0,0.0224,0.0168,0.96,2.15,98.0,3.909,150.26,345.61,693.8,15.765,2.735,0.0,18.5,0.888,True,1
var11_toroidal_8_vertical_coils,8,pairwise_180_concordant,2,120.0,0.0,CCW,26.704,18.882,1.0,0.0224,0.0168,-0.96,2.15,98.0,-3.909,150.26,345.61,693.8,15.765,2.735,0.0,18.5,0.888,True,1
var11_toroidal_8_vertical_coils,8,pairwise_180_concordant,2,120.0,600.0,CW,26.704,18.882,1.0,0.0224,0.0168,0.96,2.15,98.0,4.534,150.26,345.61,693.8,15.765,2.735,0.0,18.5,0.908,True,1
var11_toroidal_8_vertical_coils,8,pairwise_180_concordant,2,120.0,600.0,CCW,26.704,18.882,1.0,0.0224,0.0168,-0.96,2.15,98.0,-4.534,150.26,345.61,693.8,15.765,2.735,0.0,18.5,0.908,True,1
var11_toroidal_8_vertical_coils,8,pairwise_180_concordant,2,120.0,1200.0,CW,26.704,18.882,1.0,0.0224,0.0168,0.96,2.15,98.0,5.16,150.26,345.61,693.8,15.765,2.735,0.0,18.5,0.928,True,1
var11_toroidal_8_vertical_coils,8,pairwise_180_concordant,2,120.0,1200.0,CCW,26.704,18.882,1.0,0.0224,0.0168,-0.96,2.15,98.0,-5.16,150.26,345.61,693.8,15.765,2.735,0.0,18.5,0.928,True,1
var11_toroidal_8_vertical_coils,8,pairwise_180_concordant,2,120.0,2400.0,CW,26.704,18.882,1.0,0.0224,0.0168,0.96,2.15,98.0,6.41,150.26,345.61,693.8,15.765,2.735,0.0,18.5,0.968,True,1
var11_toroidal_8_vertical_coils,8,pairwise_180_concordant,2,120.0,2400.0,CCW,26.704,18.882,1.0,0.0224,0.0168,-0.96,2.15,98.0,-6.41,150.26,345.61,693.8,15.765,2.735,0.0,18.5,0.968,True,1
var11_toroidal_8_vertical_coils,8,pairwise_180_concordant,2,150.0,0.0,CW,25.364,17.935,1.0,0.0235,0.0176,0.9558,2.15,97.79,3.511,131.48,302.41,823.74,15.939,2.561,0.0,18.5,0.893,True,1
var11_toroidal_8_vertical_coils,8,pairwise_180_concordant,2,150.0,0.0,CCW,25.364,17.935,1.0,0.0235,0.0176,-0.9558,2.15,97.79,-3.511,131.48,302.41,823.74,15.939,2.561,0.0,18.5,0.893,True,1
var11_toroidal_8_vertical_coils,8,pairwise_180_concordant,2,150.0,600.0,CW,25.364,17.935,1.0,0.0235,0.0176,0.9558,2.15,97.79,4.073,131.48,302.41,823.74,15.939,2.561,0.0,18.5,0.913,True,1
var11_toroidal_8_vertical_coils,8,pairwise_180_concordant,2,150.0,600.0,CCW,25.364,17.935,1.0,0.0235,0.0176,-0.9558,2.15,97.79,-4.073,131.48,302.41,823.74,15.939,2.561,0.0,18.5,0.913,True,1
var11_toroidal_8_vertical_coils,8,pairwise_180_concordant,2,150.0,1200.0,CW,25.364,17.935,1.0,0.0235,0.0176,0.9558,2.15,97.79,4.634,131.48,302.41,823.74,15.939,2.561,0.0,18.5,0.933,True,1
var11_toroidal_8_vertical_coils,8,pairwise_180_concordant,2,150.0,1200.0,CCW,25.364,17.935,1.0,0.0235,0.0176,-0.9558,2.15,97.79,-4.634,131.48,302.41,823.74,15.939,2.561,0.0,18.5,0.933,True,1
var11_toroidal_8_vertical_coils,8,pairwise_180_concordant,2,150.0,2400.0,CW,25.364,17.935,1.0,0.0235,0.0176,0.9558,2.15,97.79,5.758,131.48,302.41,823.74,15.939,2.561,0.0,18.5,0.973,True,1
var11_toroidal_8_vertical_coils,8,pairwise_180_concordant,2,150.0,2400.0,CCW,25.364,17.935,1.0,0.0235,0.0176,-0.9558,2.15,97.79,-5.758,131.48,302.41,823.74,15.939,2.561,0.0,18.5,0.973,True,1
var11_toroidal_8_vertical_coils,8,pairwise_180_concordant,2,200.0,0.0,CW,23.224,16.422,1.0,0.0252,0.0189,0.949,2.15,97.45,2.923,104.71,240.82,1005.69,16.219,2.281,0.0,18.5,0.901,True,1
var11_toroidal_8_vertical_coils,8,pairwise_180_concordant,2,200.0,0.0,CCW,23.224,16.422,1.0,0.0252,0.0189,-0.949,2.15,97.45,-2.923,104.71,240.82,1005.69,16.219,2.281,0.0,18.5,0.901,True,1
var11_toroidal_8_vertical_coils,8,pairwise_180_concordant,2,200.0,600.0,CW,23.224,16.422,1.0,0.0252,0.0189,0.949,2.15,97.45,3.39,104.71,240.82,1005.69,16.219,2.281,0.0,18.5,0.921,True,1
var11_toroidal_8_vertical_coils,8,pairwise_180_concordant,2,200.0,600.0,CCW,23.224,16.422,1.0,0.0252,0.0189,-0.949,2.15,97.45,-3.39,104.71,240.82,1005.69,16.219,2.281,0.0,18.5,0.921,True,1
var11_toroidal_8_vertical_coils,8,pairwise_180_concordant,2,200.0,1200.0,CW,23.224,16.422,1.0,0.0252,0.0189,0.949,2.15,97.45,3.858,104.71,240.82,1005.69,16.219,2.281,0.0,18.5,0.942,True,1
var11_toroidal_8_vertical_coils,8,pairwise_180_concordant,2,200.0,1200.0,CCW,23.224,16.422,1.0,0.0252,0.0189,-0.949,2.15,97.45,-3.858,104.71,240.82,1005.69,16.219,2.281,0.0,18.5,0.942,True,1
var11_toroidal_8_vertical_coils,8,pairwise_180_concordant,2,200.0,2400.0,CW,23.224,16.422,1.0,0.0252,0.0189,0.949,2.15,97.45,4.793,104.71,240.82,1005.69,16.219,2.281,0.0,18.5,0.981,True,1
var11_toroidal_8_vertical_coils,8,pairwise_180_concordant,2,200.0,2400.0,CCW,23.224,16.422,1.0,0.0252,0.0189,-0.949,2.15,97.45,-4.793,104.71,240.82,1005.69,16.219,2.281,0.0,18.5,0.981,True,1
var11_toroidal_8_vertical_coils,8,pairwise_180_concordant,2,400.0,0.0,CW,22.102,15.628,1.0,0.0261,0.0195,0.9454,2.15,97.27,2.637,92.22,212.11,1914.15,16.327,2.173,0.0,18.5,0.935,True,1
var11_toroidal_8_vertical_coils,8,pairwise_180_concordant,2,400.0,0.0,CCW,22.102,15.628,1.0,0.0261,0.0195,-0.9454,2.15,97.27,-2.637,92.22,212.11,1914.15,16.327,2.173,0.0,18.5,0.935,True,1
var11_toroidal_8_vertical_coils,8,pairwise_180_concordant,2,400.0,600.0,CW,22.102,15.628,1.0,0.0261,0.0195,0.9454,2.15,97.27,3.059,92.22,212.11,1914.15,16.327,2.173,0.0,18.5,0.955,True,1
var11_toroidal_8_vertical_coils,8,pairwise_180_concordant,2,400.0,600.0,CCW,22.102,15.628,1.0,0.0261,0.0195,-0.9454,2.15,97.27,-3.059,92.22,212.11,1914.15,16.327,2.173,0.0,18.5,0.955,True,1
var11_toroidal_8_vertical_coils,8,pairwise_180_concordant,2,400.0,1200.0,CW,22.102,15.628,1.0,0.0261,0.0195,0.9454,2.15,97.27,3.481,92.22,212.11,1914.15,16.327,2.173,0.0,18.5,0.975,True,1
var11_toroidal_8_vertical_coils,8,pairwise_180_concordant,2,400.0,1200.0,CCW,22.102,15.628,1.0,0.0261,0.0195,-0.9454,2.15,97.27,-3.481,92.22,212.11,1914.15,16.327,2.173,0.0,18.5,0.975,True,1
var11_toroidal_8_vertical_coils,8,pairwise_180_concordant,2,400.0,2400.0,CW,22.102,15.628,1.0,0.0261,0.0195,0.9454,2.15,97.27,4.325,92.22,212.11,1914.15,16.327,2.173,0.0,18.5,1.016,True,1
var11_toroidal_8_vertical_coils,8,pairwise_180_concordant,2,400.0,2400.0,CCW,22.102,15.628,1.0,0.0261,0.0195,-0.9454,2.15,97.27,-4.325,92.22,212.11,1914.15,16.327,2.173,0.0,18.5,1.016,True,1
var11_toroidal_8_vertical_coils,8,pairwise_180_concordant,2,800.0,0.0,CW,21.935,15.51,1.0,0.0261,0.0196,0.9451,2.15,97.25,2.596,90.58,208.33,3799.39,16.255,2.245,0.0,18.5,1.004,True,1
var11_toroidal_8_vertical_coils,8,pairwise_180_concordant,2,800.0,0.0,CCW,21.935,15.51,1.0,0.0261,0.0196,-0.9451,2.15,97.25,-2.596,90.58,208.33,3799.39,16.255,2.245,0.0,18.5,1.004,True,1
var11_toroidal_8_vertical_coils,8,pairwise_180_concordant,2,800.0,600.0,CW,21.935,15.51,1.0,0.0261,0.0196,0.9451,2.15,97.25,3.012,90.58,208.33,3799.39,16.255,2.245,0.0,18.5,1.024,True,1
var11_toroidal_8_vertical_coils,8,pairwise_180_concordant,2,800.0,600.0,CCW,21.935,15.51,1.0,0.0261,0.0196,-0.9451,2.15,97.25,-3.012,90.58,208.33,3799.39,16.255,2.245,0.0,18.5,1.024,True,1
var11_toroidal_8_vertical_coils,8,pairwise_180_concordant,2,800.0,1200.0,CW,21.935,15.51,1.0,0.0261,0.0196,0.9451,2.15,97.25,3.427,90.58,208.33,3799.39,16.255,2.245,0.0,18.5,1.044,True,1
var11_toroidal_8_vertical_coils,8,pairwise_180_concordant,2,800.0,1200.0,CCW,21.935,15.51,1.0,0.0261,0.0196,-0.9451,2.15,97.25,-3.427,90.58,208.33,3799.39,16.255,2.245,0.0,18.5,1.044,True,1
var11_toroidal_8_vertical_coils,8,pairwise_180_concordant,2,800.0,2400.0,CW,21.935,15.51,1.0,0.0261,0.0196,0.9451,2.15,97.25,4.258,90.58,208.33,3799.39,16.255,2.245,0.0,18.5,1.084,True,1
var11_toroidal_8_vertical_coils,8,pairwise_180_concordant,2,800.0,2400.0,CCW,21.935,15.51,1.0,0.0261,0.0196,-0.9451,2.15,97.25,-4.258,90.58,208.33,3799.39,16.255,2.245,0.0,18.5,1.084,True,1
var11_toroidal_8_vertical_coils,8,pairwise_180_concordant,2,1000.0,0.0,CW,21.897,15.483,1.0,0.0262,0.0196,0.945,2.15,97.25,2.587,90.24,207.56,4740.93,16.213,2.287,0.0,18.5,1.038,True,1
var11_toroidal_8_vertical_coils,8,pairwise_180_concordant,2,1000.0,0.0,CCW,21.897,15.483,1.0,0.0262,0.0196,-0.945,2.15,97.25,-2.587,90.24,207.56,4740.93,16.213,2.287,0.0,18.5,1.038,True,1
var11_toroidal_8_vertical_coils,8,pairwise_180_concordant,2,1000.0,600.0,CW,21.897,15.483,1.0,0.0262,0.0196,0.945,2.15,97.25,3.001,90.24,207.56,4740.93,16.213,2.287,0.0,18.5,1.058,True,1
var11_toroidal_8_vertical_coils,8,pairwise_180_concordant,2,1000.0,600.0,CCW,21.897,15.483,1.0,0.0262,0.0196,-0.945,2.15,97.25,-3.001,90.24,207.56,4740.93,16.213,2.287,0.0,18.5,1.058,True,1
var11_toroidal_8_vertical_coils,8,pairwise_180_concordant,2,1000.0,1200.0,CW,21.897,15.483,1.0,0.0262,0.0196,0.945,2.15,97.25,3.415,90.24,207.56,4740.93,16.213,2.287,0.0,18.5,1.078,True,1
var11_toroidal_8_vertical_coils,8,pairwise_180_concordant,2,1000.0,1200.0,CCW,21.897,15.483,1.0,0.0262,0.0196,-0.945,2.15,97.25,-3.415,90.24,207.56,4740.93,16.213,2.287,0.0,18.5,1.078,True,1
var11_toroidal_8_vertical_coils,8,pairwise_180_concordant,2,1000.0,2400.0,CW,21.897,15.483,1.0,0.0262,0.0196,0.945,2.15,97.25,4.243,90.24,207.56,4740.93,16.213,2.287,0.0,18.5,1.118,True,1
var11_toroidal_8_vertical_coils,8,pairwise_180_concordant,2,1000.0,2400.0,CCW,21.897,15.483,1.0,0.0262,0.0196,-0.945,2.15,97.25,-4.243,90.24,207.56,4740.93,16.213,2.287,0.0,18.5,1.118,True,1
var11_toroidal_8_vertical_coils,8,pairwise_180_concordant,3,25.0,0.0,CW,23.901,16.901,1.0,0.0254,0.0191,0.9481,2.15,97.4,3.092,115.96,266.71,129.38,16.22,2.28,0.0,18.5,0.874,True,1
var11_toroidal_8_vertical_coils,8,pairwise_180_concordant,3,25.0,0.0,CCW,23.901,16.901,1.0,0.0254,0.0191,-0.9481,2.15,97.4,-3.092,115.96,266.71,129.38,16.22,2.28,0.0,18.5,0.874,True,1
var11_toroidal_8_vertical_coils,8,pairwise_180_concordant,3,25.0,600.0,CW,23.901,16.901,1.0,0.0254,0.0191,0.9481,2.15,97.4,3.587,115.96,266.71,129.38,16.22,2.28,0.0,18.5,0.894,True,1
var11_toroidal_8_vertical_coils,8,pairwise_180_concordant,3,25.0,600.0,CCW,23.901,16.901,1.0,0.0254,0.0191,-0.9481,2.15,97.4,-3.587,115.96,266.71,129.38,16.22,2.28,0.0,18.5,0.894,True,1
var11_toroidal_8_vertical_coils,8,pairwise_180_concordant,3,25.0,1200.0,CW,23.901,16.901,1.0,0.0254,0.0191,0.9481,2.15,97.4,4.082,115.96,266.71,129.38,16.22,2.28,0.0,18.5,0.914,True,1
var11_toroidal_8_vertical_coils,8,pairwise_180_concordant,3,25.0,1200.0,CCW,23.901,16.901,1.0,0.0254,0.0191,-0.9481,2.15,97.4,-4.082,115.96,266.71,129.38,16.22,2.28,0.0,18.5,0.914,True,1
var11_toroidal_8_vertical_coils,8,pairwise_180_concordant,3,25.0,2400.0,CW,23.901,16.901,1.0,0.0254,0.0191,0.9481,2.15,97.4,5.072,115.96,266.71,129.38,16.22,2.28,0.0,18.5,0.954,True,1
var11_toroidal_8_vertical_coils,8,pairwise_180_concordant,3,25.0,2400.0,CCW,23.901,16.901,1.0,0.0254,0.0191,-0.9481,2.15,97.4,-5.072,115.96,266.71,129.38,16.22,2.28,0.0,18.5,0.954,True,1
var11_toroidal_8_vertical_coils,8,pairwise_180_concordant,3,50.0,0.0,CW,24.459,17.295,1.0,0.025,0.0188,0.9498,2.15,97.49,3.244,123.09,283.11,264.79,16.138,2.362,0.0,18.5,0.878,True,1
var11_toroidal_8_vertical_coils,8,pairwise_180_concordant,3,50.0,0.0,CCW,24.459,17.295,1.0,0.025,0.0188,-0.9498,2.15,97.49,-3.244,123.09,283.11,264.79,16.138,2.362,0.0,18.5,0.878,True,1
var11_toroidal_8_vertical_coils,8,pairwise_180_concordant,3,50.0,600.0,CW,24.459,17.295,1.0,0.025,0.0188,0.9498,2.15,97.49,3.764,123.09,283.11,264.79,16.138,2.362,0.0,18.5,0.898,True,1
var11_toroidal_8_vertical_coils,8,pairwise_180_concordant,3,50.0,600.0,CCW,24.459,17.295,1.0,0.025,0.0188,-0.9498,2.15,97.49,-3.764,123.09,283.11,264.79,16.138,2.362,0.0,18.5,0.898,True,1
var11_toroidal_8_vertical_coils,8,pairwise_180_concordant,3,50.0,1200.0,CW,24.459,17.295,1.0,0.025,0.0188,0.9498,2.15,97.49,4.283,123.09,283.11,264.79,16.138,2.362,0.0,18.5,0.918,True,1
var11_toroidal_8_vertical_coils,8,pairwise_180_concordant,3,50.0,1200.0,CCW,24.459,17.295,1.0,0.025,0.0188,-0.9498,2.15,97.49,-4.283,123.09,283.11,264.79,16.138,2.362,0.0,18.5,0.918,True,1
var11_toroidal_8_vertical_coils,8,pairwise_180_concordant,3,50.0,2400.0,CW,24.459,17.295,1.0,0.025,0.0188,0.9498,2.15,97.49,5.321,123.09,283.11,264.79,16.138,2.362,0.0,18.5,0.958,True,1
var11_toroidal_8_vertical_coils,8,pairwise_180_concordant,3,50.0,2400.0,CCW,24.459,17.295,1.0,0.025,0.0188,-0.9498,2.15,97.49,-5.321,123.09,283.11,264.79,16.138,2.362,0.0,18.5,0.958,True,1
var11_toroidal_8_vertical_coils,8,pairwise_180_concordant,3,60.0,0.0,CW,24.799,17.535,1.0,0.0248,0.0186,0.9509,2.15,97.54,3.339,127.56,293.39,322.16,16.089,2.411,0.0,18.5,0.88,True,1
var11_toroidal_8_vertical_coils,8,pairwise_180_concordant,3,60.0,0.0,CCW,24.799,17.535,1.0,0.0248,0.0186,-0.9509,2.15,97.54,-3.339,127.56,293.39,322.16,16.089,2.411,0.0,18.5,0.88,True,1
var11_toroidal_8_vertical_coils,8,pairwise_180_concordant,3,60.0,600.0,CW,24.799,17.535,1.0,0.0248,0.0186,0.9509,2.15,97.54,3.873,127.56,293.39,322.16,16.089,2.411,0.0,18.5,0.9,True,1
var11_toroidal_8_vertical_coils,8,pairwise_180_concordant,3,60.0,600.0,CCW,24.799,17.535,1.0,0.0248,0.0186,-0.9509,2.15,97.54,-3.873,127.56,293.39,322.16,16.089,2.411,0.0,18.5,0.9,True,1
var11_toroidal_8_vertical_coils,8,pairwise_180_concordant,3,60.0,1200.0,CW,24.799,17.535,1.0,0.0248,0.0186,0.9509,2.15,97.54,4.407,127.56,293.39,322.16,16.089,2.411,0.0,18.5,0.92,True,1
var11_toroidal_8_vertical_coils,8,pairwise_180_concordant,3,60.0,1200.0,CCW,24.799,17.535,1.0,0.0248,0.0186,-0.9509,2.15,97.54,-4.407,127.56,293.39,322.16,16.089,2.411,0.0,18.5,0.92,True,1
var11_toroidal_8_vertical_coils,8,pairwise_180_concordant,3,60.0,2400.0,CW,24.799,17.535,1.0,0.0248,0.0186,0.9509,2.15,97.54,5.476,127.56,293.39,322.16,16.089,2.411,0.0,18.5,0.96,True,1
var11_toroidal_8_vertical_coils,8,pairwise_180_concordant,3,60.0,2400.0,CCW,24.799,17.535,1.0,0.0248,0.0186,-0.9509,2.15,97.54,-5.476,127.56,293.39,322.16,16.089,2.411,0.0,18.5,0.96,True,1
var11_toroidal_8_vertical_coils,8,pairwise_180_concordant,3,100.0,0.0,CW,27.047,19.125,1.0,0.023,0.0172,0.9578,2.15,97.89,4.001,159.78,367.48,585.61,15.774,2.726,0.0,18.5,0.886,True,1
var11_toroidal_8_vertical_coils,8,pairwise_180_concordant,3,100.0,0.0,CCW,27.047,19.125,1.0,0.023,0.0172,-0.9578,2.15,97.89,-4.001,159.78,367.48,585.61,15.774,2.726,0.0,18.5,0.886,True,1
var11_toroidal_8_vertical_coils,8,pairwise_180_concordant,3,100.0,600.0,CW,27.047,19.125,1.0,0.023,0.0172,0.9578,2.15,97.89,4.641,159.78,367.48,585.61,15.774,2.726,0.0,18.5,0.906,True,1
var11_toroidal_8_vertical_coils,8,pairwise_180_concordant,3,100.0,600.0,CCW,27.047,19.125,1.0,0.023,0.0172,-0.9578,2.15,97.89,-4.641,159.78,367.48,585.61,15.774,2.726,0.0,18.5,0.906,True,1
var11_toroidal_8_vertical_coils,8,pairwise_180_concordant,3,100.0,1200.0,CW,27.047,19.125,1.0,0.023,0.0172,0.9578,2.15,97.89,5.281,159.78,367.48,585.61,15.774,2.726,0.0,18.5,0.926,True,1
var11_toroidal_8_vertical_coils,8,pairwise_180_concordant,3,100.0,1200.0,CCW,27.047,19.125,1.0,0.023,0.0172,-0.9578,2.15,97.89,-5.281,159.78,367.48,585.61,15.774,2.726,0.0,18.5,0.926,True,1
var11_toroidal_8_vertical_coils,8,pairwise_180_concordant,3,100.0,2400.0,CW,27.047,19.125,1.0,0.023,0.0172,0.9578,2.15,97.89,6.561,159.78,367.48,585.61,15.774,2.726,0.0,18.5,0.966,True,1
var11_toroidal_8_vertical_coils,8,pairwise_180_concordant,3,100.0,2400.0,CCW,27.047,19.125,1.0,0.023,0.0172,-0.9578,2.15,97.89,-6.561,159.78,367.48,585.61,15.774,2.726,0.0,18.5,0.966,True,1
var11_toroidal_8_vertical_coils,8,pairwise_180_concordant,3,120.0,0.0,CW,27.798,19.656,1.0,0.0224,0.0168,0.96,2.15,98.0,4.236,171.49,394.42,722.23,15.7,2.8,0.0,18.5,0.89,True,1
var11_toroidal_8_vertical_coils,8,pairwise_180_concordant,3,120.0,0.0,CCW,27.798,19.656,1.0,0.0224,0.0168,-0.96,2.15,98.0,-4.236,171.49,394.42,722.23,15.7,2.8,0.0,18.5,0.89,True,1
var11_toroidal_8_vertical_coils,8,pairwise_180_concordant,3,120.0,600.0,CW,27.798,19.656,1.0,0.0224,0.0168,0.96,2.15,98.0,4.913,171.49,394.42,722.23,15.7,2.8,0.0,18.5,0.91,True,1
var11_toroidal_8_vertical_coils,8,pairwise_180_concordant,3,120.0,600.0,CCW,27.798,19.656,1.0,0.0224,0.0168,-0.96,2.15,98.0,-4.913,171.49,394.42,722.23,15.7,2.8,0.0,18.5,0.91,True,1
var11_toroidal_8_vertical_coils,8,pairwise_180_concordant,3,120.0,1200.0,CW,27.798,19.656,1.0,0.0224,0.0168,0.96,2.15,98.0,5.591,171.49,394.42,722.23,15.7,2.8,0.0,18.5,0.93,True,1
var11_toroidal_8_vertical_coils,8,pairwise_180_concordant,3,120.0,1200.0,CCW,27.798,19.656,1.0,0.0224,0.0168,-0.96,2.15,98.0,-5.591,171.49,394.42,722.23,15.7,2.8,0.0,18.5,0.93,True,1
var11_toroidal_8_vertical_coils,8,pairwise_180_concordant,3,120.0,2400.0,CW,27.798,19.656,1.0,0.0224,0.0168,0.96,2.15,98.0,6.946,171.49,394.42,722.23,15.7,2.8,0.0,18.5,0.97,True,1
var11_toroidal_8_vertical_coils,8,pairwise_180_concordant,3,120.0,2400.0,CCW,27.798,19.656,1.0,0.0224,0.0168,-0.96,2.15,98.0,-6.946,171.49,394.42,722.23,15.7,2.8,0.0,18.5,0.97,True,1
var11_toroidal_8_vertical_coils,8,pairwise_180_concordant,3,150.0,0.0,CW,26.385,18.657,1.0,0.0235,0.0176,0.9558,2.15,97.79,3.799,149.85,344.65,856.91,15.851,2.649,0.0,18.5,0.895,True,1
var11_toroidal_8_vertical_coils,8,pairwise_180_concordant,3,150.0,0.0,CCW,26.385,18.657,1.0,0.0235,0.0176,-0.9558,2.15,97.79,-3.799,149.85,344.65,856.91,15.851,2.649,0.0,18.5,0.895,True,1
var11_toroidal_8_vertical_coils,8,pairwise_180_concordant,3,150.0,600.0,CW,26.385,18.657,1.0,0.0235,0.0176,0.9558,2.15,97.79,4.407,149.85,344.65,856.91,15.851,2.649,0.0,18.5,0.915,True,1
var11_toroidal_8_vertical_coils,8,pairwise_180_concordant,3,150.0,600.0,CCW,26.385,18.657,1.0,0.0235,0.0176,-0.9558,2.15,97.79,-4.407,149.85,344.65,856.91,15.851,2.649,0.0,18.5,0.915,True,1
var11_toroidal_8_vertical_coils,8,pairwise_180_concordant,3,150.0,1200.0,CW,26.385,18.657,1.0,0.0235,0.0176,0.9558,2.15,97.79,5.015,149.85,344.65,856.91,15.851,2.649,0.0,18.5,0.935,True,1
var11_toroidal_8_vertical_coils,8,pairwise_180_concordant,3,150.0,1200.0,CCW,26.385,18.657,1.0,0.0235,0.0176,-0.9558,2.15,97.79,-5.015,149.85,344.65,856.91,15.851,2.649,0.0,18.5,0.935,True,1
var11_toroidal_8_vertical_coils,8,pairwise_180_concordant,3,150.0,2400.0,CW,26.385,18.657,1.0,0.0235,0.0176,0.9558,2.15,97.79,6.231,149.85,344.65,856.91,15.851,2.649,0.0,18.5,0.975,True,1
var11_toroidal_8_vertical_coils,8,pairwise_180_concordant,3,150.0,2400.0,CCW,26.385,18.657,1.0,0.0235,0.0176,-0.9558,2.15,97.79,-6.231,149.85,344.65,856.91,15.851,2.649,0.0,18.5,0.975,True,1
var11_toroidal_8_vertical_coils,8,pairwise_180_concordant,3,200.0,0.0,CW,24.168,17.089,1.0,0.0252,0.0189,0.949,2.15,97.45,3.165,119.41,274.65,1046.54,16.141,2.359,0.0,18.5,0.903,True,1
var11_toroidal_8_vertical_coils,8,pairwise_180_concordant,3,200.0,0.0,CCW,24.168,17.089,1.0,0.0252,0.0189,-0.949,2.15,97.45,-3.165,119.41,274.65,1046.54,16.141,2.359,0.0,18.5,0.903,True,1
var11_toroidal_8_vertical_coils,8,pairwise_180_concordant,3,200.0,600.0,CW,24.168,17.089,1.0,0.0252,0.0189,0.949,2.15,97.45,3.671,119.41,274.65,1046.54,16.141,2.359,0.0,18.5,0.923,True,1
var11_toroidal_8_vertical_coils,8,pairwise_180_concordant,3,200.0,600.0,CCW,24.168,17.089,1.0,0.0252,0.0189,-0.949,2.15,97.45,-3.671,119.41,274.65,1046.54,16.141,2.359,0.0,18.5,0.923,True,1
var11_toroidal_8_vertical_coils,8,pairwise_180_concordant,3,200.0,1200.0,CW,24.168,17.089,1.0,0.0252,0.0189,0.949,2.15,97.45,4.178,119.41,274.65,1046.54,16.141,2.359,0.0,18.5,0.943,True,1
var11_toroidal_8_vertical_coils,8,pairwise_180_concordant,3,200.0,1200.0,CCW,24.168,17.089,1.0,0.0252,0.0189,-0.949,2.15,97.45,-4.178,119.41,274.65,1046.54,16.141,2.359,0.0,18.5,0.943,True,1
var11_toroidal_8_vertical_coils,8,pairwise_180_concordant,3,200.0,2400.0,CW,24.168,17.089,1.0,0.0252,0.0189,0.949,2.15,97.45,5.19,119.41,274.65,1046.54,16.141,2.359,0.0,18.5,0.983,True,1
var11_toroidal_8_vertical_coils,8,pairwise_180_concordant,3,200.0,2400.0,CCW,24.168,17.089,1.0,0.0252,0.0189,-0.949,2.15,97.45,-5.19,119.41,274.65,1046.54,16.141,2.359,0.0,18.5,0.983,True,1
var11_toroidal_8_vertical_coils,8,pairwise_180_concordant,3,400.0,0.0,CW,23.003,16.265,1.0,0.0261,0.0195,0.9454,2.15,97.27,2.856,105.2,241.97,1992.16,16.252,2.248,0.0,18.5,0.937,True,1
var11_toroidal_8_vertical_coils,8,pairwise_180_concordant,3,400.0,0.0,CCW,23.003,16.265,1.0,0.0261,0.0195,-0.9454,2.15,97.27,-2.856,105.2,241.97,1992.16,16.252,2.248,0.0,18.5,0.937,True,1
var11_toroidal_8_vertical_coils,8,pairwise_180_concordant,3,400.0,600.0,CW,23.003,16.265,1.0,0.0261,0.0195,0.9454,2.15,97.27,3.313,105.2,241.97,1992.16,16.252,2.248,0.0,18.5,0.957,True,1
var11_toroidal_8_vertical_coils,8,pairwise_180_concordant,3,400.0,600.0,CCW,23.003,16.265,1.0,0.0261,0.0195,-0.9454,2.15,97.27,-3.313,105.2,241.97,1992.16,16.252,2.248,0.0,18.5,0.957,True,1
var11_toroidal_8_vertical_coils,8,pairwise_180_concordant,3,400.0,1200.0,CW,23.003,16.265,1.0,0.0261,0.0195,0.9454,2.15,97.27,3.77,105.2,241.97,1992.16,16.252,2.248,0.0,18.5,0.977,True,1
var11_toroidal_8_vertical_coils,8,pairwise_180_concordant,3,400.0,1200.0,CCW,23.003,16.265,1.0,0.0261,0.0195,-0.9454,2.15,97.27,-3.77,105.2,241.97,1992.16,16.252,2.248,0.0,18.5,0.977,True,1
var11_toroidal_8_vertical_coils,8,pairwise_180_concordant,3,400.0,2400.0,CW,23.003,16.265,1.0,0.0261,0.0195,0.9454,2.15,97.27,4.684,105.2,241.97,1992.16,16.252,2.248,0.0,18.5,1.017,True,1
var11_toroidal_8_vertical_coils,8,pairwise_180_concordant,3,400.0,2400.0,CCW,23.003,16.265,1.0,0.0261,0.0195,-0.9454,2.15,97.27,-4.684,105.2,241.97,1992.16,16.252,2.248,0.0,18.5,1.017,True,1
var11_toroidal_8_vertical_coils,8,pairwise_180_concordant,3,800.0,0.0,CW,22.827,16.141,1.0,0.0261,0.0196,0.9451,2.15,97.25,2.812,103.31,237.61,3953.9,16.178,2.322,0.0,18.5,1.005,True,1
var11_toroidal_8_vertical_coils,8,pairwise_180_concordant,3,800.0,0.0,CCW,22.827,16.141,1.0,0.0261,0.0196,-0.9451,2.15,97.25,-2.812,103.31,237.61,3953.9,16.178,2.322,0.0,18.5,1.005,True,1
var11_toroidal_8_vertical_coils,8,pairwise_180_concordant,3,800.0,600.0,CW,22.827,16.141,1.0,0.0261,0.0196,0.9451,2.15,97.25,3.262,103.31,237.61,3953.9,16.178,2.322,0.0,18.5,1.025,True,1
var11_toroidal_8_vertical_coils,8,pairwise_180_concordant,3,800.0,600.0,CCW,22.827,16.141,1.0,0.0261,0.0196,-0.9451,2.15,97.25,-3.262,103.31,237.61,3953.9,16.178,2.322,0.0,18.5,1.025,True,1
var11_toroidal_8_vertical_coils,8,pairwise_180_concordant,3,800.0,1200.0,CW,22.827,16.141,1.0,0.0261,0.0196,0.9451,2.15,97.25,3.712,103.31,237.61,3953.9,16.178,2.322,0.0,18.5,1.045,True,1
var11_toroidal_8_vertical_coils,8,pairwise_180_concordant,3,800.0,1200.0,CCW,22.827,16.141,1.0,0.0261,0.0196,-0.9451,2.15,97.25,-3.712,103.31,237.61,3953.9,16.178,2.322,0.0,18.5,1.045,True,1
var11_toroidal_8_vertical_coils,8,pairwise_180_concordant,3,800.0,2400.0,CW,22.827,16.141,1.0,0.0261,0.0196,0.9451,2.15,97.25,4.611,103.31,237.61,3953.9,16.178,2.322,0.0,18.5,1.085,True,1
var11_toroidal_8_vertical_coils,8,pairwise_180_concordant,3,800.0,2400.0,CCW,22.827,16.141,1.0,0.0261,0.0196,-0.9451,2.15,97.25,-4.611,103.31,237.61,3953.9,16.178,2.322,0.0,18.5,1.085,True,1
var11_toroidal_8_vertical_coils,8,pairwise_180_concordant,3,1000.0,0.0,CW,22.786,16.112,1.0,0.0262,0.0196,0.945,2.15,97.25,2.802,102.91,236.7,4933.48,16.135,2.365,0.0,18.5,1.039,True,1
var11_toroidal_8_vertical_coils,8,pairwise_180_concordant,3,1000.0,0.0,CCW,22.786,16.112,1.0,0.0262,0.0196,-0.945,2.15,97.25,-2.802,102.91,236.7,4933.48,16.135,2.365,0.0,18.5,1.039,True,1
var11_toroidal_8_vertical_coils,8,pairwise_180_concordant,3,1000.0,600.0,CW,22.786,16.112,1.0,0.0262,0.0196,0.945,2.15,97.25,3.25,102.91,236.7,4933.48,16.135,2.365,0.0,18.5,1.059,True,1
var11_toroidal_8_vertical_coils,8,pairwise_180_concordant,3,1000.0,600.0,CCW,22.786,16.112,1.0,0.0262,0.0196,-0.945,2.15,97.25,-3.25,102.91,236.7,4933.48,16.135,2.365,0.0,18.5,1.059,True,1
var11_toroidal_8_vertical_coils,8,pairwise_180_concordant,3,1000.0,1200.0,CW,22.786,16.112,1.0,0.0262,0.0196,0.945,2.15,97.25,3.698,102.91,236.7,4933.48,16.135,2.365,0.0,18.5,1.079,True,1
var11_toroidal_8_vertical_coils,8,pairwise_180_concordant,3,1000.0,1200.0,CCW,22.786,16.112,1.0,0.0262,0.0196,-0.945,2.15,97.25,-3.698,102.91,236.7,4933.48,16.135,2.365,0.0,18.5,1.079,True,1
var11_toroidal_8_vertical_coils,8,pairwise_180_concordant,3,1000.0,2400.0,CW,22.786,16.112,1.0,0.0262,0.0196,0.945,2.15,97.25,4.595,102.91,236.7,4933.48,16.135,2.365,0.0,18.5,1.119,True,1
var11_toroidal_8_vertical_coils,8,pairwise_180_concordant,3,1000.0,2400.0,CCW,22.786,16.112,1.0,0.0262,0.0196,-0.945,2.15,97.25,-4.595,102.91,236.7,4933.48,16.135,2.365,0.0,18.5,1.119,True,1
var11_toroidal_8_vertical_coils,8,pairwise_180_concordant,4,25.0,0.0,CW,22.966,16.24,1.0,0.0254,0.0191,0.9481,2.15,97.4,2.855,101.66,233.82,124.31,16.296,2.204,0.0,18.5,0.872,True,1
var11_toroidal_8_vertical_coils,8,pairwise_180_concordant,4,25.0,0.0,CCW,22.966,16.24,1.0,0.0254,0.0191,-0.9481,2.15,97.4,-2.855,101.66,233.82,124.31,16.296,2.204,0.0,18.5,0.872,True,1
var11_toroidal_8_vertical_coils,8,pairwise_180_concordant,4,25.0,600.0,CW,22.966,16.24,1.0,0.0254,0.0191,0.9481,2.15,97.4,3.312,101.66,233.82,124.31,16.296,2.204,0.0,18.5,0.892,True,1
var11_toroidal_8_vertical_coils,8,pairwise_180_concordant,4,25.0,600.0,CCW,22.966,16.24,1.0,0.0254,0.0191,-0.9481,2.15,97.4,-3.312,101.66,233.82,124.31,16.296,2.204,0.0,18.5,0.892,True,1
var11_toroidal_8_vertical_coils,8,pairwise_180_concordant,4,25.0,1200.0,CW,22.966,16.24,1.0,0.0254,0.0191,0.9481,2.15,97.4,3.769,101.66,233.82,124.31,16.296,2.204,0.0,18.5,0.912,True,1
var11_toroidal_8_vertical_coils,8,pairwise_180_concordant,4,25.0,1200.0,CCW,22.966,16.24,1.0,0.0254,0.0191,-0.9481,2.15,97.4,-3.769,101.66,233.82,124.31,16.296,2.204,0.0,18.5,0.912,True,1
var11_toroidal_8_vertical_coils,8,pairwise_180_concordant,4,25.0,2400.0,CW,22.966,16.24,1.0,0.0254,0.0191,0.9481,2.15,97.4,4.683,101.66,233.82,124.31,16.296,2.204,0.0,18.5,0.952,True,1
var11_toroidal_8_vertical_coils,8,pairwise_180_concordant,4,25.0,2400.0,CCW,22.966,16.24,1.0,0.0254,0.0191,-0.9481,2.15,97.4,-4.683,101.66,233.82,124.31,16.296,2.204,0.0,18.5,0.952,True,1
var11_toroidal_8_vertical_coils,8,pairwise_180_concordant,4,50.0,0.0,CW,23.505,16.62,1.0,0.025,0.0188,0.9498,2.15,97.49,2.996,107.93,248.25,254.45,16.216,2.284,0.0,18.5,0.876,True,1
var11_toroidal_8_vertical_coils,8,pairwise_180_concordant,4,50.0,0.0,CCW,23.505,16.62,1.0,0.025,0.0188,-0.9498,2.15,97.49,-2.996,107.93,248.25,254.45,16.216,2.284,0.0,18.5,0.876,True,1
var11_toroidal_8_vertical_coils,8,pairwise_180_concordant,4,50.0,600.0,CW,23.505,16.62,1.0,0.025,0.0188,0.9498,2.15,97.49,3.476,107.93,248.25,254.45,16.216,2.284,0.0,18.5,0.896,True,1
var11_toroidal_8_vertical_coils,8,pairwise_180_concordant,4,50.0,600.0,CCW,23.505,16.62,1.0,0.025,0.0188,-0.9498,2.15,97.49,-3.476,107.93,248.25,254.45,16.216,2.284,0.0,18.5,0.896,True,1
var11_toroidal_8_vertical_coils,8,pairwise_180_concordant,4,50.0,1200.0,CW,23.505,16.62,1.0,0.025,0.0188,0.9498,2.15,97.49,3.955,107.93,248.25,254.45,16.216,2.284,0.0,18.5,0.916,True,1
var11_toroidal_8_vertical_coils,8,pairwise_180_concordant,4,50.0,1200.0,CCW,23.505,16.62,1.0,0.025,0.0188,-0.9498,2.15,97.49,-3.955,107.93,248.25,254.45,16.216,2.284,0.0,18.5,0.916,True,1
var11_toroidal_8_vertical_coils,8,pairwise_180_concordant,4,50.0,2400.0,CW,23.505,16.62,1.0,0.025,0.0188,0.9498,2.15,97.49,4.914,107.93,248.25,254.45,16.216,2.284,0.0,18.5,0.956,True,1
var11_toroidal_8_vertical_coils,8,pairwise_180_concordant,4,50.0,2400.0,CCW,23.505,16.62,1.0,0.025,0.0188,-0.9498,2.15,97.49,-4.914,107.93,248.25,254.45,16.216,2.284,0.0,18.5,0.956,True,1
var11_toroidal_8_vertical_coils,8,pairwise_180_concordant,4,60.0,0.0,CW,23.832,16.852,1.0,0.0248,0.0186,0.9509,2.15,97.54,3.084,111.87,257.29,309.6,16.169,2.331,0.0,18.5,0.878,True,1
var11_toroidal_8_vertical_coils,8,pairwise_180_concordant,4,60.0,0.0,CCW,23.832,16.852,1.0,0.0248,0.0186,-0.9509,2.15,97.54,-3.084,111.87,257.29,309.6,16.169,2.331,0.0,18.5,0.878,True,1
var11_toroidal_8_vertical_coils,8,pairwise_180_concordant,4,60.0,600.0,CW,23.832,16.852,1.0,0.0248,0.0186,0.9509,2.15,97.54,3.577,111.87,257.29,309.6,16.169,2.331,0.0,18.5,0.898,True,1
var11_toroidal_8_vertical_coils,8,pairwise_180_concordant,4,60.0,600.0,CCW,23.832,16.852,1.0,0.0248,0.0186,-0.9509,2.15,97.54,-3.577,111.87,257.29,309.6,16.169,2.331,0.0,18.5,0.898,True,1
var11_toroidal_8_vertical_coils,8,pairwise_180_concordant,4,60.0,1200.0,CW,23.832,16.852,1.0,0.0248,0.0186,0.9509,2.15,97.54,4.07,111.87,257.29,309.6,16.169,2.331,0.0,18.5,0.918,True,1
var11_toroidal_8_vertical_coils,8,pairwise_180_concordant,4,60.0,1200.0,CCW,23.832,16.852,1.0,0.0248,0.0186,-0.9509,2.15,97.54,-4.07,111.87,257.29,309.6,16.169,2.331,0.0,18.5,0.918,True,1
var11_toroidal_8_vertical_coils,8,pairwise_180_concordant,4,60.0,2400.0,CW,23.832,16.852,1.0,0.0248,0.0186,0.9509,2.15,97.54,5.057,111.87,257.29,309.6,16.169,2.331,0.0,18.5,0.958,True,1
var11_toroidal_8_vertical_coils,8,pairwise_180_concordant,4,60.0,2400.0,CCW,23.832,16.852,1.0,0.0248,0.0186,-0.9509,2.15,97.54,-5.057,111.87,257.29,309.6,16.169,2.331,0.0,18.5,0.958,True,1
var11_toroidal_8_vertical_coils,8,pairwise_180_concordant,4,100.0,0.0,CW,26.003,18.387,1.0,0.023,0.0172,0.9578,2.15,97.89,3.698,140.22,322.51,562.99,15.864,2.636,0.0,18.5,0.884,True,1
var11_toroidal_8_vertical_coils,8,pairwise_180_concordant,4,100.0,0.0,CCW,26.003,18.387,1.0,0.023,0.0172,-0.9578,2.15,97.89,-3.698,140.22,322.51,562.99,15.864,2.636,0.0,18.5,0.884,True,1
var11_toroidal_8_vertical_coils,8,pairwise_180_concordant,4,100.0,600.0,CW,26.003,18.387,1.0,0.023,0.0172,0.9578,2.15,97.89,4.289,140.22,322.51,562.99,15.864,2.636,0.0,18.5,0.904,True,1
var11_toroidal_8_vertical_coils,8,pairwise_180_concordant,4,100.0,600.0,CCW,26.003,18.387,1.0,0.023,0.0172,-0.9578,2.15,97.89,-4.289,140.22,322.51,562.99,15.864,2.636,0.0,18.5,0.904,True,1
var11_toroidal_8_vertical_coils,8,pairwise_180_concordant,4,100.0,1200.0,CW,26.003,18.387,1.0,0.023,0.0172,0.9578,2.15,97.89,4.881,140.22,322.51,562.99,15.864,2.636,0.0,18.5,0.924,True,1
var11_toroidal_8_vertical_coils,8,pairwise_180_concordant,4,100.0,1200.0,CCW,26.003,18.387,1.0,0.023,0.0172,-0.9578,2.15,97.89,-4.881,140.22,322.51,562.99,15.864,2.636,0.0,18.5,0.924,True,1
var11_toroidal_8_vertical_coils,8,pairwise_180_concordant,4,100.0,2400.0,CW,26.003,18.387,1.0,0.023,0.0172,0.9578,2.15,97.89,6.064,140.22,322.51,562.99,15.864,2.636,0.0,18.5,0.964,True,1
var11_toroidal_8_vertical_coils,8,pairwise_180_concordant,4,100.0,2400.0,CCW,26.003,18.387,1.0,0.023,0.0172,-0.9578,2.15,97.89,-6.064,140.22,322.51,562.99,15.864,2.636,0.0,18.5,0.964,True,1
var11_toroidal_8_vertical_coils,8,pairwise_180_concordant,4,120.0,0.0,CW,26.704,18.882,1.0,0.0224,0.0168,0.96,2.15,98.0,3.909,150.26,345.61,693.8,15.765,2.735,0.0,18.5,0.888,True,1
var11_toroidal_8_vertical_coils,8,pairwise_180_concordant,4,120.0,0.0,CCW,26.704,18.882,1.0,0.0224,0.0168,-0.96,2.15,98.0,-3.909,150.26,345.61,693.8,15.765,2.735,0.0,18.5,0.888,True,1
var11_toroidal_8_vertical_coils,8,pairwise_180_concordant,4,120.0,600.0,CW,26.704,18.882,1.0,0.0224,0.0168,0.96,2.15,98.0,4.534,150.26,345.61,693.8,15.765,2.735,0.0,18.5,0.908,True,1
var11_toroidal_8_vertical_coils,8,pairwise_180_concordant,4,120.0,600.0,CCW,26.704,18.882,1.0,0.0224,0.0168,-0.96,2.15,98.0,-4.534,150.26,345.61,693.8,15.765,2.735,0.0,18.5,0.908,True,1
var11_toroidal_8_vertical_coils,8,pairwise_180_concordant,4,120.0,1200.0,CW,26.704,18.882,1.0,0.0224,0.0168,0.96,2.15,98.0,5.16,150.26,345.61,693.8,15.765,2.735,0.0,18.5,0.928,True,1
var11_toroidal_8_vertical_coils,8,pairwise_180_concordant,4,120.0,1200.0,CCW,26.704,18.882,1.0,0.0224,0.0168,-0.96,2.15,98.0,-5.16,150.26,345.61,693.8,15.765,2.735,0.0,18.5,0.928,True,1
var11_toroidal_8_vertical_coils,8,pairwise_180_concordant,4,120.0,2400.0,CW,26.704,18.882,1.0,0.0224,0.0168,0.96,2.15,98.0,6.41,150.26,345.61,693.8,15.765,2.735,0.0,18.5,0.968,True,1
var11_toroidal_8_vertical_coils,8,pairwise_180_concordant,4,120.0,2400.0,CCW,26.704,18.882,1.0,0.0224,0.0168,-0.96,2.15,98.0,-6.41,150.26,345.61,693.8,15.765,2.735,0.0,18.5,0.968,True,1
var11_toroidal_8_vertical_coils,8,pairwise_180_concordant,4,150.0,0.0,CW,25.364,17.935,1.0,0.0235,0.0176,0.9558,2.15,97.79,3.511,131.48,302.41,823.74,15.939,2.561,0.0,18.5,0.893,True,1
var11_toroidal_8_vertical_coils,8,pairwise_180_concordant,4,150.0,0.0,CCW,25.364,17.935,1.0,0.0235,0.0176,-0.9558,2.15,97.79,-3.511,131.48,302.41,823.74,15.939,2.561,0.0,18.5,0.893,True,1
var11_toroidal_8_vertical_coils,8,pairwise_180_concordant,4,150.0,600.0,CW,25.364,17.935,1.0,0.0235,0.0176,0.9558,2.15,97.79,4.073,131.48,302.41,823.74,15.939,2.561,0.0,18.5,0.913,True,1
var11_toroidal_8_vertical_coils,8,pairwise_180_concordant,4,150.0,600.0,CCW,25.364,17.935,1.0,0.0235,0.0176,-0.9558,2.15,97.79,-4.073,131.48,302.41,823.74,15.939,2.561,0.0,18.5,0.913,True,1
var11_toroidal_8_vertical_coils,8,pairwise_180_concordant,4,150.0,1200.0,CW,25.364,17.935,1.0,0.0235,0.0176,0.9558,2.15,97.79,4.634,131.48,302.41,823.74,15.939,2.561,0.0,18.5,0.933,True,1
var11_toroidal_8_vertical_coils,8,pairwise_180_concordant,4,150.0,1200.0,CCW,25.364,17.935,1.0,0.0235,0.0176,-0.9558,2.15,97.79,-4.634,131.48,302.41,823.74,15.939,2.561,0.0,18.5,0.933,True,1
var11_toroidal_8_vertical_coils,8,pairwise_180_concordant,4,150.0,2400.0,CW,25.364,17.935,1.0,0.0235,0.0176,0.9558,2.15,97.79,5.758,131.48,302.41,823.74,15.939,2.561,0.0,18.5,0.973,True,1
var11_toroidal_8_vertical_coils,8,pairwise_180_concordant,4,150.0,2400.0,CCW,25.364,17.935,1.0,0.0235,0.0176,-0.9558,2.15,97.79,-5.758,131.48,302.41,823.74,15.939,2.561,0.0,18.5,0.973,True,1
var11_toroidal_8_vertical_coils,8,pairwise_180_concordant,4,200.0,0.0,CW,23.224,16.422,1.0,0.0252,0.0189,0.949,2.15,97.45,2.923,104.71,240.82,1005.69,16.219,2.281,0.0,18.5,0.901,True,1
var11_toroidal_8_vertical_coils,8,pairwise_180_concordant,4,200.0,0.0,CCW,23.224,16.422,1.0,0.0252,0.0189,-0.949,2.15,97.45,-2.923,104.71,240.82,1005.69,16.219,2.281,0.0,18.5,0.901,True,1
var11_toroidal_8_vertical_coils,8,pairwise_180_concordant,4,200.0,600.0,CW,23.224,16.422,1.0,0.0252,0.0189,0.949,2.15,97.45,3.39,104.71,240.82,1005.69,16.219,2.281,0.0,18.5,0.921,True,1
var11_toroidal_8_vertical_coils,8,pairwise_180_concordant,4,200.0,600.0,CCW,23.224,16.422,1.0,0.0252,0.0189,-0.949,2.15,97.45,-3.39,104.71,240.82,1005.69,16.219,2.281,0.0,18.5,0.921,True,1
var11_toroidal_8_vertical_coils,8,pairwise_180_concordant,4,200.0,1200.0,CW,23.224,16.422,1.0,0.0252,0.0189,0.949,2.15,97.45,3.858,104.71,240.82,1005.69,16.219,2.281,0.0,18.5,0.942,True,1
var11_toroidal_8_vertical_coils,8,pairwise_180_concordant,4,200.0,1200.0,CCW,23.224,16.422,1.0,0.0252,0.0189,-0.949,2.15,97.45,-3.858,104.71,240.82,1005.69,16.219,2.281,0.0,18.5,0.942,True,1
var11_toroidal_8_vertical_coils,8,pairwise_180_concordant,4,200.0,2400.0,CW,23.224,16.422,1.0,0.0252,0.0189,0.949,2.15,97.45,4.793,104.71,240.82,1005.69,16.219,2.281,0.0,18.5,0.981,True,1
var11_toroidal_8_vertical_coils,8,pairwise_180_concordant,4,200.0,2400.0,CCW,23.224,16.422,1.0,0.0252,0.0189,-0.949,2.15,97.45,-4.793,104.71,240.82,1005.69,16.219,2.281,0.0,18.5,0.981,True,1
var11_toroidal_8_vertical_coils,8,pairwise_180_concordant,4,400.0,0.0,CW,22.102,15.628,1.0,0.0261,0.0195,0.9454,2.15,97.27,2.637,92.22,212.11,1914.15,16.327,2.173,0.0,18.5,0.935,True,1
var11_toroidal_8_vertical_coils,8,pairwise_180_concordant,4,400.0,0.0,CCW,22.102,15.628,1.0,0.0261,0.0195,-0.9454,2.15,97.27,-2.637,92.22,212.11,1914.15,16.327,2.173,0.0,18.5,0.935,True,1
var11_toroidal_8_vertical_coils,8,pairwise_180_concordant,4,400.0,600.0,CW,22.102,15.628,1.0,0.0261,0.0195,0.9454,2.15,97.27,3.059,92.22,212.11,1914.15,16.327,2.173,0.0,18.5,0.955,True,1
var11_toroidal_8_vertical_coils,8,pairwise_180_concordant,4,400.0,600.0,CCW,22.102,15.628,1.0,0.0261,0.0195,-0.9454,2.15,97.27,-3.059,92.22,212.11,1914.15,16.327,2.173,0.0,18.5,0.955,True,1
var11_toroidal_8_vertical_coils,8,pairwise_180_concordant,4,400.0,1200.0,CW,22.102,15.628,1.0,0.0261,0.0195,0.9454,2.15,97.27,3.481,92.22,212.11,1914.15,16.327,2.173,0.0,18.5,0.975,True,1
var11_toroidal_8_vertical_coils,8,pairwise_180_concordant,4,400.0,1200.0,CCW,22.102,15.628,1.0,0.0261,0.0195,-0.9454,2.15,97.27,-3.481,92.22,212.11,1914.15,16.327,2.173,0.0,18.5,0.975,True,1
var11_toroidal_8_vertical_coils,8,pairwise_180_concordant,4,400.0,2400.0,CW,22.102,15.628,1.0,0.0261,0.0195,0.9454,2.15,97.27,4.325,92.22,212.11,1914.15,16.327,2.173,0.0,18.5,1.016,True,1
var11_toroidal_8_vertical_coils,8,pairwise_180_concordant,4,400.0,2400.0,CCW,22.102,15.628,1.0,0.0261,0.0195,-0.9454,2.15,97.27,-4.325,92.22,212.11,1914.15,16.327,2.173,0.0,18.5,1.016,True,1
var11_toroidal_8_vertical_coils,8,pairwise_180_concordant,4,800.0,0.0,CW,21.935,15.51,1.0,0.0261,0.0196,0.9451,2.15,97.25,2.596,90.58,208.33,3799.39,16.255,2.245,0.0,18.5,1.004,True,1
var11_toroidal_8_vertical_coils,8,pairwise_180_concordant,4,800.0,0.0,CCW,21.935,15.51,1.0,0.0261,0.0196,-0.9451,2.15,97.25,-2.596,90.58,208.33,3799.39,16.255,2.245,0.0,18.5,1.004,True,1
var11_toroidal_8_vertical_coils,8,pairwise_180_concordant,4,800.0,600.0,CW,21.935,15.51,1.0,0.0261,0.0196,0.9451,2.15,97.25,3.012,90.58,208.33,3799.39,16.255,2.245,0.0,18.5,1.024,True,1
var11_toroidal_8_vertical_coils,8,pairwise_180_concordant,4,800.0,600.0,CCW,21.935,15.51,1.0,0.0261,0.0196,-0.9451,2.15,97.25,-3.012,90.58,208.33,3799.39,16.255,2.245,0.0,18.5,1.024,True,1
var11_toroidal_8_vertical_coils,8,pairwise_180_concordant,4,800.0,1200.0,CW,21.935,15.51,1.0,0.0261,0.0196,0.9451,2.15,97.25,3.427,90.58,208.33,3799.39,16.255,2.245,0.0,18.5,1.044,True,1
var11_toroidal_8_vertical_coils,8,pairwise_180_concordant,4,800.0,1200.0,CCW,21.935,15.51,1.0,0.0261,0.0196,-0.9451,2.15,97.25,-3.427,90.58,208.33,3799.39,16.255,2.245,0.0,18.5,1.044,True,1
var11_toroidal_8_vertical_coils,8,pairwise_180_concordant,4,800.0,2400.0,CW,21.935,15.51,1.0,0.0261,0.0196,0.9451,2.15,97.25,4.258,90.58,208.33,3799.39,16.255,2.245,0.0,18.5,1.084,True,1
var11_toroidal_8_vertical_coils,8,pairwise_180_concordant,4,800.0,2400.0,CCW,21.935,15.51,1.0,0.0261,0.0196,-0.9451,2.15,97.25,-4.258,90.58,208.33,3799.39,16.255,2.245,0.0,18.5,1.084,True,1
var11_toroidal_8_vertical_coils,8,pairwise_180_concordant,4,1000.0,0.0,CW,21.897,15.483,1.0,0.0262,0.0196,0.945,2.15,97.25,2.587,90.24,207.56,4740.93,16.213,2.287,0.0,18.5,1.038,True,1
var11_toroidal_8_vertical_coils,8,pairwise_180_concordant,4,1000.0,0.0,CCW,21.897,15.483,1.0,0.0262,0.0196,-0.945,2.15,97.25,-2.587,90.24,207.56,4740.93,16.213,2.287,0.0,18.5,1.038,True,1
var11_toroidal_8_vertical_coils,8,pairwise_180_concordant,4,1000.0,600.0,CW,21.897,15.483,1.0,0.0262,0.0196,0.945,2.15,97.25,3.001,90.24,207.56,4740.93,16.213,2.287,0.0,18.5,1.058,True,1
var11_toroidal_8_vertical_coils,8,pairwise_180_concordant,4,1000.0,600.0,CCW,21.897,15.483,1.0,0.0262,0.0196,-0.945,2.15,97.25,-3.001,90.24,207.56,4740.93,16.213,2.287,0.0,18.5,1.058,True,1
var11_toroidal_8_vertical_coils,8,pairwise_180_concordant,4,1000.0,1200.0,CW,21.897,15.483,1.0,0.0262,0.0196,0.945,2.15,97.25,3.415,90.24,207.56,4740.93,16.213,2.287,0.0,18.5,1.078,True,1
var11_toroidal_8_vertical_coils,8,pairwise_180_concordant,4,1000.0,1200.0,CCW,21.897,15.483,1.0,0.0262,0.0196,-0.945,2.15,97.25,-3.415,90.24,207.56,4740.93,16.213,2.287,0.0,18.5,1.078,True,1
var11_toroidal_8_vertical_coils,8,pairwise_180_concordant,4,1000.0,2400.0,CW,21.897,15.483,1.0,0.0262,0.0196,0.945,2.15,97.25,4.243,90.24,207.56,4740.93,16.213,2.287,0.0,18.5,1.118,True,1
var11_toroidal_8_vertical_coils,8,pairwise_180_concordant,4,1000.0,2400.0,CCW,21.897,15.483,1.0,0.0262,0.0196,-0.945,2.15,97.25,-4.243,90.24,207.56,4740.93,16.213,2.287,0.0,18.5,1.118,True,1
var11_toroidal_8_vertical_coils,8,pairwise_180_concordant,5,25.0,0.0,CW,22.966,16.24,1.0,0.0254,0.0191,0.9481,2.15,97.4,2.855,101.66,233.82,124.31,16.296,2.204,0.0,18.5,0.872,True,1
var11_toroidal_8_vertical_coils,8,pairwise_180_concordant,5,25.0,0.0,CCW,22.966,16.24,1.0,0.0254,0.0191,-0.9481,2.15,97.4,-2.855,101.66,233.82,124.31,16.296,2.204,0.0,18.5,0.872,True,1
var11_toroidal_8_vertical_coils,8,pairwise_180_concordant,5,25.0,600.0,CW,22.966,16.24,1.0,0.0254,0.0191,0.9481,2.15,97.4,3.312,101.66,233.82,124.31,16.296,2.204,0.0,18.5,0.892,True,1
var11_toroidal_8_vertical_coils,8,pairwise_180_concordant,5,25.0,600.0,CCW,22.966,16.24,1.0,0.0254,0.0191,-0.9481,2.15,97.4,-3.312,101.66,233.82,124.31,16.296,2.204,0.0,18.5,0.892,True,1
var11_toroidal_8_vertical_coils,8,pairwise_180_concordant,5,25.0,1200.0,CW,22.966,16.24,1.0,0.0254,0.0191,0.9481,2.15,97.4,3.769,101.66,233.82,124.31,16.296,2.204,0.0,18.5,0.912,True,1
var11_toroidal_8_vertical_coils,8,pairwise_180_concordant,5,25.0,1200.0,CCW,22.966,16.24,1.0,0.0254,0.0191,-0.9481,2.15,97.4,-3.769,101.66,233.82,124.31,16.296,2.204,0.0,18.5,0.912,True,1
var11_toroidal_8_vertical_coils,8,pairwise_180_concordant,5,25.0,2400.0,CW,22.966,16.24,1.0,0.0254,0.0191,0.9481,2.15,97.4,4.683,101.66,233.82,124.31,16.296,2.204,0.0,18.5,0.952,True,1
var11_toroidal_8_vertical_coils,8,pairwise_180_concordant,5,25.0,2400.0,CCW,22.966,16.24,1.0,0.0254,0.0191,-0.9481,2.15,97.4,-4.683,101.66,233.82,124.31,16.296,2.204,0.0,18.5,0.952,True,1
var11_toroidal_8_vertical_coils,8,pairwise_180_concordant,5,50.0,0.0,CW,23.505,16.62,1.0,0.025,0.0188,0.9498,2.15,97.49,2.996,107.93,248.25,254.45,16.216,2.284,0.0,18.5,0.876,True,1
var11_toroidal_8_vertical_coils,8,pairwise_180_concordant,5,50.0,0.0,CCW,23.505,16.62,1.0,0.025,0.0188,-0.9498,2.15,97.49,-2.996,107.93,248.25,254.45,16.216,2.284,0.0,18.5,0.876,True,1
var11_toroidal_8_vertical_coils,8,pairwise_180_concordant,5,50.0,600.0,CW,23.505,16.62,1.0,0.025,0.0188,0.9498,2.15,97.49,3.476,107.93,248.25,254.45,16.216,2.284,0.0,18.5,0.896,True,1
var11_toroidal_8_vertical_coils,8,pairwise_180_concordant,5,50.0,600.0,CCW,23.505,16.62,1.0,0.025,0.0188,-0.9498,2.15,97.49,-3.476,107.93,248.25,254.45,16.216,2.284,0.0,18.5,0.896,True,1
var11_toroidal_8_vertical_coils,8,pairwise_180_concordant,5,50.0,1200.0,CW,23.505,16.62,1.0,0.025,0.0188,0.9498,2.15,97.49,3.955,107.93,248.25,254.45,16.216,2.284,0.0,18.5,0.916,True,1
var11_toroidal_8_vertical_coils,8,pairwise_180_concordant,5,50.0,1200.0,CCW,23.505,16.62,1.0,0.025,0.0188,-0.9498,2.15,97.49,-3.955,107.93,248.25,254.45,16.216,2.284,0.0,18.5,0.916,True,1
var11_toroidal_8_vertical_coils,8,pairwise_180_concordant,5,50.0,2400.0,CW,23.505,16.62,1.0,0.025,0.0188,0.9498,2.15,97.49,4.914,107.93,248.25,254.45,16.216,2.284,0.0,18.5,0.956,True,1
var11_toroidal_8_vertical_coils,8,pairwise_180_concordant,5,50.0,2400.0,CCW,23.505,16.62,1.0,0.025,0.0188,-0.9498,2.15,97.49,-4.914,107.93,248.25,254.45,16.216,2.284,0.0,18.5,0.956,True,1
var11_toroidal_8_vertical_coils,8,pairwise_180_concordant,5,60.0,0.0,CW,23.832,16.852,1.0,0.0248,0.0186,0.9509,2.15,97.54,3.084,111.87,257.29,309.6,16.169,2.331,0.0,18.5,0.878,True,1
var11_toroidal_8_vertical_coils,8,pairwise_180_concordant,5,60.0,0.0,CCW,23.832,16.852,1.0,0.0248,0.0186,-0.9509,2.15,97.54,-3.084,111.87,257.29,309.6,16.169,2.331,0.0,18.5,0.878,True,1
var11_toroidal_8_vertical_coils,8,pairwise_180_concordant,5,60.0,600.0,CW,23.832,16.852,1.0,0.0248,0.0186,0.9509,2.15,97.54,3.577,111.87,257.29,309.6,16.169,2.331,0.0,18.5,0.898,True,1
var11_toroidal_8_vertical_coils,8,pairwise_180_concordant,5,60.0,600.0,CCW,23.832,16.852,1.0,0.0248,0.0186,-0.9509,2.15,97.54,-3.577,111.87,257.29,309.6,16.169,2.331,0.0,18.5,0.898,True,1
var11_toroidal_8_vertical_coils,8,pairwise_180_concordant,5,60.0,1200.0,CW,23.832,16.852,1.0,0.0248,0.0186,0.9509,2.15,97.54,4.07,111.87,257.29,309.6,16.169,2.331,0.0,18.5,0.918,True,1
var11_toroidal_8_vertical_coils,8,pairwise_180_concordant,5,60.0,1200.0,CCW,23.832,16.852,1.0,0.0248,0.0186,-0.9509,2.15,97.54,-4.07,111.87,257.29,309.6,16.169,2.331,0.0,18.5,0.918,True,1
var11_toroidal_8_vertical_coils,8,pairwise_180_concordant,5,60.0,2400.0,CW,23.832,16.852,1.0,0.0248,0.0186,0.9509,2.15,97.54,5.057,111.87,257.29,309.6,16.169,2.331,0.0,18.5,0.958,True,1
var11_toroidal_8_vertical_coils,8,pairwise_180_concordant,5,60.0,2400.0,CCW,23.832,16.852,1.0,0.0248,0.0186,-0.9509,2.15,97.54,-5.057,111.87,257.29,309.6,16.169,2.331,0.0,18.5,0.958,True,1
var11_toroidal_8_vertical_coils,8,pairwise_180_concordant,5,100.0,0.0,CW,26.003,18.387,1.0,0.023,0.0172,0.9578,2.15,97.89,3.698,140.22,322.51,562.99,15.864,2.636,0.0,18.5,0.884,True,1
var11_toroidal_8_vertical_coils,8,pairwise_180_concordant,5,100.0,0.0,CCW,26.003,18.387,1.0,0.023,0.0172,-0.9578,2.15,97.89,-3.698,140.22,322.51,562.99,15.864,2.636,0.0,18.5,0.884,True,1
var11_toroidal_8_vertical_coils,8,pairwise_180_concordant,5,100.0,600.0,CW,26.003,18.387,1.0,0.023,0.0172,0.9578,2.15,97.89,4.289,140.22,322.51,562.99,15.864,2.636,0.0,18.5,0.904,True,1
var11_toroidal_8_vertical_coils,8,pairwise_180_concordant,5,100.0,600.0,CCW,26.003,18.387,1.0,0.023,0.0172,-0.9578,2.15,97.89,-4.289,140.22,322.51,562.99,15.864,2.636,0.0,18.5,0.904,True,1
var11_toroidal_8_vertical_coils,8,pairwise_180_concordant,5,100.0,1200.0,CW,26.003,18.387,1.0,0.023,0.0172,0.9578,2.15,97.89,4.881,140.22,322.51,562.99,15.864,2.636,0.0,18.5,0.924,True,1
var11_toroidal_8_vertical_coils,8,pairwise_180_concordant,5,100.0,1200.0,CCW,26.003,18.387,1.0,0.023,0.0172,-0.9578,2.15,97.89,-4.881,140.22,322.51,562.99,15.864,2.636,0.0,18.5,0.924,True,1
var11_toroidal_8_vertical_coils,8,pairwise_180_concordant,5,100.0,2400.0,CW,26.003,18.387,1.0,0.023,0.0172,0.9578,2.15,97.89,6.064,140.22,322.51,562.99,15.864,2.636,0.0,18.5,0.964,True,1
var11_toroidal_8_vertical_coils,8,pairwise_180_concordant,5,100.0,2400.0,CCW,26.003,18.387,1.0,0.023,0.0172,-0.9578,2.15,97.89,-6.064,140.22,322.51,562.99,15.864,2.636,0.0,18.5,0.964,True,1
var11_toroidal_8_vertical_coils,8,pairwise_180_concordant,5,120.0,0.0,CW,26.704,18.882,1.0,0.0224,0.0168,0.96,2.15,98.0,3.909,150.26,345.61,693.8,15.765,2.735,0.0,18.5,0.888,True,1
var11_toroidal_8_vertical_coils,8,pairwise_180_concordant,5,120.0,0.0,CCW,26.704,18.882,1.0,0.0224,0.0168,-0.96,2.15,98.0,-3.909,150.26,345.61,693.8,15.765,2.735,0.0,18.5,0.888,True,1
var11_toroidal_8_vertical_coils,8,pairwise_180_concordant,5,120.0,600.0,CW,26.704,18.882,1.0,0.0224,0.0168,0.96,2.15,98.0,4.534,150.26,345.61,693.8,15.765,2.735,0.0,18.5,0.908,True,1
var11_toroidal_8_vertical_coils,8,pairwise_180_concordant,5,120.0,600.0,CCW,26.704,18.882,1.0,0.0224,0.0168,-0.96,2.15,98.0,-4.534,150.26,345.61,693.8,15.765,2.735,0.0,18.5,0.908,True,1
var11_toroidal_8_vertical_coils,8,pairwise_180_concordant,5,120.0,1200.0,CW,26.704,18.882,1.0,0.0224,0.0168,0.96,2.15,98.0,5.16,150.26,345.61,693.8,15.765,2.735,0.0,18.5,0.928,True,1
var11_toroidal_8_vertical_coils,8,pairwise_180_concordant,5,120.0,1200.0,CCW,26.704,18.882,1.0,0.0224,0.0168,-0.96,2.15,98.0,-5.16,150.26,345.61,693.8,15.765,2.735,0.0,18.5,0.928,True,1
var11_toroidal_8_vertical_coils,8,pairwise_180_concordant,5,120.0,2400.0,CW,26.704,18.882,1.0,0.0224,0.0168,0.96,2.15,98.0,6.41,150.26,345.61,693.8,15.765,2.735,0.0,18.5,0.968,True,1
var11_toroidal_8_vertical_coils,8,pairwise_180_concordant,5,120.0,2400.0,CCW,26.704,18.882,1.0,0.0224,0.0168,-0.96,2.15,98.0,-6.41,150.26,345.61,693.8,15.765,2.735,0.0,18.5,0.968,True,1
var11_toroidal_8_vertical_coils,8,pairwise_180_concordant,5,150.0,0.0,CW,25.364,17.935,1.0,0.0235,0.0176,0.9558,2.15,97.79,3.511,131.48,302.41,823.74,15.939,2.561,0.0,18.5,0.893,True,1
var11_toroidal_8_vertical_coils,8,pairwise_180_concordant,5,150.0,0.0,CCW,25.364,17.935,1.0,0.0235,0.0176,-0.9558,2.15,97.79,-3.511,131.48,302.41,823.74,15.939,2.561,0.0,18.5,0.893,True,1
var11_toroidal_8_vertical_coils,8,pairwise_180_concordant,5,150.0,600.0,CW,25.364,17.935,1.0,0.0235,0.0176,0.9558,2.15,97.79,4.073,131.48,302.41,823.74,15.939,2.561,0.0,18.5,0.913,True,1
var11_toroidal_8_vertical_coils,8,pairwise_180_concordant,5,150.0,600.0,CCW,25.364,17.935,1.0,0.0235,0.0176,-0.9558,2.15,97.79,-4.073,131.48,302.41,823.74,15.939,2.561,0.0,18.5,0.913,True,1
var11_toroidal_8_vertical_coils,8,pairwise_180_concordant,5,150.0,1200.0,CW,25.364,17.935,1.0,0.0235,0.0176,0.9558,2.15,97.79,4.634,131.48,302.41,823.74,15.939,2.561,0.0,18.5,0.933,True,1
var11_toroidal_8_vertical_coils,8,pairwise_180_concordant,5,150.0,1200.0,CCW,25.364,17.935,1.0,0.0235,0.0176,-0.9558,2.15,97.79,-4.634,131.48,302.41,823.74,15.939,2.561,0.0,18.5,0.933,True,1
var11_toroidal_8_vertical_coils,8,pairwise_180_concordant,5,150.0,2400.0,CW,25.364,17.935,1.0,0.0235,0.0176,0.9558,2.15,97.79,5.758,131.48,302.41,823.74,15.939,2.561,0.0,18.5,0.973,True,1
var11_toroidal_8_vertical_coils,8,pairwise_180_concordant,5,150.0,2400.0,CCW,25.364,17.935,1.0,0.0235,0.0176,-0.9558,2.15,97.79,-5.758,131.48,302.41,823.74,15.939,2.561,0.0,18.5,0.973,True,1
var11_toroidal_8_vertical_coils,8,pairwise_180_concordant,5,200.0,0.0,CW,23.224,16.422,1.0,0.0252,0.0189,0.949,2.15,97.45,2.923,104.71,240.82,1005.69,16.219,2.281,0.0,18.5,0.901,True,1
var11_toroidal_8_vertical_coils,8,pairwise_180_concordant,5,200.0,0.0,CCW,23.224,16.422,1.0,0.0252,0.0189,-0.949,2.15,97.45,-2.923,104.71,240.82,1005.69,16.219,2.281,0.0,18.5,0.901,True,1
var11_toroidal_8_vertical_coils,8,pairwise_180_concordant,5,200.0,600.0,CW,23.224,16.422,1.0,0.0252,0.0189,0.949,2.15,97.45,3.39,104.71,240.82,1005.69,16.219,2.281,0.0,18.5,0.921,True,1
var11_toroidal_8_vertical_coils,8,pairwise_180_concordant,5,200.0,600.0,CCW,23.224,16.422,1.0,0.0252,0.0189,-0.949,2.15,97.45,-3.39,104.71,240.82,1005.69,16.219,2.281,0.0,18.5,0.921,True,1
var11_toroidal_8_vertical_coils,8,pairwise_180_concordant,5,200.0,1200.0,CW,23.224,16.422,1.0,0.0252,0.0189,0.949,2.15,97.45,3.858,104.71,240.82,1005.69,16.219,2.281,0.0,18.5,0.942,True,1
var11_toroidal_8_vertical_coils,8,pairwise_180_concordant,5,200.0,1200.0,CCW,23.224,16.422,1.0,0.0252,0.0189,-0.949,2.15,97.45,-3.858,104.71,240.82,1005.69,16.219,2.281,0.0,18.5,0.942,True,1
var11_toroidal_8_vertical_coils,8,pairwise_180_concordant,5,200.0,2400.0,CW,23.224,16.422,1.0,0.0252,0.0189,0.949,2.15,97.45,4.793,104.71,240.82,1005.69,16.219,2.281,0.0,18.5,0.981,True,1
var11_toroidal_8_vertical_coils,8,pairwise_180_concordant,5,200.0,2400.0,CCW,23.224,16.422,1.0,0.0252,0.0189,-0.949,2.15,97.45,-4.793,104.71,240.82,1005.69,16.219,2.281,0.0,18.5,0.981,True,1
var11_toroidal_8_vertical_coils,8,pairwise_180_concordant,5,400.0,0.0,CW,22.102,15.628,1.0,0.0261,0.0195,0.9454,2.15,97.27,2.637,92.22,212.11,1914.15,16.327,2.173,0.0,18.5,0.935,True,1
var11_toroidal_8_vertical_coils,8,pairwise_180_concordant,5,400.0,0.0,CCW,22.102,15.628,1.0,0.0261,0.0195,-0.9454,2.15,97.27,-2.637,92.22,212.11,1914.15,16.327,2.173,0.0,18.5,0.935,True,1
var11_toroidal_8_vertical_coils,8,pairwise_180_concordant,5,400.0,600.0,CW,22.102,15.628,1.0,0.0261,0.0195,0.9454,2.15,97.27,3.059,92.22,212.11,1914.15,16.327,2.173,0.0,18.5,0.955,True,1
var11_toroidal_8_vertical_coils,8,pairwise_180_concordant,5,400.0,600.0,CCW,22.102,15.628,1.0,0.0261,0.0195,-0.9454,2.15,97.27,-3.059,92.22,212.11,1914.15,16.327,2.173,0.0,18.5,0.955,True,1
var11_toroidal_8_vertical_coils,8,pairwise_180_concordant,5,400.0,1200.0,CW,22.102,15.628,1.0,0.0261,0.0195,0.9454,2.15,97.27,3.481,92.22,212.11,1914.15,16.327,2.173,0.0,18.5,0.975,True,1
var11_toroidal_8_vertical_coils,8,pairwise_180_concordant,5,400.0,1200.0,CCW,22.102,15.628,1.0,0.0261,0.0195,-0.9454,2.15,97.27,-3.481,92.22,212.11,1914.15,16.327,2.173,0.0,18.5,0.975,True,1
var11_toroidal_8_vertical_coils,8,pairwise_180_concordant,5,400.0,2400.0,CW,22.102,15.628,1.0,0.0261,0.0195,0.9454,2.15,97.27,4.325,92.22,212.11,1914.15,16.327,2.173,0.0,18.5,1.016,True,1
var11_toroidal_8_vertical_coils,8,pairwise_180_concordant,5,400.0,2400.0,CCW,22.102,15.628,1.0,0.0261,0.0195,-0.9454,2.15,97.27,-4.325,92.22,212.11,1914.15,16.327,2.173,0.0,18.5,1.016,True,1
var11_toroidal_8_vertical_coils,8,pairwise_180_concordant,5,800.0,0.0,CW,21.935,15.51,1.0,0.0261,0.0196,0.9451,2.15,97.25,2.596,90.58,208.33,3799.39,16.255,2.245,0.0,18.5,1.004,True,1
var11_toroidal_8_vertical_coils,8,pairwise_180_concordant,5,800.0,0.0,CCW,21.935,15.51,1.0,0.0261,0.0196,-0.9451,2.15,97.25,-2.596,90.58,208.33,3799.39,16.255,2.245,0.0,18.5,1.004,True,1
var11_toroidal_8_vertical_coils,8,pairwise_180_concordant,5,800.0,600.0,CW,21.935,15.51,1.0,0.0261,0.0196,0.9451,2.15,97.25,3.012,90.58,208.33,3799.39,16.255,2.245,0.0,18.5,1.024,True,1
var11_toroidal_8_vertical_coils,8,pairwise_180_concordant,5,800.0,600.0,CCW,21.935,15.51,1.0,0.0261,0.0196,-0.9451,2.15,97.25,-3.012,90.58,208.33,3799.39,16.255,2.245,0.0,18.5,1.024,True,1
var11_toroidal_8_vertical_coils,8,pairwise_180_concordant,5,800.0,1200.0,CW,21.935,15.51,1.0,0.0261,0.0196,0.9451,2.15,97.25,3.427,90.58,208.33,3799.39,16.255,2.245,0.0,18.5,1.044,True,1
var11_toroidal_8_vertical_coils,8,pairwise_180_concordant,5,800.0,1200.0,CCW,21.935,15.51,1.0,0.0261,0.0196,-0.9451,2.15,97.25,-3.427,90.58,208.33,3799.39,16.255,2.245,0.0,18.5,1.044,True,1
var11_toroidal_8_vertical_coils,8,pairwise_180_concordant,5,800.0,2400.0,CW,21.935,15.51,1.0,0.0261,0.0196,0.9451,2.15,97.25,4.258,90.58,208.33,3799.39,16.255,2.245,0.0,18.5,1.084,True,1
var11_toroidal_8_vertical_coils,8,pairwise_180_concordant,5,800.0,2400.0,CCW,21.935,15.51,1.0,0.0261,0.0196,-0.9451,2.15,97.25,-4.258,90.58,208.33,3799.39,16.255,2.245,0.0,18.5,1.084,True,1
var11_toroidal_8_vertical_coils,8,pairwise_180_concordant,5,1000.0,0.0,CW,21.897,15.483,1.0,0.0262,0.0196,0.945,2.15,97.25,2.587,90.24,207.56,4740.93,16.213,2.287,0.0,18.5,1.038,True,1
var11_toroidal_8_vertical_coils,8,pairwise_180_concordant,5,1000.0,0.0,CCW,21.897,15.483,1.0,0.0262,0.0196,-0.945,2.15,97.25,-2.587,90.24,207.56,4740.93,16.213,2.287,0.0,18.5,1.038,True,1
var11_toroidal_8_vertical_coils,8,pairwise_180_concordant,5,1000.0,600.0,CW,21.897,15.483,1.0,0.0262,0.0196,0.945,2.15,97.25,3.001,90.24,207.56,4740.93,16.213,2.287,0.0,18.5,1.058,True,1
var11_toroidal_8_vertical_coils,8,pairwise_180_concordant,5,1000.0,600.0,CCW,21.897,15.483,1.0,0.0262,0.0196,-0.945,2.15,97.25,-3.001,90.24,207.56,4740.93,16.213,2.287,0.0,18.5,1.058,True,1
var11_toroidal_8_vertical_coils,8,pairwise_180_concordant,5,1000.0,1200.0,CW,21.897,15.483,1.0,0.0262,0.0196,0.945,2.15,97.25,3.415,90.24,207.56,4740.93,16.213,2.287,0.0,18.5,1.078,True,1
var11_toroidal_8_vertical_coils,8,pairwise_180_concordant,5,1000.0,1200.0,CCW,21.897,15.483,1.0,0.0262,0.0196,-0.945,2.15,97.25,-3.415,90.24,207.56,4740.93,16.213,2.287,0.0,18.5,1.078,True,1
var11_toroidal_8_vertical_coils,8,pairwise_180_concordant,5,1000.0,2400.0,CW,21.897,15.483,1.0,0.0262,0.0196,0.945,2.15,97.25,4.243,90.24,207.56,4740.93,16.213,2.287,0.0,18.5,1.118,True,1
var11_toroidal_8_vertical_coils,8,pairwise_180_concordant,5,1000.0,2400.0,CCW,21.897,15.483,1.0,0.0262,0.0196,-0.945,2.15,97.25,-4.243,90.24,207.56,4740.93,16.213,2.287,0.0,18.5,1.118,True,1
var11_toroidal_8_vertical_coils,8,pairwise_180_concordant,6,25.0,0.0,CW,23.901,16.901,1.0,0.0254,0.0191,0.9481,2.15,97.4,3.092,115.96,266.71,129.38,16.22,2.28,0.0,18.5,0.874,True,1
var11_toroidal_8_vertical_coils,8,pairwise_180_concordant,6,25.0,0.0,CCW,23.901,16.901,1.0,0.0254,0.0191,-0.9481,2.15,97.4,-3.092,115.96,266.71,129.38,16.22,2.28,0.0,18.5,0.874,True,1
var11_toroidal_8_vertical_coils,8,pairwise_180_concordant,6,25.0,600.0,CW,23.901,16.901,1.0,0.0254,0.0191,0.9481,2.15,97.4,3.587,115.96,266.71,129.38,16.22,2.28,0.0,18.5,0.894,True,1
var11_toroidal_8_vertical_coils,8,pairwise_180_concordant,6,25.0,600.0,CCW,23.901,16.901,1.0,0.0254,0.0191,-0.9481,2.15,97.4,-3.587,115.96,266.71,129.38,16.22,2.28,0.0,18.5,0.894,True,1
var11_toroidal_8_vertical_coils,8,pairwise_180_concordant,6,25.0,1200.0,CW,23.901,16.901,1.0,0.0254,0.0191,0.9481,2.15,97.4,4.082,115.96,266.71,129.38,16.22,2.28,0.0,18.5,0.914,True,1
var11_toroidal_8_vertical_coils,8,pairwise_180_concordant,6,25.0,1200.0,CCW,23.901,16.901,1.0,0.0254,0.0191,-0.9481,2.15,97.4,-4.082,115.96,266.71,129.38,16.22,2.28,0.0,18.5,0.914,True,1
var11_toroidal_8_vertical_coils,8,pairwise_180_concordant,6,25.0,2400.0,CW,23.901,16.901,1.0,0.0254,0.0191,0.9481,2.15,97.4,5.072,115.96,266.71,129.38,16.22,2.28,0.0,18.5,0.954,True,1
var11_toroidal_8_vertical_coils,8,pairwise_180_concordant,6,25.0,2400.0,CCW,23.901,16.901,1.0,0.0254,0.0191,-0.9481,2.15,97.4,-5.072,115.96,266.71,129.38,16.22,2.28,0.0,18.5,0.954,True,1
var11_toroidal_8_vertical_coils,8,pairwise_180_concordant,6,50.0,0.0,CW,24.459,17.295,1.0,0.025,0.0188,0.9498,2.15,97.49,3.244,123.09,283.11,264.79,16.138,2.362,0.0,18.5,0.878,True,1
var11_toroidal_8_vertical_coils,8,pairwise_180_concordant,6,50.0,0.0,CCW,24.459,17.295,1.0,0.025,0.0188,-0.9498,2.15,97.49,-3.244,123.09,283.11,264.79,16.138,2.362,0.0,18.5,0.878,True,1
var11_toroidal_8_vertical_coils,8,pairwise_180_concordant,6,50.0,600.0,CW,24.459,17.295,1.0,0.025,0.0188,0.9498,2.15,97.49,3.764,123.09,283.11,264.79,16.138,2.362,0.0,18.5,0.898,True,1
var11_toroidal_8_vertical_coils,8,pairwise_180_concordant,6,50.0,600.0,CCW,24.459,17.295,1.0,0.025,0.0188,-0.9498,2.15,97.49,-3.764,123.09,283.11,264.79,16.138,2.362,0.0,18.5,0.898,True,1
var11_toroidal_8_vertical_coils,8,pairwise_180_concordant,6,50.0,1200.0,CW,24.459,17.295,1.0,0.025,0.0188,0.9498,2.15,97.49,4.283,123.09,283.11,264.79,16.138,2.362,0.0,18.5,0.918,True,1
var11_toroidal_8_vertical_coils,8,pairwise_180_concordant,6,50.0,1200.0,CCW,24.459,17.295,1.0,0.025,0.0188,-0.9498,2.15,97.49,-4.283,123.09,283.11,264.79,16.138,2.362,0.0,18.5,0.918,True,1
var11_toroidal_8_vertical_coils,8,pairwise_180_concordant,6,50.0,2400.0,CW,24.459,17.295,1.0,0.025,0.0188,0.9498,2.15,97.49,5.321,123.09,283.11,264.79,16.138,2.362,0.0,18.5,0.958,True,1
var11_toroidal_8_vertical_coils,8,pairwise_180_concordant,6,50.0,2400.0,CCW,24.459,17.295,1.0,0.025,0.0188,-0.9498,2.15,97.49,-5.321,123.09,283.11,264.79,16.138,2.362,0.0,18.5,0.958,True,1
var11_toroidal_8_vertical_coils,8,pairwise_180_concordant,6,60.0,0.0,CW,24.799,17.535,1.0,0.0248,0.0186,0.9509,2.15,97.54,3.339,127.56,293.39,322.16,16.089,2.411,0.0,18.5,0.88,True,1
var11_toroidal_8_vertical_coils,8,pairwise_180_concordant,6,60.0,0.0,CCW,24.799,17.535,1.0,0.0248,0.0186,-0.9509,2.15,97.54,-3.339,127.56,293.39,322.16,16.089,2.411,0.0,18.5,0.88,True,1
var11_toroidal_8_vertical_coils,8,pairwise_180_concordant,6,60.0,600.0,CW,24.799,17.535,1.0,0.0248,0.0186,0.9509,2.15,97.54,3.873,127.56,293.39,322.16,16.089,2.411,0.0,18.5,0.9,True,1
var11_toroidal_8_vertical_coils,8,pairwise_180_concordant,6,60.0,600.0,CCW,24.799,17.535,1.0,0.0248,0.0186,-0.9509,2.15,97.54,-3.873,127.56,293.39,322.16,16.089,2.411,0.0,18.5,0.9,True,1
var11_toroidal_8_vertical_coils,8,pairwise_180_concordant,6,60.0,1200.0,CW,24.799,17.535,1.0,0.0248,0.0186,0.9509,2.15,97.54,4.407,127.56,293.39,322.16,16.089,2.411,0.0,18.5,0.92,True,1
var11_toroidal_8_vertical_coils,8,pairwise_180_concordant,6,60.0,1200.0,CCW,24.799,17.535,1.0,0.0248,0.0186,-0.9509,2.15,97.54,-4.407,127.56,293.39,322.16,16.089,2.411,0.0,18.5,0.92,True,1
var11_toroidal_8_vertical_coils,8,pairwise_180_concordant,6,60.0,2400.0,CW,24.799,17.535,1.0,0.0248,0.0186,0.9509,2.15,97.54,5.476,127.56,293.39,322.16,16.089,2.411,0.0,18.5,0.96,True,1
var11_toroidal_8_vertical_coils,8,pairwise_180_concordant,6,60.0,2400.0,CCW,24.799,17.535,1.0,0.0248,0.0186,-0.9509,2.15,97.54,-5.476,127.56,293.39,322.16,16.089,2.411,0.0,18.5,0.96,True,1
var11_toroidal_8_vertical_coils,8,pairwise_180_concordant,6,100.0,0.0,CW,27.047,19.125,1.0,0.023,0.0172,0.9578,2.15,97.89,4.001,159.78,367.48,585.61,15.774,2.726,0.0,18.5,0.886,True,1
var11_toroidal_8_vertical_coils,8,pairwise_180_concordant,6,100.0,0.0,CCW,27.047,19.125,1.0,0.023,0.0172,-0.9578,2.15,97.89,-4.001,159.78,367.48,585.61,15.774,2.726,0.0,18.5,0.886,True,1
var11_toroidal_8_vertical_coils,8,pairwise_180_concordant,6,100.0,600.0,CW,27.047,19.125,1.0,0.023,0.0172,0.9578,2.15,97.89,4.641,159.78,367.48,585.61,15.774,2.726,0.0,18.5,0.906,True,1
var11_toroidal_8_vertical_coils,8,pairwise_180_concordant,6,100.0,600.0,CCW,27.047,19.125,1.0,0.023,0.0172,-0.9578,2.15,97.89,-4.641,159.78,367.48,585.61,15.774,2.726,0.0,18.5,0.906,True,1
var11_toroidal_8_vertical_coils,8,pairwise_180_concordant,6,100.0,1200.0,CW,27.047,19.125,1.0,0.023,0.0172,0.9578,2.15,97.89,5.281,159.78,367.48,585.61,15.774,2.726,0.0,18.5,0.926,True,1
var11_toroidal_8_vertical_coils,8,pairwise_180_concordant,6,100.0,1200.0,CCW,27.047,19.125,1.0,0.023,0.0172,-0.9578,2.15,97.89,-5.281,159.78,367.48,585.61,15.774,2.726,0.0,18.5,0.926,True,1
var11_toroidal_8_vertical_coils,8,pairwise_180_concordant,6,100.0,2400.0,CW,27.047,19.125,1.0,0.023,0.0172,0.9578,2.15,97.89,6.561,159.78,367.48,585.61,15.774,2.726,0.0,18.5,0.966,True,1
var11_toroidal_8_vertical_coils,8,pairwise_180_concordant,6,100.0,2400.0,CCW,27.047,19.125,1.0,0.023,0.0172,-0.9578,2.15,97.89,-6.561,159.78,367.48,585.61,15.774,2.726,0.0,18.5,0.966,True,1
var11_toroidal_8_vertical_coils,8,pairwise_180_concordant,6,120.0,0.0,CW,27.798,19.656,1.0,0.0224,0.0168,0.96,2.15,98.0,4.236,171.49,394.42,722.23,15.7,2.8,0.0,18.5,0.89,True,1
var11_toroidal_8_vertical_coils,8,pairwise_180_concordant,6,120.0,0.0,CCW,27.798,19.656,1.0,0.0224,0.0168,-0.96,2.15,98.0,-4.236,171.49,394.42,722.23,15.7,2.8,0.0,18.5,0.89,True,1
var11_toroidal_8_vertical_coils,8,pairwise_180_concordant,6,120.0,600.0,CW,27.798,19.656,1.0,0.0224,0.0168,0.96,2.15,98.0,4.913,171.49,394.42,722.23,15.7,2.8,0.0,18.5,0.91,True,1
var11_toroidal_8_vertical_coils,8,pairwise_180_concordant,6,120.0,600.0,CCW,27.798,19.656,1.0,0.0224,0.0168,-0.96,2.15,98.0,-4.913,171.49,394.42,722.23,15.7,2.8,0.0,18.5,0.91,True,1
var11_toroidal_8_vertical_coils,8,pairwise_180_concordant,6,120.0,1200.0,CW,27.798,19.656,1.0,0.0224,0.0168,0.96,2.15,98.0,5.591,171.49,394.42,722.23,15.7,2.8,0.0,18.5,0.93,True,1
var11_toroidal_8_vertical_coils,8,pairwise_180_concordant,6,120.0,1200.0,CCW,27.798,19.656,1.0,0.0224,0.0168,-0.96,2.15,98.0,-5.591,171.49,394.42,722.23,15.7,2.8,0.0,18.5,0.93,True,1
var11_toroidal_8_vertical_coils,8,pairwise_180_concordant,6,120.0,2400.0,CW,27.798,19.656,1.0,0.0224,0.0168,0.96,2.15,98.0,6.946,171.49,394.42,722.23,15.7,2.8,0.0,18.5,0.97,True,1
var11_toroidal_8_vertical_coils,8,pairwise_180_concordant,6,120.0,2400.0,CCW,27.798,19.656,1.0,0.0224,0.0168,-0.96,2.15,98.0,-6.946,171.49,394.42,722.23,15.7,2.8,0.0,18.5,0.97,True,1
var11_toroidal_8_vertical_coils,8,pairwise_180_concordant,6,150.0,0.0,CW,26.385,18.657,1.0,0.0235,0.0176,0.9558,2.15,97.79,3.799,149.85,344.65,856.91,15.851,2.649,0.0,18.5,0.895,True,1
var11_toroidal_8_vertical_coils,8,pairwise_180_concordant,6,150.0,0.0,CCW,26.385,18.657,1.0,0.0235,0.0176,-0.9558,2.15,97.79,-3.799,149.85,344.65,856.91,15.851,2.649,0.0,18.5,0.895,True,1
var11_toroidal_8_vertical_coils,8,pairwise_180_concordant,6,150.0,600.0,CW,26.385,18.657,1.0,0.0235,0.0176,0.9558,2.15,97.79,4.407,149.85,344.65,856.91,15.851,2.649,0.0,18.5,0.915,True,1
var11_toroidal_8_vertical_coils,8,pairwise_180_concordant,6,150.0,600.0,CCW,26.385,18.657,1.0,0.0235,0.0176,-0.9558,2.15,97.79,-4.407,149.85,344.65,856.91,15.851,2.649,0.0,18.5,0.915,True,1
var11_toroidal_8_vertical_coils,8,pairwise_180_concordant,6,150.0,1200.0,CW,26.385,18.657,1.0,0.0235,0.0176,0.9558,2.15,97.79,5.015,149.85,344.65,856.91,15.851,2.649,0.0,18.5,0.935,True,1
var11_toroidal_8_vertical_coils,8,pairwise_180_concordant,6,150.0,1200.0,CCW,26.385,18.657,1.0,0.0235,0.0176,-0.9558,2.15,97.79,-5.015,149.85,344.65,856.91,15.851,2.649,0.0,18.5,0.935,True,1
var11_toroidal_8_vertical_coils,8,pairwise_180_concordant,6,150.0,2400.0,CW,26.385,18.657,1.0,0.0235,0.0176,0.9558,2.15,97.79,6.231,149.85,344.65,856.91,15.851,2.649,0.0,18.5,0.975,True,1
var11_toroidal_8_vertical_coils,8,pairwise_180_concordant,6,150.0,2400.0,CCW,26.385,18.657,1.0,0.0235,0.0176,-0.9558,2.15,97.79,-6.231,149.85,344.65,856.91,15.851,2.649,0.0,18.5,0.975,True,1
var11_toroidal_8_vertical_coils,8,pairwise_180_concordant,6,200.0,0.0,CW,24.168,17.089,1.0,0.0252,0.0189,0.949,2.15,97.45,3.165,119.41,274.65,1046.54,16.141,2.359,0.0,18.5,0.903,True,1
var11_toroidal_8_vertical_coils,8,pairwise_180_concordant,6,200.0,0.0,CCW,24.168,17.089,1.0,0.0252,0.0189,-0.949,2.15,97.45,-3.165,119.41,274.65,1046.54,16.141,2.359,0.0,18.5,0.903,True,1
var11_toroidal_8_vertical_coils,8,pairwise_180_concordant,6,200.0,600.0,CW,24.168,17.089,1.0,0.0252,0.0189,0.949,2.15,97.45,3.671,119.41,274.65,1046.54,16.141,2.359,0.0,18.5,0.923,True,1
var11_toroidal_8_vertical_coils,8,pairwise_180_concordant,6,200.0,600.0,CCW,24.168,17.089,1.0,0.0252,0.0189,-0.949,2.15,97.45,-3.671,119.41,274.65,1046.54,16.141,2.359,0.0,18.5,0.923,True,1
var11_toroidal_8_vertical_coils,8,pairwise_180_concordant,6,200.0,1200.0,CW,24.168,17.089,1.0,0.0252,0.0189,0.949,2.15,97.45,4.178,119.41,274.65,1046.54,16.141,2.359,0.0,18.5,0.943,True,1
var11_toroidal_8_vertical_coils,8,pairwise_180_concordant,6,200.0,1200.0,CCW,24.168,17.089,1.0,0.0252,0.0189,-0.949,2.15,97.45,-4.178,119.41,274.65,1046.54,16.141,2.359,0.0,18.5,0.943,True,1
var11_toroidal_8_vertical_coils,8,pairwise_180_concordant,6,200.0,2400.0,CW,24.168,17.089,1.0,0.0252,0.0189,0.949,2.15,97.45,5.19,119.41,274.65,1046.54,16.141,2.359,0.0,18.5,0.983,True,1
var11_toroidal_8_vertical_coils,8,pairwise_180_concordant,6,200.0,2400.0,CCW,24.168,17.089,1.0,0.0252,0.0189,-0.949,2.15,97.45,-5.19,119.41,274.65,1046.54,16.141,2.359,0.0,18.5,0.983,True,1
var11_toroidal_8_vertical_coils,8,pairwise_180_concordant,6,400.0,0.0,CW,23.003,16.265,1.0,0.0261,0.0195,0.9454,2.15,97.27,2.856,105.2,241.97,1992.16,16.252,2.248,0.0,18.5,0.937,True,1
var11_toroidal_8_vertical_coils,8,pairwise_180_concordant,6,400.0,0.0,CCW,23.003,16.265,1.0,0.0261,0.0195,-0.9454,2.15,97.27,-2.856,105.2,241.97,1992.16,16.252,2.248,0.0,18.5,0.937,True,1
var11_toroidal_8_vertical_coils,8,pairwise_180_concordant,6,400.0,600.0,CW,23.003,16.265,1.0,0.0261,0.0195,0.9454,2.15,97.27,3.313,105.2,241.97,1992.16,16.252,2.248,0.0,18.5,0.957,True,1
var11_toroidal_8_vertical_coils,8,pairwise_180_concordant,6,400.0,600.0,CCW,23.003,16.265,1.0,0.0261,0.0195,-0.9454,2.15,97.27,-3.313,105.2,241.97,1992.16,16.252,2.248,0.0,18.5,0.957,True,1
var11_toroidal_8_vertical_coils,8,pairwise_180_concordant,6,400.0,1200.0,CW,23.003,16.265,1.0,0.0261,0.0195,0.9454,2.15,97.27,3.77,105.2,241.97,1992.16,16.252,2.248,0.0,18.5,0.977,True,1
var11_toroidal_8_vertical_coils,8,pairwise_180_concordant,6,400.0,1200.0,CCW,23.003,16.265,1.0,0.0261,0.0195,-0.9454,2.15,97.27,-3.77,105.2,241.97,1992.16,16.252,2.248,0.0,18.5,0.977,True,1
var11_toroidal_8_vertical_coils,8,pairwise_180_concordant,6,400.0,2400.0,CW,23.003,16.265,1.0,0.0261,0.0195,0.9454,2.15,97.27,4.684,105.2,241.97,1992.16,16.252,2.248,0.0,18.5,1.017,True,1
var11_toroidal_8_vertical_coils,8,pairwise_180_concordant,6,400.0,2400.0,CCW,23.003,16.265,1.0,0.0261,0.0195,-0.9454,2.15,97.27,-4.684,105.2,241.97,1992.16,16.252,2.248,0.0,18.5,1.017,True,1
var11_toroidal_8_vertical_coils,8,pairwise_180_concordant,6,800.0,0.0,CW,22.827,16.141,1.0,0.0261,0.0196,0.9451,2.15,97.25,2.812,103.31,237.61,3953.9,16.178,2.322,0.0,18.5,1.005,True,1
var11_toroidal_8_vertical_coils,8,pairwise_180_concordant,6,800.0,0.0,CCW,22.827,16.141,1.0,0.0261,0.0196,-0.9451,2.15,97.25,-2.812,103.31,237.61,3953.9,16.178,2.322,0.0,18.5,1.005,True,1
var11_toroidal_8_vertical_coils,8,pairwise_180_concordant,6,800.0,600.0,CW,22.827,16.141,1.0,0.0261,0.0196,0.9451,2.15,97.25,3.262,103.31,237.61,3953.9,16.178,2.322,0.0,18.5,1.025,True,1
var11_toroidal_8_vertical_coils,8,pairwise_180_concordant,6,800.0,600.0,CCW,22.827,16.141,1.0,0.0261,0.0196,-0.9451,2.15,97.25,-3.262,103.31,237.61,3953.9,16.178,2.322,0.0,18.5,1.025,True,1
var11_toroidal_8_vertical_coils,8,pairwise_180_concordant,6,800.0,1200.0,CW,22.827,16.141,1.0,0.0261,0.0196,0.9451,2.15,97.25,3.712,103.31,237.61,3953.9,16.178,2.322,0.0,18.5,1.045,True,1
var11_toroidal_8_vertical_coils,8,pairwise_180_concordant,6,800.0,1200.0,CCW,22.827,16.141,1.0,0.0261,0.0196,-0.9451,2.15,97.25,-3.712,103.31,237.61,3953.9,16.178,2.322,0.0,18.5,1.045,True,1
var11_toroidal_8_vertical_coils,8,pairwise_180_concordant,6,800.0,2400.0,CW,22.827,16.141,1.0,0.0261,0.0196,0.9451,2.15,97.25,4.611,103.31,237.61,3953.9,16.178,2.322,0.0,18.5,1.085,True,1
var11_toroidal_8_vertical_coils,8,pairwise_180_concordant,6,800.0,2400.0,CCW,22.827,16.141,1.0,0.0261,0.0196,-0.9451,2.15,97.25,-4.611,103.31,237.61,3953.9,16.178,2.322,0.0,18.5,1.085,True,1
var11_toroidal_8_vertical_coils,8,pairwise_180_concordant,6,1000.0,0.0,CW,22.786,16.112,1.0,0.0262,0.0196,0.945,2.15,97.25,2.802,102.91,236.7,4933.48,16.135,2.365,0.0,18.5,1.039,True,1
var11_toroidal_8_vertical_coils,8,pairwise_180_concordant,6,1000.0,0.0,CCW,22.786,16.112,1.0,0.0262,0.0196,-0.945,2.15,97.25,-2.802,102.91,236.7,4933.48,16.135,2.365,0.0,18.5,1.039,True,1
var11_toroidal_8_vertical_coils,8,pairwise_180_concordant,6,1000.0,600.0,CW,22.786,16.112,1.0,0.0262,0.0196,0.945,2.15,97.25,3.25,102.91,236.7,4933.48,16.135,2.365,0.0,18.5,1.059,True,1
var11_toroidal_8_vertical_coils,8,pairwise_180_concordant,6,1000.0,600.0,CCW,22.786,16.112,1.0,0.0262,0.0196,-0.945,2.15,97.25,-3.25,102.91,236.7,4933.48,16.135,2.365,0.0,18.5,1.059,True,1
var11_toroidal_8_vertical_coils,8,pairwise_180_concordant,6,1000.0,1200.0,CW,22.786,16.112,1.0,0.0262,0.0196,0.945,2.15,97.25,3.698,102.91,236.7,4933.48,16.135,2.365,0.0,18.5,1.079,True,1
var11_toroidal_8_vertical_coils,8,pairwise_180_concordant,6,1000.0,1200.0,CCW,22.786,16.112,1.0,0.0262,0.0196,-0.945,2.15,97.25,-3.698,102.91,236.7,4933.48,16.135,2.365,0.0,18.5,1.079,True,1
var11_toroidal_8_vertical_coils,8,pairwise_180_concordant,6,1000.0,2400.0,CW,22.786,16.112,1.0,0.0262,0.0196,0.945,2.15,97.25,4.595,102.91,236.7,4933.48,16.135,2.365,0.0,18.5,1.119,True,1
var11_toroidal_8_vertical_coils,8,pairwise_180_concordant,6,1000.0,2400.0,CCW,22.786,16.112,1.0,0.0262,0.0196,-0.945,2.15,97.25,-4.595,102.91,236.7,4933.48,16.135,2.365,0.0,18.5,1.119,True,1
var11_toroidal_8_vertical_coils,8,pairwise_180_concordant,7,25.0,0.0,CW,22.966,16.24,1.0,0.0254,0.0191,0.9481,2.15,97.4,2.855,101.66,233.82,124.31,16.296,2.204,0.0,18.5,0.872,True,1
var11_toroidal_8_vertical_coils,8,pairwise_180_concordant,7,25.0,0.0,CCW,22.966,16.24,1.0,0.0254,0.0191,-0.9481,2.15,97.4,-2.855,101.66,233.82,124.31,16.296,2.204,0.0,18.5,0.872,True,1
var11_toroidal_8_vertical_coils,8,pairwise_180_concordant,7,25.0,600.0,CW,22.966,16.24,1.0,0.0254,0.0191,0.9481,2.15,97.4,3.312,101.66,233.82,124.31,16.296,2.204,0.0,18.5,0.892,True,1
var11_toroidal_8_vertical_coils,8,pairwise_180_concordant,7,25.0,600.0,CCW,22.966,16.24,1.0,0.0254,0.0191,-0.9481,2.15,97.4,-3.312,101.66,233.82,124.31,16.296,2.204,0.0,18.5,0.892,True,1
var11_toroidal_8_vertical_coils,8,pairwise_180_concordant,7,25.0,1200.0,CW,22.966,16.24,1.0,0.0254,0.0191,0.9481,2.15,97.4,3.769,101.66,233.82,124.31,16.296,2.204,0.0,18.5,0.912,True,1
var11_toroidal_8_vertical_coils,8,pairwise_180_concordant,7,25.0,1200.0,CCW,22.966,16.24,1.0,0.0254,0.0191,-0.9481,2.15,97.4,-3.769,101.66,233.82,124.31,16.296,2.204,0.0,18.5,0.912,True,1
var11_toroidal_8_vertical_coils,8,pairwise_180_concordant,7,25.0,2400.0,CW,22.966,16.24,1.0,0.0254,0.0191,0.9481,2.15,97.4,4.683,101.66,233.82,124.31,16.296,2.204,0.0,18.5,0.952,True,1
var11_toroidal_8_vertical_coils,8,pairwise_180_concordant,7,25.0,2400.0,CCW,22.966,16.24,1.0,0.0254,0.0191,-0.9481,2.15,97.4,-4.683,101.66,233.82,124.31,16.296,2.204,0.0,18.5,0.952,True,1
var11_toroidal_8_vertical_coils,8,pairwise_180_concordant,7,50.0,0.0,CW,23.505,16.62,1.0,0.025,0.0188,0.9498,2.15,97.49,2.996,107.93,248.25,254.45,16.216,2.284,0.0,18.5,0.876,True,1
var11_toroidal_8_vertical_coils,8,pairwise_180_concordant,7,50.0,0.0,CCW,23.505,16.62,1.0,0.025,0.0188,-0.9498,2.15,97.49,-2.996,107.93,248.25,254.45,16.216,2.284,0.0,18.5,0.876,True,1
var11_toroidal_8_vertical_coils,8,pairwise_180_concordant,7,50.0,600.0,CW,23.505,16.62,1.0,0.025,0.0188,0.9498,2.15,97.49,3.476,107.93,248.25,254.45,16.216,2.284,0.0,18.5,0.896,True,1
var11_toroidal_8_vertical_coils,8,pairwise_180_concordant,7,50.0,600.0,CCW,23.505,16.62,1.0,0.025,0.0188,-0.9498,2.15,97.49,-3.476,107.93,248.25,254.45,16.216,2.284,0.0,18.5,0.896,True,1
var11_toroidal_8_vertical_coils,8,pairwise_180_concordant,7,50.0,1200.0,CW,23.505,16.62,1.0,0.025,0.0188,0.9498,2.15,97.49,3.955,107.93,248.25,254.45,16.216,2.284,0.0,18.5,0.916,True,1
var11_toroidal_8_vertical_coils,8,pairwise_180_concordant,7,50.0,1200.0,CCW,23.505,16.62,1.0,0.025,0.0188,-0.9498,2.15,97.49,-3.955,107.93,248.25,254.45,16.216,2.284,0.0,18.5,0.916,True,1
var11_toroidal_8_vertical_coils,8,pairwise_180_concordant,7,50.0,2400.0,CW,23.505,16.62,1.0,0.025,0.0188,0.9498,2.15,97.49,4.914,107.93,248.25,254.45,16.216,2.284,0.0,18.5,0.956,True,1
var11_toroidal_8_vertical_coils,8,pairwise_180_concordant,7,50.0,2400.0,CCW,23.505,16.62,1.0,0.025,0.0188,-0.9498,2.15,97.49,-4.914,107.93,248.25,254.45,16.216,2.284,0.0,18.5,0.956,True,1
var11_toroidal_8_vertical_coils,8,pairwise_180_concordant,7,60.0,0.0,CW,23.832,16.852,1.0,0.0248,0.0186,0.9509,2.15,97.54,3.084,111.87,257.29,309.6,16.169,2.331,0.0,18.5,0.878,True,1
var11_toroidal_8_vertical_coils,8,pairwise_180_concordant,7,60.0,0.0,CCW,23.832,16.852,1.0,0.0248,0.0186,-0.9509,2.15,97.54,-3.084,111.87,257.29,309.6,16.169,2.331,0.0,18.5,0.878,True,1
var11_toroidal_8_vertical_coils,8,pairwise_180_concordant,7,60.0,600.0,CW,23.832,16.852,1.0,0.0248,0.0186,0.9509,2.15,97.54,3.577,111.87,257.29,309.6,16.169,2.331,0.0,18.5,0.898,True,1
var11_toroidal_8_vertical_coils,8,pairwise_180_concordant,7,60.0,600.0,CCW,23.832,16.852,1.0,0.0248,0.0186,-0.9509,2.15,97.54,-3.577,111.87,257.29,309.6,16.169,2.331,0.0,18.5,0.898,True,1
var11_toroidal_8_vertical_coils,8,pairwise_180_concordant,7,60.0,1200.0,CW,23.832,16.852,1.0,0.0248,0.0186,0.9509,2.15,97.54,4.07,111.87,257.29,309.6,16.169,2.331,0.0,18.5,0.918,True,1
var11_toroidal_8_vertical_coils,8,pairwise_180_concordant,7,60.0,1200.0,CCW,23.832,16.852,1.0,0.0248,0.0186,-0.9509,2.15,97.54,-4.07,111.87,257.29,309.6,16.169,2.331,0.0,18.5,0.918,True,1
var11_toroidal_8_vertical_coils,8,pairwise_180_concordant,7,60.0,2400.0,CW,23.832,16.852,1.0,0.0248,0.0186,0.9509,2.15,97.54,5.057,111.87,257.29,309.6,16.169,2.331,0.0,18.5,0.958,True,1
var11_toroidal_8_vertical_coils,8,pairwise_180_concordant,7,60.0,2400.0,CCW,23.832,16.852,1.0,0.0248,0.0186,-0.9509,2.15,97.54,-5.057,111.87,257.29,309.6,16.169,2.331,0.0,18.5,0.958,True,1
var11_toroidal_8_vertical_coils,8,pairwise_180_concordant,7,100.0,0.0,CW,26.003,18.387,1.0,0.023,0.0172,0.9578,2.15,97.89,3.698,140.22,322.51,562.99,15.864,2.636,0.0,18.5,0.884,True,1
var11_toroidal_8_vertical_coils,8,pairwise_180_concordant,7,100.0,0.0,CCW,26.003,18.387,1.0,0.023,0.0172,-0.9578,2.15,97.89,-3.698,140.22,322.51,562.99,15.864,2.636,0.0,18.5,0.884,True,1
var11_toroidal_8_vertical_coils,8,pairwise_180_concordant,7,100.0,600.0,CW,26.003,18.387,1.0,0.023,0.0172,0.9578,2.15,97.89,4.289,140.22,322.51,562.99,15.864,2.636,0.0,18.5,0.904,True,1
var11_toroidal_8_vertical_coils,8,pairwise_180_concordant,7,100.0,600.0,CCW,26.003,18.387,1.0,0.023,0.0172,-0.9578,2.15,97.89,-4.289,140.22,322.51,562.99,15.864,2.636,0.0,18.5,0.904,True,1
var11_toroidal_8_vertical_coils,8,pairwise_180_concordant,7,100.0,1200.0,CW,26.003,18.387,1.0,0.023,0.0172,0.9578,2.15,97.89,4.881,140.22,322.51,562.99,15.864,2.636,0.0,18.5,0.924,True,1
var11_toroidal_8_vertical_coils,8,pairwise_180_concordant,7,100.0,1200.0,CCW,26.003,18.387,1.0,0.023,0.0172,-0.9578,2.15,97.89,-4.881,140.22,322.51,562.99,15.864,2.636,0.0,18.5,0.924,True,1
var11_toroidal_8_vertical_coils,8,pairwise_180_concordant,7,100.0,2400.0,CW,26.003,18.387,1.0,0.023,0.0172,0.9578,2.15,97.89,6.064,140.22,322.51,562.99,15.864,2.636,0.0,18.5,0.964,True,1
var11_toroidal_8_vertical_coils,8,pairwise_180_concordant,7,100.0,2400.0,CCW,26.003,18.387,1.0,0.023,0.0172,-0.9578,2.15,97.89,-6.064,140.22,322.51,562.99,15.864,2.636,0.0,18.5,0.964,True,1
var11_toroidal_8_vertical_coils,8,pairwise_180_concordant,7,120.0,0.0,CW,26.704,18.882,1.0,0.0224,0.0168,0.96,2.15,98.0,3.909,150.26,345.61,693.8,15.765,2.735,0.0,18.5,0.888,True,1
var11_toroidal_8_vertical_coils,8,pairwise_180_concordant,7,120.0,0.0,CCW,26.704,18.882,1.0,0.0224,0.0168,-0.96,2.15,98.0,-3.909,150.26,345.61,693.8,15.765,2.735,0.0,18.5,0.888,True,1
var11_toroidal_8_vertical_coils,8,pairwise_180_concordant,7,120.0,600.0,CW,26.704,18.882,1.0,0.0224,0.0168,0.96,2.15,98.0,4.534,150.26,345.61,693.8,15.765,2.735,0.0,18.5,0.908,True,1
var11_toroidal_8_vertical_coils,8,pairwise_180_concordant,7,120.0,600.0,CCW,26.704,18.882,1.0,0.0224,0.0168,-0.96,2.15,98.0,-4.534,150.26,345.61,693.8,15.765,2.735,0.0,18.5,0.908,True,1
var11_toroidal_8_vertical_coils,8,pairwise_180_concordant,7,120.0,1200.0,CW,26.704,18.882,1.0,0.0224,0.0168,0.96,2.15,98.0,5.16,150.26,345.61,693.8,15.765,2.735,0.0,18.5,0.928,True,1
var11_toroidal_8_vertical_coils,8,pairwise_180_concordant,7,120.0,1200.0,CCW,26.704,18.882,1.0,0.0224,0.0168,-0.96,2.15,98.0,-5.16,150.26,345.61,693.8,15.765,2.735,0.0,18.5,0.928,True,1
var11_toroidal_8_vertical_coils,8,pairwise_180_concordant,7,120.0,2400.0,CW,26.704,18.882,1.0,0.0224,0.0168,0.96,2.15,98.0,6.41,150.26,345.61,693.8,15.765,2.735,0.0,18.5,0.968,True,1
var11_toroidal_8_vertical_coils,8,pairwise_180_concordant,7,120.0,2400.0,CCW,26.704,18.882,1.0,0.0224,0.0168,-0.96,2.15,98.0,-6.41,150.26,345.61,693.8,15.765,2.735,0.0,18.5,0.968,True,1
var11_toroidal_8_vertical_coils,8,pairwise_180_concordant,7,150.0,0.0,CW,25.364,17.935,1.0,0.0235,0.0176,0.9558,2.15,97.79,3.511,131.48,302.41,823.74,15.939,2.561,0.0,18.5,0.893,True,1
var11_toroidal_8_vertical_coils,8,pairwise_180_concordant,7,150.0,0.0,CCW,25.364,17.935,1.0,0.0235,0.0176,-0.9558,2.15,97.79,-3.511,131.48,302.41,823.74,15.939,2.561,0.0,18.5,0.893,True,1
var11_toroidal_8_vertical_coils,8,pairwise_180_concordant,7,150.0,600.0,CW,25.364,17.935,1.0,0.0235,0.0176,0.9558,2.15,97.79,4.073,131.48,302.41,823.74,15.939,2.561,0.0,18.5,0.913,True,1
var11_toroidal_8_vertical_coils,8,pairwise_180_concordant,7,150.0,600.0,CCW,25.364,17.935,1.0,0.0235,0.0176,-0.9558,2.15,97.79,-4.073,131.48,302.41,823.74,15.939,2.561,0.0,18.5,0.913,True,1
var11_toroidal_8_vertical_coils,8,pairwise_180_concordant,7,150.0,1200.0,CW,25.364,17.935,1.0,0.0235,0.0176,0.9558,2.15,97.79,4.634,131.48,302.41,823.74,15.939,2.561,0.0,18.5,0.933,True,1
var11_toroidal_8_vertical_coils,8,pairwise_180_concordant,7,150.0,1200.0,CCW,25.364,17.935,1.0,0.0235,0.0176,-0.9558,2.15,97.79,-4.634,131.48,302.41,823.74,15.939,2.561,0.0,18.5,0.933,True,1
var11_toroidal_8_vertical_coils,8,pairwise_180_concordant,7,150.0,2400.0,CW,25.364,17.935,1.0,0.0235,0.0176,0.9558,2.15,97.79,5.758,131.48,302.41,823.74,15.939,2.561,0.0,18.5,0.973,True,1
var11_toroidal_8_vertical_coils,8,pairwise_180_concordant,7,150.0,2400.0,CCW,25.364,17.935,1.0,0.0235,0.0176,-0.9558,2.15,97.79,-5.758,131.48,302.41,823.74,15.939,2.561,0.0,18.5,0.973,True,1
var11_toroidal_8_vertical_coils,8,pairwise_180_concordant,7,200.0,0.0,CW,23.224,16.422,1.0,0.0252,0.0189,0.949,2.15,97.45,2.923,104.71,240.82,1005.69,16.219,2.281,0.0,18.5,0.901,True,1
var11_toroidal_8_vertical_coils,8,pairwise_180_concordant,7,200.0,0.0,CCW,23.224,16.422,1.0,0.0252,0.0189,-0.949,2.15,97.45,-2.923,104.71,240.82,1005.69,16.219,2.281,0.0,18.5,0.901,True,1
var11_toroidal_8_vertical_coils,8,pairwise_180_concordant,7,200.0,600.0,CW,23.224,16.422,1.0,0.0252,0.0189,0.949,2.15,97.45,3.39,104.71,240.82,1005.69,16.219,2.281,0.0,18.5,0.921,True,1
var11_toroidal_8_vertical_coils,8,pairwise_180_concordant,7,200.0,600.0,CCW,23.224,16.422,1.0,0.0252,0.0189,-0.949,2.15,97.45,-3.39,104.71,240.82,1005.69,16.219,2.281,0.0,18.5,0.921,True,1
var11_toroidal_8_vertical_coils,8,pairwise_180_concordant,7,200.0,1200.0,CW,23.224,16.422,1.0,0.0252,0.0189,0.949,2.15,97.45,3.858,104.71,240.82,1005.69,16.219,2.281,0.0,18.5,0.942,True,1
var11_toroidal_8_vertical_coils,8,pairwise_180_concordant,7,200.0,1200.0,CCW,23.224,16.422,1.0,0.0252,0.0189,-0.949,2.15,97.45,-3.858,104.71,240.82,1005.69,16.219,2.281,0.0,18.5,0.942,True,1
var11_toroidal_8_vertical_coils,8,pairwise_180_concordant,7,200.0,2400.0,CW,23.224,16.422,1.0,0.0252,0.0189,0.949,2.15,97.45,4.793,104.71,240.82,1005.69,16.219,2.281,0.0,18.5,0.981,True,1
var11_toroidal_8_vertical_coils,8,pairwise_180_concordant,7,200.0,2400.0,CCW,23.224,16.422,1.0,0.0252,0.0189,-0.949,2.15,97.45,-4.793,104.71,240.82,1005.69,16.219,2.281,0.0,18.5,0.981,True,1
var11_toroidal_8_vertical_coils,8,pairwise_180_concordant,7,400.0,0.0,CW,22.102,15.628,1.0,0.0261,0.0195,0.9454,2.15,97.27,2.637,92.22,212.11,1914.15,16.327,2.173,0.0,18.5,0.935,True,1
var11_toroidal_8_vertical_coils,8,pairwise_180_concordant,7,400.0,0.0,CCW,22.102,15.628,1.0,0.0261,0.0195,-0.9454,2.15,97.27,-2.637,92.22,212.11,1914.15,16.327,2.173,0.0,18.5,0.935,True,1
var11_toroidal_8_vertical_coils,8,pairwise_180_concordant,7,400.0,600.0,CW,22.102,15.628,1.0,0.0261,0.0195,0.9454,2.15,97.27,3.059,92.22,212.11,1914.15,16.327,2.173,0.0,18.5,0.955,True,1
var11_toroidal_8_vertical_coils,8,pairwise_180_concordant,7,400.0,600.0,CCW,22.102,15.628,1.0,0.0261,0.0195,-0.9454,2.15,97.27,-3.059,92.22,212.11,1914.15,16.327,2.173,0.0,18.5,0.955,True,1
var11_toroidal_8_vertical_coils,8,pairwise_180_concordant,7,400.0,1200.0,CW,22.102,15.628,1.0,0.0261,0.0195,0.9454,2.15,97.27,3.481,92.22,212.11,1914.15,16.327,2.173,0.0,18.5,0.975,True,1
var11_toroidal_8_vertical_coils,8,pairwise_180_concordant,7,400.0,1200.0,CCW,22.102,15.628,1.0,0.0261,0.0195,-0.9454,2.15,97.27,-3.481,92.22,212.11,1914.15,16.327,2.173,0.0,18.5,0.975,True,1
var11_toroidal_8_vertical_coils,8,pairwise_180_concordant,7,400.0,2400.0,CW,22.102,15.628,1.0,0.0261,0.0195,0.9454,2.15,97.27,4.325,92.22,212.11,1914.15,16.327,2.173,0.0,18.5,1.016,True,1
var11_toroidal_8_vertical_coils,8,pairwise_180_concordant,7,400.0,2400.0,CCW,22.102,15.628,1.0,0.0261,0.0195,-0.9454,2.15,97.27,-4.325,92.22,212.11,1914.15,16.327,2.173,0.0,18.5,1.016,True,1
var11_toroidal_8_vertical_coils,8,pairwise_180_concordant,7,800.0,0.0,CW,21.935,15.51,1.0,0.0261,0.0196,0.9451,2.15,97.25,2.596,90.58,208.33,3799.39,16.255,2.245,0.0,18.5,1.004,True,1
var11_toroidal_8_vertical_coils,8,pairwise_180_concordant,7,800.0,0.0,CCW,21.935,15.51,1.0,0.0261,0.0196,-0.9451,2.15,97.25,-2.596,90.58,208.33,3799.39,16.255,2.245,0.0,18.5,1.004,True,1
var11_toroidal_8_vertical_coils,8,pairwise_180_concordant,7,800.0,600.0,CW,21.935,15.51,1.0,0.0261,0.0196,0.9451,2.15,97.25,3.012,90.58,208.33,3799.39,16.255,2.245,0.0,18.5,1.024,True,1
var11_toroidal_8_vertical_coils,8,pairwise_180_concordant,7,800.0,600.0,CCW,21.935,15.51,1.0,0.0261,0.0196,-0.9451,2.15,97.25,-3.012,90.58,208.33,3799.39,16.255,2.245,0.0,18.5,1.024,True,1
var11_toroidal_8_vertical_coils,8,pairwise_180_concordant,7,800.0,1200.0,CW,21.935,15.51,1.0,0.0261,0.0196,0.9451,2.15,97.25,3.427,90.58,208.33,3799.39,16.255,2.245,0.0,18.5,1.044,True,1
var11_toroidal_8_vertical_coils,8,pairwise_180_concordant,7,800.0,1200.0,CCW,21.935,15.51,1.0,0.0261,0.0196,-0.9451,2.15,97.25,-3.427,90.58,208.33,3799.39,16.255,2.245,0.0,18.5,1.044,True,1
var11_toroidal_8_vertical_coils,8,pairwise_180_concordant,7,800.0,2400.0,CW,21.935,15.51,1.0,0.0261,0.0196,0.9451,2.15,97.25,4.258,90.58,208.33,3799.39,16.255,2.245,0.0,18.5,1.084,True,1
var11_toroidal_8_vertical_coils,8,pairwise_180_concordant,7,800.0,2400.0,CCW,21.935,15.51,1.0,0.0261,0.0196,-0.9451,2.15,97.25,-4.258,90.58,208.33,3799.39,16.255,2.245,0.0,18.5,1.084,True,1
var11_toroidal_8_vertical_coils,8,pairwise_180_concordant,7,1000.0,0.0,CW,21.897,15.483,1.0,0.0262,0.0196,0.945,2.15,97.25,2.587,90.24,207.56,4740.93,16.213,2.287,0.0,18.5,1.038,True,1
var11_toroidal_8_vertical_coils,8,pairwise_180_concordant,7,1000.0,0.0,CCW,21.897,15.483,1.0,0.0262,0.0196,-0.945,2.15,97.25,-2.587,90.24,207.56,4740.93,16.213,2.287,0.0,18.5,1.038,True,1
var11_toroidal_8_vertical_coils,8,pairwise_180_concordant,7,1000.0,600.0,CW,21.897,15.483,1.0,0.0262,0.0196,0.945,2.15,97.25,3.001,90.24,207.56,4740.93,16.213,2.287,0.0,18.5,1.058,True,1
var11_toroidal_8_vertical_coils,8,pairwise_180_concordant,7,1000.0,600.0,CCW,21.897,15.483,1.0,0.0262,0.0196,-0.945,2.15,97.25,-3.001,90.24,207.56,4740.93,16.213,2.287,0.0,18.5,1.058,True,1
var11_toroidal_8_vertical_coils,8,pairwise_180_concordant,7,1000.0,1200.0,CW,21.897,15.483,1.0,0.0262,0.0196,0.945,2.15,97.25,3.415,90.24,207.56,4740.93,16.213,2.287,0.0,18.5,1.078,True,1
var11_toroidal_8_vertical_coils,8,pairwise_180_concordant,7,1000.0,1200.0,CCW,21.897,15.483,1.0,0.0262,0.0196,-0.945,2.15,97.25,-3.415,90.24,207.56,4740.93,16.213,2.287,0.0,18.5,1.078,True,1
var11_toroidal_8_vertical_coils,8,pairwise_180_concordant,7,1000.0,2400.0,CW,21.897,15.483,1.0,0.0262,0.0196,0.945,2.15,97.25,4.243,90.24,207.56,4740.93,16.213,2.287,0.0,18.5,1.118,True,1
var11_toroidal_8_vertical_coils,8,pairwise_180_concordant,7,1000.0,2400.0,CCW,21.897,15.483,1.0,0.0262,0.0196,-0.945,2.15,97.25,-4.243,90.24,207.56,4740.93,16.213,2.287,0.0,18.5,1.118,True,1
var11_toroidal_8_vertical_coils,8,pairwise_180_concordant,8,25.0,0.0,CW,22.966,16.24,1.0,0.0254,0.0191,0.9481,2.15,97.4,2.855,101.66,233.82,124.31,16.296,2.204,0.0,18.5,0.872,True,1
var11_toroidal_8_vertical_coils,8,pairwise_180_concordant,8,25.0,0.0,CCW,22.966,16.24,1.0,0.0254,0.0191,-0.9481,2.15,97.4,-2.855,101.66,233.82,124.31,16.296,2.204,0.0,18.5,0.872,True,1
var11_toroidal_8_vertical_coils,8,pairwise_180_concordant,8,25.0,600.0,CW,22.966,16.24,1.0,0.0254,0.0191,0.9481,2.15,97.4,3.312,101.66,233.82,124.31,16.296,2.204,0.0,18.5,0.892,True,1
var11_toroidal_8_vertical_coils,8,pairwise_180_concordant,8,25.0,600.0,CCW,22.966,16.24,1.0,0.0254,0.0191,-0.9481,2.15,97.4,-3.312,101.66,233.82,124.31,16.296,2.204,0.0,18.5,0.892,True,1
var11_toroidal_8_vertical_coils,8,pairwise_180_concordant,8,25.0,1200.0,CW,22.966,16.24,1.0,0.0254,0.0191,0.9481,2.15,97.4,3.769,101.66,233.82,124.31,16.296,2.204,0.0,18.5,0.912,True,1
var11_toroidal_8_vertical_coils,8,pairwise_180_concordant,8,25.0,1200.0,CCW,22.966,16.24,1.0,0.0254,0.0191,-0.9481,2.15,97.4,-3.769,101.66,233.82,124.31,16.296,2.204,0.0,18.5,0.912,True,1
var11_toroidal_8_vertical_coils,8,pairwise_180_concordant,8,25.0,2400.0,CW,22.966,16.24,1.0,0.0254,0.0191,0.9481,2.15,97.4,4.683,101.66,233.82,124.31,16.296,2.204,0.0,18.5,0.952,True,1
var11_toroidal_8_vertical_coils,8,pairwise_180_concordant,8,25.0,2400.0,CCW,22.966,16.24,1.0,0.0254,0.0191,-0.9481,2.15,97.4,-4.683,101.66,233.82,124.31,16.296,2.204,0.0,18.5,0.952,True,1
var11_toroidal_8_vertical_coils,8,pairwise_180_concordant,8,50.0,0.0,CW,23.505,16.62,1.0,0.025,0.0188,0.9498,2.15,97.49,2.996,107.93,248.25,254.45,16.216,2.284,0.0,18.5,0.876,True,1
var11_toroidal_8_vertical_coils,8,pairwise_180_concordant,8,50.0,0.0,CCW,23.505,16.62,1.0,0.025,0.0188,-0.9498,2.15,97.49,-2.996,107.93,248.25,254.45,16.216,2.284,0.0,18.5,0.876,True,1
var11_toroidal_8_vertical_coils,8,pairwise_180_concordant,8,50.0,600.0,CW,23.505,16.62,1.0,0.025,0.0188,0.9498,2.15,97.49,3.476,107.93,248.25,254.45,16.216,2.284,0.0,18.5,0.896,True,1
var11_toroidal_8_vertical_coils,8,pairwise_180_concordant,8,50.0,600.0,CCW,23.505,16.62,1.0,0.025,0.0188,-0.9498,2.15,97.49,-3.476,107.93,248.25,254.45,16.216,2.284,0.0,18.5,0.896,True,1
var11_toroidal_8_vertical_coils,8,pairwise_180_concordant,8,50.0,1200.0,CW,23.505,16.62,1.0,0.025,0.0188,0.9498,2.15,97.49,3.955,107.93,248.25,254.45,16.216,2.284,0.0,18.5,0.916,True,1
var11_toroidal_8_vertical_coils,8,pairwise_180_concordant,8,50.0,1200.0,CCW,23.505,16.62,1.0,0.025,0.0188,-0.9498,2.15,97.49,-3.955,107.93,248.25,254.45,16.216,2.284,0.0,18.5,0.916,True,1
var11_toroidal_8_vertical_coils,8,pairwise_180_concordant,8,50.0,2400.0,CW,23.505,16.62,1.0,0.025,0.0188,0.9498,2.15,97.49,4.914,107.93,248.25,254.45,16.216,2.284,0.0,18.5,0.956,True,1
var11_toroidal_8_vertical_coils,8,pairwise_180_concordant,8,50.0,2400.0,CCW,23.505,16.62,1.0,0.025,0.0188,-0.9498,2.15,97.49,-4.914,107.93,248.25,254.45,16.216,2.284,0.0,18.5,0.956,True,1
var11_toroidal_8_vertical_coils,8,pairwise_180_concordant,8,60.0,0.0,CW,23.832,16.852,1.0,0.0248,0.0186,0.9509,2.15,97.54,3.084,111.87,257.29,309.6,16.169,2.331,0.0,18.5,0.878,True,1
var11_toroidal_8_vertical_coils,8,pairwise_180_concordant,8,60.0,0.0,CCW,23.832,16.852,1.0,0.0248,0.0186,-0.9509,2.15,97.54,-3.084,111.87,257.29,309.6,16.169,2.331,0.0,18.5,0.878,True,1
var11_toroidal_8_vertical_coils,8,pairwise_180_concordant,8,60.0,600.0,CW,23.832,16.852,1.0,0.0248,0.0186,0.9509,2.15,97.54,3.577,111.87,257.29,309.6,16.169,2.331,0.0,18.5,0.898,True,1
var11_toroidal_8_vertical_coils,8,pairwise_180_concordant,8,60.0,600.0,CCW,23.832,16.852,1.0,0.0248,0.0186,-0.9509,2.15,97.54,-3.577,111.87,257.29,309.6,16.169,2.331,0.0,18.5,0.898,True,1
var11_toroidal_8_vertical_coils,8,pairwise_180_concordant,8,60.0,1200.0,CW,23.832,16.852,1.0,0.0248,0.0186,0.9509,2.15,97.54,4.07,111.87,257.29,309.6,16.169,2.331,0.0,18.5,0.918,True,1
var11_toroidal_8_vertical_coils,8,pairwise_180_concordant,8,60.0,1200.0,CCW,23.832,16.852,1.0,0.0248,0.0186,-0.9509,2.15,97.54,-4.07,111.87,257.29,309.6,16.169,2.331,0.0,18.5,0.918,True,1
var11_toroidal_8_vertical_coils,8,pairwise_180_concordant,8,60.0,2400.0,CW,23.832,16.852,1.0,0.0248,0.0186,0.9509,2.15,97.54,5.057,111.87,257.29,309.6,16.169,2.331,0.0,18.5,0.958,True,1
var11_toroidal_8_vertical_coils,8,pairwise_180_concordant,8,60.0,2400.0,CCW,23.832,16.852,1.0,0.0248,0.0186,-0.9509,2.15,97.54,-5.057,111.87,257.29,309.6,16.169,2.331,0.0,18.5,0.958,True,1
var11_toroidal_8_vertical_coils,8,pairwise_180_concordant,8,100.0,0.0,CW,26.003,18.387,1.0,0.023,0.0172,0.9578,2.15,97.89,3.698,140.22,322.51,562.99,15.864,2.636,0.0,18.5,0.884,True,1
var11_toroidal_8_vertical_coils,8,pairwise_180_concordant,8,100.0,0.0,CCW,26.003,18.387,1.0,0.023,0.0172,-0.9578,2.15,97.89,-3.698,140.22,322.51,562.99,15.864,2.636,0.0,18.5,0.884,True,1
var11_toroidal_8_vertical_coils,8,pairwise_180_concordant,8,100.0,600.0,CW,26.003,18.387,1.0,0.023,0.0172,0.9578,2.15,97.89,4.289,140.22,322.51,562.99,15.864,2.636,0.0,18.5,0.904,True,1
var11_toroidal_8_vertical_coils,8,pairwise_180_concordant,8,100.0,600.0,CCW,26.003,18.387,1.0,0.023,0.0172,-0.9578,2.15,97.89,-4.289,140.22,322.51,562.99,15.864,2.636,0.0,18.5,0.904,True,1
var11_toroidal_8_vertical_coils,8,pairwise_180_concordant,8,100.0,1200.0,CW,26.003,18.387,1.0,0.023,0.0172,0.9578,2.15,97.89,4.881,140.22,322.51,562.99,15.864,2.636,0.0,18.5,0.924,True,1
var11_toroidal_8_vertical_coils,8,pairwise_180_concordant,8,100.0,1200.0,CCW,26.003,18.387,1.0,0.023,0.0172,-0.9578,2.15,97.89,-4.881,140.22,322.51,562.99,15.864,2.636,0.0,18.5,0.924,True,1
var11_toroidal_8_vertical_coils,8,pairwise_180_concordant,8,100.0,2400.0,CW,26.003,18.387,1.0,0.023,0.0172,0.9578,2.15,97.89,6.064,140.22,322.51,562.99,15.864,2.636,0.0,18.5,0.964,True,1
var11_toroidal_8_vertical_coils,8,pairwise_180_concordant,8,100.0,2400.0,CCW,26.003,18.387,1.0,0.023,0.0172,-0.9578,2.15,97.89,-6.064,140.22,322.51,562.99,15.864,2.636,0.0,18.5,0.964,True,1
var11_toroidal_8_vertical_coils,8,pairwise_180_concordant,8,120.0,0.0,CW,26.704,18.882,1.0,0.0224,0.0168,0.96,2.15,98.0,3.909,150.26,345.61,693.8,15.765,2.735,0.0,18.5,0.888,True,1
var11_toroidal_8_vertical_coils,8,pairwise_180_concordant,8,120.0,0.0,CCW,26.704,18.882,1.0,0.0224,0.0168,-0.96,2.15,98.0,-3.909,150.26,345.61,693.8,15.765,2.735,0.0,18.5,0.888,True,1
var11_toroidal_8_vertical_coils,8,pairwise_180_concordant,8,120.0,600.0,CW,26.704,18.882,1.0,0.0224,0.0168,0.96,2.15,98.0,4.534,150.26,345.61,693.8,15.765,2.735,0.0,18.5,0.908,True,1
var11_toroidal_8_vertical_coils,8,pairwise_180_concordant,8,120.0,600.0,CCW,26.704,18.882,1.0,0.0224,0.0168,-0.96,2.15,98.0,-4.534,150.26,345.61,693.8,15.765,2.735,0.0,18.5,0.908,True,1
var11_toroidal_8_vertical_coils,8,pairwise_180_concordant,8,120.0,1200.0,CW,26.704,18.882,1.0,0.0224,0.0168,0.96,2.15,98.0,5.16,150.26,345.61,693.8,15.765,2.735,0.0,18.5,0.928,True,1
var11_toroidal_8_vertical_coils,8,pairwise_180_concordant,8,120.0,1200.0,CCW,26.704,18.882,1.0,0.0224,0.0168,-0.96,2.15,98.0,-5.16,150.26,345.61,693.8,15.765,2.735,0.0,18.5,0.928,True,1
var11_toroidal_8_vertical_coils,8,pairwise_180_concordant,8,120.0,2400.0,CW,26.704,18.882,1.0,0.0224,0.0168,0.96,2.15,98.0,6.41,150.26,345.61,693.8,15.765,2.735,0.0,18.5,0.968,True,1
var11_toroidal_8_vertical_coils,8,pairwise_180_concordant,8,120.0,2400.0,CCW,26.704,18.882,1.0,0.0224,0.0168,-0.96,2.15,98.0,-6.41,150.26,345.61,693.8,15.765,2.735,0.0,18.5,0.968,True,1
var11_toroidal_8_vertical_coils,8,pairwise_180_concordant,8,150.0,0.0,CW,25.364,17.935,1.0,0.0235,0.0176,0.9558,2.15,97.79,3.511,131.48,302.41,823.74,15.939,2.561,0.0,18.5,0.893,True,1
var11_toroidal_8_vertical_coils,8,pairwise_180_concordant,8,150.0,0.0,CCW,25.364,17.935,1.0,0.0235,0.0176,-0.9558,2.15,97.79,-3.511,131.48,302.41,823.74,15.939,2.561,0.0,18.5,0.893,True,1
var11_toroidal_8_vertical_coils,8,pairwise_180_concordant,8,150.0,600.0,CW,25.364,17.935,1.0,0.0235,0.0176,0.9558,2.15,97.79,4.073,131.48,302.41,823.74,15.939,2.561,0.0,18.5,0.913,True,1
var11_toroidal_8_vertical_coils,8,pairwise_180_concordant,8,150.0,600.0,CCW,25.364,17.935,1.0,0.0235,0.0176,-0.9558,2.15,97.79,-4.073,131.48,302.41,823.74,15.939,2.561,0.0,18.5,0.913,True,1
var11_toroidal_8_vertical_coils,8,pairwise_180_concordant,8,150.0,1200.0,CW,25.364,17.935,1.0,0.0235,0.0176,0.9558,2.15,97.79,4.634,131.48,302.41,823.74,15.939,2.561,0.0,18.5,0.933,True,1
var11_toroidal_8_vertical_coils,8,pairwise_180_concordant,8,150.0,1200.0,CCW,25.364,17.935,1.0,0.0235,0.0176,-0.9558,2.15,97.79,-4.634,131.48,302.41,823.74,15.939,2.561,0.0,18.5,0.933,True,1
var11_toroidal_8_vertical_coils,8,pairwise_180_concordant,8,150.0,2400.0,CW,25.364,17.935,1.0,0.0235,0.0176,0.9558,2.15,97.79,5.758,131.48,302.41,823.74,15.939,2.561,0.0,18.5,0.973,True,1
var11_toroidal_8_vertical_coils,8,pairwise_180_concordant,8,150.0,2400.0,CCW,25.364,17.935,1.0,0.0235,0.0176,-0.9558,2.15,97.79,-5.758,131.48,302.41,823.74,15.939,2.561,0.0,18.5,0.973,True,1
var11_toroidal_8_vertical_coils,8,pairwise_180_concordant,8,200.0,0.0,CW,23.224,16.422,1.0,0.0252,0.0189,0.949,2.15,97.45,2.923,104.71,240.82,1005.69,16.219,2.281,0.0,18.5,0.901,True,1
var11_toroidal_8_vertical_coils,8,pairwise_180_concordant,8,200.0,0.0,CCW,23.224,16.422,1.0,0.0252,0.0189,-0.949,2.15,97.45,-2.923,104.71,240.82,1005.69,16.219,2.281,0.0,18.5,0.901,True,1
var11_toroidal_8_vertical_coils,8,pairwise_180_concordant,8,200.0,600.0,CW,23.224,16.422,1.0,0.0252,0.0189,0.949,2.15,97.45,3.39,104.71,240.82,1005.69,16.219,2.281,0.0,18.5,0.921,True,1
var11_toroidal_8_vertical_coils,8,pairwise_180_concordant,8,200.0,600.0,CCW,23.224,16.422,1.0,0.0252,0.0189,-0.949,2.15,97.45,-3.39,104.71,240.82,1005.69,16.219,2.281,0.0,18.5,0.921,True,1
var11_toroidal_8_vertical_coils,8,pairwise_180_concordant,8,200.0,1200.0,CW,23.224,16.422,1.0,0.0252,0.0189,0.949,2.15,97.45,3.858,104.71,240.82,1005.69,16.219,2.281,0.0,18.5,0.942,True,1
var11_toroidal_8_vertical_coils,8,pairwise_180_concordant,8,200.0,1200.0,CCW,23.224,16.422,1.0,0.0252,0.0189,-0.949,2.15,97.45,-3.858,104.71,240.82,1005.69,16.219,2.281,0.0,18.5,0.942,True,1
var11_toroidal_8_vertical_coils,8,pairwise_180_concordant,8,200.0,2400.0,CW,23.224,16.422,1.0,0.0252,0.0189,0.949,2.15,97.45,4.793,104.71,240.82,1005.69,16.219,2.281,0.0,18.5,0.981,True,1
var11_toroidal_8_vertical_coils,8,pairwise_180_concordant,8,200.0,2400.0,CCW,23.224,16.422,1.0,0.0252,0.0189,-0.949,2.15,97.45,-4.793,104.71,240.82,1005.69,16.219,2.281,0.0,18.5,0.981,True,1
var11_toroidal_8_vertical_coils,8,pairwise_180_concordant,8,400.0,0.0,CW,22.102,15.628,1.0,0.0261,0.0195,0.9454,2.15,97.27,2.637,92.22,212.11,1914.15,16.327,2.173,0.0,18.5,0.935,True,1
var11_toroidal_8_vertical_coils,8,pairwise_180_concordant,8,400.0,0.0,CCW,22.102,15.628,1.0,0.0261,0.0195,-0.9454,2.15,97.27,-2.637,92.22,212.11,1914.15,16.327,2.173,0.0,18.5,0.935,True,1
var11_toroidal_8_vertical_coils,8,pairwise_180_concordant,8,400.0,600.0,CW,22.102,15.628,1.0,0.0261,0.0195,0.9454,2.15,97.27,3.059,92.22,212.11,1914.15,16.327,2.173,0.0,18.5,0.955,True,1
var11_toroidal_8_vertical_coils,8,pairwise_180_concordant,8,400.0,600.0,CCW,22.102,15.628,1.0,0.0261,0.0195,-0.9454,2.15,97.27,-3.059,92.22,212.11,1914.15,16.327,2.173,0.0,18.5,0.955,True,1
var11_toroidal_8_vertical_coils,8,pairwise_180_concordant,8,400.0,1200.0,CW,22.102,15.628,1.0,0.0261,0.0195,0.9454,2.15,97.27,3.481,92.22,212.11,1914.15,16.327,2.173,0.0,18.5,0.975,True,1
var11_toroidal_8_vertical_coils,8,pairwise_180_concordant,8,400.0,1200.0,CCW,22.102,15.628,1.0,0.0261,0.0195,-0.9454,2.15,97.27,-3.481,92.22,212.11,1914.15,16.327,2.173,0.0,18.5,0.975,True,1
var11_toroidal_8_vertical_coils,8,pairwise_180_concordant,8,400.0,2400.0,CW,22.102,15.628,1.0,0.0261,0.0195,0.9454,2.15,97.27,4.325,92.22,212.11,1914.15,16.327,2.173,0.0,18.5,1.016,True,1
var11_toroidal_8_vertical_coils,8,pairwise_180_concordant,8,400.0,2400.0,CCW,22.102,15.628,1.0,0.0261,0.0195,-0.9454,2.15,97.27,-4.325,92.22,212.11,1914.15,16.327,2.173,0.0,18.5,1.016,True,1
var11_toroidal_8_vertical_coils,8,pairwise_180_concordant,8,800.0,0.0,CW,21.935,15.51,1.0,0.0261,0.0196,0.9451,2.15,97.25,2.596,90.58,208.33,3799.39,16.255,2.245,0.0,18.5,1.004,True,1
var11_toroidal_8_vertical_coils,8,pairwise_180_concordant,8,800.0,0.0,CCW,21.935,15.51,1.0,0.0261,0.0196,-0.9451,2.15,97.25,-2.596,90.58,208.33,3799.39,16.255,2.245,0.0,18.5,1.004,True,1
var11_toroidal_8_vertical_coils,8,pairwise_180_concordant,8,800.0,600.0,CW,21.935,15.51,1.0,0.0261,0.0196,0.9451,2.15,97.25,3.012,90.58,208.33,3799.39,16.255,2.245,0.0,18.5,1.024,True,1
var11_toroidal_8_vertical_coils,8,pairwise_180_concordant,8,800.0,600.0,CCW,21.935,15.51,1.0,0.0261,0.0196,-0.9451,2.15,97.25,-3.012,90.58,208.33,3799.39,16.255,2.245,0.0,18.5,1.024,True,1
var11_toroidal_8_vertical_coils,8,pairwise_180_concordant,8,800.0,1200.0,CW,21.935,15.51,1.0,0.0261,0.0196,0.9451,2.15,97.25,3.427,90.58,208.33,3799.39,16.255,2.245,0.0,18.5,1.044,True,1
var11_toroidal_8_vertical_coils,8,pairwise_180_concordant,8,800.0,1200.0,CCW,21.935,15.51,1.0,0.0261,0.0196,-0.9451,2.15,97.25,-3.427,90.58,208.33,3799.39,16.255,2.245,0.0,18.5,1.044,True,1
var11_toroidal_8_vertical_coils,8,pairwise_180_concordant,8,800.0,2400.0,CW,21.935,15.51,1.0,0.0261,0.0196,0.9451,2.15,97.25,4.258,90.58,208.33,3799.39,16.255,2.245,0.0,18.5,1.084,True,1
var11_toroidal_8_vertical_coils,8,pairwise_180_concordant,8,800.0,2400.0,CCW,21.935,15.51,1.0,0.0261,0.0196,-0.9451,2.15,97.25,-4.258,90.58,208.33,3799.39,16.255,2.245,0.0,18.5,1.084,True,1
var11_toroidal_8_vertical_coils,8,pairwise_180_concordant,8,1000.0,0.0,CW,21.897,15.483,1.0,0.0262,0.0196,0.945,2.15,97.25,2.587,90.24,207.56,4740.93,16.213,2.287,0.0,18.5,1.038,True,1
var11_toroidal_8_vertical_coils,8,pairwise_180_concordant,8,1000.0,0.0,CCW,21.897,15.483,1.0,0.0262,0.0196,-0.945,2.15,97.25,-2.587,90.24,207.56,4740.93,16.213,2.287,0.0,18.5,1.038,True,1
var11_toroidal_8_vertical_coils,8,pairwise_180_concordant,8,1000.0,600.0,CW,21.897,15.483,1.0,0.0262,0.0196,0.945,2.15,97.25,3.001,90.24,207.56,4740.93,16.213,2.287,0.0,18.5,1.058,True,1
var11_toroidal_8_vertical_coils,8,pairwise_180_concordant,8,1000.0,600.0,CCW,21.897,15.483,1.0,0.0262,0.0196,-0.945,2.15,97.25,-3.001,90.24,207.56,4740.93,16.213,2.287,0.0,18.5,1.058,True,1
var11_toroidal_8_vertical_coils,8,pairwise_180_concordant,8,1000.0,1200.0,CW,21.897,15.483,1.0,0.0262,0.0196,0.945,2.15,97.25,3.415,90.24,207.56,4740.93,16.213,2.287,0.0,18.5,1.078,True,1
var11_toroidal_8_vertical_coils,8,pairwise_180_concordant,8,1000.0,1200.0,CCW,21.897,15.483,1.0,0.0262,0.0196,-0.945,2.15,97.25,-3.415,90.24,207.56,4740.93,16.213,2.287,0.0,18.5,1.078,True,1
var11_toroidal_8_vertical_coils,8,pairwise_180_concordant,8,1000.0,2400.0,CW,21.897,15.483,1.0,0.0262,0.0196,0.945,2.15,97.25,4.243,90.24,207.56,4740.93,16.213,2.287,0.0,18.5,1.118,True,1
var11_toroidal_8_vertical_coils,8,pairwise_180_concordant,8,1000.0,2400.0,CCW,21.897,15.483,1.0,0.0262,0.0196,-0.945,2.15,97.25,-4.243,90.24,207.56,4740.93,16.213,2.287,0.0,18.5,1.118,True,1
var12_toroidal_24_vertical_coils,24,pairwise_180_concordant,1,25.0,0.0,CW,25.889,18.306,1.0,0.0128,0.0096,0.987,1.65,99.35,6.023,169.82,390.58,140.13,16.271,2.229,0.0,18.5,0.872,True,1
var12_toroidal_24_vertical_coils,24,pairwise_180_concordant,1,25.0,0.0,CCW,25.889,18.306,1.0,0.0128,0.0096,-0.987,1.65,99.35,-6.023,169.82,390.58,140.13,16.271,2.229,0.0,18.5,0.872,True,1
var12_toroidal_24_vertical_coils,24,pairwise_180_concordant,1,25.0,600.0,CW,25.889,18.306,1.0,0.0128,0.0096,0.987,1.65,99.35,6.987,169.82,390.58,140.13,16.271,2.229,0.0,18.5,0.892,True,1
var12_toroidal_24_vertical_coils,24,pairwise_180_concordant,1,25.0,600.0,CCW,25.889,18.306,1.0,0.0128,0.0096,-0.987,1.65,99.35,-6.987,169.82,390.58,140.13,16.271,2.229,0.0,18.5,0.892,True,1
var12_toroidal_24_vertical_coils,24,pairwise_180_concordant,1,25.0,1200.0,CW,25.889,18.306,1.0,0.0128,0.0096,0.987,1.65,99.35,7.951,169.82,390.58,140.13,16.271,2.229,0.0,18.5,0.912,True,1
var12_toroidal_24_vertical_coils,24,pairwise_180_concordant,1,25.0,1200.0,CCW,25.889,18.306,1.0,0.0128,0.0096,-0.987,1.65,99.35,-7.951,169.82,390.58,140.13,16.271,2.229,0.0,18.5,0.912,True,1
var12_toroidal_24_vertical_coils,24,pairwise_180_concordant,1,25.0,2400.0,CW,25.889,18.306,1.0,0.0128,0.0096,0.987,1.65,99.35,9.879,169.82,390.58,140.13,16.271,2.229,0.0,18.5,0.952,True,1
var12_toroidal_24_vertical_coils,24,pairwise_180_concordant,1,25.0,2400.0,CCW,25.889,18.306,1.0,0.0128,0.0096,-0.987,1.65,99.35,-9.879,169.82,390.58,140.13,16.271,2.229,0.0,18.5,0.952,True,1
var12_toroidal_24_vertical_coils,24,pairwise_180_concordant,1,50.0,0.0,CW,26.495,18.735,1.0,0.0123,0.0092,0.9882,1.65,99.41,6.316,180.29,414.66,286.83,16.19,2.31,0.0,18.5,0.877,True,1
var12_toroidal_24_vertical_coils,24,pairwise_180_concordant,1,50.0,0.0,CCW,26.495,18.735,1.0,0.0123,0.0092,-0.9882,1.65,99.41,-6.316,180.29,414.66,286.83,16.19,2.31,0.0,18.5,0.877,True,1
var12_toroidal_24_vertical_coils,24,pairwise_180_concordant,1,50.0,600.0,CW,26.495,18.735,1.0,0.0123,0.0092,0.9882,1.65,99.41,7.327,180.29,414.66,286.83,16.19,2.31,0.0,18.5,0.897,True,1
var12_toroidal_24_vertical_coils,24,pairwise_180_concordant,1,50.0,600.0,CCW,26.495,18.735,1.0,0.0123,0.0092,-0.9882,1.65,99.41,-7.327,180.29,414.66,286.83,16.19,2.31,0.0,18.5,0.897,True,1
var12_toroidal_24_vertical_coils,24,pairwise_180_concordant,1,50.0,1200.0,CW,26.495,18.735,1.0,0.0123,0.0092,0.9882,1.65,99.41,8.337,180.29,414.66,286.83,16.19,2.31,0.0,18.5,0.917,True,1
var12_toroidal_24_vertical_coils,24,pairwise_180_concordant,1,50.0,1200.0,CCW,26.495,18.735,1.0,0.0123,0.0092,-0.9882,1.65,99.41,-8.337,180.29,414.66,286.83,16.19,2.31,0.0,18.5,0.917,True,1
var12_toroidal_24_vertical_coils,24,pairwise_180_concordant,1,50.0,2400.0,CW,26.495,18.735,1.0,0.0123,0.0092,0.9882,1.65,99.41,10.359,180.29,414.66,286.83,16.19,2.31,0.0,18.5,0.957,True,1
var12_toroidal_24_vertical_coils,24,pairwise_180_concordant,1,50.0,2400.0,CCW,26.495,18.735,1.0,0.0123,0.0092,-0.9882,1.65,99.41,-10.359,180.29,414.66,286.83,16.19,2.31,0.0,18.5,0.957,True,1
var12_toroidal_24_vertical_coils,24,pairwise_180_concordant,1,60.0,0.0,CW,26.864,18.996,1.0,0.0119,0.0089,0.9889,1.65,99.45,6.498,186.85,429.75,348.98,16.142,2.358,0.0,18.5,0.878,True,1
var12_toroidal_24_vertical_coils,24,pairwise_180_concordant,1,60.0,0.0,CCW,26.864,18.996,1.0,0.0119,0.0089,-0.9889,1.65,99.45,-6.498,186.85,429.75,348.98,16.142,2.358,0.0,18.5,0.878,True,1
var12_toroidal_24_vertical_coils,24,pairwise_180_concordant,1,60.0,600.0,CW,26.864,18.996,1.0,0.0119,0.0089,0.9889,1.65,99.45,7.537,186.85,429.75,348.98,16.142,2.358,0.0,18.5,0.898,True,1
var12_toroidal_24_vertical_coils,24,pairwise_180_concordant,1,60.0,600.0,CCW,26.864,18.996,1.0,0.0119,0.0089,-0.9889,1.65,99.45,-7.537,186.85,429.75,348.98,16.142,2.358,0.0,18.5,0.898,True,1
var12_toroidal_24_vertical_coils,24,pairwise_180_concordant,1,60.0,1200.0,CW,26.864,18.996,1.0,0.0119,0.0089,0.9889,1.65,99.45,8.577,186.85,429.75,348.98,16.142,2.358,0.0,18.5,0.918,True,1
var12_toroidal_24_vertical_coils,24,pairwise_180_concordant,1,60.0,1200.0,CCW,26.864,18.996,1.0,0.0119,0.0089,-0.9889,1.65,99.45,-8.577,186.85,429.75,348.98,16.142,2.358,0.0,18.5,0.918,True,1
var12_toroidal_24_vertical_coils,24,pairwise_180_concordant,1,60.0,2400.0,CW,26.864,18.996,1.0,0.0119,0.0089,0.9889,1.65,99.45,10.656,186.85,429.75,348.98,16.142,2.358,0.0,18.5,0.958,True,1
var12_toroidal_24_vertical_coils,24,pairwise_180_concordant,1,60.0,2400.0,CCW,26.864,18.996,1.0,0.0119,0.0089,-0.9889,1.65,99.45,-10.656,186.85,429.75,348.98,16.142,2.358,0.0,18.5,0.958,True,1
var12_toroidal_24_vertical_coils,24,pairwise_180_concordant,1,100.0,0.0,CW,29.307,20.723,1.0,0.0091,0.0068,0.9935,1.65,99.68,7.769,234.15,538.54,634.53,15.834,2.666,0.0,18.5,0.885,True,1
var12_toroidal_24_vertical_coils,24,pairwise_180_concordant,1,100.0,0.0,CCW,29.307,20.723,1.0,0.0091,0.0068,-0.9935,1.65,99.68,-7.769,234.15,538.54,634.53,15.834,2.666,0.0,18.5,0.885,True,1
var12_toroidal_24_vertical_coils,24,pairwise_180_concordant,1,100.0,600.0,CW,29.307,20.723,1.0,0.0091,0.0068,0.9935,1.65,99.68,9.013,234.15,538.54,634.53,15.834,2.666,0.0,18.5,0.905,True,1
var12_toroidal_24_vertical_coils,24,pairwise_180_concordant,1,100.0,600.0,CCW,29.307,20.723,1.0,0.0091,0.0068,-0.9935,1.65,99.68,-9.013,234.15,538.54,634.53,15.834,2.666,0.0,18.5,0.905,True,1
var12_toroidal_24_vertical_coils,24,pairwise_180_concordant,1,100.0,1200.0,CW,29.307,20.723,1.0,0.0091,0.0068,0.9935,1.65,99.68,10.256,234.15,538.54,634.53,15.834,2.666,0.0,18.5,0.925,True,1
var12_toroidal_24_vertical_coils,24,pairwise_180_concordant,1,100.0,1200.0,CCW,29.307,20.723,1.0,0.0091,0.0068,-0.9935,1.65,99.68,-10.256,234.15,538.54,634.53,15.834,2.666,0.0,18.5,0.925,True,1
var12_toroidal_24_vertical_coils,24,pairwise_180_concordant,1,100.0,2400.0,CW,29.307,20.723,1.0,0.0091,0.0068,0.9935,1.65,99.68,12.742,234.15,538.54,634.53,15.834,2.666,0.0,18.5,0.965,True,1
var12_toroidal_24_vertical_coils,24,pairwise_180_concordant,1,100.0,2400.0,CCW,29.307,20.723,1.0,0.0091,0.0068,-0.9935,1.65,99.68,-12.742,234.15,538.54,634.53,15.834,2.666,0.0,18.5,0.965,True,1
var12_toroidal_24_vertical_coils,24,pairwise_180_concordant,1,120.0,0.0,CW,30.095,21.281,1.0,0.008,0.006,0.995,1.65,99.75,8.205,250.9,577.07,781.93,15.734,2.766,0.0,18.5,0.889,True,1
var12_toroidal_24_vertical_coils,24,pairwise_180_concordant,1,120.0,0.0,CCW,30.095,21.281,1.0,0.008,0.006,-0.995,1.65,99.75,-8.205,250.9,577.07,781.93,15.734,2.766,0.0,18.5,0.889,True,1
var12_toroidal_24_vertical_coils,24,pairwise_180_concordant,1,120.0,600.0,CW,30.095,21.281,1.0,0.008,0.006,0.995,1.65,99.75,9.518,250.9,577.07,781.93,15.734,2.766,0.0,18.5,0.909,True,1
var12_toroidal_24_vertical_coils,24,pairwise_180_concordant,1,120.0,600.0,CCW,30.095,21.281,1.0,0.008,0.006,-0.995,1.65,99.75,-9.518,250.9,577.07,781.93,15.734,2.766,0.0,18.5,0.909,True,1
var12_toroidal_24_vertical_coils,24,pairwise_180_concordant,1,120.0,1200.0,CW,30.095,21.281,1.0,0.008,0.006,0.995,1.65,99.75,10.831,250.9,577.07,781.93,15.734,2.766,0.0,18.5,0.929,True,1
var12_toroidal_24_vertical_coils,24,pairwise_180_concordant,1,120.0,1200.0,CCW,30.095,21.281,1.0,0.008,0.006,-0.995,1.65,99.75,-10.831,250.9,577.07,781.93,15.734,2.766,0.0,18.5,0.929,True,1
var12_toroidal_24_vertical_coils,24,pairwise_180_concordant,1,120.0,2400.0,CW,30.095,21.281,1.0,0.008,0.006,0.995,1.65,99.75,13.457,250.9,577.07,781.93,15.734,2.766,0.0,18.5,0.969,True,1
var12_toroidal_24_vertical_coils,24,pairwise_180_concordant,1,120.0,2400.0,CCW,30.095,21.281,1.0,0.008,0.006,-0.995,1.65,99.75,-13.457,250.9,577.07,781.93,15.734,2.766,0.0,18.5,0.969,True,1
var12_toroidal_24_vertical_coils,24,pairwise_180_concordant,1,150.0,0.0,CW,28.588,20.214,1.0,0.01,0.0075,0.9922,1.65,99.61,7.383,219.57,505.02,928.44,15.909,2.591,0.0,18.5,0.894,True,1
var12_toroidal_24_vertical_coils,24,pairwise_180_concordant,1,150.0,0.0,CCW,28.588,20.214,1.0,0.01,0.0075,-0.9922,1.65,99.61,-7.383,219.57,505.02,928.44,15.909,2.591,0.0,18.5,0.894,True,1
var12_toroidal_24_vertical_coils,24,pairwise_180_concordant,1,150.0,600.0,CW,28.588,20.214,1.0,0.01,0.0075,0.9922,1.65,99.61,8.564,219.57,505.02,928.44,15.909,2.591,0.0,18.5,0.914,True,1
var12_toroidal_24_vertical_coils,24,pairwise_180_concordant,1,150.0,600.0,CCW,28.588,20.214,1.0,0.01,0.0075,-0.9922,1.65,99.61,-8.564,219.57,505.02,928.44,15.909,2.591,0.0,18.5,0.914,True,1
var12_toroidal_24_vertical_coils,24,pairwise_180_concordant,1,150.0,1200.0,CW,28.588,20.214,1.0,0.01,0.0075,0.9922,1.65,99.61,9.745,219.57,505.02,928.44,15.909,2.591,0.0,18.5,0.934,True,1
var12_toroidal_24_vertical_coils,24,pairwise_180_concordant,1,150.0,1200.0,CCW,28.588,20.214,1.0,0.01,0.0075,-0.9922,1.65,99.61,-9.745,219.57,505.02,928.44,15.909,2.591,0.0,18.5,0.934,True,1
var12_toroidal_24_vertical_coils,24,pairwise_180_concordant,1,150.0,2400.0,CW,28.588,20.214,1.0,0.01,0.0075,0.9922,1.65,99.61,12.108,219.57,505.02,928.44,15.909,2.591,0.0,18.5,0.974,True,1
var12_toroidal_24_vertical_coils,24,pairwise_180_concordant,1,150.0,2400.0,CCW,28.588,20.214,1.0,0.01,0.0075,-0.9922,1.65,99.61,-12.108,219.57,505.02,928.44,15.909,2.591,0.0,18.5,0.974,True,1
var12_toroidal_24_vertical_coils,24,pairwise_180_concordant,1,200.0,0.0,CW,26.179,18.512,1.0,0.0125,0.0094,0.9876,1.65,99.38,6.163,174.9,402.26,1133.65,16.193,2.307,0.0,18.5,0.902,True,1
var12_toroidal_24_vertical_coils,24,pairwise_180_concordant,1,200.0,0.0,CCW,26.179,18.512,1.0,0.0125,0.0094,-0.9876,1.65,99.38,-6.163,174.9,402.26,1133.65,16.193,2.307,0.0,18.5,0.902,True,1
var12_toroidal_24_vertical_coils,24,pairwise_180_concordant,1,200.0,600.0,CW,26.179,18.512,1.0,0.0125,0.0094,0.9876,1.65,99.38,7.149,174.9,402.26,1133.65,16.193,2.307,0.0,18.5,0.922,True,1
var12_toroidal_24_vertical_coils,24,pairwise_180_concordant,1,200.0,600.0,CCW,26.179,18.512,1.0,0.0125,0.0094,-0.9876,1.65,99.38,-7.149,174.9,402.26,1133.65,16.193,2.307,0.0,18.5,0.922,True,1
var12_toroidal_24_vertical_coils,24,pairwise_180_concordant,1,200.0,1200.0,CW,26.179,18.512,1.0,0.0125,0.0094,0.9876,1.65,99.38,8.135,174.9,402.26,1133.65,16.193,2.307,0.0,18.5,0.942,True,1
var12_toroidal_24_vertical_coils,24,pairwise_180_concordant,1,200.0,1200.0,CCW,26.179,18.512,1.0,0.0125,0.0094,-0.9876,1.65,99.38,-8.135,174.9,402.26,1133.65,16.193,2.307,0.0,18.5,0.942,True,1
var12_toroidal_24_vertical_coils,24,pairwise_180_concordant,1,200.0,2400.0,CW,26.179,18.512,1.0,0.0125,0.0094,0.9876,1.65,99.38,10.107,174.9,402.26,1133.65,16.193,2.307,0.0,18.5,0.982,True,1
var12_toroidal_24_vertical_coils,24,pairwise_180_concordant,1,200.0,2400.0,CCW,26.179,18.512,1.0,0.0125,0.0094,-0.9876,1.65,99.38,-10.107,174.9,402.26,1133.65,16.193,2.307,0.0,18.5,0.982,True,1
var12_toroidal_24_vertical_coils,24,pairwise_180_concordant,1,400.0,0.0,CW,24.915,17.618,1.0,0.0137,0.0103,0.9853,1.65,99.26,5.569,154.06,354.34,2157.79,16.302,2.198,0.0,18.5,0.936,True,1
var12_toroidal_24_vertical_coils,24,pairwise_180_concordant,1,400.0,0.0,CCW,24.915,17.618,1.0,0.0137,0.0103,-0.9853,1.65,99.26,-5.569,154.06,354.34,2157.79,16.302,2.198,0.0,18.5,0.936,True,1
var12_toroidal_24_vertical_coils,24,pairwise_180_concordant,1,400.0,600.0,CW,24.915,17.618,1.0,0.0137,0.0103,0.9853,1.65,99.26,6.46,154.06,354.34,2157.79,16.302,2.198,0.0,18.5,0.956,True,1
var12_toroidal_24_vertical_coils,24,pairwise_180_concordant,1,400.0,600.0,CCW,24.915,17.618,1.0,0.0137,0.0103,-0.9853,1.65,99.26,-6.46,154.06,354.34,2157.79,16.302,2.198,0.0,18.5,0.956,True,1
var12_toroidal_24_vertical_coils,24,pairwise_180_concordant,1,400.0,1200.0,CW,24.915,17.618,1.0,0.0137,0.0103,0.9853,1.65,99.26,7.351,154.06,354.34,2157.79,16.302,2.198,0.0,18.5,0.976,True,1
var12_toroidal_24_vertical_coils,24,pairwise_180_concordant,1,400.0,1200.0,CCW,24.915,17.618,1.0,0.0137,0.0103,-0.9853,1.65,99.26,-7.351,154.06,354.34,2157.79,16.302,2.198,0.0,18.5,0.976,True,1
var12_toroidal_24_vertical_coils,24,pairwise_180_concordant,1,400.0,2400.0,CW,24.915,17.618,1.0,0.0137,0.0103,0.9853,1.65,99.26,9.133,154.06,354.34,2157.79,16.302,2.198,0.0,18.5,1.016,True,1
var12_toroidal_24_vertical_coils,24,pairwise_180_concordant,1,400.0,2400.0,CCW,24.915,17.618,1.0,0.0137,0.0103,-0.9853,1.65,99.26,-9.133,154.06,354.34,2157.79,16.302,2.198,0.0,18.5,1.016,True,1
var12_toroidal_24_vertical_coils,24,pairwise_180_concordant,1,800.0,0.0,CW,24.726,17.484,1.0,0.0138,0.0103,0.985,1.65,99.25,5.483,151.3,348.0,4282.87,16.229,2.271,0.0,18.5,1.004,True,1
var12_toroidal_24_vertical_coils,24,pairwise_180_concordant,1,800.0,0.0,CCW,24.726,17.484,1.0,0.0138,0.0103,-0.985,1.65,99.25,-5.483,151.3,348.0,4282.87,16.229,2.271,0.0,18.5,1.004,True,1
var12_toroidal_24_vertical_coils,24,pairwise_180_concordant,1,800.0,600.0,CW,24.726,17.484,1.0,0.0138,0.0103,0.985,1.65,99.25,6.361,151.3,348.0,4282.87,16.229,2.271,0.0,18.5,1.024,True,1
var12_toroidal_24_vertical_coils,24,pairwise_180_concordant,1,800.0,600.0,CCW,24.726,17.484,1.0,0.0138,0.0103,-0.985,1.65,99.25,-6.361,151.3,348.0,4282.87,16.229,2.271,0.0,18.5,1.024,True,1
var12_toroidal_24_vertical_coils,24,pairwise_180_concordant,1,800.0,1200.0,CW,24.726,17.484,1.0,0.0138,0.0103,0.985,1.65,99.25,7.238,151.3,348.0,4282.87,16.229,2.271,0.0,18.5,1.044,True,1
var12_toroidal_24_vertical_coils,24,pairwise_180_concordant,1,800.0,1200.0,CCW,24.726,17.484,1.0,0.0138,0.0103,-0.985,1.65,99.25,-7.238,151.3,348.0,4282.87,16.229,2.271,0.0,18.5,1.044,True,1
var12_toroidal_24_vertical_coils,24,pairwise_180_concordant,1,800.0,2400.0,CW,24.726,17.484,1.0,0.0138,0.0103,0.985,1.65,99.25,8.993,151.3,348.0,4282.87,16.229,2.271,0.0,18.5,1.084,True,1
var12_toroidal_24_vertical_coils,24,pairwise_180_concordant,1,800.0,2400.0,CCW,24.726,17.484,1.0,0.0138,0.0103,-0.985,1.65,99.25,-8.993,151.3,348.0,4282.87,16.229,2.271,0.0,18.5,1.084,True,1
var12_toroidal_24_vertical_coils,24,pairwise_180_concordant,1,1000.0,0.0,CW,24.683,17.453,1.0,0.0138,0.0103,0.985,1.65,99.25,5.464,150.73,346.69,5344.13,16.187,2.313,0.0,18.5,1.038,True,1
var12_toroidal_24_vertical_coils,24,pairwise_180_concordant,1,1000.0,0.0,CCW,24.683,17.453,1.0,0.0138,0.0103,-0.985,1.65,99.25,-5.464,150.73,346.69,5344.13,16.187,2.313,0.0,18.5,1.038,True,1
var12_toroidal_24_vertical_coils,24,pairwise_180_concordant,1,1000.0,600.0,CW,24.683,17.453,1.0,0.0138,0.0103,0.985,1.65,99.25,6.338,150.73,346.69,5344.13,16.187,2.313,0.0,18.5,1.058,True,1
var12_toroidal_24_vertical_coils,24,pairwise_180_concordant,1,1000.0,600.0,CCW,24.683,17.453,1.0,0.0138,0.0103,-0.985,1.65,99.25,-6.338,150.73,346.69,5344.13,16.187,2.313,0.0,18.5,1.058,True,1
var12_toroidal_24_vertical_coils,24,pairwise_180_concordant,1,1000.0,1200.0,CW,24.683,17.453,1.0,0.0138,0.0103,0.985,1.65,99.25,7.212,150.73,346.69,5344.13,16.187,2.313,0.0,18.5,1.078,True,1
var12_toroidal_24_vertical_coils,24,pairwise_180_concordant,1,1000.0,1200.0,CCW,24.683,17.453,1.0,0.0138,0.0103,-0.985,1.65,99.25,-7.212,150.73,346.69,5344.13,16.187,2.313,0.0,18.5,1.078,True,1
var12_toroidal_24_vertical_coils,24,pairwise_180_concordant,1,1000.0,2400.0,CW,24.683,17.453,1.0,0.0138,0.0103,0.985,1.65,99.25,8.961,150.73,346.69,5344.13,16.187,2.313,0.0,18.5,1.118,True,1
var12_toroidal_24_vertical_coils,24,pairwise_180_concordant,1,1000.0,2400.0,CCW,24.683,17.453,1.0,0.0138,0.0103,-0.985,1.65,99.25,-8.961,150.73,346.69,5344.13,16.187,2.313,0.0,18.5,1.118,True,1
var12_toroidal_24_vertical_coils,24,pairwise_180_concordant,2,25.0,0.0,CW,25.889,18.306,1.0,0.0128,0.0096,0.987,1.65,99.35,6.023,169.82,390.58,140.13,16.271,2.229,0.0,18.5,0.872,True,1
var12_toroidal_24_vertical_coils,24,pairwise_180_concordant,2,25.0,0.0,CCW,25.889,18.306,1.0,0.0128,0.0096,-0.987,1.65,99.35,-6.023,169.82,390.58,140.13,16.271,2.229,0.0,18.5,0.872,True,1
var12_toroidal_24_vertical_coils,24,pairwise_180_concordant,2,25.0,600.0,CW,25.889,18.306,1.0,0.0128,0.0096,0.987,1.65,99.35,6.987,169.82,390.58,140.13,16.271,2.229,0.0,18.5,0.892,True,1
var12_toroidal_24_vertical_coils,24,pairwise_180_concordant,2,25.0,600.0,CCW,25.889,18.306,1.0,0.0128,0.0096,-0.987,1.65,99.35,-6.987,169.82,390.58,140.13,16.271,2.229,0.0,18.5,0.892,True,1
var12_toroidal_24_vertical_coils,24,pairwise_180_concordant,2,25.0,1200.0,CW,25.889,18.306,1.0,0.0128,0.0096,0.987,1.65,99.35,7.951,169.82,390.58,140.13,16.271,2.229,0.0,18.5,0.912,True,1
var12_toroidal_24_vertical_coils,24,pairwise_180_concordant,2,25.0,1200.0,CCW,25.889,18.306,1.0,0.0128,0.0096,-0.987,1.65,99.35,-7.951,169.82,390.58,140.13,16.271,2.229,0.0,18.5,0.912,True,1
var12_toroidal_24_vertical_coils,24,pairwise_180_concordant,2,25.0,2400.0,CW,25.889,18.306,1.0,0.0128,0.0096,0.987,1.65,99.35,9.879,169.82,390.58,140.13,16.271,2.229,0.0,18.5,0.952,True,1
var12_toroidal_24_vertical_coils,24,pairwise_180_concordant,2,25.0,2400.0,CCW,25.889,18.306,1.0,0.0128,0.0096,-0.987,1.65,99.35,-9.879,169.82,390.58,140.13,16.271,2.229,0.0,18.5,0.952,True,1
var12_toroidal_24_vertical_coils,24,pairwise_180_concordant,2,50.0,0.0,CW,26.495,18.735,1.0,0.0123,0.0092,0.9882,1.65,99.41,6.316,180.29,414.66,286.83,16.19,2.31,0.0,18.5,0.877,True,1
var12_toroidal_24_vertical_coils,24,pairwise_180_concordant,2,50.0,0.0,CCW,26.495,18.735,1.0,0.0123,0.0092,-0.9882,1.65,99.41,-6.316,180.29,414.66,286.83,16.19,2.31,0.0,18.5,0.877,True,1
var12_toroidal_24_vertical_coils,24,pairwise_180_concordant,2,50.0,600.0,CW,26.495,18.735,1.0,0.0123,0.0092,0.9882,1.65,99.41,7.327,180.29,414.66,286.83,16.19,2.31,0.0,18.5,0.897,True,1
var12_toroidal_24_vertical_coils,24,pairwise_180_concordant,2,50.0,600.0,CCW,26.495,18.735,1.0,0.0123,0.0092,-0.9882,1.65,99.41,-7.327,180.29,414.66,286.83,16.19,2.31,0.0,18.5,0.897,True,1
var12_toroidal_24_vertical_coils,24,pairwise_180_concordant,2,50.0,1200.0,CW,26.495,18.735,1.0,0.0123,0.0092,0.9882,1.65,99.41,8.337,180.29,414.66,286.83,16.19,2.31,0.0,18.5,0.917,True,1
var12_toroidal_24_vertical_coils,24,pairwise_180_concordant,2,50.0,1200.0,CCW,26.495,18.735,1.0,0.0123,0.0092,-0.9882,1.65,99.41,-8.337,180.29,414.66,286.83,16.19,2.31,0.0,18.5,0.917,True,1
var12_toroidal_24_vertical_coils,24,pairwise_180_concordant,2,50.0,2400.0,CW,26.495,18.735,1.0,0.0123,0.0092,0.9882,1.65,99.41,10.359,180.29,414.66,286.83,16.19,2.31,0.0,18.5,0.957,True,1
var12_toroidal_24_vertical_coils,24,pairwise_180_concordant,2,50.0,2400.0,CCW,26.495,18.735,1.0,0.0123,0.0092,-0.9882,1.65,99.41,-10.359,180.29,414.66,286.83,16.19,2.31,0.0,18.5,0.957,True,1
var12_toroidal_24_vertical_coils,24,pairwise_180_concordant,2,60.0,0.0,CW,26.864,18.996,1.0,0.0119,0.0089,0.9889,1.65,99.45,6.498,186.85,429.75,348.98,16.142,2.358,0.0,18.5,0.878,True,1
var12_toroidal_24_vertical_coils,24,pairwise_180_concordant,2,60.0,0.0,CCW,26.864,18.996,1.0,0.0119,0.0089,-0.9889,1.65,99.45,-6.498,186.85,429.75,348.98,16.142,2.358,0.0,18.5,0.878,True,1
var12_toroidal_24_vertical_coils,24,pairwise_180_concordant,2,60.0,600.0,CW,26.864,18.996,1.0,0.0119,0.0089,0.9889,1.65,99.45,7.537,186.85,429.75,348.98,16.142,2.358,0.0,18.5,0.898,True,1
var12_toroidal_24_vertical_coils,24,pairwise_180_concordant,2,60.0,600.0,CCW,26.864,18.996,1.0,0.0119,0.0089,-0.9889,1.65,99.45,-7.537,186.85,429.75,348.98,16.142,2.358,0.0,18.5,0.898,True,1
var12_toroidal_24_vertical_coils,24,pairwise_180_concordant,2,60.0,1200.0,CW,26.864,18.996,1.0,0.0119,0.0089,0.9889,1.65,99.45,8.577,186.85,429.75,348.98,16.142,2.358,0.0,18.5,0.918,True,1
var12_toroidal_24_vertical_coils,24,pairwise_180_concordant,2,60.0,1200.0,CCW,26.864,18.996,1.0,0.0119,0.0089,-0.9889,1.65,99.45,-8.577,186.85,429.75,348.98,16.142,2.358,0.0,18.5,0.918,True,1
var12_toroidal_24_vertical_coils,24,pairwise_180_concordant,2,60.0,2400.0,CW,26.864,18.996,1.0,0.0119,0.0089,0.9889,1.65,99.45,10.656,186.85,429.75,348.98,16.142,2.358,0.0,18.5,0.958,True,1
var12_toroidal_24_vertical_coils,24,pairwise_180_concordant,2,60.0,2400.0,CCW,26.864,18.996,1.0,0.0119,0.0089,-0.9889,1.65,99.45,-10.656,186.85,429.75,348.98,16.142,2.358,0.0,18.5,0.958,True,1
var12_toroidal_24_vertical_coils,24,pairwise_180_concordant,2,100.0,0.0,CW,29.307,20.723,1.0,0.0091,0.0068,0.9935,1.65,99.68,7.769,234.15,538.54,634.53,15.834,2.666,0.0,18.5,0.885,True,1
var12_toroidal_24_vertical_coils,24,pairwise_180_concordant,2,100.0,0.0,CCW,29.307,20.723,1.0,0.0091,0.0068,-0.9935,1.65,99.68,-7.769,234.15,538.54,634.53,15.834,2.666,0.0,18.5,0.885,True,1
var12_toroidal_24_vertical_coils,24,pairwise_180_concordant,2,100.0,600.0,CW,29.307,20.723,1.0,0.0091,0.0068,0.9935,1.65,99.68,9.013,234.15,538.54,634.53,15.834,2.666,0.0,18.5,0.905,True,1
var12_toroidal_24_vertical_coils,24,pairwise_180_concordant,2,100.0,600.0,CCW,29.307,20.723,1.0,0.0091,0.0068,-0.9935,1.65,99.68,-9.013,234.15,538.54,634.53,15.834,2.666,0.0,18.5,0.905,True,1
var12_toroidal_24_vertical_coils,24,pairwise_180_concordant,2,100.0,1200.0,CW,29.307,20.723,1.0,0.0091,0.0068,0.9935,1.65,99.68,10.256,234.15,538.54,634.53,15.834,2.666,0.0,18.5,0.925,True,1
var12_toroidal_24_vertical_coils,24,pairwise_180_concordant,2,100.0,1200.0,CCW,29.307,20.723,1.0,0.0091,0.0068,-0.9935,1.65,99.68,-10.256,234.15,538.54,634.53,15.834,2.666,0.0,18.5,0.925,True,1
var12_toroidal_24_vertical_coils,24,pairwise_180_concordant,2,100.0,2400.0,CW,29.307,20.723,1.0,0.0091,0.0068,0.9935,1.65,99.68,12.742,234.15,538.54,634.53,15.834,2.666,0.0,18.5,0.965,True,1
var12_toroidal_24_vertical_coils,24,pairwise_180_concordant,2,100.0,2400.0,CCW,29.307,20.723,1.0,0.0091,0.0068,-0.9935,1.65,99.68,-12.742,234.15,538.54,634.53,15.834,2.666,0.0,18.5,0.965,True,1
var12_toroidal_24_vertical_coils,24,pairwise_180_concordant,2,120.0,0.0,CW,30.095,21.281,1.0,0.008,0.006,0.995,1.65,99.75,8.205,250.9,577.07,781.93,15.734,2.766,0.0,18.5,0.889,True,1
var12_toroidal_24_vertical_coils,24,pairwise_180_concordant,2,120.0,0.0,CCW,30.095,21.281,1.0,0.008,0.006,-0.995,1.65,99.75,-8.205,250.9,577.07,781.93,15.734,2.766,0.0,18.5,0.889,True,1
var12_toroidal_24_vertical_coils,24,pairwise_180_concordant,2,120.0,600.0,CW,30.095,21.281,1.0,0.008,0.006,0.995,1.65,99.75,9.518,250.9,577.07,781.93,15.734,2.766,0.0,18.5,0.909,True,1
var12_toroidal_24_vertical_coils,24,pairwise_180_concordant,2,120.0,600.0,CCW,30.095,21.281,1.0,0.008,0.006,-0.995,1.65,99.75,-9.518,250.9,577.07,781.93,15.734,2.766,0.0,18.5,0.909,True,1
var12_toroidal_24_vertical_coils,24,pairwise_180_concordant,2,120.0,1200.0,CW,30.095,21.281,1.0,0.008,0.006,0.995,1.65,99.75,10.831,250.9,577.07,781.93,15.734,2.766,0.0,18.5,0.929,True,1
var12_toroidal_24_vertical_coils,24,pairwise_180_concordant,2,120.0,1200.0,CCW,30.095,21.281,1.0,0.008,0.006,-0.995,1.65,99.75,-10.831,250.9,577.07,781.93,15.734,2.766,0.0,18.5,0.929,True,1
var12_toroidal_24_vertical_coils,24,pairwise_180_concordant,2,120.0,2400.0,CW,30.095,21.281,1.0,0.008,0.006,0.995,1.65,99.75,13.457,250.9,577.07,781.93,15.734,2.766,0.0,18.5,0.969,True,1
var12_toroidal_24_vertical_coils,24,pairwise_180_concordant,2,120.0,2400.0,CCW,30.095,21.281,1.0,0.008,0.006,-0.995,1.65,99.75,-13.457,250.9,577.07,781.93,15.734,2.766,0.0,18.5,0.969,True,1
var12_toroidal_24_vertical_coils,24,pairwise_180_concordant,2,150.0,0.0,CW,28.588,20.214,1.0,0.01,0.0075,0.9922,1.65,99.61,7.383,219.57,505.02,928.44,15.909,2.591,0.0,18.5,0.894,True,1
var12_toroidal_24_vertical_coils,24,pairwise_180_concordant,2,150.0,0.0,CCW,28.588,20.214,1.0,0.01,0.0075,-0.9922,1.65,99.61,-7.383,219.57,505.02,928.44,15.909,2.591,0.0,18.5,0.894,True,1
var12_toroidal_24_vertical_coils,24,pairwise_180_concordant,2,150.0,600.0,CW,28.588,20.214,1.0,0.01,0.0075,0.9922,1.65,99.61,8.564,219.57,505.02,928.44,15.909,2.591,0.0,18.5,0.914,True,1
var12_toroidal_24_vertical_coils,24,pairwise_180_concordant,2,150.0,600.0,CCW,28.588,20.214,1.0,0.01,0.0075,-0.9922,1.65,99.61,-8.564,219.57,505.02,928.44,15.909,2.591,0.0,18.5,0.914,True,1
var12_toroidal_24_vertical_coils,24,pairwise_180_concordant,2,150.0,1200.0,CW,28.588,20.214,1.0,0.01,0.0075,0.9922,1.65,99.61,9.745,219.57,505.02,928.44,15.909,2.591,0.0,18.5,0.934,True,1
var12_toroidal_24_vertical_coils,24,pairwise_180_concordant,2,150.0,1200.0,CCW,28.588,20.214,1.0,0.01,0.0075,-0.9922,1.65,99.61,-9.745,219.57,505.02,928.44,15.909,2.591,0.0,18.5,0.934,True,1
var12_toroidal_24_vertical_coils,24,pairwise_180_concordant,2,150.0,2400.0,CW,28.588,20.214,1.0,0.01,0.0075,0.9922,1.65,99.61,12.108,219.57,505.02,928.44,15.909,2.591,0.0,18.5,0.974,True,1
var12_toroidal_24_vertical_coils,24,pairwise_180_concordant,2,150.0,2400.0,CCW,28.588,20.214,1.0,0.01,0.0075,-0.9922,1.65,99.61,-12.108,219.57,505.02,928.44,15.909,2.591,0.0,18.5,0.974,True,1
var12_toroidal_24_vertical_coils,24,pairwise_180_concordant,2,200.0,0.0,CW,26.179,18.512,1.0,0.0125,0.0094,0.9876,1.65,99.38,6.163,174.9,402.26,1133.65,16.193,2.307,0.0,18.5,0.902,True,1
var12_toroidal_24_vertical_coils,24,pairwise_180_concordant,2,200.0,0.0,CCW,26.179,18.512,1.0,0.0125,0.0094,-0.9876,1.65,99.38,-6.163,174.9,402.26,1133.65,16.193,2.307,0.0,18.5,0.902,True,1
var12_toroidal_24_vertical_coils,24,pairwise_180_concordant,2,200.0,600.0,CW,26.179,18.512,1.0,0.0125,0.0094,0.9876,1.65,99.38,7.149,174.9,402.26,1133.65,16.193,2.307,0.0,18.5,0.922,True,1
var12_toroidal_24_vertical_coils,24,pairwise_180_concordant,2,200.0,600.0,CCW,26.179,18.512,1.0,0.0125,0.0094,-0.9876,1.65,99.38,-7.149,174.9,402.26,1133.65,16.193,2.307,0.0,18.5,0.922,True,1
var12_toroidal_24_vertical_coils,24,pairwise_180_concordant,2,200.0,1200.0,CW,26.179,18.512,1.0,0.0125,0.0094,0.9876,1.65,99.38,8.135,174.9,402.26,1133.65,16.193,2.307,0.0,18.5,0.942,True,1
var12_toroidal_24_vertical_coils,24,pairwise_180_concordant,2,200.0,1200.0,CCW,26.179,18.512,1.0,0.0125,0.0094,-0.9876,1.65,99.38,-8.135,174.9,402.26,1133.65,16.193,2.307,0.0,18.5,0.942,True,1
var12_toroidal_24_vertical_coils,24,pairwise_180_concordant,2,200.0,2400.0,CW,26.179,18.512,1.0,0.0125,0.0094,0.9876,1.65,99.38,10.107,174.9,402.26,1133.65,16.193,2.307,0.0,18.5,0.982,True,1
var12_toroidal_24_vertical_coils,24,pairwise_180_concordant,2,200.0,2400.0,CCW,26.179,18.512,1.0,0.0125,0.0094,-0.9876,1.65,99.38,-10.107,174.9,402.26,1133.65,16.193,2.307,0.0,18.5,0.982,True,1
var12_toroidal_24_vertical_coils,24,pairwise_180_concordant,2,400.0,0.0,CW,24.915,17.618,1.0,0.0137,0.0103,0.9853,1.65,99.26,5.569,154.06,354.34,2157.79,16.302,2.198,0.0,18.5,0.936,True,1
var12_toroidal_24_vertical_coils,24,pairwise_180_concordant,2,400.0,0.0,CCW,24.915,17.618,1.0,0.0137,0.0103,-0.9853,1.65,99.26,-5.569,154.06,354.34,2157.79,16.302,2.198,0.0,18.5,0.936,True,1
var12_toroidal_24_vertical_coils,24,pairwise_180_concordant,2,400.0,600.0,CW,24.915,17.618,1.0,0.0137,0.0103,0.9853,1.65,99.26,6.46,154.06,354.34,2157.79,16.302,2.198,0.0,18.5,0.956,True,1
var12_toroidal_24_vertical_coils,24,pairwise_180_concordant,2,400.0,600.0,CCW,24.915,17.618,1.0,0.0137,0.0103,-0.9853,1.65,99.26,-6.46,154.06,354.34,2157.79,16.302,2.198,0.0,18.5,0.956,True,1
var12_toroidal_24_vertical_coils,24,pairwise_180_concordant,2,400.0,1200.0,CW,24.915,17.618,1.0,0.0137,0.0103,0.9853,1.65,99.26,7.351,154.06,354.34,2157.79,16.302,2.198,0.0,18.5,0.976,True,1
var12_toroidal_24_vertical_coils,24,pairwise_180_concordant,2,400.0,1200.0,CCW,24.915,17.618,1.0,0.0137,0.0103,-0.9853,1.65,99.26,-7.351,154.06,354.34,2157.79,16.302,2.198,0.0,18.5,0.976,True,1
var12_toroidal_24_vertical_coils,24,pairwise_180_concordant,2,400.0,2400.0,CW,24.915,17.618,1.0,0.0137,0.0103,0.9853,1.65,99.26,9.133,154.06,354.34,2157.79,16.302,2.198,0.0,18.5,1.016,True,1
var12_toroidal_24_vertical_coils,24,pairwise_180_concordant,2,400.0,2400.0,CCW,24.915,17.618,1.0,0.0137,0.0103,-0.9853,1.65,99.26,-9.133,154.06,354.34,2157.79,16.302,2.198,0.0,18.5,1.016,True,1
var12_toroidal_24_vertical_coils,24,pairwise_180_concordant,2,800.0,0.0,CW,24.726,17.484,1.0,0.0138,0.0103,0.985,1.65,99.25,5.483,151.3,348.0,4282.87,16.229,2.271,0.0,18.5,1.004,True,1
var12_toroidal_24_vertical_coils,24,pairwise_180_concordant,2,800.0,0.0,CCW,24.726,17.484,1.0,0.0138,0.0103,-0.985,1.65,99.25,-5.483,151.3,348.0,4282.87,16.229,2.271,0.0,18.5,1.004,True,1
var12_toroidal_24_vertical_coils,24,pairwise_180_concordant,2,800.0,600.0,CW,24.726,17.484,1.0,0.0138,0.0103,0.985,1.65,99.25,6.361,151.3,348.0,4282.87,16.229,2.271,0.0,18.5,1.024,True,1
var12_toroidal_24_vertical_coils,24,pairwise_180_concordant,2,800.0,600.0,CCW,24.726,17.484,1.0,0.0138,0.0103,-0.985,1.65,99.25,-6.361,151.3,348.0,4282.87,16.229,2.271,0.0,18.5,1.024,True,1
var12_toroidal_24_vertical_coils,24,pairwise_180_concordant,2,800.0,1200.0,CW,24.726,17.484,1.0,0.0138,0.0103,0.985,1.65,99.25,7.238,151.3,348.0,4282.87,16.229,2.271,0.0,18.5,1.044,True,1
var12_toroidal_24_vertical_coils,24,pairwise_180_concordant,2,800.0,1200.0,CCW,24.726,17.484,1.0,0.0138,0.0103,-0.985,1.65,99.25,-7.238,151.3,348.0,4282.87,16.229,2.271,0.0,18.5,1.044,True,1
var12_toroidal_24_vertical_coils,24,pairwise_180_concordant,2,800.0,2400.0,CW,24.726,17.484,1.0,0.0138,0.0103,0.985,1.65,99.25,8.993,151.3,348.0,4282.87,16.229,2.271,0.0,18.5,1.084,True,1
var12_toroidal_24_vertical_coils,24,pairwise_180_concordant,2,800.0,2400.0,CCW,24.726,17.484,1.0,0.0138,0.0103,-0.985,1.65,99.25,-8.993,151.3,348.0,4282.87,16.229,2.271,0.0,18.5,1.084,True,1
var12_toroidal_24_vertical_coils,24,pairwise_180_concordant,2,1000.0,0.0,CW,24.683,17.453,1.0,0.0138,0.0103,0.985,1.65,99.25,5.464,150.73,346.69,5344.13,16.187,2.313,0.0,18.5,1.038,True,1
var12_toroidal_24_vertical_coils,24,pairwise_180_concordant,2,1000.0,0.0,CCW,24.683,17.453,1.0,0.0138,0.0103,-0.985,1.65,99.25,-5.464,150.73,346.69,5344.13,16.187,2.313,0.0,18.5,1.038,True,1
var12_toroidal_24_vertical_coils,24,pairwise_180_concordant,2,1000.0,600.0,CW,24.683,17.453,1.0,0.0138,0.0103,0.985,1.65,99.25,6.338,150.73,346.69,5344.13,16.187,2.313,0.0,18.5,1.058,True,1
var12_toroidal_24_vertical_coils,24,pairwise_180_concordant,2,1000.0,600.0,CCW,24.683,17.453,1.0,0.0138,0.0103,-0.985,1.65,99.25,-6.338,150.73,346.69,5344.13,16.187,2.313,0.0,18.5,1.058,True,1
var12_toroidal_24_vertical_coils,24,pairwise_180_concordant,2,1000.0,1200.0,CW,24.683,17.453,1.0,0.0138,0.0103,0.985,1.65,99.25,7.212,150.73,346.69,5344.13,16.187,2.313,0.0,18.5,1.078,True,1
var12_toroidal_24_vertical_coils,24,pairwise_180_concordant,2,1000.0,1200.0,CCW,24.683,17.453,1.0,0.0138,0.0103,-0.985,1.65,99.25,-7.212,150.73,346.69,5344.13,16.187,2.313,0.0,18.5,1.078,True,1
var12_toroidal_24_vertical_coils,24,pairwise_180_concordant,2,1000.0,2400.0,CW,24.683,17.453,1.0,0.0138,0.0103,0.985,1.65,99.25,8.961,150.73,346.69,5344.13,16.187,2.313,0.0,18.5,1.118,True,1
var12_toroidal_24_vertical_coils,24,pairwise_180_concordant,2,1000.0,2400.0,CCW,24.683,17.453,1.0,0.0138,0.0103,-0.985,1.65,99.25,-8.961,150.73,346.69,5344.13,16.187,2.313,0.0,18.5,1.118,True,1
var12_toroidal_24_vertical_coils,24,pairwise_180_concordant,3,25.0,0.0,CW,26.582,18.796,1.0,0.0128,0.0096,0.987,1.65,99.35,6.35,185.26,426.1,143.88,16.22,2.28,0.0,18.5,0.874,True,1
var12_toroidal_24_vertical_coils,24,pairwise_180_concordant,3,25.0,0.0,CCW,26.582,18.796,1.0,0.0128,0.0096,-0.987,1.65,99.35,-6.35,185.26,426.1,143.88,16.22,2.28,0.0,18.5,0.874,True,1
var12_toroidal_24_vertical_coils,24,pairwise_180_concordant,3,25.0,600.0,CW,26.582,18.796,1.0,0.0128,0.0096,0.987,1.65,99.35,7.366,185.26,426.1,143.88,16.22,2.28,0.0,18.5,0.894,True,1
var12_toroidal_24_vertical_coils,24,pairwise_180_concordant,3,25.0,600.0,CCW,26.582,18.796,1.0,0.0128,0.0096,-0.987,1.65,99.35,-7.366,185.26,426.1,143.88,16.22,2.28,0.0,18.5,0.894,True,1
var12_toroidal_24_vertical_coils,24,pairwise_180_concordant,3,25.0,1200.0,CW,26.582,18.796,1.0,0.0128,0.0096,0.987,1.65,99.35,8.382,185.26,426.1,143.88,16.22,2.28,0.0,18.5,0.914,True,1
var12_toroidal_24_vertical_coils,24,pairwise_180_concordant,3,25.0,1200.0,CCW,26.582,18.796,1.0,0.0128,0.0096,-0.987,1.65,99.35,-8.382,185.26,426.1,143.88,16.22,2.28,0.0,18.5,0.914,True,1
var12_toroidal_24_vertical_coils,24,pairwise_180_concordant,3,25.0,2400.0,CW,26.582,18.796,1.0,0.0128,0.0096,0.987,1.65,99.35,10.414,185.26,426.1,143.88,16.22,2.28,0.0,18.5,0.954,True,1
var12_toroidal_24_vertical_coils,24,pairwise_180_concordant,3,25.0,2400.0,CCW,26.582,18.796,1.0,0.0128,0.0096,-0.987,1.65,99.35,-10.414,185.26,426.1,143.88,16.22,2.28,0.0,18.5,0.954,True,1
var12_toroidal_24_vertical_coils,24,pairwise_180_concordant,3,50.0,0.0,CW,27.202,19.235,1.0,0.0123,0.0092,0.9882,1.65,99.41,6.658,196.66,452.31,294.49,16.138,2.362,0.0,18.5,0.878,True,1
var12_toroidal_24_vertical_coils,24,pairwise_180_concordant,3,50.0,0.0,CCW,27.202,19.235,1.0,0.0123,0.0092,-0.9882,1.65,99.41,-6.658,196.66,452.31,294.49,16.138,2.362,0.0,18.5,0.878,True,1
var12_toroidal_24_vertical_coils,24,pairwise_180_concordant,3,50.0,600.0,CW,27.202,19.235,1.0,0.0123,0.0092,0.9882,1.65,99.41,7.723,196.66,452.31,294.49,16.138,2.362,0.0,18.5,0.898,True,1
var12_toroidal_24_vertical_coils,24,pairwise_180_concordant,3,50.0,600.0,CCW,27.202,19.235,1.0,0.0123,0.0092,-0.9882,1.65,99.41,-7.723,196.66,452.31,294.49,16.138,2.362,0.0,18.5,0.898,True,1
var12_toroidal_24_vertical_coils,24,pairwise_180_concordant,3,50.0,1200.0,CW,27.202,19.235,1.0,0.0123,0.0092,0.9882,1.65,99.41,8.788,196.66,452.31,294.49,16.138,2.362,0.0,18.5,0.918,True,1
var12_toroidal_24_vertical_coils,24,pairwise_180_concordant,3,50.0,1200.0,CCW,27.202,19.235,1.0,0.0123,0.0092,-0.9882,1.65,99.41,-8.788,196.66,452.31,294.49,16.138,2.362,0.0,18.5,0.918,True,1
var12_toroidal_24_vertical_coils,24,pairwise_180_concordant,3,50.0,2400.0,CW,27.202,19.235,1.0,0.0123,0.0092,0.9882,1.65,99.41,10.919,196.66,452.31,294.49,16.138,2.362,0.0,18.5,0.958,True,1
var12_toroidal_24_vertical_coils,24,pairwise_180_concordant,3,50.0,2400.0,CCW,27.202,19.235,1.0,0.0123,0.0092,-0.9882,1.65,99.41,-10.919,196.66,452.31,294.49,16.138,2.362,0.0,18.5,0.958,True,1
var12_toroidal_24_vertical_coils,24,pairwise_180_concordant,3,60.0,0.0,CW,27.58,19.502,1.0,0.0119,0.0089,0.9889,1.65,99.45,6.849,203.8,468.73,358.28,16.089,2.411,0.0,18.5,0.88,True,1
var12_toroidal_24_vertical_coils,24,pairwise_180_concordant,3,60.0,0.0,CCW,27.58,19.502,1.0,0.0119,0.0089,-0.9889,1.65,99.45,-6.849,203.8,468.73,358.28,16.089,2.411,0.0,18.5,0.88,True,1
var12_toroidal_24_vertical_coils,24,pairwise_180_concordant,3,60.0,600.0,CW,27.58,19.502,1.0,0.0119,0.0089,0.9889,1.65,99.45,7.945,203.8,468.73,358.28,16.089,2.411,0.0,18.5,0.9,True,1
var12_toroidal_24_vertical_coils,24,pairwise_180_concordant,3,60.0,600.0,CCW,27.58,19.502,1.0,0.0119,0.0089,-0.9889,1.65,99.45,-7.945,203.8,468.73,358.28,16.089,2.411,0.0,18.5,0.9,True,1
var12_toroidal_24_vertical_coils,24,pairwise_180_concordant,3,60.0,1200.0,CW,27.58,19.502,1.0,0.0119,0.0089,0.9889,1.65,99.45,9.04,203.8,468.73,358.28,16.089,2.411,0.0,18.5,0.92,True,1
var12_toroidal_24_vertical_coils,24,pairwise_180_concordant,3,60.0,1200.0,CCW,27.58,19.502,1.0,0.0119,0.0089,-0.9889,1.65,99.45,-9.04,203.8,468.73,358.28,16.089,2.411,0.0,18.5,0.92,True,1
var12_toroidal_24_vertical_coils,24,pairwise_180_concordant,3,60.0,2400.0,CW,27.58,19.502,1.0,0.0119,0.0089,0.9889,1.65,99.45,11.232,203.8,468.73,358.28,16.089,2.411,0.0,18.5,0.96,True,1
var12_toroidal_24_vertical_coils,24,pairwise_180_concordant,3,60.0,2400.0,CCW,27.58,19.502,1.0,0.0119,0.0089,-0.9889,1.65,99.45,-11.232,203.8,468.73,358.28,16.089,2.411,0.0,18.5,0.96,True,1
var12_toroidal_24_vertical_coils,24,pairwise_180_concordant,3,100.0,0.0,CW,30.08,21.27,1.0,0.0091,0.0068,0.9935,1.65,99.68,8.185,255.26,587.1,651.28,15.774,2.726,0.0,18.5,0.886,True,1
var12_toroidal_24_vertical_coils,24,pairwise_180_concordant,3,100.0,0.0,CCW,30.08,21.27,1.0,0.0091,0.0068,-0.9935,1.65,99.68,-8.185,255.26,587.1,651.28,15.774,2.726,0.0,18.5,0.886,True,1
var12_toroidal_24_vertical_coils,24,pairwise_180_concordant,3,100.0,600.0,CW,30.08,21.27,1.0,0.0091,0.0068,0.9935,1.65,99.68,9.495,255.26,587.1,651.28,15.774,2.726,0.0,18.5,0.906,True,1
var12_toroidal_24_vertical_coils,24,pairwise_180_concordant,3,100.0,600.0,CCW,30.08,21.27,1.0,0.0091,0.0068,-0.9935,1.65,99.68,-9.495,255.26,587.1,651.28,15.774,2.726,0.0,18.5,0.906,True,1
var12_toroidal_24_vertical_coils,24,pairwise_180_concordant,3,100.0,1200.0,CW,30.08,21.27,1.0,0.0091,0.0068,0.9935,1.65,99.68,10.804,255.26,587.1,651.28,15.774,2.726,0.0,18.5,0.926,True,1
var12_toroidal_24_vertical_coils,24,pairwise_180_concordant,3,100.0,1200.0,CCW,30.08,21.27,1.0,0.0091,0.0068,-0.9935,1.65,99.68,-10.804,255.26,587.1,651.28,15.774,2.726,0.0,18.5,0.926,True,1
var12_toroidal_24_vertical_coils,24,pairwise_180_concordant,3,100.0,2400.0,CW,30.08,21.27,1.0,0.0091,0.0068,0.9935,1.65,99.68,13.423,255.26,587.1,651.28,15.774,2.726,0.0,18.5,0.966,True,1
var12_toroidal_24_vertical_coils,24,pairwise_180_concordant,3,100.0,2400.0,CCW,30.08,21.27,1.0,0.0091,0.0068,-0.9935,1.65,99.68,-13.423,255.26,587.1,651.28,15.774,2.726,0.0,18.5,0.966,True,1
var12_toroidal_24_vertical_coils,24,pairwise_180_concordant,3,120.0,0.0,CW,30.915,21.86,1.0,0.008,0.006,0.995,1.65,99.75,8.659,273.97,630.13,803.23,15.7,2.8,0.0,18.5,0.89,True,1
var12_toroidal_24_vertical_coils,24,pairwise_180_concordant,3,120.0,0.0,CCW,30.915,21.86,1.0,0.008,0.006,-0.995,1.65,99.75,-8.659,273.97,630.13,803.23,15.7,2.8,0.0,18.5,0.89,True,1
var12_toroidal_24_vertical_coils,24,pairwise_180_concordant,3,120.0,600.0,CW,30.915,21.86,1.0,0.008,0.006,0.995,1.65,99.75,10.044,273.97,630.13,803.23,15.7,2.8,0.0,18.5,0.91,True,1
var12_toroidal_24_vertical_coils,24,pairwise_180_concordant,3,120.0,600.0,CCW,30.915,21.86,1.0,0.008,0.006,-0.995,1.65,99.75,-10.044,273.97,630.13,803.23,15.7,2.8,0.0,18.5,0.91,True,1
var12_toroidal_24_vertical_coils,24,pairwise_180_concordant,3,120.0,1200.0,CW,30.915,21.86,1.0,0.008,0.006,0.995,1.65,99.75,11.429,273.97,630.13,803.23,15.7,2.8,0.0,18.5,0.93,True,1
var12_toroidal_24_vertical_coils,24,pairwise_180_concordant,3,120.0,1200.0,CCW,30.915,21.86,1.0,0.008,0.006,-0.995,1.65,99.75,-11.429,273.97,630.13,803.23,15.7,2.8,0.0,18.5,0.93,True,1
var12_toroidal_24_vertical_coils,24,pairwise_180_concordant,3,120.0,2400.0,CW,30.915,21.86,1.0,0.008,0.006,0.995,1.65,99.75,14.2,273.97,630.13,803.23,15.7,2.8,0.0,18.5,0.97,True,1
var12_toroidal_24_vertical_coils,24,pairwise_180_concordant,3,120.0,2400.0,CCW,30.915,21.86,1.0,0.008,0.006,-0.995,1.65,99.75,-14.2,273.97,630.13,803.23,15.7,2.8,0.0,18.5,0.97,True,1
var12_toroidal_24_vertical_coils,24,pairwise_180_concordant,3,150.0,0.0,CW,29.344,20.749,1.0,0.01,0.0075,0.9922,1.65,99.61,7.779,239.4,550.62,953.01,15.851,2.649,0.0,18.5,0.895,True,1
var12_toroidal_24_vertical_coils,24,pairwise_180_concordant,3,150.0,0.0,CCW,29.344,20.749,1.0,0.01,0.0075,-0.9922,1.65,99.61,-7.779,239.4,550.62,953.01,15.851,2.649,0.0,18.5,0.895,True,1
var12_toroidal_24_vertical_coils,24,pairwise_180_concordant,3,150.0,600.0,CW,29.344,20.749,1.0,0.01,0.0075,0.9922,1.65,99.61,9.023,239.4,550.62,953.01,15.851,2.649,0.0,18.5,0.915,True,1
var12_toroidal_24_vertical_coils,24,pairwise_180_concordant,3,150.0,600.0,CCW,29.344,20.749,1.0,0.01,0.0075,-0.9922,1.65,99.61,-9.023,239.4,550.62,953.01,15.851,2.649,0.0,18.5,0.915,True,1
var12_toroidal_24_vertical_coils,24,pairwise_180_concordant,3,150.0,1200.0,CW,29.344,20.749,1.0,0.01,0.0075,0.9922,1.65,99.61,10.268,239.4,550.62,953.01,15.851,2.649,0.0,18.5,0.935,True,1
var12_toroidal_24_vertical_coils,24,pairwise_180_concordant,3,150.0,1200.0,CCW,29.344,20.749,1.0,0.01,0.0075,-0.9922,1.65,99.61,-10.268,239.4,550.62,953.01,15.851,2.649,0.0,18.5,0.935,True,1
var12_toroidal_24_vertical_coils,24,pairwise_180_concordant,3,150.0,2400.0,CW,29.344,20.749,1.0,0.01,0.0075,0.9922,1.65,99.61,12.757,239.4,550.62,953.01,15.851,2.649,0.0,18.5,0.975,True,1
var12_toroidal_24_vertical_coils,24,pairwise_180_concordant,3,150.0,2400.0,CCW,29.344,20.749,1.0,0.01,0.0075,-0.9922,1.65,99.61,-12.757,239.4,550.62,953.01,15.851,2.649,0.0,18.5,0.975,True,1
var12_toroidal_24_vertical_coils,24,pairwise_180_concordant,3,200.0,0.0,CW,26.878,19.006,1.0,0.0125,0.0094,0.9876,1.65,99.38,6.497,190.78,438.79,1163.91,16.141,2.359,0.0,18.5,0.903,True,1
var12_toroidal_24_vertical_coils,24,pairwise_180_concordant,3,200.0,0.0,CCW,26.878,19.006,1.0,0.0125,0.0094,-0.9876,1.65,99.38,-6.497,190.78,438.79,1163.91,16.141,2.359,0.0,18.5,0.903,True,1
var12_toroidal_24_vertical_coils,24,pairwise_180_concordant,3,200.0,600.0,CW,26.878,19.006,1.0,0.0125,0.0094,0.9876,1.65,99.38,7.536,190.78,438.79,1163.91,16.141,2.359,0.0,18.5,0.923,True,1
var12_toroidal_24_vertical_coils,24,pairwise_180_concordant,3,200.0,600.0,CCW,26.878,19.006,1.0,0.0125,0.0094,-0.9876,1.65,99.38,-7.536,190.78,438.79,1163.91,16.141,2.359,0.0,18.5,0.923,True,1
var12_toroidal_24_vertical_coils,24,pairwise_180_concordant,3,200.0,1200.0,CW,26.878,19.006,1.0,0.0125,0.0094,0.9876,1.65,99.38,8.575,190.78,438.79,1163.91,16.141,2.359,0.0,18.5,0.943,True,1
var12_toroidal_24_vertical_coils,24,pairwise_180_concordant,3,200.0,1200.0,CCW,26.878,19.006,1.0,0.0125,0.0094,-0.9876,1.65,99.38,-8.575,190.78,438.79,1163.91,16.141,2.359,0.0,18.5,0.943,True,1
var12_toroidal_24_vertical_coils,24,pairwise_180_concordant,3,200.0,2400.0,CW,26.878,19.006,1.0,0.0125,0.0094,0.9876,1.65,99.38,10.654,190.78,438.79,1163.91,16.141,2.359,0.0,18.5,0.983,True,1
var12_toroidal_24_vertical_coils,24,pairwise_180_concordant,3,200.0,2400.0,CCW,26.878,19.006,1.0,0.0125,0.0094,-0.9876,1.65,99.38,-10.654,190.78,438.79,1163.91,16.141,2.359,0.0,18.5,0.983,True,1
var12_toroidal_24_vertical_coils,24,pairwise_180_concordant,3,400.0,0.0,CW,25.582,18.089,1.0,0.0137,0.0103,0.9853,1.65,99.26,5.871,168.08,386.58,2215.58,16.252,2.248,0.0,18.5,0.937,True,1
var12_toroidal_24_vertical_coils,24,pairwise_180_concordant,3,400.0,0.0,CCW,25.582,18.089,1.0,0.0137,0.0103,-0.9853,1.65,99.26,-5.871,168.08,386.58,2215.58,16.252,2.248,0.0,18.5,0.937,True,1
var12_toroidal_24_vertical_coils,24,pairwise_180_concordant,3,400.0,600.0,CW,25.582,18.089,1.0,0.0137,0.0103,0.9853,1.65,99.26,6.811,168.08,386.58,2215.58,16.252,2.248,0.0,18.5,0.957,True,1
var12_toroidal_24_vertical_coils,24,pairwise_180_concordant,3,400.0,600.0,CCW,25.582,18.089,1.0,0.0137,0.0103,-0.9853,1.65,99.26,-6.811,168.08,386.58,2215.58,16.252,2.248,0.0,18.5,0.957,True,1
var12_toroidal_24_vertical_coils,24,pairwise_180_concordant,3,400.0,1200.0,CW,25.582,18.089,1.0,0.0137,0.0103,0.9853,1.65,99.26,7.75,168.08,386.58,2215.58,16.252,2.248,0.0,18.5,0.977,True,1
var12_toroidal_24_vertical_coils,24,pairwise_180_concordant,3,400.0,1200.0,CCW,25.582,18.089,1.0,0.0137,0.0103,-0.9853,1.65,99.26,-7.75,168.08,386.58,2215.58,16.252,2.248,0.0,18.5,0.977,True,1
var12_toroidal_24_vertical_coils,24,pairwise_180_concordant,3,400.0,2400.0,CW,25.582,18.089,1.0,0.0137,0.0103,0.9853,1.65,99.26,9.629,168.08,386.58,2215.58,16.252,2.248,0.0,18.5,1.017,True,1
var12_toroidal_24_vertical_coils,24,pairwise_180_concordant,3,400.0,2400.0,CCW,25.582,18.089,1.0,0.0137,0.0103,-0.9853,1.65,99.26,-9.629,168.08,386.58,2215.58,16.252,2.248,0.0,18.5,1.017,True,1
var12_toroidal_24_vertical_coils,24,pairwise_180_concordant,3,800.0,0.0,CW,25.387,17.951,1.0,0.0138,0.0103,0.985,1.65,99.25,5.78,165.05,379.62,4397.33,16.178,2.322,0.0,18.5,1.005,True,1
var12_toroidal_24_vertical_coils,24,pairwise_180_concordant,3,800.0,0.0,CCW,25.387,17.951,1.0,0.0138,0.0103,-0.985,1.65,99.25,-5.78,165.05,379.62,4397.33,16.178,2.322,0.0,18.5,1.005,True,1
var12_toroidal_24_vertical_coils,24,pairwise_180_concordant,3,800.0,600.0,CW,25.387,17.951,1.0,0.0138,0.0103,0.985,1.65,99.25,6.705,165.05,379.62,4397.33,16.178,2.322,0.0,18.5,1.025,True,1
var12_toroidal_24_vertical_coils,24,pairwise_180_concordant,3,800.0,600.0,CCW,25.387,17.951,1.0,0.0138,0.0103,-0.985,1.65,99.25,-6.705,165.05,379.62,4397.33,16.178,2.322,0.0,18.5,1.025,True,1
var12_toroidal_24_vertical_coils,24,pairwise_180_concordant,3,800.0,1200.0,CW,25.387,17.951,1.0,0.0138,0.0103,0.985,1.65,99.25,7.63,165.05,379.62,4397.33,16.178,2.322,0.0,18.5,1.045,True,1
var12_toroidal_24_vertical_coils,24,pairwise_180_concordant,3,800.0,1200.0,CCW,25.387,17.951,1.0,0.0138,0.0103,-0.985,1.65,99.25,-7.63,165.05,379.62,4397.33,16.178,2.322,0.0,18.5,1.045,True,1
var12_toroidal_24_vertical_coils,24,pairwise_180_concordant,3,800.0,2400.0,CW,25.387,17.951,1.0,0.0138,0.0103,0.985,1.65,99.25,9.48,165.05,379.62,4397.33,16.178,2.322,0.0,18.5,1.085,True,1
var12_toroidal_24_vertical_coils,24,pairwise_180_concordant,3,800.0,2400.0,CCW,25.387,17.951,1.0,0.0138,0.0103,-0.985,1.65,99.25,-9.48,165.05,379.62,4397.33,16.178,2.322,0.0,18.5,1.085,True,1
var12_toroidal_24_vertical_coils,24,pairwise_180_concordant,3,1000.0,0.0,CW,25.341,17.919,1.0,0.0138,0.0103,0.985,1.65,99.25,5.76,164.42,378.17,5486.76,16.135,2.365,0.0,18.5,1.039,True,1
var12_toroidal_24_vertical_coils,24,pairwise_180_concordant,3,1000.0,0.0,CCW,25.341,17.919,1.0,0.0138,0.0103,-0.985,1.65,99.25,-5.76,164.42,378.17,5486.76,16.135,2.365,0.0,18.5,1.039,True,1
var12_toroidal_24_vertical_coils,24,pairwise_180_concordant,3,1000.0,600.0,CW,25.341,17.919,1.0,0.0138,0.0103,0.985,1.65,99.25,6.681,164.42,378.17,5486.76,16.135,2.365,0.0,18.5,1.059,True,1
var12_toroidal_24_vertical_coils,24,pairwise_180_concordant,3,1000.0,600.0,CCW,25.341,17.919,1.0,0.0138,0.0103,-0.985,1.65,99.25,-6.681,164.42,378.17,5486.76,16.135,2.365,0.0,18.5,1.059,True,1
var12_toroidal_24_vertical_coils,24,pairwise_180_concordant,3,1000.0,1200.0,CW,25.341,17.919,1.0,0.0138,0.0103,0.985,1.65,99.25,7.603,164.42,378.17,5486.76,16.135,2.365,0.0,18.5,1.079,True,1
var12_toroidal_24_vertical_coils,24,pairwise_180_concordant,3,1000.0,1200.0,CCW,25.341,17.919,1.0,0.0138,0.0103,-0.985,1.65,99.25,-7.603,164.42,378.17,5486.76,16.135,2.365,0.0,18.5,1.079,True,1
var12_toroidal_24_vertical_coils,24,pairwise_180_concordant,3,1000.0,2400.0,CW,25.341,17.919,1.0,0.0138,0.0103,0.985,1.65,99.25,9.446,164.42,378.17,5486.76,16.135,2.365,0.0,18.5,1.119,True,1
var12_toroidal_24_vertical_coils,24,pairwise_180_concordant,3,1000.0,2400.0,CCW,25.341,17.919,1.0,0.0138,0.0103,-0.985,1.65,99.25,-9.446,164.42,378.17,5486.76,16.135,2.365,0.0,18.5,1.119,True,1
var12_toroidal_24_vertical_coils,24,pairwise_180_concordant,4,25.0,0.0,CW,25.889,18.306,1.0,0.0128,0.0096,0.987,1.65,99.35,6.023,169.82,390.58,140.13,16.271,2.229,0.0,18.5,0.872,True,1
var12_toroidal_24_vertical_coils,24,pairwise_180_concordant,4,25.0,0.0,CCW,25.889,18.306,1.0,0.0128,0.0096,-0.987,1.65,99.35,-6.023,169.82,390.58,140.13,16.271,2.229,0.0,18.5,0.872,True,1
var12_toroidal_24_vertical_coils,24,pairwise_180_concordant,4,25.0,600.0,CW,25.889,18.306,1.0,0.0128,0.0096,0.987,1.65,99.35,6.987,169.82,390.58,140.13,16.271,2.229,0.0,18.5,0.892,True,1
var12_toroidal_24_vertical_coils,24,pairwise_180_concordant,4,25.0,600.0,CCW,25.889,18.306,1.0,0.0128,0.0096,-0.987,1.65,99.35,-6.987,169.82,390.58,140.13,16.271,2.229,0.0,18.5,0.892,True,1
var12_toroidal_24_vertical_coils,24,pairwise_180_concordant,4,25.0,1200.0,CW,25.889,18.306,1.0,0.0128,0.0096,0.987,1.65,99.35,7.951,169.82,390.58,140.13,16.271,2.229,0.0,18.5,0.912,True,1
var12_toroidal_24_vertical_coils,24,pairwise_180_concordant,4,25.0,1200.0,CCW,25.889,18.306,1.0,0.0128,0.0096,-0.987,1.65,99.35,-7.951,169.82,390.58,140.13,16.271,2.229,0.0,18.5,0.912,True,1
var12_toroidal_24_vertical_coils,24,pairwise_180_concordant,4,25.0,2400.0,CW,25.889,18.306,1.0,0.0128,0.0096,0.987,1.65,99.35,9.879,169.82,390.58,140.13,16.271,2.229,0.0,18.5,0.952,True,1
var12_toroidal_24_vertical_coils,24,pairwise_180_concordant,4,25.0,2400.0,CCW,25.889,18.306,1.0,0.0128,0.0096,-0.987,1.65,99.35,-9.879,169.82,390.58,140.13,16.271,2.229,0.0,18.5,0.952,True,1
var12_toroidal_24_vertical_coils,24,pairwise_180_concordant,4,50.0,0.0,CW,26.495,18.735,1.0,0.0123,0.0092,0.9882,1.65,99.41,6.316,180.29,414.66,286.83,16.19,2.31,0.0,18.5,0.877,True,1
var12_toroidal_24_vertical_coils,24,pairwise_180_concordant,4,50.0,0.0,CCW,26.495,18.735,1.0,0.0123,0.0092,-0.9882,1.65,99.41,-6.316,180.29,414.66,286.83,16.19,2.31,0.0,18.5,0.877,True,1
var12_toroidal_24_vertical_coils,24,pairwise_180_concordant,4,50.0,600.0,CW,26.495,18.735,1.0,0.0123,0.0092,0.9882,1.65,99.41,7.327,180.29,414.66,286.83,16.19,2.31,0.0,18.5,0.897,True,1
var12_toroidal_24_vertical_coils,24,pairwise_180_concordant,4,50.0,600.0,CCW,26.495,18.735,1.0,0.0123,0.0092,-0.9882,1.65,99.41,-7.327,180.29,414.66,286.83,16.19,2.31,0.0,18.5,0.897,True,1
var12_toroidal_24_vertical_coils,24,pairwise_180_concordant,4,50.0,1200.0,CW,26.495,18.735,1.0,0.0123,0.0092,0.9882,1.65,99.41,8.337,180.29,414.66,286.83,16.19,2.31,0.0,18.5,0.917,True,1
var12_toroidal_24_vertical_coils,24,pairwise_180_concordant,4,50.0,1200.0,CCW,26.495,18.735,1.0,0.0123,0.0092,-0.9882,1.65,99.41,-8.337,180.29,414.66,286.83,16.19,2.31,0.0,18.5,0.917,True,1
var12_toroidal_24_vertical_coils,24,pairwise_180_concordant,4,50.0,2400.0,CW,26.495,18.735,1.0,0.0123,0.0092,0.9882,1.65,99.41,10.359,180.29,414.66,286.83,16.19,2.31,0.0,18.5,0.957,True,1
var12_toroidal_24_vertical_coils,24,pairwise_180_concordant,4,50.0,2400.0,CCW,26.495,18.735,1.0,0.0123,0.0092,-0.9882,1.65,99.41,-10.359,180.29,414.66,286.83,16.19,2.31,0.0,18.5,0.957,True,1
var12_toroidal_24_vertical_coils,24,pairwise_180_concordant,4,60.0,0.0,CW,26.864,18.996,1.0,0.0119,0.0089,0.9889,1.65,99.45,6.498,186.85,429.75,348.98,16.142,2.358,0.0,18.5,0.878,True,1
var12_toroidal_24_vertical_coils,24,pairwise_180_concordant,4,60.0,0.0,CCW,26.864,18.996,1.0,0.0119,0.0089,-0.9889,1.65,99.45,-6.498,186.85,429.75,348.98,16.142,2.358,0.0,18.5,0.878,True,1
var12_toroidal_24_vertical_coils,24,pairwise_180_concordant,4,60.0,600.0,CW,26.864,18.996,1.0,0.0119,0.0089,0.9889,1.65,99.45,7.537,186.85,429.75,348.98,16.142,2.358,0.0,18.5,0.898,True,1
var12_toroidal_24_vertical_coils,24,pairwise_180_concordant,4,60.0,600.0,CCW,26.864,18.996,1.0,0.0119,0.0089,-0.9889,1.65,99.45,-7.537,186.85,429.75,348.98,16.142,2.358,0.0,18.5,0.898,True,1
var12_toroidal_24_vertical_coils,24,pairwise_180_concordant,4,60.0,1200.0,CW,26.864,18.996,1.0,0.0119,0.0089,0.9889,1.65,99.45,8.577,186.85,429.75,348.98,16.142,2.358,0.0,18.5,0.918,True,1
var12_toroidal_24_vertical_coils,24,pairwise_180_concordant,4,60.0,1200.0,CCW,26.864,18.996,1.0,0.0119,0.0089,-0.9889,1.65,99.45,-8.577,186.85,429.75,348.98,16.142,2.358,0.0,18.5,0.918,True,1
var12_toroidal_24_vertical_coils,24,pairwise_180_concordant,4,60.0,2400.0,CW,26.864,18.996,1.0,0.0119,0.0089,0.9889,1.65,99.45,10.656,186.85,429.75,348.98,16.142,2.358,0.0,18.5,0.958,True,1
var12_toroidal_24_vertical_coils,24,pairwise_180_concordant,4,60.0,2400.0,CCW,26.864,18.996,1.0,0.0119,0.0089,-0.9889,1.65,99.45,-10.656,186.85,429.75,348.98,16.142,2.358,0.0,18.5,0.958,True,1
var12_toroidal_24_vertical_coils,24,pairwise_180_concordant,4,100.0,0.0,CW,29.307,20.723,1.0,0.0091,0.0068,0.9935,1.65,99.68,7.769,234.15,538.54,634.53,15.834,2.666,0.0,18.5,0.885,True,1
var12_toroidal_24_vertical_coils,24,pairwise_180_concordant,4,100.0,0.0,CCW,29.307,20.723,1.0,0.0091,0.0068,-0.9935,1.65,99.68,-7.769,234.15,538.54,634.53,15.834,2.666,0.0,18.5,0.885,True,1
var12_toroidal_24_vertical_coils,24,pairwise_180_concordant,4,100.0,600.0,CW,29.307,20.723,1.0,0.0091,0.0068,0.9935,1.65,99.68,9.013,234.15,538.54,634.53,15.834,2.666,0.0,18.5,0.905,True,1
var12_toroidal_24_vertical_coils,24,pairwise_180_concordant,4,100.0,600.0,CCW,29.307,20.723,1.0,0.0091,0.0068,-0.9935,1.65,99.68,-9.013,234.15,538.54,634.53,15.834,2.666,0.0,18.5,0.905,True,1
var12_toroidal_24_vertical_coils,24,pairwise_180_concordant,4,100.0,1200.0,CW,29.307,20.723,1.0,0.0091,0.0068,0.9935,1.65,99.68,10.256,234.15,538.54,634.53,15.834,2.666,0.0,18.5,0.925,True,1
var12_toroidal_24_vertical_coils,24,pairwise_180_concordant,4,100.0,1200.0,CCW,29.307,20.723,1.0,0.0091,0.0068,-0.9935,1.65,99.68,-10.256,234.15,538.54,634.53,15.834,2.666,0.0,18.5,0.925,True,1
var12_toroidal_24_vertical_coils,24,pairwise_180_concordant,4,100.0,2400.0,CW,29.307,20.723,1.0,0.0091,0.0068,0.9935,1.65,99.68,12.742,234.15,538.54,634.53,15.834,2.666,0.0,18.5,0.965,True,1
var12_toroidal_24_vertical_coils,24,pairwise_180_concordant,4,100.0,2400.0,CCW,29.307,20.723,1.0,0.0091,0.0068,-0.9935,1.65,99.68,-12.742,234.15,538.54,634.53,15.834,2.666,0.0,18.5,0.965,True,1
var12_toroidal_24_vertical_coils,24,pairwise_180_concordant,4,120.0,0.0,CW,30.095,21.281,1.0,0.008,0.006,0.995,1.65,99.75,8.205,250.9,577.07,781.93,15.734,2.766,0.0,18.5,0.889,True,1
var12_toroidal_24_vertical_coils,24,pairwise_180_concordant,4,120.0,0.0,CCW,30.095,21.281,1.0,0.008,0.006,-0.995,1.65,99.75,-8.205,250.9,577.07,781.93,15.734,2.766,0.0,18.5,0.889,True,1
var12_toroidal_24_vertical_coils,24,pairwise_180_concordant,4,120.0,600.0,CW,30.095,21.281,1.0,0.008,0.006,0.995,1.65,99.75,9.518,250.9,577.07,781.93,15.734,2.766,0.0,18.5,0.909,True,1
var12_toroidal_24_vertical_coils,24,pairwise_180_concordant,4,120.0,600.0,CCW,30.095,21.281,1.0,0.008,0.006,-0.995,1.65,99.75,-9.518,250.9,577.07,781.93,15.734,2.766,0.0,18.5,0.909,True,1
var12_toroidal_24_vertical_coils,24,pairwise_180_concordant,4,120.0,1200.0,CW,30.095,21.281,1.0,0.008,0.006,0.995,1.65,99.75,10.831,250.9,577.07,781.93,15.734,2.766,0.0,18.5,0.929,True,1
var12_toroidal_24_vertical_coils,24,pairwise_180_concordant,4,120.0,1200.0,CCW,30.095,21.281,1.0,0.008,0.006,-0.995,1.65,99.75,-10.831,250.9,577.07,781.93,15.734,2.766,0.0,18.5,0.929,True,1
var12_toroidal_24_vertical_coils,24,pairwise_180_concordant,4,120.0,2400.0,CW,30.095,21.281,1.0,0.008,0.006,0.995,1.65,99.75,13.457,250.9,577.07,781.93,15.734,2.766,0.0,18.5,0.969,True,1
var12_toroidal_24_vertical_coils,24,pairwise_180_concordant,4,120.0,2400.0,CCW,30.095,21.281,1.0,0.008,0.006,-0.995,1.65,99.75,-13.457,250.9,577.07,781.93,15.734,2.766,0.0,18.5,0.969,True,1
var12_toroidal_24_vertical_coils,24,pairwise_180_concordant,4,150.0,0.0,CW,28.588,20.214,1.0,0.01,0.0075,0.9922,1.65,99.61,7.383,219.57,505.02,928.44,15.909,2.591,0.0,18.5,0.894,True,1
var12_toroidal_24_vertical_coils,24,pairwise_180_concordant,4,150.0,0.0,CCW,28.588,20.214,1.0,0.01,0.0075,-0.9922,1.65,99.61,-7.383,219.57,505.02,928.44,15.909,2.591,0.0,18.5,0.894,True,1
var12_toroidal_24_vertical_coils,24,pairwise_180_concordant,4,150.0,600.0,CW,28.588,20.214,1.0,0.01,0.0075,0.9922,1.65,99.61,8.564,219.57,505.02,928.44,15.909,2.591,0.0,18.5,0.914,True,1
var12_toroidal_24_vertical_coils,24,pairwise_180_concordant,4,150.0,600.0,CCW,28.588,20.214,1.0,0.01,0.0075,-0.9922,1.65,99.61,-8.564,219.57,505.02,928.44,15.909,2.591,0.0,18.5,0.914,True,1
var12_toroidal_24_vertical_coils,24,pairwise_180_concordant,4,150.0,1200.0,CW,28.588,20.214,1.0,0.01,0.0075,0.9922,1.65,99.61,9.745,219.57,505.02,928.44,15.909,2.591,0.0,18.5,0.934,True,1
var12_toroidal_24_vertical_coils,24,pairwise_180_concordant,4,150.0,1200.0,CCW,28.588,20.214,1.0,0.01,0.0075,-0.9922,1.65,99.61,-9.745,219.57,505.02,928.44,15.909,2.591,0.0,18.5,0.934,True,1
var12_toroidal_24_vertical_coils,24,pairwise_180_concordant,4,150.0,2400.0,CW,28.588,20.214,1.0,0.01,0.0075,0.9922,1.65,99.61,12.108,219.57,505.02,928.44,15.909,2.591,0.0,18.5,0.974,True,1
var12_toroidal_24_vertical_coils,24,pairwise_180_concordant,4,150.0,2400.0,CCW,28.588,20.214,1.0,0.01,0.0075,-0.9922,1.65,99.61,-12.108,219.57,505.02,928.44,15.909,2.591,0.0,18.5,0.974,True,1
var12_toroidal_24_vertical_coils,24,pairwise_180_concordant,4,200.0,0.0,CW,26.179,18.512,1.0,0.0125,0.0094,0.9876,1.65,99.38,6.163,174.9,402.26,1133.65,16.193,2.307,0.0,18.5,0.902,True,1
var12_toroidal_24_vertical_coils,24,pairwise_180_concordant,4,200.0,0.0,CCW,26.179,18.512,1.0,0.0125,0.0094,-0.9876,1.65,99.38,-6.163,174.9,402.26,1133.65,16.193,2.307,0.0,18.5,0.902,True,1
var12_toroidal_24_vertical_coils,24,pairwise_180_concordant,4,200.0,600.0,CW,26.179,18.512,1.0,0.0125,0.0094,0.9876,1.65,99.38,7.149,174.9,402.26,1133.65,16.193,2.307,0.0,18.5,0.922,True,1
var12_toroidal_24_vertical_coils,24,pairwise_180_concordant,4,200.0,600.0,CCW,26.179,18.512,1.0,0.0125,0.0094,-0.9876,1.65,99.38,-7.149,174.9,402.26,1133.65,16.193,2.307,0.0,18.5,0.922,True,1
var12_toroidal_24_vertical_coils,24,pairwise_180_concordant,4,200.0,1200.0,CW,26.179,18.512,1.0,0.0125,0.0094,0.9876,1.65,99.38,8.135,174.9,402.26,1133.65,16.193,2.307,0.0,18.5,0.942,True,1
var12_toroidal_24_vertical_coils,24,pairwise_180_concordant,4,200.0,1200.0,CCW,26.179,18.512,1.0,0.0125,0.0094,-0.9876,1.65,99.38,-8.135,174.9,402.26,1133.65,16.193,2.307,0.0,18.5,0.942,True,1
var12_toroidal_24_vertical_coils,24,pairwise_180_concordant,4,200.0,2400.0,CW,26.179,18.512,1.0,0.0125,0.0094,0.9876,1.65,99.38,10.107,174.9,402.26,1133.65,16.193,2.307,0.0,18.5,0.982,True,1
var12_toroidal_24_vertical_coils,24,pairwise_180_concordant,4,200.0,2400.0,CCW,26.179,18.512,1.0,0.0125,0.0094,-0.9876,1.65,99.38,-10.107,174.9,402.26,1133.65,16.193,2.307,0.0,18.5,0.982,True,1
var12_toroidal_24_vertical_coils,24,pairwise_180_concordant,4,400.0,0.0,CW,24.915,17.618,1.0,0.0137,0.0103,0.9853,1.65,99.26,5.569,154.06,354.34,2157.79,16.302,2.198,0.0,18.5,0.936,True,1
var12_toroidal_24_vertical_coils,24,pairwise_180_concordant,4,400.0,0.0,CCW,24.915,17.618,1.0,0.0137,0.0103,-0.9853,1.65,99.26,-5.569,154.06,354.34,2157.79,16.302,2.198,0.0,18.5,0.936,True,1
var12_toroidal_24_vertical_coils,24,pairwise_180_concordant,4,400.0,600.0,CW,24.915,17.618,1.0,0.0137,0.0103,0.9853,1.65,99.26,6.46,154.06,354.34,2157.79,16.302,2.198,0.0,18.5,0.956,True,1
var12_toroidal_24_vertical_coils,24,pairwise_180_concordant,4,400.0,600.0,CCW,24.915,17.618,1.0,0.0137,0.0103,-0.9853,1.65,99.26,-6.46,154.06,354.34,2157.79,16.302,2.198,0.0,18.5,0.956,True,1
var12_toroidal_24_vertical_coils,24,pairwise_180_concordant,4,400.0,1200.0,CW,24.915,17.618,1.0,0.0137,0.0103,0.9853,1.65,99.26,7.351,154.06,354.34,2157.79,16.302,2.198,0.0,18.5,0.976,True,1
var12_toroidal_24_vertical_coils,24,pairwise_180_concordant,4,400.0,1200.0,CCW,24.915,17.618,1.0,0.0137,0.0103,-0.9853,1.65,99.26,-7.351,154.06,354.34,2157.79,16.302,2.198,0.0,18.5,0.976,True,1
var12_toroidal_24_vertical_coils,24,pairwise_180_concordant,4,400.0,2400.0,CW,24.915,17.618,1.0,0.0137,0.0103,0.9853,1.65,99.26,9.133,154.06,354.34,2157.79,16.302,2.198,0.0,18.5,1.016,True,1
var12_toroidal_24_vertical_coils,24,pairwise_180_concordant,4,400.0,2400.0,CCW,24.915,17.618,1.0,0.0137,0.0103,-0.9853,1.65,99.26,-9.133,154.06,354.34,2157.79,16.302,2.198,0.0,18.5,1.016,True,1
var12_toroidal_24_vertical_coils,24,pairwise_180_concordant,4,800.0,0.0,CW,24.726,17.484,1.0,0.0138,0.0103,0.985,1.65,99.25,5.483,151.3,348.0,4282.87,16.229,2.271,0.0,18.5,1.004,True,1
var12_toroidal_24_vertical_coils,24,pairwise_180_concordant,4,800.0,0.0,CCW,24.726,17.484,1.0,0.0138,0.0103,-0.985,1.65,99.25,-5.483,151.3,348.0,4282.87,16.229,2.271,0.0,18.5,1.004,True,1
var12_toroidal_24_vertical_coils,24,pairwise_180_concordant,4,800.0,600.0,CW,24.726,17.484,1.0,0.0138,0.0103,0.985,1.65,99.25,6.361,151.3,348.0,4282.87,16.229,2.271,0.0,18.5,1.024,True,1
var12_toroidal_24_vertical_coils,24,pairwise_180_concordant,4,800.0,600.0,CCW,24.726,17.484,1.0,0.0138,0.0103,-0.985,1.65,99.25,-6.361,151.3,348.0,4282.87,16.229,2.271,0.0,18.5,1.024,True,1
var12_toroidal_24_vertical_coils,24,pairwise_180_concordant,4,800.0,1200.0,CW,24.726,17.484,1.0,0.0138,0.0103,0.985,1.65,99.25,7.238,151.3,348.0,4282.87,16.229,2.271,0.0,18.5,1.044,True,1
var12_toroidal_24_vertical_coils,24,pairwise_180_concordant,4,800.0,1200.0,CCW,24.726,17.484,1.0,0.0138,0.0103,-0.985,1.65,99.25,-7.238,151.3,348.0,4282.87,16.229,2.271,0.0,18.5,1.044,True,1
var12_toroidal_24_vertical_coils,24,pairwise_180_concordant,4,800.0,2400.0,CW,24.726,17.484,1.0,0.0138,0.0103,0.985,1.65,99.25,8.993,151.3,348.0,4282.87,16.229,2.271,0.0,18.5,1.084,True,1
var12_toroidal_24_vertical_coils,24,pairwise_180_concordant,4,800.0,2400.0,CCW,24.726,17.484,1.0,0.0138,0.0103,-0.985,1.65,99.25,-8.993,151.3,348.0,4282.87,16.229,2.271,0.0,18.5,1.084,True,1
var12_toroidal_24_vertical_coils,24,pairwise_180_concordant,4,1000.0,0.0,CW,24.683,17.453,1.0,0.0138,0.0103,0.985,1.65,99.25,5.464,150.73,346.69,5344.13,16.187,2.313,0.0,18.5,1.038,True,1
var12_toroidal_24_vertical_coils,24,pairwise_180_concordant,4,1000.0,0.0,CCW,24.683,17.453,1.0,0.0138,0.0103,-0.985,1.65,99.25,-5.464,150.73,346.69,5344.13,16.187,2.313,0.0,18.5,1.038,True,1
var12_toroidal_24_vertical_coils,24,pairwise_180_concordant,4,1000.0,600.0,CW,24.683,17.453,1.0,0.0138,0.0103,0.985,1.65,99.25,6.338,150.73,346.69,5344.13,16.187,2.313,0.0,18.5,1.058,True,1
var12_toroidal_24_vertical_coils,24,pairwise_180_concordant,4,1000.0,600.0,CCW,24.683,17.453,1.0,0.0138,0.0103,-0.985,1.65,99.25,-6.338,150.73,346.69,5344.13,16.187,2.313,0.0,18.5,1.058,True,1
var12_toroidal_24_vertical_coils,24,pairwise_180_concordant,4,1000.0,1200.0,CW,24.683,17.453,1.0,0.0138,0.0103,0.985,1.65,99.25,7.212,150.73,346.69,5344.13,16.187,2.313,0.0,18.5,1.078,True,1
var12_toroidal_24_vertical_coils,24,pairwise_180_concordant,4,1000.0,1200.0,CCW,24.683,17.453,1.0,0.0138,0.0103,-0.985,1.65,99.25,-7.212,150.73,346.69,5344.13,16.187,2.313,0.0,18.5,1.078,True,1
var12_toroidal_24_vertical_coils,24,pairwise_180_concordant,4,1000.0,2400.0,CW,24.683,17.453,1.0,0.0138,0.0103,0.985,1.65,99.25,8.961,150.73,346.69,5344.13,16.187,2.313,0.0,18.5,1.118,True,1
var12_toroidal_24_vertical_coils,24,pairwise_180_concordant,4,1000.0,2400.0,CCW,24.683,17.453,1.0,0.0138,0.0103,-0.985,1.65,99.25,-8.961,150.73,346.69,5344.13,16.187,2.313,0.0,18.5,1.118,True,1
var12_toroidal_24_vertical_coils,24,pairwise_180_concordant,5,25.0,0.0,CW,25.889,18.306,1.0,0.0128,0.0096,0.987,1.65,99.35,6.023,169.82,390.58,140.13,16.271,2.229,0.0,18.5,0.872,True,1
var12_toroidal_24_vertical_coils,24,pairwise_180_concordant,5,25.0,0.0,CCW,25.889,18.306,1.0,0.0128,0.0096,-0.987,1.65,99.35,-6.023,169.82,390.58,140.13,16.271,2.229,0.0,18.5,0.872,True,1
var12_toroidal_24_vertical_coils,24,pairwise_180_concordant,5,25.0,600.0,CW,25.889,18.306,1.0,0.0128,0.0096,0.987,1.65,99.35,6.987,169.82,390.58,140.13,16.271,2.229,0.0,18.5,0.892,True,1
var12_toroidal_24_vertical_coils,24,pairwise_180_concordant,5,25.0,600.0,CCW,25.889,18.306,1.0,0.0128,0.0096,-0.987,1.65,99.35,-6.987,169.82,390.58,140.13,16.271,2.229,0.0,18.5,0.892,True,1
var12_toroidal_24_vertical_coils,24,pairwise_180_concordant,5,25.0,1200.0,CW,25.889,18.306,1.0,0.0128,0.0096,0.987,1.65,99.35,7.951,169.82,390.58,140.13,16.271,2.229,0.0,18.5,0.912,True,1
var12_toroidal_24_vertical_coils,24,pairwise_180_concordant,5,25.0,1200.0,CCW,25.889,18.306,1.0,0.0128,0.0096,-0.987,1.65,99.35,-7.951,169.82,390.58,140.13,16.271,2.229,0.0,18.5,0.912,True,1
var12_toroidal_24_vertical_coils,24,pairwise_180_concordant,5,25.0,2400.0,CW,25.889,18.306,1.0,0.0128,0.0096,0.987,1.65,99.35,9.879,169.82,390.58,140.13,16.271,2.229,0.0,18.5,0.952,True,1
var12_toroidal_24_vertical_coils,24,pairwise_180_concordant,5,25.0,2400.0,CCW,25.889,18.306,1.0,0.0128,0.0096,-0.987,1.65,99.35,-9.879,169.82,390.58,140.13,16.271,2.229,0.0,18.5,0.952,True,1
var12_toroidal_24_vertical_coils,24,pairwise_180_concordant,5,50.0,0.0,CW,26.495,18.735,1.0,0.0123,0.0092,0.9882,1.65,99.41,6.316,180.29,414.66,286.83,16.19,2.31,0.0,18.5,0.877,True,1
var12_toroidal_24_vertical_coils,24,pairwise_180_concordant,5,50.0,0.0,CCW,26.495,18.735,1.0,0.0123,0.0092,-0.9882,1.65,99.41,-6.316,180.29,414.66,286.83,16.19,2.31,0.0,18.5,0.877,True,1
var12_toroidal_24_vertical_coils,24,pairwise_180_concordant,5,50.0,600.0,CW,26.495,18.735,1.0,0.0123,0.0092,0.9882,1.65,99.41,7.327,180.29,414.66,286.83,16.19,2.31,0.0,18.5,0.897,True,1
var12_toroidal_24_vertical_coils,24,pairwise_180_concordant,5,50.0,600.0,CCW,26.495,18.735,1.0,0.0123,0.0092,-0.9882,1.65,99.41,-7.327,180.29,414.66,286.83,16.19,2.31,0.0,18.5,0.897,True,1
var12_toroidal_24_vertical_coils,24,pairwise_180_concordant,5,50.0,1200.0,CW,26.495,18.735,1.0,0.0123,0.0092,0.9882,1.65,99.41,8.337,180.29,414.66,286.83,16.19,2.31,0.0,18.5,0.917,True,1
var12_toroidal_24_vertical_coils,24,pairwise_180_concordant,5,50.0,1200.0,CCW,26.495,18.735,1.0,0.0123,0.0092,-0.9882,1.65,99.41,-8.337,180.29,414.66,286.83,16.19,2.31,0.0,18.5,0.917,True,1
var12_toroidal_24_vertical_coils,24,pairwise_180_concordant,5,50.0,2400.0,CW,26.495,18.735,1.0,0.0123,0.0092,0.9882,1.65,99.41,10.359,180.29,414.66,286.83,16.19,2.31,0.0,18.5,0.957,True,1
var12_toroidal_24_vertical_coils,24,pairwise_180_concordant,5,50.0,2400.0,CCW,26.495,18.735,1.0,0.0123,0.0092,-0.9882,1.65,99.41,-10.359,180.29,414.66,286.83,16.19,2.31,0.0,18.5,0.957,True,1
var12_toroidal_24_vertical_coils,24,pairwise_180_concordant,5,60.0,0.0,CW,26.864,18.996,1.0,0.0119,0.0089,0.9889,1.65,99.45,6.498,186.85,429.75,348.98,16.142,2.358,0.0,18.5,0.878,True,1
var12_toroidal_24_vertical_coils,24,pairwise_180_concordant,5,60.0,0.0,CCW,26.864,18.996,1.0,0.0119,0.0089,-0.9889,1.65,99.45,-6.498,186.85,429.75,348.98,16.142,2.358,0.0,18.5,0.878,True,1
var12_toroidal_24_vertical_coils,24,pairwise_180_concordant,5,60.0,600.0,CW,26.864,18.996,1.0,0.0119,0.0089,0.9889,1.65,99.45,7.537,186.85,429.75,348.98,16.142,2.358,0.0,18.5,0.898,True,1
var12_toroidal_24_vertical_coils,24,pairwise_180_concordant,5,60.0,600.0,CCW,26.864,18.996,1.0,0.0119,0.0089,-0.9889,1.65,99.45,-7.537,186.85,429.75,348.98,16.142,2.358,0.0,18.5,0.898,True,1
var12_toroidal_24_vertical_coils,24,pairwise_180_concordant,5,60.0,1200.0,CW,26.864,18.996,1.0,0.0119,0.0089,0.9889,1.65,99.45,8.577,186.85,429.75,348.98,16.142,2.358,0.0,18.5,0.918,True,1
var12_toroidal_24_vertical_coils,24,pairwise_180_concordant,5,60.0,1200.0,CCW,26.864,18.996,1.0,0.0119,0.0089,-0.9889,1.65,99.45,-8.577,186.85,429.75,348.98,16.142,2.358,0.0,18.5,0.918,True,1
var12_toroidal_24_vertical_coils,24,pairwise_180_concordant,5,60.0,2400.0,CW,26.864,18.996,1.0,0.0119,0.0089,0.9889,1.65,99.45,10.656,186.85,429.75,348.98,16.142,2.358,0.0,18.5,0.958,True,1
var12_toroidal_24_vertical_coils,24,pairwise_180_concordant,5,60.0,2400.0,CCW,26.864,18.996,1.0,0.0119,0.0089,-0.9889,1.65,99.45,-10.656,186.85,429.75,348.98,16.142,2.358,0.0,18.5,0.958,True,1
var12_toroidal_24_vertical_coils,24,pairwise_180_concordant,5,100.0,0.0,CW,29.307,20.723,1.0,0.0091,0.0068,0.9935,1.65,99.68,7.769,234.15,538.54,634.53,15.834,2.666,0.0,18.5,0.885,True,1
var12_toroidal_24_vertical_coils,24,pairwise_180_concordant,5,100.0,0.0,CCW,29.307,20.723,1.0,0.0091,0.0068,-0.9935,1.65,99.68,-7.769,234.15,538.54,634.53,15.834,2.666,0.0,18.5,0.885,True,1
var12_toroidal_24_vertical_coils,24,pairwise_180_concordant,5,100.0,600.0,CW,29.307,20.723,1.0,0.0091,0.0068,0.9935,1.65,99.68,9.013,234.15,538.54,634.53,15.834,2.666,0.0,18.5,0.905,True,1
var12_toroidal_24_vertical_coils,24,pairwise_180_concordant,5,100.0,600.0,CCW,29.307,20.723,1.0,0.0091,0.0068,-0.9935,1.65,99.68,-9.013,234.15,538.54,634.53,15.834,2.666,0.0,18.5,0.905,True,1
var12_toroidal_24_vertical_coils,24,pairwise_180_concordant,5,100.0,1200.0,CW,29.307,20.723,1.0,0.0091,0.0068,0.9935,1.65,99.68,10.256,234.15,538.54,634.53,15.834,2.666,0.0,18.5,0.925,True,1
var12_toroidal_24_vertical_coils,24,pairwise_180_concordant,5,100.0,1200.0,CCW,29.307,20.723,1.0,0.0091,0.0068,-0.9935,1.65,99.68,-10.256,234.15,538.54,634.53,15.834,2.666,0.0,18.5,0.925,True,1
var12_toroidal_24_vertical_coils,24,pairwise_180_concordant,5,100.0,2400.0,CW,29.307,20.723,1.0,0.0091,0.0068,0.9935,1.65,99.68,12.742,234.15,538.54,634.53,15.834,2.666,0.0,18.5,0.965,True,1
var12_toroidal_24_vertical_coils,24,pairwise_180_concordant,5,100.0,2400.0,CCW,29.307,20.723,1.0,0.0091,0.0068,-0.9935,1.65,99.68,-12.742,234.15,538.54,634.53,15.834,2.666,0.0,18.5,0.965,True,1
var12_toroidal_24_vertical_coils,24,pairwise_180_concordant,5,120.0,0.0,CW,30.095,21.281,1.0,0.008,0.006,0.995,1.65,99.75,8.205,250.9,577.07,781.93,15.734,2.766,0.0,18.5,0.889,True,1
var12_toroidal_24_vertical_coils,24,pairwise_180_concordant,5,120.0,0.0,CCW,30.095,21.281,1.0,0.008,0.006,-0.995,1.65,99.75,-8.205,250.9,577.07,781.93,15.734,2.766,0.0,18.5,0.889,True,1
var12_toroidal_24_vertical_coils,24,pairwise_180_concordant,5,120.0,600.0,CW,30.095,21.281,1.0,0.008,0.006,0.995,1.65,99.75,9.518,250.9,577.07,781.93,15.734,2.766,0.0,18.5,0.909,True,1
var12_toroidal_24_vertical_coils,24,pairwise_180_concordant,5,120.0,600.0,CCW,30.095,21.281,1.0,0.008,0.006,-0.995,1.65,99.75,-9.518,250.9,577.07,781.93,15.734,2.766,0.0,18.5,0.909,True,1
var12_toroidal_24_vertical_coils,24,pairwise_180_concordant,5,120.0,1200.0,CW,30.095,21.281,1.0,0.008,0.006,0.995,1.65,99.75,10.831,250.9,577.07,781.93,15.734,2.766,0.0,18.5,0.929,True,1
var12_toroidal_24_vertical_coils,24,pairwise_180_concordant,5,120.0,1200.0,CCW,30.095,21.281,1.0,0.008,0.006,-0.995,1.65,99.75,-10.831,250.9,577.07,781.93,15.734,2.766,0.0,18.5,0.929,True,1
var12_toroidal_24_vertical_coils,24,pairwise_180_concordant,5,120.0,2400.0,CW,30.095,21.281,1.0,0.008,0.006,0.995,1.65,99.75,13.457,250.9,577.07,781.93,15.734,2.766,0.0,18.5,0.969,True,1
var12_toroidal_24_vertical_coils,24,pairwise_180_concordant,5,120.0,2400.0,CCW,30.095,21.281,1.0,0.008,0.006,-0.995,1.65,99.75,-13.457,250.9,577.07,781.93,15.734,2.766,0.0,18.5,0.969,True,1
var12_toroidal_24_vertical_coils,24,pairwise_180_concordant,5,150.0,0.0,CW,28.588,20.214,1.0,0.01,0.0075,0.9922,1.65,99.61,7.383,219.57,505.02,928.44,15.909,2.591,0.0,18.5,0.894,True,1
var12_toroidal_24_vertical_coils,24,pairwise_180_concordant,5,150.0,0.0,CCW,28.588,20.214,1.0,0.01,0.0075,-0.9922,1.65,99.61,-7.383,219.57,505.02,928.44,15.909,2.591,0.0,18.5,0.894,True,1
var12_toroidal_24_vertical_coils,24,pairwise_180_concordant,5,150.0,600.0,CW,28.588,20.214,1.0,0.01,0.0075,0.9922,1.65,99.61,8.564,219.57,505.02,928.44,15.909,2.591,0.0,18.5,0.914,True,1
var12_toroidal_24_vertical_coils,24,pairwise_180_concordant,5,150.0,600.0,CCW,28.588,20.214,1.0,0.01,0.0075,-0.9922,1.65,99.61,-8.564,219.57,505.02,928.44,15.909,2.591,0.0,18.5,0.914,True,1
var12_toroidal_24_vertical_coils,24,pairwise_180_concordant,5,150.0,1200.0,CW,28.588,20.214,1.0,0.01,0.0075,0.9922,1.65,99.61,9.745,219.57,505.02,928.44,15.909,2.591,0.0,18.5,0.934,True,1
var12_toroidal_24_vertical_coils,24,pairwise_180_concordant,5,150.0,1200.0,CCW,28.588,20.214,1.0,0.01,0.0075,-0.9922,1.65,99.61,-9.745,219.57,505.02,928.44,15.909,2.591,0.0,18.5,0.934,True,1
var12_toroidal_24_vertical_coils,24,pairwise_180_concordant,5,150.0,2400.0,CW,28.588,20.214,1.0,0.01,0.0075,0.9922,1.65,99.61,12.108,219.57,505.02,928.44,15.909,2.591,0.0,18.5,0.974,True,1
var12_toroidal_24_vertical_coils,24,pairwise_180_concordant,5,150.0,2400.0,CCW,28.588,20.214,1.0,0.01,0.0075,-0.9922,1.65,99.61,-12.108,219.57,505.02,928.44,15.909,2.591,0.0,18.5,0.974,True,1
var12_toroidal_24_vertical_coils,24,pairwise_180_concordant,5,200.0,0.0,CW,26.179,18.512,1.0,0.0125,0.0094,0.9876,1.65,99.38,6.163,174.9,402.26,1133.65,16.193,2.307,0.0,18.5,0.902,True,1
var12_toroidal_24_vertical_coils,24,pairwise_180_concordant,5,200.0,0.0,CCW,26.179,18.512,1.0,0.0125,0.0094,-0.9876,1.65,99.38,-6.163,174.9,402.26,1133.65,16.193,2.307,0.0,18.5,0.902,True,1
var12_toroidal_24_vertical_coils,24,pairwise_180_concordant,5,200.0,600.0,CW,26.179,18.512,1.0,0.0125,0.0094,0.9876,1.65,99.38,7.149,174.9,402.26,1133.65,16.193,2.307,0.0,18.5,0.922,True,1
var12_toroidal_24_vertical_coils,24,pairwise_180_concordant,5,200.0,600.0,CCW,26.179,18.512,1.0,0.0125,0.0094,-0.9876,1.65,99.38,-7.149,174.9,402.26,1133.65,16.193,2.307,0.0,18.5,0.922,True,1
var12_toroidal_24_vertical_coils,24,pairwise_180_concordant,5,200.0,1200.0,CW,26.179,18.512,1.0,0.0125,0.0094,0.9876,1.65,99.38,8.135,174.9,402.26,1133.65,16.193,2.307,0.0,18.5,0.942,True,1
var12_toroidal_24_vertical_coils,24,pairwise_180_concordant,5,200.0,1200.0,CCW,26.179,18.512,1.0,0.0125,0.0094,-0.9876,1.65,99.38,-8.135,174.9,402.26,1133.65,16.193,2.307,0.0,18.5,0.942,True,1
var12_toroidal_24_vertical_coils,24,pairwise_180_concordant,5,200.0,2400.0,CW,26.179,18.512,1.0,0.0125,0.0094,0.9876,1.65,99.38,10.107,174.9,402.26,1133.65,16.193,2.307,0.0,18.5,0.982,True,1
var12_toroidal_24_vertical_coils,24,pairwise_180_concordant,5,200.0,2400.0,CCW,26.179,18.512,1.0,0.0125,0.0094,-0.9876,1.65,99.38,-10.107,174.9,402.26,1133.65,16.193,2.307,0.0,18.5,0.982,True,1
var12_toroidal_24_vertical_coils,24,pairwise_180_concordant,5,400.0,0.0,CW,24.915,17.618,1.0,0.0137,0.0103,0.9853,1.65,99.26,5.569,154.06,354.34,2157.79,16.302,2.198,0.0,18.5,0.936,True,1
var12_toroidal_24_vertical_coils,24,pairwise_180_concordant,5,400.0,0.0,CCW,24.915,17.618,1.0,0.0137,0.0103,-0.9853,1.65,99.26,-5.569,154.06,354.34,2157.79,16.302,2.198,0.0,18.5,0.936,True,1
var12_toroidal_24_vertical_coils,24,pairwise_180_concordant,5,400.0,600.0,CW,24.915,17.618,1.0,0.0137,0.0103,0.9853,1.65,99.26,6.46,154.06,354.34,2157.79,16.302,2.198,0.0,18.5,0.956,True,1
var12_toroidal_24_vertical_coils,24,pairwise_180_concordant,5,400.0,600.0,CCW,24.915,17.618,1.0,0.0137,0.0103,-0.9853,1.65,99.26,-6.46,154.06,354.34,2157.79,16.302,2.198,0.0,18.5,0.956,True,1
var12_toroidal_24_vertical_coils,24,pairwise_180_concordant,5,400.0,1200.0,CW,24.915,17.618,1.0,0.0137,0.0103,0.9853,1.65,99.26,7.351,154.06,354.34,2157.79,16.302,2.198,0.0,18.5,0.976,True,1
var12_toroidal_24_vertical_coils,24,pairwise_180_concordant,5,400.0,1200.0,CCW,24.915,17.618,1.0,0.0137,0.0103,-0.9853,1.65,99.26,-7.351,154.06,354.34,2157.79,16.302,2.198,0.0,18.5,0.976,True,1
var12_toroidal_24_vertical_coils,24,pairwise_180_concordant,5,400.0,2400.0,CW,24.915,17.618,1.0,0.0137,0.0103,0.9853,1.65,99.26,9.133,154.06,354.34,2157.79,16.302,2.198,0.0,18.5,1.016,True,1
var12_toroidal_24_vertical_coils,24,pairwise_180_concordant,5,400.0,2400.0,CCW,24.915,17.618,1.0,0.0137,0.0103,-0.9853,1.65,99.26,-9.133,154.06,354.34,2157.79,16.302,2.198,0.0,18.5,1.016,True,1
var12_toroidal_24_vertical_coils,24,pairwise_180_concordant,5,800.0,0.0,CW,24.726,17.484,1.0,0.0138,0.0103,0.985,1.65,99.25,5.483,151.3,348.0,4282.87,16.229,2.271,0.0,18.5,1.004,True,1
var12_toroidal_24_vertical_coils,24,pairwise_180_concordant,5,800.0,0.0,CCW,24.726,17.484,1.0,0.0138,0.0103,-0.985,1.65,99.25,-5.483,151.3,348.0,4282.87,16.229,2.271,0.0,18.5,1.004,True,1
var12_toroidal_24_vertical_coils,24,pairwise_180_concordant,5,800.0,600.0,CW,24.726,17.484,1.0,0.0138,0.0103,0.985,1.65,99.25,6.361,151.3,348.0,4282.87,16.229,2.271,0.0,18.5,1.024,True,1
var12_toroidal_24_vertical_coils,24,pairwise_180_concordant,5,800.0,600.0,CCW,24.726,17.484,1.0,0.0138,0.0103,-0.985,1.65,99.25,-6.361,151.3,348.0,4282.87,16.229,2.271,0.0,18.5,1.024,True,1
var12_toroidal_24_vertical_coils,24,pairwise_180_concordant,5,800.0,1200.0,CW,24.726,17.484,1.0,0.0138,0.0103,0.985,1.65,99.25,7.238,151.3,348.0,4282.87,16.229,2.271,0.0,18.5,1.044,True,1
var12_toroidal_24_vertical_coils,24,pairwise_180_concordant,5,800.0,1200.0,CCW,24.726,17.484,1.0,0.0138,0.0103,-0.985,1.65,99.25,-7.238,151.3,348.0,4282.87,16.229,2.271,0.0,18.5,1.044,True,1
var12_toroidal_24_vertical_coils,24,pairwise_180_concordant,5,800.0,2400.0,CW,24.726,17.484,1.0,0.0138,0.0103,0.985,1.65,99.25,8.993,151.3,348.0,4282.87,16.229,2.271,0.0,18.5,1.084,True,1
var12_toroidal_24_vertical_coils,24,pairwise_180_concordant,5,800.0,2400.0,CCW,24.726,17.484,1.0,0.0138,0.0103,-0.985,1.65,99.25,-8.993,151.3,348.0,4282.87,16.229,2.271,0.0,18.5,1.084,True,1
var12_toroidal_24_vertical_coils,24,pairwise_180_concordant,5,1000.0,0.0,CW,24.683,17.453,1.0,0.0138,0.0103,0.985,1.65,99.25,5.464,150.73,346.69,5344.13,16.187,2.313,0.0,18.5,1.038,True,1
var12_toroidal_24_vertical_coils,24,pairwise_180_concordant,5,1000.0,0.0,CCW,24.683,17.453,1.0,0.0138,0.0103,-0.985,1.65,99.25,-5.464,150.73,346.69,5344.13,16.187,2.313,0.0,18.5,1.038,True,1
var12_toroidal_24_vertical_coils,24,pairwise_180_concordant,5,1000.0,600.0,CW,24.683,17.453,1.0,0.0138,0.0103,0.985,1.65,99.25,6.338,150.73,346.69,5344.13,16.187,2.313,0.0,18.5,1.058,True,1
var12_toroidal_24_vertical_coils,24,pairwise_180_concordant,5,1000.0,600.0,CCW,24.683,17.453,1.0,0.0138,0.0103,-0.985,1.65,99.25,-6.338,150.73,346.69,5344.13,16.187,2.313,0.0,18.5,1.058,True,1
var12_toroidal_24_vertical_coils,24,pairwise_180_concordant,5,1000.0,1200.0,CW,24.683,17.453,1.0,0.0138,0.0103,0.985,1.65,99.25,7.212,150.73,346.69,5344.13,16.187,2.313,0.0,18.5,1.078,True,1
var12_toroidal_24_vertical_coils,24,pairwise_180_concordant,5,1000.0,1200.0,CCW,24.683,17.453,1.0,0.0138,0.0103,-0.985,1.65,99.25,-7.212,150.73,346.69,5344.13,16.187,2.313,0.0,18.5,1.078,True,1
var12_toroidal_24_vertical_coils,24,pairwise_180_concordant,5,1000.0,2400.0,CW,24.683,17.453,1.0,0.0138,0.0103,0.985,1.65,99.25,8.961,150.73,346.69,5344.13,16.187,2.313,0.0,18.5,1.118,True,1
var12_toroidal_24_vertical_coils,24,pairwise_180_concordant,5,1000.0,2400.0,CCW,24.683,17.453,1.0,0.0138,0.0103,-0.985,1.65,99.25,-8.961,150.73,346.69,5344.13,16.187,2.313,0.0,18.5,1.118,True,1
var12_toroidal_24_vertical_coils,24,pairwise_180_concordant,6,25.0,0.0,CW,26.582,18.796,1.0,0.0128,0.0096,0.987,1.65,99.35,6.35,185.26,426.1,143.88,16.22,2.28,0.0,18.5,0.874,True,1
var12_toroidal_24_vertical_coils,24,pairwise_180_concordant,6,25.0,0.0,CCW,26.582,18.796,1.0,0.0128,0.0096,-0.987,1.65,99.35,-6.35,185.26,426.1,143.88,16.22,2.28,0.0,18.5,0.874,True,1
var12_toroidal_24_vertical_coils,24,pairwise_180_concordant,6,25.0,600.0,CW,26.582,18.796,1.0,0.0128,0.0096,0.987,1.65,99.35,7.366,185.26,426.1,143.88,16.22,2.28,0.0,18.5,0.894,True,1
var12_toroidal_24_vertical_coils,24,pairwise_180_concordant,6,25.0,600.0,CCW,26.582,18.796,1.0,0.0128,0.0096,-0.987,1.65,99.35,-7.366,185.26,426.1,143.88,16.22,2.28,0.0,18.5,0.894,True,1
var12_toroidal_24_vertical_coils,24,pairwise_180_concordant,6,25.0,1200.0,CW,26.582,18.796,1.0,0.0128,0.0096,0.987,1.65,99.35,8.382,185.26,426.1,143.88,16.22,2.28,0.0,18.5,0.914,True,1
var12_toroidal_24_vertical_coils,24,pairwise_180_concordant,6,25.0,1200.0,CCW,26.582,18.796,1.0,0.0128,0.0096,-0.987,1.65,99.35,-8.382,185.26,426.1,143.88,16.22,2.28,0.0,18.5,0.914,True,1
var12_toroidal_24_vertical_coils,24,pairwise_180_concordant,6,25.0,2400.0,CW,26.582,18.796,1.0,0.0128,0.0096,0.987,1.65,99.35,10.414,185.26,426.1,143.88,16.22,2.28,0.0,18.5,0.954,True,1
var12_toroidal_24_vertical_coils,24,pairwise_180_concordant,6,25.0,2400.0,CCW,26.582,18.796,1.0,0.0128,0.0096,-0.987,1.65,99.35,-10.414,185.26,426.1,143.88,16.22,2.28,0.0,18.5,0.954,True,1
var12_toroidal_24_vertical_coils,24,pairwise_180_concordant,6,50.0,0.0,CW,27.202,19.235,1.0,0.0123,0.0092,0.9882,1.65,99.41,6.658,196.66,452.31,294.49,16.138,2.362,0.0,18.5,0.878,True,1
var12_toroidal_24_vertical_coils,24,pairwise_180_concordant,6,50.0,0.0,CCW,27.202,19.235,1.0,0.0123,0.0092,-0.9882,1.65,99.41,-6.658,196.66,452.31,294.49,16.138,2.362,0.0,18.5,0.878,True,1
var12_toroidal_24_vertical_coils,24,pairwise_180_concordant,6,50.0,600.0,CW,27.202,19.235,1.0,0.0123,0.0092,0.9882,1.65,99.41,7.723,196.66,452.31,294.49,16.138,2.362,0.0,18.5,0.898,True,1
var12_toroidal_24_vertical_coils,24,pairwise_180_concordant,6,50.0,600.0,CCW,27.202,19.235,1.0,0.0123,0.0092,-0.9882,1.65,99.41,-7.723,196.66,452.31,294.49,16.138,2.362,0.0,18.5,0.898,True,1
var12_toroidal_24_vertical_coils,24,pairwise_180_concordant,6,50.0,1200.0,CW,27.202,19.235,1.0,0.0123,0.0092,0.9882,1.65,99.41,8.788,196.66,452.31,294.49,16.138,2.362,0.0,18.5,0.918,True,1
var12_toroidal_24_vertical_coils,24,pairwise_180_concordant,6,50.0,1200.0,CCW,27.202,19.235,1.0,0.0123,0.0092,-0.9882,1.65,99.41,-8.788,196.66,452.31,294.49,16.138,2.362,0.0,18.5,0.918,True,1
var12_toroidal_24_vertical_coils,24,pairwise_180_concordant,6,50.0,2400.0,CW,27.202,19.235,1.0,0.0123,0.0092,0.9882,1.65,99.41,10.919,196.66,452.31,294.49,16.138,2.362,0.0,18.5,0.958,True,1
var12_toroidal_24_vertical_coils,24,pairwise_180_concordant,6,50.0,2400.0,CCW,27.202,19.235,1.0,0.0123,0.0092,-0.9882,1.65,99.41,-10.919,196.66,452.31,294.49,16.138,2.362,0.0,18.5,0.958,True,1
var12_toroidal_24_vertical_coils,24,pairwise_180_concordant,6,60.0,0.0,CW,27.58,19.502,1.0,0.0119,0.0089,0.9889,1.65,99.45,6.849,203.8,468.73,358.28,16.089,2.411,0.0,18.5,0.88,True,1
var12_toroidal_24_vertical_coils,24,pairwise_180_concordant,6,60.0,0.0,CCW,27.58,19.502,1.0,0.0119,0.0089,-0.9889,1.65,99.45,-6.849,203.8,468.73,358.28,16.089,2.411,0.0,18.5,0.88,True,1
var12_toroidal_24_vertical_coils,24,pairwise_180_concordant,6,60.0,600.0,CW,27.58,19.502,1.0,0.0119,0.0089,0.9889,1.65,99.45,7.945,203.8,468.73,358.28,16.089,2.411,0.0,18.5,0.9,True,1
var12_toroidal_24_vertical_coils,24,pairwise_180_concordant,6,60.0,600.0,CCW,27.58,19.502,1.0,0.0119,0.0089,-0.9889,1.65,99.45,-7.945,203.8,468.73,358.28,16.089,2.411,0.0,18.5,0.9,True,1
var12_toroidal_24_vertical_coils,24,pairwise_180_concordant,6,60.0,1200.0,CW,27.58,19.502,1.0,0.0119,0.0089,0.9889,1.65,99.45,9.04,203.8,468.73,358.28,16.089,2.411,0.0,18.5,0.92,True,1
var12_toroidal_24_vertical_coils,24,pairwise_180_concordant,6,60.0,1200.0,CCW,27.58,19.502,1.0,0.0119,0.0089,-0.9889,1.65,99.45,-9.04,203.8,468.73,358.28,16.089,2.411,0.0,18.5,0.92,True,1
var12_toroidal_24_vertical_coils,24,pairwise_180_concordant,6,60.0,2400.0,CW,27.58,19.502,1.0,0.0119,0.0089,0.9889,1.65,99.45,11.232,203.8,468.73,358.28,16.089,2.411,0.0,18.5,0.96,True,1
var12_toroidal_24_vertical_coils,24,pairwise_180_concordant,6,60.0,2400.0,CCW,27.58,19.502,1.0,0.0119,0.0089,-0.9889,1.65,99.45,-11.232,203.8,468.73,358.28,16.089,2.411,0.0,18.5,0.96,True,1
var12_toroidal_24_vertical_coils,24,pairwise_180_concordant,6,100.0,0.0,CW,30.08,21.27,1.0,0.0091,0.0068,0.9935,1.65,99.68,8.185,255.26,587.1,651.28,15.774,2.726,0.0,18.5,0.886,True,1
var12_toroidal_24_vertical_coils,24,pairwise_180_concordant,6,100.0,0.0,CCW,30.08,21.27,1.0,0.0091,0.0068,-0.9935,1.65,99.68,-8.185,255.26,587.1,651.28,15.774,2.726,0.0,18.5,0.886,True,1
var12_toroidal_24_vertical_coils,24,pairwise_180_concordant,6,100.0,600.0,CW,30.08,21.27,1.0,0.0091,0.0068,0.9935,1.65,99.68,9.495,255.26,587.1,651.28,15.774,2.726,0.0,18.5,0.906,True,1
var12_toroidal_24_vertical_coils,24,pairwise_180_concordant,6,100.0,600.0,CCW,30.08,21.27,1.0,0.0091,0.0068,-0.9935,1.65,99.68,-9.495,255.26,587.1,651.28,15.774,2.726,0.0,18.5,0.906,True,1
var12_toroidal_24_vertical_coils,24,pairwise_180_concordant,6,100.0,1200.0,CW,30.08,21.27,1.0,0.0091,0.0068,0.9935,1.65,99.68,10.804,255.26,587.1,651.28,15.774,2.726,0.0,18.5,0.926,True,1
var12_toroidal_24_vertical_coils,24,pairwise_180_concordant,6,100.0,1200.0,CCW,30.08,21.27,1.0,0.0091,0.0068,-0.9935,1.65,99.68,-10.804,255.26,587.1,651.28,15.774,2.726,0.0,18.5,0.926,True,1
var12_toroidal_24_vertical_coils,24,pairwise_180_concordant,6,100.0,2400.0,CW,30.08,21.27,1.0,0.0091,0.0068,0.9935,1.65,99.68,13.423,255.26,587.1,651.28,15.774,2.726,0.0,18.5,0.966,True,1
var12_toroidal_24_vertical_coils,24,pairwise_180_concordant,6,100.0,2400.0,CCW,30.08,21.27,1.0,0.0091,0.0068,-0.9935,1.65,99.68,-13.423,255.26,587.1,651.28,15.774,2.726,0.0,18.5,0.966,True,1
var12_toroidal_24_vertical_coils,24,pairwise_180_concordant,6,120.0,0.0,CW,30.915,21.86,1.0,0.008,0.006,0.995,1.65,99.75,8.659,273.97,630.13,803.23,15.7,2.8,0.0,18.5,0.89,True,1
var12_toroidal_24_vertical_coils,24,pairwise_180_concordant,6,120.0,0.0,CCW,30.915,21.86,1.0,0.008,0.006,-0.995,1.65,99.75,-8.659,273.97,630.13,803.23,15.7,2.8,0.0,18.5,0.89,True,1
var12_toroidal_24_vertical_coils,24,pairwise_180_concordant,6,120.0,600.0,CW,30.915,21.86,1.0,0.008,0.006,0.995,1.65,99.75,10.044,273.97,630.13,803.23,15.7,2.8,0.0,18.5,0.91,True,1
var12_toroidal_24_vertical_coils,24,pairwise_180_concordant,6,120.0,600.0,CCW,30.915,21.86,1.0,0.008,0.006,-0.995,1.65,99.75,-10.044,273.97,630.13,803.23,15.7,2.8,0.0,18.5,0.91,True,1
var12_toroidal_24_vertical_coils,24,pairwise_180_concordant,6,120.0,1200.0,CW,30.915,21.86,1.0,0.008,0.006,0.995,1.65,99.75,11.429,273.97,630.13,803.23,15.7,2.8,0.0,18.5,0.93,True,1
var12_toroidal_24_vertical_coils,24,pairwise_180_concordant,6,120.0,1200.0,CCW,30.915,21.86,1.0,0.008,0.006,-0.995,1.65,99.75,-11.429,273.97,630.13,803.23,15.7,2.8,0.0,18.5,0.93,True,1
var12_toroidal_24_vertical_coils,24,pairwise_180_concordant,6,120.0,2400.0,CW,30.915,21.86,1.0,0.008,0.006,0.995,1.65,99.75,14.2,273.97,630.13,803.23,15.7,2.8,0.0,18.5,0.97,True,1
var12_toroidal_24_vertical_coils,24,pairwise_180_concordant,6,120.0,2400.0,CCW,30.915,21.86,1.0,0.008,0.006,-0.995,1.65,99.75,-14.2,273.97,630.13,803.23,15.7,2.8,0.0,18.5,0.97,True,1
var12_toroidal_24_vertical_coils,24,pairwise_180_concordant,6,150.0,0.0,CW,29.344,20.749,1.0,0.01,0.0075,0.9922,1.65,99.61,7.779,239.4,550.62,953.01,15.851,2.649,0.0,18.5,0.895,True,1
var12_toroidal_24_vertical_coils,24,pairwise_180_concordant,6,150.0,0.0,CCW,29.344,20.749,1.0,0.01,0.0075,-0.9922,1.65,99.61,-7.779,239.4,550.62,953.01,15.851,2.649,0.0,18.5,0.895,True,1
var12_toroidal_24_vertical_coils,24,pairwise_180_concordant,6,150.0,600.0,CW,29.344,20.749,1.0,0.01,0.0075,0.9922,1.65,99.61,9.023,239.4,550.62,953.01,15.851,2.649,0.0,18.5,0.915,True,1
var12_toroidal_24_vertical_coils,24,pairwise_180_concordant,6,150.0,600.0,CCW,29.344,20.749,1.0,0.01,0.0075,-0.9922,1.65,99.61,-9.023,239.4,550.62,953.01,15.851,2.649,0.0,18.5,0.915,True,1
var12_toroidal_24_vertical_coils,24,pairwise_180_concordant,6,150.0,1200.0,CW,29.344,20.749,1.0,0.01,0.0075,0.9922,1.65,99.61,10.268,239.4,550.62,953.01,15.851,2.649,0.0,18.5,0.935,True,1
var12_toroidal_24_vertical_coils,24,pairwise_180_concordant,6,150.0,1200.0,CCW,29.344,20.749,1.0,0.01,0.0075,-0.9922,1.65,99.61,-10.268,239.4,550.62,953.01,15.851,2.649,0.0,18.5,0.935,True,1
var12_toroidal_24_vertical_coils,24,pairwise_180_concordant,6,150.0,2400.0,CW,29.344,20.749,1.0,0.01,0.0075,0.9922,1.65,99.61,12.757,239.4,550.62,953.01,15.851,2.649,0.0,18.5,0.975,True,1
var12_toroidal_24_vertical_coils,24,pairwise_180_concordant,6,150.0,2400.0,CCW,29.344,20.749,1.0,0.01,0.0075,-0.9922,1.65,99.61,-12.757,239.4,550.62,953.01,15.851,2.649,0.0,18.5,0.975,True,1
var12_toroidal_24_vertical_coils,24,pairwise_180_concordant,6,200.0,0.0,CW,26.878,19.006,1.0,0.0125,0.0094,0.9876,1.65,99.38,6.497,190.78,438.79,1163.91,16.141,2.359,0.0,18.5,0.903,True,1
var12_toroidal_24_vertical_coils,24,pairwise_180_concordant,6,200.0,0.0,CCW,26.878,19.006,1.0,0.0125,0.0094,-0.9876,1.65,99.38,-6.497,190.78,438.79,1163.91,16.141,2.359,0.0,18.5,0.903,True,1
var12_toroidal_24_vertical_coils,24,pairwise_180_concordant,6,200.0,600.0,CW,26.878,19.006,1.0,0.0125,0.0094,0.9876,1.65,99.38,7.536,190.78,438.79,1163.91,16.141,2.359,0.0,18.5,0.923,True,1
var12_toroidal_24_vertical_coils,24,pairwise_180_concordant,6,200.0,600.0,CCW,26.878,19.006,1.0,0.0125,0.0094,-0.9876,1.65,99.38,-7.536,190.78,438.79,1163.91,16.141,2.359,0.0,18.5,0.923,True,1
var12_toroidal_24_vertical_coils,24,pairwise_180_concordant,6,200.0,1200.0,CW,26.878,19.006,1.0,0.0125,0.0094,0.9876,1.65,99.38,8.575,190.78,438.79,1163.91,16.141,2.359,0.0,18.5,0.943,True,1
var12_toroidal_24_vertical_coils,24,pairwise_180_concordant,6,200.0,1200.0,CCW,26.878,19.006,1.0,0.0125,0.0094,-0.9876,1.65,99.38,-8.575,190.78,438.79,1163.91,16.141,2.359,0.0,18.5,0.943,True,1
var12_toroidal_24_vertical_coils,24,pairwise_180_concordant,6,200.0,2400.0,CW,26.878,19.006,1.0,0.0125,0.0094,0.9876,1.65,99.38,10.654,190.78,438.79,1163.91,16.141,2.359,0.0,18.5,0.983,True,1
var12_toroidal_24_vertical_coils,24,pairwise_180_concordant,6,200.0,2400.0,CCW,26.878,19.006,1.0,0.0125,0.0094,-0.9876,1.65,99.38,-10.654,190.78,438.79,1163.91,16.141,2.359,0.0,18.5,0.983,True,1
var12_toroidal_24_vertical_coils,24,pairwise_180_concordant,6,400.0,0.0,CW,25.582,18.089,1.0,0.0137,0.0103,0.9853,1.65,99.26,5.871,168.08,386.58,2215.58,16.252,2.248,0.0,18.5,0.937,True,1
var12_toroidal_24_vertical_coils,24,pairwise_180_concordant,6,400.0,0.0,CCW,25.582,18.089,1.0,0.0137,0.0103,-0.9853,1.65,99.26,-5.871,168.08,386.58,2215.58,16.252,2.248,0.0,18.5,0.937,True,1
var12_toroidal_24_vertical_coils,24,pairwise_180_concordant,6,400.0,600.0,CW,25.582,18.089,1.0,0.0137,0.0103,0.9853,1.65,99.26,6.811,168.08,386.58,2215.58,16.252,2.248,0.0,18.5,0.957,True,1
var12_toroidal_24_vertical_coils,24,pairwise_180_concordant,6,400.0,600.0,CCW,25.582,18.089,1.0,0.0137,0.0103,-0.9853,1.65,99.26,-6.811,168.08,386.58,2215.58,16.252,2.248,0.0,18.5,0.957,True,1
var12_toroidal_24_vertical_coils,24,pairwise_180_concordant,6,400.0,1200.0,CW,25.582,18.089,1.0,0.0137,0.0103,0.9853,1.65,99.26,7.75,168.08,386.58,2215.58,16.252,2.248,0.0,18.5,0.977,True,1
var12_toroidal_24_vertical_coils,24,pairwise_180_concordant,6,400.0,1200.0,CCW,25.582,18.089,1.0,0.0137,0.0103,-0.9853,1.65,99.26,-7.75,168.08,386.58,2215.58,16.252,2.248,0.0,18.5,0.977,True,1
var12_toroidal_24_vertical_coils,24,pairwise_180_concordant,6,400.0,2400.0,CW,25.582,18.089,1.0,0.0137,0.0103,0.9853,1.65,99.26,9.629,168.08,386.58,2215.58,16.252,2.248,0.0,18.5,1.017,True,1
var12_toroidal_24_vertical_coils,24,pairwise_180_concordant,6,400.0,2400.0,CCW,25.582,18.089,1.0,0.0137,0.0103,-0.9853,1.65,99.26,-9.629,168.08,386.58,2215.58,16.252,2.248,0.0,18.5,1.017,True,1
var12_toroidal_24_vertical_coils,24,pairwise_180_concordant,6,800.0,0.0,CW,25.387,17.951,1.0,0.0138,0.0103,0.985,1.65,99.25,5.78,165.05,379.62,4397.33,16.178,2.322,0.0,18.5,1.005,True,1
var12_toroidal_24_vertical_coils,24,pairwise_180_concordant,6,800.0,0.0,CCW,25.387,17.951,1.0,0.0138,0.0103,-0.985,1.65,99.25,-5.78,165.05,379.62,4397.33,16.178,2.322,0.0,18.5,1.005,True,1
var12_toroidal_24_vertical_coils,24,pairwise_180_concordant,6,800.0,600.0,CW,25.387,17.951,1.0,0.0138,0.0103,0.985,1.65,99.25,6.705,165.05,379.62,4397.33,16.178,2.322,0.0,18.5,1.025,True,1
var12_toroidal_24_vertical_coils,24,pairwise_180_concordant,6,800.0,600.0,CCW,25.387,17.951,1.0,0.0138,0.0103,-0.985,1.65,99.25,-6.705,165.05,379.62,4397.33,16.178,2.322,0.0,18.5,1.025,True,1
var12_toroidal_24_vertical_coils,24,pairwise_180_concordant,6,800.0,1200.0,CW,25.387,17.951,1.0,0.0138,0.0103,0.985,1.65,99.25,7.63,165.05,379.62,4397.33,16.178,2.322,0.0,18.5,1.045,True,1
var12_toroidal_24_vertical_coils,24,pairwise_180_concordant,6,800.0,1200.0,CCW,25.387,17.951,1.0,0.0138,0.0103,-0.985,1.65,99.25,-7.63,165.05,379.62,4397.33,16.178,2.322,0.0,18.5,1.045,True,1
var12_toroidal_24_vertical_coils,24,pairwise_180_concordant,6,800.0,2400.0,CW,25.387,17.951,1.0,0.0138,0.0103,0.985,1.65,99.25,9.48,165.05,379.62,4397.33,16.178,2.322,0.0,18.5,1.085,True,1
var12_toroidal_24_vertical_coils,24,pairwise_180_concordant,6,800.0,2400.0,CCW,25.387,17.951,1.0,0.0138,0.0103,-0.985,1.65,99.25,-9.48,165.05,379.62,4397.33,16.178,2.322,0.0,18.5,1.085,True,1
var12_toroidal_24_vertical_coils,24,pairwise_180_concordant,6,1000.0,0.0,CW,25.341,17.919,1.0,0.0138,0.0103,0.985,1.65,99.25,5.76,164.42,378.17,5486.76,16.135,2.365,0.0,18.5,1.039,True,1
var12_toroidal_24_vertical_coils,24,pairwise_180_concordant,6,1000.0,0.0,CCW,25.341,17.919,1.0,0.0138,0.0103,-0.985,1.65,99.25,-5.76,164.42,378.17,5486.76,16.135,2.365,0.0,18.5,1.039,True,1
var12_toroidal_24_vertical_coils,24,pairwise_180_concordant,6,1000.0,600.0,CW,25.341,17.919,1.0,0.0138,0.0103,0.985,1.65,99.25,6.681,164.42,378.17,5486.76,16.135,2.365,0.0,18.5,1.059,True,1
var12_toroidal_24_vertical_coils,24,pairwise_180_concordant,6,1000.0,600.0,CCW,25.341,17.919,1.0,0.0138,0.0103,-0.985,1.65,99.25,-6.681,164.42,378.17,5486.76,16.135,2.365,0.0,18.5,1.059,True,1
var12_toroidal_24_vertical_coils,24,pairwise_180_concordant,6,1000.0,1200.0,CW,25.341,17.919,1.0,0.0138,0.0103,0.985,1.65,99.25,7.603,164.42,378.17,5486.76,16.135,2.365,0.0,18.5,1.079,True,1
var12_toroidal_24_vertical_coils,24,pairwise_180_concordant,6,1000.0,1200.0,CCW,25.341,17.919,1.0,0.0138,0.0103,-0.985,1.65,99.25,-7.603,164.42,378.17,5486.76,16.135,2.365,0.0,18.5,1.079,True,1
var12_toroidal_24_vertical_coils,24,pairwise_180_concordant,6,1000.0,2400.0,CW,25.341,17.919,1.0,0.0138,0.0103,0.985,1.65,99.25,9.446,164.42,378.17,5486.76,16.135,2.365,0.0,18.5,1.119,True,1
var12_toroidal_24_vertical_coils,24,pairwise_180_concordant,6,1000.0,2400.0,CCW,25.341,17.919,1.0,0.0138,0.0103,-0.985,1.65,99.25,-9.446,164.42,378.17,5486.76,16.135,2.365,0.0,18.5,1.119,True,1
var12_toroidal_24_vertical_coils,24,pairwise_180_concordant,7,25.0,0.0,CW,25.889,18.306,1.0,0.0128,0.0096,0.987,1.65,99.35,6.023,169.82,390.58,140.13,16.271,2.229,0.0,18.5,0.872,True,1
var12_toroidal_24_vertical_coils,24,pairwise_180_concordant,7,25.0,0.0,CCW,25.889,18.306,1.0,0.0128,0.0096,-0.987,1.65,99.35,-6.023,169.82,390.58,140.13,16.271,2.229,0.0,18.5,0.872,True,1
var12_toroidal_24_vertical_coils,24,pairwise_180_concordant,7,25.0,600.0,CW,25.889,18.306,1.0,0.0128,0.0096,0.987,1.65,99.35,6.987,169.82,390.58,140.13,16.271,2.229,0.0,18.5,0.892,True,1
var12_toroidal_24_vertical_coils,24,pairwise_180_concordant,7,25.0,600.0,CCW,25.889,18.306,1.0,0.0128,0.0096,-0.987,1.65,99.35,-6.987,169.82,390.58,140.13,16.271,2.229,0.0,18.5,0.892,True,1
var12_toroidal_24_vertical_coils,24,pairwise_180_concordant,7,25.0,1200.0,CW,25.889,18.306,1.0,0.0128,0.0096,0.987,1.65,99.35,7.951,169.82,390.58,140.13,16.271,2.229,0.0,18.5,0.912,True,1
var12_toroidal_24_vertical_coils,24,pairwise_180_concordant,7,25.0,1200.0,CCW,25.889,18.306,1.0,0.0128,0.0096,-0.987,1.65,99.35,-7.951,169.82,390.58,140.13,16.271,2.229,0.0,18.5,0.912,True,1
var12_toroidal_24_vertical_coils,24,pairwise_180_concordant,7,25.0,2400.0,CW,25.889,18.306,1.0,0.0128,0.0096,0.987,1.65,99.35,9.879,169.82,390.58,140.13,16.271,2.229,0.0,18.5,0.952,True,1
var12_toroidal_24_vertical_coils,24,pairwise_180_concordant,7,25.0,2400.0,CCW,25.889,18.306,1.0,0.0128,0.0096,-0.987,1.65,99.35,-9.879,169.82,390.58,140.13,16.271,2.229,0.0,18.5,0.952,True,1
var12_toroidal_24_vertical_coils,24,pairwise_180_concordant,7,50.0,0.0,CW,26.495,18.735,1.0,0.0123,0.0092,0.9882,1.65,99.41,6.316,180.29,414.66,286.83,16.19,2.31,0.0,18.5,0.877,True,1
var12_toroidal_24_vertical_coils,24,pairwise_180_concordant,7,50.0,0.0,CCW,26.495,18.735,1.0,0.0123,0.0092,-0.9882,1.65,99.41,-6.316,180.29,414.66,286.83,16.19,2.31,0.0,18.5,0.877,True,1
var12_toroidal_24_vertical_coils,24,pairwise_180_concordant,7,50.0,600.0,CW,26.495,18.735,1.0,0.0123,0.0092,0.9882,1.65,99.41,7.327,180.29,414.66,286.83,16.19,2.31,0.0,18.5,0.897,True,1
var12_toroidal_24_vertical_coils,24,pairwise_180_concordant,7,50.0,600.0,CCW,26.495,18.735,1.0,0.0123,0.0092,-0.9882,1.65,99.41,-7.327,180.29,414.66,286.83,16.19,2.31,0.0,18.5,0.897,True,1
var12_toroidal_24_vertical_coils,24,pairwise_180_concordant,7,50.0,1200.0,CW,26.495,18.735,1.0,0.0123,0.0092,0.9882,1.65,99.41,8.337,180.29,414.66,286.83,16.19,2.31,0.0,18.5,0.917,True,1
var12_toroidal_24_vertical_coils,24,pairwise_180_concordant,7,50.0,1200.0,CCW,26.495,18.735,1.0,0.0123,0.0092,-0.9882,1.65,99.41,-8.337,180.29,414.66,286.83,16.19,2.31,0.0,18.5,0.917,True,1
var12_toroidal_24_vertical_coils,24,pairwise_180_concordant,7,50.0,2400.0,CW,26.495,18.735,1.0,0.0123,0.0092,0.9882,1.65,99.41,10.359,180.29,414.66,286.83,16.19,2.31,0.0,18.5,0.957,True,1
var12_toroidal_24_vertical_coils,24,pairwise_180_concordant,7,50.0,2400.0,CCW,26.495,18.735,1.0,0.0123,0.0092,-0.9882,1.65,99.41,-10.359,180.29,414.66,286.83,16.19,2.31,0.0,18.5,0.957,True,1
var12_toroidal_24_vertical_coils,24,pairwise_180_concordant,7,60.0,0.0,CW,26.864,18.996,1.0,0.0119,0.0089,0.9889,1.65,99.45,6.498,186.85,429.75,348.98,16.142,2.358,0.0,18.5,0.878,True,1
var12_toroidal_24_vertical_coils,24,pairwise_180_concordant,7,60.0,0.0,CCW,26.864,18.996,1.0,0.0119,0.0089,-0.9889,1.65,99.45,-6.498,186.85,429.75,348.98,16.142,2.358,0.0,18.5,0.878,True,1
var12_toroidal_24_vertical_coils,24,pairwise_180_concordant,7,60.0,600.0,CW,26.864,18.996,1.0,0.0119,0.0089,0.9889,1.65,99.45,7.537,186.85,429.75,348.98,16.142,2.358,0.0,18.5,0.898,True,1
var12_toroidal_24_vertical_coils,24,pairwise_180_concordant,7,60.0,600.0,CCW,26.864,18.996,1.0,0.0119,0.0089,-0.9889,1.65,99.45,-7.537,186.85,429.75,348.98,16.142,2.358,0.0,18.5,0.898,True,1
var12_toroidal_24_vertical_coils,24,pairwise_180_concordant,7,60.0,1200.0,CW,26.864,18.996,1.0,0.0119,0.0089,0.9889,1.65,99.45,8.577,186.85,429.75,348.98,16.142,2.358,0.0,18.5,0.918,True,1
var12_toroidal_24_vertical_coils,24,pairwise_180_concordant,7,60.0,1200.0,CCW,26.864,18.996,1.0,0.0119,0.0089,-0.9889,1.65,99.45,-8.577,186.85,429.75,348.98,16.142,2.358,0.0,18.5,0.918,True,1
var12_toroidal_24_vertical_coils,24,pairwise_180_concordant,7,60.0,2400.0,CW,26.864,18.996,1.0,0.0119,0.0089,0.9889,1.65,99.45,10.656,186.85,429.75,348.98,16.142,2.358,0.0,18.5,0.958,True,1
var12_toroidal_24_vertical_coils,24,pairwise_180_concordant,7,60.0,2400.0,CCW,26.864,18.996,1.0,0.0119,0.0089,-0.9889,1.65,99.45,-10.656,186.85,429.75,348.98,16.142,2.358,0.0,18.5,0.958,True,1
var12_toroidal_24_vertical_coils,24,pairwise_180_concordant,7,100.0,0.0,CW,29.307,20.723,1.0,0.0091,0.0068,0.9935,1.65,99.68,7.769,234.15,538.54,634.53,15.834,2.666,0.0,18.5,0.885,True,1
var12_toroidal_24_vertical_coils,24,pairwise_180_concordant,7,100.0,0.0,CCW,29.307,20.723,1.0,0.0091,0.0068,-0.9935,1.65,99.68,-7.769,234.15,538.54,634.53,15.834,2.666,0.0,18.5,0.885,True,1
var12_toroidal_24_vertical_coils,24,pairwise_180_concordant,7,100.0,600.0,CW,29.307,20.723,1.0,0.0091,0.0068,0.9935,1.65,99.68,9.013,234.15,538.54,634.53,15.834,2.666,0.0,18.5,0.905,True,1
var12_toroidal_24_vertical_coils,24,pairwise_180_concordant,7,100.0,600.0,CCW,29.307,20.723,1.0,0.0091,0.0068,-0.9935,1.65,99.68,-9.013,234.15,538.54,634.53,15.834,2.666,0.0,18.5,0.905,True,1
var12_toroidal_24_vertical_coils,24,pairwise_180_concordant,7,100.0,1200.0,CW,29.307,20.723,1.0,0.0091,0.0068,0.9935,1.65,99.68,10.256,234.15,538.54,634.53,15.834,2.666,0.0,18.5,0.925,True,1
var12_toroidal_24_vertical_coils,24,pairwise_180_concordant,7,100.0,1200.0,CCW,29.307,20.723,1.0,0.0091,0.0068,-0.9935,1.65,99.68,-10.256,234.15,538.54,634.53,15.834,2.666,0.0,18.5,0.925,True,1
var12_toroidal_24_vertical_coils,24,pairwise_180_concordant,7,100.0,2400.0,CW,29.307,20.723,1.0,0.0091,0.0068,0.9935,1.65,99.68,12.742,234.15,538.54,634.53,15.834,2.666,0.0,18.5,0.965,True,1
var12_toroidal_24_vertical_coils,24,pairwise_180_concordant,7,100.0,2400.0,CCW,29.307,20.723,1.0,0.0091,0.0068,-0.9935,1.65,99.68,-12.742,234.15,538.54,634.53,15.834,2.666,0.0,18.5,0.965,True,1
var12_toroidal_24_vertical_coils,24,pairwise_180_concordant,7,120.0,0.0,CW,30.095,21.281,1.0,0.008,0.006,0.995,1.65,99.75,8.205,250.9,577.07,781.93,15.734,2.766,0.0,18.5,0.889,True,1
var12_toroidal_24_vertical_coils,24,pairwise_180_concordant,7,120.0,0.0,CCW,30.095,21.281,1.0,0.008,0.006,-0.995,1.65,99.75,-8.205,250.9,577.07,781.93,15.734,2.766,0.0,18.5,0.889,True,1
var12_toroidal_24_vertical_coils,24,pairwise_180_concordant,7,120.0,600.0,CW,30.095,21.281,1.0,0.008,0.006,0.995,1.65,99.75,9.518,250.9,577.07,781.93,15.734,2.766,0.0,18.5,0.909,True,1
var12_toroidal_24_vertical_coils,24,pairwise_180_concordant,7,120.0,600.0,CCW,30.095,21.281,1.0,0.008,0.006,-0.995,1.65,99.75,-9.518,250.9,577.07,781.93,15.734,2.766,0.0,18.5,0.909,True,1
var12_toroidal_24_vertical_coils,24,pairwise_180_concordant,7,120.0,1200.0,CW,30.095,21.281,1.0,0.008,0.006,0.995,1.65,99.75,10.831,250.9,577.07,781.93,15.734,2.766,0.0,18.5,0.929,True,1
var12_toroidal_24_vertical_coils,24,pairwise_180_concordant,7,120.0,1200.0,CCW,30.095,21.281,1.0,0.008,0.006,-0.995,1.65,99.75,-10.831,250.9,577.07,781.93,15.734,2.766,0.0,18.5,0.929,True,1
var12_toroidal_24_vertical_coils,24,pairwise_180_concordant,7,120.0,2400.0,CW,30.095,21.281,1.0,0.008,0.006,0.995,1.65,99.75,13.457,250.9,577.07,781.93,15.734,2.766,0.0,18.5,0.969,True,1
var12_toroidal_24_vertical_coils,24,pairwise_180_concordant,7,120.0,2400.0,CCW,30.095,21.281,1.0,0.008,0.006,-0.995,1.65,99.75,-13.457,250.9,577.07,781.93,15.734,2.766,0.0,18.5,0.969,True,1
var12_toroidal_24_vertical_coils,24,pairwise_180_concordant,7,150.0,0.0,CW,28.588,20.214,1.0,0.01,0.0075,0.9922,1.65,99.61,7.383,219.57,505.02,928.44,15.909,2.591,0.0,18.5,0.894,True,1
var12_toroidal_24_vertical_coils,24,pairwise_180_concordant,7,150.0,0.0,CCW,28.588,20.214,1.0,0.01,0.0075,-0.9922,1.65,99.61,-7.383,219.57,505.02,928.44,15.909,2.591,0.0,18.5,0.894,True,1
var12_toroidal_24_vertical_coils,24,pairwise_180_concordant,7,150.0,600.0,CW,28.588,20.214,1.0,0.01,0.0075,0.9922,1.65,99.61,8.564,219.57,505.02,928.44,15.909,2.591,0.0,18.5,0.914,True,1
var12_toroidal_24_vertical_coils,24,pairwise_180_concordant,7,150.0,600.0,CCW,28.588,20.214,1.0,0.01,0.0075,-0.9922,1.65,99.61,-8.564,219.57,505.02,928.44,15.909,2.591,0.0,18.5,0.914,True,1
var12_toroidal_24_vertical_coils,24,pairwise_180_concordant,7,150.0,1200.0,CW,28.588,20.214,1.0,0.01,0.0075,0.9922,1.65,99.61,9.745,219.57,505.02,928.44,15.909,2.591,0.0,18.5,0.934,True,1
var12_toroidal_24_vertical_coils,24,pairwise_180_concordant,7,150.0,1200.0,CCW,28.588,20.214,1.0,0.01,0.0075,-0.9922,1.65,99.61,-9.745,219.57,505.02,928.44,15.909,2.591,0.0,18.5,0.934,True,1
var12_toroidal_24_vertical_coils,24,pairwise_180_concordant,7,150.0,2400.0,CW,28.588,20.214,1.0,0.01,0.0075,0.9922,1.65,99.61,12.108,219.57,505.02,928.44,15.909,2.591,0.0,18.5,0.974,True,1
var12_toroidal_24_vertical_coils,24,pairwise_180_concordant,7,150.0,2400.0,CCW,28.588,20.214,1.0,0.01,0.0075,-0.9922,1.65,99.61,-12.108,219.57,505.02,928.44,15.909,2.591,0.0,18.5,0.974,True,1
var12_toroidal_24_vertical_coils,24,pairwise_180_concordant,7,200.0,0.0,CW,26.179,18.512,1.0,0.0125,0.0094,0.9876,1.65,99.38,6.163,174.9,402.26,1133.65,16.193,2.307,0.0,18.5,0.902,True,1
var12_toroidal_24_vertical_coils,24,pairwise_180_concordant,7,200.0,0.0,CCW,26.179,18.512,1.0,0.0125,0.0094,-0.9876,1.65,99.38,-6.163,174.9,402.26,1133.65,16.193,2.307,0.0,18.5,0.902,True,1
var12_toroidal_24_vertical_coils,24,pairwise_180_concordant,7,200.0,600.0,CW,26.179,18.512,1.0,0.0125,0.0094,0.9876,1.65,99.38,7.149,174.9,402.26,1133.65,16.193,2.307,0.0,18.5,0.922,True,1
var12_toroidal_24_vertical_coils,24,pairwise_180_concordant,7,200.0,600.0,CCW,26.179,18.512,1.0,0.0125,0.0094,-0.9876,1.65,99.38,-7.149,174.9,402.26,1133.65,16.193,2.307,0.0,18.5,0.922,True,1
var12_toroidal_24_vertical_coils,24,pairwise_180_concordant,7,200.0,1200.0,CW,26.179,18.512,1.0,0.0125,0.0094,0.9876,1.65,99.38,8.135,174.9,402.26,1133.65,16.193,2.307,0.0,18.5,0.942,True,1
var12_toroidal_24_vertical_coils,24,pairwise_180_concordant,7,200.0,1200.0,CCW,26.179,18.512,1.0,0.0125,0.0094,-0.9876,1.65,99.38,-8.135,174.9,402.26,1133.65,16.193,2.307,0.0,18.5,0.942,True,1
var12_toroidal_24_vertical_coils,24,pairwise_180_concordant,7,200.0,2400.0,CW,26.179,18.512,1.0,0.0125,0.0094,0.9876,1.65,99.38,10.107,174.9,402.26,1133.65,16.193,2.307,0.0,18.5,0.982,True,1
var12_toroidal_24_vertical_coils,24,pairwise_180_concordant,7,200.0,2400.0,CCW,26.179,18.512,1.0,0.0125,0.0094,-0.9876,1.65,99.38,-10.107,174.9,402.26,1133.65,16.193,2.307,0.0,18.5,0.982,True,1
var12_toroidal_24_vertical_coils,24,pairwise_180_concordant,7,400.0,0.0,CW,24.915,17.618,1.0,0.0137,0.0103,0.9853,1.65,99.26,5.569,154.06,354.34,2157.79,16.302,2.198,0.0,18.5,0.936,True,1
var12_toroidal_24_vertical_coils,24,pairwise_180_concordant,7,400.0,0.0,CCW,24.915,17.618,1.0,0.0137,0.0103,-0.9853,1.65,99.26,-5.569,154.06,354.34,2157.79,16.302,2.198,0.0,18.5,0.936,True,1
var12_toroidal_24_vertical_coils,24,pairwise_180_concordant,7,400.0,600.0,CW,24.915,17.618,1.0,0.0137,0.0103,0.9853,1.65,99.26,6.46,154.06,354.34,2157.79,16.302,2.198,0.0,18.5,0.956,True,1
var12_toroidal_24_vertical_coils,24,pairwise_180_concordant,7,400.0,600.0,CCW,24.915,17.618,1.0,0.0137,0.0103,-0.9853,1.65,99.26,-6.46,154.06,354.34,2157.79,16.302,2.198,0.0,18.5,0.956,True,1
var12_toroidal_24_vertical_coils,24,pairwise_180_concordant,7,400.0,1200.0,CW,24.915,17.618,1.0,0.0137,0.0103,0.9853,1.65,99.26,7.351,154.06,354.34,2157.79,16.302,2.198,0.0,18.5,0.976,True,1
var12_toroidal_24_vertical_coils,24,pairwise_180_concordant,7,400.0,1200.0,CCW,24.915,17.618,1.0,0.0137,0.0103,-0.9853,1.65,99.26,-7.351,154.06,354.34,2157.79,16.302,2.198,0.0,18.5,0.976,True,1
var12_toroidal_24_vertical_coils,24,pairwise_180_concordant,7,400.0,2400.0,CW,24.915,17.618,1.0,0.0137,0.0103,0.9853,1.65,99.26,9.133,154.06,354.34,2157.79,16.302,2.198,0.0,18.5,1.016,True,1
var12_toroidal_24_vertical_coils,24,pairwise_180_concordant,7,400.0,2400.0,CCW,24.915,17.618,1.0,0.0137,0.0103,-0.9853,1.65,99.26,-9.133,154.06,354.34,2157.79,16.302,2.198,0.0,18.5,1.016,True,1
var12_toroidal_24_vertical_coils,24,pairwise_180_concordant,7,800.0,0.0,CW,24.726,17.484,1.0,0.0138,0.0103,0.985,1.65,99.25,5.483,151.3,348.0,4282.87,16.229,2.271,0.0,18.5,1.004,True,1
var12_toroidal_24_vertical_coils,24,pairwise_180_concordant,7,800.0,0.0,CCW,24.726,17.484,1.0,0.0138,0.0103,-0.985,1.65,99.25,-5.483,151.3,348.0,4282.87,16.229,2.271,0.0,18.5,1.004,True,1
var12_toroidal_24_vertical_coils,24,pairwise_180_concordant,7,800.0,600.0,CW,24.726,17.484,1.0,0.0138,0.0103,0.985,1.65,99.25,6.361,151.3,348.0,4282.87,16.229,2.271,0.0,18.5,1.024,True,1
var12_toroidal_24_vertical_coils,24,pairwise_180_concordant,7,800.0,600.0,CCW,24.726,17.484,1.0,0.0138,0.0103,-0.985,1.65,99.25,-6.361,151.3,348.0,4282.87,16.229,2.271,0.0,18.5,1.024,True,1
var12_toroidal_24_vertical_coils,24,pairwise_180_concordant,7,800.0,1200.0,CW,24.726,17.484,1.0,0.0138,0.0103,0.985,1.65,99.25,7.238,151.3,348.0,4282.87,16.229,2.271,0.0,18.5,1.044,True,1
var12_toroidal_24_vertical_coils,24,pairwise_180_concordant,7,800.0,1200.0,CCW,24.726,17.484,1.0,0.0138,0.0103,-0.985,1.65,99.25,-7.238,151.3,348.0,4282.87,16.229,2.271,0.0,18.5,1.044,True,1
var12_toroidal_24_vertical_coils,24,pairwise_180_concordant,7,800.0,2400.0,CW,24.726,17.484,1.0,0.0138,0.0103,0.985,1.65,99.25,8.993,151.3,348.0,4282.87,16.229,2.271,0.0,18.5,1.084,True,1
var12_toroidal_24_vertical_coils,24,pairwise_180_concordant,7,800.0,2400.0,CCW,24.726,17.484,1.0,0.0138,0.0103,-0.985,1.65,99.25,-8.993,151.3,348.0,4282.87,16.229,2.271,0.0,18.5,1.084,True,1
var12_toroidal_24_vertical_coils,24,pairwise_180_concordant,7,1000.0,0.0,CW,24.683,17.453,1.0,0.0138,0.0103,0.985,1.65,99.25,5.464,150.73,346.69,5344.13,16.187,2.313,0.0,18.5,1.038,True,1
var12_toroidal_24_vertical_coils,24,pairwise_180_concordant,7,1000.0,0.0,CCW,24.683,17.453,1.0,0.0138,0.0103,-0.985,1.65,99.25,-5.464,150.73,346.69,5344.13,16.187,2.313,0.0,18.5,1.038,True,1
var12_toroidal_24_vertical_coils,24,pairwise_180_concordant,7,1000.0,600.0,CW,24.683,17.453,1.0,0.0138,0.0103,0.985,1.65,99.25,6.338,150.73,346.69,5344.13,16.187,2.313,0.0,18.5,1.058,True,1
var12_toroidal_24_vertical_coils,24,pairwise_180_concordant,7,1000.0,600.0,CCW,24.683,17.453,1.0,0.0138,0.0103,-0.985,1.65,99.25,-6.338,150.73,346.69,5344.13,16.187,2.313,0.0,18.5,1.058,True,1
var12_toroidal_24_vertical_coils,24,pairwise_180_concordant,7,1000.0,1200.0,CW,24.683,17.453,1.0,0.0138,0.0103,0.985,1.65,99.25,7.212,150.73,346.69,5344.13,16.187,2.313,0.0,18.5,1.078,True,1
var12_toroidal_24_vertical_coils,24,pairwise_180_concordant,7,1000.0,1200.0,CCW,24.683,17.453,1.0,0.0138,0.0103,-0.985,1.65,99.25,-7.212,150.73,346.69,5344.13,16.187,2.313,0.0,18.5,1.078,True,1
var12_toroidal_24_vertical_coils,24,pairwise_180_concordant,7,1000.0,2400.0,CW,24.683,17.453,1.0,0.0138,0.0103,0.985,1.65,99.25,8.961,150.73,346.69,5344.13,16.187,2.313,0.0,18.5,1.118,True,1
var12_toroidal_24_vertical_coils,24,pairwise_180_concordant,7,1000.0,2400.0,CCW,24.683,17.453,1.0,0.0138,0.0103,-0.985,1.65,99.25,-8.961,150.73,346.69,5344.13,16.187,2.313,0.0,18.5,1.118,True,1
var12_toroidal_24_vertical_coils,24,pairwise_180_concordant,8,25.0,0.0,CW,25.889,18.306,1.0,0.0128,0.0096,0.987,1.65,99.35,6.023,169.82,390.58,140.13,16.271,2.229,0.0,18.5,0.872,True,1
var12_toroidal_24_vertical_coils,24,pairwise_180_concordant,8,25.0,0.0,CCW,25.889,18.306,1.0,0.0128,0.0096,-0.987,1.65,99.35,-6.023,169.82,390.58,140.13,16.271,2.229,0.0,18.5,0.872,True,1
var12_toroidal_24_vertical_coils,24,pairwise_180_concordant,8,25.0,600.0,CW,25.889,18.306,1.0,0.0128,0.0096,0.987,1.65,99.35,6.987,169.82,390.58,140.13,16.271,2.229,0.0,18.5,0.892,True,1
var12_toroidal_24_vertical_coils,24,pairwise_180_concordant,8,25.0,600.0,CCW,25.889,18.306,1.0,0.0128,0.0096,-0.987,1.65,99.35,-6.987,169.82,390.58,140.13,16.271,2.229,0.0,18.5,0.892,True,1
var12_toroidal_24_vertical_coils,24,pairwise_180_concordant,8,25.0,1200.0,CW,25.889,18.306,1.0,0.0128,0.0096,0.987,1.65,99.35,7.951,169.82,390.58,140.13,16.271,2.229,0.0,18.5,0.912,True,1
var12_toroidal_24_vertical_coils,24,pairwise_180_concordant,8,25.0,1200.0,CCW,25.889,18.306,1.0,0.0128,0.0096,-0.987,1.65,99.35,-7.951,169.82,390.58,140.13,16.271,2.229,0.0,18.5,0.912,True,1
var12_toroidal_24_vertical_coils,24,pairwise_180_concordant,8,25.0,2400.0,CW,25.889,18.306,1.0,0.0128,0.0096,0.987,1.65,99.35,9.879,169.82,390.58,140.13,16.271,2.229,0.0,18.5,0.952,True,1
var12_toroidal_24_vertical_coils,24,pairwise_180_concordant,8,25.0,2400.0,CCW,25.889,18.306,1.0,0.0128,0.0096,-0.987,1.65,99.35,-9.879,169.82,390.58,140.13,16.271,2.229,0.0,18.5,0.952,True,1
var12_toroidal_24_vertical_coils,24,pairwise_180_concordant,8,50.0,0.0,CW,26.495,18.735,1.0,0.0123,0.0092,0.9882,1.65,99.41,6.316,180.29,414.66,286.83,16.19,2.31,0.0,18.5,0.877,True,1
var12_toroidal_24_vertical_coils,24,pairwise_180_concordant,8,50.0,0.0,CCW,26.495,18.735,1.0,0.0123,0.0092,-0.9882,1.65,99.41,-6.316,180.29,414.66,286.83,16.19,2.31,0.0,18.5,0.877,True,1
var12_toroidal_24_vertical_coils,24,pairwise_180_concordant,8,50.0,600.0,CW,26.495,18.735,1.0,0.0123,0.0092,0.9882,1.65,99.41,7.327,180.29,414.66,286.83,16.19,2.31,0.0,18.5,0.897,True,1
var12_toroidal_24_vertical_coils,24,pairwise_180_concordant,8,50.0,600.0,CCW,26.495,18.735,1.0,0.0123,0.0092,-0.9882,1.65,99.41,-7.327,180.29,414.66,286.83,16.19,2.31,0.0,18.5,0.897,True,1
var12_toroidal_24_vertical_coils,24,pairwise_180_concordant,8,50.0,1200.0,CW,26.495,18.735,1.0,0.0123,0.0092,0.9882,1.65,99.41,8.337,180.29,414.66,286.83,16.19,2.31,0.0,18.5,0.917,True,1
var12_toroidal_24_vertical_coils,24,pairwise_180_concordant,8,50.0,1200.0,CCW,26.495,18.735,1.0,0.0123,0.0092,-0.9882,1.65,99.41,-8.337,180.29,414.66,286.83,16.19,2.31,0.0,18.5,0.917,True,1
var12_toroidal_24_vertical_coils,24,pairwise_180_concordant,8,50.0,2400.0,CW,26.495,18.735,1.0,0.0123,0.0092,0.9882,1.65,99.41,10.359,180.29,414.66,286.83,16.19,2.31,0.0,18.5,0.957,True,1
var12_toroidal_24_vertical_coils,24,pairwise_180_concordant,8,50.0,2400.0,CCW,26.495,18.735,1.0,0.0123,0.0092,-0.9882,1.65,99.41,-10.359,180.29,414.66,286.83,16.19,2.31,0.0,18.5,0.957,True,1
var12_toroidal_24_vertical_coils,24,pairwise_180_concordant,8,60.0,0.0,CW,26.864,18.996,1.0,0.0119,0.0089,0.9889,1.65,99.45,6.498,186.85,429.75,348.98,16.142,2.358,0.0,18.5,0.878,True,1
var12_toroidal_24_vertical_coils,24,pairwise_180_concordant,8,60.0,0.0,CCW,26.864,18.996,1.0,0.0119,0.0089,-0.9889,1.65,99.45,-6.498,186.85,429.75,348.98,16.142,2.358,0.0,18.5,0.878,True,1
var12_toroidal_24_vertical_coils,24,pairwise_180_concordant,8,60.0,600.0,CW,26.864,18.996,1.0,0.0119,0.0089,0.9889,1.65,99.45,7.537,186.85,429.75,348.98,16.142,2.358,0.0,18.5,0.898,True,1
var12_toroidal_24_vertical_coils,24,pairwise_180_concordant,8,60.0,600.0,CCW,26.864,18.996,1.0,0.0119,0.0089,-0.9889,1.65,99.45,-7.537,186.85,429.75,348.98,16.142,2.358,0.0,18.5,0.898,True,1
var12_toroidal_24_vertical_coils,24,pairwise_180_concordant,8,60.0,1200.0,CW,26.864,18.996,1.0,0.0119,0.0089,0.9889,1.65,99.45,8.577,186.85,429.75,348.98,16.142,2.358,0.0,18.5,0.918,True,1
var12_toroidal_24_vertical_coils,24,pairwise_180_concordant,8,60.0,1200.0,CCW,26.864,18.996,1.0,0.0119,0.0089,-0.9889,1.65,99.45,-8.577,186.85,429.75,348.98,16.142,2.358,0.0,18.5,0.918,True,1
var12_toroidal_24_vertical_coils,24,pairwise_180_concordant,8,60.0,2400.0,CW,26.864,18.996,1.0,0.0119,0.0089,0.9889,1.65,99.45,10.656,186.85,429.75,348.98,16.142,2.358,0.0,18.5,0.958,True,1
var12_toroidal_24_vertical_coils,24,pairwise_180_concordant,8,60.0,2400.0,CCW,26.864,18.996,1.0,0.0119,0.0089,-0.9889,1.65,99.45,-10.656,186.85,429.75,348.98,16.142,2.358,0.0,18.5,0.958,True,1
var12_toroidal_24_vertical_coils,24,pairwise_180_concordant,8,100.0,0.0,CW,29.307,20.723,1.0,0.0091,0.0068,0.9935,1.65,99.68,7.769,234.15,538.54,634.53,15.834,2.666,0.0,18.5,0.885,True,1
var12_toroidal_24_vertical_coils,24,pairwise_180_concordant,8,100.0,0.0,CCW,29.307,20.723,1.0,0.0091,0.0068,-0.9935,1.65,99.68,-7.769,234.15,538.54,634.53,15.834,2.666,0.0,18.5,0.885,True,1
var12_toroidal_24_vertical_coils,24,pairwise_180_concordant,8,100.0,600.0,CW,29.307,20.723,1.0,0.0091,0.0068,0.9935,1.65,99.68,9.013,234.15,538.54,634.53,15.834,2.666,0.0,18.5,0.905,True,1
var12_toroidal_24_vertical_coils,24,pairwise_180_concordant,8,100.0,600.0,CCW,29.307,20.723,1.0,0.0091,0.0068,-0.9935,1.65,99.68,-9.013,234.15,538.54,634.53,15.834,2.666,0.0,18.5,0.905,True,1
var12_toroidal_24_vertical_coils,24,pairwise_180_concordant,8,100.0,1200.0,CW,29.307,20.723,1.0,0.0091,0.0068,0.9935,1.65,99.68,10.256,234.15,538.54,634.53,15.834,2.666,0.0,18.5,0.925,True,1
var12_toroidal_24_vertical_coils,24,pairwise_180_concordant,8,100.0,1200.0,CCW,29.307,20.723,1.0,0.0091,0.0068,-0.9935,1.65,99.68,-10.256,234.15,538.54,634.53,15.834,2.666,0.0,18.5,0.925,True,1
var12_toroidal_24_vertical_coils,24,pairwise_180_concordant,8,100.0,2400.0,CW,29.307,20.723,1.0,0.0091,0.0068,0.9935,1.65,99.68,12.742,234.15,538.54,634.53,15.834,2.666,0.0,18.5,0.965,True,1
var12_toroidal_24_vertical_coils,24,pairwise_180_concordant,8,100.0,2400.0,CCW,29.307,20.723,1.0,0.0091,0.0068,-0.9935,1.65,99.68,-12.742,234.15,538.54,634.53,15.834,2.666,0.0,18.5,0.965,True,1
var12_toroidal_24_vertical_coils,24,pairwise_180_concordant,8,120.0,0.0,CW,30.095,21.281,1.0,0.008,0.006,0.995,1.65,99.75,8.205,250.9,577.07,781.93,15.734,2.766,0.0,18.5,0.889,True,1
var12_toroidal_24_vertical_coils,24,pairwise_180_concordant,8,120.0,0.0,CCW,30.095,21.281,1.0,0.008,0.006,-0.995,1.65,99.75,-8.205,250.9,577.07,781.93,15.734,2.766,0.0,18.5,0.889,True,1
var12_toroidal_24_vertical_coils,24,pairwise_180_concordant,8,120.0,600.0,CW,30.095,21.281,1.0,0.008,0.006,0.995,1.65,99.75,9.518,250.9,577.07,781.93,15.734,2.766,0.0,18.5,0.909,True,1
var12_toroidal_24_vertical_coils,24,pairwise_180_concordant,8,120.0,600.0,CCW,30.095,21.281,1.0,0.008,0.006,-0.995,1.65,99.75,-9.518,250.9,577.07,781.93,15.734,2.766,0.0,18.5,0.909,True,1
var12_toroidal_24_vertical_coils,24,pairwise_180_concordant,8,120.0,1200.0,CW,30.095,21.281,1.0,0.008,0.006,0.995,1.65,99.75,10.831,250.9,577.07,781.93,15.734,2.766,0.0,18.5,0.929,True,1
var12_toroidal_24_vertical_coils,24,pairwise_180_concordant,8,120.0,1200.0,CCW,30.095,21.281,1.0,0.008,0.006,-0.995,1.65,99.75,-10.831,250.9,577.07,781.93,15.734,2.766,0.0,18.5,0.929,True,1
var12_toroidal_24_vertical_coils,24,pairwise_180_concordant,8,120.0,2400.0,CW,30.095,21.281,1.0,0.008,0.006,0.995,1.65,99.75,13.457,250.9,577.07,781.93,15.734,2.766,0.0,18.5,0.969,True,1
var12_toroidal_24_vertical_coils,24,pairwise_180_concordant,8,120.0,2400.0,CCW,30.095,21.281,1.0,0.008,0.006,-0.995,1.65,99.75,-13.457,250.9,577.07,781.93,15.734,2.766,0.0,18.5,0.969,True,1
var12_toroidal_24_vertical_coils,24,pairwise_180_concordant,8,150.0,0.0,CW,28.588,20.214,1.0,0.01,0.0075,0.9922,1.65,99.61,7.383,219.57,505.02,928.44,15.909,2.591,0.0,18.5,0.894,True,1
var12_toroidal_24_vertical_coils,24,pairwise_180_concordant,8,150.0,0.0,CCW,28.588,20.214,1.0,0.01,0.0075,-0.9922,1.65,99.61,-7.383,219.57,505.02,928.44,15.909,2.591,0.0,18.5,0.894,True,1
var12_toroidal_24_vertical_coils,24,pairwise_180_concordant,8,150.0,600.0,CW,28.588,20.214,1.0,0.01,0.0075,0.9922,1.65,99.61,8.564,219.57,505.02,928.44,15.909,2.591,0.0,18.5,0.914,True,1
var12_toroidal_24_vertical_coils,24,pairwise_180_concordant,8,150.0,600.0,CCW,28.588,20.214,1.0,0.01,0.0075,-0.9922,1.65,99.61,-8.564,219.57,505.02,928.44,15.909,2.591,0.0,18.5,0.914,True,1
var12_toroidal_24_vertical_coils,24,pairwise_180_concordant,8,150.0,1200.0,CW,28.588,20.214,1.0,0.01,0.0075,0.9922,1.65,99.61,9.745,219.57,505.02,928.44,15.909,2.591,0.0,18.5,0.934,True,1
var12_toroidal_24_vertical_coils,24,pairwise_180_concordant,8,150.0,1200.0,CCW,28.588,20.214,1.0,0.01,0.0075,-0.9922,1.65,99.61,-9.745,219.57,505.02,928.44,15.909,2.591,0.0,18.5,0.934,True,1
var12_toroidal_24_vertical_coils,24,pairwise_180_concordant,8,150.0,2400.0,CW,28.588,20.214,1.0,0.01,0.0075,0.9922,1.65,99.61,12.108,219.57,505.02,928.44,15.909,2.591,0.0,18.5,0.974,True,1
var12_toroidal_24_vertical_coils,24,pairwise_180_concordant,8,150.0,2400.0,CCW,28.588,20.214,1.0,0.01,0.0075,-0.9922,1.65,99.61,-12.108,219.57,505.02,928.44,15.909,2.591,0.0,18.5,0.974,True,1
var12_toroidal_24_vertical_coils,24,pairwise_180_concordant,8,200.0,0.0,CW,26.179,18.512,1.0,0.0125,0.0094,0.9876,1.65,99.38,6.163,174.9,402.26,1133.65,16.193,2.307,0.0,18.5,0.902,True,1
var12_toroidal_24_vertical_coils,24,pairwise_180_concordant,8,200.0,0.0,CCW,26.179,18.512,1.0,0.0125,0.0094,-0.9876,1.65,99.38,-6.163,174.9,402.26,1133.65,16.193,2.307,0.0,18.5,0.902,True,1
var12_toroidal_24_vertical_coils,24,pairwise_180_concordant,8,200.0,600.0,CW,26.179,18.512,1.0,0.0125,0.0094,0.9876,1.65,99.38,7.149,174.9,402.26,1133.65,16.193,2.307,0.0,18.5,0.922,True,1
var12_toroidal_24_vertical_coils,24,pairwise_180_concordant,8,200.0,600.0,CCW,26.179,18.512,1.0,0.0125,0.0094,-0.9876,1.65,99.38,-7.149,174.9,402.26,1133.65,16.193,2.307,0.0,18.5,0.922,True,1
var12_toroidal_24_vertical_coils,24,pairwise_180_concordant,8,200.0,1200.0,CW,26.179,18.512,1.0,0.0125,0.0094,0.9876,1.65,99.38,8.135,174.9,402.26,1133.65,16.193,2.307,0.0,18.5,0.942,True,1
var12_toroidal_24_vertical_coils,24,pairwise_180_concordant,8,200.0,1200.0,CCW,26.179,18.512,1.0,0.0125,0.0094,-0.9876,1.65,99.38,-8.135,174.9,402.26,1133.65,16.193,2.307,0.0,18.5,0.942,True,1
var12_toroidal_24_vertical_coils,24,pairwise_180_concordant,8,200.0,2400.0,CW,26.179,18.512,1.0,0.0125,0.0094,0.9876,1.65,99.38,10.107,174.9,402.26,1133.65,16.193,2.307,0.0,18.5,0.982,True,1
var12_toroidal_24_vertical_coils,24,pairwise_180_concordant,8,200.0,2400.0,CCW,26.179,18.512,1.0,0.0125,0.0094,-0.9876,1.65,99.38,-10.107,174.9,402.26,1133.65,16.193,2.307,0.0,18.5,0.982,True,1
var12_toroidal_24_vertical_coils,24,pairwise_180_concordant,8,400.0,0.0,CW,24.915,17.618,1.0,0.0137,0.0103,0.9853,1.65,99.26,5.569,154.06,354.34,2157.79,16.302,2.198,0.0,18.5,0.936,True,1
var12_toroidal_24_vertical_coils,24,pairwise_180_concordant,8,400.0,0.0,CCW,24.915,17.618,1.0,0.0137,0.0103,-0.9853,1.65,99.26,-5.569,154.06,354.34,2157.79,16.302,2.198,0.0,18.5,0.936,True,1
var12_toroidal_24_vertical_coils,24,pairwise_180_concordant,8,400.0,600.0,CW,24.915,17.618,1.0,0.0137,0.0103,0.9853,1.65,99.26,6.46,154.06,354.34,2157.79,16.302,2.198,0.0,18.5,0.956,True,1
var12_toroidal_24_vertical_coils,24,pairwise_180_concordant,8,400.0,600.0,CCW,24.915,17.618,1.0,0.0137,0.0103,-0.9853,1.65,99.26,-6.46,154.06,354.34,2157.79,16.302,2.198,0.0,18.5,0.956,True,1
var12_toroidal_24_vertical_coils,24,pairwise_180_concordant,8,400.0,1200.0,CW,24.915,17.618,1.0,0.0137,0.0103,0.9853,1.65,99.26,7.351,154.06,354.34,2157.79,16.302,2.198,0.0,18.5,0.976,True,1
var12_toroidal_24_vertical_coils,24,pairwise_180_concordant,8,400.0,1200.0,CCW,24.915,17.618,1.0,0.0137,0.0103,-0.9853,1.65,99.26,-7.351,154.06,354.34,2157.79,16.302,2.198,0.0,18.5,0.976,True,1
var12_toroidal_24_vertical_coils,24,pairwise_180_concordant,8,400.0,2400.0,CW,24.915,17.618,1.0,0.0137,0.0103,0.9853,1.65,99.26,9.133,154.06,354.34,2157.79,16.302,2.198,0.0,18.5,1.016,True,1
var12_toroidal_24_vertical_coils,24,pairwise_180_concordant,8,400.0,2400.0,CCW,24.915,17.618,1.0,0.0137,0.0103,-0.9853,1.65,99.26,-9.133,154.06,354.34,2157.79,16.302,2.198,0.0,18.5,1.016,True,1
var12_toroidal_24_vertical_coils,24,pairwise_180_concordant,8,800.0,0.0,CW,24.726,17.484,1.0,0.0138,0.0103,0.985,1.65,99.25,5.483,151.3,348.0,4282.87,16.229,2.271,0.0,18.5,1.004,True,1
var12_toroidal_24_vertical_coils,24,pairwise_180_concordant,8,800.0,0.0,CCW,24.726,17.484,1.0,0.0138,0.0103,-0.985,1.65,99.25,-5.483,151.3,348.0,4282.87,16.229,2.271,0.0,18.5,1.004,True,1
var12_toroidal_24_vertical_coils,24,pairwise_180_concordant,8,800.0,600.0,CW,24.726,17.484,1.0,0.0138,0.0103,0.985,1.65,99.25,6.361,151.3,348.0,4282.87,16.229,2.271,0.0,18.5,1.024,True,1
var12_toroidal_24_vertical_coils,24,pairwise_180_concordant,8,800.0,600.0,CCW,24.726,17.484,1.0,0.0138,0.0103,-0.985,1.65,99.25,-6.361,151.3,348.0,4282.87,16.229,2.271,0.0,18.5,1.024,True,1
var12_toroidal_24_vertical_coils,24,pairwise_180_concordant,8,800.0,1200.0,CW,24.726,17.484,1.0,0.0138,0.0103,0.985,1.65,99.25,7.238,151.3,348.0,4282.87,16.229,2.271,0.0,18.5,1.044,True,1
var12_toroidal_24_vertical_coils,24,pairwise_180_concordant,8,800.0,1200.0,CCW,24.726,17.484,1.0,0.0138,0.0103,-0.985,1.65,99.25,-7.238,151.3,348.0,4282.87,16.229,2.271,0.0,18.5,1.044,True,1
var12_toroidal_24_vertical_coils,24,pairwise_180_concordant,8,800.0,2400.0,CW,24.726,17.484,1.0,0.0138,0.0103,0.985,1.65,99.25,8.993,151.3,348.0,4282.87,16.229,2.271,0.0,18.5,1.084,True,1
var12_toroidal_24_vertical_coils,24,pairwise_180_concordant,8,800.0,2400.0,CCW,24.726,17.484,1.0,0.0138,0.0103,-0.985,1.65,99.25,-8.993,151.3,348.0,4282.87,16.229,2.271,0.0,18.5,1.084,True,1
var12_toroidal_24_vertical_coils,24,pairwise_180_concordant,8,1000.0,0.0,CW,24.683,17.453,1.0,0.0138,0.0103,0.985,1.65,99.25,5.464,150.73,346.69,5344.13,16.187,2.313,0.0,18.5,1.038,True,1
var12_toroidal_24_vertical_coils,24,pairwise_180_concordant,8,1000.0,0.0,CCW,24.683,17.453,1.0,0.0138,0.0103,-0.985,1.65,99.25,-5.464,150.73,346.69,5344.13,16.187,2.313,0.0,18.5,1.038,True,1
var12_toroidal_24_vertical_coils,24,pairwise_180_concordant,8,1000.0,600.0,CW,24.683,17.453,1.0,0.0138,0.0103,0.985,1.65,99.25,6.338,150.73,346.69,5344.13,16.187,2.313,0.0,18.5,1.058,True,1
var12_toroidal_24_vertical_coils,24,pairwise_180_concordant,8,1000.0,600.0,CCW,24.683,17.453,1.0,0.0138,0.0103,-0.985,1.65,99.25,-6.338,150.73,346.69,5344.13,16.187,2.313,0.0,18.5,1.058,True,1
var12_toroidal_24_vertical_coils,24,pairwise_180_concordant,8,1000.0,1200.0,CW,24.683,17.453,1.0,0.0138,0.0103,0.985,1.65,99.25,7.212,150.73,346.69,5344.13,16.187,2.313,0.0,18.5,1.078,True,1
var12_toroidal_24_vertical_coils,24,pairwise_180_concordant,8,1000.0,1200.0,CCW,24.683,17.453,1.0,0.0138,0.0103,-0.985,1.65,99.25,-7.212,150.73,346.69,5344.13,16.187,2.313,0.0,18.5,1.078,True,1
var12_toroidal_24_vertical_coils,24,pairwise_180_concordant,8,1000.0,2400.0,CW,24.683,17.453,1.0,0.0138,0.0103,0.985,1.65,99.25,8.961,150.73,346.69,5344.13,16.187,2.313,0.0,18.5,1.118,True,1
var12_toroidal_24_vertical_coils,24,pairwise_180_concordant,8,1000.0,2400.0,CCW,24.683,17.453,1.0,0.0138,0.0103,-0.985,1.65,99.25,-8.961,150.73,346.69,5344.13,16.187,2.313,0.0,18.5,1.118,True,1
var12_toroidal_24_vertical_coils,24,pairwise_180_concordant,9,25.0,0.0,CW,29.67,20.98,1.0,0.0128,0.0096,0.987,1.65,99.35,7.911,265.76,611.24,160.6,15.994,2.506,0.0,18.5,0.879,True,1
var12_toroidal_24_vertical_coils,24,pairwise_180_concordant,9,25.0,0.0,CCW,29.67,20.98,1.0,0.0128,0.0096,-0.987,1.65,99.35,-7.911,265.76,611.24,160.6,15.994,2.506,0.0,18.5,0.879,True,1
var12_toroidal_24_vertical_coils,24,pairwise_180_concordant,9,25.0,600.0,CW,29.67,20.98,1.0,0.0128,0.0096,0.987,1.65,99.35,9.177,265.76,611.24,160.6,15.994,2.506,0.0,18.5,0.899,True,1
var12_toroidal_24_vertical_coils,24,pairwise_180_concordant,9,25.0,600.0,CCW,29.67,20.98,1.0,0.0128,0.0096,-0.987,1.65,99.35,-9.177,265.76,611.24,160.6,15.994,2.506,0.0,18.5,0.899,True,1
var12_toroidal_24_vertical_coils,24,pairwise_180_concordant,9,25.0,1200.0,CW,29.67,20.98,1.0,0.0128,0.0096,0.987,1.65,99.35,10.443,265.76,611.24,160.6,15.994,2.506,0.0,18.5,0.919,True,1
var12_toroidal_24_vertical_coils,24,pairwise_180_concordant,9,25.0,1200.0,CCW,29.67,20.98,1.0,0.0128,0.0096,-0.987,1.65,99.35,-10.443,265.76,611.24,160.6,15.994,2.506,0.0,18.5,0.919,True,1
var12_toroidal_24_vertical_coils,24,pairwise_180_concordant,9,25.0,2400.0,CW,29.67,20.98,1.0,0.0128,0.0096,0.987,1.65,99.35,12.975,265.76,611.24,160.6,15.994,2.506,0.0,18.5,0.959,True,1
var12_toroidal_24_vertical_coils,24,pairwise_180_concordant,9,25.0,2400.0,CCW,29.67,20.98,1.0,0.0128,0.0096,-0.987,1.65,99.35,-12.975,265.76,611.24,160.6,15.994,2.506,0.0,18.5,0.959,True,1
var12_toroidal_24_vertical_coils,24,pairwise_180_concordant,9,50.0,0.0,CW,30.354,21.464,1.0,0.0123,0.0092,0.9882,1.65,99.41,8.29,281.94,648.46,328.6,15.903,2.597,0.0,18.5,0.883,True,1
var12_toroidal_24_vertical_coils,24,pairwise_180_concordant,9,50.0,0.0,CCW,30.354,21.464,1.0,0.0123,0.0092,-0.9882,1.65,99.41,-8.29,281.94,648.46,328.6,15.903,2.597,0.0,18.5,0.883,True,1
var12_toroidal_24_vertical_coils,24,pairwise_180_concordant,9,50.0,600.0,CW,30.354,21.464,1.0,0.0123,0.0092,0.9882,1.65,99.41,9.616,281.94,648.46,328.6,15.903,2.597,0.0,18.5,0.903,True,1
var12_toroidal_24_vertical_coils,24,pairwise_180_concordant,9,50.0,600.0,CCW,30.354,21.464,1.0,0.0123,0.0092,-0.9882,1.65,99.41,-9.616,281.94,648.46,328.6,15.903,2.597,0.0,18.5,0.903,True,1
var12_toroidal_24_vertical_coils,24,pairwise_180_concordant,9,50.0,1200.0,CW,30.354,21.464,1.0,0.0123,0.0092,0.9882,1.65,99.41,10.943,281.94,648.46,328.6,15.903,2.597,0.0,18.5,0.923,True,1
var12_toroidal_24_vertical_coils,24,pairwise_180_concordant,9,50.0,1200.0,CCW,30.354,21.464,1.0,0.0123,0.0092,-0.9882,1.65,99.41,-10.943,281.94,648.46,328.6,15.903,2.597,0.0,18.5,0.923,True,1
var12_toroidal_24_vertical_coils,24,pairwise_180_concordant,9,50.0,2400.0,CW,30.354,21.464,1.0,0.0123,0.0092,0.9882,1.65,99.41,13.596,281.94,648.46,328.6,15.903,2.597,0.0,18.5,0.963,True,1
var12_toroidal_24_vertical_coils,24,pairwise_180_concordant,9,50.0,2400.0,CCW,30.354,21.464,1.0,0.0123,0.0092,-0.9882,1.65,99.41,-13.596,281.94,648.46,328.6,15.903,2.597,0.0,18.5,0.963,True,1
var12_toroidal_24_vertical_coils,24,pairwise_180_concordant,9,60.0,0.0,CW,30.77,21.757,1.0,0.0119,0.0089,0.9889,1.65,99.45,8.525,292.07,671.76,399.72,15.849,2.651,0.0,18.5,0.885,True,1
var12_toroidal_24_vertical_coils,24,pairwise_180_concordant,9,60.0,0.0,CCW,30.77,21.757,1.0,0.0119,0.0089,-0.9889,1.65,99.45,-8.525,292.07,671.76,399.72,15.849,2.651,0.0,18.5,0.885,True,1
var12_toroidal_24_vertical_coils,24,pairwise_180_concordant,9,60.0,600.0,CW,30.77,21.757,1.0,0.0119,0.0089,0.9889,1.65,99.45,9.889,292.07,671.76,399.72,15.849,2.651,0.0,18.5,0.905,True,1
var12_toroidal_24_vertical_coils,24,pairwise_180_concordant,9,60.0,600.0,CCW,30.77,21.757,1.0,0.0119,0.0089,-0.9889,1.65,99.45,-9.889,292.07,671.76,399.72,15.849,2.651,0.0,18.5,0.905,True,1
var12_toroidal_24_vertical_coils,24,pairwise_180_concordant,9,60.0,1200.0,CW,30.77,21.757,1.0,0.0119,0.0089,0.9889,1.65,99.45,11.252,292.07,671.76,399.72,15.849,2.651,0.0,18.5,0.925,True,1
var12_toroidal_24_vertical_coils,24,pairwise_180_concordant,9,60.0,1200.0,CCW,30.77,21.757,1.0,0.0119,0.0089,-0.9889,1.65,99.45,-11.252,292.07,671.76,399.72,15.849,2.651,0.0,18.5,0.925,True,1
var12_toroidal_24_vertical_coils,24,pairwise_180_concordant,9,60.0,2400.0,CW,30.77,21.757,1.0,0.0119,0.0089,0.9889,1.65,99.45,13.98,292.07,671.76,399.72,15.849,2.651,0.0,18.5,0.965,True,1
var12_toroidal_24_vertical_coils,24,pairwise_180_concordant,9,60.0,2400.0,CCW,30.77,21.757,1.0,0.0119,0.0089,-0.9889,1.65,99.45,-13.98,292.07,671.76,399.72,15.849,2.651,0.0,18.5,0.965,True,1
var12_toroidal_24_vertical_coils,24,pairwise_180_concordant,9,100.0,0.0,CW,33.733,23.853,1.0,0.0091,0.0068,0.9935,1.65,99.68,10.293,369.62,850.12,730.36,15.7,2.8,0.0,18.5,0.892,True,1
var12_toroidal_24_vertical_coils,24,pairwise_180_concordant,9,100.0,0.0,CCW,33.733,23.853,1.0,0.0091,0.0068,-0.9935,1.65,99.68,-10.293,369.62,850.12,730.36,15.7,2.8,0.0,18.5,0.892,True,1
var12_toroidal_24_vertical_coils,24,pairwise_180_concordant,9,100.0,600.0,CW,33.733,23.853,1.0,0.0091,0.0068,0.9935,1.65,99.68,11.94,369.62,850.12,730.36,15.7,2.8,0.0,18.5,0.912,True,1
var12_toroidal_24_vertical_coils,24,pairwise_180_concordant,9,100.0,600.0,CCW,33.733,23.853,1.0,0.0091,0.0068,-0.9935,1.65,99.68,-11.94,369.62,850.12,730.36,15.7,2.8,0.0,18.5,0.912,True,1
var12_toroidal_24_vertical_coils,24,pairwise_180_concordant,9,100.0,1200.0,CW,33.733,23.853,1.0,0.0091,0.0068,0.9935,1.65,99.68,13.587,369.62,850.12,730.36,15.7,2.8,0.0,18.5,0.932,True,1
var12_toroidal_24_vertical_coils,24,pairwise_180_concordant,9,100.0,1200.0,CCW,33.733,23.853,1.0,0.0091,0.0068,-0.9935,1.65,99.68,-13.587,369.62,850.12,730.36,15.7,2.8,0.0,18.5,0.932,True,1
var12_toroidal_24_vertical_coils,24,pairwise_180_concordant,9,100.0,2400.0,CW,33.733,23.853,1.0,0.0091,0.0068,0.9935,1.65,99.68,16.881,369.62,850.12,730.36,15.7,2.8,0.0,18.5,0.972,True,1
var12_toroidal_24_vertical_coils,24,pairwise_180_concordant,9,100.0,2400.0,CCW,33.733,23.853,1.0,0.0091,0.0068,-0.9935,1.65,99.68,-16.881,369.62,850.12,730.36,15.7,2.8,0.0,18.5,0.972,True,1
var12_toroidal_24_vertical_coils,24,pairwise_180_concordant,9,120.0,0.0,CW,34.751,24.572,1.0,0.008,0.006,0.995,1.65,99.75,10.94,398.58,916.73,902.88,15.7,2.8,0.0,18.5,0.895,True,1
var12_toroidal_24_vertical_coils,24,pairwise_180_concordant,9,120.0,0.0,CCW,34.751,24.572,1.0,0.008,0.006,-0.995,1.65,99.75,-10.94,398.58,916.73,902.88,15.7,2.8,0.0,18.5,0.895,True,1
var12_toroidal_24_vertical_coils,24,pairwise_180_concordant,9,120.0,600.0,CW,34.751,24.572,1.0,0.008,0.006,0.995,1.65,99.75,12.691,398.58,916.73,902.88,15.7,2.8,0.0,18.5,0.915,True,1
var12_toroidal_24_vertical_coils,24,pairwise_180_concordant,9,120.0,600.0,CCW,34.751,24.572,1.0,0.008,0.006,-0.995,1.65,99.75,-12.691,398.58,916.73,902.88,15.7,2.8,0.0,18.5,0.915,True,1
var12_toroidal_24_vertical_coils,24,pairwise_180_concordant,9,120.0,1200.0,CW,34.751,24.572,1.0,0.008,0.006,0.995,1.65,99.75,14.441,398.58,916.73,902.88,15.7,2.8,0.0,18.5,0.935,True,1
var12_toroidal_24_vertical_coils,24,pairwise_180_concordant,9,120.0,1200.0,CCW,34.751,24.572,1.0,0.008,0.006,-0.995,1.65,99.75,-14.441,398.58,916.73,902.88,15.7,2.8,0.0,18.5,0.935,True,1
var12_toroidal_24_vertical_coils,24,pairwise_180_concordant,9,120.0,2400.0,CW,34.751,24.572,1.0,0.008,0.006,0.995,1.65,99.75,17.942,398.58,916.73,902.88,15.7,2.8,0.0,18.5,0.975,True,1
var12_toroidal_24_vertical_coils,24,pairwise_180_concordant,9,120.0,2400.0,CCW,34.751,24.572,1.0,0.008,0.006,-0.995,1.65,99.75,-17.942,398.58,916.73,902.88,15.7,2.8,0.0,18.5,0.975,True,1
var12_toroidal_24_vertical_coils,24,pairwise_180_concordant,9,150.0,0.0,CW,32.827,23.212,1.0,0.01,0.0075,0.9922,1.65,99.61,9.735,344.97,793.43,1066.13,15.7,2.8,0.0,18.5,0.9,True,1
var12_toroidal_24_vertical_coils,24,pairwise_180_concordant,9,150.0,0.0,CCW,32.827,23.212,1.0,0.01,0.0075,-0.9922,1.65,99.61,-9.735,344.97,793.43,1066.13,15.7,2.8,0.0,18.5,0.9,True,1
var12_toroidal_24_vertical_coils,24,pairwise_180_concordant,9,150.0,600.0,CW,32.827,23.212,1.0,0.01,0.0075,0.9922,1.65,99.61,11.293,344.97,793.43,1066.13,15.7,2.8,0.0,18.5,0.92,True,1
var12_toroidal_24_vertical_coils,24,pairwise_180_concordant,9,150.0,600.0,CCW,32.827,23.212,1.0,0.01,0.0075,-0.9922,1.65,99.61,-11.293,344.97,793.43,1066.13,15.7,2.8,0.0,18.5,0.92,True,1
var12_toroidal_24_vertical_coils,24,pairwise_180_concordant,9,150.0,1200.0,CW,32.827,23.212,1.0,0.01,0.0075,0.9922,1.65,99.61,12.85,344.97,793.43,1066.13,15.7,2.8,0.0,18.5,0.941,True,1
var12_toroidal_24_vertical_coils,24,pairwise_180_concordant,9,150.0,1200.0,CCW,32.827,23.212,1.0,0.01,0.0075,-0.9922,1.65,99.61,-12.85,344.97,793.43,1066.13,15.7,2.8,0.0,18.5,0.941,True,1
var12_toroidal_24_vertical_coils,24,pairwise_180_concordant,9,150.0,2400.0,CW,32.827,23.212,1.0,0.01,0.0075,0.9922,1.65,99.61,15.965,344.97,793.43,1066.13,15.7,2.8,0.0,18.5,0.98,True,1
var12_toroidal_24_vertical_coils,24,pairwise_180_concordant,9,150.0,2400.0,CCW,32.827,23.212,1.0,0.01,0.0075,-0.9922,1.65,99.61,-15.965,344.97,793.43,1066.13,15.7,2.8,0.0,18.5,0.98,True,1
var12_toroidal_24_vertical_coils,24,pairwise_180_concordant,9,200.0,0.0,CW,29.993,21.208,1.0,0.0125,0.0094,0.9876,1.65,99.38,8.089,273.51,629.08,1298.77,15.906,2.594,0.0,18.5,0.909,True,1
var12_toroidal_24_vertical_coils,24,pairwise_180_concordant,9,200.0,0.0,CCW,29.993,21.208,1.0,0.0125,0.0094,-0.9876,1.65,99.38,-8.089,273.51,629.08,1298.77,15.906,2.594,0.0,18.5,0.909,True,1
var12_toroidal_24_vertical_coils,24,pairwise_180_concordant,9,200.0,600.0,CW,29.993,21.208,1.0,0.0125,0.0094,0.9876,1.65,99.38,9.384,273.51,629.08,1298.77,15.906,2.594,0.0,18.5,0.929,True,1
var12_toroidal_24_vertical_coils,24,pairwise_180_concordant,9,200.0,600.0,CCW,29.993,21.208,1.0,0.0125,0.0094,-0.9876,1.65,99.38,-9.384,273.51,629.08,1298.77,15.906,2.594,0.0,18.5,0.929,True,1
var12_toroidal_24_vertical_coils,24,pairwise_180_concordant,9,200.0,1200.0,CW,29.993,21.208,1.0,0.0125,0.0094,0.9876,1.65,99.38,10.678,273.51,629.08,1298.77,15.906,2.594,0.0,18.5,0.949,True,1
var12_toroidal_24_vertical_coils,24,pairwise_180_concordant,9,200.0,1200.0,CCW,29.993,21.208,1.0,0.0125,0.0094,-0.9876,1.65,99.38,-10.678,273.51,629.08,1298.77,15.906,2.594,0.0,18.5,0.949,True,1
var12_toroidal_24_vertical_coils,24,pairwise_180_concordant,9,200.0,2400.0,CW,29.993,21.208,1.0,0.0125,0.0094,0.9876,1.65,99.38,13.266,273.51,629.08,1298.77,15.906,2.594,0.0,18.5,0.989,True,1
var12_toroidal_24_vertical_coils,24,pairwise_180_concordant,9,200.0,2400.0,CCW,29.993,21.208,1.0,0.0125,0.0094,-0.9876,1.65,99.38,-13.266,273.51,629.08,1298.77,15.906,2.594,0.0,18.5,0.989,True,1
var12_toroidal_24_vertical_coils,24,pairwise_180_concordant,9,400.0,0.0,CW,28.558,20.193,1.0,0.0137,0.0103,0.9853,1.65,99.26,7.316,241.16,554.67,2473.28,16.029,2.471,0.0,18.5,0.943,True,1
var12_toroidal_24_vertical_coils,24,pairwise_180_concordant,9,400.0,0.0,CCW,28.558,20.193,1.0,0.0137,0.0103,-0.9853,1.65,99.26,-7.316,241.16,554.67,2473.28,16.029,2.471,0.0,18.5,0.943,True,1
var12_toroidal_24_vertical_coils,24,pairwise_180_concordant,9,400.0,600.0,CW,28.558,20.193,1.0,0.0137,0.0103,0.9853,1.65,99.26,8.487,241.16,554.67,2473.28,16.029,2.471,0.0,18.5,0.963,True,1
var12_toroidal_24_vertical_coils,24,pairwise_180_concordant,9,400.0,600.0,CCW,28.558,20.193,1.0,0.0137,0.0103,-0.9853,1.65,99.26,-8.487,241.16,554.67,2473.28,16.029,2.471,0.0,18.5,0.963,True,1
var12_toroidal_24_vertical_coils,24,pairwise_180_concordant,9,400.0,1200.0,CW,28.558,20.193,1.0,0.0137,0.0103,0.9853,1.65,99.26,9.658,241.16,554.67,2473.28,16.029,2.471,0.0,18.5,0.983,True,1
var12_toroidal_24_vertical_coils,24,pairwise_180_concordant,9,400.0,1200.0,CCW,28.558,20.193,1.0,0.0137,0.0103,-0.9853,1.65,99.26,-9.658,241.16,554.67,2473.28,16.029,2.471,0.0,18.5,0.983,True,1
var12_toroidal_24_vertical_coils,24,pairwise_180_concordant,9,400.0,2400.0,CW,28.558,20.193,1.0,0.0137,0.0103,0.9853,1.65,99.26,11.999,241.16,554.67,2473.28,16.029,2.471,0.0,18.5,1.023,True,1
var12_toroidal_24_vertical_coils,24,pairwise_180_concordant,9,400.0,2400.0,CCW,28.558,20.193,1.0,0.0137,0.0103,-0.9853,1.65,99.26,-11.999,241.16,554.67,2473.28,16.029,2.471,0.0,18.5,1.023,True,1
var12_toroidal_24_vertical_coils,24,pairwise_180_concordant,9,800.0,0.0,CW,28.332,20.034,1.0,0.0138,0.0103,0.985,1.65,99.25,7.199,236.7,544.4,4907.49,15.947,2.553,0.0,18.5,1.011,True,1
var12_toroidal_24_vertical_coils,24,pairwise_180_concordant,9,800.0,0.0,CCW,28.332,20.034,1.0,0.0138,0.0103,-0.985,1.65,99.25,-7.199,236.7,544.4,4907.49,15.947,2.553,0.0,18.5,1.011,True,1
var12_toroidal_24_vertical_coils,24,pairwise_180_concordant,9,800.0,600.0,CW,28.332,20.034,1.0,0.0138,0.0103,0.985,1.65,99.25,8.351,236.7,544.4,4907.49,15.947,2.553,0.0,18.5,1.031,True,1
var12_toroidal_24_vertical_coils,24,pairwise_180_concordant,9,800.0,600.0,CCW,28.332,20.034,1.0,0.0138,0.0103,-0.985,1.65,99.25,-8.351,236.7,544.4,4907.49,15.947,2.553,0.0,18.5,1.031,True,1
var12_toroidal_24_vertical_coils,24,pairwise_180_concordant,9,800.0,1200.0,CW,28.332,20.034,1.0,0.0138,0.0103,0.985,1.65,99.25,9.503,236.7,544.4,4907.49,15.947,2.553,0.0,18.5,1.051,True,1
var12_toroidal_24_vertical_coils,24,pairwise_180_concordant,9,800.0,1200.0,CCW,28.332,20.034,1.0,0.0138,0.0103,-0.985,1.65,99.25,-9.503,236.7,544.4,4907.49,15.947,2.553,0.0,18.5,1.051,True,1
var12_toroidal_24_vertical_coils,24,pairwise_180_concordant,9,800.0,2400.0,CW,28.332,20.034,1.0,0.0138,0.0103,0.985,1.65,99.25,11.807,236.7,544.4,4907.49,15.947,2.553,0.0,18.5,1.091,True,1
var12_toroidal_24_vertical_coils,24,pairwise_180_concordant,9,800.0,2400.0,CCW,28.332,20.034,1.0,0.0138,0.0103,-0.985,1.65,99.25,-11.807,236.7,544.4,4907.49,15.947,2.553,0.0,18.5,1.091,True,1
var12_toroidal_24_vertical_coils,24,pairwise_180_concordant,9,1000.0,0.0,CW,28.277,19.995,1.0,0.0138,0.0103,0.985,1.65,99.25,7.171,235.71,542.14,6122.37,15.899,2.601,0.0,18.5,1.045,True,1
var12_toroidal_24_vertical_coils,24,pairwise_180_concordant,9,1000.0,0.0,CCW,28.277,19.995,1.0,0.0138,0.0103,-0.985,1.65,99.25,-7.171,235.71,542.14,6122.37,15.899,2.601,0.0,18.5,1.045,True,1
var12_toroidal_24_vertical_coils,24,pairwise_180_concordant,9,1000.0,600.0,CW,28.277,19.995,1.0,0.0138,0.0103,0.985,1.65,99.25,8.319,235.71,542.14,6122.37,15.899,2.601,0.0,18.5,1.065,True,1
var12_toroidal_24_vertical_coils,24,pairwise_180_concordant,9,1000.0,600.0,CCW,28.277,19.995,1.0,0.0138,0.0103,-0.985,1.65,99.25,-8.319,235.71,542.14,6122.37,15.899,2.601,0.0,18.5,1.065,True,1
var12_toroidal_24_vertical_coils,24,pairwise_180_concordant,9,1000.0,1200.0,CW,28.277,19.995,1.0,0.0138,0.0103,0.985,1.65,99.25,9.466,235.71,542.14,6122.37,15.899,2.601,0.0,18.5,1.085,True,1
var12_toroidal_24_vertical_coils,24,pairwise_180_concordant,9,1000.0,1200.0,CCW,28.277,19.995,1.0,0.0138,0.0103,-0.985,1.65,99.25,-9.466,235.71,542.14,6122.37,15.899,2.601,0.0,18.5,1.085,True,1
var12_toroidal_24_vertical_coils,24,pairwise_180_concordant,9,1000.0,2400.0,CW,28.277,19.995,1.0,0.0138,0.0103,0.985,1.65,99.25,11.761,235.71,542.14,6122.37,15.899,2.601,0.0,18.5,1.125,True,1
var12_toroidal_24_vertical_coils,24,pairwise_180_concordant,9,1000.0,2400.0,CCW,28.277,19.995,1.0,0.0138,0.0103,-0.985,1.65,99.25,-11.761,235.71,542.14,6122.37,15.899,2.601,0.0,18.5,1.125,True,1
