$MeshFormat
2.2 0 8
$EndMeshFormat
$PhysicalNames
7
2 101 "FarField"
3 1 "MantelloSferico"
3 2 "Rotore1Coils"
3 3 "Rotore2Coils"
3 4 "RotorePEEKCore"
3 5 "CavitaAriaInterna"
3 6 "AriaEsterna"
$EndPhysicalNames
$Nodes
2232
1 7.347638122934264e-19 -1.799592866186565e-34 0.012
2 7.347638122934264e-19 -1.799592866186565e-34 -0.012
3 0.03900000000000001 -9.79685083057902e-19 0.007
4 0.03900000000000001 -9.79685083057902e-19 -0.007
5 0.02150000000000001 0.03031088913245535 0.007
6 0.02150000000000001 0.03031088913245535 -0.007
7 -0.01349999999999999 0.03031088913245536 0.007
8 -0.01349999999999999 0.03031088913245536 -0.007
9 -0.031 3.306578713957834e-18 0.007
10 -0.031 3.306578713957834e-18 -0.007
11 -0.01350000000000002 -0.03031088913245535 0.007
12 -0.01350000000000002 -0.03031088913245535 -0.007
13 0.02150000000000001 -0.03031088913245536 0.007
14 0.02150000000000001 -0.03031088913245536 -0.007
15 0.007 0.03031088913245536 0.0215
16 -0.007 0.03031088913245536 0.0215
17 0.007 3.12281698156577e-18 0.03900000000000001
18 -0.007 3.12281698156577e-18 0.03900000000000001
19 0.007 -0.03031088913245535 0.0215
20 -0.007 -0.03031088913245535 0.0215
21 0.007 -0.03031088913245535 -0.01350000000000001
22 -0.007 -0.03031088913245535 -0.01350000000000001
23 0.007 -5.449710612465704e-18 -0.031
24 -0.007 -5.449710612465704e-18 -0.031
25 0.007 0.03031088913245535 -0.01350000000000002
26 -0.007 0.03031088913245535 -0.01350000000000002
27 1.224606353822377e-17 -2.999321443644275e-33 0.2
28 1.224606353822377e-17 -2.999321443644275e-33 -0.2
29 3.061515884555943e-18 -7.498303609110688e-34 0.05
30 3.061515884555943e-18 -7.498303609110688e-34 -0.05
31 2.877824931482587e-18 -7.048405392564046e-34 0.047
32 2.877824931482587e-18 -7.048405392564046e-34 -0.047
33 0.01039230484541327 -2.545296508910432e-18 -0.005999999999999996
34 0.01039230484541324 -2.545296508910427e-18 0.006000000000000037
35 0.03749395920743494 0.003127325929872114 0.007
36 0.03410991626417476 0.003899711648727298 0.007
37 0.03139612452839034 0.001735534956470252 0.007
38 0.03139612452839032 -0.001735534956470205 0.007
39 0.03410991626417472 -0.003899711648727289 0.007
40 0.03749395920743493 -0.003127325929872127 0.007
41 0.03749395920743494 0.003127325929872114 -0.007
42 0.03410991626417476 0.003899711648727298 -0.007
43 0.03139612452839034 0.001735534956470252 -0.007
44 0.03139612452839032 -0.001735534956470205 -0.007
45 0.03410991626417472 -0.003899711648727289 -0.007
46 0.03749395920743493 -0.003127325929872127 -0.007
47 0.01999395920743495 0.03343821506232747 0.007
48 0.01660991626417476 0.03421060078118265 0.007
49 0.01389612452839034 0.03204642408892561 0.007
50 0.01389612452839032 0.02857535417598515 0.007
51 0.01660991626417473 0.02641117748372806 0.007
52 0.01999395920743493 0.02718356320258323 0.007
53 0.01999395920743495 0.03343821506232747 -0.007
54 0.01660991626417476 0.03421060078118265 -0.007
55 0.01389612452839034 0.03204642408892561 -0.007
56 0.01389612452839032 0.02857535417598515 -0.007
57 0.01660991626417473 0.02641117748372806 -0.007
58 0.01999395920743493 0.02718356320258323 -0.007
59 -0.01500604079256505 0.03343821506232747 0.007
60 -0.01839008373582524 0.03421060078118265 0.007
61 -0.02110387547160966 0.03204642408892561 0.007
62 -0.02110387547160968 0.02857535417598515 0.007
63 -0.01839008373582527 0.02641117748372807 0.007
64 -0.01500604079256507 0.02718356320258323 0.007
65 -0.01500604079256505 0.03343821506232747 -0.007
66 -0.01839008373582524 0.03421060078118265 -0.007
67 -0.02110387547160966 0.03204642408892561 -0.007
68 -0.02110387547160968 0.02857535417598515 -0.007
69 -0.01839008373582527 0.02641117748372807 -0.007
70 -0.01500604079256507 0.02718356320258323 -0.007
71 -0.03250604079256506 0.003127325929872119 0.007
72 -0.03589008373582524 0.003899711648727302 0.007
73 -0.03860387547160967 0.001735534956470256 0.007
74 -0.03860387547160969 -0.001735534956470201 0.007
75 -0.03589008373582529 -0.003899711648727285 0.007
76 -0.03250604079256508 -0.003127325929872122 0.007
77 -0.03250604079256506 0.003127325929872119 -0.007
78 -0.03589008373582524 0.003899711648727302 -0.007
79 -0.03860387547160967 0.001735534956470256 -0.007
80 -0.03860387547160969 -0.001735534956470201 -0.007
81 -0.03589008373582529 -0.003899711648727285 -0.007
82 -0.03250604079256508 -0.003127325929872122 -0.007
83 -0.01500604079256507 -0.02718356320258324 0.007
84 -0.01839008373582526 -0.02641117748372805 0.007
85 -0.02110387547160968 -0.0285753541759851 0.007
86 -0.0211038754716097 -0.03204642408892555 0.007
87 -0.01839008373582529 -0.03421060078118264 0.007
88 -0.01500604079256509 -0.03343821506232748 0.007
89 -0.01500604079256507 -0.02718356320258324 -0.007
90 -0.01839008373582526 -0.02641117748372805 -0.007
91 -0.02110387547160968 -0.0285753541759851 -0.007
92 -0.0211038754716097 -0.03204642408892555 -0.007
93 -0.01839008373582529 -0.03421060078118264 -0.007
94 -0.01500604079256509 -0.03343821506232748 -0.007
95 0.01999395920743495 -0.02718356320258324 0.007
96 0.01660991626417476 -0.02641117748372806 0.007
97 0.01389612452839034 -0.0285753541759851 0.007
98 0.01389612452839032 -0.03204642408892556 0.007
99 0.01660991626417473 -0.03421060078118264 0.007
100 0.01999395920743493 -0.03343821506232748 0.007
101 0.01999395920743495 -0.02718356320258324 -0.007
102 0.01660991626417476 -0.02641117748372806 -0.007
103 0.01389612452839034 -0.0285753541759851 -0.007
104 0.01389612452839032 -0.03204642408892556 -0.007
105 0.01660991626417473 -0.03421060078118264 -0.007
106 0.01999395920743493 -0.03343821506232748 -0.007
107 0.007 0.02718356320258324 0.01999395920743494
108 0.007 0.02641117748372806 0.01660991626417475
109 0.007 0.02857535417598511 0.01389612452839033
110 0.007 0.03204642408892556 0.01389612452839031
111 0.007 0.03421060078118265 0.01660991626417472
112 0.007 0.03343821506232748 0.01999395920743492
113 -0.007 0.02718356320258324 0.01999395920743494
114 -0.007 0.02641117748372806 0.01660991626417475
115 -0.007 0.02857535417598511 0.01389612452839033
116 -0.007 0.03204642408892556 0.01389612452839031
117 -0.007 0.03421060078118265 0.01660991626417472
118 -0.007 0.03343821506232748 0.01999395920743492
119 0.007 -0.003127325929872112 0.03749395920743494
120 0.007 -0.003899711648727296 0.03410991626417476
121 0.007 -0.00173553495647025 0.03139612452839034
122 0.007 0.001735534956470207 0.03139612452839032
123 0.007 0.003899711648727292 0.03410991626417472
124 0.007 0.003127325929872129 0.03749395920743493
125 -0.007 -0.003127325929872112 0.03749395920743494
126 -0.007 -0.003899711648727296 0.03410991626417476
127 -0.007 -0.00173553495647025 0.03139612452839034
128 -0.007 0.001735534956470207 0.03139612452839032
129 -0.007 0.003899711648727292 0.03410991626417472
130 -0.007 0.003127325929872129 0.03749395920743493
131 0.007 -0.03343821506232747 0.01999395920743494
132 0.007 -0.03421060078118265 0.01660991626417475
133 0.007 -0.03204642408892561 0.01389612452839033
134 0.007 -0.02857535417598515 0.01389612452839031
135 0.007 -0.02641117748372807 0.01660991626417472
136 0.007 -0.02718356320258323 0.01999395920743492
137 -0.007 -0.03343821506232747 0.01999395920743494
138 -0.007 -0.03421060078118265 0.01660991626417475
139 -0.007 -0.03204642408892561 0.01389612452839033
140 -0.007 -0.02857535417598515 0.01389612452839031
141 -0.007 -0.02641117748372807 0.01660991626417472
142 -0.007 -0.02718356320258323 0.01999395920743492
143 0.007 -0.03343821506232747 -0.01500604079256506
144 0.007 -0.03421060078118265 -0.01839008373582525
145 0.007 -0.03204642408892561 -0.02110387547160967
146 0.007 -0.02857535417598515 -0.0211038754716097
147 0.007 -0.02641117748372806 -0.01839008373582528
148 0.007 -0.02718356320258323 -0.01500604079256508
149 -0.007 -0.03343821506232747 -0.01500604079256506
150 -0.007 -0.03421060078118265 -0.01839008373582525
151 -0.007 -0.03204642408892561 -0.02110387547160967
152 -0.007 -0.02857535417598515 -0.0211038754716097
153 -0.007 -0.02641117748372806 -0.01839008373582528
154 -0.007 -0.02718356320258323 -0.01500604079256508
155 0.007 -0.003127325929872121 -0.03250604079256506
156 0.007 -0.003899711648727305 -0.03589008373582524
157 0.007 -0.001735534956470259 -0.03860387547160967
158 0.007 0.001735534956470198 -0.03860387547160969
159 0.007 0.003899711648727283 -0.03589008373582529
160 0.007 0.00312732592987212 -0.03250604079256508
161 -0.007 -0.003127325929872121 -0.03250604079256506
162 -0.007 -0.003899711648727305 -0.03589008373582524
163 -0.007 -0.001735534956470259 -0.03860387547160967
164 -0.007 0.001735534956470198 -0.03860387547160969
165 -0.007 0.003899711648727283 -0.03589008373582529
166 -0.007 0.00312732592987212 -0.03250604079256508
167 0.007 0.02718356320258323 -0.01500604079256507
168 0.007 0.02641117748372805 -0.01839008373582526
169 0.007 0.0285753541759851 -0.02110387547160968
170 0.007 0.03204642408892555 -0.0211038754716097
171 0.007 0.03421060078118263 -0.01839008373582529
172 0.007 0.03343821506232747 -0.01500604079256509
173 -0.007 0.02718356320258323 -0.01500604079256507
174 -0.007 0.02641117748372805 -0.01839008373582526
175 -0.007 0.0285753541759851 -0.02110387547160968
176 -0.007 0.03204642408892555 -0.0211038754716097
177 -0.007 0.03421060078118263 -0.01839008373582529
178 -0.007 0.03343821506232747 -0.01500604079256509
179 0.0298084532352348 -7.300724245897146e-18 -0.1977661652450257
180 0.05895103488218087 -1.443836237622466e-17 -0.1911145611572281
181 0.08677674782351159 -2.125347134974289e-17 -0.1801937735804839
182 0.1126640116127243 -2.759381289361206e-17 -0.165247754863199
183 0.1360345475541838 -3.331775425484115e-17 -0.1466103743659654
184 0.1563662964936059 -3.829743204194871e-17 -0.1246979603717467
185 0.1732050807568877 -4.242160848184052e-17 -0.1000000000000001
186 0.1861747497288408 -4.559815628784588e-17 -0.07306820487327899
187 0.1949855824363647 -4.775611663106583e-17 -0.04450418679126293
188 0.199440759436236 -4.884728424335498e-17 -0.01494601871728514
189 0.1994407594362361 -4.884728424335499e-17 0.01494601871728451
190 0.1949855824363648 -4.775611663106586e-17 0.04450418679126249
191 0.1861747497288411 -4.559815628784594e-17 0.07306820487327841
192 0.1732050807568881 -4.242160848184063e-17 0.09999999999999939
193 0.1563662964936064 -3.829743204194883e-17 0.1246979603717461
194 0.1360345475541846 -3.331775425484136e-17 0.1466103743659646
195 0.112664011612725 -2.759381289361222e-17 0.1652477548631986
196 0.08677674782351216 -2.125347134974303e-17 0.1801937735804836
197 0.05895103488218113 -1.443836237622472e-17 0.1911145611572281
198 0.02980845323523525 -7.300724245897255e-18 0.1977661652450257
199 0.02499999999999997 -6.123031769111878e-18 -0.04330127018922195
200 0.04330127018922192 -1.060540212046013e-17 -0.02500000000000002
201 0.05 -1.224606353822377e-17 -1.010639055082363e-16
202 0.04330127018922202 -1.060540212046016e-17 0.02499999999999985
203 0.02500000000000014 -6.12303176911192e-18 0.04330127018922186
204 0.02762590685774616 -6.766172213620226e-18 -0.03802379873562258
205 0.04469965626587216 -1.094789661537266e-17 -0.0145237987356227
206 0.04469965626587227 -1.094789661537268e-17 0.0145237987356224
207 0.02762590685774628 -6.766172213620255e-18 0.0380237987356225
208 0.003418354228275417 -0.005786344938299516 -0.00994148211410387
209 -0.005072577772352071 -0.008299926443169301 -0.007027102943704376
210 0.001854748308431781 0.005068881433358871 -0.0107175720070788
211 -0.007409289310102806 0.00312683838914431 -0.008906475936495293
212 0.0034385865821385 0.005777631230771671 0.009939572409231138
213 -0.00504905094406331 0.008311836961080964 0.007029968058011485
214 -0.007485219307445914 -0.00302539864378279 0.008877975837184747
215 0.00151147434417867 -0.004842080793950284 0.0108751873037547
216 -0.01199993664465343 3.642102155761466e-05 1.392959053676613e-05
217 0.006515274838305369 -0.00908785578633043 -0.004354546014018624
218 0.0008295325998039102 -0.01091803480188403 0.004910029707721903
219 0.006557152609594634 0.009068758324569992 0.004331439957453959
220 -0.008175242638459167 -0.008593923707089035 0.001819308417792944
221 0.0008691985322408233 0.01096975466611726 -0.004786332257245524
222 -0.008175242638459175 0.00859392370708904 -0.001819308417792878
223 0.03440164969548596 -0.003954993920739696 0.005130989919494687
224 0.03405742915328452 -0.003887359026244174 0.001668789106806584
225 0.03717296211142047 -0.003358308452529505 -0.001682325032542861
226 0.03296299170269255 0.003442469636278665 0.003930122648519589
227 0.03629672895575822 0.003783978596041238 0.003288981590112532
228 0.03721235259846012 0.003332490957240062 -0.00168502275430626
229 0.03280649631644505 0.003344927740659106 -8.320639022906754e-05
230 0.03571939805704926 0.003934776542005119 -0.00434251137715313
231 0.03106340539641558 -0.0007093820740827864 0.0002268381973272501
232 0.03134328459103843 -0.001621244095706444 0.003944988686567115
233 0.0321223627659596 -0.002778345541732392 -0.002939401418356393
234 0.03127261089713743 0.001451402933668447 0.002966443950165021
235 0.03107664343338628 0.0007792773904130618 -0.00349147198613646
236 0.03313967760708673 0.003541073367557563 -0.00369428432090062
237 0.03455009597585334 7.360728092877761e-05 0.007
238 0.03455009597585334 7.360728092877761e-05 -0.007
239 0.01647903650876604 0.03417839912592238 -0.005167836588217549
240 0.01562722905018881 0.03384539460982319 -0.001755088392584212
241 0.01967296211142049 0.03366919758498485 0.001682325032542853
242 0.01647903650876599 0.02644337913898833 0.005167836588217545
243 0.01967296211142047 0.02695258067992585 -0.001682325032542859
244 0.01562722905018877 0.02677638365508753 0.001755088392584201
245 0.01350000000000001 0.03031088913245538 0
246 0.0135884593979879 0.02947431868185912 0.003434397738071702
247 0.014536728743736 0.02762406508503439 -0.002458350548864419
248 0.01358845939798791 0.03114745958305163 -0.003434397738071716
249 0.01453672874373604 0.03299771317987635 0.002458350548864409
250 0.01593638843698305 0.033992616835586 0.004488087157350869
251 0.01593638843698302 0.02662916142932472 -0.004488087157350874
252 0.01705009597585334 0.03038449641338413 0.007
253 0.01705009597585334 0.03038449641338413 -0.007
254 -0.01804021483928111 0.0342742422491257 -0.005155180422036789
255 -0.01844256977943915 0.03419824841748267 -0.001668788516631501
256 -0.0153270378885795 0.03366919758498484 0.001682325032542858
257 -0.01951811540939146 0.02685730980161949 -0.003941694315783889
258 -0.01619891824358788 0.02652840499327757 -0.003288477460477337
259 -0.01528764740153991 0.02697839817521528 0.00168502275430626
260 -0.01969374168835654 0.02696611748034417 8.385817220868657e-05
261 -0.01678060194295078 0.02637611259045023 0.004342511377153131
262 -0.02145395875730496 0.03091604212594653 -0.0002337306693340089
263 -0.02114436567589287 0.03195970653301062 -0.00396623368343753
264 -0.02037763723404037 0.03308923467418778 0.002939401418356402
265 -0.02120945694708464 0.02881424984467575 -0.003065296338952794
266 -0.02142335656661373 0.02953161174204234 0.003491471986136463
267 -0.01936035935382177 0.02676983518276075 0.003694477580631592
268 -0.01794990402414666 0.03038449641338414 0.007
269 -0.01794990402414666 0.03038449641338414 -0.007
270 -0.0369617710202147 0.003485893639261794 0.003946429851943103
271 -0.03368448090455791 0.003777487195150666 0.00328658309476654
272 -0.03365028591501228 -0.003765404611563772 0.003380761005798048
273 -0.03282703788857954 -0.003358308452529501 -0.001682325032542861
274 -0.0327876474015399 0.003332490957240075 -0.001685022754306262
275 -0.03719388557792162 0.003344677274564403 -8.504060051996165e-05
276 -0.03428060194295075 0.003934776542005124 -0.004342511377153131
277 -0.03736050430237958 -0.003229244406737818 0.000595841194740614
278 -0.03900000000000001 3.142145892954844e-17 -8.673617379884035e-19
279 -0.03885990349670285 -0.001049354561690718 0.003621252750841113
280 -0.03788921214942819 -0.002766306771780116 -0.002986881089769594
281 -0.03685897460846054 -0.003541781106321926 0.004255171633021053
282 -0.03860301265388267 0.001737325477842708 0.002894131864288898
283 -0.03892320178260451 0.0007800562626944446 -0.00349769890690351
284 -0.03685977794848089 0.003541359341036189 -0.003695321984785979
285 -0.03544990402414667 7.360728092878176e-05 0.007
286 -0.03544990402414667 7.360728092878176e-05 -0.007
287 -0.01897231843555159 -0.0265917120158965 -0.001881023827470154
288 -0.01832421733141843 -0.02639672692444844 -0.005262313355859882
289 -0.01532703788857953 -0.02695258067992586 0.001682325032542857
290 -0.01956191530817694 -0.03373849839576201 -0.003972040878586598
291 -0.01626154009795452 -0.0341143371827152 -0.003258339789141536
292 -0.01530024368503077 -0.03365170821686458 0.001691772995016009
293 -0.01999407614757216 -0.03343812180210302 1.952203727275878e-06
294 -0.01906361156301696 -0.0266291614293247 0.004488087157350881
295 -0.02149625523461075 -0.03013784549678419 -5.980347822837247e-05
296 -0.02122921286354786 -0.02886417858146413 -0.003905389285374149
297 -0.0204225135954633 -0.02757978783731226 0.002414661351079849
298 -0.02118194028227448 -0.03187400005550739 -0.003017137118495537
299 -0.02145119713223618 -0.03093381868080627 0.003481015607269514
300 -0.01944676840673841 -0.03380518344898412 0.003651173174892144
301 -0.01678803034421902 -0.03424701657059135 0.004345886497508005
302 -0.01794990402414668 -0.03023728185152658 0.007
303 -0.01794990402414668 -0.03023728185152658 -0.007
304 0.01602768156444843 -0.02659171201589651 -0.001881023827470163
305 0.0166757826685816 -0.02639672692444844 -0.005262313355859883
306 0.01967296211142048 -0.02695258067992586 0.00168232503254286
307 0.01543808469182308 -0.03373849839576201 -0.003972040878586592
308 0.0187384599020455 -0.03411433718271521 -0.003258339789141532
309 0.01969975631496925 -0.03365170821686458 0.001691772995016009
310 0.01500592385242786 -0.03343812180210302 1.952203727294093e-06
311 0.01593638843698305 -0.02662916142932471 0.004488087157350878
312 0.01350374476538927 -0.0301378454967842 -5.980347822837854e-05
313 0.01377078713645216 -0.02886417858146414 -0.003905389285374153
314 0.01457748640453672 -0.02757978783731227 0.002414661351079847
315 0.01381805971772554 -0.03187400005550739 -0.003017137118495533
316 0.01354880286776384 -0.03093381868080628 0.003481015607269517
317 0.01555323159326161 -0.03380518344898412 0.003651173174892149
318 0.018211969655781 -0.03424701657059136 0.004345886497508005
319 0.01705009597585334 -0.03023728185152657 0.007
320 0.01705009597585334 -0.03023728185152657 -0.007
321 0.003946429851943107 0.02682499549319356 0.01553822897978531
322 0.003286583094766542 0.0265334019373047 0.0188155190954421
323 0.00338076100579805 0.03407629374401913 0.01884971408498772
324 -0.001682325032542857 0.03366919758498486 0.01967296211142047
325 -0.00168502275430626 0.02697839817521529 0.0197123525984601
326 -8.504060051994864e-05 0.02696621185789096 0.01530611442207838
327 -0.00434251137715313 0.02637611259045024 0.01821939805704925
328 0.0005958411947406149 0.03354013353919318 0.01513949569762042
329 0 0.03031088913245533 0.0135
330 0.003621252750841114 0.03136024369414608 0.01364009650329715
331 -0.002986881089769577 0.03307719590423547 0.01461078785057181
332 0.004255171633021071 0.03385267023877728 0.01564102539153946
333 0.002894131864288901 0.02857356365461265 0.01389698734611733
334 -0.003497698906903529 0.02953083286976091 0.01357679821739549
335 -0.003695321984785975 0.02676952979141917 0.01564022205151912
336 0.007 0.03023728185152658 0.01705009597585333
337 -0.007 0.03023728185152658 0.01705009597585333
338 -0.001881023827470153 -0.003719177116558845 0.03352768156444844
339 -0.00526231335585988 -0.003914162208006907 0.03417578266858159
340 0.001682325032542858 -0.003358308452529489 0.03717296211142049
341 -0.003972040878586592 0.003427609263306665 0.03293808469182308
342 -0.003258339789141533 0.003803448050259852 0.0362384599020455
343 0.001691772995016009 0.003340819084409231 0.03719975631496925
344 1.952203727289756e-06 0.00312723266964767 0.03250592385242786
345 0.00448808715735088 -0.003681727703130649 0.03343638843698306
346 -5.980347822836553e-05 -0.000173043635671157 0.03100374476538927
347 -0.003905389285374147 -0.00144671055099121 0.03127078713645216
348 0.002414661351079849 -0.002731101295143087 0.03207748640453672
349 -0.003017137118495533 0.001563110923052039 0.03131805971772553
350 0.003481015607269517 0.0006229295483509247 0.03104880286776383
351 0.003651173174892147 0.003494294316528773 0.03305323159326162
352 0.004345886497508005 0.003936127438136005 0.035711969655781
353 0.007 -7.360728092877543e-05 0.03455009597585334
354 -0.007 -7.360728092877543e-05 0.03455009597585334
355 -0.001881023827470162 -0.0340300662490142 0.01602768156444843
356 -0.005262313355859882 -0.03422505134046226 0.01667578266858159
357 0.00168232503254286 -0.03366919758498484 0.01967296211142049
358 -0.003972040878586596 -0.0268832798691487 0.01543808469182306
359 -0.003258339789141532 -0.0265074410821955 0.01873845990204549
360 0.001691772995016009 -0.02697007004804612 0.01969975631496924
361 1.952203727292358e-06 -0.02718365646280769 0.01500592385242786
362 0.004488087157350883 -0.03399261683558601 0.01593638843698305
363 -5.980347822836032e-05 -0.03048393276812651 0.01350374476538926
364 -0.003905389285374147 -0.03175759968344656 0.01377078713645215
365 0.002414661351079847 -0.03304199042759844 0.01457748640453671
366 -0.003017137118495534 -0.02874777820940332 0.01381805971772553
367 0.003481015607269509 -0.02968795958410443 0.01354880286776383
368 0.003651173174892149 -0.02681659481592659 0.01555323159326161
369 0.004345886497508005 -0.02637476169431935 0.01821196965578099
370 0.007 -0.03038449641338413 0.01705009597585333
371 -0.007 -0.03038449641338413 0.01705009597585333
372 0.003952424569796545 -0.03381446240371089 -0.01943001925714325
373 0.003308582610117231 -0.03407732052844971 -0.01615315385464115
374 0.001688308165324711 -0.0269749578214446 -0.01529283840912858
375 -0.003306003284078038 -0.02654364591265069 -0.01615542626723717
376 -0.001688308165324707 -0.03364682044346609 -0.01529283840912856
377 -0.003950026489290498 -0.02680782005967823 -0.01943093424832448
378 7.489009530848266e-05 -0.02688834946784384 -0.01957031935801241
379 -6.709375766357929e-05 -0.03373830436743975 -0.01956223781533481
380 -0.004344154082662354 -0.0342462244947387 -0.01678366517161161
381 -0.00369832740826643 -0.0338974296673797 -0.01927108074105744
382 -1.734723475976807e-18 -0.03031088913245537 -0.02150000000000001
383 -0.00288405725117295 -0.02854330375960528 -0.02108826447599484
384 0.003446890813541363 -0.02922743573742647 -0.02135047123619959
385 0.002885620392256905 -0.0320762378944836 -0.02108936536847468
386 -0.003444265067530779 -0.03139676637808976 -0.02134978838475746
387 0.003700505600217777 -0.02672513532954409 -0.01927267302819991
388 0.004344154082662355 -0.02637555377017201 -0.01678366517161164
389 0.007 -0.03038449641338413 -0.01794990402414667
390 -0.007 -0.03038449641338413 -0.01794990402414667
391 0.003946202982174143 -0.003485860108169421 -0.03696183060080965
392 0.003286432825896349 -0.003777525387986039 -0.03368459057965933
393 0.003380761005798046 0.003765404611563768 -0.03365028591501228
394 -0.001682325032542862 0.003358308452529499 -0.03282703788857954
395 -0.001685022754306262 -0.003332490957240073 -0.03278764740153989
396 -8.56922190738069e-05 -0.00334452120778133 -0.03719412349030336
397 -0.004342511377153131 -0.003934776542005126 -0.03428060194295075
398 0.0005958411947405975 0.003229244406737812 -0.03736050430237958
399 8.673617379884035e-19 -3.356459082805631e-17 -0.03900000000000001
400 0.003621247065295488 0.001049353404033175 -0.0388599038114238
401 -0.002986881089769582 0.002766306771780114 -0.03788921214942819
402 0.004255171633021052 0.003541781106321924 -0.03685897460846054
403 0.00289398278639423 -0.001737297272573257 -0.03860302625395785
404 -0.003497698906903508 -0.0007800562626944502 -0.03892320178260451
405 -0.003695515159438494 -0.003541339936333827 -0.03685981489813561
406 0.007 -7.36072809287839e-05 -0.03544990402414667
407 -0.007 -7.36072809287839e-05 -0.03544990402414667
408 -0.005167836588217542 0.02644337913898832 -0.018520963491234
409 -0.001755088392584203 0.02677638365508751 -0.01937277094981121
410 0.00168232503254286 0.02695258067992586 -0.01532703788857953
411 0.003370007554567231 0.03407918337828127 -0.01615837468834434
412 -0.001682325032542858 0.03366919758498485 -0.01532703788857956
413 0.004255125220751418 0.03384687560608724 -0.01936997317047394
414 0.0005120284966904348 0.0335506269418745 -0.01984608161115935
415 0 0.03031088913245532 -0.02150000000000002
416 0.003434397738071701 0.03114745958305159 -0.02141154060201212
417 -0.003137243818841983 0.03297240166828253 -0.020486025957964
418 -0.003434397738071704 0.02947431868185907 -0.02141154060201211
419 0.002458350548864423 0.02762406508503436 -0.02046327125626399
420 0.004488087157350873 0.0266291614293247 -0.01906361156301697
421 0.007 0.03023728185152657 -0.01794990402414668
422 -0.007 0.03023728185152657 -0.01794990402414668
423 0.04450166814137208 0.1258304765915724 -0.1489506384456708
424 0.03115508164342481 0.1447984721058574 -0.1343977803522096
425 0.02235982357693263 0.1255997199204651 -0.1540284020741278
426 -0.1739309908578958 -0.04559192505198193 -0.08757503519408377
427 -0.185518619900228 -0.02431895004592823 -0.07065005547753231
428 -0.1812976440328774 -0.05470809848276711 -0.06432875118116275
429 0.1357252936465504 -0.1281446241182951 -0.07181643247988943
430 0.1198536835068198 -0.146305400809369 -0.06503709898094315
431 0.1368263395266695 -0.1373862009966554 -0.04902636624755281
432 -0.1735209699213482 -0.09853389199763606 -0.01347386824014449
433 -0.1789140971721352 -0.08882632134682003 0.009981506352811661
434 -0.1655810884660032 -0.1120035691129297 0.006172815271721348
435 -0.04254423070186862 0.04333861114370895 -0.1905564305346859
436 -0.01330199785579409 0.04136717113624763 -0.1952224731049908
437 -0.02440391583775511 0.06123627235184856 -0.1888241717583689
438 -0.1865989011205342 -0.07054929051399898 -0.0142705188616419
439 -0.1750509622667749 -0.022953555546323 -0.09396964880884694
440 0.154733598177371 0.09209163014618417 -0.08704392714085418
441 0.1384784701921702 0.1053519979991236 -0.09861374047681642
442 0.1453351352748834 0.08428199769216195 -0.1085091854160271
443 0.07435472174507141 -0.1797157713123643 0.04662206447396975
444 0.07397577362290687 -0.1847510330486797 0.01986556579456245
445 0.05454169664219742 -0.1885324843062011 0.0384799387827289
446 0.008040054667944916 -0.02033855968899994 0.1988006552069521
447 -0.03236764479456027 0.02983356446757663 0.1950956022098195
448 -0.03032640848922305 0.01030313435223596 0.1974187285205347
449 -0.05389590072052755 0.0209724853218228 0.1914559655506952
450 -0.05236642111011849 -0.009326486044092636 0.1927972370086954
451 -0.05349964877313199 -0.04351179831521187 0.1877352150996926
452 -0.07152298046071608 -0.03225439884863429 0.1839677064621105
453 -0.03056854369010241 -0.03249706105721947 0.1949602655909908
454 0.09745516302835756 -0.1711725693719157 0.03467625547450272
455 0.02723992039228487 -0.1526470287256323 0.126320510441725
456 0.02920924868028279 -0.1368751842129783 0.1428705838799459
457 0.0514280868934356 -0.1390238703418663 0.1342665831607001
458 -0.07752561237795741 -0.05801583304957878 0.1749969786624503
459 -0.04971453986796873 -0.07212044402579994 0.1797974028712251
460 -0.09487165073359335 0.1583942165803346 0.07688070005524889
461 -0.08918400360053713 0.1441915537220941 0.1060896287908853
462 -0.1115982663119758 0.1446311149334468 0.08141048795621753
463 -0.03340523888729256 0.02031520660541589 -0.1961412307381143
464 -0.01481573366679555 0.01866156391242976 -0.198575527364922
465 0.1526592863126479 -0.1055725359501503 0.0744955163453964
466 0.1397502519453651 -0.1080108310992442 0.09382711466552474
467 0.1565390606947199 -0.08094949973987117 0.09456585519456484
468 -0.0544959960063662 0.1600894665516252 0.1067780366858755
469 -0.07035841733496261 0.1373189814260166 0.1272524673640576
470 -0.03697694322136436 0.1468830344589324 0.1306065842832592
471 -0.06595510972465617 -0.1841552150246847 -0.04167469592475385
472 -0.0440860848223834 -0.1929786804359797 -0.02855951719167631
473 -0.03749908796876594 -0.189215114545346 -0.05283425810118227
474 0.13482972160812 -0.09715782952124496 0.1112713005846411
475 -0.0735464596755004 0.1678925173152093 0.0800188783898033
476 -0.160651320267524 -0.03842381680716071 0.1127597605454675
477 -0.1515898627743128 -0.06721349400435292 0.1118161872350862
478 -0.1687962788849778 -0.06136456388259617 0.0879898092626845
479 -0.1418212695633838 -0.05567210491007689 0.1295659840942499
480 -0.003604490663621543 -0.1998891077937758 0.005599306427061527
481 0.0194757791377798 -0.1989921260563699 0.004777844131218546
482 0.009623434889486658 -0.198384517049639 -0.02347281184496898
483 -0.02274702705680726 0.1092093263842535 -0.1659996861164938
484 0.001243558118346173 0.1211849407364226 -0.15909954023163
485 -0.02170356243069036 0.132889340952133 -0.1478829890120053
486 0.03817681269431143 -0.1960942255163754 -0.00946497182438296
487 0.1898025789285763 -0.0525641997142037 0.03481358844570406
488 0.1885199042782817 -0.0321014899084422 0.05856398241723063
489 0.1964019579335237 -0.02694158933795645 0.0264654809860558
490 0.1104109381357895 -0.0492571858312703 -0.1593209163416987
491 0.1291855329732003 -0.049515259022383 -0.144427619222836
492 0.12395729661344 -0.02529950650515679 -0.1549016577925594
493 0.1134845554622856 -0.070158746500111 -0.1489933084439049
494 0.1345480760322323 -0.142280190881482 0.04065910130282872
495 0.1221271175665366 -0.1457601396525579 0.06195925147511199
496 0.1447784150215096 -0.12518224959122 0.05803977025403358
497 0.1148697955115601 -0.1575398170587232 0.04456608710933002
498 0.177502909551134 -0.0436589794299981 -0.08115793624786763
499 0.1638116566765294 -0.06150805950963108 -0.09686330446691632
500 0.1754473256457325 -0.07037349536240058 -0.06531314625891561
501 0.1580333854556243 -0.08922390592567471 -0.08405083992917886
502 0.1884901242457378 -0.02349621987266105 -0.06260511731098278
503 0.1798215611165825 -0.01984181155950647 -0.08526727784814182
504 -0.09998426797264932 0.03784996362609998 -0.1690281822995099
505 -0.09420953391260463 0.006753792772948622 -0.1762922289925165
506 -0.08140750643413498 0.02677069924776183 -0.1807101202422326
507 -0.05759540068348638 0.02333362987796999 -0.1901007930988889
508 0.1830541803106123 0.07006232635871483 -0.03977986294615368
509 0.1722761921559015 0.07388847235626103 -0.06972379270464955
510 0.1835426957785796 0.0523317991775197 -0.05977843776124901
511 0.168939279329459 0.09301671437625425 -0.05298500491921618
512 0.1828815641051206 -0.05966913016161701 0.05471680195534715
513 -0.1599186464985642 -0.03942028638006213 -0.1134551344090745
514 -0.1627280925445792 -0.05765163507579681 -0.1009745357498118
515 -0.1812069379988666 -0.07762145970488157 0.03374840165635082
516 -0.1896059853884428 -0.06284644431926054 0.009994735679531243
517 -0.1899728716973515 -0.05247573259842411 0.0340089033536852
518 -0.104864197213396 0.03204385486603425 0.1672623433654884
519 -0.112906922054965 0.05570238765253881 0.1554003570197969
520 -0.09208692614446332 0.05762665389277021 0.167926075385531
521 -0.1291771925389954 0.03596324821961906 0.1483910297330583
522 -0.1952415526459459 -0.02445981843797233 0.03581135856654621
523 -0.1880630649244909 -0.01930418767038966 0.06526585592477194
524 -0.188444014178422 -0.04248161263307534 0.05180893849922068
525 -0.1940600889133186 0.00186835937701189 0.04834450459145517
526 -0.003395102961532795 0.1771684194266766 0.0927352383602576
527 0.0201659118009828 0.1706869185228049 0.102270777089178
528 0.01128651745362694 0.1600726888630826 0.1193706362717051
529 0.08212025566074045 -0.1224540455580609 -0.1351342678104964
530 0.09802908010704649 -0.1340253243589307 -0.1114787508175871
531 0.1046953876493362 -0.1164370135396988 -0.1244238629962565
532 -0.00793111118909689 0.148042716156341 0.1342402758800772
533 -0.02022336807809929 0.1625840276716382 0.1147059254338925
534 0.04692667705605403 0.1484303285886592 -0.1255640256424566
535 0.03351202667296276 0.162668112596162 -0.1114272373016266
536 0.06597299577222242 0.06894279766737595 -0.1757681839202806
537 0.08750671754024297 0.08020025393331159 -0.1609673682904845
538 0.06075581769697008 0.09449775388109272 -0.165465721910615
539 0.0392965672145687 0.02489468202386647 0.1945148698996595
540 0.01123974459019537 0.04669147867935614 0.1941483297900922
541 0.04219645597632345 0.04979366441381616 0.1890503903388789
542 -0.02869114820287159 -0.04958322592690261 -0.1916202539437901
543 -0.004399898415422119 -0.04092575121263346 -0.1957184809403946
544 -0.02486763924233739 -0.02416176727625692 -0.1969715957202991
545 0.005882937009234618 0.1601454364168687 -0.1196613147470646
546 -0.05243393392344096 0.1037871041094653 -0.1627234451266419
547 -0.03579233574000255 0.08404082094882286 -0.1779214689589844
548 -0.1876779493034769 0.01110690251538157 0.06821747621948049
549 -0.1933185290446077 0.02629046710290309 0.0440086090161954
550 -0.06354462511675127 0.07931200085577021 -0.172254715868756
551 0.0322963844991201 -0.03191283409551184 0.1947781162458384
552 0.05051785439150112 -0.0200746824584867 0.1924706562358793
553 -0.1796388656503661 0.04480312204454072 0.07564759218185139
554 0.08084731902306297 0.1600513559367447 0.08858484334011411
555 0.06013888710797907 0.1706747108184575 0.08516723163546905
556 0.07241299906220647 0.1733828893746284 0.06851810883935909
557 0.04796937579121805 0.1819220021638287 0.06784780110589304
558 -0.05079209450977809 0.04508962272246132 0.1881145636521954
559 -0.02230182771477049 0.04778958672816142 0.1929217040172832
560 0.06892882960641124 0.1816941834905757 0.04728678604835956
561 -0.1816090172004708 -0.04470878002987172 0.07084694672122187
562 -0.1794713840959031 -0.06574842527977064 0.05888265333637094
563 -0.1640953894055587 -0.08611287579867413 0.07521486420595463
564 0.04924793125779425 -0.1782076087865954 -0.0762672238736362
565 0.07875685061289657 -0.1694005306860245 -0.07142001599573591
566 0.06574675375103774 -0.1626397785175765 -0.09605033479876091
567 0.101650417546542 -0.1548868381398462 -0.07534759441186392
568 0.08988463098028682 -0.1524282608087065 -0.09320074259559648
569 0.04514374107718721 -0.1576061276966588 0.114552831278936
570 0.0676568185829869 -0.1520208002470383 0.1109604938321693
571 0.08555058441305577 0.1190305100460529 0.1360618799839291
572 0.1064244687887256 0.1257223214540047 0.1134360186680292
573 0.1078386725619296 0.1035999068951954 0.1328076804683667
574 0.07584760690941138 0.1424403040644847 0.1181435580306119
575 0.12624566830412 0.1028620855868695 0.1161095283909364
576 0.03999038447539833 -0.1190284289088486 0.1556695290061642
577 0.06689188863119717 -0.1145342444300011 0.1496909552651739
578 0.07891517686622326 -0.1318569384680466 0.1280083694060919
579 0.08817852706564042 -0.04899508102118193 0.1726963502806644
580 0.1014232111877853 -0.0273856228531234 0.170186250600054
581 0.1145884019894862 -0.04605394725320193 0.1573166617745724
582 0.1032782162509553 -0.07067469435564826 0.1560086459968056
583 -0.04515996725680552 -0.003242812759701637 -0.1948077552942125
584 0.05948652656092762 -0.04852838031520853 0.1846790444574006
585 0.07530836473190319 -0.07290382621322597 0.1703340316110624
586 0.1000770738295106 -0.123766046562329 0.1211055118979071
587 0.09220762093326837 -0.1416356010988931 0.1069444301643705
588 0.008308523540175902 -0.1646193025085791 -0.1132760066305803
589 -0.005089471348822066 -0.1740673177356583 -0.09835988093579054
590 0.02280470752469968 -0.1790525382541595 -0.08614019885892812
591 0.03835288996068052 -0.1672102916564659 -0.1028094071368157
592 0.02963204123750252 -0.1562302598325764 -0.1213014758555914
593 -0.1893249893228536 0.04722584658681395 -0.04388357132299148
594 -0.1909084678169157 0.02140236443378658 -0.05564077383035792
595 -0.1810215687827779 0.04488032722528512 -0.07222844220646987
596 0.1072003103738693 -0.1460451110603092 0.08472850164571569
597 0.08213615895138454 -0.1609100412988861 0.08579982518574072
598 -0.1831987298069395 0.02258455307892598 -0.07699456707683451
599 -0.1706099582658535 0.07216309760666059 -0.07539714506753752
600 -0.180349768688994 0.06686213132358097 -0.05480343354840627
601 -0.06423151908992498 -0.1485817531005137 -0.1174639289355613
602 -0.04103090960015879 -0.1470946893218653 -0.1291495909040657
603 -0.06662328950032144 -0.1298387755482789 -0.1367597516094556
604 0.1513874203387681 -0.1078786791607991 -0.0737837349670948
605 0.1656812240287212 -0.09524143198827352 -0.05898136686418669
606 -0.1259897379830736 -0.1108627756673037 -0.1087935241376873
607 -0.140336988263487 -0.1074282885723352 -0.09361993665642479
608 -0.123657673866503 -0.1273958308449172 -0.09208193078589749
609 0.06108727009938635 -0.03391459945387445 -0.1873983601200605
610 0.03867493864599084 -0.02738777393166434 -0.1943042947538651
611 0.04248485427252813 -0.05688183203854059 -0.1869745820730222
612 0.01885523331296329 -0.05286158542923648 -0.1919638845268069
613 0.0785102348893315 -0.02013088759952324 -0.1828411616187049
614 -0.1395919354921462 -0.09311917684748487 -0.1088251370263476
615 -0.1059218205242977 0.0846169964788684 -0.1470392187265481
616 -0.08085219275089972 0.09560680436018192 -0.1559559613718093
617 -0.0950004092297987 0.1103500960538406 -0.137104990963418
618 -0.04875040401768227 -0.1617524295527606 -0.1070492860410192
619 -0.07277532681385292 -0.1576329138460343 -0.09927545658190462
620 -0.07171014605520512 0.1156646737099257 -0.1465583099258366
621 -0.07268047673102251 0.1344126736270336 -0.1290379071071127
622 -0.1645380861212367 0.1086441612926761 -0.03352110428627727
623 -0.170505544843487 0.0889474724987768 -0.0549199992143574
624 -0.1555904258870479 0.1105354532637434 -0.05977903431861234
625 -0.02775660440368913 -0.173585594242316 -0.09538140480994776
626 -0.02239867229279046 -0.1624124395104602 -0.114544746591807
627 -0.144422007290472 0.1330586698600247 -0.03791667423801577
628 0.1878992822943132 0.02348257700991224 -0.0643616989385422
629 0.1762884270592919 0.04745051908921009 -0.08167520262065614
630 -0.1707480815623428 -0.08943147236001932 0.05335826453604559
631 -0.1661487537759452 -0.002402770710724547 -0.1113050686699038
632 -0.1799040754099361 -0.001052100901435024 -0.08736942677269452
633 -0.08967398676532039 -0.1155191004581405 -0.1364328168988502
634 -0.102974285493687 -0.08735616673225931 -0.1475303245468888
635 -0.1081075695635313 -0.1134344094496682 -0.1242794760041708
636 -0.1071160127193034 0.1572022759477996 0.06175438653205059
637 -0.08831949363926546 0.1713708217595558 0.05321379983386193
638 -0.08092280839748359 0.1594492090036914 -0.08959603132483777
639 -0.06304969585604082 0.1543539936734585 -0.1104517111208092
640 -0.06007685282159995 0.1689451511499872 -0.08859067477991014
641 -0.08353861503865771 0.1463973209592334 -0.1076527947309411
642 -0.09732615381401274 0.1584746995363352 -0.07357573914436358
643 -0.1023301381686217 0.1442997378590548 -0.09330663682824952
644 0.1515784554816451 0.03509799820656646 -0.1256666318307721
645 0.1352508686229387 0.05423589457603883 -0.1369878471846222
646 0.1391862560011756 0.02615906686784954 -0.1412192952856606
647 -0.1802375749517159 -0.007605098918942316 0.08635148548784617
648 -0.1278219173726721 -0.08603517467762911 -0.1275127686052014
649 0.1902612138608387 0.04455565712489461 -0.04260826115167147
650 0.1960701112860431 0.02479812919096631 -0.03068491891641245
651 0.1931627157822813 -0.05130209602809397 0.007500678285183662
652 0.03696239373655625 -0.181298118906143 0.07592610572364314
653 0.01138264291166552 -0.1836972515324316 0.0782672039859358
654 0.0249951013304196 -0.1696936651787184 0.1028557480537432
655 -0.05749413463797111 -0.0300270032270164 -0.1891898611433382
656 -0.0497360498627465 -0.05514486886881669 -0.1857023661171053
657 0.0676853101006243 -0.1091376564445325 -0.1533221143292041
658 0.09956253712146855 -0.0961795936184159 -0.1443495305615247
659 0.07680075652388552 -0.08545728716504279 -0.1637030722611835
660 0.09367219304826932 -0.06875759550483941 -0.1627817966171914
661 0.05015794212636707 -0.1692660532570356 0.09398502038322062
662 0.1397149009710788 0.03499492969845783 0.1387627519979394
663 0.1534138299669067 0.05272813871330471 0.116978374765234
664 0.1515947171782837 0.0227737598965135 0.1284538733702186
665 -0.04028938355720244 0.1490423245094904 -0.1271343819640792
666 -0.04784657818376822 0.127224738975902 -0.146712544619123
667 -0.01322879476092752 0.149266899942948 -0.1324552436508091
668 -0.1389050164830345 -0.1204884816958404 -0.07866334708413489
669 -0.1564521627651915 -0.1019860674374263 -0.07156509494678798
670 0.06388677335659987 0.05348158870480953 0.1818191405207165
671 0.05265313479902851 0.07035106800664923 0.1796618340832553
672 0.07732185780639746 0.07202183106928339 0.1698063195372742
673 -0.1542015913626923 -0.08518042388190862 -0.09468983371255667
674 0.1293521989335875 0.06339619402971713 0.1387405175627944
675 0.140699398337957 0.08042164438028651 0.1172008465093475
676 0.1633073137699919 -0.1095496859607496 -0.03646351018663119
677 0.1735432299303356 -0.0944805587272361 -0.03092202076087505
678 0.16644527179363 0.09799812552782743 0.05188775279944979
679 0.1683167221874168 0.1047433258683195 0.02642568292640645
680 0.1809803614180073 0.07891726453808937 0.03190884107630179
681 0.003803993737980892 -0.1584949712794809 0.1219215883703864
682 -0.1437234911909769 0.04681188217938144 0.130966429922713
683 -0.148838710717334 0.07240350245947273 0.1122709714200553
684 -0.1277186909802467 0.06794222581953389 0.1381006514285132
685 -0.1652917552340562 0.03979899072910881 0.1053312678580732
686 -0.1322070576861359 0.08646666981299547 0.1226572823334398
687 0.1983617993656157 -0.02540808647493229 -0.00265060259518371
688 -0.08608774246026435 -0.1715042313825505 -0.05634890607612342
689 -0.05889501058788146 -0.1791491508378688 -0.06661050579243383
690 -0.08759115880920469 -0.1178532952284633 0.1357880322497286
691 -0.07983535124301928 -0.1015795943605556 0.152669259189428
692 -0.06894308752092322 -0.1228706483957885 0.141949478498094
693 -0.1065889530765846 -0.09819673786194065 0.1378266873842326
694 -0.1623256589664607 0.1082505035519411 0.04395689845582243
695 -0.1639596324317982 0.0929566996481164 0.06690508891974897
696 -0.1779480049618825 0.08427252078664504 0.03510911235491905
697 -0.1781694686359594 0.01985960971980847 0.08866361343728763
698 -0.1690751909187378 0.008800176729486147 0.1064712952176415
699 -0.1703267872407126 -0.01434449644049492 0.1038413259262692
700 -0.1767753498572435 0.06950233952546982 0.06260910862914029
701 -0.1870419406151716 0.05529739052591594 0.04424376850964409
702 0.03571862952458267 0.027162850947914 -0.1949008954142259
703 0.007121115264325465 0.02099024110525015 -0.1987679538953291
704 -0.1759354452962762 -0.03208299157069344 0.08953993935823171
705 0.05770850843951084 -0.13255317612024 -0.1382005193699486
706 -0.07515677817891447 0.1744309784710388 -0.06265215433966706
707 -0.09034153829800119 0.1762187719115206 -0.02802411254520421
708 -0.1085228309817656 0.1611465592792525 -0.04748243452226822
709 -0.06540496041097307 0.1855917493238616 -0.03574763959407617
710 0.05651749649522007 0.1594150030600697 0.1067362608923076
711 -0.1659314091961739 -0.1065835462932189 0.03326732784179039
712 -0.1562271886059506 -0.107444590850696 0.06362959560776185
713 0.09377052108440316 0.1451673758777591 0.1006653980090721
714 -0.1518216897642715 -0.08616821724957327 0.09759719695335324
715 -0.147695959599902 -0.1036263773239519 0.08629876847660155
716 0.1248640284638165 0.1371138992730056 -0.0748916084881296
717 0.10597283423427 0.1427385664237793 -0.09162674314653055
718 0.1208558874530698 0.1243655645380164 -0.0996346366735556
719 0.04245737277023805 0.1474415731111098 0.1282901165950453
720 0.0324118007261659 0.161549686785367 0.1133630181021887
721 0.09657211100366597 0.1595048613246258 -0.07233274908440525
722 -0.04666091676558637 0.06366098789211865 -0.1837662576949168
723 -0.009199951673266031 0.08637672003905203 -0.1801511119158158
724 0.1245374380245184 0.1478969564912973 -0.05115580896536139
725 -0.1426258947269664 -0.1321806781099116 0.04675598879006031
726 -0.07966305171522924 -0.1665903058310644 -0.07682101401653813
727 -0.1360262416357285 -0.1232459196331362 0.07941854242077828
728 -0.1248864034690806 -0.1419695905267242 0.0651768486061752
729 0.1587941396502332 -0.02850270166870954 0.1182032876460159
730 0.1744775755279147 -0.02777865345280247 0.09373324943823252
731 0.02387676412673285 -0.09782555482777827 -0.1728006393433592
732 -0.007001317760863923 -0.09264298346618727 -0.1771108668718415
733 0.006525311642230048 -0.1110592038429928 -0.1662025076517571
734 -0.01558499114325361 -0.1148922049458373 -0.1629628463599861
735 -0.1482423949379472 0.1197724299535358 0.0606527605809252
736 -0.1475851227452957 0.1083065118321348 0.08055017715071555
737 0.1148563604625357 -0.1373924670721016 -0.08905799488615029
738 -0.1545780116762528 0.08846759775833386 0.09098968322335178
739 -0.1456936712510709 -0.1244309573582073 -0.05736105829136068
740 -0.1636227316027818 -0.1075876915658597 -0.04065083426417591
741 -0.07923383061590664 -0.01303203162746149 0.1831725040435672
742 -0.09491790241407776 0.009802762080126044 0.175768306747582
743 -0.07514772055057067 0.00858459235272631 0.1851462256439241
744 -0.160834687381872 -0.1173946381503593 -0.01872704643882022
745 -0.1735819441834648 -0.08211895044182166 -0.05590873484369085
746 -0.177638463603541 -0.08608204091559626 -0.03216299862231514
747 -0.03763974641838581 -0.191076099939593 0.04553211527520196
748 -0.006028710753707504 -0.1915632129847173 0.05715933937354393
749 -0.01599167225049582 -0.1970924320372361 0.02998065463394988
750 0.02107595382897641 -0.07719710304605897 -0.1832932389683128
751 0.01118094669434262 -0.1975445490467708 0.02917426216592695
752 0.160626436660469 -0.1181804096892173 0.01524921674870951
753 0.1548602114699063 -0.12103091297233 0.03701125516083159
754 0.1689837057111416 -0.1020886535710865 0.03197520939998622
755 0.1761674787346711 -0.09378661909083459 0.01300344245882307
756 0.1423296841665743 0.1363948311120541 -0.03374479294583747
757 0.140620139399063 0.1421161684118368 -0.005382478177059656
758 0.1226054026975985 0.1557050313226452 -0.02690461763664
759 0.1204059879046433 0.1595885459963941 -0.005821860824829213
760 -0.01023304975784004 0.02856559033736982 0.197684829315077
761 -0.1655299131366753 0.1105353372344174 0.01953937254464293
762 -0.1496114067368722 0.1276782069788762 0.03625882564112431
763 -0.007017184940789609 0.06966538494828622 0.1873432498263918
764 -0.0376834135844546 0.06728158082462496 0.184534953931125
765 -0.02167457608431305 0.08915151874910392 0.1777138696227548
766 -0.1495761961316728 0.1325619790302746 0.00736771785265956
767 0.0544494027269882 0.186365369778403 -0.04799178565164433
768 0.05700770712725645 0.1900108070191275 -0.025416816166327
769 0.03597387475967161 0.1932352832771465 -0.03695951341098026
770 0.07957217266623566 0.1805270527190647 -0.03283675644369922
771 -0.1313847628318802 0.1483080726042828 0.02725361803528804
772 0.08827811025689902 0.04546074809820995 0.1736096069686867
773 0.08083333365280479 0.02395561457748699 -0.1813617950418148
774 0.05859370063127412 0.02874305702652915 -0.1890518841987625
775 0.07422300646091658 0.04555186757437433 -0.1800443630675213
776 -0.1174955342453864 0.1447896790446485 -0.07232391219049815
777 -0.1376103101051154 0.1281147884579837 -0.06819093437649947
778 -0.1265967104598745 0.1221499366365451 -0.09514549847694699
779 0.04968967642191817 0.05318002841789501 -0.1862869309279558
780 0.0108704672501989 -0.04753570126545627 0.1939644040718906
781 0.01167627040200808 -0.0778070474205161 0.1838742180981356
782 -0.01088740371938725 -0.05570790884614423 0.1917761542325864
783 -0.02012703043704932 -0.07715189991312613 0.1834188839394163
784 -0.03088774498409214 0.1726335164563757 0.09614372681409833
785 -0.04576520299423559 0.1783999883528873 0.07796788024940832
786 -0.0715670253281652 -0.0003610745961782507 -0.1867566076764454
787 0.06697906145581715 0.02747626666622125 0.1864372819384164
788 -0.1743985920888235 0.02425476984661279 -0.09485165901092084
789 0.09578928358407472 0.02301214191868047 0.1740541710926924
790 -0.01924286491573421 -0.1985981450626037 -0.01372912697617048
791 -0.01422764655684225 -0.1954566906737164 -0.0399281372509756
792 -0.006295062194748111 -0.1834982377959355 -0.07930175860440011
793 0.1483231770039706 -0.05308011530341254 0.1232182475237546
794 0.1439397345245016 -0.07299495305398547 0.1181231969329584
795 0.1276188192615504 -0.0657029103282176 0.1392715496599716
796 0.1371956621365522 -0.04047194976298927 0.1397833021977057
797 0.127644173424907 -0.08635109029836592 0.1274772693265577
798 0.1101138190639961 -0.08889360411309045 0.1413254187997569
799 0.1522031319107328 0.1286418855004114 0.01689591463825186
800 0.1354913663843127 0.1420308610750809 0.03833176408128135
801 0.1294985015979661 0.1516079542429476 0.01565778701317271
802 0.1672161038863475 0.109404156839186 0.008336969915804191
803 0.1573147397757258 0.1231660143717661 -0.009066727803875114
804 -0.001570943867157965 0.1887967609449639 0.06597965741087476
805 -0.02058303506690812 0.1839958557697546 0.07564300183751378
806 -0.02956085960041977 0.1912304668692638 0.05056742153449875
807 0.1699628880875724 -0.08230374349330469 0.06586888855840539
808 0.01742661998756494 -0.02751423068767772 -0.1973303829253728
809 -0.1389394125771964 -0.03821140317920561 -0.1386929280813547
810 -0.1410250041395137 -0.05949160826586632 -0.1287349865164511
811 0.005386024150336971 0.06587845367333275 -0.188761807804075
812 0.03207355507048312 0.1967882781532357 -0.01567356521744209
813 0.02737125630507979 0.1980845425149893 0.003650800584669037
814 0.007431692001947363 0.1997505910962629 -0.006668681330049797
815 -0.1487054785274858 -0.07057858335996101 -0.1136016911265519
816 -0.1158135471726149 -0.1379096497493826 0.08699511938780885
817 -0.1024294195268394 -0.1548437624137576 0.07437488323988495
818 0.0840553430414727 0.1524444536418737 -0.09846516064076148
819 0.09977220405766395 0.1311426789953979 -0.1133450706620535
820 -0.03700437906903162 0.1679488514450598 -0.1020973027459621
821 -0.01923100751477918 0.160993952359645 -0.1170944731982978
822 0.08349920453256914 -0.1773788763226239 -0.03955524082787893
823 0.05555147496158429 -0.1854536311105099 -0.05020940487119294
824 0.01205997158232424 0.04277470807308161 -0.1949996959861635
825 0.1031843552660297 -0.1623834755641638 -0.05463145332165701
826 0.02813875806036953 0.05584045893400066 -0.1899738230411237
827 -1.643747841806332e-05 -0.01725950646208085 -0.1992538811830141
828 0.1746018162151706 -0.05711068698458195 0.07907322686290787
829 -0.0938860854679944 -0.1748678309535273 0.02463015739099253
830 -0.06565963788398874 -0.1848316247238241 0.03906510533577168
831 -0.06911227144514399 -0.1874515922820606 0.009240913732573174
832 -0.04371153880196777 -0.1938853909261565 0.02231045855592264
833 0.04111247739403198 -0.1948259781161518 0.01877771161803087
834 0.02904535257329175 -0.1912561017394055 0.05076879988082607
835 0.1920247512443277 -0.05138624301077669 -0.02204424956290092
836 0.1957830337152892 -0.02590270054724082 -0.03159198970621965
837 -0.004081181399587928 -0.1729316032365784 0.1003892651652072
838 -0.02018796059357966 -0.1636688977033175 0.1131589067270141
839 0.07147488436179456 0.1426878911699572 -0.1205466989134856
840 0.0574959792488732 0.1593799338091784 -0.1062649945616856
841 -0.1146509781735532 -0.1583903377949754 0.04204347865057104
842 -0.1335095135018277 -0.1480237610423791 0.01625349105189277
843 0.188068622721052 0.05188358997514354 0.04402597232427436
844 0.1901060478763545 0.02599049593773002 0.05642858036265
845 0.1802111153019381 0.04955702096882431 0.07119027738622104
846 0.1758318560631296 0.07505017685971388 0.05874205773311452
847 -0.05671976997932563 -0.07659110904983883 -0.1758313672471669
848 -0.0300621958687613 -0.07666382526679032 -0.1822605889242413
849 0.1658252786616306 0.02514703978596238 0.1089477092315198
850 -0.1936177757325225 0.0415260778830551 0.0280667378945443
851 -0.1979471278650711 0.02394284209677284 0.01561008911884165
852 -0.1981914977386088 0.002873946905679452 0.02668090428209592
853 -0.1109359795730742 -0.1651069632773634 -0.02080622775732903
854 -0.1129346995114962 -0.1648477536383593 0.008424474264596747
855 -0.09235827819673027 -0.1773326653173782 -0.004803567421208758
856 -0.09030860475125346 -0.1756076959577769 -0.03172212206462371
857 -0.1951878706119456 -0.01108500679959124 -0.04217603336288747
858 -0.1984734390844632 -0.02256453581039373 -0.009956691300193554
859 -0.1935196301659215 -0.04237065975742697 -0.02747507838324282
860 -0.1987180878788592 -0.001143095560074418 -0.02257908063475005
861 -0.1852079554848485 -0.06260928540737165 -0.04216741165758984
862 0.04064338665166348 0.1719928623364608 0.09362996543198462
863 -0.06862293697979861 -0.1871080672177565 -0.01677687999307702
864 -0.1454289714640866 0.07645355116065365 -0.1140406452709876
865 -0.1588109642677084 0.0797005450273284 -0.09179815221837223
866 -0.1649643091407438 0.05468150709979218 -0.098978328390676
867 -0.1524320335950678 0.05213818519462285 -0.1185161793962467
868 -0.1240285004016766 0.09938781171798151 -0.1214042584509389
869 -0.1456845141625201 0.1025960650931142 -0.09082989464179708
870 -0.1453400004432961 -0.1371439905256748 -0.008234690876792702
871 -0.144814277155933 -0.1336450624724848 -0.0341734166938316
872 -0.1279886948789787 -0.1512224895869569 -0.02739804055582083
873 0.1004403090386097 0.1669603566589912 -0.04512187523287386
874 0.07629549012617867 0.1751913887390442 -0.05905061810084015
875 -0.1265515241868214 -0.1460208347837761 -0.05160065440516733
876 -0.1087057533526159 -0.1625188535507175 -0.04207946564062645
877 -0.0340421198473458 -0.05787944182551724 0.1883908285725861
878 -0.003137548181501666 -0.06699587653002025 -0.1884189701685662
879 -0.1897273487119517 -0.03745541017716513 -0.05099632731083501
880 -0.08363422561219171 -0.02185162064457647 -0.1803547143311051
881 -0.07570817688260338 -0.0526374282011335 -0.1774755563605393
882 0.05346661417245991 0.1798783351427807 -0.06917445854645181
883 0.06855412357409871 0.1669928540970556 -0.08610295477802557
884 0.05232475187223737 -0.1847333940781081 0.05599726291428192
885 0.06550547872354194 -0.1753478649490334 0.07044259020660125
886 0.1795981212889869 -0.07959620591919876 0.03753610039328607
887 0.09368465189981975 -0.1649724080686144 0.06330316401612317
888 -0.02002681773291727 -0.003719414648679893 -0.19896002745819
889 0.09283251485935586 -0.1109607685480558 0.1380935625875163
890 -0.0836557801404285 -0.1721596367206397 0.05798939500730861
891 -0.1669435482032977 0.06886996572839851 0.08594637592046826
892 0.1039438930064587 0.1121276032918802 -0.1289304761748772
893 0.1140142342187184 0.09433704060110673 -0.1345409869376034
894 0.1236021964760187 0.1053812190096468 -0.1166931690646223
895 0.08332425571189959 0.1252359347502507 -0.1318067868407728
896 -0.1821067229199557 0.07819511457476011 -0.02688243895175089
897 -0.1277391371297823 0.1451293886172939 -0.05118762941286863
898 -0.1255084330769444 -0.1555572333152588 -0.007041334381514903
899 -0.04600948066306946 -0.1946153007305667 -0.002830620191002514
900 0.06043980333048325 -0.1891882938459268 -0.0235546098469021
901 -0.189001647194912 0.001500263222825283 -0.06539209866545224
902 0.0373326334852484 -0.1937878363236502 -0.03244301111263089
903 -0.01348558239256489 -0.1823694499151104 0.08099088100022973
904 -0.0804592530639147 0.1825864134265433 0.01372990271008256
905 -0.06143857265996763 0.1895835816971415 0.01683351836037699
906 -0.0736016075489959 0.1826280224425513 0.03506862964141271
907 0.1408816285259685 0.11747220420864 -0.07970350043903097
908 0.02603389066399538 0.07538789724748768 0.1834091096033602
909 -0.09376256990800395 0.174559528500669 0.02715789929046062
910 -0.0526164815417694 0.1889072374911286 0.03931362987101242
911 0.004593969183761524 -0.142118423731722 0.1406458285309215
912 -0.02239398488775701 -0.1483901468652392 0.1322076917359941
913 0.09593796003312835 0.1666788837976652 0.05490043279106539
914 -0.09824973304832289 0.1204400906407104 0.1258617277904239
915 -0.1150174286042395 0.1266381099521027 0.1036039585393716
916 -0.1379325412370881 0.1442061916530506 -0.01338612553365008
917 -0.1549351740261589 0.1255091857876809 -0.01557357160054372
918 -0.1262531606854513 0.1523037798381009 -0.02938874042828135
919 -0.1681531813044621 0.1080310614972279 -0.007334668974866829
920 -0.1183494860415615 0.1077733747513216 0.1199095444425064
921 -0.03793443149627067 -0.09965011442751498 0.1692064821501763
922 -0.006057665995791982 -0.1037534714011667 0.1708757497566308
923 -0.1365151511824546 0.1041083121595437 0.1025917776282417
924 -0.1988330650113721 -0.01741283084302941 0.01273599545444076
925 -0.1957893715078301 -0.03863624486512354 0.01318190378098307
926 0.1647521196782319 -0.03038593412521687 -0.1092402584621052
927 0.1472315767170584 -0.05435803608148548 -0.123968006883925
928 0.1442466441110442 -0.08204074236439932 -0.111634323821126
929 -0.009201990299607082 -0.03254960848949934 0.1971188635359545
930 -0.01834349780602785 -0.007716628024082454 0.1990074615188541
931 -0.06947743109839445 0.187261692225953 -0.01029296811616181
932 -0.04287793089870763 0.193489013467816 -0.02689767107199015
933 -0.1983574785597063 0.02377463490816224 -0.00943808425578356
934 -0.196228197677796 0.02135856560058081 -0.03222275766611995
935 -0.1935176695368347 0.04673645932927058 -0.01914719160597428
936 -0.01559211175373936 0.1976805102757963 0.02606342088367721
937 -0.03632306608514507 0.1954234524333136 0.02214292458593936
938 -0.01642302920872221 0.1992617674531337 0.005003213273760252
939 -0.0417281569358357 0.1955743319567093 -0.00307271840967303
940 -0.1033337723384275 -0.01176361977206852 0.170832516647646
941 0.1001092590878656 0.17201203056154 -0.01974835656388696
942 0.1641152745123315 -0.1006680958218324 0.05414897187711376
943 0.1157107736496058 -0.1222123084848811 -0.1080516937220604
944 -0.1180369962514668 0.01271875173407991 -0.1609518588592815
945 -0.06128822385867724 0.1818676430880429 0.05628422526648918
946 0.1458699607456471 -0.02718709664211719 -0.1341000235952089
947 -0.04477598885851979 0.1883289151198985 -0.05027256261126711
948 0.0865199527178689 -0.1800495488665757 -0.009821289866422537
949 0.1086338406201624 -0.1651423155550361 -0.03044181803431015
950 0.07496896169558495 -0.02256566257432538 0.1840392503105455
951 -0.15172648368975 -0.1290165288980178 0.01827045205382032
952 0.1391800364013574 0.1210094269903352 0.07736689244623678
953 0.116142301825306 0.1364365860587662 0.08885957298652968
954 0.121936061636298 0.1460120650690611 0.06174199322096111
955 0.1405011623665466 0.1308199822144318 0.05608525320496524
956 0.1031103227757805 0.1522041837290678 0.07875371605481574
957 0.004841357961288157 0.1419896690702898 -0.1407675215751143
958 -0.1892161030230692 0.06203563565632047 0.01867742662894233
959 -0.0938884835425039 -0.1445202824915333 0.1014832035691443
960 -0.07441875779617906 -0.1620101810207783 0.09063415324086332
961 0.186498071331307 -0.05056434865950443 -0.05159182139004995
962 0.1979434059947268 0.02858409371102484 0.001165165192629484
963 0.1913217662189475 0.05718676338177845 0.01120963267814272
964 0.1926664746083553 0.05059965797961024 -0.01786908431717925
965 0.1799265351309912 0.08702407378464391 0.007297433636632217
966 0.07515460190653143 -0.1445339502163475 -0.1160246656841948
967 0.05073119699333105 -0.1522205088492111 -0.1193954033340944
968 0.1589324472586774 0.100129427504633 -0.06866276251333145
969 0.1193984758724703 0.04326879746909409 -0.1545050650461325
970 0.1109712381315861 0.07242825031365913 -0.1497983072803052
971 0.0942836123819052 0.05188803348257189 -0.1685770815310615
972 0.03407494092995061 -0.1391884914768571 -0.1395186806166732
973 0.02283317950149512 0.1815830663454026 0.08066124181075839
974 0.00147301352121845 0.1959562733509247 0.0399871124937023
975 -0.1515428852227739 -0.01522852440868357 -0.129625792119822
976 0.03159343922945678 -0.05676128536422014 0.1891560495502488
977 0.04421858939200929 -0.07640013600906909 0.179465137477942
978 0.1962058488675041 0.025820902440309 0.02892310265774066
979 -0.1501655179595107 0.008553990874307455 -0.1318224049851698
980 0.0428400530618123 0.1743141446491675 -0.08820039018558942
981 0.01021138425868007 0.08729038768506152 -0.1796555477832879
982 0.09898457095232042 -0.1733776569596345 0.01192655778388463
983 0.1302529004268474 -0.1292987197723743 0.07947341062027476
984 -0.1056792208909329 -0.1572911471623946 -0.06396403126932619
985 -0.1005273771359703 -0.1479738235156088 -0.08943150451789265
986 -0.1356555264988135 -0.1063616755050567 0.1014138654922823
987 0.01224212345959745 -0.150482288193275 -0.1311686370795858
988 0.003993683589549232 -0.1320750792244627 -0.1501340199263261
989 -0.01233437242730152 -0.150068394115533 -0.1316333557439363
990 -0.03313336573202028 -0.1832373535067432 0.07298117808800447
991 -0.04994784724543146 -0.1718167424230157 0.08935446031782701
992 -0.02999258487405455 -0.1722667206776116 0.09708049134380392
993 -0.05880353406455439 -0.1794943370519749 0.06575657646038784
994 0.1598734399508381 0.09392805852586235 0.07495333895062957
995 0.1665386155872401 -0.1101913754886078 -0.01107927281973546
996 0.1835576525563198 -0.07901390410955798 -0.007961855649217543
997 0.1868728321291745 -0.06939475351496099 0.01621458592191539
998 -0.01066140377416161 0.1709026917859607 -0.1033373330886627
999 -0.01569026231348001 0.180472600996794 -0.08475527097464897
1000 -0.1587464566269212 0.09421816878417111 -0.07695777530148915
1001 -0.04254171869620229 0.1804072488847595 -0.0751227443601844
1002 0.1055929968169601 0.169723628157389 0.006633933094764738
1003 -0.1108603687088267 0.1613338410112789 0.04100451675474747
1004 0.0833910490790167 0.1801538622785421 0.02430059340067905
1005 0.1134095288558053 0.1612440826312186 0.03374351168922719
1006 0.1311598219187504 0.07876672282086478 -0.1288134484062233
1007 0.1502227192847331 0.06040865616897937 -0.1174049780484554
1008 0.1186282645176816 -0.1220065015767969 0.1050797241646265
1009 0.1613445780758309 -0.05447191061982735 0.1048844034113637
1010 0.1133713909078825 -0.1052693745162038 0.1267489112875504
1011 0.1440696107184761 -0.01932577462484373 0.1373697990920002
1012 0.01083197767027681 -0.1210107882122015 0.158868050268178
1013 -0.09693939331732436 0.1749362111307937 -0.0002757870038141015
1014 -0.1133015283843448 0.1641308897451918 0.01496043773501322
1015 -0.1159786965063018 0.1623496152063345 -0.01383995661316403
1016 -0.1176708294808671 -0.1250312425566948 0.1025707769007023
1017 -0.01734937494942021 0.1984791396059134 -0.01746511752496306
1018 -0.1582445258775821 -0.00673554650433522 0.1221200329309945
1019 -0.1392702515218739 0.003974066238905566 0.1434852042496465
1020 -0.1437255052940716 -0.02433130674322972 0.1369341690014975
1021 -0.1531245779818685 0.02295930283850485 0.1265927882268358
1022 0.1814226193082989 -0.07433831394837834 -0.03949238258991696
1023 -0.06596175815914662 -0.08733237046556423 0.1673980392042264
1024 0.000697014913453044 0.1927458347920296 -0.05337187780595736
1025 0.009764046842893247 0.1969735487713448 -0.03325784830190342
1026 -0.01932579776141166 0.1950663956269671 -0.03969401514068032
1027 0.01981990308114406 -0.1904562103728749 -0.05773736547728241
1028 0.1659370438592924 0.03255137980834313 -0.1067956232615001
1029 0.1629528568511741 0.06579781121870502 -0.09548305861705744
1030 -0.1690207847941585 -0.07152919789399451 -0.07947042315357669
1031 0.02724879230067889 0.1882234976196805 -0.0618822936062377
1032 -0.1175451210406044 0.008598882050101524 0.1615834265852724
1033 -0.09456016025742511 -0.03361924393345086 0.172997463939311
1034 -0.1224370073284648 -0.02324827007821011 0.1564247332579476
1035 -0.01437498643147622 -0.1899312432094533 -0.06098756117444259
1036 -0.04639230963717361 -0.1583005827422608 0.1130870421842807
1037 -0.07568938062853005 -0.1403178329279944 0.1207560492168445
1038 0.06649041126032711 -0.05897027239652565 -0.1791690045289981
1039 -0.180722110477276 0.08551289682455615 0.005202236183802361
1040 -0.08744283960830376 0.06928137423972694 -0.1659934968144577
1041 -0.1127769328176094 0.05608375142385971 -0.1553575754524997
1042 -0.07225451474572242 0.05112347760045075 -0.1793479164554091
1043 0.1239768376858499 0.08558519085959831 0.1315481616098932
1044 0.01279329511153747 0.1771365354164752 -0.09197271019621493
1045 0.00322721320143976 0.08973130760288389 0.1787117162662513
1046 -0.1323813528139455 0.06445828553887867 -0.1353525280611267
1047 -0.1312196379083148 -0.009720756269950601 -0.1506217564787736
1048 -0.1085481754555897 -0.01743213342886778 -0.167073080804122
1049 0.01979583936071837 0.1914742433061782 0.05427466162336826
1050 0.0297369125064481 0.1958631181896439 0.02744731257543162
1051 0.05579259673620732 -0.0967091017258325 0.1659353361789271
1052 -0.05112405068063047 0.1255612270722801 0.1470398235108695
1053 -0.0344338024794349 0.1104425822379356 0.1631464044207659
1054 -0.06075084986771453 0.1057982487168504 0.1584804871547216
1055 -0.08290784605671044 0.1086782776526855 0.1459976747372457
1056 -0.09398098220302588 -0.07895550118585823 0.1579037802481134
1057 -0.108824779821442 -0.05249805808856503 0.1593772919638941
1058 -0.1203331293202112 -0.06998477566689947 0.14360386193574
1059 -0.01582668718765858 0.1304026186076609 0.1508133715322648
1060 -0.0951553370267601 -0.03878955732544622 -0.1715833094383589
1061 -0.02653663705707505 -0.1981166891718245 0.006751619457266051
1062 0.04840649190682075 -0.08501640949080864 -0.1744391632018626
1063 0.1230381033309118 -0.1562729744773036 0.02098529429738575
1064 -0.08183656975078403 -0.08030816166960734 -0.1638699942657998
1065 -0.0621257882813589 -0.0950053056021686 -0.1646644416316356
1066 0.05835459434571579 0.1336834864965551 -0.1368337193708931
1067 -0.1237116866763474 -0.1394730805381256 -0.07240634215936328
1068 0.1518872143981876 -0.1187455838863164 -0.05319549238287772
1069 0.08501177628342499 -0.04353741819679863 -0.1757199223477349
1070 0.1023870866206139 -0.02382968287470596 -0.1701441468503511
1071 0.03915294458585325 0.1222349201690772 0.1533808046057799
1072 0.05342459704066139 0.0933456836595571 0.1686190848426502
1073 0.02358812797335423 0.1026694082325957 0.1700076258050834
1074 0.01206620628460856 0.1219629139052105 0.1580488984385765
1075 -0.00558087089314817 0.1114239902048049 0.1659926151577641
1076 0.03617534366081874 0.08241084619941112 -0.1786051425343589
1077 -0.1895977386464814 0.06344077041907184 -0.005288303014686412
1078 -0.08021961480635512 0.08260474381533325 0.1635275808526598
1079 -0.05317657017079975 0.08380586686707875 0.1736341817256253
1080 -0.1950985715154684 0.04389467963672642 0.003131212578671961
1081 -0.01976588240596035 0.1896289372751825 -0.06041668677276695
1082 0.0137147792299809 0.1396478992188186 0.1425144521599251
1083 -0.0477013320203498 -0.136695533143833 0.137981571747852
1084 -0.05266702020418625 -0.1133943443588631 0.1561022346099998
1085 -0.02183232902706951 -0.1227070157075088 0.1564171912080349
1086 -0.03734730146019003 -0.1003338122571933 -0.1689328422527129
1087 0.1251729051686226 -0.02236449242177775 0.1543747819119536
1088 -0.1339575476633322 -0.08648751149354439 0.1207281482491971
1089 -0.1194896790719089 -0.1072847137946281 0.1192149603921293
1090 -0.03300699358915887 -0.1826332906619185 -0.07453602830983441
1091 -0.112281180753601 0.09651060859007388 0.1344568290498878
1092 -0.1030235112804436 0.07902420857511559 0.1521227484057692
1093 0.02507673778850492 -0.1032292058980359 0.1694546791078591
1094 -0.06911835307718514 0.06348311272252607 0.17661412080283
1095 0.005274077041661033 0.1865491351147989 -0.07191386722516821
1096 -0.1300595669307 0.1281005337675352 0.08169921846793485
1097 -0.1271084783032068 0.1438416394068704 0.05615173653759115
1098 -0.1296900988480436 -0.04441206716845635 0.145629827132388
1099 0.1335048762184992 -0.1466713941977808 -0.0257672301569729
1100 0.1171660075371378 -0.1619835109970323 -0.005785226260197976
1101 0.144134638752328 -0.1386429137886675 -0.001829854618272461
1102 -0.130277227608898 0.1515797064450283 0.007171928651238291
1103 -0.1018433341327673 -0.06179315871507172 -0.1606534805995049
1104 -0.11815309196404 -0.03877852009559188 -0.1566399477736535
1105 -0.1941875239243183 -0.04762169244124215 -0.004835282946635841
1106 0.1222273255180045 -0.1015913649810194 -0.1214070651074684
1107 0.1356131584450515 -0.1115707385769633 -0.09571333005359431
1108 0.03640131401621577 -0.1168547837790905 -0.158176811972662
1109 0.1276251786290653 -0.07730773455658746 -0.133174051367477
1110 -0.124755396799209 0.03826929333609577 -0.1515636901009862
1111 -0.1358597301723049 0.01770231453079438 -0.145700932659202
1112 -0.05345527284771015 -0.171159785653847 -0.0885825128324208
1113 0.08008479351081933 0.1830712611594155 -0.008446252768565194
1114 0.05296163119417249 0.1927944642925098 0.005035887152886097
1115 0.08473018444804103 -0.09224247923065904 0.1559234455390926
1116 0.1842054999991919 0.07669228316525169 -0.01366116660276748
1117 0.08682090316244971 0.09351033102745611 0.1540063270297429
1118 0.06651765769482011 0.109609183538484 0.1534966712955746
1119 0.1167550591892844 0.03237581383226257 0.1591227916811585
1120 0.1028476983791272 0.06521078486300454 0.1586502583536094
1121 0.1081896885257583 0.08321834447478486 0.1461837830936641
1122 -0.1999855901773376 0.001654901518114351 0.001739259148980716
1123 -0.1032818710994338 0.126588033424773 -0.115361713301461
1124 -0.0789213429153849 0.03502905070456502 0.1804006298192145
1125 0.01163102686600313 0.104213005074546 -0.1703066903776096
1126 -0.07759754302676483 -0.1039982676818802 -0.1521938948689381
1127 -0.05628718066497337 -0.113640686255651 -0.1546529913067748
1128 -0.1224230702056199 -0.06360131163369694 -0.1448014676717858
1129 0.06216843195252875 0.1293058544725753 0.139338013720883
1130 -0.1078143451003862 -0.1313976540707178 -0.1054074166996175
1131 0.09669309601083001 0.1007249708319119 -0.1431954099639752
1132 0.06834879160217938 0.1116765769013724 -0.151184605228554
1133 0.1578760282410385 0.07474896202190269 0.09740509423784242
1134 0.006126721945744478 0.1993580734971686 0.01479262686939264
1135 -0.03338401628871946 -0.128197953288536 -0.1498358843170248
1136 0.1510276805539725 0.1199104390948008 -0.05302948521887896
1137 0.1781727699176411 0.02175688352870425 -0.08821055537175657
1138 0.04004880400810225 0.1088916074932252 -0.1629070628151585
1139 -0.144264299255111 0.03578416960989239 -0.1338181795039905
1140 0.1040424986382109 0.0241221274648861 -0.1690954802580059
1141 0.1274886856231504 0.118178347942174 0.0988964767610049
1142 0.1213382023994079 -0.1524107246421591 -0.04525496273926539
1143 0.1601468828207551 0.1164090388408046 -0.02831804369929851
1144 0.1794027843093701 0.02506284180699325 0.08477319707668966
1145 0.144442877500624 0.09924223962449548 0.09637029113608589
1146 0.1506064886404871 -0.1285077258496177 -0.02834519317877961
1147 0.1717315657622588 0.09692657927619507 -0.03336926056505401
1148 0.1731316901187819 0.09940064492727264 -0.01203867370835976
1149 -0.0877815726249207 -0.1373760972811719 -0.1158542334284327
1150 0.1446516635428016 -0.1363512802910662 0.02200510389176243
1151 0.1538826873218341 0.1207339776281567 0.0417543433512537
1152 0.1678937553653974 0.04772311841979875 0.09764318141884742
1153 0.1531253196016271 0.113412957155315 0.06074650316015101
1154 0.04212214448524154 0.1903865358817701 0.04448248980108803
1155 0.05656359924986736 0.1895820499202156 0.02931220885483193
1156 -0.1601519740918896 0.02894511705438519 -0.11624768984018
1157 0.01126409612540066 0.01806279672155351 0.1988639120430692
1158 0.1695874684360371 0.0689470068567172 0.0805381946343218
1159 0.05852898832604825 -0.1912413834967596 -0.001044396368542927
1160 0.1235470487370958 0.02013041964259782 -0.1559836304019322
1161 -0.01008984059857813 0.01074949848613612 0.1994558682992101
1162 -0.1005354686144485 -0.1234910356465899 0.1210065438949726
1163 -0.03722502431036238 -0.01540288720343236 0.02961500685279796
1164 -0.03712323275055337 0.009513838738333237 0.03211467674769952
1165 -0.02404185829938497 -0.002572222696743278 0.0437649713802106
1166 -0.01501664293374212 0.02113362236591356 0.04275360149385607
1167 0.01201037732898964 -0.02430237255265582 0.0420136349858854
1168 -0.00755712000119348 -0.01200344517954171 0.0479458782494314
1169 -0.03067222323260623 0.038945194818016 0.00651816865046851
1170 -0.008105156818202499 0.04929664832957942 -0.002036392993044316
1171 -0.008279232468128386 0.04262828129395214 0.02478475224129504
1172 0.01203137673441201 0.04768262606524593 0.009033999413138103
1173 -0.01554443173072581 -0.02235723408862748 -0.04193476750949167
1174 -0.03633681473644601 -0.01085467451798398 -0.03258545589550389
1175 -0.02776220108198659 -0.03349059573006266 -0.02465035879513422
1176 0.007003224997044961 0.02248954437534027 -0.04410414077419903
1177 -0.009739595435552802 0.00930742423048562 -0.0481509307796384
1178 -0.04217883912721552 0.02282360122537687 0.01414315230015744
1179 -0.03019178870913348 0.03109639732672374 0.02492929938529299
1180 0.004527734396423791 -0.0129281509705327 -0.04808703082660184
1181 -0.04932914709481601 0.001808304064788488 0.007960231360160006
1182 0.04498038388734658 -0.02127600185381387 -0.0049088502180696
1183 0.02958689654123383 -0.0389066634073594 -0.0105302941822518
1184 0.02939655649847047 -0.03944570679949875 0.008937487405317695
1185 0.03860594737224797 0.02700597755020205 -0.01674090810109186
1186 0.04542768389018799 0.01943470248467269 0.007656231168493566
1187 0.03269351046155418 0.0372605645385682 0.006541001755651941
1188 -0.01400468924673778 -0.04723833275973349 0.008509324131974095
1189 0.002918549863816871 -0.04327535738084091 0.02487419366035636
1190 0.007048432734180523 -0.0494731993861423 -0.001649890448102946
1191 -0.02530696076517908 -0.0366491968547471 0.02272430651816863
1192 -0.02367841414704605 -0.0004361196264335058 -0.04403569578367542
1193 -0.01020721594162377 -0.00706849282328849 -0.0484339669233089
1194 -0.00954688957063698 0.00591601950295759 0.04872224966857225
1195 -0.0144490892371555 -0.02689428864300406 0.03959698294824367
1196 0.01960025377751599 0.03803372106442412 0.02587017807921993
1197 -0.00558700028936982 -0.03867874293039546 -0.03118878441188379
1198 0.01209268149949809 -0.0252583404116391 -0.04142201460336588
1199 0.02731192135625276 0.01859716192867205 -0.03752605121816863
1200 0.01631079452003127 0.04635928899284016 -0.009207296356892592
1201 0.03212790280424196 -0.01787331812586338 0.03388720054198731
1202 0.007852045009557228 0.02975799865194877 0.03940567098018384
1203 0.02720521653825064 0.01878279851774048 0.03751110066298855
1204 0.007933406772538785 0.01460528052439903 0.04715662029646576
1205 0.01371960295237543 -0.0415400036430662 -0.02421157971226202
1206 -0.01081425229158739 -0.04714491362523945 -0.01266527009749926
1207 -0.0318464510578404 -0.03849185171192465 -0.002044726585091511
1208 0.02565067765267745 -0.03303253697184163 0.02740244947376694
1209 0.04354858451982406 -0.01789375024266584 0.01683254254629516
1210 -0.01808796378513225 0.02151220743176292 -0.04135275683096048
1211 0.01394367824356033 0.03775972946308565 -0.02966102944799193
1212 -0.007400390492443621 0.03551779202151097 -0.03440524190404774
1213 0.03355827106169951 -0.02128706985119695 -0.03034308983112569
1214 -0.04465436418447331 -0.01774791263168977 -0.01382025167999242
1215 -0.04289401144384486 -0.02412257736314953 0.008843361556228084
1216 -0.02948541321491669 0.03427566894103216 -0.0213492137136331
1217 -0.04619077069184981 0.008133978148789973 -0.0173277552605049
1218 -0.0350046108062348 0.01309719511717067 -0.03321356202467286
1219 -0.003707522496492476 0.04549765187815363 -0.02040142030625186
1220 -0.04401627173113958 0.02361021598389549 -0.002263962032430923
1221 0.03804358615849918 0.02333912015859082 0.02253821249397809
1222 0.0423996316069062 -0.02027971618578214 -6.596228291076029e-05
1223 0.03303960459945759 -0.02182764142416927 -0.02531676515215541
1224 0.02544083039026699 -0.03948853371936422 -0.001555587910824296
1225 0.01575991256010624 -0.03715801993988047 -0.02408125225658439
1226 -0.04334418338741383 0.01385888569853171 0.01175640479369743
1227 -0.03821090796870032 0.0181219059474698 -0.02050665835865446
1228 -0.02803717950876868 0.03760825654542428 -0.002921575740355404
1229 -0.01473296854866937 0.0383383765118404 0.02284969418132951
1230 0.01542324631101431 0.02853826424653483 0.03401015946779336
1231 -0.0006890726569643229 0.01948463082323634 0.04276534041201605
1232 0.02772057089000401 0.03794912098064443 -0.0006589129902158315
1233 0.01233942688170736 0.04002041403562092 -0.02133319021263518
1234 0.03222015729058524 0.02351499126975167 -0.02485772816959445
1235 -0.0007366139415036225 0.0469133986583353 -0.002755072816693992
1236 -0.04373567538453636 -0.01232624583147194 -0.01201059375553849
1237 -0.01820274060599807 -0.03263986112170638 0.02850087192326699
1238 -0.01550343290454696 -0.01557186038065834 0.0415470905414506
1239 0.009787269377520769 -0.02534386146967386 0.03835228864015582
1240 0.04251872525908861 0.01994805653464129 -0.001798066415040109
1241 0.03493852402126784 0.02342202612952456 0.02096922104426292
1242 0.01552923999938528 0.04076697787002901 0.01748988909015882
1243 -0.006276814337774457 -0.03480769880454788 -0.03095199033504929
1244 -0.01206307645973913 -0.01368307132521647 -0.04331576786154814
1245 -0.02791768766298861 -0.02320582710733892 -0.02985116922025179
1246 -0.03062737796563541 -0.002462985797412077 -0.03556539638344913
1247 -0.01749964398869933 0.01590693135711356 -0.04061689297655418
1248 -0.01306426496596518 0.03868471480499383 -0.02327698050339318
1249 0.009355143039560261 0.02284309219493664 -0.03999593026400301
1250 0.03044051777856617 -0.02681065329309111 0.02373949762253742
1251 0.002297022636638856 -0.0437668619644952 0.01697602664900098
1252 -0.03555693767241751 -0.01222336496195138 0.02820094913946614
1253 0.0131736043685442 -0.02322877040159293 -0.0386766127468675
1254 -0.02647424269040781 -0.03593819757277208 -0.01471599229375263
1255 -0.02583071800468053 0.01029202455138544 0.03789258816703278
1256 -0.03068010822068215 -0.03439182840063926 0.009215915517636595
1257 -0.003085114899430003 -0.0463295659793774 -0.007283775272468996
1258 -0.04439362749305605 -0.01138582343496269 0.01041963831980905
1259 0.008644170614601897 -0.01045557971738332 -0.04499954629948057
1260 -0.01227187962821344 0.004000312026528384 0.04519290291717332
1261 2.168404344971009e-19 -8.673617379884035e-19 0
1262 -0.02076506497996291 0.002720006950741192 -0.1230671021897819
1263 -0.009000044298898328 0.01225074438025346 0.1239663710787348
1264 0.09167936519661105 0.07598573039626935 0.0354649060398169
1265 -0.09269405399624257 0.061898594994752 0.05553918731402292
1266 0.08696253524289697 -0.01112333273849161 0.08696253524289638
1267 0.07954982065863542 -0.09051527648470734 -0.03390525058715953
1268 -0.09080830932521156 -0.0562296268728574 -0.06227563801043167
1269 -0.01739540746592877 0.08138799083225878 0.09083537184388911
1270 -0.02026637806805932 -0.122547100938791 -0.003594252849195473
1271 0.01582643374679521 -0.09220560170541842 -0.08160559525505749
1272 0.008896665879186407 0.1238590138433384 0.00280629329548187
1273 -0.1197066816429954 -0.02959566403879011 0.004117092757173722
1274 -0.09787393552839302 0.05372692619245839 -0.05213302113089192
1275 -0.03693953091533358 0.07428069501963699 -0.09291820459815839
1276 0.05603865825866753 -0.07952112756820987 0.0785888255714956
1277 -0.05972750016948052 -0.04076159178408958 0.1003971134966935
1278 0.1152157060632052 -0.04360451593108245 0.01437107653210274
1279 0.05008892836340892 0.02787183784450574 -0.1098034114407762
1280 -0.01590415342108746 -0.1018648941403398 0.06930571624455573
1281 -0.07942420501452391 -0.08843163505775796 0.02754822106771459
1282 0.04923588741668163 0.05096127310829604 0.1002235172766457
1283 0.07283871313231505 -0.04201939937315673 -0.09165355046801507
1284 0.03387744350235385 0.09317225317560945 -0.07633954653014055
1285 -0.06473099608599861 0.1059715877666094 -0.007252939887078134
1286 0.120020957567248 0.02661471904234241 -0.01568840456621914
1287 -0.1285548588543397 0.03676083928444722 0.004901387166804362
1288 -0.1105503834206059 -0.00446595067199594 0.06879739212041905
1289 -0.03993833959763878 -0.06185595807065393 -0.1084487520160813
1290 0.03855793966588788 0.1095158102550634 0.06293160344042317
1291 -0.07422473961700171 0.002642901162451252 -0.08540845419690193
1292 0.04416780195067294 -0.1210018951088632 0.02354928176852053
1293 -0.06970698665469209 0.03405979273390557 0.1106331012174042
1294 0.07163546440220707 0.1093099510445029 -0.02121471233428551
1295 0.005336514636292157 -0.05520135245970542 0.118832133758538
1296 0.09471108228593231 0.06408853424753042 -0.06663780570654876
1297 -0.04927396125836682 -0.1081292196987823 -0.06164383338110483
1298 -0.1274916932447269 -0.001928010723649141 -0.05199526867426796
1299 0.1260080100241288 0.0229058769487208 0.0484617696758113
1300 0.01938451961550297 -0.04665292065575116 -0.1259964679849861
1301 -0.01897304379330283 0.1233255423103239 -0.05524763301242241
1302 0.0460334645291104 -0.01208935184722667 0.1317455847237923
1303 0.1199980654828128 -0.04384116320165238 -0.04903691784129603
1304 0.00314703100323586 0.05547166819574969 -0.1311081613104533
1305 0.03017641960570829 -0.1219447278530358 -0.03327755548712343
1306 0.09881578574155882 -0.09963667657649566 0.02082951423876929
1307 -0.01670039601548598 0.1286816906881172 0.05567420990298497
1308 -0.1149519187015614 -0.08275011248648326 -0.01731779579436848
1309 -0.07155321199669221 0.1144846815512026 0.04877372982551396
1310 -0.1159187259400501 0.08713379679799207 -0.0126095378208712
1311 0.1093868672274279 -0.06074427474172051 0.06883245445565409
1312 0.1193492593728529 0.08212985787878233 -0.01238800514231561
1313 -0.1056076062009643 -0.06214571033746582 0.0721110498995519
1314 0.08927477787801497 0.005702627155575585 -0.06133826278289285
1315 -0.07451210477461828 -0.1237699246287789 -0.01485406870924885
1316 -0.009764273964134741 -0.02989392489887204 -0.09019554014463768
1317 -0.03654734642928283 0.01201184442606659 0.08629598218480838
1318 0.04531845361833817 0.08600192861385605 0.01606842967643758
1319 -0.07486545377727863 0.1045711543914095 -0.06322519840930953
1320 0.07522244356269953 0.03180724599891251 0.05873043608513988
1321 0.03177796024497847 0.1374678427522736 -0.04402235312098457
1322 -0.05465784896652499 -0.006514876873615866 0.1384499609263746
1323 -0.08188032893080688 0.05552375894407331 0.006789335398375311
1324 0.02682732187328281 0.007220670183669679 0.09140313237044782
1325 -0.06301411103445255 0.03844785600641591 -0.1261953921042015
1326 -0.0590770473740871 -0.07297726553408529 -0.02681913115591021
1327 0.008640728125580376 0.06189659054099526 0.1333299392614696
1328 0.06942525686874361 -0.09562091504543443 -0.08664330504656778
1329 -0.08790069643273384 -0.04044586358923892 -0.1124472040777118
1330 -0.08367899357951382 0.01889458196082607 0.03717130165823121
1331 0.06710549030172092 -0.04792047243047215 0.04499472009276261
1332 0.09992113430367436 0.06857060876645157 0.08661233881161227
1333 0.07576932428506759 -0.05143828347302637 0.1169682863385003
1334 -0.009055536209875025 0.03500269724468132 -0.08907001932677122
1335 -0.04954200425526429 0.07322531159231518 0.03763896509317051
1336 0.09812132483804747 0.008565640289016418 -0.112325961254101
1337 -0.06555264519911763 -0.09426153849316184 0.09085617651789349
1338 -0.06999006420774725 0.08554876882526589 0.09739256039792582
1339 -0.1461977381489991 0.0002900595088571939 0.03412593740645
1340 -0.05029580209551621 -0.1322909773596868 0.04048140436469896
1341 0.07604365854561818 0.1252885696930175 0.03060690008827537
1342 -0.009332529668601531 -0.08932213720573814 -0.0388686752985922
1343 -0.01369307209206037 -0.02622546336684741 0.1506845906234962
1344 -0.03678813165367865 0.145961323774139 0.007500587449221953
1345 0.05920813912524153 -0.01565496351917206 -0.1354707909623728
1346 -0.1170455041690887 0.02812549011234699 -0.09070880891317895
1347 0.1247177046330863 -0.08075050415354325 -0.01665841600042182
1348 0.02713204534691062 0.09168861017749705 -0.0284290920959854
1349 -0.08339342753792409 -0.03013389032140211 0.03705557970834136
1350 0.01962844027390102 -0.1026362516301086 0.1060945130660461
1351 0.09038542484072125 -0.00692552506830663 0.03393859415331672
1352 0.0001721814264395889 0.1014649533669271 -0.1121175155681278
1353 0.04726958560864237 0.07623819020415519 -0.1211785249028077
1354 -0.09734651494327901 0.01697993608450637 -0.02466624404764012
1355 0.02106991830256699 0.01270624234497024 -0.1457556212051847
1356 -0.05489888624264565 0.04057136040945947 -0.06564730509621555
1357 0.04548953135309495 -0.0622642078642862 -0.05584935953426907
1358 0.0772286997540883 0.05658775575447468 -0.007702148776052612
1359 0.04667950462329604 -0.03431677338666003 0.08454495904361255
1360 -0.1373009446811576 0.04423376988095455 0.05164185401048881
1361 -0.1400278485240766 -0.04609847765438315 -0.03661804693593553
1362 -0.02974159625203869 0.07566705804448096 -0.04608133869702259
1363 -0.1119013176224714 0.03712426564166182 0.0904106029212866
1364 -0.0001107907488868166 -0.1399184579213302 0.03964237570888303
1365 -0.03176858006528958 -0.08756986090331148 0.02668508461461612
1366 -0.03593684784270906 0.0473802887850124 0.1413680401534147
1367 -0.05198932062244571 -0.03594812932660717 -0.0634516785648957
1368 0.03501673874963383 -0.01253256221320533 -0.08859921812463327
1369 -0.1528201451090662 0.0003948445271100352 -0.01243588736523327
1370 -0.007466475946528458 -0.0217487025830977 0.09176875525785708
1371 0.009646262991600613 -0.06151538061084458 0.07175338324786933
1372 0.1486919784532128 -0.005089185714931568 0.01226448752947287
1373 0.1391475807908146 0.01012453047395465 -0.05898541986929571
1374 -0.09889706651235437 -0.005216845720661976 0.1167059622656506
1375 0.07876267978782461 0.1097014291320735 -0.0690669649717498
1376 0.07321484106447844 -0.05843223157116421 -0.0002957774962290757
1377 0.09132511521640885 -0.01736460003127696 -0.01870880133161952
1378 0.001053304915560551 0.0888380809284865 0.03505401466614475
1379 -0.08567740500690964 0.07033814607970046 -0.09663039691906306
1380 -0.1244278669913374 -0.07097684250888525 0.02853601126419332
1381 -0.02469513476333537 -0.1082542368742108 -0.1040722976605501
1382 -0.006504468638018752 -0.1337994759972391 -0.06512548897051368
1383 -0.09662179793559345 -0.1033841513540808 -0.05642995448530252
1384 0.04940854796779125 0.04899687638211185 -0.06698440036007788
1385 -0.1404474652915404 0.05562689842941065 -0.0351768473742592
1386 0.04228677503374267 0.0640062463686133 0.05648588603751528
1387 0.03322845743777786 -0.07781388772821148 0.03558688181794453
1388 0.04472696177086395 0.03345292685915327 0.143725965856652
1389 0.1365317965283037 0.06381533099380135 0.02751655608625718
1390 -0.02531702950551788 0.002118359202273503 -0.08073637571725889
1391 -0.002031798538426012 0.04021464750210669 0.08245951831730791
1392 -0.03666565410000415 -0.06000199702627247 0.06434200961911321
1393 0.02304673164037489 0.103318552845783 0.1098093735896397
1394 -0.05533590548901825 0.04837840789346017 0.07249626307456859
1395 -0.1129595584683276 0.0981448506515106 0.03316336891153482
1396 0.1333989219071801 -0.02343772711820004 0.052903614648388
1397 -0.07465137028130325 -0.08623790236338416 -0.09227022410435114
1398 0.07661330962507591 -0.1187014920155464 0.05924875822621851
1399 0.1171940136321521 0.0248991509812367 0.09537266665692731
1400 0.0828684876218406 0.01513577905958103 0.1248925786519014
1401 0.07848227269139647 -0.1321638054348333 -0.008951998923493805
1402 0.03469094738857988 0.1457966304185608 0.03440447110352231
1403 0.03659662983714699 -0.08381517445400358 -0.009356726826314068
1404 -0.05149669209774324 -0.02913764422154995 -0.1415905026296589
1405 -0.1283119758463798 -0.03779728232963295 -0.0794594965645171
1406 -0.0381966535907048 -0.07571746943745211 0.1267167761029797
1407 0.08234756886195767 0.1090510387757156 0.07540007194184195
1408 -0.04109915885222822 -0.1459298093785494 -0.03705452878635561
1409 -0.08666896321316497 -0.02845214651891813 -0.02678929398888795
1410 -0.1395513071998169 -0.03670652336416148 0.05820476110567772
1411 0.08835705263781597 0.05510202108527083 -0.112369477421452
1412 0.01474030386235525 -0.1532325243725582 -0.00243594751940225
1413 -0.005528397431887962 0.1546667388808187 -0.0262708882081257
1414 0.01593486598248276 0.003737102880670379 0.1575614521618222
1415 0.1187657628007704 -0.03031694115605488 -0.09453553428691304
1416 0.1119347344727027 -0.08569769816468234 -0.06608817068472747
1417 0.02926557125661315 -0.1113777553294014 0.06394109326079139
1418 -0.003879703615441203 -0.02273758329979375 -0.155248862809201
1419 -0.02230494918209366 -0.064785135057376 -0.07041905348186253
1420 -0.05485290541833183 0.1414052298099769 -0.03397058623308503
1421 0.1334691404918778 -0.07744228747097745 0.03426556814702215
1422 0.04103853399899254 -0.1297242429855826 -0.07673464070956373
1423 0.05823043382341975 -0.0712613519205649 -0.1240550246480993
1424 0.007218010202366845 0.06347855184079165 -0.06247120059452489
1425 -0.0690512823798351 -0.005606674194038092 0.0673584781200791
1426 -0.02219583631508219 0.09196822990160189 -0.003295375942471619
1427 0.05342753506631374 0.1472587388145511 -0.006156491792343202
1428 -0.08936736843994744 0.001898409729858408 -0.1278739738636097
1429 -0.09855855508660924 -0.1047835305704332 0.06367710689248755
1430 0.135905197941725 0.05653496571324358 -0.04711490531037249
1431 -0.09935474610079116 0.1201352969353169 -0.03276583535099135
1432 0.0136010173901362 0.1311713541717917 -0.08315661627048979
1433 0.01032120081604691 -0.09072737161014104 -0.1262404217270331
1434 0.1214023055948414 0.09962496556481867 0.04324429702501088
1435 0.07629597274867621 -0.1290728103189133 -0.05235749872622526
1436 -0.04373375577710598 0.1184496451317173 -0.09213667213285605
1437 0.06000399226977485 -0.008105732034719142 0.05913789391981335
1438 -0.06366250252080552 0.05895338608918518 -0.02991940169056531
1439 -0.01629678095693783 -0.06230365705711361 -0.1442476484972313
1440 0.1490249570229992 -0.04073194808416888 -0.01497446847265541
1441 0.1226601976345449 0.03802823277127913 -0.08959031718679276
1442 0.1137193500741313 -0.03854590749623719 0.1042731862071364
1443 -0.01510232466571535 0.01264213643270995 0.165135122769504
1444 -0.03685101711474974 0.07163951446415734 -0.1362899771224314
1445 -0.1014102655897621 0.09866052756510765 0.07326105738664931
1446 -0.0005161180762306792 0.1595958455778683 0.01962180399814312
1447 -0.07683756037065805 0.1385534752889207 0.01539761750402594
1448 -0.01849885808443676 0.02455847627746784 -0.1579493474816167
1449 0.09611687071752636 0.03664448027105214 0.02329745045770953
1450 0.04205484042835507 -0.07497105025208212 0.130942818914816
1451 0.08326805588767716 -0.09179297047511698 0.1047015269966313
1452 -0.1284923625878915 0.07101910013809883 -0.06891602834030516
1453 0.0246940293389263 -0.04071286737848456 0.1520070293898518
1454 -0.08930716186434547 -0.05731785709164847 0.002454923524960274
1455 0.005218787692085836 -0.09597089310289825 0.01291358021223388
1456 0.02397846195031692 0.054821870501524 -0.09760431029320896
1457 0.0128996621434634 0.1341771601456376 0.0841166193643801
1458 0.0804362080552635 -0.05044015730745065 -0.03927847951295607
1459 -0.1139255885980229 -0.1099208948385323 0.015288045571715
1460 -0.1160393122896194 -0.0796995887540736 -0.08068856057559151
1461 0.0646882896314049 0.09038976630056587 0.1106387946690443
1462 -0.03226930322702028 -0.1587773423805751 0.007559187238892034
1463 -0.1042930251614646 -0.04701244516850763 0.1117338531118618
1464 -0.1557879893530559 -0.04495057269954268 0.0001010723897499771
1465 -0.04363431972375542 -0.02095600923489654 -0.104448434618968
1466 0.1057142631225327 0.1195404583636206 0.001293630831878435
1467 -0.03932198983343367 0.08719293482542013 0.1268079839189639
1468 -0.03264044352026271 -0.1378548877268257 0.0762767986067734
1469 0.06047508204201898 0.08179714050836191 -0.04756054372561962
1470 0.02388207541292411 -0.05047986852257705 -0.08685375623903116
1471 -0.04104405467480594 0.1196305897289893 0.09241255849722356
1472 0.0792267994804496 0.09283420352219054 -0.1048324184816504
1473 0.03774379907864088 0.1133384139359806 -0.1100341064359292
1474 -0.03439669037055532 0.04539361700486032 0.1037302540056293
1475 0.1333802270839703 0.05773891342210466 0.06713268936372165
1476 0.06345059271233303 0.04668907508883177 -0.1419677459778479
1477 -0.142323631377094 0.07407732261601327 0.01654486066056582
1478 0.1075084636497775 -0.1188853243707215 -0.03210728830691915
1479 0.01056729944784188 -0.01902563101401795 0.1238386280925298
1480 -0.1126745158206672 0.004956738153769874 0.01749306970642735
1481 -0.06851121545773099 -0.003816720695696257 -0.04957018922977673
1482 0.02490305444073762 0.02239511021872126 -0.07811695044754413
1483 0.006559955764506077 -0.1360524441353937 0.08695171466013517
1484 0.03690203584766177 -0.1483599218200439 0.05147872587450573
1485 0.06076439836962386 0.0529820553428795 0.02578528297109453
1486 -0.0956701010333653 -0.0188510944349041 -0.06305874309400555
1487 -0.03807830758045411 0.1098933418921091 0.02819430319916408
1488 0.05430938873578743 -0.1155210339916927 0.09361053720569344
1489 0.06060712797816531 -0.02187481680704476 -0.05955835196966087
1490 0.02048178377431031 0.03193197119961694 0.116983805627253
1491 -0.02188063732296918 -0.111661685203446 0.1104348415788647
1492 0.08356273665050737 0.05590564144022948 0.1218791221780755
1493 -0.1630363554506877 0.03118526185204579 0.01264416969507342
1494 0.07042055626771968 0.1393567123163224 -0.04560835040424813
1495 0.0782338402465748 0.02026323565154614 -0.02532334781510197
1496 -0.1452165630074903 0.01187876667510741 0.07069409912284563
1497 0.01006915789783911 -0.1260784271029995 -0.1005335175098359
1498 0.1085883805791076 0.1111256392139067 -0.04015451189560606
1499 -0.05606297084860743 -0.05811164162936729 0.03119779024580677
1500 -0.03735273718569428 -0.02383386406960494 0.07056143071574313
1501 0.0934062805804959 -0.0347847815176457 -0.125658987829157
1502 -0.01761974717086087 0.06279567160109602 0.05586677329718853
1503 0.1512332944643466 0.0525589674695064 -0.009182272205281904
1504 0.1107465198585933 -0.09883794527972645 0.05847594022034154
1505 0.05542842809804645 0.1416390007854927 0.06390237189046287
1506 0.0938034162767718 -0.02103033919408635 0.1321421103310765
1507 -0.1466862040609075 0.02843925828925015 -0.06603179773999343
1508 -0.02718305618343753 -0.01708945396231043 0.1199960547679608
1509 -0.07506176806523565 -0.1349190619968204 -0.05169314386491953
1510 0.06290719990368775 0.01731517919339072 0.09101238411126976
1511 -0.04346950411807413 0.028338732307677 -0.09760528351477703
1512 0.07000355611714101 -0.08571040229965229 0.04144487902833171
1513 -0.04880385400027942 -0.04436969084914734 0.148438410467771
1514 -0.04238578834275858 -0.08605864696767825 -0.1354710470623705
1515 -0.1096782618744748 0.1205100705113923 0.003264589719261998
1516 0.009521254035467708 -0.06242681838990932 -0.05368738670452818
1517 -0.0491135681678235 -0.09965543521427314 -0.003469427468451253
1518 -0.1071135037106329 0.05325301644697907 -0.01795143449257139
1519 0.09929532545758271 -0.07192941579149217 -0.1032249122014763
1520 -0.06489251331071857 -0.003216378568559523 0.1035556306930551
1521 0.1590134671978002 -0.00347549508198871 -0.02666206351698536
1522 -0.1205550667082088 -0.008681221526659968 -0.1054914630082336
1523 0.1533298386897701 -0.04233547841768802 0.02411758549404791
1524 -0.06161909020413333 0.09373619138627537 -0.1161506721490489
1525 -0.05711596962690572 -0.06870608995576538 -0.06243898236322809
1526 -0.07904295449192186 0.08891615545065118 0.02210727388499057
1527 -0.09869439002779119 0.01843352580322438 -0.06084952113596383
1528 0.01136940517960907 0.01432928857688549 -0.1108164907042491
1529 -0.09606615129667892 0.06263976124936657 0.1155997901006933
1530 -0.1252047564523449 0.0696321157344461 0.07673118507426926
1531 -0.05141677285844049 0.1469304509709061 0.04319862127145696
1532 -0.1061233292182339 0.08806976537546056 -0.04692790719335838
1533 -0.06000481527829678 0.04193428629274255 0.03452270240468352
1534 -0.1053693759918685 0.04418470699560582 0.02905283119694523
1535 -0.08343483333779657 0.026596108569555 0.07188468823379202
1536 0.05114866867702143 0.1325872731909806 -0.08056667290502303
1537 -0.06637023781338877 0.02738675549868797 0.1466654771986607
1538 -0.1371478329188896 -0.01822876823360491 0.08944530817360632
1539 -0.1099004638076214 -0.1187641090010902 -0.02524502227948798
1540 0.05011890958289408 -0.0992047911290958 -0.05500192767142557
1541 -0.07738619974494242 -0.07381332687015384 0.1224683991767164
1542 -0.009459723930274871 0.09397844981593315 -0.07662318080828251
1543 -0.05475215698008508 0.009191018829004255 -0.1519331574551432
1544 0.06961262099456543 -0.09423812816663055 0.0004902208000726778
1545 -0.05881212398649124 -0.1194308687983956 -0.09546967252095548
1546 -0.0252147922842084 -0.05317204230450037 0.0985583343573305
1547 0.05196839547521477 0.1219969684232858 0.09543369918527587
1548 0.108052419448321 0.0935448950506261 -0.08293043619224552
1549 0.01996474956983502 0.07236666745558522 0.0868922119804685
1550 -0.004464449215988989 -0.06766129221118028 -0.1021284956788859
1551 0.07757073007905912 0.03222421464771009 -0.08488800903392008
1552 -0.1303508560730368 0.02291323010175923 -0.02732818382837383
1553 0.04250676645231015 -0.1077514191501523 -0.1121742829654782
1554 -0.05502973869953842 -0.09099957520299427 0.05540873923261354
1555 -0.1353491778322362 -0.08122547267596048 -0.04866253626809795
1556 0.06205469439975454 0.09046646107114152 0.04606104659979897
1557 0.03941628475489659 0.0308670911068589 0.06837694363358869
1558 -0.04919167119459737 0.06919144042343538 0.002133536247918963
1559 -0.04145515805967214 0.01668408956748156 0.1187635348217161
1560 0.07966890620668991 -0.04418336732833204 0.07758701774446268
1561 0.01296622995124503 0.08233434337612397 0.002493690328035779
1562 0.02698952740266615 0.1120763598854467 0.03015962350199896
1563 0.05402752959138233 -0.1520161634595575 -0.0310018296659206
1564 -0.08488195922332228 -0.1363209861487962 0.02137400133998211
1565 -0.1004207026918866 0.04470563451206734 -0.1209515805798552
1566 -0.08286166890367333 -0.01208085073646435 0.00547522349529894
1567 0.08799781228356357 0.08888741388429777 0.002672004206288853
1568 -0.01974608423515153 -0.08057053951047644 -0.006456171315722656
1569 0.04110135436307763 0.1133200944622267 -0.005045398289074396
1570 0.1205170006872795 -0.005024945644114306 0.1146180815941728
1571 0.05169636255259429 -0.1545645693265535 0.007008645857301425
1572 -0.01734407504529486 -0.03320435648181713 -0.1244318012947226
1573 -0.07170729999254409 -0.04887637112505939 0.06652809768530968
1574 0.1573539100978311 0.03058217044328595 0.02613651601471104
1575 0.02941504079084313 0.04693068987015201 -0.1547486189438264
1576 -0.001650470034664165 -0.07644657454109116 0.0416721183012603
1577 -0.005313722207878898 -0.06193709914638607 0.1533870132131216
1578 0.05465727523444165 0.01435902020141185 -0.06009001640259506
1579 0.07103049538246879 -0.005200822835707816 -0.09145763441123921
1580 0.1462127845513156 -0.02554149543031036 -0.06908344660902425
1581 -0.02472735347859953 0.1245385521909992 -0.01933304310444956
1582 0.1112199410387134 -0.07247631395155345 0.1008939269323912
1583 0.05585644641374696 0.01409150039555563 -0.155972502784614
1584 0.005261050121354119 0.03166408637362571 0.1454311140875463
1585 -0.1004905305074464 -0.08865103042440239 0.09544503328073348
1586 -0.006179881381501029 0.007284726007658323 0.07990232812520889
1587 -0.08237845311612536 -0.09003410900899819 -0.00732338628120275
1588 -0.03281618343029993 0.09537389000801362 0.0610705363444259
1589 -0.07107864657623429 -0.06956687585175084 -0.1231826242612614
1590 0.1371100712940876 0.09472655958034515 0.01360011580881121
1591 0.04555703733911127 0.0714434865594642 0.1380476989903934
1592 0.06123445387983066 -0.040724758838111 0.1488882985743376
1593 0.09960225596666722 -0.06741013727874043 0.03530434002022002
1594 0.03273960799774411 -0.03087115453848559 -0.1573684129252568
1595 0.1137837313100924 -0.008878937348300232 0.007376524288056119
1596 0.03235002043509284 -0.06304579918365925 0.09819706303464903
1597 -0.05766305462593069 -0.04128191165051735 -0.03768371384959406
1598 0.08971336119727079 -0.1351369452678213 0.0283081956752909
1599 -0.04082363421291536 -0.141193417868659 -0.07312518154339878
1600 -0.08299491931983302 0.03672265118784528 -0.086512710899395
1601 -0.005844736072502186 -0.1424266305805144 -0.03006679598835627
1602 -0.02587464428209271 0.03694851149830215 -0.1263207331602166
1603 -0.02219929029902649 0.04741224504079861 -0.0614291111112297
1604 -0.1652555718601004 -0.01759678384872109 0.01304426937978491
1605 -0.08973321114296615 -0.0264383323148431 0.08699500009344062
1606 -0.08251268904752061 -0.03137432803383215 0.1377238121577133
1607 -0.07624296445578306 0.02296262644727545 0.005191350627079226
1608 0.07604142052103813 0.0651291657981702 0.06318608066155312
1609 -0.01706269001246219 -0.09918463555887758 -0.07134386489617517
1610 0.09047093981448701 0.08232222434133123 -0.03091297339950245
1611 0.0232325227006742 0.1646697067132805 -0.005392632830872532
1612 -0.1608103967212516 0.004395766127751475 -0.04574302239737477
1613 -0.01299751339013169 0.1096139842517684 0.1140983775520021
1614 -0.069859241700991 0.07089802456209361 -0.06125244530208009
1615 -0.06843043132303762 0.08415473231627185 0.06356747210691926
1616 0.03550824964503912 -0.04745625912331448 0.05590569479311836
1617 0.06944497889414303 0.01875946381720372 0.02953529637183513
1618 0.07577158784850539 -0.02622688602416424 0.01013785540371582
1619 0.1139746593521731 0.09735751440928572 0.07606412437323518
1620 0.1240401953181883 -0.01111566502060198 -0.03350968817054586
1621 -0.002363429677623604 0.1538020631393244 -0.06136083138629457
1622 -0.02970679698900207 -0.06341717338912638 -0.03832838247872089
1623 0.01967453038762012 -0.01932308313707773 0.07351348128794673
1624 0.00367048214889832 0.1021311256359575 0.06975866302302824
1625 -0.03436314937842667 -0.1105362030242826 -0.03162976163034939
1626 -0.04814941796144861 0.1057868638994277 -0.03917174646849599
1627 0.1066765576840805 0.03493587984901253 -0.04848149473351384
1628 -0.1160249855074373 -0.020806916286416 0.03946139791233291
1629 0.04537034492519796 0.06185991522391555 -0.02239901811781142
1630 0.01309164847789414 0.1100861084394926 -0.05428919675894149
1631 -0.1145536226770665 0.01870964428601996 0.04665819667909059
1632 -0.06968313288099914 -0.1281183253637095 0.07331213345911433
1633 -0.1075314546389499 -0.05404138957386403 -0.03318160753328957
1634 -0.102010515075715 0.0290104965855414 0.1229066262814552
1635 0.1433516251762639 0.004416983285033891 0.07683185090043482
1636 0.09910713124183035 0.008470261186553635 0.06250908518374514
1637 0.006746484053213231 0.1558172810650869 0.05455497168701556
1638 0.1041177582753646 0.05022760793344429 0.05279112343168195
1639 -0.01822232086535244 0.1406752745190543 -0.08997193893645053
1640 -0.1136802969974864 -0.009348026822809314 -0.02419864603428723
1641 -0.06724150083816006 0.05917690044243676 0.133844959555225
1642 -0.1452314203644725 -0.08098233426232512 0.001388350643438457
1643 -0.1454936196083485 -0.002619894574430112 -0.08186623330192289
1644 -0.1002339865867496 0.1292185537943148 0.03815498904015192
1645 0.01829578738888268 0.08693915531083463 -0.1395222784960174
1646 -0.006778330435037637 0.06512513101790604 -0.1015153938561955
1647 -0.001123198290209048 -0.09406155438668651 0.1355068484341097
1648 0.09858251969651691 -0.03631270784631727 0.04827375210031767
1649 0.02771218860058112 -0.01362636715370429 -0.1220790161216663
1650 -0.1061365561796406 0.09584430996367983 -0.08192650634213382
1651 -0.05054004445224618 -0.131131367221224 0.006821127851534268
1652 0.07398802984436328 0.05019513383786857 -0.04245307122832472
1653 -0.08380087504801731 0.08023523484741177 -0.01489020332712976
1654 0.00564707295153149 -0.00400251343971595 -0.08079504209867863
1655 0.08210315374928122 -0.0677019786068878 -0.06971112192220905
1656 -0.05130603646468627 0.01966463154839539 0.05894872404357814
1657 -0.1282831074367243 -0.08680802721173478 0.06289881678215023
1658 0.06270196151288651 0.07659493097331541 -0.08060320140654785
1659 0.05755053482414808 0.08762314916546671 0.07855111503153556
1660 0.1580227715296338 0.03073492533260392 -0.03648499041617882
1661 -0.06657788484546723 -0.05432246343487937 -0.09055150372520968
1662 0.09419678103455864 -0.02854355900108797 -0.06727181400082712
1663 0.06525877836952927 -0.02232453998712189 0.1079902812865019
1664 -0.04564609478094076 0.1441506231038709 -0.06796967909326738
1665 0.1066947917789141 -0.04750340472850635 -0.01814182331080476
1666 -0.1628610626440845 0.0317852381935804 -0.02154226373941741
1667 -0.08387018608678036 0.05577805844580853 0.08623966946229292
1668 0.06512225663988375 0.00702568380876921 0.1537870449199146
1669 -0.1077097313854219 0.07262260201335104 0.01465705570790589
1670 0.02345290706641585 -0.1532427820800402 -0.05313761264100123
1671 0.03463396865017113 -0.04046785041723207 0.1212354970271123
1672 -0.003951749741154521 -0.07974863135922231 0.09711399814446987
1673 0.1384206731935416 -0.0447859765654568 0.08022485641028379
1674 0.1467983645240675 -0.06573916477725142 -0.0403353921559115
1675 0.05120584321798238 -0.05890362213797595 -0.02410659169298689
1676 0.08570140621774304 0.1415102953707598 -0.0152808284814954
1677 -0.07578164185847069 0.03302863567027158 -0.04322131626143096
1678 -0.0421396020408748 -0.08500067972404855 -0.08599503768400006
1679 0.02349523489387554 -0.08834128047587958 -0.03913190627938101
1680 0.08613227898688712 0.003643832417646321 -0.143976109028958
1681 0.150830284882457 -0.07121382810840703 0.004555950873400293
1682 -0.1506292369961069 -0.02396087659908137 -0.05790892935427244
1683 -0.002870788760777007 0.07802167088513216 -0.02618683762278327
1684 0.106057449325496 0.06371706965464323 0.009882818210322004
1685 0.04949992673773094 0.111921011991635 -0.05443894874887446
1686 -0.04606404332428085 0.04468434486353673 -0.1552784637273162
1687 0.1343421814381971 0.003297687884826564 -0.0950848971509118
1688 -0.05974716640082714 0.005624521540583549 -0.114562347423129
1689 -0.06266810214610327 -0.04315595722619457 -0.006632004869077574
1690 0.1328398328101243 -0.05937706340050862 -0.07877869108964775
1691 -0.155570272774082 -0.05457927352101803 0.03346166694722579
1692 -0.06252349918402231 -0.1546754944867759 -0.01326556293708412
1693 0.005559873849830015 -0.1082742828244684 -0.01712450641417422
1694 0.0841554221568284 0.004647263671126456 0.004165682387746214
1695 0.1290477032051855 0.08884277281439729 -0.05625681241093849
1696 -0.07017164001993326 -0.1013515262155374 -0.03783460705991661
1697 0.04268605095902915 -0.07709130050884226 -0.09488833042543708
1698 -0.1168402688747031 -0.05644697402863734 -0.1052617165793675
1699 -0.0443404722745166 0.01147839830137276 -0.06075970788666488
1700 -0.1644703430346341 -0.02346210158429074 0.04405394647427793
1701 -0.1388921759898608 0.08786595727247572 -0.04241663791562701
1702 -0.08569003750611773 1.046421286180453e-05 0.1460618299516283
1703 -0.07738990315627783 0.1153852737510223 -0.09530038656433394
1704 0.1043306701588597 -0.1174966056170596 -0.06465008311416974
1705 0.01249707921636989 0.05979273957378724 0.04740473179015378
1706 -0.1336023874883273 -0.0517460660285981 0.08781969906707529
1707 -0.07371506939840412 0.1162858434136193 0.08286048441880657
1708 0.06854908004791282 -0.04693680351970067 -0.145865575213012
1709 0.1312343236605805 -0.1014108717934595 0.009885289611349341
1710 -0.008031209521591932 0.04186199139112441 0.1180525190576212
1711 -0.1198271166618682 0.06772458952039076 0.04242802000163941
1712 -0.0945981442794302 -0.06151470672479441 0.04048145149064575
1713 0.04496521630899764 -0.0369696491624335 -0.1075259934559479
1714 0.08808179396540691 0.03807469406413857 0.08819269178038619
1715 -0.09942934404518275 -0.1059172969567058 -0.08811850432199853
1716 -0.08445510550689307 -0.02728125717245953 -0.1425374163395331
1717 -0.03663128625413177 -0.008876686286653546 0.1648623987369646
1718 0.1595504913194592 0.0009421691046906152 0.0454789262492461
1719 0.006180886831946572 0.09531769427379594 0.1380350456029337
1720 0.04727436793254691 0.01592565586013535 0.1180082730499912
1721 -0.04746188433789032 -0.06899948281997845 0.001810554881764698
1722 -0.01587285407888908 -0.1152008994167865 0.02711508720146749
1723 -0.1278793190441901 0.01069396885329619 0.1062064278925799
1724 -0.08041450372766569 0.1364752580608855 -0.05493815508891677
1725 -0.02778298910776259 -0.004847362153899068 -0.1676103420061421
1726 -0.01899745103588373 0.1435087806134816 0.08535447610145269
1727 -0.02300734764764916 0.07050297335184313 0.02022648326780932
1728 0.1093598043321758 -0.1258675577801412 0.002684570455304625
1729 -0.02322527507161065 0.1231428314207449 -0.1165095595097886
1730 -0.003384618555990887 -0.1675457923840222 0.02146222897135049
1731 -0.02837147064316621 -0.1578643697973126 0.04837682013908855
1732 -0.05284552292718595 -0.1045176596607421 0.1196254104176674
1733 -0.01392502775682489 0.1309587264552611 0.0239596571048726
1734 -0.02290005367844591 -0.0466569241735538 0.1289801902612563
1735 0.09863642834596044 -0.09823386912056847 -0.01039168237067645
1736 0.1021092646080813 -0.0703639216397315 0.003989676921356813
1737 -0.1109818370756901 0.08505499648160419 0.09982864666464995
1738 -0.07847605634117437 0.06859228684898468 -0.1326907858219903
1739 -0.01594959383306113 0.05711438279542924 -0.1575499040869954
1740 0.01599892023123551 -0.06878748065119007 -0.1511114692784074
1741 -0.003922351569215055 -0.03507810550821376 0.06580215521293339
1742 -0.116585271956481 0.06005090453483335 -0.09718890197883945
1743 0.08746939680438606 -0.08344004265268028 0.07410914013535244
1744 -0.03522377541981048 -0.08244198415746964 0.08804464416430907
1745 -0.01943052784600464 0.1694433982581762 -0.002854856232880752
1746 -0.1576595429311634 0.06074297297151659 -0.008440488354361519
1747 0.007280906566985537 0.1262837829899667 -0.02826038272395603
1748 0.04055866694274275 -0.0154946711437568 0.1627552363102708
1749 0.1185741018717613 -0.01427717350309431 0.08415966101685499
1750 -0.1648433167551654 -0.02602033771772345 -0.0281788464806447
1751 0.1558792878194836 0.03010575525902446 0.06040366993599103
1752 -0.08691243505223219 -0.07580914530575544 -0.03912816811332059
1753 -0.1270300141550336 0.1143143873430089 -0.02113874691278492
1754 0.0950726840560624 0.0963447108556168 0.1020335719308502
1755 -0.02860245731743253 0.03553641460599657 0.06986450189572488
1756 -0.04089310136510876 0.09586538167096648 -0.06911903369902295
1757 -0.01801724853719163 0.07421430439060198 0.1484711839272741
1758 0.09327358218323795 0.03463415660182355 -0.137162879105851
1759 0.1042124879725492 -0.07131388574954892 -0.03883292539860754
1760 0.1274976584670782 0.01990079321200538 0.01568732143292288
1761 0.1506129504277462 -0.05713465726694091 0.05283730541467695
1762 0.02162805115518057 0.1657479115651415 -0.03634420798702531
1763 0.116522856423631 0.06792814884688589 -0.1015538894425816
1764 -0.02899395205902532 -0.01683619219122002 -0.06341568226799624
1765 0.105627602439037 0.05487055386248711 -0.02305305873310411
1766 0.1657049352052333 0.02143606025910003 -0.005111108557697128
1767 0.05867573551798193 -0.1120163770016569 -0.02342850372846932
1768 -0.1273973386903576 -0.0557408350477431 -0.009905089334522119
1769 -0.1348967331540653 0.1025989239260481 0.006586272292116427
1770 0.04662749181504858 -0.1071040393601215 0.1246464120881532
1771 0.09144766517502781 0.1043838834418706 0.04664431103251011
1772 0.1088194086863036 0.1263299679009994 0.03199165905681772
1773 -0.02343672263838638 -0.1678991614594933 -0.02184629511095165
1774 0.02599138774515341 0.03586481254102063 -0.1265979452103982
1775 -0.01409404896840178 0.04763167397481186 0.162155408280529
1776 -0.02935755106891394 0.165875578853534 0.03086441863856327
1777 0.1001118749006936 -0.100888026966168 -0.0910097881751836
1778 0.08129596025494462 -0.09525233498525232 -0.1168525587019296
1779 0.01122671655552723 -0.03040301677310093 -0.07021747604917848
1780 0.07211879171446281 -0.127416073536584 -0.08405443637459492
1781 0.02473174630198019 0.0530470585298736 0.1600026742096592
1782 -0.06522446568436208 -0.005512728792540481 0.03699958232635725
1783 0.06892097796866638 -0.1481574713755727 0.04902998757516268
1784 0.01736679348997025 -0.03731035934450965 0.09715716108847627
1785 0.1295820420996411 -0.09845124348292991 -0.04276013446433021
1786 0.0180129426621645 -0.1237053100541016 0.006878011238249079
1787 -0.1289819484619621 0.0951460183834868 0.05953227191541671
1788 -0.07611426742775922 -0.02697450531640175 -0.08390577399329112
1789 -0.06441149799315915 -0.09936981656960299 -0.1183267655852372
1790 -0.06046552690792178 -0.1571333147298161 0.0228483694440773
1791 -0.002135605256105925 -0.1574263716880643 0.06564151508363969
1792 -0.02835763997471568 0.001460271216571222 0.1403272159552065
1793 -0.09878334050817984 -0.1406598424363012 -0.006992580480332453
1794 -0.08174736698074318 -0.06323277839908201 0.09292566493890546
1795 0.06100907649171261 0.08388785102515248 -0.009393091201528326
1796 0.05099493503143964 -0.05767402781008537 0.02080811857713488
1797 0.008362560857347155 -0.07581038494834887 -0.01626421116477948
1798 -0.04702854513060837 -0.0589857152555109 -0.1513074718876099
1799 0.01704931442549314 -0.1129508858612093 0.03571732962755372
1800 -0.1175110608857742 -0.02916635139076425 -0.04586212731841441
1801 -0.09027387474632342 0.003318410362977454 0.08927194867283732
1802 0.03815833576281755 -0.1413816906961215 0.08298040501435038
1803 -0.08356382122110409 0.1452203741384232 -0.01687418080141488
1804 0.01786386620861992 0.007273934555679271 0.1298961285985589
1805 -0.01686960724605105 -0.1038331599635725 -0.133884081691627
1806 0.03618217402432834 -0.01661638374667129 0.1049042576357523
1807 0.08575507661422155 0.1354117262642646 0.05869304753737938
1808 0.09618310745395614 -0.1127375885055948 0.08403145792861948
1809 0.1102612374428611 0.08962697298423358 0.01960458376778532
1810 0.05371792382973095 0.05593822718438582 -0.1002286037385164
1811 -0.1213271867678108 0.03563365142290091 -0.05251411425062411
1812 -0.1356197199422485 -0.1027107513161443 -0.02718544865547324
1813 0.02391445219936664 0.0845542095260587 -0.1036775973997088
1814 0.1183904882561438 -0.01442248419380185 -0.1227253453949619
1815 -0.07453218863845157 -0.11333997479603 0.04569738579764694
1816 -0.0217127336554417 -0.1596170221315966 -0.05705104006843537
1817 0.1223727776693979 0.05532663220193576 0.1065839286574716
1818 0.01442934106614957 0.1261995249475268 0.05422463584175014
1819 -0.05885484234313902 0.05367279570768667 -0.09244090523081092
1820 -0.1175143223666008 0.01857181868461727 -0.1204398962774323
1821 -0.1008956830311943 -0.08213287421963035 -0.1067858371496299
1822 -0.01864009965991975 -0.1378510001123102 -0.09521245573959762
1823 -0.1583586964308481 -0.06956228557070525 -0.0238988928539395
1824 0.0271378862926325 -0.1617554716036754 0.02497060539152099
1825 0.002377498078045382 0.004381732328526196 -0.1692474624051892
1826 0.1297452479364878 -0.08292916119612967 0.07778017475886218
1827 0.065328688334958 0.1058479647940488 0.009098695918984066
1828 0.06377942988072463 -0.02685211108920095 -0.0286306434175454
1829 -0.1413164297984512 -0.02942058615194866 0.0262711482657388
1830 0.004508035727567578 -0.0009780763478412381 0.1044925008439703
1831 0.07270783130276952 -0.07893476816762174 0.1307496081123476
1832 0.02651761127239863 -0.08539946824155199 0.07889837376999463
1833 0.1102958762838866 0.07743293082252631 0.05652627373750183
1834 0.007530453425046844 -0.1083592267826947 -0.05575637946406524
1835 -0.04802822792005297 0.1649585407989826 -0.01461066172075827
1836 -0.05558436244544794 -0.03161576500488122 0.04809920518512977
1837 0.04765964033855841 0.07103233311557322 -0.1511673110606543
1838 0.01207820927707184 0.1296322975206533 -0.1137012275733936
1839 -0.01573287226104924 0.02307919673023289 0.09991298960471535
1840 0.03288129638387135 0.07006542993195021 -0.04840788630447101
1841 -0.1134726437640807 -0.0005810763844121165 -0.07797158276959404
1842 0.009010356340041326 -0.022529815977448 0.1693041026697243
1843 -0.1008707025799276 0.03561297382140614 0.003023131299037584
1844 -0.08106197228577269 -0.07984431843119758 0.06716097887970478
1845 -0.1503348441169438 0.07195801263878926 0.04648537562014703
1846 0.05057212891910599 0.1584425169105305 -0.03380343914974016
1847 0.1479658256506246 0.0384825590290433 -0.07034474135793421
1848 0.03401344842152737 0.08722377111293406 0.04219298470442717
1849 -0.02906714937755482 0.09306817522472234 -0.1158126222311308
1850 0.0004367511588576033 -0.01382766325503085 -0.1121247735251943
1851 -0.02908802722475855 0.1586293576031619 0.06065918968769289
1852 0.1160481104747059 -0.006635205355547574 -0.07175615030668492
1853 0.1444130471504085 0.09649953422006981 -0.01436624993545706
1854 0.1627781214638601 -0.03118083590973154 -0.04226772819455443
1855 -0.1110516732145565 -0.03384373935584557 0.06552517665857471
1856 0.1352479424671191 0.06619290135580815 -0.07672176949316867
1857 0.08797728776015393 -0.06655554665985888 -0.1316437952750443
1858 -0.05532633822263952 -0.10522920585337 0.02482566808542683
1859 -0.1426322793616264 0.04121100378275583 0.08293702285098163
1860 0.0001300267702673413 0.01930884578934839 -0.07023848865041687
1861 0.1238694214809775 -0.05044006107073141 0.04190267134714704
1862 -0.04583217623590169 0.07561218358558454 0.08193874127979371
1863 0.1035657154381 -0.05706128337246934 0.1247341361331329
1864 -0.08207008137056156 0.04083894192025646 -0.0170116233396663
1865 -0.07713162928875254 0.06352431387043685 0.03278757907922224
1866 0.02833195652988224 0.06494930332028594 0.02448587475923321
1867 -0.02944542928452431 0.1607841946315418 -0.04627720868717037
1868 0.05788671459843783 0.1041744184901852 -0.08859437839389411
1869 0.1426122580173976 0.08063408116242869 0.05097940561142272
1870 0.003746902997992797 0.02711642901142901 0.1732283344482348
1871 0.07163109222031591 -0.1102947120669092 0.02518134466668232
1872 0.06910594402019184 0.006768259546505669 -0.1186195421261541
1873 -0.140207372805052 0.02748805214769073 0.02898942176520283
1874 -0.1201624603072087 -0.05873865270993263 -0.06030516093227881
1875 0.0644752114628336 0.1531076168478068 0.03682746870069595
1876 0.1208064294152116 -0.1155604777304931 0.03492039246962701
1877 0.1101034125601587 0.0325454165861599 0.1259879309984716
1878 -0.04041544628723685 -0.01355140969272256 0.09601208350704886
1879 0.02761696041661658 0.155076209735679 -0.06921780417341616
1880 -0.1117274765132764 -0.02812610474237695 -0.1279077954909673
1881 0.02024282427793686 -0.07166059598246238 0.01079337845434652
1882 -0.0603492102947704 0.02543020430458406 0.08645524574343935
1883 -0.09046690822463746 -0.005503758906205588 0.04923851873047391
1884 0.03048330958039456 0.1545077648166881 0.0723931633311595
1885 0.07580763342867454 0.03731593013972444 0.1459671906201358
1886 -0.03266865233850429 -0.04534243892038013 -0.08733185994058877
1887 0.04860998298995221 0.1265644965752915 0.01888513756836611
1888 0.06421291483799485 -0.02190747974886605 0.03520872193565869
1889 -0.07898701540528681 0.1429647072482337 0.0541051115815297
1890 -0.01597540430257731 0.07049799282353773 0.1190411302194932
1891 -0.05032886815107097 -0.008306352467533588 -0.07843124102895216
1892 -0.05946607471367055 0.05902011003394034 0.100933413390553
1893 -0.1043459219685366 -0.08128571301014428 0.009915464390085137
1894 0.03504135740890334 -0.03558580254049553 -0.05513734937290577
1895 -0.1113406172528216 0.041854300508733 0.0625540327104482
1896 -0.05488260102397444 0.1378134144275808 0.07214367156345552
1897 -0.05947048342918222 -0.04212185115923645 -0.1154682117393289
1898 -0.01024991449160681 -0.04408826983349055 -0.05746559058082801
1899 0.1197807918527751 -0.003264785386243597 0.03590496244446306
1900 -0.02598165472678457 -0.06143529305863404 0.03754287557230213
1901 0.05853533063498419 -0.07216081161800315 0.106455411657222
1902 -0.07665458152328652 0.101584962614104 -0.03368870532628899
1903 -0.09963478937596021 -0.04329805337579334 -0.08637173278833482
1904 -0.03084230515273789 -0.03557887172885225 -0.1639335311145408
1905 -0.1363870496779793 -0.007495194329016172 0.008961083037415718
1906 -0.05885294461682433 0.04191648680229687 0.008600564581886854
1907 -0.03520865201822419 -0.08471027528616716 -0.05561785156123178
1908 0.1172556065620937 -0.05129067675800363 -0.1165081301146273
1909 0.05168949866299234 0.03424707892535372 0.04389625217526043
1910 -0.05233529542545765 -0.1297551321539613 0.1000699395840698
1911 0.0241296020505962 -0.07151890115440775 0.1560992271046151
1912 -0.07529836452544826 -0.114677277959553 -0.07226342970689129
1913 0.1427306299163594 0.03692733757874238 0.08614369330738265
1914 -0.07351491920618829 -0.003981324847824659 -0.02024784871194359
1915 0.08046599161751496 -0.1016531628041237 -0.0605908799011376
1916 -0.05976609126821658 0.1093025199038139 0.1161461891358821
1917 -0.1081536995926734 -0.1268015316305391 0.04215454961330782
1918 -0.06286584300994846 0.1620696766709026 0.01988722700999967
1919 -0.08141331813234728 0.02487869757464413 -0.1475006695115807
1920 -0.1497856663866222 -0.0535947653573426 -0.06434755308079435
1921 0.07164079920125918 0.03058162704241127 0.003357540265967329
1922 -0.04417416557157273 -0.1099203590001765 0.07632589780714313
1923 -0.1236263361426356 -0.1014930119567081 -0.06443071722159724
1924 0.03305292330161604 -0.1289128000358132 0.109444702452744
1925 -0.04423031899070645 0.03207969276930298 0.1637725162050601
1926 0.06445352802489279 0.1166501539939483 0.05538960256546398
1927 0.02400936915820934 0.04126648097768872 -0.05692307944109597
1928 -0.1732904119535291 0.007141511123754409 0.004464144981338946
1929 -0.01853390264210496 0.1010039095996309 -0.03598459986699216
1930 0.03849198254027891 -0.08953335863262013 -0.1415168128811888
1931 0.0281627794357119 0.1369899313132138 -0.01284083386321101
1932 -0.086640831297845 -0.1156573578447785 0.09518414083603656
1933 -0.09087183032590289 0.08862718174410165 0.04746365796615778
1934 0.01514632281724894 0.02082106979037346 0.07188747638514245
1935 0.02464603776601451 0.039307500332031 0.09044137735943049
1936 -0.1629181762170085 0.02683221434572707 0.05009043749816439
1937 0.04892146225350671 0.01158113945546294 -0.0872210874477331
1938 -0.06431590693188803 0.08894017682390273 -0.08661431307776742
1939 -0.02820254360022038 0.06406381944005198 -0.0185534615228774
1940 0.05366183778886763 -0.007891165593006941 0.08575087958142086
1941 0.007507925926713544 0.03301389207591063 -0.1679475813966319
1942 -0.0001587160236895557 0.02761861278549332 -0.1327212627640788
1943 -0.09805292427194043 0.00872472828701782 -0.1005423852388594
1944 -0.03235547802383909 0.01902288829243081 -0.004104870641279074
1945 -0.004984411737735664 -0.01819977485974309 -0.03119033708125341
1946 0.02154261708897395 0.01259902639563187 0.005601804100325739
1947 -0.008353330454808173 0.01259902639563192 0.02154261708897408
1948 0.01561227982197661 0.01259902639563192 0.02154261708897408
1949 0.008356129131772912 -0.01259902639563187 0.02154261708897394
1950 -0.006973238798115624 -0.01259902639563187 0.02154261708897394
1951 0.02405492886959839 -0.01372468509042049 0.005148348506081836
1952 0.02154261708897407 -0.01259902639563192 -0.009467243414688123
1953 0.006196262732394139 0.03829656635906134 0.007238013318206046
1954 -0.03095738291102608 -0.01771186273682348 0.007034916647135533
1955 0.001075097534236723 0.02593807348570263 0.001075097534236697
1956 -0.01900747235420756 0.02842057859015606 -0.01900747235420757
1957 -0.01952860921396868 -0.01977654898226474 0.01990439439628711
1958 -0.00662455274203558 0.01658620404203476 -0.02844507113040142
1959 0.003043022870106599 -0.03820511443383524 0.003210758134957155
1960 0.0240549288695986 0.01372468509042059 -0.008239845891234374
1961 0.008759004756672973 -0.03843478114893525 -0.00685421961024168
1962 0.0067277409457053 0.0151496641539287 -0.02607554128758541
1963 0.01798373742840001 0.0281914969803138 0.01798373742840001
1964 -0.02094446144399187 0.007375161744605249 -0.02094446144399188
1965 -0.0210824316476133 0.01212256526118699 0.004425316043625028
1966 -0.0006628063693069602 -0.02555306732523472 -0.0005414058672245773
1967 -0.03151634949079165 0.00074198280449833 -0.01855525613991141
1968 -0.02199819623089199 0.02468867458118735 0.01684972955801839
1969 0.004957665993198985 -0.01283069027420328 -0.02225046280684465
1970 -0.01660140094953957 -0.02918760259492523 0.01573302625851116
1971 0.01779527464459437 -0.02777481906930335 -0.01708419390879225
1972 0.01589238498561492 -0.03176898266832385 0.0180698583403444
1973 -0.01433479277203742 0.01644321017068096 -0.0143347927720374
1974 -0.0170645653203863 -0.02722645171838892 -0.01717568294106049
1975 0.0005479308281941928 0.005908184014004735 0.02199604857912955
1976 0.01959772091078918 0.02708677720100711 -0.01633387392295248
1977 -0.0203468570616148 -0.01167661931259822 -0.00617820968511687
1978 0.001391913971120899 0.01482016398218821 -0.03669399511538698
1979 0.02023367342801779 -0.01833388328235634 0.01755786775998502
1980 0.0006851843422007987 -0.01694188437185056 0.01614407709060539
1981 -0.007251140095782949 -0.01875231262255773 0.008282342819995264
1982 0.006365985490908423 0.01677308058150721 0.02889848632774781
1983 -0.0309602787981838 0.01269292583623318 0.005586131086500927
1984 0.008465935525058536 -0.01898253059299133 0.008465935525058581
1985 0.01220649032785278 0.01504314541674585 -0.01401523712822805
1986 0.02130336226303549 0.003636123185584652 -0.000225324917021021
1987 -0.004028700671752713 -0.01646611071899875 -0.01853781813514279
1988 -0.01732753981406832 -0.008151496043003966 -0.02143796049354349
1989 -0.005631328742038307 -0.01942163650872126 0.03002161715345019
1990 0.007572288286900883 -0.01776567185287357 -0.01463663602112897
1991 0.001513889449610761 0.01555857624629057 0.01576408886732827
1992 0.008725223049990488 0.01930766686530666 0.008725223049990447
1993 0.03286998388839731 0.01307536029761872 -0.004553758510519998
1994 -0.01468707374025673 0.01798665393905385 0.007537491934671942
1995 -0.02003328973806877 -8.782037597132586e-17 0.02027630706802061
1996 -0.0312186955938438 0.001304212808739917 0.02002615634222338
1997 -0.02018506482621175 -0.001890310542299301 0.03349252764579246
1998 -0.01875411001165005 0.0169278128807031 -0.00398115074299551
1999 0.001712666369353489 0.02206243313291403 -0.02868042709833431
2000 0.006477978368495431 -0.01300285177019016 -0.03203218393499165
2001 0.02021112459272578 -0.008426886489088226 -0.02496774251545041
2002 -0.005804149361452384 -0.002275352307182227 0.02107923151428835
2003 -0.003262972508525836 0.03421499991926737 0.001607439029233696
2004 0.007394998970090721 0.02010890626039892 -0.005440751275881042
2005 0.006192858235891717 0.03031088913245528 0.006192858235891744
2006 0.01390109217161744 -0.01997163446844319 -0.02574528045542809
2007 -0.02641869237990675 -0.01995563814943654 -0.004847447734729327
2008 0.02747262185762497 0.009439033637127546 0.0168814131027489
2009 0.01211500528195396 -9.367506770274758e-17 0.01927441837279223
2010 0.003738644141370676 -0.004078493603109563 0.02252180442549951
2011 -0.006554739149905845 0.02069774153299967 0.009833770606035391
2012 0.00872760915579023 -0.0201337667613532 -0.004858147250942553
2013 -0.01753054021829134 -0.01519580366658515 0.004440544418425884
2014 0.006341814096855306 -0.03031088913245543 0.006341814096855337
2015 0.01986934528325198 0.00705342347326871 -0.02484194630105712
2016 0.03189843802217412 -0.01384416423743866 -0.002664657251081158
2017 0.001697836368876297 -0.02291041656400516 -0.02773737856893668
2018 0.02207467781654916 -0.004187389713658922 0.005539398462034387
2019 0.009868929435509885 0.01067982394313145 0.03649928333521803
2020 -0.02967648098803553 -0.01299274553905681 -0.01666396311260004
2021 -0.005949288562634709 0.01691888170725473 -0.0189103108431702
2022 -0.008101394635230127 0.0192645728804974 -0.004073438379892347
2023 -0.02458923592438231 0.01985571600150208 0.001975374862965487
2024 -0.006258544022848021 0.01265286154638143 0.03366708269369079
2025 -0.02453578810697762 0.02148828990210658 -0.006778939154501453
2026 0.004035182207821715 0.03640657109335356 -0.004842185981494901
2027 0.02768263348285629 -0.009175687388639161 0.01560411636774922
2028 -0.01479296203044468 -0.0184505808507474 -0.006332396036433322
2029 -0.01020182327389482 0.007721453740467862 -0.02308532841199754
2030 0.03249646301491509 1.669671345627677e-17 0.01729589665834642
2031 -0.02332017574797027 -0.006398129796715807 0.002625733150150263
2032 -0.00473478785468979 -0.008979493767189345 0.02766289232774805
2033 0.002760108911170088 -0.01094278972520965 0.02839965849308378
2034 0.0280755124806506 0.008683032707904643 0.006758799479689361
2035 0.03121331086639918 0.02108864499298434 0.005380407848799565
2036 9.879801294445561e-05 -0.02567855658650324 0.007317548964127154
2037 -0.005895518466584772 -0.03031088913245543 0.006566572002700061
2038 -0.00683666753620215 -0.02300076786742471 -0.006836667536202148
2039 0.00727099442167691 -0.01976206238125601 0.01990770086843345
2040 0.005710913788630782 -0.03030022435467416 -0.002797713328120626
2041 0.003489817432260855 0.01726404383697779 -0.01731087997964847
2042 -0.03235943353484688 -0.02156862935967949 0.001193308390734024
2043 -0.02529440981090943 0.009408906284883563 -0.004191470311745181
2044 0.01643156812876432 0.01671979828253713 -0.002185346428015052
2045 -0.006223470039937781 -0.01980038492604077 0.0198989539976643
2046 -0.01197635122541662 -0.0194568636423038 -0.01502263951100861
2047 -0.0254103610441711 0.00508845294355125 0.002990961118304804
2048 0.0125615778593672 0.02411830363746655 0.01256157785936718
2049 -0.01284151448369591 -0.0355267185305728 -0.01497066073072349
2050 0.02074147042699617 8.760353553682876e-17 -0.01121425368523266
2051 0.03072439435894344 2.840609691912022e-17 -0.020520235118757
2052 -0.0249406638877052 0.007588298948829084 0.01380873538217285
2053 0.02389738581488424 -0.003361525207989967 -0.003847277796138679
2054 0.002090179278968983 0.02238356366055649 0.00990708652850455
2055 -0.004887982896014156 0.006592406631141664 0.02659143314959045
2056 -0.01585301435637195 0.008057783970487464 0.02857413171017296
2057 -0.006406069158868572 0.02213268445572793 -0.02402190059852369
2058 0.02000564776254509 0.01933292899913699 0.01128048861525307
2059 0.006520668042049689 0.009152713685595877 0.0277009543996774
2060 0.01643921732400079 0.006287500004086437 0.02998588606414299
2061 -0.004629166497016656 -0.0119887199316004 -0.03698183251877901
2062 0.02853566124138368 -0.008106024412520502 0.005296240531591187
2063 -0.01374133641263231 0.01719727220240521 -0.02316527659148961
2064 -0.03527427817282661 -0.01234205249809582 0.0006040956694971382
2065 0.002439317924562441 0.005728952966586506 -0.02310370658492658
2066 0.01577494170323708 -0.01734436667000615 0.001355046341671952
2067 0.0115748675837692 -0.02288100808710228 -0.01110466756434082
2068 0.005434049741998361 -0.02864869992742021 -0.02817931910151234
2069 0.01974195558289502 -0.02048823992469453 -0.01240654040312724
2070 0.006233060603106091 0.01969474800360724 0.01992306493586449
2071 0.01978698962772783 0.02029093288249667 -0.01317695483174327
2072 -0.01277137239614153 0.0191108925882669 0.01657465509903831
2073 0.00712011279654809 0.03002722210592343 -0.02627956681471818
2074 0.03669612096563581 0.01251369784630447 0.007878257588196611
2075 -0.004786965319214798 0.02061780382638205 0.01582873002380588
2076 0.0149705884549152 -0.01080848074301108 0.009534442312238933
2077 -0.01527954403133535 -0.01125897492555562 -0.03243021244491957
2078 -0.02873984302402376 0.02280811575124101 0.003231541536426442
2079 0.008380102396310089 0.02505300019469866 0.0006713520743290584
2080 0.005428340558262866 -0.01089444680265756 0.03656408210838392
2081 0.01908690839071663 -0.01348288339396698 0.02876505041745047
2082 0.006793740630279248 0.02204876023298236 -0.02408882793284592
2083 0.01684041097700436 0.01800950166428772 -0.0233691974103484
2084 0.005338305565679678 -0.0199504956698514 -0.02114077267648248
2085 -0.01318299650573841 0.02454585039792014 -0.02209746497666809
2086 0.03044410277702748 -0.02329862009995692 0.003864392531874998
2087 -0.004707140172222856 -0.03750547676545515 0.006079696243060242
2088 0.02655425894423395 0.00625624960597257 -0.004309636464360151
2089 0.02908346145456094 0.01030044694750551 -0.01455814628593064
2090 0.01609338278648639 0.01199251879310986 -0.03172946457978235
2091 -0.01146909738833758 -0.02330439033797301 0.0119125036621636
2092 -0.01233164901778517 -0.02098207360491595 -0.02493948213300574
2093 -0.004379937347699126 0.02065891274081415 0.02382559663702746
2094 -0.01891177304392546 -0.0006382360449342923 -0.01168005228617888
2095 -0.01655314902384206 0.008540634407599803 -0.008780462865647556
2096 -0.02412680445270497 0.01359169722723907 -0.01346074907866701
2097 0.0292867072122665 0.02268096927715995 -0.007831236552045432
2098 0.01233187897072173 -0.02383027034149998 0.01233187897072176
2099 0.01340822317891145 -0.03031088913245538 0.01340822317891146
2100 0.01086985228492776 -0.03719891208745426 0.008530876058154703
2101 -0.01068736968315947 0.0220759583607747 -0.01068736968315948
2102 -0.0113837351943592 -0.01535913429620436 0.01485511585747307
2103 -0.02508494230729532 -0.009696035577395769 0.01444077320556367
2104 -0.01300144601355372 -5.767955557622884e-17 0.02536780027050465
2105 -0.01316389605393233 -0.006317284540353754 0.02996213368906972
2106 -0.0003368241789140211 0.01743286662542795 -0.02412282179255643
2107 -0.005315422166526992 0.0246491578059383 -0.03044984223389946
2108 0.02109451710926755 0.02021689432547025 0.003265918736440818
2109 -0.01913392113124198 0.02090099468220059 0.004805848647018167
2110 -0.01717736652588345 -0.00189031054229931 -0.03650747235420755
2111 -0.002504554206031886 0.01866477318713469 -0.01092672684684921
2112 0.01058783763294524 -0.008438058614819083 0.02827087280085193
2113 0.009053473051197606 -0.01959506057418015 0.02802335141647395
2114 0.01776829566603812 -0.002409154986103119 0.03101619459360305
2115 -0.02503627848997481 0.01512647437930427 0.01720438826423696
2116 -0.02152433333808792 -0.01965103265011698 -0.01323493863042983
2117 0.01992847701369236 -0.0196710361413412 0.007169319596810025
2118 0.01150642091115469 0.02279517867439887 -0.01103078917737256
2119 0.03361376305671785 -0.01378343231930815 0.01038608635223434
2120 -0.000809693794799908 -0.005157268645991593 0.02729281518925985
2121 -0.00509826529578663 -0.02475204349303402 0.01019715904120668
2122 0.01261441755260716 -0.02368377921477897 0.01901259459277585
2123 0.03794536079115162 0.01052924863719145 -0.006225221601013825
2124 0.01094989249607593 0.03811706127723815 -0.007608170486028942
2125 0.02044927745924081 0.004150614890097569 0.0088299335316378
2126 -0.001394879716807811 0.0277159766626501 0.00726410926010532
2127 -0.004107041293132397 0.03303027614424207 0.00860029451843629
2128 -0.03697192828732818 0.01191545874741135 -0.004634198234301462
2129 0.004809011456613484 -0.02180973865994169 0.0158754916323471
2130 -0.01539550476960917 0.02109049307945132 -0.006926395673851105
2131 0.001557768256195672 -0.02202077574557567 -0.01802702101258978
2132 -0.001821745657668331 -0.004264089134368798 -0.02189798488185639
2133 0.009160514694475224 -0.002653677151996727 -0.01928265058495625
2134 -0.0137128193142357 -0.006713809542787161 0.01894870131102105
2135 0.004754726536158198 0.009226959429081289 0.03326905994450901
2136 -0.0005072056686068931 -0.01626524481572428 0.02378645271881803
2137 0.01543071486628433 0.0008566009545287403 -0.03309917173414478
2138 -0.01609006716858092 0.02413356978001237 -0.01195502622873794
2139 0.005578869851603559 0.002141614293677308 0.02471137473919757
2140 -0.004296009287190676 0.01045079411045746 -0.03216607646642138
2141 -0.004544676590910689 -0.03409565102418383 -0.003145610525297551
2142 -0.01176530286166564 0.004516034903646559 0.01625899304651554
2143 0.01287194585901727 0.03031088913245533 0.01287194585901729
2144 0.03904335402213762 -0.008448986514414452 0.0001497545998662533
2145 0.01899528928401645 -0.009563921056770334 -0.0004382356724761819
2146 -0.005633428141130221 -0.02757273049117811 -0.02649671094206219
2147 -0.005156664068361208 0.0006412614508051014 0.02602780130990791
2148 0.02153038272430254 -0.02075010205983251 -0.002764181796786231
2149 0.02827562836651281 -0.02417065588418555 -0.0097278222593287
2150 0.003661357562467296 -0.006703165186411075 -0.02663261759185698
2151 0.01368821657505846 0.01105429132565596 0.01175330750306513
2152 -0.006673719619240131 0.02393954846065473 0.002399473540909745
2153 -0.004387825813645812 -0.01015308370720836 -0.02845820574131798
2154 0.02863293016141884 -0.007984053044709132 -0.005881350894695272
2155 0.01394903569539697 -0.034722453661851 -0.0129419616583586
2156 -0.02439747531109617 -0.02166172866233297 0.006842912690353756
2157 0.0123652655269561 -5.00901403688303e-17 0.02664430852681957
2158 -0.005190876301985095 -0.02151338242727845 0.01471833786059164
2159 -0.0003959385127338035 -0.01766733217693417 -0.01032471308888213
2160 0.02589094064631655 0.0003577535008408271 0.005236954354047518
2161 0.00109580586416152 0.03872215563710521 -0.01390987507933132
2162 -0.001139140408906548 0.01621777906981815 0.003368647664610401
2163 -0.008388533264379265 -0.01717359837394252 -0.0003545539623745484
2164 0.00957681935263046 -0.02507396694650749 -0.0007983113838039404
2165 0.009510810660400229 0.03519021183896703 -0.0007344418987573786
2166 -0.02866886330905219 -0.01111613714982683 -0.005072208121248774
2167 -0.01390000045077282 0.01326353132389521 0.001167770232304767
2168 -0.01827461979670851 0.006737961046708288 -0.001016540908519867
2169 -0.01408518835104331 0.009254638108170388 0.009102041650089052
2170 0.013018448142734 0.03154029576382558 -0.01461124292956759
2171 0.00175155360770896 0.02320231448636822 0.02833495768678929
2172 -0.0002518306051005285 0.0036363019245307 0.02702023544619811
2173 0.004898735321019354 -0.02471684366248368 0.01100777323955481
2174 0.02863240925563197 0.00609551824988259 0.002023606949301314
2175 0.03340428258764594 0.009138196702876765 0.001695179250690378
2176 -0.007415131594595237 0.02138625171133144 -0.01546300974733032
2177 0.00168747707082735 0.02143035011291963 0.01632147395855488
2178 0.01569724815250432 0.008316462467500552 -0.00752033608345353
2179 0.026690467825369 -0.004062384853468521 0.001715119065453136
2180 0.01055492963616659 -0.02390506281445317 0.005066152347501893
2181 0.006864159421576974 -0.01154498329396263 0.01291866246958933
2182 0.004861399925331683 0.008927496147977283 -0.02898109358522242
2183 -0.01472806858221275 -0.02591309463573523 -0.02747841614571921
2184 0.007828156890543076 0.01061822318703943 -0.01934039587960975
2185 -0.006728490195643054 0.038204780912684 0.009779363407533654
2186 0.01560368413783435 -0.01942199725031817 -0.006413262006896569
2187 -0.02533479565561681 0.0001114499808550321 -0.0129711302258848
2188 0.01176903909825012 0.02247106996800997 0.02090051520296046
2189 -0.008393416314021667 0.01255442201128009 -0.009462913099812403
2190 0.02134887370020556 0.0110455296087547 -0.001754291253921599
2191 0.03300993660844662 -0.01223767809617262 -0.01307140534122892
2192 -0.004402510241437485 -0.01047563916076468 0.01360308354982753
2193 0.006419698997983303 0.02375463317407778 0.01227156034249222
2194 0.02289711621426677 0.02042493981758518 -0.004444783531724917
2195 0.01796534963151138 0.02827205918231211 0.01204766723334492
2196 -0.001819823075424777 -0.00796769360253112 0.02101886911074511
2197 -0.01869791359221855 0.02191750740466117 -0.001754313647221037
2198 0.01493828389154053 0.01990703874802016 0.006084057787257209
2199 0.01904105043979112 -0.02355910600302015 0.01257690079556469
2200 -0.008671523412794832 0.02874473904808262 -0.002388672547961805
2201 0.01204766723334492 0.0323497190825986 0.01796534963151138
2202 -0.01215311421735102 0.02251492993037398 0.004469548284037258
2203 -0.004506674404200823 0.02533664342132105 0.0107562233859621
2204 -0.01048719000175012 0.02518601920720612 0.01039280595022603
2205 -0.01577519681191823 0.0227540326103123 0.01071025710976723
2206 0.004668565146604337 0.02140893763448749 -0.01177370801945555
2207 0.001357614393163114 0.02179730719073501 -0.02048363523342361
2208 -0.0007568553200416714 0.02611668253971635 -0.0072253588834197
2209 0.01496025660106733 -0.008537204486763204 -0.03305143878636196
2210 -0.002449758863849133 0.009931263016811517 -0.03925029683482339
2211 -0.03260280851774009 -0.01050278212187703 0.0109060147785133
2212 0.009041747398729458 -0.03238599592399206 0.001237469970338374
2213 0.006645564578100956 -0.03420587372470235 -0.00601896988829939
2214 0.00234896724003988 -0.03267846112869465 0.009159710603267391
2215 0.009784439089833246 0.02006002400851212 -0.01815185431656278
2216 0.01230353384316321 0.02481489595073292 -0.02188290830790274
2217 0.004645065031894956 -0.0224868135338787 -0.01041879835620498
2218 -0.00342181617176298 0.01054036689715502 -0.02510237883536088
2219 -0.001168522114879718 0.01026113986629608 -0.01699784424741887
2220 -0.005336232125483955 -0.02113393392748075 -0.01297963706259685
2221 -0.01282817438968992 0.0202917104190973 0.02791282718290146
2222 0.007136260802468043 0.009015712095214335 0.01716653804498948
2223 0.009512514152577662 0.01697353319095751 0.001351171278542846
2224 -0.02937619145556539 -0.02529402026435802 -0.007331092229421997
2225 -0.01570903360815772 -0.02246415267426041 -0.01102438717915243
2226 -0.01063569927698027 -0.02550491700667846 -0.01063569927698027
2227 -0.01312574129464131 0.0387827725444584 -0.002722499309156187
2228 0.03416779799215387 0.008521042725585466 0.01786477904147808
2229 0.006061869379250377 -0.02428864365187809 -0.02230258051207776
2230 0.02735112244586874 0.0255668385957598 0.01335424661596015
2231 -0.01962685697467766 0.03544273494112705 -0.009216127024035745
2232 -0.03056166684419622 0.01020977319984811 -0.01014549388190055
$EndNodes
$Elements
12550
1 2 2 101 41 27 446 198
2 2 2 101 41 1157 27 198
3 2 2 101 41 27 930 446
4 2 2 101 41 27 1161 930
5 2 2 101 41 1161 27 1157
6 2 2 101 41 179 28 703
7 2 2 101 41 827 28 179
8 2 2 101 41 703 28 464
9 2 2 101 41 28 888 464
10 2 2 101 41 28 827 888
11 2 2 101 41 610 179 180
12 2 2 101 41 702 180 179
13 2 2 101 41 179 610 808
14 2 2 101 41 179 703 702
15 2 2 101 41 808 827 179
16 2 2 101 41 613 180 181
17 2 2 101 41 773 181 180
18 2 2 101 41 610 180 609
19 2 2 101 41 613 609 180
20 2 2 101 41 180 702 774
21 2 2 101 41 180 774 773
22 2 2 101 41 182 1070 181
23 2 2 101 41 181 1140 182
24 2 2 101 41 181 1070 613
25 2 2 101 41 773 1140 181
26 2 2 101 41 183 492 182
27 2 2 101 41 182 1160 183
28 2 2 101 41 492 1070 182
29 2 2 101 41 182 1140 1160
30 2 2 101 41 184 183 646
31 2 2 101 41 184 946 183
32 2 2 101 41 183 946 492
33 2 2 101 41 183 1160 646
34 2 2 101 41 185 926 184
35 2 2 101 41 1028 185 184
36 2 2 101 41 644 184 646
37 2 2 101 41 184 644 1028
38 2 2 101 41 184 926 946
39 2 2 101 41 186 503 185
40 2 2 101 41 1137 186 185
41 2 2 101 41 503 926 185
42 2 2 101 41 1137 185 1028
43 2 2 101 41 187 502 186
44 2 2 101 41 628 187 186
45 2 2 101 41 502 503 186
46 2 2 101 41 1137 628 186
47 2 2 101 41 187 650 188
48 2 2 101 41 188 836 187
49 2 2 101 41 836 502 187
50 2 2 101 41 628 650 187
51 2 2 101 41 687 188 189
52 2 2 101 41 962 189 188
53 2 2 101 41 962 188 650
54 2 2 101 41 188 687 836
55 2 2 101 41 190 489 189
56 2 2 101 41 189 978 190
57 2 2 101 41 489 687 189
58 2 2 101 41 962 978 189
59 2 2 101 41 488 190 191
60 2 2 101 41 190 844 191
61 2 2 101 41 488 489 190
62 2 2 101 41 978 844 190
63 2 2 101 41 730 191 192
64 2 2 101 41 1144 192 191
65 2 2 101 41 730 488 191
66 2 2 101 41 1144 191 844
67 2 2 101 41 192 193 729
68 2 2 101 41 192 849 193
69 2 2 101 41 729 730 192
70 2 2 101 41 849 192 1144
71 2 2 101 41 193 664 194
72 2 2 101 41 1011 193 194
73 2 2 101 41 849 664 193
74 2 2 101 41 193 1011 729
75 2 2 101 41 1087 194 195
76 2 2 101 41 194 1119 195
77 2 2 101 41 664 662 194
78 2 2 101 41 662 1119 194
79 2 2 101 41 1087 1011 194
80 2 2 101 41 580 195 196
81 2 2 101 41 195 789 196
82 2 2 101 41 580 1087 195
83 2 2 101 41 1119 789 195
84 2 2 101 41 197 196 787
85 2 2 101 41 197 950 196
86 2 2 101 41 950 580 196
87 2 2 101 41 196 789 787
88 2 2 101 41 539 198 197
89 2 2 101 41 198 552 197
90 2 2 101 41 539 197 787
91 2 2 101 41 197 552 950
92 2 2 101 41 198 446 551
93 2 2 101 41 1157 198 539
94 2 2 101 41 551 552 198
95 2 2 101 41 423 425 424
96 2 2 101 41 423 424 1066
97 2 2 101 41 423 1138 425
98 2 2 101 41 1132 423 1066
99 2 2 101 41 1132 1138 423
100 2 2 101 41 425 957 424
101 2 2 101 41 534 424 535
102 2 2 101 41 1066 424 534
103 2 2 101 41 424 545 535
104 2 2 101 41 545 424 957
105 2 2 101 41 957 425 484
106 2 2 101 41 1125 484 425
107 2 2 101 41 425 1138 1125
108 2 2 101 41 426 428 427
109 2 2 101 41 426 427 439
110 2 2 101 41 426 1030 428
111 2 2 101 41 426 439 513
112 2 2 101 41 426 513 514
113 2 2 101 41 1030 426 514
114 2 2 101 41 428 879 427
115 2 2 101 41 427 632 439
116 2 2 101 41 901 632 427
117 2 2 101 41 427 879 857
118 2 2 101 41 427 857 901
119 2 2 101 41 861 428 745
120 2 2 101 41 428 1030 745
121 2 2 101 41 861 879 428
122 2 2 101 41 429 431 430
123 2 2 101 41 737 429 430
124 2 2 101 41 1068 431 429
125 2 2 101 41 429 604 1068
126 2 2 101 41 604 429 1107
127 2 2 101 41 1107 429 737
128 2 2 101 41 431 1142 430
129 2 2 101 41 737 430 567
130 2 2 101 41 567 430 825
131 2 2 101 41 430 1142 825
132 2 2 101 41 431 1068 1146
133 2 2 101 41 1142 431 1099
134 2 2 101 41 1099 431 1146
135 2 2 101 41 432 434 433
136 2 2 101 41 432 433 438
137 2 2 101 41 744 434 432
138 2 2 101 41 746 432 438
139 2 2 101 41 744 432 740
140 2 2 101 41 740 432 746
141 2 2 101 41 434 711 433
142 2 2 101 41 438 433 516
143 2 2 101 41 515 516 433
144 2 2 101 41 711 515 433
145 2 2 101 41 434 951 711
146 2 2 101 41 870 434 744
147 2 2 101 41 951 434 870
148 2 2 101 41 435 437 436
149 2 2 101 41 436 463 435
150 2 2 101 41 437 435 722
151 2 2 101 41 435 463 507
152 2 2 101 41 435 507 1042
153 2 2 101 41 722 435 1042
154 2 2 101 41 436 437 811
155 2 2 101 41 463 436 464
156 2 2 101 41 464 436 703
157 2 2 101 41 436 824 703
158 2 2 101 41 824 436 811
159 2 2 101 41 722 547 437
160 2 2 101 41 437 547 723
161 2 2 101 41 811 437 723
162 2 2 101 41 1105 438 516
163 2 2 101 41 438 861 746
164 2 2 101 41 859 861 438
165 2 2 101 41 1105 859 438
166 2 2 101 41 513 439 631
167 2 2 101 41 439 632 631
168 2 2 101 41 440 442 441
169 2 2 101 41 441 907 440
170 2 2 101 41 440 1029 442
171 2 2 101 41 968 509 440
172 2 2 101 41 1029 440 509
173 2 2 101 41 968 440 907
174 2 2 101 41 894 441 442
175 2 2 101 41 718 441 894
176 2 2 101 41 441 718 907
177 2 2 101 41 442 1006 894
178 2 2 101 41 442 1007 1006
179 2 2 101 41 1029 1007 442
180 2 2 101 41 443 445 444
181 2 2 101 41 443 444 454
182 2 2 101 41 884 445 443
183 2 2 101 41 887 443 454
184 2 2 101 41 443 885 884
185 2 2 101 41 887 885 443
186 2 2 101 41 444 445 833
187 2 2 101 41 444 982 454
188 2 2 101 41 444 833 1159
189 2 2 101 41 982 444 948
190 2 2 101 41 1159 948 444
191 2 2 101 41 445 834 833
192 2 2 101 41 834 445 884
193 2 2 101 41 780 551 446
194 2 2 101 41 780 446 929
195 2 2 101 41 929 446 930
196 2 2 101 41 447 449 448
197 2 2 101 41 447 448 760
198 2 2 101 41 558 449 447
199 2 2 101 41 558 447 559
200 2 2 101 41 559 447 760
201 2 2 101 41 448 449 450
202 2 2 101 41 448 450 930
203 2 2 101 41 760 448 1161
204 2 2 101 41 1161 448 930
205 2 2 101 41 450 449 743
206 2 2 101 41 1124 449 558
207 2 2 101 41 743 449 1124
208 2 2 101 41 450 452 451
209 2 2 101 41 450 451 453
210 2 2 101 41 450 741 452
211 2 2 101 41 453 930 450
212 2 2 101 41 450 743 741
213 2 2 101 41 452 458 451
214 2 2 101 41 877 453 451
215 2 2 101 41 451 458 459
216 2 2 101 41 877 451 459
217 2 2 101 41 1033 458 452
218 2 2 101 41 1033 452 741
219 2 2 101 41 877 782 453
220 2 2 101 41 453 782 929
221 2 2 101 41 453 929 930
222 2 2 101 41 887 454 497
223 2 2 101 41 1063 497 454
224 2 2 101 41 1063 454 982
225 2 2 101 41 455 457 456
226 2 2 101 41 455 456 911
227 2 2 101 41 569 457 455
228 2 2 101 41 569 455 654
229 2 2 101 41 654 455 681
230 2 2 101 41 911 681 455
231 2 2 101 41 576 456 457
232 2 2 101 41 456 576 1012
233 2 2 101 41 456 1012 911
234 2 2 101 41 569 570 457
235 2 2 101 41 457 570 578
236 2 2 101 41 576 457 577
237 2 2 101 41 457 578 577
238 2 2 101 41 1023 459 458
239 2 2 101 41 1023 458 1056
240 2 2 101 41 1033 1057 458
241 2 2 101 41 458 1057 1056
242 2 2 101 41 877 459 783
243 2 2 101 41 783 459 921
244 2 2 101 41 1023 921 459
245 2 2 101 41 460 462 461
246 2 2 101 41 460 461 475
247 2 2 101 41 636 462 460
248 2 2 101 41 460 475 637
249 2 2 101 41 460 637 636
250 2 2 101 41 462 915 461
251 2 2 101 41 468 461 469
252 2 2 101 41 468 475 461
253 2 2 101 41 469 461 914
254 2 2 101 41 461 915 914
255 2 2 101 41 1097 462 636
256 2 2 101 41 915 462 1096
257 2 2 101 41 1096 462 1097
258 2 2 101 41 464 888 463
259 2 2 101 41 583 507 463
260 2 2 101 41 888 583 463
261 2 2 101 41 465 467 466
262 2 2 101 41 983 465 466
263 2 2 101 41 807 467 465
264 2 2 101 41 496 942 465
265 2 2 101 41 465 983 496
266 2 2 101 41 942 807 465
267 2 2 101 41 466 467 474
268 2 2 101 41 474 1008 466
269 2 2 101 41 983 466 1008
270 2 2 101 41 474 467 794
271 2 2 101 41 467 1009 794
272 2 2 101 41 807 828 467
273 2 2 101 41 467 828 1009
274 2 2 101 41 468 469 470
275 2 2 101 41 470 533 468
276 2 2 101 41 468 785 475
277 2 2 101 41 784 468 533
278 2 2 101 41 784 785 468
279 2 2 101 41 470 469 1052
280 2 2 101 41 1055 469 914
281 2 2 101 41 1052 469 1055
282 2 2 101 41 533 470 532
283 2 2 101 41 1059 532 470
284 2 2 101 41 470 1052 1059
285 2 2 101 41 471 473 472
286 2 2 101 41 863 471 472
287 2 2 101 41 471 689 473
288 2 2 101 41 688 689 471
289 2 2 101 41 856 688 471
290 2 2 101 41 856 471 863
291 2 2 101 41 791 472 473
292 2 2 101 41 791 790 472
293 2 2 101 41 790 899 472
294 2 2 101 41 899 863 472
295 2 2 101 41 1090 473 689
296 2 2 101 41 1035 791 473
297 2 2 101 41 1090 1035 473
298 2 2 101 41 794 797 474
299 2 2 101 41 474 797 1010
300 2 2 101 41 474 1010 1008
301 2 2 101 41 475 945 637
302 2 2 101 41 785 945 475
303 2 2 101 41 476 478 477
304 2 2 101 41 476 477 479
305 2 2 101 41 478 476 704
306 2 2 101 41 1020 476 479
307 2 2 101 41 704 476 699
308 2 2 101 41 476 1018 699
309 2 2 101 41 1020 1018 476
310 2 2 101 41 477 478 714
311 2 2 101 41 477 1088 479
312 2 2 101 41 477 714 1088
313 2 2 101 41 561 562 478
314 2 2 101 41 704 561 478
315 2 2 101 41 563 478 562
316 2 2 101 41 478 563 714
317 2 2 101 41 479 1098 1020
318 2 2 101 41 479 1088 1058
319 2 2 101 41 1058 1098 479
320 2 2 101 41 480 482 481
321 2 2 101 41 751 480 481
322 2 2 101 41 482 480 790
323 2 2 101 41 751 749 480
324 2 2 101 41 749 1061 480
325 2 2 101 41 790 480 1061
326 2 2 101 41 481 482 486
327 2 2 101 41 486 833 481
328 2 2 101 41 751 481 833
329 2 2 101 41 486 482 902
330 2 2 101 41 791 482 790
331 2 2 101 41 482 791 1027
332 2 2 101 41 1027 902 482
333 2 2 101 41 483 485 484
334 2 2 101 41 1125 483 484
335 2 2 101 41 483 666 485
336 2 2 101 41 483 547 546
337 2 2 101 41 546 666 483
338 2 2 101 41 547 483 723
339 2 2 101 41 723 483 1125
340 2 2 101 41 957 484 485
341 2 2 101 41 485 666 665
342 2 2 101 41 485 665 667
343 2 2 101 41 957 485 667
344 2 2 101 41 1159 833 486
345 2 2 101 41 902 900 486
346 2 2 101 41 1159 486 900
347 2 2 101 41 487 489 488
348 2 2 101 41 512 487 488
349 2 2 101 41 489 487 651
350 2 2 101 41 886 487 512
351 2 2 101 41 997 651 487
352 2 2 101 41 487 886 997
353 2 2 101 41 488 828 512
354 2 2 101 41 730 828 488
355 2 2 101 41 651 687 489
356 2 2 101 41 490 492 491
357 2 2 101 41 490 491 493
358 2 2 101 41 1070 492 490
359 2 2 101 41 490 493 660
360 2 2 101 41 1069 490 660
361 2 2 101 41 1069 1070 490
362 2 2 101 41 946 491 492
363 2 2 101 41 493 491 1109
364 2 2 101 41 927 491 946
365 2 2 101 41 927 1109 491
366 2 2 101 41 660 493 658
367 2 2 101 41 493 1109 658
368 2 2 101 41 494 496 495
369 2 2 101 41 494 495 497
370 2 2 101 41 494 753 496
371 2 2 101 41 494 497 1063
372 2 2 101 41 494 1150 753
373 2 2 101 41 1063 1150 494
374 2 2 101 41 495 496 983
375 2 2 101 41 497 495 887
376 2 2 101 41 495 596 887
377 2 2 101 41 596 495 983
378 2 2 101 41 753 942 496
379 2 2 101 41 498 500 499
380 2 2 101 41 498 499 926
381 2 2 101 41 961 500 498
382 2 2 101 41 498 503 502
383 2 2 101 41 961 498 502
384 2 2 101 41 503 498 926
385 2 2 101 41 499 500 501
386 2 2 101 41 928 499 501
387 2 2 101 41 926 499 927
388 2 2 101 41 927 499 928
389 2 2 101 41 501 500 605
390 2 2 101 41 1022 605 500
391 2 2 101 41 961 1022 500
392 2 2 101 41 604 501 605
393 2 2 101 41 1107 501 604
394 2 2 101 41 928 501 1107
395 2 2 101 41 961 502 836
396 2 2 101 41 504 506 505
397 2 2 101 41 944 504 505
398 2 2 101 41 1042 506 504
399 2 2 101 41 1110 504 944
400 2 2 101 41 1040 504 1041
401 2 2 101 41 1040 1042 504
402 2 2 101 41 1110 1041 504
403 2 2 101 41 506 786 505
404 2 2 101 41 505 786 880
405 2 2 101 41 880 1048 505
406 2 2 101 41 505 1048 944
407 2 2 101 41 507 786 506
408 2 2 101 41 507 506 1042
409 2 2 101 41 583 786 507
410 2 2 101 41 508 510 509
411 2 2 101 41 508 509 511
412 2 2 101 41 508 649 510
413 2 2 101 41 1147 508 511
414 2 2 101 41 649 508 964
415 2 2 101 41 964 508 1116
416 2 2 101 41 1147 1116 508
417 2 2 101 41 629 509 510
418 2 2 101 41 511 509 968
419 2 2 101 41 629 1029 509
420 2 2 101 41 628 629 510
421 2 2 101 41 628 510 649
422 2 2 101 41 968 1136 511
423 2 2 101 41 1136 1147 511
424 2 2 101 41 828 807 512
425 2 2 101 41 886 512 807
426 2 2 101 41 514 513 815
427 2 2 101 41 631 975 513
428 2 2 101 41 809 810 513
429 2 2 101 41 513 975 809
430 2 2 101 41 815 513 810
431 2 2 101 41 815 673 514
432 2 2 101 41 1030 514 673
433 2 2 101 41 515 517 516
434 2 2 101 41 562 517 515
435 2 2 101 41 515 630 562
436 2 2 101 41 630 515 711
437 2 2 101 41 925 516 517
438 2 2 101 41 925 1105 516
439 2 2 101 41 517 524 522
440 2 2 101 41 925 517 522
441 2 2 101 41 524 517 562
442 2 2 101 41 518 520 519
443 2 2 101 41 518 519 521
444 2 2 101 41 1124 520 518
445 2 2 101 41 521 1032 518
446 2 2 101 41 742 518 1032
447 2 2 101 41 1124 518 742
448 2 2 101 41 519 520 1092
449 2 2 101 41 684 521 519
450 2 2 101 41 684 519 1092
451 2 2 101 41 1092 520 1078
452 2 2 101 41 1094 1078 520
453 2 2 101 41 1124 1094 520
454 2 2 101 41 682 521 684
455 2 2 101 41 682 1021 521
456 2 2 101 41 521 1021 1019
457 2 2 101 41 521 1019 1032
458 2 2 101 41 522 524 523
459 2 2 101 41 522 523 525
460 2 2 101 41 525 852 522
461 2 2 101 41 924 522 852
462 2 2 101 41 924 925 522
463 2 2 101 41 523 524 561
464 2 2 101 41 525 523 548
465 2 2 101 41 523 647 548
466 2 2 101 41 704 523 561
467 2 2 101 41 704 647 523
468 2 2 101 41 562 561 524
469 2 2 101 41 548 549 525
470 2 2 101 41 549 852 525
471 2 2 101 41 526 528 527
472 2 2 101 41 527 973 526
473 2 2 101 41 528 526 533
474 2 2 101 41 526 784 533
475 2 2 101 41 784 526 805
476 2 2 101 41 805 526 804
477 2 2 101 41 973 804 526
478 2 2 101 41 527 528 720
479 2 2 101 41 720 862 527
480 2 2 101 41 527 862 973
481 2 2 101 41 532 528 533
482 2 2 101 41 532 1082 528
483 2 2 101 41 719 720 528
484 2 2 101 41 719 528 1082
485 2 2 101 41 529 531 530
486 2 2 101 41 529 530 966
487 2 2 101 41 658 531 529
488 2 2 101 41 658 529 657
489 2 2 101 41 529 705 657
490 2 2 101 41 529 966 705
491 2 2 101 41 531 943 530
492 2 2 101 41 530 737 568
493 2 2 101 41 966 530 568
494 2 2 101 41 943 737 530
495 2 2 101 41 1106 531 658
496 2 2 101 41 1106 943 531
497 2 2 101 41 1059 1082 532
498 2 2 101 41 534 535 840
499 2 2 101 41 534 840 839
500 2 2 101 41 839 1066 534
501 2 2 101 41 1044 535 545
502 2 2 101 41 840 535 980
503 2 2 101 41 980 535 1044
504 2 2 101 41 536 538 537
505 2 2 101 41 536 537 971
506 2 2 101 41 536 1076 538
507 2 2 101 41 536 775 779
508 2 2 101 41 971 775 536
509 2 2 101 41 1076 536 779
510 2 2 101 41 538 1132 537
511 2 2 101 41 970 971 537
512 2 2 101 41 1131 970 537
513 2 2 101 41 1132 1131 537
514 2 2 101 41 1138 538 1076
515 2 2 101 41 538 1138 1132
516 2 2 101 41 539 541 540
517 2 2 101 41 540 1157 539
518 2 2 101 41 787 541 539
519 2 2 101 41 541 908 540
520 2 2 101 41 540 559 760
521 2 2 101 41 559 540 763
522 2 2 101 41 1157 540 760
523 2 2 101 41 908 763 540
524 2 2 101 41 541 670 671
525 2 2 101 41 541 787 670
526 2 2 101 41 541 671 908
527 2 2 101 41 542 544 543
528 2 2 101 41 542 543 878
529 2 2 101 41 655 544 542
530 2 2 101 41 655 542 656
531 2 2 101 41 542 848 656
532 2 2 101 41 542 878 848
533 2 2 101 41 827 543 544
534 2 2 101 41 808 612 543
535 2 2 101 41 878 543 612
536 2 2 101 41 808 543 827
537 2 2 101 41 583 544 655
538 2 2 101 41 544 583 888
539 2 2 101 41 544 888 827
540 2 2 101 41 667 821 545
541 2 2 101 41 545 957 667
542 2 2 101 41 545 821 998
543 2 2 101 41 998 1044 545
544 2 2 101 41 546 547 550
545 2 2 101 41 616 546 550
546 2 2 101 41 620 546 616
547 2 2 101 41 620 666 546
548 2 2 101 41 722 550 547
549 2 2 101 41 548 553 549
550 2 2 101 41 553 548 697
551 2 2 101 41 697 548 647
552 2 2 101 41 549 553 701
553 2 2 101 41 850 549 701
554 2 2 101 41 850 851 549
555 2 2 101 41 549 851 852
556 2 2 101 41 550 1040 616
557 2 2 101 41 1042 550 722
558 2 2 101 41 1042 1040 550
559 2 2 101 41 584 552 551
560 2 2 101 41 551 976 584
561 2 2 101 41 780 976 551
562 2 2 101 41 584 950 552
563 2 2 101 41 553 697 685
564 2 2 101 41 891 553 685
565 2 2 101 41 700 701 553
566 2 2 101 41 553 891 700
567 2 2 101 41 554 556 555
568 2 2 101 41 555 710 554
569 2 2 101 41 554 913 556
570 2 2 101 41 574 554 710
571 2 2 101 41 713 554 574
572 2 2 101 41 713 956 554
573 2 2 101 41 913 554 956
574 2 2 101 41 555 556 557
575 2 2 101 41 557 862 555
576 2 2 101 41 862 710 555
577 2 2 101 41 556 560 557
578 2 2 101 41 556 913 560
579 2 2 101 41 557 560 1154
580 2 2 101 41 973 862 557
581 2 2 101 41 973 557 1049
582 2 2 101 41 557 1154 1049
583 2 2 101 41 559 764 558
584 2 2 101 41 558 764 1094
585 2 2 101 41 558 1094 1124
586 2 2 101 41 763 764 559
587 2 2 101 41 913 1004 560
588 2 2 101 41 1004 1155 560
589 2 2 101 41 560 1155 1154
590 2 2 101 41 563 562 630
591 2 2 101 41 630 712 563
592 2 2 101 41 715 563 712
593 2 2 101 41 714 563 715
594 2 2 101 41 564 566 565
595 2 2 101 41 564 565 823
596 2 2 101 41 591 566 564
597 2 2 101 41 591 564 590
598 2 2 101 41 564 1027 590
599 2 2 101 41 564 823 1027
600 2 2 101 41 565 566 568
601 2 2 101 41 565 568 567
602 2 2 101 41 565 567 825
603 2 2 101 41 822 823 565
604 2 2 101 41 822 565 825
605 2 2 101 41 566 966 568
606 2 2 101 41 967 566 591
607 2 2 101 41 967 966 566
608 2 2 101 41 567 568 737
609 2 2 101 41 569 661 570
610 2 2 101 41 569 654 661
611 2 2 101 41 587 578 570
612 2 2 101 41 570 597 587
613 2 2 101 41 570 661 597
614 2 2 101 41 571 573 572
615 2 2 101 41 572 574 571
616 2 2 101 41 573 571 1117
617 2 2 101 41 1129 571 574
618 2 2 101 41 1117 571 1118
619 2 2 101 41 1129 1118 571
620 2 2 101 41 573 575 572
621 2 2 101 41 574 572 713
622 2 2 101 41 572 575 1141
623 2 2 101 41 572 953 713
624 2 2 101 41 953 572 1141
625 2 2 101 41 573 1043 575
626 2 2 101 41 573 1121 1043
627 2 2 101 41 573 1117 1121
628 2 2 101 41 574 710 719
629 2 2 101 41 719 1129 574
630 2 2 101 41 1043 675 575
631 2 2 101 41 575 675 1145
632 2 2 101 41 1145 1141 575
633 2 2 101 41 576 577 1051
634 2 2 101 41 1012 576 1093
635 2 2 101 41 1051 1093 576
636 2 2 101 41 577 578 889
637 2 2 101 41 1115 577 889
638 2 2 101 41 577 1115 1051
639 2 2 101 41 586 578 587
640 2 2 101 41 889 578 586
641 2 2 101 41 579 581 580
642 2 2 101 41 950 579 580
643 2 2 101 41 582 581 579
644 2 2 101 41 585 582 579
645 2 2 101 41 585 579 584
646 2 2 101 41 950 584 579
647 2 2 101 41 581 1087 580
648 2 2 101 41 795 581 582
649 2 2 101 41 795 796 581
650 2 2 101 41 581 796 1087
651 2 2 101 41 582 585 1115
652 2 2 101 41 582 798 795
653 2 2 101 41 582 1115 798
654 2 2 101 41 583 655 786
655 2 2 101 41 977 585 584
656 2 2 101 41 977 584 976
657 2 2 101 41 1051 585 977
658 2 2 101 41 585 1051 1115
659 2 2 101 41 586 587 1008
660 2 2 101 41 889 586 1010
661 2 2 101 41 586 1008 1010
662 2 2 101 41 587 597 596
663 2 2 101 41 587 596 1008
664 2 2 101 41 588 590 589
665 2 2 101 41 626 588 589
666 2 2 101 41 591 590 588
667 2 2 101 41 591 588 592
668 2 2 101 41 588 987 592
669 2 2 101 41 989 588 626
670 2 2 101 41 987 588 989
671 2 2 101 41 589 590 792
672 2 2 101 41 625 626 589
673 2 2 101 41 625 589 792
674 2 2 101 41 792 590 1027
675 2 2 101 41 591 592 967
676 2 2 101 41 972 967 592
677 2 2 101 41 592 987 972
678 2 2 101 41 593 595 594
679 2 2 101 41 593 594 934
680 2 2 101 41 600 595 593
681 2 2 101 41 600 593 896
682 2 2 101 41 896 593 935
683 2 2 101 41 935 593 934
684 2 2 101 41 594 595 598
685 2 2 101 41 594 598 901
686 2 2 101 41 594 901 857
687 2 2 101 41 857 934 594
688 2 2 101 41 598 595 788
689 2 2 101 41 595 600 599
690 2 2 101 41 866 595 599
691 2 2 101 41 595 866 788
692 2 2 101 41 596 597 887
693 2 2 101 41 983 1008 596
694 2 2 101 41 885 597 661
695 2 2 101 41 885 887 597
696 2 2 101 41 598 788 632
697 2 2 101 41 901 598 632
698 2 2 101 41 599 600 623
699 2 2 101 41 599 623 1000
700 2 2 101 41 865 866 599
701 2 2 101 41 865 599 1000
702 2 2 101 41 623 600 896
703 2 2 101 41 601 603 602
704 2 2 101 41 601 602 618
705 2 2 101 41 1149 603 601
706 2 2 101 41 618 619 601
707 2 2 101 41 601 619 1149
708 2 2 101 41 603 1135 602
709 2 2 101 41 618 602 626
710 2 2 101 41 626 602 989
711 2 2 101 41 989 602 1135
712 2 2 101 41 633 1126 603
713 2 2 101 41 633 603 1149
714 2 2 101 41 603 1126 1127
715 2 2 101 41 603 1127 1135
716 2 2 101 41 1068 604 605
717 2 2 101 41 605 677 676
718 2 2 101 41 676 1068 605
719 2 2 101 41 1022 677 605
720 2 2 101 41 606 608 607
721 2 2 101 41 606 607 614
722 2 2 101 41 606 1130 608
723 2 2 101 41 606 614 648
724 2 2 101 41 635 606 648
725 2 2 101 41 1130 606 635
726 2 2 101 41 668 607 608
727 2 2 101 41 614 607 673
728 2 2 101 41 668 669 607
729 2 2 101 41 607 669 673
730 2 2 101 41 1067 668 608
731 2 2 101 41 1067 608 985
732 2 2 101 41 1130 985 608
733 2 2 101 41 609 611 610
734 2 2 101 41 609 1038 611
735 2 2 101 41 1069 609 613
736 2 2 101 41 1038 609 1069
737 2 2 101 41 610 611 612
738 2 2 101 41 808 610 612
739 2 2 101 41 611 750 612
740 2 2 101 41 750 611 1062
741 2 2 101 41 1062 611 1038
742 2 2 101 41 612 750 878
743 2 2 101 41 613 1070 1069
744 2 2 101 41 648 614 815
745 2 2 101 41 614 673 815
746 2 2 101 41 615 617 616
747 2 2 101 41 1040 615 616
748 2 2 101 41 617 615 868
749 2 2 101 41 1046 868 615
750 2 2 101 41 1040 1041 615
751 2 2 101 41 1041 1046 615
752 2 2 101 41 617 620 616
753 2 2 101 41 617 621 620
754 2 2 101 41 621 617 1123
755 2 2 101 41 1123 617 868
756 2 2 101 41 618 1112 619
757 2 2 101 41 618 626 625
758 2 2 101 41 625 1112 618
759 2 2 101 41 726 985 619
760 2 2 101 41 1112 726 619
761 2 2 101 41 619 985 1149
762 2 2 101 41 666 620 621
763 2 2 101 41 621 641 639
764 2 2 101 41 621 639 665
765 2 2 101 41 621 1123 641
766 2 2 101 41 621 665 666
767 2 2 101 41 622 624 623
768 2 2 101 41 896 622 623
769 2 2 101 41 627 624 622
770 2 2 101 41 627 622 917
771 2 2 101 41 919 622 896
772 2 2 101 41 917 622 919
773 2 2 101 41 1000 623 624
774 2 2 101 41 777 624 627
775 2 2 101 41 869 624 777
776 2 2 101 41 869 1000 624
777 2 2 101 41 792 1090 625
778 2 2 101 41 1090 1112 625
779 2 2 101 41 777 627 897
780 2 2 101 41 627 918 897
781 2 2 101 41 627 917 916
782 2 2 101 41 627 916 918
783 2 2 101 41 1137 629 628
784 2 2 101 41 649 650 628
785 2 2 101 41 1029 629 1028
786 2 2 101 41 1137 1028 629
787 2 2 101 41 711 712 630
788 2 2 101 41 631 632 788
789 2 2 101 41 1156 631 788
790 2 2 101 41 631 979 975
791 2 2 101 41 631 1156 979
792 2 2 101 41 633 635 634
793 2 2 101 41 633 634 1126
794 2 2 101 41 633 1149 635
795 2 2 101 41 635 648 634
796 2 2 101 41 1128 634 648
797 2 2 101 41 1064 634 1103
798 2 2 101 41 1064 1126 634
799 2 2 101 41 1103 634 1128
800 2 2 101 41 635 1149 1130
801 2 2 101 41 637 1003 636
802 2 2 101 41 1003 1097 636
803 2 2 101 41 909 637 906
804 2 2 101 41 637 945 906
805 2 2 101 41 1003 637 909
806 2 2 101 41 638 640 639
807 2 2 101 41 638 639 641
808 2 2 101 41 638 706 640
809 2 2 101 41 638 641 643
810 2 2 101 41 642 638 643
811 2 2 101 41 638 642 706
812 2 2 101 41 820 639 640
813 2 2 101 41 820 665 639
814 2 2 101 41 640 706 1001
815 2 2 101 41 1001 820 640
816 2 2 101 41 1123 643 641
817 2 2 101 41 642 643 776
818 2 2 101 41 708 706 642
819 2 2 101 41 708 642 776
820 2 2 101 41 643 778 776
821 2 2 101 41 1123 778 643
822 2 2 101 41 644 646 645
823 2 2 101 41 1007 644 645
824 2 2 101 41 1028 644 1007
825 2 2 101 41 645 646 969
826 2 2 101 41 645 969 970
827 2 2 101 41 1006 645 970
828 2 2 101 41 1006 1007 645
829 2 2 101 41 1160 969 646
830 2 2 101 41 697 647 698
831 2 2 101 41 698 647 699
832 2 2 101 41 704 699 647
833 2 2 101 41 815 810 648
834 2 2 101 41 648 810 1128
835 2 2 101 41 964 650 649
836 2 2 101 41 962 650 964
837 2 2 101 41 835 687 651
838 2 2 101 41 835 651 996
839 2 2 101 41 651 997 996
840 2 2 101 41 652 654 653
841 2 2 101 41 652 653 834
842 2 2 101 41 652 661 654
843 2 2 101 41 885 661 652
844 2 2 101 41 884 652 834
845 2 2 101 41 884 885 652
846 2 2 101 41 654 837 653
847 2 2 101 41 653 748 834
848 2 2 101 41 903 748 653
849 2 2 101 41 837 903 653
850 2 2 101 41 837 654 681
851 2 2 101 41 656 881 655
852 2 2 101 41 786 655 880
853 2 2 101 41 880 655 881
854 2 2 101 41 847 656 848
855 2 2 101 41 881 656 847
856 2 2 101 41 657 659 658
857 2 2 101 41 659 657 1062
858 2 2 101 41 705 1108 657
859 2 2 101 41 657 1108 1062
860 2 2 101 41 658 659 660
861 2 2 101 41 658 1109 1106
862 2 2 101 41 660 659 1038
863 2 2 101 41 1038 659 1062
864 2 2 101 41 660 1038 1069
865 2 2 101 41 662 664 663
866 2 2 101 41 663 674 662
867 2 2 101 41 674 1119 662
868 2 2 101 41 664 849 663
869 2 2 101 41 674 663 675
870 2 2 101 41 663 1133 675
871 2 2 101 41 849 1152 663
872 2 2 101 41 663 1152 1133
873 2 2 101 41 667 665 821
874 2 2 101 41 820 821 665
875 2 2 101 41 669 668 739
876 2 2 101 41 1067 739 668
877 2 2 101 41 1030 673 669
878 2 2 101 41 739 740 669
879 2 2 101 41 669 740 745
880 2 2 101 41 745 1030 669
881 2 2 101 41 670 672 671
882 2 2 101 41 670 772 672
883 2 2 101 41 670 787 772
884 2 2 101 41 1072 671 672
885 2 2 101 41 1072 908 671
886 2 2 101 41 772 1120 672
887 2 2 101 41 1072 672 1117
888 2 2 101 41 1117 672 1120
889 2 2 101 41 674 675 1043
890 2 2 101 41 1043 1121 674
891 2 2 101 41 674 1120 1119
892 2 2 101 41 1121 1120 674
893 2 2 101 41 675 1133 1145
894 2 2 101 41 995 676 677
895 2 2 101 41 995 1146 676
896 2 2 101 41 676 1146 1068
897 2 2 101 41 995 677 996
898 2 2 101 41 1022 996 677
899 2 2 101 41 678 680 679
900 2 2 101 41 678 679 1151
901 2 2 101 41 846 680 678
902 2 2 101 41 994 846 678
903 2 2 101 41 994 678 1153
904 2 2 101 41 678 1151 1153
905 2 2 101 41 680 965 679
906 2 2 101 41 799 679 802
907 2 2 101 41 799 1151 679
908 2 2 101 41 802 679 965
909 2 2 101 41 846 843 680
910 2 2 101 41 843 963 680
911 2 2 101 41 963 965 680
912 2 2 101 41 837 681 838
913 2 2 101 41 681 912 838
914 2 2 101 41 911 912 681
915 2 2 101 41 682 684 683
916 2 2 101 41 685 682 683
917 2 2 101 41 685 1021 682
918 2 2 101 41 683 684 686
919 2 2 101 41 683 891 685
920 2 2 101 41 686 923 683
921 2 2 101 41 738 891 683
922 2 2 101 41 923 738 683
923 2 2 101 41 684 1091 686
924 2 2 101 41 1092 1091 684
925 2 2 101 41 698 685 697
926 2 2 101 41 685 698 1021
927 2 2 101 41 923 686 920
928 2 2 101 41 920 686 1091
929 2 2 101 41 687 835 836
930 2 2 101 41 688 726 689
931 2 2 101 41 984 726 688
932 2 2 101 41 856 876 688
933 2 2 101 41 688 876 984
934 2 2 101 41 1112 689 726
935 2 2 101 41 1112 1090 689
936 2 2 101 41 690 692 691
937 2 2 101 41 690 691 693
938 2 2 101 41 690 1037 692
939 2 2 101 41 1162 690 693
940 2 2 101 41 1162 1037 690
941 2 2 101 41 1084 691 692
942 2 2 101 41 693 691 1056
943 2 2 101 41 1056 691 1023
944 2 2 101 41 691 1084 1023
945 2 2 101 41 692 1037 1083
946 2 2 101 41 1084 692 1083
947 2 2 101 41 1056 1058 693
948 2 2 101 41 1088 693 1058
949 2 2 101 41 1088 1089 693
950 2 2 101 41 1162 693 1089
951 2 2 101 41 694 696 695
952 2 2 101 41 695 735 694
953 2 2 101 41 696 694 761
954 2 2 101 41 694 735 762
955 2 2 101 41 761 694 762
956 2 2 101 41 695 696 700
957 2 2 101 41 891 695 700
958 2 2 101 41 735 695 736
959 2 2 101 41 736 695 738
960 2 2 101 41 738 695 891
961 2 2 101 41 696 701 700
962 2 2 101 41 958 701 696
963 2 2 101 41 696 761 1039
964 2 2 101 41 958 696 1039
965 2 2 101 41 698 699 1018
966 2 2 101 41 1018 1021 698
967 2 2 101 41 850 701 958
968 2 2 101 41 702 703 824
969 2 2 101 41 779 774 702
970 2 2 101 41 779 702 826
971 2 2 101 41 826 702 824
972 2 2 101 41 966 967 705
973 2 2 101 41 972 705 967
974 2 2 101 41 1108 705 972
975 2 2 101 41 706 708 707
976 2 2 101 41 709 706 707
977 2 2 101 41 947 706 709
978 2 2 101 41 706 947 1001
979 2 2 101 41 707 708 1015
980 2 2 101 41 709 707 931
981 2 2 101 41 931 707 1013
982 2 2 101 41 1013 707 1015
983 2 2 101 41 776 897 708
984 2 2 101 41 897 918 708
985 2 2 101 41 1015 708 918
986 2 2 101 41 709 931 932
987 2 2 101 41 932 947 709
988 2 2 101 41 719 710 720
989 2 2 101 41 710 862 720
990 2 2 101 41 725 712 711
991 2 2 101 41 725 711 951
992 2 2 101 41 715 712 727
993 2 2 101 41 712 725 727
994 2 2 101 41 953 956 713
995 2 2 101 41 715 986 714
996 2 2 101 41 714 986 1088
997 2 2 101 41 715 727 986
998 2 2 101 41 716 718 717
999 2 2 101 41 716 717 721
1000 2 2 101 41 716 907 718
1001 2 2 101 41 716 721 724
1002 2 2 101 41 716 724 1136
1003 2 2 101 41 907 716 1136
1004 2 2 101 41 717 718 819
1005 2 2 101 41 717 818 721
1006 2 2 101 41 717 819 818
1007 2 2 101 41 894 819 718
1008 2 2 101 41 1082 1071 719
1009 2 2 101 41 719 1071 1129
1010 2 2 101 41 873 724 721
1011 2 2 101 41 721 818 883
1012 2 2 101 41 874 873 721
1013 2 2 101 41 883 874 721
1014 2 2 101 41 981 811 723
1015 2 2 101 41 981 723 1125
1016 2 2 101 41 756 724 758
1017 2 2 101 41 1136 724 756
1018 2 2 101 41 724 873 758
1019 2 2 101 41 725 728 727
1020 2 2 101 41 725 841 728
1021 2 2 101 41 725 842 841
1022 2 2 101 41 725 951 842
1023 2 2 101 41 984 985 726
1024 2 2 101 41 816 727 728
1025 2 2 101 41 727 816 1016
1026 2 2 101 41 727 1016 986
1027 2 2 101 41 728 817 816
1028 2 2 101 41 841 817 728
1029 2 2 101 41 729 1009 730
1030 2 2 101 41 729 796 793
1031 2 2 101 41 793 1009 729
1032 2 2 101 41 1011 796 729
1033 2 2 101 41 1009 828 730
1034 2 2 101 41 731 733 732
1035 2 2 101 41 732 750 731
1036 2 2 101 41 733 731 1108
1037 2 2 101 41 750 1062 731
1038 2 2 101 41 1108 731 1062
1039 2 2 101 41 732 733 734
1040 2 2 101 41 1086 732 734
1041 2 2 101 41 750 732 878
1042 2 2 101 41 848 878 732
1043 2 2 101 41 732 1086 848
1044 2 2 101 41 734 733 988
1045 2 2 101 41 1108 988 733
1046 2 2 101 41 988 1135 734
1047 2 2 101 41 1135 1086 734
1048 2 2 101 41 735 736 1096
1049 2 2 101 41 762 735 1097
1050 2 2 101 41 1097 735 1096
1051 2 2 101 41 736 738 923
1052 2 2 101 41 736 923 1096
1053 2 2 101 41 1107 737 943
1054 2 2 101 41 740 739 871
1055 2 2 101 41 871 739 875
1056 2 2 101 41 739 1067 875
1057 2 2 101 41 744 740 871
1058 2 2 101 41 740 746 745
1059 2 2 101 41 741 743 742
1060 2 2 101 41 940 741 742
1061 2 2 101 41 940 1033 741
1062 2 2 101 41 1124 742 743
1063 2 2 101 41 742 1032 940
1064 2 2 101 41 744 871 870
1065 2 2 101 41 745 746 861
1066 2 2 101 41 747 749 748
1067 2 2 101 41 990 747 748
1068 2 2 101 41 749 747 832
1069 2 2 101 41 832 747 830
1070 2 2 101 41 747 993 830
1071 2 2 101 41 990 993 747
1072 2 2 101 41 748 749 751
1073 2 2 101 41 834 748 751
1074 2 2 101 41 903 990 748
1075 2 2 101 41 749 832 1061
1076 2 2 101 41 833 834 751
1077 2 2 101 41 752 754 753
1078 2 2 101 41 1150 752 753
1079 2 2 101 41 752 755 754
1080 2 2 101 41 755 752 995
1081 2 2 101 41 1101 995 752
1082 2 2 101 41 1101 752 1150
1083 2 2 101 41 754 942 753
1084 2 2 101 41 886 754 755
1085 2 2 101 41 754 886 942
1086 2 2 101 41 755 997 886
1087 2 2 101 41 755 995 996
1088 2 2 101 41 996 997 755
1089 2 2 101 41 756 758 757
1090 2 2 101 41 757 803 756
1091 2 2 101 41 756 803 1143
1092 2 2 101 41 1136 756 1143
1093 2 2 101 41 757 758 759
1094 2 2 101 41 757 759 801
1095 2 2 101 41 757 801 799
1096 2 2 101 41 757 799 803
1097 2 2 101 41 759 758 941
1098 2 2 101 41 941 758 873
1099 2 2 101 41 1002 801 759
1100 2 2 101 41 759 941 1002
1101 2 2 101 41 760 1161 1157
1102 2 2 101 41 761 762 766
1103 2 2 101 41 766 919 761
1104 2 2 101 41 761 919 1039
1105 2 2 101 41 762 771 766
1106 2 2 101 41 1097 771 762
1107 2 2 101 41 765 764 763
1108 2 2 101 41 765 763 1045
1109 2 2 101 41 1045 763 908
1110 2 2 101 41 764 765 1079
1111 2 2 101 41 1094 764 1079
1112 2 2 101 41 1045 1075 765
1113 2 2 101 41 765 1075 1053
1114 2 2 101 41 765 1053 1079
1115 2 2 101 41 766 771 1102
1116 2 2 101 41 917 766 916
1117 2 2 101 41 916 766 1102
1118 2 2 101 41 917 919 766
1119 2 2 101 41 767 769 768
1120 2 2 101 41 767 768 770
1121 2 2 101 41 1031 769 767
1122 2 2 101 41 767 770 874
1123 2 2 101 41 767 874 882
1124 2 2 101 41 767 882 1031
1125 2 2 101 41 768 769 812
1126 2 2 101 41 770 768 1113
1127 2 2 101 41 812 1114 768
1128 2 2 101 41 768 1114 1113
1129 2 2 101 41 812 769 1025
1130 2 2 101 41 1025 769 1031
1131 2 2 101 41 873 874 770
1132 2 2 101 41 941 873 770
1133 2 2 101 41 770 1113 941
1134 2 2 101 41 1003 1014 771
1135 2 2 101 41 1097 1003 771
1136 2 2 101 41 1014 1102 771
1137 2 2 101 41 787 789 772
1138 2 2 101 41 1119 772 789
1139 2 2 101 41 772 1119 1120
1140 2 2 101 41 775 773 774
1141 2 2 101 41 773 775 971
1142 2 2 101 41 1140 773 971
1143 2 2 101 41 775 774 779
1144 2 2 101 41 776 778 777
1145 2 2 101 41 776 777 897
1146 2 2 101 41 778 869 777
1147 2 2 101 41 868 869 778
1148 2 2 101 41 1123 868 778
1149 2 2 101 41 779 826 1076
1150 2 2 101 41 780 782 781
1151 2 2 101 41 781 976 780
1152 2 2 101 41 929 782 780
1153 2 2 101 41 783 781 782
1154 2 2 101 41 781 783 922
1155 2 2 101 41 781 922 1093
1156 2 2 101 41 977 976 781
1157 2 2 101 41 781 1093 977
1158 2 2 101 41 782 877 783
1159 2 2 101 41 921 922 783
1160 2 2 101 41 805 785 784
1161 2 2 101 41 785 805 806
1162 2 2 101 41 785 806 945
1163 2 2 101 41 866 1156 788
1164 2 2 101 41 790 1061 899
1165 2 2 101 41 1035 1027 791
1166 2 2 101 41 1035 792 1027
1167 2 2 101 41 1090 792 1035
1168 2 2 101 41 793 795 794
1169 2 2 101 41 794 1009 793
1170 2 2 101 41 793 796 795
1171 2 2 101 41 794 795 797
1172 2 2 101 41 795 798 797
1173 2 2 101 41 796 1011 1087
1174 2 2 101 41 1010 797 798
1175 2 2 101 41 1010 798 889
1176 2 2 101 41 889 798 1115
1177 2 2 101 41 799 801 800
1178 2 2 101 41 800 1151 799
1179 2 2 101 41 802 803 799
1180 2 2 101 41 1005 800 801
1181 2 2 101 41 800 954 955
1182 2 2 101 41 800 1005 954
1183 2 2 101 41 800 955 1151
1184 2 2 101 41 1005 801 1002
1185 2 2 101 41 1148 803 802
1186 2 2 101 41 802 965 1148
1187 2 2 101 41 803 1148 1143
1188 2 2 101 41 804 806 805
1189 2 2 101 41 806 804 974
1190 2 2 101 41 973 1049 804
1191 2 2 101 41 974 804 1049
1192 2 2 101 41 806 937 910
1193 2 2 101 41 910 945 806
1194 2 2 101 41 937 806 936
1195 2 2 101 41 806 974 936
1196 2 2 101 41 886 807 942
1197 2 2 101 41 810 809 1128
1198 2 2 101 41 1047 809 975
1199 2 2 101 41 1104 809 1047
1200 2 2 101 41 1128 809 1104
1201 2 2 101 41 824 811 826
1202 2 2 101 41 826 811 1076
1203 2 2 101 41 1076 811 981
1204 2 2 101 41 812 814 813
1205 2 2 101 41 812 813 1114
1206 2 2 101 41 1025 814 812
1207 2 2 101 41 1134 813 814
1208 2 2 101 41 1050 1114 813
1209 2 2 101 41 813 1134 1050
1210 2 2 101 41 938 814 1017
1211 2 2 101 41 938 1134 814
1212 2 2 101 41 814 1025 1017
1213 2 2 101 41 817 959 816
1214 2 2 101 41 816 959 1016
1215 2 2 101 41 841 890 817
1216 2 2 101 41 890 960 817
1217 2 2 101 41 817 960 959
1218 2 2 101 41 839 818 819
1219 2 2 101 41 839 840 818
1220 2 2 101 41 840 883 818
1221 2 2 101 41 819 895 839
1222 2 2 101 41 894 892 819
1223 2 2 101 41 819 892 895
1224 2 2 101 41 820 998 821
1225 2 2 101 41 820 999 998
1226 2 2 101 41 999 820 1001
1227 2 2 101 41 822 900 823
1228 2 2 101 41 949 822 825
1229 2 2 101 41 900 822 948
1230 2 2 101 41 822 949 948
1231 2 2 101 41 823 900 902
1232 2 2 101 41 1027 823 902
1233 2 2 101 41 949 825 1142
1234 2 2 101 41 829 831 830
1235 2 2 101 41 830 890 829
1236 2 2 101 41 831 829 855
1237 2 2 101 41 841 854 829
1238 2 2 101 41 890 841 829
1239 2 2 101 41 855 829 854
1240 2 2 101 41 830 831 832
1241 2 2 101 41 993 890 830
1242 2 2 101 41 831 899 832
1243 2 2 101 41 863 831 855
1244 2 2 101 41 899 831 863
1245 2 2 101 41 832 899 1061
1246 2 2 101 41 835 961 836
1247 2 2 101 41 835 1022 961
1248 2 2 101 41 835 996 1022
1249 2 2 101 41 838 992 837
1250 2 2 101 41 837 992 903
1251 2 2 101 41 1036 838 912
1252 2 2 101 41 1036 992 838
1253 2 2 101 41 895 1066 839
1254 2 2 101 41 840 980 883
1255 2 2 101 41 842 854 841
1256 2 2 101 41 842 898 854
1257 2 2 101 41 842 870 898
1258 2 2 101 41 951 870 842
1259 2 2 101 41 843 845 844
1260 2 2 101 41 978 843 844
1261 2 2 101 41 846 845 843
1262 2 2 101 41 843 978 963
1263 2 2 101 41 845 1144 844
1264 2 2 101 41 1158 845 846
1265 2 2 101 41 1152 1144 845
1266 2 2 101 41 1152 845 1158
1267 2 2 101 41 994 1158 846
1268 2 2 101 41 848 1086 847
1269 2 2 101 41 881 847 1064
1270 2 2 101 41 1064 847 1065
1271 2 2 101 41 847 1086 1065
1272 2 2 101 41 1144 1152 849
1273 2 2 101 41 851 850 1080
1274 2 2 101 41 1080 850 958
1275 2 2 101 41 851 1122 852
1276 2 2 101 41 851 1080 933
1277 2 2 101 41 1122 851 933
1278 2 2 101 41 1122 924 852
1279 2 2 101 41 853 855 854
1280 2 2 101 41 853 854 898
1281 2 2 101 41 856 855 853
1282 2 2 101 41 856 853 876
1283 2 2 101 41 876 853 872
1284 2 2 101 41 853 898 872
1285 2 2 101 41 856 863 855
1286 2 2 101 41 857 859 858
1287 2 2 101 41 857 858 860
1288 2 2 101 41 859 857 879
1289 2 2 101 41 857 860 934
1290 2 2 101 41 1105 858 859
1291 2 2 101 41 858 1122 860
1292 2 2 101 41 858 925 924
1293 2 2 101 41 1122 858 924
1294 2 2 101 41 858 1105 925
1295 2 2 101 41 859 879 861
1296 2 2 101 41 933 934 860
1297 2 2 101 41 1122 933 860
1298 2 2 101 41 864 866 865
1299 2 2 101 41 864 865 869
1300 2 2 101 41 864 867 866
1301 2 2 101 41 1046 867 864
1302 2 2 101 41 864 869 868
1303 2 2 101 41 868 1046 864
1304 2 2 101 41 1000 869 865
1305 2 2 101 41 866 867 1156
1306 2 2 101 41 1139 867 1046
1307 2 2 101 41 1139 1156 867
1308 2 2 101 41 870 871 872
1309 2 2 101 41 870 872 898
1310 2 2 101 41 875 872 871
1311 2 2 101 41 875 876 872
1312 2 2 101 41 882 874 883
1313 2 2 101 41 984 876 875
1314 2 2 101 41 984 875 1067
1315 2 2 101 41 880 881 1060
1316 2 2 101 41 1048 880 1060
1317 2 2 101 41 1060 881 1103
1318 2 2 101 41 1103 881 1064
1319 2 2 101 41 883 980 882
1320 2 2 101 41 882 980 1031
1321 2 2 101 41 890 993 960
1322 2 2 101 41 892 894 893
1323 2 2 101 41 892 893 1131
1324 2 2 101 41 1131 895 892
1325 2 2 101 41 893 894 1006
1326 2 2 101 41 970 893 1006
1327 2 2 101 41 970 1131 893
1328 2 2 101 41 895 1132 1066
1329 2 2 101 41 895 1131 1132
1330 2 2 101 41 1039 919 896
1331 2 2 101 41 1077 896 935
1332 2 2 101 41 896 1077 1039
1333 2 2 101 41 948 1159 900
1334 2 2 101 41 990 903 992
1335 2 2 101 41 904 906 905
1336 2 2 101 41 931 904 905
1337 2 2 101 41 904 909 906
1338 2 2 101 41 904 1013 909
1339 2 2 101 41 904 931 1013
1340 2 2 101 41 906 910 905
1341 2 2 101 41 905 910 937
1342 2 2 101 41 939 931 905
1343 2 2 101 41 905 937 939
1344 2 2 101 41 906 945 910
1345 2 2 101 41 968 907 1136
1346 2 2 101 41 908 1073 1045
1347 2 2 101 41 1072 1073 908
1348 2 2 101 41 909 1014 1003
1349 2 2 101 41 909 1013 1014
1350 2 2 101 41 911 1085 912
1351 2 2 101 41 1085 911 1012
1352 2 2 101 41 1036 912 1083
1353 2 2 101 41 1085 1083 912
1354 2 2 101 41 956 954 913
1355 2 2 101 41 913 954 1005
1356 2 2 101 41 1004 913 1005
1357 2 2 101 41 920 914 915
1358 2 2 101 41 920 1091 914
1359 2 2 101 41 1091 1055 914
1360 2 2 101 41 915 923 920
1361 2 2 101 41 915 1096 923
1362 2 2 101 41 1015 918 916
1363 2 2 101 41 916 1102 1015
1364 2 2 101 41 921 1085 922
1365 2 2 101 41 921 1023 1084
1366 2 2 101 41 921 1084 1085
1367 2 2 101 41 1012 922 1085
1368 2 2 101 41 1093 922 1012
1369 2 2 101 41 926 927 946
1370 2 2 101 41 1109 927 928
1371 2 2 101 41 928 1107 1106
1372 2 2 101 41 1106 1109 928
1373 2 2 101 41 931 939 932
1374 2 2 101 41 932 939 1017
1375 2 2 101 41 932 1026 947
1376 2 2 101 41 1017 1026 932
1377 2 2 101 41 933 935 934
1378 2 2 101 41 1080 935 933
1379 2 2 101 41 1077 935 1080
1380 2 2 101 41 936 938 937
1381 2 2 101 41 936 1134 938
1382 2 2 101 41 936 974 1134
1383 2 2 101 41 937 938 939
1384 2 2 101 41 938 1017 939
1385 2 2 101 41 1032 1034 940
1386 2 2 101 41 1033 940 1034
1387 2 2 101 41 1113 1002 941
1388 2 2 101 41 1107 943 1106
1389 2 2 101 41 1048 1047 944
1390 2 2 101 41 944 1047 1111
1391 2 2 101 41 1111 1110 944
1392 2 2 101 41 1081 1001 947
1393 2 2 101 41 947 1026 1081
1394 2 2 101 41 1100 948 949
1395 2 2 101 41 948 1100 982
1396 2 2 101 41 1099 1100 949
1397 2 2 101 41 1099 949 1142
1398 2 2 101 41 952 954 953
1399 2 2 101 41 952 953 1141
1400 2 2 101 41 954 952 955
1401 2 2 101 41 1153 955 952
1402 2 2 101 41 952 1145 994
1403 2 2 101 41 1153 952 994
1404 2 2 101 41 1145 952 1141
1405 2 2 101 41 953 954 956
1406 2 2 101 41 1151 955 1153
1407 2 2 101 41 958 1039 1077
1408 2 2 101 41 1080 958 1077
1409 2 2 101 41 1037 959 960
1410 2 2 101 41 1162 1016 959
1411 2 2 101 41 1162 959 1037
1412 2 2 101 41 960 993 991
1413 2 2 101 41 1036 960 991
1414 2 2 101 41 1036 1037 960
1415 2 2 101 41 962 964 963
1416 2 2 101 41 962 963 978
1417 2 2 101 41 1116 963 964
1418 2 2 101 41 963 1116 965
1419 2 2 101 41 965 1116 1148
1420 2 2 101 41 969 971 970
1421 2 2 101 41 1140 971 969
1422 2 2 101 41 969 1160 1140
1423 2 2 101 41 987 988 972
1424 2 2 101 41 988 1108 972
1425 2 2 101 41 1050 974 1049
1426 2 2 101 41 1134 974 1050
1427 2 2 101 41 979 1047 975
1428 2 2 101 41 977 1093 1051
1429 2 2 101 41 1111 1047 979
1430 2 2 101 41 979 1139 1111
1431 2 2 101 41 1139 979 1156
1432 2 2 101 41 980 1044 1031
1433 2 2 101 41 981 1125 1076
1434 2 2 101 41 982 1100 1063
1435 2 2 101 41 984 1067 985
1436 2 2 101 41 1130 1149 985
1437 2 2 101 41 1016 1089 986
1438 2 2 101 41 1089 1088 986
1439 2 2 101 41 987 989 988
1440 2 2 101 41 1135 988 989
1441 2 2 101 41 990 992 991
1442 2 2 101 41 991 993 990
1443 2 2 101 41 1036 991 992
1444 2 2 101 41 1145 1133 994
1445 2 2 101 41 1158 994 1133
1446 2 2 101 41 995 1101 1146
1447 2 2 101 41 998 999 1044
1448 2 2 101 41 1001 1081 999
1449 2 2 101 41 999 1095 1044
1450 2 2 101 41 1095 999 1081
1451 2 2 101 41 1004 1005 1002
1452 2 2 101 41 1113 1004 1002
1453 2 2 101 41 1114 1004 1113
1454 2 2 101 41 1004 1114 1155
1455 2 2 101 41 1028 1007 1029
1456 2 2 101 41 1014 1013 1015
1457 2 2 101 41 1014 1015 1102
1458 2 2 101 41 1089 1016 1162
1459 2 2 101 41 1017 1025 1026
1460 2 2 101 41 1018 1020 1019
1461 2 2 101 41 1018 1019 1021
1462 2 2 101 41 1020 1034 1019
1463 2 2 101 41 1032 1019 1034
1464 2 2 101 41 1020 1098 1034
1465 2 2 101 41 1024 1026 1025
1466 2 2 101 41 1031 1024 1025
1467 2 2 101 41 1081 1026 1024
1468 2 2 101 41 1095 1024 1031
1469 2 2 101 41 1081 1024 1095
1470 2 2 101 41 1031 1044 1095
1471 2 2 101 41 1057 1033 1034
1472 2 2 101 41 1057 1034 1098
1473 2 2 101 41 1036 1083 1037
1474 2 2 101 41 1110 1046 1041
1475 2 2 101 41 1075 1045 1073
1476 2 2 101 41 1139 1046 1110
1477 2 2 101 41 1104 1047 1048
1478 2 2 101 41 1060 1104 1048
1479 2 2 101 41 1154 1050 1049
1480 2 2 101 41 1114 1050 1155
1481 2 2 101 41 1155 1050 1154
1482 2 2 101 41 1052 1054 1053
1483 2 2 101 41 1059 1052 1053
1484 2 2 101 41 1052 1055 1054
1485 2 2 101 41 1054 1079 1053
1486 2 2 101 41 1075 1059 1053
1487 2 2 101 41 1078 1054 1055
1488 2 2 101 41 1079 1054 1078
1489 2 2 101 41 1078 1055 1092
1490 2 2 101 41 1092 1055 1091
1491 2 2 101 41 1057 1058 1056
1492 2 2 101 41 1058 1057 1098
1493 2 2 101 41 1059 1075 1074
1494 2 2 101 41 1082 1059 1074
1495 2 2 101 41 1103 1104 1060
1496 2 2 101 41 1100 1101 1063
1497 2 2 101 41 1101 1150 1063
1498 2 2 101 41 1064 1065 1126
1499 2 2 101 41 1086 1127 1065
1500 2 2 101 41 1126 1065 1127
1501 2 2 101 41 1071 1073 1072
1502 2 2 101 41 1118 1071 1072
1503 2 2 101 41 1071 1074 1073
1504 2 2 101 41 1082 1074 1071
1505 2 2 101 41 1129 1071 1118
1506 2 2 101 41 1117 1118 1072
1507 2 2 101 41 1073 1074 1075
1508 2 2 101 41 1138 1076 1125
1509 2 2 101 41 1094 1079 1078
1510 2 2 101 41 1083 1085 1084
1511 2 2 101 41 1135 1127 1086
1512 2 2 101 41 1101 1100 1099
1513 2 2 101 41 1099 1146 1101
1514 2 2 101 41 1128 1104 1103
1515 2 2 101 41 1111 1139 1110
1516 2 2 101 41 1147 1148 1116
1517 2 2 101 41 1117 1120 1121
1518 2 2 101 41 1152 1158 1133
1519 2 2 101 41 1143 1147 1136
1520 2 2 101 41 1147 1143 1148
1521 4 2 4 4 222 213 216 1261
1522 4 2 4 4 209 216 220 1261
1523 4 2 4 4 218 209 220 1261
1524 4 2 4 4 222 221 213 1261
1525 4 2 4 4 33 221 210 1261
1526 4 2 4 4 211 222 216 1261
1527 4 2 4 4 214 220 216 1261
1528 4 2 4 4 209 211 216 1261
1529 4 2 4 4 215 34 218 1261
1530 4 2 4 4 213 214 216 1261
1531 4 2 4 4 220 214 218 1261
1532 4 2 4 4 222 211 221 1261
1533 4 2 4 4 1 212 34 1261
1534 4 2 4 4 2 208 33 1261
1535 4 2 4 4 213 212 1 1261
1536 4 2 4 4 209 208 2 1261
1537 4 2 4 4 34 217 218 1261
1538 4 2 4 4 33 219 221 1261
1539 4 2 4 4 1 214 213 1261
1540 4 2 4 4 211 209 2 1261
1541 4 2 4 4 211 210 221 1261
1542 4 2 4 4 210 2 33 1261
1543 4 2 4 4 214 215 218 1261
1544 4 2 4 4 213 219 212 1261
1545 4 2 4 4 211 2 210 1261
1546 4 2 4 4 1 34 215 1261
1547 4 2 4 4 208 209 217 1261
1548 4 2 4 4 214 1 215 1261
1549 4 2 4 4 218 217 209 1261
1550 4 2 4 4 219 213 221 1261
1551 4 2 4 4 33 217 34 1261
1552 4 2 4 4 33 34 219 1261
1553 4 2 4 4 219 34 212 1261
1554 4 2 4 4 208 217 33 1261
1555 4 2 2 5 4 3 228 225
1556 4 2 2 5 236 235 238 233
1557 4 2 2 5 227 226 234 237
1558 4 2 2 5 229 231 235 233
1559 4 2 2 5 234 232 224 237
1560 4 2 2 5 224 231 234 229
1561 4 2 2 5 234 226 227 229
1562 4 2 2 5 238 230 236 228
1563 4 2 2 5 227 224 234 229
1564 4 2 2 5 227 234 224 237
1565 4 2 2 5 228 236 238 233
1566 4 2 2 5 229 231 233 225
1567 4 2 2 5 231 232 224 234
1568 4 2 2 5 230 42 238 236
1569 4 2 2 5 226 37 234 237
1570 4 2 2 5 232 223 224 237
1571 4 2 2 5 224 231 229 225
1572 4 2 2 5 37 232 234 237
1573 4 2 2 5 229 227 224 228
1574 4 2 2 5 238 235 44 233
1575 4 2 2 5 43 235 238 236
1576 4 2 2 5 238 42 43 236
1577 4 2 2 5 36 226 227 237
1578 4 2 2 5 227 35 36 237
1579 4 2 2 5 235 44 43 238
1580 4 2 2 5 238 41 42 230
1581 4 2 2 5 40 3 223 237
1582 4 2 2 5 238 228 233 225
1583 4 2 2 5 232 37 38 237
1584 4 2 2 5 233 228 229 225
1585 4 2 2 5 36 37 226 237
1586 4 2 2 5 238 44 45 233
1587 4 2 2 5 228 3 227 225
1588 4 2 2 5 45 238 233 225
1589 4 2 2 5 224 3 227 237
1590 4 2 2 5 238 45 46 225
1591 4 2 2 5 3 224 223 237
1592 4 2 2 5 228 224 229 225
1593 4 2 2 5 228 227 224 225
1594 4 2 2 5 38 223 232 237
1595 4 2 2 5 231 224 233 225
1596 4 2 2 5 3 224 227 225
1597 4 2 2 5 223 38 39 237
1598 4 2 2 5 39 40 223 237
1599 4 2 2 5 230 238 4 228
1600 4 2 2 5 4 41 238 230
1601 4 2 2 5 227 3 35 237
1602 4 2 2 5 238 46 4 225
1603 4 2 2 5 228 238 4 225
1604 4 2 2 5 4 41 230 228
1605 4 2 2 5 236 233 229 235
1606 4 2 2 5 229 233 236 228
1607 4 2 2 6 5 6 243 241
1608 4 2 2 6 241 250 249 252
1609 4 2 2 6 239 6 253 53
1610 4 2 2 6 242 5 252 52
1611 4 2 2 6 251 253 56 248
1612 4 2 2 6 249 246 245 244
1613 4 2 2 6 245 247 248 240
1614 4 2 2 6 244 246 242 252
1615 4 2 2 6 239 248 253 240
1616 4 2 2 6 49 50 246 252
1617 4 2 2 6 253 55 56 248
1618 4 2 2 6 245 241 249 244
1619 4 2 2 6 247 245 243 240
1620 4 2 2 6 247 251 56 248
1621 4 2 2 6 242 246 50 252
1622 4 2 2 6 248 253 55 239
1623 4 2 2 6 245 249 241 240
1624 4 2 2 6 243 244 245 247
1625 4 2 2 6 243 245 241 240
1626 4 2 2 6 244 245 241 243
1627 4 2 2 6 51 52 242 252
1628 4 2 2 6 53 54 253 239
1629 4 2 2 6 242 50 51 252
1630 4 2 2 6 253 54 55 239
1631 4 2 2 6 56 57 253 251
1632 4 2 2 6 250 48 49 252
1633 4 2 2 6 243 244 5 241
1634 4 2 2 6 241 240 6 243
1635 4 2 2 6 58 6 253 243
1636 4 2 2 6 5 47 241 252
1637 4 2 2 6 241 48 252 47
1638 4 2 2 6 252 48 241 250
1639 4 2 2 6 243 57 253 58
1640 4 2 2 6 243 253 57 251
1641 4 2 2 6 249 252 49 246
1642 4 2 2 6 49 252 249 250
1643 4 2 2 6 249 244 252 246
1644 4 2 2 6 252 244 249 241
1645 4 2 2 6 240 253 251 248
1646 4 2 2 6 251 253 240 243
1647 4 2 2 6 251 247 240 248
1648 4 2 2 6 240 247 251 243
1649 4 2 2 6 5 244 252 241
1650 4 2 2 6 5 252 244 242
1651 4 2 2 6 6 240 253 243
1652 4 2 2 6 6 253 240 239
1653 4 2 2 7 259 7 8 256
1654 4 2 2 7 268 267 266 264
1655 4 2 2 7 257 265 258 269
1656 4 2 2 7 262 266 260 264
1657 4 2 2 7 265 263 255 269
1658 4 2 2 7 262 265 255 260
1659 4 2 2 7 257 258 265 260
1660 4 2 2 7 267 268 261 259
1661 4 2 2 7 265 258 255 260
1662 4 2 2 7 255 258 265 269
1663 4 2 2 7 267 268 259 264
1664 4 2 2 7 256 262 260 264
1665 4 2 2 7 265 255 263 262
1666 4 2 2 7 267 268 63 261
1667 4 2 2 7 68 265 257 269
1668 4 2 2 7 263 254 255 269
1669 4 2 2 7 260 255 262 256
1670 4 2 2 7 265 68 263 269
1671 4 2 2 7 260 258 255 259
1672 4 2 2 7 62 268 267 266
1673 4 2 2 7 257 258 69 269
1674 4 2 2 7 266 61 268 264
1675 4 2 2 7 268 63 62 267
1676 4 2 2 7 70 69 258 269
1677 4 2 2 7 64 63 268 261
1678 4 2 2 7 268 62 61 266
1679 4 2 2 7 254 65 8 269
1680 4 2 2 7 257 69 68 269
1681 4 2 2 7 256 259 268 264
1682 4 2 2 7 68 67 263 269
1683 4 2 2 7 260 259 256 264
1684 4 2 2 7 259 8 258 256
1685 4 2 2 7 61 60 268 264
1686 4 2 2 7 258 255 8 269
1687 4 2 2 7 268 60 256 264
1688 4 2 2 7 255 254 8 269
1689 4 2 2 7 268 60 59 256
1690 4 2 2 7 255 260 259 256
1691 4 2 2 7 259 258 255 256
1692 4 2 2 7 255 262 256 264
1693 4 2 2 7 254 263 67 269
1694 4 2 2 7 8 255 258 256
1695 4 2 2 7 254 67 66 269
1696 4 2 2 7 254 66 65 269
1697 4 2 2 7 261 268 7 259
1698 4 2 2 7 7 64 268 261
1699 4 2 2 7 258 8 70 269
1700 4 2 2 7 268 59 7 256
1701 4 2 2 7 259 268 7 256
1702 4 2 2 7 7 64 261 259
1703 4 2 2 7 264 267 260 259
1704 4 2 2 7 264 260 267 266
1705 4 2 2 8 10 9 274 273
1706 4 2 2 8 280 283 284 286
1707 4 2 2 8 272 285 282 279
1708 4 2 2 8 272 282 277 279
1709 4 2 2 8 270 271 285 282
1710 4 2 2 8 272 281 285 279
1711 4 2 2 8 271 282 277 272
1712 4 2 2 8 282 271 285 272
1713 4 2 2 8 277 282 278 279
1714 4 2 2 8 277 281 272 279
1715 4 2 2 8 284 276 274 286
1716 4 2 2 8 270 275 271 282
1717 4 2 2 8 284 274 280 286
1718 4 2 2 8 270 285 73 282
1719 4 2 2 8 284 78 276 286
1720 4 2 2 8 281 74 285 279
1721 4 2 2 8 282 285 73 279
1722 4 2 2 8 281 285 75 272
1723 4 2 2 8 271 274 9 272
1724 4 2 2 8 283 280 80 286
1725 4 2 2 8 285 74 73 279
1726 4 2 2 8 284 283 79 286
1727 4 2 2 8 285 75 74 281
1728 4 2 2 8 79 78 284 286
1729 4 2 2 8 271 285 72 270
1730 4 2 2 8 76 75 285 272
1731 4 2 2 8 285 72 71 271
1732 4 2 2 8 283 80 79 286
1733 4 2 2 8 78 77 276 286
1734 4 2 2 8 273 280 274 286
1735 4 2 2 8 73 72 285 270
1736 4 2 2 8 273 9 274 272
1737 4 2 2 8 81 80 280 286
1738 4 2 2 8 280 273 81 286
1739 4 2 2 8 273 82 81 286
1740 4 2 2 8 9 285 271 272
1741 4 2 2 8 10 274 276 286
1742 4 2 2 8 276 77 10 286
1743 4 2 2 8 285 71 9 271
1744 4 2 2 8 285 9 76 272
1745 4 2 2 8 273 10 82 286
1746 4 2 2 8 274 10 273 286
1747 4 2 2 8 274 77 10 276
1748 4 2 2 8 284 280 275 283
1749 4 2 2 8 284 275 280 274
1750 4 2 2 8 278 275 280 283
1751 4 2 2 8 272 274 277 271
1752 4 2 2 8 272 277 274 273
1753 4 2 2 8 277 280 274 273
1754 4 2 2 8 271 277 275 274
1755 4 2 2 8 280 277 275 278
1756 4 2 2 8 280 275 277 274
1757 4 2 2 8 277 275 282 271
1758 4 2 2 8 277 282 275 278
1759 4 2 2 9 292 11 12 289
1760 4 2 2 9 297 299 300 302
1761 4 2 2 9 291 290 298 303
1762 4 2 2 9 299 293 295 297
1763 4 2 2 9 287 303 298 296
1764 4 2 2 9 295 298 287 293
1765 4 2 2 9 300 301 292 302
1766 4 2 2 9 303 298 291 287
1767 4 2 2 9 298 291 287 293
1768 4 2 2 9 298 290 291 293
1769 4 2 2 9 297 300 292 302
1770 4 2 2 9 289 294 297 302
1771 4 2 2 9 301 300 87 302
1772 4 2 2 9 92 298 290 303
1773 4 2 2 9 12 288 89 303
1774 4 2 2 9 92 298 303 296
1775 4 2 2 9 287 295 293 289
1776 4 2 2 9 291 287 293 292
1777 4 2 2 9 295 287 298 296
1778 4 2 2 9 299 86 300 302
1779 4 2 2 9 93 290 291 303
1780 4 2 2 9 300 86 87 302
1781 4 2 2 9 303 287 288 296
1782 4 2 2 9 291 94 93 303
1783 4 2 2 9 301 87 88 302
1784 4 2 2 9 303 91 92 296
1785 4 2 2 9 93 92 290 303
1786 4 2 2 9 292 289 297 302
1787 4 2 2 9 299 85 86 302
1788 4 2 2 9 303 291 12 287
1789 4 2 2 9 292 12 291 289
1790 4 2 2 9 292 287 293 289
1791 4 2 2 9 12 288 303 287
1792 4 2 2 9 287 295 289 297
1793 4 2 2 9 291 287 292 289
1794 4 2 2 9 288 91 303 296
1795 4 2 2 9 287 291 12 289
1796 4 2 2 9 303 89 90 288
1797 4 2 2 9 303 90 91 288
1798 4 2 2 9 292 301 11 302
1799 4 2 2 9 88 11 301 302
1800 4 2 2 9 294 84 85 302
1801 4 2 2 9 291 12 94 303
1802 4 2 2 9 289 11 83 302
1803 4 2 2 9 289 292 11 302
1804 4 2 2 9 11 88 301 292
1805 4 2 2 9 289 84 302 83
1806 4 2 2 9 289 302 84 294
1807 4 2 2 9 302 297 85 294
1808 4 2 2 9 302 85 297 299
1809 4 2 2 9 300 297 293 299
1810 4 2 2 9 293 297 300 292
1811 4 2 2 9 297 293 289 292
1812 4 2 2 9 297 289 293 295
1813 4 2 2 10 14 309 13 306
1814 4 2 2 10 315 307 320 308
1815 4 2 2 10 304 313 320 315
1816 4 2 2 10 312 304 310 315
1817 4 2 2 10 318 317 319 309
1818 4 2 2 10 315 320 304 308
1819 4 2 2 10 315 304 310 308
1820 4 2 2 10 310 307 315 308
1821 4 2 2 10 316 317 310 309
1822 4 2 2 10 317 319 99 318
1823 4 2 2 10 307 320 104 315
1824 4 2 2 10 14 305 101 320
1825 4 2 2 10 320 313 104 315
1826 4 2 2 10 304 309 310 308
1827 4 2 2 10 304 312 313 315
1828 4 2 2 10 311 319 97 316
1829 4 2 2 10 316 319 98 317
1830 4 2 2 10 307 105 320 308
1831 4 2 2 10 319 99 98 317
1832 4 2 2 10 305 304 313 320
1833 4 2 2 10 320 105 106 308
1834 4 2 2 10 100 99 319 318
1835 4 2 2 10 104 103 313 320
1836 4 2 2 10 105 307 320 104
1837 4 2 2 10 319 98 97 316
1838 4 2 2 10 309 314 306 312
1839 4 2 2 10 320 14 304 308
1840 4 2 2 10 306 14 309 308
1841 4 2 2 10 314 311 97 316
1842 4 2 2 10 14 305 320 304
1843 4 2 2 10 304 306 314 312
1844 4 2 2 10 304 306 309 308
1845 4 2 2 10 313 103 305 320
1846 4 2 2 10 14 306 304 308
1847 4 2 2 10 305 102 101 320
1848 4 2 2 10 103 102 305 320
1849 4 2 2 10 318 319 13 309
1850 4 2 2 10 13 100 319 318
1851 4 2 2 10 97 96 319 311
1852 4 2 2 10 320 106 14 308
1853 4 2 2 10 319 95 13 306
1854 4 2 2 10 306 13 319 309
1855 4 2 2 10 13 100 318 309
1856 4 2 2 10 306 96 319 95
1857 4 2 2 10 319 96 306 311
1858 4 2 2 10 311 316 317 319
1859 4 2 2 10 311 317 309 319
1860 4 2 2 10 311 309 306 319
1861 4 2 2 10 306 309 311 314
1862 4 2 2 10 316 309 311 317
1863 4 2 2 10 311 309 316 314
1864 4 2 2 10 312 309 316 310
1865 4 2 2 10 312 316 309 314
1866 4 2 2 10 312 309 304 306
1867 4 2 2 10 312 304 309 310
1868 4 2 3 11 16 15 325 324
1869 4 2 3 11 336 330 333 323
1870 4 2 3 11 330 333 323 328
1871 4 2 3 11 333 322 321 336
1872 4 2 3 11 330 336 332 323
1873 4 2 3 11 323 333 322 328
1874 4 2 3 11 333 322 336 323
1875 4 2 3 11 333 330 329 328
1876 4 2 3 11 323 332 330 328
1877 4 2 3 11 327 335 337 325
1878 4 2 3 11 326 333 322 321
1879 4 2 3 11 335 334 325 326
1880 4 2 3 11 321 109 333 336
1881 4 2 3 11 335 337 114 327
1882 4 2 3 11 110 330 336 332
1883 4 2 3 11 330 333 109 336
1884 4 2 3 11 332 336 111 323
1885 4 2 3 11 325 15 322 323
1886 4 2 3 11 337 116 331 334
1887 4 2 3 11 109 110 330 336
1888 4 2 3 11 335 115 337 334
1889 4 2 3 11 336 111 110 332
1890 4 2 3 11 337 114 115 335
1891 4 2 3 11 321 322 108 336
1892 4 2 3 11 336 112 111 323
1893 4 2 3 11 107 108 322 336
1894 4 2 3 11 115 116 337 334
1895 4 2 3 11 113 114 337 327
1896 4 2 3 11 331 337 325 324
1897 4 2 3 11 321 108 109 336
1898 4 2 3 11 15 325 324 323
1899 4 2 3 11 331 117 116 337
1900 4 2 3 11 337 331 117 324
1901 4 2 3 11 337 117 118 324
1902 4 2 3 11 336 322 15 323
1903 4 2 3 11 327 337 16 325
1904 4 2 3 11 337 16 113 327
1905 4 2 3 11 322 15 107 336
1906 4 2 3 11 15 112 336 323
1907 4 2 3 11 118 16 337 324
1908 4 2 3 11 325 337 16 324
1909 4 2 3 11 16 113 327 325
1910 4 2 3 11 325 329 334 331
1911 4 2 3 11 325 334 329 326
1912 4 2 3 11 325 334 337 331
1913 4 2 3 11 325 337 334 335
1914 4 2 3 11 323 325 328 322
1915 4 2 3 11 323 328 325 324
1916 4 2 3 11 329 325 322 328
1917 4 2 3 11 322 325 329 326
1918 4 2 3 11 322 333 329 328
1919 4 2 3 11 329 333 322 326
1920 4 2 3 11 328 325 331 329
1921 4 2 3 11 328 331 325 324
1922 4 2 3 12 17 18 343 340
1923 4 2 3 12 349 342 341 354
1924 4 2 3 12 350 346 348 344
1925 4 2 3 12 349 347 338 354
1926 4 2 3 12 349 338 346 344
1927 4 2 3 12 351 343 353 352
1928 4 2 3 12 338 342 349 354
1929 4 2 3 12 338 349 342 344
1930 4 2 3 12 341 342 349 344
1931 4 2 3 12 351 353 123 352
1932 4 2 3 12 349 341 128 354
1933 4 2 3 12 18 339 125 354
1934 4 2 3 12 347 349 128 354
1935 4 2 3 12 338 340 346 344
1936 4 2 3 12 343 338 342 344
1937 4 2 3 12 338 347 349 346
1938 4 2 3 12 345 353 121 350
1939 4 2 3 12 350 353 122 351
1940 4 2 3 12 342 129 341 354
1941 4 2 3 12 353 123 122 351
1942 4 2 3 12 347 339 338 354
1943 4 2 3 12 130 129 342 354
1944 4 2 3 12 124 123 353 352
1945 4 2 3 12 128 127 347 354
1946 4 2 3 12 129 128 341 354
1947 4 2 3 12 353 122 121 350
1948 4 2 3 12 338 18 342 354
1949 4 2 3 12 340 342 18 343
1950 4 2 3 12 340 338 343 344
1951 4 2 3 12 348 345 121 350
1952 4 2 3 12 18 339 354 338
1953 4 2 3 12 348 338 340 346
1954 4 2 3 12 340 338 342 343
1955 4 2 3 12 339 347 127 354
1956 4 2 3 12 338 342 18 340
1957 4 2 3 12 126 125 339 354
1958 4 2 3 12 339 127 126 354
1959 4 2 3 12 17 352 353 343
1960 4 2 3 12 17 352 124 353
1961 4 2 3 12 121 120 353 345
1962 4 2 3 12 18 130 342 354
1963 4 2 3 12 353 119 17 340
1964 4 2 3 12 17 353 340 343
1965 4 2 3 12 17 352 343 124
1966 4 2 3 12 120 340 353 345
1967 4 2 3 12 353 340 120 119
1968 4 2 3 12 345 350 351 353
1969 4 2 3 12 351 350 345 348
1970 4 2 3 12 345 351 343 353
1971 4 2 3 12 343 351 345 348
1972 4 2 3 12 345 343 340 353
1973 4 2 3 12 340 343 345 348
1974 4 2 3 12 351 348 344 350
1975 4 2 3 12 351 344 348 343
1976 4 2 3 12 348 344 340 343
1977 4 2 3 12 340 344 348 346
1978 4 2 3 13 19 20 360 357
1979 4 2 3 13 358 366 359 371
1980 4 2 3 13 366 371 364 355
1981 4 2 3 13 355 366 361 363
1982 4 2 3 13 369 368 370 360
1983 4 2 3 13 371 366 359 355
1984 4 2 3 13 355 366 359 361
1985 4 2 3 13 359 366 358 361
1986 4 2 3 13 368 361 367 360
1987 4 2 3 13 368 370 135 369
1988 4 2 3 13 358 140 366 371
1989 4 2 3 13 20 356 137 371
1990 4 2 3 13 371 140 366 364
1991 4 2 3 13 363 361 355 357
1992 4 2 3 13 359 355 361 360
1993 4 2 3 13 355 364 366 363
1994 4 2 3 13 133 362 370 367
1995 4 2 3 13 368 134 370 367
1996 4 2 3 13 358 359 141 371
1997 4 2 3 13 370 135 134 368
1998 4 2 3 13 356 364 371 355
1999 4 2 3 13 142 141 359 371
2000 4 2 3 13 136 135 370 369
2001 4 2 3 13 139 140 371 364
2002 4 2 3 13 358 141 140 371
2003 4 2 3 13 134 133 370 367
2004 4 2 3 13 371 359 20 355
2005 4 2 3 13 360 20 359 357
2006 4 2 3 13 360 355 361 357
2007 4 2 3 13 362 133 365 367
2008 4 2 3 13 20 356 371 355
2009 4 2 3 13 363 355 365 357
2010 4 2 3 13 359 355 360 357
2011 4 2 3 13 364 371 139 356
2012 4 2 3 13 355 359 20 357
2013 4 2 3 13 371 137 138 356
2014 4 2 3 13 138 139 371 356
2015 4 2 3 13 369 370 19 360
2016 4 2 3 13 370 19 136 369
2017 4 2 3 13 362 132 133 370
2018 4 2 3 13 20 142 359 371
2019 4 2 3 13 370 131 19 357
2020 4 2 3 13 360 370 19 357
2021 4 2 3 13 369 19 136 360
2022 4 2 3 13 132 357 370 362
2023 4 2 3 13 370 357 132 131
2024 4 2 3 13 362 367 368 370
2025 4 2 3 13 362 368 360 370
2026 4 2 3 13 362 360 357 370
2027 4 2 3 13 357 360 362 365
2028 4 2 3 13 360 367 362 365
2029 4 2 3 13 360 362 367 368
2030 4 2 3 13 357 361 365 363
2031 4 2 3 13 357 365 361 360
2032 4 2 3 13 367 365 361 363
2033 4 2 3 13 367 361 365 360
2034 4 2 3 14 376 22 21 374
2035 4 2 3 14 386 383 379 382
2036 4 2 3 14 382 378 385 384
2037 4 2 3 14 390 386 383 375
2038 4 2 3 14 386 390 381 375
2039 4 2 3 14 383 377 390 375
2040 4 2 3 14 372 385 373 389
2041 4 2 3 14 385 379 374 382
2042 4 2 3 14 378 376 383 382
2043 4 2 3 14 387 388 374 389
2044 4 2 3 14 390 381 376 380
2045 4 2 3 14 378 385 374 382
2046 4 2 3 14 379 383 376 382
2047 4 2 3 14 373 379 385 372
2048 4 2 3 14 375 383 377 378
2049 4 2 3 14 386 383 376 379
2050 4 2 3 14 374 373 379 385
2051 4 2 3 14 375 376 383 378
2052 4 2 3 14 374 373 385 387
2053 4 2 3 14 374 373 387 389
2054 4 2 3 14 376 381 390 375
2055 4 2 3 14 376 381 386 379
2056 4 2 3 14 147 388 387 389
2057 4 2 3 14 377 390 152 383
2058 4 2 3 14 372 145 385 389
2059 4 2 3 14 381 390 150 380
2060 4 2 3 14 386 152 390 383
2061 4 2 3 14 384 385 145 389
2062 4 2 3 14 387 384 146 389
2063 4 2 3 14 377 153 390 375
2064 4 2 3 14 387 146 147 389
2065 4 2 3 14 386 390 151 381
2066 4 2 3 14 390 150 151 381
2067 4 2 3 14 372 373 144 389
2068 4 2 3 14 153 154 390 375
2069 4 2 3 14 388 147 148 389
2070 4 2 3 14 145 146 384 389
2071 4 2 3 14 390 151 152 386
2072 4 2 3 14 143 144 373 389
2073 4 2 3 14 374 21 376 373
2074 4 2 3 14 22 376 375 374
2075 4 2 3 14 390 149 150 380
2076 4 2 3 14 390 152 153 377
2077 4 2 3 14 372 144 145 389
2078 4 2 3 14 376 374 373 379
2079 4 2 3 14 376 375 374 378
2080 4 2 3 14 374 388 21 389
2081 4 2 3 14 376 22 390 380
2082 4 2 3 14 388 148 21 389
2083 4 2 3 14 22 149 390 380
2084 4 2 3 14 373 374 21 389
2085 4 2 3 14 376 390 22 375
2086 4 2 3 14 21 143 373 389
2087 4 2 3 14 154 22 390 375
2088 4 2 3 14 21 148 388 374
2089 4 2 3 14 149 22 376 380
2090 4 2 3 14 385 387 389 384
2091 4 2 3 14 389 387 385 373
2092 4 2 3 14 375 386 376 381
2093 4 2 3 14 375 376 386 383
2094 4 2 3 14 387 385 378 384
2095 4 2 3 14 387 378 385 374
2096 4 2 3 14 382 376 374 378
2097 4 2 3 14 382 374 376 379
2098 4 2 3 15 24 23 395 394
2099 4 2 3 15 403 398 399 396
2100 4 2 3 15 404 407 405 401
2101 4 2 3 15 396 403 398 392
2102 4 2 3 15 403 400 393 406
2103 4 2 3 15 398 400 393 403
2104 4 2 3 15 403 406 392 391
2105 4 2 3 15 400 402 393 406
2106 4 2 3 15 393 398 403 392
2107 4 2 3 15 393 403 406 392
2108 4 2 3 15 399 400 398 403
2109 4 2 3 15 393 402 400 398
2110 4 2 3 15 405 397 395 407
2111 4 2 3 15 396 398 395 392
2112 4 2 3 15 392 396 403 391
2113 4 2 3 15 407 395 405 401
2114 4 2 3 15 398 393 394 392
2115 4 2 3 15 406 403 157 391
2116 4 2 3 15 405 397 407 162
2117 4 2 3 15 158 406 402 400
2118 4 2 3 15 157 400 403 406
2119 4 2 3 15 393 402 159 406
2120 4 2 3 15 164 407 404 401
2121 4 2 3 15 157 158 400 406
2122 4 2 3 15 398 394 395 392
2123 4 2 3 15 163 407 405 404
2124 4 2 3 15 406 158 402 159
2125 4 2 3 15 162 407 405 163
2126 4 2 3 15 392 406 156 391
2127 4 2 3 15 393 159 160 406
2128 4 2 3 15 406 156 155 392
2129 4 2 3 15 404 163 407 164
2130 4 2 3 15 397 407 162 161
2131 4 2 3 15 395 407 394 401
2132 4 2 3 15 406 157 156 391
2133 4 2 3 15 164 165 407 401
2134 4 2 3 15 165 394 407 401
2135 4 2 3 15 165 407 394 166
2136 4 2 3 15 23 393 406 392
2137 4 2 3 15 395 397 24 407
2138 4 2 3 15 407 397 24 161
2139 4 2 3 15 406 155 23 392
2140 4 2 3 15 160 23 393 406
2141 4 2 3 15 407 24 394 166
2142 4 2 3 15 24 395 407 394
2143 4 2 3 15 24 397 395 161
2144 4 2 3 15 401 399 396 404
2145 4 2 3 15 396 405 401 404
2146 4 2 3 15 401 405 396 395
2147 4 2 3 15 392 394 23 393
2148 4 2 3 15 392 23 394 395
2149 4 2 3 15 401 395 398 394
2150 4 2 3 15 396 398 401 395
2151 4 2 3 15 396 401 398 399
2152 4 2 3 16 412 25 26 410
2153 4 2 3 16 416 411 421 413
2154 4 2 3 16 419 411 416 414
2155 4 2 3 16 416 415 419 414
2156 4 2 3 16 414 411 416 413
2157 4 2 3 16 417 418 409 422
2158 4 2 3 16 410 419 415 414
2159 4 2 3 16 409 418 417 415
2160 4 2 3 16 419 410 411 414
2161 4 2 3 16 170 416 421 413
2162 4 2 3 16 415 417 412 414
2163 4 2 3 16 408 26 422 173
2164 4 2 3 16 416 421 420 169
2165 4 2 3 16 411 171 421 413
2166 4 2 3 16 176 175 418 422
2167 4 2 3 16 169 416 421 170
2168 4 2 3 16 408 409 418 422
2169 4 2 3 16 421 171 170 413
2170 4 2 3 16 422 409 417 412
2171 4 2 3 16 415 412 410 414
2172 4 2 3 16 171 172 411 421
2173 4 2 3 16 417 176 418 422
2174 4 2 3 16 25 412 411 410
2175 4 2 3 16 412 409 417 415
2176 4 2 3 16 420 419 416 169
2177 4 2 3 16 412 411 410 414
2178 4 2 3 16 408 418 175 422
2179 4 2 3 16 177 422 417 412
2180 4 2 3 16 177 178 422 412
2181 4 2 3 16 409 410 419 415
2182 4 2 3 16 417 176 422 177
2183 4 2 3 16 410 409 412 415
2184 4 2 3 16 174 173 408 422
2185 4 2 3 16 174 408 175 422
2186 4 2 3 16 421 168 420 169
2187 4 2 3 16 410 409 26 412
2188 4 2 3 16 25 411 421 410
2189 4 2 3 16 25 411 172 421
2190 4 2 3 16 26 422 178 412
2191 4 2 3 16 167 25 421 410
2192 4 2 3 16 410 168 421 167
2193 4 2 3 16 421 168 410 420
2194 4 2 3 16 416 420 411 419
2195 4 2 3 16 416 411 420 421
2196 4 2 3 16 410 411 420 419
2197 4 2 3 16 410 420 411 421
2198 4 2 3 16 26 409 422 412
2199 4 2 3 16 26 422 409 408
2200 4 2 6 17 563 1410 1657 1691
2201 4 2 6 17 1179 1502 1533 1755
2202 4 2 6 17 1188 1568 1455 1576
2203 4 2 6 17 1486 1527 1298 1640
2204 4 2 6 17 1496 1538 647 1700
2205 4 2 6 17 1353 1411 537 1472
2206 4 2 6 17 1350 1491 1483 1924
2207 4 2 6 17 1481 1486 1367 1597
2208 4 2 6 17 1281 1429 1380 1459
2209 4 2 6 17 1220 1438 1677 1864
2210 4 2 6 17 599 1452 1385 1507
2211 4 2 6 17 1272 1413 1344 1745
2212 4 2 6 17 1199 1578 1384 1652
2213 4 2 6 17 1345 1583 613 1594
2214 4 2 6 17 1561 1683 1272 1747
2215 4 2 6 17 1188 1576 1455 1881
2216 4 2 6 17 1292 1403 1387 1544
2217 4 2 6 17 1188 1455 1568 1881
2218 4 2 6 17 483 1444 1645 1849
2219 4 2 6 17 1309 1447 1487 1526
2220 4 2 6 17 1361 1273 1640 1750
2221 4 2 6 17 902 1412 1563 1670
2222 4 2 6 17 1318 1264 1485 1567
2223 4 2 6 17 846 1389 1751 1869
2224 4 2 6 17 1354 1527 1486 1640
2225 4 2 6 17 1305 1571 1767 1786
2226 4 2 6 17 1341 1466 1676 1772
2227 4 2 6 17 1292 1767 1571 1786
2228 4 2 6 17 1002 1676 1341 1875
2229 4 2 6 17 1268 1367 1486 1597
2230 4 2 6 17 1272 1733 1446 1745
2231 4 2 6 17 1369 1640 1273 1750
2232 4 2 6 17 1272 1344 1733 1745
2233 4 2 6 17 1393 1549 1461 1591
2234 4 2 6 17 203 1324 1437 1557
2235 4 2 6 17 1397 1525 1268 1752
2236 4 2 6 17 1382 590 1497 1670
2237 4 2 6 17 1477 1518 1287 1746
2238 4 2 6 17 1461 1549 1282 1591
2239 4 2 6 17 1165 1317 1194 1656
2240 4 2 6 17 1321 1294 1427 1569
2241 4 2 6 17 563 562 1410 1691
2242 4 2 6 17 483 1645 1444 1739
2243 4 2 6 17 1369 1464 1273 1905
2244 4 2 6 17 1632 1815 1564 1917
2245 4 2 6 17 1372 1440 687 1523
2246 4 2 6 17 1575 1645 981 1739
2247 4 2 6 17 1437 1636 1266 1648
2248 4 2 6 17 1285 1558 1438 1626
2249 4 2 6 17 1082 1457 1393 1613
2250 4 2 6 17 1335 1502 1394 1533
2251 4 2 6 17 1375 1296 1548 1610
2252 4 2 6 17 1287 1480 1552 1843
2253 4 2 6 17 1426 1272 1683 1747
2254 4 2 6 17 1292 1387 1403 1455
2255 4 2 6 17 563 1657 1410 1706
2256 4 2 6 17 537 1411 1353 1476
2257 4 2 6 17 611 1708 1594 1740
2258 4 2 6 17 1560 1582 1333 1743
2259 4 2 6 17 1272 1446 1413 1745
2260 4 2 6 17 1310 1518 1477 1746
2261 4 2 6 17 1324 203 1437 1623
2262 4 2 6 17 1304 1645 1444 1849
2263 4 2 6 17 1324 1623 1437 1940
2264 4 2 6 17 1451 1333 1582 1743
2265 4 2 6 17 776 1431 1650 1724
2266 4 2 6 17 1380 1429 1281 1712
2267 4 2 6 17 646 1336 1441 1758
2268 4 2 6 17 1319 1650 1431 1724
2269 4 2 6 17 711 1459 1380 1657
2270 4 2 6 17 1310 1385 1518 1746
2271 4 2 6 17 1394 1533 1502 1755
2272 4 2 6 17 1145 1619 1475 1817
2273 4 2 6 17 1331 1593 1376 1618
2274 4 2 6 17 1383 1397 1268 1752
2275 4 2 6 17 1276 1331 1512 1616
2276 4 2 6 17 1374 1463 1020 1538
2277 4 2 6 17 1188 1568 1576 1900
2278 4 2 6 17 1353 1473 423 1645
2279 4 2 6 17 1444 1645 1304 1739
2280 4 2 6 17 1272 1561 1426 1683
2281 4 2 6 17 1285 1487 1447 1526
2282 4 2 6 17 1289 1381 1514 1550
2283 4 2 6 17 1327 1549 1393 1591
2284 4 2 6 17 1438 1626 1558 1939
2285 4 2 6 17 1348 1561 1272 1747
2286 4 2 6 17 1344 1413 1272 1581
2287 4 2 6 17 565 1435 1422 1563
2288 4 2 6 17 1376 1593 1278 1618
2289 4 2 6 17 1422 1497 590 1670
2290 4 2 6 17 1071 1393 1461 1591
2291 4 2 6 17 687 1440 1372 1521
2292 4 2 6 17 875 1509 1383 1539
2293 4 2 6 17 1276 1512 1387 1616
2294 4 2 6 17 1321 1427 1294 1494
2295 4 2 6 17 1701 1746 1310 1769
2296 4 2 6 17 1431 1532 777 1650
2297 4 2 6 17 1341 1676 1002 1772
2298 4 2 6 17 1276 1417 1387 1512
2299 4 2 6 17 777 1532 1431 1753
2300 4 2 6 17 589 1382 590 1497
2301 4 2 6 17 1375 1548 1498 1610
2302 4 2 6 17 878 1418 1439 1740
2303 4 2 6 17 1491 1647 1406 1732
2304 4 2 6 17 1194 1656 1317 1755
2305 4 2 6 17 1339 1410 1288 1496
2306 4 2 6 17 1403 1455 1387 1881
2307 4 2 6 17 1267 1540 1403 1675
2308 4 2 6 17 1334 1511 1390 1603
2309 4 2 6 17 1495 1578 1489 1828
2310 4 2 6 17 1155 1402 1050 1611
2311 4 2 6 17 1314 1336 1441 1852
2312 4 2 6 17 1383 1525 1397 1752
2313 4 2 6 17 1336 1314 1441 1551
2314 4 2 6 17 1434 1619 954 1771
2315 4 2 6 17 1492 1754 1043 1817
2316 4 2 6 17 1387 1512 1331 1616
2317 4 2 6 17 1273 1361 1464 1750
2318 4 2 6 17 1409 1326 1597 1689
2319 4 2 6 17 1332 1608 1282 1659
2320 4 2 6 17 818 1375 1536 1868
2321 4 2 6 17 866 1452 1507 1742
2322 4 2 6 17 645 1441 1411 1758
2323 4 2 6 17 704 647 1538 1700
2324 4 2 6 17 1264 1318 1556 1827
2325 4 2 6 17 881 1716 1589 1798
2326 4 2 6 17 838 1483 1468 1491
2327 4 2 6 17 1564 1632 1340 1815
2328 4 2 6 17 1002 1676 1466 1772
2329 4 2 6 17 1288 1410 1339 1628
2330 4 2 6 17 1348 1683 1561 1747
2331 4 2 6 17 721 1494 1375 1498
2332 4 2 6 17 1423 1300 1708 1740
2333 4 2 6 17 1520 1537 1293 1702
2334 4 2 6 17 1277 1508 1322 1513
2335 4 2 6 17 482 1601 1412 1670
2336 4 2 6 17 1268 1486 1367 1788
2337 4 2 6 17 1273 1464 1369 1750
2338 4 2 6 17 1292 1544 1387 1871
2339 4 2 6 17 1351 1636 1437 1648
2340 4 2 6 17 1276 1398 1417 1512
2341 4 2 6 17 1279 1649 1355 1872
2342 4 2 6 17 1326 1409 1597 1752
2343 4 2 6 17 1495 1620 1314 1627
2344 4 2 6 17 1334 1275 1511 1603
2345 4 2 6 17 1264 1567 1318 1827
2346 4 2 6 17 186 1521 1373 1854
2347 4 2 6 17 1321 1294 1569 1685
2348 4 2 6 17 1334 1304 1456 1774
2349 4 2 6 17 1411 1441 645 1763
2350 4 2 6 17 1282 1549 1327 1591
2351 4 2 6 17 1287 1518 1477 1669
2352 4 2 6 17 1324 1437 1557 1940
2353 4 2 6 17 1283 1470 1357 1894
2354 4 2 6 17 1321 1569 1427 1931
2355 4 2 6 17 1354 1552 1480 1843
2356 4 2 6 17 1129 1461 1393 1547
2357 4 2 6 17 1594 1708 1300 1740
2358 4 2 6 17 1071 1393 1129 1461
2359 4 2 6 17 1354 1481 1486 1527
2360 4 2 6 17 1263 1414 1479 1804
2361 4 2 6 17 877 1513 1343 1577
2362 4 2 6 17 1380 1459 1429 1657
2363 4 2 6 17 1071 1461 1118 1591
2364 4 2 6 17 1409 1326 1689 1752
2365 4 2 6 17 1283 1713 1470 1894
2366 4 2 6 17 459 1406 1513 1577
2367 4 2 6 17 1286 1620 1495 1627
2368 4 2 6 17 1368 1713 1489 1894
2369 4 2 6 17 1310 1515 1526 1653
2370 4 2 6 17 1278 1618 1593 1648
2371 4 2 6 17 878 612 543 1418
2372 4 2 6 17 1478 1709 1146 1785
2373 4 2 6 17 1330 1533 1265 1535
2374 4 2 6 17 1273 1628 1380 1712
2375 4 2 6 17 1277 1744 1541 1794
2376 4 2 6 17 1331 1593 1618 1648
2377 4 2 6 17 186 1373 1580 1854
2378 4 2 6 17 1409 1689 1454 1752
2379 4 2 6 17 1304 1352 1645 1849
2380 4 2 6 17 519 520 1634 1641
2381 4 2 6 17 179 1583 1355 1594
2382 4 2 6 17 200 1578 1495 1828
2383 4 2 6 17 1266 1400 1399 1714
2384 4 2 6 17 1406 1541 1277 1744
2385 4 2 6 17 1128 1589 1329 1821
2386 4 2 6 17 856 1692 1509 1793
2387 4 2 6 17 723 1645 483 1739
2388 4 2 6 17 1390 1603 1511 1699
2389 4 2 6 17 1201 1616 1437 1623
2390 4 2 6 17 1175 1622 1597 1898
2391 4 2 6 17 1489 1495 1314 1578
2392 4 2 6 17 1365 1722 1554 1858
2393 4 2 6 17 954 1434 955 1619
2394 4 2 6 17 27 1443 1414 1842
2395 4 2 6 17 1355 1583 1279 1872
2396 4 2 6 17 1218 1216 1356 1677
2397 4 2 6 17 967 592 1422 1497
2398 4 2 6 17 1289 1514 1439 1550
2399 4 2 6 17 846 1389 843 1751
2400 4 2 6 17 1275 1362 1356 1603
2401 4 2 6 17 563 1657 630 1691
2402 4 2 6 17 1332 1282 1461 1659
2403 4 2 6 17 1314 1495 1489 1828
2404 4 2 6 17 1514 1550 1381 1805
2405 4 2 6 17 1334 1528 1304 1774
2406 4 2 6 17 1477 1518 1310 1669
2407 4 2 6 17 1291 1481 1356 1677
2408 4 2 6 17 1291 1356 1527 1677
2409 4 2 6 17 1287 1552 1480 1905
2410 4 2 6 17 1273 1349 1628 1712
2411 4 2 6 17 1265 1533 1394 1535
2412 4 2 6 17 1266 1560 1442 1663
2413 4 2 6 17 1380 1281 1459 1893
2414 4 2 6 17 1187 1485 1629 1866
2415 4 2 6 17 1334 1456 1528 1774
2416 4 2 6 17 1292 1403 1767 1786
2417 4 2 6 17 1322 1537 1520 1702
2418 4 2 6 17 856 1509 876 1793
2419 4 2 6 17 1439 1550 1514 1805
2420 4 2 6 17 1262 1334 1390 1528
2421 4 2 6 17 1263 1443 1366 1792
2422 4 2 6 17 1333 1743 1451 1901
2423 4 2 6 17 1318 1485 1264 1556
2424 4 2 6 17 1333 1560 1743 1901
2425 4 2 6 17 958 1493 1477 1845
2426 4 2 6 17 1423 1740 1708 1930
2427 4 2 6 17 704 1538 1410 1700
2428 4 2 6 17 895 1473 1472 1868
2429 4 2 6 17 1368 1470 1713 1894
2430 4 2 6 17 1285 1344 1487 1581
2431 4 2 6 17 1138 1353 423 1645
2432 4 2 6 17 1328 1283 1423 1697
2433 4 2 6 17 1273 1454 1349 1712
2434 4 2 6 17 1298 1640 1750 1800
2435 4 2 6 17 1216 1356 1438 1603
2436 4 2 6 17 1460 1698 673 1920
2437 4 2 6 17 1266 1560 1437 1648
2438 4 2 6 17 602 1545 1381 1789
2439 4 2 6 17 1329 1688 1428 1788
2440 4 2 6 17 1399 1400 1266 1570
2441 4 2 6 17 1418 1572 1262 1725
2442 4 2 6 17 1275 1356 1362 1614
2443 4 2 6 17 1283 1489 1713 1894
2444 4 2 6 17 1374 1520 1293 1702
2445 4 2 6 17 1409 1486 1481 1597
2446 4 2 6 17 599 1385 600 1507
2447 4 2 6 17 1334 1602 1511 1646
2448 4 2 6 17 1131 1353 537 1472
2449 4 2 6 17 1291 1428 1688 1788
2450 4 2 6 17 203 1324 1557 1934
2451 4 2 6 17 1475 1619 1332 1817
2452 4 2 6 17 1338 1055 1529 1641
2453 4 2 6 17 1327 1490 1710 1935
2454 4 2 6 17 1385 1518 1274 1532
2455 4 2 6 17 589 1382 1497 1822
2456 4 2 6 17 1475 1751 1389 1869
2457 4 2 6 17 1398 1417 1292 1484
2458 4 2 6 17 1344 1447 1285 1487
2459 4 2 6 17 1410 1538 1496 1700
2460 4 2 6 17 1271 1540 1422 1697
2461 4 2 6 17 1359 1560 1276 1616
2462 4 2 6 17 1278 1595 1440 1665
2463 4 2 6 17 1280 1340 1554 1722
2464 4 2 6 17 1334 1603 1390 1860
2465 4 2 6 17 1688 1788 1329 1897
2466 4 2 6 17 1379 1738 1565 1742
2467 4 2 6 17 1268 1397 1383 1460
2468 4 2 6 17 1128 1329 1698 1821
2469 4 2 6 17 1315 1587 1564 1858
2470 4 2 6 17 195 1506 1400 1570
2471 4 2 6 17 1071 1129 1118 1461
2472 4 2 6 17 1275 1334 1511 1646
2473 4 2 6 17 1314 1495 1377 1620
2474 4 2 6 17 1537 1634 520 1641
2475 4 2 6 17 1341 1676 1427 1875
2476 4 2 6 17 646 1441 645 1758
2477 4 2 6 17 1282 1332 1461 1492
2478 4 2 6 17 1262 1390 1334 1511
2479 4 2 6 17 1480 1552 1354 1640
2480 4 2 6 17 1318 1629 1485 1866
2481 4 2 6 17 1194 1317 1165 1586
2482 4 2 6 17 1310 1526 1515 1669
2483 4 2 6 17 1067 1383 1509 1912
2484 4 2 6 17 1387 1544 1512 1871
2485 4 2 6 17 1274 1452 1379 1742
2486 4 2 6 17 630 1657 1380 1691
2487 4 2 6 17 873 1494 1498 1676
2488 4 2 6 17 1267 1403 1540 1767
2489 4 2 6 17 482 1412 902 1670
2490 4 2 6 17 921 1406 459 1577
2491 4 2 6 17 1564 1587 1281 1858
2492 4 2 6 17 1328 1422 1540 1697
2493 4 2 6 17 1322 1537 743 1717
2494 4 2 6 17 1376 1512 1544 1736
2495 4 2 6 17 730 1396 1635 1718
2496 4 2 6 17 1305 1412 1571 1786
2497 4 2 6 17 1597 1622 1367 1898
2498 4 2 6 17 1285 1438 1653 1902
2499 4 2 6 17 1380 1628 1410 1855
2500 4 2 6 17 1273 1640 1369 1905
2501 4 2 6 17 1305 1571 1563 1767
2502 4 2 6 17 1161 27 1443 1870
2503 4 2 6 17 1270 1364 1462 1730
2504 4 2 6 17 539 1414 1388 1668
2505 4 2 6 17 777 1701 1532 1753
2506 4 2 6 17 646 1441 1336 1687
2507 4 2 6 17 1366 1443 1263 1584
2508 4 2 6 17 1337 1541 1744 1794
2509 4 2 6 17 1291 1527 1481 1677
2510 4 2 6 17 1199 1384 1185 1652
2511 4 2 6 17 1509 1539 876 1793
2512 4 2 6 17 1319 1703 1650 1724
2513 4 2 6 17 1210 1177 1699 1860
2514 4 2 6 17 1280 1364 1417 1483
2515 4 2 6 17 881 1103 1589 1716
2516 4 2 6 17 1266 1510 1400 1714
2517 4 2 6 17 1274 1452 1742 1811
2518 4 2 6 17 1364 1468 1280 1722
2519 4 2 6 17 1272 1426 1378 1733
2520 4 2 6 17 1272 1562 1402 1733
2521 4 2 6 17 1515 1526 1447 1644
2522 4 2 6 17 1340 1280 1468 1722
2523 4 2 6 17 537 1476 1353 1837
2524 4 2 6 17 818 819 1375 1868
2525 4 2 6 17 1438 1558 1285 1653
2526 4 2 6 17 1454 1689 1326 1752
2527 4 2 6 17 1376 1593 1512 1736
2528 4 2 6 17 543 878 1418 1904
2529 4 2 6 17 1319 1532 1431 1650
2530 4 2 6 17 1331 1276 1560 1616
2531 4 2 6 17 1336 1501 1415 1579
2532 4 2 6 17 875 876 1509 1539
2533 4 2 6 17 1294 1321 1494 1685
2534 4 2 6 17 1043 1492 1121 1754
2535 4 2 6 17 1280 1554 1365 1722
2536 4 2 6 17 838 1491 1468 1910
2537 4 2 6 17 1310 1518 1385 1532
2538 4 2 6 17 1603 1699 1390 1860
2539 4 2 6 17 878 1439 1418 1904
2540 4 2 6 17 1285 1626 1438 1902
2541 4 2 6 17 1443 1717 1343 1842
2542 4 2 6 17 1362 1438 1356 1603
2543 4 2 6 17 1270 1412 1364 1730
2544 4 2 6 17 1285 1526 1515 1653
2545 4 2 6 17 1220 1438 1216 1677
2546 4 2 6 17 1385 1287 1518 1746
2547 4 2 6 17 1525 1696 1383 1912
2548 4 2 6 17 741 1322 452 1606
2549 4 2 6 17 1328 1423 1283 1519
2550 4 2 6 17 1274 1614 1532 1653
2551 4 2 6 17 1268 1486 1409 1597
2552 4 2 6 17 1283 1415 1501 1579
2553 4 2 6 17 1270 1364 1412 1786
2554 4 2 6 17 866 1507 1346 1742
2555 4 2 6 17 1121 1492 1461 1754
2556 4 2 6 17 1355 1649 1345 1872
2557 4 2 6 17 1340 1280 1554 1922
2558 4 2 6 17 1103 1329 1128 1589
2559 4 2 6 17 878 612 1418 1740
2560 4 2 6 17 877 453 1343 1513
2561 4 2 6 17 1185 1384 1199 1927
2562 4 2 6 17 1304 1528 1334 1942
2563 4 2 6 17 1397 1525 1383 1912
2564 4 2 6 17 1387 1544 1403 1796
2565 4 2 6 17 1447 1515 1285 1526
2566 4 2 6 17 1345 1583 1355 1872
2567 4 2 6 17 1389 1684 1503 1760
2568 4 2 6 17 1131 1411 893 1472
2569 4 2 6 17 954 1434 1771 1772
2570 4 2 6 17 200 1489 1578 1828
2571 4 2 6 17 1640 1361 1750 1800
2572 4 2 6 17 1454 1633 1409 1752
2573 4 2 6 17 1322 1606 741 1702
2574 4 2 6 17 1390 1699 1177 1860
2575 4 2 6 17 1595 1620 1440 1665
2576 4 2 6 17 1419 1470 1316 1898
2577 4 2 6 17 1275 1444 1602 1819
2578 4 2 6 17 1286 1521 1372 1620
2579 4 2 6 17 1382 1497 1422 1670
2580 4 2 6 17 890 1632 1564 1917
2581 4 2 6 17 643 1650 1703 1724
2582 4 2 6 17 1426 1558 1285 1626
2583 4 2 6 17 1199 1185 1578 1652
2584 4 2 6 17 179 1594 1355 1825
2585 4 2 6 17 1273 1380 1454 1712
2586 4 2 6 17 1215 1499 1349 1689
2587 4 2 6 17 617 1379 1524 1703
2588 4 2 6 17 1270 1462 1412 1730
2589 4 2 6 17 528 1457 1082 1613
2590 4 2 6 17 1298 1750 1682 1800
2591 4 2 6 17 1477 1845 1493 1873
2592 4 2 6 17 1389 1574 843 1751
2593 4 2 6 17 188 1521 1372 1766
2594 4 2 6 17 1322 1508 1277 1878
2595 4 2 6 17 1357 1470 1283 1697
2596 4 2 6 17 1145 1475 1133 1817
2597 4 2 6 17 1552 1640 1480 1905
2598 4 2 6 17 486 902 1412 1563
2599 4 2 6 17 1404 1262 1572 1725
2600 4 2 6 17 1332 1282 1608 1714
2601 4 2 6 17 1283 1519 1415 1662
2602 4 2 6 17 1275 1511 1602 1646
2603 4 2 6 17 1262 1418 1355 1850
2604 4 2 6 17 590 1422 591 1497
2605 4 2 6 17 1131 537 1411 1472
2606 4 2 6 17 1272 1344 1581 1733
2607 4 2 6 17 1380 1712 1628 1855
2608 4 2 6 17 819 1472 1375 1868
2609 4 2 6 17 911 1483 1491 1924
2610 4 2 6 17 1388 1414 539 1870
2611 4 2 6 17 911 1491 1350 1924
2612 4 2 6 17 1338 1055 1641 1916
2613 4 2 6 17 1220 1677 1217 1864
2614 4 2 6 17 1379 1452 1274 1650
2615 4 2 6 17 1298 1640 1369 1750
2616 4 2 6 17 1050 1446 1402 1637
2617 4 2 6 17 1401 1435 822 1563
2618 4 2 6 17 1365 1576 1568 1900
2619 4 2 6 17 1414 1443 1343 1842
2620 4 2 6 17 1291 1428 1788 1943
2621 4 2 6 17 1428 1688 1329 1897
2622 4 2 6 17 1372 1278 1523 1899
2623 4 2 6 17 1558 1626 1426 1939
2624 4 2 6 17 1175 1622 1207 1689
2625 4 2 6 17 1426 1747 1683 1929
2626 4 2 6 17 1218 1356 1210 1699
2627 4 2 6 17 846 1751 1475 1869
2628 4 2 6 17 1270 1462 1364 1722
2629 4 2 6 17 564 1563 1422 1670
2630 4 2 6 17 1283 1655 1519 1662
2631 4 2 6 17 1300 1433 1423 1697
2632 4 2 6 17 1402 1446 1050 1611
2633 4 2 6 17 1442 1560 1333 1663
2634 4 2 6 17 1350 1647 456 1770
2635 4 2 6 17 1465 1788 1688 1897
2636 4 2 6 17 1274 1452 1385 1532
2637 4 2 6 17 1428 1329 1716 1897
2638 4 2 6 17 1146 1709 1478 1728
2639 4 2 6 17 452 1322 741 1717
2640 4 2 6 17 486 1563 1412 1571
2641 4 2 6 17 776 1431 777 1650
2642 4 2 6 17 1428 1716 1688 1897
2643 4 2 6 17 1216 1438 1356 1677
2644 4 2 6 17 852 1604 1339 1700
2645 4 2 6 17 1356 1291 1527 1600
2646 4 2 6 17 1277 1392 1744 1794
2647 4 2 6 17 519 520 518 1634
2648 4 2 6 17 1532 1614 1274 1650
2649 4 2 6 17 673 1698 514 1920
2650 4 2 6 17 1335 1526 1487 1558
2651 4 2 6 17 967 592 1497 1553
2652 4 2 6 17 1414 1443 27 1870
2653 4 2 6 17 1554 1722 1340 1858
2654 4 2 6 17 1218 1677 1356 1699
2655 4 2 6 17 1387 1512 1544 1796
2656 4 2 6 17 1064 881 1589 1798
2657 4 2 6 17 1304 1645 1575 1739
2658 4 2 6 17 1318 1567 1485 1795
2659 4 2 6 17 1503 1684 1286 1760
2660 4 2 6 17 1286 1377 1495 1620
2661 4 2 6 17 1300 1550 1433 1697
2662 4 2 6 17 1305 1412 1563 1571
2663 4 2 6 17 1282 1510 1400 1720
2664 4 2 6 17 1326 1622 1568 1625
2665 4 2 6 17 1337 1541 1406 1744
2666 4 2 6 17 1280 1468 1364 1483
2667 4 2 6 17 1322 1277 1520 1878
2668 4 2 6 17 1414 1443 1263 1792
2669 4 2 6 17 719 1457 720 1547
2670 4 2 6 17 180 613 1583 1594
2671 4 2 6 17 1286 1372 1595 1620
2672 4 2 6 17 1274 1438 1614 1653
2673 4 2 6 17 1284 1456 1384 1840
2674 4 2 6 17 818 1536 839 1868
2675 4 2 6 17 1315 1625 1509 1696
2676 4 2 6 17 1506 1592 950 1668
2677 4 2 6 17 1292 1455 1403 1786
2678 4 2 6 17 1020 1374 1538 1723
2679 4 2 6 17 1175 1597 1622 1689
2680 4 2 6 17 1287 1534 1711 1873
2681 4 2 6 17 1320 1557 1282 1608
2682 4 2 6 17 1277 1573 1392 1794
2683 4 2 6 17 1284 1424 1456 1840
2684 4 2 6 17 1274 1742 1346 1811
2685 4 2 6 17 1156 1346 1643 1820
2686 4 2 6 17 1383 1696 1525 1752
2687 4 2 6 17 1340 1564 890 1632
2688 4 2 6 17 1466 1498 756 1853
2689 4 2 6 17 670 1388 671 1591
2690 4 2 6 17 954 1771 1619 1807
2691 4 2 6 17 479 1538 1463 1706
2692 4 2 6 17 1194 1317 1586 1755
2693 4 2 6 17 1316 1470 1419 1550
2694 4 2 6 17 1263 1366 1559 1792
2695 4 2 6 17 1273 1380 1628 1829
2696 4 2 6 17 1422 1553 1271 1697
2697 4 2 6 17 1327 1710 1549 1935
2698 4 2 6 17 1278 1372 1440 1595
2699 4 2 6 17 1292 1403 1544 1767
2700 4 2 6 17 1352 1304 1646 1849
2701 4 2 6 17 489 1372 687 1523
2702 4 2 6 17 1356 1600 1527 1677
2703 4 2 6 17 972 1433 1497 1553
2704 4 2 6 17 1314 1377 1495 1828
2705 4 2 6 17 1067 1715 1383 1912
2706 4 2 6 17 478 563 1410 1706
2707 4 2 6 17 1215 1349 1566 1689
2708 4 2 6 17 1132 1353 1472 1473
2709 4 2 6 17 1384 1456 1424 1840
2710 4 2 6 17 1339 1604 852 1928
2711 4 2 6 17 965 1503 1389 1590
2712 4 2 6 17 1428 1329 1788 1943
2713 4 2 6 17 1272 1402 1446 1733
2714 4 2 6 17 1267 1376 1736 1759
2715 4 2 6 17 1316 1470 1368 1779
2716 4 2 6 17 1343 1443 1414 1792
2717 4 2 6 17 1385 1452 599 1701
2718 4 2 6 17 719 528 720 1457
2719 4 2 6 17 1429 1657 1459 1917
2720 4 2 6 17 1430 1503 1147 1853
2721 4 2 6 17 1322 1513 452 1606
2722 4 2 6 17 1463 1541 1058 1585
2723 4 2 6 17 743 1717 1537 1925
2724 4 2 6 17 1367 1486 1481 1788
2725 4 2 6 17 1424 1603 1542 1646
2726 4 2 6 17 1165 1425 1500 1656
2727 4 2 6 17 1205 1516 1675 1679
2728 4 2 6 17 1380 1657 1429 1712
2729 4 2 6 17 195 1570 1400 1877
2730 4 2 6 17 893 1472 1411 1763
2731 4 2 6 17 1388 1720 1492 1885
2732 4 2 6 17 1406 1577 921 1647
2733 4 2 6 17 741 1322 743 1717
2734 4 2 6 17 1168 1194 1165 1586
2735 4 2 6 17 1402 1272 1446 1611
2736 4 2 6 17 993 1468 1340 1632
2737 4 2 6 17 1302 1414 1388 1804
2738 4 2 6 17 1315 1509 1692 1793
2739 4 2 6 17 1328 1553 1422 1697
2740 4 2 6 17 1281 1564 1459 1587
2741 4 2 6 17 1292 1387 1455 1799
2742 4 2 6 17 1322 1277 1513 1606
2743 4 2 6 17 1382 1297 1599 1625
2744 4 2 6 17 711 1380 1459 1642
2745 4 2 6 17 452 1513 1322 1717
2746 4 2 6 17 1363 1530 683 1737
2747 4 2 6 17 1216 1210 1218 1356
2748 4 2 6 17 1487 1526 1285 1558
2749 4 2 6 17 563 630 562 1691
2750 4 2 6 17 1393 1549 1327 1890
2751 4 2 6 17 1414 1668 539 1748
2752 4 2 6 17 1265 1533 1330 1865
2753 4 2 6 17 1330 1607 1178 1782
2754 4 2 6 17 1410 1496 1339 1700
2755 4 2 6 17 1185 1629 1384 1927
2756 4 2 6 17 1388 1282 1492 1720
2757 4 2 6 17 1368 1649 1470 1850
2758 4 2 6 17 1023 1513 1406 1541
2759 4 2 6 17 791 1601 1670 1816
2760 4 2 6 17 1285 1487 1426 1581
2761 4 2 6 17 1179 1533 1656 1755
2762 4 2 6 17 967 1497 1422 1553
2763 4 2 6 17 193 1570 1399 1635
2764 4 2 6 17 573 1121 1461 1754
2765 4 2 6 17 687 1372 188 1521
2766 4 2 6 17 520 1537 518 1634
2767 4 2 6 17 1303 1655 1662 1690
2768 4 2 6 17 514 1698 1405 1920
2769 4 2 6 17 1275 1542 1603 1646
2770 4 2 6 17 1380 1410 1313 1855
2771 4 2 6 17 511 1695 1430 1853
2772 4 2 6 17 743 1537 1322 1702
2773 4 2 6 17 1325 1602 1444 1819
2774 4 2 6 17 1362 1626 1438 1939
2775 4 2 6 17 1403 1675 1540 1679
2776 4 2 6 17 1310 1653 1526 1669
2777 4 2 6 17 1197 1622 1516 1797
2778 4 2 6 17 1575 1583 1355 1941
2779 4 2 6 17 1592 1831 1333 1863
2780 4 2 6 17 1156 1346 1507 1643
2781 4 2 6 17 1288 1631 1496 1895
2782 4 2 6 17 839 1473 895 1868
2783 4 2 6 17 720 1547 1457 1884
2784 4 2 6 17 459 1513 877 1577
2785 4 2 6 17 965 680 1389 1503
2786 4 2 6 17 1283 1328 1655 1697
2787 4 2 6 17 1400 1506 1266 1570
2788 4 2 6 17 1067 1509 985 1912
2789 4 2 6 17 1333 1560 1442 1582
2790 4 2 6 17 1412 1601 482 1773
2791 4 2 6 17 1316 1368 1470 1850
2792 4 2 6 17 914 1707 1338 1737
2793 4 2 6 17 1321 1569 1348 1685
2794 4 2 6 17 1276 1387 1417 1832
2795 4 2 6 17 1363 683 1529 1737
2796 4 2 6 17 1285 1420 1344 1581
2797 4 2 6 17 1613 1624 1471 1726
2798 4 2 6 17 597 1488 1398 1802
2799 4 2 6 17 1411 1441 1336 1758
2800 4 2 6 17 1364 1280 1417 1799
2801 4 2 6 17 1210 1699 1603 1860
2802 4 2 6 17 713 574 1407 1754
2803 4 2 6 17 1185 1384 1629 1652
2804 4 2 6 17 188 1372 189 1766
2805 4 2 6 17 1273 1464 1361 1768
2806 4 2 6 17 1408 1509 1315 1625
2807 4 2 6 17 1277 1520 1605 1606
2808 4 2 6 17 1485 1629 1318 1795
2809 4 2 6 17 1266 1442 1506 1663
2810 4 2 6 17 1404 1572 1418 1725
2811 4 2 6 17 1397 1460 1268 1903
2812 4 2 6 17 743 1322 741 1702
2813 4 2 6 17 1505 1547 1407 1807
2814 4 2 6 17 619 1599 1545 1912
2815 4 2 6 17 757 1466 756 1853
2816 4 2 6 17 615 1565 1738 1742
2817 4 2 6 17 949 1435 1401 1478
2818 4 2 6 17 1296 1695 1610 1765
2819 4 2 6 17 1306 1544 1512 1736
2820 4 2 6 17 1071 1393 1591 1719
2821 4 2 6 17 1332 1638 1475 1714
2822 4 2 6 17 1291 1356 1481 1699
2823 4 2 6 17 1062 1708 1740 1930
2824 4 2 6 17 1311 1331 1593 1743
2825 4 2 6 17 1372 1440 1595 1620
2826 4 2 6 17 717 1375 819 1548
2827 4 2 6 17 1378 1426 1272 1561
2828 4 2 6 17 1487 1588 1307 1896
2829 4 2 6 17 1091 1338 1529 1737
2830 4 2 6 17 1103 1329 1589 1716
2831 4 2 6 17 1475 1638 1399 1714
2832 4 2 6 17 882 1536 1494 1879
2833 4 2 6 17 1165 1500 1425 1782
2834 4 2 6 17 1276 1417 1398 1488
2835 4 2 6 17 1452 1532 1274 1650
2836 4 2 6 17 1330 1533 1178 1607
2837 4 2 6 17 189 1574 1372 1718
2838 4 2 6 17 1331 1311 1560 1743
2839 4 2 6 17 1277 1508 1513 1734
2840 4 2 6 17 1132 1353 1131 1472
2841 4 2 6 17 1424 1603 1212 1683
2842 4 2 6 17 671 1388 670 1781
2843 4 2 6 17 1562 1402 1733 1818
2844 4 2 6 17 1268 1597 1409 1752
2845 4 2 6 17 1283 1357 1489 1894
2846 4 2 6 17 1447 1526 1309 1644
2847 4 2 6 17 777 1431 897 1753
2848 4 2 6 17 1299 1636 1399 1638
2849 4 2 6 17 611 1062 1708 1740
2850 4 2 6 17 701 1493 958 1845
2851 4 2 6 17 719 1393 1457 1547
2852 4 2 6 17 1425 1656 1165 1782
2853 4 2 6 17 1309 1588 1487 1896
2854 4 2 6 17 1280 1392 1371 1576
2855 4 2 6 17 877 1343 782 1577
2856 4 2 6 17 1334 1456 1304 1646
2857 4 2 6 17 1336 1579 1415 1852
2858 4 2 6 17 1327 1719 1045 1781
2859 4 2 6 17 1423 1433 1300 1930
2860 4 2 6 17 1418 612 1594 1740
2861 4 2 6 17 1263 1366 1584 1710
2862 4 2 6 17 1416 1690 1674 1785
2863 4 2 6 17 1682 1750 1361 1800
2864 4 2 6 17 1398 1484 1292 1783
2865 4 2 6 17 1207 1689 1622 1721
2866 4 2 6 17 1278 1440 1372 1523
2867 4 2 6 17 838 837 992 1468
2868 4 2 6 17 1508 1839 1830 1878
2869 4 2 6 17 1277 1322 1520 1606
2870 4 2 6 17 1278 1372 1595 1899
2871 4 2 6 17 519 1634 1529 1641
2872 4 2 6 17 1276 1331 1560 1743
2873 4 2 6 17 1287 1493 1369 1905
2874 4 2 6 17 1398 1488 597 1808
2875 4 2 6 17 425 484 1352 1838
2876 4 2 6 17 1085 1406 1647 1732
2877 4 2 6 17 711 1380 630 1657
2878 4 2 6 17 866 1452 599 1507
2879 4 2 6 17 1455 1568 1365 1576
2880 4 2 6 17 1145 675 1619 1817
2881 4 2 6 17 1585 1657 714 1706
2882 4 2 6 17 1512 1593 1376 1796
2883 4 2 6 17 1070 1501 1680 1708
2884 4 2 6 17 628 1373 186 1521
2885 4 2 6 17 1280 1417 1350 1483
2886 4 2 6 17 1402 1272 1611 1931
2887 4 2 6 17 1315 1459 1564 1587
2888 4 2 6 17 1368 1713 1649 1872
2889 4 2 6 17 1288 1496 1363 1895
2890 4 2 6 17 1311 1648 1560 1749
2891 4 2 6 17 1417 1484 1398 1802
2892 4 2 6 17 1299 1399 1475 1638
2893 4 2 6 17 1408 1599 1297 1625
2894 4 2 6 17 1401 1571 1292 1767
2895 4 2 6 17 1267 1357 1540 1675
2896 4 2 6 17 579 1592 1506 1863
2897 4 2 6 17 1343 1717 929 1842
2898 4 2 6 17 1274 1600 1346 1742
2899 4 2 6 17 1334 1390 1528 1654
2900 4 2 6 17 1522 1788 1329 1943
2901 4 2 6 17 1264 1608 1485 1638
2902 4 2 6 17 1020 1463 479 1538
2903 4 2 6 17 1085 1647 1491 1732
2904 4 2 6 17 1300 1470 1550 1697
2905 4 2 6 17 1355 1418 1262 1825
2906 4 2 6 17 1364 1483 1468 1791
2907 4 2 6 17 1265 1330 1534 1865
2908 4 2 6 17 1382 1599 1408 1625
2909 4 2 6 17 1306 1512 1593 1736
2910 4 2 6 17 1387 1576 1417 1832
2911 4 2 6 17 1324 1830 1490 1839
2912 4 2 6 17 1004 1427 1676 1875
2913 4 2 6 17 1263 1830 1508 1839
2914 4 2 6 17 1339 1928 852 1936
2915 4 2 6 17 1331 1376 1593 1796
2916 4 2 6 17 1511 1603 1275 1819
2917 4 2 6 17 525 852 1339 1700
2918 4 2 6 17 1278 1593 1376 1736
2919 4 2 6 17 1375 1472 819 1548
2920 4 2 6 17 1379 1274 1614 1650
2921 4 2 6 17 866 1346 867 1742
2922 4 2 6 17 849 193 1399 1635
2923 4 2 6 17 979 1643 1522 1820
2924 4 2 6 17 1277 1406 1513 1541
2925 4 2 6 17 1273 1349 1454 1566
2926 4 2 6 17 1332 1492 1282 1714
2927 4 2 6 17 1401 1571 982 1598
2928 4 2 6 17 1543 1716 1428 1919
2929 4 2 6 17 1045 1719 1327 1757
2930 4 2 6 17 478 563 562 1410
2931 4 2 6 17 1296 1375 1469 1610
2932 4 2 6 17 1280 1417 1576 1832
2933 4 2 6 17 1275 1602 1511 1819
2934 4 2 6 17 930 1717 1443 1842
2935 4 2 6 17 1283 1328 1519 1655
2936 4 2 6 17 1282 1557 1386 1608
2937 4 2 6 17 643 776 1650 1724
2938 4 2 6 17 711 630 1380 1691
2939 4 2 6 17 1400 1492 1282 1720
2940 4 2 6 17 647 704 523 1700
2941 4 2 6 17 981 811 1575 1739
2942 4 2 6 17 1332 1475 1399 1714
2943 4 2 6 17 882 1494 1846 1879
2944 4 2 6 17 881 1103 1064 1589
2945 4 2 6 17 1273 1361 1640 1800
2946 4 2 6 17 565 1422 564 1563
2947 4 2 6 17 1160 1336 1680 1814
2948 4 2 6 17 1374 1605 1520 1606
2949 4 2 6 17 1422 1435 1305 1563
2950 4 2 6 17 1290 1393 1549 1659
2951 4 2 6 17 1283 1415 1579 1662
2952 4 2 6 17 1395 1515 771 1644
2953 4 2 6 17 1305 1767 1403 1786
2954 4 2 6 17 670 1388 1591 1885
2955 4 2 6 17 1314 1441 1627 1852
2956 4 2 6 17 1340 1468 993 1731
2957 4 2 6 17 1459 1657 725 1917
2958 4 2 6 17 189 1372 1574 1766
2959 4 2 6 17 1388 1584 1414 1870
2960 4 2 6 17 1279 1649 1528 1774
2961 4 2 6 17 1372 1523 489 1718
2962 4 2 6 17 528 1082 532 1613
2963 4 2 6 17 1635 1673 729 1749
2964 4 2 6 17 1278 1440 1347 1665
2965 4 2 6 17 1205 1679 1675 1797
2966 4 2 6 17 613 1583 1345 1680
2967 4 2 6 17 1533 1335 1727 1906
2968 4 2 6 17 1579 1713 1368 1872
2969 4 2 6 17 1165 1500 1317 1656
2970 4 2 6 17 1262 1390 1511 1688
2971 4 2 6 17 1430 1695 1296 1765
2972 4 2 6 17 1441 1551 1314 1627
2973 4 2 6 17 1166 1165 1194 1656
2974 4 2 6 17 1277 1541 1513 1606
2975 4 2 6 17 462 1445 1644 1889
2976 4 2 6 17 822 1401 949 1435
2977 4 2 6 17 1410 1628 1380 1829
2978 4 2 6 17 1311 1560 1442 1749
2979 4 2 6 17 1329 1788 1522 1903
2980 4 2 6 17 597 1398 1783 1802
2981 4 2 6 17 1419 1516 1470 1898
2982 4 2 6 17 1373 1521 628 1660
2983 4 2 6 17 1326 1622 1689 1721
2984 4 2 6 17 1391 1710 1549 1890
2985 4 2 6 17 1287 1873 1493 1905
2986 4 2 6 17 1282 1492 1400 1510
2987 4 2 6 17 617 1524 1379 1738
2988 4 2 6 17 575 1619 1332 1754
2989 4 2 6 17 1073 1045 1719 1781
2990 4 2 6 17 1266 1648 1636 1749
2991 4 2 6 17 1271 1419 1516 1550
2992 4 2 6 17 586 587 578 1451
2993 4 2 6 17 1266 1560 1648 1749
2994 4 2 6 17 1273 1768 1361 1800
2995 4 2 6 17 1317 1500 1165 1586
2996 4 2 6 17 1267 1458 1376 1759
2997 4 2 6 17 1295 1450 1350 1596
2998 4 2 6 17 965 1503 1590 1853
2999 4 2 6 17 1437 1560 1331 1648
3000 4 2 6 17 1280 1350 1417 1832
3001 4 2 6 17 1524 1738 1444 1819
3002 4 2 6 17 488 1673 1396 1761
3003 4 2 6 17 1296 1472 1548 1763
3004 4 2 6 17 1313 1410 1380 1657
3005 4 2 6 17 1283 1655 1357 1697
3006 4 2 6 17 783 921 459 1577
3007 4 2 6 17 1274 1354 1518 1811
3008 4 2 6 17 1380 1313 1712 1855
3009 4 2 6 17 1276 1512 1331 1743
3010 4 2 6 17 875 1539 1383 1923
3011 4 2 6 17 1286 1372 1521 1766
3012 4 2 6 17 1309 1644 1445 1889
3013 4 2 6 17 1161 27 930 1443
3014 4 2 6 17 1470 1779 1316 1898
3015 4 2 6 17 1357 1675 1516 1679
3016 4 2 6 17 664 1399 193 1570
3017 4 2 6 17 1276 1616 1387 1832
3018 4 2 6 17 1147 1430 508 1503
3019 4 2 6 17 1417 1483 1364 1484
3020 4 2 6 17 984 875 876 1509
3021 4 2 6 17 1337 1794 1744 1844
3022 4 2 6 17 1371 1392 1280 1744
3023 4 2 6 17 1394 1533 1265 1865
3024 4 2 6 17 1287 1711 1477 1873
3025 4 2 6 17 1304 1774 1528 1942
3026 4 2 6 17 580 950 1506 1592
3027 4 2 6 17 1470 1649 1300 1850
3028 4 2 6 17 1358 1485 1264 1567
3029 4 2 6 17 1408 1462 1270 1651
3030 4 2 6 17 1302 1400 1506 1663
3031 4 2 6 17 580 1506 950 1668
3032 4 2 6 17 591 1422 592 1497
3033 4 2 6 17 1369 1612 1298 1750
3034 4 2 6 17 651 687 1440 1523
3035 4 2 6 17 1479 1508 1370 1734
3036 4 2 6 17 1463 1538 1374 1605
3037 4 2 6 17 1307 1531 1487 1896
3038 4 2 6 17 1287 1369 1552 1905
3039 4 2 6 17 1345 1680 1501 1708
3040 4 2 6 17 1199 1384 1578 1927
3041 4 2 6 17 1220 1438 1864 1906
3042 4 2 6 17 588 589 590 1497
3043 4 2 6 17 914 1338 1091 1737
3044 4 2 6 17 1297 1696 1525 1912
3045 4 2 6 17 1400 1510 1492 1714
3046 4 2 6 17 1388 1414 1302 1668
3047 4 2 6 17 1271 1433 1381 1550
3048 4 2 6 17 1091 1338 1055 1529
3049 4 2 6 17 1375 1494 721 1536
3050 4 2 6 17 818 839 819 1868
3051 4 2 6 17 1283 1708 1423 1713
3052 4 2 6 17 1132 423 1353 1473
3053 4 2 6 17 838 912 1483 1491
3054 4 2 6 17 1513 1541 458 1606
3055 4 2 6 17 1511 1603 1356 1699
3056 4 2 6 17 1262 1465 1390 1688
3057 4 2 6 17 1073 1719 1591 1781
3058 4 2 6 17 1276 1832 1488 1901
3059 4 2 6 17 1399 1638 1636 1714
3060 4 2 6 17 1326 1622 1597 1689
3061 4 2 6 17 1374 1293 1634 1702
3062 4 2 6 17 1282 1327 1490 1591
3063 4 2 6 17 1381 1789 1514 1805
3064 4 2 6 17 691 1541 1406 1732
3065 4 2 6 17 1294 1469 1375 1610
3066 4 2 6 17 1367 1481 1764 1891
3067 4 2 6 17 1045 1757 1327 1781
3068 4 2 6 17 1320 1608 1282 1714
3069 4 2 6 17 1470 1649 1368 1713
3070 4 2 6 17 1486 1409 1640 1800
3071 4 2 6 17 203 1201 1437 1623
3072 4 2 6 17 725 1459 711 1657
3073 4 2 6 17 1262 1511 1334 1602
3074 4 2 6 17 188 687 189 1372
3075 4 2 6 17 1470 1516 1419 1550
3076 4 2 6 17 1132 1472 895 1473
3077 4 2 6 17 27 930 1443 1842
3078 4 2 6 17 1830 1839 1586 1878
3079 4 2 6 17 1266 1437 1510 1636
3080 4 2 6 17 1067 984 985 1509
3081 4 2 6 17 1314 1620 1377 1662
3082 4 2 6 17 1268 1460 1383 1752
3083 4 2 6 17 713 1407 574 1547
3084 4 2 6 17 484 425 1352 1645
3085 4 2 6 17 1283 1501 1708 1713
3086 4 2 6 17 1437 1616 1201 1888
3087 4 2 6 17 1273 1640 1633 1800
3088 4 2 6 17 1462 1722 1340 1731
3089 4 2 6 17 1193 1764 1654 1779
3090 4 2 6 17 1549 1710 1327 1890
3091 4 2 6 17 1334 1482 1456 1927
3092 4 2 6 17 867 1742 1346 1820
3093 4 2 6 17 1355 1279 1583 1774
3094 4 2 6 17 1273 1409 1633 1640
3095 4 2 6 17 1437 1648 1331 1888
3096 4 2 6 17 1416 1519 928 1777
3097 4 2 6 17 1012 456 1647 1770
3098 4 2 6 17 1587 1696 1539 1752
3099 4 2 6 17 963 1389 1503 1574
3100 4 2 6 17 1542 1639 1352 1729
3101 4 2 6 17 1262 1528 1390 1850
3102 4 2 6 17 1326 1568 1517 1625
3103 4 2 6 17 1408 1625 1315 1651
3104 4 2 6 17 985 1715 1067 1912
3105 4 2 6 17 1512 1593 1331 1743
3106 4 2 6 17 1445 1707 915 1737
3107 4 2 6 17 1348 1630 1424 1683
3108 4 2 6 17 1220 1216 1217 1677
3109 4 2 6 17 1275 1524 1444 1819
3110 4 2 6 17 1142 825 1478 1704
3111 4 2 6 17 1267 1376 1735 1736
3112 4 2 6 17 501 1674 1690 1785
3113 4 2 6 17 1216 1210 1356 1603
3114 4 2 6 17 203 1623 1324 1934
3115 4 2 6 17 1357 1458 1267 1655
3116 4 2 6 17 581 579 1506 1863
3117 4 2 6 17 1280 1576 1365 1900
3118 4 2 6 17 1357 1283 1489 1655
3119 4 2 6 17 1280 1576 1417 1799
3120 4 2 6 17 681 838 912 1483
3121 4 2 6 17 1298 1486 1640 1800
3122 4 2 6 17 1625 1693 1601 1834
3123 4 2 6 17 1156 1346 866 1507
3124 4 2 6 17 1487 1531 1309 1896
3125 4 2 6 17 966 1778 1553 1780
3126 4 2 6 17 1266 1506 1400 1663
3127 4 2 6 17 1325 1444 1738 1819
3128 4 2 6 17 1166 1656 1194 1755
3129 4 2 6 17 1381 1433 1271 1497
3130 4 2 6 17 1308 1587 1539 1752
3131 4 2 6 17 1267 1458 1357 1675
3132 4 2 6 17 1788 1841 1522 1903
3133 4 2 6 17 1268 1460 1752 1874
3134 4 2 6 17 1426 1487 1378 1733
3135 4 2 6 17 928 1519 1416 1690
3136 4 2 6 17 1154 1637 1402 1884
3137 4 2 6 17 1264 1556 1771 1827
3138 4 2 6 17 1331 1593 1512 1796
3139 4 2 6 17 582 1831 1592 1863
3140 4 2 6 17 1316 1470 1300 1850
3141 4 2 6 17 1385 1310 1701 1746
3142 4 2 6 17 1426 1581 1272 1747
3143 4 2 6 17 837 1468 838 1483
3144 4 2 6 17 1267 1540 1357 1655
3145 4 2 6 17 1432 1352 1542 1639
3146 4 2 6 17 1422 1435 565 1780
3147 4 2 6 17 1389 1449 1299 1638
3148 4 2 6 17 1348 1569 1294 1685
3149 4 2 6 17 1004 1676 1002 1875
3150 4 2 6 17 676 1347 677 1785
3151 4 2 6 17 1166 1391 1202 1502
3152 4 2 6 17 718 717 819 1548
3153 4 2 6 17 1579 1662 1415 1852
3154 4 2 6 17 1297 1382 1609 1625
3155 4 2 6 17 1370 1830 1586 1878
3156 4 2 6 17 1388 539 1781 1870
3157 4 2 6 17 1265 1615 1394 1865
3158 4 2 6 17 1342 1693 1625 1834
3159 4 2 6 17 1093 1647 1450 1770
3160 4 2 6 17 1205 1516 1357 1675
3161 4 2 6 17 1270 1722 1364 1786
3162 4 2 6 17 1263 1508 1479 1792
3163 4 2 6 17 1268 1409 1633 1752
3164 4 2 6 17 818 819 717 1375
3165 4 2 6 17 1457 1624 1613 1726
3166 4 2 6 17 1424 1630 1348 1840
3167 4 2 6 17 993 991 1468 1632
3168 4 2 6 17 1411 1551 1279 1872
3169 4 2 6 17 1279 1355 1649 1774
3170 4 2 6 17 1043 1754 575 1817
3171 4 2 6 17 1362 1212 1603 1683
3172 4 2 6 17 1462 1651 1340 1722
3173 4 2 6 17 1380 1657 1410 1691
3174 4 2 6 17 1522 1643 1346 1820
3175 4 2 6 17 914 915 1707 1737
3176 4 2 6 17 1279 1649 1872 1937
3177 4 2 6 17 1528 1654 1390 1850
3178 4 2 6 17 694 1395 1477 1769
3179 4 2 6 17 575 1145 675 1619
3180 4 2 6 17 1265 1534 1330 1895
3181 4 2 6 17 1476 1583 1279 1774
3182 4 2 6 17 1312 1610 1695 1765
3183 4 2 6 17 1340 1468 1280 1922
3184 4 2 6 17 1387 1417 1576 1799
3185 4 2 6 17 501 1690 1416 1785
3186 4 2 6 17 445 1484 1783 1824
3187 4 2 6 17 979 1156 1643 1820
3188 4 2 6 17 1294 1466 1567 1610
3189 4 2 6 17 1515 1526 1395 1669
3190 4 2 6 17 967 1553 1422 1780
3191 4 2 6 17 1266 1399 1636 1714
3192 4 2 6 17 1463 1585 1088 1706
3193 4 2 6 17 1350 1450 1295 1647
3194 4 2 6 17 1449 1765 1286 1921
3195 4 2 6 17 1373 1286 1521 1660
3196 4 2 6 17 1305 1563 1412 1670
3197 4 2 6 17 1304 1353 1456 1774
3198 4 2 6 17 1279 1758 1411 1872
3199 4 2 6 17 1561 1629 1318 1866
3200 4 2 6 17 1327 1719 1393 1890
3201 4 2 6 17 1286 1373 1521 1620
3202 4 2 6 17 525 1339 852 1936
3203 4 2 6 17 591 967 592 1422
3204 4 2 6 17 730 1635 1396 1673
3205 4 2 6 17 1477 1493 958 1746
3206 4 2 6 17 1315 1539 1459 1587
3207 4 2 6 17 1288 1496 1410 1538
3208 4 2 6 17 1283 1501 1423 1708
3209 4 2 6 17 1404 1688 1716 1897
3210 4 2 6 17 1446 1733 1402 1818
3211 4 2 6 17 1403 1544 1267 1675
3212 4 2 6 17 1277 1546 1406 1744
3213 4 2 6 17 856 471 1509 1692
3214 4 2 6 17 1271 1357 1470 1516
3215 4 2 6 17 1273 1633 1768 1800
3216 4 2 6 17 1172 1378 1705 1866
3217 4 2 6 17 1357 1489 1458 1655
3218 4 2 6 17 1649 1713 1345 1872
3219 4 2 6 17 1334 1456 1424 1927
3220 4 2 6 17 1350 1491 911 1647
3221 4 2 6 17 1274 1532 1518 1653
3222 4 2 6 17 1093 1450 1647 1911
3223 4 2 6 17 673 815 514 1698
3224 4 2 6 17 791 1773 1601 1816
3225 4 2 6 17 1335 1533 1394 1865
3226 4 2 6 17 1408 1509 471 1692
3227 4 2 6 17 1350 1488 1832 1901
3228 4 2 6 17 1264 1485 1449 1638
3229 4 2 6 17 1522 1841 1788 1943
3230 4 2 6 17 1279 1476 1411 1758
3231 4 2 6 17 1437 1616 1359 1623
3232 4 2 6 17 1296 1472 1411 1658
3233 4 2 6 17 1262 1334 1528 1602
3234 4 2 6 17 639 1436 1664 1703
3235 4 2 6 17 1343 1513 453 1717
3236 4 2 6 17 1280 1483 1350 1491
3237 4 2 6 17 1532 1653 1614 1902
3238 4 2 6 17 1272 1413 1446 1611
3239 4 2 6 17 1292 1417 1387 1799
3240 4 2 6 17 1349 1499 1454 1689
3241 4 2 6 17 1418 1649 1355 1850
3242 4 2 6 17 1271 1516 1470 1550
3243 4 2 6 17 1277 1425 1500 1573
3244 4 2 6 17 1265 1330 1535 1895
3245 4 2 6 17 825 1142 430 1704
3246 4 2 6 17 791 1601 482 1670
3247 4 2 6 17 1034 1463 1374 1606
3248 4 2 6 17 1002 1341 1005 1875
3249 4 2 6 17 970 893 1131 1411
3250 4 2 6 17 1335 1394 1615 1865
3251 4 2 6 17 1203 1557 1437 1909
3252 4 2 6 17 203 1437 1203 1557
3253 4 2 6 17 777 1650 1532 1701
3254 4 2 6 17 1424 1542 1362 1929
3255 4 2 6 17 1269 1471 1613 1624
3256 4 2 6 17 877 453 782 1343
3257 4 2 6 17 1532 1650 1452 1701
3258 4 2 6 17 1364 1722 1462 1731
3259 4 2 6 17 1297 1509 1625 1696
3260 4 2 6 17 1367 1622 1419 1898
3261 4 2 6 17 919 1746 1701 1769
3262 4 2 6 17 1295 1479 1370 1734
3263 4 2 6 17 1262 1418 1725 1825
3264 4 2 6 17 1466 1312 1567 1610
3265 4 2 6 17 1358 1765 1449 1921
3266 4 2 6 17 1275 1602 1444 1646
3267 4 2 6 17 1275 1614 1362 1756
3268 4 2 6 17 1633 1640 1409 1800
3269 4 2 6 17 1424 1362 1683 1929
3270 4 2 6 17 1275 1542 1362 1603
3271 4 2 6 17 1371 1280 1672 1744
3272 4 2 6 17 1348 1569 1321 1931
3273 4 2 6 17 1433 1423 1697 1930
3274 4 2 6 17 1333 1506 1442 1663
3275 4 2 6 17 1372 1521 1440 1620
3276 4 2 6 17 1276 1560 1359 1901
3277 4 2 6 17 1369 1612 860 1666
3278 4 2 6 17 690 1541 1732 1932
3279 4 2 6 17 1355 1825 1262 1942
3280 4 2 6 17 890 1564 1340 1790
3281 4 2 6 17 911 1483 681 1491
3282 4 2 6 17 907 1498 1548 1695
3283 4 2 6 17 1309 1487 1335 1526
3284 4 2 6 17 1264 1771 1567 1827
3285 4 2 6 17 1296 1411 1472 1763
3286 4 2 6 17 1312 1503 1430 1853
3287 4 2 6 17 505 1716 1543 1919
3288 4 2 6 17 689 1509 1408 1599
3289 4 2 6 17 1363 1529 682 1634
3290 4 2 6 17 1267 1376 1544 1735
3291 4 2 6 17 690 1585 1541 1932
3292 4 2 6 17 1168 1165 1500 1586
3293 4 2 6 17 1279 1528 1649 1937
3294 4 2 6 17 574 1547 1407 1754
3295 4 2 6 17 1367 1788 1481 1891
3296 4 2 6 17 963 1389 680 1503
3297 4 2 6 17 1300 1708 1594 1713
3298 4 2 6 17 1492 1720 1400 1885
3299 4 2 6 17 602 603 1545 1789
3300 4 2 6 17 1395 1526 1515 1644
3301 4 2 6 17 628 186 187 1521
3302 4 2 6 17 1460 1383 1752 1874
3303 4 2 6 17 1439 1433 1550 1805
3304 4 2 6 17 1326 1622 1625 1907
3305 4 2 6 17 445 1783 1571 1824
3306 4 2 6 17 1274 1518 1438 1653
3307 4 2 6 17 1299 1449 1389 1760
3308 4 2 6 17 1359 1333 1671 1901
3309 4 2 6 17 1269 1549 1393 1890
3310 4 2 6 17 1449 1636 1351 1899
3311 4 2 6 17 1273 1454 1380 1768
3312 4 2 6 17 1381 1297 1599 1609
3313 4 2 6 17 1373 1627 1441 1852
3314 4 2 6 17 1103 1329 1716 1880
3315 4 2 6 17 1279 1476 1758 1872
3316 4 2 6 17 883 1494 882 1536
3317 4 2 6 17 186 187 1521 1854
3318 4 2 6 17 1308 1383 1555 1752
3319 4 2 6 17 586 587 1451 1808
3320 4 2 6 17 1322 1343 1508 1792
3321 4 2 6 17 880 1404 1543 1716
3322 4 2 6 17 1187 1485 1358 1629
3323 4 2 6 17 505 1428 1716 1919
3324 4 2 6 17 546 1524 1444 1849
3325 4 2 6 17 1320 1510 1437 1636
3326 4 2 6 17 1206 1622 1197 1797
3327 4 2 6 17 1471 1624 1307 1726
3328 4 2 6 17 1303 1458 1377 1662
3329 4 2 6 17 1314 1627 1620 1852
3330 4 2 6 17 818 1375 721 1536
3331 4 2 6 17 1270 1625 1408 1651
3332 4 2 6 17 1467 1641 1055 1916
3333 4 2 6 17 1438 1626 1614 1902
3334 4 2 6 17 677 1674 1347 1681
3335 4 2 6 17 689 471 1408 1509
3336 4 2 6 17 1426 1487 1285 1558
3337 4 2 6 17 1620 1627 1373 1852
3338 4 2 6 17 1320 1510 1282 1557
3339 4 2 6 17 616 1444 546 1524
3340 4 2 6 17 814 1413 1611 1745
3341 4 2 6 17 1351 1618 1278 1648
3342 4 2 6 17 1305 1435 1422 1540
3343 4 2 6 17 1343 1453 1295 1479
3344 4 2 6 17 1310 1532 1385 1701
3345 4 2 6 17 1205 1516 1679 1797
3346 4 2 6 17 488 1523 1396 1718
3347 4 2 6 17 1368 1872 1649 1937
3348 4 2 6 17 1325 1688 1600 1943
3349 4 2 6 17 1291 1511 1356 1699
3350 4 2 6 17 646 1687 1336 1814
3351 4 2 6 17 1273 1409 1454 1633
3352 4 2 6 17 867 866 1156 1346
3353 4 2 6 17 1366 1263 1559 1710
3354 4 2 6 17 1381 1297 1545 1599
3355 4 2 6 17 1398 495 1598 1876
3356 4 2 6 17 1310 1746 1477 1769
3357 4 2 6 17 1354 1274 1518 1864
3358 4 2 6 17 1278 1347 1440 1681
3359 4 2 6 17 710 1547 720 1884
3360 4 2 6 17 1508 1830 1370 1878
3361 4 2 6 17 1317 1586 1839 1878
3362 4 2 6 17 1210 1356 1603 1699
3363 4 2 6 17 717 716 1375 1548
3364 4 2 6 17 462 1707 1445 1889
3365 4 2 6 17 682 1363 683 1529
3366 4 2 6 17 942 1504 1421 1876
3367 4 2 6 17 1485 1608 1320 1638
3368 4 2 6 17 954 1772 1771 1807
3369 4 2 6 17 1376 1267 1544 1675
3370 4 2 6 17 1400 1506 195 1668
3371 4 2 6 17 1436 1639 1542 1729
3372 4 2 6 17 1288 1339 1496 1631
3373 4 2 6 17 1278 1376 1618 1665
3374 4 2 6 17 1570 1635 729 1749
3375 4 2 6 17 1408 1270 1462 1773
3376 4 2 6 17 199 1489 1368 1578
3377 4 2 6 17 1160 1680 1336 1758
3378 4 2 6 17 1398 1504 495 1876
3379 4 2 6 17 1300 1649 1470 1713
3380 4 2 6 17 1079 1467 1366 1641
3381 4 2 6 17 953 1619 1407 1807
3382 4 2 6 17 185 186 1373 1580
3383 4 2 6 17 1356 1603 1511 1819
3384 4 2 6 17 1444 1524 616 1738
3385 4 2 6 17 1502 1624 1549 1705
3386 4 2 6 17 1362 1614 1438 1626
3387 4 2 6 17 1282 1388 1492 1591
3388 4 2 6 17 482 1601 791 1773
3389 4 2 6 17 1005 1341 1002 1772
3390 4 2 6 17 1084 1406 1085 1732
3391 4 2 6 17 1303 1416 1655 1690
3392 4 2 6 17 1313 1657 1585 1706
3393 4 2 6 17 1348 1683 1424 1840
3394 4 2 6 17 1316 1300 1550 1572
3395 4 2 6 17 1461 1549 1393 1659
3396 4 2 6 17 1189 1576 1387 1616
3397 4 2 6 17 1316 1368 1654 1779
3398 4 2 6 17 1271 1357 1516 1679
3399 4 2 6 17 587 597 1488 1808
3400 4 2 6 17 671 1591 1388 1781
3401 4 2 6 17 866 865 1452 1742
3402 4 2 6 17 1339 1700 1496 1936
3403 4 2 6 17 1266 1400 1510 1663
3404 4 2 6 17 1293 1363 1535 1801
3405 4 2 6 17 986 714 1585 1657
3406 4 2 6 17 1274 1379 1600 1742
3407 4 2 6 17 1283 1345 1501 1713
3408 4 2 6 17 1282 1549 1461 1659
3409 4 2 6 17 1323 1533 1330 1607
3410 4 2 6 17 1359 1333 1663 1671
3411 4 2 6 17 600 1385 593 1507
3412 4 2 6 17 1275 1603 1334 1646
3413 4 2 6 17 701 1493 1845 1936
3414 4 2 6 17 1098 1463 1034 1606
3415 4 2 6 17 1290 1549 1393 1624
3416 4 2 6 17 1336 1687 1441 1852
3417 4 2 6 17 1549 1710 1391 1935
3418 4 2 6 17 849 193 664 1399
3419 4 2 6 17 723 981 1645 1739
3420 4 2 6 17 730 488 1396 1718
3421 4 2 6 17 1273 1454 1409 1566
3422 4 2 6 17 1554 1744 1392 1844
3423 4 2 6 17 1427 1494 1321 1846
3424 4 2 6 17 1188 1568 1190 1881
3425 4 2 6 17 1568 1622 1342 1625
3426 4 2 6 17 480 1730 1412 1773
3427 4 2 6 17 1270 1651 1462 1722
3428 4 2 6 17 1506 1592 1333 1863
3429 4 2 6 17 1375 1494 1294 1498
3430 4 2 6 17 1316 1465 1390 1850
3431 4 2 6 17 639 1664 638 1703
3432 4 2 6 17 1345 1594 1708 1713
3433 4 2 6 17 1341 1771 1567 1809
3434 4 2 6 17 1138 1132 423 1353
3435 4 2 6 17 1300 1470 1316 1550
3436 4 2 6 17 1315 1539 1509 1793
3437 4 2 6 17 1348 1321 1747 1931
3438 4 2 6 17 1424 1646 1542 1813
3439 4 2 6 17 1280 1392 1576 1900
3440 4 2 6 17 1297 1509 1408 1625
3441 4 2 6 17 1290 1393 1457 1624
3442 4 2 6 17 1447 1487 1344 1531
3443 4 2 6 17 1267 1376 1458 1675
3444 4 2 6 17 1088 1463 1058 1585
3445 4 2 6 17 1277 1513 1406 1734
3446 4 2 6 17 721 1375 716 1498
3447 4 2 6 17 489 189 1372 1718
3448 4 2 6 17 1304 1456 1353 1813
3449 4 2 6 17 638 1703 1664 1724
3450 4 2 6 17 425 1352 1645 1838
3451 4 2 6 17 1202 1502 1391 1705
3452 4 2 6 17 1215 1349 1499 1836
3453 4 2 6 17 1174 1175 1597 1764
3454 4 2 6 17 456 1350 911 1647
3455 4 2 6 17 846 680 843 1389
3456 4 2 6 17 1302 1592 1506 1668
3457 4 2 6 17 1262 1602 1543 1688
3458 4 2 6 17 199 1368 1482 1578
3459 4 2 6 17 1314 1551 1578 1652
3460 4 2 6 17 688 856 471 1509
3461 4 2 6 17 1274 1677 1354 1811
3462 4 2 6 17 691 1023 1406 1541
3463 4 2 6 17 1274 1346 1527 1811
3464 4 2 6 17 1266 1506 1442 1570
3465 4 2 6 17 1303 1377 1620 1662
3466 4 2 6 17 1555 1752 1383 1874
3467 4 2 6 17 1423 1708 659 1930
3468 4 2 6 17 1364 1484 1483 1791
3469 4 2 6 17 670 1591 672 1885
3470 4 2 6 17 1194 1204 1166 1934
3471 4 2 6 17 501 1416 604 1785
3472 4 2 6 17 1432 1536 1473 1838
3473 4 2 6 17 1487 1581 1344 1733
3474 4 2 6 17 1332 1754 1492 1817
3475 4 2 6 17 1058 1541 693 1585
3476 4 2 6 17 1454 1566 1349 1689
3477 4 2 6 17 1373 1137 1687 1847
3478 4 2 6 17 1277 1500 1425 1878
3479 4 2 6 17 1539 1696 1383 1752
3480 4 2 6 17 458 1513 1023 1541
3481 4 2 6 17 1309 1487 1447 1531
3482 4 2 6 17 1129 1393 719 1547
3483 4 2 6 17 185 186 1137 1373
3484 4 2 6 17 1276 1596 1359 1616
3485 4 2 6 17 1103 1128 1329 1880
3486 4 2 6 17 1294 1375 1498 1610
3487 4 2 6 17 1538 1605 1463 1855
3488 4 2 6 17 953 954 1619 1807
3489 4 2 6 17 199 1654 1368 1779
3490 4 2 6 17 860 1369 1666 1928
3491 4 2 6 17 792 590 1382 1670
3492 4 2 6 17 1477 1493 1287 1873
3493 4 2 6 17 1263 1508 1559 1839
3494 4 2 6 17 1172 1561 1378 1866
3495 4 2 6 17 1423 1708 1300 1713
3496 4 2 6 17 775 1476 779 1583
3497 4 2 6 17 1398 1484 1783 1802
3498 4 2 6 17 711 1380 1642 1691
3499 4 2 6 17 488 1396 1523 1761
3500 4 2 6 17 1378 1562 1272 1733
3501 4 2 6 17 680 1389 963 1574
3502 4 2 6 17 1492 1510 1282 1714
3503 4 2 6 17 1202 1557 1203 1705
3504 4 2 6 17 1393 1290 1547 1659
3505 4 2 6 17 1485 1567 1358 1795
3506 4 2 6 17 1376 1544 1512 1796
3507 4 2 6 17 1430 1695 1312 1853
3508 4 2 6 17 1388 1490 1327 1591
3509 4 2 6 17 1121 1117 1461 1492
3510 4 2 6 17 1265 1445 1530 1667
3511 4 2 6 17 1353 1774 1476 1810
3512 4 2 6 17 867 1139 1742 1820
3513 4 2 6 17 1368 1489 199 1894
3514 4 2 6 17 1389 1475 1299 1751
3515 4 2 6 17 1397 1821 1460 1903
3516 4 2 6 17 1440 1521 836 1854
3517 4 2 6 17 1349 1605 1425 1883
3518 4 2 6 17 1085 1406 921 1647
3519 4 2 6 17 1476 1774 1279 1810
3520 4 2 6 17 756 1466 758 1498
3521 4 2 6 17 1193 1654 1180 1779
3522 4 2 6 17 794 1582 1442 1673
3523 4 2 6 17 691 1406 1023 1732
3524 4 2 6 17 425 1645 1473 1838
3525 4 2 6 17 1452 1650 869 1701
3526 4 2 6 17 1105 1604 1464 1750
3527 4 2 6 17 179 180 1583 1594
3528 4 2 6 17 1549 1705 1624 1848
3529 4 2 6 17 1323 1330 1534 1607
3530 4 2 6 17 535 1473 534 1536
3531 4 2 6 17 1299 1475 1399 1913
3532 4 2 6 17 1302 1506 1400 1668
3533 4 2 6 17 1426 1581 1487 1733
3534 4 2 6 17 1310 1753 1701 1769
3535 4 2 6 17 1378 1561 1172 1727
3536 4 2 6 17 199 1482 1368 1654
3537 4 2 6 17 1324 1839 1490 1935
3538 4 2 6 17 1218 1217 1216 1677
3539 4 2 6 17 1404 1716 1589 1897
3540 4 2 6 17 1558 1727 1335 1906
3541 4 2 6 17 1183 1403 1675 1796
3542 4 2 6 17 1189 1371 1576 1616
3543 4 2 6 17 1444 1646 1304 1849
3544 4 2 6 17 1294 1469 1348 1685
3545 4 2 6 17 1290 1562 1402 1926
3546 4 2 6 17 1193 1779 1180 1898
3547 4 2 6 17 1160 1336 646 1758
3548 4 2 6 17 1262 1404 1543 1725
3549 4 2 6 17 1288 1723 1538 1801
3550 4 2 6 17 1467 1471 1269 1862
3551 4 2 6 17 1286 1373 1627 1660
3552 4 2 6 17 1537 1634 1293 1702
3553 4 2 6 17 1271 1540 1357 1679
3554 4 2 6 17 1371 1616 1167 1741
3555 4 2 6 17 1665 1736 1376 1759
3556 4 2 6 17 1325 1600 1565 1943
3557 4 2 6 17 704 1410 561 1700
3558 4 2 6 17 1383 1308 1555 1812
3559 4 2 6 17 1367 1525 1419 1622
3560 4 2 6 17 1284 1424 1542 1813
3561 4 2 6 17 1289 1381 1550 1678
3562 4 2 6 17 1201 1616 1208 1888
3563 4 2 6 17 1049 1446 1050 1637
3564 4 2 6 17 1262 1390 1465 1850
3565 4 2 6 17 1459 1539 1315 1793
3566 4 2 6 17 817 1632 890 1917
3567 4 2 6 17 1368 199 1779 1894
3568 4 2 6 17 776 897 777 1431
3569 4 2 6 17 1495 1578 1185 1652
3570 4 2 6 17 1365 1270 1517 1568
3571 4 2 6 17 992 1468 837 1791
3572 4 2 6 17 1056 458 1541 1606
3573 4 2 6 17 1128 634 1589 1821
3574 4 2 6 17 1336 1551 1411 1872
3575 4 2 6 17 1282 1490 1388 1591
3576 4 2 6 17 1142 825 949 1478
3577 4 2 6 17 1589 1716 1404 1798
3578 4 2 6 17 1320 1386 1557 1608
3579 4 2 6 17 1382 1625 1601 1834
3580 4 2 6 17 716 1498 1375 1548
3581 4 2 6 17 1304 1602 1334 1646
3582 4 2 6 17 1274 1527 1346 1600
3583 4 2 6 17 1493 1928 1339 1936
3584 4 2 6 17 836 1440 687 1521
3585 4 2 6 17 808 543 612 1418
3586 4 2 6 17 1320 1282 1510 1714
3587 4 2 6 17 1264 1358 1567 1684
3588 4 2 6 17 1324 1586 1830 1839
3589 4 2 6 17 1304 1334 1602 1942
3590 4 2 6 17 955 1434 954 1772
3591 4 2 6 17 758 1498 1466 1676
3592 4 2 6 17 1338 1641 1467 1916
3593 4 2 6 17 1262 1825 1448 1942
3594 4 2 6 17 621 1436 1524 1729
3595 4 2 6 17 593 1507 1385 1666
3596 4 2 6 17 1377 1286 1495 1694
3597 4 2 6 17 792 590 589 1382
3598 4 2 6 17 1288 1628 1339 1631
3599 4 2 6 17 1079 1366 1467 1757
3600 4 2 6 17 1055 1338 914 1916
3601 4 2 6 17 1272 1581 1426 1733
3602 4 2 6 17 875 1383 1067 1923
3603 4 2 6 17 1456 1482 1279 1810
3604 4 2 6 17 1215 1566 1349 1782
3605 4 2 6 17 1299 1636 1449 1899
3606 4 2 6 17 1407 1619 1771 1807
3607 4 2 6 17 500 1674 1580 1690
3608 4 2 6 17 1286 1684 1503 1765
3609 4 2 6 17 849 1635 1399 1913
3610 4 2 6 17 1422 1563 1305 1670
3611 4 2 6 17 180 609 613 1594
3612 4 2 6 17 1467 1613 1053 1719
3613 4 2 6 17 1272 1561 1348 1569
3614 4 2 6 17 655 880 1404 1543
3615 4 2 6 17 1262 1725 1448 1825
3616 4 2 6 17 535 1473 1536 1838
3617 4 2 6 17 1540 1675 1357 1679
3618 4 2 6 17 185 1580 1373 1687
3619 4 2 6 17 1263 1443 1414 1584
3620 4 2 6 17 1054 1055 1467 1641
3621 4 2 6 17 579 582 1592 1863
3622 4 2 6 17 1388 1781 1584 1870
3623 4 2 6 17 1516 1622 1342 1797
3624 4 2 6 17 825 1435 949 1478
3625 4 2 6 17 1636 1648 1396 1749
3626 4 2 6 17 1196 1202 1203 1705
3627 4 2 6 17 1357 1540 1271 1697
3628 4 2 6 17 1354 1677 1274 1864
3629 4 2 6 17 1327 1591 1393 1719
3630 4 2 6 17 1471 1588 1307 1624
3631 4 2 6 17 1332 1608 1407 1833
3632 4 2 6 17 1269 1391 1474 1755
3633 4 2 6 17 1351 1694 1449 1760
3634 4 2 6 17 1275 1356 1614 1819
3635 4 2 6 17 1390 1654 1334 1860
3636 4 2 6 17 1269 1588 1471 1624
3637 4 2 6 17 1351 1617 1437 1636
3638 4 2 6 17 1290 1457 1393 1547
3639 4 2 6 17 1274 1527 1677 1811
3640 4 2 6 17 1389 1503 1312 1590
3641 4 2 6 17 655 1543 1404 1725
3642 4 2 6 17 1308 1539 1383 1752
3643 4 2 6 17 1438 1518 1274 1864
3644 4 2 6 17 1271 1516 1419 1609
3645 4 2 6 17 1380 1768 1464 1829
3646 4 2 6 17 1266 1442 1560 1749
3647 4 2 6 17 1471 1862 1467 1916
3648 4 2 6 17 1356 1438 1362 1614
3649 4 2 6 17 1318 1561 1348 1795
3650 4 2 6 17 1316 1654 1368 1850
3651 4 2 6 17 1309 1335 1588 1615
3652 4 2 6 17 1517 1587 1315 1858
3653 4 2 6 17 1404 1418 1572 1904
3654 4 2 6 17 1318 1562 1556 1887
3655 4 2 6 17 1359 1560 1333 1901
3656 4 2 6 17 1481 1597 1174 1914
3657 4 2 6 17 1383 1539 1308 1812
3658 4 2 6 17 1286 1765 1495 1921
3659 4 2 6 17 1183 1376 1182 1796
3660 4 2 6 17 1367 1268 1525 1597
3661 4 2 6 17 846 680 1389 1869
3662 4 2 6 17 1336 1441 1411 1551
3663 4 2 6 17 1403 1693 1305 1786
3664 4 2 6 17 1322 1537 1717 1925
3665 4 2 6 17 675 1043 575 1817
3666 4 2 6 17 1415 1501 1336 1814
3667 4 2 6 17 1462 1730 1061 1773
3668 4 2 6 17 1538 1463 1706 1855
3669 4 2 6 17 1442 1570 729 1749
3670 4 2 6 17 1432 1473 1284 1813
3671 4 2 6 17 1420 1803 1344 1835
3672 4 2 6 17 670 671 672 1591
3673 4 2 6 17 714 1088 1585 1706
3674 4 2 6 17 1262 1543 1404 1688
3675 4 2 6 17 1264 1485 1358 1684
3676 4 2 6 17 578 1451 587 1488
3677 4 2 6 17 732 1740 1439 1805
3678 4 2 6 17 914 1338 1707 1916
3679 4 2 6 17 202 1203 1437 1909
3680 4 2 6 17 1208 1189 1387 1616
3681 4 2 6 17 1381 1289 1514 1678
3682 4 2 6 17 972 1433 988 1497
3683 4 2 6 17 1166 1391 1502 1755
3684 4 2 6 17 1309 1335 1487 1588
3685 4 2 6 17 1528 1649 1355 1774
3686 4 2 6 17 1351 1595 1694 1760
3687 4 2 6 17 1353 1645 1138 1837
3688 4 2 6 17 623 1385 599 1701
3689 4 2 6 17 1278 1681 1421 1736
3690 4 2 6 17 1145 1133 675 1817
3691 4 2 6 17 1145 994 1475 1619
3692 4 2 6 17 1302 1414 1479 1748
3693 4 2 6 17 1137 185 1373 1687
3694 4 2 6 17 911 1350 456 1924
3695 4 2 6 17 1350 1295 1596 1672
3696 4 2 6 17 1302 1668 1414 1748
3697 4 2 6 17 1277 1425 1520 1878
3698 4 2 6 17 681 1483 911 1924
3699 4 2 6 17 459 877 783 1577
3700 4 2 6 17 1273 1768 1380 1829
3701 4 2 6 17 476 1538 479 1706
3702 4 2 6 17 1612 1682 1298 1750
3703 4 2 6 17 1266 1636 1510 1714
3704 4 2 6 17 1050 1155 1154 1402
3705 4 2 6 17 1381 1271 1550 1609
3706 4 2 6 17 646 644 1441 1687
3707 4 2 6 17 1134 814 1446 1745
3708 4 2 6 17 1276 1743 1560 1901
3709 4 2 6 17 1449 1485 1320 1638
3710 4 2 6 17 1341 1567 1466 1809
3711 4 2 6 17 1352 1473 1432 1813
3712 4 2 6 17 1135 1514 1789 1805
3713 4 2 6 17 425 423 1473 1645
3714 4 2 6 17 1319 1664 1626 1756
3715 4 2 6 17 456 1350 1770 1924
3716 4 2 6 17 1276 1488 1398 1743
3717 4 2 6 17 711 1459 951 1642
3718 4 2 6 17 680 965 1389 1590
3719 4 2 6 17 1429 1459 1281 1917
3720 4 2 6 17 1629 1683 1348 1840
3721 4 2 6 17 1359 1671 1596 1901
3722 4 2 6 17 868 617 1379 1738
3723 4 2 6 17 1533 1656 1330 1782
3724 4 2 6 17 1262 1404 1465 1688
3725 4 2 6 17 818 717 721 1375
3726 4 2 6 17 1435 1478 1267 1767
3727 4 2 6 17 1397 1268 1661 1903
3728 4 2 6 17 501 605 1674 1785
3729 4 2 6 17 1431 1515 918 1753
3730 4 2 6 17 1426 1581 1747 1929
3731 4 2 6 17 623 600 599 1385
3732 4 2 6 17 1304 1352 1646 1813
3733 4 2 6 17 1407 1608 1771 1833
3734 4 2 6 17 1705 1934 1557 1935
3735 4 2 6 17 1271 1470 1357 1697
3736 4 2 6 17 1449 1617 1351 1636
3737 4 2 6 17 1437 1617 1320 1636
3738 4 2 6 17 1481 1699 1174 1764
3739 4 2 6 17 1423 1501 1283 1857
3740 4 2 6 17 680 843 1389 1574
3741 4 2 6 17 1562 1887 1402 1926
3742 4 2 6 17 500 1580 1674 1854
3743 4 2 6 17 1292 1544 1401 1767
3744 4 2 6 17 1427 1676 1341 1827
3745 4 2 6 17 575 1754 1332 1817
3746 4 2 6 17 1334 1860 1482 1927
3747 4 2 6 17 1362 1603 1424 1683
3748 4 2 6 17 1452 1650 1379 1742
3749 4 2 6 17 1023 459 1406 1513
3750 4 2 6 17 1434 799 1590 1772
3751 4 2 6 17 1377 1595 1286 1694
3752 4 2 6 17 1480 1628 1566 1883
3753 4 2 6 17 505 880 1543 1716
3754 4 2 6 17 1449 1286 1694 1921
3755 4 2 6 17 1394 1656 1533 1755
3756 4 2 6 17 1475 1619 994 1869
3757 4 2 6 17 1372 1523 1396 1899
3758 4 2 6 17 550 1444 616 1738
3759 4 2 6 17 1458 1377 1662 1828
3760 4 2 6 17 1358 1485 1187 1921
3761 4 2 6 17 1283 1697 1470 1713
3762 4 2 6 17 1318 1629 1561 1795
3763 4 2 6 17 1351 1648 1437 1888
3764 4 2 6 17 1369 1604 1464 1905
3765 4 2 6 17 599 600 595 1507
3766 4 2 6 17 1183 1675 1376 1796
3767 4 2 6 17 681 1483 912 1491
3768 4 2 6 17 1324 1839 1391 1934
3769 4 2 6 17 1344 1803 1447 1835
3770 4 2 6 17 1331 1311 1593 1648
3771 4 2 6 17 1664 1703 1319 1724
3772 4 2 6 17 1312 1498 1466 1853
3773 4 2 6 17 1181 1178 1607 1782
3774 4 2 6 17 1549 1624 1290 1848
3775 4 2 6 17 1562 1733 1378 1818
3776 4 2 6 17 1289 1572 1439 1798
3777 4 2 6 17 1477 1711 1360 1873
3778 4 2 6 17 929 782 1343 1842
3779 4 2 6 17 1411 1476 537 1758
3780 4 2 6 17 1014 1447 1515 1803
3781 4 2 6 17 892 819 1472 1548
3782 4 2 6 17 1383 1460 1397 1715
3783 4 2 6 17 966 1553 967 1780
3784 4 2 6 17 673 1555 1460 1920
3785 4 2 6 17 1371 1392 1741 1900
3786 4 2 6 17 1544 1735 1376 1736
3787 4 2 6 17 1417 1398 1488 1802
3788 4 2 6 17 1097 1395 1644 1787
3789 4 2 6 17 1167 1371 1189 1616
3790 4 2 6 17 1335 1394 1502 1862
3791 4 2 6 17 702 1583 1575 1941
3792 4 2 6 17 799 1151 1434 1590
3793 4 2 6 17 672 1591 1492 1885
3794 4 2 6 17 1289 1404 1572 1798
3795 4 2 6 17 1528 1602 1334 1942
3796 4 2 6 17 1218 1481 1677 1699
3797 4 2 6 17 1501 1579 1336 1872
3798 4 2 6 17 1017 1413 814 1745
3799 4 2 6 17 868 1123 1650 1703
3800 4 2 6 17 1456 1646 1424 1813
3801 4 2 6 17 1343 1322 1508 1513
3802 4 2 6 17 1189 1576 1188 1881
3803 4 2 6 17 1311 1396 1648 1749
3804 4 2 6 17 189 687 489 1372
3805 4 2 6 17 1358 1629 1485 1795
3806 4 2 6 17 1281 1587 1454 1721
3807 4 2 6 17 1096 462 1445 1644
3808 4 2 6 17 1349 1573 1425 1605
3809 4 2 6 17 1377 1458 1303 1665
3810 4 2 6 17 1278 1351 1595 1618
3811 4 2 6 17 1563 1571 1401 1767
3812 4 2 6 17 1156 1507 788 1643
3813 4 2 6 17 1354 1552 1518 1811
3814 4 2 6 17 1293 1520 1374 1801
3815 4 2 6 17 1325 1428 1688 1943
3816 4 2 6 17 1325 1565 1428 1943
3817 4 2 6 17 1093 576 1647 1770
3818 4 2 6 17 1202 1166 1204 1934
3819 4 2 6 17 1591 1719 1327 1781
3820 4 2 6 17 1461 1492 1117 1591
3821 4 2 6 17 1386 1705 1557 1935
3822 4 2 6 17 1372 1286 1760 1766
3823 4 2 6 17 1296 1411 1441 1551
3824 4 2 6 17 511 1430 1147 1853
3825 4 2 6 17 1279 1482 1456 1528
3826 4 2 6 17 1311 1331 1560 1648
3827 4 2 6 17 1402 1887 1272 1931
3828 4 2 6 17 838 912 1491 1910
3829 4 2 6 17 496 1504 942 1876
3830 4 2 6 17 1365 1270 1568 1722
3831 4 2 6 17 1217 1864 1677 1914
3832 4 2 6 17 1370 1546 1741 1784
3833 4 2 6 17 1335 1558 1487 1727
3834 4 2 6 17 995 1146 1709 1785
3835 4 2 6 17 1153 1619 1434 1869
3836 4 2 6 17 1357 1655 1328 1697
3837 4 2 6 17 1355 1583 1345 1594
3838 4 2 6 17 1182 1376 1183 1675
3839 4 2 6 17 1404 1725 1418 1904
3840 4 2 6 17 1609 1625 1382 1834
3841 4 2 6 17 1280 1491 1350 1672
3842 4 2 6 17 1348 1469 1294 1795
3843 4 2 6 17 1427 1827 1341 1887
3844 4 2 6 17 616 550 546 1444
3845 4 2 6 17 1453 1479 1414 1748
3846 4 2 6 17 193 729 1570 1635
3847 4 2 6 17 1474 1710 1391 1890
3848 4 2 6 17 1305 1412 1601 1670
3849 4 2 6 17 628 1521 187 1660
3850 4 2 6 17 1288 1363 1496 1723
3851 4 2 6 17 1565 1742 1139 1820
3852 4 2 6 17 1458 1665 1376 1759
3853 4 2 6 17 730 1396 488 1673
3854 4 2 6 17 1477 1360 1845 1873
3855 4 2 6 17 444 1598 1571 1783
3856 4 2 6 17 1384 1482 1456 1810
3857 4 2 6 17 1394 1535 1533 1656
3858 4 2 6 17 1309 1445 1707 1889
3859 4 2 6 17 1272 1378 1561 1562
3860 4 2 6 17 939 1745 1776 1918
3861 4 2 6 17 1271 1433 1550 1697
3862 4 2 6 17 1278 1351 1648 1899
3863 4 2 6 17 1449 1684 1389 1760
3864 4 2 6 17 1343 1479 1508 1792
3865 4 2 6 17 495 1504 1398 1808
3866 4 2 6 17 1055 1091 914 1338
3867 4 2 6 17 1289 1572 1404 1897
3868 4 2 6 17 1367 1597 1525 1622
3869 4 2 6 17 1677 1864 1354 1914
3870 4 2 6 17 1286 1627 1430 1660
3871 4 2 6 17 1411 1758 1336 1872
3872 4 2 6 17 624 1650 777 1701
3873 4 2 6 17 1207 1622 1206 1721
3874 4 2 6 17 1269 1391 1549 1890
3875 4 2 6 17 1476 1575 779 1583
3876 4 2 6 17 1014 1515 1447 1644
3877 4 2 6 17 1285 1431 1515 1803
3878 4 2 6 17 1354 1677 1527 1811
3879 4 2 6 17 1165 1500 1782 1836
3880 4 2 6 17 1468 1483 837 1791
3881 4 2 6 17 573 1121 1117 1461
3882 4 2 6 17 1559 1839 1508 1878
3883 4 2 6 17 774 775 779 1583
3884 4 2 6 17 1328 1540 1357 1697
3885 4 2 6 17 1363 1535 1288 1895
3886 4 2 6 17 1383 1812 1555 1923
3887 4 2 6 17 1556 1887 1562 1926
3888 4 2 6 17 995 1709 1347 1785
3889 4 2 6 17 1442 1560 1311 1582
3890 4 2 6 17 1273 1349 1566 1628
3891 4 2 6 17 1345 1708 1501 1713
3892 4 2 6 17 1296 1551 1441 1627
3893 4 2 6 17 1132 895 1066 1473
3894 4 2 6 17 873 1498 724 1676
3895 4 2 6 17 1300 1439 1418 1740
3896 4 2 6 17 1269 1502 1391 1755
3897 4 2 6 17 1129 571 1461 1547
3898 4 2 6 17 1085 1084 921 1406
3899 4 2 6 17 453 929 1343 1717
3900 4 2 6 17 535 1536 1432 1838
3901 4 2 6 17 186 502 187 1854
3902 4 2 6 17 925 1464 1604 1691
3903 4 2 6 17 839 1536 1473 1868
3904 4 2 6 17 1393 1613 1269 1890
3905 4 2 6 17 1292 1484 1799 1824
3906 4 2 6 17 1193 1764 1779 1898
3907 4 2 6 17 1296 1469 1375 1658
3908 4 2 6 17 1317 1839 1559 1878
3909 4 2 6 17 1373 1620 1286 1627
3910 4 2 6 17 1347 1674 677 1785
3911 4 2 6 17 1319 1664 1436 1703
3912 4 2 6 17 1279 1583 1476 1872
3913 4 2 6 17 689 688 471 1509
3914 4 2 6 17 713 554 1407 1547
3915 4 2 6 17 883 874 882 1494
3916 4 2 6 17 1179 1166 1502 1755
3917 4 2 6 17 186 1580 502 1854
3918 4 2 6 17 1294 1375 1469 1685
3919 4 2 6 17 879 1750 861 1920
3920 4 2 6 17 1278 1618 1377 1665
3921 4 2 6 17 1281 1454 1499 1721
3922 4 2 6 17 1293 1474 1366 1559
3923 4 2 6 17 1267 1540 1655 1915
3924 4 2 6 17 1312 1590 1503 1853
3925 4 2 6 17 1004 1427 1113 1676
3926 4 2 6 17 1312 1503 1684 1765
3927 4 2 6 17 1368 1649 1528 1937
3928 4 2 6 17 1277 1425 1573 1605
3929 4 2 6 17 1272 1562 1561 1569
3930 4 2 6 17 1312 1695 1430 1765
3931 4 2 6 17 1269 1755 1474 1862
3932 4 2 6 17 1317 1500 1425 1656
3933 4 2 6 17 1699 1764 1481 1891
3934 4 2 6 17 1264 1389 1638 1684
3935 4 2 6 17 1381 1497 989 1805
3936 4 2 6 17 1187 1629 1200 1866
3937 4 2 6 17 1189 1371 1167 1741
3938 4 2 6 17 1730 1791 834 1824
3939 4 2 6 17 1286 1595 1377 1620
3940 4 2 6 17 587 1488 1451 1808
3941 4 2 6 17 1273 1566 1480 1628
3942 4 2 6 17 1174 1173 1175 1764
3943 4 2 6 17 1071 1591 1073 1719
3944 4 2 6 17 1334 1424 1860 1927
3945 4 2 6 17 1391 1934 1705 1935
3946 4 2 6 17 1376 1458 1377 1665
3947 4 2 6 17 1362 1542 1424 1603
3948 4 2 6 17 1287 1369 1493 1666
3949 4 2 6 17 1538 1723 1374 1801
3950 4 2 6 17 1389 1264 1638 1833
3951 4 2 6 17 1396 1648 1636 1899
3952 4 2 6 17 1571 1598 1292 1783
3953 4 2 6 17 1135 1514 1127 1789
3954 4 2 6 17 1463 1057 1541 1606
3955 4 2 6 17 965 963 680 1503
3956 4 2 6 17 1312 1503 1389 1684
3957 4 2 6 17 1277 1605 1463 1606
3958 4 2 6 17 1264 1449 1485 1684
3959 4 2 6 17 1392 1546 1277 1744
3960 4 2 6 17 1320 1437 1510 1557
3961 4 2 6 17 1418 1594 808 1825
3962 4 2 6 17 1160 1680 183 1814
3963 4 2 6 17 839 1066 895 1473
3964 4 2 6 17 1286 1595 1372 1760
3965 4 2 6 17 1519 1655 1416 1690
3966 4 2 6 17 1285 1515 1447 1803
3967 4 2 6 17 1313 1585 1463 1706
3968 4 2 6 17 1686 1738 1042 1919
3969 4 2 6 17 1360 1711 1534 1873
3970 4 2 6 17 1561 1629 1348 1795
3971 4 2 6 17 1511 1602 1325 1819
3972 4 2 6 17 1292 1598 1571 1871
3973 4 2 6 17 686 1529 683 1737
3974 4 2 6 17 203 202 1203 1437
3975 4 2 6 17 1357 1540 1328 1655
3976 4 2 6 17 1390 1511 1688 1891
3977 4 2 6 17 1411 1551 1296 1658
3978 4 2 6 17 1510 1663 1400 1720
3979 4 2 6 17 1134 1446 814 1611
3980 4 2 6 17 1262 1355 1528 1850
3981 4 2 6 17 966 529 1553 1778
3982 4 2 6 17 1385 1452 1274 1811
3983 4 2 6 17 1406 1577 1295 1734
3984 4 2 6 17 1351 1760 1449 1899
3985 4 2 6 17 1401 1544 1292 1871
3986 4 2 6 17 508 1503 1430 1660
3987 4 2 6 17 1430 1627 1373 1660
3988 4 2 6 17 1200 1629 1561 1866
3989 4 2 6 17 1267 1544 1403 1767
3990 4 2 6 17 721 717 716 1375
3991 4 2 6 17 972 1497 592 1553
3992 4 2 6 17 1313 1429 1712 1844
3993 4 2 6 17 1458 1655 1489 1662
3994 4 2 6 17 939 1835 1745 1918
3995 4 2 6 17 1302 1479 1453 1748
3996 4 2 6 17 1542 1729 1352 1849
3997 4 2 6 17 1408 1601 1382 1625
3998 4 2 6 17 1428 1522 1329 1943
3999 4 2 6 17 929 782 453 1343
4000 4 2 6 17 1537 1792 1559 1925
4001 4 2 6 17 1294 1498 1466 1610
4002 4 2 6 17 1316 1300 1572 1850
4003 4 2 6 17 1390 1688 1465 1891
4004 4 2 6 17 1559 1792 1366 1925
4005 4 2 6 17 814 1611 1446 1745
4006 4 2 6 17 1200 1683 1629 1840
4007 4 2 6 17 1187 1629 1358 1921
4008 4 2 6 17 1309 1707 1588 1896
4009 4 2 6 17 1350 1770 1488 1901
4010 4 2 6 17 1442 729 1673 1749
4011 4 2 6 17 1571 1598 1401 1871
4012 4 2 6 17 1588 1471 1707 1862
4013 4 2 6 17 1280 1576 1371 1832
4014 4 2 6 17 1012 1647 576 1770
4015 4 2 6 17 1160 182 183 1680
4016 4 2 6 17 1324 1586 1839 1934
4017 4 2 6 17 1353 1476 1774 1837
4018 4 2 6 17 1467 1719 1053 1757
4019 4 2 6 17 982 1571 444 1598
4020 4 2 6 17 1486 1841 1788 1903
4021 4 2 6 17 1439 1740 1433 1805
4022 4 2 6 17 1446 1402 1637 1818
4023 4 2 6 17 1273 1633 1454 1768
4024 4 2 6 17 977 1592 1450 1911
4025 4 2 6 17 1290 1547 1505 1884
4026 4 2 6 17 1314 1627 1551 1652
4027 4 2 6 17 1371 1576 1392 1900
4028 4 2 6 17 1302 1388 1720 1804
4029 4 2 6 17 1338 1707 1445 1737
4030 4 2 6 17 1342 1609 1516 1834
4031 4 2 6 17 1149 1715 1545 1789
4032 4 2 6 17 732 1433 1740 1805
4033 4 2 6 17 602 1545 618 1822
4034 4 2 6 17 1332 1407 1619 1833
4035 4 2 6 17 865 599 866 1452
4036 4 2 6 17 1293 1634 1363 1801
4037 4 2 6 17 1344 1776 1745 1918
4038 4 2 6 17 483 546 1444 1849
4039 4 2 6 17 1300 1439 1433 1550
4040 4 2 6 17 602 1381 1545 1822
4041 4 2 6 17 1410 1657 1313 1706
4042 4 2 6 17 867 1346 1156 1820
4043 4 2 6 17 1337 1732 1541 1932
4044 4 2 6 17 1324 1391 1839 1935
4045 4 2 6 17 566 1422 565 1780
4046 4 2 6 17 1377 1458 1376 1828
4047 4 2 6 17 1588 1707 1615 1862
4048 4 2 6 17 1206 1622 1568 1721
4049 4 2 6 17 1336 1314 1579 1852
4050 4 2 6 17 1424 1603 1334 1860
4051 4 2 6 17 1280 1722 1576 1799
4052 4 2 6 17 889 1451 578 1770
4053 4 2 6 17 1292 1571 1401 1871
4054 4 2 6 17 1595 1760 1351 1899
4055 4 2 6 17 890 993 1340 1632
4056 4 2 6 17 1349 1855 1605 1883
4057 4 2 6 17 982 1401 1598 1728
4058 4 2 6 17 1300 1649 1418 1850
4059 4 2 6 17 1291 1356 1511 1600
4060 4 2 6 17 1334 1456 1482 1528
4061 4 2 6 17 1480 1566 1330 1883
4062 4 2 6 17 1284 1456 1424 1813
4063 4 2 6 17 1322 1717 1343 1792
4064 4 2 6 17 1276 1451 1488 1743
4065 4 2 6 17 476 1020 479 1538
4066 4 2 6 17 1289 1550 1439 1572
4067 4 2 6 17 825 822 949 1435
4068 4 2 6 17 1319 1626 1664 1724
4069 4 2 6 17 1506 1592 1302 1663
4070 4 2 6 17 1302 1400 1663 1720
4071 4 2 6 17 1128 1698 1329 1880
4072 4 2 6 17 999 1639 1621 1664
4073 4 2 6 17 1301 1542 1436 1639
4074 4 2 6 17 1466 1498 1312 1610
4075 4 2 6 17 702 1355 1583 1941
4076 4 2 6 17 1309 1526 1335 1615
4077 4 2 6 17 516 1642 1464 1691
4078 4 2 6 17 1283 1415 1519 1908
4079 4 2 6 17 1340 1731 993 1790
4080 4 2 6 17 1462 1651 1408 1692
4081 4 2 6 17 1267 1736 1735 1759
4082 4 2 6 17 588 590 591 1497
4083 4 2 6 17 1320 1617 1449 1636
4084 4 2 6 17 613 181 1583 1680
4085 4 2 6 17 690 1162 1585 1932
4086 4 2 6 17 1314 1578 1495 1652
4087 4 2 6 17 1331 1616 1437 1888
4088 4 2 6 17 30 1193 1177 1390
4089 4 2 6 17 792 1670 1382 1816
4090 4 2 6 17 901 1643 1612 1682
4091 4 2 6 17 1271 1497 1422 1834
4092 4 2 6 17 730 1635 191 1718
4093 4 2 6 17 1533 1535 1330 1656
4094 4 2 6 17 1494 1321 1846 1879
4095 4 2 6 17 985 1509 726 1912
4096 4 2 6 17 1350 1832 1596 1901
4097 4 2 6 17 1451 1770 889 1831
4098 4 2 6 17 954 955 952 1619
4099 4 2 6 17 1423 1519 1328 1778
4100 4 2 6 17 1455 1568 1270 1722
4101 4 2 6 17 1418 1439 1300 1572
4102 4 2 6 17 513 1522 1698 1880
4103 4 2 6 17 1381 1609 1599 1822
4104 4 2 6 17 1265 1615 1445 1667
4105 4 2 6 17 1436 1729 1542 1849
4106 4 2 6 17 1507 1612 598 1643
4107 4 2 6 17 199 1180 1654 1779
4108 4 2 6 17 1038 611 1062 1708
4109 4 2 6 17 1421 1681 1523 1761
4110 4 2 6 17 1208 1616 1331 1888
4111 4 2 6 17 1334 1603 1424 1646
4112 4 2 6 17 1107 1416 928 1777
4113 4 2 6 17 1371 1741 1576 1900
4114 4 2 6 17 794 1442 793 1673
4115 4 2 6 17 1371 1741 1546 1784
4116 4 2 6 17 1336 1314 1551 1579
4117 4 2 6 17 1366 1537 1293 1559
4118 4 2 6 17 1502 1549 1391 1705
4119 4 2 6 17 1284 1810 1456 1813
4120 4 2 6 17 1501 1423 1708 1857
4121 4 2 6 17 771 762 1395 1644
4122 4 2 6 17 1269 1502 1755 1862
4123 4 2 6 17 1571 1783 1484 1824
4124 4 2 6 17 1289 1514 1678 1789
4125 4 2 6 17 1274 1600 1356 1677
4126 4 2 6 17 739 1539 875 1923
4127 4 2 6 17 513 1522 1405 1698
4128 4 2 6 17 1277 1463 1541 1606
4129 4 2 6 17 1278 1595 1377 1618
4130 4 2 6 17 1296 1375 1548 1658
4131 4 2 6 17 195 789 1400 1668
4132 4 2 6 17 1308 1555 1633 1752
4133 4 2 6 17 1287 1385 1518 1552
4134 4 2 6 17 1551 1658 1411 1810
4135 4 2 6 17 1296 1548 1472 1658
4136 4 2 6 17 449 1717 743 1925
4137 4 2 6 17 1012 576 456 1770
4138 4 2 6 17 1344 1745 1413 1835
4139 4 2 6 17 1392 1546 1371 1741
4140 4 2 6 17 1467 1366 1641 1892
4141 4 2 6 17 1264 1389 1809 1833
4142 4 2 6 17 1342 1625 1609 1834
4143 4 2 6 17 634 1103 1128 1589
4144 4 2 6 17 1295 1647 1406 1672
4145 4 2 6 17 861 1750 1361 1920
4146 4 2 6 17 1202 1557 1705 1934
4147 4 2 6 17 1443 1366 1792 1925
4148 4 2 6 17 1274 1356 1600 1614
4149 4 2 6 17 573 1043 1121 1754
4150 4 2 6 17 1489 1655 1283 1662
4151 4 2 6 17 949 1478 1401 1728
4152 4 2 6 17 534 1473 839 1536
4153 4 2 6 17 1318 1556 1827 1887
4154 4 2 6 17 1344 1745 1835 1918
4155 4 2 6 17 1280 1672 1350 1832
4156 4 2 6 17 1320 1437 1557 1909
4157 4 2 6 17 1484 1571 1292 1783
4158 4 2 6 17 1049 1637 1154 1884
4159 4 2 6 17 1300 1418 1572 1850
4160 4 2 6 17 1459 1315 1564 1793
4161 4 2 6 17 1429 1657 1313 1712
4162 4 2 6 17 1530 1667 1445 1737
4163 4 2 6 17 1319 1436 1664 1756
4164 4 2 6 17 1287 1552 1369 1666
4165 4 2 6 17 557 1402 1505 1884
4166 4 2 6 17 1403 1679 1540 1767
4167 4 2 6 17 1516 1609 1271 1834
4168 4 2 6 17 1281 1380 1712 1893
4169 4 2 6 17 1525 1597 1268 1752
4170 4 2 6 17 1164 1656 1533 1782
4171 4 2 6 17 989 1497 1381 1822
4172 4 2 6 17 1399 1475 1332 1817
4173 4 2 6 17 1294 1494 1375 1685
4174 4 2 6 17 900 1563 486 1571
4175 4 2 6 17 1277 1520 1425 1605
4176 4 2 6 17 1278 1595 1351 1899
4177 4 2 6 17 1311 1582 1560 1743
4178 4 2 6 17 1269 1549 1502 1624
4179 4 2 6 17 1292 1799 1786 1824
4180 4 2 6 17 1404 1589 1798 1897
4181 4 2 6 17 1070 613 1069 1708
4182 4 2 6 17 1385 1507 1452 1811
4183 4 2 6 17 1290 1457 1547 1884
4184 4 2 6 17 1514 1381 1678 1789
4185 4 2 6 17 1212 1362 1219 1683
4186 4 2 6 17 1276 1596 1616 1832
4187 4 2 6 17 501 604 605 1785
4188 4 2 6 17 1054 1467 1079 1641
4189 4 2 6 17 683 1530 1363 1859
4190 4 2 6 17 799 1466 757 1590
4191 4 2 6 17 1092 1529 1055 1641
4192 4 2 6 17 985 726 619 1912
4193 4 2 6 17 1267 1401 1478 1735
4194 4 2 6 17 1442 1506 796 1570
4195 4 2 6 17 1217 1607 1864 1914
4196 4 2 6 17 1295 1672 1546 1784
4197 4 2 6 17 860 1612 1369 1750
4198 4 2 6 17 1385 1532 1452 1701
4199 4 2 6 17 1435 1478 825 1704
4200 4 2 6 17 1546 1672 1371 1784
4201 4 2 6 17 1354 1566 1480 1640
4202 4 2 6 17 1451 1488 578 1770
4203 4 2 6 17 1302 1479 1414 1804
4204 4 2 6 17 808 1418 612 1594
4205 4 2 6 17 1325 1738 1686 1919
4206 4 2 6 17 855 1564 1692 1793
4207 4 2 6 17 1295 1350 1647 1672
4208 4 2 6 17 179 702 1355 1583
4209 4 2 6 17 1438 1614 1653 1902
4210 4 2 6 17 1279 1528 1456 1774
4211 4 2 6 17 1357 1516 1205 1894
4212 4 2 6 17 1364 1722 1280 1799
4213 4 2 6 17 652 1484 1791 1802
4214 4 2 6 17 1494 1536 1321 1879
4215 4 2 6 17 713 1407 554 1807
4216 4 2 6 17 777 897 627 1753
4217 4 2 6 17 1399 1570 1266 1749
4218 4 2 6 17 1337 1744 1554 1844
4219 4 2 6 17 1484 834 1791 1824
4220 4 2 6 17 1341 1772 1771 1809
4221 4 2 6 17 733 1433 732 1805
4222 4 2 6 17 1310 1515 1395 1669
4223 4 2 6 17 197 539 1668 1748
4224 4 2 6 17 893 1411 970 1763
4225 4 2 6 17 1588 1707 1471 1896
4226 4 2 6 17 1495 1694 1286 1921
4227 4 2 6 17 525 1700 1339 1936
4228 4 2 6 17 1338 1467 1862 1916
4229 4 2 6 17 690 693 1541 1585
4230 4 2 6 17 1296 1441 1411 1763
4231 4 2 6 17 1358 1684 1449 1765
4232 4 2 6 17 1466 1590 799 1772
4233 4 2 6 17 1575 1774 1476 1837
4234 4 2 6 17 1132 537 1353 1837
4235 4 2 6 17 1266 1437 1560 1940
4236 4 2 6 17 848 1514 1439 1798
4237 4 2 6 17 860 1750 1369 1928
4238 4 2 6 17 1348 1561 1318 1569
4239 4 2 6 17 1342 1419 1516 1609
4240 4 2 6 17 799 1434 1151 1772
4241 4 2 6 17 1406 1295 1577 1647
4242 4 2 6 17 1278 1347 1681 1736
4243 4 2 6 17 1387 1371 1576 1832
4244 4 2 6 17 1205 1675 1357 1894
4245 4 2 6 17 1056 458 1023 1541
4246 4 2 6 17 874 882 1494 1846
4247 4 2 6 17 749 1462 832 1731
4248 4 2 6 17 1439 1550 1300 1572
4249 4 2 6 17 1543 1602 1325 1688
4250 4 2 6 17 1509 1539 1315 1696
4251 4 2 6 17 1215 1782 1349 1836
4252 4 2 6 17 554 1547 1505 1807
4253 4 2 6 17 1315 1625 1517 1651
4254 4 2 6 17 1114 1155 1050 1611
4255 4 2 6 17 1348 1569 1318 1795
4256 4 2 6 17 1280 1468 1483 1491
4257 4 2 6 17 1472 1548 1375 1658
4258 4 2 6 17 1183 1403 1184 1881
4259 4 2 6 17 1363 1723 682 1859
4260 4 2 6 17 1389 1299 1574 1751
4261 4 2 6 17 1283 1501 1415 1908
4262 4 2 6 17 1347 1278 1665 1736
4263 4 2 6 17 1476 1583 1758 1872
4264 4 2 6 17 1566 1628 1349 1883
4265 4 2 6 17 1295 1453 1343 1577
4266 4 2 6 17 1220 1216 1438 1906
4267 4 2 6 17 1422 1497 1382 1834
4268 4 2 6 17 1301 1432 1542 1639
4269 4 2 6 17 1535 1631 1288 1895
4270 4 2 6 17 1293 1535 1363 1667
4271 4 2 6 17 1342 1625 1622 1907
4272 4 2 6 17 1278 1648 1861 1899
4273 4 2 6 17 1189 1576 1371 1741
4274 4 2 6 17 1549 1386 1705 1848
4275 4 2 6 17 1216 1558 1438 1906
4276 4 2 6 17 1459 1539 1308 1587
4277 4 2 6 17 1169 1727 1558 1906
4278 4 2 6 17 926 1580 1415 1690
4279 4 2 6 17 988 1497 1433 1805
4280 4 2 6 17 1567 1771 1264 1809
4281 4 2 6 17 548 1496 1700 1936
4282 4 2 6 17 1401 1267 1478 1767
4283 4 2 6 17 480 1412 482 1773
4284 4 2 6 17 1045 763 1757 1781
4285 4 2 6 17 439 1405 1643 1682
4286 4 2 6 17 1474 1890 1862 1892
4287 4 2 6 17 1386 1282 1608 1659
4288 4 2 6 17 1070 1501 492 1680
4289 4 2 6 17 1383 1539 1509 1696
4290 4 2 6 17 1408 1601 1270 1773
4291 4 2 6 17 1409 1486 1268 1800
4292 4 2 6 17 585 1450 977 1592
4293 4 2 6 17 655 786 880 1543
4294 4 2 6 17 798 1582 1451 1863
4295 4 2 6 17 1262 1602 1528 1942
4296 4 2 6 17 1171 1179 1502 1727
4297 4 2 6 17 1086 1439 1514 1805
4298 4 2 6 17 1286 1521 1660 1766
4299 4 2 6 17 1306 1504 1398 1876
4300 4 2 6 17 1434 1590 1151 1869
4301 4 2 6 17 1356 1275 1603 1819
4302 4 2 6 17 1321 1630 1432 1685
4303 4 2 6 17 1324 1934 1391 1935
4304 4 2 6 17 557 1154 1402 1884
4305 4 2 6 17 995 677 676 1347
4306 4 2 6 17 1304 1645 1352 1813
4307 4 2 6 17 758 756 757 1466
4308 4 2 6 17 1378 1588 1487 1727
4309 4 2 6 17 1377 1620 1595 1665
4310 4 2 6 17 1183 1184 1403 1796
4311 4 2 6 17 1402 1505 1290 1926
4312 4 2 6 17 602 601 618 1545
4313 4 2 6 17 1487 1588 1335 1727
4314 4 2 6 17 1023 1406 1084 1732
4315 4 2 6 17 1211 1683 1200 1840
4316 4 2 6 17 1099 1146 1478 1728
4317 4 2 6 17 537 1131 1132 1353
4318 4 2 6 17 1378 1487 1307 1733
4319 4 2 6 17 589 1816 1382 1822
4320 4 2 6 17 1073 908 1045 1781
4321 4 2 6 17 916 918 1515 1753
4322 4 2 6 17 1446 1637 1733 1818
4323 4 2 6 17 1287 1493 1477 1746
4324 4 2 6 17 1322 1717 1792 1925
4325 4 2 6 17 618 1545 1599 1822
4326 4 2 6 17 855 1692 1564 1790
4327 4 2 6 17 1311 1673 1396 1749
4328 4 2 6 17 1284 1432 1630 1685
4329 4 2 6 17 1449 1684 1286 1765
4330 4 2 6 17 1355 1262 1528 1942
4331 4 2 6 17 922 921 1577 1647
4332 4 2 6 17 1579 1872 1368 1937
4333 4 2 6 17 1482 1578 1368 1937
4334 4 2 6 17 547 483 1444 1739
4335 4 2 6 17 1410 1691 561 1700
4336 4 2 6 17 1061 1730 480 1773
4337 4 2 6 17 597 570 1488 1802
4338 4 2 6 17 1398 1598 887 1783
4339 4 2 6 17 1308 1459 1642 1812
4340 4 2 6 17 1386 1549 1705 1935
4341 4 2 6 17 1359 1596 1276 1901
4342 4 2 6 17 1404 1798 1289 1897
4343 4 2 6 17 782 1577 1343 1842
4344 4 2 6 17 1393 1613 1457 1624
4345 4 2 6 17 1320 1636 1449 1638
4346 4 2 6 17 1331 1796 1208 1888
4347 4 2 6 17 1575 1583 1476 1774
4348 4 2 6 17 1378 1624 1502 1705
4349 4 2 6 17 915 914 920 1737
4350 4 2 6 17 1331 1618 1376 1796
4351 4 2 6 17 1389 1299 1475 1638
4352 4 2 6 17 470 1613 1471 1726
4353 4 2 6 17 1281 1712 1429 1844
4354 4 2 6 17 1480 1566 1354 1607
4355 4 2 6 17 1294 1676 1427 1827
4356 4 2 6 17 884 445 1484 1783
4357 4 2 6 17 1387 1576 1371 1616
4358 4 2 6 17 1440 1674 996 1681
4359 4 2 6 17 1392 1500 1195 1836
4360 4 2 6 17 1296 1627 1441 1856
4361 4 2 6 17 1411 1476 1279 1810
4362 4 2 6 17 1445 1644 1395 1787
4363 4 2 6 17 1492 1591 1388 1885
4364 4 2 6 17 1306 1398 1598 1876
4365 4 2 6 17 1414 1479 1453 1842
4366 4 2 6 17 486 1571 1412 1824
4367 4 2 6 17 1450 1592 585 1831
4368 4 2 6 17 1426 1626 1929 1939
4369 4 2 6 17 1413 1611 1272 1931
4370 4 2 6 17 732 1433 733 1740
4371 4 2 6 17 428 879 861 1920
4372 4 2 6 17 1287 1385 1552 1666
4373 4 2 6 17 1355 702 1825 1941
4374 4 2 6 17 1274 1600 1379 1614
4375 4 2 6 17 1176 1860 1603 1927
4376 4 2 6 17 1603 1860 1424 1927
4377 4 2 6 17 1418 1594 1355 1649
4378 4 2 6 17 1202 1705 1391 1934
4379 4 2 6 17 1101 1709 1146 1728
4380 4 2 6 17 1344 1413 1581 1835
4381 4 2 6 17 1402 1611 1427 1931
4382 4 2 6 17 1271 1609 1497 1834
4383 4 2 6 17 492 1680 1501 1814
4384 4 2 6 17 1573 1605 1349 1855
4385 4 2 6 17 727 986 1016 1585
4386 4 2 6 17 1450 1647 1350 1770
4387 4 2 6 17 985 619 1545 1912
4388 4 2 6 17 179 808 1594 1825
4389 4 2 6 17 1277 1406 1546 1734
4390 4 2 6 17 1408 1651 1315 1692
4391 4 2 6 17 202 1437 1617 1909
4392 4 2 6 17 624 869 1650 1701
4393 4 2 6 17 1503 1574 1389 1760
4394 4 2 6 17 689 726 1509 1599
4395 4 2 6 17 1271 1381 1497 1609
4396 4 2 6 17 1284 1630 1424 1840
4397 4 2 6 17 1284 1542 1424 1630
4398 4 2 6 17 594 1612 1507 1666
4399 4 2 6 17 1220 1217 1607 1864
4400 4 2 6 17 1304 1353 1645 1813
4401 4 2 6 17 921 1023 459 1406
4402 4 2 6 17 666 1524 546 1849
4403 4 2 6 17 1309 1615 1588 1707
4404 4 2 6 17 713 572 574 1754
4405 4 2 6 17 1363 1667 1530 1737
4406 4 2 6 17 1561 1562 1318 1569
4407 4 2 6 17 535 534 1473 1838
4408 4 2 6 17 1421 886 1681 1761
4409 4 2 6 17 632 1643 901 1682
4410 4 2 6 17 672 1117 1492 1591
4411 4 2 6 17 1076 981 1575 1645
4412 4 2 6 17 1322 1792 1537 1925
4413 4 2 6 17 862 710 720 1884
4414 4 2 6 17 1393 1269 1613 1624
4415 4 2 6 17 1264 1556 1485 1608
4416 4 2 6 17 1495 1765 1358 1921
4417 4 2 6 17 1369 1640 1552 1905
4418 4 2 6 17 1193 1180 1173 1898
4419 4 2 6 17 1517 1270 1722 1858
4420 4 2 6 17 1054 1078 1055 1641
4421 4 2 6 17 939 937 905 1918
4422 4 2 6 17 534 839 840 1536
4423 4 2 6 17 1310 1518 1532 1653
4424 4 2 6 17 1338 1862 1471 1916
4425 4 2 6 17 463 1448 1543 1725
4426 4 2 6 17 1284 1658 1810 1813
4427 4 2 6 17 1387 1616 1371 1832
4428 4 2 6 17 1444 1602 1304 1646
4429 4 2 6 17 1483 1484 1417 1802
4430 4 2 6 17 1564 1651 1315 1858
4431 4 2 6 17 1307 1487 1378 1588
4432 4 2 6 17 1330 1566 1480 1607
4433 4 2 6 17 646 644 645 1441
4434 4 2 6 17 1438 1653 1518 1864
4435 4 2 6 17 535 534 840 1536
4436 4 2 6 17 749 1730 1462 1731
4437 4 2 6 17 939 1776 937 1918
4438 4 2 6 17 1523 1681 886 1761
4439 4 2 6 17 1183 1675 1403 1797
4440 4 2 6 17 1422 1540 1271 1834
4441 4 2 6 17 1205 1675 1183 1797
4442 4 2 6 17 1189 1576 1741 1900
4443 4 2 6 17 1316 1572 1550 1886
4444 4 2 6 17 1082 1613 1393 1719
4445 4 2 6 17 1500 1425 1782 1836
4446 4 2 6 17 1284 1536 1432 1685
4447 4 2 6 17 1582 1673 794 1826
4448 4 2 6 17 1333 1560 1359 1663
4449 4 2 6 17 730 729 1635 1673
4450 4 2 6 17 550 1686 1444 1738
4451 4 2 6 17 554 1407 1547 1807
4452 4 2 6 17 1321 1432 1536 1685
4453 4 2 6 17 1262 1448 1543 1602
4454 4 2 6 17 1294 1498 1494 1676
4455 4 2 6 17 909 1644 1447 1889
4456 4 2 6 17 1517 1651 1270 1858
4457 4 2 6 17 1277 1500 1392 1573
4458 4 2 6 17 967 972 592 1553
4459 4 2 6 17 1381 1609 1550 1678
4460 4 2 6 17 1299 1449 1636 1638
4461 4 2 6 17 1366 1094 1641 1925
4462 4 2 6 17 930 929 1717 1842
4463 4 2 6 17 1487 1558 1426 1727
4464 4 2 6 17 982 1401 948 1571
4465 4 2 6 17 727 1016 1429 1585
4466 4 2 6 17 1392 1500 1277 1546
4467 4 2 6 17 1365 1576 1280 1722
4468 4 2 6 17 1378 1624 1705 1848
4469 4 2 6 17 1295 1370 1546 1734
4470 4 2 6 17 1480 1607 1354 1843
4471 4 2 6 17 1377 1618 1376 1665
4472 4 2 6 17 1398 1504 1306 1512
4473 4 2 6 17 925 1604 517 1691
4474 4 2 6 17 1333 1582 1442 1863
4475 4 2 6 17 1149 1545 1715 1912
4476 4 2 6 17 1420 1664 1626 1724
4477 4 2 6 17 1307 1378 1733 1818
4478 4 2 6 17 1294 1569 1348 1795
4479 4 2 6 17 1424 1683 1211 1840
4480 4 2 6 17 1469 1652 1610 1795
4481 4 2 6 17 1332 1407 1608 1659
4482 4 2 6 17 1364 1799 1484 1824
4483 4 2 6 17 1291 1511 1699 1891
4484 4 2 6 17 1270 1625 1568 1693
4485 4 2 6 17 1134 1050 1446 1611
4486 4 2 6 17 1633 1752 1555 1874
4487 4 2 6 17 202 1694 1617 1888
4488 4 2 6 17 1325 1511 1600 1688
4489 4 2 6 17 1363 1634 682 1723
4490 4 2 6 17 1359 1560 1437 1940
4491 4 2 6 17 1365 1517 1270 1722
4492 4 2 6 17 1424 1456 1334 1646
4493 4 2 6 17 1388 1327 1490 1584
4494 4 2 6 17 1407 1608 1556 1771
4495 4 2 6 17 1432 1542 1284 1630
4496 4 2 6 17 1376 1618 1377 1828
4497 4 2 6 17 1376 1665 1278 1736
4498 4 2 6 17 1300 1697 1423 1713
4499 4 2 6 17 887 1398 495 1598
4500 4 2 6 17 1419 1550 1271 1609
4501 4 2 6 17 867 1156 1139 1820
4502 4 2 6 17 1269 1471 1467 1613
4503 4 2 6 17 651 1523 1440 1681
4504 4 2 6 17 439 426 1405 1682
4505 4 2 6 17 1355 1594 1345 1649
4506 4 2 6 17 928 1416 1107 1690
4507 4 2 6 17 1291 1481 1788 1891
4508 4 2 6 17 1393 1719 1613 1890
4509 4 2 6 17 1331 1616 1208 1796
4510 4 2 6 17 1354 1864 1607 1914
4511 4 2 6 17 1449 1638 1389 1684
4512 4 2 6 17 717 718 716 1548
4513 4 2 6 17 1057 1058 1463 1541
4514 4 2 6 17 1300 1418 1594 1740
4515 4 2 6 17 1403 1544 1376 1796
4516 4 2 6 17 1362 1929 1626 1939
4517 4 2 6 17 967 1422 566 1780
4518 4 2 6 17 484 957 485 1729
4519 4 2 6 17 1376 1618 1182 1796
4520 4 2 6 17 1281 1517 1587 1721
4521 4 2 6 17 1404 1262 1465 1572
4522 4 2 6 17 1499 1721 1365 1858
4523 4 2 6 17 1273 1566 1409 1640
4524 4 2 6 17 1289 1550 1572 1886
4525 4 2 6 17 1471 1613 470 1916
4526 4 2 6 17 1683 1747 1348 1929
4527 4 2 6 17 753 942 1421 1876
4528 4 2 6 17 189 978 1574 1718
4529 4 2 6 17 999 1664 1621 1867
4530 4 2 6 17 1264 1389 1684 1809
4531 4 2 6 17 1363 1288 1535 1801
4532 4 2 6 17 1295 1343 1479 1734
4533 4 2 6 17 1088 1058 693 1585
4534 4 2 6 17 1527 1552 1354 1811
4535 4 2 6 17 582 585 1592 1831
4536 4 2 6 17 489 1523 488 1718
4537 4 2 6 17 1635 1636 1299 1899
4538 4 2 6 17 1277 1546 1508 1734
4539 4 2 6 17 1305 1435 1540 1767
4540 4 2 6 17 775 1476 773 1758
4541 4 2 6 17 1298 1552 1527 1811
4542 4 2 6 17 1374 1463 1605 1606
4543 4 2 6 17 939 1745 937 1776
4544 4 2 6 17 1409 1268 1633 1800
4545 4 2 6 17 425 957 484 1838
4546 4 2 6 17 1473 1645 1352 1838
4547 4 2 6 17 1449 1694 1286 1760
4548 4 2 6 17 1266 1636 1399 1749
4549 4 2 6 17 1126 1514 1065 1589
4550 4 2 6 17 1344 1835 1447 1918
4551 4 2 6 17 1450 1295 1647 1911
4552 4 2 6 17 1341 1676 1466 1827
4553 4 2 6 17 1553 1778 1328 1780
4554 4 2 6 17 684 682 683 1529
4555 4 2 6 17 1281 1554 1499 1844
4556 4 2 6 17 1396 1636 1635 1899
4557 4 2 6 17 185 503 186 1580
4558 4 2 6 17 1184 1183 1182 1796
4559 4 2 6 17 909 1003 1644 1889
4560 4 2 6 17 1369 1750 1604 1928
4561 4 2 6 17 1322 1513 1343 1717
4562 4 2 6 17 555 1505 710 1884
4563 4 2 6 17 1442 1582 794 1863
4564 4 2 6 17 1274 1356 1614 1677
4565 4 2 6 17 547 723 483 1739
4566 4 2 6 17 682 683 1363 1859
4567 4 2 6 17 1281 1499 1712 1844
4568 4 2 6 17 1283 1519 1501 1908
4569 4 2 6 17 1459 1539 870 1812
4570 4 2 6 17 1416 1704 1478 1915
4571 4 2 6 17 1402 1427 1887 1931
4572 4 2 6 17 1343 1717 1443 1792
4573 4 2 6 17 1422 1497 1271 1553
4574 4 2 6 17 739 1812 1539 1923
4575 4 2 6 17 1403 1796 1184 1881
4576 4 2 6 17 1409 1597 1481 1914
4577 4 2 6 17 1071 719 1129 1393
4578 4 2 6 17 1341 1466 1772 1809
4579 4 2 6 17 1405 1522 513 1643
4580 4 2 6 17 1392 1836 1195 1900
4581 4 2 6 17 201 1495 1377 1828
4582 4 2 6 17 524 561 1691 1700
4583 4 2 6 17 474 1808 1582 1826
4584 4 2 6 17 1279 1551 1810 1937
4585 4 2 6 17 1202 1391 1166 1934
4586 4 2 6 17 647 1496 699 1538
4587 4 2 6 17 1478 1728 1709 1735
4588 4 2 6 17 1195 1500 1392 1741
4589 4 2 6 17 1137 186 628 1373
4590 4 2 6 17 1464 1691 1380 1829
4591 4 2 6 17 1365 1568 1455 1722
4592 4 2 6 17 1276 1398 1512 1743
4593 4 2 6 17 1556 1562 1290 1926
4594 4 2 6 17 1423 1283 1519 1857
4595 4 2 6 17 1267 1401 1735 1767
4596 4 2 6 17 1107 1416 501 1690
4597 4 2 6 17 1433 1381 1550 1805
4598 4 2 6 17 1293 1374 1634 1801
4599 4 2 6 17 508 1430 510 1660
4600 4 2 6 17 1281 1721 1499 1858
4601 4 2 6 17 753 1421 754 1709
4602 4 2 6 17 711 515 630 1691
4603 4 2 6 17 1309 1644 1526 1933
4604 4 2 6 17 1476 1583 773 1758
4605 4 2 6 17 1350 1596 1450 1901
4606 4 2 6 17 1339 1493 1905 1928
4607 4 2 6 17 1626 1664 1301 1756
4608 4 2 6 17 1681 1709 1421 1736
4609 4 2 6 17 1414 1343 1479 1842
4610 4 2 6 17 1635 1636 1396 1749
4611 4 2 6 17 1329 1522 1428 1880
4612 4 2 6 17 1513 1577 1406 1734
4613 4 2 6 17 1391 1502 1269 1549
4614 4 2 6 17 1314 1620 1662 1852
4615 4 2 6 17 677 1347 995 1681
4616 4 2 6 17 861 1361 1750 1823
4617 4 2 6 17 1079 1366 1094 1641
4618 4 2 6 17 1297 1381 1545 1678
4619 4 2 6 17 1271 1497 1433 1553
4620 4 2 6 17 1012 456 911 1647
4621 4 2 6 17 1269 1393 1549 1624
4622 4 2 6 17 1274 1518 1385 1811
4623 4 2 6 17 774 779 1575 1583
4624 4 2 6 17 1369 1552 1298 1612
4625 4 2 6 17 1488 1743 1451 1808
4626 4 2 6 17 995 1347 676 1785
4627 4 2 6 17 517 1691 1604 1700
4628 4 2 6 17 1500 1586 1317 1878
4629 4 2 6 17 1285 1581 1426 1626
4630 4 2 6 17 1410 1538 704 1706
4631 4 2 6 17 934 860 1612 1666
4632 4 2 6 17 814 1413 1025 1611
4633 4 2 6 17 1192 1177 1193 1390
4634 4 2 6 17 1292 1455 1786 1799
4635 4 2 6 17 1507 1552 1385 1666
4636 4 2 6 17 445 443 444 1783
4637 4 2 6 17 1384 1296 1551 1658
4638 4 2 6 17 1549 1391 1705 1935
4639 4 2 6 17 545 1432 998 1639
4640 4 2 6 17 1262 1511 1602 1688
4641 4 2 6 17 1010 1451 798 1582
4642 4 2 6 17 557 1505 1402 1875
4643 4 2 6 17 1423 1300 1740 1930
4644 4 2 6 17 1493 1369 1905 1928
4645 4 2 6 17 1415 1687 926 1814
4646 4 2 6 17 1291 1600 1511 1688
4647 4 2 6 17 1429 1281 1815 1917
4648 4 2 6 17 1138 1132 1353 1837
4649 4 2 6 17 1218 1481 1217 1677
4650 4 2 6 17 868 617 1123 1703
4651 4 2 6 17 1621 1630 1321 1747
4652 4 2 6 17 1384 1578 1551 1652
4653 4 2 6 17 1056 1541 1057 1606
4654 4 2 6 17 1401 1478 1435 1767
4655 4 2 6 17 1096 1097 462 1644
4656 4 2 6 17 1636 1648 1351 1899
4657 4 2 6 17 445 444 1571 1783
4658 4 2 6 17 1416 1759 1478 1785
4659 4 2 6 17 1421 1681 754 1709
4660 4 2 6 17 600 593 595 1507
4661 4 2 6 17 764 1094 1366 1925
4662 4 2 6 17 200 1495 201 1828
4663 4 2 6 17 1295 1546 1406 1734
4664 4 2 6 17 1380 1768 1454 1893
4665 4 2 6 17 1295 1406 1546 1672
4666 4 2 6 17 511 508 1147 1430
4667 4 2 6 17 926 1415 927 1690
4668 4 2 6 17 1298 1552 1369 1640
4669 4 2 6 17 1629 1840 1384 1927
4670 4 2 6 17 1131 537 970 1411
4671 4 2 6 17 1318 1485 1556 1848
4672 4 2 6 17 1567 1771 1341 1827
4673 4 2 6 17 1625 1696 1326 1907
4674 4 2 6 17 1312 1430 1503 1765
4675 4 2 6 17 1651 1722 1270 1858
4676 4 2 6 17 1303 1655 1416 1759
4677 4 2 6 17 1291 1481 1486 1788
4678 4 2 6 17 1424 1456 1384 1927
4679 4 2 6 17 1397 1661 1821 1903
4680 4 2 6 17 1286 1684 1449 1760
4681 4 2 6 17 482 486 902 1412
4682 4 2 6 17 1208 1387 1189 1881
4683 4 2 6 17 1350 1483 1417 1924
4684 4 2 6 17 1134 813 1050 1611
4685 4 2 6 17 1296 1430 1627 1856
4686 4 2 6 17 1087 796 1506 1570
4687 4 2 6 17 1398 1743 1488 1808
4688 4 2 6 17 1436 1639 820 1664
4689 4 2 6 17 589 1497 588 1822
4690 4 2 6 17 1326 1587 1454 1752
4691 4 2 6 17 966 530 1778 1780
4692 4 2 6 17 1335 1588 1502 1727
4693 4 2 6 17 1322 1559 1537 1792
4694 4 2 6 17 1287 1385 1666 1746
4695 4 2 6 17 1054 1079 1078 1641
4696 4 2 6 17 1441 1627 1430 1856
4697 4 2 6 17 518 1634 1537 1702
4698 4 2 6 17 1321 1348 1630 1685
4699 4 2 6 17 1680 1758 1583 1872
4700 4 2 6 17 1433 1553 1108 1930
4701 4 2 6 17 870 1539 1459 1793
4702 4 2 6 17 655 1725 1404 1904
4703 4 2 6 17 1291 1688 1465 1788
4704 4 2 6 17 1265 1711 1445 1933
4705 4 2 6 17 1331 1648 1618 1888
4706 4 2 6 17 1862 1890 1467 1892
4707 4 2 6 17 641 639 638 1703
4708 4 2 6 17 1557 1705 1386 1909
4709 4 2 6 17 1353 1476 1411 1810
4710 4 2 6 17 1052 1613 1467 1916
4711 4 2 6 17 1499 1554 1392 1573
4712 4 2 6 17 1295 1453 1450 1671
4713 4 2 6 17 1516 1779 1470 1898
4714 4 2 6 17 1273 1464 1768 1829
4715 4 2 6 17 1510 1557 1437 1940
4716 4 2 6 17 1182 1376 1675 1828
4717 4 2 6 17 1306 1398 1512 1871
4718 4 2 6 17 485 1729 666 1849
4719 4 2 6 17 486 1412 481 1824
4720 4 2 6 17 1454 1308 1633 1752
4721 4 2 6 17 1464 1604 1369 1750
4722 4 2 6 17 557 1402 1154 1875
4723 4 2 6 17 1321 1630 1348 1747
4724 4 2 6 17 1273 1480 1566 1640
4725 4 2 6 17 1303 1655 1458 1662
4726 4 2 6 17 1326 1454 1587 1721
4727 4 2 6 17 1786 1799 1364 1824
4728 4 2 6 17 1088 986 714 1585
4729 4 2 6 17 1348 1284 1685 1840
4730 4 2 6 17 1382 1670 1422 1834
4731 4 2 6 17 1041 1738 1565 1919
4732 4 2 6 17 1539 1812 1383 1923
4733 4 2 6 17 1272 1402 1562 1887
4734 4 2 6 17 1458 1489 1357 1828
4735 4 2 6 17 1357 1828 1489 1894
4736 4 2 6 17 1265 1530 1445 1711
4737 4 2 6 17 1701 1753 919 1769
4738 4 2 6 17 1480 1534 1330 1843
4739 4 2 6 17 1097 1395 762 1644
4740 4 2 6 17 1454 1499 1349 1712
4741 4 2 6 17 1500 1546 1392 1741
4742 4 2 6 17 645 1411 970 1758
4743 4 2 6 17 1472 1473 1353 1868
4744 4 2 6 17 489 687 651 1523
4745 4 2 6 17 970 1411 537 1758
4746 4 2 6 17 1359 1616 1371 1784
4747 4 2 6 17 1300 1470 1697 1713
4748 4 2 6 17 876 853 856 1793
4749 4 2 6 17 198 1414 539 1748
4750 4 2 6 17 754 1421 886 1681
4751 4 2 6 17 1497 1609 1382 1834
4752 4 2 6 17 1378 1502 1588 1727
4753 4 2 6 17 604 1416 429 1785
4754 4 2 6 17 702 179 1355 1825
4755 4 2 6 17 1149 985 1545 1912
4756 4 2 6 17 1390 1654 1193 1764
4757 4 2 6 17 868 615 617 1738
4758 4 2 6 17 1411 1472 1353 1810
4759 4 2 6 17 1493 1873 1339 1905
4760 4 2 6 17 1675 1679 1403 1797
4761 4 2 6 17 803 799 757 1590
4762 4 2 6 17 1382 1599 1297 1609
4763 4 2 6 17 977 1453 1592 1911
4764 4 2 6 17 1581 1835 1413 1867
4765 4 2 6 17 1019 1374 1020 1723
4766 4 2 6 17 1364 1791 1730 1824
4767 4 2 6 17 498 500 1580 1690
4768 4 2 6 17 593 1666 1385 1746
4769 4 2 6 17 732 1439 1086 1805
4770 4 2 6 17 972 1108 1433 1553
4771 4 2 6 17 1334 1654 1528 1860
4772 4 2 6 17 1020 1098 479 1463
4773 4 2 6 17 907 1498 716 1548
4774 4 2 6 17 1208 1796 1387 1881
4775 4 2 6 17 1387 1796 1403 1881
4776 4 2 6 17 1347 1665 1440 1674
4777 4 2 6 17 1378 1487 1426 1727
4778 4 2 6 17 1454 1587 1308 1752
4779 4 2 6 17 1291 1600 1688 1943
4780 4 2 6 17 496 465 942 1504
4781 4 2 6 17 1348 1284 1630 1685
4782 4 2 6 17 1270 1601 1693 1786
4783 4 2 6 17 1422 1670 1305 1834
4784 4 2 6 17 1352 1639 1432 1838
4785 4 2 6 17 1193 1173 1764 1898
4786 4 2 6 17 579 581 582 1863
4787 4 2 6 17 1055 1054 1467 1916
4788 4 2 6 17 1268 1367 1525 1661
4789 4 2 6 17 1305 1563 1435 1767
4790 4 2 6 17 790 1061 480 1773
4791 4 2 6 17 196 1506 580 1668
4792 4 2 6 17 953 1407 1619 1754
4793 4 2 6 17 639 1436 820 1664
4794 4 2 6 17 1149 1715 985 1912
4795 4 2 6 17 1282 1492 1461 1591
4796 4 2 6 17 1370 1586 1500 1878
4797 4 2 6 17 1404 1465 1688 1897
4798 4 2 6 17 1371 1596 1359 1784
4799 4 2 6 17 879 1682 1750 1920
4800 4 2 6 17 516 433 1642 1691
4801 4 2 6 17 1295 1370 1479 1784
4802 4 2 6 17 1554 1573 1499 1844
4803 4 2 6 17 993 890 1340 1790
4804 4 2 6 17 791 1670 1027 1816
4805 4 2 6 17 1032 1374 1634 1702
4806 4 2 6 17 1556 1562 1318 1848
4807 4 2 6 17 645 970 1411 1763
4808 4 2 6 17 30 199 1654 1860
4809 4 2 6 17 1212 1219 1362 1939
4810 4 2 6 17 1147 1503 1116 1853
4811 4 2 6 17 1384 1810 1551 1937
4812 4 2 6 17 858 1604 1105 1750
4813 4 2 6 17 1269 1474 1391 1890
4814 4 2 6 17 1433 1740 1300 1930
4815 4 2 6 17 1359 1596 1371 1616
4816 4 2 6 17 1401 1563 948 1571
4817 4 2 6 17 1329 1821 1661 1903
4818 4 2 6 17 1427 1611 768 1846
4819 4 2 6 17 1412 1730 1462 1773
4820 4 2 6 17 1168 1623 1586 1741
4821 4 2 6 17 881 1404 1716 1798
4822 4 2 6 17 1469 1629 1652 1795
4823 4 2 6 17 684 683 686 1529
4824 4 2 6 17 570 587 597 1488
4825 4 2 6 17 817 1429 1632 1917
4826 4 2 6 17 1363 1529 1667 1737
4827 4 2 6 17 1288 1363 1723 1801
4828 4 2 6 17 880 881 1404 1716
4829 4 2 6 17 803 757 756 1853
4830 4 2 6 17 897 1431 776 1724
4831 4 2 6 17 948 1401 822 1563
4832 4 2 6 17 1332 1659 1461 1754
4833 4 2 6 17 798 1451 1831 1863
4834 4 2 6 17 1046 1565 615 1742
4835 4 2 6 17 1383 1715 1067 1923
4836 4 2 6 17 762 1395 694 1769
4837 4 2 6 17 1332 1407 1659 1754
4838 4 2 6 17 690 1162 693 1585
4839 4 2 6 17 1133 1145 994 1475
4840 4 2 6 17 1293 1363 1529 1667
4841 4 2 6 17 1505 1547 710 1884
4842 4 2 6 17 1550 1609 1419 1678
4843 4 2 6 17 699 647 698 1496
4844 4 2 6 17 1326 1597 1525 1752
4845 4 2 6 17 1508 1546 1277 1878
4846 4 2 6 17 1179 1656 1166 1755
4847 4 2 6 17 1466 1590 1312 1853
4848 4 2 6 17 539 1388 787 1668
4849 4 2 6 17 1409 1566 1454 1689
4850 4 2 6 17 1214 1174 1597 1914
4851 4 2 6 17 1323 1607 1534 1843
4852 4 2 6 17 444 454 1598 1783
4853 4 2 6 17 1386 1320 1557 1909
4854 4 2 6 17 691 1023 1084 1732
4855 4 2 6 17 727 1657 1429 1917
4856 4 2 6 17 498 1580 500 1854
4857 4 2 6 17 1137 1373 628 1847
4858 4 2 6 17 1287 1480 1534 1873
4859 4 2 6 17 801 1002 1466 1772
4860 4 2 6 17 1325 1379 1565 1600
4861 4 2 6 17 877 451 453 1513
4862 4 2 6 17 789 1400 1668 1885
4863 4 2 6 17 1507 1612 1552 1666
4864 4 2 6 17 1042 1738 1040 1919
4865 4 2 6 17 956 953 713 1407
4866 4 2 6 17 1267 1735 1478 1759
4867 4 2 6 17 1087 1011 796 1570
4868 4 2 6 17 1539 1587 1315 1696
4869 4 2 6 17 1508 1546 1370 1734
4870 4 2 6 17 987 972 988 1497
4871 4 2 6 17 621 1524 666 1729
4872 4 2 6 17 1291 1788 1841 1943
4873 4 2 6 17 561 1410 562 1691
4874 4 2 6 17 1537 1641 1094 1925
4875 4 2 6 17 602 1381 989 1805
4876 4 2 6 17 1308 1539 1459 1812
4877 4 2 6 17 1325 1379 1600 1819
4878 4 2 6 17 1182 1618 1376 1828
4879 4 2 6 17 478 562 561 1410
4880 4 2 6 17 1319 1614 1532 1650
4881 4 2 6 17 724 1498 758 1676
4882 4 2 6 17 1630 1348 1747 1929
4883 4 2 6 17 1445 1615 1338 1667
4884 4 2 6 17 1390 1465 1316 1764
4885 4 2 6 17 1471 1338 1707 1862
4886 4 2 6 17 763 1775 1757 1781
4887 4 2 6 17 993 960 991 1632
4888 4 2 6 17 486 900 902 1563
4889 4 2 6 17 721 1494 883 1536
4890 4 2 6 17 1331 1512 1387 1796
4891 4 2 6 17 1433 1439 1300 1740
4892 4 2 6 17 828 1673 488 1761
4893 4 2 6 17 953 1619 1141 1754
4894 4 2 6 17 1353 1813 1658 1868
4895 4 2 6 17 1440 1620 1303 1665
4896 4 2 6 17 786 1543 655 1725
4897 4 2 6 17 1207 1499 1215 1689
4898 4 2 6 17 1480 1330 1607 1843
4899 4 2 6 17 1381 1297 1609 1678
4900 4 2 6 17 1394 1265 1535 1667
4901 4 2 6 17 1311 1442 1673 1749
4902 4 2 6 17 1427 1294 1494 1676
4903 4 2 6 17 1286 1503 1430 1765
4904 4 2 6 17 713 956 1407 1807
4905 4 2 6 17 1310 1532 1431 1902
4906 4 2 6 17 1062 659 1708 1930
4907 4 2 6 17 1270 1412 1601 1786
4908 4 2 6 17 1436 1542 1275 1849
4909 4 2 6 17 1271 1553 1433 1697
4910 4 2 6 17 1294 1466 1676 1827
4911 4 2 6 17 925 1464 1105 1604
4912 4 2 6 17 1377 1495 201 1694
4913 4 2 6 17 513 1522 975 1643
4914 4 2 6 17 1364 1484 1791 1824
4915 4 2 6 17 1633 1361 1768 1800
4916 4 2 6 17 654 1791 1483 1802
4917 4 2 6 17 1275 1542 1436 1756
4918 4 2 6 17 950 1668 1592 1748
4919 4 2 6 17 1458 1357 1675 1828
4920 4 2 6 17 796 1506 1442 1863
4921 4 2 6 17 1342 1568 1625 1693
4922 4 2 6 17 1413 1621 1024 1762
4923 4 2 6 17 1208 1616 1387 1796
4924 4 2 6 17 1305 1601 1382 1670
4925 4 2 6 17 548 1700 525 1936
4926 4 2 6 17 1415 1580 926 1687
4927 4 2 6 17 1149 1130 985 1715
4928 4 2 6 17 1278 1377 1595 1665
4929 4 2 6 17 775 971 1476 1758
4930 4 2 6 17 1610 1652 1358 1795
4931 4 2 6 17 195 194 1570 1877
4932 4 2 6 17 1355 1594 1418 1825
4933 4 2 6 17 1002 759 1466 1676
4934 4 2 6 17 995 676 1146 1785
4935 4 2 6 17 463 1448 507 1543
4936 4 2 6 17 1165 1656 1164 1782
4937 4 2 6 17 1284 1348 1630 1840
4938 4 2 6 17 1541 1585 1337 1932
4939 4 2 6 17 1264 1771 1608 1833
4940 4 2 6 17 1307 1588 1471 1896
4941 4 2 6 17 1497 1609 1381 1822
4942 4 2 6 17 1278 1523 1421 1681
4943 4 2 6 17 1491 1406 1647 1672
4944 4 2 6 17 1675 1828 1357 1894
4945 4 2 6 17 1306 1401 1544 1735
4946 4 2 6 17 1263 1490 1830 1839
4947 4 2 6 17 1427 1569 1294 1827
4948 4 2 6 17 1053 1467 1052 1613
4949 4 2 6 17 1165 1782 1163 1836
4950 4 2 6 17 1338 1445 1667 1737
4951 4 2 6 17 1268 1367 1661 1788
4952 4 2 6 17 1382 1601 1305 1834
4953 4 2 6 17 1410 1380 1691 1829
4954 4 2 6 17 1268 1800 1486 1903
4955 4 2 6 17 1310 1653 1532 1902
4956 4 2 6 17 835 1674 1440 1854
4957 4 2 6 17 1395 1526 1644 1933
4958 4 2 6 17 1537 1559 1366 1925
4959 4 2 6 17 1299 1635 1399 1636
4960 4 2 6 17 1278 1440 1523 1681
4961 4 2 6 17 1312 1695 1498 1853
4962 4 2 6 17 1277 1541 1463 1794
4963 4 2 6 17 838 1468 1036 1910
4964 4 2 6 17 1032 1374 1019 1634
4965 4 2 6 17 1291 1788 1486 1841
4966 4 2 6 17 1314 1495 1627 1652
4967 4 2 6 17 30 1193 1390 1654
4968 4 2 6 17 1386 1556 1485 1848
4969 4 2 6 17 1379 1650 868 1742
4970 4 2 6 17 196 195 1506 1668
4971 4 2 6 17 1366 1293 1537 1641
4972 4 2 6 17 1053 1613 1059 1719
4973 4 2 6 17 1456 1774 1353 1810
4974 4 2 6 17 1300 1594 1418 1649
4975 4 2 6 17 497 887 495 1598
4976 4 2 6 17 1518 1552 1354 1843
4977 4 2 6 17 1482 1654 199 1860
4978 4 2 6 17 1303 1674 1416 1690
4979 4 2 6 17 793 1442 794 1863
4980 4 2 6 17 1305 1540 1422 1834
4981 4 2 6 17 1271 1550 1470 1697
4982 4 2 6 17 1004 1113 1002 1676
4983 4 2 6 17 1183 1797 1403 1881
4984 4 2 6 17 1043 674 1492 1817
4985 4 2 6 17 1262 1543 1448 1725
4986 4 2 6 17 1275 1362 1542 1756
4987 4 2 6 17 1573 1712 1499 1844
4988 4 2 6 17 1086 1439 848 1514
4989 4 2 6 17 1420 1285 1803 1902
4990 4 2 6 17 1281 1517 1721 1858
4991 4 2 6 17 1376 1675 1403 1796
4992 4 2 6 17 1446 1733 1637 1776
4993 4 2 6 17 1566 1782 1330 1883
4994 4 2 6 17 700 1360 1845 1859
4995 4 2 6 17 899 1692 1462 1773
4996 4 2 6 17 1434 1772 1590 1809
4997 4 2 6 17 1289 1678 1397 1789
4998 4 2 6 17 832 1731 1462 1790
4999 4 2 6 17 1382 1305 1670 1834
5000 4 2 6 17 1370 1546 1500 1741
5001 4 2 6 17 462 1644 636 1889
5002 4 2 6 17 616 546 620 1524
5003 4 2 6 17 1336 1680 1501 1872
5004 4 2 6 17 1396 1523 1372 1718
5005 4 2 6 17 1503 1760 1286 1766
5006 4 2 6 17 1284 1473 1432 1536
5007 4 2 6 17 986 715 714 1657
5008 4 2 6 17 1365 1517 1722 1858
5009 4 2 6 17 786 505 880 1543
5010 4 2 6 17 1303 1458 1655 1759
5011 4 2 6 17 1420 1431 1724 1902
5012 4 2 6 17 1117 1118 1461 1591
5013 4 2 6 17 1450 1592 1333 1671
5014 4 2 6 17 1296 1384 1551 1652
5015 4 2 6 17 1359 1623 1616 1784
5016 4 2 6 17 1433 1497 1381 1805
5017 4 2 6 17 1283 1423 1697 1713
5018 4 2 6 17 1129 574 571 1547
5019 4 2 6 17 720 1457 527 1884
5020 4 2 6 17 1019 1634 1374 1723
5021 4 2 6 17 680 679 965 1590
5022 4 2 6 17 1154 1402 1155 1875
5023 4 2 6 17 1407 1547 1461 1754
5024 4 2 6 17 1321 1621 1432 1630
5025 4 2 6 17 1458 1662 1489 1828
5026 4 2 6 17 1326 1689 1454 1721
5027 4 2 6 17 1006 893 970 1763
5028 4 2 6 17 1365 1554 1499 1858
5029 4 2 6 17 997 886 1523 1681
5030 4 2 6 17 1483 1802 1417 1924
5031 4 2 6 17 468 1471 1707 1896
5032 4 2 6 17 1358 1485 1449 1684
5033 4 2 6 17 835 687 836 1440
5034 4 2 6 17 182 183 1680 1814
5035 4 2 6 17 1287 1518 1669 1843
5036 4 2 6 17 523 704 561 1700
5037 4 2 6 17 1073 1591 908 1781
5038 4 2 6 17 1201 1167 1616 1623
5039 4 2 6 17 589 792 1382 1816
5040 4 2 6 17 1296 1551 1627 1652
5041 4 2 6 17 1318 1562 1561 1848
5042 4 2 6 17 998 1432 1044 1639
5043 4 2 6 17 1188 1191 1721 1900
5044 4 2 6 17 817 816 1429 1917
5045 4 2 6 17 1293 1634 1537 1641
5046 4 2 6 17 849 1399 664 1913
5047 4 2 6 17 1270 1601 1625 1693
5048 4 2 6 17 561 704 478 1410
5049 4 2 6 17 1430 1296 1627 1765
5050 4 2 6 17 723 1125 483 1645
5051 4 2 6 17 1303 1662 1415 1690
5052 4 2 6 17 1500 1573 1425 1836
5053 4 2 6 17 748 834 1730 1791
5054 4 2 6 17 1350 1417 1488 1924
5055 4 2 6 17 754 753 942 1421
5056 4 2 6 17 1116 1147 508 1503
5057 4 2 6 17 1287 1480 1873 1905
5058 4 2 6 17 1266 1560 1663 1940
5059 4 2 6 17 1417 1484 1364 1799
5060 4 2 6 17 1306 1544 1401 1871
5061 4 2 6 17 1433 1697 1553 1930
5062 4 2 6 17 1421 1523 1278 1861
5063 4 2 6 17 1266 1570 1442 1749
5064 4 2 6 17 1301 1630 1621 1747
5065 4 2 6 17 1347 1709 1681 1736
5066 4 2 6 17 1510 1636 1320 1714
5067 4 2 6 17 1185 1629 1187 1921
5068 4 2 6 17 1341 1807 1005 1875
5069 4 2 6 17 773 1476 775 1583
5070 4 2 6 17 1441 1627 1373 1847
5071 4 2 6 17 1440 1665 1303 1674
5072 4 2 6 17 1290 1562 1556 1848
5073 4 2 6 17 1580 1674 1303 1690
5074 4 2 6 17 832 749 1061 1462
5075 4 2 6 17 777 627 1701 1753
5076 4 2 6 17 869 1650 1452 1742
5077 4 2 6 17 591 592 588 1497
5078 4 2 6 17 1320 1617 1437 1909
5079 4 2 6 17 474 466 1808 1826
5080 4 2 6 17 1416 1674 1303 1759
5081 4 2 6 17 1393 1547 1461 1659
5082 4 2 6 17 189 1574 978 1766
5083 4 2 6 17 1382 1609 1497 1822
5084 4 2 6 17 909 1889 1447 1918
5085 4 2 6 17 762 694 1395 1787
5086 4 2 6 17 1343 1295 1577 1734
5087 4 2 6 17 1272 1581 1413 1747
5088 4 2 6 17 1171 1179 1166 1502
5089 4 2 6 17 712 725 711 1657
5090 4 2 6 17 1024 1621 1413 1867
5091 4 2 6 17 749 832 747 1731
5092 4 2 6 17 1216 1438 1558 1939
5093 4 2 6 17 1361 1823 861 1920
5094 4 2 6 17 1121 1043 674 1492
5095 4 2 6 17 1398 1783 1292 1871
5096 4 2 6 17 1320 1636 1638 1714
5097 4 2 6 17 1507 1811 1298 1841
5098 4 2 6 17 507 1543 1448 1686
5099 4 2 6 17 1303 1620 1440 1854
5100 4 2 6 17 1451 1582 1333 1863
5101 4 2 6 17 1474 1755 1394 1862
5102 4 2 6 17 1287 1552 1518 1843
5103 4 2 6 17 589 625 1816 1822
5104 4 2 6 17 1394 1335 1615 1862
5105 4 2 6 17 699 1496 698 1538
5106 4 2 6 17 1315 1651 1517 1858
5107 4 2 6 17 1371 1616 1596 1832
5108 4 2 6 17 1350 1450 1770 1901
5109 4 2 6 17 1306 1512 1504 1593
5110 4 2 6 17 1376 1544 1403 1675
5111 4 2 6 17 1303 1620 1377 1665
5112 4 2 6 17 196 580 950 1668
5113 4 2 6 17 1566 1607 1330 1782
5114 4 2 6 17 1317 1425 1500 1878
5115 4 2 6 17 1352 1729 1639 1838
5116 4 2 6 17 996 651 1440 1681
5117 4 2 6 17 1554 1815 1337 1844
5118 4 2 6 17 846 843 845 1751
5119 4 2 6 17 698 1723 1496 1859
5120 4 2 6 17 1445 1644 1309 1933
5121 4 2 6 17 977 1453 584 1592
5122 4 2 6 17 483 666 546 1849
5123 4 2 6 17 927 1690 1415 1908
5124 4 2 6 17 1292 1783 1598 1871
5125 4 2 6 17 565 566 564 1422
5126 4 2 6 17 1421 1311 1761 1861
5127 4 2 6 17 1307 1588 1378 1624
5128 4 2 6 17 679 1151 1590 1869
5129 4 2 6 17 1282 1388 1490 1720
5130 4 2 6 17 1308 1633 1555 1768
5131 4 2 6 17 814 1017 1025 1413
5132 4 2 6 17 1335 1533 1865 1906
5133 4 2 6 17 725 951 711 1459
5134 4 2 6 17 1281 1499 1454 1712
5135 4 2 6 17 1262 1572 1418 1850
5136 4 2 6 17 1455 1693 1403 1786
5137 4 2 6 17 1599 1609 1382 1822
5138 4 2 6 17 1408 1509 1297 1599
5139 4 2 6 17 1336 1415 1687 1852
5140 4 2 6 17 1562 1624 1378 1848
5141 4 2 6 17 1430 1503 1286 1660
5142 4 2 6 17 1399 1817 664 1913
5143 4 2 6 17 1517 1568 1270 1625
5144 4 2 6 17 1266 1510 1437 1940
5145 4 2 6 17 1197 1516 1205 1797
5146 4 2 6 17 1026 1413 1745 1867
5147 4 2 6 17 684 682 1529 1634
5148 4 2 6 17 834 652 1484 1791
5149 4 2 6 17 597 1783 885 1802
5150 4 2 6 17 1402 1290 1505 1818
5151 4 2 6 17 1556 1608 1407 1659
5152 4 2 6 17 1386 1549 1282 1659
5153 4 2 6 17 1545 1715 1397 1789
5154 4 2 6 17 1316 1764 1465 1886
5155 4 2 6 17 1333 1592 1663 1671
5156 4 2 6 17 788 1156 866 1507
5157 4 2 6 17 1437 1623 1359 1940
5158 4 2 6 17 701 850 958 1493
5159 4 2 6 17 1392 1195 1741 1900
5160 4 2 6 17 1434 1809 1389 1833
5161 4 2 6 17 1394 1615 1265 1667
5162 4 2 6 17 965 1116 1503 1853
5163 4 2 6 17 1443 1717 448 1925
5164 4 2 6 17 439 1405 513 1643
5165 4 2 6 17 1034 1374 1032 1702
5166 4 2 6 17 1555 1633 1361 1768
5167 4 2 6 17 1430 1627 1441 1847
5168 4 2 6 17 1341 1875 1427 1887
5169 4 2 6 17 1461 1492 1332 1754
5170 4 2 6 17 445 884 1484 1824
5171 4 2 6 17 1420 1835 1581 1867
5172 4 2 6 17 1207 1499 1689 1721
5173 4 2 6 17 1206 1568 1622 1797
5174 4 2 6 17 579 582 585 1592
5175 4 2 6 17 1324 1720 1510 1935
5176 4 2 6 17 1466 1567 1341 1827
5177 4 2 6 17 1379 1738 1524 1819
5178 4 2 6 17 1359 1663 1560 1940
5179 4 2 6 17 1423 1778 1553 1930
5180 4 2 6 17 1048 505 1428 1716
5181 4 2 6 17 677 996 1674 1681
5182 4 2 6 17 1182 1618 1209 1796
5183 4 2 6 17 1326 1625 1517 1696
5184 4 2 6 17 1284 1384 1658 1840
5185 4 2 6 17 1308 1459 1587 1893
5186 4 2 6 17 1299 1389 1574 1760
5187 4 2 6 17 1289 1397 1589 1789
5188 4 2 6 17 1453 1479 1343 1842
5189 4 2 6 17 946 926 1687 1814
5190 4 2 6 17 939 905 1835 1918
5191 4 2 6 17 1285 1420 1581 1626
5192 4 2 6 17 1265 1667 1530 1895
5193 4 2 6 17 974 1446 1049 1637
5194 4 2 6 17 1264 1556 1608 1771
5195 4 2 6 17 702 774 1575 1583
5196 4 2 6 17 1616 1623 1371 1784
5197 4 2 6 17 1049 974 1050 1446
5198 4 2 6 17 1113 1676 1427 1846
5199 4 2 6 17 1288 1605 1538 1855
5200 4 2 6 17 1351 1617 1694 1888
5201 4 2 6 17 1362 1603 1212 1939
5202 4 2 6 17 635 1715 1149 1789
5203 4 2 6 17 1027 791 482 1670
5204 4 2 6 17 1041 1040 1738 1919
5205 4 2 6 17 1307 1637 1733 1776
5206 4 2 6 17 1308 1768 1555 1823
5207 4 2 6 17 1290 1818 1562 1848
5208 4 2 6 17 1389 1590 1312 1684
5209 4 2 6 17 1312 1610 1498 1695
5210 4 2 6 17 1010 798 797 1582
5211 4 2 6 17 1014 1515 1015 1803
5212 4 2 6 17 1070 490 1501 1708
5213 4 2 6 17 1480 1631 1534 1873
5214 4 2 6 17 919 622 1701 1746
5215 4 2 6 17 889 586 578 1451
5216 4 2 6 17 510 1660 1430 1847
5217 4 2 6 17 1153 994 1619 1869
5218 4 2 6 17 454 982 444 1598
5219 4 2 6 17 711 951 434 1642
5220 4 2 6 17 1396 1861 1648 1899
5221 4 2 6 17 787 541 670 1388
5222 4 2 6 17 495 1398 596 1808
5223 4 2 6 17 744 434 870 1812
5224 4 2 6 17 1034 1606 1374 1702
5225 4 2 6 17 1343 1577 1513 1734
5226 4 2 6 17 771 1515 1014 1644
5227 4 2 6 17 1217 1677 1481 1914
5228 4 2 6 17 1002 759 801 1466
5229 4 2 6 17 1589 1716 1329 1897
5230 4 2 6 17 1589 1661 1329 1821
5231 4 2 6 17 873 724 758 1676
5232 4 2 6 17 1432 1536 535 1879
5233 4 2 6 17 1562 1818 1624 1848
5234 4 2 6 17 1052 470 1613 1916
5235 4 2 6 17 754 1681 755 1709
5236 4 2 6 17 1323 1526 1558 1653
5237 4 2 6 17 1318 1485 1848 1866
5238 4 2 6 17 477 479 1088 1706
5239 4 2 6 17 1420 1803 1431 1902
5240 4 2 6 17 1270 1517 1625 1651
5241 4 2 6 17 1268 1525 1397 1661
5242 4 2 6 17 753 496 942 1876
5243 4 2 6 17 780 1453 1577 1842
5244 4 2 6 17 1485 1556 1386 1608
5245 4 2 6 17 1333 1592 1506 1663
5246 4 2 6 17 1281 1499 1554 1858
5247 4 2 6 17 1596 1672 1295 1784
5248 4 2 6 17 1332 1619 1475 1833
5249 4 2 6 17 1533 1607 1323 1906
5250 4 2 6 17 479 1463 1088 1706
5251 4 2 6 17 1406 1541 1337 1732
5252 4 2 6 17 1189 1741 1195 1900
5253 4 2 6 17 982 1100 1401 1728
5254 4 2 6 17 1436 1542 1301 1756
5255 4 2 6 17 817 728 816 1917
5256 4 2 6 17 1125 484 483 1645
5257 4 2 6 17 1501 1680 1345 1872
5258 4 2 6 17 1280 1371 1672 1832
5259 4 2 6 17 1269 1467 1862 1890
5260 4 2 6 17 1209 1208 1796 1888
5261 4 2 6 17 1178 1607 1533 1906
5262 4 2 6 17 860 1666 934 1928
5263 4 2 6 17 958 1493 1080 1746
5264 4 2 6 17 1315 1509 1408 1692
5265 4 2 6 17 1310 1395 1515 1769
5266 4 2 6 17 1654 1764 1316 1779
5267 4 2 6 17 1392 1573 1554 1844
5268 4 2 6 17 200 1185 1495 1578
5269 4 2 6 17 1270 1601 1408 1625
5270 4 2 6 17 1411 1658 1472 1810
5271 4 2 6 17 835 1440 836 1854
5272 4 2 6 17 1020 1538 1018 1723
5273 4 2 6 17 856 688 876 1509
5274 4 2 6 17 1362 1614 1626 1756
5275 4 2 6 17 1051 1450 585 1831
5276 4 2 6 17 666 1729 1524 1849
5277 4 2 6 17 1429 1632 1815 1844
5278 4 2 6 17 1175 1206 1207 1622
5279 4 2 6 17 1302 1663 1592 1671
5280 4 2 6 17 975 1522 809 1880
5281 4 2 6 17 872 876 1539 1793
5282 4 2 6 17 1296 1384 1652 1658
5283 4 2 6 17 1337 1815 1632 1844
5284 4 2 6 17 1316 1550 1419 1886
5285 4 2 6 17 1190 1797 1183 1881
5286 4 2 6 17 1025 1611 1413 1762
5287 4 2 6 17 1663 1720 1510 1940
5288 4 2 6 17 1292 1571 1484 1824
5289 4 2 6 17 835 651 687 1440
5290 4 2 6 17 1391 1839 1586 1934
5291 4 2 6 17 1483 1791 1484 1802
5292 4 2 6 17 1113 770 1676 1846
5293 4 2 6 17 712 711 630 1657
5294 4 2 6 17 1371 1672 1596 1784
5295 4 2 6 17 1353 1810 1658 1813
5296 4 2 6 17 1469 1652 1384 1658
5297 4 2 6 17 1331 1387 1616 1796
5298 4 2 6 17 758 1466 759 1676
5299 4 2 6 17 1211 1200 1629 1840
5300 4 2 6 17 921 1084 1023 1406
5301 4 2 6 17 1358 1652 1629 1795
5302 4 2 6 17 1496 1631 1339 1873
5303 4 2 6 17 1294 1466 1498 1676
5304 4 2 6 17 928 1519 1106 1777
5305 4 2 6 17 1490 1839 1391 1935
5306 4 2 6 17 946 1415 926 1814
5307 4 2 6 17 885 1783 1484 1802
5308 4 2 6 17 1499 1454 1689 1721
5309 4 2 6 17 1341 1772 1005 1807
5310 4 2 6 17 667 821 1639 1838
5311 4 2 6 17 756 1136 1143 1853
5312 4 2 6 17 892 894 819 1548
5313 4 2 6 17 914 1091 920 1737
5314 4 2 6 17 858 1604 1750 1928
5315 4 2 6 17 1071 1082 1393 1719
5316 4 2 6 17 509 510 508 1430
5317 4 2 6 17 1061 1462 749 1730
5318 4 2 6 17 441 1548 440 1695
5319 4 2 6 17 1302 1388 1668 1720
5320 4 2 6 17 1197 1516 1622 1898
5321 4 2 6 17 1534 1607 1330 1843
5322 4 2 6 17 508 964 1503 1660
5323 4 2 6 17 931 904 1013 1918
5324 4 2 6 17 1291 1486 1481 1527
5325 4 2 6 17 478 1410 704 1706
5326 4 2 6 17 1425 1330 1535 1656
5327 4 2 6 17 1447 1835 1803 1918
5328 4 2 6 17 1590 1772 1466 1809
5329 4 2 6 17 1126 1065 1064 1589
5330 4 2 6 17 480 481 1412 1730
5331 4 2 6 17 1286 1694 1595 1760
5332 4 2 6 17 1548 1763 441 1856
5333 4 2 6 17 1274 1527 1600 1677
5334 4 2 6 17 1517 1625 1315 1696
5335 4 2 6 17 721 716 724 1498
5336 4 2 6 17 1446 1637 974 1776
5337 4 2 6 17 918 897 1431 1753
5338 4 2 6 17 1092 1091 1055 1529
5339 4 2 6 17 1501 1519 1283 1857
5340 4 2 6 17 1346 1811 1507 1841
5341 4 2 6 17 532 533 528 1726
5342 4 2 6 17 1327 1584 1388 1781
5343 4 2 6 17 1363 1293 1529 1634
5344 4 2 6 17 549 1928 1493 1936
5345 4 2 6 17 1370 1500 1546 1878
5346 4 2 6 17 1395 1310 1669 1769
5347 4 2 6 17 1268 1874 1800 1903
5348 4 2 6 17 1583 1680 773 1758
5349 4 2 6 17 1568 1622 1326 1721
5350 4 2 6 17 1330 1534 1631 1895
5351 4 2 6 17 825 430 567 1704
5352 4 2 6 17 1615 1707 1338 1862
5353 4 2 6 17 911 681 912 1491
5354 4 2 6 17 989 1381 602 1822
5355 4 2 6 17 1450 1453 1295 1911
5356 4 2 6 17 1159 900 486 1571
5357 4 2 6 17 777 624 869 1650
5358 4 2 6 17 786 655 583 1725
5359 4 2 6 17 1381 1599 1545 1822
5360 4 2 6 17 689 1599 1408 1816
5361 4 2 6 17 965 1148 1116 1853
5362 4 2 6 17 1429 1337 1632 1844
5363 4 2 6 17 1306 1598 1398 1871
5364 4 2 6 17 463 1543 507 1725
5365 4 2 6 17 1077 958 1080 1746
5366 4 2 6 17 730 191 488 1718
5367 4 2 6 17 1132 538 537 1837
5368 4 2 6 17 818 721 883 1536
5369 4 2 6 17 1343 1508 1479 1734
5370 4 2 6 17 1004 1002 1005 1875
5371 4 2 6 17 1105 859 1464 1823
5372 4 2 6 17 1279 1551 1411 1810
5373 4 2 6 17 1293 1801 1535 1882
5374 4 2 6 17 1493 1666 1080 1746
5375 4 2 6 17 1378 1588 1502 1624
5376 4 2 6 17 1285 1558 1526 1653
5377 4 2 6 17 1380 1642 1464 1768
5378 4 2 6 17 1196 1386 1705 1909
5379 4 2 6 17 976 1453 977 1911
5380 4 2 6 17 1504 1593 1512 1743
5381 4 2 6 17 1047 1428 1820 1880
5382 4 2 6 17 29 1586 1168 1623
5383 4 2 6 17 1318 1567 1795 1827
5384 4 2 6 17 1313 1463 1605 1855
5385 4 2 6 17 1281 1815 1564 1858
5386 4 2 6 17 670 787 1388 1885
5387 4 2 6 17 1313 1706 1463 1855
5388 4 2 6 17 1290 1402 1562 1818
5389 4 2 6 17 1421 1709 1306 1736
5390 4 2 6 17 1554 1632 1337 1815
5391 4 2 6 17 619 618 1545 1599
5392 4 2 6 17 1462 1730 1364 1731
5393 4 2 6 17 1367 1419 1886 1898
5394 4 2 6 17 1443 1584 1366 1775
5395 4 2 6 17 860 858 1750 1928
5396 4 2 6 17 1420 1724 1431 1803
5397 4 2 6 17 1479 1508 1263 1830
5398 4 2 6 17 472 1408 1692 1773
5399 4 2 6 17 1326 1517 1568 1721
5400 4 2 6 17 1475 1833 1619 1869
5401 4 2 6 17 948 949 822 1401
5402 4 2 6 17 1386 1196 1866 1909
5403 4 2 6 17 993 1468 991 1731
5404 4 2 6 17 1303 1674 1665 1759
5405 4 2 6 17 1394 1755 1502 1862
5406 4 2 6 17 977 976 584 1453
5407 4 2 6 17 1057 1056 1058 1541
5408 4 2 6 17 709 1803 1420 1835
5409 4 2 6 17 1280 1392 1554 1744
5410 4 2 6 17 1325 1602 1511 1688
5411 4 2 6 17 1416 1704 429 1785
5412 4 2 6 17 471 472 1408 1692
5413 4 2 6 17 979 1156 631 1643
5414 4 2 6 17 182 1680 492 1814
5415 4 2 6 17 1287 1534 1480 1843
5416 4 2 6 17 1347 1665 1674 1759
5417 4 2 6 17 1267 1478 1435 1915
5418 4 2 6 17 1561 1562 1378 1848
5419 4 2 6 17 1432 1473 1352 1838
5420 4 2 6 17 1465 1764 1390 1891
5421 4 2 6 17 1132 1066 423 1473
5422 4 2 6 17 1098 1057 1463 1606
5423 4 2 6 17 1421 1593 1278 1736
5424 4 2 6 17 467 794 1673 1826
5425 4 2 6 17 1478 1759 1735 1785
5426 4 2 6 17 1190 1568 1797 1881
5427 4 2 6 17 928 1107 501 1690
5428 4 2 6 17 1016 1429 1585 1932
5429 4 2 6 17 753 1421 1709 1876
5430 4 2 6 17 607 1460 673 1923
5431 4 2 6 17 1475 1751 1158 1913
5432 4 2 6 17 1370 1546 1508 1878
5433 4 2 6 17 1459 1564 842 1793
5434 4 2 6 17 522 517 1604 1700
5435 4 2 6 17 949 1401 1100 1728
5436 4 2 6 17 1024 1413 1026 1867
5437 4 2 6 17 1270 1568 1455 1693
5438 4 2 6 17 1346 1742 1565 1820
5439 4 2 6 17 1428 1565 1325 1919
5440 4 2 6 17 764 1366 1079 1757
5441 4 2 6 17 634 1789 1589 1821
5442 4 2 6 17 988 989 1497 1805
5443 4 2 6 17 193 192 729 1635
5444 4 2 6 17 822 1435 565 1563
5445 4 2 6 17 987 592 972 1497
5446 4 2 6 17 1306 1593 1421 1736
5447 4 2 6 17 1407 1771 1619 1833
5448 4 2 6 17 1307 1637 1776 1851
5449 4 2 6 17 1343 1513 1508 1734
5450 4 2 6 17 542 848 878 1439
5451 4 2 6 17 645 1006 970 1763
5452 4 2 6 17 783 922 921 1577
5453 4 2 6 17 1317 1425 1520 1882
5454 4 2 6 17 1282 1386 1557 1935
5455 4 2 6 17 1335 1865 1558 1906
5456 4 2 6 17 1079 764 1094 1366
5457 4 2 6 17 831 1462 899 1692
5458 4 2 6 17 652 1791 653 1802
5459 4 2 6 17 596 1398 597 1808
5460 4 2 6 17 1409 1640 1566 1914
5461 4 2 6 17 1292 1484 1417 1799
5462 4 2 6 17 1342 1516 1419 1622
5463 4 2 6 17 1388 1414 1584 1804
5464 4 2 6 17 1370 1295 1546 1784
5465 4 2 6 17 811 1575 1739 1941
5466 4 2 6 17 1296 1652 1469 1658
5467 4 2 6 17 462 915 1445 1707
5468 4 2 6 17 1379 1325 1565 1738
5469 4 2 6 17 1317 1520 1425 1878
5470 4 2 6 17 513 809 1522 1880
5471 4 2 6 17 1482 1528 1279 1937
5472 4 2 6 17 769 812 1762 1846
5473 4 2 6 17 1432 1621 1044 1639
5474 4 2 6 17 1488 1770 1451 1901
5475 4 2 6 17 1355 1583 1575 1774
5476 4 2 6 17 974 1637 804 1776
5477 4 2 6 17 1698 1880 1522 1903
5478 4 2 6 17 680 963 843 1574
5479 4 2 6 17 1757 1775 1327 1781
5480 4 2 6 17 1330 1534 1480 1631
5481 4 2 6 17 1446 1611 1413 1745
5482 4 2 6 17 585 1051 977 1450
5483 4 2 6 17 429 604 1107 1416
5484 4 2 6 17 1161 930 448 1443
5485 4 2 6 17 202 201 1694 1888
5486 4 2 6 17 1500 1277 1546 1878
5487 4 2 6 17 1361 1555 1768 1823
5488 4 2 6 17 1220 1864 1607 1906
5489 4 2 6 17 1543 1686 506 1919
5490 4 2 6 17 1361 1750 1682 1920
5491 4 2 6 17 1630 1683 1348 1929
5492 4 2 6 17 1189 1387 1576 1881
5493 4 2 6 17 1169 1558 1216 1906
5494 4 2 6 17 1086 1514 848 1798
5495 4 2 6 17 1396 1673 1635 1749
5496 4 2 6 17 1342 1622 1568 1797
5497 4 2 6 17 1384 1658 1551 1810
5498 4 2 6 17 1134 1446 938 1745
5499 4 2 6 17 838 1036 912 1910
5500 4 2 6 17 519 1529 1092 1641
5501 4 2 6 17 1417 1802 1488 1924
5502 4 2 6 17 896 1701 622 1746
5503 4 2 6 17 842 1564 1459 1917
5504 4 2 6 17 1303 1674 1580 1854
5505 4 2 6 17 1298 1552 1507 1612
5506 4 2 6 17 1166 1202 1171 1502
5507 4 2 6 17 1188 1191 1207 1721
5508 4 2 6 17 655 1404 1798 1904
5509 4 2 6 17 1301 1542 1432 1630
5510 4 2 6 17 1395 1644 1445 1933
5511 4 2 6 17 1149 985 619 1545
5512 4 2 6 17 1385 1552 1507 1811
5513 4 2 6 17 1341 1887 1556 1926
5514 4 2 6 17 1275 1646 1444 1849
5515 4 2 6 17 509 1430 1695 1856
5516 4 2 6 17 1284 1658 1813 1868
5517 4 2 6 17 481 482 480 1412
5518 4 2 6 17 1303 1580 1620 1854
5519 4 2 6 17 654 653 1791 1802
5520 4 2 6 17 673 1030 1555 1920
5521 4 2 6 17 1457 1290 1818 1884
5522 4 2 6 17 1441 1687 1373 1852
5523 4 2 6 17 1430 1373 1627 1847
5524 4 2 6 17 1311 1421 1504 1593
5525 4 2 6 17 632 901 427 1682
5526 4 2 6 17 1582 1808 1743 1826
5527 4 2 6 17 1219 1683 1362 1939
5528 4 2 6 17 453 1513 451 1717
5529 4 2 6 17 1335 1502 1588 1862
5530 4 2 6 17 1457 1307 1624 1726
5531 4 2 6 17 520 519 1092 1641
5532 4 2 6 17 1450 1671 1333 1901
5533 4 2 6 17 1265 1865 1711 1933
5534 4 2 6 17 1618 1694 201 1888
5535 4 2 6 17 1136 1498 1695 1853
5536 4 2 6 17 182 1070 492 1680
5537 4 2 6 17 1209 1201 1208 1888
5538 4 2 6 17 1496 1631 1360 1895
5539 4 2 6 17 1290 1624 1818 1848
5540 4 2 6 17 1265 1534 1711 1865
5541 4 2 6 17 1375 1658 1469 1685
5542 4 2 6 17 1276 1488 1451 1901
5543 4 2 6 17 489 190 189 1718
5544 4 2 6 17 591 566 967 1422
5545 4 2 6 17 958 1477 696 1845
5546 4 2 6 17 926 499 1580 1690
5547 4 2 6 17 1453 1592 1450 1671
5548 4 2 6 17 1114 1427 1004 1875
5549 4 2 6 17 573 1461 571 1754
5550 4 2 6 17 700 1845 1360 1936
5551 4 2 6 17 931 1803 1835 1918
5552 4 2 6 17 1135 1127 603 1789
5553 4 2 6 17 1326 1696 1525 1907
5554 4 2 6 17 1286 1660 1503 1766
5555 4 2 6 17 919 1477 1746 1769
5556 4 2 6 17 564 1422 590 1670
5557 4 2 6 17 1363 1496 1859 1895
5558 4 2 6 17 593 594 1507 1666
5559 4 2 6 17 522 1604 852 1700
5560 4 2 6 17 1445 1711 1530 1787
5561 4 2 6 17 780 1577 1453 1911
5562 4 2 6 17 1075 1053 1719 1757
5563 4 2 6 17 1574 1760 1503 1766
5564 4 2 6 17 1556 1341 1827 1887
5565 4 2 6 17 1093 576 1012 1647
5566 4 2 6 17 1485 1386 1848 1866
5567 4 2 6 17 1271 1679 1516 1834
5568 4 2 6 17 499 926 927 1690
5569 4 2 6 17 1289 1550 1419 1678
5570 4 2 6 17 1429 1815 1632 1917
5571 4 2 6 17 771 766 1515 1769
5572 4 2 6 17 179 610 180 1594
5573 4 2 6 17 1360 1631 1496 1873
5574 4 2 6 17 651 997 1523 1681
5575 4 2 6 17 1406 1672 1491 1744
5576 4 2 6 17 1297 1678 1545 1912
5577 4 2 6 17 1505 1818 1290 1884
5578 4 2 6 17 953 1407 956 1807
5579 4 2 6 17 1191 1195 1836 1900
5580 4 2 6 17 1303 1580 1415 1852
5581 4 2 6 17 1399 1570 664 1877
5582 4 2 6 17 1288 1631 1535 1883
5583 4 2 6 17 440 1548 441 1856
5584 4 2 6 17 659 1423 1778 1857
5585 4 2 6 17 998 1044 1621 1639
5586 4 2 6 17 1373 1660 628 1847
5587 4 2 6 17 1138 538 1132 1837
5588 4 2 6 17 541 670 1388 1781
5589 4 2 6 17 495 887 596 1398
5590 4 2 6 17 510 1430 509 1847
5591 4 2 6 17 1405 1682 426 1920
5592 4 2 6 17 1312 1684 1590 1809
5593 4 2 6 17 1263 1584 1414 1804
5594 4 2 6 17 1443 1792 1717 1925
5595 4 2 6 17 1355 1649 1528 1850
5596 4 2 6 17 1402 1875 1505 1926
5597 4 2 6 17 1026 1745 932 1867
5598 4 2 6 17 1405 1698 1522 1903
5599 4 2 6 17 925 522 517 1604
5600 4 2 6 17 1344 1531 1487 1733
5601 4 2 6 17 482 902 1027 1670
5602 4 2 6 17 1586 1623 1370 1741
5603 4 2 6 17 542 848 1439 1904
5604 4 2 6 17 1368 1528 1482 1937
5605 4 2 6 17 520 1094 1537 1641
5606 4 2 6 17 1287 1669 1534 1843
5607 4 2 6 17 1450 1592 1453 1911
5608 4 2 6 17 758 757 759 1466
5609 4 2 6 17 1524 1729 1436 1849
5610 4 2 6 17 1592 1668 1302 1748
5611 4 2 6 17 799 1151 800 1772
5612 4 2 6 17 1155 1114 1004 1875
5613 4 2 6 17 714 1657 563 1706
5614 4 2 6 17 694 1477 761 1769
5615 4 2 6 17 530 1777 1778 1780
5616 4 2 6 17 200 1199 1185 1578
5617 4 2 6 17 1366 1559 1474 1710
5618 4 2 6 17 966 530 529 1778
5619 4 2 6 17 665 820 1436 1639
5620 4 2 6 17 1311 1421 1761 1826
5621 4 2 6 17 1356 1677 1481 1699
5622 4 2 6 17 1308 1555 1812 1823
5623 4 2 6 17 866 599 595 1507
5624 4 2 6 17 577 889 1770 1831
5625 4 2 6 17 1415 1690 1519 1908
5626 4 2 6 17 1422 1553 1328 1780
5627 4 2 6 17 1188 1576 1189 1900
5628 4 2 6 17 1525 1678 1661 1886
5629 4 2 6 17 1281 1587 1459 1893
5630 4 2 6 17 1402 1887 1875 1926
5631 4 2 6 17 1177 1390 1192 1699
5632 4 2 6 17 726 688 689 1509
5633 4 2 6 17 690 1541 691 1732
5634 4 2 6 17 1034 1020 1019 1374
5635 4 2 6 17 1566 1640 1354 1914
5636 4 2 6 17 1180 1779 199 1894
5637 4 2 6 17 1494 1676 770 1846
5638 4 2 6 17 1330 1631 1535 1895
5639 4 2 6 17 992 837 903 1791
5640 4 2 6 17 621 1524 1436 1703
5641 4 2 6 17 1269 1862 1474 1890
5642 4 2 6 17 1321 1427 1846 1931
5643 4 2 6 17 1379 1650 1614 1938
5644 4 2 6 17 200 1489 199 1578
5645 4 2 6 17 635 1715 1789 1821
5646 4 2 6 17 1618 1648 1351 1888
5647 4 2 6 17 1378 1624 1562 1818
5648 4 2 6 17 1320 1386 1608 1909
5649 4 2 6 17 511 509 508 1430
5650 4 2 6 17 1325 1602 1543 1686
5651 4 2 6 17 195 1400 1119 1877
5652 4 2 6 17 1125 723 981 1645
5653 4 2 6 17 867 1139 1046 1742
5654 4 2 6 17 1436 1301 1664 1756
5655 4 2 6 17 1400 1570 1399 1877
5656 4 2 6 17 1658 1685 1375 1868
5657 4 2 6 17 971 537 1476 1758
5658 4 2 6 17 990 991 1468 1731
5659 4 2 6 17 1378 1307 1624 1818
5660 4 2 6 17 30 1390 1177 1860
5661 4 2 6 17 1044 998 545 1432
5662 4 2 6 17 1131 893 892 1472
5663 4 2 6 17 1399 1636 1635 1749
5664 4 2 6 17 1022 1674 835 1854
5665 4 2 6 17 1102 1014 771 1515
5666 4 2 6 17 480 482 790 1773
5667 4 2 6 17 1314 1662 1579 1852
5668 4 2 6 17 835 996 651 1440
5669 4 2 6 17 1472 1353 1658 1868
5670 4 2 6 17 1438 1558 1323 1906
5671 4 2 6 17 995 1681 1347 1709
5672 4 2 6 17 1590 1684 1389 1809
5673 4 2 6 17 916 918 1015 1515
5674 4 2 6 17 1565 1820 1110 1919
5675 4 2 6 17 621 665 1436 1729
5676 4 2 6 17 1338 1467 1641 1892
5677 4 2 6 17 1316 1572 1465 1850
5678 4 2 6 17 1205 1213 1675 1894
5679 4 2 6 17 1388 1591 1327 1781
5680 4 2 6 17 1445 1711 1787 1933
5681 4 2 6 17 425 1138 423 1645
5682 4 2 6 17 890 1564 841 1917
5683 4 2 6 17 1078 1092 1055 1641
5684 4 2 6 17 1417 1488 1276 1832
5685 4 2 6 17 825 567 1435 1704
5686 4 2 6 17 1119 195 789 1400
5687 4 2 6 17 1304 1646 1456 1813
5688 4 2 6 17 1390 1654 1316 1850
5689 4 2 6 17 1420 1301 1626 1664
5690 4 2 6 17 1013 1447 1014 1803
5691 4 2 6 17 1306 1504 1421 1593
5692 4 2 6 17 1366 1641 1537 1925
5693 4 2 6 17 527 1457 526 1884
5694 4 2 6 17 524 561 562 1691
5695 4 2 6 17 1328 1655 1540 1915
5696 4 2 6 17 1465 1886 1764 1891
5697 4 2 6 17 1423 1553 1328 1697
5698 4 2 6 17 1439 1514 1289 1798
5699 4 2 6 17 549 852 1928 1936
5700 4 2 6 17 1099 1101 1146 1728
5701 4 2 6 17 1473 1536 1284 1868
5702 4 2 6 17 483 485 666 1849
5703 4 2 6 17 999 1001 1664 1867
5704 4 2 6 17 952 953 954 1619
5705 4 2 6 17 638 643 1703 1724
5706 4 2 6 17 1319 1614 1650 1938
5707 4 2 6 17 1266 1663 1510 1940
5708 4 2 6 17 541 1388 539 1781
5709 4 2 6 17 1289 1572 1465 1886
5710 4 2 6 17 1431 1803 1285 1902
5711 4 2 6 17 1386 1196 1705 1866
5712 4 2 6 17 963 1574 1503 1766
5713 4 2 6 17 1530 1845 1360 1859
5714 4 2 6 17 755 754 886 1681
5715 4 2 6 17 698 1538 1496 1723
5716 4 2 6 17 1611 1762 812 1846
5717 4 2 6 17 639 640 638 1664
5718 4 2 6 17 1216 1212 1603 1939
5719 4 2 6 17 655 880 881 1404
5720 4 2 6 17 870 842 898 1793
5721 4 2 6 17 549 851 1493 1928
5722 4 2 6 17 511 509 1430 1695
5723 4 2 6 17 201 1377 1618 1828
5724 4 2 6 17 1205 1213 1183 1675
5725 4 2 6 17 441 907 1548 1695
5726 4 2 6 17 689 471 473 1408
5727 4 2 6 17 666 620 546 1524
5728 4 2 6 17 870 898 1539 1793
5729 4 2 6 17 1453 1748 1414 1842
5730 4 2 6 17 1282 1549 1386 1935
5731 4 2 6 17 1096 1445 736 1787
5732 4 2 6 17 732 848 1086 1439
5733 4 2 6 17 1457 1637 526 1884
5734 4 2 6 17 1158 1751 845 1913
5735 4 2 6 17 1339 1628 1480 1631
5736 4 2 6 17 1330 1535 1631 1883
5737 4 2 6 17 1669 1711 1534 1865
5738 4 2 6 17 1351 1694 1618 1888
5739 4 2 6 17 196 195 580 1506
5740 4 2 6 17 1543 1602 1448 1686
5741 4 2 6 17 1336 1687 1415 1814
5742 4 2 6 17 1008 586 1010 1451
5743 4 2 6 17 855 1564 829 1790
5744 4 2 6 17 1291 1688 1428 1943
5745 4 2 6 17 1334 1528 1482 1860
5746 4 2 6 17 1299 1399 1635 1913
5747 4 2 6 17 1318 1848 1561 1866
5748 4 2 6 17 1663 1806 1720 1940
5749 4 2 6 17 1134 938 814 1745
5750 4 2 6 17 1093 1051 1450 1911
5751 4 2 6 17 1390 1699 1511 1891
5752 4 2 6 17 1312 1590 1466 1809
5753 4 2 6 17 801 1466 799 1772
5754 4 2 6 17 1349 1425 1573 1836
5755 4 2 6 17 1129 571 1118 1461
5756 4 2 6 17 938 1134 936 1446
5757 4 2 6 17 965 1590 802 1853
5758 4 2 6 17 1519 1690 928 1908
5759 4 2 6 17 855 1692 856 1793
5760 4 2 6 17 1209 1796 1618 1888
5761 4 2 6 17 580 1506 579 1592
5762 4 2 6 17 684 1529 519 1634
5763 4 2 6 17 1324 1557 1510 1940
5764 4 2 6 17 1518 1552 1385 1811
5765 4 2 6 17 1325 1738 1379 1819
5766 4 2 6 17 1299 1449 1760 1899
5767 4 2 6 17 542 1439 878 1904
5768 4 2 6 17 862 555 710 1884
5769 4 2 6 17 1462 1692 1408 1773
5770 4 2 6 17 667 1639 821 1729
5771 4 2 6 17 547 1444 1686 1739
5772 4 2 6 17 1711 1865 1669 1933
5773 4 2 6 17 1071 1072 1073 1591
5774 4 2 6 17 1207 1191 1215 1499
5775 4 2 6 17 1292 1786 1571 1824
5776 4 2 6 17 864 1650 869 1742
5777 4 2 6 17 1397 1789 1715 1821
5778 4 2 6 17 1028 1687 1137 1847
5779 4 2 6 17 1368 1578 1489 1937
5780 4 2 6 17 1320 1485 1449 1617
5781 4 2 6 17 705 966 529 1553
5782 4 2 6 17 899 472 1692 1773
5783 4 2 6 17 1303 1415 1662 1852
5784 4 2 6 17 1070 1069 490 1708
5785 4 2 6 17 1711 1787 1395 1845
5786 4 2 6 17 584 1592 1453 1748
5787 4 2 6 17 1439 1798 1572 1904
5788 4 2 6 17 1577 1647 1295 1911
5789 4 2 6 17 1082 719 1071 1393
5790 4 2 6 17 1325 1600 1511 1819
5791 4 2 6 17 1482 1528 1368 1654
5792 4 2 6 17 1280 1468 1491 1922
5793 4 2 6 17 1071 1074 1082 1719
5794 4 2 6 17 507 463 435 1448
5795 4 2 6 17 1504 1512 1398 1743
5796 4 2 6 17 1299 1718 1635 1899
5797 4 2 6 17 900 948 1563 1571
5798 4 2 6 17 1328 1553 1423 1778
5799 4 2 6 17 614 1698 1460 1821
5800 4 2 6 17 1438 1323 1864 1906
5801 4 2 6 17 1396 1311 1648 1861
5802 4 2 6 17 1139 1565 1046 1742
5803 4 2 6 17 453 930 929 1717
5804 4 2 6 17 1635 1718 1396 1899
5805 4 2 6 17 1014 1102 1015 1515
5806 4 2 6 17 1287 1666 1493 1746
5807 4 2 6 17 1464 1642 1380 1691
5808 4 2 6 17 709 1420 706 1867
5809 4 2 6 17 793 1442 729 1673
5810 4 2 6 17 1441 1430 1847 1856
5811 4 2 6 17 1060 1103 881 1716
5812 4 2 6 17 1301 1621 1413 1747
5813 4 2 6 17 1198 1779 1180 1894
5814 4 2 6 17 1478 1704 1416 1785
5815 4 2 6 17 501 1107 604 1416
5816 4 2 6 17 1420 1581 1301 1867
5817 4 2 6 17 1413 1301 1581 1867
5818 4 2 6 17 1545 1678 1397 1912
5819 4 2 6 17 1405 1298 1800 1841
5820 4 2 6 17 1016 816 1429 1932
5821 4 2 6 17 1298 1811 1527 1841
5822 4 2 6 17 1048 1428 1047 1880
5823 4 2 6 17 1329 1522 1880 1903
5824 4 2 6 17 1477 1711 1395 1845
5825 4 2 6 17 645 1441 1007 1763
5826 4 2 6 17 796 581 1506 1863
5827 4 2 6 17 655 1404 881 1798
5828 4 2 6 17 1187 1196 1221 1485
5829 4 2 6 17 482 481 486 1412
5830 4 2 6 17 1271 1540 1679 1834
5831 4 2 6 17 756 1498 1136 1853
5832 4 2 6 17 507 1448 435 1686
5833 4 2 6 17 1553 1778 657 1930
5834 4 2 6 17 1304 1739 1575 1941
5835 4 2 6 17 1076 1645 1575 1837
5836 4 2 6 17 1034 1019 1032 1374
5837 4 2 6 17 1323 1558 1438 1653
5838 4 2 6 17 911 1491 1085 1647
5839 4 2 6 17 1364 1468 1731 1791
5840 4 2 6 17 1327 1710 1584 1775
5841 4 2 6 17 1200 1561 1172 1866
5842 4 2 6 17 1337 1406 1732 1744
5843 4 2 6 17 875 872 876 1539
5844 4 2 6 17 886 754 942 1421
5845 4 2 6 17 1301 1432 1621 1630
5846 4 2 6 17 706 1420 1664 1867
5847 4 2 6 17 611 1594 612 1740
5848 4 2 6 17 1472 1658 1353 1810
5849 4 2 6 17 698 1496 697 1859
5850 4 2 6 17 1530 1667 1363 1895
5851 4 2 6 17 1211 1629 1185 1927
5852 4 2 6 17 1475 1817 1399 1913
5853 4 2 6 17 1576 1722 1455 1799
5854 4 2 6 17 1302 1668 1400 1720
5855 4 2 6 17 539 1414 1157 1870
5856 4 2 6 17 1126 1514 1589 1789
5857 4 2 6 17 448 447 1443 1925
5858 4 2 6 17 1465 1572 1262 1850
5859 4 2 6 17 655 1798 656 1904
5860 4 2 6 17 1009 794 793 1673
5861 4 2 6 17 1352 1646 1542 1849
5862 4 2 6 17 1422 1540 1435 1780
5863 4 2 6 17 1167 1189 1208 1616
5864 4 2 6 17 682 1723 1021 1859
5865 4 2 6 17 1499 1554 1365 1900
5866 4 2 6 17 1349 1712 1573 1855
5867 4 2 6 17 967 566 966 1780
5868 4 2 6 17 1413 1272 1747 1931
5869 4 2 6 17 791 1027 1035 1816
5870 4 2 6 17 543 542 878 1904
5871 4 2 6 17 1555 1874 1460 1920
5872 4 2 6 17 1291 1688 1511 1891
5873 4 2 6 17 1384 1840 1424 1927
5874 4 2 6 17 1187 1200 1172 1866
5875 4 2 6 17 1346 1527 1811 1841
5876 4 2 6 17 473 689 1408 1816
5877 4 2 6 17 486 833 1571 1824
5878 4 2 6 17 1308 1812 1642 1823
5879 4 2 6 17 1297 1525 1696 1907
5880 4 2 6 17 1522 1841 1405 1903
5881 4 2 6 17 547 1686 722 1739
5882 4 2 6 17 931 1013 1803 1918
5883 4 2 6 17 1399 1332 1714 1817
5884 4 2 6 17 513 809 975 1522
5885 4 2 6 17 1542 1646 1352 1813
5886 4 2 6 17 1367 1886 1764 1898
5887 4 2 6 17 1191 1499 1207 1721
5888 4 2 6 17 1427 1875 1402 1887
5889 4 2 6 17 1033 741 452 1606
5890 4 2 6 17 1348 1685 1469 1840
5891 4 2 6 17 424 425 423 1473
5892 4 2 6 17 1320 1608 1485 1909
5893 4 2 6 17 1289 1465 1572 1897
5894 4 2 6 17 1309 1526 1615 1933
5895 4 2 6 17 1308 1642 1459 1893
5896 4 2 6 17 179 808 610 1594
5897 4 2 6 17 590 564 591 1422
5898 4 2 6 17 665 820 639 1436
5899 4 2 6 17 1389 1638 1475 1833
5900 4 2 6 17 1556 1341 1771 1827
5901 4 2 6 17 1377 201 1618 1694
5902 4 2 6 17 1303 1662 1620 1852
5903 4 2 6 17 1430 1296 1695 1856
5904 4 2 6 17 1312 1684 1567 1765
5905 4 2 6 17 1302 1453 1479 1671
5906 4 2 6 17 1601 1693 1305 1834
5907 4 2 6 17 526 1637 1457 1726
5908 4 2 6 17 1674 1759 1416 1785
5909 4 2 6 17 1313 1463 1585 1794
5910 4 2 6 17 896 1385 1701 1746
5911 4 2 6 17 1008 474 466 1808
5912 4 2 6 17 1528 1368 1654 1850
5913 4 2 6 17 1485 1608 1386 1909
5914 4 2 6 17 567 1435 1704 1780
5915 4 2 6 17 1350 1488 1417 1832
5916 4 2 6 17 1214 1409 1597 1689
5917 4 2 6 17 1380 1313 1657 1712
5918 4 2 6 17 1080 1493 933 1666
5919 4 2 6 17 1047 1428 944 1820
5920 4 2 6 17 864 868 1650 1742
5921 4 2 6 17 1745 1835 932 1867
5922 4 2 6 17 1312 1567 1610 1765
5923 4 2 6 17 1181 1164 1178 1782
5924 4 2 6 17 1486 1800 1405 1903
5925 4 2 6 17 1384 1629 1652 1840
5926 4 2 6 17 577 889 578 1770
5927 4 2 6 17 816 727 1016 1429
5928 4 2 6 17 1349 1628 1712 1855
5929 4 2 6 17 442 441 1763 1856
5930 4 2 6 17 1412 1730 481 1824
5931 4 2 6 17 701 850 1493 1936
5932 4 2 6 17 1269 1502 1588 1624
5933 4 2 6 17 508 649 964 1660
5934 4 2 6 17 1516 1679 1342 1834
5935 4 2 6 17 1048 1716 1428 1880
5936 4 2 6 17 1415 1580 1303 1690
5937 4 2 6 17 767 1846 1762 1879
5938 4 2 6 17 883 1536 882 1879
5939 4 2 6 17 593 1385 896 1746
5940 4 2 6 17 1071 1118 1072 1591
5941 4 2 6 17 447 1775 1443 1925
5942 4 2 6 17 944 1110 1820 1919
5943 4 2 6 17 439 426 513 1405
5944 4 2 6 17 1422 1328 1540 1780
5945 4 2 6 17 197 198 539 1748
5946 4 2 6 17 581 579 580 1506
5947 4 2 6 17 1053 1052 1059 1613
5948 4 2 6 17 846 1475 1158 1869
5949 4 2 6 17 1276 1596 1832 1901
5950 4 2 6 17 1470 1368 1779 1894
5951 4 2 6 17 1526 1558 1335 1865
5952 4 2 6 17 1559 1710 1263 1839
5953 4 2 6 17 1151 1153 1434 1869
5954 4 2 6 17 1306 1401 1728 1871
5955 4 2 6 17 431 1704 1478 1785
5956 4 2 6 17 1311 1504 1421 1826
5957 4 2 6 17 891 1845 1530 1859
5958 4 2 6 17 1306 1728 1401 1735
5959 4 2 6 17 1335 1615 1526 1865
5960 4 2 6 17 831 1462 1692 1790
5961 4 2 6 17 1133 1817 1475 1913
5962 4 2 6 17 1284 1469 1658 1685
5963 4 2 6 17 789 1119 1400 1885
5964 4 2 6 17 1298 1405 1643 1841
5965 4 2 6 17 1324 1510 1557 1935
5966 4 2 6 17 700 1845 891 1859
5967 4 2 6 17 886 1421 942 1761
5968 4 2 6 17 919 1701 622 1753
5969 4 2 6 17 1026 1413 1017 1745
5970 4 2 6 17 1397 1661 1589 1821
5971 4 2 6 17 999 998 1621 1639
5972 4 2 6 17 184 1687 646 1814
5973 4 2 6 17 860 934 933 1928
5974 4 2 6 17 1184 1796 1208 1881
5975 4 2 6 17 1333 1592 1450 1831
5976 4 2 6 17 747 1731 832 1790
5977 4 2 6 17 1291 1788 1465 1891
5978 4 2 6 17 1367 1419 1525 1886
5979 4 2 6 17 1310 1515 1431 1753
5980 4 2 6 17 1264 1638 1449 1684
5981 4 2 6 17 938 1446 936 1745
5982 4 2 6 17 1323 1558 1526 1865
5983 4 2 6 17 1532 1614 1319 1902
5984 4 2 6 17 1323 1653 1518 1669
5985 4 2 6 17 1545 1678 1381 1789
5986 4 2 6 17 1502 1705 1171 1727
5987 4 2 6 17 1047 1820 1522 1880
5988 4 2 6 17 1400 1714 1492 1877
5989 4 2 6 17 1451 1333 1831 1863
5990 4 2 6 17 1410 1339 1628 1829
5991 4 2 6 17 1525 1419 1678 1886
5992 4 2 6 17 1471 1588 1269 1862
5993 4 2 6 17 1293 1520 1801 1882
5994 4 2 6 17 775 773 971 1758
5995 4 2 6 17 619 618 601 1545
5996 4 2 6 17 736 1530 738 1787
5997 4 2 6 17 1405 1800 1486 1841
5998 4 2 6 17 1456 1482 1384 1927
5999 4 2 6 17 727 725 1657 1917
6000 4 2 6 17 667 1639 1729 1838
6001 4 2 6 17 1307 1487 1531 1733
6002 4 2 6 17 1288 1496 1538 1723
6003 4 2 6 17 195 194 1506 1570
6004 4 2 6 17 1553 1697 1423 1930
6005 4 2 6 17 185 926 1580 1687
6006 4 2 6 17 1430 1660 1373 1847
6007 4 2 6 17 1303 1620 1580 1852
6008 4 2 6 17 798 1451 889 1831
6009 4 2 6 17 999 1001 1639 1664
6010 4 2 6 17 1784 1806 1623 1830
6011 4 2 6 17 1321 1536 1494 1685
6012 4 2 6 17 663 664 1817 1913
6013 4 2 6 17 866 864 865 1742
6014 4 2 6 17 1451 1743 1582 1808
6015 4 2 6 17 1444 1686 1325 1738
6016 4 2 6 17 1569 1827 1427 1887
6017 4 2 6 17 425 1473 424 1838
6018 4 2 6 17 1367 1764 1886 1891
6019 4 2 6 17 1392 1554 1499 1900
6020 4 2 6 17 793 794 795 1863
6021 4 2 6 17 972 1108 988 1433
6022 4 2 6 17 584 1453 551 1748
6023 4 2 6 17 501 1674 500 1690
6024 4 2 6 17 797 1582 798 1863
6025 4 2 6 17 944 1820 1428 1919
6026 4 2 6 17 848 1798 1439 1904
6027 4 2 6 17 1614 1626 1319 1902
6028 4 2 6 17 1420 1724 1626 1902
6029 4 2 6 17 1299 1760 1718 1899
6030 4 2 6 17 1505 1402 1818 1884
6031 4 2 6 17 1202 1171 1502 1705
6032 4 2 6 17 526 805 1637 1851
6033 4 2 6 17 1033 741 1606 1702
6034 4 2 6 17 1289 1589 1514 1789
6035 4 2 6 17 429 1416 1107 1704
6036 4 2 6 17 1103 1716 1104 1880
6037 4 2 6 17 1499 1721 1191 1900
6038 4 2 6 17 1095 1024 1621 1762
6039 4 2 6 17 1465 1661 1367 1788
6040 4 2 6 17 1288 1410 1628 1855
6041 4 2 6 17 1378 1705 1502 1727
6042 4 2 6 17 1305 1679 1403 1767
6043 4 2 6 17 884 443 445 1783
6044 4 2 6 17 1400 1399 1714 1877
6045 4 2 6 17 780 1577 782 1842
6046 4 2 6 17 571 574 572 1754
6047 4 2 6 17 1419 1550 1289 1886
6048 4 2 6 17 1387 1576 1455 1799
6049 4 2 6 17 1056 1057 458 1606
6050 4 2 6 17 709 1835 1420 1867
6051 4 2 6 17 1454 1633 1308 1768
6052 4 2 6 17 1307 1733 1531 1776
6053 4 2 6 17 1172 1561 1170 1727
6054 4 2 6 17 506 1543 507 1686
6055 4 2 6 17 1490 1710 1391 1839
6056 4 2 6 17 633 1789 634 1821
6057 4 2 6 17 1196 1221 1485 1909
6058 4 2 6 17 1075 1053 1059 1719
6059 4 2 6 17 1378 1561 1848 1866
6060 4 2 6 17 1432 1639 545 1838
6061 4 2 6 17 602 603 601 1545
6062 4 2 6 17 1303 1440 1674 1854
6063 4 2 6 17 976 780 1453 1911
6064 4 2 6 17 1330 1656 1425 1782
6065 4 2 6 17 1437 1617 1351 1888
6066 4 2 6 17 871 1539 739 1812
6067 4 2 6 17 946 927 1415 1908
6068 4 2 6 17 1714 1817 1492 1877
6069 4 2 6 17 1010 889 798 1451
6070 4 2 6 17 992 1036 838 1468
6071 4 2 6 17 1214 1597 1409 1914
6072 4 2 6 17 1294 1567 1466 1827
6073 4 2 6 17 1634 1723 1363 1801
6074 4 2 6 17 1117 571 573 1461
6075 4 2 6 17 879 1682 427 1750
6076 4 2 6 17 1324 1720 1804 1806
6077 4 2 6 17 870 1459 842 1793
6078 4 2 6 17 768 1427 1114 1611
6079 4 2 6 17 1215 1181 1566 1782
6080 4 2 6 17 645 969 646 1758
6081 4 2 6 17 1367 1661 1465 1886
6082 4 2 6 17 1366 1584 1710 1775
6083 4 2 6 17 1407 1547 1505 1926
6084 4 2 6 17 1305 1403 1679 1693
6085 4 2 6 17 1431 1532 1310 1753
6086 4 2 6 17 731 1740 1433 1930
6087 4 2 6 17 1032 1634 518 1702
6088 4 2 6 17 966 705 967 1553
6089 4 2 6 17 1284 1685 1658 1868
6090 4 2 6 17 1572 1798 1404 1904
6091 4 2 6 17 564 823 1563 1670
6092 4 2 6 17 739 871 875 1539
6093 4 2 6 17 202 1209 201 1888
6094 4 2 6 17 1609 1625 1342 1907
6095 4 2 6 17 778 643 776 1650
6096 4 2 6 17 1435 1780 1540 1915
6097 4 2 6 17 1296 1610 1652 1765
6098 4 2 6 17 1289 1589 1397 1661
6099 4 2 6 17 1285 1420 1626 1902
6100 4 2 6 17 827 1418 808 1825
6101 4 2 6 17 497 1598 495 1876
6102 4 2 6 17 1316 1779 1764 1898
6103 4 2 6 17 837 838 681 1483
6104 4 2 6 17 745 861 1823 1920
6105 4 2 6 17 769 768 812 1846
6106 4 2 6 17 1353 1473 1813 1868
6107 4 2 6 17 1469 1685 1284 1840
6108 4 2 6 17 1351 1617 1449 1694
6109 4 2 6 17 1297 1625 1609 1907
6110 4 2 6 17 1275 1542 1646 1849
6111 4 2 6 17 1209 1618 201 1888
6112 4 2 6 17 997 886 487 1523
6113 4 2 6 17 1181 1607 1566 1782
6114 4 2 6 17 693 1162 1089 1585
6115 4 2 6 17 1299 1574 1718 1760
6116 4 2 6 17 202 1617 1437 1888
6117 4 2 6 17 431 429 1704 1785
6118 4 2 6 17 779 1575 1476 1837
6119 4 2 6 17 597 1398 887 1783
6120 4 2 6 17 1214 1215 1566 1689
6121 4 2 6 17 471 472 473 1408
6122 4 2 6 17 768 1611 812 1846
6123 4 2 6 17 1522 1820 1428 1880
6124 4 2 6 17 837 1483 654 1791
6125 4 2 6 17 1310 1518 1653 1669
6126 4 2 6 17 1211 1185 1199 1927
6127 4 2 6 17 1193 1192 1390 1764
6128 4 2 6 17 859 1750 1464 1823
6129 4 2 6 17 549 852 851 1928
6130 4 2 6 17 452 1513 458 1606
6131 4 2 6 17 1618 1796 1331 1888
6132 4 2 6 17 1347 1674 1440 1681
6133 4 2 6 17 873 770 1494 1676
6134 4 2 6 17 1319 1626 1614 1756
6135 4 2 6 17 1293 1529 1634 1641
6136 4 2 6 17 1384 1652 1469 1840
6137 4 2 6 17 882 1846 767 1879
6138 4 2 6 17 1454 1712 1380 1893
6139 4 2 6 17 1370 1508 1479 1830
6140 4 2 6 17 1718 1760 1372 1899
6141 4 2 6 17 1274 1614 1438 1677
6142 4 2 6 17 1099 1142 949 1478
6143 4 2 6 17 1330 1425 1535 1883
6144 4 2 6 17 1041 504 1040 1919
6145 4 2 6 17 969 645 970 1758
6146 4 2 6 17 908 1591 671 1781
6147 4 2 6 17 450 741 743 1717
6148 4 2 6 17 1501 1680 1336 1814
6149 4 2 6 17 1366 1775 764 1925
6150 4 2 6 17 787 539 541 1388
6151 4 2 6 17 727 715 986 1657
6152 4 2 6 17 640 639 820 1664
6153 4 2 6 17 944 1048 505 1428
6154 4 2 6 17 1267 1655 1759 1915
6155 4 2 6 17 1298 1643 1405 1682
6156 4 2 6 17 1467 1338 1862 1892
6157 4 2 6 17 637 1889 909 1918
6158 4 2 6 17 1107 928 1106 1777
6159 4 2 6 17 452 451 1513 1717
6160 4 2 6 17 1085 1491 1083 1732
6161 4 2 6 17 1438 1274 1677 1864
6162 4 2 6 17 1215 1163 1782 1836
6163 4 2 6 17 27 1414 198 1842
6164 4 2 6 17 1426 1626 1581 1929
6165 4 2 6 17 736 1445 923 1787
6166 4 2 6 17 1297 1696 1625 1907
6167 4 2 6 17 495 983 1504 1808
6168 4 2 6 17 828 730 488 1673
6169 4 2 6 17 1486 1405 1841 1903
6170 4 2 6 17 1119 1877 1400 1885
6171 4 2 6 17 440 1695 1548 1856
6172 4 2 6 17 834 653 652 1791
6173 4 2 6 17 946 1687 184 1814
6174 4 2 6 17 1413 1581 1301 1747
6175 4 2 6 17 974 1134 1050 1446
6176 4 2 6 17 1198 1180 199 1894
6177 4 2 6 17 1282 1510 1720 1935
6178 4 2 6 17 988 989 987 1497
6179 4 2 6 17 1048 944 1047 1428
6180 4 2 6 17 858 925 1105 1604
6181 4 2 6 17 1051 1770 1450 1831
6182 4 2 6 17 863 899 472 1692
6183 4 2 6 17 1039 1477 958 1746
6184 4 2 6 17 907 1136 1498 1695
6185 4 2 6 17 1366 1757 764 1775
6186 4 2 6 17 1514 1589 1289 1798
6187 4 2 6 17 1288 1538 1410 1855
6188 4 2 6 17 740 1555 746 1823
6189 4 2 6 17 1302 1720 1663 1806
6190 4 2 6 17 548 523 525 1700
6191 4 2 6 17 1281 1587 1517 1858
6192 4 2 6 17 1673 1761 467 1826
6193 4 2 6 17 1046 615 868 1742
6194 4 2 6 17 1458 1675 1376 1828
6195 4 2 6 17 731 733 1433 1740
6196 4 2 6 17 1289 1661 1678 1886
6197 4 2 6 17 431 1478 1146 1785
6198 4 2 6 17 1507 1643 1346 1841
6199 4 2 6 17 655 881 656 1798
6200 4 2 6 17 718 819 894 1548
6201 4 2 6 17 732 878 1439 1740
6202 4 2 6 17 1800 1874 1405 1903
6203 4 2 6 17 1215 1499 1191 1836
6204 4 2 6 17 1298 1507 1552 1811
6205 4 2 6 17 1366 1757 1710 1890
6206 4 2 6 17 1321 1536 1432 1879
6207 4 2 6 17 1434 1590 1389 1809
6208 4 2 6 17 543 808 827 1418
6209 4 2 6 17 1324 1623 1806 1830
6210 4 2 6 17 1157 1414 27 1870
6211 4 2 6 17 1298 1643 1507 1841
6212 4 2 6 17 1263 1710 1490 1839
6213 4 2 6 17 464 1448 463 1725
6214 4 2 6 17 1626 1724 1319 1902
6215 4 2 6 17 896 593 600 1385
6216 4 2 6 17 1213 1828 1675 1894
6217 4 2 6 17 1295 1479 1453 1671
6218 4 2 6 17 565 822 825 1435
6219 4 2 6 17 551 584 976 1453
6220 4 2 6 17 745 1823 1555 1920
6221 4 2 6 17 1467 1613 1471 1916
6222 4 2 6 17 526 527 528 1457
6223 4 2 6 17 1455 1797 1568 1881
6224 4 2 6 17 1365 1455 1576 1722
6225 4 2 6 17 472 473 1408 1773
6226 4 2 6 17 1289 1798 1589 1897
6227 4 2 6 17 1364 1412 1786 1824
6228 4 2 6 17 833 486 481 1824
6229 4 2 6 17 830 993 1731 1790
6230 4 2 6 17 199 1180 30 1654
6231 4 2 6 17 1027 1670 792 1816
6232 4 2 6 17 934 1666 933 1928
6233 4 2 6 17 1179 1533 1164 1656
6234 4 2 6 17 1397 1289 1661 1678
6235 4 2 6 17 1087 796 581 1506
6236 4 2 6 17 1344 1581 1420 1835
6237 4 2 6 17 1541 1585 1463 1794
6238 4 2 6 17 1710 1757 1327 1890
6239 4 2 6 17 806 974 804 1776
6240 4 2 6 17 1267 1655 1458 1759
6241 4 2 6 17 1426 1561 1378 1727
6242 4 2 6 17 823 565 564 1563
6243 4 2 6 17 1432 1621 1321 1879
6244 4 2 6 17 449 448 1717 1925
6245 4 2 6 17 1438 1614 1356 1677
6246 4 2 6 17 1134 814 813 1611
6247 4 2 6 17 1371 1623 1616 1741
6248 4 2 6 17 788 1507 598 1643
6249 4 2 6 17 885 1484 652 1802
6250 4 2 6 17 1324 1806 1804 1830
6251 4 2 6 17 1022 677 996 1674
6252 4 2 6 17 1301 1581 1420 1626
6253 4 2 6 17 964 1503 1660 1766
6254 4 2 6 17 1442 1582 1311 1673
6255 4 2 6 17 201 1618 1182 1828
6256 4 2 6 17 751 1730 834 1824
6257 4 2 6 17 625 1599 1816 1822
6258 4 2 6 17 1448 1725 464 1825
6259 4 2 6 17 460 1707 1889 1896
6260 4 2 6 17 1525 1696 1326 1752
6261 4 2 6 17 1358 1567 1684 1765
6262 4 2 6 17 1421 1504 1306 1876
6263 4 2 6 17 623 896 600 1385
6264 4 2 6 17 1421 1593 1311 1861
6265 4 2 6 17 200 1213 199 1489
6266 4 2 6 17 740 1812 1555 1823
6267 4 2 6 17 1358 1610 1567 1765
6268 4 2 6 17 1284 1658 1469 1840
6269 4 2 6 17 872 853 876 1793
6270 4 2 6 17 1024 1025 1413 1762
6271 4 2 6 17 1275 1444 1524 1849
6272 4 2 6 17 946 1415 1814 1908
6273 4 2 6 17 525 522 852 1700
6274 4 2 6 17 1451 1743 1276 1901
6275 4 2 6 17 1296 1610 1469 1652
6276 4 2 6 17 1290 1547 1659 1926
6277 4 2 6 17 1216 1558 1169 1939
6278 4 2 6 17 555 554 710 1505
6279 4 2 6 17 1528 1654 1482 1860
6280 4 2 6 17 621 1436 639 1703
6281 4 2 6 17 441 440 907 1695
6282 4 2 6 17 801 757 799 1466
6283 4 2 6 17 1076 981 811 1575
6284 4 2 6 17 1275 1614 1756 1938
6285 4 2 6 17 513 975 631 1643
6286 4 2 6 17 1126 1589 634 1789
6287 4 2 6 17 1273 1464 1829 1905
6288 4 2 6 17 1028 1441 1687 1847
6289 4 2 6 17 1447 1803 1013 1918
6290 4 2 6 17 1442 1506 1333 1863
6291 4 2 6 17 1419 1622 1516 1898
6292 4 2 6 17 1120 672 1492 1885
6293 4 2 6 17 1368 1489 1579 1937
6294 4 2 6 17 654 652 653 1802
6295 4 2 6 17 1343 1577 1453 1842
6296 4 2 6 17 1189 1188 1190 1881
6297 4 2 6 17 623 896 1385 1701
6298 4 2 6 17 1132 1131 895 1472
6299 4 2 6 17 29 1623 203 1934
6300 4 2 6 17 922 1647 1577 1911
6301 4 2 6 17 1571 1786 1412 1824
6302 4 2 6 17 1598 1728 1401 1871
6303 4 2 6 17 525 852 549 1936
6304 4 2 6 17 744 1642 434 1812
6305 4 2 6 17 1170 1561 1426 1727
6306 4 2 6 17 1429 1585 1313 1657
6307 4 2 6 17 1214 1409 1689 1914
6308 4 2 6 17 1459 1642 1380 1893
6309 4 2 6 17 857 1682 1612 1750
6310 4 2 6 17 1210 1603 1176 1860
6311 4 2 6 17 1105 438 859 1823
6312 4 2 6 17 1025 1026 1024 1413
6313 4 2 6 17 186 503 502 1580
6314 4 2 6 17 899 1462 1061 1773
6315 4 2 6 17 557 1049 1154 1884
6316 4 2 6 17 733 731 1433 1930
6317 4 2 6 17 944 1428 505 1919
6318 4 2 6 17 848 732 878 1439
6319 4 2 6 17 1388 1584 1490 1804
6320 4 2 6 17 946 927 926 1415
6321 4 2 6 17 1286 1627 1495 1765
6322 4 2 6 17 1103 1104 1128 1880
6323 4 2 6 17 1447 1531 1344 1918
6324 4 2 6 17 1613 1719 1467 1890
6325 4 2 6 17 535 1432 545 1838
6326 4 2 6 17 1315 1692 1564 1793
6327 4 2 6 17 1531 1307 1776 1851
6328 4 2 6 17 990 993 991 1731
6329 4 2 6 17 1528 1649 1368 1850
6330 4 2 6 17 1615 1667 1394 1862
6331 4 2 6 17 183 184 646 1814
6332 4 2 6 17 1066 839 534 1473
6333 4 2 6 17 1348 1629 1469 1795
6334 4 2 6 17 1176 1482 199 1860
6335 4 2 6 17 1316 1654 1390 1764
6336 4 2 6 17 1079 1467 1053 1757
6337 4 2 6 17 673 1030 669 1555
6338 4 2 6 17 565 1435 567 1780
6339 4 2 6 17 1013 909 1014 1447
6340 4 2 6 17 1105 1464 859 1750
6341 4 2 6 17 514 513 1405 1698
6342 4 2 6 17 1469 1652 1629 1840
6343 4 2 6 17 1389 1434 1833 1869
6344 4 2 6 17 1315 1651 1564 1692
6345 4 2 6 17 760 1161 448 1443
6346 4 2 6 17 1024 1081 1621 1867
6347 4 2 6 17 1050 813 1114 1611
6348 4 2 6 17 665 1639 1436 1729
6349 4 2 6 17 897 708 1431 1724
6350 4 2 6 17 1423 657 1778 1930
6351 4 2 6 17 760 1161 1443 1870
6352 4 2 6 17 1089 1088 693 1585
6353 4 2 6 17 1524 1703 1379 1938
6354 4 2 6 17 1435 1563 1401 1767
6355 4 2 6 17 1317 1559 1474 1882
6356 4 2 6 17 1425 1317 1656 1882
6357 4 2 6 17 902 1563 823 1670
6358 4 2 6 17 1732 1744 1491 1922
6359 4 2 6 17 1540 1780 1328 1915
6360 4 2 6 17 1275 1436 1849 1938
6361 4 2 6 17 726 1112 619 1599
6362 4 2 6 17 635 1149 633 1789
6363 4 2 6 17 1329 1698 1821 1903
6364 4 2 6 17 1499 1573 1349 1712
6365 4 2 6 17 948 982 1100 1401
6366 4 2 6 17 462 460 1707 1889
6367 4 2 6 17 771 762 766 1769
6368 4 2 6 17 1059 1613 1082 1719
6369 4 2 6 17 1372 1718 1574 1760
6370 4 2 6 17 787 1668 1388 1885
6371 4 2 6 17 1340 1722 1651 1858
6372 4 2 6 17 1026 1017 932 1745
6373 4 2 6 17 1604 1829 1464 1905
6374 4 2 6 17 1526 1653 1323 1669
6375 4 2 6 17 1558 1865 1323 1906
6376 4 2 6 17 516 515 433 1691
6377 4 2 6 17 1279 1872 1551 1937
6378 4 2 6 17 1120 1492 1877 1885
6379 4 2 6 17 1621 1639 1301 1664
6380 4 2 6 17 1462 1731 1340 1790
6381 4 2 6 17 895 1131 892 1472
6382 4 2 6 17 1410 1700 1339 1829
6383 4 2 6 17 1770 1831 1451 1901
6384 4 2 6 17 1396 1718 1372 1899
6385 4 2 6 17 1600 1614 1356 1819
6386 4 2 6 17 1426 1561 1170 1683
6387 4 2 6 17 487 1523 886 1761
6388 4 2 6 17 1473 1645 1353 1813
6389 4 2 6 17 526 1637 1726 1851
6390 4 2 6 17 689 1112 726 1599
6391 4 2 6 17 483 546 547 1444
6392 4 2 6 17 586 1451 1008 1808
6393 4 2 6 17 637 909 906 1918
6394 4 2 6 17 1352 1645 1473 1813
6395 4 2 6 17 527 720 528 1457
6396 4 2 6 17 704 647 699 1538
6397 4 2 6 17 1291 1486 1527 1841
6398 4 2 6 17 597 596 887 1398
6399 4 2 6 17 514 1405 426 1920
6400 4 2 6 17 1521 1440 1620 1854
6401 4 2 6 17 831 832 899 1462
6402 4 2 6 17 1000 599 865 1452
6403 4 2 6 17 768 1113 1427 1846
6404 4 2 6 17 1133 1475 1158 1913
6405 4 2 6 17 1444 1304 1602 1739
6406 4 2 6 17 1114 1113 1004 1427
6407 4 2 6 17 1735 1759 1347 1785
6408 4 2 6 17 1328 1778 1777 1780
6409 4 2 6 17 1526 1865 1615 1933
6410 4 2 6 17 1492 1714 1332 1817
6411 4 2 6 17 710 1505 554 1547
6412 4 2 6 17 752 754 755 1709
6413 4 2 6 17 742 518 1537 1702
6414 4 2 6 17 736 923 738 1530
6415 4 2 6 17 1202 1203 1557 1934
6416 4 2 6 17 1184 1182 1209 1796
6417 4 2 6 17 543 1418 544 1904
6418 4 2 6 17 1470 1516 1357 1894
6419 4 2 6 17 1441 1763 1296 1856
6420 4 2 6 17 940 1606 1034 1702
6421 4 2 6 17 736 923 1530 1787
6422 4 2 6 17 982 1598 1063 1728
6423 4 2 6 17 1509 1297 1599 1912
6424 4 2 6 17 1214 1689 1566 1914
6425 4 2 6 17 1465 1572 1316 1886
6426 4 2 6 17 1311 1396 1673 1861
6427 4 2 6 17 607 1715 1460 1923
6428 4 2 6 17 1293 1474 1559 1882
6429 4 2 6 17 1329 1880 1698 1903
6430 4 2 6 17 1719 1757 1467 1890
6431 4 2 6 17 1265 1445 1615 1933
6432 4 2 6 17 1313 1573 1712 1855
6433 4 2 6 17 1496 1360 1859 1895
6434 4 2 6 17 1186 1485 1221 1617
6435 4 2 6 17 919 1477 1039 1746
6436 4 2 6 17 1029 1441 1847 1856
6437 4 2 6 17 1094 1124 520 1537
6438 4 2 6 17 1406 1546 1672 1744
6439 4 2 6 17 1525 1597 1326 1622
6440 4 2 6 17 700 701 1845 1936
6441 4 2 6 17 1481 1527 1354 1677
6442 4 2 6 17 1041 1565 1110 1919
6443 4 2 6 17 1277 1463 1605 1794
6444 4 2 6 17 202 201 1617 1694
6445 4 2 6 17 1293 1535 1667 1882
6446 4 2 6 17 739 875 1067 1923
6447 4 2 6 17 1187 1196 1485 1866
6448 4 2 6 17 1220 1169 1216 1906
6449 4 2 6 17 578 1488 457 1770
6450 4 2 6 17 1407 1332 1619 1754
6451 4 2 6 17 1485 1866 1196 1909
6452 4 2 6 17 1267 1435 1767 1915
6453 4 2 6 17 1211 1840 1629 1927
6454 4 2 6 17 1370 1784 1623 1830
6455 4 2 6 17 194 1087 1506 1570
6456 4 2 6 17 199 1482 1199 1578
6457 4 2 6 17 189 190 978 1718
6458 4 2 6 17 1311 1593 1504 1743
6459 4 2 6 17 1193 30 1180 1654
6460 4 2 6 17 1270 1455 1722 1786
6461 4 2 6 17 462 1097 636 1644
6462 4 2 6 17 855 831 1692 1790
6463 4 2 6 17 1272 1562 1569 1887
6464 4 2 6 17 836 687 188 1521
6465 4 2 6 17 1642 1812 432 1823
6466 4 2 6 17 923 1737 1530 1787
6467 4 2 6 17 1312 1466 1567 1809
6468 4 2 6 17 1524 1819 1275 1938
6469 4 2 6 17 608 1067 1715 1923
6470 4 2 6 17 1512 1544 1306 1871
6471 4 2 6 17 570 457 578 1488
6472 4 2 6 17 1288 1535 1801 1883
6473 4 2 6 17 734 732 1086 1805
6474 4 2 6 17 435 1686 1448 1739
6475 4 2 6 17 546 550 547 1444
6476 4 2 6 17 1272 1887 1569 1931
6477 4 2 6 17 1278 1593 1421 1861
6478 4 2 6 17 659 1708 1423 1857
6479 4 2 6 17 1308 1642 1768 1823
6480 4 2 6 17 1743 1808 1504 1826
6481 4 2 6 17 1179 1164 1166 1656
6482 4 2 6 17 1408 1599 1382 1816
6483 4 2 6 17 743 1537 1124 1925
6484 4 2 6 17 1275 1849 1524 1938
6485 4 2 6 17 1524 1849 1436 1938
6486 4 2 6 17 1496 1723 1363 1859
6487 4 2 6 17 1124 1537 1094 1925
6488 4 2 6 17 27 1157 198 1414
6489 4 2 6 17 933 1666 1493 1928
6490 4 2 6 17 30 1654 1390 1860
6491 4 2 6 17 1367 1525 1661 1886
6492 4 2 6 17 714 477 1088 1706
6493 4 2 6 17 1383 1715 1397 1912
6494 4 2 6 17 977 1450 1051 1911
6495 4 2 6 17 1491 1732 1406 1744
6496 4 2 6 17 834 1484 884 1824
6497 4 2 6 17 203 1201 202 1437
6498 4 2 6 17 1298 1682 1405 1800
6499 4 2 6 17 643 1650 778 1703
6500 4 2 6 17 448 1443 930 1717
6501 4 2 6 17 1407 1659 1547 1926
6502 4 2 6 17 1211 1424 1840 1927
6503 4 2 6 17 1474 1755 1317 1882
6504 4 2 6 17 610 609 180 1594
6505 4 2 6 17 1382 1670 1601 1816
6506 4 2 6 17 1531 1733 1344 1776
6507 4 2 6 17 784 785 1726 1896
6508 4 2 6 17 829 1564 855 1793
6509 4 2 6 17 1157 539 198 1414
6510 4 2 6 17 1490 1720 1324 1935
6511 4 2 6 17 1374 1723 1634 1801
6512 4 2 6 17 1698 1874 1460 1903
6513 4 2 6 17 1314 1578 1551 1579
6514 4 2 6 17 1360 1711 1477 1845
6515 4 2 6 17 1295 1450 1596 1671
6516 4 2 6 17 795 794 797 1582
6517 4 2 6 17 659 1423 657 1778
6518 4 2 6 17 857 1612 860 1750
6519 4 2 6 17 700 553 1360 1859
6520 4 2 6 17 1153 994 952 1619
6521 4 2 6 17 1375 1494 1536 1685
6522 4 2 6 17 1349 1782 1566 1883
6523 4 2 6 17 509 1695 968 1856
6524 4 2 6 17 1301 1639 1436 1664
6525 4 2 6 17 570 578 587 1488
6526 4 2 6 17 1764 1886 1316 1898
6527 4 2 6 17 1314 1489 1578 1579
6528 4 2 6 17 1517 1587 1326 1696
6529 4 2 6 17 1309 1531 1447 1889
6530 4 2 6 17 880 1060 881 1716
6531 4 2 6 17 1616 1623 1167 1741
6532 4 2 6 17 1480 1631 1628 1883
6533 4 2 6 17 1286 1430 1627 1765
6534 4 2 6 17 1605 1855 1288 1883
6535 4 2 6 17 1081 1024 1026 1867
6536 4 2 6 17 991 992 990 1468
6537 4 2 6 17 849 192 193 1635
6538 4 2 6 17 435 1448 436 1739
6539 4 2 6 17 1219 1200 1211 1683
6540 4 2 6 17 587 596 597 1808
6541 4 2 6 17 545 1639 821 1838
6542 4 2 6 17 746 1555 745 1823
6543 4 2 6 17 1469 1658 1384 1840
6544 4 2 6 17 1293 1559 1520 1882
6545 4 2 6 17 1439 1572 1418 1904
6546 4 2 6 17 925 516 1105 1464
6547 4 2 6 17 1486 1800 1298 1841
6548 4 2 6 17 1212 1176 1210 1603
6549 4 2 6 17 526 1457 528 1726
6550 4 2 6 17 1201 203 1167 1623
6551 4 2 6 17 985 608 1067 1715
6552 4 2 6 17 1038 1062 659 1708
6553 4 2 6 17 621 665 639 1436
6554 4 2 6 17 990 1731 1468 1791
6555 4 2 6 17 1445 1737 923 1787
6556 4 2 6 17 1480 1330 1631 1883
6557 4 2 6 17 564 566 591 1422
6558 4 2 6 17 539 787 197 1668
6559 4 2 6 17 185 926 503 1580
6560 4 2 6 17 1070 181 613 1680
6561 4 2 6 17 624 777 627 1701
6562 4 2 6 17 1491 1647 1350 1672
6563 4 2 6 17 984 726 985 1509
6564 4 2 6 17 742 1537 743 1702
6565 4 2 6 17 1281 1429 1815 1844
6566 4 2 6 17 964 963 1503 1766
6567 4 2 6 17 971 970 537 1758
6568 4 2 6 17 589 625 792 1816
6569 4 2 6 17 187 1521 650 1660
6570 4 2 6 17 1153 955 1151 1434
6571 4 2 6 17 199 1489 1213 1894
6572 4 2 6 17 1551 1578 1384 1937
6573 4 2 6 17 1392 1573 1500 1836
6574 4 2 6 17 719 720 710 1547
6575 4 2 6 17 667 545 821 1838
6576 4 2 6 17 1301 1664 1420 1867
6577 4 2 6 17 1386 1866 1485 1909
6578 4 2 6 17 1448 1825 464 1941
6579 4 2 6 17 1578 1579 1489 1937
6580 4 2 6 17 520 1124 518 1537
6581 4 2 6 17 1432 1301 1621 1639
6582 4 2 6 17 679 678 1151 1869
6583 4 2 6 17 632 788 598 1643
6584 4 2 6 17 1140 773 1680 1758
6585 4 2 6 17 982 948 444 1571
6586 4 2 6 17 816 959 817 1932
6587 4 2 6 17 1532 1701 1310 1753
6588 4 2 6 17 1425 1801 1535 1883
6589 4 2 6 17 884 1484 885 1783
6590 4 2 6 17 1221 1186 1187 1485
6591 4 2 6 17 780 976 1453 1842
6592 4 2 6 17 1275 1819 1614 1938
6593 4 2 6 17 457 1488 570 1924
6594 4 2 6 17 1460 1821 1698 1903
6595 4 2 6 17 953 1141 572 1754
6596 4 2 6 17 1096 923 736 1445
6597 4 2 6 17 521 682 1634 1723
6598 4 2 6 17 1336 1579 1551 1872
6599 4 2 6 17 900 1159 948 1571
6600 4 2 6 17 1586 1623 1324 1830
6601 4 2 6 17 1414 1748 198 1842
6602 4 2 6 17 1026 1025 1017 1413
6603 4 2 6 17 1382 1601 1408 1816
6604 4 2 6 17 1042 506 1686 1919
6605 4 2 6 17 1565 1738 1325 1919
6606 4 2 6 17 645 644 1007 1441
6607 4 2 6 17 1551 1579 1578 1937
6608 4 2 6 17 468 1707 461 1896
6609 4 2 6 17 1431 1532 1319 1902
6610 4 2 6 17 1301 1413 1621 1867
6611 4 2 6 17 1367 1886 1465 1891
6612 4 2 6 17 1302 1592 1453 1671
6613 4 2 6 17 1267 1767 1540 1915
6614 4 2 6 17 1580 1620 1373 1852
6615 4 2 6 17 862 720 527 1884
6616 4 2 6 17 1313 1585 1429 1844
6617 4 2 6 17 1394 1755 1474 1882
6618 4 2 6 17 785 784 1726 1851
6619 4 2 6 17 1279 1774 1456 1810
6620 4 2 6 17 1267 1735 1544 1767
6621 4 2 6 17 1304 1739 1941 1942
6622 4 2 6 17 509 1847 1430 1856
6623 4 2 6 17 444 443 454 1783
6624 4 2 6 17 1379 1819 1524 1938
6625 4 2 6 17 489 487 488 1523
6626 4 2 6 17 1404 1572 1465 1897
6627 4 2 6 17 1342 1419 1609 1907
6628 4 2 6 17 1323 1669 1518 1843
6629 4 2 6 17 1317 1520 1559 1882
6630 4 2 6 17 721 874 883 1494
6631 4 2 6 17 1566 1689 1409 1914
6632 4 2 6 17 979 1522 1047 1820
6633 4 2 6 17 796 1442 793 1863
6634 4 2 6 17 1548 1695 1296 1856
6635 4 2 6 17 469 1471 470 1916
6636 4 2 6 17 180 613 181 1583
6637 4 2 6 17 1048 880 505 1716
6638 4 2 6 17 1325 1444 1602 1686
6639 4 2 6 17 529 657 1553 1778
6640 4 2 6 17 649 508 510 1660
6641 4 2 6 17 1290 1556 1659 1848
6642 4 2 6 17 1192 1174 1699 1764
6643 4 2 6 17 780 781 1577 1911
6644 4 2 6 17 1315 1587 1517 1696
6645 4 2 6 17 1197 1205 1206 1797
6646 4 2 6 17 1058 1088 479 1463
6647 4 2 6 17 748 834 751 1730
6648 4 2 6 17 1313 1605 1463 1794
6649 4 2 6 17 29 1586 1623 1934
6650 4 2 6 17 832 1462 831 1790
6651 4 2 6 17 913 1005 1807 1875
6652 4 2 6 17 1379 1614 1600 1819
6653 4 2 6 17 1044 1432 535 1879
6654 4 2 6 17 1455 1403 1693 1797
6655 4 2 6 17 919 896 622 1746
6656 4 2 6 17 1019 521 1634 1723
6657 4 2 6 17 1373 1687 1441 1847
6658 4 2 6 17 936 1745 1446 1776
6659 4 2 6 17 1551 1872 1579 1937
6660 4 2 6 17 1326 1587 1517 1721
6661 4 2 6 17 1009 467 794 1673
6662 4 2 6 17 614 1460 606 1821
6663 4 2 6 17 1505 1807 1407 1926
6664 4 2 6 17 1623 1741 1371 1784
6665 4 2 6 17 885 884 652 1484
6666 4 2 6 17 1197 1622 1175 1898
6667 4 2 6 17 1090 1599 689 1816
6668 4 2 6 17 729 192 730 1635
6669 4 2 6 17 1389 1590 1434 1869
6670 4 2 6 17 1098 1034 1057 1606
6671 4 2 6 17 560 557 1154 1875
6672 4 2 6 17 1307 1471 1726 1896
6673 4 2 6 17 470 1471 468 1726
6674 4 2 6 17 1263 1559 1508 1792
6675 4 2 6 17 1070 490 492 1501
6676 4 2 6 17 1100 949 948 1401
6677 4 2 6 17 1306 1728 1598 1871
6678 4 2 6 17 501 605 500 1674
6679 4 2 6 17 739 1555 1812 1923
6680 4 2 6 17 1283 1579 1489 1662
6681 4 2 6 17 1661 1788 1465 1897
6682 4 2 6 17 1133 994 1158 1475
6683 4 2 6 17 1481 1677 1354 1914
6684 4 2 6 17 801 1005 1002 1772
6685 4 2 6 17 1346 1643 1522 1841
6686 4 2 6 17 594 595 593 1507
6687 4 2 6 17 1199 1578 1482 1927
6688 4 2 6 17 1332 1608 1638 1714
6689 4 2 6 17 1296 1652 1627 1765
6690 4 2 6 17 1350 1672 1596 1832
6691 4 2 6 17 1461 1547 1407 1659
6692 4 2 6 17 1531 1851 945 1896
6693 4 2 6 17 909 637 1003 1889
6694 4 2 6 17 1465 1688 1291 1891
6695 4 2 6 17 1174 1481 1218 1699
6696 4 2 6 17 1263 1490 1804 1830
6697 4 2 6 17 1324 1804 1490 1830
6698 4 2 6 17 1160 646 969 1758
6699 4 2 6 17 30 1176 199 1860
6700 4 2 6 17 606 614 607 1460
6701 4 2 6 17 827 1725 1418 1825
6702 4 2 6 17 1419 1316 1886 1898
6703 4 2 6 17 1588 1615 1335 1862
6704 4 2 6 17 1073 1072 908 1591
6705 4 2 6 17 1544 1735 1401 1767
6706 4 2 6 17 829 1564 890 1790
6707 4 2 6 17 1379 1703 1650 1938
6708 4 2 6 17 1574 1718 844 1751
6709 4 2 6 17 672 1117 1120 1492
6710 4 2 6 17 1340 1554 1815 1922
6711 4 2 6 17 618 1599 625 1822
6712 4 2 6 17 983 1504 496 1876
6713 4 2 6 17 1117 1118 571 1461
6714 4 2 6 17 1339 1905 1604 1928
6715 4 2 6 17 607 673 669 1923
6716 4 2 6 17 1413 1835 1745 1867
6717 4 2 6 17 1190 1205 1183 1797
6718 4 2 6 17 1338 1667 1529 1737
6719 4 2 6 17 709 706 947 1867
6720 4 2 6 17 734 733 732 1805
6721 4 2 6 17 545 535 1044 1432
6722 4 2 6 17 1453 1577 1295 1911
6723 4 2 6 17 1337 1429 1632 1932
6724 4 2 6 17 1358 1495 1652 1765
6725 4 2 6 17 1540 1767 1435 1915
6726 4 2 6 17 527 526 973 1884
6727 4 2 6 17 785 1851 1726 1896
6728 4 2 6 17 1188 1206 1190 1568
6729 4 2 6 17 776 777 778 1650
6730 4 2 6 17 452 741 450 1717
6731 4 2 6 17 1135 602 989 1805
6732 4 2 6 17 598 1507 594 1612
6733 4 2 6 17 965 802 1148 1853
6734 4 2 6 17 973 526 1637 1884
6735 4 2 6 17 1555 1823 1361 1920
6736 4 2 6 17 1530 1737 1445 1787
6737 4 2 6 17 817 890 841 1917
6738 4 2 6 17 1001 820 1639 1664
6739 4 2 6 17 1365 1721 1517 1858
6740 4 2 6 17 999 1001 820 1639
6741 4 2 6 17 1044 1621 1432 1879
6742 4 2 6 17 818 840 839 1536
6743 4 2 6 17 1059 1052 470 1613
6744 4 2 6 17 697 698 647 1496
6745 4 2 6 17 1324 1720 1490 1804
6746 4 2 6 17 807 467 1761 1826
6747 4 2 6 17 946 926 184 1687
6748 4 2 6 17 1338 1641 1529 1892
6749 4 2 6 17 1470 1779 1516 1894
6750 4 2 6 17 1386 1659 1556 1848
6751 4 2 6 17 1389 1833 1475 1869
6752 4 2 6 17 1412 1364 1730 1824
6753 4 2 6 17 1324 1720 1806 1940
6754 4 2 6 17 1211 1212 1424 1927
6755 4 2 6 17 1107 1704 1416 1777
6756 4 2 6 17 1273 1480 1640 1905
6757 4 2 6 17 609 1069 613 1708
6758 4 2 6 17 1552 1612 1369 1666
6759 4 2 6 17 795 794 1582 1863
6760 4 2 6 17 854 842 1564 1793
6761 4 2 6 17 1397 1715 1545 1912
6762 4 2 6 17 1399 1635 1570 1749
6763 4 2 6 17 1359 1671 1663 1806
6764 4 2 6 17 684 519 521 1634
6765 4 2 6 17 1704 1777 737 1780
6766 4 2 6 17 1270 1693 1455 1786
6767 4 2 6 17 1305 1540 1679 1767
6768 4 2 6 17 1304 1941 1575 1942
6769 4 2 6 17 541 671 670 1781
6770 4 2 6 17 1474 1710 1559 1839
6771 4 2 6 17 1337 1632 1554 1922
6772 4 2 6 17 1399 1817 1714 1877
6773 4 2 6 17 1511 1600 1356 1819
6774 4 2 6 17 1077 1080 935 1746
6775 4 2 6 17 577 1770 1051 1831
6776 4 2 6 17 1408 1773 473 1816
6777 4 2 6 17 1298 1612 1507 1643
6778 4 2 6 17 673 607 614 1460
6779 4 2 6 17 898 872 1539 1793
6780 4 2 6 17 511 968 509 1695
6781 4 2 6 17 700 1360 553 1936
6782 4 2 6 17 1730 1731 748 1791
6783 4 2 6 17 1342 1622 1419 1907
6784 4 2 6 17 1520 1425 1801 1882
6785 4 2 6 17 1465 1886 1661 1897
6786 4 2 6 17 1320 1638 1608 1714
6787 4 2 6 17 1469 1610 1294 1795
6788 4 2 6 17 1054 1053 1079 1467
6789 4 2 6 17 796 729 793 1442
6790 4 2 6 17 1306 1709 1735 1736
6791 4 2 6 17 914 1707 461 1916
6792 4 2 6 17 1337 1744 1732 1922
6793 4 2 6 17 1186 1187 1485 1921
6794 4 2 6 17 1429 1585 1337 1844
6795 4 2 6 17 1384 1578 1482 1937
6796 4 2 6 17 1097 1096 735 1787
6797 4 2 6 17 1291 1699 1481 1891
6798 4 2 6 17 557 556 1505 1875
6799 4 2 6 17 760 448 447 1443
6800 4 2 6 17 1311 1761 1673 1826
6801 4 2 6 17 202 1437 1201 1888
6802 4 2 6 17 514 513 426 1405
6803 4 2 6 17 980 535 1536 1879
6804 4 2 6 17 543 827 544 1418
6805 4 2 6 17 807 886 942 1761
6806 4 2 6 17 1280 1491 1672 1744
6807 4 2 6 17 1410 1706 1313 1855
6808 4 2 6 17 1320 1485 1617 1909
6809 4 2 6 17 1627 1652 1495 1765
6810 4 2 6 17 1416 1759 1655 1915
6811 4 2 6 17 1314 1489 1579 1662
6812 4 2 6 17 435 436 437 1739
6813 4 2 6 17 702 774 779 1575
6814 4 2 6 17 1339 1631 1480 1873
6815 4 2 6 17 29 1194 1168 1586
6816 4 2 6 17 567 1704 737 1780
6817 4 2 6 17 195 196 789 1668
6818 4 2 6 17 1462 1340 1651 1790
6819 4 2 6 17 1490 1391 1710 1935
6820 4 2 6 17 457 1770 1488 1924
6821 4 2 6 17 1428 1565 1820 1943
6822 4 2 6 17 551 1453 976 1842
6823 4 2 6 17 961 1674 1022 1854
6824 4 2 6 17 1082 1059 532 1613
6825 4 2 6 17 1604 1700 1691 1829
6826 4 2 6 17 1023 458 459 1513
6827 4 2 6 17 498 500 961 1854
6828 4 2 6 17 1015 1102 916 1515
6829 4 2 6 17 784 1726 468 1896
6830 4 2 6 17 998 1044 999 1621
6831 4 2 6 17 1604 1691 1464 1829
6832 4 2 6 17 1098 1057 1058 1463
6833 4 2 6 17 1548 1296 1763 1856
6834 4 2 6 17 999 1621 1081 1867
6835 4 2 6 17 1007 1763 1441 1856
6836 4 2 6 17 1534 1631 1360 1873
6837 4 2 6 17 1527 1600 1291 1943
6838 4 2 6 17 1545 1599 1297 1912
6839 4 2 6 17 963 962 1574 1766
6840 4 2 6 17 691 1056 1023 1541
6841 4 2 6 17 1454 1768 1308 1893
6842 4 2 6 17 487 886 512 1761
6843 4 2 6 17 463 507 583 1725
6844 4 2 6 17 1301 1756 1542 1929
6845 4 2 6 17 1682 1800 1361 1920
6846 4 2 6 17 861 1750 859 1823
6847 4 2 6 17 764 558 1094 1925
6848 4 2 6 17 1080 851 933 1493
6849 4 2 6 17 779 775 536 1476
6850 4 2 6 17 445 834 884 1824
6851 4 2 6 17 1318 1569 1562 1887
6852 4 2 6 17 1090 1112 689 1599
6853 4 2 6 17 491 492 1501 1814
6854 4 2 6 17 1302 1804 1720 1806
6855 4 2 6 17 440 441 442 1856
6856 4 2 6 17 1542 1630 1301 1929
6857 4 2 6 17 1449 1485 1358 1921
6858 4 2 6 17 1035 1027 792 1816
6859 4 2 6 17 1370 1623 1586 1830
6860 4 2 6 17 958 696 701 1845
6861 4 2 6 17 650 1660 1521 1766
6862 4 2 6 17 1492 1817 674 1877
6863 4 2 6 17 1428 1820 1565 1919
6864 4 2 6 17 733 1433 1108 1930
6865 4 2 6 17 464 1725 888 1825
6866 4 2 6 17 606 1460 607 1715
6867 4 2 6 17 1033 940 741 1702
6868 4 2 6 17 1029 1441 1028 1847
6869 4 2 6 17 1324 1623 1586 1934
6870 4 2 6 17 1215 1191 1163 1836
6871 4 2 6 17 203 1557 1203 1934
6872 4 2 6 17 771 1097 762 1644
6873 4 2 6 17 1501 1708 490 1857
6874 4 2 6 17 1747 1762 1413 1931
6875 4 2 6 17 752 753 754 1709
6876 4 2 6 17 889 1010 586 1451
6877 4 2 6 17 1178 1164 1179 1533
6878 4 2 6 17 778 1650 1123 1703
6879 4 2 6 17 853 855 856 1793
6880 4 2 6 17 490 1501 1857 1908
6881 4 2 6 17 1308 1768 1642 1893
6882 4 2 6 17 1339 1873 1493 1936
6883 4 2 6 17 1732 1491 1910 1922
6884 4 2 6 17 436 1448 464 1941
6885 4 2 6 17 1307 1733 1637 1818
6886 4 2 6 17 195 194 1087 1506
6887 4 2 6 17 1346 1600 1565 1742
6888 4 2 6 17 1084 1085 1083 1732
6889 4 2 6 17 1438 1323 1653 1864
6890 4 2 6 17 656 1798 848 1904
6891 4 2 6 17 864 866 867 1742
6892 4 2 6 17 706 1664 1420 1724
6893 4 2 6 17 653 837 654 1791
6894 4 2 6 17 1362 1542 1756 1929
6895 4 2 6 17 1143 803 756 1853
6896 4 2 6 17 840 980 535 1536
6897 4 2 6 17 461 1707 460 1896
6898 4 2 6 17 490 1857 493 1908
6899 4 2 6 17 797 795 1582 1863
6900 4 2 6 17 619 1112 618 1599
6901 4 2 6 17 1298 1527 1486 1841
6902 4 2 6 17 1080 1666 935 1746
6903 4 2 6 17 737 1777 530 1780
6904 4 2 6 17 445 1571 833 1824
6905 4 2 6 17 1565 1600 1346 1943
6906 4 2 6 17 1339 1496 1873 1936
6907 4 2 6 17 500 1674 961 1854
6908 4 2 6 17 1875 1887 1341 1926
6909 4 2 6 17 621 666 665 1729
6910 4 2 6 17 1535 1667 1265 1895
6911 4 2 6 17 449 450 743 1717
6912 4 2 6 17 1642 1768 1380 1893
6913 4 2 6 17 1455 1576 1387 1881
6914 4 2 6 17 1313 1605 1573 1855
6915 4 2 6 17 1290 1505 1547 1926
6916 4 2 6 17 1328 1777 1655 1915
6917 4 2 6 17 936 1446 974 1776
6918 4 2 6 17 1488 1802 570 1924
6919 4 2 6 17 1163 1165 1164 1782
6920 4 2 6 17 471 863 472 1692
6921 4 2 6 17 1064 1103 634 1589
6922 4 2 6 17 436 463 464 1448
6923 4 2 6 17 1095 1621 1031 1762
6924 4 2 6 17 879 427 857 1750
6925 4 2 6 17 961 1022 835 1854
6926 4 2 6 17 975 1047 979 1522
6927 4 2 6 17 1126 634 633 1789
6928 4 2 6 17 918 627 897 1753
6929 4 2 6 17 508 964 1116 1503
6930 4 2 6 17 1519 1778 1423 1857
6931 4 2 6 17 1152 1158 845 1913
6932 4 2 6 17 1804 1806 1479 1830
6933 4 2 6 17 696 1477 694 1845
6934 4 2 6 17 584 585 977 1592
6935 4 2 6 17 994 1158 1475 1869
6936 4 2 6 17 890 960 993 1632
6937 4 2 6 17 455 681 911 1924
6938 4 2 6 17 1453 1592 1302 1748
6939 4 2 6 17 1059 1082 1074 1719
6940 4 2 6 17 802 965 679 1590
6941 4 2 6 17 1181 1214 1215 1566
6942 4 2 6 17 704 1538 476 1706
6943 4 2 6 17 1045 1075 1719 1757
6944 4 2 6 17 959 1632 817 1932
6945 4 2 6 17 767 1762 1031 1879
6946 4 2 6 17 1800 1874 1361 1920
6947 4 2 6 17 996 997 651 1681
6948 4 2 6 17 644 1028 1441 1687
6949 4 2 6 17 638 642 643 1724
6950 4 2 6 17 597 885 661 1802
6951 4 2 6 17 491 1814 1501 1908
6952 4 2 6 17 1309 1615 1445 1933
6953 4 2 6 17 1191 1836 1499 1900
6954 4 2 6 17 580 579 950 1592
6955 4 2 6 17 924 1604 858 1928
6956 4 2 6 17 1299 1751 1475 1913
6957 4 2 6 17 1168 1500 1195 1741
6958 4 2 6 17 1479 1806 1784 1830
6959 4 2 6 17 770 874 1494 1846
6960 4 2 6 17 625 1599 1090 1816
6961 4 2 6 17 1340 1815 1632 1922
6962 4 2 6 17 1289 1678 1419 1886
6963 4 2 6 17 431 1068 429 1785
6964 4 2 6 17 1128 1698 648 1821
6965 4 2 6 17 1282 1557 1510 1935
6966 4 2 6 17 864 868 869 1650
6967 4 2 6 17 1329 1428 1716 1880
6968 4 2 6 17 1360 1873 1496 1936
6969 4 2 6 17 1210 1177 1192 1699
6970 4 2 6 17 1007 1441 1029 1856
6971 4 2 6 17 797 474 1010 1582
6972 4 2 6 17 1083 1491 912 1910
6973 4 2 6 17 1397 1678 1545 1789
6974 4 2 6 17 1394 1862 1667 1892
6975 4 2 6 17 983 495 1504 1876
6976 4 2 6 17 927 928 1690 1908
6977 4 2 6 17 850 1080 958 1493
6978 4 2 6 17 432 1642 744 1812
6979 4 2 6 17 1472 1658 1375 1868
6980 4 2 6 17 1338 1667 1615 1862
6981 4 2 6 17 690 1732 1037 1932
6982 4 2 6 17 1013 1014 1015 1803
6983 4 2 6 17 793 729 1009 1673
6984 4 2 6 17 514 1030 673 1920
6985 4 2 6 17 863 831 899 1692
6986 4 2 6 17 908 1072 671 1591
6987 4 2 6 17 1564 1692 1651 1790
6988 4 2 6 17 703 1825 702 1941
6989 4 2 6 17 1311 1673 1582 1826
6990 4 2 6 17 657 1423 659 1930
6991 4 2 6 17 924 852 522 1604
6992 4 2 6 17 844 1574 978 1718
6993 4 2 6 17 1468 1340 1632 1922
6994 4 2 6 17 1595 1618 1351 1694
6995 4 2 6 17 1146 431 1099 1478
6996 4 2 6 17 616 1524 617 1738
6997 4 2 6 17 683 1530 738 1737
6998 4 2 6 17 1518 1653 1323 1864
6999 4 2 6 17 1305 1679 1540 1834
7000 4 2 6 17 506 505 1543 1919
7001 4 2 6 17 914 915 461 1707
7002 4 2 6 17 1301 1621 1664 1867
7003 4 2 6 17 1309 1447 1644 1889
7004 4 2 6 17 882 767 1031 1879
7005 4 2 6 17 892 819 895 1472
7006 4 2 6 17 1321 1762 1747 1931
7007 4 2 6 17 1337 1585 1429 1932
7008 4 2 6 17 1349 1573 1499 1836
7009 4 2 6 17 707 1803 709 1835
7010 4 2 6 17 202 1221 1203 1909
7011 4 2 6 17 708 918 1431 1803
7012 4 2 6 17 679 680 678 1869
7013 4 2 6 17 427 1682 857 1750
7014 4 2 6 17 945 1776 910 1851
7015 4 2 6 17 635 1130 1149 1715
7016 4 2 6 17 1468 1910 1491 1922
7017 4 2 6 17 1434 1619 1833 1869
7018 4 2 6 17 1148 1147 1116 1853
7019 4 2 6 17 1416 1655 1777 1915
7020 4 2 6 17 1324 1510 1720 1940
7021 4 2 6 17 1392 1499 1573 1836
7022 4 2 6 17 825 567 565 1435
7023 4 2 6 17 468 1726 1471 1896
7024 4 2 6 17 510 628 1660 1847
7025 4 2 6 17 1669 1865 1526 1933
7026 4 2 6 17 654 1802 1483 1924
7027 4 2 6 17 713 574 554 1547
7028 4 2 6 17 1216 1212 1210 1603
7029 4 2 6 17 733 988 1108 1433
7030 4 2 6 17 1480 1628 1339 1905
7031 4 2 6 17 828 467 1673 1761
7032 4 2 6 17 1421 1306 1709 1876
7033 4 2 6 17 1282 1720 1490 1935
7034 4 2 6 17 748 1730 749 1731
7035 4 2 6 17 1461 1659 1407 1754
7036 4 2 6 17 1168 1165 1195 1500
7037 4 2 6 17 179 180 702 1583
7038 4 2 6 17 1065 1514 847 1798
7039 4 2 6 17 498 1580 499 1690
7040 4 2 6 17 1332 1475 1638 1833
7041 4 2 6 17 200 1213 1489 1828
7042 4 2 6 17 544 1418 827 1725
7043 4 2 6 17 615 1565 1041 1738
7044 4 2 6 17 872 870 898 1539
7045 4 2 6 17 518 1124 742 1537
7046 4 2 6 17 1405 1874 1698 1903
7047 4 2 6 17 1290 1624 1457 1818
7048 4 2 6 17 935 1666 593 1746
7049 4 2 6 17 695 738 1530 1787
7050 4 2 6 17 1268 1752 1633 1874
7051 4 2 6 17 975 1047 1522 1880
7052 4 2 6 17 1364 1731 1730 1791
7053 4 2 6 17 1076 811 826 1575
7054 4 2 6 17 556 1807 1505 1875
7055 4 2 6 17 1085 911 912 1491
7056 4 2 6 17 1268 1460 1874 1903
7057 4 2 6 17 1182 1675 1183 1828
7058 4 2 6 17 873 941 770 1676
7059 4 2 6 17 1330 1782 1425 1883
7060 4 2 6 17 439 513 631 1643
7061 4 2 6 17 1361 1633 1555 1874
7062 4 2 6 17 993 830 890 1790
7063 4 2 6 17 1499 1836 1392 1900
7064 4 2 6 17 1199 199 1176 1482
7065 4 2 6 17 1213 1183 1675 1828
7066 4 2 6 17 695 738 891 1530
7067 4 2 6 17 1308 1587 1454 1893
7068 4 2 6 17 1313 1573 1605 1794
7069 4 2 6 17 1365 1721 1499 1900
7070 4 2 6 17 854 829 855 1793
7071 4 2 6 17 621 620 666 1524
7072 4 2 6 17 852 1604 924 1928
7073 4 2 6 17 448 449 447 1925
7074 4 2 6 17 688 984 876 1509
7075 4 2 6 17 1427 1676 1494 1846
7076 4 2 6 17 1160 1140 1680 1758
7077 4 2 6 17 658 1778 1519 1857
7078 4 2 6 17 1032 1019 521 1634
7079 4 2 6 17 29 203 1204 1934
7080 4 2 6 17 980 883 882 1879
7081 4 2 6 17 923 1445 915 1737
7082 4 2 6 17 1079 1094 1078 1641
7083 4 2 6 17 462 915 1096 1445
7084 4 2 6 17 1280 1491 1744 1922
7085 4 2 6 17 567 737 568 1780
7086 4 2 6 17 1090 625 1112 1599
7087 4 2 6 17 795 796 793 1863
7088 4 2 6 17 922 1577 781 1911
7089 4 2 6 17 1457 1637 1307 1726
7090 4 2 6 17 988 1433 733 1805
7091 4 2 6 17 1018 1538 698 1723
7092 4 2 6 17 849 1144 1635 1913
7093 4 2 6 17 565 567 568 1780
7094 4 2 6 17 945 1531 910 1776
7095 4 2 6 17 1273 1628 1480 1905
7096 4 2 6 17 685 698 697 1859
7097 4 2 6 17 1114 768 1113 1427
7098 4 2 6 17 465 1504 983 1826
7099 4 2 6 17 1033 452 458 1606
7100 4 2 6 17 830 1731 747 1790
7101 4 2 6 17 929 780 782 1842
7102 4 2 6 17 1202 1204 1203 1934
7103 4 2 6 17 1527 1291 1841 1943
7104 4 2 6 17 779 1476 536 1837
7105 4 2 6 17 1068 604 429 1785
7106 4 2 6 17 894 441 1548 1763
7107 4 2 6 17 1340 1651 1564 1858
7108 4 2 6 17 650 1521 188 1766
7109 4 2 6 17 449 743 1124 1925
7110 4 2 6 17 1121 1120 1117 1492
7111 4 2 6 17 742 1124 743 1537
7112 4 2 6 17 1281 1712 1454 1893
7113 4 2 6 17 544 1418 1725 1904
7114 4 2 6 17 851 933 1493 1928
7115 4 2 6 17 1482 1578 1384 1927
7116 4 2 6 17 1110 1565 1139 1820
7117 4 2 6 17 1366 1710 1474 1890
7118 4 2 6 17 497 494 1063 1876
7119 4 2 6 17 1339 1873 1480 1905
7120 4 2 6 17 959 1910 1632 1932
7121 4 2 6 17 950 1592 584 1748
7122 4 2 6 17 1347 1759 1674 1785
7123 4 2 6 17 1479 1804 1302 1806
7124 4 2 6 17 569 570 1802 1924
7125 4 2 6 17 1152 1133 1158 1913
7126 4 2 6 17 1275 1756 1436 1938
7127 4 2 6 17 486 833 1159 1571
7128 4 2 6 17 685 682 1021 1859
7129 4 2 6 17 1405 1800 1682 1920
7130 4 2 6 17 986 1089 1016 1585
7131 4 2 6 17 1416 1655 1519 1777
7132 4 2 6 17 1735 1736 1347 1759
7133 4 2 6 17 965 1116 963 1503
7134 4 2 6 17 1519 1655 1328 1777
7135 4 2 6 17 1058 1056 693 1541
7136 4 2 6 17 1198 1205 1516 1894
7137 4 2 6 17 1170 1426 1683 1939
7138 4 2 6 17 1478 1704 1435 1915
7139 4 2 6 17 981 723 811 1739
7140 4 2 6 17 1365 1568 1517 1721
7141 4 2 6 17 1085 921 922 1647
7142 4 2 6 17 1317 1559 1520 1878
7143 4 2 6 17 659 1778 658 1857
7144 4 2 6 17 690 693 691 1541
7145 4 2 6 17 874 873 770 1494
7146 4 2 6 17 1288 1628 1631 1883
7147 4 2 6 17 1346 1600 1527 1943
7148 4 2 6 17 1445 1615 1309 1707
7149 4 2 6 17 1522 1643 1405 1841
7150 4 2 6 17 1041 1110 504 1919
7151 4 2 6 17 1565 1600 1379 1742
7152 4 2 6 17 1083 1732 1491 1910
7153 4 2 6 17 1042 506 507 1686
7154 4 2 6 17 1126 1127 1065 1514
7155 4 2 6 17 1465 1788 1367 1891
7156 4 2 6 17 755 1681 995 1709
7157 4 2 6 17 976 781 780 1911
7158 4 2 6 17 1263 1584 1490 1710
7159 4 2 6 17 763 1045 908 1781
7160 4 2 6 17 1354 1607 1566 1914
7161 4 2 6 17 718 907 716 1548
7162 4 2 6 17 541 1781 539 1870
7163 4 2 6 17 812 768 1114 1611
7164 4 2 6 17 907 1136 716 1498
7165 4 2 6 17 1323 1669 1534 1865
7166 4 2 6 17 1186 1485 1617 1921
7167 4 2 6 17 1490 1720 1388 1804
7168 4 2 6 17 633 635 1789 1821
7169 4 2 6 17 1039 696 958 1477
7170 4 2 6 17 643 778 1123 1703
7171 4 2 6 17 1464 1750 1361 1823
7172 4 2 6 17 1003 771 1014 1644
7173 4 2 6 17 1536 1685 1284 1868
7174 4 2 6 17 804 526 805 1637
7175 4 2 6 17 1019 1020 1018 1723
7176 4 2 6 17 1198 1516 1779 1894
7177 4 2 6 17 1306 1735 1544 1736
7178 4 2 6 17 926 499 498 1580
7179 4 2 6 17 1377 1618 1595 1694
7180 4 2 6 17 1428 1688 1543 1919
7181 4 2 6 17 1106 1519 658 1778
7182 4 2 6 17 761 762 694 1769
7183 4 2 6 17 614 648 1698 1821
7184 4 2 6 17 1535 1801 1425 1882
7185 4 2 6 17 497 1063 1598 1876
7186 4 2 6 17 1175 1214 1597 1689
7187 4 2 6 17 1086 847 1065 1514
7188 4 2 6 17 897 776 708 1724
7189 4 2 6 17 1428 1325 1688 1919
7190 4 2 6 17 1493 1666 1369 1928
7191 4 2 6 17 1543 1688 1325 1919
7192 4 2 6 17 1326 1525 1622 1907
7193 4 2 6 17 842 841 1564 1917
7194 4 2 6 17 740 739 1555 1812
7195 4 2 6 17 1112 625 618 1599
7196 4 2 6 17 746 740 745 1555
7197 4 2 6 17 597 661 570 1802
7198 4 2 6 17 1450 1596 1671 1901
7199 4 2 6 17 529 657 705 1553
7200 4 2 6 17 1347 1735 1709 1736
7201 4 2 6 17 1311 1673 1761 1861
7202 4 2 6 17 197 1668 950 1748
7203 4 2 6 17 766 1102 771 1515
7204 4 2 6 17 1141 1619 575 1754
7205 4 2 6 17 1471 1707 1338 1916
7206 4 2 6 17 1374 1520 1605 1801
7207 4 2 6 17 1064 1065 847 1798
7208 4 2 6 17 1520 1425 1605 1801
7209 4 2 6 17 194 664 1570 1877
7210 4 2 6 17 695 1787 1530 1845
7211 4 2 6 17 1479 1784 1370 1830
7212 4 2 6 17 910 1776 1531 1918
7213 4 2 6 17 1298 1612 1643 1682
7214 4 2 6 17 1460 1715 606 1821
7215 4 2 6 17 1342 1679 1516 1797
7216 4 2 6 17 983 496 495 1876
7217 4 2 6 17 1151 678 1153 1869
7218 4 2 6 17 1122 924 858 1928
7219 4 2 6 17 617 1524 621 1703
7220 4 2 6 17 478 714 563 1706
7221 4 2 6 17 202 1617 1221 1909
7222 4 2 6 17 1405 1874 1800 1920
7223 4 2 6 17 899 832 1061 1462
7224 4 2 6 17 1181 1566 1607 1914
7225 4 2 6 17 1141 1145 575 1619
7226 4 2 6 17 594 598 595 1507
7227 4 2 6 17 553 1360 1859 1936
7228 4 2 6 17 1323 1534 1669 1843
7229 4 2 6 17 551 1748 1453 1842
7230 4 2 6 17 1454 1587 1281 1893
7231 4 2 6 17 1602 1739 1304 1942
7232 4 2 6 17 980 1536 883 1879
7233 4 2 6 17 191 1718 1635 1751
7234 4 2 6 17 897 708 918 1431
7235 4 2 6 17 694 696 761 1477
7236 4 2 6 17 843 1574 844 1751
7237 4 2 6 17 1319 1436 1756 1938
7238 4 2 6 17 1508 1559 1322 1792
7239 4 2 6 17 1120 1492 674 1877
7240 4 2 6 17 436 1739 1448 1941
7241 4 2 6 17 1088 1089 986 1585
7242 4 2 6 17 557 560 556 1875
7243 4 2 6 17 1281 1815 1554 1844
7244 4 2 6 17 1265 1530 1711 1895
7245 4 2 6 17 1398 1598 1783 1871
7246 4 2 6 17 1460 1397 1715 1821
7247 4 2 6 17 190 489 488 1718
7248 4 2 6 17 923 738 1530 1737
7249 4 2 6 17 1477 1669 1310 1769
7250 4 2 6 17 706 1664 947 1867
7251 4 2 6 17 992 991 1036 1468
7252 4 2 6 17 1111 1047 944 1820
7253 4 2 6 17 780 551 976 1842
7254 4 2 6 17 922 1093 1647 1911
7255 4 2 6 17 1360 1631 1534 1895
7256 4 2 6 17 1029 1007 1028 1441
7257 4 2 6 17 1127 1514 1126 1789
7258 4 2 6 17 1280 1744 1554 1922
7259 4 2 6 17 1101 995 1146 1709
7260 4 2 6 17 1448 1941 1739 1942
7261 4 2 6 17 1455 1693 1568 1797
7262 4 2 6 17 768 770 1113 1846
7263 4 2 6 17 1018 699 698 1538
7264 4 2 6 17 1474 1559 1317 1839
7265 4 2 6 17 1299 1635 1751 1913
7266 4 2 6 17 1611 1413 1762 1931
7267 4 2 6 17 424 1473 534 1838
7268 4 2 6 17 1397 1661 1525 1678
7269 4 2 6 17 1319 1703 1436 1938
7270 4 2 6 17 1582 1743 1311 1826
7271 4 2 6 17 684 521 682 1634
7272 4 2 6 17 690 691 692 1732
7273 4 2 6 17 1372 1760 1574 1766
7274 4 2 6 17 1448 1602 1262 1942
7275 4 2 6 17 540 1781 541 1870
7276 4 2 6 17 805 804 1637 1851
7277 4 2 6 17 916 1515 766 1753
7278 4 2 6 17 1269 1613 1467 1890
7279 4 2 6 17 750 611 612 1740
7280 4 2 6 17 1268 1486 1788 1903
7281 4 2 6 17 490 491 492 1501
7282 4 2 6 17 1150 1709 1728 1876
7283 4 2 6 17 695 1530 891 1845
7284 4 2 6 17 1031 1762 1621 1879
7285 4 2 6 17 997 755 886 1681
7286 4 2 6 17 489 651 487 1523
7287 4 2 6 17 794 474 1582 1826
7288 4 2 6 17 1434 1264 1771 1809
7289 4 2 6 17 1171 1172 1170 1727
7290 4 2 6 17 1359 1596 1671 1784
7291 4 2 6 17 1117 1072 1118 1591
7292 4 2 6 17 1395 1669 1477 1769
7293 4 2 6 17 906 910 945 1918
7294 4 2 6 17 1063 1728 1598 1876
7295 4 2 6 17 982 1063 1100 1728
7296 4 2 6 17 1307 1851 1531 1896
7297 4 2 6 17 810 1698 1128 1880
7298 4 2 6 17 1293 1529 1641 1892
7299 4 2 6 17 712 727 725 1657
7300 4 2 6 17 1667 1862 1338 1892
7301 4 2 6 17 1391 1710 1474 1839
7302 4 2 6 17 642 776 643 1724
7303 4 2 6 17 1324 1806 1623 1940
7304 4 2 6 17 1485 1221 1617 1909
7305 4 2 6 17 1059 470 532 1613
7306 4 2 6 17 1317 1755 1474 1839
7307 4 2 6 17 964 1660 650 1766
7308 4 2 6 17 1095 1031 1024 1762
7309 4 2 6 17 798 1831 582 1863
7310 4 2 6 17 1617 1694 1186 1921
7311 4 2 6 17 466 465 983 1826
7312 4 2 6 17 628 187 650 1660
7313 4 2 6 17 1338 1615 1445 1707
7314 4 2 6 17 436 435 463 1448
7315 4 2 6 17 801 759 757 1466
7316 4 2 6 17 801 799 800 1772
7317 4 2 6 17 651 997 487 1523
7318 4 2 6 17 530 1777 531 1778
7319 4 2 6 17 1268 1633 1800 1874
7320 4 2 6 17 519 518 521 1634
7321 4 2 6 17 785 945 1851 1896
7322 4 2 6 17 938 936 937 1745
7323 4 2 6 17 786 506 505 1543
7324 4 2 6 17 1031 1621 1095 1879
7325 4 2 6 17 464 463 888 1725
7326 4 2 6 17 847 1514 1086 1798
7327 4 2 6 17 854 1564 829 1793
7328 4 2 6 17 431 1142 1099 1478
7329 4 2 6 17 1293 1667 1529 1892
7330 4 2 6 17 498 499 500 1690
7331 4 2 6 17 521 1021 682 1723
7332 4 2 6 17 1091 1529 686 1737
7333 4 2 6 17 1477 1669 1395 1711
7334 4 2 6 17 1340 1815 1554 1858
7335 4 2 6 17 620 617 616 1524
7336 4 2 6 17 638 643 641 1703
7337 4 2 6 17 658 1519 1109 1857
7338 4 2 6 17 663 664 662 1817
7339 4 2 6 17 441 907 718 1548
7340 4 2 6 17 1034 1032 940 1702
7341 4 2 6 17 1425 1656 1535 1882
7342 4 2 6 17 877 782 783 1577
7343 4 2 6 17 657 705 1553 1930
7344 4 2 6 17 942 465 807 1826
7345 4 2 6 17 638 1664 706 1724
7346 4 2 6 17 1340 1564 1815 1858
7347 4 2 6 17 1394 1882 1474 1892
7348 4 2 6 17 1166 1164 1165 1656
7349 4 2 6 17 972 967 705 1553
7350 4 2 6 17 1777 1780 1704 1915
7351 4 2 6 17 917 919 1753 1769
7352 4 2 6 17 1214 1566 1181 1914
7353 4 2 6 17 761 1477 919 1769
7354 4 2 6 17 1187 1186 1185 1921
7355 4 2 6 17 491 1501 490 1908
7356 4 2 6 17 553 697 1496 1859
7357 4 2 6 17 1197 1175 1173 1898
7358 4 2 6 17 1333 1831 1450 1901
7359 4 2 6 17 1264 1809 1434 1833
7360 4 2 6 17 974 936 1134 1446
7361 4 2 6 17 187 836 1521 1854
7362 4 2 6 17 1307 1726 1851 1896
7363 4 2 6 17 830 747 832 1790
7364 4 2 6 17 1333 1451 1831 1901
7365 4 2 6 17 1089 1585 1162 1932
7366 4 2 6 17 697 553 1496 1936
7367 4 2 6 17 1304 1575 1774 1942
7368 4 2 6 17 191 1635 1144 1751
7369 4 2 6 17 1771 1772 1434 1809
7370 4 2 6 17 1037 1732 1910 1932
7371 4 2 6 17 822 565 823 1563
7372 4 2 6 17 1001 947 1664 1867
7373 4 2 6 17 1184 1208 1189 1881
7374 4 2 6 17 681 654 837 1483
7375 4 2 6 17 1198 1779 1516 1898
7376 4 2 6 17 1364 1786 1722 1799
7377 4 2 6 17 1469 1629 1348 1840
7378 4 2 6 17 1263 1490 1584 1804
7379 4 2 6 17 1033 1606 940 1702
7380 4 2 6 17 433 1642 432 1823
7381 4 2 6 17 936 937 1745 1776
7382 4 2 6 17 834 652 884 1484
7383 4 2 6 17 607 608 1715 1923
7384 4 2 6 17 858 860 1122 1928
7385 4 2 6 17 491 490 493 1908
7386 4 2 6 17 27 198 446 1842
7387 4 2 6 17 1064 634 1126 1589
7388 4 2 6 17 661 885 652 1802
7389 4 2 6 17 1580 1687 1415 1852
7390 4 2 6 17 1444 1602 1686 1739
7391 4 2 6 17 1386 1608 1556 1659
7392 4 2 6 17 814 1025 812 1611
7393 4 2 6 17 1318 1827 1569 1887
7394 4 2 6 17 1197 1198 1516 1898
7395 4 2 6 17 923 1096 915 1445
7396 4 2 6 17 1154 1155 560 1875
7397 4 2 6 17 1448 1739 1602 1942
7398 4 2 6 17 462 461 915 1707
7399 4 2 6 17 899 1061 790 1773
7400 4 2 6 17 1525 1297 1678 1907
7401 4 2 6 17 828 807 467 1761
7402 4 2 6 17 1098 1058 479 1463
7403 4 2 6 17 1042 1040 504 1919
7404 4 2 6 17 941 1113 770 1676
7405 4 2 6 17 821 545 998 1639
7406 4 2 6 17 708 1431 1724 1803
7407 4 2 6 17 1414 1584 1443 1870
7408 4 2 6 17 1137 1028 185 1687
7409 4 2 6 17 1128 648 634 1821
7410 4 2 6 17 1206 1190 1568 1797
7411 4 2 6 17 873 758 941 1676
7412 4 2 6 17 514 815 513 1698
7413 4 2 6 17 1268 1788 1661 1903
7414 4 2 6 17 1156 788 631 1643
7415 4 2 6 17 745 1555 1030 1920
7416 4 2 6 17 697 647 548 1496
7417 4 2 6 17 1293 1474 1882 1892
7418 4 2 6 17 847 1086 848 1798
7419 4 2 6 17 470 469 468 1471
7420 4 2 6 17 1373 1687 1580 1852
7421 4 2 6 17 669 1555 739 1923
7422 4 2 6 17 1299 1718 1574 1751
7423 4 2 6 17 1342 1568 1693 1797
7424 4 2 6 17 1403 1797 1455 1881
7425 4 2 6 17 1293 1882 1667 1892
7426 4 2 6 17 774 702 180 1583
7427 4 2 6 17 1337 1910 1732 1932
7428 4 2 6 17 1218 1174 1217 1481
7429 4 2 6 17 1144 1751 1635 1913
7430 4 2 6 17 855 829 831 1790
7431 4 2 6 17 1447 1889 1531 1918
7432 4 2 6 17 182 492 183 1814
7433 4 2 6 17 1349 1628 1855 1883
7434 4 2 6 17 1106 1777 1519 1778
7435 4 2 6 17 1391 1474 1755 1839
7436 4 2 6 17 874 767 882 1846
7437 4 2 6 17 1419 1622 1525 1907
7438 4 2 6 17 431 1146 1068 1785
7439 4 2 6 17 481 1730 751 1824
7440 4 2 6 17 941 1002 1113 1676
7441 4 2 6 17 1032 521 518 1634
7442 4 2 6 17 1121 674 1120 1492
7443 4 2 6 17 475 1889 1531 1896
7444 4 2 6 17 1321 1621 1762 1879
7445 4 2 6 17 1327 1775 1584 1781
7446 4 2 6 17 983 465 496 1504
7447 4 2 6 17 1395 1787 1711 1933
7448 4 2 6 17 888 1725 827 1825
7449 4 2 6 17 1170 1727 1426 1939
7450 4 2 6 17 1264 1434 1771 1833
7451 4 2 6 17 1089 1016 1585 1932
7452 4 2 6 17 1679 1693 1403 1797
7453 4 2 6 17 1020 476 1018 1538
7454 4 2 6 17 1307 1637 1457 1818
7455 4 2 6 17 925 858 924 1604
7456 4 2 6 17 1531 1776 945 1851
7457 4 2 6 17 762 735 694 1787
7458 4 2 6 17 756 758 724 1498
7459 4 2 6 17 644 646 184 1687
7460 4 2 6 17 1186 201 1185 1921
7461 4 2 6 17 553 1859 1496 1936
7462 4 2 6 17 439 427 426 1682
7463 4 2 6 17 811 826 1575 1941
7464 4 2 6 17 954 953 956 1807
7465 4 2 6 17 1289 1886 1465 1897
7466 4 2 6 17 193 729 1011 1570
7467 4 2 6 17 672 1072 1117 1591
7468 4 2 6 17 1217 1481 1174 1914
7469 4 2 6 17 702 1575 826 1941
7470 4 2 6 17 1269 1588 1502 1862
7471 4 2 6 17 851 850 549 1493
7472 4 2 6 17 189 978 962 1766
7473 4 2 6 17 773 1140 971 1758
7474 4 2 6 17 620 621 617 1524
7475 4 2 6 17 1358 1567 1610 1795
7476 4 2 6 17 1425 1782 1349 1883
7477 4 2 6 17 1337 1732 1910 1922
7478 4 2 6 17 1111 979 1047 1820
7479 4 2 6 17 842 1459 725 1917
7480 4 2 6 17 1307 1457 1624 1818
7481 4 2 6 17 1667 1882 1394 1892
7482 4 2 6 17 1319 1650 1703 1938
7483 4 2 6 17 1363 1667 1535 1895
7484 4 2 6 17 1036 1468 991 1910
7485 4 2 6 17 1394 1474 1862 1892
7486 4 2 6 17 731 732 733 1740
7487 4 2 6 17 588 592 987 1497
7488 4 2 6 17 1637 1818 1402 1884
7489 4 2 6 17 430 431 429 1704
7490 4 2 6 17 1145 952 994 1619
7491 4 2 6 17 1284 1813 1473 1868
7492 4 2 6 17 667 1729 957 1838
7493 4 2 6 17 703 464 1825 1941
7494 4 2 6 17 1395 1711 1669 1933
7495 4 2 6 17 445 444 833 1571
7496 4 2 6 17 641 621 639 1703
7497 4 2 6 17 588 1497 989 1822
7498 4 2 6 17 1149 1545 603 1789
7499 4 2 6 17 663 1817 1133 1913
7500 4 2 6 17 1332 1638 1608 1833
7501 4 2 6 17 1108 1553 705 1930
7502 4 2 6 17 1556 1659 1407 1926
7503 4 2 6 17 1762 1846 1611 1931
7504 4 2 6 17 1558 1727 1169 1939
7505 4 2 6 17 900 948 822 1563
7506 4 2 6 17 1012 911 1085 1647
7507 4 2 6 17 774 773 775 1583
7508 4 2 6 17 435 437 1686 1739
7509 4 2 6 17 1596 1672 1371 1832
7510 4 2 6 17 1610 1358 1652 1765
7511 4 2 6 17 447 559 1775 1925
7512 4 2 6 17 940 1033 1034 1606
7513 4 2 6 17 987 989 588 1497
7514 4 2 6 17 865 869 1000 1452
7515 4 2 6 17 802 1590 803 1853
7516 4 2 6 17 1349 1782 1425 1836
7517 4 2 6 17 1170 1561 1200 1683
7518 4 2 6 17 727 728 725 1917
7519 4 2 6 17 1001 999 1081 1867
7520 4 2 6 17 1619 1771 1434 1833
7521 4 2 6 17 1163 1191 1195 1836
7522 4 2 6 17 788 866 595 1507
7523 4 2 6 17 1043 573 575 1754
7524 4 2 6 17 1518 1843 1354 1864
7525 4 2 6 17 552 950 584 1748
7526 4 2 6 17 725 842 951 1459
7527 4 2 6 17 188 650 187 1521
7528 4 2 6 17 910 1776 806 1851
7529 4 2 6 17 829 841 890 1564
7530 4 2 6 17 1294 1610 1567 1795
7531 4 2 6 17 1184 1209 1208 1796
7532 4 2 6 17 978 1574 962 1766
7533 4 2 6 17 870 951 842 1459
7534 4 2 6 17 1175 1207 1214 1689
7535 4 2 6 17 1526 1669 1323 1865
7536 4 2 6 17 1509 1696 1297 1912
7537 4 2 6 17 1456 1810 1353 1813
7538 4 2 6 17 1623 1806 1359 1940
7539 4 2 6 17 1196 1172 1705 1866
7540 4 2 6 17 637 1531 945 1889
7541 4 2 6 17 524 1691 517 1700
7542 4 2 6 17 533 470 468 1726
7543 4 2 6 17 459 451 877 1513
7544 4 2 6 17 1199 1482 1176 1927
7545 4 2 6 17 1019 1021 521 1723
7546 4 2 6 17 700 891 553 1859
7547 4 2 6 17 812 1611 1025 1762
7548 4 2 6 17 677 995 996 1681
7549 4 2 6 17 917 919 622 1753
7550 4 2 6 17 1355 1575 1941 1942
7551 4 2 6 17 536 775 971 1476
7552 4 2 6 17 542 656 848 1904
7553 4 2 6 17 497 495 494 1876
7554 4 2 6 17 784 468 785 1896
7555 4 2 6 17 1541 1337 1585 1794
7556 4 2 6 17 722 1686 437 1739
7557 4 2 6 17 201 1495 1185 1921
7558 4 2 6 17 551 198 1748 1842
7559 4 2 6 17 1197 1198 1205 1516
7560 4 2 6 17 1347 1736 1665 1759
7561 4 2 6 17 1328 1780 1777 1915
7562 4 2 6 17 1195 1189 1167 1741
7563 4 2 6 17 1120 1877 1119 1885
7564 4 2 6 17 557 556 555 1505
7565 4 2 6 17 1635 1718 1299 1751
7566 4 2 6 17 1083 1085 912 1491
7567 4 2 6 17 1325 1686 1543 1919
7568 4 2 6 17 964 962 963 1766
7569 4 2 6 17 1278 1648 1593 1861
7570 4 2 6 17 1394 1667 1535 1882
7571 4 2 6 17 1534 1711 1360 1895
7572 4 2 6 17 702 703 179 1825
7573 4 2 6 17 1301 1630 1747 1929
7574 4 2 6 17 1052 1467 1054 1916
7575 4 2 6 17 658 1106 1109 1519
7576 4 2 6 17 766 1753 1515 1769
7577 4 2 6 17 1762 1846 1321 1879
7578 4 2 6 17 1196 1172 1171 1705
7579 4 2 6 17 1394 1535 1656 1882
7580 4 2 6 17 1431 1319 1724 1902
7581 4 2 6 17 1181 1607 1217 1914
7582 4 2 6 17 1277 1605 1573 1794
7583 4 2 6 17 557 1505 555 1884
7584 4 2 6 17 910 1531 945 1918
7585 4 2 6 17 495 596 983 1808
7586 4 2 6 17 985 1130 608 1715
7587 4 2 6 17 1307 1726 1637 1851
7588 4 2 6 17 611 750 1062 1740
7589 4 2 6 17 1382 1816 1599 1822
7590 4 2 6 17 1174 1218 1192 1699
7591 4 2 6 17 1538 1706 1410 1855
7592 4 2 6 17 1201 1167 1208 1616
7593 4 2 6 17 1355 1774 1575 1942
7594 4 2 6 17 1448 1686 1602 1739
7595 4 2 6 17 1383 1696 1509 1912
7596 4 2 6 17 424 1066 534 1473
7597 4 2 6 17 433 432 438 1823
7598 4 2 6 17 1303 1665 1458 1759
7599 4 2 6 17 1150 1728 1063 1876
7600 4 2 6 17 1586 1755 1317 1839
7601 4 2 6 17 755 995 752 1709
7602 4 2 6 17 1192 1699 1390 1764
7603 4 2 6 17 1530 1711 1360 1845
7604 4 2 6 17 665 821 1639 1729
7605 4 2 6 17 1072 672 671 1591
7606 4 2 6 17 601 1149 619 1545
7607 4 2 6 17 854 842 841 1564
7608 4 2 6 17 916 1102 766 1515
7609 4 2 6 17 1264 1608 1638 1833
7610 4 2 6 17 1045 765 1075 1757
7611 4 2 6 17 182 1160 1140 1680
7612 4 2 6 17 665 821 820 1639
7613 4 2 6 17 887 497 454 1598
7614 4 2 6 17 1039 919 761 1477
7615 4 2 6 17 1346 1527 1841 1943
7616 4 2 6 17 1366 1467 1757 1890
7617 4 2 6 17 863 471 856 1692
7618 4 2 6 17 574 710 554 1547
7619 4 2 6 17 713 554 956 1807
7620 4 2 6 17 1345 1680 1583 1872
7621 4 2 6 17 1302 1671 1479 1806
7622 4 2 6 17 423 1066 424 1473
7623 4 2 6 17 1628 1829 1339 1905
7624 4 2 6 17 1407 1771 1556 1926
7625 4 2 6 17 1359 1784 1671 1806
7626 4 2 6 17 473 1090 689 1816
7627 4 2 6 17 201 1694 1495 1921
7628 4 2 6 17 1024 1081 1095 1621
7629 4 2 6 17 195 1119 194 1877
7630 4 2 6 17 963 962 978 1574
7631 4 2 6 17 745 669 1030 1555
7632 4 2 6 17 1519 1857 1501 1908
7633 4 2 6 17 1109 1519 928 1908
7634 4 2 6 17 1080 933 935 1666
7635 4 2 6 17 709 947 1835 1867
7636 4 2 6 17 901 598 594 1612
7637 4 2 6 17 520 1078 1094 1641
7638 4 2 6 17 690 692 1037 1732
7639 4 2 6 17 1632 1815 1554 1922
7640 4 2 6 17 520 1092 1078 1641
7641 4 2 6 17 946 1814 491 1908
7642 4 2 6 17 1302 1663 1671 1806
7643 4 2 6 17 1478 1401 1728 1735
7644 4 2 6 17 1626 1756 1301 1929
7645 4 2 6 17 660 490 1708 1857
7646 4 2 6 17 1587 1326 1696 1752
7647 4 2 6 17 964 963 1116 1503
7648 4 2 6 17 618 626 602 1822
7649 4 2 6 17 615 1046 1041 1565
7650 4 2 6 17 1263 1804 1479 1830
7651 4 2 6 17 931 1803 707 1835
7652 4 2 6 17 535 424 534 1838
7653 4 2 6 17 691 1084 692 1732
7654 4 2 6 17 1722 1786 1455 1799
7655 4 2 6 17 540 1775 763 1781
7656 4 2 6 17 1395 1669 1526 1933
7657 4 2 6 17 1179 1178 1533 1906
7658 4 2 6 17 1127 1135 1086 1514
7659 4 2 6 17 1565 1346 1820 1943
7660 4 2 6 17 1080 850 851 1493
7661 4 2 6 17 203 1203 1204 1934
7662 4 2 6 17 454 887 1598 1783
7663 4 2 6 17 540 541 539 1870
7664 4 2 6 17 1289 1661 1886 1897
7665 4 2 6 17 924 522 925 1604
7666 4 2 6 17 1295 1479 1671 1784
7667 4 2 6 17 1604 1905 1369 1928
7668 4 2 6 17 1421 1761 1523 1861
7669 4 2 6 17 859 861 879 1750
7670 4 2 6 17 1449 1617 1485 1921
7671 4 2 6 17 792 1027 590 1670
7672 4 2 6 17 1265 1711 1534 1895
7673 4 2 6 17 787 789 1668 1885
7674 4 2 6 17 1273 1829 1628 1905
7675 4 2 6 17 1091 684 686 1529
7676 4 2 6 17 934 1612 594 1666
7677 4 2 6 17 1149 601 603 1545
7678 4 2 6 17 1003 636 1644 1889
7679 4 2 6 17 540 1775 1781 1870
7680 4 2 6 17 181 773 1583 1680
7681 4 2 6 17 499 927 928 1690
7682 4 2 6 17 712 630 563 1657
7683 4 2 6 17 1115 1051 585 1831
7684 4 2 6 17 1079 1053 765 1757
7685 4 2 6 17 960 1632 959 1910
7686 4 2 6 17 536 1476 537 1837
7687 4 2 6 17 799 803 802 1590
7688 4 2 6 17 1327 1490 1584 1710
7689 4 2 6 17 849 664 663 1913
7690 4 2 6 17 1301 1747 1581 1929
7691 4 2 6 17 944 504 1110 1919
7692 4 2 6 17 462 460 461 1707
7693 4 2 6 17 1450 1831 1770 1901
7694 4 2 6 17 878 750 612 1740
7695 4 2 6 17 195 1087 580 1506
7696 4 2 6 17 1360 1711 1530 1895
7697 4 2 6 17 1400 1877 1492 1885
7698 4 2 6 17 200 1185 201 1495
7699 4 2 6 17 187 836 188 1521
7700 4 2 6 17 475 1531 945 1896
7701 4 2 6 17 1589 1789 1397 1821
7702 4 2 6 17 758 759 941 1676
7703 4 2 6 17 574 1129 719 1547
7704 4 2 6 17 748 653 834 1791
7705 4 2 6 17 1398 1504 1743 1808
7706 4 2 6 17 1426 1929 1683 1939
7707 4 2 6 17 1338 1529 1667 1892
7708 4 2 6 17 1396 1523 1761 1861
7709 4 2 6 17 780 781 782 1577
7710 4 2 6 17 569 1802 654 1924
7711 4 2 6 17 1167 1623 1168 1741
7712 4 2 6 17 1611 1846 1427 1931
7713 4 2 6 17 475 945 1531 1889
7714 4 2 6 17 1336 1758 1680 1872
7715 4 2 6 17 683 891 1530 1859
7716 4 2 6 17 478 704 476 1706
7717 4 2 6 17 526 528 533 1726
7718 4 2 6 17 452 450 451 1717
7719 4 2 6 17 930 446 929 1842
7720 4 2 6 17 1265 1615 1865 1933
7721 4 2 6 17 747 830 993 1731
7722 4 2 6 17 804 973 526 1637
7723 4 2 6 17 894 442 441 1763
7724 4 2 6 17 931 1835 905 1918
7725 4 2 6 17 984 688 726 1509
7726 4 2 6 17 1305 1693 1679 1834
7727 4 2 6 17 828 488 512 1761
7728 4 2 6 17 857 934 860 1612
7729 4 2 6 17 498 502 1580 1854
7730 4 2 6 17 738 683 891 1530
7731 4 2 6 17 1071 1073 1074 1719
7732 4 2 6 17 737 943 530 1777
7733 4 2 6 17 1391 1755 1586 1839
7734 4 2 6 17 1290 1659 1556 1926
7735 4 2 6 17 191 844 1718 1751
7736 4 2 6 17 669 740 739 1555
7737 4 2 6 17 568 737 530 1780
7738 4 2 6 17 485 957 667 1729
7739 4 2 6 17 1103 1060 1104 1716
7740 4 2 6 17 935 593 896 1746
7741 4 2 6 17 715 563 714 1657
7742 4 2 6 17 188 189 962 1766
7743 4 2 6 17 428 861 745 1920
7744 4 2 6 17 638 640 706 1664
7745 4 2 6 17 1460 1715 1383 1923
7746 4 2 6 17 799 679 1151 1590
7747 4 2 6 17 911 456 455 1924
7748 4 2 6 17 1679 1693 1342 1834
7749 4 2 6 17 1321 1846 1762 1931
7750 4 2 6 17 201 1186 1617 1694
7751 4 2 6 17 1017 814 938 1745
7752 4 2 6 17 462 636 460 1889
7753 4 2 6 17 871 870 1539 1812
7754 4 2 6 17 552 584 551 1748
7755 4 2 6 17 999 1095 1081 1621
7756 4 2 6 17 973 1637 1049 1884
7757 4 2 6 17 1378 1848 1705 1866
7758 4 2 6 17 627 622 1701 1753
7759 4 2 6 17 1124 1094 558 1925
7760 4 2 6 17 549 1493 850 1936
7761 4 2 6 17 1564 1651 1340 1790
7762 4 2 6 17 1028 1007 644 1441
7763 4 2 6 17 1077 1039 958 1746
7764 4 2 6 17 744 432 434 1642
7765 4 2 6 17 708 1724 707 1803
7766 4 2 6 17 1581 1626 1301 1929
7767 4 2 6 17 509 968 440 1856
7768 4 2 6 17 475 461 460 1896
7769 4 2 6 17 815 810 513 1698
7770 4 2 6 17 1206 1175 1197 1622
7771 4 2 6 17 1464 1361 1768 1823
7772 4 2 6 17 1530 1787 1711 1845
7773 4 2 6 17 1504 1311 1743 1826
7774 4 2 6 17 972 705 1108 1553
7775 4 2 6 17 743 741 742 1702
7776 4 2 6 17 818 883 840 1536
7777 4 2 6 17 1086 1514 1135 1805
7778 4 2 6 17 568 566 565 1780
7779 4 2 6 17 1313 1712 1573 1844
7780 4 2 6 17 811 1739 436 1941
7781 4 2 6 17 1651 1692 1462 1790
7782 4 2 6 17 438 861 859 1823
7783 4 2 6 17 863 856 855 1692
7784 4 2 6 17 1109 1106 928 1519
7785 4 2 6 17 1110 1046 1139 1565
7786 4 2 6 17 1106 531 1777 1778
7787 4 2 6 17 747 748 749 1731
7788 4 2 6 17 607 668 608 1923
7789 4 2 6 17 484 1125 425 1645
7790 4 2 6 17 1150 753 1709 1876
7791 4 2 6 17 179 827 808 1825
7792 4 2 6 17 968 907 440 1695
7793 4 2 6 17 1005 1772 954 1807
7794 4 2 6 17 554 1505 556 1807
7795 4 2 6 17 633 634 635 1821
7796 4 2 6 17 1567 1264 1684 1809
7797 4 2 6 17 1556 1771 1341 1926
7798 4 2 6 17 1175 1214 1174 1597
7799 4 2 6 17 1169 1179 1171 1727
7800 4 2 6 17 1317 1755 1656 1882
7801 4 2 6 17 1632 1910 1337 1932
7802 4 2 6 17 1370 1741 1623 1784
7803 4 2 6 17 200 199 1199 1578
7804 4 2 6 17 1159 444 948 1571
7805 4 2 6 17 1107 737 1704 1777
7806 4 2 6 17 860 933 1122 1928
7807 4 2 6 17 1168 1167 29 1623
7808 4 2 6 17 815 614 648 1698
7809 4 2 6 17 1445 1787 1395 1933
7810 4 2 6 17 1138 1645 1076 1837
7811 4 2 6 17 442 1763 1007 1856
7812 4 2 6 17 964 649 650 1660
7813 4 2 6 17 923 683 738 1737
7814 4 2 6 17 435 437 722 1686
7815 4 2 6 17 810 1128 809 1880
7816 4 2 6 17 1533 1323 1865 1906
7817 4 2 6 17 1075 765 1053 1757
7818 4 2 6 17 844 978 190 1718
7819 4 2 6 17 875 871 872 1539
7820 4 2 6 17 559 764 1775 1925
7821 4 2 6 17 194 662 664 1877
7822 4 2 6 17 730 192 191 1635
7823 4 2 6 17 1396 1761 1673 1861
7824 4 2 6 17 902 823 1027 1670
7825 4 2 6 17 455 569 654 1924
7826 4 2 6 17 28 464 888 1825
7827 4 2 6 17 826 702 779 1575
7828 4 2 6 17 510 509 629 1847
7829 4 2 6 17 1064 847 881 1798
7830 4 2 6 17 786 507 506 1543
7831 4 2 6 17 659 657 658 1778
7832 4 2 6 17 777 869 778 1650
7833 4 2 6 17 849 1144 192 1635
7834 4 2 6 17 1053 1054 1052 1467
7835 4 2 6 17 682 685 683 1859
7836 4 2 6 17 1089 1162 1016 1932
7837 4 2 6 17 544 827 888 1725
7838 4 2 6 17 1213 1489 1828 1894
7839 4 2 6 17 1002 941 759 1676
7840 4 2 6 17 201 1186 1694 1921
7841 4 2 6 17 1623 1784 1359 1806
7842 4 2 6 17 1161 1157 27 1870
7843 4 2 6 17 1614 1819 1379 1938
7844 4 2 6 17 746 745 861 1823
7845 4 2 6 17 913 1807 556 1875
7846 4 2 6 17 783 781 922 1577
7847 4 2 6 17 945 910 806 1851
7848 4 2 6 17 610 808 612 1594
7849 4 2 6 17 1006 894 893 1763
7850 4 2 6 17 1375 1685 1536 1868
7851 4 2 6 17 855 831 863 1692
7852 4 2 6 17 1211 1176 1212 1927
7853 4 2 6 17 1109 1857 1519 1908
7854 4 2 6 17 733 1108 731 1930
7855 4 2 6 17 1039 761 696 1477
7856 4 2 6 17 1656 1755 1394 1882
7857 4 2 6 17 903 748 990 1791
7858 4 2 6 17 515 562 630 1691
7859 4 2 6 17 1177 1210 1176 1860
7860 4 2 6 17 1190 1183 1184 1881
7861 4 2 6 17 968 1695 440 1856
7862 4 2 6 17 1530 1859 1360 1895
7863 4 2 6 17 1319 1756 1614 1938
7864 4 2 6 17 1087 581 580 1506
7865 4 2 6 17 1217 1181 1220 1607
7866 4 2 6 17 952 1141 953 1619
7867 4 2 6 17 670 672 772 1885
7868 4 2 6 17 585 582 1115 1831
7869 4 2 6 17 595 598 788 1507
7870 4 2 6 17 1598 1728 1306 1876
7871 4 2 6 17 767 769 1762 1846
7872 4 2 6 17 1289 1589 1661 1897
7873 4 2 6 17 1213 1182 1183 1828
7874 4 2 6 17 1312 1567 1684 1809
7875 4 2 6 17 697 1496 548 1936
7876 4 2 6 17 530 531 529 1778
7877 4 2 6 17 1150 1709 1101 1728
7878 4 2 6 17 608 668 1067 1923
7879 4 2 6 17 1115 798 889 1831
7880 4 2 6 17 706 1001 947 1664
7881 4 2 6 17 763 764 1757 1775
7882 4 2 6 17 896 919 1039 1746
7883 4 2 6 17 1505 1875 1807 1926
7884 4 2 6 17 794 467 474 1826
7885 4 2 6 17 999 820 998 1639
7886 4 2 6 17 1363 1859 1530 1895
7887 4 2 6 17 858 1105 859 1750
7888 4 2 6 17 1426 1727 1558 1939
7889 4 2 6 17 980 840 883 1536
7890 4 2 6 17 806 936 974 1776
7891 4 2 6 17 1219 1170 1200 1683
7892 4 2 6 17 626 618 625 1822
7893 4 2 6 17 503 926 498 1580
7894 4 2 6 17 1443 1775 1366 1925
7895 4 2 6 17 1584 1781 1775 1870
7896 4 2 6 17 660 1708 659 1857
7897 4 2 6 17 1215 1163 1181 1782
7898 4 2 6 17 625 1090 792 1816
7899 4 2 6 17 874 721 873 1494
7900 4 2 6 17 187 502 836 1854
7901 4 2 6 17 458 1057 1033 1606
7902 4 2 6 17 1337 1910 1632 1922
7903 4 2 6 17 522 524 517 1700
7904 4 2 6 17 1152 663 1133 1913
7905 4 2 6 17 510 629 628 1847
7906 4 2 6 17 931 707 709 1835
7907 4 2 6 17 1107 943 737 1777
7908 4 2 6 17 1051 1115 577 1831
7909 4 2 6 17 1683 1929 1362 1939
7910 4 2 6 17 1329 1788 1661 1897
7911 4 2 6 17 722 550 1042 1686
7912 4 2 6 17 649 510 628 1660
7913 4 2 6 17 194 1011 1087 1570
7914 4 2 6 17 1170 1169 1727 1939
7915 4 2 6 17 983 1008 466 1808
7916 4 2 6 17 1704 1780 1435 1915
7917 4 2 6 17 531 530 943 1777
7918 4 2 6 17 1519 1777 1328 1778
7919 4 2 6 17 655 544 1725 1904
7920 4 2 6 17 890 817 960 1632
7921 4 2 6 17 1110 1111 944 1820
7922 4 2 6 17 29 1167 203 1623
7923 4 2 6 17 695 736 738 1787
7924 4 2 6 17 1288 1855 1628 1883
7925 4 2 6 17 1156 979 1139 1820
7926 4 2 6 17 812 813 814 1611
7927 4 2 6 17 509 1029 1847 1856
7928 4 2 6 17 1069 660 490 1708
7929 4 2 6 17 805 806 804 1851
7930 4 2 6 17 443 884 885 1783
7931 4 2 6 17 1150 1063 494 1876
7932 4 2 6 17 914 461 469 1916
7933 4 2 6 17 691 693 1056 1541
7934 4 2 6 17 1496 1859 1360 1936
7935 4 2 6 17 732 750 878 1740
7936 4 2 6 17 544 583 655 1725
7937 4 2 6 17 963 978 843 1574
7938 4 2 6 17 1095 999 1044 1621
7939 4 2 6 17 930 27 446 1842
7940 4 2 6 17 843 978 844 1574
7941 4 2 6 17 937 939 938 1745
7942 4 2 6 17 547 722 437 1739
7943 4 2 6 17 923 915 920 1737
7944 4 2 6 17 1449 1694 1617 1921
7945 4 2 6 17 1329 1661 1589 1897
7946 4 2 6 17 1076 1575 779 1837
7947 4 2 6 17 742 1032 518 1702
7948 4 2 6 17 1176 1482 1860 1927
7949 4 2 6 17 1073 1045 1075 1719
7950 4 2 6 17 1318 1795 1569 1827
7951 4 2 6 17 708 1015 918 1803
7952 4 2 6 17 449 448 450 1717
7953 4 2 6 17 436 464 703 1941
7954 4 2 6 17 1554 1744 1337 1922
7955 4 2 6 17 668 739 1067 1923
7956 4 2 6 17 737 429 1107 1704
7957 4 2 6 17 480 1061 749 1730
7958 4 2 6 17 1342 1693 1679 1797
7959 4 2 6 17 1083 912 1036 1910
7960 4 2 6 17 499 501 500 1690
7961 4 2 6 17 1068 605 604 1785
7962 4 2 6 17 1436 1703 1524 1938
7963 4 2 6 17 1569 1887 1427 1931
7964 4 2 6 17 846 678 680 1869
7965 4 2 6 17 536 971 537 1476
7966 4 2 6 17 670 772 787 1885
7967 4 2 6 17 1040 550 616 1738
7968 4 2 6 17 922 781 1093 1911
7969 4 2 6 17 1531 1776 1344 1918
7970 4 2 6 17 794 474 797 1582
7971 4 2 6 17 1362 1756 1626 1929
7972 4 2 6 17 629 1137 628 1847
7973 4 2 6 17 1046 868 864 1742
7974 4 2 6 17 444 1159 833 1571
7975 4 2 6 17 676 1068 1146 1785
7976 4 2 6 17 1294 1569 1795 1827
7977 4 2 6 17 519 684 1092 1529
7978 4 2 6 17 457 570 569 1924
7979 4 2 6 17 900 823 902 1563
7980 4 2 6 17 557 973 1049 1884
7981 4 2 6 17 491 946 492 1814
7982 4 2 6 17 916 766 917 1753
7983 4 2 6 17 181 1070 182 1680
7984 4 2 6 17 610 612 611 1594
7985 4 2 6 17 939 905 931 1835
7986 4 2 6 17 742 741 940 1702
7987 4 2 6 17 699 476 704 1538
7988 4 2 6 17 913 1004 1005 1875
7989 4 2 6 17 752 1150 753 1709
7990 4 2 6 17 606 607 608 1715
7991 4 2 6 17 1200 1170 1172 1561
7992 4 2 6 17 185 184 926 1687
7993 4 2 6 17 868 1123 778 1650
7994 4 2 6 17 1306 1709 1728 1735
7995 4 2 6 17 917 1753 766 1769
7996 4 2 6 17 476 479 477 1706
7997 4 2 6 17 1419 1525 1678 1907
7998 4 2 6 17 1593 1648 1311 1861
7999 4 2 6 17 870 872 871 1539
8000 4 2 6 17 1031 767 769 1762
8001 4 2 6 17 201 1182 200 1828
8002 4 2 6 17 1076 826 779 1575
8003 4 2 6 17 959 1037 1910 1932
8004 4 2 6 17 1501 1814 1415 1908
8005 4 2 6 17 179 28 827 1825
8006 4 2 6 17 756 724 1136 1498
8007 4 2 6 17 551 446 198 1842
8008 4 2 6 17 1115 889 577 1831
8009 4 2 6 17 765 764 1079 1757
8010 4 2 6 17 852 924 1122 1928
8011 4 2 6 17 191 1144 844 1751
8012 4 2 6 17 824 702 826 1941
8013 4 2 6 17 559 558 764 1925
8014 4 2 6 17 476 699 1018 1538
8015 4 2 6 17 1671 1784 1479 1806
8016 4 2 6 17 468 784 533 1726
8017 4 2 6 17 502 503 498 1580
8018 4 2 6 17 955 954 800 1772
8019 4 2 6 17 981 1076 1125 1645
8020 4 2 6 17 957 425 424 1838
8021 4 2 6 17 1044 1095 1621 1879
8022 4 2 6 17 1515 1753 1310 1769
8023 4 2 6 17 516 517 515 1691
8024 4 2 6 17 971 969 970 1758
8025 4 2 6 17 797 798 795 1863
8026 4 2 6 17 701 700 553 1936
8027 4 2 6 17 676 605 1068 1785
8028 4 2 6 17 460 1889 475 1896
8029 4 2 6 17 1295 1671 1596 1784
8030 4 2 6 17 798 1115 582 1831
8031 4 2 6 17 748 1731 990 1791
8032 4 2 6 17 932 1745 939 1835
8033 4 2 6 17 197 950 552 1748
8034 4 2 6 17 1585 1794 1337 1844
8035 4 2 6 17 765 763 764 1757
8036 4 2 6 17 1807 1875 1341 1926
8037 4 2 6 17 813 812 1114 1611
8038 4 2 6 17 740 432 744 1812
8039 4 2 6 17 1327 1757 1719 1890
8040 4 2 6 17 1181 1178 1220 1607
8041 4 2 6 17 577 576 1051 1770
8042 4 2 6 17 724 716 1136 1498
8043 4 2 6 17 1034 1033 1057 1606
8044 4 2 6 17 1601 1773 1408 1816
8045 4 2 6 17 1609 1678 1297 1907
8046 4 2 6 17 617 621 1123 1703
8047 4 2 6 17 1309 1889 1707 1896
8048 4 2 6 17 468 461 475 1896
8049 4 2 6 17 802 679 799 1590
8050 4 2 6 17 1372 1760 1595 1899
8051 4 2 6 17 785 475 945 1896
8052 4 2 6 17 1604 1339 1700 1829
8053 4 2 6 17 579 584 950 1592
8054 4 2 6 17 1410 1691 1700 1829
8055 4 2 6 17 623 622 896 1701
8056 4 2 6 17 615 616 617 1738
8057 4 2 6 17 554 555 556 1505
8058 4 2 6 17 450 453 451 1717
8059 4 2 6 17 454 1063 982 1598
8060 4 2 6 17 1127 1086 1065 1514
8061 4 2 6 17 524 523 561 1700
8062 4 2 6 17 459 458 451 1513
8063 4 2 6 17 994 846 1158 1869
8064 4 2 6 17 574 719 710 1547
8065 4 2 6 17 677 1022 605 1674
8066 4 2 6 17 509 1029 629 1847
8067 4 2 6 17 1428 1820 1522 1943
8068 4 2 6 17 1220 1607 1178 1906
8069 4 2 6 17 202 201 1186 1617
8070 4 2 6 17 197 196 950 1668
8071 4 2 6 17 718 894 441 1548
8072 4 2 6 17 458 452 451 1513
8073 4 2 6 17 624 627 622 1701
8074 4 2 6 17 1464 1768 1642 1823
8075 4 2 6 17 1309 1531 1889 1896
8076 4 2 6 17 1488 1770 1350 1924
8077 4 2 6 17 694 1787 695 1845
8078 4 2 6 17 524 562 517 1691
8079 4 2 6 17 1075 1059 1074 1719
8080 4 2 6 17 730 1009 729 1673
8081 4 2 6 17 931 1013 707 1803
8082 4 2 6 17 932 1835 947 1867
8083 4 2 6 17 770 767 874 1846
8084 4 2 6 17 609 1038 1069 1708
8085 4 2 6 17 1346 1841 1522 1943
8086 4 2 6 17 650 649 628 1660
8087 4 2 6 17 1214 1217 1174 1914
8088 4 2 6 17 1313 1794 1585 1844
8089 4 2 6 17 1138 425 1125 1645
8090 4 2 6 17 648 614 606 1821
8091 4 2 6 17 1361 1800 1633 1874
8092 4 2 6 17 1203 1221 1196 1909
8093 4 2 6 17 1003 637 636 1889
8094 4 2 6 17 1149 603 633 1789
8095 4 2 6 17 1522 1820 1346 1943
8096 4 2 6 17 931 905 904 1918
8097 4 2 6 17 833 481 751 1824
8098 4 2 6 17 750 732 731 1740
8099 4 2 6 17 686 683 923 1737
8100 4 2 6 17 996 995 755 1681
8101 4 2 6 17 467 1009 828 1673
8102 4 2 6 17 1185 1200 1187 1629
8103 4 2 6 17 989 602 626 1822
8104 4 2 6 17 1045 763 765 1757
8105 4 2 6 17 1419 1678 1609 1907
8106 4 2 6 17 1180 1779 1198 1898
8107 4 2 6 17 752 995 1101 1709
8108 4 2 6 17 1416 1777 1704 1915
8109 4 2 6 17 1661 1788 1329 1903
8110 4 2 6 17 845 843 844 1751
8111 4 2 6 17 1361 1874 1555 1920
8112 4 2 6 17 1554 1815 1281 1858
8113 4 2 6 17 1323 1843 1518 1864
8114 4 2 6 17 1705 1848 1386 1866
8115 4 2 6 17 661 569 570 1802
8116 4 2 6 17 493 1857 1109 1908
8117 4 2 6 17 707 708 706 1724
8118 4 2 6 17 436 811 437 1739
8119 4 2 6 17 1457 1818 1637 1884
8120 4 2 6 17 28 888 827 1825
8121 4 2 6 17 669 745 740 1555
8122 4 2 6 17 1017 939 932 1745
8123 4 2 6 17 1218 1210 1192 1699
8124 4 2 6 17 657 1108 705 1930
8125 4 2 6 17 433 711 434 1642
8126 4 2 6 17 626 588 989 1822
8127 4 2 6 17 692 1083 1037 1732
8128 4 2 6 17 1212 1216 1219 1939
8129 4 2 6 17 854 898 842 1793
8130 4 2 6 17 1294 1795 1567 1827
8131 4 2 6 17 748 751 749 1730
8132 4 2 6 17 1001 640 820 1664
8133 4 2 6 17 690 1037 1162 1932
8134 4 2 6 17 642 638 706 1724
8135 4 2 6 17 829 890 830 1790
8136 4 2 6 17 1179 1169 1178 1906
8137 4 2 6 17 660 1038 659 1708
8138 4 2 6 17 1206 1205 1190 1797
8139 4 2 6 17 964 650 962 1766
8140 4 2 6 17 191 192 1144 1635
8141 4 2 6 17 731 1062 1740 1930
8142 4 2 6 17 1104 1716 1048 1880
8143 4 2 6 17 181 1140 773 1680
8144 4 2 6 17 1042 507 435 1686
8145 4 2 6 17 795 581 796 1863
8146 4 2 6 17 960 817 959 1632
8147 4 2 6 17 644 184 1028 1687
8148 4 2 6 17 1607 1864 1323 1906
8149 4 2 6 17 723 547 437 1739
8150 4 2 6 17 1125 1076 1138 1645
8151 4 2 6 17 1198 199 1213 1894
8152 4 2 6 17 1049 973 804 1637
8153 4 2 6 17 1046 864 867 1742
8154 4 2 6 17 584 579 585 1592
8155 4 2 6 17 609 610 611 1594
8156 4 2 6 17 1093 1012 922 1647
8157 4 2 6 17 1037 1732 1083 1910
8158 4 2 6 17 522 525 523 1700
8159 4 2 6 17 512 886 807 1761
8160 4 2 6 17 551 198 552 1748
8161 4 2 6 17 848 656 847 1798
8162 4 2 6 17 1022 961 500 1674
8163 4 2 6 17 960 1036 991 1910
8164 4 2 6 17 589 588 626 1822
8165 4 2 6 17 975 809 1047 1880
8166 4 2 6 17 552 198 197 1748
8167 4 2 6 17 498 961 502 1854
8168 4 2 6 17 1306 1728 1709 1876
8169 4 2 6 17 1313 1573 1794 1844
8170 4 2 6 17 1191 1189 1195 1900
8171 4 2 6 17 493 658 1109 1857
8172 4 2 6 17 1006 645 1007 1763
8173 4 2 6 17 1128 810 648 1698
8174 4 2 6 17 664 193 194 1570
8175 4 2 6 17 473 1773 791 1816
8176 4 2 6 17 442 1007 1029 1856
8177 4 2 6 17 447 558 559 1925
8178 4 2 6 17 888 463 583 1725
8179 4 2 6 17 709 947 932 1835
8180 4 2 6 17 1468 1632 1910 1922
8181 4 2 6 17 974 1049 804 1637
8182 4 2 6 17 1324 1557 1934 1935
8183 4 2 6 17 511 1136 968 1695
8184 4 2 6 17 787 772 789 1885
8185 4 2 6 17 480 751 481 1730
8186 4 2 6 17 1044 535 980 1879
8187 4 2 6 17 1211 1200 1185 1629
8188 4 2 6 17 593 934 594 1666
8189 4 2 6 17 943 1106 531 1777
8190 4 2 6 17 1077 935 896 1746
8191 4 2 6 17 712 715 727 1657
8192 4 2 6 17 1052 469 470 1916
8193 4 2 6 17 737 567 430 1704
8194 4 2 6 17 445 833 834 1824
8195 4 2 6 17 531 1106 658 1778
8196 4 2 6 17 1771 1772 1341 1807
8197 4 2 6 17 1354 1843 1607 1864
8198 4 2 6 17 654 661 652 1802
8199 4 2 6 17 811 824 826 1941
8200 4 2 6 17 1003 636 1097 1644
8201 4 2 6 17 495 496 494 1876
8202 4 2 6 17 650 188 962 1766
8203 4 2 6 17 506 1042 504 1919
8204 4 2 6 17 860 858 857 1750
8205 4 2 6 17 191 190 488 1718
8206 4 2 6 17 1107 1106 943 1777
8207 4 2 6 17 1339 1829 1604 1905
8208 4 2 6 17 989 988 1135 1805
8209 4 2 6 17 675 1133 663 1817
8210 4 2 6 17 908 540 763 1781
8211 4 2 6 17 615 1041 1040 1738
8212 4 2 6 17 841 829 854 1564
8213 4 2 6 17 684 1091 1092 1529
8214 4 2 6 17 594 857 901 1612
8215 4 2 6 17 631 788 632 1643
8216 4 2 6 17 1120 772 672 1885
8217 4 2 6 17 454 497 1063 1598
8218 4 2 6 17 1205 1198 1213 1894
8219 4 2 6 17 1188 1189 1191 1900
8220 4 2 6 17 564 1027 823 1670
8221 4 2 6 17 568 966 566 1780
8222 4 2 6 17 868 778 869 1650
8223 4 2 6 17 1029 1028 629 1847
8224 4 2 6 17 1028 184 185 1687
8225 4 2 6 17 913 1005 954 1807
8226 4 2 6 17 811 436 824 1941
8227 4 2 6 17 477 714 478 1706
8228 4 2 6 17 812 1025 769 1762
8229 4 2 6 17 1000 624 623 1701
8230 4 2 6 17 1186 1221 202 1617
8231 4 2 6 17 952 1145 1141 1619
8232 4 2 6 17 1160 969 1140 1758
8233 4 2 6 17 543 544 542 1904
8234 4 2 6 17 586 1008 587 1808
8235 4 2 6 17 181 773 180 1583
8236 4 2 6 17 960 959 1037 1910
8237 4 2 6 17 880 1048 1060 1716
8238 4 2 6 17 918 916 627 1753
8239 4 2 6 17 1323 1607 1843 1864
8240 4 2 6 17 988 733 734 1805
8241 4 2 6 17 501 499 928 1690
8242 4 2 6 17 456 1770 457 1924
8243 4 2 6 17 181 182 1140 1680
8244 4 2 6 17 1202 1196 1171 1705
8245 4 2 6 17 830 832 831 1790
8246 4 2 6 17 572 573 571 1754
8247 4 2 6 17 1120 1119 772 1885
8248 4 2 6 17 1110 1041 1046 1565
8249 4 2 6 17 771 1003 1097 1644
8250 4 2 6 17 782 781 783 1577
8251 4 2 6 17 857 594 934 1612
8252 4 2 6 17 790 472 899 1773
8253 4 2 6 17 1584 1775 1443 1870
8254 4 2 6 17 1096 736 735 1787
8255 4 2 6 17 577 578 457 1770
8256 4 2 6 17 559 1775 540 1870
8257 4 2 6 17 642 708 776 1724
8258 4 2 6 17 946 491 927 1908
8259 4 2 6 17 1001 706 640 1664
8260 4 2 6 17 626 625 589 1822
8261 4 2 6 17 790 482 791 1773
8262 4 2 6 17 900 822 823 1563
8263 4 2 6 17 1006 442 894 1763
8264 4 2 6 17 821 998 820 1639
8265 4 2 6 17 1127 1126 603 1789
8266 4 2 6 17 1150 752 1101 1709
8267 4 2 6 17 966 568 530 1780
8268 4 2 6 17 1189 1190 1184 1881
8269 4 2 6 17 635 606 1715 1821
8270 4 2 6 17 196 787 789 1668
8271 4 2 6 17 201 1209 1182 1618
8272 4 2 6 17 1180 1198 1173 1898
8273 4 2 6 17 540 539 1157 1870
8274 4 2 6 17 849 1152 1144 1913
8275 4 2 6 17 1359 1806 1663 1940
8276 4 2 6 17 563 715 712 1657
8277 4 2 6 17 807 465 467 1826
8278 4 2 6 17 476 477 478 1706
8279 4 2 6 17 1355 1528 1774 1942
8280 4 2 6 17 700 695 891 1845
8281 4 2 6 17 629 1028 1137 1847
8282 4 2 6 17 774 180 773 1583
8283 4 2 6 17 1099 1100 1101 1728
8284 4 2 6 17 990 748 747 1731
8285 4 2 6 17 627 917 622 1753
8286 4 2 6 17 1390 1764 1699 1891
8287 4 2 6 17 750 731 1062 1740
8288 4 2 6 17 179 703 28 1825
8289 4 2 6 17 1027 564 590 1670
8290 4 2 6 17 1104 1060 1048 1716
8291 4 2 6 17 1119 1120 674 1877
8292 4 2 6 17 28 703 464 1825
8293 4 2 6 17 1150 1101 1063 1728
8294 4 2 6 17 504 944 505 1919
8295 4 2 6 17 432 746 438 1823
8296 4 2 6 17 881 847 656 1798
8297 4 2 6 17 1021 1018 698 1723
8298 4 2 6 17 1141 575 572 1754
8299 4 2 6 17 558 449 1124 1925
8300 4 2 6 17 475 637 945 1889
8301 4 2 6 17 635 634 648 1821
8302 4 2 6 17 728 817 841 1917
8303 4 2 6 17 653 903 837 1791
8304 4 2 6 17 1209 202 1201 1888
8305 4 2 6 17 730 828 1009 1673
8306 4 2 6 17 1086 1135 734 1805
8307 4 2 6 17 1104 1048 1047 1880
8308 4 2 6 17 833 751 834 1824
8309 4 2 6 17 1214 1181 1217 1914
8310 4 2 6 17 871 744 870 1812
8311 4 2 6 17 922 1012 1085 1647
8312 4 2 6 17 1022 500 605 1674
8313 4 2 6 17 1407 1807 1771 1926
8314 4 2 6 17 692 1084 1083 1732
8315 4 2 6 17 706 708 642 1724
8316 4 2 6 17 196 197 787 1668
8317 4 2 6 17 767 768 769 1846
8318 4 2 6 17 662 194 1119 1877
8319 4 2 6 17 1093 977 1051 1911
8320 4 2 6 17 996 755 997 1681
8321 4 2 6 17 1073 1075 1074 1719
8322 4 2 6 17 898 853 872 1793
8323 4 2 6 17 1128 1104 809 1880
8324 4 2 6 17 844 190 191 1718
8325 4 2 6 17 1062 657 659 1930
8326 4 2 6 17 747 993 990 1731
8327 4 2 6 17 437 811 723 1739
8328 4 2 6 17 560 913 556 1875
8329 4 2 6 17 824 703 702 1941
8330 4 2 6 17 907 968 1136 1695
8331 4 2 6 17 665 667 821 1729
8332 4 2 6 17 450 930 453 1717
8333 4 2 6 17 1055 1052 1054 1916
8334 4 2 6 17 845 844 1144 1751
8335 4 2 6 17 913 554 556 1807
8336 4 2 6 17 435 722 1042 1686
8337 4 2 6 17 932 947 1026 1867
8338 4 2 6 17 475 785 468 1896
8339 4 2 6 17 683 685 891 1859
8340 4 2 6 17 1123 621 641 1703
8341 4 2 6 17 961 835 836 1854
8342 4 2 6 17 862 557 555 1884
8343 4 2 6 17 1110 1139 1111 1820
8344 4 2 6 17 559 540 760 1870
8345 4 2 6 17 1219 1170 1683 1939
8346 4 2 6 17 701 549 850 1936
8347 4 2 6 17 1091 686 920 1737
8348 4 2 6 17 194 193 1011 1570
8349 4 2 6 17 789 772 1119 1885
8350 4 2 6 17 456 576 457 1770
8351 4 2 6 17 1016 959 816 1932
8352 4 2 6 17 1021 1019 1018 1723
8353 4 2 6 17 660 1069 1038 1708
8354 4 2 6 17 597 887 885 1783
8355 4 2 6 17 538 1138 1076 1837
8356 4 2 6 17 1170 1169 1171 1727
8357 4 2 6 17 450 448 930 1717
8358 4 2 6 17 766 762 761 1769
8359 4 2 6 17 515 517 562 1691
8360 4 2 6 17 446 780 929 1842
8361 4 2 6 17 454 443 887 1783
8362 4 2 6 17 1017 938 939 1745
8363 4 2 6 17 631 632 439 1643
8364 4 2 6 17 746 861 438 1823
8365 4 2 6 17 668 607 669 1923
8366 4 2 6 17 1181 1163 1164 1782
8367 4 2 6 17 1197 1173 1198 1898
8368 4 2 6 17 940 1032 742 1702
8369 4 2 6 17 490 660 493 1857
8370 4 2 6 17 906 905 910 1918
8371 4 2 6 17 1771 1807 1341 1926
8372 4 2 6 17 554 913 956 1807
8373 4 2 6 17 798 582 795 1863
8374 4 2 6 17 674 1817 662 1877
8375 4 2 6 17 740 871 739 1812
8376 4 2 6 17 1135 988 734 1805
8377 4 2 6 17 582 581 795 1863
8378 4 2 6 17 674 1043 675 1817
8379 4 2 6 17 663 1152 849 1913
8380 4 2 6 17 1024 1031 1025 1762
8381 4 2 6 17 536 537 538 1837
8382 4 2 6 17 522 523 524 1700
8383 4 2 6 17 469 1055 914 1916
8384 4 2 6 17 851 1122 933 1928
8385 4 2 6 17 1207 1215 1214 1689
8386 4 2 6 17 770 768 767 1846
8387 4 2 6 17 697 548 553 1936
8388 4 2 6 17 815 648 810 1698
8389 4 2 6 17 694 735 695 1787
8390 4 2 6 17 661 654 569 1802
8391 4 2 6 17 540 559 763 1775
8392 4 2 6 17 535 545 424 1838
8393 4 2 6 17 830 831 829 1790
8394 4 2 6 17 509 440 1029 1856
8395 4 2 6 17 553 685 697 1859
8396 4 2 6 17 635 606 1130 1715
8397 4 2 6 17 514 426 1030 1920
8398 4 2 6 17 853 854 855 1793
8399 4 2 6 17 1139 979 1111 1820
8400 4 2 6 17 492 946 183 1814
8401 4 2 6 17 973 862 527 1884
8402 4 2 6 17 737 430 429 1704
8403 4 2 6 17 183 946 184 1814
8404 4 2 6 17 896 1039 1077 1746
8405 4 2 6 17 635 648 606 1821
8406 4 2 6 17 1025 1031 769 1762
8407 4 2 6 17 785 805 784 1851
8408 4 2 6 17 1101 1100 1063 1728
8409 4 2 6 17 785 945 806 1851
8410 4 2 6 17 1192 1173 1174 1764
8411 4 2 6 17 545 667 957 1838
8412 4 2 6 17 657 529 658 1778
8413 4 2 6 17 436 703 824 1941
8414 4 2 6 17 857 858 859 1750
8415 4 2 6 17 935 933 934 1666
8416 4 2 6 17 760 1157 1161 1870
8417 4 2 6 17 1006 1007 442 1763
8418 4 2 6 17 1140 969 971 1758
8419 4 2 6 17 200 1182 1213 1828
8420 4 2 6 17 643 1123 641 1703
8421 4 2 6 17 859 879 857 1750
8422 4 2 6 17 1196 1187 1172 1866
8423 4 2 6 17 700 701 696 1845
8424 4 2 6 17 708 707 1015 1803
8425 4 2 6 17 1044 1031 1095 1879
8426 4 2 6 17 1122 851 852 1928
8427 4 2 6 17 909 904 906 1918
8428 4 2 6 17 1150 494 753 1876
8429 4 2 6 17 526 533 784 1726
8430 4 2 6 17 596 587 1008 1808
8431 4 2 6 17 596 1008 983 1808
8432 4 2 6 17 1037 1036 960 1910
8433 4 2 6 17 1005 800 954 1772
8434 4 2 6 17 842 725 841 1917
8435 4 2 6 17 961 836 502 1854
8436 4 2 6 17 433 434 432 1642
8437 4 2 6 17 917 766 919 1769
8438 4 2 6 17 1148 802 803 1853
8439 4 2 6 17 494 496 753 1876
8440 4 2 6 17 480 749 751 1730
8441 4 2 6 17 541 908 671 1781
8442 4 2 6 17 577 457 576 1770
8443 4 2 6 17 440 442 1029 1856
8444 4 2 6 17 1195 1167 1168 1741
8445 4 2 6 17 913 954 956 1807
8446 4 2 6 17 1155 1004 560 1875
8447 4 2 6 17 927 1109 928 1908
8448 4 2 6 17 885 887 443 1783
8449 4 2 6 17 658 660 659 1857
8450 4 2 6 17 544 888 583 1725
8451 4 2 6 17 551 780 446 1842
8452 4 2 6 17 472 791 473 1773
8453 4 2 6 17 828 512 807 1761
8454 4 2 6 17 1126 633 603 1789
8455 4 2 6 17 627 916 917 1753
8456 4 2 6 17 655 542 544 1904
8457 4 2 6 17 608 1130 606 1715
8458 4 2 6 17 763 559 764 1775
8459 4 2 6 17 542 655 656 1904
8460 4 2 6 17 469 1052 1055 1916
8461 4 2 6 17 806 910 937 1776
8462 4 2 6 17 735 736 695 1787
8463 4 2 6 17 1040 616 615 1738
8464 4 2 6 17 745 1030 428 1920
8465 4 2 6 17 871 740 744 1812
8466 4 2 6 17 1153 678 994 1869
8467 4 2 6 17 669 739 668 1923
8468 4 2 6 17 1035 473 791 1816
8469 4 2 6 17 504 505 506 1919
8470 4 2 6 17 913 560 1004 1875
8471 4 2 6 17 1076 779 536 1837
8472 4 2 6 17 696 694 695 1845
8473 4 2 6 17 920 686 923 1737
8474 4 2 6 17 573 572 575 1754
8475 4 2 6 17 558 447 449 1925
8476 4 2 6 17 663 662 674 1817
8477 4 2 6 17 936 806 937 1776
8478 4 2 6 17 1081 1026 947 1867
8479 4 2 6 17 809 1104 1047 1880
8480 4 2 6 17 466 474 467 1826
8481 4 2 6 17 980 1031 1044 1879
8482 4 2 6 17 541 540 908 1781
8483 4 2 6 17 1037 1083 1036 1910
8484 4 2 6 17 980 882 1031 1879
8485 4 2 6 17 1176 30 1177 1860
8486 4 2 6 17 491 493 1109 1908
8487 4 2 6 17 1193 1173 1192 1764
8488 4 2 6 17 1108 657 1062 1930
8489 4 2 6 17 785 806 805 1851
8490 4 2 6 17 932 939 931 1835
8491 4 2 6 17 1216 1169 1170 1939
8492 4 2 6 17 485 665 666 1729
8493 4 2 6 17 665 485 667 1729
8494 4 2 6 17 457 569 455 1924
8495 4 2 6 17 976 977 781 1911
8496 4 2 6 17 935 934 593 1666
8497 4 2 6 17 707 1013 1015 1803
8498 4 2 6 17 957 424 545 1838
8499 4 2 6 17 456 457 455 1924
8500 4 2 6 17 1016 1162 959 1932
8501 4 2 6 17 1093 781 977 1911
8502 4 2 6 17 529 531 658 1778
8503 4 2 6 17 1001 1081 947 1867
8504 4 2 6 17 1005 801 800 1772
8505 4 2 6 17 748 903 653 1791
8506 4 2 6 17 678 846 994 1869
8507 4 2 6 17 557 862 973 1884
8508 4 2 6 17 728 841 725 1917
8509 4 2 6 17 549 701 553 1936
8510 4 2 6 17 525 549 548 1936
8511 4 2 6 17 931 709 932 1835
8512 4 2 6 17 959 1162 1037 1932
8513 4 2 6 17 761 919 766 1769
8514 4 2 6 17 493 660 658 1857
8515 4 2 6 17 1119 674 662 1877
8516 4 2 6 17 898 854 853 1793
8517 4 2 6 17 674 675 663 1817
8518 4 2 6 17 891 685 553 1859
8519 4 2 6 17 731 1108 1062 1930
8520 4 2 6 17 790 791 472 1773
8521 4 2 6 17 460 636 637 1889
8522 4 2 6 17 695 700 696 1845
8523 4 2 6 17 803 1143 1148 1853
8524 4 2 6 17 553 548 549 1936
8525 4 2 6 17 1090 1035 792 1816
8526 4 2 6 17 466 467 465 1826
8527 4 2 6 17 1030 426 428 1920
8528 4 2 6 17 622 623 624 1701
8529 4 2 6 17 1109 927 491 1908
8530 4 2 6 17 1090 473 1035 1816
8531 4 2 6 17 1219 1216 1170 1939
8532 4 2 6 17 538 1076 536 1837
8533 4 2 6 17 460 637 475 1889
8534 4 2 6 17 1211 1199 1176 1927
8535 4 2 6 17 1220 1178 1169 1906
8536 4 2 6 17 1148 1143 1147 1853
8537 4 2 6 17 1157 760 540 1870
8538 4 2 6 17 905 906 904 1918
8539 4 2 6 17 1733 1745 1776 1446
8540 4 2 6 17 1776 1745 1733 1344
8541 4 2 6 17 1900 1568 1721 1188
8542 4 2 6 17 1900 1721 1568 1365
8543 4 2 6 17 1662 1519 1690 1655
8544 4 2 6 17 1662 1690 1519 1415
8545 4 2 6 17 1537 1520 1559 1322
8546 4 2 6 17 1537 1559 1520 1293
8547 4 2 6 17 1845 1873 1936 1493
8548 4 2 6 17 1936 1873 1845 1360
8549 4 2 6 17 1640 1527 1552 1354
8550 4 2 6 17 1640 1552 1527 1298
8551 4 2 6 17 1457 1082 719 528
8552 4 2 6 17 1457 719 1082 1393
8553 4 2 6 17 1803 1344 1285 1420
8554 4 2 6 17 1803 1285 1344 1447
8555 4 2 6 17 1463 1034 1020 1098
8556 4 2 6 17 1463 1020 1034 1374
8557 4 2 6 17 1548 1610 1695 1498
8558 4 2 6 17 1695 1610 1548 1296
8559 4 2 6 17 1680 1708 613 1070
8560 4 2 6 17 613 1708 1680 1345
8561 4 2 6 17 1700 647 548 523
8562 4 2 6 17 1700 548 647 1496
8563 4 2 6 17 1794 1392 1844 1573
8564 4 2 6 17 1794 1844 1392 1744
8565 4 2 6 17 1935 1327 1282 1549
8566 4 2 6 17 1935 1282 1327 1490
8567 4 2 6 17 1489 1713 1579 1283
8568 4 2 6 17 1579 1713 1489 1368
8569 4 2 6 17 1792 1479 1414 1343
8570 4 2 6 17 1792 1414 1479 1263
8571 4 2 6 17 1828 1314 1662 1489
8572 4 2 6 17 1828 1662 1314 1377
8573 4 2 6 17 1619 1817 575 1332
8574 4 2 6 17 575 1817 1619 675
8575 4 2 6 17 1613 528 1726 532
8576 4 2 6 17 1613 1726 528 1457
8577 4 2 6 17 1929 1424 1630 1683
8578 4 2 6 17 1929 1630 1424 1542
8579 4 2 6 17 1509 1067 875 1383
8580 4 2 6 17 1509 875 1067 984
8581 4 2 6 17 895 1868 819 839
8582 4 2 6 17 819 1868 895 1472
8583 4 2 6 17 1900 1554 1280 1392
8584 4 2 6 17 1900 1280 1554 1365
8585 4 2 6 17 1533 1727 1502 1179
8586 4 2 6 17 1502 1727 1533 1335
8587 4 2 6 17 1744 1371 1546 1672
8588 4 2 6 17 1744 1546 1371 1392
8589 4 2 6 17 1594 613 1708 609
8590 4 2 6 17 1594 1708 613 1345
8591 4 2 6 17 1432 1813 1542 1352
8592 4 2 6 17 1542 1813 1432 1284
8593 4 2 6 17 1838 484 1729 957
8594 4 2 6 17 1838 1729 484 1352
8595 4 2 6 17 1814 1160 646 183
8596 4 2 6 17 1814 646 1160 1336
8597 4 2 6 17 1538 1801 1605 1288
8598 4 2 6 17 1605 1801 1538 1374
8599 4 2 6 17 1912 726 1599 1509
8600 4 2 6 17 1912 1599 726 619
8601 4 2 6 17 1789 1135 602 603
8602 4 2 6 17 1560 1616 1437 1331
8603 4 2 6 17 1437 1616 1560 1359
8604 4 2 6 17 1742 1811 1507 1346
8605 4 2 6 17 1507 1811 1742 1452
8606 4 2 6 17 1871 1398 1417 1292
8607 4 2 6 17 1417 1398 1871 1512
8608 4 2 6 17 1417 1387 1871 1292
8609 4 2 6 17 1871 1387 1417 1512
8610 4 2 6 17 1931 1348 1272 1747
8611 4 2 6 17 1931 1272 1348 1569
8612 4 2 6 17 1619 955 1153 1434
8613 4 2 6 17 1619 1153 955 952
8614 4 2 6 17 1711 1287 1669 1534
8615 4 2 6 17 1711 1669 1287 1477
8616 4 2 6 17 1395 1845 694 1477
8617 4 2 6 17 694 1845 1395 1787
8618 4 2 6 17 1878 1322 1559 1520
8619 4 2 6 17 1878 1559 1322 1508
8620 4 2 6 17 1934 1194 29 1586
8621 4 2 6 17 1934 29 1194 1204
8622 4 2 6 17 1703 868 1379 1650
8623 4 2 6 17 1703 1379 868 617
8624 4 2 6 17 1585 727 1657 1429
8625 4 2 6 17 1585 1657 727 986
8626 4 2 6 17 1872 1501 1283 1345
8627 4 2 6 17 1283 1501 1872 1579
8628 4 2 6 17 1283 1713 1872 1345
8629 4 2 6 17 1872 1713 1283 1579
8630 4 2 6 17 1533 1782 1178 1164
8631 4 2 6 17 1178 1782 1533 1330
8632 4 2 6 17 1498 873 721 1494
8633 4 2 6 17 1498 721 873 724
8634 4 2 6 17 1589 1065 1798 1514
8635 4 2 6 17 1589 1798 1065 1064
8636 4 2 6 17 1590 680 1869 1389
8637 4 2 6 17 1590 1869 680 679
8638 4 2 6 17 1810 1284 1384 1658
8639 4 2 6 17 1810 1384 1284 1456
8640 4 2 6 17 1853 757 1590 803
8641 4 2 6 17 1853 1590 757 1466
8642 4 2 6 17 1520 1702 1606 1322
8643 4 2 6 17 1606 1702 1520 1374
8644 4 2 6 17 1738 868 1742 1379
8645 4 2 6 17 1738 1742 868 615
8646 4 2 6 17 1701 869 1000 624
8647 4 2 6 17 1701 1000 869 1452
8648 4 2 6 17 1644 1096 1787 1445
8649 4 2 6 17 1644 1787 1096 1097
8650 4 2 6 17 1763 1548 893 1472
8651 4 2 6 17 1763 893 1548 894
8652 4 2 6 17 892 893 1548 1472
8653 4 2 6 17 892 1548 893 894
8654 4 2 6 17 1637 1154 1050 1049
8655 4 2 6 17 1637 1050 1154 1402
8656 4 2 6 17 1203 1705 1909 1196
8657 4 2 6 17 1909 1705 1203 1557
8658 4 2 6 17 1683 1212 1211 1219
8659 4 2 6 17 1683 1211 1212 1424
8660 4 2 6 17 1402 1875 1611 1155
8661 4 2 6 17 1402 1611 1875 1427
8662 4 2 6 17 1114 1611 1875 1155
8663 4 2 6 17 1114 1875 1611 1427
8664 4 2 6 17 1629 1683 1561 1348
8665 4 2 6 17 1561 1683 1629 1200
8666 4 2 6 17 1688 1716 1543 1404
8667 4 2 6 17 1543 1716 1688 1428
8668 4 2 6 17 673 1698 614 815
8669 4 2 6 17 614 1698 673 1460
8670 4 2 6 17 1810 1937 1482 1279
8671 4 2 6 17 1482 1937 1810 1384
8672 4 2 6 17 1865 1330 1323 1533
8673 4 2 6 17 1865 1323 1330 1534
8674 4 2 6 17 1731 1722 1468 1364
8675 4 2 6 17 1731 1468 1722 1340
8676 4 2 6 17 599 1701 1000 623
8677 4 2 6 17 1000 1701 599 1452
8678 4 2 6 17 1826 942 1504 1421
8679 4 2 6 17 1826 1504 942 465
8680 4 2 6 17 1791 992 990 903
8681 4 2 6 17 1791 990 992 1468
8682 4 2 6 17 1713 1594 1649 1345
8683 4 2 6 17 1713 1649 1594 1300
8684 4 2 6 17 1754 713 953 1407
8685 4 2 6 17 1754 953 713 572
8686 4 2 6 17 1917 816 727 728
8687 4 2 6 17 1917 727 816 1429
8688 4 2 6 17 1726 532 470 1613
8689 4 2 6 17 1726 470 532 533
8690 4 2 6 17 1773 1270 1412 1601
8691 4 2 6 17 1773 1412 1270 1462
8692 4 2 6 17 1837 1645 1304 1353
8693 4 2 6 17 1304 1645 1837 1575
8694 4 2 6 17 1304 1774 1837 1353
8695 4 2 6 17 1837 1774 1304 1575
8696 4 2 6 17 1643 901 598 632
8697 4 2 6 17 1643 598 901 1612
8698 4 2 6 17 1642 951 1812 1459
8699 4 2 6 17 1642 1812 951 434
8700 4 2 6 17 870 1812 951 1459
8701 4 2 6 17 870 951 1812 434
8702 4 2 6 17 1659 1848 1549 1290
8703 4 2 6 17 1549 1848 1659 1386
8704 4 2 6 17 1603 1939 1438 1216
8705 4 2 6 17 1438 1939 1603 1362
8706 4 2 6 17 1770 1093 1051 1450
8707 4 2 6 17 1770 1051 1093 576
8708 4 2 6 17 1644 909 1014 1003
8709 4 2 6 17 1644 1014 909 1447
8710 4 2 6 17 1892 1366 1293 1474
8711 4 2 6 17 1892 1293 1366 1641
8712 4 2 6 17 1586 1741 1500 1168
8713 4 2 6 17 1500 1741 1586 1370
8714 4 2 6 17 1352 484 1849 1729
8715 4 2 6 17 485 484 1849 483
8716 4 2 6 17 485 1849 484 1729
8717 4 2 6 17 1285 1902 1515 1431
8718 4 2 6 17 1285 1515 1902 1653
8719 4 2 6 17 1310 1515 1902 1431
8720 4 2 6 17 1310 1902 1515 1653
8721 4 2 6 17 1727 1705 1172 1378
8722 4 2 6 17 1727 1172 1705 1171
8723 4 2 6 17 1861 1899 1523 1278
8724 4 2 6 17 1523 1899 1861 1396
8725 4 2 6 17 1787 762 1097 1395
8726 4 2 6 17 1787 1097 762 735
8727 4 2 6 17 1691 925 516 517
8728 4 2 6 17 1691 516 925 1464
8729 4 2 6 17 1570 796 729 1011
8730 4 2 6 17 1570 729 796 1442
8731 4 2 6 17 1786 1601 1305 1412
8732 4 2 6 17 1786 1305 1601 1693
8733 4 2 6 17 1547 571 1754 574
8734 4 2 6 17 1547 1754 571 1461
8735 4 2 6 17 1674 835 996 1022
8736 4 2 6 17 1674 996 835 1440
8737 4 2 6 17 1769 771 1395 1515
8738 4 2 6 17 1769 1395 771 762
8739 4 2 6 17 1708 611 609 1038
8740 4 2 6 17 1708 609 611 1594
8741 4 2 6 17 1917 1281 1564 1459
8742 4 2 6 17 1917 1564 1281 1815
8743 4 2 6 17 1460 1555 1383 1874
8744 4 2 6 17 1383 1555 1460 1923
8745 4 2 6 17 1906 1179 1727 1533
8746 4 2 6 17 1906 1727 1179 1169
8747 4 2 6 17 1854 1373 1620 1521
8748 4 2 6 17 1854 1620 1373 1580
8749 4 2 6 17 1142 1704 431 430
8750 4 2 6 17 431 1704 1142 1478
8751 4 2 6 17 1808 474 1451 1008
8752 4 2 6 17 1808 1451 474 1582
8753 4 2 6 17 1010 1451 474 1008
8754 4 2 6 17 1010 474 1451 1582
8755 4 2 6 17 1603 1927 1212 1176
8756 4 2 6 17 1212 1927 1603 1424
8757 4 2 6 17 1892 1890 1366 1474
8758 4 2 6 17 1892 1366 1890 1467
8759 4 2 6 17 1757 1710 1775 1366
8760 4 2 6 17 1757 1775 1710 1327
8761 4 2 6 17 1755 1194 1391 1586
8762 4 2 6 17 1755 1391 1194 1166
8763 4 2 6 17 1934 1391 1194 1586
8764 4 2 6 17 1934 1194 1391 1166
8765 4 2 6 17 1042 1738 550 1040
8766 4 2 6 17 550 1738 1042 1686
8767 4 2 6 17 942 1761 1826 807
8768 4 2 6 17 1826 1761 942 1421
8769 4 2 6 17 1206 1721 1188 1207
8770 4 2 6 17 1188 1721 1206 1568
8771 4 2 6 17 1772 1151 955 1434
8772 4 2 6 17 1772 955 1151 800
8773 4 2 6 17 1643 975 979 1522
8774 4 2 6 17 1643 979 975 631
8775 4 2 6 17 1914 1640 1481 1409
8776 4 2 6 17 1914 1481 1640 1354
8777 4 2 6 17 1486 1481 1640 1409
8778 4 2 6 17 1486 1640 1481 1354
8779 4 2 6 17 1725 786 507 583
8780 4 2 6 17 1725 507 786 1543
8781 4 2 6 17 1742 865 869 864
8782 4 2 6 17 1742 869 865 1452
8783 4 2 6 17 1751 1158 846 1475
8784 4 2 6 17 1751 846 1158 845
8785 4 2 6 17 1632 991 1910 960
8786 4 2 6 17 1632 1910 991 1468
8787 4 2 6 17 677 1785 605 676
8788 4 2 6 17 605 1785 677 1674
8789 4 2 6 17 1686 547 550 1444
8790 4 2 6 17 1686 550 547 722
8791 4 2 6 17 1803 918 1515 1015
8792 4 2 6 17 1803 1515 918 1431
8793 4 2 6 17 1728 949 1099 1100
8794 4 2 6 17 1728 1099 949 1478
8795 4 2 6 17 1918 937 910 1776
8796 4 2 6 17 1918 910 937 905
8797 4 2 6 17 1853 1147 1136 1143
8798 4 2 6 17 804 1776 1851 806
8799 4 2 6 17 1851 1776 804 1637
8800 4 2 6 17 1853 511 1136 1147
8801 4 2 6 17 1853 1136 511 1695
8802 4 2 6 17 1912 1678 1525 1297
8803 4 2 6 17 1912 1525 1678 1397
8804 4 2 6 17 1836 1165 1195 1163
8805 4 2 6 17 1836 1195 1165 1500
8806 4 2 6 17 1805 602 1789 1135
8807 4 2 6 17 1805 1789 602 1381
8808 4 2 6 17 1762 1747 1621 1321
8809 4 2 6 17 1762 1621 1747 1413
8810 4 2 6 17 817 1932 1429 816
8811 4 2 6 17 1429 1932 817 1632
8812 4 2 6 17 1761 487 488 512
8813 4 2 6 17 1761 488 487 1523
8814 4 2 6 17 1921 1629 1495 1185
8815 4 2 6 17 1921 1495 1629 1358
8816 4 2 6 17 1652 1495 1629 1185
8817 4 2 6 17 1652 1629 1495 1358
8818 4 2 6 17 1823 740 432 746
8819 4 2 6 17 1823 432 740 1812
8820 4 2 6 17 1923 673 1555 1460
8821 4 2 6 17 1923 1555 673 669
8822 4 2 6 17 1759 1915 1478 1267
8823 4 2 6 17 1478 1915 1759 1416
8824 4 2 6 17 426 1920 427 428
8825 4 2 6 17 426 427 1920 1682
8826 4 2 6 17 879 427 1920 428
8827 4 2 6 17 879 1920 427 1682
8828 4 2 6 17 1885 1720 1668 1388
8829 4 2 6 17 1885 1668 1720 1400
8830 4 2 6 17 1924 681 654 455
8831 4 2 6 17 1924 654 681 1483
8832 4 2 6 17 1851 526 784 1726
8833 4 2 6 17 1851 784 526 805
8834 4 2 6 17 1682 901 857 1612
8835 4 2 6 17 1682 857 901 427
8836 4 2 6 17 1691 433 711 515
8837 4 2 6 17 1691 711 433 1642
8838 4 2 6 17 1877 664 1817 662
8839 4 2 6 17 1877 1817 664 1399
8840 4 2 6 17 1918 1531 637 1889
8841 4 2 6 17 1918 1013 909 904
8842 4 2 6 17 1918 909 1013 1447
8843 4 2 6 17 1682 632 439 427
8844 4 2 6 17 1682 439 632 1643
8845 4 2 6 17 1803 709 1724 707
8846 4 2 6 17 1803 1724 709 1420
8847 4 2 6 17 706 1724 709 707
8848 4 2 6 17 706 709 1724 1420
8849 4 2 6 17 1698 1874 1920 1460
8850 4 2 6 17 1920 1874 1698 1405
8851 4 2 6 17 983 1826 1808 466
8852 4 2 6 17 1808 1826 983 1504
8853 4 2 6 17 1021 1859 698 685
8854 4 2 6 17 698 1859 1021 1723
8855 4 2 6 17 1735 1785 1709 1478
8856 4 2 6 17 1709 1785 1735 1347
8857 4 2 6 17 1464 516 1823 1642
8858 4 2 6 17 433 516 1823 438
8859 4 2 6 17 433 1823 516 1642
8860 4 2 6 17 1801 1883 1605 1288
8861 4 2 6 17 1605 1883 1801 1425
8862 4 2 6 17 1942 1825 1941 1355
8863 4 2 6 17 1942 1941 1825 1448
8864 4 2 6 17 1916 461 1471 1707
8865 4 2 6 17 1916 1471 461 469
8866 4 2 6 17 468 1471 461 1707
8867 4 2 6 17 468 461 1471 469
8868 4 2 6 17 945 1918 637 906
8869 4 2 6 17 637 1918 945 1531
8870 4 2 6 17 845 1913 1144 1152
8871 4 2 6 17 1144 1913 845 1751
8872 4 2 6 17 1880 810 513 809
8873 4 2 6 17 1880 513 810 1698
8874 4 2 6 17 1443 1870 447 760
8875 4 2 6 17 1443 447 1870 1775
8876 4 2 6 17 559 447 1870 760
8877 4 2 6 17 559 1870 447 1775
8878 4 2 6 17 1597 1764 1481 1174
8879 4 2 6 17 1481 1764 1597 1367
8880 4 2 6 17 1898 1764 1175 1173
8881 4 2 6 17 1597 1764 1898 1367
8882 4 2 6 17 1597 1898 1764 1175
8883 4 2 6 17 484 1849 1645 1352
8884 4 2 6 17 484 1645 1849 483
8885 4 2 6 17 516 1823 1105 1464
8886 4 2 6 17 516 1105 1823 438
8887 4 2 5 18 2011 2167 1994 2202
8888 4 2 5 18 158 1249 204 32
8889 4 2 5 18 1239 131 357 19
8890 4 2 5 18 50 109 2005 2193
8891 4 2 5 18 324 16 1229 118
8892 4 2 5 18 2031 1995 2142 2169
8893 4 2 5 18 2011 2072 1947 2075
8894 4 2 5 18 2029 2094 1988 2132
8895 4 2 5 18 329 330 333 2126
8896 4 2 5 18 150 1243 381 1257
8897 4 2 5 18 79 286 80 1967
8898 4 2 5 18 1231 16 324 2171
8899 4 2 5 18 56 2004 2079 2208
8900 4 2 5 18 209 2028 1977 2046
8901 4 2 5 18 208 1969 1990 2159
8902 4 2 5 18 225 46 4 2144
8903 4 2 5 18 1949 2009 1979 2076
8904 4 2 5 18 1957 1989 142 2045
8905 4 2 5 18 57 2044 251 2118
8906 4 2 5 18 1234 1240 1232 2097
8907 4 2 5 18 93 1257 1254 2049
8908 4 2 5 18 354 128 127 2105
8909 4 2 5 18 56 247 248 2079
8910 4 2 5 18 1255 1968 1229 2221
8911 4 2 5 18 209 1988 1977 2094
8912 4 2 5 18 209 1977 1988 2046
8913 4 2 5 18 176 175 422 2085
8914 4 2 5 18 1232 250 241 48
8915 4 2 5 18 247 2004 251 2044
8916 4 2 5 18 173 2111 2101 2176
8917 4 2 5 18 1951 2062 2154 2179
8918 4 2 5 18 1239 31 207 2080
8919 4 2 5 18 2013 2028 1977 2163
8920 4 2 5 18 79 78 286 1967
8921 4 2 5 18 161 162 397 2153
8922 4 2 5 18 1238 31 1239 2080
8923 4 2 5 18 142 141 1957 2045
8924 4 2 5 18 169 170 421 2216
8925 4 2 5 18 2031 2142 214 2169
8926 4 2 5 18 1989 2032 1950 2105
8927 4 2 5 18 1975 1991 1982 2059
8928 4 2 5 18 56 251 247 2004
8929 4 2 5 18 372 1225 145 144
8930 4 2 5 18 1950 1989 1957 2045
8931 4 2 5 18 37 2125 2034 2160
8932 4 2 5 18 1982 2055 1975 2059
8933 4 2 5 18 361 2158 2129 2173
8934 4 2 5 18 80 286 81 1967
8935 4 2 5 18 1244 32 1247 2110
8936 4 2 5 18 289 89 2028 2038
8937 4 2 5 18 208 1987 1969 2159
8938 4 2 5 18 207 2081 2080 2114
8939 4 2 5 18 1979 2009 1949 2112
8940 4 2 5 18 1980 1981 2121 2158
8941 4 2 5 18 214 1995 2031 2134
8942 4 2 5 18 1975 1947 2055 2093
8943 4 2 5 18 62 267 63 2109
8944 4 2 5 18 1981 2036 1980 2121
8945 4 2 5 18 67 68 1227 1956
8946 4 2 5 18 144 145 389 2155
8947 4 2 5 18 173 2138 174 2176
8948 4 2 5 18 1988 2094 1964 2187
8949 4 2 5 18 372 1257 1243 1225
8950 4 2 5 18 147 388 148 1990
8951 4 2 5 18 211 2094 2029 2132
8952 4 2 5 18 345 348 121 2033
8953 4 2 5 18 2152 2203 2126 2204
8954 4 2 5 18 2009 2076 1949 2181
8955 4 2 5 18 1984 2039 2098 2181
8956 4 2 5 18 2121 2158 361 2173
8957 4 2 5 18 114 327 113 2075
8958 4 2 5 18 131 1239 357 1251
8959 4 2 5 18 134 97 2014 2173
8960 4 2 5 18 1982 2059 1991 2070
8961 4 2 5 18 329 328 330 2127
8962 4 2 5 18 56 248 55 2026
8963 4 2 5 18 1232 54 53 239
8964 4 2 5 18 84 2091 2013 2156
8965 4 2 5 18 100 1224 1250 1972
8966 4 2 5 18 332 323 111 1953
8967 4 2 5 18 318 1959 317 1961
8968 4 2 5 18 1973 2130 1998 2189
8969 4 2 5 18 375 377 153 2220
8970 4 2 5 18 1991 2070 2059 2222
8971 4 2 5 18 2022 2130 1998 2197
8972 4 2 5 18 1988 2029 1964 2094
8973 4 2 5 18 214 2013 2102 2134
8974 4 2 5 18 2027 2009 2112 2157
8975 4 2 5 18 1947 213 2011 2075
8976 4 2 5 18 214 2031 2013 2134
8977 4 2 5 18 2018 2125 2027 2160
8978 4 2 5 18 1226 1227 1228 1944
8979 4 2 5 18 103 2012 102 2067
8980 4 2 5 18 1969 1987 1945 2084
8981 4 2 5 18 1227 1247 1248 1956
8982 4 2 5 18 1975 1991 2059 2222
8983 4 2 5 18 359 2129 361 2158
8984 4 2 5 18 1995 2103 2031 2134
8985 4 2 5 18 1947 1975 1991 2093
8986 4 2 5 18 1224 99 318 2100
8987 4 2 5 18 147 2006 1990 2067
8988 4 2 5 18 1992 2070 1991 2222
8989 4 2 5 18 1975 2055 1982 2093
8990 4 2 5 18 1973 2095 2029 2189
8991 4 2 5 18 2000 2084 2017 2229
8992 4 2 5 18 213 1947 1975 1991
8993 4 2 5 18 81 286 82 1967
8994 4 2 5 18 2047 2052 2031 2169
8995 4 2 5 18 1995 2105 2103 2134
8996 4 2 5 18 1991 2011 213 2075
8997 4 2 5 18 1987 1990 1969 2159
8998 4 2 5 18 2031 2103 2013 2134
8999 4 2 5 18 127 347 2120 2147
9000 4 2 5 18 1257 93 291 94
9001 4 2 5 18 214 2031 1995 2142
9002 4 2 5 18 103 2012 2067 2217
9003 4 2 5 18 324 15 1230 2171
9004 4 2 5 18 83 1981 2091 2121
9005 4 2 5 18 1964 2029 1973 2095
9006 4 2 5 18 141 2091 2045 2158
9007 4 2 5 18 348 350 121 2010
9008 4 2 5 18 152 153 377 2092
9009 4 2 5 18 78 77 286 1967
9010 4 2 5 18 206 1241 2074 2228
9011 4 2 5 18 122 350 351 2139
9012 4 2 5 18 214 1995 2134 2142
9013 4 2 5 18 251 2044 2004 2118
9014 4 2 5 18 1982 1991 1975 2093
9015 4 2 5 18 219 1946 1986 2190
9016 4 2 5 18 147 1990 148 2067
9017 4 2 5 18 1946 1993 2034 2190
9018 4 2 5 18 374 2038 1966 2217
9019 4 2 5 18 134 2098 97 2173
9020 4 2 5 18 219 2044 1946 2190
9021 4 2 5 18 216 2031 214 2169
9022 4 2 5 18 1964 2029 1988 2110
9023 4 2 5 18 289 1966 2038 2163
9024 4 2 5 18 1964 2094 2029 2095
9025 4 2 5 18 235 1986 231 2174
9026 4 2 5 18 208 1990 1969 2133
9027 4 2 5 18 1947 1991 213 2075
9028 4 2 5 18 83 2013 84 2091
9029 4 2 5 18 1969 1987 208 2132
9030 4 2 5 18 136 369 360 2039
9031 4 2 5 18 210 2041 1985 2184
9032 4 2 5 18 274 2043 271 2047
9033 4 2 5 18 39 2027 38 2062
9034 4 2 5 18 79 80 1236 1967
9035 4 2 5 18 154 2038 375 2220
9036 4 2 5 18 231 2160 234 2174
9037 4 2 5 18 44 235 43 2053
9038 4 2 5 18 251 2004 56 2118
9039 4 2 5 18 1958 2063 2057 2085
9040 4 2 5 18 1993 2174 2034 2190
9041 4 2 5 18 2013 2103 2102 2134
9042 4 2 5 18 346 350 2120 2139
9043 4 2 5 18 1984 2098 2076 2181
9044 4 2 5 18 405 162 163 2061
9045 4 2 5 18 305 103 313 2164
9046 4 2 5 18 209 1988 1987 2046
9047 4 2 5 18 103 305 102 2012
9048 4 2 5 18 83 1981 2013 2091
9049 4 2 5 18 2011 2162 2167 2202
9050 4 2 5 18 50 2048 109 2193
9051 4 2 5 18 1990 2001 1969 2133
9052 4 2 5 18 37 2008 36 2034
9053 4 2 5 18 1998 1973 2096 2130
9054 4 2 5 18 2022 1998 2130 2189
9055 4 2 5 18 1987 1988 209 2132
9056 4 2 5 18 2004 2044 1985 2118
9057 4 2 5 18 2031 2052 1995 2169
9058 4 2 5 18 1966 2159 2038 2163
9059 4 2 5 18 220 2013 1977 2163
9060 4 2 5 18 392 391 156 2000
9061 4 2 5 18 56 248 2026 2079
9062 4 2 5 18 392 396 391 2061
9063 4 2 5 18 1966 1984 2036 2180
9064 4 2 5 18 2127 2126 2203 2204
9065 4 2 5 18 249 246 49 2005
9066 4 2 5 18 346 350 2139 2172
9067 4 2 5 18 1946 2198 2044 2223
9068 4 2 5 18 1980 2129 2158 2173
9069 4 2 5 18 43 236 42 2088
9070 4 2 5 18 146 147 2006 2229
9071 4 2 5 18 303 92 91 1974
9072 4 2 5 18 160 159 393 2182
9073 4 2 5 18 235 43 2053 2088
9074 4 2 5 18 1975 2059 2055 2172
9075 4 2 5 18 1985 2015 1960 2178
9076 4 2 5 18 83 1981 289 2013
9077 4 2 5 18 219 1986 1946 2125
9078 4 2 5 18 89 2028 2038 2226
9079 4 2 5 18 209 2038 2028 2220
9080 4 2 5 18 84 85 1957 2156
9081 4 2 5 18 23 2182 2065 2184
9082 4 2 5 18 147 1990 2006 2084
9083 4 2 5 18 1973 2029 2021 2189
9084 4 2 5 18 359 2045 1980 2158
9085 4 2 5 18 1966 218 2159 2163
9086 4 2 5 18 128 2104 2055 2147
9087 4 2 5 18 421 170 171 2170
9088 4 2 5 18 106 1971 1225 2155
9089 4 2 5 18 68 269 69 2138
9090 4 2 5 18 173 2101 2111 2208
9091 4 2 5 18 100 319 99 2099
9092 4 2 5 18 2036 2121 361 2173
9093 4 2 5 18 129 130 2024 2056
9094 4 2 5 18 1991 2177 2070 2193
9095 4 2 5 18 348 2010 121 2033
9096 4 2 5 18 389 145 146 1971
9097 4 2 5 18 416 414 413 2073
9098 4 2 5 18 2022 1998 2167 2197
9099 4 2 5 18 1949 2010 2009 2181
9100 4 2 5 18 1960 2015 1985 2071
9101 4 2 5 18 1234 205 1240 2123
9102 4 2 5 18 1949 2010 2181 2196
9103 4 2 5 18 1991 2054 1992 2162
9104 4 2 5 18 1991 2054 2011 2075
9105 4 2 5 18 152 151 390 1974
9106 4 2 5 18 1994 2052 1965 2169
9107 4 2 5 18 1950 2032 2002 2134
9108 4 2 5 18 213 1975 212 1991
9109 4 2 5 18 238 42 41 2051
9110 4 2 5 18 2002 2147 2010 2172
9111 4 2 5 18 1951 2154 2145 2179
9112 4 2 5 18 1958 2140 2106 2218
9113 4 2 5 18 83 2037 1981 2121
9114 4 2 5 18 168 421 167 2216
9115 4 2 5 18 1992 1991 2070 2193
9116 4 2 5 18 129 341 128 2055
9117 4 2 5 18 51 50 242 2198
9118 4 2 5 18 1966 2036 1981 2121
9119 4 2 5 18 1967 1988 1964 2187
9120 4 2 5 18 218 2012 1966 2159
9121 4 2 5 18 2022 2162 2111 2208
9122 4 2 5 18 2004 2111 2162 2208
9123 4 2 5 18 207 1239 2080 2081
9124 4 2 5 18 1949 2181 1980 2196
9125 4 2 5 18 1985 2044 2004 2178
9126 4 2 5 18 329 333 326 2126
9127 4 2 5 18 1965 2023 1998 2043
9128 4 2 5 18 141 1957 2045 2091
9129 4 2 5 18 2002 1975 2147 2172
9130 4 2 5 18 1960 2044 1985 2178
9131 4 2 5 18 35 227 36 2175
9132 4 2 5 18 333 2005 109 2193
9133 4 2 5 18 2054 2126 2011 2203
9134 4 2 5 18 2022 2197 2167 2202
9135 4 2 5 18 288 90 2007 2028
9136 4 2 5 18 147 2084 2006 2229
9137 4 2 5 18 330 2005 333 2126
9138 4 2 5 18 1979 2009 2027 2076
9139 4 2 5 18 57 251 56 2118
9140 4 2 5 18 1985 2044 1960 2071
9141 4 2 5 18 2028 2038 209 2163
9142 4 2 5 18 2133 2178 2050 2184
9143 4 2 5 18 323 112 111 1242
9144 4 2 5 18 375 2038 374 2220
9145 4 2 5 18 24 1988 161 2153
9146 4 2 5 18 1992 2054 2079 2223
9147 4 2 5 18 301 88 87 2087
9148 4 2 5 18 280 277 1258 2064
9149 4 2 5 18 103 2164 2012 2217
9150 4 2 5 18 2011 2072 1994 2169
9151 4 2 5 18 57 2118 56 2170
9152 4 2 5 18 1977 2013 220 2031
9153 4 2 5 18 211 2029 2094 2095
9154 4 2 5 18 2004 2178 2044 2223
9155 4 2 5 18 56 2004 247 2079
9156 4 2 5 18 2004 2044 247 2079
9157 4 2 5 18 1984 2066 218 2076
9158 4 2 5 18 1955 2079 2054 2223
9159 4 2 5 18 219 1946 2044 2223
9160 4 2 5 18 1973 1998 2095 2189
9161 4 2 5 18 220 2013 1981 2102
9162 4 2 5 18 1991 2011 2054 2162
9163 4 2 5 18 2098 2117 2076 2199
9164 4 2 5 18 1982 2070 1991 2093
9165 4 2 5 18 1993 2190 2108 2194
9166 4 2 5 18 1232 54 239 2124
9167 4 2 5 18 1946 2108 2035 2190
9168 4 2 5 18 141 371 142 1970
9169 4 2 5 18 37 2008 2034 2125
9170 4 2 5 18 217 1990 1952 2186
9171 4 2 5 18 289 2038 2028 2163
9172 4 2 5 18 1987 1988 2132 2153
9173 4 2 5 18 2009 2139 2059 2222
9174 4 2 5 18 34 2076 2018 2125
9175 4 2 5 18 1237 357 1239 1251
9176 4 2 5 18 2054 2079 2005 2193
9177 4 2 5 18 1998 2022 2167 2189
9178 4 2 5 18 1984 2098 2039 2129
9179 4 2 5 18 50 1992 2048 2193
9180 4 2 5 18 1992 2079 50 2198
9181 4 2 5 18 346 350 348 2120
9182 4 2 5 18 1979 2027 2009 2112
9183 4 2 5 18 1992 2079 2054 2193
9184 4 2 5 18 220 214 2013 2102
9185 4 2 5 18 2054 2177 1991 2193
9186 4 2 5 18 2022 2162 2152 2202
9187 4 2 5 18 247 245 248 2079
9188 4 2 5 18 289 294 84 2013
9189 4 2 5 18 1998 2167 2095 2189
9190 4 2 5 18 217 2076 2066 2145
9191 4 2 5 18 2004 2162 1955 2208
9192 4 2 5 18 351 2139 350 2172
9193 4 2 5 18 235 231 229 2174
9194 4 2 5 18 374 1966 2040 2217
9195 4 2 5 18 127 2120 2032 2147
9196 4 2 5 18 341 2055 344 2172
9197 4 2 5 18 212 1991 1975 2222
9198 4 2 5 18 311 2066 314 2180
9199 4 2 5 18 274 77 276 2043
9200 4 2 5 18 109 333 330 2005
9201 4 2 5 18 135 369 136 2039
9202 4 2 5 18 1 1975 2010 2139
9203 4 2 5 18 2076 2098 1984 2117
9204 4 2 5 18 346 2139 2120 2172
9205 4 2 5 18 359 1980 2129 2158
9206 4 2 5 18 2011 2152 2162 2202
9207 4 2 5 18 2044 2071 1985 2118
9208 4 2 5 18 1980 1981 218 2036
9209 4 2 5 18 1232 48 241 47
9210 4 2 5 18 213 1994 2011 2167
9211 4 2 5 18 2151 2198 1946 2223
9212 4 2 5 18 350 2010 348 2120
9213 4 2 5 18 2002 1950 2192 2196
9214 4 2 5 18 1952 2001 1990 2133
9215 4 2 5 18 121 2010 350 2139
9216 4 2 5 18 57 2071 2044 2118
9217 4 2 5 18 2022 2167 2162 2202
9218 4 2 5 18 1962 2041 2106 2184
9219 4 2 5 18 104 313 103 2040
9220 4 2 5 18 127 126 354 2105
9221 4 2 5 18 220 2013 214 2031
9222 4 2 5 18 1951 2018 2027 2062
9223 4 2 5 18 220 2102 1981 2192
9224 4 2 5 18 1990 2001 1952 2069
9225 4 2 5 18 140 371 141 1970
9226 4 2 5 18 91 90 303 1974
9227 4 2 5 18 210 1985 2178 2184
9228 4 2 5 18 221 1985 2041 2206
9229 4 2 5 18 1969 2006 1990 2084
9230 4 2 5 18 2007 2013 1977 2166
9231 4 2 5 18 73 1258 74 1996
9232 4 2 5 18 311 96 2117 2180
9233 4 2 5 18 235 2088 1986 2174
9234 4 2 5 18 1951 2076 2066 2117
9235 4 2 5 18 102 320 103 1971
9236 4 2 5 18 360 136 2039 2113
9237 4 2 5 18 388 1990 147 2131
9238 4 2 5 18 2127 2152 2126 2204
9239 4 2 5 18 288 89 90 2028
9240 4 2 5 18 1965 2043 1998 2168
9241 4 2 5 18 62 2023 267 2109
9242 4 2 5 18 57 56 253 2170
9243 4 2 5 18 50 2005 109 2143
9244 4 2 5 18 1966 218 1981 2036
9245 4 2 5 18 83 289 84 2013
9246 4 2 5 18 131 19 1239 1972
9247 4 2 5 18 2120 2010 2147 2172
9248 4 2 5 18 1950 2002 2032 2196
9249 4 2 5 18 410 2111 173 2176
9250 4 2 5 18 56 2004 25 2118
9251 4 2 5 18 2094 2095 2043 2168
9252 4 2 5 18 1 1975 2139 2222
9253 4 2 5 18 2101 2130 1973 2189
9254 4 2 5 18 114 113 2072 2075
9255 4 2 5 18 1254 290 93 92
9256 4 2 5 18 175 174 422 2085
9257 4 2 5 18 1977 2013 2007 2028
9258 4 2 5 18 389 146 147 1971
9259 4 2 5 18 2022 1955 2162 2208
9260 4 2 5 18 1957 1989 1950 2105
9261 4 2 5 18 1951 2086 1979 2117
9262 4 2 5 18 38 2030 37 2160
9263 4 2 5 18 1950 1980 2045 2192
9264 4 2 5 18 2104 2142 2055 2147
9265 4 2 5 18 91 288 90 2007
9266 4 2 5 18 43 42 238 2051
9267 4 2 5 18 2002 2010 1975 2172
9268 4 2 5 18 1957 1950 2045 2102
9269 4 2 5 18 333 2054 2005 2193
9270 4 2 5 18 1957 2103 2105 2134
9271 4 2 5 18 1965 2047 2168 2169
9272 4 2 5 18 277 281 279 1258
9273 4 2 5 18 1231 324 16 1229
9274 4 2 5 18 1951 2027 2018 2076
9275 4 2 5 18 2127 2203 115 2204
9276 4 2 5 18 2043 2095 2094 2187
9277 4 2 5 18 1977 1988 2046 2116
9278 4 2 5 18 377 153 1987 2092
9279 4 2 5 18 231 1986 2160 2174
9280 4 2 5 18 1998 2109 1965 2167
9281 4 2 5 18 418 408 175 2057
9282 4 2 5 18 1992 2151 2070 2222
9283 4 2 5 18 377 1987 153 2220
9284 4 2 5 18 242 50 2079 2198
9285 4 2 5 18 2036 1984 2173 2180
9286 4 2 5 18 158 159 1249 1978
9287 4 2 5 18 2014 1966 2040 2214
9288 4 2 5 18 219 2178 2044 2190
9289 4 2 5 18 101 320 102 1971
9290 4 2 5 18 244 247 2044 2079
9291 4 2 5 18 219 1986 2178 2190
9292 4 2 5 18 324 1229 117 118
9293 4 2 5 18 211 2029 2095 2189
9294 4 2 5 18 378 387 384 2229
9295 4 2 5 18 2015 2178 1985 2184
9296 4 2 5 18 2013 2031 1977 2166
9297 4 2 5 18 1977 2031 216 2094
9298 4 2 5 18 1259 403 396 391
9299 4 2 5 18 378 2017 377 2131
9300 4 2 5 18 344 2055 2135 2172
9301 4 2 5 18 209 2028 2046 2220
9302 4 2 5 18 110 109 330 2005
9303 4 2 5 18 209 1977 216 2094
9304 4 2 5 18 122 351 123 2059
9305 4 2 5 18 370 135 136 2122
9306 4 2 5 18 1228 60 61 264
9307 4 2 5 18 2045 1980 2158 2192
9308 4 2 5 18 103 2040 2164 2217
9309 4 2 5 18 22 1966 374 2038
9310 4 2 5 18 102 1971 103 2067
9311 4 2 5 18 52 243 2035 2108
9312 4 2 5 18 165 1247 166 2140
9313 4 2 5 18 2005 2054 333 2126
9314 4 2 5 18 213 1975 1947 2142
9315 4 2 5 18 56 25 2004 2208
9316 4 2 5 18 105 320 106 2155
9317 4 2 5 18 1984 2129 2039 2181
9318 4 2 5 18 2021 2176 2111 2207
9319 4 2 5 18 209 2159 2038 2220
9320 4 2 5 18 235 231 1986 2053
9321 4 2 5 18 100 1224 13 1250
9322 4 2 5 18 317 318 310 309
9323 4 2 5 18 1244 163 32 2110
9324 4 2 5 18 1966 1981 2037 2121
9325 4 2 5 18 408 410 173 2176
9326 4 2 5 18 34 2009 2076 2125
9327 4 2 5 18 348 2010 2033 2120
9328 4 2 5 18 23 2015 160 2182
9329 4 2 5 18 2021 2189 2029 2219
9330 4 2 5 18 68 1227 1956 2025
9331 4 2 5 18 1951 2066 2145 2148
9332 4 2 5 18 219 2125 1946 2151
9333 4 2 5 18 287 2007 2013 2028
9334 4 2 5 18 44 2051 45 2154
9335 4 2 5 18 1986 2053 2018 2145
9336 4 2 5 18 1993 2034 2174 2175
9337 4 2 5 18 173 2101 2138 2176
9338 4 2 5 18 1222 1224 1250 2086
9339 4 2 5 18 50 2005 246 2079
9340 4 2 5 18 361 358 359 2158
9341 4 2 5 18 360 2039 369 2129
9342 4 2 5 18 10 2094 2043 2168
9343 4 2 5 18 210 2041 2184 2219
9344 4 2 5 18 24 2029 166 2110
9345 4 2 5 18 2014 2036 1966 2214
9346 4 2 5 18 1966 1984 218 2036
9347 4 2 5 18 104 103 320 2155
9348 4 2 5 18 246 2005 245 2079
9349 4 2 5 18 44 43 2050 2053
9350 4 2 5 18 1973 2063 1964 2096
9351 4 2 5 18 289 2028 2013 2163
9352 4 2 5 18 46 45 238 2051
9353 4 2 5 18 114 2203 2011 2204
9354 4 2 5 18 1992 2054 1991 2193
9355 4 2 5 18 1947 1975 2055 2142
9356 4 2 5 18 2054 2075 1991 2177
9357 4 2 5 18 289 2013 1981 2163
9358 4 2 5 18 234 229 231 2174
9359 4 2 5 18 24 2029 1988 2132
9360 4 2 5 18 1958 2057 2021 2106
9361 4 2 5 18 1990 2069 1952 2186
9362 4 2 5 18 1964 2063 1227 2096
9363 4 2 5 18 218 1984 1966 2012
9364 4 2 5 18 63 261 64 2205
9365 4 2 5 18 231 2160 1986 2179
9366 4 2 5 18 376 373 2040 2213
9367 4 2 5 18 2012 2066 1984 2180
9368 4 2 5 18 311 2117 2066 2180
9369 4 2 5 18 147 148 1971 2067
9370 4 2 5 18 1947 2055 2104 2142
9371 4 2 5 18 10 2043 2047 2168
9372 4 2 5 18 1990 2067 2069 2186
9373 4 2 5 18 1988 2029 24 2110
9374 4 2 5 18 416 413 170 2073
9375 4 2 5 18 1969 2001 1990 2006
9376 4 2 5 18 97 2014 2173 2180
9377 4 2 5 18 288 91 296 2007
9378 4 2 5 18 1957 2103 1954 2211
9379 4 2 5 18 408 174 2057 2176
9380 4 2 5 18 1948 2125 2009 2151
9381 4 2 5 18 1964 2096 1967 2187
9382 4 2 5 18 1951 2117 2066 2148
9383 4 2 5 18 2126 2152 2011 2203
9384 4 2 5 18 163 405 32 404
9385 4 2 5 18 102 305 101 2148
9386 4 2 5 18 1966 1981 218 2163
9387 4 2 5 18 1962 2106 2065 2184
9388 4 2 5 18 313 104 315 2040
9389 4 2 5 18 89 2225 2028 2226
9390 4 2 5 18 377 2017 1987 2131
9391 4 2 5 18 2027 2030 2009 2157
9392 4 2 5 18 289 1981 83 2037
9393 4 2 5 18 2021 2057 408 2207
9394 4 2 5 18 377 378 383 2017
9395 4 2 5 18 2167 2197 2109 2202
9396 4 2 5 18 1994 2072 2052 2169
9397 4 2 5 18 338 339 2032 2080
9398 4 2 5 18 1980 2129 2039 2136
9399 4 2 5 18 131 132 370 2099
9400 4 2 5 18 2066 2076 1951 2145
9401 4 2 5 18 314 312 316 2164
9402 4 2 5 18 10 2031 1977 2094
9403 4 2 5 18 89 303 90 1974
9404 4 2 5 18 324 1230 1231 2171
9405 4 2 5 18 2029 2132 2065 2219
9406 4 2 5 18 152 390 153 1974
9407 4 2 5 18 2038 2217 374 2220
9408 4 2 5 18 422 178 177 1956
9409 4 2 5 18 1966 2037 1981 2163
9410 4 2 5 18 216 1977 220 2031
9411 4 2 5 18 86 302 85 1970
9412 4 2 5 18 122 351 2059 2139
9413 4 2 5 18 50 49 246 2005
9414 4 2 5 18 36 226 37 2034
9415 4 2 5 18 2000 2006 2084 2229
9416 4 2 5 18 1952 2053 2050 2145
9417 4 2 5 18 1 2010 2009 2139
9418 4 2 5 18 56 2079 2026 2208
9419 4 2 5 18 335 327 2075 2177
9420 4 2 5 18 1950 2045 2102 2192
9421 4 2 5 18 2096 2130 1973 2138
9422 4 2 5 18 407 166 165 2110
9423 4 2 5 18 26 178 65 2227
9424 4 2 5 18 98 97 316 2014
9425 4 2 5 18 134 133 367 2014
9426 4 2 5 18 206 207 1241 2228
9427 4 2 5 18 1949 1980 2136 2196
9428 4 2 5 18 68 69 2025 2138
9429 4 2 5 18 2029 2 2132 2219
9430 4 2 5 18 130 129 354 1997
9431 4 2 5 18 115 2203 114 2204
9432 4 2 5 18 287 2013 289 2028
9433 4 2 5 18 139 371 140 1970
9434 4 2 5 18 275 270 271 2128
9435 4 2 5 18 2039 2129 1980 2181
9436 4 2 5 18 2008 2009 1948 2125
9437 4 2 5 18 1224 106 1225 2155
9438 4 2 5 18 135 369 2039 2129
9439 4 2 5 18 1969 2133 2001 2150
9440 4 2 5 18 96 2098 2117 2180
9441 4 2 5 18 205 4 46 2144
9442 4 2 5 18 1973 2029 1964 2063
9443 4 2 5 18 34 1986 2018 2145
9444 4 2 5 18 2065 2106 1962 2218
9445 4 2 5 18 1998 1973 2095 2096
9446 4 2 5 18 176 422 177 1956
9447 4 2 5 18 333 2054 326 2126
9448 4 2 5 18 2008 2034 1946 2058
9449 4 2 5 18 1989 2032 339 2080
9450 4 2 5 18 393 398 394 2140
9451 4 2 5 18 114 2011 2075 2204
9452 4 2 5 18 221 1985 2004 2178
9453 4 2 5 18 2045 2158 2102 2192
9454 4 2 5 18 1987 2017 1945 2084
9455 4 2 5 18 1973 1964 2095 2096
9456 4 2 5 18 358 361 2121 2158
9457 4 2 5 18 221 2004 1985 2206
9458 4 2 5 18 157 406 156 2137
9459 4 2 5 18 289 1981 2037 2163
9460 4 2 5 18 1977 2046 2028 2116
9461 4 2 5 18 209 2038 2159 2163
9462 4 2 5 18 1950 2134 2002 2192
9463 4 2 5 18 210 221 1985 2041
9464 4 2 5 18 2010 2120 350 2139
9465 4 2 5 18 269 68 67 1956
9466 4 2 5 18 2017 2084 1987 2131
9467 4 2 5 18 2002 2120 2010 2147
9468 4 2 5 18 215 2009 2010 2181
9469 4 2 5 18 284 78 79 2128
9470 4 2 5 18 115 337 116 1968
9471 4 2 5 18 1962 2041 2082 2106
9472 4 2 5 18 1257 150 149 380
9473 4 2 5 18 2062 2160 38 2179
9474 4 2 5 18 402 393 159 1978
9475 4 2 5 18 103 2040 313 2164
9476 4 2 5 18 1949 2076 1979 2181
9477 4 2 5 18 2022 2130 2101 2189
9478 4 2 5 18 2054 2162 1955 2223
9479 4 2 5 18 33 2050 1952 2133
9480 4 2 5 18 341 344 349 2172
9481 4 2 5 18 1998 2096 2025 2130
9482 4 2 5 18 1998 2109 2167 2197
9483 4 2 5 18 1966 2159 2012 2217
9484 4 2 5 18 289 2037 1966 2163
9485 4 2 5 18 10 2031 2094 2168
9486 4 2 5 18 2076 2098 1979 2181
9487 4 2 5 18 1232 1242 47 2230
9488 4 2 5 18 10 2047 2031 2168
9489 4 2 5 18 1992 2162 2054 2223
9490 4 2 5 18 89 90 2028 2225
9491 4 2 5 18 329 326 334 2203
9492 4 2 5 18 326 2054 2177 2203
9493 4 2 5 18 1945 1987 1969 2153
9494 4 2 5 18 84 2013 294 2156
9495 4 2 5 18 2021 2111 2041 2207
9496 4 2 5 18 1951 2145 2016 2148
9497 4 2 5 18 109 2005 110 2143
9498 4 2 5 18 407 165 164 2110
9499 4 2 5 18 209 220 216 1977
9500 4 2 5 18 85 302 84 1970
9501 4 2 5 18 1979 2076 1951 2117
9502 4 2 5 18 97 2173 2098 2180
9503 4 2 5 18 1243 150 381 151
9504 4 2 5 18 50 51 2048 2198
9505 4 2 5 18 2034 2035 1946 2058
9506 4 2 5 18 2009 2059 2139 2157
9507 4 2 5 18 156 406 155 2137
9508 4 2 5 18 1954 2013 2007 2166
9509 4 2 5 18 153 390 154 1974
9510 4 2 5 18 1973 2176 2101 2189
9511 4 2 5 18 2014 2036 2173 2180
9512 4 2 5 18 1957 1950 2102 2134
9513 4 2 5 18 2111 2176 410 2207
9514 4 2 5 18 349 128 341 2055
9515 4 2 5 18 84 1957 2091 2156
9516 4 2 5 18 389 143 144 2155
9517 4 2 5 18 147 1971 2006 2067
9518 4 2 5 18 44 43 238 2051
9519 4 2 5 18 421 170 2170 2216
9520 4 2 5 18 251 2044 57 2194
9521 4 2 5 18 236 230 42 1993
9522 4 2 5 18 114 2075 2011 2203
9523 4 2 5 18 2027 2030 1250 2119
9524 4 2 5 18 109 336 108 2143
9525 4 2 5 18 1977 2031 10 2166
9526 4 2 5 18 164 163 407 2110
9527 4 2 5 18 1238 1252 1255 1997
9528 4 2 5 18 374 1966 22 2040
9529 4 2 5 18 2091 2102 2045 2158
9530 4 2 5 18 1954 2031 2013 2166
9531 4 2 5 18 2059 2135 2055 2172
9532 4 2 5 18 2018 1951 2076 2145
9533 4 2 5 18 161 1988 24 2110
9534 4 2 5 18 2181 2192 1980 2196
9535 4 2 5 18 67 1227 68 1228
9536 4 2 5 18 2106 2184 2041 2219
9537 4 2 5 18 359 142 1989 2045
9538 4 2 5 18 1954 2007 2013 2156
9539 4 2 5 18 155 392 156 2000
9540 4 2 5 18 216 2094 2031 2168
9541 4 2 5 18 1 2002 1975 2142
9542 4 2 5 18 2070 1991 2093 2177
9543 4 2 5 18 408 2057 2021 2176
9544 4 2 5 18 1998 2095 2043 2096
9545 4 2 5 18 141 142 359 2045
9546 4 2 5 18 1957 2105 1950 2134
9547 4 2 5 18 46 225 45 2016
9548 4 2 5 18 408 2176 2021 2207
9549 4 2 5 18 2009 2030 2027 2125
9550 4 2 5 18 1980 1949 2039 2181
9551 4 2 5 18 148 389 147 1971
9552 4 2 5 18 2038 2159 1966 2217
9553 4 2 5 18 219 1992 1991 2222
9554 4 2 5 18 220 214 2102 2192
9555 4 2 5 18 166 1247 2029 2140
9556 4 2 5 18 213 2011 1994 2169
9557 4 2 5 18 1990 2067 2006 2069
9558 4 2 5 18 416 415 414 2073
9559 4 2 5 18 2070 2151 1992 2188
9560 4 2 5 18 2022 2152 1955 2208
9561 4 2 5 18 224 2154 2062 2179
9562 4 2 5 18 1973 2021 2176 2189
9563 4 2 5 18 361 367 363 2036
9564 4 2 5 18 2034 2160 2125 2174
9565 4 2 5 18 1955 2126 2003 2152
9566 4 2 5 18 321 326 333 2054
9567 4 2 5 18 1 1975 2002 2010
9568 4 2 5 18 2012 2164 2066 2180
9569 4 2 5 18 2015 2050 2178 2184
9570 4 2 5 18 232 2062 38 2179
9571 4 2 5 18 1244 1245 1243 2183
9572 4 2 5 18 117 116 337 1968
9573 4 2 5 18 49 2005 50 2143
9574 4 2 5 18 366 361 363 2036
9575 4 2 5 18 2088 2174 1993 2190
9576 4 2 5 18 288 2007 287 2028
9577 4 2 5 18 2066 2076 1984 2117
9578 4 2 5 18 211 2 2029 2219
9579 4 2 5 18 44 238 45 2051
9580 4 2 5 18 1 2139 2009 2222
9581 4 2 5 18 134 2014 97 2099
9582 4 2 5 18 98 2014 133 2099
9583 4 2 5 18 1975 2010 2139 2172
9584 4 2 5 18 360 2039 2129 2136
9585 4 2 5 18 148 1990 388 2217
9586 4 2 5 18 2013 2091 1981 2102
9587 4 2 5 18 2050 2053 43 2088
9588 4 2 5 18 215 2181 2010 2196
9589 4 2 5 18 1947 2056 2072 2142
9590 4 2 5 18 272 2031 76 2211
9591 4 2 5 18 1955 2152 2022 2162
9592 4 2 5 18 2023 2025 1998 2043
9593 4 2 5 18 359 360 361 2129
9594 4 2 5 18 226 234 37 2174
9595 4 2 5 18 2002 2142 2104 2147
9596 4 2 5 18 1995 2052 2031 2103
9597 4 2 5 18 211 2029 2189 2219
9598 4 2 5 18 2066 2164 314 2180
9599 4 2 5 18 1949 2033 2010 2196
9600 4 2 5 18 128 354 129 1997
9601 4 2 5 18 2004 2079 1955 2223
9602 4 2 5 18 221 2041 2111 2206
9603 4 2 5 18 2012 2067 1990 2186
9604 4 2 5 18 1257 150 1243 2049
9605 4 2 5 18 140 1970 141 2091
9606 4 2 5 18 2021 2029 1973 2063
9607 4 2 5 18 210 2178 33 2184
9608 4 2 5 18 22 374 375 2038
9609 4 2 5 18 121 350 122 2139
9610 4 2 5 18 53 253 54 2170
9611 4 2 5 18 2005 2054 1955 2079
9612 4 2 5 18 2030 2125 37 2160
9613 4 2 5 18 2054 2126 1955 2162
9614 4 2 5 18 23 155 2133 2150
9615 4 2 5 18 155 2133 2150 2209
9616 4 2 5 18 1957 2091 2013 2102
9617 4 2 5 18 2 211 2029 2132
9618 4 2 5 18 1965 1998 2167 2168
9619 4 2 5 18 329 2126 326 2203
9620 4 2 5 18 61 268 60 1968
9621 4 2 5 18 279 281 74 1258
9622 4 2 5 18 1987 2092 1988 2153
9623 4 2 5 18 419 169 420 2082
9624 4 2 5 18 208 1969 2132 2133
9625 4 2 5 18 1255 1260 1238 1997
9626 4 2 5 18 259 2197 258 2202
9627 4 2 5 18 339 126 127 2032
9628 4 2 5 18 84 302 83 1970
9629 4 2 5 18 2082 2106 2041 2207
9630 4 2 5 18 162 407 163 2110
9631 4 2 5 18 97 2014 98 2099
9632 4 2 5 18 133 2014 134 2099
9633 4 2 5 18 1956 2063 1247 2085
9634 4 2 5 18 2009 2008 2030 2125
9635 4 2 5 18 217 2012 1990 2186
9636 4 2 5 18 366 358 361 2121
9637 4 2 5 18 138 371 139 1970
9638 4 2 5 18 87 302 86 1970
9639 4 2 5 18 253 58 57 1976
9640 4 2 5 18 361 2129 368 2173
9641 4 2 5 18 1980 1984 2129 2173
9642 4 2 5 18 2094 2095 1964 2187
9643 4 2 5 18 50 109 2048 2143
9644 4 2 5 18 2021 2029 1958 2218
9645 4 2 5 18 173 2111 410 2208
9646 4 2 5 18 209 2046 1987 2220
9647 4 2 5 18 162 161 407 2110
9648 4 2 5 18 306 14 101 2148
9649 4 2 5 18 346 2120 2147 2172
9650 4 2 5 18 1948 2008 1241 2060
9651 4 2 5 18 287 2013 2007 2156
9652 4 2 5 18 1969 2150 2000 2153
9653 4 2 5 18 23 2065 2133 2184
9654 4 2 5 18 41 2089 42 2123
9655 4 2 5 18 2020 2094 1988 2187
9656 4 2 5 18 2021 2106 2057 2207
9657 4 2 5 18 33 2178 2133 2184
9658 4 2 5 18 2101 2176 2111 2189
9659 4 2 5 18 158 406 157 2137
9660 4 2 5 18 218 2066 217 2076
9661 4 2 5 18 2059 2070 1948 2222
9662 4 2 5 18 1227 79 78 2128
9663 4 2 5 18 1962 2082 2041 2215
9664 4 2 5 18 21 376 373 2040
9665 4 2 5 18 213 2011 2162 2167
9666 4 2 5 18 1991 213 2011 2162
9667 4 2 5 18 2013 2091 1957 2156
9668 4 2 5 18 305 2012 103 2164
9669 4 2 5 18 1958 2029 1247 2140
9670 4 2 5 18 2022 2111 2101 2208
9671 4 2 5 18 34 2076 2009 2181
9672 4 2 5 18 1981 2013 220 2163
9673 4 2 5 18 1980 2192 1950 2196
9674 4 2 5 18 208 33 217 2133
9675 4 2 5 18 103 2067 21 2217
9676 4 2 5 18 1232 1241 1242 2230
9677 4 2 5 18 33 1952 217 2133
9678 4 2 5 18 1956 2063 1973 2096
9679 4 2 5 18 154 22 375 2038
9680 4 2 5 18 1990 2084 147 2131
9681 4 2 5 18 1237 1239 20 1989
9682 4 2 5 18 209 1987 2159 2220
9683 4 2 5 18 1987 2017 377 2092
9684 4 2 5 18 2032 2120 2002 2147
9685 4 2 5 18 1986 33 2053 2145
9686 4 2 5 18 1231 324 1229 1230
9687 4 2 5 18 2021 2057 1958 2063
9688 4 2 5 18 2043 2095 1998 2168
9689 4 2 5 18 221 2178 2004 2223
9690 4 2 5 18 79 1227 78 1967
9691 4 2 5 18 2043 2094 10 2187
9692 4 2 5 18 2159 2217 2038 2220
9693 4 2 5 18 371 138 137 1970
9694 4 2 5 18 2111 2206 2041 2207
9695 4 2 5 18 97 316 2014 2180
9696 4 2 5 18 208 1987 209 2132
9697 4 2 5 18 2 209 211 2132
9698 4 2 5 18 1981 2158 1980 2192
9699 4 2 5 18 245 248 2079 2165
9700 4 2 5 18 108 2177 321 2193
9701 4 2 5 18 154 2038 2220 2226
9702 4 2 5 18 2044 2178 219 2223
9703 4 2 5 18 209 1987 208 2159
9704 4 2 5 18 261 2109 267 2197
9705 4 2 5 18 1955 2054 2005 2126
9706 4 2 5 18 60 268 59 1968
9707 4 2 5 18 217 1952 2145 2186
9708 4 2 5 18 1950 2045 1980 2136
9709 4 2 5 18 341 349 2055 2172
9710 4 2 5 18 217 2145 2066 2186
9711 4 2 5 18 219 2151 1946 2223
9712 4 2 5 18 289 12 89 2038
9713 4 2 5 18 2034 2125 1986 2174
9714 4 2 5 18 1946 1986 2034 2125
9715 4 2 5 18 1960 2178 2088 2190
9716 4 2 5 18 2065 1962 2182 2218
9717 4 2 5 18 349 346 347 2147
9718 4 2 5 18 242 52 51 2108
9719 4 2 5 18 1952 2050 33 2145
9720 4 2 5 18 1950 2032 2136 2196
9721 4 2 5 18 1258 2042 1236 2064
9722 4 2 5 18 214 2134 2102 2192
9723 4 2 5 18 74 75 285 1996
9724 4 2 5 18 2120 2139 2010 2172
9725 4 2 5 18 114 337 115 1968
9726 4 2 5 18 44 2053 2050 2154
9727 4 2 5 18 359 1980 360 2129
9728 4 2 5 18 231 1986 2053 2179
9729 4 2 5 18 165 166 1247 2110
9730 4 2 5 18 367 134 2014 2173
9731 4 2 5 18 2030 2027 2114 2157
9732 4 2 5 18 63 2109 261 2205
9733 4 2 5 18 213 1 212 1975
9734 4 2 5 18 1955 2005 2003 2126
9735 4 2 5 18 1946 2125 2008 2151
9736 4 2 5 18 1980 1950 2136 2196
9737 4 2 5 18 2009 2010 1949 2112
9738 4 2 5 18 2059 2139 351 2172
9739 4 2 5 18 24 2132 1988 2153
9740 4 2 5 18 23 2015 2182 2184
9741 4 2 5 18 84 1970 83 2091
9742 4 2 5 18 1987 2132 1969 2153
9743 4 2 5 18 220 214 216 2031
9744 4 2 5 18 2111 2176 2021 2189
9745 4 2 5 18 1 2010 2002 2196
9746 4 2 5 18 1969 2000 2150 2209
9747 4 2 5 18 1946 2035 1993 2190
9748 4 2 5 18 50 2048 1992 2198
9749 4 2 5 18 235 2053 1986 2088
9750 4 2 5 18 2167 2168 222 2169
9751 4 2 5 18 2075 2177 2054 2203
9752 4 2 5 18 1949 2113 2039 2122
9753 4 2 5 18 224 233 2154 2179
9754 4 2 5 18 55 253 56 2170
9755 4 2 5 18 314 2164 316 2180
9756 4 2 5 18 304 314 2066 2164
9757 4 2 5 18 1946 2108 2044 2198
9758 4 2 5 18 2015 2133 2050 2184
9759 4 2 5 18 234 2160 37 2174
9760 4 2 5 18 1237 1238 1239 1989
9761 4 2 5 18 175 408 174 2057
9762 4 2 5 18 43 235 236 2088
9763 4 2 5 18 2000 2150 392 2153
9764 4 2 5 18 125 354 126 1997
9765 4 2 5 18 2126 2152 1955 2162
9766 4 2 5 18 1982 1948 2059 2070
9767 4 2 5 18 85 84 1957 1970
9768 4 2 5 18 1998 2023 1965 2109
9769 4 2 5 18 236 1993 42 2088
9770 4 2 5 18 1958 2029 2021 2063
9771 4 2 5 18 306 2066 311 2117
9772 4 2 5 18 392 391 2000 2061
9773 4 2 5 18 1253 1244 1945 2061
9774 4 2 5 18 221 210 1985 2178
9775 4 2 5 18 2015 2089 1960 2178
9776 4 2 5 18 235 233 231 2053
9777 4 2 5 18 1991 2075 1947 2093
9778 4 2 5 18 219 1991 1992 2162
9779 4 2 5 18 346 2120 347 2147
9780 4 2 5 18 2011 2075 2054 2203
9781 4 2 5 18 221 2111 2041 2219
9782 4 2 5 18 1990 2006 2001 2069
9783 4 2 5 18 2125 2160 1986 2174
9784 4 2 5 18 388 147 387 2131
9785 4 2 5 18 1946 2034 1993 2035
9786 4 2 5 18 2065 2132 2 2219
9787 4 2 5 18 338 2033 2032 2120
9788 4 2 5 18 117 337 118 1968
9789 4 2 5 18 2031 2047 9 2052
9790 4 2 5 18 223 39 38 2062
9791 4 2 5 18 2021 1958 2106 2218
9792 4 2 5 18 114 2075 2072 2204
9793 4 2 5 18 2066 2117 1984 2180
9794 4 2 5 18 235 44 233 2053
9795 4 2 5 18 231 232 234 2160
9796 4 2 5 18 210 33 2133 2184
9797 4 2 5 18 213 1 1975 2142
9798 4 2 5 18 2145 2148 2066 2186
9799 4 2 5 18 1948 2070 1982 2188
9800 4 2 5 18 1946 2034 2008 2125
9801 4 2 5 18 1948 2008 2058 2230
9802 4 2 5 18 108 2070 2177 2193
9803 4 2 5 18 1973 2138 2101 2176
9804 4 2 5 18 1999 1962 2082 2106
9805 4 2 5 18 2004 1955 2162 2223
9806 4 2 5 18 1223 2149 1222 2191
9807 4 2 5 18 1251 138 137 356
9808 4 2 5 18 69 269 70 2138
9809 4 2 5 18 1984 2076 218 2181
9810 4 2 5 18 102 2148 101 2186
9811 4 2 5 18 1964 2029 1247 2063
9812 4 2 5 18 1969 2000 1945 2153
9813 4 2 5 18 77 276 2043 2232
9814 4 2 5 18 1987 2046 1988 2092
9815 4 2 5 18 209 2159 218 2163
9816 4 2 5 18 316 2164 2014 2180
9817 4 2 5 18 395 392 2150 2153
9818 4 2 5 18 1958 1247 2029 2063
9819 4 2 5 18 1980 2039 1949 2136
9820 4 2 5 18 1994 1965 2109 2167
9821 4 2 5 18 1232 2035 1241 2230
9822 4 2 5 18 1998 2043 2025 2096
9823 4 2 5 18 130 342 129 2024
9824 4 2 5 18 2016 1951 2062 2154
9825 4 2 5 18 19 360 20 1989
9826 4 2 5 18 353 122 123 2114
9827 4 2 5 18 167 2215 168 2216
9828 4 2 5 18 1994 2011 2204 2205
9829 4 2 5 18 222 2162 2022 2167
9830 4 2 5 18 2029 2140 1958 2218
9831 4 2 5 18 134 135 2098 2173
9832 4 2 5 18 329 334 2126 2203
9833 4 2 5 18 393 2140 394 2182
9834 4 2 5 18 2044 2071 57 2194
9835 4 2 5 18 102 2067 2012 2186
9836 4 2 5 18 2015 2071 1960 2089
9837 4 2 5 18 2132 2150 1969 2153
9838 4 2 5 18 218 217 2012 2159
9839 4 2 5 18 37 2160 2034 2174
9840 4 2 5 18 232 38 2160 2179
9841 4 2 5 18 1994 2167 2109 2202
9842 4 2 5 18 1984 2117 2098 2180
9843 4 2 5 18 34 2018 2076 2145
9844 4 2 5 18 2021 2063 1973 2176
9845 4 2 5 18 75 76 285 1996
9846 4 2 5 18 1232 250 48 1953
9847 4 2 5 18 345 2033 121 2112
9848 4 2 5 18 358 140 141 2121
9849 4 2 5 18 2065 2184 2106 2219
9850 4 2 5 18 236 2174 229 2175
9851 4 2 5 18 134 135 370 2099
9852 4 2 5 18 99 319 98 2099
9853 4 2 5 18 1990 2012 2159 2217
9854 4 2 5 18 1993 1960 2190 2194
9855 4 2 5 18 1958 1247 2063 2085
9856 4 2 5 18 226 37 2034 2174
9857 4 2 5 18 97 314 316 2180
9858 4 2 5 18 75 272 76 2211
9859 4 2 5 18 412 178 26 2026
9860 4 2 5 18 1985 2004 2118 2206
9861 4 2 5 18 2000 2017 2006 2229
9862 4 2 5 18 1962 2041 2184 2215
9863 4 2 5 18 1228 60 264 2227
9864 4 2 5 18 338 2032 2033 2080
9865 4 2 5 18 90 2116 2028 2225
9866 4 2 5 18 97 2098 134 2099
9867 4 2 5 18 166 2029 1247 2110
9868 4 2 5 18 25 2118 2004 2206
9869 4 2 5 18 143 373 144 1961
9870 4 2 5 18 2035 2108 1993 2190
9871 4 2 5 18 2041 2106 2021 2207
9872 4 2 5 18 172 421 171 2170
9873 4 2 5 18 221 2004 2111 2162
9874 4 2 5 18 159 1978 393 2182
9875 4 2 5 18 155 392 2000 2150
9876 4 2 5 18 2044 2079 2004 2223
9877 4 2 5 18 213 1994 2167 2169
9878 4 2 5 18 2009 2059 1948 2222
9879 4 2 5 18 420 2082 168 2207
9880 4 2 5 18 2126 2127 2003 2152
9881 4 2 5 18 167 2118 2215 2216
9882 4 2 5 18 401 394 398 2140
9883 4 2 5 18 96 319 95 2199
9884 4 2 5 18 326 2126 2054 2203
9885 4 2 5 18 421 2170 167 2216
9886 4 2 5 18 34 2076 217 2145
9887 4 2 5 18 2095 2167 1998 2168
9888 4 2 5 18 1955 2079 2004 2208
9889 4 2 5 18 2065 2106 2218 2219
9890 4 2 5 18 1949 2136 2033 2196
9891 4 2 5 18 1952 2050 2001 2133
9892 4 2 5 18 219 1991 212 2222
9893 4 2 5 18 367 361 368 2173
9894 4 2 5 18 146 147 1971 2006
9895 4 2 5 18 1990 1987 2131 2159
9896 4 2 5 18 294 297 85 2156
9897 4 2 5 18 15 2171 107 2188
9898 4 2 5 18 1232 48 47 1242
9899 4 2 5 18 73 74 285 1996
9900 4 2 5 18 114 1968 115 2204
9901 4 2 5 18 108 322 321 2177
9902 4 2 5 18 366 361 2036 2121
9903 4 2 5 18 1979 2117 2086 2199
9904 4 2 5 18 2075 2093 1991 2177
9905 4 2 5 18 360 2129 1980 2136
9906 4 2 5 18 2050 2053 33 2145
9907 4 2 5 18 1960 2089 2071 2097
9908 4 2 5 18 223 38 232 2062
9909 4 2 5 18 2132 2133 1969 2150
9910 4 2 5 18 2004 2206 2111 2208
9911 4 2 5 18 10 9 273 2031
9912 4 2 5 18 24 23 394 2065
9913 4 2 5 18 2043 2096 2095 2187
9914 4 2 5 18 44 2050 2051 2154
9915 4 2 5 18 168 2041 2207 2215
9916 4 2 5 18 2031 2052 9 2103
9917 4 2 5 18 244 2044 2198 2223
9918 4 2 5 18 114 335 2075 2203
9919 4 2 5 18 2065 2218 2029 2219
9920 4 2 5 18 321 326 2054 2177
9921 4 2 5 18 1988 2020 1977 2094
9922 4 2 5 18 33 217 1952 2145
9923 4 2 5 18 41 2051 42 2089
9924 4 2 5 18 1957 2045 2091 2102
9925 4 2 5 18 166 2140 2029 2218
9926 4 2 5 18 82 286 10 1967
9927 4 2 5 18 1948 1982 2059 2060
9928 4 2 5 18 244 2079 2044 2223
9929 4 2 5 18 2102 2134 1950 2192
9930 4 2 5 18 2032 2120 2033 2196
9931 4 2 5 18 2152 2011 2203 2204
9932 4 2 5 18 173 26 2101 2208
9933 4 2 5 18 313 315 312 2040
9934 4 2 5 18 1965 2052 2047 2169
9935 4 2 5 18 1248 65 178 2227
9936 4 2 5 18 321 2054 333 2193
9937 4 2 5 18 2095 2167 222 2189
9938 4 2 5 18 261 2202 64 2205
9939 4 2 5 18 1954 2013 2103 2156
9940 4 2 5 18 38 2027 2030 2160
9941 4 2 5 18 349 128 2055 2147
9942 4 2 5 18 152 377 383 2146
9943 4 2 5 18 108 107 322 2070
9944 4 2 5 18 1992 2198 2151 2223
9945 4 2 5 18 312 316 2164 2212
9946 4 2 5 18 2095 2096 1964 2187
9947 4 2 5 18 1946 2044 2108 2190
9948 4 2 5 18 2111 2189 2021 2219
9949 4 2 5 18 1967 2187 2096 2232
9950 4 2 5 18 374 22 21 2040
9951 4 2 5 18 2028 2225 2046 2226
9952 4 2 5 18 331 328 2127 2185
9953 4 2 5 18 141 2045 359 2158
9954 4 2 5 18 376 21 22 2040
9955 4 2 5 18 1233 1249 1234 2073
9956 4 2 5 18 1 2002 2192 2196
9957 4 2 5 18 88 302 87 1970
9958 4 2 5 18 219 34 1986 2125
9959 4 2 5 18 1997 2103 1995 2105
9960 4 2 5 18 1948 2008 2125 2151
9961 4 2 5 18 90 91 2007 2116
9962 4 2 5 18 2041 2111 2021 2219
9963 4 2 5 18 2021 2106 2041 2219
9964 4 2 5 18 2002 2120 2032 2196
9965 4 2 5 18 217 2066 2012 2186
9966 4 2 5 18 1224 1961 105 2155
9967 4 2 5 18 327 113 2075 2093
9968 4 2 5 18 1962 2182 2090 2184
9969 4 2 5 18 95 2086 2117 2199
9970 4 2 5 18 1950 1989 2045 2136
9971 4 2 5 18 102 2012 305 2186
9972 4 2 5 18 78 276 77 2232
9973 4 2 5 18 40 237 39 2030
9974 4 2 5 18 1966 2037 2036 2121
9975 4 2 5 18 367 2036 361 2173
9976 4 2 5 18 1948 2070 2151 2222
9977 4 2 5 18 344 351 350 2172
9978 4 2 5 18 2025 2130 2096 2138
9979 4 2 5 18 1250 2027 207 2030
9980 4 2 5 18 145 1971 389 2155
9981 4 2 5 18 221 2111 2022 2162
9982 4 2 5 18 153 2046 154 2220
9983 4 2 5 18 273 2031 272 2166
9984 4 2 5 18 210 221 2041 2219
9985 4 2 5 18 1973 1956 2096 2138
9986 4 2 5 18 72 71 1983 2052
9987 4 2 5 18 331 328 329 2127
9988 4 2 5 18 1960 2044 2178 2190
9989 4 2 5 18 120 345 121 2112
9990 4 2 5 18 77 2043 10 2187
9991 4 2 5 18 1960 2089 2088 2178
9992 4 2 5 18 36 237 35 2030
9993 4 2 5 18 1240 1241 1232 2035
9994 4 2 5 18 1250 1224 13 2086
9995 4 2 5 18 2048 1992 2151 2188
9996 4 2 5 18 13 100 1250 1972
9997 4 2 5 18 2000 2006 1969 2084
9998 4 2 5 18 404 405 32 396
9999 4 2 5 18 1954 2103 1957 2156
10000 4 2 5 18 64 268 63 1968
10001 4 2 5 18 1981 2102 2158 2192
10002 4 2 5 18 1946 2008 2058 2151
10003 4 2 5 18 320 1971 106 2155
10004 4 2 5 18 153 1974 154 2046
10005 4 2 5 18 1228 1227 68 2025
10006 4 2 5 18 249 2005 49 2165
10007 4 2 5 18 1234 204 205 2051
10008 4 2 5 18 5 47 2195 2230
10009 4 2 5 18 121 2033 2010 2112
10010 4 2 5 18 104 320 105 2155
10011 4 2 5 18 52 2058 51 2108
10012 4 2 5 18 252 48 49 2143
10013 4 2 5 18 1994 1965 2167 2169
10014 4 2 5 18 2008 2035 2034 2058
10015 4 2 5 18 135 2129 2098 2173
10016 4 2 5 18 25 56 55 2026
10017 4 2 5 18 174 2085 2057 2176
10018 4 2 5 18 317 98 316 2212
10019 4 2 5 18 1951 1979 2027 2076
10020 4 2 5 18 72 271 270 1983
10021 4 2 5 18 1957 2102 2013 2103
10022 4 2 5 18 153 1987 2046 2220
10023 4 2 5 18 1958 1978 2106 2140
10024 4 2 5 18 214 2002 2134 2192
10025 4 2 5 18 1975 2059 2139 2222
10026 4 2 5 18 334 115 2127 2203
10027 4 2 5 18 89 1974 90 2225
10028 4 2 5 18 1955 2005 2079 2165
10029 4 2 5 18 15 16 325 2171
10030 4 2 5 18 2016 2145 1951 2154
10031 4 2 5 18 2071 2215 2118 2216
10032 4 2 5 18 114 335 327 2075
10033 4 2 5 18 243 2035 2108 2194
10034 4 2 5 18 1954 2013 2031 2103
10035 4 2 5 18 217 1990 2012 2159
10036 4 2 5 18 1950 2032 1989 2136
10037 4 2 5 18 1965 2168 2167 2169
10038 4 2 5 18 140 2091 141 2121
10039 4 2 5 18 1986 2088 2178 2190
10040 4 2 5 18 1984 1980 2129 2181
10041 4 2 5 18 2085 174 2138 2176
10042 4 2 5 18 168 169 421 2216
10043 4 2 5 18 394 166 24 2218
10044 4 2 5 18 113 337 114 1968
10045 4 2 5 18 34 2009 215 2181
10046 4 2 5 18 1249 204 1234 2090
10047 4 2 5 18 1950 2105 2032 2134
10048 4 2 5 18 351 344 2135 2172
10049 4 2 5 18 1957 2103 2013 2156
10050 4 2 5 18 2030 2114 2060 2157
10051 4 2 5 18 1958 2085 2057 2107
10052 4 2 5 18 5 52 243 2035
10053 4 2 5 18 410 2206 2111 2207
10054 4 2 5 18 1247 1227 1964 2063
10055 4 2 5 18 136 2039 2113 2122
10056 4 2 5 18 166 394 2140 2218
10057 4 2 5 18 123 124 353 2114
10058 4 2 5 18 216 2095 2094 2168
10059 4 2 5 18 90 1974 91 2116
10060 4 2 5 18 349 346 2147 2172
10061 4 2 5 18 25 2206 2004 2208
10062 4 2 5 18 409 408 2057 2207
10063 4 2 5 18 2014 2040 1966 2164
10064 4 2 5 18 1960 2071 2044 2194
10065 4 2 5 18 148 2067 1990 2217
10066 4 2 5 18 366 363 364 2037
10067 4 2 5 18 158 159 406 2137
10068 4 2 5 18 122 2139 2059 2157
10069 4 2 5 18 2101 2111 2022 2189
10070 4 2 5 18 213 1991 212 2162
10071 4 2 5 18 215 2192 2181 2196
10072 4 2 5 18 219 1986 34 2178
10073 4 2 5 18 1247 2029 1964 2110
10074 4 2 5 18 178 26 65 1956
10075 4 2 5 18 253 55 54 2170
10076 4 2 5 18 2010 2120 2002 2196
10077 4 2 5 18 2050 2133 33 2178
10078 4 2 5 18 43 44 2050 2051
10079 4 2 5 18 1 215 2009 2010
10080 4 2 5 18 104 103 21 2040
10081 4 2 5 18 381 379 1243 386
10082 4 2 5 18 121 2010 2139 2157
10083 4 2 5 18 122 2059 123 2060
10084 4 2 5 18 2057 2085 2021 2176
10085 4 2 5 18 286 77 10 1967
10086 4 2 5 18 210 2133 2065 2184
10087 4 2 5 18 115 335 114 2203
10088 4 2 5 18 129 2055 128 2056
10089 4 2 5 18 1985 2071 2015 2083
10090 4 2 5 18 2011 2202 1994 2204
10091 4 2 5 18 2027 2125 2030 2160
10092 4 2 5 18 1948 2058 1963 2230
10093 4 2 5 18 369 368 360 2129
10094 4 2 5 18 338 348 2033 2120
10095 4 2 5 18 420 419 2082 2207
10096 4 2 5 18 212 1 2009 2222
10097 4 2 5 18 219 2151 1992 2222
10098 4 2 5 18 2036 2037 1966 2214
10099 4 2 5 18 1969 2150 2001 2209
10100 4 2 5 18 1960 2088 1993 2190
10101 4 2 5 18 108 336 107 2201
10102 4 2 5 18 1956 1227 2063 2096
10103 4 2 5 18 34 2009 2125 2151
10104 4 2 5 18 341 2024 344 2055
10105 4 2 5 18 34 33 1986 2145
10106 4 2 5 18 1977 2116 2007 2166
10107 4 2 5 18 2022 222 2167 2189
10108 4 2 5 18 13 2086 95 2199
10109 4 2 5 18 2089 2097 1993 2123
10110 4 2 5 18 2071 1985 2118 2215
10111 4 2 5 18 219 212 1991 2162
10112 4 2 5 18 25 167 2118 2206
10113 4 2 5 18 82 81 2020 2166
10114 4 2 5 18 69 258 257 2197
10115 4 2 5 18 135 134 368 2173
10116 4 2 5 18 110 330 332 1953
10117 4 2 5 18 208 1990 217 2159
10118 4 2 5 18 246 245 2005 2165
10119 4 2 5 18 1952 2051 2050 2154
10120 4 2 5 18 1985 2041 2206 2215
10121 4 2 5 18 34 218 2076 2181
10122 4 2 5 18 33 34 1986 2178
10123 4 2 5 18 244 2044 2108 2198
10124 4 2 5 18 403 1259 157 391
10125 4 2 5 18 2002 2134 2104 2142
10126 4 2 5 18 68 2025 1956 2138
10127 4 2 5 18 76 2031 9 2103
10128 4 2 5 18 81 1967 82 2020
10129 4 2 5 18 69 2025 2130 2197
10130 4 2 5 18 2041 168 2206 2215
10131 4 2 5 18 214 2134 2002 2142
10132 4 2 5 18 8 26 2026 2208
10133 4 2 5 18 153 154 375 2220
10134 4 2 5 18 1223 1225 1224 2149
10135 4 2 5 18 1988 2092 2046 2116
10136 4 2 5 18 218 1981 1980 2192
10137 4 2 5 18 2003 2126 2005 2127
10138 4 2 5 18 1243 1253 1244 1945
10139 4 2 5 18 211 209 216 2094
10140 4 2 5 18 2145 2154 2053 2179
10141 4 2 5 18 387 378 2131 2229
10142 4 2 5 18 1246 1964 1988 2110
10143 4 2 5 18 1232 47 5 2230
10144 4 2 5 18 370 2099 135 2122
10145 4 2 5 18 2029 2065 24 2218
10146 4 2 5 18 2032 2033 2136 2196
10147 4 2 5 18 2035 1993 2108 2194
10148 4 2 5 18 244 2198 2079 2223
10149 4 2 5 18 82 273 81 2166
10150 4 2 5 18 72 73 285 1996
10151 4 2 5 18 393 394 2065 2182
10152 4 2 5 18 69 257 2025 2197
10153 4 2 5 18 394 2182 2140 2218
10154 4 2 5 18 288 296 287 2007
10155 4 2 5 18 2022 2101 2200 2208
10156 4 2 5 18 388 1990 2131 2217
10157 4 2 5 18 324 117 1229 2185
10158 4 2 5 18 56 2026 25 2208
10159 4 2 5 18 1948 2059 2009 2157
10160 4 2 5 18 1952 2148 2145 2186
10161 4 2 5 18 2098 2122 2039 2129
10162 4 2 5 18 1988 2077 161 2153
10163 4 2 5 18 26 2026 178 2227
10164 4 2 5 18 358 2121 141 2158
10165 4 2 5 18 90 2007 2028 2116
10166 4 2 5 18 243 2044 251 2194
10167 4 2 5 18 108 2070 322 2177
10168 4 2 5 18 1223 1971 1225 2149
10169 4 2 5 18 34 212 2009 2222
10170 4 2 5 18 10 82 1967 2187
10171 4 2 5 18 34 2018 1986 2125
10172 4 2 5 18 1985 2206 2118 2215
10173 4 2 5 18 1986 2174 2088 2190
10174 4 2 5 18 19 136 2113 2122
10175 4 2 5 18 1955 2026 2079 2208
10176 4 2 5 18 1226 73 282 270
10177 4 2 5 18 2055 2147 1975 2172
10178 4 2 5 18 1222 2119 206 2144
10179 4 2 5 18 353 121 122 2114
10180 4 2 5 18 2023 2109 1998 2197
10181 4 2 5 18 166 2029 24 2218
10182 4 2 5 18 168 2207 2082 2215
10183 4 2 5 18 1986 2088 2050 2178
10184 4 2 5 18 34 2009 2151 2222
10185 4 2 5 18 321 333 109 2193
10186 4 2 5 18 154 2046 1974 2226
10187 4 2 5 18 2065 2182 1962 2184
10188 4 2 5 18 2048 2058 1992 2198
10189 4 2 5 18 259 8 7 2200
10190 4 2 5 18 102 101 2069 2186
10191 4 2 5 18 116 334 115 2127
10192 4 2 5 18 2026 2079 248 2165
10193 4 2 5 18 1226 1944 1228 2078
10194 4 2 5 18 305 304 101 2148
10195 4 2 5 18 2108 2190 2044 2194
10196 4 2 5 18 1225 1961 1224 2155
10197 4 2 5 18 72 285 71 1996
10198 4 2 5 18 103 21 2040 2217
10199 4 2 5 18 1986 2125 2018 2160
10200 4 2 5 18 2018 2160 2062 2179
10201 4 2 5 18 1982 2055 2024 2093
10202 4 2 5 18 19 370 136 2122
10203 4 2 5 18 1948 2151 2070 2188
10204 4 2 5 18 2072 2075 113 2093
10205 4 2 5 18 1967 2020 1988 2187
10206 4 2 5 18 1965 1994 2109 2115
10207 4 2 5 18 1979 2076 2117 2199
10208 4 2 5 18 110 336 109 2143
10209 4 2 5 18 359 2045 1989 2136
10210 4 2 5 18 102 101 1971 2069
10211 4 2 5 18 164 165 1247 2110
10212 4 2 5 18 231 2053 233 2179
10213 4 2 5 18 1228 61 266 264
10214 4 2 5 18 321 2177 2054 2193
10215 4 2 5 18 152 2092 377 2146
10216 4 2 5 18 396 392 395 2061
10217 4 2 5 18 153 152 1974 2092
10218 4 2 5 18 205 2144 46 2191
10219 4 2 5 18 2018 1986 2160 2179
10220 4 2 5 18 2027 2112 2081 2157
10221 4 2 5 18 2024 2055 1982 2059
10222 4 2 5 18 226 2034 36 2175
10223 4 2 5 18 69 2130 258 2197
10224 4 2 5 18 69 257 68 2025
10225 4 2 5 18 167 2118 2206 2215
10226 4 2 5 18 2058 2151 1992 2198
10227 4 2 5 18 119 2080 120 2114
10228 4 2 5 18 1256 86 87 300
10229 4 2 5 18 306 2066 2117 2148
10230 4 2 5 18 160 2015 2090 2182
10231 4 2 5 18 342 344 341 2024
10232 4 2 5 18 242 243 52 2108
10233 4 2 5 18 319 13 95 2199
10234 4 2 5 18 2025 2096 1956 2138
10235 4 2 5 18 289 2038 1966 2141
10236 4 2 5 18 411 171 413 2161
10237 4 2 5 18 305 313 304 2164
10238 4 2 5 18 13 14 306 2086
10239 4 2 5 18 1954 1957 1256 2156
10240 4 2 5 18 2086 2117 1951 2148
10241 4 2 5 18 1993 2035 2034 2175
10242 4 2 5 18 167 2206 168 2215
10243 4 2 5 18 218 1980 1984 2181
10244 4 2 5 18 212 1975 1 2222
10245 4 2 5 18 316 98 2014 2212
10246 4 2 5 18 2022 2200 2152 2208
10247 4 2 5 18 1971 2006 2067 2069
10248 4 2 5 18 2109 2202 261 2205
10249 4 2 5 18 2152 2202 2011 2204
10250 4 2 5 18 70 2130 2101 2200
10251 4 2 5 18 82 2020 1967 2187
10252 4 2 5 18 2070 2171 1982 2188
10253 4 2 5 18 135 2122 2098 2129
10254 4 2 5 18 161 2077 1988 2110
10255 4 2 5 18 2032 2105 2002 2134
10256 4 2 5 18 206 1250 2030 2119
10257 4 2 5 18 2072 2204 2011 2205
10258 4 2 5 18 405 163 32 2061
10259 4 2 5 18 2031 2064 272 2166
10260 4 2 5 18 204 1223 205 2051
10261 4 2 5 18 47 48 252 2195
10262 4 2 5 18 2050 2089 2015 2178
10263 4 2 5 18 2021 2218 2106 2219
10264 4 2 5 18 1979 2098 2076 2199
10265 4 2 5 18 246 2005 249 2165
10266 4 2 5 18 2 208 209 2132
10267 4 2 5 18 75 281 272 2064
10268 4 2 5 18 135 2039 2122 2129
10269 4 2 5 18 221 2111 2004 2206
10270 4 2 5 18 383 378 382 2017
10271 4 2 5 18 1948 1963 2058 2188
10272 4 2 5 18 2014 2164 316 2212
10273 4 2 5 18 1228 264 255 2227
10274 4 2 5 18 364 363 355 2214
10275 4 2 5 18 243 2097 2035 2194
10276 4 2 5 18 1260 2024 130 2056
10277 4 2 5 18 154 2220 2046 2226
10278 4 2 5 18 162 2061 397 2153
10279 4 2 5 18 1965 2047 2043 2168
10280 4 2 5 18 1945 2000 1253 2061
10281 4 2 5 18 24 2065 2029 2132
10282 4 2 5 18 89 1974 2225 2226
10283 4 2 5 18 306 311 96 2117
10284 4 2 5 18 38 39 237 2030
10285 4 2 5 18 409 408 418 2057
10286 4 2 5 18 412 26 25 2026
10287 4 2 5 18 211 2094 216 2095
10288 4 2 5 18 156 391 1259 2000
10289 4 2 5 18 1992 2058 2048 2151
10290 4 2 5 18 1246 1964 1227 1967
10291 4 2 5 18 221 219 2178 2223
10292 4 2 5 18 274 10 77 2043
10293 4 2 5 18 50 252 49 2143
10294 4 2 5 18 271 274 1983 2043
10295 4 2 5 18 222 2167 2095 2168
10296 4 2 5 18 304 2164 2066 2186
10297 4 2 5 18 1948 2151 2009 2222
10298 4 2 5 18 51 242 2108 2198
10299 4 2 5 18 160 406 159 2137
10300 4 2 5 18 2033 2120 2010 2196
10301 4 2 5 18 2072 2075 2011 2204
10302 4 2 5 18 216 222 2168 2169
10303 4 2 5 18 366 2036 363 2037
10304 4 2 5 18 2024 2055 1947 2093
10305 4 2 5 18 23 2133 2015 2184
10306 4 2 5 18 127 128 347 2147
10307 4 2 5 18 143 1961 144 2155
10308 4 2 5 18 1253 2000 1945 2017
10309 4 2 5 18 2029 2218 2021 2219
10310 4 2 5 18 1965 2052 1994 2115
10311 4 2 5 18 43 2088 42 2089
10312 4 2 5 18 1986 2053 2050 2088
10313 4 2 5 18 394 2065 2182 2218
10314 4 2 5 18 246 249 245 2165
10315 4 2 5 18 2050 2053 1952 2154
10316 4 2 5 18 1999 2057 1958 2106
10317 4 2 5 18 134 2098 135 2099
10318 4 2 5 18 244 242 2079 2198
10319 4 2 5 18 378 384 382 2017
10320 4 2 5 18 341 129 2024 2055
10321 4 2 5 18 65 8 269 1956
10322 4 2 5 18 420 169 168 2082
10323 4 2 5 18 10 2043 274 2047
10324 4 2 5 18 43 2050 2088 2089
10325 4 2 5 18 271 2043 1983 2047
10326 4 2 5 18 410 420 2206 2207
10327 4 2 5 18 7 116 115 2127
10328 4 2 5 18 1259 391 396 2061
10329 4 2 5 18 2003 2026 1955 2208
10330 4 2 5 18 1957 2102 2103 2134
10331 4 2 5 18 69 70 258 2130
10332 4 2 5 18 7 2152 2127 2204
10333 4 2 5 18 142 20 359 1989
10334 4 2 5 18 141 2121 2091 2158
10335 4 2 5 18 244 2044 243 2108
10336 4 2 5 18 58 57 2071 2194
10337 4 2 5 18 155 23 2133 2209
10338 4 2 5 18 334 326 335 2203
10339 4 2 5 18 375 378 377 2131
10340 4 2 5 18 1 215 2010 2196
10341 4 2 5 18 146 2006 2068 2229
10342 4 2 5 18 170 171 1233 413
10343 4 2 5 18 175 2057 174 2085
10344 4 2 5 18 1964 1967 1246 1988
10345 4 2 5 18 1994 2072 2011 2205
10346 4 2 5 18 361 360 368 2129
10347 4 2 5 18 2041 1985 2184 2215
10348 4 2 5 18 102 305 2148 2186
10349 4 2 5 18 77 2043 2187 2232
10350 4 2 5 18 349 347 128 2147
10351 4 2 5 18 232 2160 231 2179
10352 4 2 5 18 69 2130 2025 2138
10353 4 2 5 18 2082 2207 2041 2215
10354 4 2 5 18 1973 2085 2138 2176
10355 4 2 5 18 2104 2105 1995 2134
10356 4 2 5 18 245 2079 2005 2165
10357 4 2 5 18 84 1957 1970 2091
10358 4 2 5 18 103 1971 320 2155
10359 4 2 5 18 206 1250 207 2030
10360 4 2 5 18 1947 2055 2056 2104
10361 4 2 5 18 358 141 359 2158
10362 4 2 5 18 63 64 1968 2205
10363 4 2 5 18 108 2188 2070 2193
10364 4 2 5 18 259 258 2200 2202
10365 4 2 5 18 34 218 217 2076
10366 4 2 5 18 306 96 95 2117
10367 4 2 5 18 102 1971 2067 2069
10368 4 2 5 18 85 1256 1957 2156
10369 4 2 5 18 358 366 140 2121
10370 4 2 5 18 394 24 2065 2218
10371 4 2 5 18 349 2147 2055 2172
10372 4 2 5 18 2018 2053 1986 2179
10373 4 2 5 18 37 237 36 2030
10374 4 2 5 18 1990 2067 2012 2217
10375 4 2 5 18 367 2173 2014 2214
10376 4 2 5 18 59 7 116 1968
10377 4 2 5 18 1960 2044 2190 2194
10378 4 2 5 18 65 8 26 2227
10379 4 2 5 18 367 363 2036 2214
10380 4 2 5 18 37 234 232 2160
10381 4 2 5 18 210 2184 2065 2219
10382 4 2 5 18 225 2016 46 2144
10383 4 2 5 18 274 2043 276 2128
10384 4 2 5 18 1946 2058 2035 2108
10385 4 2 5 18 2063 2085 1973 2176
10386 4 2 5 18 160 2090 159 2182
10387 4 2 5 18 1247 1956 1227 2063
10388 4 2 5 18 367 368 134 2173
10389 4 2 5 18 2048 2151 2058 2188
10390 4 2 5 18 1976 2118 167 2216
10391 4 2 5 18 1994 2204 2202 2205
10392 4 2 5 18 2056 2072 2052 2115
10393 4 2 5 18 2027 2081 2114 2157
10394 4 2 5 18 97 319 96 2099
10395 4 2 5 18 133 370 132 2099
10396 4 2 5 18 221 2189 2111 2219
10397 4 2 5 18 2066 2164 2012 2186
10398 4 2 5 18 1242 111 323 1953
10399 4 2 5 18 1252 1957 1954 2211
10400 4 2 5 18 1975 2139 2059 2172
10401 4 2 5 18 216 222 2095 2168
10402 4 2 5 18 89 2038 12 2226
10403 4 2 5 18 136 135 2039 2122
10404 4 2 5 18 224 2062 232 2179
10405 4 2 5 18 2000 155 2150 2209
10406 4 2 5 18 1986 33 2050 2053
10407 4 2 5 18 367 2036 2173 2214
10408 4 2 5 18 40 2030 39 2119
10409 4 2 5 18 374 2040 21 2217
10410 4 2 5 18 76 2031 2103 2211
10411 4 2 5 18 135 368 2129 2173
10412 4 2 5 18 37 232 38 2160
10413 4 2 5 18 2002 2105 2104 2134
10414 4 2 5 18 1966 2141 2040 2214
10415 4 2 5 18 106 320 14 1971
10416 4 2 5 18 1258 1954 2042 2064
10417 4 2 5 18 96 2117 2098 2199
10418 4 2 5 18 1962 2184 2083 2215
10419 4 2 5 18 153 2046 1987 2092
10420 4 2 5 18 1999 2082 419 2207
10421 4 2 5 18 103 1971 21 2067
10422 4 2 5 18 220 1981 218 2192
10423 4 2 5 18 22 2038 154 2226
10424 4 2 5 18 1253 1259 1244 2061
10425 4 2 5 18 219 34 2125 2151
10426 4 2 5 18 1998 2130 2025 2197
10427 4 2 5 18 41 42 230 2123
10428 4 2 5 18 157 2137 156 2209
10429 4 2 5 18 401 165 394 2140
10430 4 2 5 18 156 157 1259 391
10431 4 2 5 18 340 31 125 2080
10432 4 2 5 18 2088 2089 2050 2178
10433 4 2 5 18 1256 293 299 300
10434 4 2 5 18 178 422 26 1956
10435 4 2 5 18 217 218 209 2159
10436 4 2 5 18 220 218 1981 2163
10437 4 2 5 18 395 392 23 2150
10438 4 2 5 18 1992 2079 2198 2223
10439 4 2 5 18 147 387 2131 2229
10440 4 2 5 18 2034 2035 2008 2074
10441 4 2 5 18 213 2162 222 2167
10442 4 2 5 18 57 1976 58 2071
10443 4 2 5 18 1 2192 215 2196
10444 4 2 5 18 2131 2217 2159 2220
10445 4 2 5 18 224 231 233 2179
10446 4 2 5 18 2010 2033 1949 2112
10447 4 2 5 18 1976 2071 57 2118
10448 4 2 5 18 139 88 11 2037
10449 4 2 5 18 281 75 74 1258
10450 4 2 5 18 2008 37 2030 2125
10451 4 2 5 18 34 212 1 2009
10452 4 2 5 18 139 140 11 1970
10453 4 2 5 18 52 51 2058 2195
10454 4 2 5 18 48 1953 49 2143
10455 4 2 5 18 64 2204 1968 2205
10456 4 2 5 18 1946 2151 2058 2198
10457 4 2 5 18 2000 1969 2006 2209
10458 4 2 5 18 162 161 2077 2153
10459 4 2 5 18 267 261 63 2109
10460 4 2 5 18 173 2101 26 2138
10461 4 2 5 18 1224 106 105 308
10462 4 2 5 18 115 116 7 1968
10463 4 2 5 18 42 2089 1993 2123
10464 4 2 5 18 223 2062 224 2144
10465 4 2 5 18 167 2118 1976 2170
10466 4 2 5 18 68 1956 269 2138
10467 4 2 5 18 392 395 2061 2153
10468 4 2 5 18 121 2112 2010 2157
10469 4 2 5 18 1 214 2002 2142
10470 4 2 5 18 81 273 280 2064
10471 4 2 5 18 110 330 1953 2005
10472 4 2 5 18 7 2127 115 2204
10473 4 2 5 18 173 26 422 1956
10474 4 2 5 18 1230 207 2019 2060
10475 4 2 5 18 62 2109 63 2115
10476 4 2 5 18 1948 2058 2008 2151
10477 4 2 5 18 2022 2111 221 2189
10478 4 2 5 18 1 2002 214 2192
10479 4 2 5 18 114 113 1968 2072
10480 4 2 5 18 1245 2092 1988 2116
10481 4 2 5 18 2028 2116 2046 2225
10482 4 2 5 18 128 2056 2055 2104
10483 4 2 5 18 93 94 1257 2049
10484 4 2 5 18 1981 2102 2091 2158
10485 4 2 5 18 143 21 104 2155
10486 4 2 5 18 41 205 2089 2123
10487 4 2 5 18 11 12 289 2141
10488 4 2 5 18 405 397 162 2061
10489 4 2 5 18 1977 2020 1988 2116
10490 4 2 5 18 1962 1999 1978 2106
10491 4 2 5 18 341 129 342 2024
10492 4 2 5 18 378 384 2017 2229
10493 4 2 5 18 143 2155 104 2213
10494 4 2 5 18 230 1993 236 2175
10495 4 2 5 18 70 258 2130 2200
10496 4 2 5 18 409 415 419 1999
10497 4 2 5 18 12 2038 22 2226
10498 4 2 5 18 84 294 85 2156
10499 4 2 5 18 129 1997 130 2056
10500 4 2 5 18 355 363 365 2214
10501 4 2 5 18 351 2135 2059 2172
10502 4 2 5 18 1956 1973 2063 2085
10503 4 2 5 18 32 396 405 2061
10504 4 2 5 18 1241 1230 1948 2060
10505 4 2 5 18 1994 2115 2072 2205
10506 4 2 5 18 1977 2028 2007 2116
10507 4 2 5 18 96 97 2098 2180
10508 4 2 5 18 147 2131 2084 2229
10509 4 2 5 18 393 1978 2140 2182
10510 4 2 5 18 70 269 8 2138
10511 4 2 5 18 332 111 110 1953
10512 4 2 5 18 1962 2083 2082 2215
10513 4 2 5 18 207 1241 2008 2060
10514 4 2 5 18 209 218 220 2163
10515 4 2 5 18 218 1980 2181 2192
10516 4 2 5 18 223 232 224 2062
10517 4 2 5 18 1253 204 1259 2209
10518 4 2 5 18 42 2051 43 2089
10519 4 2 5 18 2053 2018 2145 2179
10520 4 2 5 18 133 367 2014 2214
10521 4 2 5 18 77 10 1967 2187
10522 4 2 5 18 8 2101 70 2138
10523 4 2 5 18 374 2217 2131 2220
10524 4 2 5 18 381 151 386 1243
10525 4 2 5 18 408 173 174 2176
10526 4 2 5 18 38 237 37 2030
10527 4 2 5 18 51 2108 2058 2198
10528 4 2 5 18 1989 2033 2032 2080
10529 4 2 5 18 109 108 2048 2143
10530 4 2 5 18 1229 16 1231 2221
10531 4 2 5 18 2084 2131 2017 2229
10532 4 2 5 18 305 2164 304 2186
10533 4 2 5 18 1983 2023 1965 2043
10534 4 2 5 18 211 2189 210 2219
10535 4 2 5 18 56 2118 25 2170
10536 4 2 5 18 2017 2068 2006 2229
10537 4 2 5 18 102 2069 2067 2186
10538 4 2 5 18 133 2014 98 2100
10539 4 2 5 18 2057 2106 1999 2207
10540 4 2 5 18 21 2067 148 2217
10541 4 2 5 18 313 2040 312 2164
10542 4 2 5 18 57 253 1976 2170
10543 4 2 5 18 395 161 397 2153
10544 4 2 5 18 149 94 2049 2141
10545 4 2 5 18 76 272 9 2031
10546 4 2 5 18 2 2065 210 2133
10547 4 2 5 18 2052 2072 1994 2115
10548 4 2 5 18 1250 1222 2086 2119
10549 4 2 5 18 407 24 166 2110
10550 4 2 5 18 96 2099 319 2199
10551 4 2 5 18 2057 2063 2021 2085
10552 4 2 5 18 1229 61 60 1968
10553 4 2 5 18 306 2086 14 2148
10554 4 2 5 18 329 2126 334 2127
10555 4 2 5 18 37 36 2008 2030
10556 4 2 5 18 1983 2043 1965 2047
10557 4 2 5 18 377 2017 383 2146
10558 4 2 5 18 34 1 215 2009
10559 4 2 5 18 2017 2131 378 2229
10560 4 2 5 18 1978 1999 1958 2106
10561 4 2 5 18 2104 2134 1995 2142
10562 4 2 5 18 95 2086 306 2117
10563 4 2 5 18 171 2124 172 2170
10564 4 2 5 18 7 2003 2127 2152
10565 4 2 5 18 1953 2005 330 2127
10566 4 2 5 18 176 422 1956 2085
10567 4 2 5 18 140 366 364 2037
10568 4 2 5 18 121 2139 122 2157
10569 4 2 5 18 57 1976 2118 2170
10570 4 2 5 18 34 215 218 2181
10571 4 2 5 18 375 374 2131 2220
10572 4 2 5 18 354 18 130 1997
10573 4 2 5 18 104 21 103 2155
10574 4 2 5 18 1945 2017 1987 2092
10575 4 2 5 18 72 71 271 1983
10576 4 2 5 18 23 393 394 2065
10577 4 2 5 18 392 2061 2000 2153
10578 4 2 5 18 22 2040 1966 2141
10579 4 2 5 18 305 2012 2164 2186
10580 4 2 5 18 346 344 350 2172
10581 4 2 5 18 1949 2039 2113 2136
10582 4 2 5 18 19 1239 1972 2122
10583 4 2 5 18 304 2066 306 2148
10584 4 2 5 18 90 1974 2116 2225
10585 4 2 5 18 243 2108 2044 2194
10586 4 2 5 18 133 132 362 2100
10587 4 2 5 18 410 420 168 2206
10588 4 2 5 18 1237 142 1957 1989
10589 4 2 5 18 1973 2130 2101 2138
10590 4 2 5 18 1985 2083 2184 2215
10591 4 2 5 18 33 219 34 2178
10592 4 2 5 18 1966 2038 22 2141
10593 4 2 5 18 2004 2162 221 2223
10594 4 2 5 18 1252 1954 1258 2211
10595 4 2 5 18 11 88 139 1970
10596 4 2 5 18 224 2016 2062 2154
10597 4 2 5 18 167 25 2118 2170
10598 4 2 5 18 1951 2027 1979 2119
10599 4 2 5 18 167 410 168 2206
10600 4 2 5 18 2098 2129 1984 2173
10601 4 2 5 18 2019 2059 1982 2060
10602 4 2 5 18 2001 2050 2015 2133
10603 4 2 5 18 20 360 359 1989
10604 4 2 5 18 272 2064 2031 2211
10605 4 2 5 18 2001 2050 1952 2051
10606 4 2 5 18 2053 2145 1952 2154
10607 4 2 5 18 1987 1945 2092 2153
10608 4 2 5 18 114 2072 1968 2204
10609 4 2 5 18 16 2093 325 2171
10610 4 2 5 18 281 1258 277 2064
10611 4 2 5 18 273 277 280 2064
10612 4 2 5 18 101 2148 2069 2186
10613 4 2 5 18 2093 2171 16 2221
10614 4 2 5 18 1965 2109 2023 2115
10615 4 2 5 18 98 319 97 2099
10616 4 2 5 18 134 370 133 2099
10617 4 2 5 18 221 33 210 2178
10618 4 2 5 18 233 2053 44 2154
10619 4 2 5 18 2010 2112 2009 2157
10620 4 2 5 18 2058 2151 1948 2188
10621 4 2 5 18 1979 2081 2027 2112
10622 4 2 5 18 25 172 55 2170
10623 4 2 5 18 1954 2064 2031 2166
10624 4 2 5 18 275 271 274 2128
10625 4 2 5 18 273 9 272 2031
10626 4 2 5 18 360 359 1989 2136
10627 4 2 5 18 75 76 1996 2211
10628 4 2 5 18 2021 2085 2063 2176
10629 4 2 5 18 2032 2033 1989 2136
10630 4 2 5 18 3 40 225 2144
10631 4 2 5 18 140 364 139 2037
10632 4 2 5 18 123 2060 2059 2135
10633 4 2 5 18 1256 1954 1252 1957
10634 4 2 5 18 38 2027 39 2030
10635 4 2 5 18 14 320 101 1971
10636 4 2 5 18 222 213 2167 2169
10637 4 2 5 18 253 6 58 1976
10638 4 2 5 18 101 304 306 2148
10639 4 2 5 18 410 2111 2206 2208
10640 4 2 5 18 115 1968 7 2204
10641 4 2 5 18 2 2132 2065 2133
10642 4 2 5 18 1238 125 31 2080
10643 4 2 5 18 211 216 222 2095
10644 4 2 5 18 34 217 33 2145
10645 4 2 5 18 222 2022 221 2189
10646 4 2 5 18 22 376 2040 2141
10647 4 2 5 18 216 214 213 2169
10648 4 2 5 18 2066 2148 304 2186
10649 4 2 5 18 108 109 2048 2193
10650 4 2 5 18 2037 2141 1966 2214
10651 4 2 5 18 1252 2103 1957 2211
10652 4 2 5 18 1985 2083 2015 2184
10653 4 2 5 18 88 301 292 2087
10654 4 2 5 18 322 326 321 2177
10655 4 2 5 18 1226 1983 1944 2078
10656 4 2 5 18 262 1228 266 264
10657 4 2 5 18 159 1249 1978 2090
10658 4 2 5 18 243 251 57 2194
10659 4 2 5 18 127 2032 126 2105
10660 4 2 5 18 1250 207 2027 2081
10661 4 2 5 18 219 2162 1992 2223
10662 4 2 5 18 1947 2075 2072 2093
10663 4 2 5 18 1223 2006 2001 2209
10664 4 2 5 18 1234 2097 2089 2123
10665 4 2 5 18 74 1258 75 1996
10666 4 2 5 18 1258 1252 1256 1954
10667 4 2 5 18 222 216 213 2169
10668 4 2 5 18 158 157 400 32
10669 4 2 5 18 21 1971 148 2067
10670 4 2 5 18 1249 2082 1962 2083
10671 4 2 5 18 1228 1944 1227 2025
10672 4 2 5 18 409 2057 1999 2207
10673 4 2 5 18 64 2202 2204 2205
10674 4 2 5 18 1241 1963 1242 2230
10675 4 2 5 18 1230 1982 1948 2060
10676 4 2 5 18 1231 16 2171 2221
10677 4 2 5 18 19 2099 370 2122
10678 4 2 5 18 219 1992 2151 2223
10679 4 2 5 18 142 371 20 1970
10680 4 2 5 18 214 2142 213 2169
10681 4 2 5 18 72 1996 71 2052
10682 4 2 5 18 1959 2014 2040 2214
10683 4 2 5 18 2152 2200 2022 2202
10684 4 2 5 18 1954 2103 2031 2211
10685 4 2 5 18 1978 1999 1249 2107
10686 4 2 5 18 334 2127 2126 2203
10687 4 2 5 18 221 2022 222 2162
10688 4 2 5 18 22 390 149 1974
10689 4 2 5 18 1986 2050 33 2178
10690 4 2 5 18 1999 2106 2082 2207
10691 4 2 5 18 32 163 404 164
10692 4 2 5 18 226 229 234 2174
10693 4 2 5 18 2034 2074 36 2175
10694 4 2 5 18 272 281 277 2064
10695 4 2 5 18 205 2051 1223 2191
10696 4 2 5 18 87 86 1256 1970
10697 4 2 5 18 48 2143 252 2195
10698 4 2 5 18 2015 2083 1234 2090
10699 4 2 5 18 23 160 2015 2137
10700 4 2 5 18 14 101 2148 2149
10701 4 2 5 18 125 18 354 1997
10702 4 2 5 18 1238 1239 1989 2080
10703 4 2 5 18 2070 2093 1982 2171
10704 4 2 5 18 1990 2159 2131 2217
10705 4 2 5 18 1259 157 156 2209
10706 4 2 5 18 2 210 2065 2219
10707 4 2 5 18 291 1257 94 2141
10708 4 2 5 18 7 2202 2152 2204
10709 4 2 5 18 58 243 57 2194
10710 4 2 5 18 322 2070 2171 2177
10711 4 2 5 18 219 33 221 2178
10712 4 2 5 18 2101 2130 2022 2200
10713 4 2 5 18 1253 1223 204 2209
10714 4 2 5 18 73 1226 1258 1996
10715 4 2 5 18 2034 226 2174 2175
10716 4 2 5 18 1226 1983 2078 2115
10717 4 2 5 18 19 2113 1239 2122
10718 4 2 5 18 108 2143 336 2201
10719 4 2 5 18 25 55 56 2170
10720 4 2 5 18 1962 2090 2083 2184
10721 4 2 5 18 224 232 231 2179
10722 4 2 5 18 364 2037 363 2214
10723 4 2 5 18 208 2132 2 2133
10724 4 2 5 18 1227 1956 2025 2096
10725 4 2 5 18 1233 2124 1235 2161
10726 4 2 5 18 211 2095 222 2189
10727 4 2 5 18 1244 1945 2092 2183
10728 4 2 5 18 2001 2150 2133 2209
10729 4 2 5 18 306 2117 2086 2148
10730 4 2 5 18 52 2058 2108 2230
10731 4 2 5 18 2015 2090 2182 2184
10732 4 2 5 18 205 1234 2089 2123
10733 4 2 5 18 2055 2059 2024 2135
10734 4 2 5 18 135 368 369 2129
10735 4 2 5 18 319 2099 13 2199
10736 4 2 5 18 1247 1964 1246 2110
10737 4 2 5 18 409 1999 419 2207
10738 4 2 5 18 1227 1246 1247 1964
10739 4 2 5 18 1946 2058 2108 2198
10740 4 2 5 18 2014 2173 2036 2214
10741 4 2 5 18 113 325 16 2093
10742 4 2 5 18 62 2023 2109 2115
10743 4 2 5 18 1966 2037 289 2141
10744 4 2 5 18 8 2026 26 2227
10745 4 2 5 18 25 410 167 2206
10746 4 2 5 18 1955 2079 2026 2165
10747 4 2 5 18 161 24 407 2110
10748 4 2 5 18 7 64 2202 2204
10749 4 2 5 18 58 2071 1976 2097
10750 4 2 5 18 325 322 2171 2177
10751 4 2 5 18 1233 170 413 2073
10752 4 2 5 18 97 96 2098 2099
10753 4 2 5 18 80 81 1236 1967
10754 4 2 5 18 1241 207 1230 2060
10755 4 2 5 18 54 55 239 2124
10756 4 2 5 18 35 36 2074 2175
10757 4 2 5 18 206 2030 207 2228
10758 4 2 5 18 1951 2016 2086 2148
10759 4 2 5 18 266 267 62 2078
10760 4 2 5 18 140 11 1970 2091
10761 4 2 5 18 1230 1963 1948 2188
10762 4 2 5 18 1234 2051 205 2089
10763 4 2 5 18 1255 2056 2052 2115
10764 4 2 5 18 105 104 2155 2213
10765 4 2 5 18 1238 1989 1957 2105
10766 4 2 5 18 1241 2035 1240 2074
10767 4 2 5 18 244 2108 242 2198
10768 4 2 5 18 207 2008 1241 2228
10769 4 2 5 18 1237 20 142 1989
10770 4 2 5 18 204 2015 1234 2090
10771 4 2 5 18 377 2092 2017 2146
10772 4 2 5 18 78 1967 1227 2232
10773 4 2 5 18 221 210 2189 2219
10774 4 2 5 18 1230 15 112 2201
10775 4 2 5 18 1259 2000 391 2061
10776 4 2 5 18 207 2030 2008 2228
10777 4 2 5 18 149 12 94 2141
10778 4 2 5 18 246 245 244 2079
10779 4 2 5 18 51 2058 2048 2198
10780 4 2 5 18 153 1974 2046 2092
10781 4 2 5 18 1973 2085 1956 2138
10782 4 2 5 18 144 1961 1225 2155
10783 4 2 5 18 1947 2104 2056 2142
10784 4 2 5 18 395 2150 2132 2153
10785 4 2 5 18 159 2090 1978 2182
10786 4 2 5 18 120 121 353 2114
10787 4 2 5 18 108 107 2188 2201
10788 4 2 5 18 71 271 1983 2047
10789 4 2 5 18 238 4 46 205
10790 4 2 5 18 1952 2149 2069 2191
10791 4 2 5 18 331 329 334 2127
10792 4 2 5 18 273 2064 81 2166
10793 4 2 5 18 351 343 352 2135
10794 4 2 5 18 23 392 155 2150
10795 4 2 5 18 85 1957 1256 1970
10796 4 2 5 18 1982 2093 2024 2171
10797 4 2 5 18 66 254 65 2227
10798 4 2 5 18 1998 2025 2023 2197
10799 4 2 5 18 23 2133 2001 2137
10800 4 2 5 18 238 41 4 205
10801 4 2 5 18 2036 2037 366 2121
10802 4 2 5 18 107 2171 2070 2188
10803 4 2 5 18 109 108 321 2193
10804 4 2 5 18 2051 2154 1952 2191
10805 4 2 5 18 267 2023 62 2078
10806 4 2 5 18 7 59 268 1968
10807 4 2 5 18 233 2053 2154 2179
10808 4 2 5 18 227 226 36 2175
10809 4 2 5 18 1246 1236 1245 2020
10810 4 2 5 18 12 303 89 1974
10811 4 2 5 18 130 1231 342 2024
10812 4 2 5 18 349 344 346 2172
10813 4 2 5 18 1246 1967 1236 2020
10814 4 2 5 18 2016 2062 1951 2119
10815 4 2 5 18 1249 1234 2083 2090
10816 4 2 5 18 140 366 2037 2121
10817 4 2 5 18 1230 1242 1241 1963
10818 4 2 5 18 154 390 22 1974
10819 4 2 5 18 78 1227 2128 2232
10820 4 2 5 18 1951 2062 2027 2119
10821 4 2 5 18 289 12 2038 2141
10822 4 2 5 18 1988 2092 2077 2153
10823 4 2 5 18 33 208 2 2133
10824 4 2 5 18 107 2070 108 2188
10825 4 2 5 18 2091 2121 1981 2158
10826 4 2 5 18 344 2055 2024 2135
10827 4 2 5 18 2010 2009 2139 2157
10828 4 2 5 18 23 2015 2133 2137
10829 4 2 5 18 2101 2130 70 2138
10830 4 2 5 18 1944 2025 2023 2043
10831 4 2 5 18 2093 2171 2070 2177
10832 4 2 5 18 2131 2159 1987 2220
10833 4 2 5 18 273 272 2064 2166
10834 4 2 5 18 115 334 335 2203
10835 4 2 5 18 1948 1982 1230 2188
10836 4 2 5 18 8 70 2101 2200
10837 4 2 5 18 1240 2097 1234 2123
10838 4 2 5 18 97 96 311 2180
10839 4 2 5 18 97 311 314 2180
10840 4 2 5 18 2024 2055 129 2056
10841 4 2 5 18 351 123 2059 2135
10842 4 2 5 18 376 1257 149 380
10843 4 2 5 18 33 2 210 2133
10844 4 2 5 18 42 2088 1993 2089
10845 4 2 5 18 2109 2115 1994 2205
10846 4 2 5 18 1951 1979 2086 2119
10847 4 2 5 18 1258 1954 1256 2042
10848 4 2 5 18 211 210 2 2219
10849 4 2 5 18 2046 2225 1974 2226
10850 4 2 5 18 1954 2007 2064 2166
10851 4 2 5 18 155 2000 156 2209
10852 4 2 5 18 245 247 244 2079
10853 4 2 5 18 389 148 21 1971
10854 4 2 5 18 2001 2006 1969 2209
10855 4 2 5 18 2025 2043 1944 2096
10856 4 2 5 18 258 260 257 2197
10857 4 2 5 18 1948 2060 2059 2157
10858 4 2 5 18 51 252 50 2195
10859 4 2 5 18 292 12 11 2141
10860 4 2 5 18 302 11 83 1970
10861 4 2 5 18 421 25 167 2170
10862 4 2 5 18 1948 1241 2008 2230
10863 4 2 5 18 285 76 9 1996
10864 4 2 5 18 1257 1251 1959 2087
10865 4 2 5 18 1243 2146 1945 2183
10866 4 2 5 18 65 26 8 1956
10867 4 2 5 18 20 371 137 1970
10868 4 2 5 18 209 208 217 2159
10869 4 2 5 18 133 2014 2100 2214
10870 4 2 5 18 46 45 2051 2191
10871 4 2 5 18 2071 2083 1985 2215
10872 4 2 5 18 170 169 2073 2216
10873 4 2 5 18 2077 2092 1245 2183
10874 4 2 5 18 327 325 113 2093
10875 4 2 5 18 12 1974 89 2226
10876 4 2 5 18 1232 48 1242 1953
10877 4 2 5 18 104 21 143 2213
10878 4 2 5 18 1223 2001 204 2209
10879 4 2 5 18 51 50 2048 2195
10880 4 2 5 18 250 49 48 1953
10881 4 2 5 18 135 2099 2098 2122
10882 4 2 5 18 1244 1945 2077 2092
10883 4 2 5 18 173 410 26 2208
10884 4 2 5 18 1949 2113 2033 2136
10885 4 2 5 18 22 154 1974 2226
10886 4 2 5 18 118 337 16 1968
10887 4 2 5 18 2082 2083 1249 2216
10888 4 2 5 18 2046 2092 1974 2116
10889 4 2 5 18 122 2059 2060 2157
10890 4 2 5 18 35 237 3 2030
10891 4 2 5 18 411 25 172 2026
10892 4 2 5 18 1223 2006 1971 2069
10893 4 2 5 18 81 80 1236 280
10894 4 2 5 18 2007 1236 2064 2166
10895 4 2 5 18 83 1970 11 2091
10896 4 2 5 18 2003 2200 256 2227
10897 4 2 5 18 39 2027 2062 2119
10898 4 2 5 18 126 1997 354 2105
10899 4 2 5 18 300 1256 86 299
10900 4 2 5 18 2048 2143 108 2188
10901 4 2 5 18 1247 2085 1958 2107
10902 4 2 5 18 2035 2058 2008 2230
10903 4 2 5 18 1 213 214 2142
10904 4 2 5 18 274 271 9 2047
10905 4 2 5 18 45 233 44 2154
10906 4 2 5 18 2096 2187 2043 2232
10907 4 2 5 18 3 237 40 2030
10908 4 2 5 18 1993 2089 1960 2097
10909 4 2 5 18 1945 2146 2092 2183
10910 4 2 5 18 1948 1963 1241 2230
10911 4 2 5 18 2069 2148 101 2149
10912 4 2 5 18 363 2037 2036 2214
10913 4 2 5 18 100 99 1972 2099
10914 4 2 5 18 148 388 374 2217
10915 4 2 5 18 1245 1988 2020 2116
10916 4 2 5 18 395 397 2061 2153
10917 4 2 5 18 1978 2090 1962 2182
10918 4 2 5 18 1247 1978 1958 2210
10919 4 2 5 18 86 85 1256 1970
10920 4 2 5 18 1976 2071 2118 2216
10921 4 2 5 18 2056 2104 1995 2142
10922 4 2 5 18 45 2154 2051 2191
10923 4 2 5 18 1259 1253 2000 2061
10924 4 2 5 18 172 2124 55 2170
10925 4 2 5 18 1994 2202 2109 2205
10926 4 2 5 18 108 2048 2188 2193
10927 4 2 5 18 269 1956 8 2138
10928 4 2 5 18 411 412 25 2026
10929 4 2 5 18 270 1983 271 2128
10930 4 2 5 18 2001 2133 2015 2137
10931 4 2 5 18 343 31 124 2019
10932 4 2 5 18 384 387 146 2229
10933 4 2 5 18 347 346 338 2120
10934 4 2 5 18 1227 1967 1964 2096
10935 4 2 5 18 353 119 120 2114
10936 4 2 5 18 280 1258 1236 2064
10937 4 2 5 18 73 72 270 1226
10938 4 2 5 18 1249 1999 1962 2082
10939 4 2 5 18 71 9 2047 2052
10940 4 2 5 18 2015 2051 1234 2089
10941 4 2 5 18 354 1997 128 2105
10942 4 2 5 18 289 83 11 2037
10943 4 2 5 18 76 9 1996 2103
10944 4 2 5 18 2048 2058 51 2195
10945 4 2 5 18 388 2131 374 2217
10946 4 2 5 18 21 1971 103 2155
10947 4 2 5 18 1952 2069 2148 2186
10948 4 2 5 18 1978 2140 1958 2210
10949 4 2 5 18 65 1248 178 1956
10950 4 2 5 18 1234 2015 204 2051
10951 4 2 5 18 165 166 394 2140
10952 4 2 5 18 162 163 1244 2110
10953 4 2 5 18 1244 1243 1945 2183
10954 4 2 5 18 2019 2060 207 2114
10955 4 2 5 18 276 2128 2043 2232
10956 4 2 5 18 317 316 310 2212
10957 4 2 5 18 244 243 242 2108
10958 4 2 5 18 62 2078 2023 2115
10959 4 2 5 18 107 15 2188 2201
10960 4 2 5 18 71 285 9 1996
10961 4 2 5 18 1977 2020 2116 2166
10962 4 2 5 18 305 304 2148 2186
10963 4 2 5 18 410 419 420 2207
10964 4 2 5 18 351 344 343 2135
10965 4 2 5 18 1245 2077 1988 2092
10966 4 2 5 18 376 1961 373 2213
10967 4 2 5 18 121 122 2114 2157
10968 4 2 5 18 58 1976 6 2097
10969 4 2 5 18 1968 2204 2072 2205
10970 4 2 5 18 1237 1256 1252 1957
10971 4 2 5 18 1252 1995 1997 2103
10972 4 2 5 18 268 64 7 1968
10973 4 2 5 18 1224 2086 1222 2149
10974 4 2 5 18 284 276 78 2128
10975 4 2 5 18 128 1997 129 2056
10976 4 2 5 18 155 156 2137 2209
10977 4 2 5 18 1223 2001 2006 2069
10978 4 2 5 18 133 365 367 2214
10979 4 2 5 18 1246 1988 1967 2020
10980 4 2 5 18 173 26 1956 2138
10981 4 2 5 18 107 322 2070 2171
10982 4 2 5 18 2040 2164 2014 2212
10983 4 2 5 18 2031 2064 1954 2211
10984 4 2 5 18 162 2077 161 2110
10985 4 2 5 18 76 2103 1996 2211
10986 4 2 5 18 2001 2051 1952 2191
10987 4 2 5 18 120 2112 121 2114
10988 4 2 5 18 116 331 334 2127
10989 4 2 5 18 91 1974 1254 2116
10990 4 2 5 18 96 95 2117 2199
10991 4 2 5 18 69 70 2130 2138
10992 4 2 5 18 21 143 389 2155
10993 4 2 5 18 1223 1253 2006 2209
10994 4 2 5 18 46 2016 45 2191
10995 4 2 5 18 43 2051 2050 2089
10996 4 2 5 18 1228 1944 2025 2078
10997 4 2 5 18 11 140 139 2037
10998 4 2 5 18 312 2040 315 2212
10999 4 2 5 18 1225 1971 1223 2006
11000 4 2 5 18 1947 2055 2024 2056
11001 4 2 5 18 52 2108 2035 2230
11002 4 2 5 18 1230 2019 1982 2060
11003 4 2 5 18 137 357 1251 356
11004 4 2 5 18 149 376 22 2141
11005 4 2 5 18 1245 1974 2092 2116
11006 4 2 5 18 1244 2092 2077 2183
11007 4 2 5 18 1252 1238 1957 2105
11008 4 2 5 18 1995 2052 1996 2056
11009 4 2 5 18 214 220 218 2192
11010 4 2 5 18 8 256 2200 2227
11011 4 2 5 18 167 2170 1976 2216
11012 4 2 5 18 1222 2144 205 2191
11013 4 2 5 18 257 260 2078 2197
11014 4 2 5 18 207 2030 2027 2114
11015 4 2 5 18 122 2060 123 2114
11016 4 2 5 18 338 346 348 2120
11017 4 2 5 18 7 1968 64 2204
11018 4 2 5 18 1256 1957 1237 1970
11019 4 2 5 18 384 146 2068 2229
11020 4 2 5 18 224 2062 2016 2144
11021 4 2 5 18 1234 2071 2089 2097
11022 4 2 5 18 1952 2148 2069 2149
11023 4 2 5 18 63 2115 2109 2205
11024 4 2 5 18 1241 1948 1230 1963
11025 4 2 5 18 39 2030 2027 2119
11026 4 2 5 18 1246 1988 1245 2077
11027 4 2 5 18 2072 2115 2056 2221
11028 4 2 5 18 53 241 1232 239
11029 4 2 5 18 75 2064 272 2211
11030 4 2 5 18 312 304 313 2164
11031 4 2 5 18 325 326 322 2177
11032 4 2 5 18 1958 2057 1999 2107
11033 4 2 5 18 58 2071 2097 2194
11034 4 2 5 18 3 206 40 2144
11035 4 2 5 18 1253 2006 2000 2017
11036 4 2 5 18 272 277 273 2064
11037 4 2 5 18 1235 178 2026 2227
11038 4 2 5 18 400 32 157 403
11039 4 2 5 18 108 2188 2143 2201
11040 4 2 5 18 221 210 211 2189
11041 4 2 5 18 312 2164 2040 2212
11042 4 2 5 18 88 11 302 1970
11043 4 2 5 18 155 406 23 2137
11044 4 2 5 18 1984 2098 2173 2180
11045 4 2 5 18 47 1242 48 2195
11046 4 2 5 18 1224 308 105 1961
11047 4 2 5 18 2035 2074 2034 2175
11048 4 2 5 18 7 256 59 2003
11049 4 2 5 18 2083 2215 2071 2216
11050 4 2 5 18 403 399 32 396
11051 4 2 5 18 222 221 211 2189
11052 4 2 5 18 25 410 2206 2208
11053 4 2 5 18 1245 1988 1246 2020
11054 4 2 5 18 16 337 113 1968
11055 4 2 5 18 399 404 32 396
11056 4 2 5 18 252 2143 50 2195
11057 4 2 5 18 176 175 2085 2107
11058 4 2 5 18 218 2181 215 2192
11059 4 2 5 18 1959 2040 2014 2212
11060 4 2 5 18 55 172 25 2124
11061 4 2 5 18 213 221 222 2162
11062 4 2 5 18 1227 2025 1944 2096
11063 4 2 5 18 1255 2052 1996 2115
11064 4 2 5 18 1255 1996 1226 2115
11065 4 2 5 18 312 315 310 2212
11066 4 2 5 18 2001 2133 23 2209
11067 4 2 5 18 168 2082 169 2216
11068 4 2 5 18 2020 2116 2007 2224
11069 4 2 5 18 261 259 64 2202
11070 4 2 5 18 373 1961 143 2213
11071 4 2 5 18 1233 170 2073 2216
11072 4 2 5 18 1944 2096 2043 2232
11073 4 2 5 18 2024 2059 1982 2135
11074 4 2 5 18 382 384 385 2068
11075 4 2 5 18 249 250 241 240
11076 4 2 5 18 411 412 2026 2161
11077 4 2 5 18 104 315 2040 2213
11078 4 2 5 18 42 1993 230 2123
11079 4 2 5 18 312 314 304 2164
11080 4 2 5 18 31 340 119 2080
11081 4 2 5 18 2046 2116 1974 2225
11082 4 2 5 18 2000 2061 1945 2153
11083 4 2 5 18 1993 2088 1960 2089
11084 4 2 5 18 164 404 32 401
11085 4 2 5 18 2023 2078 1983 2115
11086 4 2 5 18 2098 2122 2099 2199
11087 4 2 5 18 2035 2097 1993 2194
11088 4 2 5 18 5 6 241 1232
11089 4 2 5 18 325 2171 2093 2177
11090 4 2 5 18 1246 1988 2077 2110
11091 4 2 5 18 207 2008 2030 2060
11092 4 2 5 18 219 213 212 2162
11093 4 2 5 18 160 2090 2015 2137
11094 4 2 5 18 9 271 71 2047
11095 4 2 5 18 14 305 304 101
11096 4 2 5 18 310 315 307 2213
11097 4 2 5 18 1250 2086 13 2199
11098 4 2 5 18 1983 2023 1944 2078
11099 4 2 5 18 1 214 215 2192
11100 4 2 5 18 325 322 15 2171
11101 4 2 5 18 52 252 51 2195
11102 4 2 5 18 98 2099 133 2100
11103 4 2 5 18 258 8 259 2200
11104 4 2 5 18 146 387 147 2229
11105 4 2 5 18 1245 2020 1254 2116
11106 4 2 5 18 46 2144 2016 2191
11107 4 2 5 18 91 2007 2116 2224
11108 4 2 5 18 259 7 64 2202
11109 4 2 5 18 96 2098 2099 2199
11110 4 2 5 18 1979 2086 1250 2199
11111 4 2 5 18 258 259 260 2197
11112 4 2 5 18 92 1254 91 1974
11113 4 2 5 18 36 2034 2008 2228
11114 4 2 5 18 416 169 419 2073
11115 4 2 5 18 383 382 386 2146
11116 4 2 5 18 128 1997 2104 2105
11117 4 2 5 18 336 110 111 2201
11118 4 2 5 18 254 8 65 255
11119 4 2 5 18 265 257 260 2078
11120 4 2 5 18 71 2047 1983 2052
11121 4 2 5 18 1242 1230 112 2201
11122 4 2 5 18 1247 165 164 2210
11123 4 2 5 18 219 221 2162 2223
11124 4 2 5 18 223 224 40 2144
11125 4 2 5 18 1960 2097 2071 2194
11126 4 2 5 18 149 150 1257 2049
11127 4 2 5 18 172 25 421 2170
11128 4 2 5 18 155 2137 23 2209
11129 4 2 5 18 2034 2074 2008 2228
11130 4 2 5 18 169 419 2073 2082
11131 4 2 5 18 226 229 2174 2175
11132 4 2 5 18 40 3 224 223
11133 4 2 5 18 1246 1245 1244 2077
11134 4 2 5 18 32 401 399 398
11135 4 2 5 18 274 1983 2043 2128
11136 4 2 5 18 2007 2020 1236 2166
11137 4 2 5 18 219 221 213 2162
11138 4 2 5 18 1250 2113 2081 2122
11139 4 2 5 18 238 41 205 2051
11140 4 2 5 18 46 238 205 2051
11141 4 2 5 18 1259 32 396 403
11142 4 2 5 18 1252 1238 1237 1957
11143 4 2 5 18 204 2001 1223 2051
11144 4 2 5 18 400 32 399 398
11145 4 2 5 18 23 2137 2001 2209
11146 4 2 5 18 312 310 316 2212
11147 4 2 5 18 151 1974 152 2183
11148 4 2 5 18 1253 1225 1223 2006
11149 4 2 5 18 1960 1993 2097 2194
11150 4 2 5 18 2040 2141 1959 2214
11151 4 2 5 18 144 1225 145 2155
11152 4 2 5 18 171 170 1233 2170
11153 4 2 5 18 101 14 306 304
11154 4 2 5 18 207 2060 2030 2114
11155 4 2 5 18 168 2215 2082 2216
11156 4 2 5 18 271 1983 274 2128
11157 4 2 5 18 2015 2050 2001 2051
11158 4 2 5 18 130 1997 1260 2056
11159 4 2 5 18 307 104 105 2213
11160 4 2 5 18 139 364 356 2087
11161 4 2 5 18 309 100 318 1224
11162 4 2 5 18 2082 2215 2083 2216
11163 4 2 5 18 2007 2116 2020 2166
11164 4 2 5 18 75 1996 1258 2211
11165 4 2 5 18 1947 2072 2056 2221
11166 4 2 5 18 255 8 65 256
11167 4 2 5 18 139 88 2037 2087
11168 4 2 5 18 139 356 138 2087
11169 4 2 5 18 123 2019 2060 2135
11170 4 2 5 18 1250 2081 1979 2122
11171 4 2 5 18 41 205 2051 2089
11172 4 2 5 18 104 2040 21 2213
11173 4 2 5 18 14 2148 2086 2149
11174 4 2 5 18 340 345 120 2080
11175 4 2 5 18 3 40 224 225
11176 4 2 5 18 214 218 215 2192
11177 4 2 5 18 2019 1982 2059 2135
11178 4 2 5 18 1944 2023 1983 2043
11179 4 2 5 18 1949 2112 2033 2113
11180 4 2 5 18 162 1244 163 2061
11181 4 2 5 18 299 85 297 2042
11182 4 2 5 18 128 1997 2056 2104
11183 4 2 5 18 162 2077 2061 2153
11184 4 2 5 18 149 94 12 2049
11185 4 2 5 18 1223 2069 1971 2149
11186 4 2 5 18 1255 1231 1260 2024
11187 4 2 5 18 23 406 160 2137
11188 4 2 5 18 55 2124 54 2170
11189 4 2 5 18 1983 2047 1965 2052
11190 4 2 5 18 2008 2074 2035 2228
11191 4 2 5 18 1255 2024 1260 2056
11192 4 2 5 18 160 159 2090 2137
11193 4 2 5 18 145 384 146 2068
11194 4 2 5 18 401 2140 398 2210
11195 4 2 5 18 306 95 13 2086
11196 4 2 5 18 17 353 124 2114
11197 4 2 5 18 1230 1982 2171 2188
11198 4 2 5 18 1246 2077 1244 2110
11199 4 2 5 18 5 2035 1232 2230
11200 4 2 5 18 1245 1254 1974 2116
11201 4 2 5 18 374 21 148 2217
11202 4 2 5 18 1237 1957 1238 1989
11203 4 2 5 18 1252 1997 1238 2105
11204 4 2 5 18 343 342 1231 2024
11205 4 2 5 18 49 2005 1953 2165
11206 4 2 5 18 142 1237 1957 1970
11207 4 2 5 18 336 2143 110 2201
11208 4 2 5 18 2077 2092 1945 2153
11209 4 2 5 18 340 120 119 2080
11210 4 2 5 18 1254 2116 2020 2224
11211 4 2 5 18 22 1974 12 2226
11212 4 2 5 18 1242 2143 48 2195
11213 4 2 5 18 1979 2122 2098 2199
11214 4 2 5 18 224 225 40 2144
11215 4 2 5 18 21 389 1971 2155
11216 4 2 5 18 351 352 123 2135
11217 4 2 5 18 207 2027 2081 2114
11218 4 2 5 18 1248 178 177 2161
11219 4 2 5 18 1967 2096 1227 2232
11220 4 2 5 18 65 256 8 2227
11221 4 2 5 18 415 418 417 2107
11222 4 2 5 18 75 1258 281 2064
11223 4 2 5 18 226 227 229 2175
11224 4 2 5 18 2003 2005 1953 2127
11225 4 2 5 18 1249 2083 1962 2090
11226 4 2 5 18 78 2128 276 2232
11227 4 2 5 18 1240 2035 1232 2097
11228 4 2 5 18 156 2000 1259 2209
11229 4 2 5 18 32 1259 396 2061
11230 4 2 5 18 1250 2027 1979 2081
11231 4 2 5 18 178 1248 177 1956
11232 4 2 5 18 1255 1996 2052 2056
11233 4 2 5 18 1255 2056 2115 2221
11234 4 2 5 18 2112 2114 2081 2157
11235 4 2 5 18 26 2101 8 2138
11236 4 2 5 18 257 2078 2025 2197
11237 4 2 5 18 5 52 2035 2230
11238 4 2 5 18 1959 2141 2040 2213
11239 4 2 5 18 295 299 297 2042
11240 4 2 5 18 50 2143 2048 2195
11241 4 2 5 18 2059 2060 2019 2135
11242 4 2 5 18 31 342 1231 343
11243 4 2 5 18 1237 142 20 1970
11244 4 2 5 18 385 384 145 2068
11245 4 2 5 18 121 2114 2112 2157
11246 4 2 5 18 2017 2092 1945 2146
11247 4 2 5 18 280 1236 81 2064
11248 4 2 5 18 1952 2154 2149 2191
11249 4 2 5 18 1231 130 1260 2024
11250 4 2 5 18 2015 2090 204 2137
11251 4 2 5 18 2050 2051 2015 2089
11252 4 2 5 18 1995 2104 1997 2105
11253 4 2 5 18 98 99 2099 2100
11254 4 2 5 18 1947 2093 2072 2221
11255 4 2 5 18 1996 1997 1995 2056
11256 4 2 5 18 8 1956 26 2138
11257 4 2 5 18 52 2195 2058 2230
11258 4 2 5 18 2007 2042 1954 2064
11259 4 2 5 18 1260 130 18 1997
11260 4 2 5 18 1244 2077 1245 2183
11261 4 2 5 18 1993 2074 2035 2175
11262 4 2 5 18 12 22 2038 2141
11263 4 2 5 18 2083 2090 2015 2184
11264 4 2 5 18 1947 2024 2093 2221
11265 4 2 5 18 1233 413 171 2161
11266 4 2 5 18 63 1968 2115 2205
11267 4 2 5 18 1224 100 13 309
11268 4 2 5 18 355 2087 364 2214
11269 4 2 5 18 365 363 367 2214
11270 4 2 5 18 1234 2071 1976 2083
11271 4 2 5 18 224 2016 225 2144
11272 4 2 5 18 2048 2058 1963 2188
11273 4 2 5 18 1250 13 1972 2199
11274 4 2 5 18 1965 2023 1983 2115
11275 4 2 5 18 36 2074 2034 2228
11276 4 2 5 18 1953 2005 2003 2165
11277 4 2 5 18 113 2072 2093 2221
11278 4 2 5 18 409 419 410 2207
11279 4 2 5 18 298 295 296 2224
11280 4 2 5 18 149 22 12 2141
11281 4 2 5 18 1226 2052 1983 2115
11282 4 2 5 18 1252 1996 1995 2103
11283 4 2 5 18 375 374 378 2131
11284 4 2 5 18 17 18 31 343
11285 4 2 5 18 386 151 152 2146
11286 4 2 5 18 175 418 2057 2107
11287 4 2 5 18 1968 2115 2072 2221
11288 4 2 5 18 81 2064 1236 2166
11289 4 2 5 18 2035 2108 2058 2230
11290 4 2 5 18 336 111 112 2201
11291 4 2 5 18 17 18 340 31
11292 4 2 5 18 2073 2082 1249 2216
11293 4 2 5 18 81 1236 1967 2020
11294 4 2 5 18 1227 2096 1944 2232
11295 4 2 5 18 356 355 357 1251
11296 4 2 5 18 1963 2058 2048 2195
11297 4 2 5 18 382 2017 384 2068
11298 4 2 5 18 139 2037 364 2087
11299 4 2 5 18 1228 262 266 2078
11300 4 2 5 18 353 17 119 2114
11301 4 2 5 18 1989 2033 2113 2136
11302 4 2 5 18 71 1996 9 2052
11303 4 2 5 18 383 2017 382 2146
11304 4 2 5 18 1247 1958 2140 2210
11305 4 2 5 18 117 331 116 2185
11306 4 2 5 18 45 2016 2154 2191
11307 4 2 5 18 1235 2026 2124 2165
11308 4 2 5 18 1241 2035 2008 2230
11309 4 2 5 18 40 206 2119 2144
11310 4 2 5 18 60 59 1229 1968
11311 4 2 5 18 1231 1982 2024 2171
11312 4 2 5 18 1249 1978 1962 1999
11313 4 2 5 18 15 322 107 2171
11314 4 2 5 18 384 2068 2017 2229
11315 4 2 5 18 2016 1951 2086 2119
11316 4 2 5 18 35 206 2074 2228
11317 4 2 5 18 355 356 364 2087
11318 4 2 5 18 1226 1944 1983 2128
11319 4 2 5 18 1240 1993 2097 2123
11320 4 2 5 18 296 2007 91 2224
11321 4 2 5 18 1236 2020 2007 2224
11322 4 2 5 18 229 227 228 2175
11323 4 2 5 18 14 2086 1224 2149
11324 4 2 5 18 1965 1983 2052 2115
11325 4 2 5 18 297 2042 85 2156
11326 4 2 5 18 170 169 416 2073
11327 4 2 5 18 1999 2073 1249 2107
11328 4 2 5 18 383 386 152 2146
11329 4 2 5 18 388 387 374 2131
11330 4 2 5 18 2006 2017 1253 2068
11331 4 2 5 18 2001 2015 204 2137
11332 4 2 5 18 163 1244 32 2061
11333 4 2 5 18 401 404 32 399
11334 4 2 5 18 11 289 2037 2141
11335 4 2 5 18 1996 2052 1226 2115
11336 4 2 5 18 1255 1231 2024 2221
11337 4 2 5 18 1223 2069 2149 2191
11338 4 2 5 18 2086 2148 2016 2149
11339 4 2 5 18 2060 2114 122 2157
11340 4 2 5 18 230 228 2123 2175
11341 4 2 5 18 2024 2056 1255 2221
11342 4 2 5 18 1234 1976 2071 2097
11343 4 2 5 18 35 2074 36 2228
11344 4 2 5 18 169 2082 2073 2216
11345 4 2 5 18 2149 2154 2016 2191
11346 4 2 5 18 255 65 254 2227
11347 4 2 5 18 41 230 228 2123
11348 4 2 5 18 2040 2212 1959 2213
11349 4 2 5 18 1239 19 1989 2113
11350 4 2 5 18 307 315 104 2213
11351 4 2 5 18 2062 2119 2016 2144
11352 4 2 5 18 55 25 2026 2124
11353 4 2 5 18 1245 2092 1974 2183
11354 4 2 5 18 72 1226 73 1996
11355 4 2 5 18 1235 2003 2185 2227
11356 4 2 5 18 35 36 2030 2228
11357 4 2 5 18 1995 2056 1997 2104
11358 4 2 5 18 81 1236 2020 2166
11359 4 2 5 18 12 292 291 2141
11360 4 2 5 18 133 2099 132 2100
11361 4 2 5 18 364 2087 2037 2214
11362 4 2 5 18 1976 2083 2071 2216
11363 4 2 5 18 72 270 1226 1983
11364 4 2 5 18 171 2124 1233 2161
11365 4 2 5 18 91 2116 1254 2224
11366 4 2 5 18 1947 2056 2024 2221
11367 4 2 5 18 40 206 2030 2119
11368 4 2 5 18 1954 2042 2007 2156
11369 4 2 5 18 1248 417 176 2107
11370 4 2 5 18 1247 2140 165 2210
11371 4 2 5 18 2057 2085 175 2107
11372 4 2 5 18 1259 157 32 403
11373 4 2 5 18 1944 2043 1983 2128
11374 4 2 5 18 31 124 17 343
11375 4 2 5 18 1959 2100 2014 2214
11376 4 2 5 18 255 256 65 2227
11377 4 2 5 18 1257 376 149 2141
11378 4 2 5 18 31 17 119 340
11379 4 2 5 18 94 12 291 2141
11380 4 2 5 18 1225 1971 145 2155
11381 4 2 5 18 411 413 414 2161
11382 4 2 5 18 2008 2035 1241 2228
11383 4 2 5 18 1979 2027 1250 2119
11384 4 2 5 18 401 165 2140 2210
11385 4 2 5 18 1223 2051 2001 2191
11386 4 2 5 18 176 417 418 2107
11387 4 2 5 18 1253 2000 2006 2209
11388 4 2 5 18 298 296 92 2224
11389 4 2 5 18 1230 1982 1231 2171
11390 4 2 5 18 2072 2115 1968 2205
11391 4 2 5 18 32 1244 1259 2061
11392 4 2 5 18 1251 138 356 2087
11393 4 2 5 18 1242 1963 1230 2201
11394 4 2 5 18 1974 2092 152 2183
11395 4 2 5 18 401 164 165 2210
11396 4 2 5 18 245 240 248 2165
11397 4 2 5 18 111 1242 112 2201
11398 4 2 5 18 2099 2122 1972 2199
11399 4 2 5 18 331 2127 116 2185
11400 4 2 5 18 1250 1239 2081 2113
11401 4 2 5 18 1972 2099 99 2100
11402 4 2 5 18 15 1230 2171 2188
11403 4 2 5 18 1235 2003 1953 2185
11404 4 2 5 18 1979 1250 2086 2119
11405 4 2 5 18 2033 2112 2080 2113
11406 4 2 5 18 296 91 92 2224
11407 4 2 5 18 1256 2042 1954 2156
11408 4 2 5 18 16 113 2093 2221
11409 4 2 5 18 378 374 387 2131
11410 4 2 5 18 266 260 267 2078
11411 4 2 5 18 230 2123 1993 2175
11412 4 2 5 18 31 125 18 340
11413 4 2 5 18 1993 2035 1240 2097
11414 4 2 5 18 252 5 47 2195
11415 4 2 5 18 19 1972 2099 2122
11416 4 2 5 18 249 240 245 2165
11417 4 2 5 18 204 2015 2001 2051
11418 4 2 5 18 292 88 2087 2141
11419 4 2 5 18 1253 1225 2006 2068
11420 4 2 5 18 1999 2073 419 2082
11421 4 2 5 18 1252 1996 1255 1997
11422 4 2 5 18 1945 2061 2077 2153
11423 4 2 5 18 2025 2078 2023 2197
11424 4 2 5 18 13 2099 1972 2199
11425 4 2 5 18 176 177 1248 1956
11426 4 2 5 18 2033 2080 1989 2113
11427 4 2 5 18 113 1968 2072 2221
11428 4 2 5 18 258 70 8 2200
11429 4 2 5 18 310 2212 315 2213
11430 4 2 5 18 172 2026 25 2124
11431 4 2 5 18 1237 20 137 1970
11432 4 2 5 18 151 152 2146 2183
11433 4 2 5 18 1235 2026 2003 2227
11434 4 2 5 18 1245 1974 1254 2183
11435 4 2 5 18 1252 1995 1996 1997
11436 4 2 5 18 1944 2043 2128 2232
11437 4 2 5 18 1224 309 14 308
11438 4 2 5 18 107 336 15 2201
11439 4 2 5 18 2035 2074 1241 2228
11440 4 2 5 18 1962 1978 1249 2090
11441 4 2 5 18 5 2195 52 2230
11442 4 2 5 18 400 399 32 403
11443 4 2 5 18 1954 2064 1258 2211
11444 4 2 5 18 7 59 116 2185
11445 4 2 5 18 2008 2030 36 2228
11446 4 2 5 18 1996 2103 1252 2211
11447 4 2 5 18 205 46 2051 2191
11448 4 2 5 18 105 2155 1961 2213
11449 4 2 5 18 14 106 1224 308
11450 4 2 5 18 2058 2195 1963 2230
11451 4 2 5 18 162 1244 2077 2110
11452 4 2 5 18 2001 2137 204 2209
11453 4 2 5 18 75 1258 2064 2211
11454 4 2 5 18 343 1231 31 2019
11455 4 2 5 18 47 5 241 1232
11456 4 2 5 18 2037 2087 88 2141
11457 4 2 5 18 1253 1259 2000 2209
11458 4 2 5 18 1963 2143 2048 2188
11459 4 2 5 18 1226 1983 270 2128
11460 4 2 5 18 1227 1944 2128 2232
11461 4 2 5 18 1257 2049 94 2141
11462 4 2 5 18 315 2212 2040 2213
11463 4 2 5 18 357 362 132 1251
11464 4 2 5 18 357 132 131 1251
11465 4 2 5 18 418 175 176 2107
11466 4 2 5 18 1257 373 376 1961
11467 4 2 5 18 143 1961 2155 2213
11468 4 2 5 18 1240 2035 1993 2074
11469 4 2 5 18 241 6 53 1232
11470 4 2 5 18 149 2049 1257 2141
11471 4 2 5 18 2143 2188 1963 2201
11472 4 2 5 18 48 1242 1953 2143
11473 4 2 5 18 1258 1996 1252 2211
11474 4 2 5 18 1230 1231 1982 2019
11475 4 2 5 18 265 260 262 2078
11476 4 2 5 18 176 1956 1248 2085
11477 4 2 5 18 7 116 2127 2185
11478 4 2 5 18 2080 2112 2081 2113
11479 4 2 5 18 386 1243 151 2146
11480 4 2 5 18 266 262 260 2078
11481 4 2 5 18 32 401 398 2210
11482 4 2 5 18 2092 2146 152 2183
11483 4 2 5 18 401 32 164 2210
11484 4 2 5 18 1249 2073 1999 2082
11485 4 2 5 18 2023 2025 1944 2078
11486 4 2 5 18 382 2017 2068 2146
11487 4 2 5 18 1222 2016 2144 2191
11488 4 2 5 18 1235 2124 2026 2161
11489 4 2 5 18 132 1251 362 2100
11490 4 2 5 18 1255 1997 1996 2056
11491 4 2 5 18 93 1254 92 2049
11492 4 2 5 18 151 2049 1974 2183
11493 4 2 5 18 342 31 18 343
11494 4 2 5 18 1233 2124 171 2170
11495 4 2 5 18 52 5 252 2195
11496 4 2 5 18 162 1244 2061 2077
11497 4 2 5 18 16 1968 113 2221
11498 4 2 5 18 1959 1961 2141 2213
11499 4 2 5 18 1244 1945 2061 2077
11500 4 2 5 18 1256 85 2042 2156
11501 4 2 5 18 2048 2143 1963 2195
11502 4 2 5 18 176 2085 1248 2107
11503 4 2 5 18 1222 2086 2016 2149
11504 4 2 5 18 117 118 1229 1968
11505 4 2 5 18 1254 92 91 2224
11506 4 2 5 18 206 35 3 2030
11507 4 2 5 18 206 3 40 2030
11508 4 2 5 18 1260 1997 1255 2056
11509 4 2 5 18 1257 1961 376 2141
11510 4 2 5 18 2080 2081 1239 2113
11511 4 2 5 18 112 15 336 2201
11512 4 2 5 18 1974 2049 1254 2183
11513 4 2 5 18 1239 1989 2080 2113
11514 4 2 5 18 1222 2149 2016 2191
11515 4 2 5 18 1254 1974 92 2049
11516 4 2 5 18 2016 2119 1222 2144
11517 4 2 5 18 177 178 412 2161
11518 4 2 5 18 414 412 411 2161
11519 4 2 5 18 1222 2016 2086 2119
11520 4 2 5 18 415 2073 1999 2107
11521 4 2 5 18 1251 356 355 2087
11522 4 2 5 18 1229 118 16 1968
11523 4 2 5 18 35 2030 206 2228
11524 4 2 5 18 151 2146 1243 2183
11525 4 2 5 18 177 412 417 2161
11526 4 2 5 18 414 417 412 2161
11527 4 2 5 18 1257 1959 1961 2141
11528 4 2 5 18 1257 2087 1959 2141
11529 4 2 5 18 1959 2087 1251 2214
11530 4 2 5 18 1229 1968 16 2221
11531 4 2 5 18 1230 324 112 15
11532 4 2 5 18 1257 290 293 291
11533 4 2 5 18 381 150 1257 380
11534 4 2 5 18 99 100 1224 318
11535 4 2 5 18 1242 112 1229 323
11536 4 2 5 18 1257 290 93 1254
11537 4 2 5 18 290 1257 93 291
11538 4 2 5 18 1257 372 1243 379
11539 4 2 5 18 60 1228 61 1229
11540 4 2 5 18 1257 1256 300 293
11541 4 2 5 18 1226 279 73 1258
11542 4 2 5 18 1227 1226 1236 79
11543 4 2 5 18 79 283 1236 80
11544 4 2 5 18 283 79 1236 1226
11545 4 2 5 18 283 1236 80 280
11546 4 2 5 18 112 15 324 323
11547 4 2 5 18 1226 279 282 73
11548 4 2 5 18 1226 279 278 282
11549 4 2 5 18 1226 1258 278 279
11550 4 2 5 18 1258 278 277 280
11551 4 2 5 18 1258 279 73 74
11552 4 2 5 18 278 1258 277 279
11553 4 2 5 18 290 1257 293 1256
11554 4 2 5 18 1237 357 1251 137
11555 4 2 5 18 1242 1230 1229 112
11556 4 2 5 18 112 1229 324 1230
11557 4 2 5 18 1229 112 324 323
11558 4 2 5 18 1257 379 1243 381
11559 4 2 5 18 1257 372 379 373
11560 4 2 5 18 1257 290 1254 1256
11561 4 2 5 18 1232 1242 1235 1953
11562 4 2 5 18 1257 1224 1225 1961
11563 4 2 5 18 79 1236 1227 1967
11564 4 2 5 18 1246 1227 1236 1967
11565 4 2 5 18 1251 1250 1224 1972
11566 4 2 5 18 131 1239 1251 1972
11567 4 2 5 18 1239 1250 1251 1972
11568 4 2 5 18 158 402 159 1978
11569 4 2 5 18 1252 1226 1255 1996
11570 4 2 5 18 1252 1258 1226 1996
11571 4 2 5 18 1230 207 1231 2019
11572 4 2 5 18 31 1231 207 2019
11573 4 2 5 18 1254 1257 1243 2049
11574 4 2 5 18 1243 1225 1253 2068
11575 4 2 5 18 1248 1249 1233 2073
11576 4 2 5 18 1241 1240 206 2074
11577 4 2 5 18 207 1250 1239 2081
11578 4 2 5 18 1251 1972 1224 2100
11579 4 2 5 18 1248 1247 1249 2107
11580 4 2 5 18 1248 1249 2073 2107
11581 4 2 5 18 1246 1244 1247 2110
11582 4 2 5 18 32 163 164 2110
11583 4 2 5 18 1250 206 1222 2119
11584 4 2 5 18 1233 1232 1235 2124
11585 4 2 5 18 79 1226 283 2128
11586 4 2 5 18 79 283 284 2128
11587 4 2 5 18 1227 1226 79 2128
11588 4 2 5 18 1227 1944 1226 2128
11589 4 2 5 18 283 275 284 2128
11590 4 2 5 18 1222 206 205 2144
11591 4 2 5 18 4 3 225 2144
11592 4 2 5 18 1224 1222 1223 2149
11593 4 2 5 18 1224 105 106 2155
11594 4 2 5 18 1248 1233 1235 2161
11595 4 2 5 18 1233 1976 53 2170
11596 4 2 5 18 324 16 15 2171
11597 4 2 5 18 1245 1254 1243 2183
11598 4 2 5 18 1254 2049 1243 2183
11599 4 2 5 18 1223 1222 205 2191
11600 4 2 5 18 256 7 8 2200
11601 4 2 5 18 1247 32 1249 2210
11602 4 2 5 18 1255 1229 1231 2221
11603 4 2 5 18 1255 2115 1968 2221
11604 4 2 5 18 1236 1256 1254 2224
11605 4 2 5 18 1235 1228 1248 2227
11606 4 2 5 18 1248 2227 1228 2231
11607 4 2 5 18 2076 2125 2027 2018
11608 4 2 5 18 2027 2125 2076 2009
11609 4 2 5 18 2144 3 205 4
11610 4 2 5 18 2144 205 3 206
11611 4 2 5 18 275 2128 278 282
11612 4 2 5 18 275 278 2128 283
11613 4 2 5 18 1226 278 2128 282
11614 4 2 5 18 1226 2128 278 283
11615 4 2 5 18 318 310 1961 317
11616 4 2 5 18 1237 20 357 137
11617 4 2 5 18 1237 357 20 1239
11618 4 2 5 18 1977 2163 209 220
11619 4 2 5 18 209 2163 1977 2028
11620 4 2 5 18 32 204 157 1259
11621 4 2 5 18 32 157 204 158
11622 4 2 5 18 2137 204 157 158
11623 4 2 5 18 32 164 1247 2110
11624 4 2 5 18 1247 164 32 2210
11625 4 2 5 18 2173 2121 1980 2036
11626 4 2 5 18 2173 1980 2121 2158
11627 4 2 5 18 2126 330 2127 329
11628 4 2 5 18 2126 2127 330 2005
11629 4 2 5 18 263 68 1228 67
11630 4 2 5 18 1243 372 385 379
11631 4 2 5 18 1248 1227 2231 1228
11632 4 2 5 18 1248 2231 1227 1956
11633 4 2 5 18 67 2231 1227 1228
11634 4 2 5 18 67 1227 2231 1956
11635 4 2 5 18 1970 141 1957 142
11636 4 2 5 18 1970 1957 141 2091
11637 4 2 5 18 125 1989 2080 1238
11638 4 2 5 18 2080 1989 125 339
11639 4 2 5 18 1989 2032 126 339
11640 4 2 5 18 125 126 1989 1238
11641 4 2 5 18 1989 126 125 339
11642 4 2 5 18 292 301 1257 2087
11643 4 2 5 18 292 2141 1257 291
11644 4 2 5 18 1257 2141 292 2087
11645 4 2 5 18 1224 99 1972 100
11646 4 2 5 18 1224 1972 99 2100
11647 4 2 5 18 2132 2094 209 211
11648 4 2 5 18 2132 209 2094 1988
11649 4 2 5 18 54 2170 1233 53
11650 4 2 5 18 1233 2170 54 2124
11651 4 2 5 18 1233 1232 54 53
11652 4 2 5 18 54 1232 1233 2124
11653 4 2 5 18 1251 138 1237 137
11654 4 2 5 18 1970 1237 138 137
11655 4 2 5 18 1255 1968 1226 1229
11656 4 2 5 18 1255 1226 1968 2115
11657 4 2 5 18 1978 2210 158 402
11658 4 2 5 18 400 398 2210 32
11659 4 2 5 18 2210 398 400 402
11660 4 2 5 18 158 400 2210 32
11661 4 2 5 18 2210 400 158 402
11662 4 2 5 18 1945 2084 2000 1969
11663 4 2 5 18 2000 2084 1945 2017
11664 4 2 5 18 264 2227 256 255
11665 4 2 5 18 256 2227 264 60
11666 4 2 5 18 3 228 205 4
11667 4 2 5 18 41 205 228 4
11668 4 2 5 18 41 228 205 2123
11669 4 2 5 18 2100 1959 1257 1251
11670 4 2 5 18 1257 1959 2100 1961
11671 4 2 5 18 1257 1224 2100 1251
11672 4 2 5 18 2100 1224 1257 1961
11673 4 2 5 18 338 2120 339 347
11674 4 2 5 18 338 339 2120 2032
11675 4 2 5 18 127 339 2120 347
11676 4 2 5 18 127 2120 339 2032
11677 4 2 5 18 2185 331 324 117
11678 4 2 5 18 2185 324 331 328
11679 4 2 5 18 2062 2160 2027 38
11680 4 2 5 18 2027 2160 2062 2018
11681 4 2 5 18 2034 2190 1986 1946
11682 4 2 5 18 1986 2190 2034 2174
11683 4 2 5 18 1256 2042 1236 1258
11684 4 2 5 18 1256 1236 2042 2224
11685 4 2 5 18 2114 207 124 17
11686 4 2 5 18 2114 124 207 2019
11687 4 2 5 18 31 124 207 17
11688 4 2 5 18 31 207 124 2019
11689 4 2 5 18 265 68 1228 263
11690 4 2 5 18 1228 262 265 263
11691 4 2 5 18 265 262 1228 2078
11692 4 2 5 18 247 2044 243 244
11693 4 2 5 18 243 2044 247 251
11694 4 2 5 18 1225 1224 1971 106
11695 4 2 5 18 1225 1971 1224 2149
11696 4 2 5 18 14 1971 1224 106
11697 4 2 5 18 14 1224 1971 2149
11698 4 2 5 18 379 376 1257 373
11699 4 2 5 18 1239 20 19 357
11700 4 2 5 18 1239 19 20 1989
11701 4 2 5 18 2147 2142 1975 2002
11702 4 2 5 18 2147 1975 2142 2055
11703 4 2 5 18 2169 1995 2072 2052
11704 4 2 5 18 2169 2072 1995 2142
11705 4 2 5 18 2056 2072 1995 2052
11706 4 2 5 18 2056 1995 2072 2142
11707 4 2 5 18 2032 2147 2105 127
11708 4 2 5 18 128 2147 2105 2104
11709 4 2 5 18 128 2105 2147 127
11710 4 2 5 18 2179 1951 2018 2145
11711 4 2 5 18 2179 2018 1951 2062
11712 4 2 5 18 217 2133 1990 208
11713 4 2 5 18 1990 2133 217 1952
11714 4 2 5 18 2084 1987 1990 1969
11715 4 2 5 18 2084 1990 1987 2131
11716 4 2 5 18 242 246 2079 50
11717 4 2 5 18 2079 246 242 244
11718 4 2 5 18 2180 2012 1966 1984
11719 4 2 5 18 2180 1966 2012 2164
11720 4 2 5 18 2080 207 119 31
11721 4 2 5 18 2080 119 207 2114
11722 4 2 5 18 17 119 207 31
11723 4 2 5 18 17 207 119 2114
11724 4 2 5 18 2146 2017 1243 1945
11725 4 2 5 18 2146 1243 2017 2068
11726 4 2 5 18 1253 1243 2017 1945
11727 4 2 5 18 1253 2017 1243 2068
11728 4 2 5 18 168 2207 2206 420
11729 4 2 5 18 2206 2207 168 2041
11730 4 2 5 18 2180 1966 2014 2036
11731 4 2 5 18 2180 2014 1966 2164
11732 4 2 5 18 1967 77 2232 78
11733 4 2 5 18 1967 2232 77 2187
11734 4 2 5 18 2218 1962 2140 2106
11735 4 2 5 18 2218 2140 1962 2182
11736 4 2 5 18 1978 2140 1962 2106
11737 4 2 5 18 1978 1962 2140 2182
11738 4 2 5 18 2193 2079 50 1992
11739 4 2 5 18 2193 50 2079 2005
11740 4 2 5 18 1984 2036 1980 218
11741 4 2 5 18 1984 1980 2036 2173
11742 4 2 5 18 270 282 2128 275
11743 4 2 5 18 270 2128 282 1226
11744 4 2 5 18 223 2062 2119 39
11745 4 2 5 18 2119 2062 223 2144
11746 4 2 5 18 2119 40 223 39
11747 4 2 5 18 223 40 2119 2144
11748 4 2 5 18 2136 359 1980 360
11749 4 2 5 18 2136 1980 359 2045
11750 4 2 5 18 2185 328 323 324
11751 4 2 5 18 323 1229 2185 324
11752 4 2 5 18 2220 2028 2226 2038
11753 4 2 5 18 2220 2226 2028 2046
11754 4 2 5 18 2162 2126 2011 2054
11755 4 2 5 18 2162 2011 2126 2152
11756 4 2 5 18 2220 377 2131 375
11757 4 2 5 18 2220 2131 377 1987
11758 4 2 5 18 10 2166 273 82
11759 4 2 5 18 273 2166 10 2031
11760 4 2 5 18 2174 236 235 2088
11761 4 2 5 18 2174 235 236 229
11762 4 2 5 18 295 2042 1256 299
11763 4 2 5 18 1256 2042 295 2224
11764 4 2 5 18 1256 293 295 299
11765 4 2 5 18 2153 24 395 161
11766 4 2 5 18 2153 395 24 2132
11767 4 2 5 18 101 1971 2149 14
11768 4 2 5 18 101 2149 1971 2069
11769 4 2 5 18 1225 145 1243 372
11770 4 2 5 18 1225 1243 145 2068
11771 4 2 5 18 385 1243 145 372
11772 4 2 5 18 385 145 1243 2068
11773 4 2 5 18 2138 174 1956 173
11774 4 2 5 18 2138 1956 174 2085
11775 4 2 5 18 422 1956 174 173
11776 4 2 5 18 422 174 1956 2085
11777 4 2 5 18 159 2090 158 1249
11778 4 2 5 18 159 158 2090 2137
11779 4 2 5 18 204 158 2090 1249
11780 4 2 5 18 204 2090 158 2137
11781 4 2 5 18 2207 408 410 409
11782 4 2 5 18 2207 410 408 2176
11783 4 2 5 18 2177 335 2203 2075
11784 4 2 5 18 2177 2203 335 326
11785 4 2 5 18 2122 1949 2098 2039
11786 4 2 5 18 2122 2098 1949 1979
11787 4 2 5 18 2181 2098 1949 2039
11788 4 2 5 18 2181 1949 2098 1979
11789 4 2 5 18 2066 218 2012 1984
11790 4 2 5 18 2066 2012 218 217
11791 4 2 5 18 290 298 1256 293
11792 4 2 5 18 295 1256 298 293
11793 4 2 5 18 295 298 1256 2224
11794 4 2 5 18 2031 2168 2169 216
11795 4 2 5 18 2169 2168 2031 2047
11796 4 2 5 18 1225 1257 144 372
11797 4 2 5 18 1225 144 1257 1961
11798 4 2 5 18 373 144 1257 372
11799 4 2 5 18 373 1257 144 1961
11800 4 2 5 18 2011 2072 213 1947
11801 4 2 5 18 2011 213 2072 2169
11802 4 2 5 18 2142 213 2072 1947
11803 4 2 5 18 2142 2072 213 2169
11804 4 2 5 18 2201 110 1242 2143
11805 4 2 5 18 2201 1242 110 111
11806 4 2 5 18 1953 1242 110 2143
11807 4 2 5 18 1953 110 1242 111
11808 4 2 5 18 65 1956 2231 1248
11809 4 2 5 18 65 2227 2231 66
11810 4 2 5 18 2231 2227 65 1248
11811 4 2 5 18 2208 8 2101 2200
11812 4 2 5 18 2208 2101 8 26
11813 4 2 5 18 310 1961 307 308
11814 4 2 5 18 310 307 1961 2213
11815 4 2 5 18 105 307 1961 308
11816 4 2 5 18 105 1961 307 2213
11817 4 2 5 18 23 2150 2132 395
11818 4 2 5 18 2132 24 23 395
11819 4 2 5 18 23 24 2132 2065
11820 4 2 5 18 2177 327 2093 325
11821 4 2 5 18 2177 2093 327 2075
11822 4 2 5 18 249 2165 250 240
11823 4 2 5 18 2165 2124 250 240
11824 4 2 5 18 2023 2197 267 2109
11825 4 2 5 18 1247 2085 1248 1956
11826 4 2 5 18 1247 1248 2085 2107
11827 4 2 5 18 10 9 2047 274
11828 4 2 5 18 2047 9 10 2031
11829 4 2 5 18 2114 2019 123 124
11830 4 2 5 18 2114 123 2019 2060
11831 4 2 5 18 6 5 2097 1232
11832 4 2 5 18 6 2097 5 243
11833 4 2 5 18 2035 2097 5 1232
11834 4 2 5 18 2035 5 2097 243
11835 4 2 5 18 2200 7 2003 256
11836 4 2 5 18 2200 2003 7 2152
11837 4 2 5 18 2105 2002 2147 2032
11838 4 2 5 18 2105 2147 2002 2104
11839 4 2 5 18 2188 2193 1992 2070
11840 4 2 5 18 1992 2193 2188 2048
11841 4 2 5 18 1224 309 310 318
11842 4 2 5 18 310 309 1224 308
11843 4 2 5 18 310 1961 1224 318
11844 4 2 5 18 1224 1961 310 308
11845 4 2 5 18 1240 3 205 206
11846 4 2 5 18 2074 35 1240 206
11847 4 2 5 18 35 3 1240 206
11848 4 2 5 18 140 2121 11 2091
11849 4 2 5 18 140 11 2121 2037
11850 4 2 5 18 83 11 2121 2091
11851 4 2 5 18 83 2121 11 2037
11852 4 2 5 18 250 241 2124 1232
11853 4 2 5 18 250 2124 241 240
11854 4 2 5 18 239 2124 241 1232
11855 4 2 5 18 239 241 2124 240
11856 4 2 5 18 1953 2143 2005 49
11857 4 2 5 18 2005 2143 1953 110
11858 4 2 5 18 2213 21 373 2040
11859 4 2 5 18 2213 373 21 143
11860 4 2 5 18 357 356 20 355
11861 4 2 5 18 357 20 356 137
11862 4 2 5 18 2112 345 2080 120
11863 4 2 5 18 2112 2080 345 2033
11864 4 2 5 18 2208 2152 2003 2200
11865 4 2 5 18 2208 2003 2152 1955
11866 4 2 5 18 1961 318 2100 1224
11867 4 2 5 18 1961 2100 318 1959
11868 4 2 5 18 2197 261 2202 259
11869 4 2 5 18 2197 2202 261 2109
11870 4 2 5 18 2164 2217 1966 2012
11871 4 2 5 18 1966 2217 2164 2040
11872 4 2 5 18 1243 151 2049 150
11873 4 2 5 18 2049 151 1243 2183
11874 4 2 5 18 2103 2052 1996 1995
11875 4 2 5 18 2103 1996 2052 9
11876 4 2 5 18 1997 18 1238 125
11877 4 2 5 18 1997 1238 18 1260
11878 4 2 5 18 31 1238 18 125
11879 4 2 5 18 31 18 1238 1260
11880 4 2 5 18 2122 1239 1250 2113
11881 4 2 5 18 2122 1250 1239 1972
11882 4 2 5 18 248 2026 2124 55
11883 4 2 5 18 2124 2026 248 2165
11884 4 2 5 18 2124 239 248 55
11885 4 2 5 18 2015 2071 1234 2083
11886 4 2 5 18 1234 2071 2015 2089
11887 4 2 5 18 2073 1234 2216 1249
11888 4 2 5 18 2083 2216 1234 1249
11889 4 2 5 18 2083 1234 2216 1976
11890 4 2 5 18 2222 219 34 212
11891 4 2 5 18 2222 34 219 2151
11892 4 2 5 18 2124 240 248 239
11893 4 2 5 18 2124 248 240 2165
11894 4 2 5 18 2113 360 19 1989
11895 4 2 5 18 2113 19 360 136
11896 4 2 5 18 1238 126 1997 125
11897 4 2 5 18 1238 1997 126 2105
11898 4 2 5 18 1231 130 31 1260
11899 4 2 5 18 1231 31 130 342
11900 4 2 5 18 18 31 130 1260
11901 4 2 5 18 18 130 31 342
11902 4 2 5 18 2182 23 393 160
11903 4 2 5 18 2182 393 23 2065
11904 4 2 5 18 2200 2227 2026 8
11905 4 2 5 18 2026 2227 2200 2003
11906 4 2 5 18 2026 2208 2200 8
11907 4 2 5 18 2200 2208 2026 2003
11908 4 2 5 18 243 2097 58 6
11909 4 2 5 18 58 2097 243 2194
11910 4 2 5 18 1958 2107 1978 1247
11911 4 2 5 18 1978 2107 1958 1999
11912 4 2 5 18 2216 1233 2170 1976
11913 4 2 5 18 2216 2170 1233 170
11914 4 2 5 18 2105 1989 126 1238
11915 4 2 5 18 2105 126 1989 2032
11916 4 2 5 18 1976 53 253 6
11917 4 2 5 18 1976 253 53 2170
11918 4 2 5 18 2154 2145 2148 2016
11919 4 2 5 18 2148 2145 2154 1952
11920 4 2 5 18 2148 2149 2154 2016
11921 4 2 5 18 2154 2149 2148 1952
11922 4 2 5 18 239 241 6 53
11923 4 2 5 18 239 6 241 240
11924 4 2 5 18 408 410 26 173
11925 4 2 5 18 26 410 408 409
11926 4 2 5 18 243 242 5 244
11927 4 2 5 18 243 5 242 52
11928 4 2 5 18 45 2154 225 233
11929 4 2 5 18 45 225 2154 2016
11930 4 2 5 18 224 225 2154 233
11931 4 2 5 18 224 2154 225 2016
11932 4 2 5 18 1236 2042 2007 2064
11933 4 2 5 18 2007 2042 1236 2224
11934 4 2 5 18 236 228 2175 229
11935 4 2 5 18 2175 228 236 230
11936 4 2 5 18 259 267 2197 261
11937 4 2 5 18 259 2197 267 260
11938 4 2 5 18 325 335 2177 327
11939 4 2 5 18 2177 335 325 326
11940 4 2 5 18 274 284 2128 276
11941 4 2 5 18 2128 284 274 275
11942 4 2 5 18 395 405 2061 397
11943 4 2 5 18 2061 405 395 396
11944 4 2 5 18 26 25 2208 410
11945 4 2 5 18 2208 25 26 2026
11946 4 2 5 18 2099 132 1972 131
11947 4 2 5 18 2099 1972 132 2100
11948 4 2 5 18 1251 1972 132 131
11949 4 2 5 18 1251 132 1972 2100
11950 4 2 5 18 376 381 1257 380
11951 4 2 5 18 376 1257 381 379
11952 4 2 5 18 1249 1247 1978 2107
11953 4 2 5 18 1249 1978 1247 2210
11954 4 2 5 18 1248 417 414 2161
11955 4 2 5 18 13 14 1224 309
11956 4 2 5 18 13 1224 14 2086
11957 4 2 5 18 2141 88 11 292
11958 4 2 5 18 2141 11 88 2037
11959 4 2 5 18 2006 1971 2068 1225
11960 4 2 5 18 2006 2068 1971 146
11961 4 2 5 18 145 2068 1971 1225
11962 4 2 5 18 145 1971 2068 146
11963 4 2 5 18 343 2024 344 342
11964 4 2 5 18 343 344 2024 2135
11965 4 2 5 18 2099 100 13 1972
11966 4 2 5 18 2099 13 100 319
11967 4 2 5 18 2146 382 1243 2068
11968 4 2 5 18 2146 1243 382 386
11969 4 2 5 18 385 1243 382 2068
11970 4 2 5 18 1963 2143 1242 2195
11971 4 2 5 18 1242 2143 1963 2201
11972 4 2 5 18 2014 1959 98 2100
11973 4 2 5 18 2014 98 1959 2212
11974 4 2 5 18 317 1959 98 2212
11975 4 2 5 18 2113 2112 2122 1949
11976 4 2 5 18 2113 2122 2112 2081
11977 4 2 5 18 1979 2122 2112 1949
11978 4 2 5 18 1979 2112 2122 2081
11979 4 2 5 18 1254 1236 2020 1245
11980 4 2 5 18 2020 1236 1254 2224
11981 4 2 5 18 2030 2157 2008 2009
11982 4 2 5 18 2030 2008 2157 2060
11983 4 2 5 18 1948 2008 2157 2009
11984 4 2 5 18 1948 2157 2008 2060
11985 4 2 5 18 2214 355 1251 365
11986 4 2 5 18 2214 1251 355 2087
11987 4 2 5 18 314 306 2066 311
11988 4 2 5 18 2066 306 314 304
11989 4 2 5 18 2156 297 2013 294
11990 4 2 5 18 2156 2013 297 287
11991 4 2 5 18 289 2013 297 294
11992 4 2 5 18 289 297 2013 287
11993 4 2 5 18 365 357 1251 362
11994 4 2 5 18 1251 357 365 355
11995 4 2 5 18 348 340 2033 345
11996 4 2 5 18 348 2033 340 338
11997 4 2 5 18 2080 2033 340 345
11998 4 2 5 18 2080 340 2033 338
11999 4 2 5 18 417 177 1248 176
12000 4 2 5 18 1248 177 417 2161
12001 4 2 5 18 2213 376 2141 2040
12002 4 2 5 18 2213 2141 376 1961
12003 4 2 5 18 2105 1252 2103 1957
12004 4 2 5 18 2105 2103 1252 1997
12005 4 2 5 18 149 2049 390 150
12006 4 2 5 18 149 390 2049 1974
12007 4 2 5 18 151 390 2049 150
12008 4 2 5 18 151 2049 390 1974
12009 4 2 5 18 2191 2069 2001 1223
12010 4 2 5 18 2191 2001 2069 1952
12011 4 2 5 18 2080 339 340 338
12012 4 2 5 18 2080 340 339 125
12013 4 2 5 18 18 340 339 338
12014 4 2 5 18 18 339 340 125
12015 4 2 5 18 2049 94 303 93
12016 4 2 5 18 303 92 2049 93
12017 4 2 5 18 2049 92 303 1974
12018 4 2 5 18 2195 1242 2230 47
12019 4 2 5 18 2195 2230 1242 1963
12020 4 2 5 18 2188 2201 1230 1963
12021 4 2 5 18 1230 2201 2188 15
12022 4 2 5 18 1233 413 414 2073
12023 4 2 5 18 414 413 1233 2161
12024 4 2 5 18 414 1248 1233 2073
12025 4 2 5 18 1233 1248 414 2161
12026 4 2 5 18 415 2073 417 414
12027 4 2 5 18 415 417 2073 2107
12028 4 2 5 18 1248 417 2073 414
12029 4 2 5 18 1248 2073 417 2107
12030 4 2 5 18 2171 2221 2024 1231
12031 4 2 5 18 2024 2221 2171 2093
12032 4 2 5 18 2122 1250 2199 1979
12033 4 2 5 18 2122 2199 1250 1972
12034 4 2 5 18 1235 178 1248 2161
12035 4 2 5 18 1248 178 1235 2227
12036 4 2 5 18 2141 2214 2087 1959
12037 4 2 5 18 2087 2214 2141 2037
12038 4 2 5 18 2185 1953 2127 2003
12039 4 2 5 18 2099 19 131 1972
12040 4 2 5 18 2099 131 19 370
12041 4 2 5 18 2216 1233 1234 2073
12042 4 2 5 18 2216 1234 1233 1976
12043 4 2 5 18 2114 2080 2112 2081
12044 4 2 5 18 2114 2112 2080 120
12045 4 2 5 18 2073 415 419 416
12046 4 2 5 18 2073 419 415 1999
12047 4 2 5 18 2078 2197 267 2023
12048 4 2 5 18 267 2197 2078 260
12049 4 2 5 18 2165 1235 250 2124
12050 4 2 5 18 2165 250 1235 1953
12051 4 2 5 18 1232 250 1235 2124
12052 4 2 5 18 1232 1235 250 1953
12053 4 2 5 18 2026 2161 178 1235
12054 4 2 5 18 178 2161 2026 412
12055 4 2 5 18 12 149 1974 22
12056 4 2 5 18 1974 149 12 2049
12057 4 2 5 18 2107 415 2057 1999
12058 4 2 5 18 2107 2057 415 418
12059 4 2 5 18 409 2057 415 1999
12060 4 2 5 18 409 415 2057 418
12061 4 2 5 18 2003 2165 1235 1953
12062 4 2 5 18 1235 2165 2003 2026
12063 4 2 5 18 2214 2100 1251 1959
12064 4 2 5 18 263 254 1228 255
12065 4 2 5 18 2227 1228 254 255
12066 4 2 5 18 2185 7 2003 2127
12067 4 2 5 18 2185 2003 7 59
12068 4 2 5 18 2052 1226 72 1996
12069 4 2 5 18 2052 72 1226 1983
12070 4 2 5 18 67 254 1228 263
12071 4 2 5 18 1226 278 1236 283
12072 4 2 5 18 1226 1236 278 1258
12073 4 2 5 18 280 1236 278 283
12074 4 2 5 18 280 278 1236 1258
12075 4 2 5 18 300 1257 292 301
12076 4 2 5 18 293 1257 292 300
12077 4 2 5 18 293 292 1257 291
12078 4 2 5 18 1242 1235 2185 1229
12079 4 2 5 18 2185 1235 1242 1953
12080 4 2 5 18 2185 323 1242 1229
12081 4 2 5 18 1242 323 2185 1953
12082 4 2 5 18 1233 53 1234 1232
12083 4 2 5 18 1234 53 1233 1976
12084 4 2 5 18 6 2097 1234 1232
12085 4 2 5 18 1234 2097 6 1976
12086 4 2 5 18 53 6 1234 1232
12087 4 2 5 18 1234 6 53 1976
12088 4 2 5 18 1251 87 1257 1256
12089 4 2 5 18 1251 1257 87 2087
12090 4 2 5 18 1257 87 300 1256
12091 4 2 5 18 301 1257 87 300
12092 4 2 5 18 301 87 1257 2087
12093 4 2 5 18 98 99 1959 317
12094 4 2 5 18 98 1959 99 2100
12095 4 2 5 18 318 1959 99 317
12096 4 2 5 18 318 99 1959 2100
12097 4 2 5 18 332 323 2185 328
12098 4 2 5 18 332 2185 323 1953
12099 4 2 5 18 2127 332 2185 328
12100 4 2 5 18 2127 2185 332 1953
12101 4 2 5 18 330 332 2127 328
12102 4 2 5 18 330 2127 332 1953
12103 4 2 5 18 60 1229 2227 1228
12104 4 2 5 18 1235 2227 1229 1228
12105 4 2 5 18 1235 1229 2227 2185
12106 4 2 5 18 171 172 2161 411
12107 4 2 5 18 171 2161 172 2124
12108 4 2 5 18 2026 2161 172 411
12109 4 2 5 18 2026 172 2161 2124
12110 4 2 5 18 227 3 1240 35
12111 4 2 5 18 92 298 1254 290
12112 4 2 5 18 92 1254 298 2224
12113 4 2 5 18 1256 1254 298 290
12114 4 2 5 18 1256 298 1254 2224
12115 4 2 5 18 133 365 2100 362
12116 4 2 5 18 133 2100 365 2214
12117 4 2 5 18 1251 2100 365 362
12118 4 2 5 18 1251 365 2100 2214
12119 4 2 5 18 2202 258 2022 2197
12120 4 2 5 18 2202 2022 258 2200
12121 4 2 5 18 2130 2022 258 2197
12122 4 2 5 18 2130 258 2022 2200
12123 4 2 5 18 227 228 1240 3
12124 4 2 5 18 205 1240 228 3
12125 4 2 5 18 205 228 1240 2123
12126 4 2 5 18 2136 360 2113 1989
12127 4 2 5 18 2136 2113 360 2039
12128 4 2 5 18 256 59 2227 60
12129 4 2 5 18 1229 2227 59 60
12130 4 2 5 18 1229 59 2227 2185
12131 4 2 5 18 299 85 1256 86
12132 4 2 5 18 299 1256 85 2042
12133 4 2 5 18 2174 1993 236 2088
12134 4 2 5 18 2174 236 1993 2175
12135 4 2 5 18 2165 2003 1955 2005
12136 4 2 5 18 2165 1955 2003 2026
12137 4 2 5 18 2210 1249 158 32
12138 4 2 5 18 2210 158 1249 1978
12139 4 2 5 18 2200 2202 7 259
12140 4 2 5 18 7 2202 2200 2152
12141 4 2 5 18 1982 2135 1231 2024
12142 4 2 5 18 1982 1231 2135 2019
12143 4 2 5 18 343 1231 2135 2024
12144 4 2 5 18 343 2135 1231 2019
12145 4 2 5 18 66 2227 1228 254
12146 4 2 5 18 1228 2227 66 2231
12147 4 2 5 18 1228 67 66 254
12148 4 2 5 18 66 67 1228 2231
12149 4 2 5 18 2224 295 2007 2042
12150 4 2 5 18 2224 2007 295 296
12151 4 2 5 18 287 295 2007 296
12152 4 2 5 18 204 157 2209 2137
12153 4 2 5 18 204 2209 157 1259
12154 4 2 5 18 382 379 1243 385
12155 4 2 5 18 1243 379 382 386
12156 4 2 5 18 138 1251 87 2087
12157 4 2 5 18 2165 49 250 1953
12158 4 2 5 18 2165 250 49 249
12159 4 2 5 18 2187 2020 2166 82
12160 4 2 5 18 2166 10 2187 82
12161 4 2 5 18 2020 1977 2187 2166
12162 4 2 5 18 2020 2187 1977 2094
12163 4 2 5 18 10 2187 1977 2166
12164 4 2 5 18 10 1977 2187 2094
12165 4 2 5 18 1968 268 62 61
12166 4 2 5 18 62 63 1968 2115
12167 4 2 5 18 62 1968 63 268
12168 4 2 5 18 317 1961 2212 310
12169 4 2 5 18 317 2212 1961 1959
12170 4 2 5 18 2213 2212 1961 310
12171 4 2 5 18 2213 1961 2212 1959
12172 4 2 5 18 2231 65 269 1956
12173 4 2 5 18 269 65 2231 66
12174 4 2 5 18 269 67 2231 1956
12175 4 2 5 18 2231 67 269 66
12176 4 2 5 18 2132 23 2133 2150
12177 4 2 5 18 2133 23 2132 2065
12178 4 2 5 18 87 88 138 2087
12179 4 2 5 18 87 138 88 1970
12180 4 2 5 18 139 138 88 2087
12181 4 2 5 18 139 88 138 1970
12182 4 2 5 18 352 123 2019 124
12183 4 2 5 18 2019 123 352 2135
12184 4 2 5 18 2019 343 352 124
12185 4 2 5 18 352 343 2019 2135
12186 4 2 5 18 287 2028 89 288
12187 4 2 5 18 89 2028 287 289
12188 4 2 5 18 89 12 287 288
12189 4 2 5 18 287 12 89 289
12190 4 2 5 18 398 393 2210 2140
12191 4 2 5 18 398 2210 393 402
12192 4 2 5 18 1978 2210 393 2140
12193 4 2 5 18 1978 393 2210 402
12194 4 2 5 18 265 1228 2025 2078
12195 4 2 5 18 2025 1228 265 68
12196 4 2 5 18 2025 257 265 2078
12197 4 2 5 18 265 257 2025 68
12198 4 2 5 18 117 1229 59 1968
12199 4 2 5 18 59 1229 117 2185
12200 4 2 5 18 59 116 117 1968
12201 4 2 5 18 117 116 59 2185
12202 4 2 5 18 303 2049 12 94
12203 4 2 5 18 12 2049 303 1974
12204 4 2 5 18 262 255 1228 264
12205 4 2 5 18 262 1228 255 263
12206 4 2 5 18 1968 1226 2078 2115
12207 4 2 5 18 2078 62 1968 2115
12208 4 2 5 18 1968 2078 61 62
12209 4 2 5 18 266 2078 61 1228
12210 4 2 5 18 266 61 2078 62
12211 4 2 5 18 1226 2078 61 1968
12212 4 2 5 18 61 2078 1226 1228
12213 4 2 5 18 61 1229 1226 1968
12214 4 2 5 18 1226 1229 61 1228
12215 4 2 5 18 1256 1970 138 87
12216 4 2 5 18 138 1970 1256 1237
12217 4 2 5 18 138 1251 1256 87
12218 4 2 5 18 1256 1251 138 1237
12219 4 2 5 18 1993 2175 1240 2074
12220 4 2 5 18 1993 1240 2175 2123
12221 4 2 5 18 35 2175 1240 227
12222 4 2 5 18 35 1240 2175 2074
12223 4 2 5 18 228 1240 2175 227
12224 4 2 5 18 228 2175 1240 2123
12225 4 2 5 18 59 2227 2003 256
12226 4 2 5 18 59 2003 2227 2185
12227 4 2 5 18 295 2007 297 287
12228 4 2 5 18 295 297 2007 2042
12229 4 2 5 18 2156 297 2007 287
12230 4 2 5 18 2156 2007 297 2042
12231 4 2 1 19 1167 1189 1195 1239
12232 4 2 1 19 1192 1210 1247 1177
12233 4 2 1 19 1179 1228 1178 1169
12234 4 2 1 19 1255 1229 1226 1179
12235 4 2 1 19 1176 1249 1199 1211
12236 4 2 1 19 206 1250 1222 1209
12237 4 2 1 19 1228 1179 1178 1226
12238 4 2 1 19 1249 1234 204 1199
12239 4 2 1 19 1247 1248 1249 1212
12240 4 2 1 19 1244 1173 1193 1180
12241 4 2 1 19 1228 1179 1226 1229
12242 4 2 1 19 1193 1192 1173 1244
12243 4 2 1 19 1235 1232 1233 1200
12244 4 2 1 19 207 1241 1230 1203
12245 4 2 1 19 1210 1218 1192 1247
12246 4 2 1 19 1231 31 207 1204
12247 4 2 1 19 1248 1227 1228 1216
12248 4 2 1 19 1238 1260 1255 1165
12249 4 2 1 19 1247 1246 1227 1218
12250 4 2 1 19 1244 1246 1247 1192
12251 4 2 1 19 1233 1249 1248 1212
12252 4 2 1 19 1250 207 1239 1201
12253 4 2 1 19 1228 1179 1229 1169
12254 4 2 1 19 1189 1167 1208 1239
12255 4 2 1 19 1225 1223 1224 1183
12256 4 2 1 19 1164 1181 1252 1163
12257 4 2 1 19 1255 1226 1252 1164
12258 4 2 1 19 1226 1227 1236 1217
12259 4 2 1 19 1251 1257 1224 1190
12260 4 2 1 19 1201 206 207 202
12261 4 2 1 19 1250 206 207 1201
12262 4 2 1 19 1258 1226 1236 1181
12263 4 2 1 19 205 1240 206 201
12264 4 2 1 19 1256 1258 1236 1215
12265 4 2 1 19 1201 1209 206 202
12266 4 2 1 19 1238 1255 1252 1165
12267 4 2 1 19 206 1222 205 201
12268 4 2 1 19 1243 1197 1173 1198
12269 4 2 1 19 206 1240 1241 1186
12270 4 2 1 19 1248 1235 1233 1219
12271 4 2 1 19 1238 1237 1239 1195
12272 4 2 1 19 1209 201 1182 1222
12273 4 2 1 19 1198 1213 199 1253
12274 4 2 1 19 1209 1201 206 1250
12275 4 2 1 19 1232 1240 1234 1185
12276 4 2 1 19 1245 1244 1243 1173
12277 4 2 1 19 1227 1236 1217 1246
12278 4 2 1 19 1227 1248 1247 1216
12279 4 2 1 19 1257 1254 1243 1206
12280 4 2 1 19 1181 1252 1163 1258
12281 4 2 1 19 207 206 1241 202
12282 4 2 1 19 1183 1223 1213 1225
12283 4 2 1 19 1249 1233 1234 1211
12284 4 2 1 19 1236 1226 1217 1181
12285 4 2 1 19 1179 1164 1226 1255
12286 4 2 1 19 1226 1228 1220 1178
12287 4 2 1 19 1241 1232 1242 1187
12288 4 2 1 19 1239 1237 1251 1189
12289 4 2 1 19 1254 1245 1243 1175
12290 4 2 1 19 1173 1197 1243 1175
12291 4 2 1 19 199 1198 1253 1259
12292 4 2 1 19 1165 1260 1194 1168
12293 4 2 1 19 204 1259 32 199
12294 4 2 1 19 1207 1236 1256 1254
12295 4 2 1 19 1171 1242 1235 1172
12296 4 2 1 19 1242 1171 1235 1229
12297 4 2 1 19 1163 1252 1164 1165
12298 4 2 1 19 1196 1187 1221 1241
12299 4 2 1 19 31 207 1204 203
12300 4 2 1 19 32 1249 204 199
12301 4 2 1 19 1207 1236 1215 1256
12302 4 2 1 19 1233 1249 1212 1211
12303 4 2 1 19 1164 1179 1226 1178
12304 4 2 1 19 1238 31 1260 1168
12305 4 2 1 19 1242 1230 1241 1196
12306 4 2 1 19 1222 1223 205 1182
12307 4 2 1 19 1178 1228 1220 1169
12308 4 2 1 19 1253 1198 1213 1225
12309 4 2 1 19 1236 1207 1215 1214
12310 4 2 1 19 1223 1253 204 1213
12311 4 2 1 19 1252 1191 1256 1237
12312 4 2 1 19 205 1234 1240 1185
12313 4 2 1 19 1216 1218 1210 1247
12314 4 2 1 19 31 1167 203 29
12315 4 2 1 19 1239 207 1167 1201
12316 4 2 1 19 1205 1243 1257 1225
12317 4 2 1 19 1227 1218 1216 1247
12318 4 2 1 19 32 1176 199 30
12319 4 2 1 19 1248 1233 1212 1219
12320 4 2 1 19 1246 1227 1218 1217
12321 4 2 1 19 1247 1210 1212 1176
12322 4 2 1 19 1221 1203 1196 1241
12323 4 2 1 19 204 1249 1199 199
12324 4 2 1 19 1221 202 1203 1241
12325 4 2 1 19 1192 1173 1246 1174
12326 4 2 1 19 1204 207 1203 203
12327 4 2 1 19 1237 1239 1195 1189
12328 4 2 1 19 1218 1174 1246 1217
12329 4 2 1 19 1167 207 203 1201
12330 4 2 1 19 1167 31 1168 29
12331 4 2 1 19 202 207 1203 1241
12332 4 2 1 19 1171 1231 1202 1166
12333 4 2 1 19 1175 1243 1206 1197
12334 4 2 1 19 1212 1247 1176 1249
12335 4 2 1 19 1213 204 199 1253
12336 4 2 1 19 1171 1235 1170 1172
12337 4 2 1 19 1176 32 199 1249
12338 4 2 1 19 1249 1234 1199 1211
12339 4 2 1 19 1217 1226 1220 1181
12340 4 2 1 19 1249 1176 1212 1211
12341 4 2 1 19 1253 204 199 1259
12342 4 2 1 19 1258 1226 1181 1252
12343 4 2 1 19 199 1176 1249 1199
12344 4 2 1 19 1252 1226 1181 1164
12345 4 2 1 19 1243 1175 1206 1254
12346 4 2 1 19 206 1240 1186 201
12347 4 2 1 19 203 31 29 1204
12348 4 2 1 19 1208 1201 1250 1239
12349 4 2 1 19 1245 1173 1243 1175
12350 4 2 1 19 1173 1246 1174 1245
12351 4 2 1 19 1192 1173 1244 1246
12352 4 2 1 19 1210 1247 1177 1176
12353 4 2 1 19 1225 1243 1253 1198
12354 4 2 1 19 1242 1241 1187 1196
12355 4 2 1 19 1259 1244 32 1180
12356 4 2 1 19 1186 1221 1187 1241
12357 4 2 1 19 1177 32 30 1176
12358 4 2 1 19 1173 1244 1246 1245
12359 4 2 1 19 1253 1213 1223 1225
12360 4 2 1 19 1167 1201 1208 1239
12361 4 2 1 19 1252 1255 1164 1165
12362 4 2 1 19 1218 1246 1192 1247
12363 4 2 1 19 1212 1233 1211 1219
12364 4 2 1 19 32 1244 1193 1180
12365 4 2 1 19 1222 206 1209 201
12366 4 2 1 19 205 1222 1182 201
12367 4 2 1 19 1230 1196 1203 1241
12368 4 2 1 19 1188 1257 1251 1190
12369 4 2 1 19 1233 1235 1200 1219
12370 4 2 1 19 1168 1165 1260 1238
12371 4 2 1 19 29 1194 1260 1168
12372 4 2 1 19 1193 32 30 1177
12373 4 2 1 19 1260 31 29 1168
12374 4 2 1 19 1193 30 32 1180
12375 4 2 1 19 1214 1236 1217 1181
12376 4 2 1 19 1224 1183 1184 1190
12377 4 2 1 19 205 1240 201 1185
12378 4 2 1 19 1242 1172 1196 1187
12379 4 2 1 19 1220 1181 1226 1178
12380 4 2 1 19 1172 1235 1170 1200
12381 4 2 1 19 1206 1254 1175 1207
12382 4 2 1 19 1173 1174 1175 1245
12383 4 2 1 19 1188 1206 1257 1190
12384 4 2 1 19 1186 202 206 201
12385 4 2 1 19 204 199 200 1213
12386 4 2 1 19 1174 1245 1214 1175
12387 4 2 1 19 1181 1226 1178 1164
12388 4 2 1 19 1212 1219 1216 1248
12389 4 2 1 19 1228 1216 1220 1169
12390 4 2 1 19 1169 1216 1170 1228
12391 4 2 1 19 200 205 201 1185
12392 4 2 1 19 1174 1246 1192 1218
12393 4 2 1 19 1216 1217 1218 1227
12394 4 2 1 19 1169 1179 1229 1171
12395 4 2 1 19 1164 1166 1255 1179
12396 4 2 1 19 1164 1166 1165 1255
12397 4 2 1 19 1191 1207 1215 1256
12398 4 2 1 19 1181 1163 1215 1258
12399 4 2 1 19 1195 1165 1168 1238
12400 4 2 1 19 1189 1188 1251 1190
12401 4 2 1 19 1250 1209 1201 1208
12402 4 2 1 19 1231 1166 1194 1204
12403 4 2 1 19 1191 1237 1195 1189
12404 4 2 1 19 1257 1206 1205 1190
12405 4 2 1 19 1223 1182 1183 1213
12406 4 2 1 19 1203 203 207 202
12407 4 2 1 19 1202 1230 1196 1203
12408 4 2 1 19 1172 1196 1171 1242
12409 4 2 1 19 207 203 1201 202
12410 4 2 1 19 1166 1231 1202 1204
12411 4 2 1 19 1209 206 202 201
12412 4 2 1 19 201 205 200 1182
12413 4 2 1 19 200 199 204 1199
12414 4 2 1 19 1185 201 1186 1240
12415 4 2 1 19 1219 1170 1235 1200
12416 4 2 1 19 1200 1233 1219 1211
12417 4 2 1 19 1185 1199 1234 1211
12418 4 2 1 19 1200 1185 1187 1232
12419 4 2 1 19 1225 1213 1183 1205
12420 4 2 1 19 1184 1209 1182 1222
12421 4 2 1 19 1225 1198 1213 1205
12422 4 2 1 19 1198 199 1180 1259
12423 4 2 1 19 1207 1175 1236 1254
12424 4 2 1 19 1207 1236 1175 1214
12425 4 2 1 19 1245 1236 1175 1254
12426 4 2 1 19 1245 1175 1236 1214
12427 4 2 1 19 1181 1236 1215 1214
12428 4 2 1 19 1181 1215 1236 1258
12429 4 2 1 19 1189 1251 1191 1237
12430 4 2 1 19 1189 1191 1251 1188
12431 4 2 1 19 1256 1191 1251 1237
12432 4 2 1 19 1216 1228 1219 1170
12433 4 2 1 19 1216 1219 1228 1248
12434 4 2 1 19 1235 1219 1228 1170
12435 4 2 1 19 1235 1228 1219 1248
12436 4 2 1 19 1213 204 205 200
12437 4 2 1 19 205 204 1213 1223
12438 4 2 1 19 205 1182 1213 200
12439 4 2 1 19 1213 1182 205 1223
12440 4 2 1 19 1191 1195 1252 1163
12441 4 2 1 19 1191 1252 1195 1237
12442 4 2 1 19 1238 1195 1252 1237
12443 4 2 1 19 207 1231 1203 1230
12444 4 2 1 19 207 1203 1231 1204
12445 4 2 1 19 1202 1203 1231 1230
12446 4 2 1 19 1202 1231 1203 1204
12447 4 2 1 19 1193 1177 1244 32
12448 4 2 1 19 1193 1244 1177 1192
12449 4 2 1 19 1247 1244 1177 32
12450 4 2 1 19 1247 1177 1244 1192
12451 4 2 1 19 1211 1200 1234 1185
12452 4 2 1 19 1211 1234 1200 1233
12453 4 2 1 19 1232 1234 1200 1185
12454 4 2 1 19 1232 1200 1234 1233
12455 4 2 1 19 205 1185 1199 1234
12456 4 2 1 19 1199 1185 205 200
12457 4 2 1 19 1199 204 205 1234
12458 4 2 1 19 205 204 1199 200
12459 4 2 1 19 1169 1171 1235 1170
12460 4 2 1 19 1235 1171 1169 1229
12461 4 2 1 19 1235 1228 1169 1170
12462 4 2 1 19 1169 1228 1235 1229
12463 4 2 1 19 1189 1239 1250 1251
12464 4 2 1 19 1250 1239 1189 1208
12465 4 2 1 19 1214 1217 1246 1174
12466 4 2 1 19 1246 1217 1214 1236
12467 4 2 1 19 1246 1245 1214 1174
12468 4 2 1 19 1214 1245 1246 1236
12469 4 2 1 19 1256 1257 1207 1254
12470 4 2 1 19 1206 1207 1257 1254
12471 4 2 1 19 1206 1257 1207 1188
12472 4 2 1 19 1223 1224 1182 1222
12473 4 2 1 19 1223 1182 1224 1183
12474 4 2 1 19 1184 1182 1224 1222
12475 4 2 1 19 1184 1224 1182 1183
12476 4 2 1 19 1250 1224 1189 1251
12477 4 2 1 19 1190 1189 1224 1251
12478 4 2 1 19 1190 1224 1189 1184
12479 4 2 1 19 1241 1232 1186 1240
12480 4 2 1 19 1241 1186 1232 1187
12481 4 2 1 19 1185 1186 1232 1240
12482 4 2 1 19 1185 1232 1186 1187
12483 4 2 1 19 1224 1222 1209 1184
12484 4 2 1 19 1224 1209 1222 1250
12485 4 2 1 19 1208 1224 1209 1184
12486 4 2 1 19 1208 1209 1224 1250
12487 4 2 1 19 1189 1224 1208 1184
12488 4 2 1 19 1189 1208 1224 1250
12489 4 2 1 19 1260 1165 1166 1255
12490 4 2 1 19 1166 1165 1260 1194
12491 4 2 1 19 1166 1231 1260 1255
12492 4 2 1 19 1260 1231 1166 1194
12493 4 2 1 19 1217 1216 1228 1227
12494 4 2 1 19 1228 1216 1217 1220
12495 4 2 1 19 1228 1226 1217 1227
12496 4 2 1 19 1217 1226 1228 1220
12497 4 2 1 19 1230 1231 1171 1229
12498 4 2 1 19 1171 1231 1230 1202
12499 4 2 1 19 1171 1242 1230 1229
12500 4 2 1 19 31 207 1167 1239
12501 4 2 1 19 1167 207 31 203
12502 4 2 1 19 1247 1212 1216 1248
12503 4 2 1 19 1216 1212 1247 1210
12504 4 2 1 19 1176 1247 32 1249
12505 4 2 1 19 1176 32 1247 1177
12506 4 2 1 19 1195 1167 1238 1168
12507 4 2 1 19 1195 1238 1167 1239
12508 4 2 1 19 31 1238 1167 1168
12509 4 2 1 19 31 1167 1238 1239
12510 4 2 1 19 202 1186 1241 1221
12511 4 2 1 19 1241 1186 202 206
12512 4 2 1 19 1171 1196 1230 1242
12513 4 2 1 19 1171 1230 1196 1202
12514 4 2 1 19 1183 1190 1225 1205
12515 4 2 1 19 1183 1225 1190 1224
12516 4 2 1 19 1257 1225 1190 1205
12517 4 2 1 19 1257 1190 1225 1224
12518 4 2 1 19 1198 1205 1243 1197
12519 4 2 1 19 1243 1205 1198 1225
12520 4 2 1 19 1243 1206 1205 1257
12521 4 2 1 19 1205 1206 1243 1197
12522 4 2 1 19 32 199 1180 30
12523 4 2 1 19 32 1180 199 1259
12524 4 2 1 19 1191 1252 1215 1163
12525 4 2 1 19 1191 1215 1252 1256
12526 4 2 1 19 1258 1215 1252 1163
12527 4 2 1 19 1258 1252 1215 1256
12528 4 2 1 19 1260 29 1231 1194
12529 4 2 1 19 1260 1231 29 31
12530 4 2 1 19 1204 1231 29 1194
12531 4 2 1 19 1204 29 1231 31
12532 4 2 1 19 1198 1259 1244 1253
12533 4 2 1 19 1244 1259 1198 1180
12534 4 2 1 19 1198 1173 1244 1180
12535 4 2 1 19 1195 1165 1252 1163
12536 4 2 1 19 1195 1252 1165 1238
12537 4 2 1 19 1179 1171 1231 1229
12538 4 2 1 19 1231 1171 1179 1166
12539 4 2 1 19 1231 1255 1179 1229
12540 4 2 1 19 1179 1255 1231 1166
12541 4 2 1 19 1251 1191 1257 1188
12542 4 2 1 19 1251 1257 1191 1256
12543 4 2 1 19 1207 1257 1191 1188
12544 4 2 1 19 1207 1191 1257 1256
12545 4 2 1 19 1200 1235 1242 1172
12546 4 2 1 19 1242 1235 1200 1232
12547 4 2 1 19 1242 1187 1200 1172
12548 4 2 1 19 1200 1187 1242 1232
12549 4 2 1 19 1243 1198 1244 1253
12550 4 2 1 19 1244 1198 1243 1173
$EndElements
