$MeshFormat
2.2 0 8
$EndMeshFormat
$PhysicalNames
6
2 101 "FarField"
3 1 "MantelloSferico"
3 2 "CoilsFibonacci24"
3 3 "RotorePEEKCore"
3 4 "CavitaAriaInterna"
3 5 "AriaEsterna"
$EndPhysicalNames
$Nodes
2919
1 7.347638122934264e-19 -1.799592866186565e-34 0.012
2 7.347638122934264e-19 -1.799592866186565e-34 -0.012
3 0.03800000000000001 -7.347638122934265e-19 0.007
4 0.03800000000000001 -7.347638122934265e-19 -0.007
5 0.03680740392011739 0.009058666578588226 0.007
6 0.03680740392011739 0.009058666578588226 -0.007
7 0.03331088913245536 0.0175 0.007
8 0.03331088913245536 0.0175 -0.007
9 0.02774873734152917 0.02474873734152917 0.007
10 0.02774873734152917 0.02474873734152917 -0.007
11 0.0205 0.03031088913245535 0.007
12 0.0205 0.03031088913245535 -0.007
13 0.01205866657858824 0.03380740392011739 0.007
14 0.01205866657858824 0.03380740392011739 -0.007
15 0.003000000000000002 0.035 0.007
16 0.003000000000000002 0.035 -0.007
17 -0.006058666578588222 0.03380740392011739 0.007
18 -0.006058666578588222 0.03380740392011739 -0.007
19 -0.0145 0.03031088913245536 0.007
20 -0.0145 0.03031088913245536 -0.007
21 -0.02174873734152916 0.02474873734152917 0.007
22 -0.02174873734152916 0.02474873734152917 -0.007
23 -0.02731088913245535 0.01750000000000001 0.007
24 -0.02731088913245535 0.01750000000000001 -0.007
25 -0.03080740392011739 0.009058666578588235 0.007
26 -0.03080740392011739 0.009058666578588235 -0.007
27 -0.032 3.551499984722308e-18 0.007
28 -0.032 3.551499984722308e-18 -0.007
29 -0.0308074039201174 -0.009058666578588215 0.007
30 -0.0308074039201174 -0.009058666578588215 -0.007
31 -0.02731088913245536 -0.01749999999999999 0.007
32 -0.02731088913245536 -0.01749999999999999 -0.007
33 -0.02174873734152918 -0.02474873734152915 0.007
34 -0.02174873734152918 -0.02474873734152915 -0.007
35 -0.01450000000000002 -0.03031088913245535 0.007
36 -0.01450000000000002 -0.03031088913245535 -0.007
37 -0.006058666578588254 -0.03380740392011738 0.007
38 -0.006058666578588254 -0.03380740392011738 -0.007
39 0.002999999999999994 -0.035 0.007
40 0.002999999999999994 -0.035 -0.007
41 0.01205866657858821 -0.0338074039201174 0.007
42 0.01205866657858821 -0.0338074039201174 -0.007
43 0.02049999999999998 -0.03031088913245537 0.007
44 0.02049999999999998 -0.03031088913245537 -0.007
45 0.02774873734152916 -0.02474873734152917 0.007
46 0.02774873734152916 -0.02474873734152917 -0.007
47 0.03331088913245535 -0.01750000000000002 0.007
48 0.03331088913245535 -0.01750000000000002 -0.007
49 0.03680740392011739 -0.009058666578588255 0.007
50 0.03680740392011739 -0.009058666578588255 -0.007
51 1.224606353822377e-17 -2.999321443644275e-33 0.2
52 1.224606353822377e-17 -2.999321443644275e-33 -0.2
53 3.061515884555943e-18 -7.498303609110688e-34 0.05
54 3.061515884555943e-18 -7.498303609110688e-34 -0.05
55 2.877824931482587e-18 -7.048405392564046e-34 0.047
56 2.877824931482587e-18 -7.048405392564046e-34 -0.047
57 0.01039230484541326 -2.545296508910431e-18 -0.006000000000000005
58 0.01039230484541325 -2.545296508910428e-18 0.006000000000000028
59 0.0368704694055762 0.00234549444740409 0.007
60 0.03433243719813106 0.002924783736545471 0.007
61 0.03229709339629275 0.001301651217352672 0.007
62 0.03229709339629275 -0.001301651217352688 0.007
63 0.03433243719813109 -0.002924783736545477 0.007
64 0.03687046940557621 -0.00234549444740408 0.007
65 0.0368704694055762 0.00234549444740409 -0.007
66 0.03433243719813106 0.002924783736545471 -0.007
67 0.03229709339629275 0.001301651217352672 -0.007
68 0.03229709339629275 -0.001301651217352688 -0.007
69 0.03433243719813109 -0.002924783736545477 -0.007
70 0.03687046940557621 -0.00234549444740408 -0.007
71 0.03567787332569359 0.01140416102599232 0.007
72 0.03313984111824845 0.0119834503151337 0.007
73 0.03110449731641013 0.0103603177959409 0.007
74 0.03110449731641014 0.007757015361235537 0.007
75 0.03313984111824848 0.006133882842042748 0.007
76 0.0356778733256936 0.006713172131184146 0.007
77 0.03567787332569359 0.01140416102599232 -0.007
78 0.03313984111824845 0.0119834503151337 -0.007
79 0.03110449731641013 0.0103603177959409 -0.007
80 0.03110449731641014 0.007757015361235537 -0.007
81 0.03313984111824848 0.006133882842042748 -0.007
82 0.0356778733256936 0.006713172131184146 -0.007
83 0.03218135853803156 0.01984549444740409 0.007
84 0.02964332633058641 0.02042478373654547 0.007
85 0.0276079825287481 0.01880165121735267 0.007
86 0.0276079825287481 0.01619834878264731 0.007
87 0.02964332633058644 0.01457521626345452 0.007
88 0.03218135853803157 0.01515450555259592 0.007
89 0.03218135853803156 0.01984549444740409 -0.007
90 0.02964332633058641 0.02042478373654547 -0.007
91 0.0276079825287481 0.01880165121735267 -0.007
92 0.0276079825287481 0.01619834878264731 -0.007
93 0.02964332633058644 0.01457521626345452 -0.007
94 0.03218135853803157 0.01515450555259592 -0.007
95 0.02661920674710537 0.02709423178893326 0.007
96 0.02408117453966022 0.02767352107807464 0.007
97 0.02204583073782191 0.02605038855888184 0.007
98 0.02204583073782191 0.02344708612417648 0.007
99 0.02408117453966025 0.02182395360498369 0.007
100 0.02661920674710538 0.02240324289412509 0.007
101 0.02661920674710537 0.02709423178893326 -0.007
102 0.02408117453966022 0.02767352107807464 -0.007
103 0.02204583073782191 0.02605038855888184 -0.007
104 0.02204583073782191 0.02344708612417648 -0.007
105 0.02408117453966025 0.02182395360498369 -0.007
106 0.02661920674710538 0.02240324289412509 -0.007
107 0.01937046940557621 0.03265638357985944 0.007
108 0.01683243719813106 0.03323567286900082 0.007
109 0.01479709339629275 0.03161254034980802 0.007
110 0.01479709339629275 0.02900923791510266 0.007
111 0.01683243719813109 0.02738610539590988 0.007
112 0.01937046940557622 0.02796539468505127 0.007
113 0.01937046940557621 0.03265638357985944 -0.007
114 0.01683243719813106 0.03323567286900082 -0.007
115 0.01479709339629275 0.03161254034980802 -0.007
116 0.01479709339629275 0.02900923791510266 -0.007
117 0.01683243719813109 0.02738610539590988 -0.007
118 0.01937046940557622 0.02796539468505127 -0.007
119 0.01092913598416443 0.03615289836752148 0.007
120 0.008391103776719292 0.03673218765666286 0.007
121 0.006355759974880976 0.03510905513747006 0.007
122 0.006355759974880984 0.03250575270276471 0.007
123 0.00839110377671932 0.03088262018357191 0.007
124 0.01092913598416445 0.03146190947271331 0.007
125 0.01092913598416443 0.03615289836752148 -0.007
126 0.008391103776719292 0.03673218765666286 -0.007
127 0.006355759974880976 0.03510905513747006 -0.007
128 0.006355759974880984 0.03250575270276471 -0.007
129 0.00839110377671932 0.03088262018357191 -0.007
130 0.01092913598416445 0.03146190947271331 -0.007
131 0.001870469405576202 0.03734549444740409 0.007
132 -0.0006675628018689408 0.03792478373654547 0.007
133 -0.002702906603707256 0.03630165121735267 0.007
134 -0.002702906603707249 0.03369834878264732 0.007
135 -0.000667562801868913 0.03207521626345453 0.007
136 0.001870469405576215 0.03265450555259592 0.007
137 0.001870469405576202 0.03734549444740409 -0.007
138 -0.0006675628018689408 0.03792478373654547 -0.007
139 -0.002702906603707256 0.03630165121735267 -0.007
140 -0.002702906603707249 0.03369834878264732 -0.007
141 -0.000667562801868913 0.03207521626345453 -0.007
142 0.001870469405576215 0.03265450555259592 -0.007
143 -0.007188197173012023 0.03615289836752148 0.007
144 -0.009726229380457165 0.03673218765666286 0.007
145 -0.01176157318229548 0.03510905513747006 0.007
146 -0.01176157318229547 0.03250575270276471 0.007
147 -0.009726229380457137 0.03088262018357191 0.007
148 -0.00718819717301201 0.03146190947271331 0.007
149 -0.007188197173012023 0.03615289836752148 -0.007
150 -0.009726229380457165 0.03673218765666286 -0.007
151 -0.01176157318229548 0.03510905513747006 -0.007
152 -0.01176157318229547 0.03250575270276471 -0.007
153 -0.009726229380457137 0.03088262018357191 -0.007
154 -0.00718819717301201 0.03146190947271331 -0.007
155 -0.01562953059442379 0.03265638357985945 0.007
156 -0.01816756280186894 0.03323567286900083 0.007
157 -0.02020290660370725 0.03161254034980803 0.007
158 -0.02020290660370725 0.02900923791510267 0.007
159 -0.01816756280186891 0.02738610539590988 0.007
160 -0.01562953059442378 0.02796539468505128 0.007
161 -0.01562953059442379 0.03265638357985945 -0.007
162 -0.01816756280186894 0.03323567286900083 -0.007
163 -0.02020290660370725 0.03161254034980803 -0.007
164 -0.02020290660370725 0.02900923791510267 -0.007
165 -0.01816756280186891 0.02738610539590988 -0.007
166 -0.01562953059442378 0.02796539468505128 -0.007
167 -0.02287826793595296 0.02709423178893326 0.007
168 -0.02541630014339811 0.02767352107807464 0.007
169 -0.02745164394523642 0.02605038855888184 0.007
170 -0.02745164394523641 0.02344708612417648 0.007
171 -0.02541630014339808 0.02182395360498369 0.007
172 -0.02287826793595295 0.02240324289412509 0.007
173 -0.02287826793595296 0.02709423178893326 -0.007
174 -0.02541630014339811 0.02767352107807464 -0.007
175 -0.02745164394523642 0.02605038855888184 -0.007
176 -0.02745164394523641 0.02344708612417648 -0.007
177 -0.02541630014339808 0.02182395360498369 -0.007
178 -0.02287826793595295 0.02240324289412509 -0.007
179 -0.02844041972687915 0.0198454944474041 0.007
180 -0.03097845193432429 0.02042478373654548 0.007
181 -0.03301379573616261 0.01880165121735268 0.007
182 -0.0330137957361626 0.01619834878264732 0.007
183 -0.03097845193432426 0.01457521626345453 0.007
184 -0.02844041972687914 0.01515450555259593 0.007
185 -0.02844041972687915 0.0198454944474041 -0.007
186 -0.03097845193432429 0.02042478373654548 -0.007
187 -0.03301379573616261 0.01880165121735268 -0.007
188 -0.0330137957361626 0.01619834878264732 -0.007
189 -0.03097845193432426 0.01457521626345453 -0.007
190 -0.02844041972687914 0.01515450555259593 -0.007
191 -0.03193693451454119 0.01140416102599233 0.007
192 -0.03447496672198633 0.01198345031513371 0.007
193 -0.03651031052382465 0.01036031779594091 0.007
194 -0.03651031052382464 0.007757015361235547 0.007
195 -0.03447496672198631 0.006133882842042759 0.007
196 -0.03193693451454118 0.006713172131184156 0.007
197 -0.03193693451454119 0.01140416102599233 -0.007
198 -0.03447496672198633 0.01198345031513371 -0.007
199 -0.03651031052382465 0.01036031779594091 -0.007
200 -0.03651031052382464 0.007757015361235547 -0.007
201 -0.03447496672198631 0.006133882842042759 -0.007
202 -0.03193693451454118 0.006713172131184156 -0.007
203 -0.03312953059442381 0.002345494447404094 0.007
204 -0.03566756280186895 0.002924783736545475 0.007
205 -0.03770290660370726 0.001301651217352676 0.007
206 -0.03770290660370725 -0.001301651217352684 0.007
207 -0.03566756280186892 -0.002924783736545473 0.007
208 -0.03312953059442379 -0.002345494447404076 0.007
209 -0.03312953059442381 0.002345494447404094 -0.007
210 -0.03566756280186895 0.002924783736545475 -0.007
211 -0.03770290660370726 0.001301651217352676 -0.007
212 -0.03770290660370725 -0.001301651217352684 -0.007
213 -0.03566756280186892 -0.002924783736545473 -0.007
214 -0.03312953059442379 -0.002345494447404076 -0.007
215 -0.0319369345145412 -0.006713172131184124 0.007
216 -0.03447496672198634 -0.006133882842042743 0.007
217 -0.03651031052382465 -0.007757015361235541 0.007
218 -0.03651031052382465 -0.0103603177959409 0.007
219 -0.03447496672198631 -0.01198345031513369 0.007
220 -0.03193693451454119 -0.01140416102599229 0.007
221 -0.0319369345145412 -0.006713172131184124 -0.007
222 -0.03447496672198634 -0.006133882842042743 -0.007
223 -0.03651031052382465 -0.007757015361235541 -0.007
224 -0.03651031052382465 -0.0103603177959409 -0.007
225 -0.03447496672198631 -0.01198345031513369 -0.007
226 -0.03193693451454119 -0.01140416102599229 -0.007
227 -0.02844041972687916 -0.0151545055525959 0.007
228 -0.03097845193432431 -0.01457521626345452 0.007
229 -0.03301379573616262 -0.01619834878264732 0.007
230 -0.03301379573616262 -0.01880165121735268 0.007
231 -0.03097845193432428 -0.02042478373654547 0.007
232 -0.02844041972687915 -0.01984549444740407 0.007
233 -0.02844041972687916 -0.0151545055525959 -0.007
234 -0.03097845193432431 -0.01457521626345452 -0.007
235 -0.03301379573616262 -0.01619834878264732 -0.007
236 -0.03301379573616262 -0.01880165121735268 -0.007
237 -0.03097845193432428 -0.02042478373654547 -0.007
238 -0.02844041972687915 -0.01984549444740407 -0.007
239 -0.02287826793595298 -0.02240324289412506 0.007
240 -0.02541630014339812 -0.02182395360498368 0.007
241 -0.02745164394523644 -0.02344708612417648 0.007
242 -0.02745164394523643 -0.02605038855888184 0.007
243 -0.02541630014339809 -0.02767352107807463 0.007
244 -0.02287826793595297 -0.02709423178893323 0.007
245 -0.02287826793595298 -0.02240324289412506 -0.007
246 -0.02541630014339812 -0.02182395360498368 -0.007
247 -0.02745164394523644 -0.02344708612417648 -0.007
248 -0.02745164394523643 -0.02605038855888184 -0.007
249 -0.02541630014339809 -0.02767352107807463 -0.007
250 -0.02287826793595297 -0.02709423178893323 -0.007
251 -0.01562953059442381 -0.02796539468505126 0.007
252 -0.01816756280186896 -0.02738610539590988 0.007
253 -0.02020290660370727 -0.02900923791510268 0.007
254 -0.02020290660370727 -0.03161254034980804 0.007
255 -0.01816756280186893 -0.03323567286900082 0.007
256 -0.0156295305944238 -0.03265638357985943 0.007
257 -0.01562953059442381 -0.02796539468505126 -0.007
258 -0.01816756280186896 -0.02738610539590988 -0.007
259 -0.02020290660370727 -0.02900923791510268 -0.007
260 -0.02020290660370727 -0.03161254034980804 -0.007
261 -0.01816756280186893 -0.03323567286900082 -0.007
262 -0.0156295305944238 -0.03265638357985943 -0.007
263 -0.007188197173012054 -0.0314619094727133 0.007
264 -0.009726229380457196 -0.03088262018357191 0.007
265 -0.01176157318229551 -0.03250575270276471 0.007
266 -0.0117615731822955 -0.03510905513747007 0.007
267 -0.009726229380457169 -0.03673218765666286 0.007
268 -0.007188197173012041 -0.03615289836752147 0.007
269 -0.007188197173012054 -0.0314619094727133 -0.007
270 -0.009726229380457196 -0.03088262018357191 -0.007
271 -0.01176157318229551 -0.03250575270276471 -0.007
272 -0.0117615731822955 -0.03510905513747007 -0.007
273 -0.009726229380457169 -0.03673218765666286 -0.007
274 -0.007188197173012041 -0.03615289836752147 -0.007
275 0.001870469405576193 -0.03265450555259591 0.007
276 -0.0006675628018689494 -0.03207521626345453 0.007
277 -0.002702906603707265 -0.03369834878264733 0.007
278 -0.002702906603707258 -0.03630165121735269 0.007
279 -0.0006675628018689215 -0.03792478373654548 0.007
280 0.001870469405576206 -0.03734549444740409 0.007
281 0.001870469405576193 -0.03265450555259591 -0.007
282 -0.0006675628018689494 -0.03207521626345453 -0.007
283 -0.002702906603707265 -0.03369834878264733 -0.007
284 -0.002702906603707258 -0.03630165121735269 -0.007
285 -0.0006675628018689215 -0.03792478373654548 -0.007
286 0.001870469405576206 -0.03734549444740409 -0.007
287 0.01092913598416441 -0.03146190947271331 0.007
288 0.008391103776719269 -0.03088262018357193 0.007
289 0.006355759974880954 -0.03250575270276473 0.007
290 0.006355759974880961 -0.03510905513747008 0.007
291 0.008391103776719297 -0.03673218765666288 0.007
292 0.01092913598416442 -0.03615289836752148 0.007
293 0.01092913598416441 -0.03146190947271331 -0.007
294 0.008391103776719269 -0.03088262018357193 -0.007
295 0.006355759974880954 -0.03250575270276473 -0.007
296 0.006355759974880961 -0.03510905513747008 -0.007
297 0.008391103776719297 -0.03673218765666288 -0.007
298 0.01092913598416442 -0.03615289836752148 -0.007
299 0.01937046940557618 -0.02796539468505128 0.007
300 0.01683243719813103 -0.0273861053959099 0.007
301 0.01479709339629272 -0.0290092379151027 0.007
302 0.01479709339629273 -0.03161254034980806 0.007
303 0.01683243719813106 -0.03323567286900084 0.007
304 0.01937046940557619 -0.03265638357985945 0.007
305 0.01937046940557618 -0.02796539468505128 -0.007
306 0.01683243719813103 -0.0273861053959099 -0.007
307 0.01479709339629272 -0.0290092379151027 -0.007
308 0.01479709339629273 -0.03161254034980806 -0.007
309 0.01683243719813106 -0.03323567286900084 -0.007
310 0.01937046940557619 -0.03265638357985945 -0.007
311 0.02661920674710536 -0.02240324289412508 0.007
312 0.02408117453966022 -0.0218239536049837 0.007
313 0.0220458307378219 -0.0234470861241765 0.007
314 0.02204583073782191 -0.02605038855888186 0.007
315 0.02408117453966024 -0.02767352107807465 0.007
316 0.02661920674710537 -0.02709423178893325 0.007
317 0.02661920674710536 -0.02240324289412508 -0.007
318 0.02408117453966022 -0.0218239536049837 -0.007
319 0.0220458307378219 -0.0234470861241765 -0.007
320 0.02204583073782191 -0.02605038855888186 -0.007
321 0.02408117453966024 -0.02767352107807465 -0.007
322 0.02661920674710537 -0.02709423178893325 -0.007
323 0.03218135853803154 -0.01515450555259593 0.007
324 0.0296433263305864 -0.01457521626345454 0.007
325 0.02760798252874809 -0.01619834878264734 0.007
326 0.02760798252874809 -0.0188016512173527 0.007
327 0.02964332633058643 -0.02042478373654549 0.007
328 0.03218135853803156 -0.01984549444740409 0.007
329 0.03218135853803154 -0.01515450555259593 -0.007
330 0.0296433263305864 -0.01457521626345454 -0.007
331 0.02760798252874809 -0.01619834878264734 -0.007
332 0.02760798252874809 -0.0188016512173527 -0.007
333 0.02964332633058643 -0.02042478373654549 -0.007
334 0.03218135853803156 -0.01984549444740409 -0.007
335 0.03567787332569358 -0.006713172131184166 0.007
336 0.03313984111824844 -0.006133882842042785 0.007
337 0.03110449731641013 -0.007757015361235583 0.007
338 0.03110449731641013 -0.01036031779594094 0.007
339 0.03313984111824847 -0.01198345031513373 0.007
340 0.0356778733256936 -0.01140416102599234 0.007
341 0.03567787332569358 -0.006713172131184166 -0.007
342 0.03313984111824844 -0.006133882842042785 -0.007
343 0.03110449731641013 -0.007757015361235583 -0.007
344 0.03110449731641013 -0.01036031779594094 -0.007
345 0.03313984111824847 -0.01198345031513373 -0.007
346 0.0356778733256936 -0.01140416102599234 -0.007
347 0.02723332981924936 -6.670021746478636e-18 -0.1981371892072662
348 0.05395935423140497 -1.321579360798618e-17 -0.1925834574695598
349 0.07968021796924847 -1.951538023981873e-17 -0.1834422603010905
350 0.1039167900070869 -2.545143226230088e-17 -0.1708838809092976
351 0.1262175888652108 -3.091337225769554e-17 -0.1551422581408838
352 0.1461671928556251 -3.579945461827586e-17 -0.1365106286437305
353 0.1633939786020887 -4.001866087448707e-17 -0.115336064422973
354 0.1775770436804753 -4.349239519682078e-17 -0.09201300754622993
355 0.1884521844237643 -4.615594848740963e-17 -0.0669759224341968
356 0.1958168175364647 -4.795970378808636e-17 -0.04069120261052622
357 0.1995337538381079 -4.887006055043542e-17 -0.01364848267293357
358 0.1995337538381078 -4.88700605504354e-17 0.01364848267293472
359 0.1958168175364645 -4.795970378808631e-17 0.04069120261052717
360 0.1884521844237639 -4.615594848740955e-17 0.0669759224341977
361 0.1775770436804749 -4.349239519682067e-17 0.09201300754623078
362 0.1633939786020883 -4.001866087448697e-17 0.1153360644229737
363 0.1461671928556246 -3.579945461827573e-17 0.1365106286437311
364 0.1262175888652104 -3.091337225769543e-17 0.1551422581408841
365 0.1039167900070866 -2.545143226230079e-17 0.1708838809092978
366 0.07968021796924823 -1.951538023981867e-17 0.1834422603010906
367 0.05395935423140489 -1.321579360798616e-17 0.1925834574695598
368 0.02723332981924928 -6.670021746478616e-18 0.1981371892072662
369 0.02500000000000005 -6.123031769111898e-18 -0.04330127018922191
370 0.04330127018922201 -1.060540212046015e-17 -0.02499999999999987
371 0.05 -1.224606353822377e-17 1.20980699416795e-16
372 0.04330127018922189 -1.060540212046012e-17 0.02500000000000008
373 0.02499999999999995 -6.123031769111874e-18 0.04330127018922197
374 0.02350000000000001 -5.755649862965175e-18 -0.04070319397786861
375 0.0407031939778686 -9.969077993232523e-18 -0.02350000000000002
376 0.047 -1.151129972593035e-17 3.023308599997554e-17
377 0.04070319397786855 -9.969077993232509e-18 0.02350000000000011
378 0.02349999999999988 -5.755649862965143e-18 0.04070319397786869
379 0.00341835422827541 -0.005786344938299516 -0.009941482114103874
380 -0.005072577772352083 -0.008299926443169287 -0.007027102943704382
381 0.00185474830843178 0.00506888143335887 -0.0107175720070788
382 -0.007409289310102802 0.003126838389144305 -0.008906475936495298
383 0.003438586582138504 0.005777631230771677 0.009939572409231134
384 -0.005049050944063312 0.008311836961080968 0.007029968058011479
385 -0.007485219307445917 -0.003025398643782792 0.008877975837184741
386 0.001511474344178672 -0.004842080793950291 0.0108751873037547
387 -0.01199993664465343 3.642102155761466e-05 1.392959053675675e-05
388 0.006515274838305359 -0.00908785578633043 -0.004354546014018633
389 0.0008295325998039008 -0.01091803480188404 0.004910029707721895
390 0.006557152609594633 0.009068758324569996 0.004331439957453956
391 -0.00817524263845917 -0.008593923707089036 0.00181930841779293
392 0.0008691985322408206 0.01096975466611726 -0.004786332257245529
393 -0.008175242638459174 0.00859392370708904 -0.001819308417792891
394 0.03441754290107676 0.002942914155716051 -0.005296305752969208
395 0.03212722496154356 0.0008643862437715903 -0.004410776648944078
396 0.03301502145259474 -0.002249413293803723 -0.00445973982792165
397 0.03270793506806144 0.001935571839993924 0.003666241451066153
398 0.036474980915319 0.002612361249797727 0.002080712902824549
399 0.03417280826901085 0.002883704880909831 -0.002095156642346282
400 0.03200289855663031 -0.0001318443709502884 -0.001960156606447141
401 0.03204585923914122 -0.0005225441273545179 0.001011209169506931
402 0.03205861317331617 -0.0005901216279808815 0.004282985794085945
403 0.0367815081574674 -0.002413758207625012 -1.572515202186934e-05
404 0.03607239587105322 -0.002801779273202659 -0.004343560410973155
405 0.03362767904264625 -0.002667720973041912 -0.001542241078231681
406 0.03378036859234929 -0.002740893874171698 0.003552136725423149
407 0.03687414711878548 -0.002342556846086795 0.003772060389649422
408 0.03334362795141999 0.002501285996579133 0.000832728268055625
409 0.03543618760617739 -0.0005469619492652062 0.007
410 0.03424665620049403 0.0009446632469368679 0.007
411 0.03543618760617739 -0.0005469619492652062 -0.007
412 0.03424665620049403 0.0009446632469368679 -0.007
413 0.03343881879507295 0.01203593798133202 -0.004526437090600001
414 0.03390620649820671 0.01205703914559235 -5.886199399117876e-05
415 0.03083949410665267 0.009496286663981713 -0.00382738847943452
416 0.03091187607107364 0.008273861841464364 0.00417569197533322
417 0.03101902001048892 0.007951907719339723 0.0005840231206944695
418 0.03175702909616917 0.01124863531839236 0.003884882263990845
419 0.03198829053404205 0.006673121255480426 -0.003757381674630989
420 0.03465819894533311 0.006181837104137545 -0.000821077720767234
421 0.03292206259841292 0.006192280222201045 0.004716817790397361
422 0.03446548738735897 0.01198559776160967 0.004392152687328374
423 0.03468679894505979 0.006190450340208254 -0.004670903583173291
424 0.03424359152629478 0.008511704629323019 0.007
425 0.03305406012061142 0.01000332982552509 0.007
426 0.03424359152629478 0.008511704629323019 -0.007
427 0.03305406012061142 0.01000332982552509 -0.007
428 0.02987096865457068 0.02046756970821878 -0.002679605077459106
429 0.0284676557311941 0.01986695809605385 -0.00507832197518081
430 0.02733487863000343 0.01787863107280813 -0.00385460343621445
431 0.02837354348605094 0.01520943416458774 -0.004452262783678408
432 0.02734364683731404 0.01794212346909491 0.004771455126849992
433 0.02926232704773638 0.01468921406818488 0.00492867195264575
434 0.0273898634530067 0.0168161805940151 0.002613138084541931
435 0.02916897718148792 0.02027417322751081 0.002703748874624343
436 0.0273621210794982 0.01805205703496943 -0.0002623255258533711
437 0.03075865955121991 0.02046639539712416 0.005559249509320041
438 0.02808977637648852 0.01548340432280504 -0.001973851099314348
439 0.03163291409167064 0.01480699981299447 -0.002580938312242556
440 0.02985092662793357 0.01453547061164271 0.00175706155333348
441 0.02848475196229234 0.01988017290038959 0.005261826296966548
442 0.03074707673863274 0.01695303805073479 0.007
443 0.02955754533294938 0.01844466324693687 0.007
444 0.03074707673863274 0.01695303805073479 -0.007
445 0.02955754533294938 0.01844466324693687 -0.007
446 0.02440938939467995 0.02772948271323894 -0.0004130755140380193
447 0.02174934958336423 0.02468813143282127 0.001840507742238802
448 0.02202701045584235 0.02348691217149589 -0.001139948212445971
449 0.02595606914665606 0.02200240343751658 0.0007300116829831978
450 0.02429947010963835 0.02178256827110362 -0.004059068683831432
451 0.02407867668800938 0.02767294983733118 0.004548075681011061
452 0.02282329024262175 0.02244816057269292 0.004077580845988276
453 0.02565462204812069 0.02188877704488804 0.004751480245556172
454 0.02181014370003592 0.02535261432418 -0.003929009199326016
455 0.02418261180951281 0.02769483677671447 -0.0052462961429577
456 0.02177590536901176 0.02515156492645637 0.004675646733968316
457 0.02518492494770655 0.02420177539226396 0.007
458 0.02399539354202319 0.02569340058846603 0.007
459 0.02518492494770655 0.02420177539226396 -0.007
460 0.02399539354202319 0.02569340058846603 -0.007
461 0.01465203753900792 0.02936796293132406 0.002615717890217593
462 0.01455771669378174 0.03089652463850781 -0.0001987424459713961
463 0.01518936314200592 0.03222425196016974 0.00248413395004505
464 0.01788216361167557 0.03328644806716175 0.0004928712928727605
465 0.01620162709017471 0.03301537203811991 -0.002911306938023678
466 0.01847413331562519 0.03314832887338186 -0.004251156487091109
467 0.01454016809314481 0.03080016930082718 -0.003538390538374093
468 0.01511283910499597 0.02849389632526994 -0.004917403630209637
469 0.01693355574030267 0.03325692730271994 0.005374163000279914
470 0.01537476967052851 0.03242829226995526 -0.005078670297885863
471 0.01535227182576899 0.02821630953511026 -0.001878417942538541
472 0.01881073180080838 0.0276123743286513 -0.002632548026027495
473 0.01696102101091296 0.02735970265083093 0.001582061215551988
474 0.01647275516327457 0.02749224264071132 0.004916614852345832
475 0.01451540240582749 0.03061449611666297 0.004885457181156134
476 0.01793618760617739 0.02976392718319015 0.007
477 0.01674665620049403 0.03125555237939222 0.007
478 0.01793618760617739 0.02976392718319015 -0.007
479 0.01674665620049403 0.03125555237939222 -0.007
480 0.006210704117596146 0.0328644777189861 0.002615717890217592
481 0.006116383272369972 0.03439303942616986 -0.0001987424459713987
482 0.006748029720594149 0.03572076674783178 0.002484133950045048
483 0.009440830190263804 0.03678296285482379 0.0004928712928727605
484 0.007760293668762943 0.03651188682578195 -0.002911306938023681
485 0.01003279989421342 0.0366448436610439 -0.004251156487091109
486 0.006098834671733045 0.03429668408848922 -0.003538390538374096
487 0.006671505683584196 0.03199041111293198 -0.004917403630209653
488 0.008492222318890897 0.03675344209038198 0.005374163000279926
489 0.006933436249116737 0.0359248070576173 -0.005078670297885865
490 0.006910938404357216 0.03171282432277231 -0.001878417942538547
491 0.01036939837939661 0.03110888911631334 -0.002632548026027502
492 0.008519687589501191 0.03085621743849297 0.001582061215551981
493 0.008031421741862796 0.03098875742837336 0.004916614852345832
494 0.006074068984415721 0.03411101090432501 0.004885457181156135
495 0.009494854184765618 0.03326044197085219 0.007
496 0.008305322779082261 0.03475206716705426 0.007
497 0.009494854184765618 0.03326044197085219 -0.007
498 0.008305322779082261 0.03475206716705426 -0.007
499 0.0005568546186119276 0.03205213417304476 4.107374269019144e-06
500 -0.0007968235570562164 0.0321077565422461 -0.004129493050477158
501 -0.000424287010272152 0.03203015479647267 0.004765051785401876
502 -0.002058292977964666 0.03718252835419413 0.004559849500617326
503 0.001475270526498094 0.0376121977095247 0.002080467248075473
504 -0.002976359329487513 0.03537587915847069 -0.003812174596748402
505 -0.002868364945455181 0.03412109014132058 -0.001080747013844983
506 -0.0007158210624092916 0.03791334862428293 -0.00517686152417924
507 -0.0007983755869455814 0.03789181541979589 -0.002072826280250754
508 -0.002406604384953942 0.03320883966817026 0.001920978769191706
509 -0.002496807250375142 0.03666311561668879 0.001818681967132029
510 -0.002979211199200479 0.03464743705447335 0.004418924327019679
511 0.000436187606177386 0.0344530380507348 0.007
512 -0.0007533437995059714 0.03594466324693687 0.007
513 0.000436187606177386 0.0344530380507348 -0.007
514 -0.0007533437995059714 0.03594466324693687 -0.007
515 -0.01190662903958031 0.0328644777189861 0.002615717890217588
516 -0.01200094988480649 0.03439303942616984 -0.0001987424459714022
517 -0.01136930343658231 0.03572076674783178 0.00248413395004505
518 -0.008676502966912655 0.03678296285482379 0.0004928712928727614
519 -0.01035703948841352 0.03651188682578195 -0.002911306938023681
520 -0.008084533262963038 0.0366448436610439 -0.004251156487091109
521 -0.01201849848544341 0.03429668408848922 -0.003538390538374103
522 -0.01144582747359226 0.03199041111293199 -0.004917403630209677
523 -0.009625110838285558 0.03675344209038198 0.005374163000279924
524 -0.01118389690805971 0.03592480705761731 -0.005078670297885867
525 -0.01120639475281924 0.0317128243227723 -0.001878417942538559
526 -0.007747934777779842 0.03110888911631334 -0.002632548026027517
527 -0.009597645567675261 0.03085621743849297 0.001582061215551977
528 -0.01008591141531365 0.03098875742837336 0.004916614852345828
529 -0.01204326417276074 0.034111010904325 0.004885457181156135
530 -0.008622478972410839 0.03326044197085219 0.007
531 -0.009812010378094196 0.03475206716705426 0.007
532 -0.008622478972410839 0.03326044197085219 -0.007
533 -0.009812010378094196 0.03475206716705426 -0.007
534 -0.02049996691033127 0.0302967988195622 0.004790649799855956
535 -0.02036986883839616 0.02943690237603246 0.002226291843203629
536 -0.01947598222140502 0.03256820928269795 0.003059713288118209
537 -0.01996658450990824 0.03201850760725606 -0.004990150816268753
538 -0.02040267492423517 0.03106883258959205 -0.001437892054166488
539 -0.02048530693287019 0.03001433809712221 -0.005029354263584332
540 -0.01728027361129864 0.03330283169776443 -0.004223071859088923
541 -0.01957800702582698 0.03247465594073524 0.00535758691606619
542 -0.01808119627127262 0.02736772571628921 0.001081842958208719
543 -0.01663864584169461 0.03318457474747486 -0.0003685910631215702
544 -0.01547048619842784 0.02810157391519274 -0.002738131762627209
545 -0.01859035066695572 0.02751604827418289 -0.004443694160783098
546 -0.01822640924113951 0.02740016248531257 0.004885167305457769
547 -0.01745552445775766 0.03331055943536237 0.005862201237200114
548 -0.01706381239382261 0.02976392718319015 0.007
549 -0.01825334379950597 0.03125555237939222 0.007
550 -0.01706381239382261 0.02976392718319015 -0.007
551 -0.01825334379950597 0.03125555237939222 -0.007
552 -0.02677819877812994 0.02695810066098351 0.00456356935552902
553 -0.0232892726263785 0.02736979871914515 0.002128883689329681
554 -0.02612188463862432 0.0274160330695054 -0.002098645710190075
555 -0.02769383542641768 0.02532004922691751 -0.004752225722827935
556 -0.0254678280935911 0.02766128064426288 -0.005459460569289588
557 -0.0276767931582436 0.02409567598590879 -0.002466066694086917
558 -0.027746843926385 0.02485530612609608 -8.915459305309983e-05
559 -0.02580438457658613 0.02194060470308123 0.005384599627615934
560 -0.02628113227789254 0.02216963560662069 -0.0003662099158987936
561 -0.02774591877904744 0.02461872414759923 0.004666887008567057
562 -0.02738576355574352 0.02331832035842729 0.002483703247321916
563 -0.0271501429807867 0.02654686162970897 0.002034341205007887
564 -0.02604338815627369 0.02204247067545922 -0.00462224463157695
565 -0.02534857273881883 0.02180931605560257 0.003409353505147056
566 -0.02431254973535178 0.02420177539226396 0.007
567 -0.02550208114103514 0.02569340058846603 0.007
568 -0.02431254973535178 0.02420177539226396 -0.007
569 -0.02550208114103514 0.02569340058846603 -0.007
570 -0.0329913389454547 0.0161527105730424 0.00261141933130398
571 -0.03331086562695942 0.01751187570726735 0.004739782327848752
572 -0.03114923078702129 0.01461951683389408 0.004550706460499202
573 -0.03264515366135588 0.01561553479493073 -0.004754667689602577
574 -0.033273105398412 0.01797463121863387 -0.004856436103429162
575 -0.03308362834940676 0.01635461044409351 -0.002779826405786489
576 -0.03288272261400971 0.01904456224968631 -0.002714453578487376
577 -0.0332833343609668 0.01790567149702623 -0.0004473506485496697
578 -0.03090628009084224 0.02044032474510405 -0.004971304255810379
579 -0.03129689776787341 0.01466666504435481 1.076299157300956e-05
580 -0.03073455048369339 0.01453006547892599 -0.004494843896413254
581 -0.0322855741300813 0.01975845503832842 0.004724548956327066
582 -0.02897130464958213 0.02018430874029895 0.002571864824220353
583 -0.03042296265219766 0.02049790585678948 -0.001709283082490957
584 -0.03275477567730773 0.0192399478601066 0.002220249422058809
585 -0.02987470152627797 0.01695303805073481 0.007
586 -0.03106423293196132 0.01844466324693688 0.007
587 -0.02987470152627797 0.01695303805073481 -0.007
588 -0.03106423293196132 0.01844466324693688 -0.007
589 -0.03657887694342684 0.01020711652572046 -0.003652755273237641
590 -0.03366234019162054 0.01205515727850282 -0.004354941117796173
591 -0.03396287466982459 0.00606269781273211 0.004472176538624874
592 -0.03420186714503153 0.006084713188874413 -0.004596294439610011
593 -0.0364940273234248 0.007723730367078147 -0.001047848224534127
594 -0.03423071813189758 0.01202865059842823 0.0008490944762167699
595 -0.03670694114660156 0.009828526223090054 0.004597835445432483
596 -0.03635380422053935 0.007472524873061608 0.002267098999620726
597 -0.03350669044539522 0.006073776060307789 0.0003130299509351833
598 -0.03455174761633296 0.01196485866823134 0.005505649014400065
599 -0.03639645153074913 0.007543136153330438 0.004586168090709909
600 -0.03337121631394001 0.00851170462932303 0.007
601 -0.03456074771962336 0.0100033298255251 0.007
602 -0.03337121631394001 0.00851170462932303 -0.007
603 -0.03456074771962336 0.0100033298255251 -0.007
604 -0.03444314538138808 -0.002947865826955247 4.107374269008736e-06
605 -0.03579682355705623 -0.002892243457753902 -0.004129493050477159
606 -0.03542428701027215 -0.002969845203527331 0.004765051785401862
607 -0.03705829297796467 0.002182528354194133 0.004559849500617333
608 -0.03352472947350191 0.002612197709524695 0.002080467248075498
609 -0.03797635932948752 0.0003758791584706822 -0.003812174596748396
610 -0.03786836494545519 -0.0008789098586794184 -0.001080747013844979
611 -0.03571582106240931 0.002913348624282929 -0.005176861524179244
612 -0.03579837558694557 0.002891815419795902 -0.002072826280250747
613 -0.03740660438495395 -0.001791160331829745 0.001920978769191708
614 -0.03749680725037515 0.001663115616688787 0.001818681967132041
615 -0.03797921119920049 -0.0003525629455266487 0.004418924327019681
616 -0.03456381239382262 -0.0005469619492652018 0.007
617 -0.03575334379950598 0.0009446632469368722 0.007
618 -0.03456381239382262 -0.0005469619492652018 -0.007
619 -0.03575334379950598 0.0009446632469368722 -0.007
620 -0.03665536638110949 -0.0100015927797195 0.002615717890217597
621 -0.03674968722633566 -0.008473031072535744 -0.0001987424459713952
622 -0.03611804077811148 -0.007145303750873818 0.002484133950045057
623 -0.03342524030844182 -0.006083107643881814 0.0004928712928727614
624 -0.03510577682994268 -0.00635418367292365 -0.002911306938023679
625 -0.03283327060449222 -0.006221226837661702 -0.004251156487091116
626 -0.03676723582697259 -0.008569386410216377 -0.003538390538374091
627 -0.03619456481512143 -0.01087565938577363 -0.004917403630209632
628 -0.03437384817981473 -0.006112628408323623 0.005374163000279929
629 -0.03593263424958888 -0.00694126344108829 -0.005078670297885861
630 -0.03595513209434842 -0.0111532461759333 -0.001878417942538535
631 -0.03249667211930903 -0.01175718138239227 -0.002632548026027475
632 -0.03434638290920446 -0.01200985306021263 0.00158206121555199
633 -0.03483464875684284 -0.01187731307033224 0.004916614852345833
634 -0.03679200151428991 -0.008755059594380599 0.004885457181156139
635 -0.03337121631394002 -0.00960562852785342 0.007
636 -0.03456074771962337 -0.008114003331651345 0.007
637 -0.03337121631394002 -0.00960562852785342 -0.007
638 -0.03456074771962337 -0.008114003331651345 -0.007
639 -0.03315885159344745 -0.01844292620113129 0.002615717890217588
640 -0.03325317243867363 -0.01691436449394755 -0.0001987424459714013
641 -0.03262152599044946 -0.01558663717228561 0.002484133950045041
642 -0.02992872552077981 -0.01452444106529359 0.000492871292872764
643 -0.03160926204228066 -0.01479551709433544 -0.002911306938023681
644 -0.0293367558168302 -0.01466256025907348 -0.004251156487091115
645 -0.03327072103931056 -0.01701071983162817 -0.003538390538374096
646 -0.0326980500274594 -0.0193169928071854 -0.004917403630209645
647 -0.0308773333921527 -0.0145539618297354 0.005374163000279914
648 -0.03243611946192686 -0.01538259686250009 -0.005078670297885864
649 -0.03245861730668637 -0.01959457959734508 -0.001878417942538545
650 -0.02900015733164699 -0.02019851480380404 -0.002632548026027503
651 -0.0308498681215424 -0.02045118648162441 0.001582061215551981
652 -0.0313381339691808 -0.02031864649174402 0.004916614852345832
653 -0.03329548672662788 -0.01719639301579238 0.00488545718115613
654 -0.02987470152627798 -0.0180469619492652 0.007
655 -0.03106423293196134 -0.01655533675306312 0.007
656 -0.02987470152627798 -0.0180469619492652 -0.007
657 -0.03106423293196134 -0.01655533675306312 -0.007
658 -0.02557967472393581 -0.02186610953577288 -0.002304679567189336
659 -0.02768998491425791 -0.02415792204389601 -0.004939507749779443
660 -0.02541112102951733 -0.02182277632847938 -0.005379571894783343
661 -0.02758801293019421 -0.02571750673184392 -0.003142235632809639
662 -0.02773803431357499 -0.02500192425453562 -0.000733329525338812
663 -0.02559156899683208 -0.0276279099311492 0.005013484388504679
664 -0.02677723237353127 -0.02253848669847013 0.004564881259728087
665 -0.02328985580636184 -0.02212735132143448 0.002130084887457193
666 -0.02281717725233689 -0.02704418405662394 0.0007500806346271999
667 -0.026808257558011 -0.02693010766265821 0.001742449489732382
668 -0.02774270344452859 -0.02493891350746623 0.004532174986866837
669 -0.02548556331740619 -0.02765684454059746 -0.001936767901668152
670 -0.02713429484836201 -0.02292963993303406 0.001478912569172445
671 -0.02708184884235466 -0.02663462989539215 -0.005303993676822427
672 -0.02497482624442173 -0.02774020584512214 -0.004917646249426734
673 -0.0243125497353518 -0.02529569929079436 0.007
674 -0.02550208114103516 -0.02380407409459228 0.007
675 -0.0243125497353518 -0.02529569929079436 -0.007
676 -0.02550208114103516 -0.02380407409459228 -0.007
677 -0.02049996691033129 -0.0303249794453485 0.004790649799855968
678 -0.02036986883839618 -0.03118487588887826 0.002226291843203635
679 -0.01947598222140504 -0.02805356898221276 0.003059713288118215
680 -0.01996658450990826 -0.02860327065765465 -0.004990150816268753
681 -0.02040267492423519 -0.02955294567531865 -0.001437892054166483
682 -0.02048530693287021 -0.0306074401677885 -0.005029354263584329
683 -0.01728027361129866 -0.02731894656714627 -0.004223071859088923
684 -0.01957800702582699 -0.02814712232417547 0.005357586916066192
685 -0.01808119627127263 -0.0332540525486215 0.001081842958208709
686 -0.01663864584169462 -0.02743720351743585 -0.0003685910631215658
687 -0.01547048619842786 -0.03252020434971796 -0.00273813176262726
688 -0.01859035066695573 -0.03310572999072783 -0.004443694160783095
689 -0.01822640924113953 -0.03322161577959814 0.004885167305457779
690 -0.01745552445775768 -0.02731121882954834 0.005862201237200114
691 -0.01706381239382263 -0.03085785108172056 0.007
692 -0.01825334379950599 -0.02936622588551848 0.007
693 -0.01706381239382263 -0.03085785108172056 -0.007
694 -0.01825334379950599 -0.02936622588551848 -0.007
695 -0.009185851475446729 -0.03680470670796033 0.0007936013460534148
696 -0.0120564959618182 -0.03392150470470347 0.001694146620976869
697 -0.01107018070209668 -0.03603311974450426 0.003838320068541674
698 -0.0119950981826703 -0.03319309989559195 -0.004153018399289176
699 -0.009607009785487799 -0.03085794299861883 -0.0006487080742849805
700 -0.01185324947119102 -0.03489841558658661 -0.001425006663070562
701 -0.009618340189126934 -0.03086007199960578 -0.004791781775664151
702 -0.009630077817574788 -0.03675248272992195 -0.004601844067461024
703 -0.0104485326913136 -0.03114878168506824 0.005595770779479451
704 -0.009788635753230138 -0.03089756801339126 0.003622001669883727
705 -0.01199691724165239 -0.03320186032878546 0.004693107182066575
706 -0.008465681985129881 -0.03674821490893 0.004689497765041499
707 -0.00862247897241087 -0.03435436586938259 0.007
708 -0.009812010378094227 -0.03286274067318052 0.007
709 -0.00862247897241087 -0.03435436586938259 -0.007
710 -0.009812010378094227 -0.03286274067318052 -0.007
711 -0.0003393479468494982 -0.03201925462829026 -0.000413075514037459
712 -0.002999387758164936 -0.03506060590870833 0.001840507742238502
713 -0.002721726885686699 -0.03626182517003356 -0.001139948212446408
714 0.001207331805127308 -0.03774633390401241 0.0007300116829826253
715 -0.0004492672318905753 -0.03796616907042559 -0.00405906868383169
716 -0.0006700606535199337 -0.03207578750419803 0.004548075681009573
717 -0.001925447098907075 -0.03730057676883654 0.004077580845987912
718 0.0009058847065919799 -0.03785996029664098 0.004751480245555819
719 -0.002938593641493262 -0.03439612301734923 -0.003929009199326077
720 -0.000566125532016364 -0.03205390056481469 -0.005246296142957519
721 -0.002972831972517453 -0.03459717241507312 0.004675646733968198
722 0.0004361876061773774 -0.03554696194926521 0.007
723 -0.00075334379950598 -0.03405533675306314 0.007
724 0.0004361876061773774 -0.03554696194926521 -0.007
725 -0.00075334379950598 -0.03405533675306314 -0.007
726 0.008032875603142805 -0.0366265798413211 -6.401017064506381e-05
727 0.008110683798895624 -0.03665368722460526 0.004400374345646625
728 0.006064630117719195 -0.03399646917601316 0.00460936507800712
729 0.006059330147395629 -0.03374430897165925 -0.005014182272690507
730 0.008401791278880879 -0.0308802013578347 -0.005050585456381906
731 0.006495546999884727 -0.03224842411740446 -0.003055272411654713
732 0.007072817876251059 -0.03155875878772638 0.004677709856458359
733 0.01037122232261598 -0.03110977581031062 0.002579157989304938
734 0.008890514138632993 -0.03081212016779324 -0.001733757541468033
735 0.006648609858034791 -0.03202089150658222 0.002147217563896529
736 0.006365517186120378 -0.03512912490044953 -0.002665508616789354
737 0.006079769542419186 -0.03345219630772234 -0.0004864762346703409
738 0.007963350251979603 -0.03660030244041215 -0.00544263109535613
739 0.006229987852567381 -0.03480669199918027 0.001863453353826057
740 0.009494854184765596 -0.03435436586938261 0.007
741 0.008305322779082238 -0.03286274067318053 0.007
742 0.009494854184765596 -0.03435436586938261 -0.007
743 0.008305322779082238 -0.03286274067318053 -0.007
744 0.01465203753900789 -0.03125381533358667 0.00261571789021759
745 0.01455771669378171 -0.02972525362640292 -0.0001987424459714013
746 0.01518936314200589 -0.02839752630474098 0.00248413395004505
747 0.01788216361167555 -0.02733533019774897 0.0004928712928727623
748 0.01620162709017469 -0.02760640622679081 -0.002911306938023682
749 0.01847413331562515 -0.02747344939152886 -0.004251156487091114
750 0.01454016809314479 -0.02982160896408354 -0.0035383905383741
751 0.01511283910499594 -0.03212788193964079 -0.004917403630209672
752 0.01693355574030264 -0.02736485096219078 0.005374163000279921
753 0.01537476967052848 -0.02819348599495546 -0.005078670297885866
754 0.01535227182576897 -0.03240546872980046 -0.001878417942538554
755 0.01881073180080836 -0.03300940393625942 -0.002632548026027503
756 0.01696102101091294 -0.03326207561407979 0.001582061215551979
757 0.01647275516327454 -0.0331295356241994 0.00491661485234583
758 0.01451540240582746 -0.03000728214824776 0.00488545718115613
759 0.01793618760617736 -0.03085785108172058 0.007
760 0.01674665620049401 -0.0293662258855185 0.007
761 0.01793618760617736 -0.03085785108172058 -0.007
762 0.01674665620049401 -0.0293662258855185 -0.007
763 0.02655393571604322 -0.02235264493332539 -0.004303262057354664
764 0.02197371789162182 -0.0236088833804289 -0.002978004792960432
765 0.02629959261645421 -0.02218069374450105 0.004133785883472996
766 0.02345918816295539 -0.02745743867538636 -0.0006237927181487659
767 0.02692809831146488 -0.02681038371341763 0.0007678587597312282
768 0.02603382232321964 -0.0274595594658733 -0.004005284178144962
769 0.02297483762682831 -0.02716809258666873 -0.004146587120991273
770 0.02663446938511714 -0.02241549610672608 -0.0001878910949357189
771 0.02446864442186837 -0.02773563338196243 0.003532112448555791
772 0.02178612650278015 -0.02522089940917852 0.002352951918389059
773 0.02329607584020935 -0.02212389933460698 0.002283925528302223
774 0.02518492494770654 -0.02529569929079438 0.007
775 0.02399539354202319 -0.0238040740945923 0.007
776 0.02518492494770654 -0.02529569929079438 -0.007
777 0.02399539354202319 -0.0238040740945923 -0.007
778 0.03086774375106728 -0.02044786582695526 4.107374268975776e-06
779 0.02951406557539912 -0.02039224345775392 -0.004129493050477169
780 0.0298866021221832 -0.02046984520352735 0.004765051785401841
781 0.02825259615449067 -0.01531747164580589 0.00455984950061734
782 0.03178615965895344 -0.01488780229047533 0.002080467248075489
783 0.02733452980296783 -0.01712412084152933 -0.003812174596748406
784 0.02744252418700016 -0.01837890985867944 -0.001080747013844988
785 0.02959506807004606 -0.01458665137571709 -0.00517686152417924
786 0.02951251354550977 -0.01460818458020412 -0.002072826280250752
787 0.02790428474750141 -0.01929116033182977 0.001920978769191696
788 0.0278140818820802 -0.01583688438331123 0.001818681967132043
789 0.02733167793325486 -0.01785256294552667 0.004418924327019679
790 0.03074707673863273 -0.01804696194926522 0.007
791 0.02955754533294937 -0.01655533675306315 0.007
792 0.03074707673863273 -0.01804696194926522 -0.007
793 0.02955754533294937 -0.01655533675306315 -0.007
794 0.03436425853872932 -0.0120065324055435 4.107374268963633e-06
795 0.03301058036306116 -0.01195091003634216 -0.004129493050477173
796 0.03338311690984525 -0.01202851178211559 0.00476505178540182
797 0.03174911094215271 -0.006876138224394125 0.004559849500617334
798 0.03528267444661548 -0.006446468869063568 0.002080467248075484
799 0.03083104459062987 -0.008682787420117577 -0.003812174596748397
800 0.0309390389746622 -0.009937576437267684 -0.001080747013844992
801 0.03309158285770807 -0.006145317954305334 -0.005176861524179246
802 0.03300902833317181 -0.00616685115879236 -0.002072826280250752
803 0.03140079953516345 -0.01084982691041801 0.001920978769191691
804 0.03131059666974224 -0.007395550961899474 0.001818681967132027
805 0.0308281927209169 -0.00941122952411492 0.004418924327019677
806 0.03424359152629477 -0.009605628527853462 0.007
807 0.03305406012061141 -0.008114003331651388 0.007
808 0.03424359152629477 -0.009605628527853462 -0.007
809 0.03305406012061141 -0.008114003331651388 -0.007
810 0.168027627137284 0.08583925974044525 -0.06631996687141997
811 0.1598076774838645 0.07761008410675514 -0.09185957251237103
812 0.1727522735983801 0.06157887929502912 -0.07977902977198134
813 0.155127094917121 0.09502989216773167 -0.08309575210059673
814 0.04540071763811938 0.02207360544746918 0.1935239798590687
815 0.06403671838260488 0.04040579488343215 0.185112588547146
816 0.06625659314894046 0.01755188712489603 0.1878882516887384
817 0.03861159962820081 0.04934413670828663 0.1899323578189495
818 -0.1202384935008389 0.05179730584209618 0.151194390729779
819 -0.09911157777423653 0.05857454870705084 0.1635417909736432
820 -0.1136014200653195 0.0366283637846011 0.1604776630114165
821 -0.1167993750227655 0.07177644132785954 0.1456229668170502
822 0.1097562368175645 -0.167091971553889 -0.005817346635799625
823 0.1319060549471613 -0.1503193919393669 0.002207504304748338
824 0.1249806698929909 -0.1535262759366654 -0.02845197269291065
825 0.1475809999526196 -0.1343244913583939 -0.01329584424899998
826 -0.1163195193015085 0.1218892745174151 0.1077625825000692
827 -0.1311867715610568 0.1055791282136074 0.1079030984404144
828 -0.1306066075996025 0.1235836580310227 0.08757278983220011
829 -0.1454906084280522 0.1063593845445094 0.08671888017351448
830 0.02492647897053867 0.0248447344458154 0.1968791756800302
831 0.01010820009412716 0.04159752523029523 0.195364966628032
832 0.1523430104257704 -0.07027240697626728 0.1088733024766654
833 0.1594256147568103 -0.08305519161779364 0.08766589134175677
834 0.1437908222309705 -0.09738021769573055 0.09920328948010533
835 0.1574947888993124 -0.09799594319489734 0.07478092395058715
836 -0.06252279621365371 0.03308035691115065 -0.1870737553486774
837 -0.08219967415012187 0.04738209550274325 -0.1760629165820637
838 -0.08090461879963896 0.02029314174412295 -0.1817763214916565
839 -0.05780313606201937 0.05323378055119928 -0.1839156384585673
840 -0.1605276337783916 -0.01829011966598179 -0.1178827821020299
841 -0.1512431257810424 -0.04000614008736223 -0.124599460910913
842 -0.1374561225829857 -0.0219167997826884 -0.1436156963974926
843 -0.1363777255908094 -0.05292476742075763 -0.1363821284338113
844 0.04995635834519791 0.03400004625288914 -0.1906524563589139
845 0.04478574433454676 0.05883267176336215 -0.1858304437856863
846 0.02541536700159005 0.04724842733022985 -0.1926697828799173
847 0.01597405308190596 0.1823876939107915 0.08049570633294595
848 0.001571493886904524 0.1783356398711557 0.09052032898033939
849 -0.002338636953565603 0.1880003636169046 0.06819379779064264
850 -0.01739657399505109 0.1777734608031481 0.08996641510756263
851 0.139355566548103 -0.1279327941111845 0.06490936960842024
852 0.1409544055511549 -0.1138672315769237 0.08465287430871901
853 0.1538496762683621 -0.113906937576252 0.05792656285435918
854 0.02564770171287296 0.1892245296421806 0.05946656857884966
855 0.005335529135679493 0.1945872406083447 0.0459057504161788
856 0.02687401318748619 0.1952528297597834 0.03397234001354423
857 0.107584043449046 -0.1147021443098782 -0.1235681661507917
858 0.1131886615697863 -0.09471639370595611 -0.134970854836808
859 0.09535377295331804 -0.1037265773882368 -0.1419452539780362
860 0.06252560820326969 -0.1790345627710596 -0.06353875708720429
861 0.06464902540157727 -0.1862455550656668 -0.03366150223783675
862 0.08626923808052381 -0.1753521661491746 -0.04253511946378156
863 0.04818898857305315 -0.1884735822022824 -0.04642768777513726
864 -0.1293007264743892 0.1458541657566134 0.04480942383737511
865 -0.1273568714811856 0.1378030107828369 0.06921385342335827
866 -0.1431180028273743 0.1247640118572151 0.06285840128412737
867 -0.1139592670173431 0.1518661349544252 0.06284872723352647
868 -0.03852347096405925 0.06842786008425698 -0.1839390392199835
869 -0.02595707798768504 0.08683857027492829 -0.1782843033330405
870 -0.04432663516299728 0.08933168577661402 -0.1733637774491397
871 -0.07473080275739784 -0.005141591728436328 0.1854423661241761
872 -0.09489651263281076 0.009555564645256594 0.1757934670983001
873 -0.07211038235265668 0.02401151794988567 0.1849960533705949
874 0.163217590844116 0.05427203218358011 -0.1020517739272923
875 0.1491601970376087 0.06986576246389445 -0.113446070249438
876 0.1625252362218517 -0.03888282698750637 -0.1098802682763879
877 0.1457949296144219 -0.05498401323568686 -0.1253818040515592
878 0.1569266032619957 -0.06257964793019759 -0.1070412483745622
879 0.08441783378782498 -0.1675440790250522 -0.06930087244918502
880 -0.1494863284299986 -0.09147558358588717 0.09636418017157596
881 -0.1581730696771793 -0.09975066166892839 0.0709301453932612
882 -0.1658778652446893 -0.07874851358850846 0.07926667288000175
883 0.09927400623203128 0.1646569947958977 -0.05507037090329372
884 0.09133194290377879 0.1611341231979393 -0.07546039058110027
885 0.1122105630690851 0.1514439856764588 -0.06688429365813335
886 -0.138773074205306 -0.1133228729988741 0.08888172101669548
887 -0.1443415759982403 -0.1228339809242953 0.06385391584416784
888 0.1044426279416271 0.142819355964975 -0.09324360047958588
889 0.06826119142962199 -0.07634527994060636 -0.1717900112794657
890 0.0441157955997664 -0.08251133780639773 -0.1767644639400073
891 0.06150579500969725 -0.09628435023379185 -0.1641534680726594
892 -0.1439561623639446 0.117309369360679 -0.07426395611361812
893 -0.147268798104253 0.1239192016608917 -0.05436848871042885
894 -0.1606872136730207 0.1044192257265127 -0.05723848932909207
895 -0.1307490706630554 0.1371444303273957 -0.06400066992556762
896 0.1793983580507029 -0.03100816616376999 -0.0827932531059859
897 0.1695710944655095 -0.01824550625491818 -0.1044640867632077
898 0.05641558256798182 -0.02507368437217845 0.1902329950232599
899 0.07480722210228331 -0.02302102610423856 0.1840486671466208
900 0.1682692709899077 -0.05702883765565203 -0.09183226075933386
901 0.008174608283080517 -0.1977523320320504 0.02876092758072813
902 0.004106167714984193 -0.1932534044888051 0.0513445327194892
903 0.02950364876604887 -0.1913333140711979 0.05021053311828061
904 0.02271714499042581 -0.08735482411854673 -0.1784742727305584
905 0.02514275578428564 -0.06923647658974816 -0.1859412599210004
906 -0.01383386662668256 -0.1949607365055797 0.04241385805791652
907 0.08286586153327247 0.1565737445732392 -0.09283270707386786
908 0.067487517290237 -0.1877835681430264 0.01351911777718242
909 0.03798713949918032 -0.194900285519267 0.02389259167980815
910 0.05807705966536072 -0.1871261092149141 0.04013569970380696
911 0.07077718092015808 0.183695119610564 -0.03530854984640144
912 0.06509934956294709 0.1884951705034027 -0.01521990089896739
913 0.04454612583206533 0.1919208893639928 -0.03438044355571666
914 0.03863000669141099 0.1957854775269105 -0.01325780421416675
915 0.0523445597938161 0.1472341412057735 0.1248285012462697
916 0.0614153105874438 0.1290211559211917 0.1399346309896423
917 0.04192832967158999 0.1363832643760629 0.1401485653479172
918 0.1314918247663094 0.1336977675002478 0.06953277633660164
919 0.1124202801571001 0.1373113562980335 0.09223487432090755
920 0.1176930856850809 0.1476605005842762 0.06591444567866138
921 0.09636207547799831 0.1586976400196732 0.07435999907045981
922 0.1893741829632132 -0.02751610245708605 -0.05814020065829306
923 0.1845368038764216 -0.04805108320927325 -0.06030971246400205
924 -0.0081410457838081 -0.03291849025396378 -0.1971042779164005
925 -0.03011883015270876 -0.02942990359891857 -0.195516589690979
926 -0.02555650482177274 -0.05372069232262554 -0.1909475118394385
927 0.02652715898376043 -0.08724237597581289 0.1780030271381507
928 0.03718260315773386 -0.1028866038153936 0.1674270013401324
929 0.01015188672979963 -0.1038687089697248 0.1706113433883806
930 0.05168887987852756 -0.08602275478749066 0.1729981079540305
931 -0.1174525815136366 -0.005313553899520415 0.1617920184704408
932 -0.1146415107583735 0.01781523798626439 0.1629108385176705
933 -0.09715803466545253 0.03284475518096294 0.1717018880415977
934 0.1456825026794905 -0.1307700814065217 0.04093646567514023
935 0.1323770405671987 -0.147846697321917 0.02485303244418491
936 0.1309407005642425 -0.143178008777282 0.04852412532254408
937 0.1137850004233179 -0.1590270856769916 0.04199237668611228
938 0.1446650400979837 0.1318750707407534 -0.04099990110439378
939 0.1562689315382636 0.1088808461006623 -0.06103263379777568
940 0.162255202920286 0.1122422864415338 -0.03278594606952061
941 0.1708869661545426 0.09307604451183238 -0.04620059238286461
942 0.1497801698822072 -0.0435398264522723 0.1251806064155433
943 0.138588376281935 -0.06356741404666097 0.1294312397798815
944 0.1355938301212251 -0.08398698229314812 0.1206668970279205
945 0.1538125584111668 -0.01923611285800108 0.1263790680339337
946 0.1641097633234587 -0.02822289654051858 0.1107765936142719
947 -0.08414818114932764 0.1033830312051361 -0.1491007460346789
948 -0.08707061537012245 0.07605291277841029 -0.1632012941032874
949 -0.06565232039359427 0.09480638709633074 -0.1634060029273023
950 0.03991736487821108 -0.01929583993297048 0.1950237794282045
951 0.05916341990461846 -0.1003219754839362 0.1625890247839328
952 0.1833768030723029 0.07407088552771021 -0.02977334398623519
953 0.1795430452353218 0.06837400805001428 -0.0555813811523587
954 0.1892195442689739 0.04800725354464874 -0.04348870742781008
955 -0.01069249876055414 0.1258856077236094 0.1550434914413149
956 0.01406635831220618 0.1349696582838954 0.1469194640153617
957 0.01158111517084539 0.1130976378932012 0.1645442252842012
958 0.03550670821457491 0.1189951309645984 0.1567782908392713
959 0.1824121941135199 -0.07673667970215539 0.02893567740662685
960 0.179834331455578 -0.07059943200963265 0.0517236254514566
961 0.1888255505949626 -0.05008931232889825 0.04284824655604144
962 0.168803370890682 -0.09585813040312478 0.04813149500649631
963 0.1797200263961589 0.05314219831661939 0.06983279222715548
964 0.1653495117994098 0.08186331496416577 0.07718767136515163
965 0.1732014964392914 0.08306903296972556 0.05568462438290094
966 0.15766438202668 0.1007127029341635 0.0707028578477563
967 0.1767092590903351 -0.05480936878822112 -0.07595900766059011
968 0.1690250158631386 -0.07198356358314005 -0.07905005114696492
969 0.1763335125216621 -0.07311566015156797 -0.05967070137323064
970 0.111123960929815 -0.05789113563719038 -0.1558848348041123
971 0.0961578493045247 -0.03841699348499768 -0.1711075761873272
972 0.09175921111893907 -0.06691570756755513 -0.1646284764418459
973 0.1143590603111286 -0.03568481834013207 -0.1601518000672719
974 -0.0521033610806051 -0.1427488973135534 -0.130030735135462
975 -0.05108920893597366 -0.128077120948571 -0.1448659512094596
976 -0.07366727989282566 -0.1258066997042837 -0.1369153248643419
977 0.15956924884157 -0.09573250651408981 -0.07330035484680039
978 0.1737620111163316 -0.0178397964595944 0.09740895828971841
979 0.1747416648785466 -0.03884027850166499 0.08920080336738477
980 -0.008013109741169477 -0.01228973984763438 -0.1994611550321351
981 0.008524795450048929 -0.01562770537467376 -0.1992061813480125
982 0.1632580970878494 -0.0496298573514832 0.1043248340258722
983 0.1734800964252942 0.01770908356366684 -0.09793387822202136
984 0.1738486160376688 0.03835388672865622 -0.09113527349271865
985 0.164040361340646 0.02885711707411236 -0.1107159728557776
986 0.07336592831691063 0.02366368147958848 -0.1845466627740272
987 0.09591016251314331 0.01869253986172653 -0.1745045262456542
988 -0.1981718221744974 0.005345920962418443 0.02644522688696353
989 -0.1999789469237848 0.001255799739870806 -0.002616057007674911
990 -0.1985608862025639 0.02322389968724805 0.00585020972009653
991 -0.1486314931661215 -0.06555146305242741 -0.1166691258683952
992 -0.1320844059798585 -0.07148690771531323 -0.1320732059209975
993 -0.1990199394962461 -0.01489651342164768 0.01300605900298816
994 -0.1982064839664673 -0.00399946359915631 -0.0264233609627838
995 -0.1985361815343052 -0.02280018948742657 -0.007970946061469416
996 0.0845006352077774 0.05653517352194385 0.1722307080758999
997 0.06207032883672742 0.06439900448197734 0.1788855569905821
998 0.07673381917124397 0.07828276609007712 0.1672833809100028
999 0.07202185942476526 0.1408243751952057 0.1223983133702392
1000 -0.1846911752943154 0.07655022386694878 0.005406754509359322
1001 -0.187466816304469 0.06461708110249349 0.02609263525327114
1002 -0.1912935527808217 0.05833087800496674 -0.002070105229370053
1003 0.006432431055161488 0.01460998240846838 -0.1993619127234308
1004 -0.01311830936126495 0.006256692618907028 -0.1994712103461918
1005 -0.1465476143490703 -0.02696325671275451 0.1334045708213863
1006 -0.1588573449828757 -0.0263528163114516 0.1186164955537236
1007 -0.1503798256979466 -0.005024244091783457 0.1317598762687693
1008 -0.1789139965028934 0.08653756228002352 0.02238374789872589
1009 0.1663635251674799 0.1106571004601223 -0.008842149716426721
1010 0.1727671139132803 0.09752424885897436 -0.02530899513154296
1011 0.1546748660990946 0.1260533889112835 -0.01364657250769794
1012 -0.07797877324331405 -0.1768693677714059 0.0513472264841148
1013 -0.07203941402318158 -0.1678232314644523 0.08152107585174212
1014 -0.05621676157041643 -0.1806137432467431 0.06494883731780353
1015 -0.01486505099064756 0.0276465849484447 -0.1975213826392826
1016 -0.03362688887043409 0.01273204582472988 -0.1967412700833571
1017 -0.05872154977724946 -0.1874686892612803 0.03751359937963243
1018 -0.03430370205818825 -0.1898570799335894 0.0527024214262847
1019 -3.898428073734187e-06 0.187036843633753 -0.07083233095363516
1020 0.02892202110598522 0.1816697154891212 -0.07848331777675244
1021 0.02251506397026243 0.1914781739751092 -0.05319004404559925
1022 -0.004982602429238521 0.1939754232403261 -0.04846347956728365
1023 -0.02256154192757429 0.1887594165627331 -0.06213581483127847
1024 0.147114605022183 0.09830686590689375 0.0932365438266085
1025 0.161438195515657 0.0708296338240984 0.09445036792407246
1026 -0.1241160587108999 0.1517761503744858 -0.03948675914245071
1027 -0.1405713341061191 0.1356479735598819 -0.04288737922423613
1028 -0.1126233361491576 0.1525590115680814 -0.06357461870907193
1029 -0.0987960287560804 0.1663846249842141 -0.05055196604376716
1030 -0.1093534020752307 0.1653020843098165 -0.02677787103940915
1031 -0.02900157869230258 -0.008431196391765806 0.1977064069795353
1032 -0.0342128539833314 0.01032664043560794 0.1967812011337183
1033 -0.01383940686139139 0.005036864166737023 0.1994570149608449
1034 -0.1870235145202536 -0.01806651362076136 0.06852595203339619
1035 -0.1865433331398668 0.007784077331081833 0.07170071827514983
1036 -0.1769780428365614 -0.005385889544383256 0.09300411037989631
1037 -0.1933664085563005 -0.00522935437942003 0.05081422925532103
1038 -0.1186590228039128 -0.04844788929450587 -0.1535344858008383
1039 -0.1104976657734464 -0.02468467250292142 -0.1648664089559885
1040 -0.1213362886198771 -0.002694922967854778 -0.1589661676400083
1041 -0.1333543133625195 0.004570696350221505 -0.1489823339946218
1042 0.07892607392254097 0.1449838682409531 -0.112917460142635
1043 0.05333341962717477 0.1523483968077634 -0.1180911188065215
1044 0.06073001846700155 0.1355950299199073 -0.1338874628858771
1045 0.03667819014935265 0.1476603832671305 -0.1298118699532985
1046 0.08701337988199771 0.1239056579716376 -0.1306753980063835
1047 0.170412474258745 -0.07810599900018322 0.06970682561411011
1048 0.05963816550471384 0.1612828620995873 -0.1021328919016684
1049 -0.1210608133697931 -0.06441130163787752 -0.1455866191913202
1050 0.1377230759536132 0.06468228326855845 0.1298019898963081
1051 0.1375628055062363 0.03978811936386367 0.139618695376874
1052 0.1213287442527931 0.05749606908830945 0.1482347390372199
1053 0.07975746133533669 0.1146948720587945 0.143121744276539
1054 0.1002910119323915 0.1087062158945009 0.1346279003456381
1055 0.08944168561173219 0.09487235672702304 0.1516555993163211
1056 0.1169317258572212 0.08437002793244264 0.1385953457902917
1057 -0.01181469131829578 -0.1554053276727064 0.125337932007801
1058 -0.01271124055470205 -0.1692397413596831 0.105812732258779
1059 -0.03247150428464921 -0.1644339333630376 0.1091195810487381
1060 0.006345003324255021 -0.1657260253482676 0.1117793605952394
1061 0.1397085185747302 0.08563557942603742 0.1146650660577191
1062 -0.1545926437576082 -0.117722560649713 -0.04735518144942419
1063 -0.1489961634171428 -0.1307992406991605 -0.02630022660539581
1064 -0.1372851935787701 -0.1369379035957811 -0.04899781814358865
1065 -0.05559924078305465 -0.1568739837361323 -0.1109021084159522
1066 -0.07533646880089229 -0.1433245869319872 -0.1173988042928353
1067 -0.1178619748645883 -0.154015839462996 -0.04886385244255506
1068 -0.1296458203495859 -0.1501721971980795 -0.02530360556489943
1069 -0.07148041447553649 0.1447991240571306 0.1179990000749719
1070 -0.05214357421964711 0.1607296422432214 0.1069907929308229
1071 -0.05129311247375959 0.1462320585459773 0.1264325973242665
1072 -0.1813058067972963 -0.08156123353504921 -0.02181672766073369
1073 -0.1884084486586105 -0.06682481334538887 0.006058118140947762
1074 -0.1779306944335206 -0.09125827596008312 0.003548950154405185
1075 -0.1827234486578876 -0.07814678894768248 0.02247711475556187
1076 -0.1925896131287824 -0.05217060050476716 -0.01369194499981369
1077 -0.02444352351810171 -0.01131045650420127 -0.1981781716831765
1078 0.06135600161344799 -0.170422361882012 -0.08480365343879417
1079 0.08086622909505413 -0.1573172374700647 -0.0933377725614529
1080 0.05617218061625869 -0.1578195474775004 -0.109259674897976
1081 0.0343229587013412 -0.172498066927645 -0.09521739028250942
1082 0.05977529897982604 -0.1720812508950735 0.08255275114894221
1083 0.06535263395312424 -0.1574794606614365 0.1045430662701838
1084 0.08092943461854472 -0.1638072161787367 0.08134877098085336
1085 0.03547431163895088 -0.1815480741274241 0.07603860857726107
1086 0.04104248008040318 -0.1681864258956612 0.1001441010409149
1087 -0.1668246672710542 -0.1085290152059876 -0.01977329634432664
1088 -0.1681471154056148 -0.0978787901930579 -0.04632806936528025
1089 -0.03941805431683369 0.1745972476956286 0.08923014115749485
1090 -0.03018910490286055 0.1620986138876554 0.1131930091519123
1091 -0.004548344342743514 0.1668252819907419 0.1102208594252889
1092 -0.06816947026099703 0.128993551813581 0.1367976129720546
1093 -0.06178880526238929 0.1109958263284354 0.1544735255049044
1094 -0.08056912288486498 0.1136664042425725 0.1434871596489652
1095 -0.05074790283538061 0.1292729450310396 0.1439206588395585
1096 -0.07423279171339457 0.1724056416930421 0.06903468220283308
1097 -0.04998242490408116 0.1809935783861869 0.06887003545571263
1098 -0.05682973655794465 0.1707927028770653 0.08717931914566163
1099 -0.1141868336803225 -0.05136501137324753 0.1559583361692748
1100 -0.1322311452889641 -0.04469813196543489 0.1432375691443046
1101 -0.1189102224992265 -0.03089302903585814 0.1578162847813054
1102 -0.1351300397950011 -0.01720874856947818 0.1464367826663571
1103 -0.0003768488222999343 -0.1541533275983349 -0.1274229554488734
1104 -0.02503541416815016 -0.138724274393367 -0.1418760153495404
1105 -0.03124588347359012 -0.1551479289686345 -0.122281703057728
1106 -0.0745031656949519 0.158729396145346 0.09619904937557516
1107 -0.08395754028098347 0.1332244146313979 -0.1232979593346476
1108 -0.093854796490781 0.1443599818778222 -0.1017421879453598
1109 -0.1048333505889139 0.1258292200767163 -0.1147910100103103
1110 -0.09640074152705921 0.1670826954901616 0.0528230054121788
1111 -0.09624084480728348 0.1558922917914052 0.08022027892499359
1112 -0.06782680433744674 0.1487124381046622 -0.1152568235131297
1113 -0.1469509702983684 0.01720791857240708 0.1345707987149272
1114 -0.1628790388509317 0.01484816184840765 0.1151084305892499
1115 -0.1491136177621426 0.03742551894269391 0.1279236472656862
1116 -0.1648899406031754 -0.009433770805002208 0.1127932243367482
1117 -0.02449427158629163 0.1796888486196282 -0.08433236828886827
1118 -0.05171355361538613 0.1716950687039838 -0.08858053824177665
1119 -0.03412774426918659 0.1664005059125549 -0.1055754171345905
1120 -0.04771782052807241 0.1836171766788749 -0.06330672975702917
1121 -0.1771541914100856 -0.07665886544946648 -0.05234320217410601
1122 0.01345531735410333 -0.03605383598712737 -0.1962627711653784
1123 0.01621430983338711 0.06234224659850834 0.1893423894580337
1124 -0.1621152959327595 0.006002409412252188 -0.116972654521822
1125 -0.1697053253009623 0.0250411441417357 -0.1028253065376777
1126 -0.1734050291971135 -0.001771225104024941 -0.09963713469775749
1127 -0.1455551206893415 0.07037723662987046 -0.1177316924428357
1128 -0.1270759401624562 0.07802813295868018 -0.1332790902535367
1129 -0.1343766888774463 0.09139618987784309 -0.1165746197169317
1130 -0.1183411866600468 0.0981763437613391 -0.1278935849272642
1131 -0.1670240106279371 -0.1098004458023753 0.006844119765053235
1132 0.1285029527757379 -0.09840250252323679 -0.1174901639503531
1133 -0.1574641809030538 -0.1231776454583002 -0.005683255394549197
1134 0.1267795970758822 0.132111246064817 -0.08045838942259746
1135 0.08536774434768761 0.12732384459385 0.1284561669318721
1136 -0.03797877987614746 -0.1696859797723535 -0.09881437419634648
1137 0.0285048826257471 -0.1365067866149308 0.143364461686145
1138 0.01367627869900148 -0.1517863261110255 0.1295139784218857
1139 -0.001580423932092366 -0.1411083110465793 0.1417248983551468
1140 -0.01597590310144483 -0.1665984032558807 -0.1094976828644525
1141 -0.01263125552186519 -0.1775151161332435 -0.09126245081161492
1142 -0.03198152072909336 -0.1807500704320052 -0.07941406909786022
1143 -0.1152980326479697 -0.1081823471214689 -0.1224865030882903
1144 -0.1157087239855931 -0.08527438365131582 -0.1390675040637246
1145 -0.1329237093833406 -0.08953397934388826 -0.1196451170195482
1146 -0.1265134390179639 -0.1547479980981809 0.006885261974198676
1147 -0.1445294662654531 -0.1382353947813408 -0.001486274089834131
1148 -0.1135187890759657 -0.1640741797479203 -0.01389777200754001
1149 0.06136249324581895 0.1045263557825778 0.1590876656735864
1150 0.05432583587661612 0.08485597204167158 0.1727662222923509
1151 0.03559953838191363 0.09917245741518123 0.1699926367735636
1152 0.008282842061603663 0.09307337860468914 0.176829694119768
1153 0.03285375109872488 0.0761196302028595 0.1820066837688192
1154 -0.01945486639858626 -0.1094631532230099 0.1662507932609316
1155 -0.03091041620459904 -0.08491811816314147 0.17841933577303
1156 -0.002154736661360755 -0.08741967676428072 0.1798698341144197
1157 0.103822263430286 0.04751371326010319 0.1642053125463637
1158 0.08958451681604573 0.02743354792573317 0.1766975234547506
1159 0.1086175550583139 0.02015899481007115 0.1667208495101968
1160 0.07699469048424945 0.09702886054376521 -0.157026169343881
1161 0.08194249214597286 0.07497210380662334 -0.1663268217447687
1162 0.1040636294295659 0.08670634678166732 -0.1471488037930423
1163 0.1083207263146991 0.06261617618178973 -0.156031518389802
1164 0.09119111500283852 0.1076866307878494 -0.1417313306721577
1165 -0.1667354095597967 0.1090449436177596 0.01756426685991975
1166 -0.1766435418419849 0.09368171232170801 -0.004560252404380506
1167 -0.1647804201186935 0.1129325894865608 -0.009676950830030062
1168 -0.1575689187963906 0.1230459530039409 0.005632874815617789
1169 -0.09595441433961792 -0.1264869509090398 -0.1216297727469515
1170 -0.09146436773342635 -0.1053208377186347 -0.143324075358502
1171 0.0823106403830187 -0.06344808761260694 0.1708780227473397
1172 0.06630502156364128 -0.04739015692231618 0.18264122519936
1173 0.08921063246193861 -0.04480965613459865 0.1733019266276054
1174 0.06406313144696699 -0.0696971687178448 0.1761766722977957
1175 -0.03698569780892993 -0.1823074835004043 0.07345774035005667
1176 -0.01334746744969512 -0.187441119892312 0.06846657349535785
1177 0.04245452866704802 -0.04107931883791312 0.1910761695227112
1178 -0.1503687071288825 0.08554555777093961 -0.1003554157086065
1179 -0.1528146554901943 0.09970863937569803 -0.08188936622822424
1180 -0.1647153802917019 0.0836813880331147 -0.07659157128699817
1181 -0.1762306047617214 0.05891804058533294 -0.07396917221993909
1182 -0.1619113574029602 0.0670611631170816 -0.09637174246279395
1183 -0.1015896817051441 -0.1407482552611612 0.09934518212770321
1184 -0.1090198816014112 -0.1205644815324812 0.1165284137385311
1185 -0.08512049691904687 -0.1337149156103999 0.1219623808703248
1186 -0.004795567413370834 0.08860334664531049 -0.1792385268195283
1187 -0.01062401560291487 0.07057599825348891 -0.1868318997467845
1188 0.01688657560796948 0.07673484810415111 -0.1839201094243617
1189 -0.05483861117350045 -0.1604829986373086 0.1060091216496922
1190 -0.0376205740319678 -0.1510464235404878 0.1255773480574136
1191 -0.09170567722398901 -0.1132114831223967 0.1370154329048988
1192 -0.06799198331969064 -0.1224899798552689 0.1427350518944479
1193 0.1082106027048249 0.1618977269958699 0.04560253782224553
1194 0.08043712485203447 0.1735927470933548 0.05827029347893119
1195 0.08792838912584508 0.1755934430324178 0.03788853586185447
1196 0.1294909999213568 -0.02124635605008387 -0.1509326780189109
1197 0.1047995219580191 -0.0174447722961358 -0.1694483405551871
1198 0.1273378717614179 0.1532870804698012 0.01697460975449486
1199 0.1353272763269181 0.1399703226047482 0.04576939011895038
1200 0.1030335450410604 0.1706315052961437 0.01640054866898871
1201 0.04463060629845933 0.08228758880844558 -0.1767395306928365
1202 0.06155834872135098 0.07324273153789911 -0.1756304984322705
1203 0.002397845207650034 0.05217559825196093 -0.1930594656716166
1204 0.01002988054706328 0.03274592561216523 -0.1970459485805638
1205 -0.01262731922836494 0.1556616912972603 0.124939940257635
1206 -0.01893634403272656 0.05282586564599288 -0.1919657333833977
1207 -0.1699451702954912 0.09557934774206393 0.0445334411250482
1208 -0.1569511167991909 0.1164412026691538 0.04251815208176149
1209 -0.1518992312430271 0.1282913749329861 0.02163207492547483
1210 -0.1450311635083361 0.132161568463729 0.03872055568590621
1211 0.01126429111255481 0.1524368171255835 -0.1289811324587943
1212 0.001978103730123546 0.137311459750032 -0.1454016854336573
1213 0.02246316506329074 0.1361181998335378 -0.1448006971302846
1214 -0.1254314310421424 0.1554627460242011 -0.009914166900705224
1215 -0.1181096553725332 0.1602451722542582 0.01927677558578118
1216 -0.1366928799501139 0.1446913913523432 0.01947967760171706
1217 0.01164565968619479 0.1210785660530407 -0.1587588090564199
1218 0.03435088803717073 0.1189122015575148 -0.1570983921362747
1219 0.04093161881796251 0.132800768509044 -0.1438351781183877
1220 -0.05586551991919722 0.007709238218880522 0.1918843696871695
1221 -0.04331854261197 0.03109532598489736 0.192760433097324
1222 0.09968431414662346 -0.1544208442625103 -0.07884947920164621
1223 0.1109224998433415 -0.1583387950765612 -0.05123499782577021
1224 0.1191608448723111 -0.1398953467031561 -0.07893025414960202
1225 -0.05653132390059418 0.049140325348202 0.185443894056178
1226 -0.06478965242057762 0.07092840801820108 -0.1754179633766859
1227 -0.0157601672656064 0.0321288733782806 0.1967723370375077
1228 -0.1794762120144213 0.03352321023349464 -0.08163628909128233
1229 -0.1881526402083838 0.01560578098655107 -0.06599275401446948
1230 -0.1810150901428256 0.01539992832396871 -0.08364436232168518
1231 -0.19216299541222 0.03175605554652304 -0.04544156830842504
1232 -0.194433395132751 0.009750837610536313 -0.04583204144530842
1233 -0.1850542660941946 0.03902859979952218 -0.06505141810927538
1234 -0.0315289743612728 0.05692193282917971 0.1891185272222596
1235 -0.05368684221587835 0.0772563396332909 0.1764913056197188
1236 -0.1390466387959675 -0.06610585868965009 0.1276559739551885
1237 -0.1179681060950295 -0.07216655270709092 0.1444836136547205
1238 -0.1274344312099804 -0.08600775561530907 0.1279184572929413
1239 -0.112770286176228 -0.09788753057513687 0.1330447064472438
1240 -0.1558036925488011 0.04820967497562024 -0.1157628464875657
1241 0.03413657966276527 -0.02083097027278258 -0.1959611303458473
1242 -0.05674491851348446 0.1917808271994572 -0.0003585269723969817
1243 -0.05961047443881535 0.1891278997062995 0.02602362176683418
1244 -0.07799050766015868 0.1839676865414238 0.008565688735132648
1245 -0.03541621333198262 0.1961122354279999 0.01690215810647416
1246 -0.1211241230101691 -0.1238408266640008 0.0999619751515262
1247 0.001518492746311858 -0.05985476845514568 -0.1908274112200873
1248 -0.07620632364175363 -0.1516651049756962 0.1057841773126745
1249 0.002918590361460485 -0.04662348876528433 0.1944678177119685
1250 0.01484381028845485 -0.07120688141711741 0.1863041634933824
1251 -0.01172808203116179 -0.06631942104852005 0.1883193736280457
1252 -0.07356253161240875 0.1602419352780474 -0.09439849639225953
1253 -0.05364085723396066 0.1592161080363126 -0.1085029463976674
1254 -0.02229974115175244 -0.1412700505958494 0.1398052014383263
1255 -0.04858363000872382 -0.01303736807993246 0.1935708085655577
1256 -0.03273073081597161 -0.02661875459479493 0.1954997216470512
1257 -0.04799157117004462 -0.04100658308011761 0.1897768933266744
1258 -0.06590607695493547 -0.02941869875136391 0.186523267138946
1259 0.1330152570388821 -0.1391152860902182 -0.05434959586709782
1260 0.1405532706800678 -0.1199519503919648 -0.07652651630839608
1261 -0.02050065689154163 -0.04552455434882918 0.1936678548917083
1262 -0.01044860521691909 -0.02014992620380706 0.1987078436373414
1263 -0.04981836546999601 -0.01274409550601028 -0.1932762750355863
1264 -0.06980054468090159 -0.02947003489090496 -0.1850929523395699
1265 -0.04946200180766171 -0.04010426823330902 -0.1895920832910744
1266 0.01816921831960564 -0.02586481045977598 0.1974864326619284
1267 0.03847980638243389 -0.1836745419581988 -0.06915899896048434
1268 -0.1757464283074286 0.05059319904554717 0.08095382108041299
1269 -0.170571225054669 0.07836640742297639 0.06902291917157337
1270 -0.1609870649226135 0.06706828596562212 0.09790306402373611
1271 -0.157014098275748 0.08947201367512445 0.08568157159840209
1272 -0.05570464191083632 0.01442323808563034 -0.1915436322948657
1273 -0.0954968585157444 -0.1463532859095258 -0.09726800973140397
1274 -0.07417679092997578 -0.1563997415063022 -0.1001844526066421
1275 -0.007970571787068564 0.05859007883895592 0.1910593432602345
1276 -0.1167058452069069 -0.1261909061873703 -0.1022526326807863
1277 -0.1167543684206917 -0.1391933868190121 -0.08362785732361122
1278 0.036514839361142 0.1781415855054606 0.08326008659634383
1279 0.03973655663673589 0.1625246313368934 0.1095753178204945
1280 0.01661789693559627 0.1724331561335588 0.09995324990843281
1281 0.1204878583968165 0.1218318902509261 -0.1031487590658996
1282 0.1404049655610096 0.1118475592634436 -0.08818485772864973
1283 -0.08309885218231373 -0.03033934650411463 0.1793714158378788
1284 -0.09737376079738239 -0.04314652556211273 0.1692829821337399
1285 -0.1007289672646921 -0.01604162412034233 0.1720358725654921
1286 -0.04008341936105302 -0.06232108641683647 0.1857670629582951
1287 -0.07883460222207946 0.1796210444207071 0.03900494704138031
1288 -0.06279584083526464 0.1830618020754319 0.05044857772710275
1289 0.05128291899709451 -0.06019594387007102 -0.1837022334124676
1290 0.05540418971447069 -0.03411866795521502 -0.1891197828336442
1291 0.0307001460852726 -0.04703526771338224 -0.1919509953646331
1292 0.07576651169934003 -0.05154808505094541 -0.1777701623796701
1293 -0.153787803491852 0.1273148912203537 -0.01184187361446759
1294 -0.1706617523436865 -0.02848258846225672 0.1003160427921274
1295 0.03142238177383527 0.02119648121790794 -0.1963755155502799
1296 -0.1627893921798453 -0.04418524948103433 0.1074582594406557
1297 -0.07921431757397693 0.04887645543776626 0.1770202926083029
1298 0.07802745187698845 -0.02322712844081015 -0.1826806428113782
1299 -0.1241599322012674 -0.1421076987141398 -0.06625491077609227
1300 -0.1040672302655572 -0.1558262082309727 -0.06991569504205063
1301 -0.1436731778975423 0.1391197342699071 0.001928079223371586
1302 0.1449741306489816 -0.09978100965835254 -0.09500658689865546
1303 0.1267580044102174 -0.1202453482567171 -0.09733172422473634
1304 0.1464865456258568 -0.02975167448918982 -0.1328778755688586
1305 -0.1256879472901966 -0.1330200947540759 0.08067338035308451
1306 -0.1104853010635692 -0.1497897205998596 0.07318495645628585
1307 -0.08990230937707679 -0.1558157232923793 0.08740157403354389
1308 0.004460312495876075 0.07588761009547182 0.1849896652422421
1309 -0.02192618750298731 0.08180912713965727 0.1811808737649514
1310 0.1266254794380914 -0.07258141165184048 -0.1367403621455624
1311 0.0527258277479976 0.1781910603033232 -0.07394547394037009
1312 0.04260436241486307 0.1721800846893035 -0.0924060968746504
1313 0.06769658457671109 0.1689627708193311 -0.08287794950227946
1314 0.1446712765370924 -0.07841702891459879 -0.1136705384932047
1315 0.1586098788399402 -0.01729776154896881 -0.1205972378612981
1316 -0.1145235557035893 0.1381904496410012 0.08824825673646364
1317 0.1507879008763 -0.1303965248360789 0.01611692464439127
1318 -0.112366415511536 0.160503568823987 0.04015461442789024
1319 0.06442560725995961 0.1691041513122547 0.08516529303740769
1320 0.05387824734740143 0.182156147107372 0.06258012890502612
1321 0.06742811085292957 0.1833190690415624 0.0429833548311428
1322 -0.01845722413528377 -0.1031912656177293 -0.1703258453007973
1323 -0.03540775448397453 -0.117104576921725 -0.1582176001157469
1324 -0.006366617028854443 -0.1226633843643253 -0.1578390329541387
1325 0.01042749404393415 -0.1070048206074795 -0.1686452956199042
1326 -0.02295206898403303 -0.07872892980768732 -0.1824142487326262
1327 0.004541813948303292 -0.08566301611115223 -0.1806688119095254
1328 -0.1448135123783831 -0.1324877787186521 0.03841920252729561
1329 -0.1562227983547761 -0.1231401457448321 0.02075913726878963
1330 -0.1598563149143065 -0.111635848576373 0.04453533310362902
1331 -0.1721773947351997 -0.09798968923844488 0.02744021765861609
1332 -0.09724556187879793 0.1730402289953729 0.0245026497364224
1333 0.06769438077083295 0.1533590630378182 0.1090801017427835
1334 0.08934555639938696 0.1402637259537129 0.1111011194059974
1335 -0.1117668858860168 0.1333232684007608 -0.09865631922122782
1336 -0.11230842302593 0.1433350607126691 -0.08271564838604728
1337 -0.09183377972784061 0.1586182978794272 -0.08004244173394365
1338 0.1351015608552575 0.1467983930196456 -0.01406414097351256
1339 0.1128527314808053 0.1647855210367338 -0.01048775733765034
1340 0.1205827408651349 0.1550083607767335 -0.03784455964549924
1341 -0.1529158576953293 0.02537548201036697 -0.1263836436333568
1342 -0.04661406293269089 -0.1734691246021661 0.08795221399524461
1343 -0.02485220744511201 -0.1768973778068522 0.08994267902483746
1344 -0.1625016724440188 -0.06858521254158406 -0.09428295218926153
1345 -0.1725486234863892 -0.06823390808849059 -0.07463984405077322
1346 -0.1625185066779503 -0.09074868751199146 -0.07316017155542992
1347 -0.1767554988076278 -0.04778069906209409 -0.08046426808468651
1348 0.183566445531964 0.04474756621759853 -0.06558212708018958
1349 0.02930129910148301 0.1662195789479768 -0.1072962508446719
1350 0.1009413719450185 0.1287661807302809 -0.1150222158106601
1351 0.04520441635274624 0.1895155414952487 0.04517101143399658
1352 -0.1475041919080538 -0.09131993458819497 -0.09951473718178544
1353 0.1809355967878655 0.07742940355452385 0.0355949052563657
1354 0.1715151986402621 0.09697359875647316 0.03433158574272357
1355 0.1628707251183145 0.1038379425172623 0.05187300447454512
1356 0.1583688229198318 -0.07928573106035108 -0.09291441641216198
1357 0.1835191896752894 0.06413271129353899 0.04698619332383449
1358 0.1965775030294968 0.02823837573894846 0.02366177166473646
1359 0.04945214437812485 0.1855237769715154 -0.05599476399297085
1360 -0.1947472581747339 0.04431815175446479 0.01045977334801247
1361 -0.1961547876899979 0.03847795771755163 -0.006538045287252933
1362 0.03942714347599874 -0.154642666869097 0.1205452028947503
1363 0.02443504284111993 -0.1634652303261208 0.1126145956605134
1364 0.06239597013950068 -0.1378989157452697 0.1307311437517073
1365 -0.1978200752182153 0.02044193843897686 -0.02119775916262651
1366 -0.1957180707716106 -0.03973017877776884 0.01076799274355945
1367 0.02555378142640775 -0.1942382786744001 -0.04023052761793544
1368 0.006705453618673437 -0.1990864569857055 -0.01787790638320559
1369 0.03324068039825859 -0.196706263553867 -0.01420221973275391
1370 0.04635703334910587 -0.1928265900045858 -0.02586371292512468
1371 0.1671584836374628 -0.09896551059580458 -0.04758013304453645
1372 0.1802986412569954 -0.07861848566355832 -0.03621510282810431
1373 -0.07047121829128543 -0.002580442802944515 -0.1871554132465389
1374 -0.07676479973418346 -0.1821649333400409 -0.03038260329512892
1375 -0.07923746053414436 -0.1740480611507251 -0.05855507883841814
1376 -0.09839650795031749 -0.1685571571475263 -0.04366476837826166
1377 -0.05569393640608652 -0.185888681982092 -0.04841057073156071
1378 -0.05599953482022838 -0.1909350195516123 -0.02019580176035263
1379 0.05365002336367849 0.191134695237677 0.0242735096242199
1380 -0.1384168387684324 0.105868925217149 -0.09814555221057909
1381 -0.1204717204710128 0.1142673614724127 -0.1114878229623628
1382 -0.03928885699335861 0.03891347235953251 -0.1922033490475109
1383 0.01956858367829674 -0.198945004176018 0.006160831618351782
1384 -0.008270361873447226 -0.1998086079010834 0.002849793521178784
1385 -0.009594189356823624 -0.1869239063793423 -0.07047981806497718
1386 -0.1846504534066806 -0.04306381446713391 0.06363739419749642
1387 -0.1795830340125318 -0.03024708026535617 0.08267434928848838
1388 -0.1723511283820563 -0.05445751815897157 0.08561230788500707
1389 -0.0668728354127901 0.06335514291263064 0.1775222514232344
1390 0.1063424516095527 0.121605747946349 0.1179123617441317
1391 0.1292221953585228 0.1112750416260004 0.1044963604048277
1392 -0.1460598273792941 0.08650962077099066 0.1057478715624584
1393 -0.1650776687637067 0.04002720407061475 0.1055802358864067
1394 -0.147778279989716 0.06233197957355368 0.119483489594685
1395 0.07434891400408718 -0.1097374376741905 -0.1497662637549459
1396 0.08455203879502073 -0.09046060048602381 -0.157059964648262
1397 0.1038896993398365 -0.08095650122409913 -0.1505090538161436
1398 -0.1563212518038169 -0.06548430140796102 0.106186027817218
1399 -0.1502514772941344 -0.04503759327508573 0.1240810572284029
1400 0.08437476290770879 -0.1809676310019721 -0.01147239790985339
1401 0.09308012576832071 -0.1766973445307792 0.01068356788365701
1402 -0.1422646370240004 -0.08329227374323238 0.1132394374196192
1403 0.05669522480665409 -0.1279804556569826 -0.1428518619198016
1404 0.0823728743892387 -0.1275050112761009 -0.1302197437577578
1405 0.06222237309032996 -0.1416818936305343 -0.1267068163291689
1406 -0.07142926974162643 -0.05668048666936319 0.1780033197867448
1407 -0.1631053983782918 -0.04529852769066843 -0.1065113722046452
1408 -0.1736263035705698 -0.02541601387341883 -0.09595797490155009
1409 0.1155931276879486 0.01736317046064565 -0.1622860103116475
1410 0.1340772602598285 0.02429031607569314 -0.1464010547303575
1411 0.111400978415067 0.03790933460989317 -0.1617179778429131
1412 0.1137304755939046 -0.1634601353297652 0.01860545831628805
1413 -0.1409873949320828 -0.1403249952332528 0.02077137893960099
1414 0.1177319164806832 -0.09012377092508041 0.1342270529961418
1415 0.1272213069700621 -0.1020537417558453 0.1157573878698915
1416 0.1079867704286851 -0.1153348288136551 0.1226243641162202
1417 0.1271025795066494 0.04736609458358637 -0.1469741044084114
1418 0.1501155461834116 0.04230401033363133 -0.1252026098120484
1419 0.1505994774233338 0.01878370288216536 -0.1302573218896093
1420 -0.156962802093408 0.1030948985845433 0.06880494636890831
1421 -0.0607071203362964 -0.1442010235928601 0.1245821429228355
1422 0.01102399081438791 0.1995664943525713 -0.007189294704589061
1423 0.01834253195374057 0.1968897715219163 -0.02996613741498275
1424 -0.1782937537131696 -0.06701542164638412 0.06099402141542223
1425 0.008593651256227578 -0.169549352475741 -0.1057315763296059
1426 0.01184778388378159 -0.1816783529107904 -0.08278046931894933
1427 0.1829536504646255 0.02170282130822955 -0.07782640508805931
1428 0.1044122995650589 -0.1685289046778039 -0.02638332783475419
1429 -0.1702428811156955 -0.08955134441011876 0.05475324779195728
1430 -0.03308641451099113 -0.1880438196705492 -0.05953831588579613
1431 -0.0347831403881549 -0.1935368877251596 -0.0365185738275315
1432 0.1483652154628865 0.1199131505079476 0.06007161705755545
1433 0.1391502868809159 0.117988417868102 0.08195078346142259
1434 0.1682282160619279 -0.06200835097865182 0.08862410354711441
1435 0.1824804458171103 -0.02193018934401243 0.07886668301459385
1436 0.1584046815852153 -0.1184103260923435 -0.02978173142366725
1437 0.1508169307305117 -0.1194248909628307 -0.05469870952357139
1438 0.1432261375958233 -0.1351299292207283 -0.03501679223148878
1439 0.120625825040622 0.09950016089275973 0.1246961439483362
1440 0.0255678076009051 -0.0513407352941012 0.1915996245141001
1441 -0.05722106522983714 0.187886103919969 -0.03774336561221497
1442 -0.05177025574244203 0.1919633390222071 -0.02167757116946773
1443 -0.07588939976632338 0.1841519902565778 -0.01813404223135162
1444 -0.04236878694577301 0.1507425595082439 -0.1244249438241675
1445 -0.05976286260214354 0.1391034404485895 -0.130685244419418
1446 0.08173018148759129 -0.1440597546655968 0.1121024732987343
1447 0.0875735050157849 -0.1512905879723326 0.09717015596486495
1448 -0.1837705068433679 0.0758624383885239 -0.02175525812945186
1449 -0.1856651000114209 0.05704248370089236 -0.0476930360847632
1450 -0.175539943668214 0.08127332300999242 -0.05079739308147328
1451 -0.1925097763845055 0.04753963716291419 -0.02607621319912352
1452 -0.1710813993781797 0.09863707210748747 -0.03165253217147227
1453 -0.0155153363320891 0.1703986138533672 -0.1035547523552311
1454 0.07505804083658954 0.1755044736661304 -0.05970318441211825
1455 -0.02209089921018069 0.1027418234395995 -0.1701649490594106
1456 -0.009669951811823894 0.1983769887574836 -0.02351727797748333
1457 -0.01416447727195623 0.1994931336815523 -0.001362790345773778
1458 -0.196204465886902 -0.02365578783749419 0.03072802089010902
1459 0.1041312793437825 -0.136599605028135 0.1024559640449723
1460 0.1255266602997432 -0.1184761058776052 0.1010270750347221
1461 0.1227442493772126 -0.1341363248521815 0.08331443812434122
1462 0.1026742129712828 -0.1510814280469862 0.08143959780113719
1463 0.1587138746593076 -0.1159180196843309 0.03705291760567146
1464 -0.1868436309917689 -0.06202346605390639 -0.03524978321169694
1465 -0.1917123443236611 -0.01252144324549205 -0.0555840848892552
1466 -0.1837290450882624 -0.02596837896085863 -0.07462761744220765
1467 -0.1832151685878414 -0.006553312386139319 -0.07993282239542497
1468 0.1952526827485496 -0.02815264110367377 0.03292140152517774
1469 0.1927447183248728 -0.04994604129818949 0.01883790106421073
1470 0.1872050086820906 -0.06984295276383595 0.008731934125207211
1471 0.1691732057011047 -0.1042667518284794 0.0225581678322958
1472 0.1671605416480428 -0.1097132869512564 -0.004510873782785008
1473 -0.1485603595922912 0.002141371938190223 -0.1338851525899399
1474 -0.1278556130196483 0.1267352099026749 -0.08712708413745333
1475 0.1963368065670248 0.02416551154015696 -0.02945991240763011
1476 0.1932083100442928 0.04776087924178792 -0.01973442028233369
1477 0.1870006543448894 0.07036904373220362 -0.008885547748924801
1478 -0.1310760983095794 -0.1396331002032421 0.05763379025856999
1479 -0.1333247112529262 0.05658431029194706 0.1379229393469719
1480 -0.1291600136684881 0.08294356126923173 0.1282109843700343
1481 -0.03356174058989125 0.1930304155868912 -0.04016053071024975
1482 -0.03033456209784819 0.1413481134275448 0.1382046496063202
1483 -0.006585923025452332 0.143992613625918 0.138646142532275
1484 0.00323245158651982 0.1769610897588666 -0.09313605085086646
1485 0.002092822902560838 0.1660382825057658 -0.1114760460136349
1486 -0.1557534759628436 0.121036109284545 -0.03303202952819514
1487 -0.141414399491592 0.1396207022710464 -0.02253945682070087
1488 -0.06424226402827563 -0.1103770552887249 -0.1539150323337883
1489 -0.07908077940972573 0.07281646595414264 0.168653469024208
1490 -0.07350666087921973 0.09644292357254261 0.1590456956323185
1491 -0.04346087662985815 0.09852023582460204 0.1685375784079891
1492 0.09926472969171619 0.07196631480305625 0.158010641960907
1493 0.1606923972234891 0.03900375934787407 0.1125018232354547
1494 0.1546119670355817 0.05900428138708165 0.1123104377490458
1495 0.1711182919195225 0.04350016916689403 0.09394820622554048
1496 0.02723658322402951 -0.1596828045044025 -0.1173011955603577
1497 0.0882414451183655 -0.1319193649123094 0.1216993365822323
1498 0.1453800480506286 0.09153047321641622 -0.1024051468510047
1499 0.1303176175571872 0.1033534049715217 -0.1110648109664413
1500 0.0008703208121469416 0.198993901068103 0.02001673997887734
1501 0.03095669084834484 0.1973731870340849 0.009247071521737581
1502 -0.06118450989571078 -0.1659676594243059 -0.09333376545516246
1503 -0.08064383933273409 -0.1640310967192811 -0.08118109685601703
1504 -0.05631335471512804 -0.1769790929735058 -0.0742105567355708
1505 0.1236412350563826 -0.06963329885044442 0.1409398761349571
1506 -0.1092510352949875 0.08997607676717015 0.1413100028184902
1507 0.1303158078882308 -0.04478167627229181 -0.1449565165305837
1508 -0.1125438458067868 0.1053863531839739 0.127387594896838
1509 -0.06684603855726086 -0.05269587098150486 -0.1809827403668698
1510 0.189057586974364 0.05873660828475261 0.02841196323090533
1511 0.1823738680541044 0.08091283205221626 0.01388833540327839
1512 0.1929390528692399 0.05243112046517804 0.005049701445296176
1513 -0.01848419706684059 0.1946361623418349 0.04213192100577787
1514 0.1984136209582567 0.02504800778954096 -0.002152283440519548
1515 0.1897055996503466 -0.05776742979296007 -0.02597517115281123
1516 0.1826452267087523 -0.08072595169871725 -0.01113740916213713
1517 0.1930758263149762 -0.05203621648578079 -0.003735969303153154
1518 0.09198367298250215 0.03684808370484002 -0.1737274377636682
1519 -0.1006090604201443 0.1728100541801871 -0.003808166962795671
1520 -0.09325348810780174 0.1745829953409138 -0.02871523451972038
1521 -0.1141184397438949 0.06666164715152034 -0.1501106475552792
1522 -0.1051793200880155 0.08950448946659778 -0.1446591061466456
1523 -0.138058142317105 0.05223604626270411 -0.1349494157482375
1524 -0.1366933343021969 0.02554981329059939 -0.143743310794497
1525 -0.1210017575638065 0.04522563011449467 -0.1526866629644407
1526 0.07776826321853168 0.1824491514802832 0.02577604236685382
1527 0.1983430550149965 -0.02552919468297658 0.002879712860121801
1528 0.1963251469818072 -0.03246872280640759 -0.02005539084367254
1529 0.1266818949484773 -0.04826012568782454 0.1470464476308705
1530 0.1378572621388485 -0.0227491174326688 0.1431008488151466
1531 -0.0750746095778637 0.1798921463990009 -0.04475062748936362
1532 0.1647809204072656 0.112855378272264 0.0105314702087887
1533 -0.07532927133971457 -0.1851611443618356 -0.006391517663524287
1534 -0.09633757988710312 -0.1739885446706166 -0.02114372306139299
1535 -0.1000207948236064 -0.1731446579693942 0.004094877228382174
1536 -0.09440018717393112 0.1032169320841344 0.1429505844432473
1537 -0.09261802498481798 0.124546037613642 0.1261355856317039
1538 0.104844393538869 -0.06824805283138391 0.156044405308846
1539 0.09599565581189297 -0.09677647525926908 0.1463528199305933
1540 0.07743070543798383 -0.08561330038104151 0.1633243663794283
1541 0.07449803625423997 -0.1047546163233382 0.153220471717105
1542 -0.1924055820724788 0.02169752768490862 0.05009300629542252
1543 -0.1852118368836148 0.03283600445353587 0.06795860717911052
1544 0.03259251019232497 0.1029951984586149 -0.1683143409630734
1545 0.07057351212904757 0.1178283128360295 -0.1453818010618453
1546 0.004513032909968196 0.1037651626135497 -0.1709164227385337
1547 0.09650762735677532 -0.02226904876270362 0.173753754863514
1548 -0.1946645331224631 0.03566882260258293 0.02886961444770188
1549 -0.1852627742292519 0.05281211008819013 0.05374556272767193
1550 -0.09574671750005867 -0.1636458697144107 0.0636599985342293
1551 -0.1132477258742808 -0.1578014603113867 0.04768282403442163
1552 -0.1293801312957162 -0.1489274967509654 0.03288437831850296
1553 0.181628495335537 -0.04976721666024413 0.06733731378694245
1554 -0.1053399269598013 0.0490731529724199 -0.1627738475475996
1555 0.0794923845881394 -0.1449338319492796 -0.1125839471194243
1556 0.08809936008054925 0.1791703523116834 -0.01168279101520499
1557 0.05466746605281475 0.1923589003064877 0.003085713571134593
1558 -0.09911650704484821 0.1124691409066211 -0.1323881051112794
1559 -0.07351802583240429 0.1228244527273059 -0.1396755300328004
1560 -0.007717406211600272 -0.1947140583807231 -0.04502085194966331
1561 -0.07351873359111655 0.1727624435327696 -0.06890670443247908
1562 -0.01673769247481091 -0.1981042064916329 -0.02178469694393648
1563 0.1539742427047248 0.02377081265341377 0.1254068620502993
1564 0.1388496861672571 0.01911383232894259 0.142672443257117
1565 0.1494578895934266 0.04420244687998939 0.1253334868584642
1566 -0.1298501148334146 0.0308342343740685 0.1489570329602267
1567 -0.01792832375279931 0.1429872238085304 -0.1386839177227989
1568 -0.01586422197809411 0.1572589311737672 -0.1225477663081385
1569 -0.09821645560844564 0.003654828589551105 -0.174184299165267
1570 -0.1334230850404492 0.006658959696767269 0.1488419921730621
1571 -0.1770974662242809 0.02536659164764244 0.08940371068988934
1572 0.02632962526131599 -0.1174366419846625 0.1597353622494559
1573 0.00394661184544105 -0.1230943102591622 0.1575824071296112
1574 -0.1182398540697902 0.02243432136232864 -0.1597374036804358
1575 -0.187301964470048 -0.03586771626794782 -0.06026177092803425
1576 -0.1838695072348877 -0.05498379730243695 -0.05629197405851145
1577 0.0743159107118543 0.1855436045389219 0.007121532824599135
1578 -0.08957912473132407 -0.04857953755303692 -0.1720918619328147
1579 -0.08775433420319155 -0.01983484004004734 -0.1786218238321967
1580 -0.05200359390774587 -0.07937901108270487 0.1760528296285239
1581 -0.04776367876322905 -0.0982920567564976 0.1675031419692793
1582 -0.04798103250310187 -0.06683653288901109 -0.1822928917739592
1583 -0.02804611619937836 0.1865492523385543 0.06642884778511034
1584 -0.04275893062779988 0.1900544528679811 0.04528773340121296
1585 -0.1691913577845633 0.04671309038020647 -0.09587581362443065
1586 -0.0433546192135071 0.1081779632935308 -0.1625358583529041
1587 -0.06389535717558237 0.1134389103361827 -0.1518189611120569
1588 -0.04577358582964647 0.1289169762923376 -0.1458944552199872
1589 0.1777104219780614 -0.09129184521481436 0.00920895855424061
1590 -0.09813163884443608 0.02806614052342463 -0.1719955616108292
1591 -0.1937790332071985 -0.03639136313980906 -0.03354631094636212
1592 -0.09371045886590366 0.08332605105778303 0.1558047467642033
1593 0.09536989512286534 0.1722522809934683 -0.03512456116168446
1594 0.04298914001081562 -0.1952814804618839 0.004132460495316409
1595 0.1775120410345623 0.09178311110529958 -0.008083056573852681
1596 -0.07319922324193731 -0.07302238917905778 -0.1712004801259601
1597 -0.07713737318372053 -0.092135602431761 -0.1598776295259969
1598 -0.04859147759563272 -0.09417272622011105 -0.1696182948309089
1599 0.08687814247820499 0.1531600227242564 0.0948377340442188
1600 0.1072437668508807 -0.04223800672561886 0.1634463987351221
1601 0.1174245410081552 -0.02407214273240026 0.1600999972307777
1602 0.01138096057210681 -0.1897817358117413 -0.06207549024162903
1603 0.1858555500483055 -0.05906175834794838 -0.04437818402199852
1604 0.1711827407920717 -0.100326934894 -0.02511922350888862
1605 0.01208351051196888 -0.1862215900443059 0.07194100482393623
1606 0.05056443378496616 -0.1841282871497702 0.05949799918734699
1607 0.07281645098072941 0.05234551278004446 -0.1787671998951856
1608 -0.1140773158577468 -0.1623118374390994 0.0253225874237854
1609 -0.1315447456621629 -0.1078080442845198 -0.1052302498154589
1610 -0.0535719725857073 -0.1924018664539764 0.01056245891364674
1611 -0.03447981934678438 -0.1949254048029323 0.02855220867509384
1612 -0.02918167435075915 -0.1976071039570652 0.009993115019245583
1613 0.1906168830925702 0.02580711477658466 0.05476492223112898
1614 0.1892928382210661 0.0464228957335243 0.0448679858019907
1615 0.1114824817596489 0.1051980300150387 -0.1284719064296338
1616 0.1917297640079677 -0.04091769224726404 -0.03956564235049402
1617 0.1952314830763746 -0.01690021652358625 -0.03998813195505842
1618 -0.1007599590791807 -0.07561490145812756 -0.1553377524101579
1619 -0.03389554188241031 0.1967554767516325 -0.011763273725267
1620 0.1563101756325721 0.1188868060355276 0.03785573066769829
1621 0.1177118979237754 -0.1484126292973213 0.06416853241456098
1622 0.1473407595444138 0.1332119710393811 0.02335104598681434
1623 -0.03336792107814734 -0.1969812804736606 -0.009217211393884815
1624 -0.1109544598899419 -0.1632133244438538 -0.03241170397428342
1625 -0.1892951478643421 -0.05429428948707577 0.03492101264440167
1626 -0.1914839490494276 -0.03200888911672169 0.04805547080145659
1627 -0.1797560257968557 -0.0779102610247718 0.04022141738889973
1628 0.02125947988497549 -0.1750065422998298 0.09444969384427994
1629 -0.09502968581568262 -0.06738718825784358 0.1625679109556206
1630 -0.07215833426126923 -0.08345049974404446 0.1668208287028577
1631 0.04356720154776935 -0.06686008420338442 0.183389280192743
1632 0.05337360990249609 0.1152390203640727 -0.1545031583868272
1633 0.05818444741135929 0.09085309329511768 -0.1684051231944664
1634 0.1470115924779322 0.1355215402324671 0.004637220085586434
1635 0.1020748168518422 -0.1371283893988206 -0.1038100986684259
1636 -0.001071247718068585 -0.1781359867671052 0.09091986937318088
1637 0.1230099245092013 0.0308230879989304 0.1546560561971332
1638 -0.0443886551104646 -0.1327978974751381 0.1428088432964393
1639 -0.1298835130021473 -0.1026381151977633 0.1122305232941186
1640 -0.02119404498155161 -0.127832789457598 0.1523469408843164
1641 0.07152164807180243 -0.177301608560036 0.05872642896615628
1642 -0.0800061720291618 -0.1819562419893698 0.02215713064334059
1643 -0.097701025514118 -0.1707888304937154 0.03585644979747164
1644 0.02069760727918323 -0.1450019726315013 -0.1361838352591454
1645 0.00296415559194675 -0.1381307732572342 -0.1446067192802094
1646 -0.01249374128492603 -0.198178155441192 0.02386053508687664
1647 0.1905129275816427 0.02264409868437286 -0.05649840014588169
1648 0.1903303235089084 -0.02400510687356755 0.05655194777355474
1649 -0.06995961331126338 -0.1045650188501906 0.155472857239448
1650 -0.1573122187934588 -0.1071314305733659 -0.06144690717670851
1651 -0.1400259194075443 -0.1191448351880864 -0.07872261518823959
1652 0.02754511308317878 -0.1240016941954396 -0.1544825122203014
1653 0.04152790405128209 -0.1438806155156762 -0.1325662161485258
1654 -0.0451503339481447 -0.116741250524392 0.1559901527993743
1655 0.05225691587385649 -0.1175844677487323 0.1531114224595932
1656 0.08101992168655034 -0.118913026299118 0.1389081151923477
1657 -0.09524282157075804 0.1424116621510261 0.1031878065598003
1658 0.1300573985295457 0.08560832983191692 -0.1255240492938171
1659 0.1373389493721861 0.06322007195520941 -0.1309245411957676
1660 0.1226460880332095 0.06993704797503138 -0.1416571438745268
1661 0.01067402242116254 0.156648595216725 0.1238841509717008
1662 0.09597741533864822 -0.1653416177031092 0.05874083077580299
1663 0.08803148020602336 -0.1762737493080308 0.0343223512834715
1664 0.09478433674875358 0.05449750098334588 -0.1674692565627169
1665 0.02965750267033344 0.14977510991488 0.1291814575910366
1666 -0.03620800538359079 0.119025084115112 0.1565950500416037
1667 0.03773799355540096 -0.1036543958583905 -0.1668280853502929
1668 0.1693462976172324 0.02181926755854491 0.1041429356535736
1669 0.1412484269825513 0.1243292998038073 -0.06775770867768392
1670 0.05207301294856589 -0.1140771010374199 -0.1558037751190798
1671 0.1306278009218981 0.1395930448304158 -0.0587380580312499
1672 0.1809857094005897 0.02498782100936272 0.08136204148108232
1673 -0.09467185319556554 -0.08972274398445758 0.1516148720423454
1674 -0.01747636037887949 0.12286164128923 -0.1568425768967856
1675 0.005497398911904288 0.01803671520383108 0.1991091547615511
1676 -0.1795617136386858 0.07585183242659191 0.04476706951171618
1677 -0.01536839549278781 0.1040893688922016 0.1700859068341656
1678 0.05695257455123774 -0.191387138223454 -0.01128572437295074
1679 0.01587660673759818 -0.02165509755923343 0.04217807615574393
1680 0.03125705181832681 -0.02262146005641057 0.0318004128360412
1681 -0.008601619949652434 0.02472200810585755 0.04260087381094026
1682 -0.01208194263483076 0.01108258393744244 0.04723561151756375
1683 -0.03083904454395448 0.01335376320873416 0.03702202506321135
1684 -0.02073641644527391 -0.009519592319361345 0.04449020560844072
1685 -0.01551506757635137 -0.04395403968707388 0.01809212738426263
1686 -0.03438235923370787 -0.03381364218628451 0.0132095032314688
1687 -0.02088748372542107 -0.02994867925707298 0.03415830256873483
1688 -0.04053705797219995 -0.0131561336463522 0.02614695160889354
1689 -0.02156309256466661 -0.02952591967598353 -0.03410649654149468
1690 -0.0341815928485558 -0.03341002106210299 -0.01467614400874402
1691 -0.01397546162342814 -0.04266068841017749 -0.02201708738189126
1692 -0.04076303195549872 -0.01332736954830911 -0.02570518326559439
1693 0.0268266943209707 0.04219285526702066 0.0003023842347827563
1694 0.03110890767510452 0.03019923203055019 -0.02490466317834503
1695 0.04446808871671254 0.02125977461409825 -0.008403039285896918
1696 0.007889635493415334 0.04563410680847991 -0.01884892430812139
1697 0.03002564772202231 -0.02072576352055031 -0.03418922645166519
1698 0.01305916960163714 -0.01909761014749407 -0.04432538071996684
1699 0.04272590186425302 -0.02009293729502381 -0.01645512627555502
1700 0.02734721885845881 -0.03730638288569506 -0.01898324041604788
1701 0.006956869889044644 -0.03595245487101276 -0.03404442612373859
1702 0.0005988078965809146 0.04999623404422306 0.000134203197668495
1703 -0.01970316524019495 0.04466852992961497 0.01079387388497135
1704 -0.01894755049529373 0.0451321570907108 -0.01020189818453883
1705 -0.002693158495743502 -0.02384184727149992 0.043866994608695
1706 0.004216587583998429 -0.01157726693889213 0.04845809818154347
1707 -0.04052277166397999 0.02928745813170511 0.0003870049774379956
1708 0.03100466013040954 0.03088172006679028 0.0241874020083637
1709 0.02724554393560174 0.01777678470241558 0.03796928049485741
1710 0.009440957169312491 0.03395849158921636 0.03546391372525499
1711 -0.0003798541520469195 -0.009770218323991867 -0.04903466676469523
1712 -0.01475290118310561 0.00392964517799261 -0.04761207615150384
1713 -0.02290262496814111 -0.01071747671626739 -0.04313473614623076
1714 -0.04649615022425607 0.01096911130997328 0.01475759504095534
1715 -0.03431166496222946 0.02999139783471197 0.02057245010784447
1716 -0.0147927585611571 0.03625500026407643 0.03109259156138536
1717 -0.005930063821342265 0.02076030031447399 -0.04509816264469827
1718 -0.03197884994313262 0.01383904054026128 -0.0358585291561103
1719 -0.03465261270585768 0.03007513279855304 -0.0198666257781041
1720 -0.04674528362086536 0.01098856661068807 -0.01393304930901085
1721 -0.01397142720515976 0.03639202076881643 -0.03131165990829863
1722 -0.005767786721318094 -0.02315855452085508 -0.04393647674588815
1723 0.009489831249577222 0.0146961172711022 0.04683980401334489
1724 0.02852088631317327 -0.03849075997972867 0.01431853484452805
1725 0.02037109027030197 -0.04562484063617157 -0.001841900682218176
1726 0.004444543147855416 -0.04872622554284448 0.01029567776082283
1727 0.007069982978258073 -0.03905334537199733 0.03041137214830394
1728 0.003758337532754066 -0.04806777211468932 -0.0132425142220119
1729 -0.02049516124411422 -0.04557792208010413 -0.001612880788438686
1730 0.009429071021853752 0.03371253161497647 -0.03570095001220627
1731 -0.0482819323961006 -0.01299024742512353 0.0003293568466614833
1732 0.04441934174850101 0.02133734038675753 0.008464040633735237
1733 0.0203134037234337 0.01593706393877761 -0.04281793575337448
1734 0.03975836260664074 -0.03028069799491906 -0.001533600919201802
1735 0.007338105017250799 0.04553919469382966 0.01929595712560732
1736 0.04337956299592759 -0.02053700990383462 0.01401587451756574
1737 -0.03626796851715221 0.02824779773755322 -0.009782452791459758
1738 -0.04476638828914592 0.01271344845156694 0.006583214109746796
1739 -0.04460870256001132 0.00814684949061437 -0.01235688064560456
1740 -0.04522931066936446 -0.0127583089873839 -0.0007314425176003356
1741 0.03828130661448995 0.02516724003443052 0.01049531290323286
1742 0.03062538753730465 0.03486585218385812 -0.007447012131268532
1743 0.04126485547156474 0.01979745079188481 -0.01068983840166788
1744 0.01929077503390292 0.04223917887893464 0.007260700119458837
1745 0.01437401035704499 0.04223101155587634 -0.01479626605677941
1746 -0.03442512794386345 0.03071525865622434 0.008971256976024491
1747 -0.0336265448033212 0.01704423109963263 0.02806687853703273
1748 -0.004429795251788834 0.04390740724652431 -0.01617147188462121
1749 0.004466378144211991 0.03352680926395179 -0.03263440710127122
1750 -0.01624926393006409 -0.02965573716270758 0.03264197719298759
1751 -0.01720519326155346 -0.04072619842301854 0.01594860767720861
1752 -0.03384667070249063 -0.02510056838215518 0.02081740495955042
1753 -0.01809730254363031 0.03821108151417279 0.02052805129966198
1754 0.008223324092610946 0.01679295133100048 -0.04312045600944561
1755 0.02529356354494634 0.02488451964509717 -0.03082201040215473
1756 -0.01972677059156319 0.03458622200596491 -0.02497294074357176
1757 -0.01191490156480886 0.02053965566874363 -0.04056054321271306
1758 -0.007716653641517648 0.005593315509725522 -0.04602356003380786
1759 0.03853972745302956 -0.02666153642753364 0.003584952324577979
1760 0.03768881807633896 -0.02300071846948968 -0.01610962264908466
1761 0.02253722316344059 -0.04095770943392724 -0.004851763597627533
1762 -0.04264848372354462 -0.003836488779863194 0.0193749371592409
1763 -0.006565970660568247 -0.01474422741249108 -0.0441417691907937
1764 -0.02086933248338221 -0.02007556975496888 -0.03701948758034647
1765 -0.003547258368613278 -0.03316519735812822 -0.03311323968237944
1766 0.0295505243268763 -0.01681246569540278 -0.0324516179758051
1767 -0.03273686568553898 0.01616567638997882 -0.02959676556553877
1768 -0.02094259094181885 -0.000208944256331151 -0.04207569639282746
1769 0.01279908478995539 -0.01939944584608333 -0.04085149849643722
1770 0.01762035844308916 -0.03284672870655667 -0.02862892561055903
1771 0.0054368206962908 -0.02060518634962731 0.04189113601006204
1772 0.005845218216405496 -0.03883141695457979 0.02582546187974523
1773 0.02280053825718738 -0.02482745595326486 0.0327526012107623
1774 -0.03663991285130139 -0.010367450630156 -0.02755054906313696
1775 0.02456327643990067 -0.03671508382160784 0.01605141957925627
1776 0.003830658755159899 -0.04632859959189724 0.006927258718654568
1777 -0.002102859233815962 0.04683544196254187 0.003319542019033196
1778 0.03762360364593532 -0.01726513494882899 0.02225712389084194
1779 0.00399129787865889 0.04157008163601392 0.02156380889404632
1780 -0.02794335933507211 -0.006538876910677782 0.03722111978189323
1781 -0.01739168370790009 0.01956356073327215 0.03903583519331865
1782 0.02610639851931841 0.01873449389827912 0.03429977689032207
1783 0.005625214348260307 0.01463379395001685 0.04430811481167504
1784 0.002555484984337482 0.03095143919596027 0.03527715844840114
1785 -0.02042392275841535 0.04227507613004326 -0.002163635218175624
1786 0.02160654170695485 0.03373810179221709 0.02457433301075776
1787 -0.0002914500809087025 -0.04448760806706704 -0.0151580930634882
1788 -0.0151881914530897 -0.04445112842442372 -0.001554355872920599
1789 -0.01240114308022302 -0.01226710887355442 0.04364320898133178
1790 -0.01241309339005411 0.004021804477006281 0.04515241080206601
1791 -0.02460197549890174 -0.03434910109991544 -0.02058839612935467
1792 -0.03803660552620123 -0.02508654195499969 -0.01152744780010729
1793 -0.03242774691628074 -0.03401889019615293 0.0003953982242430001
1794 0.007383433397972337 -0.009516922918727569 -0.04543031025005997
1795 1.734723475976807e-18 -1.734723475976807e-18 -6.505213034913027e-19
1796 -0.04157219065776248 0.04714242634591232 0.1075165289999608
1797 -0.009903031754892912 -0.002793569669407957 -0.1246900150831001
1798 0.01937837455156963 0.08053768825292004 -0.09394984802588714
1799 -0.01943018443359359 -0.082667199903803 0.09028290199028011
1800 -0.0977354017446548 0.0830073870381758 0.004330945018056953
1801 -0.0395979313238803 -0.09975442917330521 -0.06422344626510794
1802 0.04548374644515402 -0.05478102517880634 -0.1027980792635274
1803 0.06020585283135684 0.01885988542772156 -0.1079063652538076
1804 -0.08557248251203721 -0.04890828154099162 0.07740625638202117
1805 -0.01527879458093608 -0.1225158575637172 0.01334124430500864
1806 0.117859927463429 -0.03221857485102999 -0.0223911784622174
1807 0.02377641855320183 0.01076567580278251 0.121463300222669
1808 -0.07829355306312262 0.06355672558560911 -0.07284694745748893
1809 0.05244574639603037 -0.09124100493904072 0.0647056943486808
1810 0.03919520252717448 0.09223954786781213 0.07407732844250541
1811 -0.08047141158551355 -0.03881070541206461 -0.08596594346078418
1812 0.1053176549851359 -0.03104808277937972 0.05781704051257942
1813 -0.03402584482247227 0.1044212456225649 0.05832149531123943
1814 0.09978536875954894 0.06390513047924043 0.03819656448560188
1815 0.03493731409150878 -0.10816112385206 -0.04896068480366692
1816 -0.01357004958760019 0.1174410504282239 -0.03529912344187711
1817 -0.08388217986869559 -0.09154482817018278 0.01536597559647573
1818 0.06138640193174211 0.1016646843817408 -0.03345403518841318
1819 -0.1198671302192851 0.01745610384853877 -0.0303624794613702
1820 -0.1156000863036069 0.01296927600289321 0.04569192916286681
1821 0.1063305530093153 0.03812247266253946 -0.05005055185752817
1822 -0.03867079316295194 -0.0215958175696712 0.122146031463961
1823 0.08645521562189891 0.02510813206753147 0.09455032197643756
1824 0.08633853652081258 -0.09366682626589701 0.0004051933702698947
1825 -0.03445246619807827 0.05628697715156996 -0.1191983641973706
1826 -0.01402782010557583 -0.05457697976578432 -0.09448735021754957
1827 0.03993690293720011 -0.05306088269527245 0.117053072810558
1828 0.02670504577734341 0.1289964806626144 0.01825295689420634
1829 -0.09045704856177939 0.07036683272351246 0.06853665174873115
1830 -0.1174544979966377 -0.05132505513577044 -0.02927832230136097
1831 0.1016912732172134 -0.02634378539452173 -0.08542864002668091
1832 -0.09055204433778749 0.008162096467892455 0.1030336666444854
1833 -0.03924114235592277 0.1053694192288742 -0.08694661617955431
1834 0.1351096709533641 0.02281109025373314 0.004690069422044519
1835 -0.1272378706829551 -0.04622032713100338 0.03166327080677957
1836 -0.08043611416668855 0.01657034292593291 -0.1119832919336937
1837 0.07068006696015763 -0.06162048174842811 -0.05022859558585829
1838 -0.05586323991760202 0.1276259096725982 0.006826763530815259
1839 0.007575277160687089 -0.1270984072504151 0.06584945452452751
1840 -0.07646653102832118 0.1129171510134574 -0.04453808613972586
1841 0.007747568674280243 0.0506208924672243 0.08666214438786189
1842 0.07866078170863537 0.07298168570898177 -0.09011798466233684
1843 0.115589428114234 0.0829869119194017 -0.01433895129176119
1844 -0.08011938071770942 -0.1180316736824076 -0.03234645766288712
1845 0.0421765420205063 -0.125854911883246 0.01947019976416509
1846 -0.05746696682911995 -0.1154537047607227 0.06118272253693777
1847 -0.005371511632333648 0.1006658765566445 0.1049793801773046
1848 -0.05050731173590402 -0.03824975337173519 -0.1312509579827295
1849 0.0152414595287625 -0.1018419561018571 -0.100968528679425
1850 0.01749718697398663 0.04464307620576666 -0.1371181753698025
1851 0.04868987184452613 0.06476555068510234 0.1213466677752351
1852 -0.121485364292379 -0.002774021801416812 -0.08126448284878868
1853 0.009902780079439706 -0.04846110794329014 -0.1405084165440644
1854 0.008778005913762292 0.1332394850830067 0.06646827187354298
1855 0.08078275608576867 0.1130786104309643 0.01823040725874987
1856 0.05857867304005426 -0.01845496021738506 0.08069900703896343
1857 0.02831861221195135 0.1266075055621405 -0.06772480573699501
1858 0.1298202089793707 0.0189780213905126 0.06005545504700634
1859 -0.03291513789874696 -0.1411567614830615 -0.03253381891658253
1860 0.02520408559316678 -0.01146434407937211 -0.09136348895180901
1861 0.08843154730967637 0.07790277262538821 0.08825607201408965
1862 0.1058962340572768 -0.08598450278430779 0.05155268168771901
1863 -0.001101511036776624 0.06020176641629822 0.1363693956640354
1864 -0.1350143192526892 0.0568693969502841 0.02324230217373386
1865 -0.122944203209305 0.06900039315169415 -0.04403761784503693
1866 0.09070591805686168 -0.0536814304123536 0.1030683344378105
1867 -0.1479521026752466 -0.004188739123659219 0.008215551178677422
1868 -0.0006142136827773119 -0.03607629044200845 0.09261306790420643
1869 -0.06057103119717071 0.09346865044413985 0.1018825468485573
1870 -0.06815907497526899 -0.06734301649516361 -0.03501283437175438
1871 -0.03699171376134065 0.01754599679104689 -0.08918385141741829
1872 -0.07853238971006715 0.01431035189321001 -0.05992311627585504
1873 -0.05081412717936017 -0.08526100745812344 -0.1117186984974143
1874 -0.01524374925525954 0.009902984642988645 0.09453385796192784
1875 -0.06062011093423279 -0.06848073320496856 0.1184873036258696
1876 -0.01337486172140796 0.09779275639923765 0.0119614415353941
1877 0.008378797232806658 0.03370022422244818 -0.09107339639334673
1878 -0.02626546164356616 0.06134832673954693 -0.07185587877311696
1879 0.1309722613735627 -0.07008233125597965 0.00968574651758238
1880 0.1177588427942118 -0.08156240398274854 -0.03952979252292076
1881 0.07094180776017053 -0.009257473790771123 0.1303722245105848
1882 -0.05259043332600856 0.07269815970744797 -0.0331983949238926
1883 -0.08120771797374438 0.04371097057455922 0.02796528949424091
1884 0.1104642922547729 0.02237342448153858 -0.09862328971233375
1885 -0.009830003607330339 -0.06168405801823014 0.136129959659803
1886 0.04601477415202684 -0.01854046847724575 -0.1333961930132818
1887 -0.01632681038041302 -0.09080569889795193 -0.02295925225875927
1888 0.08648141879907451 -0.04566226003897745 0.01399158230038788
1889 -0.08931811551311813 -0.09131376335101646 -0.07565388136313789
1890 0.01607658894861158 -0.1451308189901167 -0.01963862633758754
1891 0.05900259671192788 0.04899202949601834 0.06139109369093146
1892 -0.09838765151195417 -0.01348331224174415 0.006313851052868802
1893 0.06974153497423843 -0.09892499729430493 -0.08740009886858317
1894 -0.005197227672700306 -0.08487176904411234 0.0432908230992702
1895 -0.01756225327622997 0.01469102726787927 0.1496424073796965
1896 -0.1112558282657202 -0.08625600390995572 0.05667941503997199
1897 -0.05201887953189974 -0.06761319855778314 0.04548126345406819
1898 -0.08208277197547914 0.1156976312936358 0.04817647726530656
1899 -0.0063780992290767 -0.133764029745695 -0.0720668769348429
1900 -0.06301644922433168 -0.136549237026545 0.01063857916382595
1901 0.1372056226815795 -0.02304640654219995 0.02159336073308038
1902 -0.1271291824622723 -0.01644597084013361 0.08391654829122586
1903 -0.05474961967905903 -0.01164801907914317 0.07814181122831741
1904 0.01819240230406037 -0.09609054529594618 0.1172788444594889
1905 0.1145018255366294 -0.01269374928502322 0.1006079083112651
1906 -0.04672968404269512 0.01868545570716475 -0.1449742731414643
1907 0.04233887360226771 0.08228114679711585 0.02540640856504496
1908 0.09503272419069264 0.001617177600590925 0.02294756141908866
1909 -0.01328119738396407 0.1506927610640892 0.0004762732736479161
1910 -0.0449189090918161 0.05799589315691218 0.06111829596731545
1911 0.01907559269410147 0.08513665172088021 -0.04682359743450479
1912 0.04420002518256409 0.05155420317633072 -0.0671734264560172
1913 -0.0878935136315778 0.05422266379519657 0.1127648522501906
1914 0.06469479936102072 -0.004173060574142171 -0.06753615458013183
1915 0.08880834320467032 0.04196436994737871 -0.00433995003416503
1916 0.1371929055621879 0.0004803443937766557 -0.06223456715450866
1917 -0.1201631369547709 0.04455370092732087 -0.08462827745736574
1918 0.02027928098047048 -0.06730848426957285 -0.06574150485862082
1919 0.04057778319138129 -0.08749944942783344 -0.00732916237777338
1920 0.02683692074068869 0.1485130772348713 -0.02532406805330521
1921 0.09017254920394874 -0.06396999610363935 -0.1094596680716966
1922 -0.08231332456436791 0.04101744876734825 -0.01797403404913679
1923 -0.0656465056151202 0.02324032541160821 0.1390977091972909
1924 0.06795939572546912 -0.1338867834008586 -0.02221994444618614
1925 -0.05493011729837426 0.08111347201927017 0.0226009067579637
1926 -0.1267823857162398 -0.08827326503317062 -0.002488065419574732
1927 0.002573593593093268 0.07825912428524295 0.05073272735837697
1928 0.1427035888634776 0.05581772655068328 0.03278849180553602
1929 -0.08629820196445365 -0.03132264829468921 0.1257390752822776
1930 0.1023788453831795 0.09827950549558637 -0.05746832972192852
1931 -0.07984135584821569 0.06182789936943364 -0.118518932487676
1932 0.03282401514433894 -0.05211922327249104 0.06898388629518785
1933 0.03260940537105719 -0.02310717246206162 0.1503761428862597
1934 -0.01346327725920576 0.138276272016519 -0.07383637593422572
1935 -0.002890806191621698 0.1147194562991775 -0.1086926334644391
1936 -0.1225578872216513 0.03791925918677051 0.08516601133691587
1937 0.05090004077683949 0.07404722365398789 -0.1264750536043172
1938 -0.08534382209131741 0.1034650564680608 -0.08473087918155246
1939 0.1341604506151115 -0.04843704721943523 -0.06439710429081849
1940 0.03571520819069827 0.01840265957016728 0.0807970414217874
1941 0.0797459154576811 -0.1238066436804954 0.04640056525508535
1942 0.08870842115073962 -0.02411521005856811 -0.1269274254929284
1943 -0.02799114818167388 0.1470213897053159 0.04341325023470677
1944 0.05702979924613254 0.1321487055718573 0.05495419381874747
1945 -0.1247291387072865 -0.04891087581512234 -0.0752804077561513
1946 -0.1463193145448118 -0.02011744654619876 -0.04671553893892631
1947 0.05342066366113023 0.1079528104738507 -0.09861338474518938
1948 -0.1532010957437266 0.03496396839580115 -0.009222568004632139
1949 -0.04058037022895158 -0.02419517873998465 -0.07985177248833422
1950 -0.07375541464715721 0.02590631797307683 0.06699439307338056
1951 -0.02844050654951694 -0.1463842917149458 0.04957114909529679
1952 -0.04815198257787325 0.1448768803145153 -0.03312688454861366
1953 -0.02763933683547102 -0.1252580568985759 0.0911203196200719
1954 -0.0834745785095396 -0.02657259638473478 -0.04343447792630449
1955 -0.1135289019298197 0.1088642810254424 -0.02595845078640937
1956 0.0146162555513479 0.007559668422648026 -0.1580639440737723
1957 -0.08363138375917696 -0.09461717335134148 0.09065427067216457
1958 -0.118714069859815 0.09782397803746737 0.03232638167320599
1959 0.04008997233636888 -0.07508117006452242 -0.1372816629111811
1960 -0.01156363364146371 -0.08180581994731875 -0.1264632860754389
1961 0.1442710796200255 0.05131954827830173 -0.02922915096566191
1962 -0.01920129936015076 -0.06547750233574869 -0.05547638991400738
1963 -0.07424776350305895 -0.05007182502605644 0.004840134387287856
1964 0.07142761943702212 -0.05563581670047722 0.05218483098719007
1965 0.01022655696964308 -0.1527978662574039 0.0310249608355045
1966 0.06438860391124154 -0.09007808082637586 0.1083031252595331
1967 -0.08478487451158391 -0.01758021499070755 0.0473476154497612
1968 0.1255255111171521 0.02810084542791337 0.09851643830331892
1969 0.1394824350118192 -0.05582304913640363 0.04938863121848497
1970 -0.04183957161869174 -0.08965133879167092 0.01080122239730525
1971 -0.02053220392338233 -0.02639638040929437 -0.1560866863530334
1972 -0.00213557074125436 0.07917526407382072 -0.1284278531001852
1973 0.08879387654609083 0.002596565499745351 -0.02741184035852247
1974 0.09498727574939216 0.1106007287700529 0.05969962700648767
1975 -0.05556115488531525 0.06034365272315625 0.1408556668726852
1976 0.07494647874188315 0.03345720466370698 0.1353302862138546
1977 0.1255204911865098 0.05906398333464365 0.07061929377901954
1978 -0.01684253310091457 -0.02612306612618896 0.1571577361751924
1979 0.06588542419800612 0.1093284671001383 0.09849908390314076
1980 0.04871750893319708 -0.1323092697634239 0.07372960550734615
1981 0.1552590540942966 -0.007327784088548794 -0.02184657215120894
1982 -0.05488452497019967 -0.1369907349517632 -0.06605338552592264
1983 -0.03611053281497695 0.1253877512466578 0.09356823290940773
1984 -0.0364788084289488 -0.04799217121697029 0.07755287489725921
1985 0.02804392809112895 0.1210575455733111 0.09887375099832411
1986 0.1421351264335114 -0.02157763320363834 0.07217016681118617
1987 0.1498759837907631 -0.05454263585237064 -0.02864461089535346
1988 0.1195886893270699 0.06600282619943838 -0.07970187732748824
1989 -0.05327757440685694 0.09101845437711625 -0.1210201777340252
1990 0.03332141249789564 -0.07569904613911022 0.03157151040242877
1991 -0.0913443835104715 -0.02358914269501994 -0.1255310736102049
1992 0.08164935189535304 -0.1023670225372861 -0.04692981185784292
1993 -0.03597404002747621 -0.1213365312011492 -0.09894850522907978
1994 -0.1465908823998813 0.02830405244927852 -0.05869908217645811
1995 0.07327476261673985 0.06150909642554118 -0.03831226702068972
1996 -0.0495866906806552 -0.06231673806295397 -0.07999423960939595
1997 -0.1500578925195659 -0.01530096564510987 0.04870221615203467
1998 -0.0940896339329739 -0.1213141994378694 0.04247758898696298
1999 -0.1031461677550018 -0.06661942090688662 -0.1043960604907489
2000 0.02283249472727379 0.09721438763585852 -0.007638440452971591
2001 0.06825655451756857 0.1401894706592525 -0.01379794712172159
2002 -0.03023430830856049 -0.158214586443777 0.003481737121462327
2003 -0.095904265786946 0.1213213070811449 0.008387775003361358
2004 0.1206257590152289 0.09894605490569348 0.02508304479575569
2005 -0.1116868558867538 -0.0638337469217295 0.1010285216401875
2006 -0.1514204358906189 -0.04524487466111349 -0.003770520093408784
2007 -0.1236924905526728 -0.08422472272915693 -0.05365801713904488
2008 0.08137806178534095 0.04668441627074958 -0.1294469882590257
2009 -0.00420270594963635 0.1016268369557393 -0.07325050093088212
2010 -0.130575164260693 0.07009101477506555 0.06150976979137466
2011 -0.0184325024974703 0.04483294770565336 -0.1533578826727693
2012 0.06878653643223007 0.1284886093574779 -0.06725119950170312
2013 -0.1478817157126471 0.03492140614706606 0.05399339607460317
2014 0.108658379650977 -0.08646059467776701 -0.0797910521069766
2015 0.01931194544130085 0.03109938262935066 0.1567662566352468
2016 0.05195352505666834 0.02388749336981758 -0.1486088335092506
2017 -0.1122166079858587 0.0272058080047407 0.008062726416231472
2018 -0.1390986262030975 0.08519959746881588 -0.01100542387112843
2019 0.005945349860263541 -0.03468815747407104 -0.07439840603651142
2020 0.04395718437907465 -0.03649488335208596 -0.06903022793466096
2021 -0.0286463036529898 -0.1023384883986083 0.1231968413497235
2022 0.07770397604707298 0.0131933198843924 0.05893502088411842
2023 0.03384660699659173 -0.1333902151717517 -0.08173038877951896
2024 0.09953877212351077 -0.08999170889572856 0.0903160756903815
2025 0.01588399056386578 -0.08603641075820161 0.07543372818736041
2026 -0.002519773457496342 -0.09932205490997319 -0.05706324877101827
2027 0.07225237042571203 0.0788521390465633 -0.001707468280513474
2028 -0.02263716214997812 0.07245002776251916 0.08748145258694069
2029 -0.03362557767686343 0.09068115587078106 0.1299353449867346
2030 -0.05348885863024789 0.04187430500807317 -0.05471861004419643
2031 -0.1352734703526306 -0.05330666938839145 0.0703274332905178
2032 -0.01115212049456818 0.1563910688350827 -0.03913511076469858
2033 -0.0570488445454941 0.1352515264748256 -0.06968240419640438
2034 -0.01016667269997296 -0.006214057812722516 -0.08901956840887715
2035 0.1111536001278424 -0.1141525219567894 0.02388329300458459
2036 0.02249915968985411 0.01341834464953317 -0.1183228049436006
2037 -0.01459137452919278 0.07922288305977847 -0.02833912773433763
2038 0.008390292730129031 0.1574128785186981 0.03656973056588535
2039 -0.09064004636832862 -0.05768728567467512 0.03958011263989172
2040 0.1020263887072499 0.053781780362321 0.1150754025153602
2041 -0.1047491736476321 -0.1218468866817861 -0.0008144259534374268
2042 -0.05018450907443975 0.0108666047921839 0.1075077576960242
2043 -0.04567215401836204 -0.004860594164281966 -0.1168830561701641
2044 0.02823105687617505 0.1053026990603057 -0.124274898136471
2045 0.07971494183966971 0.03568665475558155 -0.07854134390898669
2046 0.07842245764717724 -0.03485149032231974 -0.02274870184291453
2047 -0.1160392540905235 0.08187165284709054 -0.07906895229254526
2048 0.005997618824119772 -0.09163190036461638 0.007690023824203692
2049 0.07278056400289626 -0.0474362906849376 0.1368764365794634
2050 -0.002166027548986299 -0.0546044379813449 0.06207630938024141
2051 0.1031037069195618 0.1209276790766609 -0.02336079970079388
2052 0.1439150739619403 0.03870152455588122 -0.06613313033303489
2053 0.02200332722037372 0.09173466436667166 0.1318086425523571
2054 0.02252847748446427 -0.1286193636459167 0.09983776564817565
2055 0.1098430352869554 -0.1169025299880416 -0.02230707486480771
2056 -0.08781476485741253 0.07841350908825492 -0.04089056044733454
2057 0.1041379470618339 0.01328894368298402 0.1248290862887672
2058 0.01458091771865127 -0.04013100891718918 -0.1073556791736734
2059 -0.04700312803426869 -0.1102828489422158 -0.01893538501351861
2060 -0.05851863680124245 0.04498220898083442 -0.09570894773158073
2061 0.1232293171927178 -0.05247304541856443 0.08352961598353836
2062 0.05951518837390538 -0.02116609386047644 -0.09950628628038473
2063 -0.08323930936125648 0.140089407433493 -0.02064062476733848
2064 -0.01798961464417268 -0.09053117295812024 -0.09185233221794097
2065 0.007748507239164642 0.05586285474028145 -0.06337018233132326
2066 -0.001720335282426152 -0.01641165931961762 0.1243824253036807
2067 0.08708200149921455 0.0111082963497866 -0.1390729432914545
2068 -0.1179597556834357 0.01875381558279 -0.1118737221818202
2069 0.04176381327634731 -0.1504241843558825 -0.04798676686042044
2070 0.06572952253131899 -0.05091265987674857 -0.1318809797116629
2071 -0.04697276915529072 0.1077154078727182 -0.02295838497180832
2072 0.02431529118198433 -0.01901893107638111 0.07566634717567075
2073 0.06471733515235784 0.05140207953264843 0.0237258575776115
2074 -0.05021961008368492 -0.007518945650622931 0.1557694805004262
2075 -0.09827814035903799 0.0432102811647414 -0.05045558165780311
2076 0.05393862946860933 0.1537272765114276 0.02464089557809908
2077 0.07561730340191469 -0.1430701125536209 0.01387658091811364
2078 0.06894363263961131 0.08426917912867804 0.05217381756701327
2079 0.1577179212198586 0.008530192601929084 0.03392935264610889
2080 0.03772156301061221 0.05090949196104991 -0.1024450029967355
2081 -0.09184976725462361 0.1053946359666863 0.08358573817511017
2082 -0.04065781533468637 0.02777215227443545 0.07833578292094674
2083 -0.09442373687452107 -0.08714286274537725 -0.01926554059576255
2084 0.06863963311509887 -0.0863369036915438 0.0319280244042042
2085 0.05005137581748184 0.009735680464175273 0.1550144470479352
2086 0.07262544795134422 -0.01930075752881519 0.04182123630590939
2087 -0.04389387845068212 -0.04976346593177647 0.1463631644884603
2088 0.03857953957809591 0.01916276526968352 -0.08001520005519966
2089 0.04408020717678668 -0.1581918439692556 0.001124057579582175
2090 -0.08582786484027947 0.004558901208887411 -0.02349955864981596
2091 0.05058411538365851 0.08844662198694683 -0.0667790429691883
2092 0.01583956615875365 -0.07683983252116865 -0.03127061454311005
2093 0.02271403344632368 0.1073466282776316 0.04630136027941564
2094 -0.05329318869592538 -0.07952422589648206 0.0791884203950005
2095 0.1312908241891584 -0.008041528249160917 -0.09762322403090795
2096 0.06279587539721537 0.02662523949037557 -0.04651593688089228
2097 -0.01964694811537135 0.007388144059897903 -0.1651215032053104
2098 -0.01002808473289134 0.03165447536946779 -0.1204303362379987
2099 -0.03417677516432244 0.09512414739128326 -0.0534548510154951
2100 0.02493413029957645 -0.06019159998480022 0.1510934732050751
2101 -0.05617062479747779 0.1402826301527108 0.06634510156583853
2102 0.124472150561887 0.01291968725474137 -0.02956088344553242
2103 -0.01718578492289997 -0.03628865071873986 -0.1233378539698779
2104 0.06910654620642383 -0.1321019209021444 -0.06725299525150542
2105 0.1005620220262206 0.005006839280810332 -0.06567922106411395
2106 0.04072134677085414 0.06820488618784211 -0.02204616223544378
2107 0.1224388358366249 -0.05284392344289443 -0.0981137898763513
2108 -0.1389766873472656 -0.08163144212158813 0.03214082623002506
2109 -0.02782915208356723 -0.05917764925522298 -0.1472036749746232
2110 0.1006633988606948 -0.04163775532471008 -0.05272426890335406
2111 -0.009566082408919988 0.03780346485154462 0.1126150454252116
2112 0.0735011924758507 -0.04851206863266533 -0.08305664193289049
2113 -0.007735050014163112 0.06175010674759179 -0.09975301421786839
2114 -0.05834892996976741 0.05247743560510082 -0.1454971201129256
2115 -0.05393852660615613 -0.01402123063792409 -0.1571641416468609
2116 -0.08824483505436843 0.0778420190275418 0.03403309473174741
2117 0.03700667668189869 -0.01909708283882069 0.1084535460919422
2118 -0.07612214443784948 -0.0650166557883245 -0.1297341863720295
2119 -0.00352467574176896 0.1343941323922229 0.09918849794238391
2120 0.1589292424216101 -0.04881388603755148 0.005119433574295038
2121 0.1086623054905879 0.05894522651371106 -0.1118672283235923
2122 0.04697408297573741 -0.1151594375809702 -0.1090128822767183
2123 0.1033779569809239 -0.0633806877320065 -0.01218942082577001
2124 0.06844859891561124 -0.08925635536212702 -0.1214624198460469
2125 -0.109096066164894 0.1102650801421189 -0.06035379226944693
2126 -0.1186928197876043 -0.03230350557344847 0.1135281435728747
2127 -0.06128842750935899 -0.03806850509139514 0.1006017048374274
2128 -0.1519588044991061 -0.05449747014806192 -0.03837481448362574
2129 -0.09391315674772976 -0.05930655597768131 -0.05924219297033084
2130 -0.1258748568987169 -0.01833153828704591 -0.01682642799120733
2131 -0.1613017930138926 0.009025523707365859 -0.0324414006718244
2132 -0.1145761610584614 0.07171440885446988 0.09556138893409409
2133 -0.1256744704020225 0.01028783919916013 0.1071092441292795
2134 0.04387293582786531 -0.1522238179688415 0.04403686460122321
2135 0.01150881464023839 -0.1139279874670377 0.03385915269722643
2136 0.05520724412111852 -0.06038518480016092 0.009091657019430228
2137 -0.05785562456462298 -0.1137619414486938 0.1061998573511986
2138 0.06176981948067614 -0.06405474103573576 0.08487634325076635
2139 -0.07113319005483394 -0.1124238006421414 -0.0988763406651148
2140 -0.06607211438601097 -0.1491789096685033 -0.02246996140591118
2141 -0.0227412835203466 -0.1105180185810602 0.0596342565048084
2142 -0.0693479288794961 -0.005613461349563365 -0.08723783644153919
2143 0.08096845745634251 -0.1205464171131868 0.08140437659193808
2144 0.02088814818020604 0.0792999292593097 0.09994014628910548
2145 0.02550470356695869 0.05406785021156134 0.0577891571775563
2146 -0.1140247992913206 0.05523232902033422 -0.01300052972348901
2147 0.0540231660905247 -0.0763852081431368 0.138250246815271
2148 -0.121613969846512 -0.02955024775055707 -0.1060498891209329
2149 -0.09924644170033514 0.02265742846523466 0.1327613856138794
2150 -0.05352710096038696 -0.04136297634398602 -0.05267409486681616
2151 -0.1077529547351714 0.04649779297010798 0.05017922058191861
2152 0.0262878478628876 -0.02556687228391488 -0.1618456802393231
2153 -0.1152336719454735 -0.1122932503920075 -0.03346400784640989
2154 0.1474728837547437 0.07256247026799281 0.0005027703203695742
2155 -0.05517674141219069 0.07720669061655416 -0.09147060246481353
2156 0.1343952278962806 0.0812097834453733 -0.04911140003892316
2157 -0.1272974262772919 0.1108820853251126 0.003617563467905072
2158 0.01276655240914876 -0.1102732492916684 -0.02120901190918359
2159 -0.1086055416631482 -0.05863125563495324 0.004224149486818589
2160 -0.06710305625696206 0.05297222899059299 0.08613254744687038
2161 0.05632426445249061 0.01429032588113086 0.1088778830665776
2162 0.1128434237810743 0.03142313220712444 0.03122709143854315
2163 0.09713337421309551 0.03869856058783002 0.06332412196298559
2164 -0.04513613970965154 0.1607560416113383 0.01126269102745665
2165 0.08813182334779802 0.1075722948775933 -0.08905943340287499
2166 -0.004392844984490153 0.1240553865077572 0.03267775605157548
2167 -0.1617185088100097 0.02450407542079588 0.02331889609136553
2168 -0.07966887392830305 0.008972069784834513 0.02532661183776114
2169 0.01957417290440077 -0.07178644552544783 -0.1123733667658911
2170 -0.03193223873822008 0.07887033196273072 -0.1439428769517799
2171 -0.08795498794685153 0.03413881031259501 -0.08483172679407194
2172 0.1252625246282537 0.09251403653887738 0.05944744888958114
2173 0.008143694819762296 -0.06726414207089473 0.1025652282671434
2174 0.01291839705982213 0.1399599347645696 -0.09396395113760592
2175 0.1008518378349208 -0.0276843874407382 0.1293173561704365
2176 -0.06297929178099443 0.08646398388445856 0.0554014385288372
2177 -0.05551020153610445 -0.03438663233718267 0.05264801965272076
2178 -0.003781868809351163 0.1030066167364683 0.07191260636076639
2179 -0.07943943613903648 0.02634919872096583 -0.1441200489330107
2180 -0.03012229922931116 -0.05700164982369067 0.1095056527505199
2181 0.1175106180009884 0.05764402520251774 0.009176753143530825
2182 0.02327429513753098 0.04373164602469699 0.1155345592347106
2183 0.02539203819877575 0.1616123852956993 0.006697378722157568
2184 -0.03641686768270506 -0.06559078962857122 -0.02779286983343517
2185 -0.02220820240499588 -0.01692160587279536 0.07661689196240468
2186 0.1642726503068762 0.02605511079716368 -0.01488386378826764
2187 -0.002900091280912074 0.0251960414249747 0.07197089975759421
2188 -0.03532373996621516 0.1355116801124256 -0.09711045491237062
2189 -0.07778899171548628 -0.09023255245903666 0.0492991628843186
2190 -0.05753160716966102 0.05855391334809096 -0.002689154677868898
2191 0.05169432080088148 -0.07233428558247133 -0.07529061317291802
2192 0.02220596193687162 0.114781307827003 -0.03865374853108736
2193 0.04099762845317673 0.0546463284879839 0.08917479472370324
2194 -0.01092333915463861 -0.164951236599578 -0.02329336733310658
2195 -0.06441128160745446 0.09092532287275121 -0.06421707730907712
2196 0.1039570242299801 8.905962562794426e-05 0.07107078494868507
2197 -0.07816137814338375 0.144019108069272 0.0281248345593663
2198 0.07723271540744875 0.08480719966744847 0.1205653149043888
2199 -0.0258444343716924 0.06826259532946526 0.03482536001369665
2200 0.008025396945644624 -0.1570136676371393 -0.05102155446033788
2201 -0.09923905137854919 0.08421421636360178 -0.1062677530554372
2202 -0.09684764703287355 0.002392874941704509 0.07095693923203869
2203 -0.06369795909166916 0.1166467125171174 -0.1045715186805931
2204 0.1345660032186191 -0.0923751008587588 0.03483391060560913
2205 0.08667132976706091 -0.001252036409351391 -0.1022222529210439
2206 -0.1133992794951603 -0.01069640610171368 -0.04887615136312681
2207 -0.02693747011405808 0.04758461977631608 0.1559341636014009
2208 -0.1467782033922193 0.01174971521026393 0.07969808725300566
2209 -0.04386166025113182 -0.1170365963871653 0.03037055129608602
2210 -0.1219348595713493 -0.1104666457037795 0.02623867943221412
2211 0.009294671772337176 -0.00154828978313557 0.1659226278236705
2212 0.051624654717065 0.1138631709028358 0.0003603161201290658
2213 0.05063144647458979 -0.06047829772146136 -0.02379085250662611
2214 0.04727985144865891 0.1513292318061644 -0.05319428144236793
2215 0.1087554169560684 -0.05639759117774215 0.03639532115979145
2216 -0.01368995214781218 0.05372255811453501 0.06362705413507953
2217 0.1559548945297139 -0.02579239623100257 -0.05071694779956328
2218 -0.08785083890524745 -0.1249755445346958 -0.06586044123101199
2219 -0.0005653962412615482 -0.1083803925403871 0.09118243682923963
2220 0.1181004572577589 -0.006062880679029849 -0.0007482440644690771
2221 -0.0490115285808718 0.002220766935178616 -0.06364636403663217
2222 -0.1540713973145003 0.06130557251590287 -0.03141932842160865
2223 0.1425722945041636 -0.08508069931296539 -0.01765057154673631
2224 -0.07660581332820678 0.08102395757115199 0.1272522391144326
2225 -0.02840647697779583 -0.1544775385933052 -0.06136273501158422
2226 -0.001015775124451772 -0.1458074183620658 0.08910940802709681
2227 -0.06316352464894415 -0.1457992712633616 0.04449442885995712
2228 0.0829958187771217 -0.02177001321517555 0.102402484910169
2229 0.07632625923296006 0.09250013550907235 -0.116556022451378
2230 -0.09618089016452128 -0.02206000149536286 0.09239908642615055
2231 0.01643068833129399 -0.09658928700877242 -0.1328027366460536
2232 -0.009571059367471225 -0.1158145786805571 -0.1205736064266669
2233 -0.1232909106921996 -0.01370638130356455 0.02791407270142244
2234 0.0007378625107164055 0.1215820246477337 -0.005921615404707051
2235 -0.0554311243748637 0.03461878545769952 0.04318286962230304
2236 -0.02487801163192686 0.08686257892663522 -0.108018839567629
2237 -0.1128706895148728 -0.0319095482360143 0.05808857559651488
2238 0.1471155575385052 0.008186856331830037 0.08509857421655596
2239 0.0302096443968694 0.06306929521749563 0.1502993801769751
2240 0.1134152053732428 -0.1110725565349259 -0.05641486771746082
2241 0.01293500543038131 0.156313159107836 -0.06285442929642931
2242 -0.1195024144352074 0.1012689350994459 0.06545909097940354
2243 0.1673748747919121 -0.01303563087098935 0.009438634395946076
2244 -0.08378262767753904 -0.004292908184769828 0.1455208888558298
2245 -0.1532935007240697 0.002564708589498192 -0.07569743752442545
2246 -0.02077193854203874 -0.03784042030951905 -0.0638137082602372
2247 -0.03724711989309334 0.08347992034988022 -0.004169787039156238
2248 0.03879539181218585 -0.101670869191087 0.09217321859293395
2249 -0.04888074003084879 -0.1437683538700466 0.07478844673242079
2250 0.03303773586432641 0.1551501614297082 0.05914472263658326
2251 -0.1438768349465745 0.059829133002938 -0.06770060927569879
2252 -0.01995124538167668 0.1443597823123055 0.07396713008686262
2253 -0.05990747693797874 0.002574718828561426 0.04981668450001157
2254 0.07133881104501144 0.05324736474447737 0.1009572608560439
2255 -0.0775773402795602 0.1059181889672493 -0.0131351048257553
2256 -0.0686149170973136 -0.09492329759289903 -0.05140594261839364
2257 -0.03502935381254964 0.1153376792340769 0.02806030977008681
2258 -0.1119527927480756 0.05496546937388423 -0.1148873436747258
2259 -0.01590422804148551 0.03222995616243903 -0.07200952300069276
2260 -0.08608678982345978 -0.1256665065888255 0.07429477746017735
2261 0.1628654004685841 0.03578309939899875 0.01641230637845179
2262 0.1596560818305227 -0.02976307154383079 0.0451502247577196
2263 0.01172275103297288 0.07751525595918898 0.01567140321847141
2264 0.008956153430253026 0.03715060921771886 -0.1661765370227203
2265 0.01527480854096482 -0.01971740941156892 -0.1305357614667808
2266 0.02509841064859774 0.07586229034899765 -0.1488686426333941
2267 0.04928599988434154 0.0554169443366087 -0.1522599342516502
2268 -0.03531498095203166 -0.05941941668059929 -0.1156214567083739
2269 -0.04460248754901664 0.02804145129955347 -0.1163977730707327
2270 -0.005949701950435288 -0.1266070052242237 -0.04107653090610729
2271 0.0949746372643793 -0.06344453578237966 0.07269474903274843
2272 0.009072471466931549 -0.1682721766836377 0.002300258058507046
2273 -0.001179327377766035 -0.159152586007793 0.06013298163131925
2274 0.1046224048072719 0.06966844514944638 -0.04200121476882573
2275 -0.02687165355179955 -0.07275419976861491 0.06224423274467573
2276 0.1597546920957428 0.01803860045345518 -0.0462956389125334
2277 -0.09178932697710991 -0.06351207191023248 0.1269467546942456
2278 -0.1110344014583024 -0.006297566947409076 0.1294460303643011
2279 0.02339189686944126 0.1108701885419219 -0.09350142970347367
2280 0.1369991653979004 0.1021276156131646 -0.001559776564702749
2281 0.04502173342675705 -0.08537296097324119 -0.1021598674932835
2282 0.1117510997507442 -0.001828452995127679 -0.1226366622481744
2283 0.05331468076643799 0.1360718972782046 0.08641825948500223
2284 -0.1598959895024465 -0.03980947777215144 0.02814571926539859
2285 -3.612464623667204e-05 -0.01329426510908976 -0.1716976119224531
2286 0.0111164590152694 0.008903784113976347 -0.07564347336428136
2287 -0.01564433655268277 -0.1683203211349658 0.0280592116792969
2288 0.1194094337399719 -0.006209015848506243 0.04267777836155071
2289 -0.06457071815657614 -0.08599849899048964 -0.01025981218448382
2290 -0.003212326428659571 -0.09344149612406089 0.142277715532384
2291 0.0447611360569781 -0.04979133322637373 -0.1549921660940249
2292 0.1064156015536831 -0.116127330277485 0.06242893796111625
2293 -0.1666785625608006 -0.01828680342514523 -0.01488535525352231
2294 0.02519127764973293 -0.1521075428899186 0.07430127515346069
2295 0.09668536086683532 0.1391769553778765 0.004164413679030589
2296 0.1062764766983489 0.1275137551914013 0.03360192280822914
2297 -0.05966696395814065 0.1104208073293213 0.07545028798039961
2298 0.05703781488183196 0.07999547647322341 0.09591954554427484
2299 0.03916065340323204 -0.1151781805612346 0.04901164605069949
2300 -0.133136465585201 0.09844680571048624 -0.0464215647639331
2301 0.01077055667038002 -0.005143478058781037 0.09906994016865409
2302 -0.009791205998808755 -0.1257450392166633 0.116270983748774
2303 -0.05435147667268139 -0.04067600621000034 -0.1012653368126431
2304 0.1169027816500621 -0.04217800850888584 0.007309675939043386
2305 -0.03212007852980372 0.1148793046149582 -0.1209645340549054
2306 -0.1145645144074322 -0.091742810432794 0.08726613661157342
2307 -0.08652627264292219 0.1287539933709495 -0.06822871585408774
2308 0.04185275764551601 -0.1190293460847801 -0.01163637211336854
2309 -0.116589655871904 0.02045003161251609 -0.0611533414766894
2310 0.08066819342122226 0.1450176770797085 0.0387098602770923
2311 0.08440497913668271 0.1396452016659164 -0.04152860443473582
2312 0.008094909329846731 -0.1328007296403192 -0.1003425686309622
2313 -0.07030538575306121 -0.001280339374498025 -0.1346724961602554
2314 -0.1014556479490678 0.005113961311151759 -0.1353964522947115
2315 0.09651342337224258 0.108243492574272 0.09110166023668498
2316 -0.07517686251502642 -0.02343411513354728 -0.01294146090203462
2317 -0.03697878094784553 0.02688628571489392 0.1296989134454878
2318 0.1318322175065811 -0.07974120180633959 0.0691971581490073
2319 0.01092250801293235 0.02385505090937842 0.0974779515748723
2320 -0.1166783089615078 0.04222672991727421 0.115620898051485
2321 -0.04755720935201898 0.1142530480736699 0.1185534899411372
2322 -0.1487091652960797 -0.02856643238331651 -0.07695886067551019
2323 0.06977286432276501 0.02029236365051647 0.02754442839906245
2324 -0.1052982128772279 0.05839765372651291 0.01614665206786948
2325 0.04374327400900782 0.03495940362964631 0.1375553736813802
2326 -0.02182759657532106 0.06716756612489513 0.1165230116047752
2327 0.1333360202237328 0.04433484583105244 -0.09833022600065268
2328 0.01451066343001158 -0.1260139367263921 0.005455875831258849
2329 0.05240065685523737 0.1114232056527605 0.03172748880486052
2330 -0.01670643244976244 -0.07417598272268849 0.01743833787644971
2331 0.04932389874037818 0.07813668419532356 -0.09663388440052659
2332 -0.09242051849245793 0.0353206571737936 0.08923252125750218
2333 -0.07286011321730287 -0.06781366690726526 -0.09930123654598118
2334 0.05575802600200449 -0.08945237592270867 -0.03474167489662935
2335 0.04690093439641619 -0.04905826303685042 0.0358308129440309
2336 0.1157891080558107 0.04162254723452086 -0.02034384553706457
2337 -0.1578966194447262 0.06211427825055045 0.003805190383859409
2338 -0.07132111449716247 -0.02244100326125134 0.01942296105477849
2339 -0.08664499374129062 -0.09084172196792212 -0.1154599492314539
2340 -0.1193210727243628 -0.08624934551156942 -0.08517383772857348
2341 -0.09469431642830081 -0.01505339573758111 -0.07278427217834324
2342 -0.0463582942918865 -0.06137883631513098 0.0006141293407968965
2343 0.005488220271568138 0.1693772110899006 -0.01609980576139362
2344 0.08464596662513374 -0.03215867891593456 0.07617251777403783
2345 -0.03294432538635447 0.1244792164096693 -0.05644867823207511
2346 -0.03486631849954439 0.1553646366231018 -0.05917563993170659
2347 -0.09461801869763731 -0.1421460346582717 -0.01971482424226944
2348 0.05903258930583555 -0.02444469155366824 -0.0446817097836547
2349 -0.03417653777809404 -0.080051765393757 0.1452375597650923
2350 0.1187387247150907 -0.04670903409854869 0.1132865530557874
2351 0.01493023783302798 -0.07487414477907697 -0.1528206065402691
2352 0.117292261898428 -0.09601151648027838 -0.0005665691913026033
2353 -0.006233577450529583 0.08966773019009432 0.1442831824659707
2354 -0.04685189381305469 -0.07384857404702244 -0.05351081901870306
2355 -0.1436337505221319 -0.08921818794895613 -0.02925144589989509
2356 -0.1089413737707771 -0.07873854831455902 0.02718664614924472
2357 0.01195824482127286 -0.04252647609283745 0.1190333012355429
2358 0.07710373864786391 -0.01675711837639332 0.003709330639678492
2359 -0.03348006923218778 0.1663664471348064 -0.0166736012424155
2360 -0.04847279906306477 -0.042767660814917 -0.1602549932087563
2361 0.1079100617741851 0.08657019859866971 -0.09896029625829024
2362 -0.06898583388118226 -0.03205269736612646 0.1516403292750877
2363 -0.09216635705160717 -0.1415099618511914 0.01929092805707998
2364 0.1444102492299307 0.0851248125747022 0.03785466898842666
2365 -0.1712694444736375 0.01113897743055312 -0.003814017298622194
2366 0.1577300730884842 0.03504460390925116 0.05338603709219971
2367 0.1458145399975377 -0.07501329576254122 -0.05220677631514494
2368 0.1445413428784354 0.01779946107080604 -0.08832535558314381
2369 0.03485528112527391 -0.04415222137977916 -0.1271591396108395
2370 -0.01909601693470011 -0.119260366102329 -0.01572024837414323
2371 -0.07506559709596276 -0.1130797163564152 -0.003340420565480298
2372 0.0454298646768955 0.1095013676971127 0.12184861711495
2373 -0.1467709359261374 0.0855079475346185 0.02091527702564917
2374 0.1285647907574858 0.1053964174728872 -0.03098380262543701
2375 -0.06520272236355168 0.02307917236927175 -0.03465787075861118
2376 -0.06960937676702246 -0.0114464576218148 0.1110939643232116
2377 0.03050312839445013 -0.0942359991674037 -0.07570678341550935
2378 0.09187181727926001 -0.1330413429531404 -0.04414380965424792
2379 -0.05934719094780626 -0.08991420415193485 -0.08384015561617587
2380 0.119398352048832 0.08381051714910971 0.0891892631759668
2381 -0.0724748728710243 0.1060871384168699 0.0207882520587421
2382 -0.00662991001626047 0.07124650472788605 -0.1560134450876517
2383 0.09055033175899224 0.09343995791912353 -0.02865604366576265
2384 -0.0988191168595554 -0.005744034930420206 -0.1017231491429535
2385 0.05872235638455925 0.04857567920175952 -0.006428935828924379
2386 -0.02999077990308158 0.1306646365932697 -0.01411541268068907
2387 -0.04496286563439961 0.02260551454639104 0.1626359541981792
2388 0.115143645417785 -0.0150827203103736 -0.04767591007674909
2389 -0.02921629055642336 0.04425553329400385 -0.09416790046797334
2390 -0.06748449318924249 0.03413391366147799 0.1081797950769124
2391 0.06995366334907195 -0.1131978095080709 0.0173294416512282
2392 0.09383598361670473 -0.09390675653091837 -0.1053181680516496
2393 0.06461041028355803 -0.004730280496381674 -0.1555514257139651
2394 0.1039481733997679 -0.1358133551468749 0.002181702257210642
2395 0.08538063799296371 -0.07457363266407357 0.1263370502531838
2396 0.09874154847471305 0.08134229641985881 0.01319827717814605
2397 0.043608661420925 0.1366350622989722 -0.09263229292725274
2398 -0.1362139722397257 -0.003898456186050349 -0.1068298212934985
2399 0.1176525224057881 -0.03188897429759863 -0.1200894845138354
2400 -0.07484881603025241 -0.03398240078528249 -0.1485483786175829
2401 0.07912277118003036 0.01332918971925237 -0.0005961686418441284
2402 -0.0341075876963756 -0.09055595122860194 0.03960742229585605
2403 0.03287404978281059 -0.05010849209511897 -0.04514292998702646
2404 0.05321052471228425 0.163469592290126 -0.003331445676770446
2405 -0.008795965452404578 0.07851351978134156 -0.05659772642299402
2406 -0.03888767401404328 -0.08770510902787834 -0.1405629687998388
2407 -0.1536176935173858 0.06226721147863463 0.0452106645895427
2408 -0.08252189250162384 0.04768578156858441 0.141325999726548
2409 -0.1410396987084528 0.02423075633025992 -0.09299925479110549
2410 -0.04903259800024487 0.05369268364348123 0.02361372459196943
2411 0.03454041071124582 0.1206361550135886 0.07063348577018604
2412 -0.03008030797353923 -0.1258320724091186 -0.05670543096640267
2413 -0.08686044216266062 0.08052994012404976 0.09972405392960147
2414 0.02334379395626997 0.06873336631408308 -0.1199359443322899
2415 0.06738230430705944 0.04744760976237501 -0.1030713772588613
2416 -0.001477819278248547 -0.05162817499429251 0.1636619392559796
2417 -0.03265861292497989 0.0973025923632663 0.09731106248878779
2418 -0.069594694410264 0.0284265343131831 0.005520032792203752
2419 0.05181275209983604 -0.006997990287636038 0.05410052025661527
2420 0.101295370312357 -0.05770647694420515 -0.07775533250544012
2421 -0.01751823114439317 0.169201885056192 0.02475255420142658
2422 -0.02314960466052706 0.002827448604512419 0.1214652690045776
2423 -0.08828802801933283 -0.04911155857794984 -0.02185510130359643
2424 0.1037029063856571 -0.02684146988144446 0.02871101785683722
2425 -0.1451006333944836 -0.06696940157781267 -0.0641235860151691
2426 0.0482159432227077 0.128778999663355 -0.03321137063390124
2427 -0.0329883578699576 0.005290326584893286 0.06429090790928949
2428 0.08314390008987105 -0.07849819568814397 -0.02860969128838316
2429 -0.0997857851673957 0.1288315909836814 -0.04088590030758072
2430 0.08190612444897477 -0.09464610463428613 0.06683289260789557
2431 0.06000214283769348 -0.03962561661110513 0.1007038584340568
2432 -0.01884881827914246 0.1163995957398026 0.1264853255810248
2433 0.009203929404408607 0.1199810801376161 0.1207138384236637
2434 0.004993263453142566 -0.07451538338613296 -0.08835457191440077
2435 -0.01817582082379986 -0.001952618463367035 0.1724446052078167
2436 0.06377878121892121 0.1074915239672913 0.0693123009629325
2437 -0.1086749196084902 -0.04714348183860866 -0.125497628982932
2438 0.03438905014984735 -0.07049309546005764 0.0911227101774716
2439 -0.07419149134045216 0.1486232479662245 -0.04840348320024222
2440 -0.02146911860406236 0.04483101007593825 0.08864705768335393
2441 0.1082590785257821 0.0311482337616815 -0.1283439634300488
2442 0.06135397408466794 0.05780913380488398 0.1486837623329134
2443 0.07879067492447617 0.08018788955901218 -0.06105547117174817
2444 -0.07193971518489251 0.05626762279162312 0.05192491634248286
2445 0.1351290488353681 0.004185249467977763 0.1106068626693741
2446 0.02826450606665648 0.05384700369400197 -0.04347828362717437
2447 0.1034754632258153 -0.08207556172220477 0.02200130605231618
2448 0.02496952176115919 0.1476043270517636 0.08646156966185309
2449 -0.05697600955677659 -0.09578591032735051 0.1300421626582431
2450 0.05232974433740047 -0.05388007836948114 0.1556117290788249
2451 0.06277006479071187 -0.02509711231167598 0.1552701079471021
2452 -0.03223002056214049 -0.005384724661339907 -0.1415528066147561
2453 -0.04346321421113314 -0.08652600095765547 0.1048728622707191
2454 0.04550614461275994 -0.1122398164035788 0.1216565520478188
2455 -0.05467520582024326 0.1576996198299555 0.03862436894233797
2456 0.09396953640892003 -0.1177826342022932 -0.08028965957834414
2457 -0.04810557942844295 0.08186428273210916 0.07915472000609761
2458 -0.02903597159083438 0.05850471517681272 -0.04294937066384356
2459 0.003278505092369504 0.05416070845952949 0.1645415976278767
2460 0.02703888984161722 -0.04165793744714134 0.09461492560682036
2461 -0.04963633524458018 0.07231508903203647 0.1163833376858949
2462 0.08066529996885627 0.009035940038640305 0.1530111286969243
2463 -0.1013482593577382 -0.03308957426856922 0.02785499535293813
2464 -0.153765018411623 -0.07269343582952778 0.005719676212872743
2465 0.07998081985126421 0.1320166911601015 0.07387654696615045
2466 -0.10473639722529 0.1321282564423693 0.03479441395421237
2467 0.05977521498972678 -0.1277008403899194 0.1008138612308651
2468 0.133597120752429 -0.07231533525152148 -0.08026414591276723
2469 -0.1696876591827437 -0.003923681187573829 0.0289808539055108
2470 -0.1634859738095916 0.01017523813031403 0.05385342647767469
2471 -0.0548018654739087 -0.118566205679871 -0.04472321294389311
2472 -0.05348458353297902 -0.1626134656621077 0.02175064874530922
2473 -0.1340124136749387 0.01605471670845711 0.02354387636291786
2474 0.001951242449486047 0.1066471795030367 -0.1358592930089464
2475 -0.0696761134871163 0.1212523998474785 0.1007223825671425
2476 0.1680841104749518 -0.03263925521388049 -0.02569728937892035
2477 -0.06351953291491436 0.02134917475150658 -0.08212777159294435
2478 -0.0522491913013227 -0.1570550055622896 -0.04605609247616637
2479 -0.03962858769046847 -0.1672138315630816 -0.02222830170470009
2480 -0.02790502189226813 -0.02074919309502284 -0.1037085644071841
2481 0.03485626775590307 -0.166379811822831 -0.02496026765177772
2482 0.002854759643680727 0.1604940478382341 0.06897480573154691
2483 0.001142814891939061 -0.04216531620062404 -0.1676222839209485
2484 -0.1515657542868349 -0.02934307366904895 0.07431786661971621
2485 -0.111931309271976 -0.1079609724411734 -0.06662793739564932
2486 0.003324682179278539 0.07684736930418848 0.07850601174645251
2487 0.002842838475472557 0.1231638525477079 -0.05715077430519254
2488 0.1270835932840646 0.05749465122246306 0.1000088253646305
2489 0.02790635524366832 -0.08836655985794474 0.1437772984702837
2490 -0.0521981614771706 0.06693013186529288 -0.06664437315529512
2491 0.01334228489142328 0.002825287934010368 0.07079843814124587
2492 -0.1045927538506097 0.03338496042921285 -0.1324849036723487
2493 0.09829160462179341 0.08172771200652897 0.0611485425944413
2494 -0.04060631826925434 -0.1344304087089283 -0.006628514292488164
2495 -0.08301580540404971 -0.06716596525309537 0.09965781877161194
2496 -0.09992281053672956 0.06237087854295126 -0.08968254056105897
2497 0.08620971782833348 -0.01625279060921743 -0.05166235665877782
2498 0.1454766968799126 0.03937895354455837 0.07989883966006192
2499 0.05329693612264941 -0.03575279697587236 0.05948144698845271
2500 0.1376385612132136 -0.02988583186911082 0.09942859236375462
2501 -0.03075477040126621 0.03497333820800018 0.05422898878039864
2502 0.08258314803853271 -0.08180487486008518 -0.06758911501780826
2503 0.05449834779815114 0.1008969043695283 -0.1309363030281128
2504 0.06881380772133389 -0.148008678410892 0.05906035182158008
2505 -0.01210645161765791 0.01855925406208804 -0.09769431722559592
2506 0.009373765251268738 0.07711639308183209 -0.02128339663909038
2507 0.1419932316040566 -0.02827653992122302 -0.006624738710632343
2508 0.1535984243069142 -0.07088839251658247 0.02844951904818156
2509 0.01842647964072161 -0.1305982265083835 -0.05725184601710564
2510 0.06930419753501706 -0.03370157768780661 -0.1553840869631894
2511 0.1046048818385168 0.1077086743746482 0.002475944777692311
2512 -0.1209442944086216 -0.03309834076726696 0.00714928773079097
2513 -0.1327878223956355 0.04248463602517583 -0.03744174658925289
2514 0.05126798208928519 0.04247668848679741 -0.1265169844904784
2515 -0.002250230954478802 -0.05769454455479433 -0.1181473151408878
2516 -0.1179946286860974 -0.1141320885371549 0.05660069878474683
2517 -0.0626409923793497 0.1588783164169209 -0.01201372344676837
2518 0.06051271037472904 0.03228476396179913 0.08465217302226746
2519 0.07840726943452121 0.1126379433947318 -0.01065340364568424
2520 -0.01356935043345583 0.09856613368199051 0.04001759046612044
2521 0.1489231313091205 -0.02684524226819341 -0.08071423934031027
2522 -0.007954839062480713 -0.1428986346552848 -0.004867834399005979
2523 0.02908953866586137 -0.01469313662163769 -0.06517797691545339
2524 0.07504539447614932 -9.2197796540926e-05 0.0867941051467533
2525 -0.1334593016331437 0.01528182820746342 -0.005893447570985533
2526 -0.07289410959299636 0.05506323498026061 -0.03994557323626163
2527 0.1329975359434386 -0.1058807530838937 -0.03573734231271902
2528 -0.06287742847880842 -0.07333321452687841 0.02009272401022266
2529 0.02191173844686839 0.09530696544463185 -0.07158637765714479
2530 0.01881157375695043 -0.06980907419691972 0.05380663955201306
2531 -0.1378220806860551 -0.04135961066990799 0.09538506996054399
2532 0.00342720936924789 0.02538441605070699 0.1342594882123478
2533 -0.1028431783180641 0.1241545655086633 0.0654613846896636
2534 0.0316420111100743 -0.09970873637810809 0.01662457818030328
2535 0.09813127543973819 0.1255411262200616 -0.06790842015760493
2536 -0.09264127159776603 0.08529473637465677 -0.06637783399545893
2537 -0.0261253795296471 0.07813896847009662 0.06075050043084966
2538 -0.02677251645684726 -0.05908796094706109 0.03825445686905563
2539 -0.1133695064739077 0.08169942933966223 -0.02090787393826242
2540 -0.06955657209279018 -0.06351407616925198 0.145754420739254
2541 -0.08396976004463322 -0.0908314107644904 0.119726265314083
2542 -0.01092709419577757 -0.08177330904810801 0.1168236752798243
2543 0.09398134179477756 -0.05096856853241321 -0.1343765781789521
2544 -0.005847279549622752 0.02144676831523036 -0.1457563672157467
2545 0.1517626992070945 0.07855475511534227 -0.02686777847275801
2546 0.1063428430067519 0.02104210598723089 0.004907047445032502
2547 -0.03709408843574212 -0.1015363467826759 0.08118046548850544
2548 -0.0955810843586106 -0.08565710731763473 -0.04792876293925787
2549 -0.0663775983370648 -0.004105908219038744 -0.04227349595570472
2550 0.02620751687632494 -0.04921958392012674 -0.08481153612700078
2551 0.01222969815032413 0.1051671139322992 0.02046360133706192
2552 0.06614853564235997 -0.07475880181101666 -0.1447965646103229
2553 0.06687172463490995 -0.07029914008840431 -0.09747695777071694
2554 -0.05607828642638407 -0.04643765849903719 0.02678592017186394
2555 0.06810754708113176 -0.003470765076820682 -0.1236738937575992
2556 -0.1092086782994837 -0.06348145177934178 0.07302966192992076
2557 0.04892793609261392 0.02284042176630137 0.0558632870316873
2558 -0.09059905877414459 0.02447669818791117 0.045271202854328
2559 -0.1527230595870164 -0.06068587275952496 0.04771537227564163
2560 0.03032133087818715 0.08048678012065993 0.05045309466347005
2561 -0.05751518963421232 0.128267615006414 0.04032494058934934
2562 0.04301565097585087 -0.002100698422458074 -0.1096065725343745
2563 0.0863538772450838 0.03098880238440417 -0.03073348197811521
2564 0.01965491655514416 0.03249495086261256 -0.06712877339783199
2565 -0.03811786856751195 -0.09393614540621995 -0.03815556030130927
2566 -0.0524873485398421 -0.1124971058151814 -0.1207515331342745
2567 0.09492692871118819 0.05749127882832596 -0.06783486101259581
2568 -0.07178965322842615 -0.1146784344768191 0.02633856411069233
2569 -0.08206000032720051 -0.1432402351139492 -0.04504387771668109
2570 0.02385145030485382 -0.07121436107427991 0.006527675245551859
2571 -0.07375496891824694 0.09053035610910878 -0.1045007174164694
2572 0.1600712798516517 -0.001634628240876474 0.06103294706524493
2573 -0.02325062681087945 -0.1538222720155583 0.07536441971991867
2574 -0.05708452209961268 -0.1369144856682619 -0.09288971008701487
2575 -0.02690139982672906 -0.0316218035610221 0.09939153329041031
2576 -0.008668588139416331 -0.0668783564077412 -0.03124870501225846
2577 -0.1671169355473965 0.03650235749247931 -0.03359694646147741
2578 0.123750319706141 -0.0541304763804908 -0.03894188635680774
2579 0.1657929409512085 0.05244060153995495 -0.005825443388007368
2580 -0.07113057858500219 0.07933814873901604 -0.01418933808057306
2581 0.0007245598005034058 -0.02626241680430668 0.06906640012633133
2582 0.04648135734772456 -0.1011601507143418 -0.1324285399673762
2583 -0.1145186283205566 0.07086494850357475 0.03902618916291691
2584 0.1194537033560736 0.02535774721190465 -0.07181040480512134
2585 0.0686357625533463 -0.1260723442405796 -0.09473906848837971
2586 0.1024349834320927 0.0534172180530261 0.08683802278120129
2587 -0.1357875805596908 -0.08191878970398857 0.07076819465930914
2588 0.1094035332124009 -0.07346142223943923 0.1112106134589577
2589 0.05109583023940618 -0.03059564589904137 0.1301081786316439
2590 -0.05965072400753353 -0.0460715764961853 -0.01879737397232913
2591 -0.03481193844950684 0.07518369483394179 0.1541302138601196
2592 -0.003891376879202935 0.02221031920552556 0.1729822739291145
2593 -0.0702076276769377 0.07799932061128526 -0.1401196116335912
2594 0.1437523095129559 -0.09496256652897386 0.008515832512079758
2595 -0.1467947144475419 0.05201244784361345 0.07748337938912946
2596 0.005322736136329526 -0.01610219174677783 -0.1070608523128082
2597 0.0572907321276694 -0.09673735568728352 -0.06206206874120675
2598 -0.01462634072662203 0.1231538969559221 0.05762180217701045
2599 -0.02473312160099974 0.004487970698179544 -0.0710544368218349
2600 0.09059945676748764 0.094311120151875 0.03698786395375121
2601 -0.04758789960841087 0.03698017774678724 -0.1648699187050516
2602 -0.01350234191668357 -0.05766572315029359 0.08543860541014736
2603 0.003489611052210932 0.06206913745868768 0.1102621597714051
2604 0.03550323125858679 -0.006253662157646044 0.1715483653609271
2605 0.01301232289934077 -0.1530884991870827 -0.0806584563381392
2606 0.04807609564467333 0.08465252087418251 0.1425439384108674
2607 0.02816152820426169 0.1245079660303956 -0.01048437926747748
2608 -0.06842206745746049 0.009513992740447704 0.08771123435576964
2609 -0.02016788281872577 -0.1517182534741941 -0.08712859514889454
2610 0.0668621686920656 -0.1065892252607474 -0.01532819475275469
2611 -0.07091024460193289 -0.07214922218439318 -0.06618008921897352
2612 0.07628711020466485 -0.04048952129227504 -0.1089842627335911
2613 0.08563053231544802 -0.1084461695389459 0.1063869132969636
2614 -0.02187561684681621 0.1040709809167484 -0.01310833141965953
2615 -0.01194549328310556 -0.126588780841929 0.04023690031355347
2616 0.1459936568279098 0.06646524033583334 -0.07005400121213182
2617 0.103562041577474 0.08145512043502075 0.1120186150521458
2618 0.09272700087903271 0.06685989762781919 -0.01672158757774804
2619 -0.1036332758924033 0.07478032300754558 0.1198928284138353
2620 0.07648482913758567 -0.05836872476617895 -0.008399060378342515
2621 -0.06652260232957771 0.009709590675694905 -0.1612901984797936
2622 0.008342771718916684 -0.01882808806505371 0.02144807831042734
2623 0.008342771718916585 0.01882808806505334 0.01681307019738284
2624 0.008342771718916685 -0.01882808806505371 -0.0168037631392056
2625 0.008342771718916583 0.01882808806505334 -0.02043840492692769
2626 0.002458081061447198 0.02081683849315213 0.006436053563673921
2627 0.0160843493260111 0.01226776625177753 -0.003867464629575236
2628 0.002743093435077315 -0.02298172240233081 -0.006427891594908046
2629 0.02229656594428688 -0.002791949172586652 -0.004573581900753299
2630 0.02230911312974869 -0.009058666578588287 0.006940356173691204
2631 0.02230911312974856 0.009058666578588191 0.006372043416537123
2632 0.002743093435077316 -0.0229817224023308 0.00627207807254953
2633 0.002743093435077375 0.02298172240233096 -0.005414984236733153
2634 0.02230911312974869 -0.009058666578588287 -0.01398430118499229
2635 0.02230911312974856 0.009058666578588193 -0.02158647580621824
2636 -0.007971093430739914 0.01989934819622985 0.01922213693134694
2637 -0.01509189417615275 -0.01976028815566269 -0.006636140142266056
2638 -0.01509189417615261 0.01976028815566256 0.005805447890145148
2639 0.01258175725213099 -0.01634068091845797 0.006063823958197955
2640 0.02473317691162945 0.03274269482881224 0.006416381335207081
2641 -0.007996830067344215 -0.01995142888666212 0.005230070622665409
2642 -0.01606794511260683 -0.03849155799550869 0.005093627760212609
2643 -0.006366506105902921 -0.02201227821114108 -0.01886508599866161
2644 -0.01115113177371463 -0.0306842615856403 -0.02243113303989923
2645 0.01200635731208861 -0.01828921416595779 -0.005155487582492678
2646 -0.01894303619621531 0.0102632253264107 0.0006889196547611547
2647 -0.01509189417615261 0.01976028815566256 -0.004787258839051114
2648 -0.00668924995874507 -0.02342631142152967 0.02053233654516363
2649 -0.006507648776640562 0.02263066465620758 0.004948497220093615
2650 0.02328180273209419 -3.230922474006803e-17 0.006670033083270539
2651 -0.006473296863246745 -0.02248015908979121 -0.006137869801986837
2652 -0.01509189417615275 -0.01976028815566269 0.01098425687758332
2653 0.03080961463504276 0.01119276846794505 -0.02230982611158079
2654 -0.04117144936118453 0.00152082781303903 0.006861367638459347
2655 -0.008275953905104778 0.02051626423831202 -0.02002453953812858
2656 0.03276583148537989 -0.01036475710055187 -0.01824444945704356
2657 0.01548581538871014 -0.02773697374446112 0.02040497643036539
2658 -0.004248930766885791 -0.0415262862569377 -0.002985546122547287
2659 0.01925908828153752 -0.0146598878857219 -0.0007047803948070368
2660 0.0157017431163884 0.02931126766965941 -0.02020570548525264
2661 -0.01799175770934538 -0.007589878022792572 -0.02038103407789706
2662 -0.02410934970054589 0.03347584359260229 0.005474185314454795
2663 0.01363145663785835 0.01728989724537194 0.00513076900947503
2664 0.003940987387865146 -0.02739003719406892 0.01428348182366676
2665 -0.003738661475623885 -0.03536299040486917 0.01751317536046208
2666 0.02230911312974856 0.009058666578588193 -0.01022331490675678
2667 0.02211105501200937 0.01933407726141156 -0.01978235029353507
2668 0.005024955102327562 0.0412972659671956 -0.005210058433812738
2669 -0.04061594963676134 -0.004008944564955638 -0.005803345372266878
2670 -0.006624521326101777 -0.04047938834321681 0.006815373081664891
2671 0.02470867143963601 -0.03311681339232282 0.00270954005508645
2672 -0.007329027598706469 0.0407063140405197 -0.006126577598544601
2673 0.01909106222832803 -0.02474873734152919 -0.01904989615865967
2674 0.009488975013928145 -0.03192209948155815 -0.01889103036498146
2675 -0.03550321310764041 0.02272076146332063 0.002512345267956977
2676 -0.01781828434491885 0.008095733575393792 0.01442287845835736
2677 0.02393482644772037 -0.01003233915239454 -0.005740584256880763
2678 -0.03459020246910235 -0.02246855190635447 0.006997395584893152
2679 -0.003785360693496494 0.03025330782660795 0.01768002498928248
2680 -0.01706969156466008 -0.0284255846938961 0.01858649114460653
2681 0.01039799203556036 -0.03306629657686408 0.01512990561522491
2682 -0.03773061896711449 -0.01397828584695296 0.008932254640387764
2683 0.02006661955088015 0.01538882923083304 0.01658140392167926
2684 0.02703266788146593 0.008182907085302605 0.02352209034503025
2685 0.02873821098525876 0.0194720760204934 0.01649473684478431
2686 0.01018366421298924 -0.02512297961295736 -0.006042236032417742
2687 -0.04031419586641935 -0.00640554344800894 0.005473512002585313
2688 -0.0379848011635805 0.01572655658900567 -0.006140083034713574
2689 -0.0236128758655081 -0.03379940011739949 0.006458166149506143
2690 0.01765407993351388 0.03789159216404407 -0.003008897944751053
2691 -0.01893221103979793 -0.00897719802740668 -0.003440525699034883
2692 -0.02683328475764205 0.002280903381205985 -0.02355717538365753
2693 -0.01796571854538331 0.009875150950562586 -0.01303774241944979
2694 0.02063445739325941 -0.01574481851594211 0.01809155505975286
2695 0.02689920656799151 -0.00364226389420312 0.01935741304294343
2696 -0.003785360693496494 0.03025330782660795 -0.01742547648507974
2697 0.01012595374683615 0.02410755679253073 0.004544271460449238
2698 -0.03444070976632056 -0.02329062320271505 -0.002082914337500994
2699 -0.01822253086818072 0.02599208352705689 0.0005090945255470164
2700 0.0188078059549437 0.02458101686146047 0.01566854294854426
2701 0.02076510249273224 0.01582672263027422 0.005708694283191984
2702 0.0004303084353399267 -0.03311469556144075 -0.01635968050858679
2703 0.003940987387865136 0.02739003719406877 0.006514909091104902
2704 -0.03722406582922928 -0.01559135841871434 -0.006803308262820129
2705 -0.02579030977626665 0.02344264681956557 -0.02038713375536529
2706 -0.02820041905510041 -0.0164101955895374 -0.01911789185718116
2707 0.01074162817050491 0.02183615891109145 -0.007031139122254345
2708 0.01066508980782176 0.02676920388602781 0.01416062781185961
2709 0.009488975013928168 0.03569270835867664 0.01607748131120801
2710 -0.006390260401349157 0.02211635257957513 -0.007409095153247324
2711 -0.01099245513194591 -0.03380740392011739 0.01553829329995095
2712 -0.0157135409045334 0.03867097259650921 -0.002773537018625262
2713 0.02560824222817222 0.003403764721016153 -0.005746719676357516
2714 0.01138534787779437 -0.02264335789260446 0.01241184428926953
2715 0.02656211293594248 -2.34187669256869e-17 -0.0151857590885159
2716 0.03543030843533994 0.001885304438559249 -0.01597412665359846
2717 0.01039775660269799 0.003437778700157055 0.02699236030912151
2718 -0.02912017752211708 -0.01228315157303051 0.02034692903634078
2719 0.02770687830429189 -0.02076532629736125 -0.01660315526352193
2720 0.009861030496297522 -0.02401974068791918 0.004930697884770683
2721 -0.03759642638774702 -0.006753630056419084 -0.01425185976920285
2722 -0.0327895898445599 0.004599331746444712 0.01978004808469506
2723 -0.0242918756324123 0.02274709540921303 0.02032317834603462
2724 -0.0185167728891104 -0.008257100682195991 0.0087411601503218
2725 -0.02912017752211699 0.01228315157303047 -0.01697461629701534
2726 -0.03278958984455994 -0.004599331746444696 0.01619503076956398
2727 -0.01592694377064736 -0.02341887947673246 -0.0159928343589195
2728 0.02096516217421037 -0.0159521441814166 0.005717901392866862
2729 -0.01551147098820285 0.03812184122505764 0.004765971901678706
2730 0.01793030843533994 0.0321961935710146 0.01459174392872297
2731 -0.01854157243473749 0.02900479861049174 -0.01670846447034392
2732 -0.01486270185847829 0.03675745338260097 -0.01210300021575399
2733 -0.02404648532710097 -0.02574614009460502 0.01421295940971951
2734 -0.01044745479507442 -0.02560685800704357 0.00435885657775977
2735 -0.005117679190723075 0.0414173667260485 0.006744613563469718
2736 0.01348353813482757 -0.03924112183696533 0.0003121749629727714
2737 0.01011221833269477 -0.003594143578144124 -0.02689512642812222
2738 -0.03145580815053248 0.02441671314802948 -0.006057146306816433
2739 0.0004303084353399354 0.03688530443855925 -0.01506485761019823
2740 0.02615355414812722 -0.02464128896300603 0.01678390967231281
2741 0.02370376672309495 0.009295167247732872 -0.001127711259068637
2742 0.02213178737788971 0.01438944536196079 -0.004475795212399205
2743 0.01859537030897587 0.01703265913962596 -0.01238508529007093
2744 -0.02847912481805137 0.03111124495002713 -0.001997108520292552
2745 0.003974390530687337 -0.0283972300085632 -0.005200392514321937
2746 0.001722099242542205 -0.02745499023731769 -0.01196156923816175
2747 0.008419023215007291 -0.03807635513163304 -0.01284327976176615
2748 0.02746188453269259 0.003183930607643756 5.316360939560251e-05
2749 -0.03730405082435313 0.01658347313479877 0.001890087121710773
2750 -0.01574608046606646 0.02262646556407154 0.01472166425294041
2751 -0.01943378855335765 0.03031088913245535 0.01541708552881166
2752 -0.04036769929327221 0.006611573817139175 -0.003044369755910123
2753 0.02343414409334123 0.01749999999999998 0.009913373805482531
2754 0.02579876439293375 0.01015721376789015 0.01248730709567991
2755 0.0299352673184826 0.004203160858126073 0.01397558969259132
2756 0.03336189080335816 0.0003411466003183132 0.01556944932890999
2757 0.03426426562923425 -0.01106030851090439 0.01605326310905943
2758 -0.01063134472578482 0.03577947994061079 0.01588303743602956
2759 0.02614658774853171 -0.009268638851100793 0.001534779809751615
2760 -0.04178347779768107 -0.0001674001965002846 -0.001048051563135177
2761 0.01909106222832799 0.02474873734152915 -0.01427544317508573
2762 -0.03283852177120616 0.01841965400158567 -0.01447094458077648
2763 0.003940987387865136 0.02739003719406877 -0.01393415124596347
2764 0.02690353713285576 -0.003538625093910618 0.003247731427918421
2765 -0.003379715773107909 -0.02594051975659678 0.005775370216210073
2766 -0.007302643365070709 -0.0261137635292606 0.01177559451610462
2767 -0.02431842890618924 -0.02286343290296991 -0.01530165268588331
2768 0.007124878025230577 0.03380740392011738 -0.01400275829566887
2769 -0.03135246156719286 -0.01880609052196361 0.01535069579508408
2770 0.01629688053234944 -0.0309450324344373 -0.01482118566362596
2771 0.00471967394673731 0.03775978815182014 -0.001762826395884401
2772 -0.03224467768581301 0.01750000000000001 0.01698261475597394
2773 -0.03696661894492329 0.01367798631532212 0.01388424896537858
2774 -0.01704313829088315 -0.03231253106477149 -0.01579585850246086
2775 0.02777197290541581 -0.003923714096933782 -0.002812648655314596
2776 0.01484736361384522 -0.02297637147560819 -0.004969718968753038
2777 0.03192479551581262 -0.003856184453373534 -0.01335072007104523
2778 0.0251790457768691 0.02663404178008841 0.0137869195128738
2779 -0.01723969593844208 -0.03645768568736099 -0.005900751040041902
2780 0.004022405602278321 0.02984501099585783 0.01344750340741682
2781 0.0002788563379012587 0.0371413013526326 0.01233620068635477
2782 0.02343414409334127 -0.01750000000000004 0.01050196035469673
2783 0.02926931669771785 -0.01880609052196363 0.01346192169354317
2784 0.004551000494493477 -0.04050217856056294 -0.003101031526815481
2785 -0.01340894865274667 -0.005225481507940905 0.02580451508232104
2786 -0.008105616649060234 0.005251203049578893 -0.02472148931262774
2787 0.01714051123942871 0.02193085342242429 0.003789953881616696
2788 0.02175206478866932 -0.01644546970195243 -0.005834021387773917
2789 -0.03162548238064323 0.02474873734152915 0.006700805269863172
2790 -0.003506538084250842 -0.0272888855884294 -0.00601404991436527
2791 -0.007389357445146496 -0.02649368273749856 -0.01107881247232307
2792 -0.01063134472578485 -0.03183532789962398 -0.01361387111270592
2793 -0.0342884299173437 0.0106106409847804 -0.01538746586173087
2794 -0.003785360693496533 -0.03025330782660798 -0.01076583512285821
2795 0.02808372465567498 0.003861097657323957 0.005214976388417973
2796 -0.0225494090974945 0.03337637604399976 -0.00415535530895002
2797 0.01053228200772534 -0.02735107287681147 -0.0127703281779779
2798 0.02725927992427035 -0.003708785636988961 0.009257145695543319
2799 -0.003514884102369629 0.0273776198620903 0.005653612051151699
2800 -0.03337709548477746 0.01094397101714749 0.01409386510745661
2801 -0.01147963067687565 -0.02502763631379235 -0.003262633312289802
2802 0.01630820092475585 -0.02127272517330498 0.00623111301853601
2803 -0.001933788553357665 -0.03500000000000001 -0.01202612042875252
2804 -0.01433843671360617 0.02281747727605776 -0.01284797411280381
2805 -0.02079851244975246 -0.01621590234687793 -0.003355752232887694
2806 -0.008172703307686761 0.03483924851704324 -0.01401527930746842
2807 0.01717990652218515 0.004223588623588394 0.015556752512822
2808 0.01066508980782176 0.02676920388602781 0.008768430501198372
2809 0.0299352673184826 0.004203160858126073 0.009035114216623938
2810 0.02646034812440384 -0.01111105920568625 0.01272657357485821
2811 -0.02443759245243737 -0.03179771622346658 -0.006250522775568316
2812 -0.02358317139482308 -0.02906089186047634 -0.01244888126027085
2813 -0.02987919798996365 -0.02792178113636711 0.007015430849814142
2814 -0.03173603564987685 0.002153082593686961 -0.01357562332135952
2815 -0.03278958984455994 -0.004599331746444696 -0.01337116584925129
2816 0.01701108389652135 0.01933822124045311 -0.004058053622735618
2817 0.01548793631216209 -0.01071199810137716 -0.007393264567937901
2818 0.01218154954924076 -0.02468943581012498 -0.0003871461863846461
2819 0.01314873258375368 0.03798642812300424 0.002117947058912949
2820 0.03318100024445841 0.01158906982162953 0.01793144306665361
2821 -0.01496294879862156 -0.03588145304885022 0.004734201094169754
2822 -0.0150213265356465 -0.03630670525352134 0.01029144015964966
2823 -0.02551691985631065 0.02609760964495899 -0.01350862351086601
2824 -0.01084797705391551 0.02572101354014845 0.00585526149498504
2825 0.01163125347719019 0.02581595510676667 -0.01300507614714118
2826 0.01720999213437171 0.03198705472329591 -0.01230301188403319
2827 0.02577546615363478 0.01087363245101716 -0.006337042659372703
2828 -0.0148820891448221 0.03726816842782326 0.009778605045859945
2829 0.01066508980782176 0.02676920388602781 -0.005798845655841191
2830 -0.02133825861032863 0.01703973936676692 -0.002440976254309698
2831 0.02672381171340741 -0.003609860576381491 -0.009108521653392085
2832 0.0248368892540993 -0.02795509447775194 -0.01660961896655516
2833 -0.02828060160030603 -0.03092517912013783 -0.00792963598180426
2834 -0.03771715439037523 -0.004142667446240009 0.01181935211420033
2835 0.02563470061243063 0.02578058193845501 -0.01346840676533944
2836 0.006562212907675085 0.0405148574300058 0.007547074746160761
2837 -0.03335054221100053 -0.01106030851090435 0.01376946934761661
2838 -0.02434960619027229 -0.003285012275669196 0.002142299461269779
2839 -0.02282804531020495 -0.01369181329935629 0.00288823518513451
2840 -0.01460663975062558 -0.0146039399123974 0.002762698371162386
2841 0.01291087220518852 0.03031088913245534 0.0113717559482177
2842 -0.01854157243473751 -0.03161697965441896 0.01320714931769229
2843 -0.009681978746780985 0.01639926293590149 0.0005090945255470164
2844 0.007485988431391613 -0.031835327899624 -0.01228204352366542
2845 -0.00291249498167952 0.02681706854158932 -0.004340395197435983
2846 -0.02735274816969262 0.02148341104416793 0.01379107320195201
2847 0.03286723312413709 0.02462281781409299 -0.000700870339107297
2848 -0.01162314779135823 0.02728965002632258 0.01230068553321403
2849 -0.008601804869471357 0.03180576198780125 0.01223559884875824
2850 0.03869781674997334 -0.00540340713450597 -0.01240582489912203
2851 -0.009942101479299597 -0.03768226273236258 -0.01248338237887771
2852 0.0196398121809481 0.002745840217418197 0.0002957221376593752
2853 0.003960105146470726 -0.02796648801485767 0.00664639745913401
2854 0.005301284158703923 -0.02582561384121273 0.000638939487982519
2855 0.006295633496816881 -0.0177936362643309 0.001150877414786974
2856 0.02780503398528971 -0.03058167657260532 -0.005537566855895478
2857 0.0299352673184826 0.004203160858126073 -0.01201202161206684
2858 0.02175357005992228 0.0180926991128818 0.000600784891049942
2859 -0.001786119659511862 -0.02042950157354035 0.0001014627013109269
2860 -0.03887213660163486 0.004855505720462159 -0.01149826295342846
2861 -0.003785360693496533 -0.03025330782660798 0.01111188525177074
2862 0.0004303084353399264 -0.03311469556144075 0.01193461822830508
2863 -0.009591861203610995 -0.01227282754271125 0.01026275839944242
2864 0.02343414409334123 0.01749999999999998 -0.007271754931097308
2865 -0.03688260840430477 0.005202482125214712 0.01326682285153316
2866 0.0188078059549437 0.02458101686146047 0.006404747556982316
2867 0.03427815932671092 0.009492606202913872 -0.01281960279890959
2868 0.0309339183919925 0.01266190346170461 -0.01322365660995567
2869 -0.02053384534155544 -0.01582863528099904 -0.01183243985754387
2870 -0.01566783273140654 -0.02140622995746341 0.002806959163405983
2871 0.007307223727790097 -0.03799050154257953 0.01354959336075753
2872 -0.001988322863967718 -0.009162303433997845 -0.02245278340592918
2873 0.02993526731848252 -0.004203160858126085 -0.00616047099694099
2874 -0.004477900834395305 -0.03813337235503299 -0.00135018646580318
2875 -0.0189304476997186 -0.02182894330528468 -0.002559943514837776
2876 -0.02215976787033647 -0.001436818550069821 -0.01055393775951149
2877 0.01851375665811401 0.01969476810842571 0.008880899848224058
2878 0.00370968528326395 -0.03168359826941991 -0.002358658880613374
2879 -0.02344093138658548 -0.03047860961252404 0.00659637472272962
2880 -0.009029686238756343 -0.01502250582309545 -0.003421975609951012
2881 0.005273305885091712 0.03855409609350941 -0.006916545442876508
2882 0.004712076303939289 -0.03887341618512652 0.004850439131257669
2883 -0.002320360727974574 -0.01799876277224093 0.01267676649252717
2884 -0.02545561638508987 0.004165377732766274 -0.001978589978070285
2885 0.02675111735971014 -0.01111894268579376 0.005707253980939233
2886 0.01185890384138877 0.008540350142904432 -0.01316003236640912
2887 0.01683504560221829 -0.01912125312493686 -0.01264706419047515
2888 -0.03335054221100053 -0.01106030851090435 -0.01332020286560358
2889 0.01900888247755692 -0.007263287424300463 0.0004587515007098836
2890 0.0299352673184826 0.004203160858126073 -0.005946345053724263
2891 -0.03032513521163916 0.02606978150208152 0.002110439866047414
2892 -0.009845950803886569 0.01357161234226596 -0.009747289564567448
2893 0.02684763886118651 0.009058666578588205 0.006062510436867011
2894 -0.02016318187802539 0.01911698647267032 0.002458210601567199
2895 -0.02021435867360042 0.01553981349367253 0.01065160798670914
2896 -0.01062263590188738 0.02322733012702666 -0.0006746134148839025
2897 0.01770226748463967 -0.02135450504283131 0.0004658891508734046
2898 0.02370932916860971 -0.01767570509901957 0.001757859393938571
2899 0.004332126231531043 0.0260538139208939 0.0001298291946262046
2900 0.01909106222832803 -0.02474873734152919 -0.01215511855332699
2901 0.02685958960776363 -0.009058666578588274 -0.01042425904882476
2902 0.03093391839199252 -0.01266190346170466 -0.01225407494759336
2903 0.009515528287705077 -0.03580904585243354 -0.01132530787624142
2904 0.02468163069239103 0.0133384376187224 0.004500359956601984
2905 0.02858106135940023 -1.778091562876227e-17 0.006204901772473661
2906 0.006748990964870109 0.01820395376358701 -6.474043078376519e-05
2907 0.03985981576791834 0.008659379721582728 -0.004053993423407448
2908 0.003957727661974396 0.02789480058969472 -0.006648422995794706
2909 0.01798771805507355 -0.02349560938710708 0.01227870417847795
2910 0.01838596327090144 -0.02927904453552952 0.01256732380956157
2911 0.01962138452220168 -0.003985954720783143 0.0135929872417328
2912 0.03074119756779529 0.01938530443855925 -0.01356280786886501
2913 -0.02552352122790078 -0.009691774588778922 -0.003397168971817438
2914 -0.0234409313865855 0.03047860961252408 -0.01065256900578487
2915 -0.001717801461344548 0.01837893535798952 -0.0002363984579174822
2916 -0.03559708231340795 -0.01424335790747727 -0.003730486968302493
2917 0.03076775084157222 0.01549835806768386 0.01166866430297537
2918 -0.01955236131668595 0.01628896933945012 -0.009622076017146972
2919 -0.02368215287398851 0.02007572546072752 -0.01314139602771124
$EndNodes
$Elements
16548
1 2 2 101 77 1266 368 51
2 2 2 101 77 1675 51 368
3 2 2 101 77 51 1033 1262
4 2 2 101 77 51 1675 1033
5 2 2 101 77 1262 1266 51
6 2 2 101 77 981 52 347
7 2 2 101 77 1003 347 52
8 2 2 101 77 52 981 980
9 2 2 101 77 1004 52 980
10 2 2 101 77 1003 52 1004
11 2 2 101 77 347 348 1241
12 2 2 101 77 1295 348 347
13 2 2 101 77 981 347 1241
14 2 2 101 77 1003 1295 347
15 2 2 101 77 348 986 349
16 2 2 101 77 1298 348 349
17 2 2 101 77 348 844 986
18 2 2 101 77 348 1295 844
19 2 2 101 77 1241 348 1290
20 2 2 101 77 1298 1290 348
21 2 2 101 77 987 350 349
22 2 2 101 77 1197 349 350
23 2 2 101 77 986 987 349
24 2 2 101 77 1197 1298 349
25 2 2 101 77 351 1197 350
26 2 2 101 77 1409 351 350
27 2 2 101 77 987 1409 350
28 2 2 101 77 352 1196 351
29 2 2 101 77 1410 352 351
30 2 2 101 77 1196 1197 351
31 2 2 101 77 1409 1410 351
32 2 2 101 77 353 1315 352
33 2 2 101 77 1419 353 352
34 2 2 101 77 352 1304 1196
35 2 2 101 77 1315 1304 352
36 2 2 101 77 1410 1419 352
37 2 2 101 77 354 897 353
38 2 2 101 77 983 354 353
39 2 2 101 77 897 1315 353
40 2 2 101 77 983 353 985
41 2 2 101 77 353 1419 985
42 2 2 101 77 355 896 354
43 2 2 101 77 1427 355 354
44 2 2 101 77 354 896 897
45 2 2 101 77 983 1427 354
46 2 2 101 77 1617 355 356
47 2 2 101 77 1647 356 355
48 2 2 101 77 922 896 355
49 2 2 101 77 922 355 1617
50 2 2 101 77 1427 1647 355
51 2 2 101 77 356 1475 357
52 2 2 101 77 357 1617 356
53 2 2 101 77 1475 356 1647
54 2 2 101 77 1514 358 357
55 2 2 101 77 1527 357 358
56 2 2 101 77 1475 1514 357
57 2 2 101 77 1527 1528 357
58 2 2 101 77 357 1528 1617
59 2 2 101 77 358 1358 359
60 2 2 101 77 359 1468 358
61 2 2 101 77 1514 1358 358
62 2 2 101 77 1468 1527 358
63 2 2 101 77 1613 360 359
64 2 2 101 77 1648 359 360
65 2 2 101 77 1358 1613 359
66 2 2 101 77 1468 359 1648
67 2 2 101 77 1435 360 361
68 2 2 101 77 360 1672 361
69 2 2 101 77 1435 1648 360
70 2 2 101 77 1672 360 1613
71 2 2 101 77 978 361 362
72 2 2 101 77 361 1668 362
73 2 2 101 77 978 1435 361
74 2 2 101 77 1672 1668 361
75 2 2 101 77 945 362 363
76 2 2 101 77 362 1563 363
77 2 2 101 77 945 946 362
78 2 2 101 77 978 362 946
79 2 2 101 77 1563 362 1668
80 2 2 101 77 1530 363 364
81 2 2 101 77 363 1564 364
82 2 2 101 77 945 363 1530
83 2 2 101 77 363 1563 1564
84 2 2 101 77 1159 365 364
85 2 2 101 77 1601 364 365
86 2 2 101 77 364 1637 1159
87 2 2 101 77 1601 1530 364
88 2 2 101 77 1564 1637 364
89 2 2 101 77 365 1158 366
90 2 2 101 77 366 1547 365
91 2 2 101 77 1159 1158 365
92 2 2 101 77 1547 1601 365
93 2 2 101 77 367 366 816
94 2 2 101 77 367 899 366
95 2 2 101 77 366 1158 816
96 2 2 101 77 366 899 1547
97 2 2 101 77 814 368 367
98 2 2 101 77 367 368 950
99 2 2 101 77 814 367 816
100 2 2 101 77 898 899 367
101 2 2 101 77 950 898 367
102 2 2 101 77 830 368 814
103 2 2 101 77 830 1675 368
104 2 2 101 77 950 368 1266
105 2 2 101 77 810 812 811
106 2 2 101 77 810 811 813
107 2 2 101 77 953 812 810
108 2 2 101 77 810 813 939
109 2 2 101 77 939 941 810
110 2 2 101 77 953 810 941
111 2 2 101 77 812 874 811
112 2 2 101 77 813 811 1498
113 2 2 101 77 811 874 875
114 2 2 101 77 875 1498 811
115 2 2 101 77 812 984 874
116 2 2 101 77 953 1348 812
117 2 2 101 77 812 1348 984
118 2 2 101 77 1282 939 813
119 2 2 101 77 813 1498 1282
120 2 2 101 77 814 816 815
121 2 2 101 77 814 815 817
122 2 2 101 77 814 817 830
123 2 2 101 77 816 1158 815
124 2 2 101 77 817 815 997
125 2 2 101 77 997 815 996
126 2 2 101 77 996 815 1158
127 2 2 101 77 830 817 831
128 2 2 101 77 1123 831 817
129 2 2 101 77 817 997 1153
130 2 2 101 77 1123 817 1153
131 2 2 101 77 818 820 819
132 2 2 101 77 818 819 821
133 2 2 101 77 1566 820 818
134 2 2 101 77 818 821 1479
135 2 2 101 77 818 1479 1566
136 2 2 101 77 933 819 820
137 2 2 101 77 821 819 1592
138 2 2 101 77 819 933 1297
139 2 2 101 77 1297 1489 819
140 2 2 101 77 1592 819 1489
141 2 2 101 77 820 932 933
142 2 2 101 77 1566 932 820
143 2 2 101 77 1479 821 1480
144 2 2 101 77 821 1506 1480
145 2 2 101 77 1592 1506 821
146 2 2 101 77 822 824 823
147 2 2 101 77 822 823 1412
148 2 2 101 77 1428 824 822
149 2 2 101 77 1400 822 1401
150 2 2 101 77 1428 822 1400
151 2 2 101 77 1412 1401 822
152 2 2 101 77 823 824 825
153 2 2 101 77 825 1317 823
154 2 2 101 77 935 823 1317
155 2 2 101 77 935 1412 823
156 2 2 101 77 825 824 1438
157 2 2 101 77 1259 824 1223
158 2 2 101 77 824 1428 1223
159 2 2 101 77 824 1259 1438
160 2 2 101 77 1317 825 1472
161 2 2 101 77 1436 825 1438
162 2 2 101 77 1472 825 1436
163 2 2 101 77 826 828 827
164 2 2 101 77 826 827 1508
165 2 2 101 77 826 1316 828
166 2 2 101 77 1657 1316 826
167 2 2 101 77 1508 1537 826
168 2 2 101 77 826 1537 1657
169 2 2 101 77 827 828 829
170 2 2 101 77 827 829 1392
171 2 2 101 77 1392 1480 827
172 2 2 101 77 1480 1508 827
173 2 2 101 77 829 828 866
174 2 2 101 77 866 828 865
175 2 2 101 77 1316 865 828
176 2 2 101 77 866 1420 829
177 2 2 101 77 1271 1392 829
178 2 2 101 77 1271 829 1420
179 2 2 101 77 1675 830 831
180 2 2 101 77 1275 831 1123
181 2 2 101 77 1227 831 1275
182 2 2 101 77 1675 831 1227
183 2 2 101 77 832 834 833
184 2 2 101 77 832 833 1434
185 2 2 101 77 834 832 944
186 2 2 101 77 942 943 832
187 2 2 101 77 982 942 832
188 2 2 101 77 832 943 944
189 2 2 101 77 1434 982 832
190 2 2 101 77 833 834 835
191 2 2 101 77 1047 833 835
192 2 2 101 77 1434 833 1047
193 2 2 101 77 834 852 835
194 2 2 101 77 852 834 1460
195 2 2 101 77 1415 834 944
196 2 2 101 77 834 1415 1460
197 2 2 101 77 852 853 835
198 2 2 101 77 962 835 853
199 2 2 101 77 1047 835 962
200 2 2 101 77 836 838 837
201 2 2 101 77 836 837 839
202 2 2 101 77 1272 838 836
203 2 2 101 77 839 1382 836
204 2 2 101 77 1382 1272 836
205 2 2 101 77 1590 837 838
206 2 2 101 77 839 837 1226
207 2 2 101 77 1226 837 948
208 2 2 101 77 948 837 1554
209 2 2 101 77 837 1590 1554
210 2 2 101 77 838 1272 1373
211 2 2 101 77 838 1373 1569
212 2 2 101 77 1590 838 1569
213 2 2 101 77 868 839 1226
214 2 2 101 77 839 868 1382
215 2 2 101 77 840 842 841
216 2 2 101 77 840 841 1407
217 2 2 101 77 1473 842 840
218 2 2 101 77 1124 840 1126
219 2 2 101 77 1473 840 1124
220 2 2 101 77 1126 840 1408
221 2 2 101 77 1408 840 1407
222 2 2 101 77 841 842 843
223 2 2 101 77 841 843 991
224 2 2 101 77 841 991 1407
225 2 2 101 77 843 842 1038
226 2 2 101 77 1038 842 1039
227 2 2 101 77 1040 1039 842
228 2 2 101 77 1040 842 1041
229 2 2 101 77 842 1473 1041
230 2 2 101 77 991 843 992
231 2 2 101 77 992 843 1049
232 2 2 101 77 843 1038 1049
233 2 2 101 77 844 846 845
234 2 2 101 77 844 845 1607
235 2 2 101 77 844 1295 846
236 2 2 101 77 1607 986 844
237 2 2 101 77 845 846 1188
238 2 2 101 77 845 1188 1201
239 2 2 101 77 845 1201 1202
240 2 2 101 77 845 1202 1607
241 2 2 101 77 1203 1188 846
242 2 2 101 77 1203 846 1204
243 2 2 101 77 1295 1204 846
244 2 2 101 77 847 849 848
245 2 2 101 77 847 848 1280
246 2 2 101 77 847 854 849
247 2 2 101 77 854 847 1278
248 2 2 101 77 847 1280 1278
249 2 2 101 77 848 849 850
250 2 2 101 77 1091 848 850
251 2 2 101 77 1280 848 1091
252 2 2 101 77 849 1583 850
253 2 2 101 77 854 855 849
254 2 2 101 77 855 1513 849
255 2 2 101 77 1513 1583 849
256 2 2 101 77 1090 850 1089
257 2 2 101 77 1089 850 1583
258 2 2 101 77 1091 850 1090
259 2 2 101 77 851 853 852
260 2 2 101 77 1461 851 852
261 2 2 101 77 851 934 853
262 2 2 101 77 936 934 851
263 2 2 101 77 936 851 1621
264 2 2 101 77 1621 851 1461
265 2 2 101 77 1461 852 1460
266 2 2 101 77 934 1463 853
267 2 2 101 77 853 1463 962
268 2 2 101 77 854 856 855
269 2 2 101 77 1351 856 854
270 2 2 101 77 854 1278 1320
271 2 2 101 77 854 1320 1351
272 2 2 101 77 1500 855 856
273 2 2 101 77 1500 1513 855
274 2 2 101 77 856 1351 1379
275 2 2 101 77 1379 1501 856
276 2 2 101 77 856 1501 1500
277 2 2 101 77 857 859 858
278 2 2 101 77 858 1132 857
279 2 2 101 77 857 1404 859
280 2 2 101 77 1303 857 1132
281 2 2 101 77 1635 857 1303
282 2 2 101 77 1404 857 1635
283 2 2 101 77 859 1397 858
284 2 2 101 77 1132 858 1310
285 2 2 101 77 1310 858 1397
286 2 2 101 77 1395 1396 859
287 2 2 101 77 859 1404 1395
288 2 2 101 77 859 1396 1397
289 2 2 101 77 860 862 861
290 2 2 101 77 860 861 863
291 2 2 101 77 879 862 860
292 2 2 101 77 1267 860 863
293 2 2 101 77 1078 879 860
294 2 2 101 77 1078 860 1267
295 2 2 101 77 861 862 1400
296 2 2 101 77 1370 863 861
297 2 2 101 77 1370 861 1678
298 2 2 101 77 1678 861 1400
299 2 2 101 77 879 1223 862
300 2 2 101 77 862 1223 1428
301 2 2 101 77 1400 862 1428
302 2 2 101 77 1267 863 1367
303 2 2 101 77 1367 863 1370
304 2 2 101 77 864 866 865
305 2 2 101 77 864 865 867
306 2 2 101 77 864 1210 866
307 2 2 101 77 864 867 1318
308 2 2 101 77 864 1216 1210
309 2 2 101 77 864 1215 1216
310 2 2 101 77 1318 1215 864
311 2 2 101 77 1316 867 865
312 2 2 101 77 866 1210 1208
313 2 2 101 77 866 1208 1420
314 2 2 101 77 1110 867 1111
315 2 2 101 77 867 1110 1318
316 2 2 101 77 1316 1111 867
317 2 2 101 77 868 870 869
318 2 2 101 77 1187 868 869
319 2 2 101 77 868 1226 870
320 2 2 101 77 1206 868 1187
321 2 2 101 77 1206 1382 868
322 2 2 101 77 869 870 1455
323 2 2 101 77 1187 869 1186
324 2 2 101 77 1186 869 1455
325 2 2 101 77 1226 949 870
326 2 2 101 77 1586 870 949
327 2 2 101 77 1455 870 1586
328 2 2 101 77 871 873 872
329 2 2 101 77 872 1285 871
330 2 2 101 77 871 1220 873
331 2 2 101 77 871 1255 1220
332 2 2 101 77 1255 871 1258
333 2 2 101 77 1283 1258 871
334 2 2 101 77 1285 1283 871
335 2 2 101 77 872 873 933
336 2 2 101 77 931 872 932
337 2 2 101 77 872 931 1285
338 2 2 101 77 932 872 933
339 2 2 101 77 1297 933 873
340 2 2 101 77 1220 1221 873
341 2 2 101 77 873 1221 1225
342 2 2 101 77 873 1225 1297
343 2 2 101 77 874 1418 875
344 2 2 101 77 984 985 874
345 2 2 101 77 985 1418 874
346 2 2 101 77 1418 1659 875
347 2 2 101 77 1498 875 1658
348 2 2 101 77 1659 1658 875
349 2 2 101 77 876 878 877
350 2 2 101 77 1304 876 877
351 2 2 101 77 876 900 878
352 2 2 101 77 876 897 896
353 2 2 101 77 876 896 900
354 2 2 101 77 876 1315 897
355 2 2 101 77 1315 876 1304
356 2 2 101 77 877 878 1314
357 2 2 101 77 1507 1304 877
358 2 2 101 77 877 1314 1310
359 2 2 101 77 1507 877 1310
360 2 2 101 77 878 900 1356
361 2 2 101 77 1314 878 1356
362 2 2 101 77 1079 879 1078
363 2 2 101 77 1079 1222 879
364 2 2 101 77 1223 879 1222
365 2 2 101 77 880 882 881
366 2 2 101 77 886 880 881
367 2 2 101 77 1398 882 880
368 2 2 101 77 880 886 1639
369 2 2 101 77 880 1402 1398
370 2 2 101 77 1639 1402 880
371 2 2 101 77 882 1429 881
372 2 2 101 77 886 881 887
373 2 2 101 77 1330 887 881
374 2 2 101 77 1330 881 1429
375 2 2 101 77 1398 1388 882
376 2 2 101 77 882 1388 1424
377 2 2 101 77 882 1424 1429
378 2 2 101 77 883 885 884
379 2 2 101 77 883 884 1454
380 2 2 101 77 885 883 1340
381 2 2 101 77 1593 1340 883
382 2 2 101 77 1454 1593 883
383 2 2 101 77 885 888 884
384 2 2 101 77 888 907 884
385 2 2 101 77 1313 884 907
386 2 2 101 77 884 1313 1454
387 2 2 101 77 1134 888 885
388 2 2 101 77 1134 885 1671
389 2 2 101 77 1671 885 1340
390 2 2 101 77 1305 886 887
391 2 2 101 77 1305 1246 886
392 2 2 101 77 886 1246 1639
393 2 2 101 77 1478 1305 887
394 2 2 101 77 887 1330 1328
395 2 2 101 77 887 1328 1478
396 2 2 101 77 888 1042 907
397 2 2 101 77 1042 888 1350
398 2 2 101 77 888 1134 1281
399 2 2 101 77 1281 1350 888
400 2 2 101 77 889 891 890
401 2 2 101 77 1289 889 890
402 2 2 101 77 1396 891 889
403 2 2 101 77 972 889 1292
404 2 2 101 77 889 972 1396
405 2 2 101 77 1289 1292 889
406 2 2 101 77 890 891 1667
407 2 2 101 77 904 905 890
408 2 2 101 77 890 1667 904
409 2 2 101 77 1289 890 905
410 2 2 101 77 1395 891 1396
411 2 2 101 77 1670 891 1395
412 2 2 101 77 1667 891 1670
413 2 2 101 77 892 894 893
414 2 2 101 77 892 893 895
415 2 2 101 77 894 892 1179
416 2 2 101 77 895 1474 892
417 2 2 101 77 1179 892 1380
418 2 2 101 77 1474 1380 892
419 2 2 101 77 893 894 1486
420 2 2 101 77 895 893 1027
421 2 2 101 77 893 1486 1027
422 2 2 101 77 1180 894 1179
423 2 2 101 77 1180 1450 894
424 2 2 101 77 894 1450 1452
425 2 2 101 77 1486 894 1452
426 2 2 101 77 895 1027 1026
427 2 2 101 77 1026 1028 895
428 2 2 101 77 1028 1336 895
429 2 2 101 77 895 1336 1474
430 2 2 101 77 900 896 967
431 2 2 101 77 922 923 896
432 2 2 101 77 923 967 896
433 2 2 101 77 898 1172 899
434 2 2 101 77 898 950 1177
435 2 2 101 77 1172 898 1177
436 2 2 101 77 1172 1173 899
437 2 2 101 77 899 1173 1547
438 2 2 101 77 968 900 967
439 2 2 101 77 1356 900 968
440 2 2 101 77 901 903 902
441 2 2 101 77 901 902 906
442 2 2 101 77 901 909 903
443 2 2 101 77 901 906 1646
444 2 2 101 77 1383 909 901
445 2 2 101 77 901 1384 1383
446 2 2 101 77 1646 1384 901
447 2 2 101 77 902 903 1605
448 2 2 101 77 1176 906 902
449 2 2 101 77 902 1605 1176
450 2 2 101 77 903 909 910
451 2 2 101 77 903 910 1606
452 2 2 101 77 1605 903 1085
453 2 2 101 77 1606 1085 903
454 2 2 101 77 905 904 1327
455 2 2 101 77 1325 1327 904
456 2 2 101 77 1667 1325 904
457 2 2 101 77 1247 1291 905
458 2 2 101 77 1327 1247 905
459 2 2 101 77 1289 905 1291
460 2 2 101 77 1176 1018 906
461 2 2 101 77 906 1018 1611
462 2 2 101 77 1646 906 1611
463 2 2 101 77 907 1042 1048
464 2 2 101 77 1048 1313 907
465 2 2 101 77 908 910 909
466 2 2 101 77 1594 908 909
467 2 2 101 77 1663 910 908
468 2 2 101 77 1400 1401 908
469 2 2 101 77 1400 908 1678
470 2 2 101 77 1663 908 1401
471 2 2 101 77 1678 908 1594
472 2 2 101 77 1594 909 1383
473 2 2 101 77 910 1641 1606
474 2 2 101 77 910 1663 1641
475 2 2 101 77 911 913 912
476 2 2 101 77 911 912 1556
477 2 2 101 77 913 911 1359
478 2 2 101 77 1454 1359 911
479 2 2 101 77 1454 911 1593
480 2 2 101 77 911 1556 1593
481 2 2 101 77 912 913 914
482 2 2 101 77 1557 912 914
483 2 2 101 77 1577 1556 912
484 2 2 101 77 1577 912 1557
485 2 2 101 77 1423 914 913
486 2 2 101 77 1021 913 1359
487 2 2 101 77 913 1021 1423
488 2 2 101 77 1422 914 1423
489 2 2 101 77 914 1422 1501
490 2 2 101 77 1501 1557 914
491 2 2 101 77 915 917 916
492 2 2 101 77 915 916 999
493 2 2 101 77 1665 917 915
494 2 2 101 77 1333 915 999
495 2 2 101 77 1333 1279 915
496 2 2 101 77 915 1279 1665
497 2 2 101 77 917 958 916
498 2 2 101 77 958 1149 916
499 2 2 101 77 999 916 1135
500 2 2 101 77 1053 1135 916
501 2 2 101 77 1149 1053 916
502 2 2 101 77 917 956 958
503 2 2 101 77 956 917 1665
504 2 2 101 77 918 920 919
505 2 2 101 77 1433 918 919
506 2 2 101 77 1199 920 918
507 2 2 101 77 1432 1199 918
508 2 2 101 77 918 1433 1432
509 2 2 101 77 919 920 921
510 2 2 101 77 1599 919 921
511 2 2 101 77 1390 919 1334
512 2 2 101 77 919 1599 1334
513 2 2 101 77 1390 1391 919
514 2 2 101 77 1433 919 1391
515 2 2 101 77 920 1193 921
516 2 2 101 77 920 1199 1193
517 2 2 101 77 1193 1194 921
518 2 2 101 77 1194 1319 921
519 2 2 101 77 1599 921 1319
520 2 2 101 77 923 922 1616
521 2 2 101 77 1617 1616 922
522 2 2 101 77 923 969 967
523 2 2 101 77 1603 969 923
524 2 2 101 77 923 1616 1603
525 2 2 101 77 924 926 925
526 2 2 101 77 924 925 1077
527 2 2 101 77 924 1247 926
528 2 2 101 77 981 924 980
529 2 2 101 77 980 924 1077
530 2 2 101 77 924 981 1122
531 2 2 101 77 1247 924 1122
532 2 2 101 77 926 1265 925
533 2 2 101 77 1077 925 1263
534 2 2 101 77 1265 1263 925
535 2 2 101 77 1247 1326 926
536 2 2 101 77 1582 1265 926
537 2 2 101 77 926 1326 1582
538 2 2 101 77 927 929 928
539 2 2 101 77 927 928 930
540 2 2 101 77 927 1156 929
541 2 2 101 77 1631 927 930
542 2 2 101 77 1250 1156 927
543 2 2 101 77 1250 927 1631
544 2 2 101 77 928 929 1572
545 2 2 101 77 930 928 951
546 2 2 101 77 928 1655 951
547 2 2 101 77 1572 1655 928
548 2 2 101 77 929 1156 1154
549 2 2 101 77 1573 929 1154
550 2 2 101 77 1572 929 1573
551 2 2 101 77 930 951 1540
552 2 2 101 77 1174 930 1540
553 2 2 101 77 1631 930 1174
554 2 2 101 77 931 932 1570
555 2 2 101 77 1101 931 1102
556 2 2 101 77 1101 1285 931
557 2 2 101 77 931 1570 1102
558 2 2 101 77 1566 1570 932
559 2 2 101 77 934 936 935
560 2 2 101 77 934 935 1317
561 2 2 101 77 934 1317 1463
562 2 2 101 77 935 936 937
563 2 2 101 77 935 937 1412
564 2 2 101 77 936 1621 937
565 2 2 101 77 1412 937 1663
566 2 2 101 77 1621 1662 937
567 2 2 101 77 1662 1663 937
568 2 2 101 77 938 940 939
569 2 2 101 77 1669 938 939
570 2 2 101 77 938 1011 940
571 2 2 101 77 938 1338 1011
572 2 2 101 77 1340 1338 938
573 2 2 101 77 1671 1340 938
574 2 2 101 77 1669 1671 938
575 2 2 101 77 939 940 941
576 2 2 101 77 1669 939 1282
577 2 2 101 77 940 1010 941
578 2 2 101 77 1009 1010 940
579 2 2 101 77 1009 940 1011
580 2 2 101 77 952 953 941
581 2 2 101 77 1010 952 941
582 2 2 101 77 1529 943 942
583 2 2 101 77 942 946 945
584 2 2 101 77 945 1530 942
585 2 2 101 77 946 942 982
586 2 2 101 77 942 1530 1529
587 2 2 101 77 944 943 1505
588 2 2 101 77 1529 1505 943
589 2 2 101 77 1414 1415 944
590 2 2 101 77 944 1505 1414
591 2 2 101 77 978 946 979
592 2 2 101 77 979 946 982
593 2 2 101 77 947 949 948
594 2 2 101 77 948 1522 947
595 2 2 101 77 1587 949 947
596 2 2 101 77 1558 947 1522
597 2 2 101 77 1558 1559 947
598 2 2 101 77 1559 1587 947
599 2 2 101 77 948 949 1226
600 2 2 101 77 1521 1522 948
601 2 2 101 77 948 1554 1521
602 2 2 101 77 1586 949 1587
603 2 2 101 77 1177 950 1266
604 2 2 101 77 1540 951 1541
605 2 2 101 77 951 1655 1541
606 2 2 101 77 952 954 953
607 2 2 101 77 1476 954 952
608 2 2 101 77 1010 1595 952
609 2 2 101 77 1476 952 1477
610 2 2 101 77 1477 952 1595
611 2 2 101 77 1348 953 954
612 2 2 101 77 954 1647 1348
613 2 2 101 77 1475 954 1476
614 2 2 101 77 954 1475 1647
615 2 2 101 77 955 957 956
616 2 2 101 77 956 1483 955
617 2 2 101 77 955 1677 957
618 2 2 101 77 1483 1482 955
619 2 2 101 77 955 1482 1666
620 2 2 101 77 955 1666 1677
621 2 2 101 77 956 957 958
622 2 2 101 77 1661 1483 956
623 2 2 101 77 956 1665 1661
624 2 2 101 77 1151 958 957
625 2 2 101 77 1151 957 1152
626 2 2 101 77 957 1677 1152
627 2 2 101 77 958 1151 1149
628 2 2 101 77 959 961 960
629 2 2 101 77 959 960 962
630 2 2 101 77 1469 961 959
631 2 2 101 77 1471 959 962
632 2 2 101 77 1469 959 1470
633 2 2 101 77 1470 959 1589
634 2 2 101 77 1471 1589 959
635 2 2 101 77 1553 960 961
636 2 2 101 77 960 1047 962
637 2 2 101 77 960 1553 1047
638 2 2 101 77 1468 961 1469
639 2 2 101 77 961 1468 1648
640 2 2 101 77 961 1648 1553
641 2 2 101 77 1463 1471 962
642 2 2 101 77 963 965 964
643 2 2 101 77 964 1025 963
644 2 2 101 77 1357 965 963
645 2 2 101 77 963 1025 1495
646 2 2 101 77 963 1614 1357
647 2 2 101 77 1495 1672 963
648 2 2 101 77 1613 1614 963
649 2 2 101 77 963 1672 1613
650 2 2 101 77 964 965 966
651 2 2 101 77 1024 964 966
652 2 2 101 77 1024 1025 964
653 2 2 101 77 965 1355 966
654 2 2 101 77 1353 1354 965
655 2 2 101 77 1357 1353 965
656 2 2 101 77 1354 1355 965
657 2 2 101 77 1433 1024 966
658 2 2 101 77 966 1355 1432
659 2 2 101 77 1432 1433 966
660 2 2 101 77 967 969 968
661 2 2 101 77 968 969 977
662 2 2 101 77 968 977 1356
663 2 2 101 77 1371 977 969
664 2 2 101 77 1371 969 1372
665 2 2 101 77 1603 1372 969
666 2 2 101 77 970 972 971
667 2 2 101 77 970 971 973
668 2 2 101 77 970 1397 972
669 2 2 101 77 970 973 1507
670 2 2 101 77 970 1310 1397
671 2 2 101 77 970 1507 1310
672 2 2 101 77 971 972 1292
673 2 2 101 77 1197 973 971
674 2 2 101 77 1197 971 1298
675 2 2 101 77 1298 971 1292
676 2 2 101 77 1396 972 1397
677 2 2 101 77 973 1197 1196
678 2 2 101 77 973 1196 1507
679 2 2 101 77 974 976 975
680 2 2 101 77 974 975 1104
681 2 2 101 77 1066 976 974
682 2 2 101 77 1065 1066 974
683 2 2 101 77 1065 974 1105
684 2 2 101 77 974 1104 1105
685 2 2 101 77 1488 975 976
686 2 2 101 77 1323 1104 975
687 2 2 101 77 975 1488 1323
688 2 2 101 77 976 1066 1169
689 2 2 101 77 1169 1170 976
690 2 2 101 77 1170 1488 976
691 2 2 101 77 1260 1302 977
692 2 2 101 77 1260 977 1437
693 2 2 101 77 1356 977 1302
694 2 2 101 77 1437 977 1371
695 2 2 101 77 978 979 1435
696 2 2 101 77 1434 979 982
697 2 2 101 77 1434 1553 979
698 2 2 101 77 1435 979 1553
699 2 2 101 77 1004 980 1077
700 2 2 101 77 981 1241 1122
701 2 2 101 77 983 985 984
702 2 2 101 77 983 984 1427
703 2 2 101 77 1427 984 1348
704 2 2 101 77 1419 1418 985
705 2 2 101 77 986 1518 987
706 2 2 101 77 1518 986 1607
707 2 2 101 77 987 1411 1409
708 2 2 101 77 987 1518 1411
709 2 2 101 77 988 990 989
710 2 2 101 77 988 989 993
711 2 2 101 77 1548 990 988
712 2 2 101 77 988 993 1458
713 2 2 101 77 988 1458 1037
714 2 2 101 77 1542 988 1037
715 2 2 101 77 1548 988 1542
716 2 2 101 77 1365 989 990
717 2 2 101 77 993 989 995
718 2 2 101 77 994 995 989
719 2 2 101 77 994 989 1365
720 2 2 101 77 1360 1361 990
721 2 2 101 77 1360 990 1548
722 2 2 101 77 1361 1365 990
723 2 2 101 77 1145 991 992
724 2 2 101 77 1352 991 1145
725 2 2 101 77 1344 991 1352
726 2 2 101 77 1407 991 1344
727 2 2 101 77 1049 1144 992
728 2 2 101 77 1144 1145 992
729 2 2 101 77 1366 993 995
730 2 2 101 77 1458 993 1366
731 2 2 101 77 1591 995 994
732 2 2 101 77 994 1365 1232
733 2 2 101 77 1465 994 1232
734 2 2 101 77 1591 994 1465
735 2 2 101 77 1076 1366 995
736 2 2 101 77 1076 995 1591
737 2 2 101 77 996 998 997
738 2 2 101 77 998 996 1492
739 2 2 101 77 996 1158 1157
740 2 2 101 77 996 1157 1492
741 2 2 101 77 1150 997 998
742 2 2 101 77 997 1150 1153
743 2 2 101 77 1055 1149 998
744 2 2 101 77 1055 998 1492
745 2 2 101 77 1149 1150 998
746 2 2 101 77 1334 999 1135
747 2 2 101 77 1333 999 1334
748 2 2 101 77 1000 1002 1001
749 2 2 101 77 1000 1001 1008
750 2 2 101 77 1000 1448 1002
751 2 2 101 77 1008 1166 1000
752 2 2 101 77 1166 1448 1000
753 2 2 101 77 1360 1001 1002
754 2 2 101 77 1008 1001 1676
755 2 2 101 77 1548 1001 1360
756 2 2 101 77 1548 1549 1001
757 2 2 101 77 1549 1676 1001
758 2 2 101 77 1360 1002 1361
759 2 2 101 77 1451 1361 1002
760 2 2 101 77 1448 1451 1002
761 2 2 101 77 1003 1004 1015
762 2 2 101 77 1204 1003 1015
763 2 2 101 77 1295 1003 1204
764 2 2 101 77 1004 1016 1015
765 2 2 101 77 1004 1077 1016
766 2 2 101 77 1005 1007 1006
767 2 2 101 77 1399 1005 1006
768 2 2 101 77 1007 1005 1102
769 2 2 101 77 1102 1005 1100
770 2 2 101 77 1100 1005 1399
771 2 2 101 77 1116 1006 1007
772 2 2 101 77 1116 1294 1006
773 2 2 101 77 1006 1294 1296
774 2 2 101 77 1399 1006 1296
775 2 2 101 77 1102 1570 1007
776 2 2 101 77 1113 1114 1007
777 2 2 101 77 1007 1570 1113
778 2 2 101 77 1116 1007 1114
779 2 2 101 77 1165 1166 1008
780 2 2 101 77 1008 1207 1165
781 2 2 101 77 1207 1008 1676
782 2 2 101 77 1009 1595 1010
783 2 2 101 77 1009 1011 1532
784 2 2 101 77 1595 1009 1532
785 2 2 101 77 1634 1011 1338
786 2 2 101 77 1011 1634 1532
787 2 2 101 77 1012 1014 1013
788 2 2 101 77 1550 1012 1013
789 2 2 101 77 1012 1017 1014
790 2 2 101 77 1012 1642 1017
791 2 2 101 77 1643 1012 1550
792 2 2 101 77 1643 1642 1012
793 2 2 101 77 1013 1014 1342
794 2 2 101 77 1013 1189 1248
795 2 2 101 77 1189 1013 1342
796 2 2 101 77 1013 1248 1307
797 2 2 101 77 1013 1307 1550
798 2 2 101 77 1017 1018 1014
799 2 2 101 77 1175 1014 1018
800 2 2 101 77 1014 1175 1342
801 2 2 101 77 1015 1016 1382
802 2 2 101 77 1203 1204 1015
803 2 2 101 77 1203 1015 1206
804 2 2 101 77 1015 1382 1206
805 2 2 101 77 1077 1263 1016
806 2 2 101 77 1263 1272 1016
807 2 2 101 77 1382 1016 1272
808 2 2 101 77 1018 1017 1611
809 2 2 101 77 1610 1611 1017
810 2 2 101 77 1642 1610 1017
811 2 2 101 77 1175 1018 1176
812 2 2 101 77 1019 1021 1020
813 2 2 101 77 1484 1019 1020
814 2 2 101 77 1021 1019 1022
815 2 2 101 77 1023 1022 1019
816 2 2 101 77 1023 1019 1117
817 2 2 101 77 1484 1117 1019
818 2 2 101 77 1021 1359 1020
819 2 2 101 77 1311 1312 1020
820 2 2 101 77 1359 1311 1020
821 2 2 101 77 1349 1020 1312
822 2 2 101 77 1349 1484 1020
823 2 2 101 77 1021 1022 1423
824 2 2 101 77 1023 1481 1022
825 2 2 101 77 1423 1022 1456
826 2 2 101 77 1456 1022 1481
827 2 2 101 77 1117 1120 1023
828 2 2 101 77 1023 1120 1481
829 2 2 101 77 1025 1024 1061
830 2 2 101 77 1391 1061 1024
831 2 2 101 77 1391 1024 1433
832 2 2 101 77 1025 1061 1494
833 2 2 101 77 1494 1495 1025
834 2 2 101 77 1026 1027 1487
835 2 2 101 77 1029 1028 1026
836 2 2 101 77 1026 1030 1029
837 2 2 101 77 1214 1030 1026
838 2 2 101 77 1487 1214 1026
839 2 2 101 77 1486 1487 1027
840 2 2 101 77 1028 1029 1337
841 2 2 101 77 1337 1336 1028
842 2 2 101 77 1520 1029 1030
843 2 2 101 77 1337 1029 1561
844 2 2 101 77 1520 1531 1029
845 2 2 101 77 1029 1531 1561
846 2 2 101 77 1214 1519 1030
847 2 2 101 77 1519 1520 1030
848 2 2 101 77 1031 1033 1032
849 2 2 101 77 1255 1031 1032
850 2 2 101 77 1262 1033 1031
851 2 2 101 77 1256 1031 1255
852 2 2 101 77 1256 1262 1031
853 2 2 101 77 1033 1227 1032
854 2 2 101 77 1220 1032 1221
855 2 2 101 77 1220 1255 1032
856 2 2 101 77 1032 1227 1221
857 2 2 101 77 1033 1675 1227
858 2 2 101 77 1034 1036 1035
859 2 2 101 77 1035 1037 1034
860 2 2 101 77 1387 1036 1034
861 2 2 101 77 1626 1034 1037
862 2 2 101 77 1387 1034 1386
863 2 2 101 77 1386 1034 1626
864 2 2 101 77 1036 1571 1035
865 2 2 101 77 1542 1037 1035
866 2 2 101 77 1035 1543 1542
867 2 2 101 77 1543 1035 1571
868 2 2 101 77 1114 1036 1116
869 2 2 101 77 1114 1571 1036
870 2 2 101 77 1036 1294 1116
871 2 2 101 77 1387 1294 1036
872 2 2 101 77 1458 1626 1037
873 2 2 101 77 1039 1578 1038
874 2 2 101 77 1618 1049 1038
875 2 2 101 77 1578 1618 1038
876 2 2 101 77 1569 1039 1040
877 2 2 101 77 1569 1579 1039
878 2 2 101 77 1579 1578 1039
879 2 2 101 77 1574 1040 1041
880 2 2 101 77 1040 1574 1569
881 2 2 101 77 1524 1041 1473
882 2 2 101 77 1041 1524 1574
883 2 2 101 77 1042 1044 1043
884 2 2 101 77 1042 1043 1048
885 2 2 101 77 1042 1046 1044
886 2 2 101 77 1350 1046 1042
887 2 2 101 77 1044 1045 1043
888 2 2 101 77 1045 1349 1043
889 2 2 101 77 1048 1043 1349
890 2 2 101 77 1045 1044 1219
891 2 2 101 77 1046 1545 1044
892 2 2 101 77 1044 1632 1219
893 2 2 101 77 1044 1545 1632
894 2 2 101 77 1045 1213 1211
895 2 2 101 77 1211 1349 1045
896 2 2 101 77 1045 1219 1213
897 2 2 101 77 1164 1545 1046
898 2 2 101 77 1046 1615 1164
899 2 2 101 77 1615 1046 1350
900 2 2 101 77 1047 1553 1434
901 2 2 101 77 1312 1313 1048
902 2 2 101 77 1349 1312 1048
903 2 2 101 77 1049 1618 1144
904 2 2 101 77 1050 1052 1051
905 2 2 101 77 1050 1051 1565
906 2 2 101 77 1056 1052 1050
907 2 2 101 77 1056 1050 1061
908 2 2 101 77 1494 1061 1050
909 2 2 101 77 1565 1494 1050
910 2 2 101 77 1637 1051 1052
911 2 2 101 77 1563 1051 1564
912 2 2 101 77 1563 1565 1051
913 2 2 101 77 1637 1564 1051
914 2 2 101 77 1492 1052 1056
915 2 2 101 77 1157 1052 1492
916 2 2 101 77 1157 1637 1052
917 2 2 101 77 1053 1055 1054
918 2 2 101 77 1053 1054 1135
919 2 2 101 77 1053 1149 1055
920 2 2 101 77 1054 1055 1056
921 2 2 101 77 1056 1439 1054
922 2 2 101 77 1054 1390 1135
923 2 2 101 77 1054 1439 1390
924 2 2 101 77 1056 1055 1492
925 2 2 101 77 1439 1056 1061
926 2 2 101 77 1057 1059 1058
927 2 2 101 77 1057 1058 1060
928 2 2 101 77 1059 1057 1190
929 2 2 101 77 1060 1138 1057
930 2 2 101 77 1138 1139 1057
931 2 2 101 77 1057 1139 1254
932 2 2 101 77 1254 1190 1057
933 2 2 101 77 1059 1343 1058
934 2 2 101 77 1060 1058 1636
935 2 2 101 77 1343 1636 1058
936 2 2 101 77 1189 1059 1190
937 2 2 101 77 1189 1342 1059
938 2 2 101 77 1342 1343 1059
939 2 2 101 77 1363 1138 1060
940 2 2 101 77 1363 1060 1628
941 2 2 101 77 1628 1060 1636
942 2 2 101 77 1391 1439 1061
943 2 2 101 77 1062 1064 1063
944 2 2 101 77 1063 1087 1062
945 2 2 101 77 1062 1651 1064
946 2 2 101 77 1087 1088 1062
947 2 2 101 77 1650 1062 1088
948 2 2 101 77 1650 1651 1062
949 2 2 101 77 1063 1064 1068
950 2 2 101 77 1063 1068 1147
951 2 2 101 77 1063 1133 1087
952 2 2 101 77 1147 1133 1063
953 2 2 101 77 1067 1068 1064
954 2 2 101 77 1067 1064 1299
955 2 2 101 77 1064 1651 1299
956 2 2 101 77 1066 1065 1274
957 2 2 101 77 1105 1136 1065
958 2 2 101 77 1136 1502 1065
959 2 2 101 77 1065 1502 1274
960 2 2 101 77 1066 1273 1169
961 2 2 101 77 1273 1066 1274
962 2 2 101 77 1067 1624 1068
963 2 2 101 77 1067 1299 1300
964 2 2 101 77 1300 1376 1067
965 2 2 101 77 1624 1067 1376
966 2 2 101 77 1146 1147 1068
967 2 2 101 77 1068 1148 1146
968 2 2 101 77 1624 1148 1068
969 2 2 101 77 1069 1071 1070
970 2 2 101 77 1069 1070 1106
971 2 2 101 77 1092 1071 1069
972 2 2 101 77 1537 1092 1069
973 2 2 101 77 1657 1069 1106
974 2 2 101 77 1069 1657 1537
975 2 2 101 77 1070 1071 1090
976 2 2 101 77 1089 1070 1090
977 2 2 101 77 1098 1070 1089
978 2 2 101 77 1106 1070 1098
979 2 2 101 77 1482 1090 1071
980 2 2 101 77 1071 1092 1095
981 2 2 101 77 1071 1095 1482
982 2 2 101 77 1072 1074 1073
983 2 2 101 77 1073 1076 1072
984 2 2 101 77 1087 1074 1072
985 2 2 101 77 1076 1464 1072
986 2 2 101 77 1072 1088 1087
987 2 2 101 77 1121 1088 1072
988 2 2 101 77 1121 1072 1464
989 2 2 101 77 1074 1075 1073
990 2 2 101 77 1075 1625 1073
991 2 2 101 77 1366 1076 1073
992 2 2 101 77 1625 1366 1073
993 2 2 101 77 1074 1331 1075
994 2 2 101 77 1074 1087 1131
995 2 2 101 77 1074 1131 1331
996 2 2 101 77 1075 1331 1627
997 2 2 101 77 1627 1625 1075
998 2 2 101 77 1591 1464 1076
999 2 2 101 77 1078 1080 1079
1000 2 2 101 77 1078 1081 1080
1001 2 2 101 77 1081 1078 1267
1002 2 2 101 77 1079 1080 1555
1003 2 2 101 77 1079 1635 1222
1004 2 2 101 77 1555 1635 1079
1005 2 2 101 77 1081 1496 1080
1006 2 2 101 77 1405 1555 1080
1007 2 2 101 77 1653 1405 1080
1008 2 2 101 77 1653 1080 1496
1009 2 2 101 77 1267 1426 1081
1010 2 2 101 77 1081 1426 1425
1011 2 2 101 77 1081 1425 1496
1012 2 2 101 77 1082 1084 1083
1013 2 2 101 77 1082 1083 1086
1014 2 2 101 77 1084 1082 1641
1015 2 2 101 77 1085 1082 1086
1016 2 2 101 77 1082 1085 1606
1017 2 2 101 77 1641 1082 1606
1018 2 2 101 77 1084 1447 1083
1019 2 2 101 77 1362 1086 1083
1020 2 2 101 77 1364 1362 1083
1021 2 2 101 77 1446 1364 1083
1022 2 2 101 77 1446 1083 1447
1023 2 2 101 77 1447 1084 1462
1024 2 2 101 77 1462 1084 1662
1025 2 2 101 77 1662 1084 1641
1026 2 2 101 77 1085 1086 1628
1027 2 2 101 77 1628 1605 1085
1028 2 2 101 77 1362 1363 1086
1029 2 2 101 77 1363 1628 1086
1030 2 2 101 77 1131 1087 1133
1031 2 2 101 77 1088 1121 1346
1032 2 2 101 77 1650 1088 1346
1033 2 2 101 77 1089 1097 1098
1034 2 2 101 77 1089 1583 1097
1035 2 2 101 77 1090 1205 1091
1036 2 2 101 77 1205 1090 1482
1037 2 2 101 77 1205 1661 1091
1038 2 2 101 77 1280 1091 1661
1039 2 2 101 77 1092 1094 1093
1040 2 2 101 77 1092 1093 1095
1041 2 2 101 77 1092 1537 1094
1042 2 2 101 77 1490 1093 1094
1043 2 2 101 77 1666 1095 1093
1044 2 2 101 77 1093 1490 1491
1045 2 2 101 77 1666 1093 1491
1046 2 2 101 77 1490 1094 1536
1047 2 2 101 77 1537 1536 1094
1048 2 2 101 77 1482 1095 1666
1049 2 2 101 77 1096 1098 1097
1050 2 2 101 77 1097 1288 1096
1051 2 2 101 77 1106 1098 1096
1052 2 2 101 77 1106 1096 1111
1053 2 2 101 77 1110 1111 1096
1054 2 2 101 77 1287 1110 1096
1055 2 2 101 77 1287 1096 1288
1056 2 2 101 77 1584 1288 1097
1057 2 2 101 77 1097 1583 1584
1058 2 2 101 77 1099 1101 1100
1059 2 2 101 77 1099 1100 1237
1060 2 2 101 77 1101 1099 1284
1061 2 2 101 77 1237 1629 1099
1062 2 2 101 77 1629 1284 1099
1063 2 2 101 77 1100 1101 1102
1064 2 2 101 77 1236 1237 1100
1065 2 2 101 77 1399 1236 1100
1066 2 2 101 77 1284 1285 1101
1067 2 2 101 77 1103 1105 1104
1068 2 2 101 77 1103 1104 1645
1069 2 2 101 77 1103 1140 1105
1070 2 2 101 77 1140 1103 1425
1071 2 2 101 77 1425 1103 1496
1072 2 2 101 77 1644 1496 1103
1073 2 2 101 77 1644 1103 1645
1074 2 2 101 77 1323 1324 1104
1075 2 2 101 77 1645 1104 1324
1076 2 2 101 77 1140 1136 1105
1077 2 2 101 77 1111 1657 1106
1078 2 2 101 77 1107 1109 1108
1079 2 2 101 77 1107 1108 1112
1080 2 2 101 77 1558 1109 1107
1081 2 2 101 77 1112 1445 1107
1082 2 2 101 77 1107 1445 1559
1083 2 2 101 77 1107 1559 1558
1084 2 2 101 77 1109 1335 1108
1085 2 2 101 77 1252 1112 1108
1086 2 2 101 77 1108 1337 1252
1087 2 2 101 77 1335 1336 1108
1088 2 2 101 77 1336 1337 1108
1089 2 2 101 77 1381 1335 1109
1090 2 2 101 77 1109 1558 1381
1091 2 2 101 77 1287 1332 1110
1092 2 2 101 77 1110 1332 1318
1093 2 2 101 77 1111 1316 1657
1094 2 2 101 77 1252 1253 1112
1095 2 2 101 77 1253 1444 1112
1096 2 2 101 77 1112 1444 1445
1097 2 2 101 77 1113 1115 1114
1098 2 2 101 77 1566 1115 1113
1099 2 2 101 77 1570 1566 1113
1100 2 2 101 77 1393 1114 1115
1101 2 2 101 77 1114 1393 1571
1102 2 2 101 77 1115 1394 1393
1103 2 2 101 77 1115 1479 1394
1104 2 2 101 77 1479 1115 1566
1105 2 2 101 77 1117 1119 1118
1106 2 2 101 77 1117 1118 1120
1107 2 2 101 77 1119 1117 1453
1108 2 2 101 77 1117 1484 1453
1109 2 2 101 77 1253 1118 1119
1110 2 2 101 77 1561 1120 1118
1111 2 2 101 77 1252 1118 1253
1112 2 2 101 77 1118 1252 1561
1113 2 2 101 77 1119 1444 1253
1114 2 2 101 77 1444 1119 1568
1115 2 2 101 77 1568 1119 1453
1116 2 2 101 77 1441 1481 1120
1117 2 2 101 77 1441 1120 1531
1118 2 2 101 77 1531 1120 1561
1119 2 2 101 77 1345 1346 1121
1120 2 2 101 77 1576 1345 1121
1121 2 2 101 77 1576 1121 1464
1122 2 2 101 77 1241 1291 1122
1123 2 2 101 77 1247 1122 1291
1124 2 2 101 77 1308 1123 1153
1125 2 2 101 77 1275 1123 1308
1126 2 2 101 77 1124 1126 1125
1127 2 2 101 77 1124 1125 1341
1128 2 2 101 77 1473 1124 1341
1129 2 2 101 77 1125 1126 1230
1130 2 2 101 77 1125 1230 1228
1131 2 2 101 77 1125 1228 1585
1132 2 2 101 77 1341 1125 1240
1133 2 2 101 77 1240 1125 1585
1134 2 2 101 77 1467 1230 1126
1135 2 2 101 77 1467 1126 1408
1136 2 2 101 77 1127 1129 1128
1137 2 2 101 77 1128 1523 1127
1138 2 2 101 77 1129 1127 1178
1139 2 2 101 77 1178 1127 1182
1140 2 2 101 77 1182 1127 1240
1141 2 2 101 77 1240 1127 1523
1142 2 2 101 77 1128 1129 1130
1143 2 2 101 77 1128 1130 1522
1144 2 2 101 77 1521 1128 1522
1145 2 2 101 77 1523 1128 1521
1146 2 2 101 77 1129 1381 1130
1147 2 2 101 77 1129 1178 1380
1148 2 2 101 77 1380 1381 1129
1149 2 2 101 77 1130 1381 1558
1150 2 2 101 77 1130 1558 1522
1151 2 2 101 77 1131 1133 1329
1152 2 2 101 77 1131 1329 1331
1153 2 2 101 77 1302 1303 1132
1154 2 2 101 77 1302 1132 1314
1155 2 2 101 77 1132 1310 1314
1156 2 2 101 77 1133 1147 1329
1157 2 2 101 77 1281 1134 1282
1158 2 2 101 77 1282 1134 1669
1159 2 2 101 77 1134 1671 1669
1160 2 2 101 77 1334 1135 1390
1161 2 2 101 77 1140 1141 1136
1162 2 2 101 77 1136 1141 1142
1163 2 2 101 77 1142 1504 1136
1164 2 2 101 77 1502 1136 1504
1165 2 2 101 77 1137 1139 1138
1166 2 2 101 77 1137 1138 1362
1167 2 2 101 77 1139 1137 1573
1168 2 2 101 77 1364 1137 1362
1169 2 2 101 77 1364 1655 1137
1170 2 2 101 77 1572 1573 1137
1171 2 2 101 77 1655 1572 1137
1172 2 2 101 77 1138 1363 1362
1173 2 2 101 77 1640 1254 1139
1174 2 2 101 77 1640 1139 1573
1175 2 2 101 77 1140 1425 1141
1176 2 2 101 77 1385 1142 1141
1177 2 2 101 77 1385 1141 1426
1178 2 2 101 77 1141 1425 1426
1179 2 2 101 77 1430 1142 1385
1180 2 2 101 77 1430 1504 1142
1181 2 2 101 77 1143 1145 1144
1182 2 2 101 77 1170 1143 1144
1183 2 2 101 77 1145 1143 1609
1184 2 2 101 77 1143 1170 1169
1185 2 2 101 77 1276 1143 1169
1186 2 2 101 77 1276 1609 1143
1187 2 2 101 77 1144 1618 1170
1188 2 2 101 77 1352 1145 1609
1189 2 2 101 77 1146 1413 1147
1190 2 2 101 77 1535 1146 1148
1191 2 2 101 77 1413 1146 1552
1192 2 2 101 77 1146 1535 1608
1193 2 2 101 77 1146 1608 1552
1194 2 2 101 77 1147 1413 1329
1195 2 2 101 77 1148 1534 1535
1196 2 2 101 77 1534 1148 1624
1197 2 2 101 77 1149 1151 1150
1198 2 2 101 77 1151 1153 1150
1199 2 2 101 77 1152 1153 1151
1200 2 2 101 77 1308 1153 1152
1201 2 2 101 77 1152 1309 1308
1202 2 2 101 77 1309 1152 1677
1203 2 2 101 77 1154 1156 1155
1204 2 2 101 77 1155 1581 1154
1205 2 2 101 77 1154 1640 1573
1206 2 2 101 77 1581 1654 1154
1207 2 2 101 77 1154 1654 1640
1208 2 2 101 77 1156 1251 1155
1209 2 2 101 77 1155 1251 1286
1210 2 2 101 77 1155 1286 1580
1211 2 2 101 77 1155 1580 1581
1212 2 2 101 77 1251 1156 1250
1213 2 2 101 77 1159 1157 1158
1214 2 2 101 77 1637 1157 1159
1215 2 2 101 77 1160 1162 1161
1216 2 2 101 77 1633 1160 1161
1217 2 2 101 77 1160 1164 1162
1218 2 2 101 77 1545 1164 1160
1219 2 2 101 77 1545 1160 1632
1220 2 2 101 77 1633 1632 1160
1221 2 2 101 77 1161 1162 1163
1222 2 2 101 77 1163 1664 1161
1223 2 2 101 77 1607 1202 1161
1224 2 2 101 77 1202 1633 1161
1225 2 2 101 77 1664 1607 1161
1226 2 2 101 77 1660 1163 1162
1227 2 2 101 77 1164 1615 1162
1228 2 2 101 77 1162 1615 1658
1229 2 2 101 77 1162 1658 1660
1230 2 2 101 77 1417 1411 1163
1231 2 2 101 77 1163 1411 1664
1232 2 2 101 77 1660 1417 1163
1233 2 2 101 77 1166 1165 1167
1234 2 2 101 77 1167 1165 1168
1235 2 2 101 77 1209 1168 1165
1236 2 2 101 77 1165 1207 1208
1237 2 2 101 77 1209 1165 1208
1238 2 2 101 77 1166 1167 1452
1239 2 2 101 77 1166 1452 1448
1240 2 2 101 77 1167 1168 1293
1241 2 2 101 77 1486 1167 1293
1242 2 2 101 77 1167 1486 1452
1243 2 2 101 77 1301 1168 1209
1244 2 2 101 77 1168 1301 1293
1245 2 2 101 77 1273 1276 1169
1246 2 2 101 77 1597 1488 1170
1247 2 2 101 77 1170 1618 1597
1248 2 2 101 77 1171 1173 1172
1249 2 2 101 77 1171 1172 1174
1250 2 2 101 77 1173 1171 1538
1251 2 2 101 77 1540 1171 1174
1252 2 2 101 77 1538 1171 1540
1253 2 2 101 77 1174 1172 1631
1254 2 2 101 77 1177 1631 1172
1255 2 2 101 77 1173 1538 1600
1256 2 2 101 77 1600 1547 1173
1257 2 2 101 77 1176 1343 1175
1258 2 2 101 77 1175 1343 1342
1259 2 2 101 77 1343 1176 1636
1260 2 2 101 77 1176 1605 1636
1261 2 2 101 77 1440 1177 1266
1262 2 2 101 77 1177 1440 1631
1263 2 2 101 77 1178 1180 1179
1264 2 2 101 77 1178 1179 1380
1265 2 2 101 77 1178 1182 1180
1266 2 2 101 77 1180 1182 1181
1267 2 2 101 77 1180 1181 1450
1268 2 2 101 77 1182 1585 1181
1269 2 2 101 77 1181 1228 1233
1270 2 2 101 77 1181 1585 1228
1271 2 2 101 77 1181 1233 1449
1272 2 2 101 77 1181 1449 1450
1273 2 2 101 77 1240 1585 1182
1274 2 2 101 77 1183 1185 1184
1275 2 2 101 77 1246 1183 1184
1276 2 2 101 77 1183 1248 1185
1277 2 2 101 77 1305 1183 1246
1278 2 2 101 77 1307 1248 1183
1279 2 2 101 77 1183 1305 1306
1280 2 2 101 77 1307 1183 1306
1281 2 2 101 77 1184 1185 1191
1282 2 2 101 77 1184 1191 1239
1283 2 2 101 77 1639 1184 1239
1284 2 2 101 77 1246 1184 1639
1285 2 2 101 77 1191 1185 1192
1286 2 2 101 77 1192 1185 1421
1287 2 2 101 77 1421 1185 1248
1288 2 2 101 77 1186 1188 1187
1289 2 2 101 77 1186 1546 1188
1290 2 2 101 77 1186 1455 1546
1291 2 2 101 77 1203 1187 1188
1292 2 2 101 77 1206 1187 1203
1293 2 2 101 77 1201 1188 1544
1294 2 2 101 77 1544 1188 1546
1295 2 2 101 77 1189 1190 1421
1296 2 2 101 77 1189 1421 1248
1297 2 2 101 77 1254 1638 1190
1298 2 2 101 77 1421 1190 1638
1299 2 2 101 77 1192 1649 1191
1300 2 2 101 77 1239 1191 1673
1301 2 2 101 77 1673 1191 1649
1302 2 2 101 77 1421 1638 1192
1303 2 2 101 77 1638 1654 1192
1304 2 2 101 77 1192 1654 1649
1305 2 2 101 77 1193 1195 1194
1306 2 2 101 77 1193 1200 1195
1307 2 2 101 77 1193 1199 1198
1308 2 2 101 77 1193 1198 1200
1309 2 2 101 77 1195 1321 1194
1310 2 2 101 77 1194 1320 1319
1311 2 2 101 77 1321 1320 1194
1312 2 2 101 77 1200 1526 1195
1313 2 2 101 77 1321 1195 1526
1314 2 2 101 77 1304 1507 1196
1315 2 2 101 77 1199 1622 1198
1316 2 2 101 77 1200 1198 1339
1317 2 2 101 77 1198 1338 1339
1318 2 2 101 77 1634 1338 1198
1319 2 2 101 77 1634 1198 1622
1320 2 2 101 77 1620 1199 1432
1321 2 2 101 77 1620 1622 1199
1322 2 2 101 77 1339 1556 1200
1323 2 2 101 77 1526 1200 1577
1324 2 2 101 77 1200 1556 1577
1325 2 2 101 77 1201 1633 1202
1326 2 2 101 77 1201 1544 1633
1327 2 2 101 77 1482 1483 1205
1328 2 2 101 77 1205 1483 1661
1329 2 2 101 77 1208 1207 1420
1330 2 2 101 77 1269 1420 1207
1331 2 2 101 77 1269 1207 1676
1332 2 2 101 77 1208 1210 1209
1333 2 2 101 77 1209 1210 1216
1334 2 2 101 77 1209 1216 1301
1335 2 2 101 77 1211 1213 1212
1336 2 2 101 77 1567 1211 1212
1337 2 2 101 77 1485 1349 1211
1338 2 2 101 77 1211 1568 1485
1339 2 2 101 77 1568 1211 1567
1340 2 2 101 77 1217 1212 1213
1341 2 2 101 77 1212 1217 1674
1342 2 2 101 77 1212 1674 1567
1343 2 2 101 77 1213 1218 1217
1344 2 2 101 77 1213 1219 1218
1345 2 2 101 77 1214 1216 1215
1346 2 2 101 77 1519 1214 1215
1347 2 2 101 77 1214 1301 1216
1348 2 2 101 77 1214 1487 1301
1349 2 2 101 77 1332 1215 1318
1350 2 2 101 77 1215 1332 1519
1351 2 2 101 77 1544 1217 1218
1352 2 2 101 77 1546 1217 1544
1353 2 2 101 77 1546 1674 1217
1354 2 2 101 77 1632 1218 1219
1355 2 2 101 77 1218 1632 1544
1356 2 2 101 77 1221 1234 1225
1357 2 2 101 77 1227 1234 1221
1358 2 2 101 77 1222 1224 1223
1359 2 2 101 77 1222 1635 1224
1360 2 2 101 77 1224 1259 1223
1361 2 2 101 77 1260 1259 1224
1362 2 2 101 77 1224 1303 1260
1363 2 2 101 77 1303 1224 1635
1364 2 2 101 77 1234 1235 1225
1365 2 2 101 77 1225 1235 1389
1366 2 2 101 77 1225 1389 1297
1367 2 2 101 77 1227 1275 1234
1368 2 2 101 77 1228 1230 1229
1369 2 2 101 77 1228 1229 1233
1370 2 2 101 77 1229 1230 1467
1371 2 2 101 77 1231 1229 1232
1372 2 2 101 77 1231 1233 1229
1373 2 2 101 77 1465 1232 1229
1374 2 2 101 77 1229 1467 1465
1375 2 2 101 77 1365 1231 1232
1376 2 2 101 77 1449 1233 1231
1377 2 2 101 77 1451 1231 1365
1378 2 2 101 77 1449 1231 1451
1379 2 2 101 77 1309 1235 1234
1380 2 2 101 77 1309 1234 1275
1381 2 2 101 77 1309 1491 1235
1382 2 2 101 77 1489 1389 1235
1383 2 2 101 77 1489 1235 1490
1384 2 2 101 77 1490 1235 1491
1385 2 2 101 77 1238 1237 1236
1386 2 2 101 77 1238 1236 1402
1387 2 2 101 77 1236 1399 1398
1388 2 2 101 77 1402 1236 1398
1389 2 2 101 77 1239 1237 1238
1390 2 2 101 77 1673 1237 1239
1391 2 2 101 77 1237 1673 1629
1392 2 2 101 77 1239 1238 1639
1393 2 2 101 77 1402 1639 1238
1394 2 2 101 77 1240 1523 1341
1395 2 2 101 77 1241 1290 1291
1396 2 2 101 77 1242 1244 1243
1397 2 2 101 77 1243 1245 1242
1398 2 2 101 77 1242 1443 1244
1399 2 2 101 77 1242 1245 1619
1400 2 2 101 77 1442 1443 1242
1401 2 2 101 77 1619 1442 1242
1402 2 2 101 77 1287 1243 1244
1403 2 2 101 77 1584 1245 1243
1404 2 2 101 77 1287 1288 1243
1405 2 2 101 77 1243 1288 1584
1406 2 2 101 77 1332 1287 1244
1407 2 2 101 77 1244 1519 1332
1408 2 2 101 77 1244 1443 1519
1409 2 2 101 77 1245 1500 1457
1410 2 2 101 77 1245 1457 1619
1411 2 2 101 77 1245 1513 1500
1412 2 2 101 77 1584 1513 1245
1413 2 2 101 77 1327 1326 1247
1414 2 2 101 77 1249 1251 1250
1415 2 2 101 77 1440 1249 1250
1416 2 2 101 77 1249 1261 1251
1417 2 2 101 77 1261 1249 1262
1418 2 2 101 77 1249 1266 1262
1419 2 2 101 77 1266 1249 1440
1420 2 2 101 77 1250 1631 1440
1421 2 2 101 77 1251 1261 1286
1422 2 2 101 77 1252 1337 1561
1423 2 2 101 77 1638 1254 1640
1424 2 2 101 77 1255 1257 1256
1425 2 2 101 77 1257 1255 1258
1426 2 2 101 77 1257 1261 1256
1427 2 2 101 77 1261 1262 1256
1428 2 2 101 77 1257 1258 1406
1429 2 2 101 77 1257 1286 1261
1430 2 2 101 77 1406 1286 1257
1431 2 2 101 77 1406 1258 1283
1432 2 2 101 77 1259 1260 1437
1433 2 2 101 77 1437 1438 1259
1434 2 2 101 77 1303 1302 1260
1435 2 2 101 77 1263 1265 1264
1436 2 2 101 77 1373 1263 1264
1437 2 2 101 77 1272 1263 1373
1438 2 2 101 77 1265 1509 1264
1439 2 2 101 77 1264 1579 1373
1440 2 2 101 77 1264 1509 1578
1441 2 2 101 77 1579 1264 1578
1442 2 2 101 77 1265 1582 1509
1443 2 2 101 77 1267 1367 1602
1444 2 2 101 77 1267 1602 1426
1445 2 2 101 77 1268 1270 1269
1446 2 2 101 77 1268 1269 1549
1447 2 2 101 77 1270 1268 1393
1448 2 2 101 77 1393 1268 1571
1449 2 2 101 77 1268 1549 1543
1450 2 2 101 77 1543 1571 1268
1451 2 2 101 77 1269 1270 1271
1452 2 2 101 77 1271 1420 1269
1453 2 2 101 77 1549 1269 1676
1454 2 2 101 77 1270 1392 1271
1455 2 2 101 77 1270 1394 1392
1456 2 2 101 77 1393 1394 1270
1457 2 2 101 77 1273 1274 1503
1458 2 2 101 77 1276 1273 1277
1459 2 2 101 77 1277 1273 1300
1460 2 2 101 77 1300 1273 1503
1461 2 2 101 77 1502 1503 1274
1462 2 2 101 77 1308 1309 1275
1463 2 2 101 77 1651 1276 1277
1464 2 2 101 77 1276 1651 1609
1465 2 2 101 77 1299 1277 1300
1466 2 2 101 77 1299 1651 1277
1467 2 2 101 77 1278 1280 1279
1468 2 2 101 77 1278 1279 1319
1469 2 2 101 77 1278 1319 1320
1470 2 2 101 77 1661 1279 1280
1471 2 2 101 77 1319 1279 1333
1472 2 2 101 77 1665 1279 1661
1473 2 2 101 77 1282 1499 1281
1474 2 2 101 77 1615 1350 1281
1475 2 2 101 77 1615 1281 1499
1476 2 2 101 77 1498 1499 1282
1477 2 2 101 77 1283 1285 1284
1478 2 2 101 77 1406 1283 1284
1479 2 2 101 77 1629 1406 1284
1480 2 2 101 77 1286 1406 1580
1481 2 2 101 77 1289 1291 1290
1482 2 2 101 77 1290 1292 1289
1483 2 2 101 77 1290 1298 1292
1484 2 2 101 77 1301 1487 1293
1485 2 2 101 77 1486 1293 1487
1486 2 2 101 77 1388 1296 1294
1487 2 2 101 77 1387 1388 1294
1488 2 2 101 77 1388 1398 1296
1489 2 2 101 77 1398 1399 1296
1490 2 2 101 77 1297 1389 1489
1491 2 2 101 77 1375 1376 1300
1492 2 2 101 77 1375 1300 1503
1493 2 2 101 77 1314 1356 1302
1494 2 2 101 77 1306 1305 1478
1495 2 2 101 77 1306 1550 1307
1496 2 2 101 77 1551 1306 1478
1497 2 2 101 77 1550 1306 1551
1498 2 2 101 77 1309 1677 1491
1499 2 2 101 77 1311 1313 1312
1500 2 2 101 77 1454 1313 1311
1501 2 2 101 77 1311 1359 1454
1502 2 2 101 77 1463 1317 1471
1503 2 2 101 77 1317 1472 1471
1504 2 2 101 77 1333 1599 1319
1505 2 2 101 77 1351 1320 1321
1506 2 2 101 77 1321 1379 1351
1507 2 2 101 77 1321 1526 1379
1508 2 2 101 77 1322 1324 1323
1509 2 2 101 77 1323 1598 1322
1510 2 2 101 77 1325 1324 1322
1511 2 2 101 77 1322 1327 1325
1512 2 2 101 77 1326 1327 1322
1513 2 2 101 77 1598 1326 1322
1514 2 2 101 77 1323 1488 1598
1515 2 2 101 77 1325 1652 1324
1516 2 2 101 77 1652 1645 1324
1517 2 2 101 77 1652 1325 1667
1518 2 2 101 77 1598 1582 1326
1519 2 2 101 77 1328 1330 1329
1520 2 2 101 77 1329 1413 1328
1521 2 2 101 77 1552 1328 1413
1522 2 2 101 77 1552 1478 1328
1523 2 2 101 77 1329 1330 1331
1524 2 2 101 77 1330 1429 1331
1525 2 2 101 77 1331 1429 1627
1526 2 2 101 77 1334 1599 1333
1527 2 2 101 77 1474 1336 1335
1528 2 2 101 77 1335 1381 1474
1529 2 2 101 77 1338 1340 1339
1530 2 2 101 77 1339 1340 1593
1531 2 2 101 77 1593 1556 1339
1532 2 2 101 77 1524 1473 1341
1533 2 2 101 77 1524 1341 1523
1534 2 2 101 77 1344 1346 1345
1535 2 2 101 77 1344 1345 1347
1536 2 2 101 77 1346 1344 1352
1537 2 2 101 77 1407 1344 1347
1538 2 2 101 77 1347 1345 1576
1539 2 2 101 77 1346 1352 1651
1540 2 2 101 77 1650 1346 1651
1541 2 2 101 77 1347 1408 1407
1542 2 2 101 77 1347 1466 1408
1543 2 2 101 77 1347 1575 1466
1544 2 2 101 77 1347 1576 1575
1545 2 2 101 77 1427 1348 1647
1546 2 2 101 77 1484 1349 1485
1547 2 2 101 77 1609 1651 1352
1548 2 2 101 77 1353 1511 1354
1549 2 2 101 77 1510 1353 1357
1550 2 2 101 77 1353 1510 1511
1551 2 2 101 77 1620 1355 1354
1552 2 2 101 77 1354 1511 1532
1553 2 2 101 77 1532 1620 1354
1554 2 2 101 77 1432 1355 1620
1555 2 2 101 77 1614 1510 1357
1556 2 2 101 77 1510 1358 1512
1557 2 2 101 77 1614 1358 1510
1558 2 2 101 77 1514 1512 1358
1559 2 2 101 77 1614 1613 1358
1560 2 2 101 77 1451 1365 1361
1561 2 2 101 77 1446 1497 1364
1562 2 2 101 77 1364 1497 1656
1563 2 2 101 77 1656 1655 1364
1564 2 2 101 77 1625 1458 1366
1565 2 2 101 77 1367 1369 1368
1566 2 2 101 77 1367 1368 1560
1567 2 2 101 77 1370 1369 1367
1568 2 2 101 77 1560 1602 1367
1569 2 2 101 77 1383 1368 1369
1570 2 2 101 77 1383 1384 1368
1571 2 2 101 77 1368 1384 1562
1572 2 2 101 77 1562 1560 1368
1573 2 2 101 77 1678 1369 1370
1574 2 2 101 77 1594 1383 1369
1575 2 2 101 77 1369 1678 1594
1576 2 2 101 77 1604 1371 1372
1577 2 2 101 77 1436 1437 1371
1578 2 2 101 77 1436 1371 1604
1579 2 2 101 77 1372 1515 1516
1580 2 2 101 77 1515 1372 1603
1581 2 2 101 77 1604 1372 1516
1582 2 2 101 77 1579 1569 1373
1583 2 2 101 77 1374 1376 1375
1584 2 2 101 77 1374 1375 1377
1585 2 2 101 77 1374 1534 1376
1586 2 2 101 77 1374 1377 1378
1587 2 2 101 77 1374 1378 1533
1588 2 2 101 77 1534 1374 1533
1589 2 2 101 77 1504 1377 1375
1590 2 2 101 77 1504 1375 1503
1591 2 2 101 77 1376 1534 1624
1592 2 2 101 77 1377 1431 1378
1593 2 2 101 77 1430 1431 1377
1594 2 2 101 77 1430 1377 1504
1595 2 2 101 77 1378 1431 1623
1596 2 2 101 77 1378 1610 1533
1597 2 2 101 77 1610 1378 1623
1598 2 2 101 77 1557 1501 1379
1599 2 2 101 77 1577 1379 1526
1600 2 2 101 77 1577 1557 1379
1601 2 2 101 77 1474 1381 1380
1602 2 2 101 77 1623 1562 1384
1603 2 2 101 77 1623 1384 1612
1604 2 2 101 77 1612 1384 1646
1605 2 2 101 77 1426 1602 1385
1606 2 2 101 77 1430 1385 1560
1607 2 2 101 77 1385 1602 1560
1608 2 2 101 77 1386 1388 1387
1609 2 2 101 77 1386 1424 1388
1610 2 2 101 77 1424 1386 1625
1611 2 2 101 77 1625 1386 1626
1612 2 2 101 77 1390 1439 1391
1613 2 2 101 77 1394 1480 1392
1614 2 2 101 77 1394 1479 1480
1615 2 2 101 77 1395 1404 1403
1616 2 2 101 77 1395 1403 1670
1617 2 2 101 77 1663 1401 1412
1618 2 2 101 77 1405 1403 1404
1619 2 2 101 77 1403 1405 1653
1620 2 2 101 77 1403 1653 1652
1621 2 2 101 77 1670 1403 1652
1622 2 2 101 77 1404 1555 1405
1623 2 2 101 77 1404 1635 1555
1624 2 2 101 77 1630 1580 1406
1625 2 2 101 77 1629 1630 1406
1626 2 2 101 77 1466 1467 1408
1627 2 2 101 77 1409 1411 1410
1628 2 2 101 77 1410 1411 1417
1629 2 2 101 77 1417 1418 1410
1630 2 2 101 77 1418 1419 1410
1631 2 2 101 77 1518 1664 1411
1632 2 2 101 77 1414 1416 1415
1633 2 2 101 77 1539 1416 1414
1634 2 2 101 77 1505 1538 1414
1635 2 2 101 77 1538 1539 1414
1636 2 2 101 77 1415 1416 1460
1637 2 2 101 77 1416 1459 1460
1638 2 2 101 77 1416 1497 1459
1639 2 2 101 77 1497 1416 1656
1640 2 2 101 77 1539 1656 1416
1641 2 2 101 77 1418 1417 1659
1642 2 2 101 77 1659 1417 1660
1643 2 2 101 77 1422 1423 1456
1644 2 2 101 77 1456 1457 1422
1645 2 2 101 77 1422 1457 1500
1646 2 2 101 77 1422 1500 1501
1647 2 2 101 77 1424 1627 1429
1648 2 2 101 77 1625 1627 1424
1649 2 2 101 77 1430 1560 1431
1650 2 2 101 77 1562 1431 1560
1651 2 2 101 77 1431 1562 1623
1652 2 2 101 77 1435 1553 1648
1653 2 2 101 77 1436 1438 1437
1654 2 2 101 77 1472 1436 1604
1655 2 2 101 77 1441 1443 1442
1656 2 2 101 77 1442 1481 1441
1657 2 2 101 77 1531 1443 1441
1658 2 2 101 77 1619 1481 1442
1659 2 2 101 77 1443 1520 1519
1660 2 2 101 77 1531 1520 1443
1661 2 2 101 77 1445 1444 1588
1662 2 2 101 77 1568 1567 1444
1663 2 2 101 77 1444 1567 1588
1664 2 2 101 77 1445 1588 1559
1665 2 2 101 77 1459 1446 1447
1666 2 2 101 77 1459 1497 1446
1667 2 2 101 77 1459 1447 1462
1668 2 2 101 77 1448 1450 1449
1669 2 2 101 77 1448 1449 1451
1670 2 2 101 77 1452 1450 1448
1671 2 2 101 77 1484 1485 1453
1672 2 2 101 77 1568 1453 1485
1673 2 2 101 77 1546 1455 1674
1674 2 2 101 77 1674 1455 1586
1675 2 2 101 77 1619 1457 1456
1676 2 2 101 77 1619 1456 1481
1677 2 2 101 77 1625 1626 1458
1678 2 2 101 77 1460 1459 1461
1679 2 2 101 77 1462 1461 1459
1680 2 2 101 77 1461 1462 1621
1681 2 2 101 77 1621 1462 1662
1682 2 2 101 77 1591 1576 1464
1683 2 2 101 77 1465 1467 1466
1684 2 2 101 77 1465 1466 1575
1685 2 2 101 77 1465 1575 1591
1686 2 2 101 77 1468 1469 1527
1687 2 2 101 77 1469 1470 1517
1688 2 2 101 77 1469 1517 1527
1689 2 2 101 77 1516 1517 1470
1690 2 2 101 77 1516 1470 1589
1691 2 2 101 77 1471 1472 1589
1692 2 2 101 77 1516 1589 1472
1693 2 2 101 77 1516 1472 1604
1694 2 2 101 77 1475 1476 1514
1695 2 2 101 77 1476 1477 1512
1696 2 2 101 77 1476 1512 1514
1697 2 2 101 77 1511 1512 1477
1698 2 2 101 77 1511 1477 1595
1699 2 2 101 77 1551 1478 1552
1700 2 2 101 77 1508 1480 1506
1701 2 2 101 77 1598 1488 1597
1702 2 2 101 77 1489 1490 1592
1703 2 2 101 77 1490 1536 1592
1704 2 2 101 77 1491 1677 1666
1705 2 2 101 77 1493 1495 1494
1706 2 2 101 77 1565 1493 1494
1707 2 2 101 77 1493 1668 1495
1708 2 2 101 77 1565 1563 1493
1709 2 2 101 77 1493 1563 1668
1710 2 2 101 77 1672 1495 1668
1711 2 2 101 77 1653 1496 1644
1712 2 2 101 77 1499 1498 1658
1713 2 2 101 77 1615 1499 1658
1714 2 2 101 77 1502 1504 1503
1715 2 2 101 77 1529 1538 1505
1716 2 2 101 77 1508 1506 1536
1717 2 2 101 77 1536 1506 1592
1718 2 2 101 77 1508 1536 1537
1719 2 2 101 77 1578 1509 1596
1720 2 2 101 77 1509 1582 1596
1721 2 2 101 77 1510 1512 1511
1722 2 2 101 77 1511 1595 1532
1723 2 2 101 77 1513 1584 1583
1724 2 2 101 77 1515 1517 1516
1725 2 2 101 77 1515 1528 1517
1726 2 2 101 77 1616 1528 1515
1727 2 2 101 77 1515 1603 1616
1728 2 2 101 77 1527 1517 1528
1729 2 2 101 77 1664 1518 1607
1730 2 2 101 77 1523 1521 1525
1731 2 2 101 77 1521 1554 1525
1732 2 2 101 77 1523 1525 1524
1733 2 2 101 77 1524 1525 1574
1734 2 2 101 77 1574 1525 1554
1735 2 2 101 77 1616 1617 1528
1736 2 2 101 77 1530 1601 1529
1737 2 2 101 77 1529 1600 1538
1738 2 2 101 77 1601 1600 1529
1739 2 2 101 77 1622 1620 1532
1740 2 2 101 77 1532 1634 1622
1741 2 2 101 77 1533 1535 1534
1742 2 2 101 77 1533 1642 1535
1743 2 2 101 77 1610 1642 1533
1744 2 2 101 77 1535 1643 1608
1745 2 2 101 77 1642 1643 1535
1746 2 2 101 77 1540 1539 1538
1747 2 2 101 77 1539 1540 1541
1748 2 2 101 77 1539 1541 1656
1749 2 2 101 77 1656 1541 1655
1750 2 2 101 77 1542 1543 1549
1751 2 2 101 77 1542 1549 1548
1752 2 2 101 77 1544 1632 1633
1753 2 2 101 77 1601 1547 1600
1754 2 2 101 77 1643 1550 1551
1755 2 2 101 77 1608 1551 1552
1756 2 2 101 77 1608 1643 1551
1757 2 2 101 77 1590 1574 1554
1758 2 2 101 77 1559 1588 1587
1759 2 2 101 77 1588 1567 1674
1760 2 2 101 77 1590 1569 1574
1761 2 2 101 77 1575 1576 1591
1762 2 2 101 77 1578 1596 1618
1763 2 2 101 77 1580 1630 1581
1764 2 2 101 77 1649 1581 1630
1765 2 2 101 77 1649 1654 1581
1766 2 2 101 77 1598 1596 1582
1767 2 2 101 77 1588 1586 1587
1768 2 2 101 77 1586 1588 1674
1769 2 2 101 77 1596 1598 1597
1770 2 2 101 77 1596 1597 1618
1771 2 2 101 77 1636 1605 1628
1772 2 2 101 77 1612 1611 1610
1773 2 2 101 77 1610 1623 1612
1774 2 2 101 77 1612 1646 1611
1775 2 2 101 77 1630 1629 1673
1776 2 2 101 77 1630 1673 1649
1777 2 2 101 77 1638 1640 1654
1778 2 2 101 77 1662 1641 1663
1779 2 2 101 77 1645 1652 1644
1780 2 2 101 77 1652 1653 1644
1781 2 2 101 77 1652 1667 1670
1782 2 2 101 77 1658 1659 1660
1783 4 2 3 4 393 384 387 1795
1784 4 2 3 4 380 387 391 1795
1785 4 2 3 4 380 391 389 1795
1786 4 2 3 4 393 392 384 1795
1787 4 2 3 4 57 392 381 1795
1788 4 2 3 4 382 393 387 1795
1789 4 2 3 4 385 391 387 1795
1790 4 2 3 4 380 382 387 1795
1791 4 2 3 4 389 386 58 1795
1792 4 2 3 4 384 385 387 1795
1793 4 2 3 4 385 389 391 1795
1794 4 2 3 4 382 392 393 1795
1795 4 2 3 4 383 58 1 1795
1796 4 2 3 4 379 57 2 1795
1797 4 2 3 4 384 383 1 1795
1798 4 2 3 4 389 58 388 1795
1799 4 2 3 4 390 392 57 1795
1800 4 2 3 4 379 2 380 1795
1801 4 2 3 4 1 385 384 1795
1802 4 2 3 4 382 380 2 1795
1803 4 2 3 4 382 381 392 1795
1804 4 2 3 4 2 57 381 1795
1805 4 2 3 4 386 389 385 1795
1806 4 2 3 4 390 383 384 1795
1807 4 2 3 4 1 58 386 1795
1808 4 2 3 4 382 2 381 1795
1809 4 2 3 4 379 380 388 1795
1810 4 2 3 4 1 386 385 1795
1811 4 2 3 4 380 389 388 1795
1812 4 2 3 4 390 384 392 1795
1813 4 2 3 4 57 388 58 1795
1814 4 2 3 4 390 57 58 1795
1815 4 2 3 4 58 383 390 1795
1816 4 2 3 4 379 388 57 1795
1817 4 2 2 5 396 404 395 400
1818 4 2 2 5 397 402 409 410
1819 4 2 2 5 396 404 400 405
1820 4 2 2 5 400 404 399 405
1821 4 2 2 5 404 399 395 400
1822 4 2 2 5 401 399 405 400
1823 4 2 2 5 394 412 65 411
1824 4 2 2 5 395 394 399 404
1825 4 2 2 5 402 406 401 397
1826 4 2 2 5 68 412 395 396
1827 4 2 2 5 62 409 402 410
1828 4 2 2 5 409 398 397 410
1829 4 2 2 5 405 404 399 403
1830 4 2 2 5 407 409 398 397
1831 4 2 2 5 64 63 409 407
1832 4 2 2 5 61 402 397 410
1833 4 2 2 5 412 67 68 395
1834 4 2 2 5 398 409 59 410
1835 4 2 2 5 407 63 409 406
1836 4 2 2 5 402 61 62 410
1837 4 2 2 5 398 406 407 397
1838 4 2 2 5 399 4 398 403
1839 4 2 2 5 411 69 70 404
1840 4 2 2 5 398 408 401 397
1841 4 2 2 5 398 401 406 397
1842 4 2 2 5 4 399 404 403
1843 4 2 2 5 411 4 394 404
1844 4 2 2 5 397 398 60 410
1845 4 2 2 5 394 65 4 411
1846 4 2 2 5 398 407 406 403
1847 4 2 2 5 412 65 66 394
1848 4 2 2 5 60 61 397 410
1849 4 2 2 5 398 59 60 410
1850 4 2 2 5 399 394 4 404
1851 4 2 2 5 395 412 67 394
1852 4 2 2 5 401 408 398 403
1853 4 2 2 5 406 401 398 403
1854 4 2 2 5 399 398 408 403
1855 4 2 2 5 66 67 412 394
1856 4 2 2 5 407 409 3 398
1857 4 2 2 5 409 59 3 398
1858 4 2 2 5 411 70 4 404
1859 4 2 2 5 409 3 64 407
1860 4 2 2 5 3 403 407 398
1861 4 2 2 5 3 4 403 398
1862 4 2 2 5 396 404 412 395
1863 4 2 2 5 394 404 412 411
1864 4 2 2 5 394 412 404 395
1865 4 2 2 5 397 406 409 402
1866 4 2 2 5 397 409 406 407
1867 4 2 2 5 399 401 403 408
1868 4 2 2 5 399 403 401 405
1869 4 2 2 5 406 62 409 402
1870 4 2 2 5 406 409 62 63
1871 4 2 2 5 69 404 68 396
1872 4 2 2 5 69 68 404 411
1873 4 2 2 5 412 68 404 396
1874 4 2 2 5 412 404 68 411
1875 4 2 2 6 5 6 420 414
1876 4 2 2 6 424 425 418 416
1877 4 2 2 6 418 422 424 416
1878 4 2 2 6 418 422 425 424
1879 4 2 2 6 424 422 421 416
1880 4 2 2 6 419 423 426 413
1881 4 2 2 6 424 74 425 416
1882 4 2 2 6 427 80 426 419
1883 4 2 2 6 427 426 77 413
1884 4 2 2 6 417 418 422 414
1885 4 2 2 6 425 422 71 424
1886 4 2 2 6 420 423 419 413
1887 4 2 2 6 426 80 81 419
1888 4 2 2 6 425 74 73 416
1889 4 2 2 6 419 415 420 413
1890 4 2 2 6 415 80 427 419
1891 4 2 2 6 73 418 425 416
1892 4 2 2 6 423 426 81 419
1893 4 2 2 6 421 74 424 416
1894 4 2 2 6 5 422 421 424
1895 4 2 2 6 423 420 6 413
1896 4 2 2 6 77 78 427 413
1897 4 2 2 6 420 417 415 419
1898 4 2 2 6 421 74 75 424
1899 4 2 2 6 427 78 79 413
1900 4 2 2 6 421 76 5 424
1901 4 2 2 6 415 80 79 427
1902 4 2 2 6 422 71 72 425
1903 4 2 2 6 414 420 415 413
1904 4 2 2 6 72 73 418 425
1905 4 2 2 6 81 82 426 423
1906 4 2 2 6 6 426 423 413
1907 4 2 2 6 421 75 76 424
1908 4 2 2 6 418 422 72 425
1909 4 2 2 6 414 6 420 413
1910 4 2 2 6 420 415 417 414
1911 4 2 2 6 79 415 427 413
1912 4 2 2 6 426 6 77 413
1913 4 2 2 6 422 5 71 424
1914 4 2 2 6 426 82 6 423
1915 4 2 2 6 416 422 417 418
1916 4 2 2 6 416 417 422 421
1917 4 2 2 6 417 414 421 420
1918 4 2 2 6 417 421 414 422
1919 4 2 2 6 5 421 414 420
1920 4 2 2 6 5 414 421 422
1921 4 2 2 6 419 427 413 426
1922 4 2 2 6 419 413 427 415
1923 4 2 2 7 428 8 7 439
1924 4 2 2 7 432 433 435 442
1925 4 2 2 7 442 432 86 443
1926 4 2 2 7 434 432 433 435
1927 4 2 2 7 89 90 445 429
1928 4 2 2 7 431 439 444 430
1929 4 2 2 7 91 445 429 430
1930 4 2 2 7 93 94 444 431
1931 4 2 2 7 445 91 92 430
1932 4 2 2 7 83 437 442 443
1933 4 2 2 7 440 434 433 435
1934 4 2 2 7 7 433 88 442
1935 4 2 2 7 435 440 434 436
1936 4 2 2 7 433 432 86 442
1937 4 2 2 7 440 435 428 436
1938 4 2 2 7 432 85 86 443
1939 4 2 2 7 445 444 89 428
1940 4 2 2 7 85 432 441 443
1941 4 2 2 7 430 431 439 438
1942 4 2 2 7 86 87 433 442
1943 4 2 2 7 429 445 89 428
1944 4 2 2 7 436 439 440 438
1945 4 2 2 7 433 87 88 442
1946 4 2 2 7 92 93 444 431
1947 4 2 2 7 441 84 85 443
1948 4 2 2 7 440 428 439 436
1949 4 2 2 7 441 437 84 443
1950 4 2 2 7 437 83 84 443
1951 4 2 2 7 439 444 94 431
1952 4 2 2 7 439 428 444 430
1953 4 2 2 7 436 430 428 438
1954 4 2 2 7 436 428 439 438
1955 4 2 2 7 89 90 429 428
1956 4 2 2 7 94 93 439 431
1957 4 2 2 7 445 90 91 429
1958 4 2 2 7 430 439 428 438
1959 4 2 2 7 7 83 437 442
1960 4 2 2 7 444 8 89 428
1961 4 2 2 7 428 444 8 439
1962 4 2 2 7 444 94 8 439
1963 4 2 2 7 437 443 435 442
1964 4 2 2 7 437 435 443 441
1965 4 2 2 7 432 435 443 442
1966 4 2 2 7 432 443 435 441
1967 4 2 2 7 445 430 428 429
1968 4 2 2 7 428 430 445 444
1969 4 2 2 7 444 430 92 431
1970 4 2 2 7 92 430 444 445
1971 4 2 2 7 435 442 7 437
1972 4 2 2 7 7 428 440 435
1973 4 2 2 7 7 440 428 439
1974 4 2 2 7 433 7 435 442
1975 4 2 2 7 433 435 7 440
1976 4 2 2 8 449 9 10 446
1977 4 2 2 8 456 451 458 457
1978 4 2 2 8 447 453 451 452
1979 4 2 2 8 456 451 457 452
1980 4 2 2 8 459 460 454 455
1981 4 2 2 8 457 451 453 452
1982 4 2 2 8 454 450 459 455
1983 4 2 2 8 98 456 458 457
1984 4 2 2 8 451 456 447 452
1985 4 2 2 8 460 459 101 455
1986 4 2 2 8 458 451 95 457
1987 4 2 2 8 460 104 459 454
1988 4 2 2 8 449 453 447 452
1989 4 2 2 8 98 456 457 452
1990 4 2 2 8 453 451 449 447
1991 4 2 2 8 455 454 450 446
1992 4 2 2 8 454 448 450 446
1993 4 2 2 8 457 99 98 452
1994 4 2 2 8 105 104 450 459
1995 4 2 2 8 104 450 459 454
1996 4 2 2 8 459 450 10 455
1997 4 2 2 8 457 453 99 452
1998 4 2 2 8 456 97 98 458
1999 4 2 2 8 451 95 96 458
2000 4 2 2 8 103 104 460 454
2001 4 2 2 8 449 451 9 446
2002 4 2 2 8 449 450 448 446
2003 4 2 2 8 451 449 447 446
2004 4 2 2 8 450 106 105 459
2005 4 2 2 8 449 9 451 453
2006 4 2 2 8 453 9 451 457
2007 4 2 2 8 455 450 10 446
2008 4 2 2 8 453 99 100 457
2009 4 2 2 8 459 10 101 455
2010 4 2 2 8 460 101 102 455
2011 4 2 2 8 97 456 451 458
2012 4 2 2 8 451 96 97 458
2013 4 2 2 8 450 449 10 446
2014 4 2 2 8 454 460 103 455
2015 4 2 2 8 9 95 451 457
2016 4 2 2 8 102 103 460 455
2017 4 2 2 8 450 10 106 459
2018 4 2 2 8 448 447 449 446
2019 4 2 2 8 100 9 453 457
2020 4 2 2 9 11 12 472 464
2021 4 2 2 9 12 464 466 472
2022 4 2 2 9 463 469 475 476
2023 4 2 2 9 466 479 478 470
2024 4 2 2 9 474 463 475 476
2025 4 2 2 9 461 463 475 474
2026 4 2 2 9 469 475 476 477
2027 4 2 2 9 474 461 463 473
2028 4 2 2 9 467 465 466 470
2029 4 2 2 9 466 465 114 470
2030 4 2 2 9 107 469 476 477
2031 4 2 2 9 467 462 471 465
2032 4 2 2 9 476 475 110 477
2033 4 2 2 9 473 461 463 462
2034 4 2 2 9 462 464 471 465
2035 4 2 2 9 479 478 113 466
2036 4 2 2 9 479 115 468 470
2037 4 2 2 9 472 11 464 473
2038 4 2 2 9 112 11 474 476
2039 4 2 2 9 116 478 479 468
2040 4 2 2 9 474 475 110 476
2041 4 2 2 9 471 473 464 462
2042 4 2 2 9 468 115 467 470
2043 4 2 2 9 479 115 116 468
2044 4 2 2 9 467 471 472 465
2045 4 2 2 9 472 467 465 466
2046 4 2 2 9 466 114 479 470
2047 4 2 2 9 110 111 474 476
2048 4 2 2 9 475 109 110 477
2049 4 2 2 9 464 11 469 476
2050 4 2 2 9 473 463 464 462
2051 4 2 2 9 111 112 474 476
2052 4 2 2 9 469 11 107 476
2053 4 2 2 9 472 471 467 468
2054 4 2 2 9 113 114 479 466
2055 4 2 2 9 471 464 472 465
2056 4 2 2 9 475 469 109 477
2057 4 2 2 9 469 107 108 477
2058 4 2 2 9 464 472 465 466
2059 4 2 2 9 478 116 117 468
2060 4 2 2 9 108 109 469 477
2061 4 2 2 9 472 473 464 471
2062 4 2 2 9 472 478 117 468
2063 4 2 2 9 478 117 118 472
2064 4 2 2 9 114 115 479 470
2065 4 2 2 9 478 12 113 466
2066 4 2 2 9 12 478 472 466
2067 4 2 2 9 118 12 478 472
2068 4 2 2 9 468 470 478 479
2069 4 2 2 9 476 464 463 469
2070 4 2 2 9 11 474 464 473
2071 4 2 2 9 11 464 474 476
2072 4 2 2 9 463 464 474 473
2073 4 2 2 9 463 474 464 476
2074 4 2 2 9 472 468 466 478
2075 4 2 2 9 472 466 468 467
2076 4 2 2 9 470 466 468 478
2077 4 2 2 9 470 468 466 467
2078 4 2 2 10 491 483 13 14
2079 4 2 2 10 483 491 485 14
2080 4 2 2 10 495 488 482 494
2081 4 2 2 10 482 493 495 494
2082 4 2 2 10 482 480 493 494
2083 4 2 2 10 488 495 496 494
2084 4 2 2 10 497 487 486 498
2085 4 2 2 10 493 492 480 482
2086 4 2 2 10 496 119 495 488
2087 4 2 2 10 481 486 484 490
2088 4 2 2 10 496 495 122 494
2089 4 2 2 10 482 492 480 481
2090 4 2 2 10 481 484 483 490
2091 4 2 2 10 497 485 125 498
2092 4 2 2 10 491 487 486 497
2093 4 2 2 10 491 483 492 13
2094 4 2 2 10 486 485 491 497
2095 4 2 2 10 495 13 124 493
2096 4 2 2 10 128 487 497 498
2097 4 2 2 10 493 122 495 494
2098 4 2 2 10 481 483 492 490
2099 4 2 2 10 487 128 127 498
2100 4 2 2 10 490 486 484 491
2101 4 2 2 10 486 485 484 491
2102 4 2 2 10 123 122 495 493
2103 4 2 2 10 496 122 121 494
2104 4 2 2 10 483 495 13 488
2105 4 2 2 10 482 483 492 481
2106 4 2 2 10 495 124 123 493
2107 4 2 2 10 495 119 13 488
2108 4 2 2 10 490 487 486 491
2109 4 2 2 10 126 125 485 498
2110 4 2 2 10 483 491 490 484
2111 4 2 2 10 488 496 121 494
2112 4 2 2 10 496 120 119 488
2113 4 2 2 10 483 491 484 485
2114 4 2 2 10 487 129 128 497
2115 4 2 2 10 121 120 496 488
2116 4 2 2 10 491 483 490 492
2117 4 2 2 10 491 129 487 497
2118 4 2 2 10 130 129 491 497
2119 4 2 2 10 489 127 126 498
2120 4 2 2 10 485 125 14 497
2121 4 2 2 10 491 485 14 497
2122 4 2 2 10 491 14 130 497
2123 4 2 2 10 486 498 485 497
2124 4 2 2 10 482 495 483 488
2125 4 2 2 10 498 486 127 487
2126 4 2 2 10 498 127 486 489
2127 4 2 2 10 486 484 498 489
2128 4 2 2 10 486 498 484 485
2129 4 2 2 10 126 498 484 489
2130 4 2 2 10 126 484 498 485
2131 4 2 2 10 493 13 483 495
2132 4 2 2 10 483 13 493 492
2133 4 2 2 10 483 482 493 495
2134 4 2 2 10 493 482 483 492
2135 4 2 2 11 510 502 512 511
2136 4 2 2 11 502 510 501 511
2137 4 2 2 11 504 514 506 513
2138 4 2 2 11 140 514 504 513
2139 4 2 2 11 506 514 137 513
2140 4 2 2 11 134 510 512 511
2141 4 2 2 11 505 500 504 507
2142 4 2 2 11 502 512 511 503
2143 4 2 2 11 508 505 509 499
2144 4 2 2 11 500 140 504 513
2145 4 2 2 11 508 509 510 503
2146 4 2 2 11 510 501 508 503
2147 4 2 2 11 514 139 140 504
2148 4 2 2 11 501 502 511 503
2149 4 2 2 11 501 510 502 503
2150 4 2 2 11 502 131 132 512
2151 4 2 2 11 502 510 509 503
2152 4 2 2 11 511 512 131 503
2153 4 2 2 11 510 134 501 511
2154 4 2 2 11 501 134 135 511
2155 4 2 2 11 500 141 140 513
2156 4 2 2 11 133 134 510 512
2157 4 2 2 11 507 505 500 499
2158 4 2 2 11 504 514 139 506
2159 4 2 2 11 505 507 509 503
2160 4 2 2 11 500 142 141 513
2161 4 2 2 11 507 16 500 513
2162 4 2 2 11 16 499 503 507
2163 4 2 2 11 502 133 510 512
2164 4 2 2 11 512 502 131 503
2165 4 2 2 11 508 501 499 503
2166 4 2 2 11 506 137 16 513
2167 4 2 2 11 514 137 138 506
2168 4 2 2 11 16 507 506 513
2169 4 2 2 11 499 505 509 503
2170 4 2 2 11 135 136 501 511
2171 4 2 2 11 499 16 500 507
2172 4 2 2 11 500 16 142 513
2173 4 2 2 11 499 509 508 503
2174 4 2 2 11 501 136 15 511
2175 4 2 2 11 507 505 499 503
2176 4 2 2 11 499 15 503 501
2177 4 2 2 11 138 139 514 506
2178 4 2 2 11 502 132 131 503
2179 4 2 2 11 511 15 501 503
2180 4 2 2 11 502 132 133 512
2181 4 2 2 11 511 131 15 503
2182 4 2 2 11 15 499 503 16
2183 4 2 2 11 507 513 504 506
2184 4 2 2 11 504 513 507 500
2185 4 2 2 12 518 526 18 17
2186 4 2 2 12 518 526 520 18
2187 4 2 2 12 517 523 529 530
2188 4 2 2 12 532 533 524 520
2189 4 2 2 12 528 517 529 530
2190 4 2 2 12 529 515 517 528
2191 4 2 2 12 523 529 530 531
2192 4 2 2 12 528 515 517 527
2193 4 2 2 12 524 519 521 520
2194 4 2 2 12 150 519 524 520
2195 4 2 2 12 143 523 530 531
2196 4 2 2 12 521 516 525 519
2197 4 2 2 12 530 529 146 531
2198 4 2 2 12 515 516 517 527
2199 4 2 2 12 516 525 519 518
2200 4 2 2 12 149 533 532 520
2201 4 2 2 12 522 533 151 524
2202 4 2 2 12 518 526 17 527
2203 4 2 2 12 148 17 528 530
2204 4 2 2 12 532 533 152 522
2205 4 2 2 12 528 529 146 530
2206 4 2 2 12 516 525 518 527
2207 4 2 2 12 521 522 151 524
2208 4 2 2 12 533 151 152 522
2209 4 2 2 12 525 526 521 519
2210 4 2 2 12 526 521 519 520
2211 4 2 2 12 524 533 150 520
2212 4 2 2 12 528 146 147 530
2213 4 2 2 12 529 145 146 531
2214 4 2 2 12 523 518 17 530
2215 4 2 2 12 516 518 517 527
2216 4 2 2 12 528 147 148 530
2217 4 2 2 12 523 17 143 530
2218 4 2 2 12 521 522 526 525
2219 4 2 2 12 533 149 150 520
2220 4 2 2 12 518 526 525 519
2221 4 2 2 12 529 523 145 531
2222 4 2 2 12 523 143 144 531
2223 4 2 2 12 518 526 519 520
2224 4 2 2 12 532 152 153 522
2225 4 2 2 12 144 145 523 531
2226 4 2 2 12 526 518 525 527
2227 4 2 2 12 526 532 153 522
2228 4 2 2 12 153 154 532 526
2229 4 2 2 12 150 151 533 524
2230 4 2 2 12 18 149 532 520
2231 4 2 2 12 526 18 532 520
2232 4 2 2 12 532 154 18 526
2233 4 2 2 12 524 532 522 533
2234 4 2 2 12 530 518 517 523
2235 4 2 2 12 17 528 518 527
2236 4 2 2 12 17 518 528 530
2237 4 2 2 12 517 518 528 527
2238 4 2 2 12 517 528 518 530
2239 4 2 2 12 522 524 520 532
2240 4 2 2 12 520 524 522 521
2241 4 2 2 12 520 526 522 532
2242 4 2 2 12 522 526 520 521
2243 4 2 2 13 549 534 541 536
2244 4 2 2 13 537 540 538 539
2245 4 2 2 13 534 549 548 536
2246 4 2 2 13 541 547 549 536
2247 4 2 2 13 547 548 549 536
2248 4 2 2 13 534 548 546 536
2249 4 2 2 13 538 540 545 539
2250 4 2 2 13 161 540 551 550
2251 4 2 2 13 549 548 158 534
2252 4 2 2 13 546 535 534 536
2253 4 2 2 13 549 155 548 547
2254 4 2 2 13 551 539 164 550
2255 4 2 2 13 535 546 542 536
2256 4 2 2 13 547 19 548 536
2257 4 2 2 13 534 157 549 541
2258 4 2 2 13 534 548 158 546
2259 4 2 2 13 549 158 157 534
2260 4 2 2 13 165 164 545 550
2261 4 2 2 13 548 159 158 546
2262 4 2 2 13 162 161 540 551
2263 4 2 2 13 544 19 543 542
2264 4 2 2 13 539 545 164 550
2265 4 2 2 13 548 19 160 546
2266 4 2 2 13 539 164 163 551
2267 4 2 2 13 166 165 545 550
2268 4 2 2 13 540 544 545 550
2269 4 2 2 13 157 156 549 541
2270 4 2 2 13 535 538 543 542
2271 4 2 2 13 540 537 162 551
2272 4 2 2 13 545 544 540 538
2273 4 2 2 13 548 160 159 546
2274 4 2 2 13 537 163 162 551
2275 4 2 2 13 542 543 535 536
2276 4 2 2 13 163 537 539 551
2277 4 2 2 13 535 543 538 536
2278 4 2 2 13 543 20 544 540
2279 4 2 2 13 548 155 19 547
2280 4 2 2 13 542 19 543 536
2281 4 2 2 13 549 156 155 547
2282 4 2 2 13 538 543 544 540
2283 4 2 2 13 547 549 156 541
2284 4 2 2 13 538 545 544 542
2285 4 2 2 13 543 538 544 542
2286 4 2 2 13 545 544 166 550
2287 4 2 2 13 540 161 20 550
2288 4 2 2 13 544 540 20 550
2289 4 2 2 13 544 20 166 550
2290 4 2 2 13 20 19 543 544
2291 4 2 2 13 539 550 540 545
2292 4 2 2 13 546 19 536 548
2293 4 2 2 13 536 19 546 542
2294 4 2 2 13 551 539 540 537
2295 4 2 2 13 540 539 551 550
2296 4 2 2 14 569 556 555 568
2297 4 2 2 14 22 21 553 560
2298 4 2 2 14 552 561 566 567
2299 4 2 2 14 561 566 565 552
2300 4 2 2 14 554 555 556 568
2301 4 2 2 14 561 562 563 552
2302 4 2 2 14 562 561 565 552
2303 4 2 2 14 556 569 173 568
2304 4 2 2 14 555 554 564 568
2305 4 2 2 14 176 569 555 568
2306 4 2 2 14 170 566 561 567
2307 4 2 2 14 555 554 557 564
2308 4 2 2 14 559 21 566 172
2309 4 2 2 14 562 560 558 563
2310 4 2 2 14 559 566 565 561
2311 4 2 2 14 560 557 554 564
2312 4 2 2 14 566 552 567 553
2313 4 2 2 14 552 167 168 567
2314 4 2 2 14 561 169 170 567
2315 4 2 2 14 562 563 552 553
2316 4 2 2 14 564 554 22 568
2317 4 2 2 14 567 167 566 553
2318 4 2 2 14 564 22 178 568
2319 4 2 2 14 564 176 555 568
2320 4 2 2 14 170 566 559 561
2321 4 2 2 14 552 566 565 553
2322 4 2 2 14 569 175 176 555
2323 4 2 2 14 556 173 22 568
2324 4 2 2 14 178 177 564 568
2325 4 2 2 14 552 565 562 553
2326 4 2 2 14 564 177 176 568
2327 4 2 2 14 554 22 560 564
2328 4 2 2 14 554 556 22 568
2329 4 2 2 14 552 169 561 567
2330 4 2 2 14 567 552 167 553
2331 4 2 2 14 22 554 560 553
2332 4 2 2 14 554 558 557 560
2333 4 2 2 14 566 171 170 559
2334 4 2 2 14 172 171 566 559
2335 4 2 2 14 173 174 569 556
2336 4 2 2 14 563 562 560 553
2337 4 2 2 14 563 560 558 553
2338 4 2 2 14 558 554 563 553
2339 4 2 2 14 175 569 556 555
2340 4 2 2 14 554 558 560 553
2341 4 2 2 14 562 565 560 553
2342 4 2 2 14 559 21 565 566
2343 4 2 2 14 174 175 569 556
2344 4 2 2 14 168 167 552 553
2345 4 2 2 14 565 559 561 562
2346 4 2 2 14 566 21 565 553
2347 4 2 2 14 552 168 169 567
2348 4 2 2 14 167 21 566 553
2349 4 2 2 14 21 560 565 553
2350 4 2 2 15 574 573 580 575
2351 4 2 2 15 585 586 581 571
2352 4 2 2 15 580 574 575 576
2353 4 2 2 15 24 23 582 579
2354 4 2 2 15 588 578 574 587
2355 4 2 2 15 571 581 585 572
2356 4 2 2 15 576 575 580 583
2357 4 2 2 15 577 575 576 583
2358 4 2 2 15 588 185 578 587
2359 4 2 2 15 586 585 182 571
2360 4 2 2 15 583 580 24 579
2361 4 2 2 15 582 24 579 583
2362 4 2 2 15 586 180 179 581
2363 4 2 2 15 583 575 580 579
2364 4 2 2 15 188 580 189 587
2365 4 2 2 15 585 586 582 581
2366 4 2 2 15 571 585 182 572
2367 4 2 2 15 570 577 584 579
2368 4 2 2 15 579 572 23 582
2369 4 2 2 15 581 582 585 572
2370 4 2 2 15 585 183 182 572
2371 4 2 2 15 577 575 583 579
2372 4 2 2 15 586 182 181 571
2373 4 2 2 15 179 585 586 582
2374 4 2 2 15 583 24 580 587
2375 4 2 2 15 184 183 585 572
2376 4 2 2 15 581 586 181 571
2377 4 2 2 15 578 186 185 588
2378 4 2 2 15 23 184 585 572
2379 4 2 2 15 580 190 189 587
2380 4 2 2 15 574 188 187 588
2381 4 2 2 15 24 583 578 587
2382 4 2 2 15 578 574 187 588
2383 4 2 2 15 582 586 179 581
2384 4 2 2 15 185 24 578 587
2385 4 2 2 15 582 583 577 584
2386 4 2 2 15 577 582 584 579
2387 4 2 2 15 187 186 578 588
2388 4 2 2 15 24 190 580 587
2389 4 2 2 15 577 583 582 579
2390 4 2 2 15 582 23 585 572
2391 4 2 2 15 586 181 180 581
2392 4 2 2 15 582 179 180 581
2393 4 2 2 15 585 179 23 582
2394 4 2 2 15 574 587 188 588
2395 4 2 2 15 584 571 572 581
2396 4 2 2 15 572 571 584 570
2397 4 2 2 15 572 582 584 581
2398 4 2 2 15 587 574 576 578
2399 4 2 2 15 576 574 587 580
2400 4 2 2 15 576 583 587 578
2401 4 2 2 15 587 583 576 580
2402 4 2 2 15 580 574 188 573
2403 4 2 2 15 188 574 580 587
2404 4 2 2 15 584 572 579 582
2405 4 2 2 15 579 572 584 570
2406 4 2 2 16 594 26 25 597
2407 4 2 2 16 600 591 599 595
2408 4 2 2 16 598 600 601 595
2409 4 2 2 16 591 600 598 595
2410 4 2 2 16 591 596 599 595
2411 4 2 2 16 600 601 191 598
2412 4 2 2 16 589 590 593 592
2413 4 2 2 16 200 592 602 603
2414 4 2 2 16 602 590 197 603
2415 4 2 2 16 598 594 591 595
2416 4 2 2 16 596 591 594 595
2417 4 2 2 16 194 591 600 195
2418 4 2 2 16 592 200 589 603
2419 4 2 2 16 593 590 589 594
2420 4 2 2 16 200 199 589 603
2421 4 2 2 16 194 591 599 600
2422 4 2 2 16 592 201 200 602
2423 4 2 2 16 600 191 25 598
2424 4 2 2 16 589 199 198 603
2425 4 2 2 16 591 597 596 594
2426 4 2 2 16 592 590 26 602
2427 4 2 2 16 600 196 195 591
2428 4 2 2 16 202 201 592 602
2429 4 2 2 16 601 192 191 598
2430 4 2 2 16 194 193 601 595
2431 4 2 2 16 590 589 198 603
2432 4 2 2 16 597 591 25 594
2433 4 2 2 16 198 197 590 603
2434 4 2 2 16 592 26 202 602
2435 4 2 2 16 600 25 196 591
2436 4 2 2 16 601 193 192 598
2437 4 2 2 16 596 597 593 594
2438 4 2 2 16 601 193 598 595
2439 4 2 2 16 590 197 26 602
2440 4 2 2 16 595 600 194 599
2441 4 2 2 16 595 194 600 601
2442 4 2 2 16 598 591 25 600
2443 4 2 2 16 598 25 591 594
2444 4 2 2 16 593 594 592 590
2445 4 2 2 16 593 592 594 597
2446 4 2 2 16 26 592 594 590
2447 4 2 2 16 26 594 592 597
2448 4 2 2 16 592 603 590 602
2449 4 2 2 16 590 603 592 589
2450 4 2 2 17 607 617 615 616
2451 4 2 2 17 615 606 607 616
2452 4 2 2 17 618 609 611 619
2453 4 2 2 17 609 605 618 611
2454 4 2 2 17 609 618 212 619
2455 4 2 2 17 209 618 611 619
2456 4 2 2 17 615 617 206 616
2457 4 2 2 17 609 612 605 611
2458 4 2 2 17 612 605 610 609
2459 4 2 2 17 617 607 608 616
2460 4 2 2 17 604 614 610 613
2461 4 2 2 17 212 605 618 609
2462 4 2 2 17 615 614 608 613
2463 4 2 2 17 608 606 615 613
2464 4 2 2 17 609 212 211 619
2465 4 2 2 17 606 608 607 616
2466 4 2 2 17 606 607 608 615
2467 4 2 2 17 617 204 203 607
2468 4 2 2 17 607 614 608 615
2469 4 2 2 17 203 617 608 616
2470 4 2 2 17 206 606 615 616
2471 4 2 2 17 606 206 207 616
2472 4 2 2 17 213 212 605 618
2473 4 2 2 17 617 206 205 615
2474 4 2 2 17 610 605 612 604
2475 4 2 2 17 611 609 211 619
2476 4 2 2 17 610 612 614 608
2477 4 2 2 17 605 214 213 618
2478 4 2 2 17 608 612 28 604
2479 4 2 2 17 607 617 205 615
2480 4 2 2 17 203 617 607 608
2481 4 2 2 17 608 604 606 613
2482 4 2 2 17 618 28 209 611
2483 4 2 2 17 611 210 209 619
2484 4 2 2 17 608 614 610 604
2485 4 2 2 17 207 208 606 616
2486 4 2 2 17 612 605 28 604
2487 4 2 2 17 605 28 214 618
2488 4 2 2 17 604 608 614 613
2489 4 2 2 17 606 208 27 616
2490 4 2 2 17 608 610 612 604
2491 4 2 2 17 27 608 604 606
2492 4 2 2 17 211 210 611 619
2493 4 2 2 17 607 204 203 608
2494 4 2 2 17 606 27 608 616
2495 4 2 2 17 205 204 617 607
2496 4 2 2 17 608 27 203 616
2497 4 2 2 17 28 604 27 608
2498 4 2 2 17 611 605 28 612
2499 4 2 2 17 611 28 605 618
2500 4 2 2 18 29 30 631 623
2501 4 2 2 18 631 623 30 625
2502 4 2 2 18 622 628 634 635
2503 4 2 2 18 638 637 625 629
2504 4 2 2 18 633 622 634 635
2505 4 2 2 18 620 622 634 633
2506 4 2 2 18 628 634 635 636
2507 4 2 2 18 633 620 622 632
2508 4 2 2 18 624 625 626 629
2509 4 2 2 18 222 624 629 625
2510 4 2 2 18 635 215 628 636
2511 4 2 2 18 621 626 624 630
2512 4 2 2 18 635 634 218 636
2513 4 2 2 18 621 622 620 632
2514 4 2 2 18 630 624 621 623
2515 4 2 2 18 637 625 221 638
2516 4 2 2 18 627 638 223 629
2517 4 2 2 18 631 29 623 632
2518 4 2 2 18 633 220 29 635
2519 4 2 2 18 638 224 637 627
2520 4 2 2 18 633 634 218 635
2521 4 2 2 18 623 621 630 632
2522 4 2 2 18 626 627 223 629
2523 4 2 2 18 638 223 224 627
2524 4 2 2 18 631 624 626 630
2525 4 2 2 18 625 624 626 631
2526 4 2 2 18 638 625 222 629
2527 4 2 2 18 218 219 633 635
2528 4 2 2 18 634 217 218 636
2529 4 2 2 18 29 628 623 635
2530 4 2 2 18 622 621 623 632
2531 4 2 2 18 633 219 220 635
2532 4 2 2 18 29 215 628 635
2533 4 2 2 18 626 627 631 630
2534 4 2 2 18 625 222 221 638
2535 4 2 2 18 630 631 624 623
2536 4 2 2 18 634 628 217 636
2537 4 2 2 18 215 216 628 636
2538 4 2 2 18 631 625 624 623
2539 4 2 2 18 224 225 637 627
2540 4 2 2 18 628 216 217 636
2541 4 2 2 18 623 630 631 632
2542 4 2 2 18 225 637 627 631
2543 4 2 2 18 637 225 226 631
2544 4 2 2 18 638 222 223 629
2545 4 2 2 18 625 221 30 637
2546 4 2 2 18 637 30 625 631
2547 4 2 2 18 637 226 30 631
2548 4 2 2 18 629 637 627 638
2549 4 2 2 18 635 623 622 628
2550 4 2 2 18 29 633 623 632
2551 4 2 2 18 29 623 633 635
2552 4 2 2 18 622 623 633 632
2553 4 2 2 18 622 633 623 635
2554 4 2 2 18 627 629 625 637
2555 4 2 2 18 625 629 627 626
2556 4 2 2 18 625 631 627 637
2557 4 2 2 18 627 631 625 626
2558 4 2 2 19 31 32 650 642
2559 4 2 2 19 650 642 32 644
2560 4 2 2 19 641 653 639 652
2561 4 2 2 19 647 654 655 653
2562 4 2 2 19 641 639 651 652
2563 4 2 2 19 643 645 648 644
2564 4 2 2 19 234 643 648 644
2565 4 2 2 19 647 642 654 651
2566 4 2 2 19 227 654 655 647
2567 4 2 2 19 640 645 643 649
2568 4 2 2 19 230 655 654 653
2569 4 2 2 19 642 647 641 651
2570 4 2 2 19 639 640 641 651
2571 4 2 2 19 649 643 640 642
2572 4 2 2 19 233 657 656 644
2573 4 2 2 19 657 648 235 646
2574 4 2 2 19 650 651 31 642
2575 4 2 2 19 31 232 654 652
2576 4 2 2 19 236 656 657 646
2577 4 2 2 19 653 654 230 652
2578 4 2 2 19 642 640 649 651
2579 4 2 2 19 235 648 645 646
2580 4 2 2 19 235 236 657 646
2581 4 2 2 19 650 643 645 649
2582 4 2 2 19 644 643 645 650
2583 4 2 2 19 657 234 648 644
2584 4 2 2 19 654 231 230 652
2585 4 2 2 19 655 230 229 653
2586 4 2 2 19 654 31 642 647
2587 4 2 2 19 640 642 641 651
2588 4 2 2 19 232 231 654 652
2589 4 2 2 19 31 654 227 647
2590 4 2 2 19 646 650 645 649
2591 4 2 2 19 234 657 233 644
2592 4 2 2 19 651 31 654 652
2593 4 2 2 19 649 650 643 642
2594 4 2 2 19 647 655 229 653
2595 4 2 2 19 642 31 654 651
2596 4 2 2 19 228 227 655 647
2597 4 2 2 19 650 644 643 642
2598 4 2 2 19 237 656 236 646
2599 4 2 2 19 228 655 229 647
2600 4 2 2 19 642 649 650 651
2601 4 2 2 19 237 650 656 646
2602 4 2 2 19 238 650 656 237
2603 4 2 2 19 648 235 234 657
2604 4 2 2 19 233 656 32 644
2605 4 2 2 19 644 656 32 650
2606 4 2 2 19 650 656 32 238
2607 4 2 2 19 647 651 652 641
2608 4 2 2 19 652 651 647 654
2609 4 2 2 19 652 653 647 641
2610 4 2 2 19 647 653 652 654
2611 4 2 2 19 646 648 656 657
2612 4 2 2 19 644 656 648 657
2613 4 2 2 19 646 648 644 656
2614 4 2 2 19 644 648 646 645
2615 4 2 2 19 644 650 646 656
2616 4 2 2 19 646 650 644 645
2617 4 2 2 20 668 664 673 663
2618 4 2 2 20 659 660 675 676
2619 4 2 2 20 664 673 674 668
2620 4 2 2 20 658 675 672 661
2621 4 2 2 20 660 245 675 676
2622 4 2 2 20 668 673 674 242
2623 4 2 2 20 249 675 248 671
2624 4 2 2 20 667 662 670 666
2625 4 2 2 20 674 665 673 664
2626 4 2 2 20 664 665 673 663
2627 4 2 2 20 668 665 663 667
2628 4 2 2 20 669 658 672 661
2629 4 2 2 20 665 668 670 667
2630 4 2 2 20 665 664 668 663
2631 4 2 2 20 668 664 665 670
2632 4 2 2 20 674 240 239 664
2633 4 2 2 20 673 239 665 674
2634 4 2 2 20 674 241 668 242
2635 4 2 2 20 673 668 663 242
2636 4 2 2 20 33 663 244 673
2637 4 2 2 20 675 249 672 671
2638 4 2 2 20 665 658 662 670
2639 4 2 2 20 672 34 675 658
2640 4 2 2 20 665 658 34 666
2641 4 2 2 20 242 663 673 243
2642 4 2 2 20 662 658 669 661
2643 4 2 2 20 245 675 34 660
2644 4 2 2 20 239 665 674 664
2645 4 2 2 20 674 241 664 668
2646 4 2 2 20 662 665 670 666
2647 4 2 2 20 658 662 669 666
2648 4 2 2 20 659 247 676 248
2649 4 2 2 20 243 663 673 244
2650 4 2 2 20 660 675 34 658
2651 4 2 2 20 658 672 34 669
2652 4 2 2 20 660 246 245 676
2653 4 2 2 20 665 663 667 666
2654 4 2 2 20 250 249 672 675
2655 4 2 2 20 667 669 662 666
2656 4 2 2 20 672 34 250 675
2657 4 2 2 20 34 658 669 666
2658 4 2 2 20 662 658 665 666
2659 4 2 2 20 667 670 665 666
2660 4 2 2 20 660 659 247 676
2661 4 2 2 20 247 246 660 676
2662 4 2 2 20 665 239 240 664
2663 4 2 2 20 241 240 674 664
2664 4 2 2 20 673 239 33 665
2665 4 2 2 20 34 33 665 666
2666 4 2 2 20 659 675 248 676
2667 4 2 2 20 659 248 675 671
2668 4 2 2 20 661 675 671 659
2669 4 2 2 20 661 671 675 672
2670 4 2 2 20 659 658 675 660
2671 4 2 2 20 659 675 658 661
2672 4 2 2 20 663 33 665 673
2673 4 2 2 20 663 665 33 666
2674 4 2 2 21 684 677 679 692
2675 4 2 2 21 682 683 680 681
2676 4 2 2 21 692 677 679 691
2677 4 2 2 21 684 679 690 692
2678 4 2 2 21 692 679 690 691
2679 4 2 2 21 677 689 679 691
2680 4 2 2 21 688 683 682 681
2681 4 2 2 21 257 694 693 683
2682 4 2 2 21 692 254 677 691
2683 4 2 2 21 689 679 678 677
2684 4 2 2 21 690 251 692 691
2685 4 2 2 21 682 694 693 260
2686 4 2 2 21 685 689 679 678
2687 4 2 2 21 35 690 679 691
2688 4 2 2 21 677 684 253 692
2689 4 2 2 21 254 689 677 691
2690 4 2 2 21 254 677 253 692
2691 4 2 2 21 693 261 688 260
2692 4 2 2 21 691 254 689 255
2693 4 2 2 21 257 258 694 683
2694 4 2 2 21 687 35 686 685
2695 4 2 2 21 682 693 688 260
2696 4 2 2 21 691 689 35 256
2697 4 2 2 21 694 682 259 260
2698 4 2 2 21 262 261 688 693
2699 4 2 2 21 693 688 687 683
2700 4 2 2 21 252 253 684 692
2701 4 2 2 21 686 681 685 678
2702 4 2 2 21 683 258 694 680
2703 4 2 2 21 683 688 687 681
2704 4 2 2 21 689 691 255 256
2705 4 2 2 21 680 258 694 259
2706 4 2 2 21 679 686 685 678
2707 4 2 2 21 682 680 694 259
2708 4 2 2 21 681 686 679 678
2709 4 2 2 21 686 36 687 683
2710 4 2 2 21 251 690 35 691
2711 4 2 2 21 685 35 686 679
2712 4 2 2 21 251 252 690 692
2713 4 2 2 21 686 683 687 681
2714 4 2 2 21 684 690 252 692
2715 4 2 2 21 681 688 687 685
2716 4 2 2 21 687 686 681 685
2717 4 2 2 21 262 688 687 693
2718 4 2 2 21 257 693 36 683
2719 4 2 2 21 693 687 36 683
2720 4 2 2 21 687 36 262 693
2721 4 2 2 21 35 36 687 686
2722 4 2 2 21 683 682 693 688
2723 4 2 2 21 35 689 679 685
2724 4 2 2 21 679 689 35 691
2725 4 2 2 21 694 682 683 680
2726 4 2 2 21 683 682 694 693
2727 4 2 2 22 705 704 707 697
2728 4 2 2 22 704 707 708 705
2729 4 2 2 22 699 37 695 38
2730 4 2 2 22 697 704 707 706
2731 4 2 2 22 266 708 707 705
2732 4 2 2 22 709 710 698 701
2733 4 2 2 22 705 707 266 697
2734 4 2 2 22 263 707 708 704
2735 4 2 2 22 698 702 709 701
2736 4 2 2 22 710 709 269 701
2737 4 2 2 22 272 709 710 698
2738 4 2 2 22 704 705 696 697
2739 4 2 2 22 703 704 708 705
2740 4 2 2 22 707 267 266 697
2741 4 2 2 22 706 697 704 695
2742 4 2 2 22 704 708 263 703
2743 4 2 2 22 708 264 263 703
2744 4 2 2 22 697 696 704 695
2745 4 2 2 22 37 695 706 704
2746 4 2 2 22 697 707 267 706
2747 4 2 2 22 265 708 266 705
2748 4 2 2 22 37 699 695 704
2749 4 2 2 22 699 700 702 695
2750 4 2 2 22 702 38 709 701
2751 4 2 2 22 709 272 702 698
2752 4 2 2 22 272 273 709 702
2753 4 2 2 22 272 710 271 698
2754 4 2 2 22 710 269 270 701
2755 4 2 2 22 695 38 702 699
2756 4 2 2 22 699 38 702 701
2757 4 2 2 22 708 265 703 705
2758 4 2 2 22 704 37 707 706
2759 4 2 2 22 709 273 274 702
2760 4 2 2 22 699 704 696 695
2761 4 2 2 22 270 271 710 701
2762 4 2 2 22 268 267 707 706
2763 4 2 2 22 38 709 274 702
2764 4 2 2 22 38 269 709 701
2765 4 2 2 22 698 710 271 701
2766 4 2 2 22 37 707 263 704
2767 4 2 2 22 708 265 264 703
2768 4 2 2 22 700 699 696 695
2769 4 2 2 22 37 268 707 706
2770 4 2 2 22 698 699 702 701
2771 4 2 2 22 702 699 698 700
2772 4 2 2 23 39 714 711 40
2773 4 2 2 23 721 716 723 722
2774 4 2 2 23 712 716 717 718
2775 4 2 2 23 717 716 721 722
2776 4 2 2 23 720 719 725 724
2777 4 2 2 23 718 716 717 722
2778 4 2 2 23 720 715 719 724
2779 4 2 2 23 721 723 278 722
2780 4 2 2 23 721 716 717 712
2781 4 2 2 23 725 720 724 281
2782 4 2 2 23 722 716 723 275
2783 4 2 2 23 719 284 725 724
2784 4 2 2 23 714 712 717 718
2785 4 2 2 23 278 717 721 722
2786 4 2 2 23 716 712 714 718
2787 4 2 2 23 720 719 715 711
2788 4 2 2 23 711 719 715 713
2789 4 2 2 23 278 279 717 722
2790 4 2 2 23 715 285 284 724
2791 4 2 2 23 715 284 719 724
2792 4 2 2 23 720 40 715 724
2793 4 2 2 23 718 717 279 722
2794 4 2 2 23 277 723 278 721
2795 4 2 2 23 276 723 716 275
2796 4 2 2 23 725 283 284 719
2797 4 2 2 23 714 39 711 716
2798 4 2 2 23 715 711 713 714
2799 4 2 2 23 712 711 716 714
2800 4 2 2 23 715 285 724 286
2801 4 2 2 23 716 714 39 718
2802 4 2 2 23 39 716 718 722
2803 4 2 2 23 40 715 711 720
2804 4 2 2 23 280 718 279 722
2805 4 2 2 23 724 720 40 281
2806 4 2 2 23 720 725 282 281
2807 4 2 2 23 723 277 716 721
2808 4 2 2 23 723 277 276 716
2809 4 2 2 23 715 40 711 714
2810 4 2 2 23 725 283 719 720
2811 4 2 2 23 39 716 722 275
2812 4 2 2 23 283 725 282 720
2813 4 2 2 23 724 40 715 286
2814 4 2 2 23 712 713 711 714
2815 4 2 2 23 39 718 280 722
2816 4 2 2 24 729 731 736 742
2817 4 2 2 24 736 731 734 742
2818 4 2 2 24 728 732 741 740
2819 4 2 2 24 729 730 731 742
2820 4 2 2 24 731 730 734 742
2821 4 2 2 24 729 736 738 742
2822 4 2 2 24 733 726 42 41
2823 4 2 2 24 742 729 730 743
2824 4 2 2 24 727 739 728 735
2825 4 2 2 24 730 742 743 293
2826 4 2 2 24 298 738 42 742
2827 4 2 2 24 740 741 728 290
2828 4 2 2 24 734 731 736 737
2829 4 2 2 24 742 296 729 743
2830 4 2 2 24 739 735 726 737
2831 4 2 2 24 726 733 42 734
2832 4 2 2 24 732 287 288 741
2833 4 2 2 24 732 733 741 740
2834 4 2 2 24 741 289 728 290
2835 4 2 2 24 728 727 740 290
2836 4 2 2 24 733 726 41 727
2837 4 2 2 24 728 735 732 733
2838 4 2 2 24 291 740 727 290
2839 4 2 2 24 734 736 726 737
2840 4 2 2 24 728 732 289 741
2841 4 2 2 24 296 729 738 742
2842 4 2 2 24 733 287 741 740
2843 4 2 2 24 735 728 727 733
2844 4 2 2 24 292 740 727 291
2845 4 2 2 24 735 727 739 733
2846 4 2 2 24 740 727 41 292
2847 4 2 2 24 730 743 294 293
2848 4 2 2 24 743 296 729 295
2849 4 2 2 24 729 730 743 295
2850 4 2 2 24 730 42 734 742
2851 4 2 2 24 733 727 739 726
2852 4 2 2 24 734 733 735 737
2853 4 2 2 24 742 730 42 293
2854 4 2 2 24 298 297 738 742
2855 4 2 2 24 297 296 738 742
2856 4 2 2 24 739 735 733 726
2857 4 2 2 24 726 735 733 737
2858 4 2 2 24 732 733 287 741
2859 4 2 2 24 730 743 295 294
2860 4 2 2 24 733 734 726 737
2861 4 2 2 24 733 727 41 740
2862 4 2 2 24 287 733 732 288
2863 4 2 2 24 732 288 289 741
2864 4 2 2 24 287 733 41 740
2865 4 2 2 24 742 736 42 734
2866 4 2 2 24 742 42 736 738
2867 4 2 2 24 726 42 736 734
2868 4 2 2 24 726 736 42 738
2869 4 2 2 24 733 728 740 732
2870 4 2 2 24 733 740 728 727
2871 4 2 2 25 747 755 44 43
2872 4 2 2 25 747 755 749 44
2873 4 2 2 25 758 744 746 757
2874 4 2 2 25 759 760 752 758
2875 4 2 2 25 757 744 746 756
2876 4 2 2 25 750 748 749 753
2877 4 2 2 25 753 748 749 306
2878 4 2 2 25 752 747 759 756
2879 4 2 2 25 299 759 760 752
2880 4 2 2 25 748 745 750 754
2881 4 2 2 25 760 759 302 758
2882 4 2 2 25 747 752 746 756
2883 4 2 2 25 756 744 746 745
2884 4 2 2 25 745 748 747 754
2885 4 2 2 25 761 749 305 762
2886 4 2 2 25 307 762 753 751
2887 4 2 2 25 747 755 43 756
2888 4 2 2 25 43 304 759 757
2889 4 2 2 25 761 762 308 751
2890 4 2 2 25 759 302 758 757
2891 4 2 2 25 745 747 756 754
2892 4 2 2 25 753 750 307 751
2893 4 2 2 25 307 308 762 751
2894 4 2 2 25 754 750 748 755
2895 4 2 2 25 749 748 750 755
2896 4 2 2 25 749 753 306 762
2897 4 2 2 25 302 759 303 757
2898 4 2 2 25 760 302 301 758
2899 4 2 2 25 759 43 747 752
2900 4 2 2 25 746 747 756 745
2901 4 2 2 25 304 303 759 757
2902 4 2 2 25 43 759 299 752
2903 4 2 2 25 751 750 754 755
2904 4 2 2 25 306 305 749 762
2905 4 2 2 25 757 759 43 756
2906 4 2 2 25 747 755 754 748
2907 4 2 2 25 752 760 301 758
2908 4 2 2 25 747 43 759 756
2909 4 2 2 25 760 300 299 752
2910 4 2 2 25 747 755 748 749
2911 4 2 2 25 761 308 309 751
2912 4 2 2 25 760 301 300 752
2913 4 2 2 25 755 747 754 756
2914 4 2 2 25 309 761 751 755
2915 4 2 2 25 755 309 761 310
2916 4 2 2 25 753 306 762 307
2917 4 2 2 25 749 305 44 761
2918 4 2 2 25 44 749 761 755
2919 4 2 2 25 761 44 755 310
2920 4 2 2 25 752 756 757 746
2921 4 2 2 25 757 756 752 759
2922 4 2 2 25 757 758 752 746
2923 4 2 2 25 752 758 757 759
2924 4 2 2 25 761 751 753 762
2925 4 2 2 25 753 749 761 762
2926 4 2 2 25 755 751 749 761
2927 4 2 2 25 755 749 751 750
2928 4 2 2 25 753 749 751 761
2929 4 2 2 25 753 751 749 750
2930 4 2 2 26 774 765 771 775
2931 4 2 2 26 770 45 765 767
2932 4 2 2 26 776 764 777 769
2933 4 2 2 26 771 314 774 775
2934 4 2 2 26 764 763 776 777
2935 4 2 2 26 763 776 768 769
2936 4 2 2 26 776 763 764 769
2937 4 2 2 26 766 764 768 769
2938 4 2 2 26 314 771 772 775
2939 4 2 2 26 774 311 765 775
2940 4 2 2 26 764 763 768 769
2941 4 2 2 26 771 314 315 774
2942 4 2 2 26 320 776 777 769
2943 4 2 2 26 764 773 772 766
2944 4 2 2 26 768 770 764 766
2945 4 2 2 26 317 776 763 777
2946 4 2 2 26 770 763 768 764
2947 4 2 2 26 775 772 314 313
2948 4 2 2 26 320 777 764 769
2949 4 2 2 26 777 764 763 318
2950 4 2 2 26 773 772 775 313
2951 4 2 2 26 319 777 764 320
2952 4 2 2 26 312 773 765 775
2953 4 2 2 26 765 767 771 773
2954 4 2 2 26 764 770 773 766
2955 4 2 2 26 775 312 773 313
2956 4 2 2 26 764 777 319 318
2957 4 2 2 26 321 768 776 769
2958 4 2 2 26 320 321 776 769
2959 4 2 2 26 322 768 776 321
2960 4 2 2 26 772 771 767 773
2961 4 2 2 26 312 765 311 775
2962 4 2 2 26 770 768 767 766
2963 4 2 2 26 777 763 317 318
2964 4 2 2 26 316 771 315 774
2965 4 2 2 26 772 767 771 766
2966 4 2 2 26 771 45 765 774
2967 4 2 2 26 773 765 767 770
2968 4 2 2 26 45 771 316 774
2969 4 2 2 26 767 771 45 765
2970 4 2 2 26 316 771 45 767
2971 4 2 2 26 776 768 46 763
2972 4 2 2 26 311 765 45 774
2973 4 2 2 26 46 322 768 776
2974 4 2 2 26 46 317 776 763
2975 4 2 2 26 767 46 770 45
2976 4 2 2 26 46 770 768 767
2977 4 2 2 26 768 770 46 763
2978 4 2 2 26 773 771 775 772
2979 4 2 2 26 773 775 771 765
2980 4 2 2 26 766 773 767 770
2981 4 2 2 26 766 767 773 772
2982 4 2 2 27 781 789 790 791
2983 4 2 2 27 781 789 780 790
2984 4 2 2 27 793 785 783 792
2985 4 2 2 27 793 783 332 792
2986 4 2 2 27 792 793 785 329
2987 4 2 2 27 789 326 790 791
2988 4 2 2 27 779 783 784 786
2989 4 2 2 27 790 782 781 791
2990 4 2 2 27 788 778 787 784
2991 4 2 2 27 783 779 332 792
2992 4 2 2 27 788 787 782 789
2993 4 2 2 27 787 780 782 789
2994 4 2 2 27 331 783 332 793
2995 4 2 2 27 780 782 781 790
2996 4 2 2 27 780 782 789 781
2997 4 2 2 27 781 324 791 323
2998 4 2 2 27 782 788 789 781
2999 4 2 2 27 791 790 782 323
3000 4 2 2 27 326 780 789 790
3001 4 2 2 27 790 326 780 327
3002 4 2 2 27 332 779 333 792
3003 4 2 2 27 326 789 325 791
3004 4 2 2 27 784 778 779 786
3005 4 2 2 27 785 783 331 793
3006 4 2 2 27 788 782 784 786
3007 4 2 2 27 334 333 779 792
3008 4 2 2 27 786 48 779 792
3009 4 2 2 27 48 778 782 786
3010 4 2 2 27 789 781 325 791
3011 4 2 2 27 791 782 781 323
3012 4 2 2 27 787 780 778 782
3013 4 2 2 27 792 785 48 329
3014 4 2 2 27 785 793 330 329
3015 4 2 2 27 786 785 48 792
3016 4 2 2 27 788 782 778 784
3017 4 2 2 27 328 790 780 327
3018 4 2 2 27 778 48 779 786
3019 4 2 2 27 779 48 334 792
3020 4 2 2 27 782 778 787 788
3021 4 2 2 27 790 780 47 328
3022 4 2 2 27 784 782 778 786
3023 4 2 2 27 778 780 47 782
3024 4 2 2 27 793 331 785 330
3025 4 2 2 27 324 781 782 323
3026 4 2 2 27 782 780 47 790
3027 4 2 2 27 781 324 325 791
3028 4 2 2 27 790 47 782 323
3029 4 2 2 27 48 778 47 782
3030 4 2 2 27 792 786 783 779
3031 4 2 2 27 792 783 786 785
3032 4 2 2 28 805 807 806 797
3033 4 2 2 28 796 805 806 797
3034 4 2 2 28 799 808 809 801
3035 4 2 2 28 344 808 809 799
3036 4 2 2 28 341 809 808 801
3037 4 2 2 28 807 806 338 805
3038 4 2 2 28 795 799 800 802
3039 4 2 2 28 798 806 807 797
3040 4 2 2 28 794 803 804 800
3041 4 2 2 28 344 795 808 799
3042 4 2 2 28 798 803 805 804
3043 4 2 2 28 796 803 805 798
3044 4 2 2 28 344 809 343 799
3045 4 2 2 28 798 796 806 797
3046 4 2 2 28 805 796 798 797
3047 4 2 2 28 335 807 336 797
3048 4 2 2 28 797 798 805 804
3049 4 2 2 28 807 335 806 798
3050 4 2 2 28 805 806 338 796
3051 4 2 2 28 806 339 338 796
3052 4 2 2 28 345 795 808 344
3053 4 2 2 28 807 338 337 805
3054 4 2 2 28 800 794 795 802
3055 4 2 2 28 809 343 799 801
3056 4 2 2 28 804 798 800 802
3057 4 2 2 28 808 346 795 345
3058 4 2 2 28 808 795 50 802
3059 4 2 2 28 50 794 798 802
3060 4 2 2 28 805 337 807 797
3061 4 2 2 28 807 335 798 797
3062 4 2 2 28 794 803 796 798
3063 4 2 2 28 50 341 808 801
3064 4 2 2 28 809 341 342 801
3065 4 2 2 28 801 808 50 802
3066 4 2 2 28 804 798 794 800
3067 4 2 2 28 339 806 340 796
3068 4 2 2 28 794 50 795 802
3069 4 2 2 28 346 795 50 808
3070 4 2 2 28 794 803 798 804
3071 4 2 2 28 49 340 806 796
3072 4 2 2 28 800 798 794 802
3073 4 2 2 28 49 794 796 798
3074 4 2 2 28 343 809 342 801
3075 4 2 2 28 798 335 336 797
3076 4 2 2 28 796 806 49 798
3077 4 2 2 28 336 807 337 797
3078 4 2 2 28 806 335 49 798
3079 4 2 2 28 49 50 794 798
3080 4 2 2 28 808 802 799 795
3081 4 2 2 28 799 802 808 801
3082 4 2 5 29 1453 2174 1934 2188
3083 4 2 5 29 1940 2145 1723 2187
3084 4 2 5 29 1876 2037 1702 2247
3085 4 2 5 29 1133 1926 1147 2153
3086 4 2 5 29 1945 1830 2129 2206
3087 4 2 5 29 1878 1833 2009 2236
3088 4 2 5 29 2043 2142 1991 2303
3089 4 2 5 29 1937 2008 1161 2229
3090 4 2 5 29 2066 2357 1933 2416
3091 4 2 5 29 1804 1984 2094 2177
3092 4 2 5 29 1811 2142 1954 2150
3093 4 2 5 29 2284 2293 993 2469
3094 4 2 5 29 1897 2094 1984 2177
3095 4 2 5 29 1954 2150 2142 2549
3096 4 2 5 29 1958 2010 1420 2373
3097 4 2 5 29 1978 2066 1933 2416
3098 4 2 5 29 1798 2065 1877 2080
3099 4 2 5 29 1804 2094 1957 2189
3100 4 2 5 29 2122 2231 1644 2312
3101 4 2 5 29 1878 2009 2113 2236
3102 4 2 5 29 1931 1836 2179 2269
3103 4 2 5 29 1805 2002 1951 2209
3104 4 2 5 29 1486 1293 2018 2157
3105 4 2 5 29 1940 2187 1723 2491
3106 4 2 5 29 1801 2026 1899 2064
3107 4 2 5 29 1703 1876 1702 2247
3108 4 2 5 29 1883 1800 2116 2190
3109 4 2 5 29 1877 1850 2098 2113
3110 4 2 5 29 1899 1849 2026 2509
3111 4 2 5 29 1849 1899 2026 2064
3112 4 2 5 29 1815 1992 1924 2104
3113 4 2 5 29 2025 2299 2135 2530
3114 4 2 5 29 1486 1955 1293 2157
3115 4 2 5 29 1884 2205 1803 2441
3116 4 2 5 29 1293 1167 2018 2157
3117 4 2 5 29 2069 2104 1924 2378
3118 4 2 5 29 1884 2008 1803 2415
3119 4 2 5 29 862 2104 2069 2378
3120 4 2 5 29 1178 1917 1127 2047
3121 4 2 5 29 862 2069 1924 2378
3122 4 2 5 29 1434 1986 1969 2061
3123 4 2 5 29 1801 1899 1993 2064
3124 4 2 5 29 2150 2221 2142 2549
3125 4 2 5 29 822 1428 1924 2394
3126 4 2 5 29 1814 2162 2163 2323
3127 4 2 5 29 1931 2179 2114 2269
3128 4 2 5 29 1811 1954 2142 2341
3129 4 2 5 29 1366 993 2284 2293
3130 4 2 5 29 1935 1798 2009 2236
3131 4 2 5 29 1719 2190 1882 2526
3132 4 2 5 29 1492 2198 2040 2442
3133 4 2 5 29 1811 2333 1999 2437
3134 4 2 5 29 1814 2163 2073 2323
3135 4 2 5 29 1828 1854 2093 2250
3136 4 2 5 29 1804 2094 1897 2177
3137 4 2 5 29 1884 1803 2008 2441
3138 4 2 5 29 1804 2189 1957 2556
3139 4 2 5 29 1926 2041 1147 2153
3140 4 2 5 29 1798 2009 2113 2405
3141 4 2 5 29 1849 2377 2026 2509
3142 4 2 5 29 1848 2043 1991 2303
3143 4 2 5 29 1702 2037 1876 2263
3144 4 2 5 29 1897 2094 1804 2189
3145 4 2 5 29 1924 861 2089 2481
3146 4 2 5 29 1805 1887 1970 2048
3147 4 2 5 29 1907 2263 2145 2560
3148 4 2 5 29 1801 1982 2256 2379
3149 4 2 5 29 1857 2192 2091 2426
3150 4 2 5 29 2048 2330 1728 2576
3151 4 2 5 29 1812 1986 1969 2288
3152 4 2 5 29 1297 1389 1225 1975
3153 4 2 5 29 1812 2196 2086 2344
3154 4 2 5 29 1850 2113 1877 2414
3155 4 2 5 29 1945 1946 1830 2206
3156 4 2 5 29 1735 2145 1907 2263
3157 4 2 5 29 1807 1881 2085 2589
3158 4 2 5 29 1420 2010 1958 2242
3159 4 2 5 29 1899 1801 1993 2412
3160 4 2 5 29 1949 2142 2150 2221
3161 4 2 5 29 2118 2360 2109 2406
3162 4 2 5 29 1518 2008 2016 2067
3163 4 2 5 29 1701 1918 1962 2019
3164 4 2 5 29 1798 2113 2009 2236
3165 4 2 5 29 1282 1930 1988 2156
3166 4 2 5 29 1802 1860 2058 2550
3167 4 2 5 29 1804 1903 1967 2230
3168 4 2 5 29 1951 2209 2002 2472
3169 4 2 5 29 1849 2231 2122 2312
3170 4 2 5 29 1801 1982 2379 2574
3171 4 2 5 29 1810 2144 1985 2178
3172 4 2 5 29 1833 1935 1934 2009
3173 4 2 5 29 1801 1899 2026 2412
3174 4 2 5 29 2027 2078 2073 2600
3175 4 2 5 29 1945 2206 2129 2341
3176 4 2 5 29 1818 1930 2012 2311
3177 4 2 5 29 1811 2118 2333 2437
3178 4 2 5 29 1798 1877 2065 2113
3179 4 2 5 29 1833 1878 2009 2099
3180 4 2 5 29 1007 1006 1116 2133
3181 4 2 5 29 1719 1882 2030 2526
3182 4 2 5 29 1932 1964 1809 2335
3183 4 2 5 29 1908 2162 2022 2196
3184 4 2 5 29 1941 2035 937 2077
3185 4 2 5 29 1818 2091 2192 2426
3186 4 2 5 29 1892 2017 2090 2525
3187 4 2 5 29 1214 2003 1955 2063
3188 4 2 5 29 1492 2040 1976 2442
3189 4 2 5 29 1854 1828 2038 2250
3190 4 2 5 29 1322 2109 1960 2351
3191 4 2 5 29 2042 2185 1874 2575
3192 4 2 5 29 1887 2330 2048 2576
3193 4 2 5 29 1984 2050 1687 2581
3194 4 2 5 29 1805 1970 1887 2370
3195 4 2 5 29 1907 2073 2027 2078
3196 4 2 5 29 1908 2162 2196 2288
3197 4 2 5 29 1822 2066 2180 2575
3198 4 2 5 29 815 2085 2015 2325
3199 4 2 5 29 1568 2174 1453 2188
3200 4 2 5 29 1883 1800 2190 2324
3201 4 2 5 29 1703 1702 1876 2263
3202 4 2 5 29 1811 1991 2118 2437
3203 4 2 5 29 1801 1996 1962 2064
3204 4 2 5 29 1400 1924 2077 2394
3205 4 2 5 29 1857 2091 2012 2426
3206 4 2 5 29 1819 2090 2017 2525
3207 4 2 5 29 1931 2060 1836 2269
3208 4 2 5 29 1860 1802 2058 2062
3209 4 2 5 29 1811 2118 2303 2333
3210 4 2 5 29 1703 2199 1876 2247
3211 4 2 5 29 1954 2129 1830 2206
3212 4 2 5 29 1825 2011 1972 2098
3213 4 2 5 29 1873 2118 1597 2339
3214 4 2 5 29 1798 2113 2065 2405
3215 4 2 5 29 1812 1908 2196 2288
3216 4 2 5 29 2230 2005 2531 2556
3217 4 2 5 29 1881 1807 2117 2589
3218 4 2 5 29 1111 1110 2101 2533
3219 4 2 5 29 1006 1007 2126 2133
3220 4 2 5 29 1821 1961 2052 2156
3221 4 2 5 29 1486 2018 1955 2157
3222 4 2 5 29 2022 2344 2196 2524
3223 4 2 5 29 1807 2085 1933 2589
3224 4 2 5 29 1822 2066 1885 2180
3225 4 2 5 29 1474 2047 1938 2125
3226 4 2 5 29 1812 1969 1901 2288
3227 4 2 5 29 1597 2118 1873 2406
3228 4 2 5 29 1815 1924 2069 2104
3229 4 2 5 29 1208 1958 1420 2373
3230 4 2 5 29 1127 2047 1917 2258
3231 4 2 5 29 1094 2224 1869 2321
3232 4 2 5 29 1986 2262 1969 2288
3233 4 2 5 29 937 2077 2035 2394
3234 4 2 5 29 1701 2019 1962 2246
3235 4 2 5 29 1829 1898 2116 2242
3236 4 2 5 29 1812 2061 1905 2344
3237 4 2 5 29 1891 1907 2145 2560
3238 4 2 5 29 1956 2016 1295 2264
3239 4 2 5 29 2101 2475 1111 2533
3240 4 2 5 29 1812 1908 2086 2196
3241 4 2 5 29 1901 1969 2262 2288
3242 4 2 5 29 1886 2016 1956 2036
3243 4 2 5 29 1904 1827 2147 2438
3244 4 2 5 29 1799 1894 2025 2141
3245 4 2 5 29 1984 1687 2185 2581
3246 4 2 5 29 1811 2118 1991 2303
3247 4 2 5 29 1917 2047 1178 2251
3248 4 2 5 29 2017 2168 2090 2418
3249 4 2 5 29 1703 1876 2199 2263
3250 4 2 5 29 1814 2073 2162 2323
3251 4 2 5 29 1803 2205 2067 2441
3252 4 2 5 29 1133 1147 1063 2153
3253 4 2 5 29 1852 2171 1917 2309
3254 4 2 5 29 1966 2147 1827 2438
3255 4 2 5 29 1834 2079 1928 2162
3256 4 2 5 29 2161 2182 1851 2193
3257 4 2 5 29 1999 2333 2118 2437
3258 4 2 5 29 1928 1977 965 2364
3259 4 2 5 29 1891 1861 2163 2493
3260 4 2 5 29 1811 1949 2142 2150
3261 4 2 5 29 2086 2196 2022 2344
3262 4 2 5 29 1282 1988 1930 2361
3263 4 2 5 29 1839 1894 2025 2135
3264 4 2 5 29 1190 2021 1953 2137
3265 4 2 5 29 1818 2012 2091 2426
3266 4 2 5 29 1826 2019 1962 2434
3267 4 2 5 29 1907 2078 2027 2600
3268 4 2 5 29 1928 2162 2079 2366
3269 4 2 5 29 1821 2156 2052 2616
3270 4 2 5 29 1127 1178 1182 1917
3271 4 2 5 29 1902 2230 2531 2556
3272 4 2 5 29 1800 2018 1958 2157
3273 4 2 5 29 1881 1823 2057 2524
3274 4 2 5 29 1820 2202 1936 2208
3275 4 2 5 29 1994 1946 2245 2309
3276 4 2 5 29 1852 2068 1917 2171
3277 4 2 5 29 1719 2375 2190 2526
3278 4 2 5 29 1818 1930 2311 2383
3279 4 2 5 29 2022 2086 1908 2196
3280 4 2 5 29 1798 2065 1912 2529
3281 4 2 5 29 1922 2190 1800 2324
3282 4 2 5 29 1892 2090 2017 2168
3283 4 2 5 29 1897 1804 2039 2189
3284 4 2 5 29 2186 2243 1514 2261
3285 4 2 5 29 1214 1955 2003 2157
3286 4 2 5 29 2120 2223 1589 2594
3287 4 2 5 29 1894 1799 2025 2275
3288 4 2 5 29 1827 2395 1966 2431
3289 4 2 5 29 1214 2063 1955 2429
3290 4 2 5 29 1822 1978 1885 2066
3291 4 2 5 29 1985 2144 1810 2298
3292 4 2 5 29 2161 2193 1851 2254
3293 4 2 5 29 1427 1916 2276 2368
3294 4 2 5 29 1801 2256 1982 2471
3295 4 2 5 29 1820 1902 1997 2237
3296 4 2 5 29 1933 1266 2211 2416
3297 4 2 5 29 1833 2033 1938 2195
3298 4 2 5 29 1826 1962 1996 2064
3299 4 2 5 29 2025 2135 1894 2530
3300 4 2 5 29 1821 1988 2156 2616
3301 4 2 5 29 1637 1976 1157 2040
3302 4 2 5 29 1907 2073 1891 2145
3303 4 2 5 29 2297 2475 2101 2533
3304 4 2 5 29 1964 2084 1888 2215
3305 4 2 5 29 1946 1819 1994 2131
3306 4 2 5 29 1881 2057 2228 2524
3307 4 2 5 29 2025 2248 1839 2299
3308 4 2 5 29 1894 2330 1726 2570
3309 4 2 5 29 2019 1826 2246 2480
3310 4 2 5 29 1207 1420 2010 2373
3311 4 2 5 29 2073 2163 1891 2323
3312 4 2 5 29 1847 1985 2144 2178
3313 4 2 5 29 2151 2332 2202 2558
3314 4 2 5 29 2174 2279 2044 2397
3315 4 2 5 29 1905 2061 1866 2344
3316 4 2 5 29 2090 2130 1954 2316
3317 4 2 5 29 1637 1976 2040 2057
3318 4 2 5 29 1992 2104 1815 2597
3319 4 2 5 29 1814 2073 1915 2162
3320 4 2 5 29 1883 2116 1800 2324
3321 4 2 5 29 1297 1975 1923 2408
3322 4 2 5 29 2135 2299 1990 2530
3323 4 2 5 29 2066 2357 2180 2575
3324 4 2 5 29 1888 1736 2136 2335
3325 4 2 5 29 1839 2135 2025 2299
3326 4 2 5 29 2129 2206 1954 2341
3327 4 2 5 29 1943 2164 1909 2257
3328 4 2 5 29 1803 2067 2008 2441
3329 4 2 5 29 1167 1486 1293 2018
3330 4 2 5 29 2162 2163 2022 2196
3331 4 2 5 29 1596 2360 2118 2406
3332 4 2 5 29 1816 2192 1920 2234
3333 4 2 5 29 1934 1935 1833 2188
3334 4 2 5 29 2042 2074 1923 2376
3335 4 2 5 29 2000 2027 1907 2106
3336 4 2 5 29 1644 2231 2122 2582
3337 4 2 5 29 2047 2075 1917 2496
3338 4 2 5 29 1920 2032 1816 2234
3339 4 2 5 29 1805 1887 2048 2370
3340 4 2 5 29 1806 1987 2304 2578
3341 4 2 5 29 861 1400 1924 2089
3342 4 2 5 29 1884 1803 2045 2415
3343 4 2 5 29 1282 1988 813 2156
3344 4 2 5 29 1828 2093 1944 2250
3345 4 2 5 29 964 1977 2366 2498
3346 4 2 5 29 1904 2147 1966 2438
3347 4 2 5 29 1936 2202 2133 2208
3348 4 2 5 29 1883 2116 1925 2190
3349 4 2 5 29 1554 2114 1931 2179
3350 4 2 5 29 1723 2145 1940 2557
3351 4 2 5 29 1530 2175 2057 2445
3352 4 2 5 29 1954 2316 2130 2423
3353 4 2 5 29 1851 2182 2161 2325
3354 4 2 5 29 1925 2116 1800 2190
3355 4 2 5 29 1979 1985 1810 2298
3356 4 2 5 29 2019 2246 2034 2480
3357 4 2 5 29 1885 2173 2100 2489
3358 4 2 5 29 1428 2378 1924 2394
3359 4 2 5 29 1799 1894 2141 2275
3360 4 2 5 29 2040 2198 1976 2442
3361 4 2 5 29 1830 2006 1926 2159
3362 4 2 5 29 1821 2052 1988 2616
3363 4 2 5 29 1920 2214 913 2404
3364 4 2 5 29 2090 2168 1892 2316
3365 4 2 5 29 2071 2255 2247 2381
3366 4 2 5 29 2057 2175 1905 2445
3367 4 2 5 29 2007 2083 1830 2355
3368 4 2 5 29 1702 2037 2263 2506
3369 4 2 5 29 1878 2113 2009 2405
3370 4 2 5 29 1862 2035 1941 2084
3371 4 2 5 29 2075 2496 2047 2536
3372 4 2 5 29 1884 2095 1419 2368
3373 4 2 5 29 1828 1854 2038 2166
3374 4 2 5 29 2037 2405 2065 2458
3375 4 2 5 29 1902 2237 2230 2556
3376 4 2 5 29 1488 1873 2339 2566
3377 4 2 5 29 1953 2021 1190 2302
3378 4 2 5 29 1839 2025 1894 2141
3379 4 2 5 29 2058 2062 1802 2369
3380 4 2 5 29 1915 2162 2073 2323
3381 4 2 5 29 817 2325 2239 2442
3382 4 2 5 29 815 2015 817 2325
3383 4 2 5 29 1094 2321 1869 2475
3384 4 2 5 29 1902 2531 2237 2556
3385 4 2 5 29 1801 2379 1993 2574
3386 4 2 5 29 1928 2079 1834 2261
3387 4 2 5 29 1182 1917 1178 2251
3388 4 2 5 29 2191 1918 2334 2403
3389 4 2 5 29 1051 2040 1968 2057
3390 4 2 5 29 1881 2161 1823 2524
3391 4 2 5 29 1160 1937 1161 2229
3392 4 2 5 29 1822 2127 2087 2362
3393 4 2 5 29 1723 1709 2145 2557
3394 4 2 5 29 1902 1820 1997 2208
3395 4 2 5 29 1862 2035 2084 2447
3396 4 2 5 29 1936 2202 2151 2332
3397 4 2 5 29 1838 1909 2164 2257
3398 4 2 5 29 1828 2093 1854 2166
3399 4 2 5 29 1419 2095 1884 2282
3400 4 2 5 29 1976 2198 2040 2254
3401 4 2 5 29 1880 1837 2110 2502
3402 4 2 5 29 1903 2185 2042 2575
3403 4 2 5 29 1887 1729 2184 2330
3404 4 2 5 29 1874 2422 2042 2575
3405 4 2 5 29 1991 2142 2043 2313
3406 4 2 5 29 2015 2239 817 2325
3407 4 2 5 29 2091 2192 1857 2529
3408 4 2 5 29 1907 2027 2000 2212
3409 4 2 5 29 2218 2256 1982 2379
3410 4 2 5 29 911 2214 2001 2404
3411 4 2 5 29 1488 1873 1597 2339
3412 4 2 5 29 2234 2257 1909 2386
3413 4 2 5 29 2092 2334 1918 2403
3414 4 2 5 29 1995 2106 2091 2446
3415 4 2 5 29 2100 2173 1827 2489
3416 4 2 5 29 923 1939 967 2367
3417 4 2 5 29 1266 1933 1440 2416
3418 4 2 5 29 1935 1972 1798 2236
3419 4 2 5 29 1820 2151 1936 2202
3420 4 2 5 29 1885 2180 2066 2357
3421 4 2 5 29 1935 2174 1568 2188
3422 4 2 5 29 1935 2044 1211 2174
3423 4 2 5 29 1972 2011 1850 2098
3424 4 2 5 29 2042 2317 2074 2422
3425 4 2 5 29 1837 1880 2110 2428
3426 4 2 5 29 1719 1882 2190 2458
3427 4 2 5 29 1903 2202 1967 2230
3428 4 2 5 29 1822 2074 2042 2376
3429 4 2 5 29 1837 1880 2428 2502
3430 4 2 5 29 1924 2069 861 2481
3431 4 2 5 29 1798 1912 2065 2080
3432 4 2 5 29 1869 2224 1094 2475
3433 4 2 5 29 1966 2395 2138 2431
3434 4 2 5 29 1938 2033 1833 2203
3435 4 2 5 29 1802 2062 1860 2550
3436 4 2 5 29 1826 2480 2019 2596
3437 4 2 5 29 1579 2313 2314 2400
3438 4 2 5 29 1909 2234 2166 2257
3439 4 2 5 29 1488 1597 1873 2406
3440 4 2 5 29 1820 2151 2202 2558
3441 4 2 5 29 2027 2073 2396 2600
3442 4 2 5 29 1991 2043 1848 2313
3443 4 2 5 29 1297 1923 1975 2387
3444 4 2 5 29 1926 1830 2083 2355
3445 4 2 5 29 822 1428 1400 1924
3446 4 2 5 29 1693 1907 2106 2263
3447 4 2 5 29 908 2077 2089 2134
3448 4 2 5 29 1693 2106 1907 2385
3449 4 2 5 29 1905 1866 2228 2344
3450 4 2 5 29 1926 2108 1131 2210
3451 4 2 5 29 1848 2109 2118 2360
3452 4 2 5 29 1827 1966 2138 2431
3453 4 2 5 29 1830 1946 1945 2128
3454 4 2 5 29 1818 2012 1930 2443
3455 4 2 5 29 2004 2296 1622 2511
3456 4 2 5 29 1729 2330 1887 2576
3457 4 2 5 29 2133 2202 1902 2208
3458 4 2 5 29 1719 2030 1882 2458
3459 4 2 5 29 1400 822 1924 2394
3460 4 2 5 29 348 2016 1956 2393
3461 4 2 5 29 1147 1926 1133 2210
3462 4 2 5 29 1729 1887 2184 2576
3463 4 2 5 29 1662 1941 937 2077
3464 4 2 5 29 1976 2198 2254 2442
3465 4 2 5 29 1995 2091 1912 2446
3466 4 2 5 29 1831 1916 2388 2521
3467 4 2 5 29 1816 2032 1920 2192
3468 4 2 5 29 1797 2265 1971 2285
3469 4 2 5 29 1993 2064 1899 2312
3470 4 2 5 29 1838 2071 2247 2381
3471 4 2 5 29 1671 2374 2051 2535
3472 4 2 5 29 1805 2002 2209 2494
3473 4 2 5 29 1735 1708 1907 2145
3474 4 2 5 29 1804 1957 2094 2495
3475 4 2 5 29 1799 2141 2025 2219
3476 4 2 5 29 1848 2118 2109 2268
3477 4 2 5 29 1878 2009 2099 2405
3478 4 2 5 29 1801 1993 1982 2574
3479 4 2 5 29 815 2325 817 2442
3480 4 2 5 29 1801 1962 1996 2354
3481 4 2 5 29 1823 1968 1905 2196
3482 4 2 5 29 1933 2100 1440 2416
3483 4 2 5 29 1821 1961 2156 2274
3484 4 2 5 29 1831 2388 1939 2521
3485 4 2 5 29 1708 2073 1907 2145
3486 4 2 5 29 2079 2162 1858 2366
3487 4 2 5 29 1797 2269 2098 2452
3488 4 2 5 29 2001 2076 1855 2295
3489 4 2 5 29 1876 2263 2037 2506
3490 4 2 5 29 856 2076 2038 2183
3491 4 2 5 29 2005 2230 1929 2495
3492 4 2 5 29 1644 2231 2232 2312
3493 4 2 5 29 1190 1638 2021 2137
3494 4 2 5 29 1917 2047 1865 2075
3495 4 2 5 29 1805 1951 2002 2287
3496 4 2 5 29 1962 2019 1918 2434
3497 4 2 5 29 1213 1211 1935 2044
3498 4 2 5 29 1282 1930 2165 2361
3499 4 2 5 29 348 1956 2152 2393
3500 4 2 5 29 1807 1881 2117 2161
3501 4 2 5 29 1434 982 979 2500
3502 4 2 5 29 1821 2156 1988 2274
3503 4 2 5 29 1885 1904 2173 2489
3504 4 2 5 29 1282 2165 1930 2535
3505 4 2 5 29 1877 1798 2080 2113
3506 4 2 5 29 1474 1381 1938 2047
3507 4 2 5 29 909 2089 1965 2134
3508 4 2 5 29 1519 2003 2063 2197
3509 4 2 5 29 1849 1899 2064 2312
3510 4 2 5 29 2206 2245 1946 2309
3511 4 2 5 29 1157 1976 1492 2040
3512 4 2 5 29 1955 2125 2056 2539
3513 4 2 5 29 1921 1132 2107 2392
3514 4 2 5 29 2012 2311 1930 2535
3515 4 2 5 29 1400 2077 1924 2089
3516 4 2 5 29 1935 1798 1972 2044
3517 4 2 5 29 1812 1969 2215 2424
3518 4 2 5 29 1834 2220 1981 2243
3519 4 2 5 29 1806 2304 2123 2578
3520 4 2 5 29 1820 1902 2202 2208
3521 4 2 5 29 1805 1894 2330 2402
3522 4 2 5 29 1887 1970 2184 2565
3523 4 2 5 29 1812 1901 1969 2424
3524 4 2 5 29 1796 1975 2317 2326
3525 4 2 5 29 1796 1874 2111 2317
3526 4 2 5 29 1873 1960 2064 2232
3527 4 2 5 29 991 1945 1999 2148
3528 4 2 5 29 1995 2106 2096 2385
3529 4 2 5 29 1838 1925 2247 2257
3530 4 2 5 29 1807 2085 1881 2161
3531 4 2 5 29 2034 2019 2480 2596
3532 4 2 5 29 999 1979 915 2283
3533 4 2 5 29 1721 2037 2065 2458
3534 4 2 5 29 2029 2224 1093 2321
3535 4 2 5 29 1805 1894 2048 2330
3536 4 2 5 29 1827 2049 2395 2431
3537 4 2 5 29 1728 2092 2048 2576
3538 4 2 5 29 1554 2179 1931 2492
3539 4 2 5 29 1696 2065 2037 2506
3540 4 2 5 29 2161 2254 1851 2325
3541 4 2 5 29 814 2015 815 2085
3542 4 2 5 29 1822 1929 2127 2362
3543 4 2 5 29 937 936 2035 2292
3544 4 2 5 29 1888 2215 2084 2447
3545 4 2 5 29 1834 2079 2162 2288
3546 4 2 5 29 1964 1990 1809 2335
3547 4 2 5 29 1888 2447 2084 2620
3548 4 2 5 29 2047 1865 2075 2536
3549 4 2 5 29 1488 2406 1873 2566
3550 4 2 5 29 2005 2126 1929 2230
3551 4 2 5 29 1887 2330 2184 2342
3552 4 2 5 29 1955 2018 1486 2300
3553 4 2 5 29 1839 2134 1965 2299
3554 4 2 5 29 1869 2413 2224 2475
3555 4 2 5 29 911 913 2214 2404
3556 4 2 5 29 2027 2106 2000 2212
3557 4 2 5 29 1906 2098 2269 2452
3558 4 2 5 29 1918 2092 1815 2334
3559 4 2 5 29 2144 2298 1985 2372
3560 4 2 5 29 2035 2352 1317 2394
3561 4 2 5 29 1814 1891 2163 2493
3562 4 2 5 29 1834 1901 2079 2288
3563 4 2 5 29 1803 1884 2045 2205
3564 4 2 5 29 1943 2421 1583 2482
3565 4 2 5 29 1956 2016 1886 2393
3566 4 2 5 29 1898 1829 2081 2242
3567 4 2 5 29 1839 1965 2135 2299
3568 4 2 5 29 2065 2405 2037 2506
3569 4 2 5 29 1208 1420 1207 2373
3570 4 2 5 29 1705 1687 2050 2581
3571 4 2 5 29 1701 1962 1918 2576
3572 4 2 5 29 1864 2324 2018 2373
3573 4 2 5 29 1834 2154 1961 2181
3574 4 2 5 29 1814 1891 2073 2163
3575 4 2 5 29 1887 2059 1970 2565
3576 4 2 5 29 1825 1989 1931 2155
3577 4 2 5 29 2096 2106 1995 2446
3578 4 2 5 29 1804 1967 1903 2177
3579 4 2 5 29 1838 2255 2071 2381
3580 4 2 5 29 1147 2041 1926 2210
3581 4 2 5 29 1879 1987 2223 2578
3582 4 2 5 29 991 1999 1945 2340
3583 4 2 5 29 1891 2163 1861 2586
3584 4 2 5 29 915 1979 999 2372
3585 4 2 5 29 1815 1890 2069 2308
3586 4 2 5 29 2138 2395 1866 2431
3587 4 2 5 29 2139 2218 1982 2379
3588 4 2 5 29 1954 2130 2090 2206
3589 4 2 5 29 1634 1622 2296 2511
3590 4 2 5 29 1923 2074 2042 2317
3591 4 2 5 29 1213 2044 1935 2474
3592 4 2 5 29 1875 2362 1929 2540
3593 4 2 5 29 1884 2121 2045 2567
3594 4 2 5 29 1986 2061 1434 2500
3595 4 2 5 29 2126 2230 2005 2531
3596 4 2 5 29 2139 2379 1982 2574
3597 4 2 5 29 1973 1806 2220 2358
3598 4 2 5 29 1825 2098 1972 2113
3599 4 2 5 29 1727 1894 1726 2530
3600 4 2 5 29 1812 2086 1908 2424
3601 4 2 5 29 1849 1899 2312 2509
3602 4 2 5 29 1875 2087 2362 2540
3603 4 2 5 29 1961 2052 954 2276
3604 4 2 5 29 1849 2312 2023 2509
3605 4 2 5 29 1642 1533 1900 2472
3606 4 2 5 29 1850 1877 2080 2414
3607 4 2 5 29 1855 2076 2001 2212
3608 4 2 5 29 2002 2209 1900 2472
3609 4 2 5 29 1888 2086 1736 2335
3610 4 2 5 29 1812 1908 2288 2424
3611 4 2 5 29 1874 2042 1903 2185
3612 4 2 5 29 1554 1931 2114 2593
3613 4 2 5 29 1879 1969 1901 2304
3614 4 2 5 29 1822 2042 2074 2422
3615 4 2 5 29 1896 2031 1835 2108
3616 4 2 5 29 1320 2076 1944 2250
3617 4 2 5 29 2120 1589 2508 2594
3618 4 2 5 29 1721 2037 1696 2065
3619 4 2 5 29 1257 1256 1978 2074
3620 4 2 5 29 1834 1901 2220 2243
3621 4 2 5 29 1833 1878 2155 2236
3622 4 2 5 29 1861 2078 1891 2298
3623 4 2 5 29 1954 2142 2341 2549
3624 4 2 5 29 1808 2030 2075 2171
3625 4 2 5 29 1816 2000 2234 2614
3626 4 2 5 29 1814 1928 2181 2364
3627 4 2 5 29 1881 2057 1823 2161
3628 4 2 5 29 1797 1956 2265 2285
3629 4 2 5 29 1109 2203 1938 2571
3630 4 2 5 29 911 2001 2214 2311
3631 4 2 5 29 1938 2201 1109 2571
3632 4 2 5 29 1900 2209 2002 2494
3633 4 2 5 29 1962 2019 1826 2246
3634 4 2 5 29 1804 2094 1984 2127
3635 4 2 5 29 1955 2300 2125 2539
3636 4 2 5 29 923 967 1939 2217
3637 4 2 5 29 1973 2046 1806 2358
3638 4 2 5 29 2109 2360 1582 2406
3639 4 2 5 29 1970 2289 2184 2565
3640 4 2 5 29 1810 2178 1985 2411
3641 4 2 5 29 1838 1909 2257 2386
3642 4 2 5 29 1679 2050 1932 2581
3643 4 2 5 29 1852 2245 2206 2309
3644 4 2 5 29 815 1976 2085 2442
3645 4 2 5 29 1877 2080 2065 2564
3646 4 2 5 29 1885 1978 1822 2087
3647 4 2 5 29 1434 979 1986 2500
3648 4 2 5 29 1577 2295 2076 2404
3649 4 2 5 29 1939 923 2217 2367
3650 4 2 5 29 1634 2280 2004 2511
3651 4 2 5 29 1838 2247 1925 2381
3652 4 2 5 29 1864 2151 2013 2473
3653 4 2 5 29 1093 2224 1094 2321
3654 4 2 5 29 1671 1930 2374 2535
3655 4 2 5 29 1834 1961 2154 2579
3656 4 2 5 29 2076 2295 2001 2404
3657 4 2 5 29 1818 2106 2027 2212
3658 4 2 5 29 1873 2064 1993 2232
3659 4 2 5 29 1911 2192 2091 2529
3660 4 2 5 29 1956 1886 2152 2393
3661 4 2 5 29 1818 2091 1911 2192
3662 4 2 5 29 1796 2042 1874 2317
3663 4 2 5 29 2045 2121 1884 2415
3664 4 2 5 29 1920 1021 2241 2343
3665 4 2 5 29 1972 2098 1850 2113
3666 4 2 5 29 1911 2000 1818 2192
3667 4 2 5 29 1719 2030 2375 2526
3668 4 2 5 29 1901 1969 1879 2508
3669 4 2 5 29 1904 1827 2173 2489
3670 4 2 5 29 1987 2217 923 2367
3671 4 2 5 29 1852 2068 2171 2384
3672 4 2 5 29 1970 2048 1887 2330
3673 4 2 5 29 1530 1905 2175 2445
3674 4 2 5 29 1864 2017 1948 2146
3675 4 2 5 29 1850 1877 2036 2080
3676 4 2 5 29 1797 2269 2043 2505
3677 4 2 5 29 1979 1985 2298 2372
3678 4 2 5 29 1045 2174 2044 2397
3679 4 2 5 29 2051 2374 1930 2535
3680 4 2 5 29 1634 2004 1622 2511
3681 4 2 5 29 1129 2047 1127 2258
3682 4 2 5 29 1933 2357 2100 2416
3683 4 2 5 29 1162 1161 2008 2229
3684 4 2 5 29 1890 1815 2069 2509
3685 4 2 5 29 1835 2031 1896 2556
3686 4 2 5 29 2240 2367 977 2468
3687 4 2 5 29 1970 2059 2289 2565
3688 4 2 5 29 1735 1907 1693 2263
3689 4 2 5 29 1827 2173 2100 2357
3690 4 2 5 29 1918 2334 1815 2597
3691 4 2 5 29 1872 2171 2142 2384
3692 4 2 5 29 1855 2295 2076 2310
3693 4 2 5 29 1933 2211 1978 2416
3694 4 2 5 29 1891 2078 1861 2493
3695 4 2 5 29 2247 2381 2255 2580
3696 4 2 5 29 1420 1958 1208 2242
3697 4 2 5 29 1238 2005 1239 2306
3698 4 2 5 29 1397 2124 1921 2552
3699 4 2 5 29 2081 2475 2297 2533
3700 4 2 5 29 1116 2208 1902 2484
3701 4 2 5 29 1978 2074 1256 2435
3702 4 2 5 29 1839 2248 1980 2299
3703 4 2 5 29 1978 2211 1266 2416
3704 4 2 5 29 1941 2084 2035 2391
3705 4 2 5 29 1814 2078 1891 2493
3706 4 2 5 29 2056 2146 1922 2580
3707 4 2 5 29 1872 2206 2090 2309
3708 4 2 5 29 1880 2110 2420 2502
3709 4 2 5 29 1807 1933 2085 2211
3710 4 2 5 29 1389 2207 1975 2591
3711 4 2 5 29 1919 2084 1824 2136
3712 4 2 5 29 2057 2175 364 2462
3713 4 2 5 29 2247 1925 2381 2580
3714 4 2 5 29 1812 1986 1905 2061
3715 4 2 5 29 1905 1968 1823 2057
3716 4 2 5 29 1400 2077 822 2394
3717 4 2 5 29 2081 2413 2176 2457
3718 4 2 5 29 1710 1927 1716 2216
3719 4 2 5 29 1282 1669 1930 2156
3720 4 2 5 29 1823 2163 1968 2196
3721 4 2 5 29 1807 2066 1933 2211
3722 4 2 5 29 1835 1896 2039 2556
3723 4 2 5 29 862 861 1924 2069
3724 4 2 5 29 1809 2299 2025 2530
3725 4 2 5 29 1888 2084 2136 2620
3726 4 2 5 29 1841 2145 1940 2187
3727 4 2 5 29 1348 954 2052 2276
3728 4 2 5 29 1916 1831 2095 2521
3729 4 2 5 29 1834 2243 2186 2261
3730 4 2 5 29 1728 2048 2092 2570
3731 4 2 5 29 1833 2155 1878 2490
3732 4 2 5 29 1879 2223 2123 2578
3733 4 2 5 29 1800 2146 2056 2580
3734 4 2 5 29 1864 2324 2373 2583
3735 4 2 5 29 1811 1991 2142 2303
3736 4 2 5 29 815 2085 1976 2462
3737 4 2 5 29 934 2204 2035 2292
3738 4 2 5 29 1901 1879 2120 2508
3739 4 2 5 29 1830 1954 2130 2423
3740 4 2 5 29 1818 2091 1995 2106
3741 4 2 5 29 1981 2243 2220 2507
3742 4 2 5 29 1731 2168 2316 2338
3743 4 2 5 29 1933 2117 1807 2589
3744 4 2 5 29 2023 2377 1849 2509
3745 4 2 5 29 2005 2126 1236 2277
3746 4 2 5 29 1912 2065 1911 2529
3747 4 2 5 29 2093 2250 1854 2411
3748 4 2 5 29 1958 2116 1898 2242
3749 4 2 5 29 1886 2036 1956 2265
3750 4 2 5 29 1920 1021 2214 2241
3751 4 2 5 29 1871 2060 2030 2389
3752 4 2 5 29 1729 1728 2330 2576
3753 4 2 5 29 1911 1818 2000 2106
3754 4 2 5 29 1855 1974 1944 2329
3755 4 2 5 29 1535 1900 1533 2140
3756 4 2 5 29 2130 2316 1892 2423
3757 4 2 5 29 1820 1997 2233 2237
3758 4 2 5 29 1884 1988 2121 2567
3759 4 2 5 29 1021 913 1920 2214
3760 4 2 5 29 1825 1906 2011 2269
3761 4 2 5 29 2008 1884 2121 2415
3762 4 2 5 29 813 2156 1988 2616
3763 4 2 5 29 1862 2084 1964 2215
3764 4 2 5 29 1810 1891 2078 2298
3765 4 2 5 29 1257 2074 1978 2087
3766 4 2 5 29 1637 1157 1052 2040
3767 4 2 5 29 1834 2220 1901 2288
3768 4 2 5 29 369 1914 2088 2096
3769 4 2 5 29 2081 1869 2413 2457
3770 4 2 5 29 2084 2447 1824 2620
3771 4 2 5 29 1067 2218 2153 2569
3772 4 2 5 29 1918 2191 2334 2597
3773 4 2 5 29 1116 2133 1902 2208
3774 4 2 5 29 1419 2282 1884 2441
3775 4 2 5 29 1537 2224 2413 2475
3776 4 2 5 29 2032 2234 1920 2343
3777 4 2 5 29 1909 2234 2032 2343
3778 4 2 5 29 1891 1861 2254 2586
3779 4 2 5 29 2197 2466 1898 2533
3780 4 2 5 29 1809 1990 1964 2084
3781 4 2 5 29 1944 2250 2093 2411
3782 4 2 5 29 1828 2076 2212 2404
3783 4 2 5 29 1808 2496 2075 2536
3784 4 2 5 29 2025 2141 1839 2219
3785 4 2 5 29 1828 2404 2212 2607
3786 4 2 5 29 1535 1900 2140 2363
3787 4 2 5 29 1892 2130 2090 2316
3788 4 2 5 29 2044 2174 1935 2279
3789 4 2 5 29 1885 2100 2173 2357
3790 4 2 5 29 2286 2505 2036 2596
3791 4 2 5 29 1687 2050 1984 2538
3792 4 2 5 29 1718 2030 2259 2599
3793 4 2 5 29 1833 1878 2099 2490
3794 4 2 5 29 1800 1922 2146 2580
3795 4 2 5 29 1693 1907 2073 2385
3796 4 2 5 29 2058 2369 2265 2562
3797 4 2 5 29 1806 2046 2304 2358
3798 4 2 5 29 1960 2232 1873 2406
3799 4 2 5 29 1993 2232 2064 2312
3800 4 2 5 29 1419 1884 2327 2441
3801 4 2 5 29 1719 2190 1704 2458
3802 4 2 5 29 1884 1419 2327 2368
3803 4 2 5 29 354 1916 1427 2368
3804 4 2 5 29 1322 1960 2109 2406
3805 4 2 5 29 1909 2166 1943 2257
3806 4 2 5 29 1873 2406 2232 2566
3807 4 2 5 29 1829 2176 2413 2457
3808 4 2 5 29 1089 1070 1098 2101
3809 4 2 5 29 1397 858 1921 2392
3810 4 2 5 29 2099 2195 1840 2345
3811 4 2 5 29 1885 2349 2290 2416
3812 4 2 5 29 1965 2089 909 2272
3813 4 2 5 29 858 1132 1921 2392
3814 4 2 5 29 1179 2251 2047 2300
3815 4 2 5 29 1214 1487 1955 2157
3816 4 2 5 29 1101 1929 1099 2126
3817 4 2 5 29 1044 2044 1947 2397
3818 4 2 5 29 937 2035 1941 2292
3819 4 2 5 29 1533 2140 1900 2472
3820 4 2 5 29 1887 1970 2330 2342
3821 4 2 5 29 1818 2000 2106 2212
3822 4 2 5 29 1575 1946 2128 2322
3823 4 2 5 29 1815 2069 1924 2308
3824 4 2 5 29 1185 1957 2137 2260
3825 4 2 5 29 1710 1723 2145 2187
3826 4 2 5 29 1225 1975 1389 2207
3827 4 2 5 29 2006 1926 2159 2464
3828 4 2 5 29 1928 1977 1814 2162
3829 4 2 5 29 1801 1962 2026 2064
3830 4 2 5 29 347 348 1956 2152
3831 4 2 5 29 1207 2373 2010 2407
3832 4 2 5 29 1796 1874 2042 2082
3833 4 2 5 29 1909 1828 2038 2166
3834 4 2 5 29 1905 2196 1968 2238
3835 4 2 5 29 1900 2347 2140 2363
3836 4 2 5 29 1872 2142 2341 2384
3837 4 2 5 29 1519 2197 2063 2517
3838 4 2 5 29 1971 2097 1797 2285
3839 4 2 5 29 1006 1007 1005 2126
3840 4 2 5 29 1896 1957 2189 2556
3841 4 2 5 29 2033 1840 2195 2345
3842 4 2 5 29 1397 1921 2543 2552
3843 4 2 5 29 1901 2215 1969 2424
3844 4 2 5 29 1814 2181 2004 2364
3845 4 2 5 29 1110 2466 2197 2533
3846 4 2 5 29 1960 2231 1322 2351
3847 4 2 5 29 2049 2147 1827 2395
3848 4 2 5 29 1821 2052 1961 2102
3849 4 2 5 29 1944 1974 1855 2310
3850 4 2 5 29 1874 2082 1796 2440
3851 4 2 5 29 1966 1827 2147 2395
3852 4 2 5 29 1099 2126 1929 2277
3853 4 2 5 29 2008 2121 1162 2229
3854 4 2 5 29 1804 1897 2039 2177
3855 4 2 5 29 1902 1820 2202 2237
3856 4 2 5 29 1939 2217 1987 2367
3857 4 2 5 29 1848 1991 2118 2303
3858 4 2 5 29 1825 1931 2060 2155
3859 4 2 5 29 1876 2257 2234 2386
3860 4 2 5 29 2039 2189 1804 2556
3861 4 2 5 29 1806 2304 2220 2358
3862 4 2 5 29 1526 2076 1577 2295
3863 4 2 5 29 1820 2013 2151 2473
3864 4 2 5 29 1861 2163 2493 2586
3865 4 2 5 29 2109 2268 2118 2406
3866 4 2 5 29 1535 2140 2347 2363
3867 4 2 5 29 1679 1932 1727 2335
3868 4 2 5 29 1925 2257 1838 2381
3869 4 2 5 29 1547 2175 1881 2462
3870 4 2 5 29 1834 2079 2243 2261
3871 4 2 5 29 1873 2232 1993 2566
3872 4 2 5 29 2081 2297 1869 2457
3873 4 2 5 29 2154 2181 1834 2261
3874 4 2 5 29 1864 2017 2151 2473
3875 4 2 5 29 2073 1814 2396 2600
3876 4 2 5 29 2098 2452 1906 2544
3877 4 2 5 29 1205 1983 2119 2432
3878 4 2 5 29 1820 2168 1967 2233
3879 4 2 5 29 2000 2106 1907 2263
3880 4 2 5 29 1838 2257 2247 2614
3881 4 2 5 29 2125 2300 2056 2539
3882 4 2 5 29 1704 1702 2037 2247
3883 4 2 5 29 1840 2071 1882 2195
3884 4 2 5 29 1807 2085 2015 2211
3885 4 2 5 29 1642 1900 2363 2472
3886 4 2 5 29 1878 2155 2236 2389
3887 4 2 5 29 1131 2108 1926 2464
3888 4 2 5 29 2081 2176 2297 2457
3889 4 2 5 29 2204 2292 853 2318
3890 4 2 5 29 1922 2017 1819 2090
3891 4 2 5 29 1888 2084 1964 2136
3892 4 2 5 29 1295 1956 348 2016
3893 4 2 5 29 1871 2269 2043 2477
3894 4 2 5 29 1213 1935 1212 2474
3895 4 2 5 29 1817 1963 2083 2159
3896 4 2 5 29 1805 2048 1970 2330
3897 4 2 5 29 1957 1896 2189 2260
3898 4 2 5 29 1819 2090 2206 2309
3899 4 2 5 29 844 2264 2016 2267
3900 4 2 5 29 1940 1856 2419 2524
3901 4 2 5 29 2107 2399 2095 2521
3902 4 2 5 29 1889 2139 1276 2339
3903 4 2 5 29 1434 2061 1969 2318
3904 4 2 5 29 2022 1891 2163 2323
3905 4 2 5 29 1805 1951 2287 2615
3906 4 2 5 29 936 934 2035 2292
3907 4 2 5 29 2027 1907 2106 2385
3908 4 2 5 29 1938 2047 1381 2201
3909 4 2 5 29 1905 2196 1812 2344
3910 4 2 5 29 1934 2174 1935 2188
3911 4 2 5 29 1276 1889 2339 2340
3912 4 2 5 29 2184 2330 1729 2342
3913 4 2 5 29 1547 1881 2175 2451
3914 4 2 5 29 1891 2073 1907 2078
3915 4 2 5 29 1671 1930 1669 2374
3916 4 2 5 29 1825 2011 1906 2114
3917 4 2 5 29 1687 2177 1984 2185
3918 4 2 5 29 1901 1834 2079 2243
3919 4 2 5 29 1322 1326 2109 2351
3920 4 2 5 29 1905 2228 2057 2524
3921 4 2 5 29 356 2217 1981 2276
3922 4 2 5 29 1816 2000 2192 2234
3923 4 2 5 29 2014 2107 1132 2392
3924 4 2 5 29 2193 2254 2161 2518
3925 4 2 5 29 1874 1796 2111 2440
3926 4 2 5 29 1842 2121 2008 2229
3927 4 2 5 29 1413 1552 2041 2210
3928 4 2 5 29 1906 2098 2011 2269
3929 4 2 5 29 817 815 814 2015
3930 4 2 5 29 2030 2060 1871 2477
3931 4 2 5 29 953 2052 1961 2616
3932 4 2 5 29 1329 1131 2108 2210
3933 4 2 5 29 1807 2066 2211 2532
3934 4 2 5 29 1826 2064 1996 2268
3935 4 2 5 29 1001 2167 2337 2407
3936 4 2 5 29 1805 2330 1970 2402
3937 4 2 5 29 1161 2008 1937 2267
3938 4 2 5 29 1721 1696 1730 2065
3939 4 2 5 29 1097 2101 1943 2252
3940 4 2 5 29 1310 1921 1132 2107
3941 4 2 5 29 1896 1835 2039 2356
3942 4 2 5 29 1825 2011 2098 2269
3943 4 2 5 29 1816 1911 2405 2487
3944 4 2 5 29 1956 1797 2097 2285
3945 4 2 5 29 1669 1930 2156 2374
3946 4 2 5 29 2001 2214 1920 2404
3947 4 2 5 29 1360 1361 1948 2365
3948 4 2 5 29 1968 2163 1858 2196
3949 4 2 5 29 1397 2124 858 2392
3950 4 2 5 29 1297 1975 1225 2387
3951 4 2 5 29 1921 2107 2014 2392
3952 4 2 5 29 1945 1811 1999 2148
3953 4 2 5 29 1830 2130 1954 2206
3954 4 2 5 29 1537 1094 2224 2475
3955 4 2 5 29 1879 1987 2304 2507
3956 4 2 5 29 2207 2317 1975 2326
3957 4 2 5 29 1888 2136 1736 2358
3958 4 2 5 29 1381 1335 1474 1938
3959 4 2 5 29 965 1977 964 2364
3960 4 2 5 29 1928 2181 2154 2261
3961 4 2 5 29 1858 2162 2079 2288
3962 4 2 5 29 1600 2175 2049 2451
3963 4 2 5 29 1838 2063 1952 2071
3964 4 2 5 29 1805 1970 2059 2494
3965 4 2 5 29 1866 2061 1905 2350
3966 4 2 5 29 2098 2269 1797 2505
3967 4 2 5 29 1809 1990 2299 2530
3968 4 2 5 29 1861 1891 2254 2298
3969 4 2 5 29 1818 2091 2012 2443
3970 4 2 5 29 1129 1178 1127 2047
3971 4 2 5 29 1718 2221 2030 2599
3972 4 2 5 29 1892 2316 2168 2338
3973 4 2 5 29 1679 1727 1932 2050
3974 4 2 5 29 1835 2108 2031 2559
3975 4 2 5 29 1918 1815 2377 2597
3976 4 2 5 29 1335 1474 1938 2125
3977 4 2 5 29 1995 2045 1912 2567
3978 4 2 5 29 2096 2401 1973 2563
3979 4 2 5 29 1508 1537 2224 2413
3980 4 2 5 29 2030 2259 1871 2389
3981 4 2 5 29 1907 2329 2078 2600
3982 4 2 5 29 1312 2214 2241 2397
3983 4 2 5 29 1487 1293 1955 2157
3984 4 2 5 29 2094 2189 1897 2402
3985 4 2 5 29 1820 1997 2208 2470
3986 4 2 5 29 982 1434 2061 2500
3987 4 2 5 29 1984 2127 2094 2180
3988 4 2 5 29 1840 1882 2071 2580
3989 4 2 5 29 1928 1834 2181 2261
3990 4 2 5 29 1797 2452 2098 2544
3991 4 2 5 29 2068 2171 1836 2492
3992 4 2 5 29 1817 2083 1963 2289
3993 4 2 5 29 1850 2036 1877 2098
3994 4 2 5 29 825 2352 2055 2394
3995 4 2 5 29 1858 2163 2162 2196
3996 4 2 5 29 1811 2148 1945 2341
3997 4 2 5 29 1051 1968 1564 2057
3998 4 2 5 29 1800 1958 2116 2381
3999 4 2 5 29 2017 2090 1922 2418
4000 4 2 5 29 2007 2153 2083 2355
4001 4 2 5 29 1891 2078 1907 2560
4002 4 2 5 29 1397 1921 2124 2392
4003 4 2 5 29 1129 2201 2047 2258
4004 4 2 5 29 1881 2451 1547 2462
4005 4 2 5 29 1803 2045 1914 2205
4006 4 2 5 29 1976 2325 2085 2442
4007 4 2 5 29 2032 2241 1021 2343
4008 4 2 5 29 1894 2048 2330 2570
4009 4 2 5 29 815 2085 2325 2442
4010 4 2 5 29 2031 2237 2531 2556
4011 4 2 5 29 2073 2078 1814 2600
4012 4 2 5 29 1952 2063 1840 2071
4013 4 2 5 29 1851 2254 2198 2442
4014 4 2 5 29 1014 2227 1951 2472
4015 4 2 5 29 1816 2032 2192 2487
4016 4 2 5 29 1888 2304 2046 2358
4017 4 2 5 29 1860 2286 2036 2596
4018 4 2 5 29 1995 1912 2443 2567
4019 4 2 5 29 2035 2391 2084 2447
4020 4 2 5 29 1014 1951 1018 2472
4021 4 2 5 29 2034 2505 2286 2596
4022 4 2 5 29 1834 2220 2288 2546
4023 4 2 5 29 2071 2099 1840 2345
4024 4 2 5 29 1993 2379 2139 2574
4025 4 2 5 29 834 2061 2318 2588
4026 4 2 5 29 1810 1891 2145 2560
4027 4 2 5 29 1829 2176 2081 2413
4028 4 2 5 29 1813 2199 1925 2520
4029 4 2 5 29 1933 2066 1978 2211
4030 4 2 5 29 2017 2324 1883 2418
4031 4 2 5 29 1924 2308 2069 2481
4032 4 2 5 29 1872 2075 2030 2171
4033 4 2 5 29 1045 1211 2044 2174
4034 4 2 5 29 1828 1944 2076 2250
4035 4 2 5 29 1831 1914 2062 2112
4036 4 2 5 29 1905 1986 1812 2196
4037 4 2 5 29 1351 856 1379 2076
4038 4 2 5 29 2111 2317 2207 2326
4039 4 2 5 29 1840 1952 2071 2345
4040 4 2 5 29 1802 1959 2070 2124
4041 4 2 5 29 1825 2236 2155 2389
4042 4 2 5 29 1824 2084 1919 2391
4043 4 2 5 29 1958 2157 1210 2466
4044 4 2 5 29 1710 1735 1716 1927
4045 4 2 5 29 1880 2420 1939 2468
4046 4 2 5 29 1837 2191 2334 2403
4047 4 2 5 29 1263 1971 1077 2097
4048 4 2 5 29 1834 2154 2261 2579
4049 4 2 5 29 1837 2110 2112 2497
4050 4 2 5 29 866 1958 1210 2466
4051 4 2 5 29 1836 2043 2269 2477
4052 4 2 5 29 2009 2405 1911 2487
4053 4 2 5 29 364 1530 2057 2445
4054 4 2 5 29 2233 2473 2017 2525
4055 4 2 5 29 1833 2033 2195 2345
4056 4 2 5 29 1282 1281 2165 2535
4057 4 2 5 29 1810 2193 1891 2298
4058 4 2 5 29 1834 2181 1961 2336
4059 4 2 5 29 1892 2130 2423 2512
4060 4 2 5 29 1839 2025 2219 2248
4061 4 2 5 29 1822 2042 2422 2575
4062 4 2 5 29 1858 2196 2162 2288
4063 4 2 5 29 1042 2012 1947 2165
4064 4 2 5 29 1893 2377 2023 2597
4065 4 2 5 29 1867 2293 2284 2469
4066 4 2 5 29 1813 2176 1925 2537
4067 4 2 5 29 1533 2140 2472 2479
4068 4 2 5 29 1911 2091 2106 2446
4069 4 2 5 29 1834 2288 2162 2546
4070 4 2 5 29 1862 2084 2215 2447
4071 4 2 5 29 2137 2249 1248 2260
4072 4 2 5 29 2092 2403 1918 2576
4073 4 2 5 29 1911 2091 1818 2106
4074 4 2 5 29 1813 1925 2257 2520
4075 4 2 5 29 1398 2005 1402 2587
4076 4 2 5 29 1941 1809 1980 2143
4077 4 2 5 29 1865 1917 2075 2513
4078 4 2 5 29 1846 2189 2094 2402
4079 4 2 5 29 1966 1809 2143 2248
4080 4 2 5 29 2185 2187 1874 2491
4081 4 2 5 29 2220 2243 1901 2507
4082 4 2 5 29 1948 2017 1864 2473
4083 4 2 5 29 1837 2112 2348 2497
4084 4 2 5 29 1551 1998 1550 2363
4085 4 2 5 29 1800 2003 1958 2381
4086 4 2 5 29 1852 1945 2206 2322
4087 4 2 5 29 1816 2405 2009 2487
4088 4 2 5 29 1980 1839 2054 2248
4089 4 2 5 29 1108 2203 2033 2307
4090 4 2 5 29 1905 2057 1823 2524
4091 4 2 5 29 1824 1919 2136 2620
4092 4 2 5 29 1892 2233 2017 2525
4093 4 2 5 29 1883 2190 1925 2410
4094 4 2 5 29 2145 2263 1927 2560
4095 4 2 5 29 2079 2261 1928 2366
4096 4 2 5 29 2094 2127 1875 2180
4097 4 2 5 29 1934 2009 1935 2174
4098 4 2 5 29 1956 2016 1850 2036
4099 4 2 5 29 1255 1256 2074 2435
4100 4 2 5 29 1936 2013 1820 2208
4101 4 2 5 29 2166 2234 1876 2257
4102 4 2 5 29 1920 2192 2032 2487
4103 4 2 5 29 1864 2146 1948 2337
4104 4 2 5 29 1809 1964 1932 2138
4105 4 2 5 29 1855 1974 2329 2600
4106 4 2 5 29 1829 2242 2116 2583
4107 4 2 5 29 1813 1925 2199 2537
4108 4 2 5 29 1276 2139 1889 2218
4109 4 2 5 29 1807 2319 2301 2532
4110 4 2 5 29 2022 2163 2162 2323
4111 4 2 5 29 2043 2269 1797 2452
4112 4 2 5 29 1735 1927 2145 2263
4113 4 2 5 29 1579 2313 1569 2314
4114 4 2 5 29 1840 2056 1882 2580
4115 4 2 5 29 1807 1933 2066 2117
4116 4 2 5 29 1246 1957 1184 2260
4117 4 2 5 29 1996 2064 1873 2268
4118 4 2 5 29 1971 2115 925 2360
4119 4 2 5 29 908 910 2077 2134
4120 4 2 5 29 2391 2394 1924 2610
4121 4 2 5 29 1926 2083 2153 2355
4122 4 2 5 29 53 2187 2185 2491
4123 4 2 5 29 923 969 1603 1987
4124 4 2 5 29 1282 2165 1281 2361
4125 4 2 5 29 1437 2367 2240 2527
4126 4 2 5 29 1871 2043 1949 2142
4127 4 2 5 29 2025 2050 1799 2602
4128 4 2 5 29 1508 2081 1537 2413
4129 4 2 5 29 1213 1045 1211 2044
4130 4 2 5 29 1711 2034 2246 2599
4131 4 2 5 29 1097 1943 1583 2252
4132 4 2 5 29 1828 1909 2038 2183
4133 4 2 5 29 1326 2109 2351 2483
4134 4 2 5 29 1914 2045 1803 2088
4135 4 2 5 29 1972 2113 1798 2236
4136 4 2 5 29 1804 2127 1984 2177
4137 4 2 5 29 1516 1589 2120 2223
4138 4 2 5 29 1893 2122 2023 2377
4139 4 2 5 29 1896 2260 1957 2306
4140 4 2 5 29 364 2057 1530 2175
4141 4 2 5 29 1814 1915 2073 2396
4142 4 2 5 29 2074 2244 1923 2376
4143 4 2 5 29 2114 2170 2011 2601
4144 4 2 5 29 1894 2402 1805 2615
4145 4 2 5 29 1263 1971 2097 2115
4146 4 2 5 29 2176 2257 1925 2381
4147 4 2 5 29 1874 1903 2042 2427
4148 4 2 5 29 1822 1903 2042 2575
4149 4 2 5 29 1826 2019 2058 2596
4150 4 2 5 29 1940 2419 2022 2524
4151 4 2 5 29 1879 2215 1969 2304
4152 4 2 5 29 1695 2401 2096 2563
4153 4 2 5 29 1877 2113 2080 2414
4154 4 2 5 29 1044 1045 2044 2397
4155 4 2 5 29 1922 2190 2375 2526
4156 4 2 5 29 1810 2145 1891 2193
4157 4 2 5 29 1805 2048 1894 2135
4158 4 2 5 29 1538 2175 2350 2395
4159 4 2 5 29 1976 2254 2161 2325
4160 4 2 5 29 2111 2207 1863 2326
4161 4 2 5 29 1260 2014 2240 2468
4162 4 2 5 29 1957 2495 1804 2556
4163 4 2 5 29 1824 2610 1919 2620
4164 4 2 5 29 991 1945 1344 2340
4165 4 2 5 29 2071 2099 1882 2195
4166 4 2 5 29 2189 2528 2402 2568
4167 4 2 5 29 1805 2059 1970 2370
4168 4 2 5 29 1568 1485 1453 2174
4169 4 2 5 29 1805 2209 1970 2494
4170 4 2 5 29 1573 2290 1904 2302
4171 4 2 5 29 1662 937 1663 2077
4172 4 2 5 29 1940 2117 1856 2161
4173 4 2 5 29 1829 2116 1898 2176
4174 4 2 5 29 1865 2056 2125 2300
4175 4 2 5 29 1885 2087 1822 2180
4176 4 2 5 29 1806 1981 2217 2388
4177 4 2 5 29 1806 2304 1987 2507
4178 4 2 5 29 1819 1946 2130 2131
4179 4 2 5 29 2068 2258 2171 2492
4180 4 2 5 29 2076 2212 1855 2329
4181 4 2 5 29 1710 2145 1927 2216
4182 4 2 5 29 1834 1981 2186 2243
4183 4 2 5 29 1914 2112 1831 2497
4184 4 2 5 29 2053 1851 2182 2603
4185 4 2 5 29 1845 2077 1941 2134
4186 4 2 5 29 1815 2158 1890 2308
4187 4 2 5 29 1810 2145 2193 2486
4188 4 2 5 29 1940 2072 1856 2117
4189 4 2 5 29 1513 1583 2421 2482
4190 4 2 5 29 1947 2012 1042 2397
4191 4 2 5 29 1077 1263 925 1971
4192 4 2 5 29 1110 2101 2197 2455
4193 4 2 5 29 1565 1968 1051 2488
4194 4 2 5 29 1969 2271 2215 2318
4195 4 2 5 29 1940 2182 2161 2193
4196 4 2 5 29 1805 2059 2370 2494
4197 4 2 5 29 1282 1134 1281 2535
4198 4 2 5 29 1974 1944 2329 2436
4199 4 2 5 29 2144 2178 1810 2486
4200 4 2 5 29 2091 2165 2012 2443
4201 4 2 5 29 1919 2610 2428 2620
4202 4 2 5 29 1931 1808 2155 2571
4203 4 2 5 29 1922 1800 2190 2580
4204 4 2 5 29 1330 2516 2108 2587
4205 4 2 5 29 1966 2143 1809 2430
4206 4 2 5 29 1823 2057 1976 2161
4207 4 2 5 29 965 1928 1357 2366
4208 4 2 5 29 1820 2013 1936 2151
4209 4 2 5 29 1663 2077 2134 2504
4210 4 2 5 29 1947 2012 1857 2091
4211 4 2 5 29 1967 2168 1892 2233
4212 4 2 5 29 1965 2134 1839 2294
4213 4 2 5 29 1838 2247 2071 2614
4214 4 2 5 29 1998 2227 1550 2363
4215 4 2 5 29 2074 2087 1257 2362
4216 4 2 5 29 1819 2075 1922 2090
4217 4 2 5 29 1922 2324 2017 2418
4218 4 2 5 29 1519 1215 2003 2197
4219 4 2 5 29 2146 2222 1948 2337
4220 4 2 5 29 2017 2473 1948 2525
4221 4 2 5 29 2036 2080 1877 2088
4222 4 2 5 29 2061 2215 1969 2271
4223 4 2 5 29 1820 2208 2013 2470
4224 4 2 5 29 1108 1252 2033 2203
4225 4 2 5 29 1190 2021 1638 2302
4226 4 2 5 29 1955 2125 1027 2429
4227 4 2 5 29 1799 2050 2275 2602
4228 4 2 5 29 1210 1958 1209 2157
4229 4 2 5 29 1286 2349 2087 2416
4230 4 2 5 29 1407 1945 991 2148
4231 4 2 5 29 1891 1814 2073 2078
4232 4 2 5 29 1711 2034 2019 2246
4233 4 2 5 29 1508 827 2081 2413
4234 4 2 5 29 1800 1925 2190 2580
4235 4 2 5 29 2048 2092 1887 2576
4236 4 2 5 29 1537 2413 2081 2475
4237 4 2 5 29 1518 2016 986 2067
4238 4 2 5 29 1865 2056 2300 2539
4239 4 2 5 29 1132 2107 2014 2468
4240 4 2 5 29 1260 2240 977 2468
4241 4 2 5 29 1893 2023 2585 2597
4242 4 2 5 29 2016 2036 1886 2562
4243 4 2 5 29 1514 2243 358 2261
4244 4 2 5 29 2069 2308 1890 2481
4245 4 2 5 29 1941 1980 1809 2299
4246 4 2 5 29 1968 2040 1051 2488
4247 4 2 5 29 1266 1249 1978 2416
4248 4 2 5 29 1826 1949 1996 2246
4249 4 2 5 29 1881 1976 2057 2161
4250 4 2 5 29 1824 2055 2394 2610
4251 4 2 5 29 1703 1702 1704 2247
4252 4 2 5 29 1924 2391 2077 2394
4253 4 2 5 29 1799 2050 2025 2275
4254 4 2 5 29 1487 1214 1955 2429
4255 4 2 5 29 1840 1882 2056 2195
4256 4 2 5 29 1600 1547 2175 2451
4257 4 2 5 29 2051 2311 1930 2383
4258 4 2 5 29 1852 2206 1945 2341
4259 4 2 5 29 1803 2080 2036 2088
4260 4 2 5 29 1325 1322 2231 2351
4261 4 2 5 29 1924 2394 2055 2610
4262 4 2 5 29 1865 2125 2056 2536
4263 4 2 5 29 1694 2096 2106 2385
4264 4 2 5 29 1736 2086 1888 2358
4265 4 2 5 29 1825 2114 1906 2269
4266 4 2 5 29 1726 1894 1727 2330
4267 4 2 5 29 1518 986 987 2067
4268 4 2 5 29 2260 2306 1896 2516
4269 4 2 5 29 1898 2297 2101 2533
4270 4 2 5 29 1961 2102 2052 2276
4271 4 2 5 29 1829 1936 2010 2151
4272 4 2 5 29 1820 2151 2017 2473
4273 4 2 5 29 1023 1019 2032 2346
4274 4 2 5 29 1276 2218 1889 2485
4275 4 2 5 29 1990 1894 2135 2530
4276 4 2 5 29 2001 2212 2076 2404
4277 4 2 5 29 1904 1885 2173 2542
4278 4 2 5 29 1920 2214 2001 2426
4279 4 2 5 29 1366 2284 2006 2293
4280 4 2 5 29 1637 2040 1051 2057
4281 4 2 5 29 1710 2187 2145 2216
4282 4 2 5 29 1824 2394 2391 2610
4283 4 2 5 29 2182 2239 2053 2603
4284 4 2 5 29 1693 1735 1708 1907
4285 4 2 5 29 1884 2095 2105 2205
4286 4 2 5 29 1804 2127 1903 2230
4287 4 2 5 29 1657 1111 2475 2533
4288 4 2 5 29 1929 2230 2127 2495
4289 4 2 5 29 2056 2075 1922 2146
4290 4 2 5 29 923 967 969 2367
4291 4 2 5 29 1878 2236 2113 2389
4292 4 2 5 29 1812 2215 1964 2424
4293 4 2 5 29 1397 859 858 2124
4294 4 2 5 29 1694 2106 2096 2446
4295 4 2 5 29 1831 2105 2095 2205
4296 4 2 5 29 1850 1972 2113 2414
4297 4 2 5 29 1998 2189 1896 2260
4298 4 2 5 29 1914 1860 2088 2562
4299 4 2 5 29 1826 1996 1962 2246
4300 4 2 5 29 1876 2000 2506 2614
4301 4 2 5 29 1839 1894 2135 2141
4302 4 2 5 29 2026 2064 1962 2434
4303 4 2 5 29 2212 2404 2001 2607
4304 4 2 5 29 1156 2290 2349 2416
4305 4 2 5 29 1867 2233 2130 2525
4306 4 2 5 29 2110 2123 2046 2428
4307 4 2 5 29 1865 2251 1917 2513
4308 4 2 5 29 2045 2121 1842 2567
4309 4 2 5 29 918 2172 1974 2296
4310 4 2 5 29 1324 2232 1960 2406
4311 4 2 5 29 2089 2308 1924 2481
4312 4 2 5 29 1840 2056 1955 2125
4313 4 2 5 29 1564 2057 1968 2445
4314 4 2 5 29 1932 2050 2173 2460
4315 4 2 5 29 1871 1949 2043 2480
4316 4 2 5 29 1530 2175 1905 2350
4317 4 2 5 29 1921 1831 2107 2399
4318 4 2 5 29 1847 2119 1985 2178
4319 4 2 5 29 1915 2162 2323 2546
4320 4 2 5 29 1908 2022 2162 2323
4321 4 2 5 29 2257 2381 2176 2561
4322 4 2 5 29 1271 2010 2132 2595
4323 4 2 5 29 1360 2167 1948 2337
4324 4 2 5 29 1835 2006 2159 2464
4325 4 2 5 29 1246 1957 2260 2306
4326 4 2 5 29 1854 1985 2119 2178
4327 4 2 5 29 365 364 2175 2462
4328 4 2 5 29 1470 2120 1589 2508
4329 4 2 5 29 1634 2295 1338 2511
4330 4 2 5 29 2065 2080 1912 2564
4331 4 2 5 29 1535 1642 1533 1900
4332 4 2 5 29 1622 2004 1634 2280
4333 4 2 5 29 1842 2121 2045 2415
4334 4 2 5 29 1887 2184 1970 2342
4335 4 2 5 29 1972 2011 1825 2170
4336 4 2 5 29 1642 1900 1535 2363
4337 4 2 5 29 1866 2395 2049 2431
4338 4 2 5 29 1934 2241 1117 2346
4339 4 2 5 29 1538 2350 1505 2395
4340 4 2 5 29 1946 2206 1945 2322
4341 4 2 5 29 1875 2127 2087 2180
4342 4 2 5 29 1988 2567 1884 2584
4343 4 2 5 29 1965 2134 1845 2299
4344 4 2 5 29 1821 2096 2045 2105
4345 4 2 5 29 1965 1845 2135 2299
4346 4 2 5 29 1070 2101 1983 2475
4347 4 2 5 29 1847 2353 2326 2603
4348 4 2 5 29 1116 1006 1294 2531
4349 4 2 5 29 2130 2233 1892 2525
4350 4 2 5 29 827 2132 2081 2413
4351 4 2 5 29 1335 2125 1938 2307
4352 4 2 5 29 1295 2016 844 2264
4353 4 2 5 29 1833 2195 1938 2571
4354 4 2 5 29 1127 1182 1240 1917
4355 4 2 5 29 945 1530 2445 2500
4356 4 2 5 29 1652 2231 1644 2582
4357 4 2 5 29 1804 2005 2230 2556
4358 4 2 5 29 1839 2294 2134 2299
4359 4 2 5 29 1798 2405 2065 2529
4360 4 2 5 29 1027 2125 1955 2300
4361 4 2 5 29 1931 1989 1825 2593
4362 4 2 5 29 1998 2260 1896 2516
4363 4 2 5 29 2104 2585 2023 2597
4364 4 2 5 29 1299 2153 1067 2218
4365 4 2 5 29 1530 2350 1905 2500
4366 4 2 5 29 2130 2131 1867 2525
4367 4 2 5 29 1804 1903 2127 2177
4368 4 2 5 29 1701 1722 2019 2246
4369 4 2 5 29 1880 1939 2420 2578
4370 4 2 5 29 1819 2017 1922 2146
4371 4 2 5 29 825 1317 2352 2394
4372 4 2 5 29 1921 1831 2399 2612
4373 4 2 5 29 1912 2045 1995 2096
4374 4 2 5 29 1262 1266 1978 2211
4375 4 2 5 29 1962 2064 1826 2434
4376 4 2 5 29 1427 1916 355 2276
4377 4 2 5 29 1824 2428 2610 2620
4378 4 2 5 29 1814 2162 1915 2181
4379 4 2 5 29 1017 1014 1018 2472
4380 4 2 5 29 1838 2063 2071 2255
4381 4 2 5 29 2002 2472 2140 2479
4382 4 2 5 29 1003 2097 1956 2264
4383 4 2 5 29 1822 2087 2127 2180
4384 4 2 5 29 1816 1911 2037 2405
4385 4 2 5 29 1310 858 1132 1921
4386 4 2 5 29 2031 2108 1896 2587
4387 4 2 5 29 2006 2128 1946 2130
4388 4 2 5 29 1931 2496 1808 2571
4389 4 2 5 29 1679 1932 2072 2581
4390 4 2 5 29 364 363 1530 2445
4391 4 2 5 29 2096 2105 1973 2497
4392 4 2 5 29 1591 1575 1946 2128
4393 4 2 5 29 1167 2157 1168 2373
4394 4 2 5 29 1808 2060 1931 2155
4395 4 2 5 29 2053 2182 1851 2239
4396 4 2 5 29 1558 2203 1109 2571
4397 4 2 5 29 1840 2033 1952 2345
4398 4 2 5 29 1815 1890 2158 2509
4399 4 2 5 29 1708 1693 1907 2073
4400 4 2 5 29 1895 1978 2074 2422
4401 4 2 5 29 2052 2156 1961 2616
4402 4 2 5 29 1596 1582 2360 2406
4403 4 2 5 29 1344 2340 1945 2425
4404 4 2 5 29 1190 1953 1421 2137
4405 4 2 5 29 1876 2257 1925 2520
4406 4 2 5 29 1974 2436 2329 2600
4407 4 2 5 29 1850 2011 1972 2382
4408 4 2 5 29 2092 2213 1725 2570
4409 4 2 5 29 852 2292 2024 2318
4410 4 2 5 29 1894 1990 2048 2570
4411 4 2 5 29 1930 2012 2165 2443
4412 4 2 5 29 2075 1917 2309 2513
4413 4 2 5 29 1888 1964 2215 2424
4414 4 2 5 29 1809 2084 1941 2299
4415 4 2 5 29 1044 1947 2044 2503
4416 4 2 5 29 1558 2571 2201 2593
4417 4 2 5 29 1842 2229 2008 2415
4418 4 2 5 29 1802 1959 2124 2281
4419 4 2 5 29 1462 1941 1662 2504
4420 4 2 5 29 2051 2280 1338 2511
4421 4 2 5 29 1871 2480 2043 2505
4422 4 2 5 29 1849 2232 2231 2312
4423 4 2 5 29 1876 1925 2199 2520
4424 4 2 5 29 1679 2072 1932 2499
4425 4 2 5 29 1239 2306 2005 2541
4426 4 2 5 29 2016 2264 1850 2267
4427 4 2 5 29 1219 1044 1045 2044
4428 4 2 5 29 1135 2198 1979 2315
4429 4 2 5 29 1914 2348 2112 2497
4430 4 2 5 29 1797 2043 2480 2505
4431 4 2 5 29 1800 2003 1955 2157
4432 4 2 5 29 2055 2352 1880 2428
4433 4 2 5 29 1575 2128 1576 2322
4434 4 2 5 29 1991 1811 2148 2437
4435 4 2 5 29 2402 2528 1970 2568
4436 4 2 5 29 1863 2239 2182 2603
4437 4 2 5 29 2061 2271 1969 2318
4438 4 2 5 29 358 2243 2079 2261
4439 4 2 5 29 1828 2166 1909 2234
4440 4 2 5 29 1904 2290 1572 2489
4441 4 2 5 29 1469 2243 2120 2262
4442 4 2 5 29 370 2096 1973 2348
4443 4 2 5 29 1997 2470 1820 2473
4444 4 2 5 29 53 2185 2187 2427
4445 4 2 5 29 1271 2132 1392 2595
4446 4 2 5 29 1106 1111 2101 2475
4447 4 2 5 29 1815 1918 2026 2092
4448 4 2 5 29 853 2292 851 2318
4449 4 2 5 29 1829 2010 1936 2132
4450 4 2 5 29 1914 2105 2096 2497
4451 4 2 5 29 2036 2286 1877 2505
4452 4 2 5 29 1807 2182 1940 2319
4453 4 2 5 29 2008 2229 1937 2415
4454 4 2 5 29 1554 2114 948 2593
4455 4 2 5 29 991 2148 1999 2437
4456 4 2 5 29 1541 2147 1966 2454
4457 4 2 5 29 1979 915 2283 2372
4458 4 2 5 29 1829 1898 2081 2176
4459 4 2 5 29 1286 2087 1978 2416
4460 4 2 5 29 2001 2295 1556 2404
4461 4 2 5 29 1714 1731 2168 2418
4462 4 2 5 29 2030 2389 2060 2490
4463 4 2 5 29 1797 2097 1971 2452
4464 4 2 5 29 1909 1838 2164 2386
4465 4 2 5 29 1833 2195 2099 2345
4466 4 2 5 29 1798 2044 1935 2279
4467 4 2 5 29 1815 2334 1992 2597
4468 4 2 5 29 1982 2256 2218 2471
4469 4 2 5 29 905 2351 2291 2483
4470 4 2 5 29 1840 2071 2063 2255
4471 4 2 5 29 1804 2230 2005 2495
4472 4 2 5 29 1067 2153 2347 2569
4473 4 2 5 29 1591 2128 1946 2293
4474 4 2 5 29 1991 2314 2313 2400
4475 4 2 5 29 1999 2148 1811 2437
4476 4 2 5 29 1849 2064 2026 2434
4477 4 2 5 29 1802 2124 2070 2553
4478 4 2 5 29 1983 2119 1847 2178
4479 4 2 5 29 1836 2060 1931 2171
4480 4 2 5 29 1835 2159 2108 2464
4481 4 2 5 29 1116 1294 1902 2531
4482 4 2 5 29 1922 2075 2056 2526
4483 4 2 5 29 2056 2146 1800 2539
4484 4 2 5 29 1871 2043 2269 2505
4485 4 2 5 29 1938 2195 2033 2307
4486 4 2 5 29 1833 2155 2195 2571
4487 4 2 5 29 1874 2042 2082 2427
4488 4 2 5 29 2008 2121 1884 2441
4489 4 2 5 29 1810 2193 2144 2486
4490 4 2 5 29 1105 2312 2232 2609
4491 4 2 5 29 1986 2196 1905 2238
4492 4 2 5 29 1907 2027 2212 2329
4493 4 2 5 29 1828 2076 2038 2250
4494 4 2 5 29 1713 1949 2150 2221
4495 4 2 5 29 1963 2159 1892 2423
4496 4 2 5 29 818 2408 2320 2619
4497 4 2 5 29 1347 2322 2128 2425
4498 4 2 5 29 1904 2147 1827 2489
4499 4 2 5 29 1855 2212 2027 2329
4500 4 2 5 29 1805 2135 1894 2615
4501 4 2 5 29 1321 1320 1351 2076
4502 4 2 5 29 1904 1885 2290 2489
4503 4 2 5 29 1822 2362 2074 2376
4504 4 2 5 29 1903 1874 2185 2427
4505 4 2 5 29 1824 2136 2084 2620
4506 4 2 5 29 1916 2095 1831 2105
4507 4 2 5 29 1817 2039 1963 2159
4508 4 2 5 29 1981 2186 356 2276
4509 4 2 5 29 1876 2506 2037 2614
4510 4 2 5 29 1932 1727 2335 2530
4511 4 2 5 29 1813 1925 2176 2257
4512 4 2 5 29 914 913 1920 2343
4513 4 2 5 29 1866 2350 2175 2395
4514 4 2 5 29 1836 2142 2043 2477
4515 4 2 5 29 1895 2211 2066 2532
4516 4 2 5 29 2265 2369 1886 2562
4517 4 2 5 29 1407 1945 2148 2322
4518 4 2 5 29 1868 2173 2050 2460
4519 4 2 5 29 1799 2021 1953 2219
4520 4 2 5 29 1810 2078 1891 2560
4521 4 2 5 29 1701 2403 2092 2576
4522 4 2 5 29 2041 2210 1552 2363
4523 4 2 5 29 907 2012 1042 2165
4524 4 2 5 29 1850 2016 1956 2264
4525 4 2 5 29 1964 2084 1990 2335
4526 4 2 5 29 2096 2105 1821 2563
4527 4 2 5 29 1663 2077 910 2134
4528 4 2 5 29 1945 1999 1811 2129
4529 4 2 5 29 1822 2074 1978 2422
4530 4 2 5 29 1257 1255 1256 2074
4531 4 2 5 29 1935 2188 1568 2305
4532 4 2 5 29 1833 1935 2009 2236
4533 4 2 5 29 1896 2108 1835 2356
4534 4 2 5 29 1839 2219 2054 2248
4535 4 2 5 29 1492 2040 2198 2617
4536 4 2 5 29 1809 2143 1941 2430
4537 4 2 5 29 1812 2288 1901 2424
4538 4 2 5 29 1716 1927 2199 2216
4539 4 2 5 29 1808 2060 2030 2477
4540 4 2 5 29 1558 1109 2201 2571
4541 4 2 5 29 1460 2143 2024 2292
4542 4 2 5 29 1940 2193 2161 2518
4543 4 2 5 29 1919 2428 2213 2620
4544 4 2 5 29 868 2011 2170 2601
4545 4 2 5 29 1198 1634 2296 2511
4546 4 2 5 29 1701 1918 2403 2576
4547 4 2 5 29 2045 2105 1914 2205
4548 4 2 5 29 1880 2110 2428 2578
4549 4 2 5 29 1505 2395 2350 2588
4550 4 2 5 29 1252 1108 2033 2307
4551 4 2 5 29 2023 2069 1078 2104
4552 4 2 5 29 1447 2143 1084 2467
4553 4 2 5 29 1894 2050 1727 2538
4554 4 2 5 29 2232 2312 1993 2609
4555 4 2 5 29 1837 2110 2046 2428
4556 4 2 5 29 1671 1669 1930 2535
4557 4 2 5 29 1905 2228 2196 2344
4558 4 2 5 29 858 2124 859 2392
4559 4 2 5 29 1465 2131 1946 2245
4560 4 2 5 29 1727 2330 1894 2538
4561 4 2 5 29 1816 2234 2032 2386
4562 4 2 5 29 1914 2062 1860 2562
4563 4 2 5 29 1585 1240 1182 2409
4564 4 2 5 29 2023 2122 1496 2312
4565 4 2 5 29 1936 2133 1393 2208
4566 4 2 5 29 1804 2094 2127 2495
4567 4 2 5 29 2123 2428 2110 2578
4568 4 2 5 29 2148 2384 2314 2398
4569 4 2 5 29 1953 2141 1839 2573
4570 4 2 5 29 1698 2403 2019 2523
4571 4 2 5 29 1797 1956 2097 2544
4572 4 2 5 29 1977 2162 1858 2163
4573 4 2 5 29 2116 2242 1958 2583
4574 4 2 5 29 369 2088 1914 2523
4575 4 2 5 29 1984 2177 1687 2538
4576 4 2 5 29 1874 2187 2185 2427
4577 4 2 5 29 1819 1922 2075 2146
4578 4 2 5 29 1911 2091 1912 2529
4579 4 2 5 29 1849 2064 2232 2312
4580 4 2 5 29 1969 2215 1901 2304
4581 4 2 5 29 1874 2185 2301 2575
4582 4 2 5 29 2013 1820 2470 2473
4583 4 2 5 29 1339 2295 2001 2311
4584 4 2 5 29 1930 2443 2361 2567
4585 4 2 5 29 1905 2445 1530 2500
4586 4 2 5 29 1908 2288 2220 2546
4587 4 2 5 29 1820 2017 2233 2473
4588 4 2 5 29 1991 2142 2313 2384
4589 4 2 5 29 1402 2005 2306 2587
4590 4 2 5 29 1977 1814 2162 2163
4591 4 2 5 29 1934 2009 2174 2487
4592 4 2 5 29 370 1973 2096 2401
4593 4 2 5 29 1815 2308 1924 2610
4594 4 2 5 29 2281 2434 2377 2550
4595 4 2 5 29 2031 2559 2108 2587
4596 4 2 5 29 1708 1891 2073 2145
4597 4 2 5 29 1846 1957 2137 2547
4598 4 2 5 29 1237 1236 2126 2277
4599 4 2 5 29 1830 2007 1945 2129
4600 4 2 5 29 1893 2023 2122 2585
4601 4 2 5 29 1852 1946 2206 2245
4602 4 2 5 29 2018 2222 2146 2337
4603 4 2 5 29 1920 2183 914 2343
4604 4 2 5 29 1198 2296 2295 2511
4605 4 2 5 29 1490 1093 2029 2224
4606 4 2 5 29 2209 2402 1970 2568
4607 4 2 5 29 2018 2222 1452 2300
4608 4 2 5 29 2084 2136 1919 2534
4609 4 2 5 29 1804 2039 1967 2177
4610 4 2 5 29 1923 1832 2042 2376
4611 4 2 5 29 1980 2143 1809 2248
4612 4 2 5 29 1696 2446 2065 2506
4613 4 2 5 29 1800 2018 2157 2539
4614 4 2 5 29 1826 1996 1949 2303
4615 4 2 5 29 1919 2391 2084 2534
4616 4 2 5 29 2009 2405 1798 2529
4617 4 2 5 29 1930 2361 1988 2567
4618 4 2 5 29 2038 2421 1943 2482
4619 4 2 5 29 920 2310 2296 2465
4620 4 2 5 29 1019 2241 2032 2346
4621 4 2 5 29 1807 1940 2117 2301
4622 4 2 5 29 1830 2083 2007 2548
4623 4 2 5 29 1846 2249 2137 2260
4624 4 2 5 29 1634 1338 2280 2511
4625 4 2 5 29 1105 2232 1993 2609
4626 4 2 5 29 1812 2215 2061 2271
4627 4 2 5 29 2126 2133 1007 2278
4628 4 2 5 29 914 2183 1920 2404
4629 4 2 5 29 1293 1486 1487 1955
4630 4 2 5 29 2080 2113 1798 2414
4631 4 2 5 29 1180 2251 1179 2300
4632 4 2 5 29 1977 2172 964 2364
4633 4 2 5 29 1022 2032 1021 2343
4634 4 2 5 29 1863 2053 2239 2603
4635 4 2 5 29 2022 2518 1940 2524
4636 4 2 5 29 1492 1976 1157 2442
4637 4 2 5 29 1735 1927 1710 2145
4638 4 2 5 29 2075 2090 1872 2375
4639 4 2 5 29 1828 1909 2183 2234
4640 4 2 5 29 1189 2137 1953 2249
4641 4 2 5 29 1713 2150 1949 2246
4642 4 2 5 29 1813 2257 2176 2561
4643 4 2 5 29 1862 2084 1941 2430
4644 4 2 5 29 1871 2043 2142 2477
4645 4 2 5 29 1846 2094 1957 2547
4646 4 2 5 29 1923 2042 1832 2390
4647 4 2 5 29 1864 2337 2167 2407
4648 4 2 5 29 1211 1212 1213 1935
4649 4 2 5 29 1856 1940 2161 2524
4650 4 2 5 29 1240 1917 1182 2409
4651 4 2 5 29 1519 2003 1214 2063
4652 4 2 5 29 1929 2277 2005 2495
4653 4 2 5 29 1995 2563 2096 2567
4654 4 2 5 29 2020 2112 1914 2348
4655 4 2 5 29 1441 2346 1952 2439
4656 4 2 5 29 2005 2031 1398 2531
4657 4 2 5 29 2053 2144 1851 2603
4658 4 2 5 29 1052 1157 1492 2040
4659 4 2 5 29 1812 1969 2061 2215
4660 4 2 5 29 1864 2151 2017 2324
4661 4 2 5 29 1821 2096 2563 2567
4662 4 2 5 29 1879 2223 2120 2594
4663 4 2 5 29 1929 2126 1101 2278
4664 4 2 5 29 1808 2030 2171 2477
4665 4 2 5 29 1579 2314 1039 2400
4666 4 2 5 29 1835 2039 2237 2556
4667 4 2 5 29 1865 2251 2222 2300
4668 4 2 5 29 1906 2011 2098 2544
4669 4 2 5 29 1664 2008 1161 2267
4670 4 2 5 29 900 1939 2107 2468
4671 4 2 5 29 1840 2099 2071 2195
4672 4 2 5 29 1923 2244 1832 2376
4673 4 2 5 29 2006 2128 1076 2293
4674 4 2 5 29 2006 2130 1946 2293
4675 4 2 5 29 1815 2069 2023 2104
4676 4 2 5 29 1847 2053 2353 2603
4677 4 2 5 29 2169 2434 2281 2550
4678 4 2 5 29 1312 2241 2174 2397
4679 4 2 5 29 1817 2083 1926 2159
4680 4 2 5 29 1941 1845 2134 2299
4681 4 2 5 29 1966 2147 1904 2454
4682 4 2 5 29 1696 1730 2065 2446
4683 4 2 5 29 1639 1238 1239 2306
4684 4 2 5 29 1160 1161 1162 2229
4685 4 2 5 29 1840 1955 2056 2255
4686 4 2 5 29 1997 2031 1835 2237
4687 4 2 5 29 1817 1926 2041 2210
4688 4 2 5 29 1976 2254 1851 2442
4689 4 2 5 29 842 2148 2314 2398
4690 4 2 5 29 1971 2285 2265 2483
4691 4 2 5 29 1538 2049 2175 2395
4692 4 2 5 29 1838 2063 2197 2517
4693 4 2 5 29 1949 2034 2246 2480
4694 4 2 5 29 914 1920 913 2404
4695 4 2 5 29 1238 1239 2005 2277
4696 4 2 5 29 1926 2210 1817 2356
4697 4 2 5 29 2126 2230 2133 2278
4698 4 2 5 29 953 1961 2545 2616
4699 4 2 5 29 991 1999 992 2437
4700 4 2 5 29 1990 2136 2084 2534
4701 4 2 5 29 355 2217 1916 2521
4702 4 2 5 29 1832 1902 2133 2202
4703 4 2 5 29 1284 1929 1101 2244
4704 4 2 5 29 1828 2183 2404 2607
4705 4 2 5 29 1857 2279 1947 2529
4706 4 2 5 29 887 2516 1330 2587
4707 4 2 5 29 1862 2292 2204 2318
4708 4 2 5 29 1621 1662 1462 1941
4709 4 2 5 29 1945 2007 1830 2425
4710 4 2 5 29 1572 2454 1904 2489
4711 4 2 5 29 1831 1916 2105 2388
4712 4 2 5 29 920 2296 1974 2465
4713 4 2 5 29 1684 2177 2185 2427
4714 4 2 5 29 1727 2050 1894 2530
4715 4 2 5 29 2170 2382 1455 2474
4716 4 2 5 29 2012 2091 1947 2165
4717 4 2 5 29 1807 2161 1940 2182
4718 4 2 5 29 1874 2319 2111 2532
4719 4 2 5 29 1813 2101 1983 2598
4720 4 2 5 29 1811 1945 2129 2341
4721 4 2 5 29 2051 1338 2295 2511
4722 4 2 5 29 1880 2014 2420 2468
4723 4 2 5 29 1286 1978 1261 2416
4724 4 2 5 29 1948 2146 2017 2525
4725 4 2 5 29 2194 2225 1430 2479
4726 4 2 5 29 1919 2334 2213 2428
4727 4 2 5 29 2170 2236 1972 2305
4728 4 2 5 29 1929 1822 2127 2376
4729 4 2 5 29 1966 2248 1904 2438
4730 4 2 5 29 1922 2090 2075 2375
4731 4 2 5 29 1812 1964 2086 2424
4732 4 2 5 29 879 2104 862 2378
4733 4 2 5 29 1092 2321 1094 2475
4734 4 2 5 29 1951 2287 1018 2472
4735 4 2 5 29 1807 2117 1940 2161
4736 4 2 5 29 1294 1116 1902 2484
4737 4 2 5 29 1943 2101 1097 2455
4738 4 2 5 29 1836 2313 2142 2384
4739 4 2 5 29 2313 2400 1579 2621
4740 4 2 5 29 1808 2075 2030 2526
4741 4 2 5 29 1920 2032 2241 2487
4742 4 2 5 29 908 2089 910 2134
4743 4 2 5 29 834 832 2061 2588
4744 4 2 5 29 1909 2032 2234 2386
4745 4 2 5 29 1833 1938 2203 2571
4746 4 2 5 29 1945 1830 2128 2425
4747 4 2 5 29 1282 1498 813 1988
4748 4 2 5 29 1833 2009 1934 2345
4749 4 2 5 29 1450 2222 2251 2300
4750 4 2 5 29 1851 2298 2144 2372
4751 4 2 5 29 1809 2248 2025 2299
4752 4 2 5 29 1112 1253 1252 2188
4753 4 2 5 29 815 1976 1158 2462
4754 4 2 5 29 1002 1360 1361 1948
4755 4 2 5 29 1996 2064 1801 2379
4756 4 2 5 29 1991 842 2148 2314
4757 4 2 5 29 1928 2261 1357 2366
4758 4 2 5 29 1817 2041 1926 2083
4759 4 2 5 29 834 2061 832 2318
4760 4 2 5 29 1798 1935 2009 2279
4761 4 2 5 29 856 1379 2076 2183
4762 4 2 5 29 1235 2207 1389 2591
4763 4 2 5 29 1868 2050 2173 2602
4764 4 2 5 29 925 1971 1263 2115
4765 4 2 5 29 1804 2127 2230 2495
4766 4 2 5 29 1828 1944 2093 2329
4767 4 2 5 29 370 2096 1695 2401
4768 4 2 5 29 1918 2377 2191 2597
4769 4 2 5 29 861 1400 862 1924
4770 4 2 5 29 1360 1948 2167 2365
4771 4 2 5 29 1796 2082 2160 2440
4772 4 2 5 29 1819 2131 2130 2525
4773 4 2 5 29 1637 1159 1976 2057
4774 4 2 5 29 1462 1941 2143 2292
4775 4 2 5 29 1137 1904 2054 2302
4776 4 2 5 29 1804 2230 2237 2556
4777 4 2 5 29 1949 2246 1826 2480
4778 4 2 5 29 1112 2188 2033 2203
4779 4 2 5 29 1398 2031 2005 2587
4780 4 2 5 29 1572 1904 1573 2290
4781 4 2 5 29 1087 1133 1063 2355
4782 4 2 5 29 2183 2234 1920 2607
4783 4 2 5 29 1805 2287 2002 2522
4784 4 2 5 29 1046 2165 1947 2229
4785 4 2 5 29 1867 2131 2130 2293
4786 4 2 5 29 1824 2352 2055 2428
4787 4 2 5 29 1892 2423 2159 2512
4788 4 2 5 29 2011 2170 1972 2382
4789 4 2 5 29 1931 2060 1808 2496
4790 4 2 5 29 1945 2128 1946 2322
4791 4 2 5 29 1727 1932 2050 2530
4792 4 2 5 29 1462 2143 1941 2504
4793 4 2 5 29 2074 2362 2244 2376
4794 4 2 5 29 1265 925 2115 2360
4795 4 2 5 29 1904 2290 1885 2542
4796 4 2 5 29 2030 1878 2389 2490
4797 4 2 5 29 1198 2295 1634 2511
4798 4 2 5 29 2377 2434 1918 2550
4799 4 2 5 29 1901 2120 1879 2304
4800 4 2 5 29 1805 2209 1951 2615
4801 4 2 5 29 1537 1536 1508 2224
4802 4 2 5 29 1205 1983 1090 2119
4803 4 2 5 29 2066 2117 1933 2357
4804 4 2 5 29 1474 1380 1381 2047
4805 4 2 5 29 1799 1953 2021 2547
4806 4 2 5 29 1716 1927 1735 2199
4807 4 2 5 29 1800 1958 2003 2157
4808 4 2 5 29 1059 2226 1953 2302
4809 4 2 5 29 1832 1923 2149 2244
4810 4 2 5 29 1840 2071 2255 2580
4811 4 2 5 29 1821 2563 1995 2567
4812 4 2 5 29 1814 2004 2172 2364
4813 4 2 5 29 1883 2151 2017 2558
4814 4 2 5 29 1803 1914 2088 2562
4815 4 2 5 29 2004 2181 2154 2364
4816 4 2 5 29 1796 2317 1975 2390
4817 4 2 5 29 1830 1926 2083 2159
4818 4 2 5 29 1831 2062 1914 2205
4819 4 2 5 29 1559 1989 2203 2571
4820 4 2 5 29 1181 1233 1994 2577
4821 4 2 5 29 1968 2196 1858 2238
4822 4 2 5 29 1830 2128 2006 2130
4823 4 2 5 29 1314 2107 1132 2468
4824 4 2 5 29 1389 1975 1297 2408
4825 4 2 5 29 862 1924 1428 2378
4826 4 2 5 29 961 2262 2120 2508
4827 4 2 5 29 1968 1977 1858 2163
4828 4 2 5 29 370 2046 1699 2348
4829 4 2 5 29 1462 1621 1941 2292
4830 4 2 5 29 993 1458 2284 2469
4831 4 2 5 29 1266 1249 1262 1978
4832 4 2 5 29 1687 1684 2177 2185
4833 4 2 5 29 1919 1824 2391 2610
4834 4 2 5 29 1945 2148 1852 2341
4835 4 2 5 29 1831 2110 1939 2388
4836 4 2 5 29 1830 2423 2130 2512
4837 4 2 5 29 1700 1725 2092 2213
4838 4 2 5 29 861 1678 1400 2089
4839 4 2 5 29 1918 2019 1701 2403
4840 4 2 5 29 868 2170 2114 2601
4841 4 2 5 29 1157 1637 1159 1976
4842 4 2 5 29 1962 2150 1689 2246
4843 4 2 5 29 1440 1266 1177 1933
4844 4 2 5 29 1086 2054 1980 2294
4845 4 2 5 29 1966 2147 1541 2395
4846 4 2 5 29 1811 2129 1999 2333
4847 4 2 5 29 2045 2096 1821 2567
4848 4 2 5 29 370 1973 2046 2348
4849 4 2 5 29 1871 2034 2480 2505
4850 4 2 5 29 2296 2310 1974 2465
4851 4 2 5 29 2103 2480 1826 2596
4852 4 2 5 29 1935 2174 2009 2279
4853 4 2 5 29 2018 2146 1800 2324
4854 4 2 5 29 1323 2232 2406 2566
4855 4 2 5 29 1924 2089 2077 2308
4856 4 2 5 29 1967 1820 2233 2237
4857 4 2 5 29 1266 1933 2211 2604
4858 4 2 5 29 1209 2157 1958 2373
4859 4 2 5 29 1888 2136 2358 2620
4860 4 2 5 29 1981 1806 2217 2507
4861 4 2 5 29 1815 2026 1918 2377
4862 4 2 5 29 2079 2288 2262 2572
4863 4 2 5 29 2068 2258 1240 2409
4864 4 2 5 29 2027 2073 1915 2396
4865 4 2 5 29 1286 1155 2349 2416
4866 4 2 5 29 1980 2054 1086 2467
4867 4 2 5 29 964 2366 963 2498
4868 4 2 5 29 1878 2065 2113 2405
4869 4 2 5 29 1949 1811 1996 2150
4870 4 2 5 29 1905 2061 1986 2500
4871 4 2 5 29 977 2240 1437 2367
4872 4 2 5 29 1903 2202 2230 2608
4873 4 2 5 29 1918 2026 1962 2434
4874 4 2 5 29 909 1965 903 2134
4875 4 2 5 29 1162 2229 2121 2361
4876 4 2 5 29 1946 2131 1994 2245
4877 4 2 5 29 1817 2039 2159 2356
4878 4 2 5 29 2293 2365 993 2469
4879 4 2 5 29 1905 2238 1968 2445
4880 4 2 5 29 1704 2247 2037 2458
4881 4 2 5 29 1964 1888 2136 2335
4882 4 2 5 29 2207 2317 2111 2532
4883 4 2 5 29 1518 1411 2008 2067
4884 4 2 5 29 1822 1929 2362 2376
4885 4 2 5 29 1002 2337 1948 2577
4886 4 2 5 29 1906 2601 2097 2621
4887 4 2 5 29 1513 2421 2038 2482
4888 4 2 5 29 1817 2159 1926 2356
4889 4 2 5 29 1808 2496 2536 2571
4890 4 2 5 29 1888 2086 1964 2424
4891 4 2 5 29 1888 2123 2046 2304
4892 4 2 5 29 1835 2031 1997 2559
4893 4 2 5 29 2009 2279 2174 2487
4894 4 2 5 29 1987 2217 1806 2507
4895 4 2 5 29 2077 2089 1845 2308
4896 4 2 5 29 1400 1428 862 1924
4897 4 2 5 29 2047 1917 2258 2496
4898 4 2 5 29 1946 2128 2006 2293
4899 4 2 5 29 1821 2052 2102 2584
4900 4 2 5 29 1189 1421 1953 2137
4901 4 2 5 29 827 2081 2132 2242
4902 4 2 5 29 1810 2486 2178 2560
4903 4 2 5 29 876 2399 2107 2521
4904 4 2 5 29 2183 2343 1909 2421
4905 4 2 5 29 876 2095 2399 2521
4906 4 2 5 29 1900 2140 2002 2472
4907 4 2 5 29 1800 2146 2018 2539
4908 4 2 5 29 1908 2162 2288 2546
4909 4 2 5 29 1105 1140 2312 2609
4910 4 2 5 29 1965 2089 1845 2134
4911 4 2 5 29 1912 2045 2088 2415
4912 4 2 5 29 1465 1946 2131 2293
4913 4 2 5 29 1903 2185 2177 2427
4914 4 2 5 29 1886 2369 2062 2562
4915 4 2 5 29 2024 2143 1460 2613
4916 4 2 5 29 1916 2217 1981 2388
4917 4 2 5 29 1913 1975 2390 2461
4918 4 2 5 29 1836 1931 2179 2492
4919 4 2 5 29 2189 2402 2209 2568
4920 4 2 5 29 2087 2349 1885 2416
4921 4 2 5 29 2046 2123 1806 2304
4922 4 2 5 29 1267 2069 2023 2605
4923 4 2 5 29 1015 2011 2097 2264
4924 4 2 5 29 1001 2167 1360 2337
4925 4 2 5 29 1832 1902 2202 2230
4926 4 2 5 29 1838 2063 2003 2197
4927 4 2 5 29 1703 2199 2247 2410
4928 4 2 5 29 2004 2172 1199 2296
4929 4 2 5 29 2361 2443 1842 2567
4930 4 2 5 29 2072 2117 1940 2301
4931 4 2 5 29 1903 1822 2042 2376
4932 4 2 5 29 933 2149 1923 2244
4933 4 2 5 29 1814 2181 1915 2396
4934 4 2 5 29 1108 1938 1109 2203
4935 4 2 5 29 900 2107 878 2468
4936 4 2 5 29 1072 2128 2006 2464
4937 4 2 5 29 1843 1961 2154 2181
4938 4 2 5 29 1432 1199 2004 2172
4939 4 2 5 29 996 1976 815 2442
4940 4 2 5 29 1809 1990 2084 2299
4941 4 2 5 29 1452 1486 2018 2300
4942 4 2 5 29 1159 1976 2057 2462
4943 4 2 5 29 1890 2308 2089 2481
4944 4 2 5 29 1961 954 2186 2276
4945 4 2 5 29 1973 2105 2096 2563
4946 4 2 5 29 1810 2329 2078 2560
4947 4 2 5 29 936 851 934 2292
4948 4 2 5 29 2096 2446 1912 2564
4949 4 2 5 29 1097 1089 2101 2252
4950 4 2 5 29 2257 2386 1876 2614
4951 4 2 5 29 2100 2290 1156 2416
4952 4 2 5 29 1810 2178 2093 2560
4953 4 2 5 29 1421 1190 1189 1953
4954 4 2 5 29 1508 2413 2224 2619
4955 4 2 5 29 1803 2036 2016 2562
4956 4 2 5 29 1914 2045 2096 2105
4957 4 2 5 29 1847 2144 1985 2433
4958 4 2 5 29 1811 1954 2129 2150
4959 4 2 5 29 1228 1994 1585 2251
4960 4 2 5 29 1155 1156 2349 2416
4961 4 2 5 29 1585 2251 1994 2409
4962 4 2 5 29 1961 2181 1843 2336
4963 4 2 5 29 1563 1564 1051 1968
4964 4 2 5 29 1951 1839 2141 2573
4965 4 2 5 29 2334 2428 1919 2610
4966 4 2 5 29 1948 1864 2167 2473
4967 4 2 5 29 1808 2171 2060 2477
4968 4 2 5 29 365 2175 1547 2462
4969 4 2 5 29 1941 2134 2077 2504
4970 4 2 5 29 1569 2313 1579 2621
4971 4 2 5 29 2101 2252 1983 2598
4972 4 2 5 29 1100 2126 1099 2277
4973 4 2 5 29 1882 2037 2247 2458
4974 4 2 5 29 1797 2103 1971 2265
4975 4 2 5 29 923 969 1987 2367
4976 4 2 5 29 2002 2140 1900 2494
4977 4 2 5 29 1382 2097 2011 2601
4978 4 2 5 29 1845 2089 1965 2328
4979 4 2 5 29 1964 2084 1862 2430
4980 4 2 5 29 1829 1936 2151 2332
4981 4 2 5 29 1821 2102 1961 2336
4982 4 2 5 29 1963 2039 1817 2528
4983 4 2 5 29 1878 2259 2030 2389
4984 4 2 5 29 1901 2262 2079 2288
4985 4 2 5 29 2094 1846 2402 2547
4986 4 2 5 29 1135 1979 1053 2372
4987 4 2 5 29 1042 2012 907 2397
4988 4 2 5 29 1484 1934 1453 2174
4989 4 2 5 29 1022 1021 2032 2241
4990 4 2 5 29 2083 2159 1963 2423
4991 4 2 5 29 1879 2120 1987 2507
4992 4 2 5 29 2045 2088 1914 2096
4993 4 2 5 29 1953 2249 2137 2547
4994 4 2 5 29 1967 2202 1820 2237
4995 4 2 5 29 1312 1313 1311 2397
4996 4 2 5 29 1958 2003 1898 2381
4997 4 2 5 29 1100 1101 1099 2126
4998 4 2 5 29 1116 1036 2208 2484
4999 4 2 5 29 1806 2388 2217 2578
5000 4 2 5 29 2017 2151 1883 2324
5001 4 2 5 29 1099 1929 1284 2277
5002 4 2 5 29 1863 2207 2111 2532
5003 4 2 5 29 2022 2419 1940 2557
5004 4 2 5 29 1070 1106 2101 2475
5005 4 2 5 29 1811 2142 1991 2384
5006 4 2 5 29 1874 2111 2422 2532
5007 4 2 5 29 1550 2227 1998 2260
5008 4 2 5 29 1830 1946 2128 2130
5009 4 2 5 29 2170 2305 1972 2474
5010 4 2 5 29 1970 2371 2209 2568
5011 4 2 5 29 1831 1939 2107 2521
5012 4 2 5 29 2150 2549 1954 2590
5013 4 2 5 29 1657 2475 2081 2533
5014 4 2 5 29 2055 2428 1992 2610
5015 4 2 5 29 1493 1668 1563 1968
5016 4 2 5 29 1884 2121 1988 2327
5017 4 2 5 29 347 348 1295 1956
5018 4 2 5 29 1678 2089 861 2481
5019 4 2 5 29 1999 2129 1945 2340
5020 4 2 5 29 1101 2244 1929 2278
5021 4 2 5 29 818 821 2408 2619
5022 4 2 5 29 1855 2310 2076 2329
5023 4 2 5 29 2084 2299 1990 2534
5024 4 2 5 29 1963 2289 2083 2423
5025 4 2 5 29 2352 2527 2223 2594
5026 4 2 5 29 1860 2088 2036 2286
5027 4 2 5 29 1994 2309 1917 2513
5028 4 2 5 29 1824 2428 2055 2610
5029 4 2 5 29 2128 2322 1945 2425
5030 4 2 5 29 1185 2137 1957 2541
5031 4 2 5 29 1802 2281 2124 2553
5032 4 2 5 29 2093 2329 1810 2560
5033 4 2 5 29 1110 1096 2101 2455
5034 4 2 5 29 2058 2103 1826 2596
5035 4 2 5 29 1805 1965 2287 2522
5036 4 2 5 29 1969 962 2318 2508
5037 4 2 5 29 1710 1723 1709 2145
5038 4 2 5 29 1185 1957 1184 2541
5039 4 2 5 29 1254 1190 1638 2302
5040 4 2 5 29 1644 2231 1645 2232
5041 4 2 5 29 1146 1413 1552 2041
5042 4 2 5 29 1823 2196 1905 2524
5043 4 2 5 29 1931 1825 2114 2593
5044 4 2 5 29 1798 2044 2279 2331
5045 4 2 5 29 1894 2025 2050 2275
5046 4 2 5 29 833 2061 1434 2318
5047 4 2 5 29 2036 2088 1877 2286
5048 4 2 5 29 1911 2065 1912 2446
5049 4 2 5 29 1985 2178 1854 2411
5050 4 2 5 29 2133 2230 1832 2278
5051 4 2 5 29 1564 1968 1563 2445
5052 4 2 5 29 1614 1357 2261 2366
5053 4 2 5 29 1185 2137 1248 2260
5054 4 2 5 29 1991 2314 2148 2384
5055 4 2 5 29 1284 1929 2244 2362
5056 4 2 5 29 1917 2068 1852 2409
5057 4 2 5 29 1916 2102 2052 2584
5058 4 2 5 29 1054 2198 1135 2315
5059 4 2 5 29 1385 2225 2200 2609
5060 4 2 5 29 2281 2377 2191 2550
5061 4 2 5 29 1811 1949 1996 2303
5062 4 2 5 29 1711 2019 2034 2286
5063 4 2 5 29 1875 2127 2094 2495
5064 4 2 5 29 1637 1052 1051 2040
5065 4 2 5 29 1916 1981 2102 2388
5066 4 2 5 29 1911 1816 2192 2487
5067 4 2 5 29 1800 2146 1922 2324
5068 4 2 5 29 1805 2287 1965 2615
5069 4 2 5 29 1127 1917 1240 2258
5070 4 2 5 29 1674 2305 2170 2474
5071 4 2 5 29 2092 2213 2334 2403
5072 4 2 5 29 2144 2182 1851 2603
5073 4 2 5 29 1679 2419 2072 2499
5074 4 2 5 29 1804 2230 1967 2237
5075 4 2 5 29 1883 2410 1925 2444
5076 4 2 5 29 1689 2150 1962 2184
5077 4 2 5 29 2118 2400 1618 2437
5078 4 2 5 29 1019 1117 2241 2346
5079 4 2 5 29 2056 2255 1955 2539
5080 4 2 5 29 825 2527 2352 2594
5081 4 2 5 29 1889 1999 2129 2333
5082 4 2 5 29 1843 2154 2004 2181
5083 4 2 5 29 1990 1919 2136 2534
5084 4 2 5 29 1984 2127 1903 2177
5085 4 2 5 29 1801 2026 1962 2565
5086 4 2 5 29 1869 2224 2029 2321
5087 4 2 5 29 1366 993 1458 2284
5088 4 2 5 29 1818 2192 2000 2607
5089 4 2 5 29 1693 2263 2106 2506
5090 4 2 5 29 1847 1983 2178 2417
5091 4 2 5 29 1995 2096 2045 2567
5092 4 2 5 29 846 2264 844 2267
5093 4 2 5 29 2108 2159 1926 2464
5094 4 2 5 29 53 2187 1682 2427
5095 4 2 5 29 1818 2383 2311 2519
5096 4 2 5 29 1880 2420 2014 2502
5097 4 2 5 29 1956 2036 1797 2265
5098 4 2 5 29 1961 1834 2102 2186
5099 4 2 5 29 1881 2175 2057 2462
5100 4 2 5 29 1860 2062 2020 2550
5101 4 2 5 29 1865 2075 2056 2146
5102 4 2 5 29 2084 2391 2299 2534
5103 4 2 5 29 2062 1802 2369 2612
5104 4 2 5 29 2311 2383 2051 2519
5105 4 2 5 29 1853 1971 2265 2483
5106 4 2 5 29 1353 1511 1510 1928
5107 4 2 5 29 926 2109 1971 2360
5108 4 2 5 29 1866 2175 2049 2395
5109 4 2 5 29 1976 1851 2254 2325
5110 4 2 5 29 1958 1898 2116 2381
5111 4 2 5 29 1853 2291 2351 2483
5112 4 2 5 29 1971 2103 1853 2265
5113 4 2 5 29 1972 2044 1798 2414
5114 4 2 5 29 1246 2260 1305 2306
5115 4 2 5 29 1867 2233 2284 2512
5116 4 2 5 29 1310 1921 2107 2543
5117 4 2 5 29 1803 2062 1914 2562
5118 4 2 5 29 1941 2299 2084 2391
5119 4 2 5 29 1460 2024 852 2292
5120 4 2 5 29 1053 1979 1135 2198
5121 4 2 5 29 2017 2151 1820 2558
5122 4 2 5 29 1136 1502 2225 2609
5123 4 2 5 29 1879 2120 2508 2594
5124 4 2 5 29 1806 2217 1987 2578
5125 4 2 5 29 2089 2272 1965 2328
5126 4 2 5 29 1998 2189 1817 2356
5127 4 2 5 29 1902 1832 2133 2230
5128 4 2 5 29 1205 1090 1983 2432
5129 4 2 5 29 1842 1947 2091 2165
5130 4 2 5 29 834 2318 2024 2588
5131 4 2 5 29 1324 1960 1322 2406
5132 4 2 5 29 2023 2104 1078 2585
5133 4 2 5 29 1862 2215 2271 2318
5134 4 2 5 29 1357 1353 1510 1928
5135 4 2 5 29 2094 2137 1957 2547
5136 4 2 5 29 1526 1577 1200 2295
5137 4 2 5 29 1815 2104 2023 2597
5138 4 2 5 29 1559 947 1989 2571
5139 4 2 5 29 2085 2211 1933 2604
5140 4 2 5 29 1800 2157 1955 2539
5141 4 2 5 29 2078 2329 1810 2436
5142 4 2 5 29 1576 2128 1347 2322
5143 4 2 5 29 1860 2034 2019 2286
5144 4 2 5 29 2052 2102 1916 2276
5145 4 2 5 29 2220 2358 2304 2424
5146 4 2 5 29 1027 893 2125 2300
5147 4 2 5 29 816 2085 815 2462
5148 4 2 5 29 1881 2085 1976 2161
5149 4 2 5 29 937 1621 936 2292
5150 4 2 5 29 2090 2206 1872 2549
5151 4 2 5 29 1573 1904 1137 2302
5152 4 2 5 29 1583 2252 1943 2482
5153 4 2 5 29 1811 1991 2148 2384
5154 4 2 5 29 1324 1323 2232 2406
5155 4 2 5 29 1963 1892 2159 2463
5156 4 2 5 29 1922 2375 1707 2418
5157 4 2 5 29 1914 1860 2062 2523
5158 4 2 5 29 1340 1671 2051 2535
5159 4 2 5 29 1985 2283 915 2372
5160 4 2 5 29 1958 2157 2018 2373
5161 4 2 5 29 1868 2301 2185 2575
5162 4 2 5 29 1920 2241 2032 2343
5163 4 2 5 29 1902 2133 2126 2230
5164 4 2 5 29 1519 1244 2197 2517
5165 4 2 5 29 900 878 2107 2521
5166 4 2 5 29 1502 1982 1504 2225
5167 4 2 5 29 1707 2190 1922 2418
5168 4 2 5 29 1920 1857 2192 2241
5169 4 2 5 29 1803 2008 2067 2514
5170 4 2 5 29 1276 1889 2340 2485
5171 4 2 5 29 1803 2067 2016 2514
5172 4 2 5 29 1813 2178 1983 2417
5173 4 2 5 29 1021 1359 913 2214
5174 4 2 5 29 1912 2096 1995 2446
5175 4 2 5 29 1385 2200 2605 2609
5176 4 2 5 29 1849 2026 2377 2434
5177 4 2 5 29 2027 2073 1907 2385
5178 4 2 5 29 1810 2329 2093 2436
5179 4 2 5 29 1806 2046 1973 2497
5180 4 2 5 29 1271 829 1392 2132
5181 4 2 5 29 1156 2290 2100 2489
5182 4 2 5 29 1057 1058 1059 2226
5183 4 2 5 29 1857 1947 2091 2529
5184 4 2 5 29 1317 2352 2035 2594
5185 4 2 5 29 1949 1826 2303 2480
5186 4 2 5 29 1812 1969 1986 2061
5187 4 2 5 29 1554 1931 1521 2492
5188 4 2 5 29 2026 2270 1887 2565
5189 4 2 5 29 1871 2221 2030 2477
5190 4 2 5 29 1117 2188 1934 2346
5191 4 2 5 29 1807 2211 2015 2532
5192 4 2 5 29 1516 1589 1470 2120
5193 4 2 5 29 2016 2067 2008 2514
5194 4 2 5 29 1340 2051 2311 2535
5195 4 2 5 29 1865 2047 1917 2251
5196 4 2 5 29 1929 2126 2005 2277
5197 4 2 5 29 1320 1351 2076 2250
5198 4 2 5 29 1441 1952 2346 2359
5199 4 2 5 29 1207 2010 1420 2407
5200 4 2 5 29 1949 2246 2034 2599
5201 4 2 5 29 1457 2359 1909 2421
5202 4 2 5 29 967 1939 968 2367
5203 4 2 5 29 1713 2150 1692 2221
5204 4 2 5 29 1474 892 2047 2125
5205 4 2 5 29 2070 2369 1802 2612
5206 4 2 5 29 826 1508 827 2081
5207 4 2 5 29 1825 1989 2170 2593
5208 4 2 5 29 1078 2023 1267 2069
5209 4 2 5 29 1918 2191 2377 2550
5210 4 2 5 29 1806 1973 2220 2388
5211 4 2 5 29 2006 1835 2159 2512
5212 4 2 5 29 1837 2334 2213 2403
5213 4 2 5 29 1313 2214 1311 2397
5214 4 2 5 29 1896 2189 1998 2356
5215 4 2 5 29 2133 2149 1570 2278
5216 4 2 5 29 1846 2137 1957 2260
5217 4 2 5 29 1979 2198 1053 2372
5218 4 2 5 29 1522 1931 2201 2258
5219 4 2 5 29 1994 1917 2251 2513
5220 4 2 5 29 1498 1988 1282 2361
5221 4 2 5 29 1821 2102 1973 2105
5222 4 2 5 29 2201 1938 2536 2571
5223 4 2 5 29 852 851 2292 2318
5224 4 2 5 29 370 1914 2096 2348
5225 4 2 5 29 2006 2284 1867 2293
5226 4 2 5 29 2102 2220 1973 2388
5227 4 2 5 29 2202 2332 1950 2558
5228 4 2 5 29 1596 2118 1597 2406
5229 4 2 5 29 1807 2085 2161 2325
5230 4 2 5 29 1312 1311 2214 2397
5231 4 2 5 29 1912 2088 2080 2415
5232 4 2 5 29 1951 2227 2209 2472
5233 4 2 5 29 1176 2273 1951 2573
5234 4 2 5 29 1857 2241 2214 2397
5235 4 2 5 29 1184 1957 1246 2306
5236 4 2 5 29 1600 2049 1173 2451
5237 4 2 5 29 1235 1225 1389 2207
5238 4 2 5 29 1810 1985 1979 2411
5239 4 2 5 29 1896 2189 2039 2556
5240 4 2 5 29 1313 2012 2214 2397
5241 4 2 5 29 814 2015 2085 2604
5242 4 2 5 29 1865 2047 2125 2536
5243 4 2 5 29 1810 2145 2486 2560
5244 4 2 5 29 1229 1994 2131 2245
5245 4 2 5 29 1575 1466 1946 2322
5246 4 2 5 29 1943 2038 1854 2598
5247 4 2 5 29 357 1514 2186 2243
5248 4 2 5 29 1978 2066 1895 2211
5249 4 2 5 29 1940 2145 1841 2193
5250 4 2 5 29 1880 2420 2110 2578
5251 4 2 5 29 1951 2249 1175 2573
5252 4 2 5 29 1046 2229 1947 2503
5253 4 2 5 29 1876 2386 2234 2614
5254 4 2 5 29 1982 1993 1801 2412
5255 4 2 5 29 1229 2131 1465 2245
5256 4 2 5 29 1917 1240 2258 2409
5257 4 2 5 29 1197 2067 1942 2282
5258 4 2 5 29 1586 1587 1989 2305
5259 4 2 5 29 2113 2236 1825 2389
5260 4 2 5 29 873 872 1923 2244
5261 4 2 5 29 1428 824 2378 2394
5262 4 2 5 29 1851 2144 2053 2372
5263 4 2 5 29 1431 2194 1430 2479
5264 4 2 5 29 1559 1989 1587 2305
5265 4 2 5 29 2137 2249 1846 2547
5266 4 2 5 29 1136 2574 1502 2609
5267 4 2 5 29 1161 1937 1633 2267
5268 4 2 5 29 1956 2097 1003 2285
5269 4 2 5 29 1914 2088 1860 2523
5270 4 2 5 29 854 856 1351 2250
5271 4 2 5 29 1969 2262 960 2508
5272 4 2 5 29 1566 1570 2133 2149
5273 4 2 5 29 2247 2255 2071 2580
5274 4 2 5 29 1873 2064 1996 2379
5275 4 2 5 29 1910 2160 2082 2440
5276 4 2 5 29 2029 2224 1869 2461
5277 4 2 5 29 1179 2047 892 2300
5278 4 2 5 29 1183 1246 1184 2260
5279 4 2 5 29 2051 2295 1339 2311
5280 4 2 5 29 1839 2226 1953 2573
5281 4 2 5 29 1838 2386 2257 2614
5282 4 2 5 29 1072 2355 2128 2464
5283 4 2 5 29 1819 2130 1946 2206
5284 4 2 5 29 1100 1237 1236 2126
5285 4 2 5 29 1272 2097 2601 2621
5286 4 2 5 29 1299 2153 2218 2485
5287 4 2 5 29 1912 2080 1798 2331
5288 4 2 5 29 1734 1736 2136 2358
5289 4 2 5 29 1950 2332 2160 2444
5290 4 2 5 29 1803 1914 2062 2205
5291 4 2 5 29 2056 2075 1865 2536
5292 4 2 5 29 1867 2284 2006 2512
5293 4 2 5 29 1810 2093 2411 2436
5294 4 2 5 29 1829 1913 2132 2332
5295 4 2 5 29 1875 2094 2180 2453
5296 4 2 5 29 1324 1322 1960 2231
5297 4 2 5 29 2030 1872 2171 2477
5298 4 2 5 29 2329 2436 2078 2600
5299 4 2 5 29 1880 2428 2123 2578
5300 4 2 5 29 1457 1909 2343 2421
5301 4 2 5 29 2247 2257 1876 2614
5302 4 2 5 29 1902 2031 2237 2531
5303 4 2 5 29 1874 2301 2185 2491
5304 4 2 5 29 1326 2351 1327 2483
5305 4 2 5 29 1643 1551 1550 2363
5306 4 2 5 29 1829 2132 1913 2413
5307 4 2 5 29 1905 2175 2057 2228
5308 4 2 5 29 2217 2388 1939 2578
5309 4 2 5 29 1970 2059 1887 2370
5310 4 2 5 29 1057 2226 1059 2302
5311 4 2 5 29 1829 2413 2160 2457
5312 4 2 5 29 1968 1977 2163 2586
5313 4 2 5 29 1948 2337 2222 2577
5314 4 2 5 29 914 1423 913 2343
5315 4 2 5 29 1829 2132 1936 2332
5316 4 2 5 29 1830 1946 2130 2206
5317 4 2 5 29 1015 2011 1382 2097
5318 4 2 5 29 2118 2268 1873 2406
5319 4 2 5 29 1859 2200 2194 2225
5320 4 2 5 29 1832 2332 2149 2390
5321 4 2 5 29 1876 2000 2263 2506
5322 4 2 5 29 2180 2357 1868 2575
5323 4 2 5 29 1846 1957 2094 2189
5324 4 2 5 29 1831 2107 2095 2521
5325 4 2 5 29 1939 2217 967 2521
5326 4 2 5 29 1817 2041 1998 2210
5327 4 2 5 29 1313 907 2012 2397
5328 4 2 5 29 1833 2195 2155 2490
5329 4 2 5 29 1585 1994 1228 2409
5330 4 2 5 29 1566 1570 1113 2133
5331 4 2 5 29 1302 2014 1260 2468
5332 4 2 5 29 1367 2200 2194 2481
5333 4 2 5 29 347 2152 1956 2285
5334 4 2 5 29 1833 2099 2195 2490
5335 4 2 5 29 1493 1668 1968 2498
5336 4 2 5 29 1962 2026 1887 2565
5337 4 2 5 29 1486 1167 1452 2018
5338 4 2 5 29 1889 2129 1999 2340
5339 4 2 5 29 1920 2241 2192 2487
5340 4 2 5 29 1014 1017 2227 2472
5341 4 2 5 29 1884 2567 2045 2584
5342 4 2 5 29 1394 2132 1936 2595
5343 4 2 5 29 1080 1496 2023 2122
5344 4 2 5 29 1338 2280 2051 2374
5345 4 2 5 29 1949 2142 2043 2303
5346 4 2 5 29 1112 2033 1252 2203
5347 4 2 5 29 1893 2585 2104 2597
5348 4 2 5 29 2370 2412 2059 2565
5349 4 2 5 29 1954 1872 2206 2549
5350 4 2 5 29 2026 2412 2270 2565
5351 4 2 5 29 996 1157 1976 2442
5352 4 2 5 29 1894 2135 2048 2534
5353 4 2 5 29 903 1965 902 2273
5354 4 2 5 29 1809 1941 2084 2430
5355 4 2 5 29 880 1398 1402 2587
5356 4 2 5 29 1991 1039 2314 2400
5357 4 2 5 29 1924 2378 2055 2394
5358 4 2 5 29 1880 2352 2123 2428
5359 4 2 5 29 2045 1803 2088 2415
5360 4 2 5 29 1813 2561 2101 2598
5361 4 2 5 29 1894 2048 1990 2534
5362 4 2 5 29 1796 2457 2160 2461
5363 4 2 5 29 1108 1938 2203 2307
5364 4 2 5 29 1892 1967 2233 2463
5365 4 2 5 29 1955 2063 2003 2255
5366 4 2 5 29 1643 1550 2227 2363
5367 4 2 5 29 1894 1990 2135 2534
5368 4 2 5 29 1684 2253 2177 2427
5369 4 2 5 29 2201 2536 2496 2571
5370 4 2 5 29 1041 2314 2068 2398
5371 4 2 5 29 1208 1209 1958 2373
5372 4 2 5 29 1857 2192 2241 2487
5373 4 2 5 29 1427 354 355 1916
5374 4 2 5 29 2194 2200 1560 2225
5375 4 2 5 29 937 2035 935 2394
5376 4 2 5 29 1705 2050 1679 2581
5377 4 2 5 29 1911 2000 2192 2506
5378 4 2 5 29 1815 1919 2092 2158
5379 4 2 5 29 1324 2231 1960 2232
5380 4 2 5 29 1967 2177 2039 2554
5381 4 2 5 29 1823 1968 2163 2586
5382 4 2 5 29 1955 2003 1800 2255
5383 4 2 5 29 2033 2195 1840 2307
5384 4 2 5 29 1998 1552 2210 2363
5385 4 2 5 29 1992 2055 1880 2428
5386 4 2 5 29 1735 2199 1927 2263
5387 4 2 5 29 1951 2002 2287 2472
5388 4 2 5 29 2013 2151 2010 2595
5389 4 2 5 29 1703 2247 2190 2410
5390 4 2 5 29 986 2067 2016 2393
5391 4 2 5 29 1518 1411 1664 2008
5392 4 2 5 29 1966 2248 2143 2467
5393 4 2 5 29 1197 1942 2067 2393
5394 4 2 5 29 1710 1681 2187 2216
5395 4 2 5 29 1075 2464 2284 2559
5396 4 2 5 29 1276 2339 1143 2340
5397 4 2 5 29 1842 2045 1912 2415
5398 4 2 5 29 1796 2028 2457 2461
5399 4 2 5 29 1940 2518 2161 2524
5400 4 2 5 29 1522 1558 2201 2593
5401 4 2 5 29 1871 1949 2480 2599
5402 4 2 5 29 1257 1978 1286 2087
5403 4 2 5 29 2004 2154 1843 2280
5404 4 2 5 29 1846 2209 2189 2402
5405 4 2 5 29 1841 2187 1940 2319
5406 4 2 5 29 1911 2405 2065 2506
5407 4 2 5 29 1005 2126 1007 2278
5408 4 2 5 29 1112 1252 2033 2188
5409 4 2 5 29 2047 2125 892 2300
5410 4 2 5 29 1797 2036 1956 2544
5411 4 2 5 29 2065 2113 1877 2259
5412 4 2 5 29 1858 2196 1986 2238
5413 4 2 5 29 1380 1474 892 2047
5414 4 2 5 29 926 1971 2109 2483
5415 4 2 5 29 1818 1995 2027 2106
5416 4 2 5 29 1330 2210 2108 2516
5417 4 2 5 29 1898 2003 1958 2466
5418 4 2 5 29 925 926 1971 2360
5419 4 2 5 29 1225 1975 2207 2387
5420 4 2 5 29 2046 2110 1806 2123
5421 4 2 5 29 999 1979 1135 2372
5422 4 2 5 29 1801 2064 1993 2379
5423 4 2 5 29 2185 2491 2301 2581
5424 4 2 5 29 1434 1969 1047 2318
5425 4 2 5 29 1967 2202 1903 2253
5426 4 2 5 29 1981 2220 1806 2507
5427 4 2 5 29 2016 1886 2555 2562
5428 4 2 5 29 900 2107 1939 2521
5429 4 2 5 29 1884 2327 1988 2584
5430 4 2 5 29 1806 1973 2388 2497
5431 4 2 5 29 1996 2150 1962 2246
5432 4 2 5 29 1695 2096 2385 2563
5433 4 2 5 29 2032 2241 1934 2346
5434 4 2 5 29 1994 2251 1181 2577
5435 4 2 5 29 1943 2455 2164 2561
5436 4 2 5 29 1798 2044 2331 2414
5437 4 2 5 29 1953 1799 2219 2547
5438 4 2 5 29 1111 1110 1096 2101
5439 4 2 5 29 2200 2225 1859 2270
5440 4 2 5 29 1828 2183 2076 2404
5441 4 2 5 29 996 1492 1157 2442
5442 4 2 5 29 1419 2327 1418 2441
5443 4 2 5 29 1889 2256 2218 2379
5444 4 2 5 29 1577 1556 2295 2404
5445 4 2 5 29 2043 2142 1836 2313
5446 4 2 5 29 1214 1030 2063 2429
5447 4 2 5 29 1972 2305 2236 2474
5448 4 2 5 29 1175 1951 1014 2249
5449 4 2 5 29 2204 2318 962 2508
5450 4 2 5 29 937 1941 1621 2292
5451 4 2 5 29 1412 2077 937 2394
5452 4 2 5 29 1461 1459 1460 2292
5453 4 2 5 29 1457 2343 1909 2359
5454 4 2 5 29 1853 2351 2109 2483
5455 4 2 5 29 1796 2390 1975 2461
5456 4 2 5 29 965 1353 1357 1928
5457 4 2 5 29 1044 2044 1219 2503
5458 4 2 5 29 1216 1210 2157 2466
5459 4 2 5 29 1983 2178 1813 2598
5460 4 2 5 29 1384 2194 2002 2272
5461 4 2 5 29 1913 2149 2332 2390
5462 4 2 5 29 1042 1947 1046 2165
5463 4 2 5 29 1948 2513 2146 2525
5464 4 2 5 29 1931 2258 2171 2496
5465 4 2 5 29 1845 2089 2077 2134
5466 4 2 5 29 887 1330 881 2587
5467 4 2 5 29 1267 2023 1081 2605
5468 4 2 5 29 1818 2426 2192 2607
5469 4 2 5 29 1924 2308 2077 2391
5470 4 2 5 29 2079 2243 359 2262
5471 4 2 5 29 1455 1674 2170 2474
5472 4 2 5 29 1848 2118 1991 2400
5473 4 2 5 29 1832 2230 1929 2278
5474 4 2 5 29 1797 2480 2034 2505
5475 4 2 5 29 2013 2208 1543 2470
5476 4 2 5 29 1967 2039 2338 2554
5477 4 2 5 29 1835 2237 2031 2556
5478 4 2 5 29 1898 2197 2101 2561
5479 4 2 5 29 1803 2036 2080 2514
5480 4 2 5 29 2265 2285 2152 2483
5481 4 2 5 29 1828 2234 2183 2607
5482 4 2 5 29 2262 2288 1986 2572
5483 4 2 5 29 1084 2143 1980 2467
5484 4 2 5 29 1734 2358 2136 2620
5485 4 2 5 29 1854 2038 1943 2482
5486 4 2 5 29 2060 2171 1808 2496
5487 4 2 5 29 1864 2018 2146 2337
5488 4 2 5 29 2106 2263 2000 2506
5489 4 2 5 29 1586 1989 2170 2305
5490 4 2 5 29 1930 2165 2361 2443
5491 4 2 5 29 1956 2152 1886 2265
5492 4 2 5 29 1459 2143 1460 2292
5493 4 2 5 29 1617 1981 356 2217
5494 4 2 5 29 1906 2269 2179 2313
5495 4 2 5 29 1954 2549 2316 2590
5496 4 2 5 29 1903 2127 1822 2376
5497 4 2 5 29 1966 2138 2024 2430
5498 4 2 5 29 873 1923 1297 2387
5499 4 2 5 29 1558 1107 1109 2203
5500 4 2 5 29 1931 2171 2060 2496
5501 4 2 5 29 1721 2065 2259 2458
5502 4 2 5 29 1924 2104 1992 2378
5503 4 2 5 29 1294 2484 1902 2531
5504 4 2 5 29 1490 2029 1093 2591
5505 4 2 5 29 1208 1209 1210 1958
5506 4 2 5 29 1475 356 2186 2276
5507 4 2 5 29 1883 1925 2116 2444
5508 4 2 5 29 1843 2156 1961 2274
5509 4 2 5 29 1335 1381 1109 1938
5510 4 2 5 29 2264 2266 1850 2267
5511 4 2 5 29 1844 2059 2256 2289
5512 4 2 5 29 1961 2186 954 2579
5513 4 2 5 29 1912 1842 2091 2443
5514 4 2 5 29 1015 2097 1003 2264
5515 4 2 5 29 1001 1549 2167 2407
5516 4 2 5 29 2057 2175 1881 2228
5517 4 2 5 29 1822 2127 1903 2575
5518 4 2 5 29 1117 1019 1023 2346
5519 4 2 5 29 1575 1576 1347 2322
5520 4 2 5 29 1796 2317 2111 2326
5521 4 2 5 29 814 830 2015 2604
5522 4 2 5 29 1692 2221 2150 2549
5523 4 2 5 29 1965 1839 2273 2294
5524 4 2 5 29 825 2055 2352 2527
5525 4 2 5 29 1097 1584 1943 2455
5526 4 2 5 29 1856 1932 2431 2460
5527 4 2 5 29 1941 2035 1862 2292
5528 4 2 5 29 1910 1925 2410 2444
5529 4 2 5 29 1586 1587 949 1989
5530 4 2 5 29 1823 1968 2040 2057
5531 4 2 5 29 1963 1892 2316 2423
5532 4 2 5 29 1823 2040 1976 2057
5533 4 2 5 29 1940 2518 2022 2557
5534 4 2 5 29 1998 2041 1817 2568
5535 4 2 5 29 1612 1384 2002 2287
5536 4 2 5 29 1013 2249 2227 2260
5537 4 2 5 29 1866 1905 2228 2350
5538 4 2 5 29 1041 842 2314 2398
5539 4 2 5 29 1817 2210 1998 2356
5540 4 2 5 29 2154 2181 1928 2364
5541 4 2 5 29 1254 1638 2021 2302
5542 4 2 5 29 1975 2317 1923 2390
5543 4 2 5 29 370 1914 369 2096
5544 4 2 5 29 1980 2143 1084 2504
5545 4 2 5 29 1992 2378 2055 2610
5546 4 2 5 29 1960 2109 1853 2351
5547 4 2 5 29 357 2186 1981 2243
5548 4 2 5 29 1407 1344 991 1945
5549 4 2 5 29 1178 2047 1179 2251
5550 4 2 5 29 1335 1109 1108 1938
5551 4 2 5 29 1856 2228 2117 2431
5552 4 2 5 29 1917 1852 2309 2409
5553 4 2 5 29 1834 1961 2102 2336
5554 4 2 5 29 1927 2178 2486 2560
5555 4 2 5 29 1842 2361 2165 2443
5556 4 2 5 29 1954 2206 2090 2549
5557 4 2 5 29 1284 1101 1285 2244
5558 4 2 5 29 1803 2016 2036 2514
5559 4 2 5 29 1489 1975 1389 2408
5560 4 2 5 29 1797 2036 2505 2596
5561 4 2 5 29 1871 2480 2034 2599
5562 4 2 5 29 2240 2367 1880 2527
5563 4 2 5 29 1593 1339 2001 2311
5564 4 2 5 29 2035 2077 1941 2391
5565 4 2 5 29 1100 1237 2126 2277
5566 4 2 5 29 1118 2188 1119 2346
5567 4 2 5 29 1985 2144 2053 2433
5568 4 2 5 29 1842 1937 2229 2415
5569 4 2 5 29 1816 2099 2009 2405
5570 4 2 5 29 1848 2043 2103 2452
5571 4 2 5 29 2066 2301 1868 2575
5572 4 2 5 29 1961 1843 2274 2336
5573 4 2 5 29 1976 2161 2085 2325
5574 4 2 5 29 1427 2276 2052 2368
5575 4 2 5 29 2055 2378 824 2394
5576 4 2 5 29 1961 2186 2102 2276
5577 4 2 5 29 1465 1591 1946 2293
5578 4 2 5 29 1967 2039 1804 2237
5579 4 2 5 29 1459 1460 2143 2613
5580 4 2 5 29 356 1981 357 2186
5581 4 2 5 29 365 364 1601 2175
5582 4 2 5 29 1184 2306 1239 2541
5583 4 2 5 29 1533 2472 1610 2479
5584 4 2 5 29 1845 2077 2308 2391
5585 4 2 5 29 1811 2150 2129 2611
5586 4 2 5 29 2023 2069 1815 2509
5587 4 2 5 29 1831 1914 2105 2205
5588 4 2 5 29 1360 1948 1002 2337
5589 4 2 5 29 910 2089 909 2134
5590 4 2 5 29 1347 2128 1576 2425
5591 4 2 5 29 1912 2088 2045 2096
5592 4 2 5 29 2270 2412 2370 2565
5593 4 2 5 29 1861 2078 2298 2436
5594 4 2 5 29 1082 2134 2294 2504
5595 4 2 5 29 1936 2132 1394 2320
5596 4 2 5 29 1305 2306 2260 2516
5597 4 2 5 29 1823 2518 2254 2586
5598 4 2 5 29 1257 1256 1261 1978
5599 4 2 5 29 2055 2378 1924 2610
5600 4 2 5 29 2160 2332 1829 2444
5601 4 2 5 29 1811 2148 2341 2384
5602 4 2 5 29 1964 2136 2084 2335
5603 4 2 5 29 1322 1327 1326 2351
5604 4 2 5 29 1559 2203 1558 2571
5605 4 2 5 29 1831 2112 2110 2497
5606 4 2 5 29 1909 2166 2038 2421
5607 4 2 5 29 1402 2306 880 2587
5608 4 2 5 29 1147 1133 1329 2210
5609 4 2 5 29 1644 1653 2122 2312
5610 4 2 5 29 1397 1396 2124 2552
5611 4 2 5 29 1310 1397 858 1921
5612 4 2 5 29 1926 2159 2108 2356
5613 4 2 5 29 1902 2230 2126 2531
5614 4 2 5 29 1951 2141 1953 2573
5615 4 2 5 29 1818 1995 2091 2443
5616 4 2 5 29 1882 2071 2037 2099
5617 4 2 5 29 909 901 1965 2272
5618 4 2 5 29 1097 1584 1583 1943
5619 4 2 5 29 1297 1923 933 2408
5620 4 2 5 29 355 1916 2217 2276
5621 4 2 5 29 1895 2066 1978 2422
5622 4 2 5 29 1176 1951 1018 2573
5623 4 2 5 29 1500 2343 2183 2421
5624 4 2 5 29 1177 1933 1266 2604
5625 4 2 5 29 1711 2246 1713 2599
5626 4 2 5 29 1837 2112 2020 2348
5627 4 2 5 29 1855 1944 2310 2329
5628 4 2 5 29 2093 2178 1810 2411
5629 4 2 5 29 1692 2549 2150 2590
5630 4 2 5 29 1800 2381 1925 2580
5631 4 2 5 29 1913 1829 2160 2332
5632 4 2 5 29 1167 1168 1165 2373
5633 4 2 5 29 1261 1286 1257 1978
5634 4 2 5 29 2114 2179 1906 2269
5635 4 2 5 29 1884 2105 2045 2205
5636 4 2 5 29 1384 1623 2002 2194
5637 4 2 5 29 1948 2222 2146 2513
5638 4 2 5 29 1656 1966 1541 2395
5639 4 2 5 29 2134 2294 1980 2299
5640 4 2 5 29 369 2088 1733 2096
5641 4 2 5 29 1536 1537 1094 2224
5642 4 2 5 29 1145 1999 991 2340
5643 4 2 5 29 1961 2274 1821 2336
5644 4 2 5 29 1818 2000 2212 2607
5645 4 2 5 29 2013 2167 1549 2407
5646 4 2 5 29 1889 2218 2139 2379
5647 4 2 5 29 2074 2317 1895 2422
5648 4 2 5 29 2090 2130 1819 2206
5649 4 2 5 29 2284 2464 1835 2559
5650 4 2 5 29 2169 2281 1802 2550
5651 4 2 5 29 1109 1938 1381 2201
5652 4 2 5 29 1698 1701 2019 2403
5653 4 2 5 29 1876 2247 1925 2257
5654 4 2 5 29 2151 1950 2332 2558
5655 4 2 5 29 1909 1943 2166 2421
5656 4 2 5 29 1937 2229 1160 2503
5657 4 2 5 29 1997 2031 2484 2559
5658 4 2 5 29 1966 1809 2138 2430
5659 4 2 5 29 354 1916 2368 2521
5660 4 2 5 29 1852 2206 1946 2322
5661 4 2 5 29 1820 2168 2017 2558
5662 4 2 5 29 1082 2134 1606 2294
5663 4 2 5 29 1335 1336 2125 2307
5664 4 2 5 29 1951 1953 2249 2573
5665 4 2 5 29 1815 2092 1919 2334
5666 4 2 5 29 1695 2385 2401 2563
5667 4 2 5 29 1982 1993 2412 2609
5668 4 2 5 29 1864 2146 2018 2324
5669 4 2 5 29 2108 1835 2464 2559
5670 4 2 5 29 1993 2064 1873 2379
5671 4 2 5 29 1984 2094 1799 2180
5672 4 2 5 29 1513 849 1583 2482
5673 4 2 5 29 1559 2203 1989 2305
5674 4 2 5 29 1885 2290 2100 2416
5675 4 2 5 29 1913 2160 1829 2413
5676 4 2 5 29 2101 2561 1943 2598
5677 4 2 5 29 1844 2256 2083 2289
5678 4 2 5 29 1839 1980 2294 2299
5679 4 2 5 29 2108 2159 1835 2356
5680 4 2 5 29 1691 1962 1701 2576
5681 4 2 5 29 1872 1954 2206 2341
5682 4 2 5 29 1591 1575 1465 1946
5683 4 2 5 29 1925 1876 2199 2247
5684 4 2 5 29 354 355 1916 2521
5685 4 2 5 29 1047 1969 962 2318
5686 4 2 5 29 987 2067 986 2393
5687 4 2 5 29 927 1156 2100 2489
5688 4 2 5 29 825 2352 1317 2594
5689 4 2 5 29 1841 2193 2145 2486
5690 4 2 5 29 1842 2165 2091 2443
5691 4 2 5 29 1044 1046 1947 2503
5692 4 2 5 29 1922 2526 2056 2580
5693 4 2 5 29 1967 2230 2202 2237
5694 4 2 5 29 1199 2172 918 2296
5695 4 2 5 29 1856 2431 1932 2499
5696 4 2 5 29 834 944 832 2588
5697 4 2 5 29 1600 1173 1547 2451
5698 4 2 5 29 1865 2125 2047 2300
5699 4 2 5 29 1190 1421 1638 2137
5700 4 2 5 29 2184 2289 1970 2342
5701 4 2 5 29 1951 2273 1018 2287
5702 4 2 5 29 1385 1560 2200 2225
5703 4 2 5 29 1184 1639 1239 2306
5704 4 2 5 29 1441 2346 1481 2359
5705 4 2 5 29 1828 2038 2076 2183
5706 4 2 5 29 1656 1541 1966 2454
5707 4 2 5 29 1101 1284 1099 1929
5708 4 2 5 29 2320 2408 1913 2619
5709 4 2 5 29 1836 2142 2171 2384
5710 4 2 5 29 1734 2046 2358 2620
5711 4 2 5 29 1917 2171 2068 2258
5712 4 2 5 29 1216 1210 1209 2157
5713 4 2 5 29 1842 2008 2121 2415
5714 4 2 5 29 1117 1119 2188 2346
5715 4 2 5 29 1823 2163 2518 2586
5716 4 2 5 29 964 2172 1977 2380
5717 4 2 5 29 1825 2170 2114 2593
5718 4 2 5 29 908 910 1663 2077
5719 4 2 5 29 2033 2203 1938 2307
5720 4 2 5 29 2011 2114 1825 2170
5721 4 2 5 29 1879 2204 1969 2215
5722 4 2 5 29 1368 2194 2272 2481
5723 4 2 5 29 1663 2134 1641 2504
5724 4 2 5 29 1814 2004 2181 2396
5725 4 2 5 29 1857 1920 2214 2241
5726 4 2 5 29 2020 2062 1860 2523
5727 4 2 5 29 1832 2149 1923 2390
5728 4 2 5 29 864 866 1210 2466
5729 4 2 5 29 1051 1565 1563 1968
5730 4 2 5 29 1896 1998 2210 2356
5731 4 2 5 29 1942 2393 1197 2510
5732 4 2 5 29 2108 2516 1896 2587
5733 4 2 5 29 1887 2270 2370 2565
5734 4 2 5 29 1930 2165 2012 2535
5735 4 2 5 29 1941 2299 2134 2504
5736 4 2 5 29 1082 2294 1980 2504
5737 4 2 5 29 1393 1936 1394 2320
5738 4 2 5 29 1913 2160 2413 2461
5739 4 2 5 29 2097 2115 1906 2621
5740 4 2 5 29 1659 2327 2121 2441
5741 4 2 5 29 1836 2179 2269 2313
5742 4 2 5 29 1874 2317 2042 2422
5743 4 2 5 29 1384 1623 1612 2002
5744 4 2 5 29 1936 2151 2013 2595
5745 4 2 5 29 1930 2311 2051 2535
5746 4 2 5 29 1809 2438 1932 2530
5747 4 2 5 29 1845 1941 2077 2391
5748 4 2 5 29 1568 1935 1211 2174
5749 4 2 5 29 1874 2111 2317 2422
5750 4 2 5 29 1848 2103 2043 2480
5751 4 2 5 29 1953 2141 1951 2249
5752 4 2 5 29 1860 2286 2019 2523
5753 4 2 5 29 1856 2072 1940 2419
5754 4 2 5 29 2020 2062 1914 2112
5755 4 2 5 29 1018 1014 1175 1951
5756 4 2 5 29 2130 2131 1946 2293
5757 4 2 5 29 2115 2400 2313 2621
5758 4 2 5 29 1953 2226 1059 2573
5759 4 2 5 29 1054 1135 1390 2315
5760 4 2 5 29 1826 1960 2064 2268
5761 4 2 5 29 365 1601 1547 2175
5762 4 2 5 29 903 2273 1605 2294
5763 4 2 5 29 1850 2080 2036 2514
5764 4 2 5 29 1258 2074 1257 2362
5765 4 2 5 29 1935 2044 1972 2474
5766 4 2 5 29 1167 2018 2157 2373
5767 4 2 5 29 1018 1951 1176 2273
5768 4 2 5 29 1267 1078 1081 2023
5769 4 2 5 29 2047 2258 2201 2496
5770 4 2 5 29 2047 2251 1865 2300
5771 4 2 5 29 2031 2237 1997 2484
5772 4 2 5 29 1827 1904 2173 2438
5773 4 2 5 29 935 937 936 2035
5774 4 2 5 29 1907 2212 2000 2551
5775 4 2 5 29 1344 1945 1407 2322
5776 4 2 5 29 962 1969 1047 2508
5777 4 2 5 29 1097 1583 1089 2252
5778 4 2 5 29 1714 1720 1731 2418
5779 4 2 5 29 1903 2253 2202 2608
5780 4 2 5 29 977 1260 1437 2240
5781 4 2 5 29 1891 2145 1708 2557
5782 4 2 5 29 2145 2187 1841 2216
5783 4 2 5 29 1310 2107 2399 2543
5784 4 2 5 29 1990 2299 2135 2534
5785 4 2 5 29 1519 1215 1214 2003
5786 4 2 5 29 1872 2142 2171 2477
5787 4 2 5 29 1097 1089 1098 2101
5788 4 2 5 29 1859 2059 2370 2412
5789 4 2 5 29 1828 2076 1944 2329
5790 4 2 5 29 825 2223 2527 2594
5791 4 2 5 29 1077 2097 1971 2285
5792 4 2 5 29 1519 1332 1215 2197
5793 4 2 5 29 2053 2239 1152 2353
5794 4 2 5 29 2329 2411 2093 2436
5795 4 2 5 29 996 1158 815 1976
5796 4 2 5 29 1912 2091 1995 2443
5797 4 2 5 29 2094 2402 2275 2547
5798 4 2 5 29 1859 2194 2200 2270
5799 4 2 5 29 1508 826 1537 2081
5800 4 2 5 29 1510 1357 1928 2261
5801 4 2 5 29 2093 2178 1927 2560
5802 4 2 5 29 1803 2016 2555 2562
5803 4 2 5 29 2174 2279 1857 2487
5804 4 2 5 29 2083 1830 2423 2548
5805 4 2 5 29 1998 2210 1552 2516
5806 4 2 5 29 1189 1248 2137 2249
5807 4 2 5 29 1596 2118 2360 2400
5808 4 2 5 29 1858 1977 1968 2498
5809 4 2 5 29 1566 2149 2133 2320
5810 4 2 5 29 1969 2318 2204 2508
5811 4 2 5 29 1891 1708 2073 2557
5812 4 2 5 29 1907 2329 2212 2551
5813 4 2 5 29 1214 2003 1216 2157
5814 4 2 5 29 1685 2330 1727 2538
5815 4 2 5 29 1873 2064 1960 2268
5816 4 2 5 29 1948 2365 1361 2577
5817 4 2 5 29 2164 2197 1244 2517
5818 4 2 5 29 1068 1147 2041 2153
5819 4 2 5 29 1936 2010 2151 2595
5820 4 2 5 29 1978 2074 1822 2087
5821 4 2 5 29 1384 2272 2002 2287
5822 4 2 5 29 2024 2138 1866 2271
5823 4 2 5 29 355 2217 356 2276
5824 4 2 5 29 1831 1921 2107 2420
5825 4 2 5 29 1989 2571 947 2593
5826 4 2 5 29 1889 2333 2129 2611
5827 4 2 5 29 1317 825 823 2394
5828 4 2 5 29 1850 1956 2036 2544
5829 4 2 5 29 1856 2072 1932 2460
5830 4 2 5 29 1857 2012 1947 2397
5831 4 2 5 29 1974 2296 1855 2310
5832 4 2 5 29 1535 2140 1534 2347
5833 4 2 5 29 1842 1912 2091 2331
5834 4 2 5 29 872 933 1923 2244
5835 4 2 5 29 1466 1465 1575 1946
5836 4 2 5 29 2060 2389 2155 2490
5837 4 2 5 29 1857 1920 2192 2214
5838 4 2 5 29 1034 1997 2470 2484
5839 4 2 5 29 1802 2020 2062 2550
5840 4 2 5 29 1600 1538 2049 2175
5841 4 2 5 29 1542 2167 2013 2470
5842 4 2 5 29 1847 2178 2144 2486
5843 4 2 5 29 1146 2041 1552 2363
5844 4 2 5 29 1137 2054 1138 2302
5845 4 2 5 29 2038 2166 1854 2598
5846 4 2 5 29 1487 1026 1214 2429
5847 4 2 5 29 2159 2463 1892 2512
5848 4 2 5 29 2019 2286 1711 2523
5849 4 2 5 29 1830 2006 2159 2512
5850 4 2 5 29 2086 2344 1856 2499
5851 4 2 5 29 1842 1912 2331 2415
5852 4 2 5 29 2268 2303 1826 2480
5853 4 2 5 29 1824 2035 2391 2394
5854 4 2 5 29 2115 1579 2400 2621
5855 4 2 5 29 973 1942 971 2543
5856 4 2 5 29 1036 2470 2208 2484
5857 4 2 5 29 1823 2161 1976 2254
5858 4 2 5 29 875 2121 1988 2361
5859 4 2 5 29 1832 1929 2230 2376
5860 4 2 5 29 951 1541 1655 2147
5861 4 2 5 29 1013 2227 1550 2260
5862 4 2 5 29 1818 1930 2383 2443
5863 4 2 5 29 1846 1957 2189 2260
5864 4 2 5 29 1177 1933 898 2451
5865 4 2 5 29 1829 2010 2132 2242
5866 4 2 5 29 1214 1216 1301 2157
5867 4 2 5 29 908 2077 1400 2089
5868 4 2 5 29 1847 2053 2144 2433
5869 4 2 5 29 1558 947 2571 2593
5870 4 2 5 29 1844 2140 2059 2371
5871 4 2 5 29 1887 2026 1962 2576
5872 4 2 5 29 1900 2209 2371 2568
5873 4 2 5 29 1265 925 1263 2115
5874 4 2 5 29 1297 873 933 1923
5875 4 2 5 29 965 963 964 2366
5876 4 2 5 29 1809 2025 2438 2530
5877 4 2 5 29 2143 2248 1980 2467
5878 4 2 5 29 1844 2485 2153 2548
5879 4 2 5 29 868 2170 2011 2382
5880 4 2 5 29 1878 2113 2065 2259
5881 4 2 5 29 1829 2132 2081 2242
5882 4 2 5 29 2050 2581 1984 2602
5883 4 2 5 29 1964 2086 1888 2335
5884 4 2 5 29 1070 1090 1983 2252
5885 4 2 5 29 1027 893 895 2125
5886 4 2 5 29 2005 2277 1239 2541
5887 4 2 5 29 1828 2212 2076 2329
5888 4 2 5 29 1992 1880 2240 2502
5889 4 2 5 29 1053 2372 2198 2606
5890 4 2 5 29 1854 2252 1943 2598
5891 4 2 5 29 1184 1957 2306 2541
5892 4 2 5 29 1933 1827 2100 2357
5893 4 2 5 29 852 2024 834 2318
5894 4 2 5 29 352 2095 1419 2282
5895 4 2 5 29 1198 1634 1622 2296
5896 4 2 5 29 1808 2075 2056 2536
5897 4 2 5 29 1413 2041 1147 2210
5898 4 2 5 29 2118 2268 1848 2303
5899 4 2 5 29 992 991 1145 1999
5900 4 2 5 29 2053 2144 1985 2372
5901 4 2 5 29 2299 2391 1845 2534
5902 4 2 5 29 1800 2324 2116 2583
5903 4 2 5 29 2342 2528 1970 2538
5904 4 2 5 29 1844 2218 2485 2548
5905 4 2 5 29 1910 2176 1925 2444
5906 4 2 5 29 1843 2181 2004 2396
5907 4 2 5 29 1834 2102 1981 2220
5908 4 2 5 29 2088 2096 1912 2564
5909 4 2 5 29 1233 1229 1994 2577
5910 4 2 5 29 1832 2278 1929 2376
5911 4 2 5 29 1516 2120 1987 2223
5912 4 2 5 29 2004 2280 1620 2364
5913 4 2 5 29 1199 1432 918 2172
5914 4 2 5 29 1862 2215 1964 2271
5915 4 2 5 29 818 2149 2320 2408
5916 4 2 5 29 915 1665 1985 2372
5917 4 2 5 29 1922 2146 2017 2324
5918 4 2 5 29 830 2211 2015 2604
5919 4 2 5 29 2024 2318 2061 2588
5920 4 2 5 29 2330 2342 1970 2538
5921 4 2 5 29 2025 2173 2050 2602
5922 4 2 5 29 1433 1974 2172 2315
5923 4 2 5 29 2014 2240 1880 2502
5924 4 2 5 29 1703 2199 1735 2263
5925 4 2 5 29 1565 1493 1968 2488
5926 4 2 5 29 1809 1964 2138 2430
5927 4 2 5 29 1870 2129 1954 2150
5928 4 2 5 29 1014 1951 2227 2249
5929 4 2 5 29 1662 1621 937 1941
5930 4 2 5 29 1913 2390 2160 2461
5931 4 2 5 29 1478 1998 1552 2516
5932 4 2 5 29 1586 1989 949 2170
5933 4 2 5 29 1701 1689 1722 2246
5934 4 2 5 29 2044 2279 1947 2397
5935 4 2 5 29 1579 1569 1039 2314
5936 4 2 5 29 1358 358 2079 2261
5937 4 2 5 29 1862 2271 1964 2430
5938 4 2 5 29 1911 1912 2091 2446
5939 4 2 5 29 1970 2209 1805 2402
5940 4 2 5 29 2119 2252 1091 2482
5941 4 2 5 29 1432 2004 1620 2172
5942 4 2 5 29 1809 2084 1964 2430
5943 4 2 5 29 1291 905 2291 2483
5944 4 2 5 29 2177 2253 1903 2427
5945 4 2 5 29 1175 1176 1018 2573
5946 4 2 5 29 898 1933 1177 2604
5947 4 2 5 29 1478 1551 1552 1998
5948 4 2 5 29 1959 2291 890 2351
5949 4 2 5 29 1733 2446 2096 2564
5950 4 2 5 29 1878 2259 2065 2458
5951 4 2 5 29 1633 1161 1160 1937
5952 4 2 5 29 1363 2226 2054 2294
5953 4 2 5 29 1932 2072 1856 2499
5954 4 2 5 29 1496 2122 1653 2312
5955 4 2 5 29 1949 1713 2246 2599
5956 4 2 5 29 1871 2142 1949 2221
5957 4 2 5 29 1981 2102 1834 2186
5958 4 2 5 29 1868 2180 2173 2357
5959 4 2 5 29 1847 2144 2053 2603
5960 4 2 5 29 2043 1949 2303 2480
5961 4 2 5 29 2133 2320 1832 2332
5962 4 2 5 29 1583 1943 1584 2421
5963 4 2 5 29 1842 2121 2229 2361
5964 4 2 5 29 1917 2258 2068 2409
5965 4 2 5 29 1903 2230 2127 2376
5966 4 2 5 29 911 2214 1454 2311
5967 4 2 5 29 1080 2023 1078 2585
5968 4 2 5 29 1027 1487 1486 1955
5969 4 2 5 29 1129 1380 2047 2201
5970 4 2 5 29 1811 1996 2150 2611
5971 4 2 5 29 1591 1076 2128 2293
5972 4 2 5 29 1854 2178 2119 2598
5973 4 2 5 29 1152 2353 2239 2459
5974 4 2 5 29 911 1593 2001 2311
5975 4 2 5 29 1934 2032 2345 2487
5976 4 2 5 29 961 960 2262 2508
5977 4 2 5 29 2065 2446 1911 2506
5978 4 2 5 29 1989 949 2170 2593
5979 4 2 5 29 1215 2003 2197 2466
5980 4 2 5 29 1310 1132 1314 2107
5981 4 2 5 29 1800 2116 1925 2381
5982 4 2 5 29 1441 1531 2346 2439
5983 4 2 5 29 1573 1572 1137 1904
5984 4 2 5 29 1430 2194 1560 2225
5985 4 2 5 29 2080 2088 1803 2415
5986 4 2 5 29 1826 2434 2064 2515
5987 4 2 5 29 1229 2131 1994 2577
5988 4 2 5 29 2153 2218 1844 2569
5989 4 2 5 29 1018 2287 1611 2472
5990 4 2 5 29 1320 1944 1319 2250
5991 4 2 5 29 1933 898 2451 2604
5992 4 2 5 29 834 2024 1415 2588
5993 4 2 5 29 1796 1975 2326 2461
5994 4 2 5 29 1973 2546 2102 2563
5995 4 2 5 29 1952 2063 1838 2517
5996 4 2 5 29 347 1241 348 2152
5997 4 2 5 29 1612 1611 2002 2472
5998 4 2 5 29 1920 2001 2404 2607
5999 4 2 5 29 1836 2171 2068 2384
6000 4 2 5 29 2268 2303 2118 2333
6001 4 2 5 29 1468 2243 1469 2262
6002 4 2 5 29 1586 2170 1674 2305
6003 4 2 5 29 979 1986 1435 2262
6004 4 2 5 29 1919 2213 2092 2570
6005 4 2 5 29 1469 2120 961 2262
6006 4 2 5 29 1610 2472 2002 2479
6007 4 2 5 29 2030 2075 1872 2526
6008 4 2 5 29 1523 1240 2068 2258
6009 4 2 5 29 2006 1835 2284 2464
6010 4 2 5 29 1175 1018 1951 2573
6011 4 2 5 29 347 1956 1003 2285
6012 4 2 5 29 1863 2326 2353 2603
6013 4 2 5 29 1844 2218 2153 2485
6014 4 2 5 29 1815 2023 2377 2597
6015 4 2 5 29 1453 1484 1117 1934
6016 4 2 5 29 1850 2036 2016 2514
6017 4 2 5 29 1825 1989 2155 2236
6018 4 2 5 29 1897 2402 2189 2528
6019 4 2 5 29 1819 2146 2075 2513
6020 4 2 5 29 2010 2373 1958 2583
6021 4 2 5 29 1190 1059 1953 2302
6022 4 2 5 29 1947 2279 2044 2331
6023 4 2 5 29 2142 1872 2341 2549
6024 4 2 5 29 1875 1929 2127 2277
6025 4 2 5 29 2086 2323 1908 2358
6026 4 2 5 29 1286 1251 1155 2416
6027 4 2 5 29 1831 1942 2205 2399
6028 4 2 5 29 1394 1936 1393 2595
6029 4 2 5 29 1059 2249 1953 2573
6030 4 2 5 29 1945 2129 2007 2340
6031 4 2 5 29 1858 1986 2196 2288
6032 4 2 5 29 1566 2133 1113 2320
6033 4 2 5 29 1863 2182 2015 2532
6034 4 2 5 29 2193 2254 1891 2298
6035 4 2 5 29 1925 2199 1910 2410
6036 4 2 5 29 1903 2230 2376 2608
6037 4 2 5 29 1867 2233 1997 2284
6038 4 2 5 29 1196 1942 973 2399
6039 4 2 5 29 1948 2167 1864 2337
6040 4 2 5 29 357 2243 1981 2476
6041 4 2 5 29 1436 2223 825 2594
6042 4 2 5 29 1137 2054 1904 2454
6043 4 2 5 29 1839 1951 2141 2615
6044 4 2 5 29 1802 2281 2191 2550
6045 4 2 5 29 2196 2344 2228 2524
6046 4 2 5 29 1436 825 2223 2527
6047 4 2 5 29 1344 1945 2322 2425
6048 4 2 5 29 1082 1606 1085 2294
6049 4 2 5 29 1543 1542 2013 2470
6050 4 2 5 29 1805 2048 2328 2370
6051 4 2 5 29 1262 2211 1978 2435
6052 4 2 5 29 2160 1869 2413 2461
6053 4 2 5 29 973 1196 1197 1942
6054 4 2 5 29 1334 1979 999 2283
6055 4 2 5 29 1117 1934 1484 2241
6056 4 2 5 29 1105 1103 2232 2312
6057 4 2 5 29 1449 2251 2222 2577
6058 4 2 5 29 1627 1075 2284 2559
6059 4 2 5 29 2037 2071 1882 2247
6060 4 2 5 29 953 2545 2156 2616
6061 4 2 5 29 1307 1013 1550 2260
6062 4 2 5 29 1823 1976 2040 2254
6063 4 2 5 29 1434 1553 1047 1969
6064 4 2 5 29 1642 2363 2227 2472
6065 4 2 5 29 1282 939 1669 2156
6066 4 2 5 29 1884 2105 2095 2584
6067 4 2 5 29 1034 2470 1036 2484
6068 4 2 5 29 868 1226 2114 2170
6069 4 2 5 29 2156 2545 1961 2616
6070 4 2 5 29 2189 2209 1846 2568
6071 4 2 5 29 833 832 1434 2061
6072 4 2 5 29 2059 2371 2140 2494
6073 4 2 5 29 2129 2423 1830 2548
6074 4 2 5 29 1360 990 1361 2365
6075 4 2 5 29 1105 1140 1103 2312
6076 4 2 5 29 1865 2146 2056 2539
6077 4 2 5 29 1445 2203 1559 2305
6078 4 2 5 29 2012 1818 2311 2426
6079 4 2 5 29 1987 2476 2217 2507
6080 4 2 5 29 1952 2033 1840 2439
6081 4 2 5 29 1567 1935 1568 2305
6082 4 2 5 29 1822 1978 2066 2422
6083 4 2 5 29 1692 2316 2549 2590
6084 4 2 5 29 2095 2105 1916 2584
6085 4 2 5 29 1157 1976 1159 2462
6086 4 2 5 29 2412 2471 2059 2565
6087 4 2 5 29 2207 2326 1975 2591
6088 4 2 5 29 369 1914 2348 2523
6089 4 2 5 29 1815 1919 2158 2308
6090 4 2 5 29 2049 2147 1171 2450
6091 4 2 5 29 1511 1510 1928 2261
6092 4 2 5 29 854 2038 856 2250
6093 4 2 5 29 1825 2155 2060 2389
6094 4 2 5 29 1800 2116 1958 2583
6095 4 2 5 29 954 952 953 1961
6096 4 2 5 29 1151 1152 2053 2239
6097 4 2 5 29 1249 1266 1440 2416
6098 4 2 5 29 1633 2266 1937 2503
6099 4 2 5 29 1382 1015 1206 2011
6100 4 2 5 29 1888 2304 2358 2424
6101 4 2 5 29 1967 2168 1820 2558
6102 4 2 5 29 852 853 851 2318
6103 4 2 5 29 2024 2292 1862 2318
6104 4 2 5 29 2314 2384 2068 2398
6105 4 2 5 29 1801 2412 2026 2565
6106 4 2 5 29 1368 1367 2194 2481
6107 4 2 5 29 1840 2255 2056 2580
6108 4 2 5 29 2208 2470 1997 2484
6109 4 2 5 29 1955 2063 2255 2429
6110 4 2 5 29 1832 2244 2278 2376
6111 4 2 5 29 1891 2145 1940 2193
6112 4 2 5 29 1973 1821 2105 2563
6113 4 2 5 29 1450 1452 2222 2300
6114 4 2 5 29 1962 2150 1996 2354
6115 4 2 5 29 2066 1868 2357 2575
6116 4 2 5 29 1812 1964 2215 2271
6117 4 2 5 29 2029 2326 1847 2353
6118 4 2 5 29 954 952 1961 2579
6119 4 2 5 29 1831 2205 2282 2399
6120 4 2 5 29 2245 2322 1126 2398
6121 4 2 5 29 1808 2030 2060 2490
6122 4 2 5 29 1990 2335 1727 2530
6123 4 2 5 29 1324 1322 1323 2406
6124 4 2 5 29 1503 2218 1982 2574
6125 4 2 5 29 872 2149 933 2244
6126 4 2 5 29 1106 1657 1111 2475
6127 4 2 5 29 873 871 872 2244
6128 4 2 5 29 2015 2182 1863 2239
6129 4 2 5 29 2102 2546 2336 2563
6130 4 2 5 29 1324 1325 1322 2231
6131 4 2 5 29 1711 2019 1722 2246
6132 4 2 5 29 1701 1962 1689 2246
6133 4 2 5 29 1832 2320 2149 2332
6134 4 2 5 29 2074 2387 1220 2435
6135 4 2 5 29 1980 2294 2134 2504
6136 4 2 5 29 2155 2389 1878 2490
6137 4 2 5 29 810 2156 953 2545
6138 4 2 5 29 1077 1971 925 2285
6139 4 2 5 29 953 2156 810 2616
6140 4 2 5 29 1214 1301 1487 2157
6141 4 2 5 29 1310 1397 1921 2543
6142 4 2 5 29 1650 2355 2007 2425
6143 4 2 5 29 1904 2454 2147 2489
6144 4 2 5 29 1806 2110 2046 2497
6145 4 2 5 29 1138 2054 1060 2226
6146 4 2 5 29 2038 2166 1943 2421
6147 4 2 5 29 1607 1664 1161 2267
6148 4 2 5 29 1680 2419 1679 2499
6149 4 2 5 29 900 968 967 1939
6150 4 2 5 29 1335 1938 1108 2307
6151 4 2 5 29 1813 1983 2101 2297
6152 4 2 5 29 1552 1998 1551 2363
6153 4 2 5 29 1244 2197 2164 2455
6154 4 2 5 29 1554 837 2114 2179
6155 4 2 5 29 1626 1997 1386 2284
6156 4 2 5 29 1808 2490 2195 2526
6157 4 2 5 29 1027 2125 895 2429
6158 4 2 5 29 2007 2128 1830 2425
6159 4 2 5 29 2138 2271 2024 2430
6160 4 2 5 29 1929 2127 2277 2495
6161 4 2 5 29 1813 2178 2417 2537
6162 4 2 5 29 965 1353 1928 2364
6163 4 2 5 29 1276 1273 2139 2218
6164 4 2 5 29 1943 2166 2038 2598
6165 4 2 5 29 1936 2208 1393 2595
6166 4 2 5 29 1569 2314 2313 2621
6167 4 2 5 29 933 1923 2149 2408
6168 4 2 5 29 1527 2120 2243 2476
6169 4 2 5 29 1824 2123 2352 2428
6170 4 2 5 29 2054 2226 1138 2302
6171 4 2 5 29 1518 1607 986 2016
6172 4 2 5 29 1972 2382 2170 2474
6173 4 2 5 29 828 2081 827 2242
6174 4 2 5 29 1522 2201 1931 2593
6175 4 2 5 29 2035 1824 2391 2447
6176 4 2 5 29 1857 2214 2192 2426
6177 4 2 5 29 953 1348 2052 2616
6178 4 2 5 29 2019 2403 2020 2523
6179 4 2 5 29 1472 2223 1436 2594
6180 4 2 5 29 855 2038 1513 2421
6181 4 2 5 29 1826 2268 1996 2303
6182 4 2 5 29 1875 2277 2127 2495
6183 4 2 5 29 1931 2258 1521 2492
6184 4 2 5 29 1304 876 1315 2095
6185 4 2 5 29 2038 2183 1909 2421
6186 4 2 5 29 1890 2272 2089 2328
6187 4 2 5 29 2008 2067 1411 2441
6188 4 2 5 29 1834 2186 1961 2579
6189 4 2 5 29 1852 2148 1945 2322
6190 4 2 5 29 2207 2532 2459 2592
6191 4 2 5 29 2123 2447 1888 2620
6192 4 2 5 29 1290 2393 2152 2510
6193 4 2 5 29 1854 1943 2252 2482
6194 4 2 5 29 1848 2103 1971 2452
6195 4 2 5 29 1068 1063 1147 2153
6196 4 2 5 29 1811 2129 1954 2341
6197 4 2 5 29 875 1988 1498 2361
6198 4 2 5 29 1885 2100 2357 2416
6199 4 2 5 29 1800 2255 2056 2539
6200 4 2 5 29 1913 2149 2320 2332
6201 4 2 5 29 1018 2273 1176 2287
6202 4 2 5 29 1904 2248 1966 2454
6203 4 2 5 29 1864 2013 2167 2473
6204 4 2 5 29 1940 2145 1891 2557
6205 4 2 5 29 1284 2244 1285 2362
6206 4 2 5 29 1559 1558 947 2571
6207 4 2 5 29 1837 2420 2110 2502
6208 4 2 5 29 1620 2172 2004 2364
6209 4 2 5 29 1170 1488 1597 2339
6210 4 2 5 29 2077 2391 2035 2394
6211 4 2 5 29 1913 2390 1975 2408
6212 4 2 5 29 1408 1126 2322 2398
6213 4 2 5 29 53 2491 2185 2581
6214 4 2 5 29 1975 1923 2317 2387
6215 4 2 5 29 1920 2192 2214 2426
6216 4 2 5 29 1831 2105 1914 2497
6217 4 2 5 29 950 1177 1266 2604
6218 4 2 5 29 1668 1968 2238 2445
6219 4 2 5 29 1835 1997 2284 2559
6220 4 2 5 29 1812 2086 1964 2344
6221 4 2 5 29 2123 2223 1880 2578
6222 4 2 5 29 2256 2289 2059 2565
6223 4 2 5 29 1796 2160 2390 2461
6224 4 2 5 29 1838 2071 1952 2386
6225 4 2 5 29 1400 1401 822 2077
6226 4 2 5 29 1914 2062 2020 2523
6227 4 2 5 29 1220 1255 2074 2435
6228 4 2 5 29 1799 2180 2094 2453
6229 4 2 5 29 1913 2224 1975 2461
6230 4 2 5 29 1842 2091 1947 2331
6231 4 2 5 29 1812 2196 1986 2288
6232 4 2 5 29 1826 2064 1960 2515
6233 4 2 5 29 965 1357 963 2366
6234 4 2 5 29 902 2273 1965 2287
6235 4 2 5 29 2050 2275 1984 2538
6236 4 2 5 29 1312 2214 1020 2241
6237 4 2 5 29 925 1971 926 2483
6238 4 2 5 29 1919 2213 2136 2620
6239 4 2 5 29 902 903 901 1965
6240 4 2 5 29 2206 2309 1872 2341
6241 4 2 5 29 1177 2450 1933 2451
6242 4 2 5 29 1139 1573 1137 2302
6243 4 2 5 29 1827 2357 1933 2589
6244 4 2 5 29 1991 2148 842 2437
6245 4 2 5 29 1867 2473 2233 2525
6246 4 2 5 29 1987 2120 1879 2223
6247 4 2 5 29 1668 1563 1968 2445
6248 4 2 5 29 1335 1336 1474 2125
6249 4 2 5 29 1815 2334 2308 2610
6250 4 2 5 29 1993 1982 2574 2609
6251 4 2 5 29 890 2291 1959 2552
6252 4 2 5 29 1815 2092 2026 2158
6253 4 2 5 29 1703 1704 2190 2247
6254 4 2 5 29 905 890 2291 2351
6255 4 2 5 29 1861 2436 1974 2493
6256 4 2 5 29 1895 2532 2207 2592
6257 4 2 5 29 1925 2247 2199 2410
6258 4 2 5 29 1027 1955 1486 2300
6259 4 2 5 29 1197 1942 1196 2282
6260 4 2 5 29 1806 2123 2110 2578
6261 4 2 5 29 1984 2581 2185 2602
6262 4 2 5 29 1833 1934 2188 2345
6263 4 2 5 29 1255 1031 1256 2435
6264 4 2 5 29 1974 2172 2004 2296
6265 4 2 5 29 1691 1689 1701 1962
6266 4 2 5 29 1055 2198 1492 2442
6267 4 2 5 29 1853 2103 1971 2109
6268 4 2 5 29 1813 2257 2561 2598
6269 4 2 5 29 1883 2017 2168 2558
6270 4 2 5 29 2209 2227 1900 2472
6271 4 2 5 29 1718 2030 1719 2458
6272 4 2 5 29 953 1961 952 2545
6273 4 2 5 29 1831 1921 2420 2612
6274 4 2 5 29 1921 2392 2502 2553
6275 4 2 5 29 1843 1961 2156 2545
6276 4 2 5 29 1829 2010 2242 2583
6277 4 2 5 29 1700 1699 2213 2348
6278 4 2 5 29 1970 1817 2371 2568
6279 4 2 5 29 1489 1389 1297 2408
6280 4 2 5 29 1992 1924 2378 2610
6281 4 2 5 29 1282 813 939 2156
6282 4 2 5 29 2308 2391 1919 2534
6283 4 2 5 29 1805 2402 2209 2615
6284 4 2 5 29 1819 2146 2513 2525
6285 4 2 5 29 1968 2057 1905 2445
6286 4 2 5 29 1544 1218 2044 2503
6287 4 2 5 29 1883 2168 2017 2418
6288 4 2 5 29 1973 2102 1821 2563
6289 4 2 5 29 1138 2226 1060 2302
6290 4 2 5 29 1799 2021 2219 2542
6291 4 2 5 29 1865 2222 2018 2300
6292 4 2 5 29 1015 1004 1003 2097
6293 4 2 5 29 1205 1482 1090 2432
6294 4 2 5 29 2028 2417 2178 2537
6295 4 2 5 29 1960 2064 1849 2434
6296 4 2 5 29 353 1419 2095 2368
6297 4 2 5 29 371 370 1973 2358
6298 4 2 5 29 1633 1937 2266 2267
6299 4 2 5 29 1818 2027 1995 2383
6300 4 2 5 29 1827 2138 1966 2438
6301 4 2 5 29 1833 2099 2009 2345
6302 4 2 5 29 1941 1845 2299 2391
6303 4 2 5 29 1827 1933 2100 2589
6304 4 2 5 29 1937 2331 2044 2414
6305 4 2 5 29 1942 2282 2205 2399
6306 4 2 5 29 2239 2353 1863 2459
6307 4 2 5 29 1928 1834 2162 2181
6308 4 2 5 29 1835 2284 2233 2512
6309 4 2 5 29 1973 2358 2220 2401
6310 4 2 5 29 2059 2412 1859 2471
6311 4 2 5 29 1880 1939 2367 2468
6312 4 2 5 29 852 1460 834 2024
6313 4 2 5 29 1997 1820 2233 2473
6314 4 2 5 29 1808 2195 2056 2526
6315 4 2 5 29 1725 2213 2136 2570
6316 4 2 5 29 909 901 903 1965
6317 4 2 5 29 1510 1614 1357 2261
6318 4 2 5 29 1864 2167 2013 2407
6319 4 2 5 29 1322 2109 1326 2406
6320 4 2 5 29 1190 1059 1189 1953
6321 4 2 5 29 1995 2385 2096 2563
6322 4 2 5 29 1572 1137 1904 2454
6323 4 2 5 29 1724 1990 1727 2570
6324 4 2 5 29 2311 2426 1818 2519
6325 4 2 5 29 1037 1997 1626 2469
6326 4 2 5 29 1110 867 2466 2533
6327 4 2 5 29 2103 2452 2043 2480
6328 4 2 5 29 1104 2232 1323 2566
6329 4 2 5 29 993 1366 995 2293
6330 4 2 5 29 2014 2420 1921 2502
6331 4 2 5 29 1876 2234 2000 2614
6332 4 2 5 29 1863 2353 2053 2603
6333 4 2 5 29 2114 2170 1226 2593
6334 4 2 5 29 866 864 865 2533
6335 4 2 5 29 2095 2107 1831 2399
6336 4 2 5 29 1596 1598 1582 2406
6337 4 2 5 29 1896 2306 1957 2556
6338 4 2 5 29 1909 2164 1943 2421
6339 4 2 5 29 2046 2213 1699 2348
6340 4 2 5 29 2158 2328 2048 2370
6341 4 2 5 29 1220 2074 871 2387
6342 4 2 5 29 1302 1260 977 2468
6343 4 2 5 29 1236 2126 2005 2531
6344 4 2 5 29 1861 2298 1979 2436
6345 4 2 5 29 1808 2171 2075 2496
6346 4 2 5 29 2044 2331 1937 2503
6347 4 2 5 29 1967 2338 2039 2463
6348 4 2 5 29 933 873 872 1923
6349 4 2 5 29 1957 2453 2094 2495
6350 4 2 5 29 1115 1393 1394 2320
6351 4 2 5 29 1556 2001 1339 2295
6352 4 2 5 29 2222 2251 1994 2577
6353 4 2 5 29 1276 2139 1169 2339
6354 4 2 5 29 1070 1089 1090 2252
6355 4 2 5 29 2001 2295 2051 2311
6356 4 2 5 29 2009 2099 1816 2345
6357 4 2 5 29 1332 1519 1244 2197
6358 4 2 5 29 2048 2092 1919 2158
6359 4 2 5 29 1910 2082 1950 2235
6360 4 2 5 29 1729 1728 1726 2330
6361 4 2 5 29 2002 2479 2140 2494
6362 4 2 5 29 1891 2323 2022 2557
6363 4 2 5 29 2199 2520 1813 2537
6364 4 2 5 29 2021 2137 1638 2449
6365 4 2 5 29 978 362 2238 2500
6366 4 2 5 29 1611 1612 2002 2287
6367 4 2 5 29 1964 2271 2138 2430
6368 4 2 5 29 2323 2385 1915 2401
6369 4 2 5 29 1273 1503 1274 2574
6370 4 2 5 29 2130 1892 2233 2512
6371 4 2 5 29 1887 2092 2048 2158
6372 4 2 5 29 1553 960 1969 2262
6373 4 2 5 29 1700 2348 2213 2403
6374 4 2 5 29 1469 961 2120 2508
6375 4 2 5 29 1703 1735 1702 2263
6376 4 2 5 29 1086 1363 2054 2294
6377 4 2 5 29 1475 356 357 2186
6378 4 2 5 29 1181 1449 1233 2577
6379 4 2 5 29 1815 1919 2308 2334
6380 4 2 5 29 1888 2123 2304 2447
6381 4 2 5 29 1841 2144 2193 2486
6382 4 2 5 29 1958 2242 1898 2533
6383 4 2 5 29 1921 2399 2107 2543
6384 4 2 5 29 1921 2502 2420 2553
6385 4 2 5 29 816 815 1158 2462
6386 4 2 5 29 1816 2345 2032 2487
6387 4 2 5 29 1830 2128 2007 2355
6388 4 2 5 29 1571 1543 2013 2208
6389 4 2 5 29 1715 2235 2410 2418
6390 4 2 5 29 1733 2096 2088 2564
6391 4 2 5 29 2082 2253 2427 2608
6392 4 2 5 29 1362 1086 2054 2467
6393 4 2 5 29 1295 348 844 2016
6394 4 2 5 29 1829 2160 2176 2457
6395 4 2 5 29 1935 1833 2188 2305
6396 4 2 5 29 2173 2180 1868 2602
6397 4 2 5 29 1817 2289 1963 2528
6398 4 2 5 29 1534 1535 1533 2140
6399 4 2 5 29 1853 2265 2152 2483
6400 4 2 5 29 2059 2140 1844 2471
6401 4 2 5 29 1814 1977 2172 2493
6402 4 2 5 29 1295 1003 1956 2264
6403 4 2 5 29 1920 2404 2183 2607
6404 4 2 5 29 2082 2160 1950 2608
6405 4 2 5 29 892 1179 1380 2047
6406 4 2 5 29 2120 2243 1901 2262
6407 4 2 5 29 1381 2047 1380 2201
6408 4 2 5 29 1841 1940 2193 2319
6409 4 2 5 29 1813 2176 2297 2561
6410 4 2 5 29 1840 2056 2125 2536
6411 4 2 5 29 2198 2298 1851 2372
6412 4 2 5 29 1915 2323 2073 2385
6413 4 2 5 29 1984 2177 1903 2185
6414 4 2 5 29 1051 2040 1050 2488
6415 4 2 5 29 2001 2214 2311 2426
6416 4 2 5 29 1830 2159 2423 2512
6417 4 2 5 29 1932 2431 2138 2499
6418 4 2 5 29 2026 2092 1887 2158
6419 4 2 5 29 1511 1510 2261 2579
6420 4 2 5 29 1797 2036 2098 2505
6421 4 2 5 29 2160 2457 1869 2461
6422 4 2 5 29 1853 2152 2291 2483
6423 4 2 5 29 2082 2390 2160 2608
6424 4 2 5 29 1895 2074 1978 2435
6425 4 2 5 29 1810 2298 2078 2436
6426 4 2 5 29 1700 1725 1728 2092
6427 4 2 5 29 2160 2444 2176 2457
6428 4 2 5 29 1859 2059 2140 2494
6429 4 2 5 29 2350 2395 1866 2588
6430 4 2 5 29 2124 2392 1893 2585
6431 4 2 5 29 1950 2235 2082 2253
6432 4 2 5 29 2001 2426 2311 2519
6433 4 2 5 29 1799 2021 2453 2547
6434 4 2 5 29 1162 2008 1163 2121
6435 4 2 5 29 1291 2291 2152 2483
6436 4 2 5 29 1966 2143 2430 2613
6437 4 2 5 29 1083 1447 1084 2467
6438 4 2 5 29 1999 2118 1144 2437
6439 4 2 5 29 1454 2214 2012 2311
6440 4 2 5 29 1895 2317 2207 2532
6441 4 2 5 29 1824 2055 2352 2394
6442 4 2 5 29 1735 1710 1708 2145
6443 4 2 5 29 833 832 2061 2318
6444 4 2 5 29 1062 2007 2153 2485
6445 4 2 5 29 827 2132 829 2242
6446 4 2 5 29 2133 2149 1832 2320
6447 4 2 5 29 1433 918 1974 2315
6448 4 2 5 29 1821 1988 2052 2584
6449 4 2 5 29 888 907 1042 2165
6450 4 2 5 29 1836 2171 2142 2477
6451 4 2 5 29 1960 1849 2169 2434
6452 4 2 5 29 1218 1544 2044 2474
6453 4 2 5 29 1197 351 2067 2282
6454 4 2 5 29 1586 1455 1674 2170
6455 4 2 5 29 1880 2055 1992 2240
6456 4 2 5 29 1859 2140 2059 2471
6457 4 2 5 29 1898 2081 2297 2533
6458 4 2 5 29 1875 2453 1957 2495
6459 4 2 5 29 1994 2245 1228 2409
6460 4 2 5 29 1824 2352 2035 2394
6461 4 2 5 29 1803 2088 2036 2562
6462 4 2 5 29 949 1989 1587 2593
6463 4 2 5 29 1731 1686 1963 2590
6464 4 2 5 29 1992 2428 1880 2502
6465 4 2 5 29 1118 2033 2188 2346
6466 4 2 5 29 870 1226 2170 2593
6467 4 2 5 29 1210 866 1208 1958
6468 4 2 5 29 1358 1514 358 2261
6469 4 2 5 29 350 1197 351 2067
6470 4 2 5 29 1454 1313 2012 2214
6471 4 2 5 29 1993 2312 1899 2609
6472 4 2 5 29 1565 1051 1050 2488
6473 4 2 5 29 1863 2459 2353 2591
6474 4 2 5 29 1947 2331 2044 2503
6475 4 2 5 29 1950 2253 2082 2608
6476 4 2 5 29 1847 2028 2486 2603
6477 4 2 5 29 2082 2253 2235 2427
6478 4 2 5 29 1522 1521 1931 2258
6479 4 2 5 29 1919 2391 2308 2610
6480 4 2 5 29 373 2072 1679 2419
6481 4 2 5 29 1041 2068 1473 2398
6482 4 2 5 29 1975 2317 2207 2387
6483 4 2 5 29 876 2107 878 2521
6484 4 2 5 29 1671 938 2051 2374
6485 4 2 5 29 1840 2125 1938 2536
6486 4 2 5 29 1906 2114 2011 2601
6487 4 2 5 29 1810 2411 1979 2436
6488 4 2 5 29 1489 2224 1975 2408
6489 4 2 5 29 1967 2338 2177 2554
6490 4 2 5 29 1073 1072 2006 2464
6491 4 2 5 29 915 917 1665 2372
6492 4 2 5 29 1367 863 2069 2481
6493 4 2 5 29 1921 2392 2014 2502
6494 4 2 5 29 1950 2082 1910 2160
6495 4 2 5 29 2079 2262 359 2572
6496 4 2 5 29 2030 1872 2375 2526
6497 4 2 5 29 2182 2193 1940 2319
6498 4 2 5 29 1326 926 2109 2483
6499 4 2 5 29 1997 2284 1626 2469
6500 4 2 5 29 1831 2205 2095 2282
6501 4 2 5 29 2095 2282 352 2399
6502 4 2 5 29 2347 2363 1900 2371
6503 4 2 5 29 2123 2046 2428 2620
6504 4 2 5 29 1492 1056 2040 2617
6505 4 2 5 29 1669 2156 939 2374
6506 4 2 5 29 1816 2037 2099 2405
6507 4 2 5 29 1818 2212 2426 2607
6508 4 2 5 29 1397 1396 859 2124
6509 4 2 5 29 1949 2150 1996 2246
6510 4 2 5 29 1629 1099 1284 2277
6511 4 2 5 29 1366 2006 1076 2293
6512 4 2 5 29 1038 1618 2400 2437
6513 4 2 5 29 1613 2261 2079 2366
6514 4 2 5 29 362 2445 2238 2500
6515 4 2 5 29 1916 2105 2102 2584
6516 4 2 5 29 1803 2016 2067 2555
6517 4 2 5 29 2082 2427 2235 2501
6518 4 2 5 29 2067 2205 2282 2441
6519 4 2 5 29 1940 2419 2072 2491
6520 4 2 5 29 2195 2490 1882 2526
6521 4 2 5 29 1919 2092 2048 2570
6522 4 2 5 29 1814 1928 2162 2181
6523 4 2 5 29 2224 2408 1592 2619
6524 4 2 5 29 1838 2071 2386 2614
6525 4 2 5 29 2010 2407 2373 2583
6526 4 2 5 29 1385 2605 1141 2609
6527 4 2 5 29 1831 2107 1939 2420
6528 4 2 5 29 2129 2333 1811 2611
6529 4 2 5 29 1500 2183 2038 2421
6530 4 2 5 29 1711 1722 1713 2246
6531 4 2 5 29 1846 1951 2141 2249
6532 4 2 5 29 1724 1727 1726 2570
6533 4 2 5 29 1981 1916 2102 2276
6534 4 2 5 29 1828 2212 2329 2551
6535 4 2 5 29 1295 1204 1003 2264
6536 4 2 5 29 1897 2177 1984 2538
6537 4 2 5 29 1886 2070 1942 2612
6538 4 2 5 29 1819 2017 2146 2525
6539 4 2 5 29 371 1699 370 2358
6540 4 2 5 29 1488 2339 1170 2566
6541 4 2 5 29 2035 2204 1862 2292
6542 4 2 5 29 1189 1953 1059 2249
6543 4 2 5 29 1044 1947 1042 2397
6544 4 2 5 29 957 2053 2353 2433
6545 4 2 5 29 909 2089 1594 2272
6546 4 2 5 29 848 1091 850 2482
6547 4 2 5 29 906 1176 2273 2287
6548 4 2 5 29 1867 2130 2233 2512
6549 4 2 5 29 1073 2006 1366 2284
6550 4 2 5 29 2064 2434 1960 2515
6551 4 2 5 29 1633 1937 1160 2503
6552 4 2 5 29 1522 947 1558 2593
6553 4 2 5 29 1136 1502 1504 2225
6554 4 2 5 29 1807 2015 2085 2325
6555 4 2 5 29 1415 834 1460 2024
6556 4 2 5 29 1817 2289 1970 2371
6557 4 2 5 29 1848 2268 2103 2480
6558 4 2 5 29 2030 2259 1878 2458
6559 4 2 5 29 1856 2419 2086 2499
6560 4 2 5 29 2174 2241 1857 2397
6561 4 2 5 29 1522 2201 1128 2258
6562 4 2 5 29 1831 1939 2110 2420
6563 4 2 5 29 1869 2160 2413 2457
6564 4 2 5 29 1304 876 2095 2399
6565 4 2 5 29 894 1180 1179 2300
6566 4 2 5 29 1943 2561 2257 2598
6567 4 2 5 29 1824 2447 2123 2620
6568 4 2 5 29 1114 1393 2133 2208
6569 4 2 5 29 1114 2133 1116 2208
6570 4 2 5 29 2075 2171 1917 2496
6571 4 2 5 29 868 870 1226 2170
6572 4 2 5 29 813 1988 1498 2616
6573 4 2 5 29 1640 2021 2290 2302
6574 4 2 5 29 2199 2263 1876 2520
6575 4 2 5 29 2194 2200 1890 2481
6576 4 2 5 29 973 2399 1942 2543
6577 4 2 5 29 1957 2453 1875 2541
6578 4 2 5 29 1404 2392 2124 2585
6579 4 2 5 29 1937 1842 2229 2331
6580 4 2 5 29 2160 1910 2444 2457
6581 4 2 5 29 1973 2105 2102 2388
6582 4 2 5 29 1842 2331 1937 2415
6583 4 2 5 29 1551 1478 1306 1998
6584 4 2 5 29 1591 1076 1464 2128
6585 4 2 5 29 1629 2277 1284 2540
6586 4 2 5 29 1185 1248 1183 2260
6587 4 2 5 29 1906 2269 2043 2452
6588 4 2 5 29 1721 2065 1717 2259
6589 4 2 5 29 1482 1983 1090 2432
6590 4 2 5 29 1244 2164 1243 2455
6591 4 2 5 29 2075 2375 1872 2526
6592 4 2 5 29 1982 2412 2225 2609
6593 4 2 5 29 1974 1861 2315 2436
6594 4 2 5 29 1985 2372 1665 2433
6595 4 2 5 29 1976 2085 1881 2462
6596 4 2 5 29 2028 1847 2326 2603
6597 4 2 5 29 1131 1331 2108 2464
6598 4 2 5 29 1868 2185 2581 2602
6599 4 2 5 29 2202 2253 1967 2558
6600 4 2 5 29 370 369 1914 2348
6601 4 2 5 29 1962 2184 2150 2354
6602 4 2 5 29 1955 1840 2125 2429
6603 4 2 5 29 1933 2357 2117 2589
6604 4 2 5 29 1107 1108 1109 2203
6605 4 2 5 29 1859 2225 2194 2479
6606 4 2 5 29 1853 2109 1960 2515
6607 4 2 5 29 1799 2025 2173 2219
6608 4 2 5 29 1966 2395 1656 2613
6609 4 2 5 29 2049 2228 2431 2589
6610 4 2 5 29 1860 2036 2088 2562
6611 4 2 5 29 902 1965 901 2287
6612 4 2 5 29 1846 2141 1951 2209
6613 4 2 5 29 1155 1251 1156 2416
6614 4 2 5 29 1022 1021 1423 2343
6615 4 2 5 29 1271 2010 1420 2242
6616 4 2 5 29 1008 2337 2373 2407
6617 4 2 5 29 2083 2153 2007 2548
6618 4 2 5 29 1931 2155 1989 2571
6619 4 2 5 29 2083 2289 1870 2423
6620 4 2 5 29 1650 2007 1062 2485
6621 4 2 5 29 1679 1705 1727 2050
6622 4 2 5 29 2153 1844 2347 2569
6623 4 2 5 29 1839 2141 2135 2615
6624 4 2 5 29 1615 2229 1162 2361
6625 4 2 5 29 1898 2242 2081 2533
6626 4 2 5 29 1860 2034 2286 2596
6627 4 2 5 29 1432 1199 1620 2004
6628 4 2 5 29 2158 2270 2026 2509
6629 4 2 5 29 1830 2129 1954 2423
6630 4 2 5 29 1659 1418 2327 2441
6631 4 2 5 29 2069 2200 1367 2481
6632 4 2 5 29 1306 1550 1551 1998
6633 4 2 5 29 1161 1633 1202 2267
6634 4 2 5 29 1734 2213 2046 2620
6635 4 2 5 29 2198 2372 1851 2606
6636 4 2 5 29 1958 1898 2466 2533
6637 4 2 5 29 1550 1998 1306 2260
6638 4 2 5 29 1858 1986 2288 2572
6639 4 2 5 29 1926 2083 2041 2153
6640 4 2 5 29 1839 2141 1953 2219
6641 4 2 5 29 1873 2268 2118 2333
6642 4 2 5 29 1848 2360 2118 2400
6643 4 2 5 29 1542 1549 2013 2167
6644 4 2 5 29 1858 2366 1977 2498
6645 4 2 5 29 1060 2054 1363 2226
6646 4 2 5 29 1829 2176 2160 2444
6647 4 2 5 29 1898 2176 2381 2561
6648 4 2 5 29 1032 1220 2387 2435
6649 4 2 5 29 866 2466 864 2533
6650 4 2 5 29 1449 1181 2251 2577
6651 4 2 5 29 1952 1840 2063 2439
6652 4 2 5 29 2175 2228 1905 2350
6653 4 2 5 29 2014 2107 1921 2420
6654 4 2 5 29 1888 2304 2215 2447
6655 4 2 5 29 2225 2478 1430 2479
6656 4 2 5 29 1963 1870 2289 2423
6657 4 2 5 29 1689 1962 1691 2184
6658 4 2 5 29 1427 1348 2052 2276
6659 4 2 5 29 1967 1820 2202 2558
6660 4 2 5 29 2034 2480 1949 2599
6661 4 2 5 29 1522 1931 1521 2593
6662 4 2 5 29 2173 2438 1932 2460
6663 4 2 5 29 1228 1585 1181 2251
6664 4 2 5 29 980 1004 1077 2285
6665 4 2 5 29 2201 2571 1931 2593
6666 4 2 5 29 1870 2289 2256 2565
6667 4 2 5 29 1927 2263 2199 2520
6668 4 2 5 29 817 2239 997 2442
6669 4 2 5 29 1798 2331 2279 2529
6670 4 2 5 29 2037 2247 1876 2614
6671 4 2 5 29 1848 2115 2043 2452
6672 4 2 5 29 1044 1046 1042 1947
6673 4 2 5 29 2399 2543 1921 2612
6674 4 2 5 29 1821 2102 2105 2584
6675 4 2 5 29 2056 2195 1882 2526
6676 4 2 5 29 869 2170 868 2382
6677 4 2 5 29 1886 2152 2393 2510
6678 4 2 5 29 1802 2070 1959 2369
6679 4 2 5 29 1457 2343 1500 2421
6680 4 2 5 29 1897 2275 2094 2402
6681 4 2 5 29 1194 1944 2310 2465
6682 4 2 5 29 2043 2115 1848 2313
6683 4 2 5 29 1419 1410 2282 2441
6684 4 2 5 29 1078 2069 860 2104
6685 4 2 5 29 1985 2119 1661 2448
6686 4 2 5 29 2151 2444 1950 2558
6687 4 2 5 29 1838 2197 2164 2517
6688 4 2 5 29 2009 2345 1816 2487
6689 4 2 5 29 2049 2228 1866 2431
6690 4 2 5 29 1854 2119 2252 2598
6691 4 2 5 29 1884 2282 2205 2441
6692 4 2 5 29 1034 1626 1037 1997
6693 4 2 5 29 1329 1131 1331 2108
6694 4 2 5 29 1080 1653 1496 2122
6695 4 2 5 29 1993 1899 2412 2609
6696 4 2 5 29 862 860 861 2069
6697 4 2 5 29 1994 2131 1819 2513
6698 4 2 5 29 1481 2346 2032 2359
6699 4 2 5 29 2349 2453 2180 2542
6700 4 2 5 29 1588 1559 1587 2305
6701 4 2 5 29 372 2323 2086 2358
6702 4 2 5 29 1092 1094 1537 2475
6703 4 2 5 29 1082 1086 1980 2294
6704 4 2 5 29 1727 1990 1724 2335
6705 4 2 5 29 1983 1482 2321 2432
6706 4 2 5 29 2100 2290 1885 2489
6707 4 2 5 29 1913 2413 2224 2461
6708 4 2 5 29 2007 2129 1889 2340
6709 4 2 5 29 1904 2302 2290 2542
6710 4 2 5 29 371 2358 1973 2401
6711 4 2 5 29 2169 2351 1960 2515
6712 4 2 5 29 906 1018 1176 2287
6713 4 2 5 29 1806 2388 2110 2497
6714 4 2 5 29 1663 910 1641 2134
6715 4 2 5 29 2066 2422 1895 2532
6716 4 2 5 29 1850 2266 2264 2382
6717 4 2 5 29 2067 2282 1409 2441
6718 4 2 5 29 1800 1955 2255 2539
6719 4 2 5 29 1104 1993 2232 2566
6720 4 2 5 29 2176 2444 1910 2457
6721 4 2 5 29 1863 2459 2207 2532
6722 4 2 5 29 1877 2113 2098 2389
6723 4 2 5 29 1313 1048 907 2397
6724 4 2 5 29 1667 1959 890 2351
6725 4 2 5 29 1981 2102 2186 2276
6726 4 2 5 29 1484 1934 2174 2241
6727 4 2 5 29 1073 2006 2284 2464
6728 4 2 5 29 2180 2349 1875 2453
6729 4 2 5 29 2076 2310 1944 2329
6730 4 2 5 29 1951 2273 1839 2573
6731 4 2 5 29 1432 2172 1620 2364
6732 4 2 5 29 1365 1361 2365 2577
6733 4 2 5 29 1890 2089 2308 2328
6734 4 2 5 29 1988 2121 875 2327
6735 4 2 5 29 1809 1980 2248 2299
6736 4 2 5 29 968 1939 900 2468
6737 4 2 5 29 1866 2049 2175 2228
6738 4 2 5 29 832 982 1434 2061
6739 4 2 5 29 1668 2238 1968 2498
6740 4 2 5 29 1924 2308 2391 2610
6741 4 2 5 29 1363 1628 2226 2294
6742 4 2 5 29 1830 2007 2129 2548
6743 4 2 5 29 1981 2217 2476 2507
6744 4 2 5 29 52 347 1003 2285
6745 4 2 5 29 1728 2092 1725 2570
6746 4 2 5 29 2173 2180 1885 2357
6747 4 2 5 29 1071 1070 1983 2475
6748 4 2 5 29 1688 2177 1684 2253
6749 4 2 5 29 833 1434 1047 2318
6750 4 2 5 29 1897 2039 2177 2554
6751 4 2 5 29 1685 1726 1727 2330
6752 4 2 5 29 1929 2278 2244 2376
6753 4 2 5 29 1879 2304 2120 2507
6754 4 2 5 29 1858 2288 2079 2572
6755 4 2 5 29 2152 2265 1956 2285
6756 4 2 5 29 1861 2078 2436 2493
6757 4 2 5 29 1117 1118 1119 2346
6758 4 2 5 29 810 953 941 2545
6759 4 2 5 29 1942 2399 1831 2612
6760 4 2 5 29 866 1208 1958 2242
6761 4 2 5 29 1306 1998 1478 2516
6762 4 2 5 29 1452 2018 1448 2222
6763 4 2 5 29 1352 991 1344 2340
6764 4 2 5 29 2049 1881 2228 2589
6765 4 2 5 29 1832 2244 2149 2278
6766 4 2 5 29 1980 2054 1839 2294
6767 4 2 5 29 1111 867 1110 2533
6768 4 2 5 29 1839 2219 1953 2226
6769 4 2 5 29 1830 2159 2083 2423
6770 4 2 5 29 1918 2019 2403 2550
6771 4 2 5 29 1848 2303 2268 2480
6772 4 2 5 29 1987 2120 1515 2476
6773 4 2 5 29 354 2368 2095 2521
6774 4 2 5 29 1969 2204 1879 2508
6775 4 2 5 29 1877 2088 2080 2564
6776 4 2 5 29 1822 2087 2074 2362
6777 4 2 5 29 1691 2184 1962 2576
6778 4 2 5 29 978 2238 1986 2500
6779 4 2 5 29 1809 2138 1932 2438
6780 4 2 5 29 1571 1543 2208 2470
6781 4 2 5 29 1090 2119 1983 2252
6782 4 2 5 29 1946 2245 1852 2322
6783 4 2 5 29 1679 1727 1680 2335
6784 4 2 5 29 1360 2167 990 2365
6785 4 2 5 29 2083 2256 1870 2289
6786 4 2 5 29 1835 2233 1997 2237
6787 4 2 5 29 1809 1966 2138 2248
6788 4 2 5 29 1250 2100 1156 2416
6789 4 2 5 29 1881 2057 1976 2462
6790 4 2 5 29 1950 2202 2253 2608
6791 4 2 5 29 1894 2050 2025 2530
6792 4 2 5 29 1616 923 1603 2476
6793 4 2 5 29 821 1592 2408 2619
6794 4 2 5 29 1008 1001 2337 2407
6795 4 2 5 29 1826 2019 2434 2550
6796 4 2 5 29 900 1939 967 2521
6797 4 2 5 29 817 2239 2015 2459
6798 4 2 5 29 1032 2435 2387 2592
6799 4 2 5 29 1700 2213 2092 2403
6800 4 2 5 29 1020 2174 1312 2241
6801 4 2 5 29 1932 2460 2072 2581
6802 4 2 5 29 1233 1231 1229 2577
6803 4 2 5 29 918 1974 920 2296
6804 4 2 5 29 1197 971 973 1942
6805 4 2 5 29 1807 2161 2182 2325
6806 4 2 5 29 2080 2331 1912 2415
6807 4 2 5 29 1731 1963 1686 2338
6808 4 2 5 29 2215 1901 2304 2424
6809 4 2 5 29 1875 1929 2277 2540
6810 4 2 5 29 1091 2119 1090 2252
6811 4 2 5 29 1454 2012 884 2311
6812 4 2 5 29 2279 2331 1947 2529
6813 4 2 5 29 1830 2130 2006 2512
6814 4 2 5 29 1016 1272 1263 2097
6815 4 2 5 29 1887 2158 2048 2370
6816 4 2 5 29 1058 1059 2226 2573
6817 4 2 5 29 1194 1319 1320 1944
6818 4 2 5 29 1891 2073 2323 2557
6819 4 2 5 29 1985 2283 1979 2411
6820 4 2 5 29 1968 2488 1493 2498
6821 4 2 5 29 2033 2188 1934 2345
6822 4 2 5 29 1836 2269 2043 2313
6823 4 2 5 29 1228 2245 1230 2409
6824 4 2 5 29 1720 2316 2090 2549
6825 4 2 5 29 1188 2264 2266 2382
6826 4 2 5 29 1975 2390 1923 2408
6827 4 2 5 29 1045 1213 1219 2044
6828 4 2 5 29 1363 1060 1138 2054
6829 4 2 5 29 348 2152 1290 2393
6830 4 2 5 29 1941 1980 2299 2504
6831 4 2 5 29 1611 2287 2002 2472
6832 4 2 5 29 846 844 845 2267
6833 4 2 5 29 1978 2087 1885 2416
6834 4 2 5 29 2149 2244 932 2278
6835 4 2 5 29 1515 1987 1516 2120
6836 4 2 5 29 1313 884 1454 2012
6837 4 2 5 29 354 2095 897 2521
6838 4 2 5 29 1433 2315 2172 2380
6839 4 2 5 29 2020 2403 2019 2550
6840 4 2 5 29 1827 2147 2100 2489
6841 4 2 5 29 1228 1181 1994 2251
6842 4 2 5 29 1953 2137 2021 2547
6843 4 2 5 29 1098 1070 1106 2101
6844 4 2 5 29 1838 2003 2063 2255
6845 4 2 5 29 2198 2315 1054 2617
6846 4 2 5 29 911 2001 1556 2404
6847 4 2 5 29 1855 2027 2396 2600
6848 4 2 5 29 979 1435 1553 2262
6849 4 2 5 29 1880 2223 2123 2352
6850 4 2 5 29 1372 2223 1987 2367
6851 4 2 5 29 2353 2459 1309 2591
6852 4 2 5 29 1216 2157 2003 2466
6853 4 2 5 29 1011 2280 1338 2374
6854 4 2 5 29 966 964 2172 2364
6855 4 2 5 29 1660 1162 1163 2121
6856 4 2 5 29 1071 1983 1482 2321
6857 4 2 5 29 2095 1831 2282 2399
6858 4 2 5 29 1815 2158 2026 2509
6859 4 2 5 29 2469 2470 1997 2473
6860 4 2 5 29 1045 1044 1043 2397
6861 4 2 5 29 815 817 997 2442
6862 4 2 5 29 1565 1493 1563 1968
6863 4 2 5 29 1166 1448 1452 2018
6864 4 2 5 29 890 1667 891 1959
6865 4 2 5 29 1073 2284 1075 2464
6866 4 2 5 29 1974 2310 1944 2465
6867 4 2 5 29 1800 2056 2255 2580
6868 4 2 5 29 1638 1640 1254 2021
6869 4 2 5 29 1144 2118 1999 2339
6870 4 2 5 29 1372 1603 969 1987
6871 4 2 5 29 985 2327 1419 2368
6872 4 2 5 29 1385 1430 1560 2225
6873 4 2 5 29 1476 954 2186 2579
6874 4 2 5 29 1082 1606 2134 2504
6875 4 2 5 29 1831 2112 2062 2612
6876 4 2 5 29 1843 2154 1961 2545
6877 4 2 5 29 1821 2274 1988 2567
6878 4 2 5 29 1384 1562 1623 2194
6879 4 2 5 29 1197 2067 350 2393
6880 4 2 5 29 1949 1871 2221 2599
6881 4 2 5 29 929 2290 1156 2489
6882 4 2 5 29 1826 2058 2019 2550
6883 4 2 5 29 1935 2236 1833 2305
6884 4 2 5 29 890 1959 891 2552
6885 4 2 5 29 964 1024 2172 2380
6886 4 2 5 29 1317 2035 934 2204
6887 4 2 5 29 1998 2363 2041 2568
6888 4 2 5 29 1867 2365 2293 2469
6889 4 2 5 29 1261 1978 1249 2416
6890 4 2 5 29 2021 2302 2219 2542
6891 4 2 5 29 1686 2338 1963 2554
6892 4 2 5 29 1713 1689 2150 2246
6893 4 2 5 29 1971 2103 1848 2109
6894 4 2 5 29 1721 1718 1719 2458
6895 4 2 5 29 1921 2070 2543 2552
6896 4 2 5 29 1196 2282 1942 2399
6897 4 2 5 29 2137 2453 2021 2547
6898 4 2 5 29 1548 1001 1549 2167
6899 4 2 5 29 1886 1942 2555 2612
6900 4 2 5 29 1979 2315 1861 2436
6901 4 2 5 29 1268 1571 1543 2013
6902 4 2 5 29 1190 1057 1059 2302
6903 4 2 5 29 1102 1101 2126 2278
6904 4 2 5 29 1799 1984 2180 2602
6905 4 2 5 29 1982 2218 1503 2569
6906 4 2 5 29 1867 1997 2233 2473
6907 4 2 5 29 1890 2272 2194 2481
6908 4 2 5 29 1957 2137 2453 2541
6909 4 2 5 29 1401 1400 908 2077
6910 4 2 5 29 1571 2208 2013 2595
6911 4 2 5 29 1433 1974 918 2172
6912 4 2 5 29 2020 2191 1837 2403
6913 4 2 5 29 1881 2175 2049 2228
6914 4 2 5 29 1920 2426 2001 2607
6915 4 2 5 29 1981 2217 1916 2276
6916 4 2 5 29 1157 1158 1976 2462
6917 4 2 5 29 1839 2135 1965 2615
6918 4 2 5 29 2084 2391 1824 2447
6919 4 2 5 29 2103 2268 1826 2480
6920 4 2 5 29 1953 2219 2021 2302
6921 4 2 5 29 911 912 913 2404
6922 4 2 5 29 1877 2389 2098 2505
6923 4 2 5 29 1833 1989 2155 2571
6924 4 2 5 29 1732 2385 2323 2401
6925 4 2 5 29 1844 2256 2059 2471
6926 4 2 5 29 1867 2130 2006 2293
6927 4 2 5 29 1412 937 935 2394
6928 4 2 5 29 1908 2323 2162 2546
6929 4 2 5 29 889 2291 890 2552
6930 4 2 5 29 1944 1319 2250 2283
6931 4 2 5 29 1877 2098 2036 2505
6932 4 2 5 29 2244 2362 1929 2376
6933 4 2 5 29 1865 2146 2018 2222
6934 4 2 5 29 1844 2256 2218 2548
6935 4 2 5 29 1541 1655 2147 2454
6936 4 2 5 29 2095 2205 1884 2282
6937 4 2 5 29 1082 1980 1084 2504
6938 4 2 5 29 1586 1588 1587 2305
6939 4 2 5 29 1807 1940 2301 2319
6940 4 2 5 29 1952 2071 2345 2386
6941 4 2 5 29 1340 2051 1339 2311
6942 4 2 5 29 1178 1179 1180 2251
6943 4 2 5 29 1840 1938 2125 2307
6944 4 2 5 29 1853 2351 2169 2515
6945 4 2 5 29 1229 1232 1465 2131
6946 4 2 5 29 1304 2095 352 2399
6947 4 2 5 29 2093 1927 2551 2560
6948 4 2 5 29 877 2107 876 2399
6949 4 2 5 29 2037 2099 2071 2614
6950 4 2 5 29 1802 2062 2020 2112
6951 4 2 5 29 1448 2018 1166 2337
6952 4 2 5 29 1988 2156 1930 2274
6953 4 2 5 29 1898 2081 2176 2297
6954 4 2 5 29 1467 1229 1465 2245
6955 4 2 5 29 1359 2214 1021 2241
6956 4 2 5 29 2017 2146 1864 2324
6957 4 2 5 29 1936 2320 2133 2332
6958 4 2 5 29 1867 2006 2130 2512
6959 4 2 5 29 1093 2029 1491 2591
6960 4 2 5 29 925 1265 926 2360
6961 4 2 5 29 1273 2218 1503 2574
6962 4 2 5 29 2022 2163 1891 2518
6963 4 2 5 29 1837 2213 2348 2403
6964 4 2 5 29 1280 2448 2119 2482
6965 4 2 5 29 971 1942 2510 2543
6966 4 2 5 29 1893 2281 2122 2377
6967 4 2 5 29 924 1971 925 2483
6968 4 2 5 29 2110 2420 1939 2578
6969 4 2 5 29 2097 2264 2011 2544
6970 4 2 5 29 1868 2301 2357 2460
6971 4 2 5 29 957 2353 955 2433
6972 4 2 5 29 1651 1650 2007 2340
6973 4 2 5 29 2290 2302 2021 2542
6974 4 2 5 29 2024 2271 2061 2318
6975 4 2 5 29 1259 2055 2240 2378
6976 4 2 5 29 1620 2004 1622 2280
6977 4 2 5 29 2007 1889 2129 2548
6978 4 2 5 29 1823 2022 2163 2196
6979 4 2 5 29 2070 2124 1959 2552
6980 4 2 5 29 1974 2078 2436 2600
6981 4 2 5 29 1853 1959 2169 2351
6982 4 2 5 29 1979 2283 1985 2372
6983 4 2 5 29 1100 1099 1237 2277
6984 4 2 5 29 870 2170 949 2593
6985 4 2 5 29 1698 1701 1722 2019
6986 4 2 5 29 1875 2180 2087 2349
6987 4 2 5 29 1904 2219 2302 2542
6988 4 2 5 29 1220 871 873 2387
6989 4 2 5 29 1939 1880 2367 2578
6990 4 2 5 29 2023 2122 1849 2377
6991 4 2 5 29 1870 1954 2129 2423
6992 4 2 5 29 1080 2122 2023 2585
6993 4 2 5 29 1095 1666 1093 2321
6994 4 2 5 29 1250 927 1156 2100
6995 4 2 5 29 1448 2222 2018 2337
6996 4 2 5 29 1852 2245 2309 2409
6997 4 2 5 29 1660 2121 1163 2441
6998 4 2 5 29 1845 2308 2089 2328
6999 4 2 5 29 1805 2328 2135 2615
7000 4 2 5 29 1991 2313 1848 2400
7001 4 2 5 29 1661 2119 1985 2433
7002 4 2 5 29 1241 2152 347 2285
7003 4 2 5 29 1294 1036 1116 2484
7004 4 2 5 29 1938 1840 2195 2307
7005 4 2 5 29 1542 1549 1543 2013
7006 4 2 5 29 1844 2083 2041 2371
7007 4 2 5 29 1163 2121 2008 2441
7008 4 2 5 29 1887 2092 2026 2576
7009 4 2 5 29 989 993 2293 2365
7010 4 2 5 29 1220 1032 1255 2435
7011 4 2 5 29 1713 1949 2221 2599
7012 4 2 5 29 1326 1327 1247 2483
7013 4 2 5 29 1720 1707 1719 2375
7014 4 2 5 29 1214 1026 1030 2429
7015 4 2 5 29 1900 2140 2347 2371
7016 4 2 5 29 1823 2040 1968 2586
7017 4 2 5 29 1870 2083 2423 2548
7018 4 2 5 29 1129 1381 1380 2201
7019 4 2 5 29 1950 2253 2202 2558
7020 4 2 5 29 1966 2430 2024 2613
7021 4 2 5 29 1957 2137 2094 2453
7022 4 2 5 29 2131 1948 2513 2577
7023 4 2 5 29 1167 1166 2018 2373
7024 4 2 5 29 1799 2219 2173 2542
7025 4 2 5 29 1982 2218 2139 2574
7026 4 2 5 29 1643 2227 1642 2363
7027 4 2 5 29 1445 2188 2203 2305
7028 4 2 5 29 1998 2227 1846 2260
7029 4 2 5 29 1420 2010 1269 2407
7030 4 2 5 29 1665 2372 917 2433
7031 4 2 5 29 2528 2538 2342 2554
7032 4 2 5 29 2141 2219 1799 2547
7033 4 2 5 29 1954 2341 1872 2549
7034 4 2 5 29 2046 2123 1888 2620
7035 4 2 5 29 1068 1067 2153 2347
7036 4 2 5 29 1934 2188 2033 2346
7037 4 2 5 29 1334 999 1333 2283
7038 4 2 5 29 1108 1112 1252 2203
7039 4 2 5 29 1398 1236 1402 2005
7040 4 2 5 29 953 812 1348 2616
7041 4 2 5 29 1921 2124 2070 2552
7042 4 2 5 29 2085 2451 367 2604
7043 4 2 5 29 1803 2067 2205 2555
7044 4 2 5 29 1613 1614 2261 2366
7045 4 2 5 29 1267 2200 2069 2605
7046 4 2 5 29 1593 1339 1556 2001
7047 4 2 5 29 1836 2269 2060 2477
7048 4 2 5 29 1908 2086 2022 2323
7049 4 2 5 29 1862 1941 2292 2430
7050 4 2 5 29 2164 2386 1838 2517
7051 4 2 5 29 1929 2230 2126 2278
7052 4 2 5 29 1094 1092 1093 2321
7053 4 2 5 29 1797 2098 2036 2544
7054 4 2 5 29 1640 2290 1573 2302
7055 4 2 5 29 1083 1084 1980 2467
7056 4 2 5 29 1273 2139 2218 2574
7057 4 2 5 29 1312 1311 1020 2214
7058 4 2 5 29 2123 2223 1879 2352
7059 4 2 5 29 1853 2169 1959 2369
7060 4 2 5 29 1894 2141 2402 2615
7061 4 2 5 29 1973 2220 2102 2546
7062 4 2 5 29 2039 1963 2338 2554
7063 4 2 5 29 1887 2026 2158 2270
7064 4 2 5 29 1062 2153 2007 2355
7065 4 2 5 29 1846 2209 1951 2227
7066 4 2 5 29 1271 1392 1270 2595
7067 4 2 5 29 1870 1963 2289 2590
7068 4 2 5 29 1039 842 1991 2314
7069 4 2 5 29 2142 2221 1872 2549
7070 4 2 5 29 1546 1455 2382 2474
7071 4 2 5 29 1404 2124 2122 2585
7072 4 2 5 29 2263 2551 1927 2560
7073 4 2 5 29 1893 1992 2104 2456
7074 4 2 5 29 810 941 2156 2545
7075 4 2 5 29 934 935 936 2035
7076 4 2 5 29 2062 2205 1831 2612
7077 4 2 5 29 2131 2365 1867 2525
7078 4 2 5 29 1664 1163 1161 2008
7079 4 2 5 29 369 2286 2088 2523
7080 4 2 5 29 1734 2136 2213 2620
7081 4 2 5 29 1702 2263 1693 2506
7082 4 2 5 29 1340 885 1671 2535
7083 4 2 5 29 1943 2252 2101 2598
7084 4 2 5 29 1903 2427 2253 2608
7085 4 2 5 29 1799 2094 1984 2275
7086 4 2 5 29 1963 2039 2338 2463
7087 4 2 5 29 1146 1148 2347 2363
7088 4 2 5 29 1870 2129 2150 2611
7089 4 2 5 29 1686 2342 1963 2590
7090 4 2 5 29 967 968 969 2367
7091 4 2 5 29 2196 2228 1905 2524
7092 4 2 5 29 1879 2204 2215 2447
7093 4 2 5 29 1986 2238 1905 2500
7094 4 2 5 29 1857 2012 2214 2426
7095 4 2 5 29 1548 1360 1001 2167
7096 4 2 5 29 830 2015 2211 2592
7097 4 2 5 29 828 826 827 2081
7098 4 2 5 29 1275 2207 2459 2592
7099 4 2 5 29 1851 2372 2053 2606
7100 4 2 5 29 1057 1060 2226 2302
7101 4 2 5 29 1468 359 2243 2262
7102 4 2 5 29 2061 2271 1866 2344
7103 4 2 5 29 832 2350 2061 2588
7104 4 2 5 29 903 1605 1085 2294
7105 4 2 5 29 1849 2064 1960 2232
7106 4 2 5 29 1840 1938 2195 2536
7107 4 2 5 29 357 358 1514 2243
7108 4 2 5 29 1721 1730 1717 2065
7109 4 2 5 29 1631 2100 1440 2450
7110 4 2 5 29 1721 1717 1718 2259
7111 4 2 5 29 1257 1258 1255 2074
7112 4 2 5 29 1334 1979 2283 2465
7113 4 2 5 29 972 2070 2510 2552
7114 4 2 5 29 2018 2300 1955 2539
7115 4 2 5 29 1665 1985 1661 2448
7116 4 2 5 29 2395 2588 1416 2613
7117 4 2 5 29 2123 1879 2304 2447
7118 4 2 5 29 1997 1867 2469 2473
7119 4 2 5 29 2141 2402 1846 2547
7120 4 2 5 29 1955 2255 1840 2429
7121 4 2 5 29 1895 2317 2074 2387
7122 4 2 5 29 1612 2002 1610 2472
7123 4 2 5 29 1915 2323 2401 2546
7124 4 2 5 29 1340 2311 885 2535
7125 4 2 5 29 1261 1262 1249 1978
7126 4 2 5 29 1596 2360 1509 2400
7127 4 2 5 29 1812 2271 2061 2344
7128 4 2 5 29 1500 856 2038 2183
7129 4 2 5 29 1240 1341 2068 2409
7130 4 2 5 29 1833 2188 2033 2345
7131 4 2 5 29 1893 2104 1992 2597
7132 4 2 5 29 1817 1970 2528 2568
7133 4 2 5 29 1489 1592 2224 2408
7134 4 2 5 29 1898 2297 2176 2561
7135 4 2 5 29 2033 2188 1833 2203
7136 4 2 5 29 1811 2142 1949 2303
7137 4 2 5 29 1875 2094 2453 2495
7138 4 2 5 29 1407 991 841 2148
7139 4 2 5 29 2049 2175 1881 2451
7140 4 2 5 29 1516 1987 1372 2223
7141 4 2 5 29 1540 1171 2049 2147
7142 4 2 5 29 1999 2339 1889 2340
7143 4 2 5 29 2027 2396 1915 2618
7144 4 2 5 29 1019 1117 1484 2241
7145 4 2 5 29 1849 2281 2122 2582
7146 4 2 5 29 2172 2380 2315 2493
7147 4 2 5 29 1015 1003 1204 2264
7148 4 2 5 29 1994 2309 2245 2409
7149 4 2 5 29 1837 2213 2046 2348
7150 4 2 5 29 1319 1944 1194 2465
7151 4 2 5 29 1710 1681 1723 2187
7152 4 2 5 29 1870 2150 1954 2590
7153 4 2 5 29 1017 1018 1611 2472
7154 4 2 5 29 1849 2281 2169 2434
7155 4 2 5 29 2172 2315 1974 2493
7156 4 2 5 29 1105 2574 1065 2609
7157 4 2 5 29 1091 2252 850 2482
7158 4 2 5 29 2238 2445 1905 2500
7159 4 2 5 29 927 929 1156 2489
7160 4 2 5 29 1104 1323 975 2566
7161 4 2 5 29 924 925 1971 2285
7162 4 2 5 29 1863 2326 2207 2591
7163 4 2 5 29 1903 2127 1984 2575
7164 4 2 5 29 919 1974 918 2315
7165 4 2 5 29 1293 1168 1167 2157
7166 4 2 5 29 1833 2203 1989 2571
7167 4 2 5 29 1231 2131 1229 2577
7168 4 2 5 29 1536 1508 2224 2619
7169 4 2 5 29 1532 2280 2154 2364
7170 4 2 5 29 2041 2083 1844 2153
7171 4 2 5 29 1478 1552 1328 2516
7172 4 2 5 29 1699 2046 1734 2213
7173 4 2 5 29 1023 2032 1481 2346
7174 4 2 5 29 1906 2097 2011 2544
7175 4 2 5 29 960 1047 1969 2508
7176 4 2 5 29 2220 1908 2358 2424
7177 4 2 5 29 1916 2102 2105 2388
7178 4 2 5 29 2002 2194 1623 2479
7179 4 2 5 29 998 1055 1492 2442
7180 4 2 5 29 1802 2169 1959 2281
7181 4 2 5 29 812 2052 1348 2616
7182 4 2 5 29 1816 2345 2071 2386
7183 4 2 5 29 2150 2184 1690 2590
7184 4 2 5 29 1848 1971 2115 2452
7185 4 2 5 29 2236 2305 1935 2474
7186 4 2 5 29 1826 1960 2268 2515
7187 4 2 5 29 1930 2274 2374 2383
7188 4 2 5 29 1841 2193 2182 2319
7189 4 2 5 29 2140 2371 1900 2494
7190 4 2 5 29 1480 2320 2132 2619
7191 4 2 5 29 2154 2280 2004 2364
7192 4 2 5 29 1560 2194 1367 2200
7193 4 2 5 29 1886 2393 2016 2555
7194 4 2 5 29 1163 1162 1161 2008
7195 4 2 5 29 2185 2301 1868 2581
7196 4 2 5 29 1873 1996 2268 2333
7197 4 2 5 29 2029 2353 1677 2591
7198 4 2 5 29 1809 2248 2138 2438
7199 4 2 5 29 875 1988 2327 2616
7200 4 2 5 29 1807 2117 2066 2301
7201 4 2 5 29 2349 2449 1630 2540
7202 4 2 5 29 2000 1911 2106 2506
7203 4 2 5 29 870 949 1226 2593
7204 4 2 5 29 1896 2210 1998 2516
7205 4 2 5 29 2041 2363 2347 2371
7206 4 2 5 29 1965 2135 1845 2328
7207 4 2 5 29 2026 1918 2377 2434
7208 4 2 5 29 1527 1517 2120 2476
7209 4 2 5 29 1989 2236 2170 2305
7210 4 2 5 29 984 1427 2052 2368
7211 4 2 5 29 982 2061 832 2500
7212 4 2 5 29 868 2011 1187 2382
7213 4 2 5 29 1908 2220 2358 2401
7214 4 2 5 29 1667 2231 1959 2351
7215 4 2 5 29 1317 2035 2204 2594
7216 4 2 5 29 1689 1690 2150 2184
7217 4 2 5 29 2019 2034 1860 2596
7218 4 2 5 29 1902 1997 2237 2484
7219 4 2 5 29 1867 2284 1997 2469
7220 4 2 5 29 1456 1481 2032 2359
7221 4 2 5 29 2459 2532 2015 2592
7222 4 2 5 29 1228 1181 1233 1994
7223 4 2 5 29 875 811 1988 2616
7224 4 2 5 29 1513 1583 1584 2421
7225 4 2 5 29 2182 2239 2015 2325
7226 4 2 5 29 1002 2222 1448 2337
7227 4 2 5 29 1666 2029 1093 2321
7228 4 2 5 29 1823 2163 2022 2518
7229 4 2 5 29 1962 2354 1801 2565
7230 4 2 5 29 1062 1063 2153 2355
7231 4 2 5 29 1456 2032 2343 2359
7232 4 2 5 29 1655 951 2147 2489
7233 4 2 5 29 2009 2487 1911 2529
7234 4 2 5 29 1715 1714 2235 2418
7235 4 2 5 29 1853 2109 1971 2483
7236 4 2 5 29 1904 2173 2025 2219
7237 4 2 5 29 1897 1984 2275 2538
7238 4 2 5 29 2117 2357 2301 2460
7239 4 2 5 29 2025 1799 2173 2602
7240 4 2 5 29 1716 2410 1715 2501
7241 4 2 5 29 1907 2078 2329 2560
7242 4 2 5 29 1114 1393 1115 2133
7243 4 2 5 29 1863 2207 2459 2591
7244 4 2 5 29 1617 1981 2217 2476
7245 4 2 5 29 1848 2043 2303 2480
7246 4 2 5 29 1552 2210 1328 2516
7247 4 2 5 29 2138 2431 1932 2460
7248 4 2 5 29 1964 2335 1932 2499
7249 4 2 5 29 1650 1088 2355 2425
7250 4 2 5 29 986 2016 348 2393
7251 4 2 5 29 1870 2423 2129 2548
7252 4 2 5 29 1800 2255 2381 2580
7253 4 2 5 29 2091 1947 2331 2529
7254 4 2 5 29 1915 2401 2385 2563
7255 4 2 5 29 1831 2420 2112 2612
7256 4 2 5 29 2169 2231 1959 2281
7257 4 2 5 29 1805 1965 2328 2615
7258 4 2 5 29 1333 999 915 2283
7259 4 2 5 29 1272 2097 1016 2601
7260 4 2 5 29 1559 1107 1558 2203
7261 4 2 5 29 2134 2299 1980 2504
7262 4 2 5 29 1911 2065 2405 2529
7263 4 2 5 29 1886 2555 2062 2612
7264 4 2 5 29 1932 2138 1964 2499
7265 4 2 5 29 1042 1046 1350 2165
7266 4 2 5 29 1942 2070 1886 2510
7267 4 2 5 29 1120 1441 1531 2346
7268 4 2 5 29 1870 2184 2289 2565
7269 4 2 5 29 2227 2249 1846 2260
7270 4 2 5 29 1685 2342 2330 2538
7271 4 2 5 29 1931 2201 2496 2571
7272 4 2 5 29 352 1304 1315 2095
7273 4 2 5 29 1825 2170 1989 2236
7274 4 2 5 29 1988 2274 1930 2567
7275 4 2 5 29 916 999 1135 2372
7276 4 2 5 29 981 1241 347 2285
7277 4 2 5 29 1295 1003 347 1956
7278 4 2 5 29 1826 2434 2058 2550
7279 4 2 5 29 2022 2323 2086 2419
7280 4 2 5 29 1797 2452 2103 2480
7281 4 2 5 29 903 902 1605 2273
7282 4 2 5 29 1032 2387 1221 2592
7283 4 2 5 29 1328 2210 1330 2516
7284 4 2 5 29 1902 2208 1997 2484
7285 4 2 5 29 1135 1979 1334 2315
7286 4 2 5 29 1877 2259 2113 2389
7287 4 2 5 29 2019 1918 2434 2550
7288 4 2 5 29 1970 2289 2059 2371
7289 4 2 5 29 1344 2322 1347 2425
7290 4 2 5 29 1849 2231 2281 2582
7291 4 2 5 29 1132 2014 1302 2468
7292 4 2 5 29 1532 2154 1354 2364
7293 4 2 5 29 1847 2178 2028 2417
7294 4 2 5 29 2011 2097 1906 2601
7295 4 2 5 29 960 1047 1553 1969
7296 4 2 5 29 367 2085 366 2451
7297 4 2 5 29 1157 1159 1158 2462
7298 4 2 5 29 1799 2275 2141 2547
7299 4 2 5 29 1034 1035 1036 2470
7300 4 2 5 29 1970 2402 2330 2538
7301 4 2 5 29 2108 2210 1896 2516
7302 4 2 5 29 2359 2386 2164 2517
7303 4 2 5 29 1198 1338 1634 2295
7304 4 2 5 29 366 2451 2085 2462
7305 4 2 5 29 1591 1576 1575 2128
7306 4 2 5 29 1214 1215 1216 2003
7307 4 2 5 29 1996 2303 2268 2333
7308 4 2 5 29 1206 1187 868 2011
7309 4 2 5 29 898 1177 950 2604
7310 4 2 5 29 1850 2036 2098 2544
7311 4 2 5 29 1034 1386 1626 1997
7312 4 2 5 29 1991 2400 2118 2437
7313 4 2 5 29 1262 1978 1256 2435
7314 4 2 5 29 2245 2398 1124 2409
7315 4 2 5 29 1308 1309 2353 2459
7316 4 2 5 29 1817 2041 2083 2371
7317 4 2 5 29 1993 2574 1105 2609
7318 4 2 5 29 2326 2461 1975 2591
7319 4 2 5 29 1441 1952 2359 2517
7320 4 2 5 29 932 2149 872 2244
7321 4 2 5 29 1612 1610 1611 2472
7322 4 2 5 29 1500 1422 2183 2343
7323 4 2 5 29 1913 2320 2132 2332
7324 4 2 5 29 1708 2323 2073 2557
7325 4 2 5 29 1044 1042 1043 2397
7326 4 2 5 29 1797 1971 2103 2452
7327 4 2 5 29 1847 2119 1983 2432
7328 4 2 5 29 974 1993 1104 2566
7329 4 2 5 29 1815 2026 2377 2509
7330 4 2 5 29 1887 1962 2565 2576
7331 4 2 5 29 2093 2520 2178 2598
7332 4 2 5 29 1850 2264 2011 2382
7333 4 2 5 29 1229 1228 1233 1994
7334 4 2 5 29 1814 2163 1977 2493
7335 4 2 5 29 1567 1211 1568 1935
7336 4 2 5 29 2075 2171 1872 2309
7337 4 2 5 29 1319 2283 1944 2465
7338 4 2 5 29 2135 2328 1965 2615
7339 4 2 5 29 924 925 926 2483
7340 4 2 5 29 1923 2074 2317 2387
7341 4 2 5 29 1846 2189 1998 2260
7342 4 2 5 29 2071 2247 2037 2614
7343 4 2 5 29 2095 2368 1916 2521
7344 4 2 5 29 1959 2169 1802 2369
7345 4 2 5 29 2112 2420 1921 2612
7346 4 2 5 29 2084 2136 1990 2335
7347 4 2 5 29 868 2114 839 2601
7348 4 2 5 29 1854 2178 2093 2411
7349 4 2 5 29 968 2367 1939 2468
7350 4 2 5 29 1837 2348 2020 2403
7351 4 2 5 29 1910 2235 1950 2444
7352 4 2 5 29 1959 2281 2231 2582
7353 4 2 5 29 1983 2321 1071 2475
7354 4 2 5 29 1192 2449 2137 2541
7355 4 2 5 29 1615 2165 2229 2361
7356 4 2 5 29 1917 2171 2075 2309
7357 4 2 5 29 1554 837 948 2114
7358 4 2 5 29 1910 1950 2160 2444
7359 4 2 5 29 2027 2396 2383 2511
7360 4 2 5 29 1472 1436 825 2594
7361 4 2 5 29 2019 1860 2523 2550
7362 4 2 5 29 2015 2211 2085 2604
7363 4 2 5 29 972 2543 2070 2552
7364 4 2 5 29 1720 2375 2090 2418
7365 4 2 5 29 1531 1120 2346 2439
7366 4 2 5 29 962 2204 835 2318
7367 4 2 5 29 1211 1567 1212 1935
7368 4 2 5 29 2033 2345 1934 2346
7369 4 2 5 29 1068 2153 2041 2347
7370 4 2 5 29 835 2204 853 2318
7371 4 2 5 29 1537 2081 1657 2475
7372 4 2 5 29 1677 2029 1666 2353
7373 4 2 5 29 1667 891 1959 2582
7374 4 2 5 29 1544 2044 2266 2503
7375 4 2 5 29 2149 2390 1913 2408
7376 4 2 5 29 1694 2096 1733 2446
7377 4 2 5 29 1720 1707 2375 2418
7378 4 2 5 29 991 843 2148 2437
7379 4 2 5 29 1695 2096 1694 2385
7380 4 2 5 29 1329 1413 1147 2210
7381 4 2 5 29 872 932 933 2149
7382 4 2 5 29 1484 1453 1485 2174
7383 4 2 5 29 1804 2237 2039 2556
7384 4 2 5 29 1818 2212 2027 2519
7385 4 2 5 29 1959 2231 1667 2582
7386 4 2 5 29 1972 1825 2113 2236
7387 4 2 5 29 1997 2233 1835 2284
7388 4 2 5 29 2168 2235 1714 2418
7389 4 2 5 29 1944 2411 2329 2436
7390 4 2 5 29 1124 2245 1126 2398
7391 4 2 5 29 1847 2486 2144 2603
7392 4 2 5 29 1891 2193 1940 2518
7393 4 2 5 29 1905 2350 2061 2500
7394 4 2 5 29 931 2244 1101 2278
7395 4 2 5 29 820 2149 818 2408
7396 4 2 5 29 1039 1991 842 2437
7397 4 2 5 29 1731 1963 2316 2590
7398 4 2 5 29 1823 2022 2196 2524
7399 4 2 5 29 1859 2194 2270 2522
7400 4 2 5 29 1625 1627 1075 2284
7401 4 2 5 29 1041 1473 842 2398
7402 4 2 5 29 2076 2183 1379 2404
7403 4 2 5 29 1978 2211 1895 2435
7404 4 2 5 29 1843 2374 2274 2383
7405 4 2 5 29 1431 1560 1430 2194
7406 4 2 5 29 1317 934 1463 2204
7407 4 2 5 29 1966 2467 2143 2613
7408 4 2 5 29 833 834 832 2318
7409 4 2 5 29 1345 1347 1576 2425
7410 4 2 5 29 1577 1556 1200 2295
7411 4 2 5 29 889 1292 2291 2552
7412 4 2 5 29 1971 1848 2115 2360
7413 4 2 5 29 1256 1262 1261 1978
7414 4 2 5 29 1863 2239 2053 2353
7415 4 2 5 29 1920 2234 2192 2607
7416 4 2 5 29 1057 1138 1060 2302
7417 4 2 5 29 1866 2228 2175 2350
7418 4 2 5 29 2043 2269 1906 2313
7419 4 2 5 29 1254 2021 1640 2302
7420 4 2 5 29 2072 2419 373 2491
7421 4 2 5 29 991 992 843 2437
7422 4 2 5 29 1593 1556 911 2001
7423 4 2 5 29 1817 2528 2189 2568
7424 4 2 5 29 910 908 909 2089
7425 4 2 5 29 1813 1983 2297 2417
7426 4 2 5 29 1306 2260 1998 2516
7427 4 2 5 29 1329 2108 1330 2210
7428 4 2 5 29 1947 2165 1842 2229
7429 4 2 5 29 1825 1972 2170 2236
7430 4 2 5 29 1275 1227 2207 2592
7431 4 2 5 29 1796 2160 2082 2390
7432 4 2 5 29 1942 1831 2205 2612
7433 4 2 5 29 1600 1529 1538 2175
7434 4 2 5 29 1287 2197 1244 2455
7435 4 2 5 29 1533 1610 1378 2479
7436 4 2 5 29 1845 2391 2308 2534
7437 4 2 5 29 2000 2212 1828 2551
7438 4 2 5 29 1073 1072 1076 2006
7439 4 2 5 29 855 2038 854 2482
7440 4 2 5 29 350 2067 987 2393
7441 4 2 5 29 2240 2456 1992 2502
7442 4 2 5 29 354 353 897 2095
7443 4 2 5 29 1700 1697 2348 2403
7444 4 2 5 29 1648 359 2262 2572
7445 4 2 5 29 863 1267 1367 2069
7446 4 2 5 29 1829 2081 2132 2413
7447 4 2 5 29 2080 2088 1912 2564
7448 4 2 5 29 921 2310 920 2465
7449 4 2 5 29 1972 2236 1935 2474
7450 4 2 5 29 1083 1980 1086 2467
7451 4 2 5 29 1940 2072 2301 2491
7452 4 2 5 29 1813 2417 2457 2537
7453 4 2 5 29 1457 1245 2359 2421
7454 4 2 5 29 2122 2124 1404 2582
7455 4 2 5 29 1796 2082 2042 2390
7456 4 2 5 29 2097 2115 1971 2452
7457 4 2 5 29 1310 2107 877 2399
7458 4 2 5 29 1963 2159 2039 2463
7459 4 2 5 29 2199 1910 2410 2501
7460 4 2 5 29 2070 2124 1921 2553
7461 4 2 5 29 1917 2171 2258 2496
7462 4 2 5 29 915 1985 1279 2283
7463 4 2 5 29 2138 2431 2344 2499
7464 4 2 5 29 1965 1805 2328 2522
7465 4 2 5 29 1974 2004 2172 2600
7466 4 2 5 29 1540 2147 2049 2395
7467 4 2 5 29 817 831 1123 2459
7468 4 2 5 29 2037 1816 2099 2614
7469 4 2 5 29 1544 2266 2044 2474
7470 4 2 5 29 2100 2147 930 2489
7471 4 2 5 29 1359 911 913 2214
7472 4 2 5 29 2274 2563 2336 2618
7473 4 2 5 29 1236 2005 1398 2531
7474 4 2 5 29 1967 2237 2233 2463
7475 4 2 5 29 1883 2235 2168 2418
7476 4 2 5 29 1039 1040 842 2314
7477 4 2 5 29 2238 2366 1672 2572
7478 4 2 5 29 1906 2115 2097 2452
7479 4 2 5 29 930 2147 2100 2450
7480 4 2 5 29 1615 2165 1350 2229
7481 4 2 5 29 1802 2112 2020 2191
7482 4 2 5 29 1151 2239 2053 2606
7483 4 2 5 29 1292 2510 2291 2552
7484 4 2 5 29 1671 1134 1669 2535
7485 4 2 5 29 2032 2345 1952 2346
7486 4 2 5 29 1852 2341 2148 2384
7487 4 2 5 29 2039 2189 1817 2528
7488 4 2 5 29 1216 2003 1215 2466
7489 4 2 5 29 1715 2410 2235 2501
7490 4 2 5 29 1700 1697 1699 2348
7491 4 2 5 29 1009 2280 940 2545
7492 4 2 5 29 2145 2216 1841 2486
7493 4 2 5 29 1812 1964 2271 2344
7494 4 2 5 29 2135 2141 1894 2615
7495 4 2 5 29 1383 909 1594 2272
7496 4 2 5 29 2061 2350 832 2500
7497 4 2 5 29 1465 2131 994 2293
7498 4 2 5 29 1952 1838 2386 2517
7499 4 2 5 29 2092 2213 1919 2334
7500 4 2 5 29 1990 2136 1919 2570
7501 4 2 5 29 1171 1540 2049 2395
7502 4 2 5 29 1388 2484 2031 2559
7503 4 2 5 29 1714 2235 2168 2253
7504 4 2 5 29 1849 2377 2281 2434
7505 4 2 5 29 2122 2124 1893 2585
7506 4 2 5 29 971 1942 1197 2510
7507 4 2 5 29 2014 2456 2240 2502
7508 4 2 5 29 1673 2540 2449 2541
7509 4 2 5 29 1930 2274 2156 2374
7510 4 2 5 29 972 2510 2070 2543
7511 4 2 5 29 1901 2243 2079 2262
7512 4 2 5 29 1447 1462 1084 2143
7513 4 2 5 29 1934 2345 2009 2487
7514 4 2 5 29 1965 2273 1839 2615
7515 4 2 5 29 1665 1661 1985 2433
7516 4 2 5 29 811 1498 875 1988
7517 4 2 5 29 1644 1652 1645 2231
7518 4 2 5 29 1584 2421 1943 2455
7519 4 2 5 29 1604 1372 1371 2223
7520 4 2 5 29 901 1965 2272 2287
7521 4 2 5 29 2094 2453 2137 2547
7522 4 2 5 29 1527 2120 1469 2243
7523 4 2 5 29 1728 1701 1700 2092
7524 4 2 5 29 1732 2073 2323 2385
7525 4 2 5 29 1078 2104 1079 2585
7526 4 2 5 29 1475 2186 954 2276
7527 4 2 5 29 1144 1999 1145 2339
7528 4 2 5 29 1847 2326 2029 2417
7529 4 2 5 29 1797 2097 2452 2544
7530 4 2 5 29 1559 947 1587 1989
7531 4 2 5 29 1714 2168 1731 2338
7532 4 2 5 29 1998 1846 2227 2568
7533 4 2 5 29 1367 2069 1267 2200
7534 4 2 5 29 1523 1240 1341 2068
7535 4 2 5 29 1197 1196 351 2282
7536 4 2 5 29 1865 2300 2018 2539
7537 4 2 5 29 1685 1686 2342 2538
7538 4 2 5 29 1890 2270 2158 2509
7539 4 2 5 29 1963 1870 2423 2590
7540 4 2 5 29 1870 1954 2423 2590
7541 4 2 5 29 1189 1248 1421 2137
7542 4 2 5 29 1137 1138 1139 2302
7543 4 2 5 29 907 884 1313 2012
7544 4 2 5 29 351 1409 2282 2441
7545 4 2 5 29 1853 2291 1959 2351
7546 4 2 5 29 827 1392 829 2132
7547 4 2 5 29 866 1420 1208 2242
7548 4 2 5 29 1386 1997 1034 2484
7549 4 2 5 29 2021 2453 2349 2542
7550 4 2 5 29 822 2077 1401 2394
7551 4 2 5 29 1903 1984 2185 2575
7552 4 2 5 29 817 814 830 2015
7553 4 2 5 29 814 815 816 2085
7554 4 2 5 29 1450 894 1452 2300
7555 4 2 5 29 1445 1559 1588 2305
7556 4 2 5 29 1967 2253 2177 2338
7557 4 2 5 29 2081 2413 1869 2475
7558 4 2 5 29 2267 2414 1850 2514
7559 4 2 5 29 1972 1798 2113 2414
7560 4 2 5 29 1612 1646 1384 2287
7561 4 2 5 29 2027 2511 2383 2519
7562 4 2 5 29 1875 2495 1957 2541
7563 4 2 5 29 2048 2158 1919 2534
7564 4 2 5 29 868 1226 839 2114
7565 4 2 5 29 1951 1839 2273 2615
7566 4 2 5 29 829 1271 1420 2242
7567 4 2 5 29 2202 2230 1902 2237
7568 4 2 5 29 1372 1371 2223 2367
7569 4 2 5 29 1701 1700 2092 2403
7570 4 2 5 29 1853 1959 2291 2369
7571 4 2 5 29 1732 1693 2073 2385
7572 4 2 5 29 1535 2347 1148 2363
7573 4 2 5 29 1837 2428 2046 2620
7574 4 2 5 29 1002 1451 1448 2222
7575 4 2 5 29 898 367 2451 2604
7576 4 2 5 29 1899 2225 2200 2270
7577 4 2 5 29 2018 2146 1865 2539
7578 4 2 5 29 1584 2164 2421 2455
7579 4 2 5 29 1986 2238 978 2572
7580 4 2 5 29 2131 2293 1867 2365
7581 4 2 5 29 2005 2031 2556 2587
7582 4 2 5 29 2082 2187 1874 2427
7583 4 2 5 29 1844 2347 2140 2371
7584 4 2 5 29 1644 1496 1653 2312
7585 4 2 5 29 2146 2222 1865 2513
7586 4 2 5 29 352 353 1419 2095
7587 4 2 5 29 2027 2106 1995 2385
7588 4 2 5 29 2215 2304 1879 2447
7589 4 2 5 29 1821 2336 2274 2563
7590 4 2 5 29 2087 2180 1885 2349
7591 4 2 5 29 976 2339 2139 2566
7592 4 2 5 29 2075 2146 1865 2513
7593 4 2 5 29 1177 1631 1440 2450
7594 4 2 5 29 1886 2291 2152 2510
7595 4 2 5 29 1613 1358 2079 2261
7596 4 2 5 29 1853 1960 2351 2515
7597 4 2 5 29 1487 1301 1293 2157
7598 4 2 5 29 1717 54 1712 2599
7599 4 2 5 29 955 2353 2432 2433
7600 4 2 5 29 2031 1896 2556 2587
7601 4 2 5 29 2063 2439 1520 2517
7602 4 2 5 29 1716 2199 2410 2501
7603 4 2 5 29 1915 2181 2162 2546
7604 4 2 5 29 1883 2116 2151 2444
7605 4 2 5 29 1837 2334 2191 2597
7606 4 2 5 29 1844 2059 2289 2371
7607 4 2 5 29 1863 2353 2326 2591
7608 4 2 5 29 1427 1348 984 2052
7609 4 2 5 29 1854 2093 2178 2598
7610 4 2 5 29 1939 1987 2217 2578
7611 4 2 5 29 2003 2157 1958 2466
7612 4 2 5 29 1973 2401 2220 2546
7613 4 2 5 29 2061 2271 2024 2588
7614 4 2 5 29 1053 1149 2372 2606
7615 4 2 5 29 2066 2301 2117 2357
7616 4 2 5 29 2184 2565 1962 2576
7617 4 2 5 29 1005 1007 1102 2278
7618 4 2 5 29 2045 2105 1884 2584
7619 4 2 5 29 1897 1984 2094 2275
7620 4 2 5 29 1923 2390 2149 2408
7621 4 2 5 29 1860 2019 2058 2550
7622 4 2 5 29 1519 1214 1030 2063
7623 4 2 5 29 958 2372 2053 2433
7624 4 2 5 29 2158 2370 2270 2522
7625 4 2 5 29 1835 2006 2284 2512
7626 4 2 5 29 1231 1232 1229 2131
7627 4 2 5 29 1994 2251 1917 2409
7628 4 2 5 29 1124 1126 2245 2409
7629 4 2 5 29 907 884 2012 2535
7630 4 2 5 29 2113 2259 1878 2389
7631 4 2 5 29 1873 2139 1993 2379
7632 4 2 5 29 834 1415 944 2588
7633 4 2 5 29 1071 1069 1070 2475
7634 4 2 5 29 1456 2343 1457 2359
7635 4 2 5 29 1268 1571 2013 2595
7636 4 2 5 29 1212 1935 1567 2474
7637 4 2 5 29 1084 1082 1083 1980
7638 4 2 5 29 353 2095 354 2368
7639 4 2 5 29 1911 2487 2192 2529
7640 4 2 5 29 1849 2122 2023 2312
7641 4 2 5 29 1718 2030 2221 2375
7642 4 2 5 29 1582 2109 926 2360
7643 4 2 5 29 2306 2495 1957 2556
7644 4 2 5 29 1833 2155 1989 2236
7645 4 2 5 29 1352 2340 1344 2425
7646 4 2 5 29 1236 1399 2126 2531
7647 4 2 5 29 1724 2136 1990 2570
7648 4 2 5 29 1847 2028 2178 2486
7649 4 2 5 29 1243 2164 1584 2455
7650 4 2 5 29 1113 2133 1115 2320
7651 4 2 5 29 1241 1290 348 2152
7652 4 2 5 29 2138 2248 1966 2438
7653 4 2 5 29 1979 2298 2198 2372
7654 4 2 5 29 2071 2099 1816 2614
7655 4 2 5 29 1874 2319 2187 2440
7656 4 2 5 29 1287 1244 1243 2455
7657 4 2 5 29 1489 1490 1975 2224
7658 4 2 5 29 2168 1967 2253 2558
7659 4 2 5 29 2132 2320 1936 2332
7660 4 2 5 29 1034 1997 1037 2470
7661 4 2 5 29 2174 2241 1934 2487
7662 4 2 5 29 1192 1638 2137 2449
7663 4 2 5 29 901 2272 1646 2287
7664 4 2 5 29 1218 1219 2044 2503
7665 4 2 5 29 1546 2382 2266 2474
7666 4 2 5 29 1422 914 2183 2343
7667 4 2 5 29 2295 2296 1200 2310
7668 4 2 5 29 1568 1453 1119 2188
7669 4 2 5 29 964 1024 966 2172
7670 4 2 5 29 1731 2316 1963 2338
7671 4 2 5 29 1998 2210 2041 2363
7672 4 2 5 29 978 946 362 2500
7673 4 2 5 29 1656 1541 1539 2395
7674 4 2 5 29 1883 2151 2116 2324
7675 4 2 5 29 1166 1452 1167 2018
7676 4 2 5 29 1637 1051 1564 2057
7677 4 2 5 29 1975 2224 1913 2408
7678 4 2 5 29 1720 1692 2316 2549
7679 4 2 5 29 1303 2240 2014 2456
7680 4 2 5 29 1717 2259 2286 2599
7681 4 2 5 29 1157 1158 996 1976
7682 4 2 5 29 1935 2305 1567 2474
7683 4 2 5 29 906 2273 902 2287
7684 4 2 5 29 871 2244 2074 2362
7685 4 2 5 29 1146 2347 2041 2363
7686 4 2 5 29 2013 2407 1268 2595
7687 4 2 5 29 1594 1369 1383 2272
7688 4 2 5 29 915 1665 1279 1985
7689 4 2 5 29 1903 2177 1967 2253
7690 4 2 5 29 1898 2176 2116 2381
7691 4 2 5 29 2024 1866 2395 2588
7692 4 2 5 29 1162 2121 1658 2361
7693 4 2 5 29 1128 2201 1129 2258
7694 4 2 5 29 1644 2232 1645 2312
7695 4 2 5 29 2235 2410 1910 2501
7696 4 2 5 29 1963 2338 1892 2463
7697 4 2 5 29 1083 1082 1086 1980
7698 4 2 5 29 1334 2315 1979 2465
7699 4 2 5 29 1259 824 2055 2378
7700 4 2 5 29 887 1328 1330 2516
7701 4 2 5 29 1977 2493 2163 2586
7702 4 2 5 29 1973 2046 2348 2497
7703 4 2 5 29 1154 2021 1654 2349
7704 4 2 5 29 2167 2470 2469 2473
7705 4 2 5 29 962 853 835 2204
7706 4 2 5 29 1544 2266 1633 2503
7707 4 2 5 29 2001 1855 2212 2519
7708 4 2 5 29 2019 1860 2058 2596
7709 4 2 5 29 1052 1050 1051 2040
7710 4 2 5 29 2020 2112 1837 2191
7711 4 2 5 29 1942 2510 1886 2555
7712 4 2 5 29 2029 2461 2326 2591
7713 4 2 5 29 1622 2004 1199 2296
7714 4 2 5 29 2101 2197 2455 2561
7715 4 2 5 29 1846 2227 1951 2249
7716 4 2 5 29 1857 2214 2012 2397
7717 4 2 5 29 861 2069 863 2481
7718 4 2 5 29 1844 2289 2083 2371
7719 4 2 5 29 2169 2231 1960 2351
7720 4 2 5 29 1934 2345 2032 2346
7721 4 2 5 29 1368 2272 1369 2481
7722 4 2 5 29 1327 1322 1325 2351
7723 4 2 5 29 1808 2056 2075 2526
7724 4 2 5 29 1191 1192 2137 2541
7725 4 2 5 29 357 1981 1617 2476
7726 4 2 5 29 1979 2198 1861 2315
7727 4 2 5 29 2272 2287 1965 2522
7728 4 2 5 29 1827 2100 2450 2589
7729 4 2 5 29 2104 2378 1222 2456
7730 4 2 5 29 1904 2219 2025 2248
7731 4 2 5 29 1540 1171 2147 2450
7732 4 2 5 29 1817 2041 2371 2568
7733 4 2 5 29 2266 2382 1972 2474
7734 4 2 5 29 900 876 878 2521
7735 4 2 5 29 1658 2121 875 2361
7736 4 2 5 29 1883 2410 2235 2418
7737 4 2 5 29 2275 2402 2141 2547
7738 4 2 5 29 2148 2322 1852 2398
7739 4 2 5 29 1937 2414 2267 2514
7740 4 2 5 29 2016 2008 2267 2514
7741 4 2 5 29 1656 2454 1966 2613
7742 4 2 5 29 1518 987 1411 2067
7743 4 2 5 29 1872 2221 2030 2375
7744 4 2 5 29 1861 1974 2315 2493
7745 4 2 5 29 1570 2149 932 2278
7746 4 2 5 29 1915 2073 2027 2385
7747 4 2 5 29 1259 2055 1438 2527
7748 4 2 5 29 1837 2112 2110 2420
7749 4 2 5 29 1060 1363 1628 2226
7750 4 2 5 29 2013 2470 2167 2473
7751 4 2 5 29 1933 2450 2100 2589
7752 4 2 5 29 1882 2099 2458 2490
7753 4 2 5 29 361 978 2238 2572
7754 4 2 5 29 2024 1862 2271 2318
7755 4 2 5 29 2317 2422 2111 2532
7756 4 2 5 29 2030 2221 1872 2477
7757 4 2 5 29 2373 2407 1864 2583
7758 4 2 5 29 952 2545 1961 2579
7759 4 2 5 29 931 932 2244 2278
7760 4 2 5 29 1817 2189 2039 2356
7761 4 2 5 29 1379 1321 1351 2076
7762 4 2 5 29 1482 1071 1090 1983
7763 4 2 5 29 1862 2215 2204 2447
7764 4 2 5 29 1151 1152 957 2053
7765 4 2 5 29 1025 964 1977 2380
7766 4 2 5 29 2027 1855 2511 2519
7767 4 2 5 29 1416 1415 2024 2588
7768 4 2 5 29 1697 2403 1698 2523
7769 4 2 5 29 2027 1855 2396 2511
7770 4 2 5 29 1925 2176 2116 2444
7771 4 2 5 29 1005 1102 2126 2278
7772 4 2 5 29 1892 2168 1967 2338
7773 4 2 5 29 1994 2251 2222 2513
7774 4 2 5 29 2227 2363 1900 2472
7775 4 2 5 29 1610 2002 1623 2479
7776 4 2 5 29 1821 2105 2045 2584
7777 4 2 5 29 2039 1835 2159 2356
7778 4 2 5 29 1832 2230 2202 2608
7779 4 2 5 29 355 1617 356 2217
7780 4 2 5 29 1276 1143 1609 2340
7781 4 2 5 29 1257 2087 1406 2362
7782 4 2 5 29 1023 1019 1022 2032
7783 4 2 5 29 1672 2366 2238 2498
7784 4 2 5 29 1105 1104 1993 2232
7785 4 2 5 29 1086 1363 1362 2054
7786 4 2 5 29 351 1409 2067 2282
7787 4 2 5 29 1853 2103 2058 2265
7788 4 2 5 29 2093 2166 2520 2598
7789 4 2 5 29 1308 1152 2239 2459
7790 4 2 5 29 371 1973 370 2401
7791 4 2 5 29 957 956 2053 2433
7792 4 2 5 29 1656 2467 2454 2613
7793 4 2 5 29 1844 2083 2256 2548
7794 4 2 5 29 1922 2090 2375 2418
7795 4 2 5 29 1075 1627 1331 2108
7796 4 2 5 29 1971 2109 1848 2360
7797 4 2 5 29 826 1657 1537 2081
7798 4 2 5 29 1995 2563 2274 2618
7799 4 2 5 29 1490 1093 1491 2591
7800 4 2 5 29 959 2120 1470 2508
7801 4 2 5 29 1947 2229 1842 2331
7802 4 2 5 29 2040 1861 2254 2617
7803 4 2 5 29 1831 2110 2112 2420
7804 4 2 5 29 363 945 1530 2445
7805 4 2 5 29 2265 2562 2036 2596
7806 4 2 5 29 1170 2339 976 2566
7807 4 2 5 29 1907 2551 2263 2560
7808 4 2 5 29 972 2510 1292 2552
7809 4 2 5 29 1724 2136 1736 2335
7810 4 2 5 29 837 2601 2179 2621
7811 4 2 5 29 1671 938 1340 2051
7812 4 2 5 29 1847 2353 2053 2433
7813 4 2 5 29 2108 2559 1429 2587
7814 4 2 5 29 1799 2275 1984 2602
7815 4 2 5 29 1646 2272 1384 2287
7816 4 2 5 29 1686 1963 2342 2554
7817 4 2 5 29 1856 2117 2072 2460
7818 4 2 5 29 1532 1620 2280 2364
7819 4 2 5 29 1402 1236 1238 2005
7820 4 2 5 29 1152 957 2053 2353
7821 4 2 5 29 1847 2028 2326 2417
7822 4 2 5 29 992 1999 1144 2437
7823 4 2 5 29 1207 1420 1269 2407
7824 4 2 5 29 1570 1007 1113 2133
7825 4 2 5 29 1388 1386 2484 2559
7826 4 2 5 29 1569 2179 2314 2621
7827 4 2 5 29 1413 1146 1147 2041
7828 4 2 5 29 2005 2495 2306 2556
7829 4 2 5 29 2023 2312 1496 2605
7830 4 2 5 29 1688 2177 2253 2338
7831 4 2 5 29 1578 1038 1618 2400
7832 4 2 5 29 1974 1855 2296 2600
7833 4 2 5 29 1372 1515 1603 1987
7834 4 2 5 29 2028 2417 2457 2461
7835 4 2 5 29 1979 2411 2283 2436
7836 4 2 5 29 1185 1191 2137 2541
7837 4 2 5 29 1890 2200 2194 2270
7838 4 2 5 29 1878 2458 2099 2490
7839 4 2 5 29 1028 2125 1336 2307
7840 4 2 5 29 1974 2296 2004 2600
7841 4 2 5 29 978 1986 979 2500
7842 4 2 5 29 2065 2405 1878 2458
7843 4 2 5 29 999 1334 1135 1979
7844 4 2 5 29 1462 1084 2143 2504
7845 4 2 5 29 1964 2344 2086 2499
7846 4 2 5 29 1853 2103 2109 2515
7847 4 2 5 29 1849 2122 2231 2582
7848 4 2 5 29 1154 1640 1654 2021
7849 4 2 5 29 1380 1178 1129 2047
7850 4 2 5 29 2164 2359 1245 2421
7851 4 2 5 29 2025 1904 2248 2438
7852 4 2 5 29 1832 2376 2230 2608
7853 4 2 5 29 1688 2253 2168 2338
7854 4 2 5 29 1502 1503 1982 2574
7855 4 2 5 29 1412 1663 937 2077
7856 4 2 5 29 1627 2284 1625 2559
7857 4 2 5 29 1960 2434 2169 2515
7858 4 2 5 29 1927 2216 2145 2486
7859 4 2 5 29 1897 2189 2039 2528
7860 4 2 5 29 1821 2567 1988 2584
7861 4 2 5 29 1955 2157 2018 2539
7862 4 2 5 29 1717 2286 54 2599
7863 4 2 5 29 1835 2039 2159 2463
7864 4 2 5 29 1227 1032 1221 2592
7865 4 2 5 29 1491 2029 1677 2591
7866 4 2 5 29 1942 2543 2399 2612
7867 4 2 5 29 1908 2358 2323 2401
7868 4 2 5 29 1818 2383 1995 2443
7869 4 2 5 29 1007 2133 1570 2278
7870 4 2 5 29 2173 2219 1904 2542
7871 4 2 5 29 2025 2173 1904 2438
7872 4 2 5 29 1259 2240 2055 2527
7873 4 2 5 29 1994 2131 2513 2577
7874 4 2 5 29 2158 2308 1919 2534
7875 4 2 5 29 2167 2365 1948 2525
7876 4 2 5 29 1816 2099 2071 2345
7877 4 2 5 29 2052 2276 1916 2368
7878 4 2 5 29 1136 1065 2574 2609
7879 4 2 5 29 1901 2288 2220 2424
7880 4 2 5 29 1290 2152 2291 2510
7881 4 2 5 29 2027 2212 1855 2519
7882 4 2 5 29 1112 1445 2188 2203
7883 4 2 5 29 1724 1990 2136 2335
7884 4 2 5 29 54 2286 2034 2599
7885 4 2 5 29 1997 2469 1037 2470
7886 4 2 5 29 1711 2034 54 2286
7887 4 2 5 29 2036 2265 1886 2562
7888 4 2 5 29 817 2015 831 2459
7889 4 2 5 29 1856 2344 2431 2499
7890 4 2 5 29 2033 2346 1561 2439
7891 4 2 5 29 850 1091 1090 2252
7892 4 2 5 29 1205 2119 1483 2432
7893 4 2 5 29 1916 2368 2095 2584
7894 4 2 5 29 1796 2326 2028 2461
7895 4 2 5 29 2054 2454 1362 2467
7896 4 2 5 29 1125 1228 1230 2409
7897 4 2 5 29 1342 2249 1059 2573
7898 4 2 5 29 1734 2046 1699 2358
7899 4 2 5 29 958 917 2372 2433
7900 4 2 5 29 1859 2370 2270 2412
7901 4 2 5 29 2039 2237 1967 2463
7902 4 2 5 29 916 1135 1053 2372
7903 4 2 5 29 2342 2538 1686 2554
7904 4 2 5 29 2051 2374 2280 2511
7905 4 2 5 29 362 945 2445 2500
7906 4 2 5 29 1850 2098 2011 2544
7907 4 2 5 29 1682 2427 2187 2501
7908 4 2 5 29 1020 1349 1312 2174
7909 4 2 5 29 1797 2505 2034 2596
7910 4 2 5 29 912 911 1556 2404
7911 4 2 5 29 1849 2231 2169 2281
7912 4 2 5 29 1171 2049 1538 2395
7913 4 2 5 29 1907 2093 2551 2560
7914 4 2 5 29 920 1974 919 2465
7915 4 2 5 29 1610 1612 1623 2002
7916 4 2 5 29 1936 2132 2010 2595
7917 4 2 5 29 1666 2353 2029 2432
7918 4 2 5 29 2052 2327 984 2368
7919 4 2 5 29 1833 1989 2203 2305
7920 4 2 5 29 1939 2388 2110 2578
7921 4 2 5 29 1897 2538 2528 2554
7922 4 2 5 29 2082 1874 2187 2440
7923 4 2 5 29 1470 959 1469 2120
7924 4 2 5 29 1826 2058 2434 2515
7925 4 2 5 29 1008 1676 1001 2407
7926 4 2 5 29 1934 2241 2032 2487
7927 4 2 5 29 1315 897 2095 2521
7928 4 2 5 29 1854 2166 2093 2598
7929 4 2 5 29 1630 2349 1581 2449
7930 4 2 5 29 2449 2453 2137 2541
7931 4 2 5 29 1010 1009 940 2545
7932 4 2 5 29 1655 2147 2454 2489
7933 4 2 5 29 1025 2380 1977 2488
7934 4 2 5 29 1868 2301 2066 2357
7935 4 2 5 29 1522 1128 1521 2258
7936 4 2 5 29 1832 2149 2133 2278
7937 4 2 5 29 1255 1032 1031 2435
7938 4 2 5 29 1332 2197 1318 2466
7939 4 2 5 29 1882 2195 2099 2490
7940 4 2 5 29 368 2211 830 2604
7941 4 2 5 29 1681 1710 1716 2216
7942 4 2 5 29 371 2323 2358 2401
7943 4 2 5 29 1993 2139 1873 2566
7944 4 2 5 29 1711 54 2034 2599
7945 4 2 5 29 2326 2353 2029 2591
7946 4 2 5 29 1575 1347 1466 2322
7947 4 2 5 29 1678 908 1400 2089
7948 4 2 5 29 1054 1053 1135 2198
7949 4 2 5 29 1485 1568 1211 2174
7950 4 2 5 29 1965 2328 2272 2522
7951 4 2 5 29 1677 1491 1666 2029
7952 4 2 5 29 1843 2383 2396 2511
7953 4 2 5 29 1823 2161 2254 2518
7954 4 2 5 29 1857 1947 2279 2397
7955 4 2 5 29 1940 1891 2518 2557
7956 4 2 5 29 1857 2192 2487 2529
7957 4 2 5 29 2313 2314 2179 2621
7958 4 2 5 29 1874 2111 2319 2440
7959 4 2 5 29 1821 2274 1995 2563
7960 4 2 5 29 2138 1932 2438 2460
7961 4 2 5 29 1167 1165 1166 2373
7962 4 2 5 29 2218 2256 1889 2548
7963 4 2 5 29 1498 1988 811 2616
7964 4 2 5 29 1890 2270 2194 2522
7965 4 2 5 29 2383 2396 2027 2618
7966 4 2 5 29 1411 1163 1664 2008
7967 4 2 5 29 1081 1078 1080 2023
7968 4 2 5 29 954 1476 952 2579
7969 4 2 5 29 2053 2372 1985 2433
7970 4 2 5 29 1867 2365 2167 2525
7971 4 2 5 29 1852 2322 2245 2398
7972 4 2 5 29 1908 2220 2288 2424
7973 4 2 5 29 861 860 863 2069
7974 4 2 5 29 1022 1456 1481 2032
7975 4 2 5 29 1056 1052 1492 2040
7976 4 2 5 29 2040 2254 2198 2617
7977 4 2 5 29 1587 1989 947 2593
7978 4 2 5 29 2125 2307 1028 2429
7979 4 2 5 29 1847 1983 2417 2432
7980 4 2 5 29 1016 2097 1382 2601
7981 4 2 5 29 1841 2182 2144 2603
7982 4 2 5 29 844 2016 1607 2267
7983 4 2 5 29 909 1383 901 2272
7984 4 2 5 29 1523 2068 1524 2492
7985 4 2 5 29 2259 2505 2286 2599
7986 4 2 5 29 1829 2151 2116 2444
7987 4 2 5 29 2158 2270 1890 2522
7988 4 2 5 29 1553 961 960 2262
7989 4 2 5 29 2198 2254 1861 2617
7990 4 2 5 29 1020 2214 1359 2241
7991 4 2 5 29 1882 2099 2037 2458
7992 4 2 5 29 1523 2258 2068 2492
7993 4 2 5 29 1218 1217 1544 2474
7994 4 2 5 29 1734 2136 1725 2213
7995 4 2 5 29 1619 1457 1245 2359
7996 4 2 5 29 838 836 837 2621
7997 4 2 5 29 1687 1727 1705 2050
7998 4 2 5 29 1909 2359 2164 2421
7999 4 2 5 29 1004 2097 1077 2285
8000 4 2 5 29 1857 2241 2174 2487
8001 4 2 5 29 1904 2219 2054 2302
8002 4 2 5 29 1154 2290 2021 2349
8003 4 2 5 29 846 1295 844 2264
8004 4 2 5 29 904 1667 890 2351
8005 4 2 5 29 1515 1372 1516 1987
8006 4 2 5 29 1022 2032 1019 2241
8007 4 2 5 29 1263 1077 1016 2097
8008 4 2 5 29 2027 1995 2383 2618
8009 4 2 5 29 2168 2253 2235 2558
8010 4 2 5 29 1730 1717 2065 2564
8011 4 2 5 29 940 2374 2156 2545
8012 4 2 5 29 366 1547 2451 2462
8013 4 2 5 29 1569 2179 1590 2314
8014 4 2 5 29 964 1025 1977 2498
8015 4 2 5 29 2190 2410 1883 2418
8016 4 2 5 29 1937 2266 2044 2503
8017 4 2 5 29 1815 2377 2023 2509
8018 4 2 5 29 2028 2457 2417 2537
8019 4 2 5 29 1870 2289 2184 2342
8020 4 2 5 29 1915 2396 2181 2618
8021 4 2 5 29 1650 1062 2007 2355
8022 4 2 5 29 2207 1309 2459 2591
8023 4 2 5 29 1965 2287 1951 2615
8024 4 2 5 29 2136 2213 1919 2570
8025 4 2 5 29 1855 2001 2295 2519
8026 4 2 5 29 2144 2182 1841 2193
8027 4 2 5 29 2031 2531 2005 2556
8028 4 2 5 29 1188 1203 2264 2382
8029 4 2 5 29 1154 1640 2021 2290
8030 4 2 5 29 1565 1494 1493 2488
8031 4 2 5 29 1998 2189 1846 2568
8032 4 2 5 29 1717 2259 2065 2564
8033 4 2 5 29 1199 1622 1620 2004
8034 4 2 5 29 1813 2297 2101 2561
8035 4 2 5 29 1837 2046 2213 2620
8036 4 2 5 29 943 2350 832 2588
8037 4 2 5 29 943 832 944 2588
8038 4 2 5 29 1850 2264 1956 2544
8039 4 2 5 29 1852 2309 2206 2341
8040 4 2 5 29 1854 2119 1985 2448
8041 4 2 5 29 1797 2043 2452 2480
8042 4 2 5 29 1601 1600 1547 2175
8043 4 2 5 29 960 962 1047 2508
8044 4 2 5 29 2156 2274 1843 2374
8045 4 2 5 29 1880 2352 2055 2527
8046 4 2 5 29 1102 1101 1100 2126
8047 4 2 5 29 2116 2176 1925 2381
8048 4 2 5 29 1858 2238 1986 2572
8049 4 2 5 29 2012 2311 2214 2426
8050 4 2 5 29 1480 1394 2132 2320
8051 4 2 5 29 1353 1354 1511 2364
8052 4 2 5 29 884 2311 2012 2535
8053 4 2 5 29 1144 2118 1618 2437
8054 4 2 5 29 1251 1286 1261 2416
8055 4 2 5 29 836 2601 837 2621
8056 4 2 5 29 2093 2329 1907 2551
8057 4 2 5 29 2038 2250 854 2482
8058 4 2 5 29 1802 2191 2020 2550
8059 4 2 5 29 2098 2389 2269 2505
8060 4 2 5 29 940 2156 941 2545
8061 4 2 5 29 1817 2189 1998 2568
8062 4 2 5 29 1801 2354 1996 2379
8063 4 2 5 29 1355 2172 1432 2364
8064 4 2 5 29 1260 2014 1303 2240
8065 4 2 5 29 2023 2069 2509 2605
8066 4 2 5 29 2093 1927 2178 2520
8067 4 2 5 29 2098 2113 1825 2389
8068 4 2 5 29 1561 2033 1118 2346
8069 4 2 5 29 356 1617 357 1981
8070 4 2 5 29 1461 1460 852 2292
8071 4 2 5 29 1128 1522 1130 2201
8072 4 2 5 29 1995 1915 2385 2563
8073 4 2 5 29 2187 2427 2082 2501
8074 4 2 5 29 1826 2103 2058 2515
8075 4 2 5 29 1368 1367 1560 2194
8076 4 2 5 29 350 351 1409 2067
8077 4 2 5 29 1303 2014 2392 2456
8078 4 2 5 29 1598 1596 1597 2406
8079 4 2 5 29 2002 2287 2272 2522
8080 4 2 5 29 1889 2339 2333 2379
8081 4 2 5 29 854 855 856 2038
8082 4 2 5 29 993 2365 988 2469
8083 4 2 5 29 2048 2328 2158 2534
8084 4 2 5 29 1177 898 1172 2451
8085 4 2 5 29 1952 2386 2359 2517
8086 4 2 5 29 1143 1276 1169 2339
8087 4 2 5 29 2280 2374 940 2545
8088 4 2 5 29 1225 873 1297 2387
8089 4 2 5 29 1860 2036 2562 2596
8090 4 2 5 29 1800 2255 2003 2381
8091 4 2 5 29 1861 2198 1979 2298
8092 4 2 5 29 1315 2095 876 2521
8093 4 2 5 29 1011 1634 1338 2280
8094 4 2 5 29 2047 1938 2125 2536
8095 4 2 5 29 892 2125 893 2300
8096 4 2 5 29 1450 2222 1449 2251
8097 4 2 5 29 1613 1614 1358 2261
8098 4 2 5 29 1843 2396 2383 2618
8099 4 2 5 29 1973 2401 2546 2563
8100 4 2 5 29 1839 2273 2226 2573
8101 4 2 5 29 1810 2144 2193 2298
8102 4 2 5 29 2256 2059 2471 2565
8103 4 2 5 29 1702 1696 2037 2506
8104 4 2 5 29 2158 2328 2308 2534
8105 4 2 5 29 1289 905 890 2291
8106 4 2 5 29 1870 2256 2083 2548
8107 4 2 5 29 1488 1170 976 2566
8108 4 2 5 29 1851 2182 2144 2193
8109 4 2 5 29 1636 2273 2226 2294
8110 4 2 5 29 1937 2267 2008 2514
8111 4 2 5 29 1884 2095 2368 2584
8112 4 2 5 29 1366 1073 1076 2006
8113 4 2 5 29 1354 2154 1511 2364
8114 4 2 5 29 1304 877 876 2399
8115 4 2 5 29 1889 2139 2339 2379
8116 4 2 5 29 1859 2478 2225 2479
8117 4 2 5 29 1049 992 1144 2437
8118 4 2 5 29 348 986 844 2016
8119 4 2 5 29 2042 2390 2082 2608
8120 4 2 5 29 984 2052 874 2327
8121 4 2 5 29 1714 2168 1688 2253
8122 4 2 5 29 1310 2399 1507 2543
8123 4 2 5 29 819 821 1592 2408
8124 4 2 5 29 874 2327 2052 2616
8125 4 2 5 29 2024 2395 1966 2613
8126 4 2 5 29 1093 1490 1094 2224
8127 4 2 5 29 1496 1081 1080 2023
8128 4 2 5 29 1925 2190 2247 2410
8129 4 2 5 29 1479 2320 1480 2619
8130 4 2 5 29 1913 2320 2149 2408
8131 4 2 5 29 1893 1992 2456 2502
8132 4 2 5 29 2029 2353 1847 2432
8133 4 2 5 29 1956 2264 2097 2544
8134 4 2 5 29 1539 1656 2395 2613
8135 4 2 5 29 1308 2353 1152 2459
8136 4 2 5 29 1054 2315 1390 2617
8137 4 2 5 29 1972 2266 2044 2414
8138 4 2 5 29 1192 1185 1191 2137
8139 4 2 5 29 1660 1163 1417 2441
8140 4 2 5 29 2097 1906 2452 2544
8141 4 2 5 29 2186 2261 1514 2579
8142 4 2 5 29 1081 2023 1496 2605
8143 4 2 5 29 896 2217 355 2521
8144 4 2 5 29 838 837 2179 2621
8145 4 2 5 29 1847 2432 2353 2433
8146 4 2 5 29 1283 2244 871 2362
8147 4 2 5 29 2087 2349 1580 2540
8148 4 2 5 29 856 1501 1379 2183
8149 4 2 5 29 1208 1165 1209 2373
8150 4 2 5 29 1200 1195 1526 2310
8151 4 2 5 29 2049 1827 2147 2450
8152 4 2 5 29 1989 1833 2236 2305
8153 4 2 5 29 1524 2068 1041 2314
8154 4 2 5 29 1435 2262 1986 2572
8155 4 2 5 29 1350 2165 1615 2361
8156 4 2 5 29 1713 1689 1692 2150
8157 4 2 5 29 1484 2174 1020 2241
8158 4 2 5 29 1849 1960 2169 2231
8159 4 2 5 29 891 2552 1959 2582
8160 4 2 5 29 1917 2309 1994 2409
8161 4 2 5 29 1889 1999 2333 2339
8162 4 2 5 29 1853 2058 2169 2369
8163 4 2 5 29 2020 2523 1860 2550
8164 4 2 5 29 1942 2393 2510 2555
8165 4 2 5 29 2003 2197 1898 2381
8166 4 2 5 29 1375 1982 1503 2569
8167 4 2 5 29 1431 1430 2478 2479
8168 4 2 5 29 2291 2510 2070 2552
8169 4 2 5 29 920 918 919 1974
8170 4 2 5 29 1104 974 1105 1993
8171 4 2 5 29 1419 985 1418 2327
8172 4 2 5 29 942 2350 1530 2500
8173 4 2 5 29 1166 2337 2018 2373
8174 4 2 5 29 1850 1972 2266 2382
8175 4 2 5 29 2168 2235 1883 2558
8176 4 2 5 29 1030 1029 2063 2429
8177 4 2 5 29 1178 1380 1179 2047
8178 4 2 5 29 1035 2208 1036 2470
8179 4 2 5 29 990 2167 988 2365
8180 4 2 5 29 1075 2108 1331 2464
8181 4 2 5 29 1044 1545 1046 2503
8182 4 2 5 29 1850 2267 2266 2414
8183 4 2 5 29 2187 2082 2440 2501
8184 4 2 5 29 1372 1987 969 2367
8185 4 2 5 29 2058 1853 2169 2515
8186 4 2 5 29 1885 2180 2173 2542
8187 4 2 5 29 1858 2366 2238 2572
8188 4 2 5 29 942 1530 945 2500
8189 4 2 5 29 1893 2502 2392 2553
8190 4 2 5 29 1909 2359 2032 2386
8191 4 2 5 29 1414 1416 2395 2588
8192 4 2 5 29 1658 875 1498 2361
8193 4 2 5 29 2182 2325 2015 2532
8194 4 2 5 29 924 2285 1971 2483
8195 4 2 5 29 1714 1688 2168 2338
8196 4 2 5 29 1736 372 2086 2358
8197 4 2 5 29 1477 2154 2545 2579
8198 4 2 5 29 1817 1970 2289 2528
8199 4 2 5 29 2127 2230 1929 2376
8200 4 2 5 29 1840 2255 2063 2429
8201 4 2 5 29 1331 1330 1329 2108
8202 4 2 5 29 1425 2312 1140 2609
8203 4 2 5 29 1193 2296 920 2310
8204 4 2 5 29 1709 1708 2145 2557
8205 4 2 5 29 2263 2520 1927 2551
8206 4 2 5 29 1882 2247 2071 2580
8207 4 2 5 29 1654 2021 1638 2449
8208 4 2 5 29 1404 2124 1395 2582
8209 4 2 5 29 2058 2434 2169 2550
8210 4 2 5 29 1951 2209 2141 2615
8211 4 2 5 29 1020 1359 1021 2241
8212 4 2 5 29 2044 2266 1972 2474
8213 4 2 5 29 1948 2473 2167 2525
8214 4 2 5 29 1405 2122 1080 2585
8215 4 2 5 29 1729 2184 1691 2576
8216 4 2 5 29 1142 1136 1504 2225
8217 4 2 5 29 1985 2119 1847 2433
8218 4 2 5 29 931 1285 1101 2244
8219 4 2 5 29 2010 1829 2151 2583
8220 4 2 5 29 886 2516 887 2587
8221 4 2 5 29 1616 2217 923 2476
8222 4 2 5 29 2032 2359 1952 2386
8223 4 2 5 29 2122 2281 1849 2377
8224 4 2 5 29 1048 1042 907 2397
8225 4 2 5 29 1683 2235 2427 2501
8226 4 2 5 29 1944 2436 1974 2465
8227 4 2 5 29 2115 2313 2043 2452
8228 4 2 5 29 2286 2505 2034 2599
8229 4 2 5 29 2207 2387 1895 2592
8230 4 2 5 29 2140 2471 1859 2478
8231 4 2 5 29 1110 2197 1287 2455
8232 4 2 5 29 2169 2434 2058 2515
8233 4 2 5 29 1350 2165 1046 2229
8234 4 2 5 29 1898 2197 2003 2466
8235 4 2 5 29 1974 2436 2078 2493
8236 4 2 5 29 1704 1702 1696 2037
8237 4 2 5 29 1276 1277 2218 2485
8238 4 2 5 29 1922 2375 2075 2526
8239 4 2 5 29 927 2100 930 2489
8240 4 2 5 29 1463 1317 2204 2594
8241 4 2 5 29 1164 1160 1162 2229
8242 4 2 5 29 1128 1129 1127 2258
8243 4 2 5 29 1125 1230 2245 2409
8244 4 2 5 29 1657 2081 1316 2533
8245 4 2 5 29 1023 1022 1481 2032
8246 4 2 5 29 2101 2297 1983 2475
8247 4 2 5 29 2032 2346 1952 2359
8248 4 2 5 29 2028 2326 2417 2461
8249 4 2 5 29 1300 2218 1067 2569
8250 4 2 5 29 995 989 993 2293
8251 4 2 5 29 1338 2051 938 2374
8252 4 2 5 29 1885 2349 2180 2542
8253 4 2 5 29 1963 2342 2289 2590
8254 4 2 5 29 2007 2355 2128 2425
8255 4 2 5 29 1314 1132 1302 2468
8256 4 2 5 29 1821 2045 2567 2584
8257 4 2 5 29 1866 2271 2061 2588
8258 4 2 5 29 1047 962 835 2318
8259 4 2 5 29 1177 1172 2450 2451
8260 4 2 5 29 1408 2322 840 2398
8261 4 2 5 29 1844 2153 2083 2548
8262 4 2 5 29 1856 2431 2117 2460
8263 4 2 5 29 973 1507 2399 2543
8264 4 2 5 29 2218 1889 2485 2548
8265 4 2 5 29 2120 2304 1901 2507
8266 4 2 5 29 2152 2265 1853 2369
8267 4 2 5 29 1731 1690 1686 2590
8268 4 2 5 29 1727 2050 1687 2538
8269 4 2 5 29 1144 1145 1143 2339
8270 4 2 5 29 1834 2261 2186 2579
8271 4 2 5 29 1719 2030 1718 2375
8272 4 2 5 29 372 2086 2323 2419
8273 4 2 5 29 2066 1822 2422 2575
8274 4 2 5 29 2138 2438 2431 2460
8275 4 2 5 29 1887 2565 2184 2576
8276 4 2 5 29 1224 2378 2240 2456
8277 4 2 5 29 1908 2220 2401 2546
8278 4 2 5 29 1813 2417 2297 2457
8279 4 2 5 29 371 2323 372 2358
8280 4 2 5 29 1494 1493 2488 2498
8281 4 2 5 29 1963 2316 1892 2338
8282 4 2 5 29 1996 1811 2333 2611
8283 4 2 5 29 1945 2340 2007 2425
8284 4 2 5 29 1896 2039 2189 2356
8285 4 2 5 29 1941 2143 1980 2504
8286 4 2 5 29 1339 2051 1338 2295
8287 4 2 5 29 2114 2179 837 2601
8288 4 2 5 29 1888 2358 2046 2620
8289 4 2 5 29 1951 2273 1965 2615
8290 4 2 5 29 364 1530 1601 2175
8291 4 2 5 29 1590 2179 1574 2314
8292 4 2 5 29 1910 2082 2235 2501
8293 4 2 5 29 2229 2331 1947 2503
8294 4 2 5 29 1049 1144 1618 2437
8295 4 2 5 29 924 980 1077 2285
8296 4 2 5 29 1417 1418 1659 2441
8297 4 2 5 29 2116 2324 2151 2583
8298 4 2 5 29 1687 2538 2177 2554
8299 4 2 5 29 1859 2002 2194 2522
8300 4 2 5 29 2024 1416 2588 2613
8301 4 2 5 29 1022 1456 2032 2343
8302 4 2 5 29 1886 2510 2393 2555
8303 4 2 5 29 1566 1113 1115 2320
8304 4 2 5 29 1350 1281 2165 2361
8305 4 2 5 29 2024 2588 2395 2613
8306 4 2 5 29 1457 1422 1500 2343
8307 4 2 5 29 2200 2509 2069 2605
8308 4 2 5 29 1517 1515 2120 2476
8309 4 2 5 29 1186 2266 1546 2382
8310 4 2 5 29 1798 2279 2009 2529
8311 4 2 5 29 1841 2187 2319 2440
8312 4 2 5 29 1719 1707 1704 2190
8313 4 2 5 29 1504 1502 1503 1982
8314 4 2 5 29 2093 1927 2520 2551
8315 4 2 5 29 1944 2093 2329 2411
8316 4 2 5 29 1191 1185 1184 2541
8317 4 2 5 29 1299 1064 1067 2153
8318 4 2 5 29 1839 2054 2219 2226
8319 4 2 5 29 1519 2063 1520 2517
8320 4 2 5 29 1580 2087 1286 2349
8321 4 2 5 29 1087 2355 1072 2464
8322 4 2 5 29 1967 1892 2338 2463
8323 4 2 5 29 818 2149 1566 2320
8324 4 2 5 29 1909 2164 2359 2386
8325 4 2 5 29 1308 2239 1153 2459
8326 4 2 5 29 1633 2266 1201 2267
8327 4 2 5 29 2007 1651 2340 2485
8328 4 2 5 29 2058 2103 1853 2515
8329 4 2 5 29 1469 959 961 2508
8330 4 2 5 29 1965 2273 1951 2287
8331 4 2 5 29 1853 2291 2152 2369
8332 4 2 5 29 906 1176 902 2273
8333 4 2 5 29 1849 1960 2231 2232
8334 4 2 5 29 1385 2200 1426 2605
8335 4 2 5 29 1375 2478 1982 2569
8336 4 2 5 29 2243 2476 2120 2507
8337 4 2 5 29 1922 2190 2526 2580
8338 4 2 5 29 1014 2227 1013 2249
8339 4 2 5 29 1561 2346 1120 2439
8340 4 2 5 29 1352 1145 991 2340
8341 4 2 5 29 1441 1120 1481 2346
8342 4 2 5 29 1312 2174 1349 2397
8343 4 2 5 29 886 2306 2516 2587
8344 4 2 5 29 2104 1992 2378 2456
8345 4 2 5 29 1698 2019 1711 2523
8346 4 2 5 29 1887 2270 2158 2370
8347 4 2 5 29 2000 2263 1907 2551
8348 4 2 5 29 938 1671 1669 2374
8349 4 2 5 29 1994 2513 2222 2577
8350 4 2 5 29 1832 2390 2042 2608
8351 4 2 5 29 1533 1378 2140 2479
8352 4 2 5 29 1656 1497 2467 2613
8353 4 2 5 29 1096 1097 2101 2455
8354 4 2 5 29 1930 2374 2051 2383
8355 4 2 5 29 1552 1551 1608 2363
8356 4 2 5 29 1937 2331 2229 2503
8357 4 2 5 29 1720 1692 1731 2316
8358 4 2 5 29 1697 369 2348 2523
8359 4 2 5 29 874 2052 812 2616
8360 4 2 5 29 1696 1721 1704 2037
8361 4 2 5 29 1169 2139 976 2339
8362 4 2 5 29 1549 1268 2013 2407
8363 4 2 5 29 1988 2327 2052 2584
8364 4 2 5 29 1878 2405 2099 2458
8365 4 2 5 29 2067 2393 1942 2555
8366 4 2 5 29 895 1336 1028 2125
8367 4 2 5 29 1218 1219 1213 2044
8368 4 2 5 29 1831 2388 2105 2497
8369 4 2 5 29 993 989 988 2365
8370 4 2 5 29 899 898 367 2451
8371 4 2 5 29 1870 2342 2184 2590
8372 4 2 5 29 2081 2242 828 2533
8373 4 2 5 29 1260 1302 1303 2014
8374 4 2 5 29 1007 1116 1114 2133
8375 4 2 5 29 850 2252 1583 2482
8376 4 2 5 29 876 877 878 2107
8377 4 2 5 29 1062 2153 1064 2485
8378 4 2 5 29 1868 2072 2301 2460
8379 4 2 5 29 1808 2060 2155 2490
8380 4 2 5 29 1080 1078 1079 2585
8381 4 2 5 29 2068 2314 1524 2492
8382 4 2 5 29 1408 840 1126 2398
8383 4 2 5 29 1028 2429 2307 2439
8384 4 2 5 29 2363 2371 2041 2568
8385 4 2 5 29 2387 2435 1895 2592
8386 4 2 5 29 1469 2120 959 2508
8387 4 2 5 29 855 1500 856 2038
8388 4 2 5 29 882 2031 1398 2587
8389 4 2 5 29 2138 2344 1964 2499
8390 4 2 5 29 1680 373 1679 2419
8391 4 2 5 29 1835 2237 2039 2463
8392 4 2 5 29 2235 2253 1950 2558
8393 4 2 5 29 1411 1163 2008 2441
8394 4 2 5 29 1259 824 1438 2055
8395 4 2 5 29 1831 2110 2388 2497
8396 4 2 5 29 1960 1873 2268 2406
8397 4 2 5 29 869 868 1187 2382
8398 4 2 5 29 1603 1987 1515 2476
8399 4 2 5 29 2219 2226 2054 2302
8400 4 2 5 29 1925 2247 2190 2580
8401 4 2 5 29 1522 1521 948 2593
8402 4 2 5 29 2349 2449 1875 2453
8403 4 2 5 29 1544 1632 1218 2503
8404 4 2 5 29 2047 2201 1938 2536
8405 4 2 5 29 2116 2151 1829 2583
8406 4 2 5 29 1445 1444 2188 2305
8407 4 2 5 29 1875 2453 2449 2541
8408 4 2 5 29 830 2211 1675 2592
8409 4 2 5 29 1880 2223 2352 2527
8410 4 2 5 29 1355 1432 1620 2364
8411 4 2 5 29 992 1145 1144 1999
8412 4 2 5 29 978 1435 1986 2572
8413 4 2 5 29 2420 2502 2112 2553
8414 4 2 5 29 1692 2150 1690 2590
8415 4 2 5 29 1393 2208 1571 2595
8416 4 2 5 29 2187 1940 2319 2491
8417 4 2 5 29 1837 1992 2334 2502
8418 4 2 5 29 1990 1919 2534 2570
8419 4 2 5 29 1008 2373 1676 2407
8420 4 2 5 29 1650 1651 2007 2485
8421 4 2 5 29 869 1455 2170 2382
8422 4 2 5 29 2058 2265 2103 2596
8423 4 2 5 29 1460 1416 1415 2024
8424 4 2 5 29 1890 2069 2200 2509
8425 4 2 5 29 362 946 945 2500
8426 4 2 5 29 1162 1660 1658 2121
8427 4 2 5 29 2140 2478 1374 2569
8428 4 2 5 29 1542 1548 1549 2167
8429 4 2 5 29 1822 2180 2127 2575
8430 4 2 5 29 1983 1869 2297 2417
8431 4 2 5 29 2041 2153 1844 2347
8432 4 2 5 29 2274 2336 1843 2618
8433 4 2 5 29 1405 1653 1080 2122
8434 4 2 5 29 351 1410 1409 2441
8435 4 2 5 29 1067 2347 1624 2569
8436 4 2 5 29 1344 1347 1345 2425
8437 4 2 5 29 2100 2147 1827 2450
8438 4 2 5 29 1827 2117 2357 2589
8439 4 2 5 29 1473 1041 1524 2068
8440 4 2 5 29 2224 2413 1869 2461
8441 4 2 5 29 889 1289 890 2291
8442 4 2 5 29 1334 2283 1599 2465
8443 4 2 5 29 1836 2060 2171 2477
8444 4 2 5 29 1483 2432 2119 2433
8445 4 2 5 29 1079 2104 2456 2585
8446 4 2 5 29 1347 1344 1407 2322
8447 4 2 5 29 2223 2367 1880 2578
8448 4 2 5 29 1987 2367 2223 2578
8449 4 2 5 29 1859 2270 2370 2522
8450 4 2 5 29 1591 1464 1576 2128
8451 4 2 5 29 910 909 903 2134
8452 4 2 5 29 1015 1382 1016 2097
8453 4 2 5 29 1851 2325 1976 2442
8454 4 2 5 29 1589 2223 1472 2594
8455 4 2 5 29 1593 1340 1339 2311
8456 4 2 5 29 2227 2363 1998 2568
8457 4 2 5 29 1915 1995 2385 2618
8458 4 2 5 29 1074 1131 1087 2464
8459 4 2 5 29 1859 2270 2225 2412
8460 4 2 5 29 1520 2439 1531 2517
8461 4 2 5 29 2072 2460 1868 2581
8462 4 2 5 29 1458 1626 2284 2469
8463 4 2 5 29 1630 1580 2349 2540
8464 4 2 5 29 1871 2269 2389 2505
8465 4 2 5 29 1953 2219 2141 2547
8466 4 2 5 29 2128 2355 1121 2425
8467 4 2 5 29 1834 2181 2336 2546
8468 4 2 5 29 2209 2402 2141 2615
8469 4 2 5 29 988 2365 2167 2469
8470 4 2 5 29 1937 2266 2267 2414
8471 4 2 5 29 812 874 984 2052
8472 4 2 5 29 2015 2532 2211 2592
8473 4 2 5 29 1275 2207 1309 2459
8474 4 2 5 29 1640 1573 1139 2302
8475 4 2 5 29 1895 2211 2532 2592
8476 4 2 5 29 2027 2385 1995 2618
8477 4 2 5 29 1843 2336 2181 2618
8478 4 2 5 29 991 843 841 2148
8479 4 2 5 29 1613 2366 2079 2572
8480 4 2 5 29 1802 2553 2070 2612
8481 4 2 5 29 1805 2048 2135 2328
8482 4 2 5 29 930 2147 951 2489
8483 4 2 5 29 1006 1005 1399 2126
8484 4 2 5 29 1841 2028 2440 2603
8485 4 2 5 29 2301 2491 2072 2581
8486 4 2 5 29 2005 2556 2306 2587
8487 4 2 5 29 1983 2321 1869 2417
8488 4 2 5 29 1807 2325 2182 2532
8489 4 2 5 29 1409 1411 987 2067
8490 4 2 5 29 2044 2266 1937 2414
8491 4 2 5 29 1654 2349 2021 2449
8492 4 2 5 29 1654 1640 1638 2021
8493 4 2 5 29 895 2125 1028 2429
8494 4 2 5 29 1366 1076 995 2293
8495 4 2 5 29 1895 2422 2317 2532
8496 4 2 5 29 1317 935 934 2035
8497 4 2 5 29 1325 2231 1667 2351
8498 4 2 5 29 1683 2235 2253 2427
8499 4 2 5 29 1897 2528 2039 2554
8500 4 2 5 29 1397 2543 972 2552
8501 4 2 5 29 1850 2016 2267 2514
8502 4 2 5 29 1665 1279 1985 2448
8503 4 2 5 29 1848 2313 2115 2400
8504 4 2 5 29 1838 2197 2003 2381
8505 4 2 5 29 1870 2256 2354 2565
8506 4 2 5 29 1136 1105 1065 2609
8507 4 2 5 29 1440 2100 1250 2416
8508 4 2 5 29 1859 2494 2002 2522
8509 4 2 5 29 1840 2195 2056 2536
8510 4 2 5 29 2004 2296 1855 2600
8511 4 2 5 29 1539 2395 1416 2613
8512 4 2 5 29 1419 1418 1410 2441
8513 4 2 5 29 2015 2459 1863 2532
8514 4 2 5 29 1825 2269 2098 2389
8515 4 2 5 29 958 2053 956 2433
8516 4 2 5 29 2013 2208 1936 2595
8517 4 2 5 29 1921 2420 2112 2553
8518 4 2 5 29 1276 1273 1169 2139
8519 4 2 5 29 1851 2442 2198 2606
8520 4 2 5 29 1232 1231 1365 2131
8521 4 2 5 29 369 1733 2088 2286
8522 4 2 5 29 821 819 818 2408
8523 4 2 5 29 1615 1162 1658 2361
8524 4 2 5 29 1896 2210 2108 2356
8525 4 2 5 29 1073 1625 1075 2284
8526 4 2 5 29 1303 2014 1132 2392
8527 4 2 5 29 2004 1855 2296 2511
8528 4 2 5 29 983 354 1427 2368
8529 4 2 5 29 852 835 853 2318
8530 4 2 5 29 1828 2212 2000 2607
8531 4 2 5 29 1326 1247 926 2483
8532 4 2 5 29 1150 2239 1151 2606
8533 4 2 5 29 1192 1638 1421 2137
8534 4 2 5 29 895 893 892 2125
8535 4 2 5 29 1441 2359 1442 2517
8536 4 2 5 29 1797 2265 2036 2596
8537 4 2 5 29 1540 1541 2147 2395
8538 4 2 5 29 1708 1732 1693 2073
8539 4 2 5 29 1224 1222 2378 2456
8540 4 2 5 29 1663 1401 908 2077
8541 4 2 5 29 1828 2166 2234 2551
8542 4 2 5 29 1837 2502 2334 2597
8543 4 2 5 29 1558 1109 1381 2201
8544 4 2 5 29 2240 2378 1992 2456
8545 4 2 5 29 2060 2269 1871 2477
8546 4 2 5 29 1810 1979 2298 2436
8547 4 2 5 29 1809 2025 2248 2438
8548 4 2 5 29 1953 2226 2219 2302
8549 4 2 5 29 1029 1520 1030 2063
8550 4 2 5 29 813 1498 811 2616
8551 4 2 5 29 2225 2270 1899 2412
8552 4 2 5 29 1703 2190 1707 2410
8553 4 2 5 29 1844 2218 2256 2471
8554 4 2 5 29 1269 1420 1271 2010
8555 4 2 5 29 1913 2408 2224 2619
8556 4 2 5 29 1655 2454 1572 2489
8557 4 2 5 29 1602 1367 1267 2200
8558 4 2 5 29 1870 2289 2342 2590
8559 4 2 5 29 1948 2365 2131 2525
8560 4 2 5 29 1504 2225 1982 2478
8561 4 2 5 29 955 2353 1666 2432
8562 4 2 5 29 957 955 956 2433
8563 4 2 5 29 2010 1958 2242 2583
8564 4 2 5 29 1904 2054 2219 2248
8565 4 2 5 29 1807 2015 2325 2532
8566 4 2 5 29 1215 1332 1318 2466
8567 4 2 5 29 1433 919 918 2315
8568 4 2 5 29 2187 2440 2216 2501
8569 4 2 5 29 1267 1426 2200 2605
8570 4 2 5 29 2047 2496 2201 2536
8571 4 2 5 29 1050 2488 2040 2617
8572 4 2 5 29 2471 2478 2140 2569
8573 4 2 5 29 2334 2502 1992 2597
8574 4 2 5 29 871 2074 1258 2362
8575 4 2 5 29 896 967 2217 2521
8576 4 2 5 29 1504 1982 1375 2478
8577 4 2 5 29 1886 2265 2152 2369
8578 4 2 5 29 1858 2238 2366 2498
8579 4 2 5 29 1252 2033 1337 2307
8580 4 2 5 29 1862 2292 2024 2430
8581 4 2 5 29 1151 1153 1152 2239
8582 4 2 5 29 1859 2194 2002 2479
8583 4 2 5 29 956 958 957 2053
8584 4 2 5 29 1823 2518 2022 2524
8585 4 2 5 29 1534 2347 2140 2569
8586 4 2 5 29 1468 1469 961 2262
8587 4 2 5 29 1388 2031 882 2559
8588 4 2 5 29 1974 2315 919 2465
8589 4 2 5 29 1110 1287 1096 2455
8590 4 2 5 29 2102 2336 1821 2563
8591 4 2 5 29 908 1594 909 2089
8592 4 2 5 29 1279 2283 1985 2448
8593 4 2 5 29 1803 2205 2062 2555
8594 4 2 5 29 1342 1175 1014 2249
8595 4 2 5 29 2000 2234 1876 2551
8596 4 2 5 29 1636 2226 1628 2294
8597 4 2 5 29 1409 1411 2067 2441
8598 4 2 5 29 2259 2389 1877 2505
8599 4 2 5 29 2082 1910 2440 2501
8600 4 2 5 29 1937 2008 2415 2514
8601 4 2 5 29 1963 2039 2528 2554
8602 4 2 5 29 1808 2056 2195 2536
8603 4 2 5 29 1150 2442 2239 2606
8604 4 2 5 29 352 1419 1410 2282
8605 4 2 5 29 1802 2169 2058 2369
8606 4 2 5 29 1341 1524 1523 2068
8607 4 2 5 29 1645 2231 1324 2232
8608 4 2 5 29 1425 2605 2312 2609
8609 4 2 5 29 1642 2227 1012 2472
8610 4 2 5 29 997 2239 1150 2442
8611 4 2 5 29 2202 2332 1832 2608
8612 4 2 5 29 2028 1910 2216 2440
8613 4 2 5 29 2001 2426 2212 2607
8614 4 2 5 29 1238 1237 1239 2277
8615 4 2 5 29 1983 1869 2321 2475
8616 4 2 5 29 1068 1624 1067 2347
8617 4 2 5 29 1316 2081 828 2533
8618 4 2 5 29 1106 1070 1069 2475
8619 4 2 5 29 1365 2365 2131 2577
8620 4 2 5 29 1701 2092 1728 2576
8621 4 2 5 29 1871 2142 2221 2477
8622 4 2 5 29 1499 1498 1282 2361
8623 4 2 5 29 1090 1071 1070 1983
8624 4 2 5 29 1821 1995 2274 2567
8625 4 2 5 29 911 1454 1593 2311
8626 4 2 5 29 1867 2167 2473 2525
8627 4 2 5 29 1666 2029 2321 2432
8628 4 2 5 29 1515 1516 1517 2120
8629 4 2 5 29 1188 2266 1186 2382
8630 4 2 5 29 831 817 830 2015
8631 4 2 5 29 1855 2511 2004 2600
8632 4 2 5 29 1275 1227 1234 2207
8633 4 2 5 29 1827 2431 2438 2460
8634 4 2 5 29 1886 2152 2291 2369
8635 4 2 5 29 1651 1346 1650 2340
8636 4 2 5 29 1040 1041 842 2314
8637 4 2 5 29 1707 1715 2410 2418
8638 4 2 5 29 1874 2187 2319 2491
8639 4 2 5 29 924 1077 925 2285
8640 4 2 5 29 359 2079 358 2243
8641 4 2 5 29 1632 1544 1633 2503
8642 4 2 5 29 1501 914 1557 2404
8643 4 2 5 29 1218 1632 1219 2503
8644 4 2 5 29 1308 1152 1153 2239
8645 4 2 5 29 1837 2334 1992 2428
8646 4 2 5 29 1870 2354 2184 2565
8647 4 2 5 29 1310 877 1507 2399
8648 4 2 5 29 850 1089 1583 2252
8649 4 2 5 29 2336 2546 1915 2563
8650 4 2 5 29 2103 2268 2109 2515
8651 4 2 5 29 1950 2332 2202 2608
8652 4 2 5 29 1902 2237 2031 2484
8653 4 2 5 29 2223 2367 1371 2527
8654 4 2 5 29 1224 1259 2240 2378
8655 4 2 5 29 2005 2495 2277 2541
8656 4 2 5 29 2209 2227 1846 2568
8657 4 2 5 29 1437 1371 2367 2527
8658 4 2 5 29 1882 2526 2190 2580
8659 4 2 5 29 1700 1734 1725 2213
8660 4 2 5 29 2454 2467 1966 2613
8661 4 2 5 29 1231 1365 2131 2577
8662 4 2 5 29 1685 1729 2330 2342
8663 4 2 5 29 1403 2122 1404 2582
8664 4 2 5 29 1227 1221 1234 2207
8665 4 2 5 29 1854 2119 2448 2482
8666 4 2 5 29 1736 2086 1680 2335
8667 4 2 5 29 939 2156 940 2374
8668 4 2 5 29 2004 2396 1814 2600
8669 4 2 5 29 813 810 2156 2616
8670 4 2 5 29 1427 1647 1348 2276
8671 4 2 5 29 1861 2315 2198 2617
8672 4 2 5 29 1811 2341 2142 2384
8673 4 2 5 29 1732 1695 2385 2401
8674 4 2 5 29 2333 2339 1873 2379
8675 4 2 5 29 1135 1334 1390 2315
8676 4 2 5 29 1408 1467 1466 2322
8677 4 2 5 29 1828 2329 2093 2551
8678 4 2 5 29 1875 2449 2349 2540
8679 4 2 5 29 1078 860 879 2104
8680 4 2 5 29 2003 2255 1838 2381
8681 4 2 5 29 367 366 899 2451
8682 4 2 5 29 1201 2266 845 2267
8683 4 2 5 29 1342 1175 2249 2573
8684 4 2 5 29 2088 2286 1860 2523
8685 4 2 5 29 1980 2248 2054 2467
8686 4 2 5 29 1908 2401 2323 2546
8687 4 2 5 29 1604 1516 1372 2223
8688 4 2 5 29 1886 2291 2070 2369
8689 4 2 5 29 889 890 891 2552
8690 4 2 5 29 355 922 1617 2217
8691 4 2 5 29 1802 2062 2112 2612
8692 4 2 5 29 1717 2286 2259 2564
8693 4 2 5 29 1870 2150 2184 2354
8694 4 2 5 29 914 1501 1422 2183
8695 4 2 5 29 1300 1299 1067 2218
8696 4 2 5 29 905 904 890 2351
8697 4 2 5 29 1096 1288 1097 2455
8698 4 2 5 29 1110 1318 2197 2466
8699 4 2 5 29 1636 1605 2273 2294
8700 4 2 5 29 1326 926 1582 2109
8701 4 2 5 29 1006 2126 1399 2531
8702 4 2 5 29 869 870 868 2170
8703 4 2 5 29 1846 2141 2209 2402
8704 4 2 5 29 942 982 832 2500
8705 4 2 5 29 1384 1368 1562 2194
8706 4 2 5 29 1841 2319 2111 2440
8707 4 2 5 29 2015 2239 1863 2459
8708 4 2 5 29 930 2100 1631 2450
8709 4 2 5 29 1863 2111 2182 2532
8710 4 2 5 29 2162 2181 1834 2546
8711 4 2 5 29 1477 2154 1595 2545
8712 4 2 5 29 2158 2328 2370 2522
8713 4 2 5 29 1983 2297 1869 2475
8714 4 2 5 29 1875 2349 2087 2540
8715 4 2 5 29 1406 2087 1580 2540
8716 4 2 5 29 1412 1401 2077 2394
8717 4 2 5 29 933 2149 820 2408
8718 4 2 5 29 1890 2272 2328 2522
8719 4 2 5 29 1398 2031 1388 2531
8720 4 2 5 29 1136 2225 1142 2609
8721 4 2 5 29 1164 2229 1545 2503
8722 4 2 5 29 1855 2296 2295 2310
8723 4 2 5 29 1959 2231 2169 2351
8724 4 2 5 29 2216 2440 1910 2501
8725 4 2 5 29 1313 1312 1048 2397
8726 4 2 5 29 1480 1479 1394 2320
8727 4 2 5 29 1269 2010 1271 2595
8728 4 2 5 29 52 981 347 2285
8729 4 2 5 29 1627 1429 2108 2559
8730 4 2 5 29 1225 2207 1221 2387
8731 4 2 5 29 1503 1375 1504 1982
8732 4 2 5 29 1659 875 2121 2327
8733 4 2 5 29 2103 2265 1797 2596
8734 4 2 5 29 1704 1707 1703 2190
8735 4 2 5 29 1851 2193 2144 2298
8736 4 2 5 29 1093 1666 1491 2029
8737 4 2 5 29 1385 1426 1141 2605
8738 4 2 5 29 891 1395 2552 2582
8739 4 2 5 29 1602 1267 1426 2200
8740 4 2 5 29 1146 1535 1148 2363
8741 4 2 5 29 1549 1268 1543 2013
8742 4 2 5 29 1992 2240 2055 2378
8743 4 2 5 29 1832 2042 2376 2608
8744 4 2 5 29 844 986 1607 2016
8745 4 2 5 29 1374 2478 2140 2479
8746 4 2 5 29 1086 1628 1363 2294
8747 4 2 5 29 1801 1982 2412 2471
8748 4 2 5 29 2054 2226 1839 2294
8749 4 2 5 29 1858 2079 2366 2572
8750 4 2 5 29 1843 2004 2280 2511
8751 4 2 5 29 1926 2108 2210 2356
8752 4 2 5 29 1025 1024 964 2380
8753 4 2 5 29 1895 2387 2074 2435
8754 4 2 5 29 2109 2268 1960 2515
8755 4 2 5 29 2004 1843 2396 2511
8756 4 2 5 29 1276 1277 1273 2218
8757 4 2 5 29 1837 2112 2420 2502
8758 4 2 5 29 1876 2263 2000 2551
8759 4 2 5 29 349 350 987 2393
8760 4 2 5 29 2058 2169 1802 2550
8761 4 2 5 29 1851 2239 2182 2325
8762 4 2 5 29 1950 2444 2235 2558
8763 4 2 5 29 2139 1873 2339 2379
8764 4 2 5 29 1706 53 2185 2581
8765 4 2 5 29 1874 2319 2301 2491
8766 4 2 5 29 1500 2038 855 2421
8767 4 2 5 29 1850 2414 2080 2514
8768 4 2 5 29 1342 1189 1059 2249
8769 4 2 5 29 52 1004 980 2285
8770 4 2 5 29 1837 2213 2428 2620
8771 4 2 5 29 2274 2443 1930 2567
8772 4 2 5 29 1833 2203 2188 2305
8773 4 2 5 29 1870 2184 2150 2590
8774 4 2 5 29 1942 2067 2205 2282
8775 4 2 5 29 1546 2266 1544 2474
8776 4 2 5 29 1337 2307 2033 2439
8777 4 2 5 29 1404 859 2124 2392
8778 4 2 5 29 1680 2335 2086 2499
8779 4 2 5 29 2168 2253 1967 2338
8780 4 2 5 29 1911 2037 2405 2506
8781 4 2 5 29 1716 1735 1703 2199
8782 4 2 5 29 1475 954 1647 2276
8783 4 2 5 29 1673 2449 1649 2541
8784 4 2 5 29 1128 1130 1129 2201
8785 4 2 5 29 2326 2440 2028 2603
8786 4 2 5 29 2117 2301 2072 2460
8787 4 2 5 29 2024 2430 2143 2613
8788 4 2 5 29 1721 1704 2037 2458
8789 4 2 5 29 979 978 1435 1986
8790 4 2 5 29 1534 2140 1376 2569
8791 4 2 5 29 888 1042 1350 2165
8792 4 2 5 29 1369 1594 1678 2481
8793 4 2 5 29 901 1384 1646 2272
8794 4 2 5 29 915 999 916 2372
8795 4 2 5 29 1834 2336 2102 2546
8796 4 2 5 29 2002 2272 2194 2522
8797 4 2 5 29 1848 2109 2103 2268
8798 4 2 5 29 1527 1517 1469 2120
8799 4 2 5 29 1724 1725 2136 2570
8800 4 2 5 29 1927 2486 2145 2560
8801 4 2 5 29 941 940 939 2156
8802 4 2 5 29 1698 1722 1711 2019
8803 4 2 5 29 1106 1111 1096 2101
8804 4 2 5 29 1907 2329 2093 2560
8805 4 2 5 29 830 368 1675 2211
8806 4 2 5 29 1713 1712 1711 2599
8807 4 2 5 29 1022 1019 1021 2241
8808 4 2 5 29 1942 2205 2067 2555
8809 4 2 5 29 1899 2270 2026 2412
8810 4 2 5 29 1280 1661 1091 2119
8811 4 2 5 29 1891 2254 2193 2518
8812 4 2 5 29 942 832 2350 2500
8813 4 2 5 29 1864 2373 2337 2407
8814 4 2 5 29 1937 2331 2080 2415
8815 4 2 5 29 1910 2410 2235 2444
8816 4 2 5 29 1716 2216 2199 2501
8817 4 2 5 29 1649 1630 1581 2449
8818 4 2 5 29 1222 1079 2104 2456
8819 4 2 5 29 2072 2419 1856 2499
8820 4 2 5 29 1305 886 2306 2516
8821 4 2 5 29 1695 371 370 2401
8822 4 2 5 29 1827 2450 2049 2589
8823 4 2 5 29 2392 2456 1893 2585
8824 4 2 5 29 1688 1687 1684 2177
8825 4 2 5 29 1900 2363 2227 2568
8826 4 2 5 29 1690 2342 1686 2590
8827 4 2 5 29 2323 2419 2022 2557
8828 4 2 5 29 971 2510 972 2543
8829 4 2 5 29 1679 373 1706 2072
8830 4 2 5 29 1915 2546 2401 2563
8831 4 2 5 29 1132 1303 1302 2014
8832 4 2 5 29 1300 1503 2218 2569
8833 4 2 5 29 2151 2324 1864 2583
8834 4 2 5 29 1608 1146 1552 2363
8835 4 2 5 29 1982 1859 2412 2471
8836 4 2 5 29 1480 2132 827 2619
8837 4 2 5 29 1982 2478 2471 2569
8838 4 2 5 29 828 827 829 2242
8839 4 2 5 29 1368 2194 1384 2272
8840 4 2 5 29 1643 1012 1642 2227
8841 4 2 5 29 1893 2456 2014 2502
8842 4 2 5 29 351 2282 1410 2441
8843 4 2 5 29 1523 1127 1240 2258
8844 4 2 5 29 2123 2352 1879 2447
8845 4 2 5 29 1315 876 897 2521
8846 4 2 5 29 822 824 1428 2394
8847 4 2 5 29 1124 1125 1126 2409
8848 4 2 5 29 1529 2175 1530 2350
8849 4 2 5 29 1827 2049 2431 2589
8850 4 2 5 29 2016 2393 2067 2555
8851 4 2 5 29 1373 2115 1263 2621
8852 4 2 5 29 1645 2232 1103 2312
8853 4 2 5 29 1512 1514 2261 2579
8854 4 2 5 29 927 1631 930 2100
8855 4 2 5 29 1574 2179 1590 2492
8856 4 2 5 29 1982 1859 2471 2478
8857 4 2 5 29 1689 1690 1692 2150
8858 4 2 5 29 1137 1362 2054 2454
8859 4 2 5 29 1532 1620 1622 2280
8860 4 2 5 29 1883 2235 2444 2558
8861 4 2 5 29 1648 359 1468 2262
8862 4 2 5 29 1087 1072 1074 2464
8863 4 2 5 29 1968 2488 1977 2586
8864 4 2 5 29 1078 1267 860 2069
8865 4 2 5 29 1020 1484 1349 2174
8866 4 2 5 29 1111 1657 1316 2533
8867 4 2 5 29 1680 2086 2419 2499
8868 4 2 5 29 1697 2020 2403 2523
8869 4 2 5 29 1147 1146 1068 2041
8870 4 2 5 29 1031 1262 1256 2435
8871 4 2 5 29 879 1222 2104 2378
8872 4 2 5 29 2121 2327 1884 2441
8873 4 2 5 29 1854 2252 2119 2482
8874 4 2 5 29 1072 1121 2128 2355
8875 4 2 5 29 1130 1522 1558 2201
8876 4 2 5 29 1303 2392 857 2456
8877 4 2 5 29 984 1348 812 2052
8878 4 2 5 29 1729 1691 1728 2576
8879 4 2 5 29 1841 2486 2028 2603
8880 4 2 5 29 1594 2089 1678 2481
8881 4 2 5 29 1834 2102 2220 2546
8882 4 2 5 29 1893 2392 2014 2456
8883 4 2 5 29 1350 1615 1281 2361
8884 4 2 5 29 1026 1027 895 2429
8885 4 2 5 29 1465 1232 994 2131
8886 4 2 5 29 2220 2304 1901 2424
8887 4 2 5 29 1060 1058 1057 2226
8888 4 2 5 29 1824 2352 2123 2447
8889 4 2 5 29 2127 2180 1984 2575
8890 4 2 5 29 1066 1273 1274 2574
8891 4 2 5 29 886 1246 1305 2306
8892 4 2 5 29 893 1027 1486 2300
8893 4 2 5 29 1450 1449 1181 2251
8894 4 2 5 29 1818 2426 2212 2519
8895 4 2 5 29 1536 1506 1508 2619
8896 4 2 5 29 1733 370 369 2096
8897 4 2 5 29 2021 2449 2349 2453
8898 4 2 5 29 841 2148 842 2398
8899 4 2 5 29 1566 932 1570 2149
8900 4 2 5 29 2028 2178 2486 2537
8901 4 2 5 29 1843 2374 2280 2545
8902 4 2 5 29 1500 1501 856 2183
8903 4 2 5 29 2029 2417 2326 2461
8904 4 2 5 29 1358 358 359 2079
8905 4 2 5 29 2184 2354 1962 2565
8906 4 2 5 29 1977 2380 2493 2586
8907 4 2 5 29 2019 2523 2020 2550
8908 4 2 5 29 1562 1623 2194 2479
8909 4 2 5 29 1025 2488 1977 2498
8910 4 2 5 29 958 956 917 2433
8911 4 2 5 29 1818 2027 2383 2519
8912 4 2 5 29 1029 2063 2429 2439
8913 4 2 5 29 1164 1160 2229 2503
8914 4 2 5 29 1404 2122 1405 2585
8915 4 2 5 29 884 883 2311 2535
8916 4 2 5 29 2075 2309 1819 2513
8917 4 2 5 29 1166 1008 2337 2373
8918 4 2 5 29 353 985 1419 2368
8919 4 2 5 29 1287 1332 1244 2197
8920 4 2 5 29 1650 1062 1651 2485
8921 4 2 5 29 1850 2266 1972 2414
8922 4 2 5 29 1866 2024 2271 2588
8923 4 2 5 29 1615 1350 1046 2229
8924 4 2 5 29 1008 1000 1166 2337
8925 4 2 5 29 1672 2366 1613 2572
8926 4 2 5 29 1893 1992 2502 2597
8927 4 2 5 29 1869 2457 2417 2461
8928 4 2 5 29 1014 1017 1012 2227
8929 4 2 5 29 1362 1083 1086 2467
8930 4 2 5 29 1066 2139 1273 2574
8931 4 2 5 29 1349 2174 1045 2397
8932 4 2 5 29 1684 2185 53 2427
8933 4 2 5 29 2321 2417 1983 2432
8934 4 2 5 29 1186 1546 1455 2382
8935 4 2 5 29 1500 1422 1501 2183
8936 4 2 5 29 1827 2431 2138 2438
8937 4 2 5 29 1799 2180 2542 2602
8938 4 2 5 29 818 820 1566 2149
8939 4 2 5 29 2055 2240 1880 2527
8940 4 2 5 29 1625 2284 1386 2559
8941 4 2 5 29 946 978 979 2500
8942 4 2 5 29 828 1316 826 2081
8943 4 2 5 29 1517 1516 1470 2120
8944 4 2 5 29 2138 2271 1964 2344
8945 4 2 5 29 1666 2321 1095 2432
8946 4 2 5 29 1412 1401 1663 2077
8947 4 2 5 29 1618 2118 1144 2339
8948 4 2 5 29 1805 2002 2494 2522
8949 4 2 5 29 1456 1457 1619 2359
8950 4 2 5 29 974 1993 2566 2574
8951 4 2 5 29 1709 2323 1708 2557
8952 4 2 5 29 955 1677 1666 2353
8953 4 2 5 29 1890 2200 2270 2509
8954 4 2 5 29 1883 2444 2151 2558
8955 4 2 5 29 1062 1087 1063 2355
8956 4 2 5 29 1596 1509 1578 2400
8957 4 2 5 29 1545 2229 1046 2503
8958 4 2 5 29 1173 2049 2450 2451
8959 4 2 5 29 2250 2448 847 2482
8960 4 2 5 29 2199 2216 1910 2501
8961 4 2 5 29 1710 1709 1708 2145
8962 4 2 5 29 1280 1661 2119 2448
8963 4 2 5 29 1534 1374 1376 2140
8964 4 2 5 29 1876 2234 2166 2551
8965 4 2 5 29 1292 889 972 2552
8966 4 2 5 29 1475 1647 356 2276
8967 4 2 5 29 914 913 912 2404
8968 4 2 5 29 1644 1645 1103 2312
8969 4 2 5 29 1613 2079 359 2572
8970 4 2 5 29 1215 2197 1332 2466
8971 4 2 5 29 1862 2204 2035 2447
8972 4 2 5 29 1356 900 878 2468
8973 4 2 5 29 2156 2374 1843 2545
8974 4 2 5 29 2051 2295 2001 2519
8975 4 2 5 29 1377 1431 2478 2479
8976 4 2 5 29 2225 2412 1899 2609
8977 4 2 5 29 966 2172 1355 2364
8978 4 2 5 29 1143 1145 1609 2340
8979 4 2 5 29 1388 1424 1386 2559
8980 4 2 5 29 1377 1431 1430 2478
8981 4 2 5 29 1636 1628 1605 2294
8982 4 2 5 29 1416 2024 1460 2613
8983 4 2 5 29 930 1174 2147 2450
8984 4 2 5 29 2070 2291 1886 2510
8985 4 2 5 29 1837 2428 1992 2502
8986 4 2 5 29 2022 2518 1891 2557
8987 4 2 5 29 2041 2347 1844 2371
8988 4 2 5 29 1869 2321 2029 2417
8989 4 2 5 29 1590 2179 1569 2621
8990 4 2 5 29 1894 2275 2050 2538
8991 4 2 5 29 1714 1683 2235 2253
8992 4 2 5 29 1796 2042 2317 2390
8993 4 2 5 29 1258 1257 1406 2362
8994 4 2 5 29 1850 2011 2264 2544
8995 4 2 5 29 1595 1009 1010 2545
8996 4 2 5 29 1811 2303 1996 2333
8997 4 2 5 29 1973 2105 2388 2497
8998 4 2 5 29 1097 1098 1096 2101
8999 4 2 5 29 1595 1532 1009 2280
9000 4 2 5 29 1844 2471 2140 2569
9001 4 2 5 29 2449 2540 1875 2541
9002 4 2 5 29 1995 1915 2563 2618
9003 4 2 5 29 2158 1890 2328 2522
9004 4 2 5 29 1334 1333 1599 2283
9005 4 2 5 29 2001 2311 2051 2519
9006 4 2 5 29 1193 1200 2296 2310
9007 4 2 5 29 1252 1118 1561 2033
9008 4 2 5 29 1720 2090 2375 2549
9009 4 2 5 29 1921 2070 2553 2612
9010 4 2 5 29 1465 994 1591 2293
9011 4 2 5 29 825 1438 2055 2527
9012 4 2 5 29 2124 2552 1395 2582
9013 4 2 5 29 923 896 967 2217
9014 4 2 5 29 1706 2185 1684 2581
9015 4 2 5 29 1338 1340 938 2051
9016 4 2 5 29 2072 1868 2301 2581
9017 4 2 5 29 2024 2292 2143 2430
9018 4 2 5 29 1361 1365 1451 2577
9019 4 2 5 29 2085 2451 1881 2462
9020 4 2 5 29 2212 2426 2001 2519
9021 4 2 5 29 1574 2314 2179 2492
9022 4 2 5 29 2154 1843 2280 2545
9023 4 2 5 29 1433 1391 2315 2380
9024 4 2 5 29 1234 2207 1235 2591
9025 4 2 5 29 1118 1253 1119 2188
9026 4 2 5 29 1540 1174 1171 2450
9027 4 2 5 29 2173 2542 2180 2602
9028 4 2 5 29 1398 882 1388 2031
9029 4 2 5 29 1861 2315 2380 2493
9030 4 2 5 29 1064 2153 1299 2485
9031 4 2 5 29 1877 2286 2259 2505
9032 4 2 5 29 2101 2297 1898 2561
9033 4 2 5 29 1639 1184 1246 2306
9034 4 2 5 29 1376 2140 1374 2569
9035 4 2 5 29 1876 2520 2263 2551
9036 4 2 5 29 1673 2277 2540 2541
9037 4 2 5 29 1252 1337 1108 2307
9038 4 2 5 29 1733 2088 2286 2564
9039 4 2 5 29 354 896 355 2521
9040 4 2 5 29 934 853 1463 2204
9041 4 2 5 29 1173 1600 1538 2049
9042 4 2 5 29 2138 1866 2271 2344
9043 4 2 5 29 1625 1073 1366 2284
9044 4 2 5 29 1038 1039 842 2437
9045 4 2 5 29 1847 2417 2029 2432
9046 4 2 5 29 1502 1274 1503 2574
9047 4 2 5 29 1724 1734 1736 2136
9048 4 2 5 29 1121 2355 1088 2425
9049 4 2 5 29 1371 1604 2223 2527
9050 4 2 5 29 1909 2343 2032 2359
9051 4 2 5 29 2191 2281 1893 2377
9052 4 2 5 29 1532 1511 1354 2154
9053 4 2 5 29 1408 1407 840 2322
9054 4 2 5 29 1709 372 2323 2557
9055 4 2 5 29 352 1315 353 2095
9056 4 2 5 29 959 1470 1589 2508
9057 4 2 5 29 2139 2339 1873 2566
9058 4 2 5 29 2029 1869 2417 2461
9059 4 2 5 29 1234 1225 1235 2207
9060 4 2 5 29 1877 2065 2259 2564
9061 4 2 5 29 1843 2374 2051 2511
9062 4 2 5 29 1152 1308 1309 2353
9063 4 2 5 29 1130 1558 1381 2201
9064 4 2 5 29 2028 2216 1841 2440
9065 4 2 5 29 1584 1243 1245 2164
9066 4 2 5 29 1306 1305 2260 2516
9067 4 2 5 29 878 2107 1314 2468
9068 4 2 5 29 1348 1647 954 2276
9069 4 2 5 29 1171 1538 1540 2395
9070 4 2 5 29 1803 2555 2062 2562
9071 4 2 5 29 978 361 1435 2572
9072 4 2 5 29 987 986 349 2393
9073 4 2 5 29 2053 2239 1851 2606
9074 4 2 5 29 985 984 2327 2368
9075 4 2 5 29 1325 1667 904 2351
9076 4 2 5 29 1359 1020 1311 2214
9077 4 2 5 29 1668 1672 2238 2498
9078 4 2 5 29 817 1153 997 2239
9079 4 2 5 29 1377 2478 1374 2479
9080 4 2 5 29 2030 2490 1808 2526
9081 4 2 5 29 1406 1257 1286 2087
9082 4 2 5 29 1890 2200 2069 2481
9083 4 2 5 29 1797 2480 2103 2596
9084 4 2 5 29 1868 2180 2575 2602
9085 4 2 5 29 2086 2358 1908 2424
9086 4 2 5 29 1373 1263 1272 2621
9087 4 2 5 29 2099 2405 2037 2458
9088 4 2 5 29 1906 2043 2313 2452
9089 4 2 5 29 1879 2352 2204 2447
9090 4 2 5 29 850 1090 1089 2252
9091 4 2 5 29 1586 949 870 2170
9092 4 2 5 29 1029 1520 2063 2439
9093 4 2 5 29 1337 1028 2307 2439
9094 4 2 5 29 1429 1331 1627 2108
9095 4 2 5 29 1570 932 931 2278
9096 4 2 5 29 1540 2147 1174 2450
9097 4 2 5 29 1952 2346 2033 2439
9098 4 2 5 29 1676 2373 1207 2407
9099 4 2 5 29 1001 1360 1002 2337
9100 4 2 5 29 1501 2183 914 2404
9101 4 2 5 29 2289 2342 1963 2528
9102 4 2 5 29 1355 966 1432 2172
9103 4 2 5 29 366 2085 816 2462
9104 4 2 5 29 1858 1968 2238 2498
9105 4 2 5 29 1542 2469 2167 2470
9106 4 2 5 29 1282 1281 1499 2361
9107 4 2 5 29 2177 2538 1897 2554
9108 4 2 5 29 1182 1178 1180 2251
9109 4 2 5 29 1246 1183 1305 2260
9110 4 2 5 29 1476 954 1475 2186
9111 4 2 5 29 1110 867 1318 2466
9112 4 2 5 29 830 831 2015 2592
9113 4 2 5 29 1173 2049 1171 2450
9114 4 2 5 29 877 1310 1314 2107
9115 4 2 5 29 1388 2031 2484 2531
9116 4 2 5 29 1520 1519 1030 2063
9117 4 2 5 29 1550 1013 1012 2227
9118 4 2 5 29 883 1454 884 2311
9119 4 2 5 29 1643 1550 1012 2227
9120 4 2 5 29 1684 1706 53 2185
9121 4 2 5 29 1863 2182 2111 2603
9122 4 2 5 29 1843 2280 2374 2511
9123 4 2 5 29 1138 1362 1363 2054
9124 4 2 5 29 1982 2471 2218 2569
9125 4 2 5 29 1823 2254 2040 2586
9126 4 2 5 29 1095 1093 1092 2321
9127 4 2 5 29 1888 2358 2086 2424
9128 4 2 5 29 1489 1592 1490 2224
9129 4 2 5 29 2191 2377 1893 2597
9130 4 2 5 29 1112 1445 1444 2188
9131 4 2 5 29 1283 871 1258 2362
9132 4 2 5 29 1841 2216 2028 2486
9133 4 2 5 29 1923 2317 2042 2390
9134 4 2 5 29 2111 2440 2326 2603
9135 4 2 5 29 1516 1472 1589 2223
9136 4 2 5 29 1164 1545 1160 2503
9137 4 2 5 29 1129 1130 1381 2201
9138 4 2 5 29 1125 1585 1228 2409
9139 4 2 5 29 1602 1560 1367 2200
9140 4 2 5 29 1584 2164 1245 2421
9141 4 2 5 29 984 983 1427 2368
9142 4 2 5 29 1861 2493 2380 2586
9143 4 2 5 29 1066 2566 2139 2574
9144 4 2 5 29 974 2566 1066 2574
9145 4 2 5 29 1861 2254 2198 2298
9146 4 2 5 29 2138 1866 2344 2431
9147 4 2 5 29 1974 2172 2493 2600
9148 4 2 5 29 2051 2374 1843 2383
9149 4 2 5 29 907 888 884 2535
9150 4 2 5 29 2204 2352 2035 2447
9151 4 2 5 29 1276 2340 1609 2485
9152 4 2 5 29 1882 2458 2030 2490
9153 4 2 5 29 1572 2290 929 2489
9154 4 2 5 29 1122 2152 2285 2483
9155 4 2 5 29 1906 2179 2114 2601
9156 4 2 5 29 1569 1590 1574 2314
9157 4 2 5 29 1082 1641 1606 2504
9158 4 2 5 29 1823 2161 2518 2524
9159 4 2 5 29 2124 2281 1959 2582
9160 4 2 5 29 1055 2198 1054 2617
9161 4 2 5 29 928 930 951 2489
9162 4 2 5 29 1113 1114 1115 2133
9163 4 2 5 29 1340 1338 1339 2051
9164 4 2 5 29 2020 2348 1697 2403
9165 4 2 5 29 1426 1385 1602 2200
9166 4 2 5 29 826 1316 1657 2081
9167 4 2 5 29 1697 2348 2020 2523
9168 4 2 5 29 2026 2270 1899 2509
9169 4 2 5 29 1901 2243 2120 2507
9170 4 2 5 29 1155 1580 1286 2349
9171 4 2 5 29 1682 2187 1681 2501
9172 4 2 5 29 366 1547 899 2451
9173 4 2 5 29 1581 1630 1580 2349
9174 4 2 5 29 1716 1703 1715 2410
9175 4 2 5 29 2020 2348 1914 2523
9176 4 2 5 29 1125 2245 1126 2409
9177 4 2 5 29 1681 2187 2216 2501
9178 4 2 5 29 1508 1480 827 2619
9179 4 2 5 29 2070 2291 1959 2369
9180 4 2 5 29 940 1009 1011 2280
9181 4 2 5 29 1029 2429 1028 2439
9182 4 2 5 29 1337 2033 1561 2439
9183 4 2 5 29 958 2053 2372 2606
9184 4 2 5 29 886 887 881 2587
9185 4 2 5 29 1984 2275 2050 2602
9186 4 2 5 29 1150 1153 1151 2239
9187 4 2 5 29 1289 889 1292 2291
9188 4 2 5 29 1375 1374 2478 2569
9189 4 2 5 29 1889 2007 2340 2485
9190 4 2 5 29 1188 1187 1203 2382
9191 4 2 5 29 1896 2516 2306 2587
9192 4 2 5 29 1859 1982 2412 2478
9193 4 2 5 29 1799 2542 2173 2602
9194 4 2 5 29 1870 2150 2354 2611
9195 4 2 5 29 1828 2000 2551 2607
9196 4 2 5 29 1718 2375 2221 2549
9197 4 2 5 29 1981 2476 2243 2507
9198 4 2 5 29 2226 2273 1636 2573
9199 4 2 5 29 1837 2191 2112 2502
9200 4 2 5 29 1403 1404 1395 2582
9201 4 2 5 29 1439 1390 2315 2617
9202 4 2 5 29 1693 2106 1696 2506
9203 4 2 5 29 1542 988 2167 2469
9204 4 2 5 29 977 1437 1371 2367
9205 4 2 5 29 1476 2186 1514 2579
9206 4 2 5 29 906 902 901 2287
9207 4 2 5 29 1536 2224 1506 2619
9208 4 2 5 29 1854 2250 2038 2482
9209 4 2 5 29 1534 1376 2347 2569
9210 4 2 5 29 1616 922 923 2217
9211 4 2 5 29 1153 1150 997 2239
9212 4 2 5 29 1533 1378 1374 2140
9213 4 2 5 29 820 933 932 2149
9214 4 2 5 29 1894 2141 2275 2402
9215 4 2 5 29 1661 1483 1205 2119
9216 4 2 5 29 1706 2072 373 2491
9217 4 2 5 29 1688 1687 2177 2554
9218 4 2 5 29 1121 1464 1072 2128
9219 4 2 5 29 854 2250 847 2482
9220 4 2 5 29 1796 2028 2326 2440
9221 4 2 5 29 1580 1406 1286 2087
9222 4 2 5 29 1506 2224 1592 2619
9223 4 2 5 29 1328 1552 1413 2210
9224 4 2 5 29 1337 1252 1561 2033
9225 4 2 5 29 1699 1734 1700 2213
9226 4 2 5 29 1527 1528 1517 2476
9227 4 2 5 29 1173 1538 1171 2049
9228 4 2 5 29 2014 2392 1893 2502
9229 4 2 5 29 1341 2398 2068 2409
9230 4 2 5 29 855 854 849 2482
9231 4 2 5 29 966 965 964 2364
9232 4 2 5 29 1939 2420 2107 2468
9233 4 2 5 29 1915 2336 2181 2546
9234 4 2 5 29 1674 1567 2305 2474
9235 4 2 5 29 1801 2256 2354 2379
9236 4 2 5 29 1841 2182 2111 2319
9237 4 2 5 29 1528 357 1617 2476
9238 4 2 5 29 1308 1153 1123 2459
9239 4 2 5 29 2083 2289 1817 2371
9240 4 2 5 29 1684 53 1682 2427
9241 4 2 5 29 1931 2571 1989 2593
9242 4 2 5 29 1877 2259 2286 2564
9243 4 2 5 29 1012 1013 1014 2227
9244 4 2 5 29 1336 1335 1108 2307
9245 4 2 5 29 1531 1561 1120 2439
9246 4 2 5 29 1236 1399 1100 2126
9247 4 2 5 29 1283 1285 871 2244
9248 4 2 5 29 1438 824 825 2055
9249 4 2 5 29 2089 2272 1890 2481
9250 4 2 5 29 1198 1200 2295 2296
9251 4 2 5 29 1883 2235 2410 2444
9252 4 2 5 29 1868 2581 2050 2602
9253 4 2 5 29 1842 2229 2165 2361
9254 4 2 5 29 1943 2421 2164 2455
9255 4 2 5 29 1068 1067 1064 2153
9256 4 2 5 29 1097 1288 1584 2455
9257 4 2 5 29 2035 2352 2204 2594
9258 4 2 5 29 1637 364 1159 2057
9259 4 2 5 29 882 2559 2031 2587
9260 4 2 5 29 2024 2271 1862 2430
9261 4 2 5 29 1406 2362 2087 2540
9262 4 2 5 29 1854 1985 2411 2448
9263 4 2 5 29 975 974 1104 2566
9264 4 2 5 29 1058 2226 1636 2573
9265 4 2 5 29 1440 1631 1250 2100
9266 4 2 5 29 1358 359 1613 2079
9267 4 2 5 29 1903 2376 2042 2608
9268 4 2 5 29 1468 1527 1469 2243
9269 4 2 5 29 1360 1548 990 2167
9270 4 2 5 29 1960 2268 2109 2406
9271 4 2 5 29 814 368 830 2604
9272 4 2 5 29 372 2419 2323 2557
9273 4 2 5 29 1943 2257 2166 2598
9274 4 2 5 29 1105 1103 1104 2232
9275 4 2 5 29 810 939 813 2156
9276 4 2 5 29 2167 2469 1867 2473
9277 4 2 5 29 1915 2385 2027 2618
9278 4 2 5 29 1050 2040 1056 2617
9279 4 2 5 29 364 1637 1564 2057
9280 4 2 5 29 1702 1693 1696 2506
9281 4 2 5 29 1937 2415 2080 2514
9282 4 2 5 29 2315 2436 1979 2465
9283 4 2 5 29 1900 2227 2209 2568
9284 4 2 5 29 1944 2283 2250 2411
9285 4 2 5 29 1571 1035 1543 2470
9286 4 2 5 29 1291 905 1289 2291
9287 4 2 5 29 1977 2488 1968 2498
9288 4 2 5 29 1900 2371 2363 2568
9289 4 2 5 29 1952 2345 2033 2346
9290 4 2 5 29 1207 1676 1008 2373
9291 4 2 5 29 1840 2033 2307 2439
9292 4 2 5 29 1844 2218 2471 2569
9293 4 2 5 29 1713 2221 1712 2599
9294 4 2 5 29 1242 2359 2164 2517
9295 4 2 5 29 1137 1362 1138 2054
9296 4 2 5 29 1533 1374 1534 2140
9297 4 2 5 29 1656 1655 1541 2454
9298 4 2 5 29 922 2217 1616 2476
9299 4 2 5 29 1328 1329 1330 2210
9300 4 2 5 29 1653 2122 1403 2582
9301 4 2 5 29 2225 2412 1982 2478
9302 4 2 5 29 1799 2453 2021 2542
9303 4 2 5 29 885 2311 883 2535
9304 4 2 5 29 1859 2479 2002 2494
9305 4 2 5 29 1843 2051 2383 2511
9306 4 2 5 29 1477 2545 952 2579
9307 4 2 5 29 1186 1188 1546 2266
9308 4 2 5 29 1493 1495 1668 2498
9309 4 2 5 29 1140 1425 1103 2312
9310 4 2 5 29 880 882 1398 2587
9311 4 2 5 29 1034 1036 1387 2484
9312 4 2 5 29 2054 2248 1904 2454
9313 4 2 5 29 1796 2326 2111 2440
9314 4 2 5 29 2301 2319 1940 2491
9315 4 2 5 29 1265 2115 1264 2360
9316 4 2 5 29 1819 2309 1994 2513
9317 4 2 5 29 1882 2490 2030 2526
9318 4 2 5 29 1852 2068 2384 2398
9319 4 2 5 29 1539 1414 1416 2395
9320 4 2 5 29 2177 2338 1688 2554
9321 4 2 5 29 1548 988 990 2167
9322 4 2 5 29 2111 2319 2182 2532
9323 4 2 5 29 2008 1803 2415 2514
9324 4 2 5 29 1861 2040 2254 2586
9325 4 2 5 29 1859 2412 2225 2478
9326 4 2 5 29 1188 845 1201 2266
9327 4 2 5 29 1995 2383 2274 2443
9328 4 2 5 29 1828 2093 2166 2551
9329 4 2 5 29 1707 2410 2190 2418
9330 4 2 5 29 1633 1201 1202 2267
9331 4 2 5 29 1554 1590 2179 2492
9332 4 2 5 29 1405 1404 1403 2122
9333 4 2 5 29 1571 2208 1035 2470
9334 4 2 5 29 1805 2370 2328 2522
9335 4 2 5 29 1378 1374 2140 2479
9336 4 2 5 29 821 1506 1592 2619
9337 4 2 5 29 2110 2388 1806 2578
9338 4 2 5 29 1871 2269 2060 2389
9339 4 2 5 29 1341 1473 2068 2398
9340 4 2 5 29 994 2293 2131 2365
9341 4 2 5 29 922 355 896 2217
9342 4 2 5 29 1625 1626 1386 2284
9343 4 2 5 29 2222 2251 1865 2513
9344 4 2 5 29 968 900 1356 2468
9345 4 2 5 29 884 885 883 2535
9346 4 2 5 29 2107 2420 2014 2468
9347 4 2 5 29 1797 2034 2480 2596
9348 4 2 5 29 985 984 874 2327
9349 4 2 5 29 1636 2273 1176 2573
9350 4 2 5 29 1873 1996 2333 2379
9351 4 2 5 29 1217 1546 1544 2474
9352 4 2 5 29 2248 2454 2054 2467
9353 4 2 5 29 1164 1162 1615 2229
9354 4 2 5 29 361 2238 1672 2572
9355 4 2 5 29 1309 1275 1234 2207
9356 4 2 5 29 1307 1183 1248 2260
9357 4 2 5 29 1435 1648 2262 2572
9358 4 2 5 29 1579 2115 1373 2621
9359 4 2 5 29 820 818 819 2408
9360 4 2 5 29 869 1186 1455 2382
9361 4 2 5 29 1735 1693 1702 2263
9362 4 2 5 29 1442 2359 1242 2517
9363 4 2 5 29 1656 1364 2454 2467
9364 4 2 5 29 1996 2354 2150 2611
9365 4 2 5 29 1889 2007 2485 2548
9366 4 2 5 29 1293 1301 1168 2157
9367 4 2 5 29 2111 2182 1841 2603
9368 4 2 5 29 843 842 2148 2437
9369 4 2 5 29 1661 1483 2119 2433
9370 4 2 5 29 1586 1674 1588 2305
9371 4 2 5 29 1911 2405 2009 2529
9372 4 2 5 29 910 903 1606 2134
9373 4 2 5 29 1641 2134 1606 2504
9374 4 2 5 29 2112 2502 2191 2553
9375 4 2 5 29 2178 2520 1927 2537
9376 4 2 5 29 2116 2176 1829 2444
9377 4 2 5 29 1852 2068 2398 2409
9378 4 2 5 29 1341 1124 2398 2409
9379 4 2 5 29 1102 1100 1005 2126
9380 4 2 5 29 1838 2197 2381 2561
9381 4 2 5 29 2068 2314 1836 2384
9382 4 2 5 29 1395 2124 1396 2552
9383 4 2 5 29 1893 2124 2122 2281
9384 4 2 5 29 2179 2601 1906 2621
9385 4 2 5 29 1732 2073 1708 2323
9386 4 2 5 29 1194 2310 921 2465
9387 4 2 5 29 1391 1439 2315 2617
9388 4 2 5 29 1378 1610 1623 2479
9389 4 2 5 29 1285 2244 1283 2362
9390 4 2 5 29 957 958 1151 2053
9391 4 2 5 29 1966 2454 2248 2467
9392 4 2 5 29 1683 2253 1684 2427
9393 4 2 5 29 1799 2094 2275 2547
9394 4 2 5 29 1112 1108 1107 2203
9395 4 2 5 29 1033 2435 1032 2592
9396 4 2 5 29 1813 2457 2176 2537
9397 4 2 5 29 1852 2398 2245 2409
9398 4 2 5 29 2040 2488 1968 2586
9399 4 2 5 29 1394 1393 1270 2595
9400 4 2 5 29 1205 1090 1091 2119
9401 4 2 5 29 1416 1414 1415 2588
9402 4 2 5 29 2198 2254 1851 2298
9403 4 2 5 29 1104 1324 1323 2232
9404 4 2 5 29 1315 897 353 2095
9405 4 2 5 29 1667 1670 891 2582
9406 4 2 5 29 2336 2563 1915 2618
9407 4 2 5 29 2018 2337 1864 2373
9408 4 2 5 29 2052 2327 1988 2616
9409 4 2 5 29 1388 882 1424 2559
9410 4 2 5 29 1040 1039 1569 2314
9411 4 2 5 29 1322 1326 1598 2406
9412 4 2 5 29 837 1590 838 2179
9413 4 2 5 29 2112 2191 1802 2553
9414 4 2 5 29 921 1193 920 2310
9415 4 2 5 29 976 2139 1066 2566
9416 4 2 5 29 961 959 960 2508
9417 4 2 5 29 1082 1085 1086 2294
9418 4 2 5 29 1906 2313 2115 2452
9419 4 2 5 29 1915 2181 2336 2618
9420 4 2 5 29 1004 1016 1077 2097
9421 4 2 5 29 1718 2221 1692 2549
9422 4 2 5 29 1692 1718 1713 2221
9423 4 2 5 29 1825 2060 2269 2389
9424 4 2 5 29 1890 2308 2158 2328
9425 4 2 5 29 1114 1116 1036 2208
9426 4 2 5 29 362 361 978 2238
9427 4 2 5 29 1436 2223 1604 2527
9428 4 2 5 29 2068 1836 2314 2492
9429 4 2 5 29 831 2459 2015 2592
9430 4 2 5 29 847 2250 1278 2448
9431 4 2 5 29 1056 1050 1052 2040
9432 4 2 5 29 367 816 366 2085
9433 4 2 5 29 1298 1197 2393 2510
9434 4 2 5 29 1421 1248 1185 2137
9435 4 2 5 29 1887 2370 2059 2565
9436 4 2 5 29 2190 2247 1882 2580
9437 4 2 5 29 1560 1602 1385 2200
9438 4 2 5 29 1595 2154 1532 2280
9439 4 2 5 29 1011 940 2280 2374
9440 4 2 5 29 1221 1225 1234 2207
9441 4 2 5 29 1705 1706 1684 2581
9442 4 2 5 29 1110 1318 1332 2197
9443 4 2 5 29 1680 1727 1724 2335
9444 4 2 5 29 1562 2194 1431 2479
9445 4 2 5 29 895 1474 1336 2125
9446 4 2 5 29 2029 2417 2321 2432
9447 4 2 5 29 1422 1423 914 2343
9448 4 2 5 29 2234 2551 2000 2607
9449 4 2 5 29 1974 2436 2315 2465
9450 4 2 5 29 1446 2143 1447 2467
9451 4 2 5 29 1798 2331 2080 2414
9452 4 2 5 29 2250 2411 2283 2448
9453 4 2 5 29 1716 2199 1703 2410
9454 4 2 5 29 1291 1290 2152 2291
9455 4 2 5 29 994 2131 1365 2365
9456 4 2 5 29 1049 1618 1038 2437
9457 4 2 5 29 1807 2182 2319 2532
9458 4 2 5 29 1262 51 1266 2211
9459 4 2 5 29 1828 2551 2234 2607
9460 4 2 5 29 1514 1475 357 2186
9461 4 2 5 29 882 1429 2559 2587
9462 4 2 5 29 2132 2320 1913 2619
9463 4 2 5 29 1658 1659 875 2121
9464 4 2 5 29 958 1151 2053 2606
9465 4 2 5 29 1269 2407 2010 2595
9466 4 2 5 29 1655 928 951 2489
9467 4 2 5 29 1910 2028 2216 2537
9468 4 2 5 29 1813 2520 2178 2537
9469 4 2 5 29 1545 1164 1046 2229
9470 4 2 5 29 918 920 1199 2296
9471 4 2 5 29 1489 819 1592 2408
9472 4 2 5 29 1990 2534 2048 2570
9473 4 2 5 29 1409 987 350 2067
9474 4 2 5 29 1046 1164 1615 2229
9475 4 2 5 29 1933 2451 2085 2604
9476 4 2 5 29 1194 1321 1195 2310
9477 4 2 5 29 1838 2381 2257 2561
9478 4 2 5 29 1731 2316 1692 2590
9479 4 2 5 29 1368 1369 1367 2481
9480 4 2 5 29 1801 2471 2412 2565
9481 4 2 5 29 370 1697 369 2348
9482 4 2 5 29 931 932 872 2244
9483 4 2 5 29 1341 1473 1524 2068
9484 4 2 5 29 1574 1524 2314 2492
9485 4 2 5 29 1168 1301 1209 2157
9486 4 2 5 29 1613 359 360 2572
9487 4 2 5 29 1898 2381 2197 2561
9488 4 2 5 29 1685 1686 1729 2342
9489 4 2 5 29 1879 2204 2352 2594
9490 4 2 5 29 1269 1268 2407 2595
9491 4 2 5 29 1736 371 372 2358
9492 4 2 5 29 1824 2035 2352 2447
9493 4 2 5 29 1242 2164 1244 2517
9494 4 2 5 29 2093 2520 2166 2551
9495 4 2 5 29 1859 2140 2479 2494
9496 4 2 5 29 2118 1873 2333 2339
9497 4 2 5 29 1977 2380 2172 2493
9498 4 2 5 29 1338 938 1011 2374
9499 4 2 5 29 1841 2216 2187 2440
9500 4 2 5 29 2233 2237 1835 2463
9501 4 2 5 29 894 1179 892 2300
9502 4 2 5 29 1480 1394 1392 2132
9503 4 2 5 29 1718 1712 2221 2599
9504 4 2 5 29 1290 1298 2393 2510
9505 4 2 5 29 1832 2332 2390 2608
9506 4 2 5 29 916 1053 1149 2372
9507 4 2 5 29 2080 2415 1803 2514
9508 4 2 5 29 1689 1691 1690 2184
9509 4 2 5 29 871 1220 1255 2074
9510 4 2 5 29 2143 2467 1446 2613
9511 4 2 5 29 1371 1436 1604 2527
9512 4 2 5 29 1509 1596 1582 2360
9513 4 2 5 29 1443 1519 1520 2517
9514 4 2 5 29 838 2179 1590 2621
9515 4 2 5 29 1696 2106 1694 2446
9516 4 2 5 29 1799 2180 2453 2542
9517 4 2 5 29 1050 1061 2488 2617
9518 4 2 5 29 1841 2440 2111 2603
9519 4 2 5 29 1264 1509 2360 2400
9520 4 2 5 29 1173 2450 1172 2451
9521 4 2 5 29 1368 1383 1369 2272
9522 4 2 5 29 51 2211 1262 2435
9523 4 2 5 29 1840 2429 2063 2439
9524 4 2 5 29 1203 1015 1204 2264
9525 4 2 5 29 871 1255 1258 2074
9526 4 2 5 29 1927 2486 2178 2537
9527 4 2 5 29 1454 911 1359 2214
9528 4 2 5 29 1730 2065 2446 2564
9529 4 2 5 29 964 963 1025 2498
9530 4 2 5 29 1391 2315 2380 2617
9531 4 2 5 29 1910 2176 2457 2537
9532 4 2 5 29 2010 2407 2013 2595
9533 4 2 5 29 1088 1650 1346 2425
9534 4 2 5 29 1084 1462 1662 2504
9535 4 2 5 29 1239 2277 1673 2541
9536 4 2 5 29 1852 2384 2148 2398
9537 4 2 5 29 1693 1694 2106 2385
9538 4 2 5 29 1264 1265 1263 2115
9539 4 2 5 29 982 946 979 2500
9540 4 2 5 29 2000 2192 2234 2607
9541 4 2 5 29 1668 2238 362 2445
9542 4 2 5 29 2277 1875 2540 2541
9543 4 2 5 29 2308 2334 1919 2610
9544 4 2 5 29 2086 2335 1964 2499
9545 4 2 5 29 1017 1012 2227 2472
9546 4 2 5 29 2226 2273 1839 2294
9547 4 2 5 29 1192 1654 1638 2449
9548 4 2 5 29 1425 1496 2312 2605
9549 4 2 5 29 1058 1636 1343 2573
9550 4 2 5 29 966 1355 965 2364
9551 4 2 5 29 2061 2350 1866 2588
9552 4 2 5 29 1540 930 1174 2147
9553 4 2 5 29 2220 2304 1806 2507
9554 4 2 5 29 1706 2491 53 2581
9555 4 2 5 29 373 2419 1709 2557
9556 4 2 5 29 1106 1096 1098 2101
9557 4 2 5 29 1685 1727 1687 2538
9558 4 2 5 29 839 2114 837 2601
9559 4 2 5 29 1224 1223 1259 2378
9560 4 2 5 29 1696 2106 2446 2506
9561 4 2 5 29 1303 1224 2240 2456
9562 4 2 5 29 1652 1667 2231 2582
9563 4 2 5 29 349 1197 350 2393
9564 4 2 5 29 1645 1652 1324 2231
9565 4 2 5 29 943 942 832 2350
9566 4 2 5 29 1402 1639 880 2306
9567 4 2 5 29 2131 2365 1948 2577
9568 4 2 5 29 1853 2265 2058 2369
9569 4 2 5 29 1379 1577 2076 2404
9570 4 2 5 29 1711 2286 54 2523
9571 4 2 5 29 1872 2221 2375 2549
9572 4 2 5 29 1824 2123 2428 2620
9573 4 2 5 29 2295 2296 1855 2511
9574 4 2 5 29 1343 1636 1176 2573
9575 4 2 5 29 1259 1223 824 2378
9576 4 2 5 29 1112 1444 1253 2188
9577 4 2 5 29 919 2315 1334 2465
9578 4 2 5 29 1435 1648 1553 2262
9579 4 2 5 29 1611 1646 1612 2287
9580 4 2 5 29 1574 1524 1041 2314
9581 4 2 5 29 1142 1430 1385 2225
9582 4 2 5 29 1345 1576 1121 2425
9583 4 2 5 29 1696 1693 1694 2106
9584 4 2 5 29 2153 2485 2007 2548
9585 4 2 5 29 1952 2439 2063 2517
9586 4 2 5 29 2031 1902 2484 2531
9587 4 2 5 29 1937 2080 2414 2514
9588 4 2 5 29 1880 2367 2223 2527
9589 4 2 5 29 1412 822 1401 2394
9590 4 2 5 29 1653 1403 1652 2582
9591 4 2 5 29 1067 1624 1376 2569
9592 4 2 5 29 1161 1202 1607 2267
9593 4 2 5 29 1504 1430 2225 2478
9594 4 2 5 29 1284 2362 1406 2540
9595 4 2 5 29 1287 1288 1096 2455
9596 4 2 5 29 1459 2143 1446 2613
9597 4 2 5 29 1656 1497 1364 2467
9598 4 2 5 29 1686 2538 1687 2554
9599 4 2 5 29 1731 1692 1690 2590
9600 4 2 5 29 870 869 1455 2170
9601 4 2 5 29 1901 2304 2220 2507
9602 4 2 5 29 814 2085 367 2604
9603 4 2 5 29 1581 2349 1654 2449
9604 4 2 5 29 1959 2291 2070 2552
9605 4 2 5 29 1446 1459 1447 2143
9606 4 2 5 29 1057 1190 1254 2302
9607 4 2 5 29 2135 2328 2048 2534
9608 4 2 5 29 1869 2297 2081 2475
9609 4 2 5 29 2030 2458 1878 2490
9610 4 2 5 29 1526 1321 1379 2076
9611 4 2 5 29 2143 2292 1941 2430
9612 4 2 5 29 1939 2367 1987 2578
9613 4 2 5 29 973 970 1507 2543
9614 4 2 5 29 1058 1343 1059 2573
9615 4 2 5 29 1243 1244 1242 2164
9616 4 2 5 29 1454 1311 1313 2214
9617 4 2 5 29 1229 1467 1230 2245
9618 4 2 5 29 2213 2334 1837 2428
9619 4 2 5 29 1724 1725 1734 2136
9620 4 2 5 29 1264 2115 1579 2400
9621 4 2 5 29 1337 1029 1028 2439
9622 4 2 5 29 888 2165 1281 2535
9623 4 2 5 29 1604 1472 1516 2223
9624 4 2 5 29 1120 1561 1118 2346
9625 4 2 5 29 1120 1023 1481 2346
9626 4 2 5 29 1066 1169 1273 2139
9627 4 2 5 29 1330 1331 1429 2108
9628 4 2 5 29 1223 862 1428 2378
9629 4 2 5 29 1668 1495 1672 2498
9630 4 2 5 29 1507 1196 973 2399
9631 4 2 5 29 1388 2484 1296 2531
9632 4 2 5 29 1272 1016 1382 2601
9633 4 2 5 29 1396 1395 859 2124
9634 4 2 5 29 953 952 941 2545
9635 4 2 5 29 1808 2155 2195 2490
9636 4 2 5 29 1603 1515 1616 2476
9637 4 2 5 29 1859 2370 2494 2522
9638 4 2 5 29 1378 1377 1374 2479
9639 4 2 5 29 1300 1503 1273 2218
9640 4 2 5 29 2173 1827 2438 2460
9641 4 2 5 29 1827 2357 2117 2460
9642 4 2 5 29 1397 972 1396 2552
9643 4 2 5 29 2354 2379 2256 2611
9644 4 2 5 29 1141 2605 1425 2609
9645 4 2 5 29 955 2432 1483 2433
9646 4 2 5 29 1714 1731 1688 2338
9647 4 2 5 29 1718 1720 2375 2549
9648 4 2 5 29 1192 1421 1185 2137
9649 4 2 5 29 1266 2211 368 2604
9650 4 2 5 29 1648 360 359 2572
9651 4 2 5 29 1303 857 1635 2456
9652 4 2 5 29 2228 2344 1866 2431
9653 4 2 5 29 958 2372 1149 2606
9654 4 2 5 29 1443 1520 1531 2517
9655 4 2 5 29 1122 1291 2152 2483
9656 4 2 5 29 841 842 840 2398
9657 4 2 5 29 1927 2199 2216 2537
9658 4 2 5 29 1843 2181 2396 2618
9659 4 2 5 29 1069 1071 2321 2475
9660 4 2 5 29 1226 948 837 2114
9661 4 2 5 29 1802 2112 2553 2612
9662 4 2 5 29 1275 2459 831 2592
9663 4 2 5 29 2120 2476 1987 2507
9664 4 2 5 29 1916 2052 2368 2584
9665 4 2 5 29 1709 372 1708 2323
9666 4 2 5 29 1232 1365 994 2131
9667 4 2 5 29 1826 2268 2103 2515
9668 4 2 5 29 1307 1550 1306 2260
9669 4 2 5 29 2380 2586 2488 2617
9670 4 2 5 29 1715 1714 1683 2235
9671 4 2 5 29 1079 2456 1635 2585
9672 4 2 5 29 2207 2317 1895 2387
9673 4 2 5 29 1512 1476 1514 2579
9674 4 2 5 29 1525 1521 2258 2492
9675 4 2 5 29 1837 2191 2502 2597
9676 4 2 5 29 1694 370 1733 2096
9677 4 2 5 29 1679 2072 1706 2581
9678 4 2 5 29 1684 1683 1688 2253
9679 4 2 5 29 2179 2314 1836 2492
9680 4 2 5 29 1512 2261 1510 2579
9681 4 2 5 29 1678 861 1370 2481
9682 4 2 5 29 839 1226 837 2114
9683 4 2 5 29 842 841 843 2148
9684 4 2 5 29 1061 2380 1025 2488
9685 4 2 5 29 1022 1423 1456 2343
9686 4 2 5 29 1869 2297 2417 2457
9687 4 2 5 29 2135 2299 1845 2534
9688 4 2 5 29 2173 2357 1827 2460
9689 4 2 5 29 1576 2128 1121 2425
9690 4 2 5 29 1188 1203 846 2264
9691 4 2 5 29 929 1572 1573 2290
9692 4 2 5 29 1102 1007 1570 2278
9693 4 2 5 29 877 1314 878 2107
9694 4 2 5 29 1494 1495 1493 2498
9695 4 2 5 29 1210 1216 864 2466
9696 4 2 5 29 1870 2548 2129 2611
9697 4 2 5 29 1461 852 851 2292
9698 4 2 5 29 1480 1392 827 2132
9699 4 2 5 29 1931 2201 2258 2496
9700 4 2 5 29 2070 2510 1942 2543
9701 4 2 5 29 1030 1026 1029 2429
9702 4 2 5 29 1395 1404 859 2124
9703 4 2 5 29 1813 2297 2176 2457
9704 4 2 5 29 2004 2511 2396 2600
9705 4 2 5 29 1736 372 1680 2086
9706 4 2 5 29 1669 939 938 2374
9707 4 2 5 29 1056 1055 1054 2617
9708 4 2 5 29 369 54 2286 2523
9709 4 2 5 29 1688 1686 1687 2554
9710 4 2 5 29 1264 2360 2115 2400
9711 4 2 5 29 1711 1712 54 2599
9712 4 2 5 29 1542 988 1548 2167
9713 4 2 5 29 360 1672 1613 2572
9714 4 2 5 29 1456 1619 1481 2359
9715 4 2 5 29 1154 1654 1581 2349
9716 4 2 5 29 1814 2078 2493 2600
9717 4 2 5 29 2274 2383 1930 2443
9718 4 2 5 29 1851 2239 2325 2442
9719 4 2 5 29 370 1694 1695 2096
9720 4 2 5 29 1713 1718 1712 2221
9721 4 2 5 29 1169 976 1170 2339
9722 4 2 5 29 1211 1045 1349 2174
9723 4 2 5 29 1399 1236 1398 2531
9724 4 2 5 29 1636 1060 1628 2226
9725 4 2 5 29 2316 2423 1954 2590
9726 4 2 5 29 1125 1230 1126 2245
9727 4 2 5 29 972 971 1292 2510
9728 4 2 5 29 1668 362 1563 2445
9729 4 2 5 29 1882 2056 2526 2580
9730 4 2 5 29 1386 1034 1387 2484
9731 4 2 5 29 1250 1631 927 2100
9732 4 2 5 29 846 1204 1295 2264
9733 4 2 5 29 1169 1066 976 2139
9734 4 2 5 29 1364 1362 2454 2467
9735 4 2 5 29 1854 2411 2250 2448
9736 4 2 5 29 973 971 970 2543
9737 4 2 5 29 1617 2217 922 2476
9738 4 2 5 29 1871 2034 2505 2599
9739 4 2 5 29 816 367 814 2085
9740 4 2 5 29 1404 857 859 2392
9741 4 2 5 29 951 1540 1541 2147
9742 4 2 5 29 1114 1113 1007 2133
9743 4 2 5 29 970 1310 1507 2543
9744 4 2 5 29 1562 1560 1431 2194
9745 4 2 5 29 1320 854 1351 2250
9746 4 2 5 29 1062 1064 1651 2485
9747 4 2 5 29 1540 1539 1541 2395
9748 4 2 5 29 1706 2072 2491 2581
9749 4 2 5 29 1034 1037 1035 2470
9750 4 2 5 29 2090 2316 1954 2549
9751 4 2 5 29 1856 2228 2344 2524
9752 4 2 5 29 1346 2340 1352 2425
9753 4 2 5 29 1910 2216 2199 2537
9754 4 2 5 29 1474 895 892 2125
9755 4 2 5 29 1921 2124 2392 2553
9756 4 2 5 29 1319 2283 1279 2448
9757 4 2 5 29 1172 1173 1171 2450
9758 4 2 5 29 2005 1804 2495 2556
9759 4 2 5 29 1149 1055 998 2606
9760 4 2 5 29 908 1678 1594 2089
9761 4 2 5 29 2080 2331 1937 2414
9762 4 2 5 29 1730 2446 1733 2564
9763 4 2 5 29 1893 2456 2104 2585
9764 4 2 5 29 1490 1491 1235 2591
9765 4 2 5 29 1462 1447 1459 2143
9766 4 2 5 29 956 1665 917 2433
9767 4 2 5 29 1488 1598 1597 2406
9768 4 2 5 29 1223 1224 1222 2378
9769 4 2 5 29 1532 1354 1620 2364
9770 4 2 5 29 1663 1641 1662 2504
9771 4 2 5 29 1428 824 1223 2378
9772 4 2 5 29 1016 1004 1015 2097
9773 4 2 5 29 1319 1194 921 2465
9774 4 2 5 29 1037 1626 1458 2469
9775 4 2 5 29 1284 1285 1283 2362
9776 4 2 5 29 879 862 1223 2378
9777 4 2 5 29 1851 2254 2193 2298
9778 4 2 5 29 1442 1441 1481 2359
9779 4 2 5 29 1265 1582 926 2360
9780 4 2 5 29 1325 1652 1667 2231
9781 4 2 5 29 883 885 1340 2311
9782 4 2 5 29 1872 2221 2142 2477
9783 4 2 5 29 2119 2432 1847 2433
9784 4 2 5 29 838 1590 1569 2621
9785 4 2 5 29 1452 894 1486 2300
9786 4 2 5 29 1254 1640 1139 2302
9787 4 2 5 29 2101 2455 1943 2561
9788 4 2 5 29 1721 1719 1704 2458
9789 4 2 5 29 2283 1979 2436 2465
9790 4 2 5 29 1870 2256 2548 2611
9791 4 2 5 29 2167 2365 1867 2469
9792 4 2 5 29 1433 918 1432 2172
9793 4 2 5 29 989 990 988 2365
9794 4 2 5 29 1845 2308 2328 2534
9795 4 2 5 29 1625 1386 1424 2559
9796 4 2 5 29 1462 1461 1621 2292
9797 4 2 5 29 1707 1714 1715 2418
9798 4 2 5 29 878 1314 1356 2468
9799 4 2 5 29 1859 2370 2059 2494
9800 4 2 5 29 1910 2457 2028 2537
9801 4 2 5 29 968 977 2367 2468
9802 4 2 5 29 1589 1471 2508 2594
9803 4 2 5 29 1079 1078 879 2104
9804 4 2 5 29 1205 1483 1482 2432
9805 4 2 5 29 1604 1436 1472 2223
9806 4 2 5 29 2021 2349 2290 2542
9807 4 2 5 29 2488 2586 2040 2617
9808 4 2 5 29 1813 2520 2257 2598
9809 4 2 5 29 936 1621 851 2292
9810 4 2 5 29 1680 2086 372 2419
9811 4 2 5 29 1642 1610 1533 2472
9812 4 2 5 29 1511 1532 1595 2154
9813 4 2 5 29 1911 2446 2106 2506
9814 4 2 5 29 348 1290 1298 2393
9815 4 2 5 29 1505 1414 2395 2588
9816 4 2 5 29 1309 1677 2353 2591
9817 4 2 5 29 1448 1166 1000 2337
9818 4 2 5 29 1855 2396 2511 2600
9819 4 2 5 29 1390 1391 1439 2315
9820 4 2 5 29 1342 1059 1343 2573
9821 4 2 5 29 1379 1577 1526 2076
9822 4 2 5 29 1893 2392 2124 2553
9823 4 2 5 29 1277 1299 2218 2485
9824 4 2 5 29 883 1593 1454 2311
9825 4 2 5 29 1690 2184 1729 2342
9826 4 2 5 29 2179 2313 1836 2314
9827 4 2 5 29 1647 355 356 2276
9828 4 2 5 29 1554 1590 837 2179
9829 4 2 5 29 1038 1578 1039 2400
9830 4 2 5 29 2290 2349 1885 2542
9831 4 2 5 29 1416 1460 1459 2613
9832 4 2 5 29 1618 1144 1170 2339
9833 4 2 5 29 1646 906 901 2287
9834 4 2 5 29 1872 2375 2090 2549
9835 4 2 5 29 1703 1707 1715 2410
9836 4 2 5 29 1471 2204 962 2508
9837 4 2 5 29 998 2442 1150 2606
9838 4 2 5 29 1999 2118 2333 2339
9839 4 2 5 29 1549 1001 1676 2407
9840 4 2 5 29 1439 1054 1390 2617
9841 4 2 5 29 1309 2207 1234 2591
9842 4 2 5 29 1489 1297 819 2408
9843 4 2 5 29 1511 2154 1477 2579
9844 4 2 5 29 2204 2508 1471 2594
9845 4 2 5 29 1455 1546 1674 2474
9846 4 2 5 29 1681 2216 1716 2501
9847 4 2 5 29 1237 1673 1239 2277
9848 4 2 5 29 1477 1595 952 2545
9849 4 2 5 29 2222 2513 1948 2577
9850 4 2 5 29 1325 1324 1652 2231
9851 4 2 5 29 1065 1502 1136 2574
9852 4 2 5 29 1801 2256 2471 2565
9853 4 2 5 29 1292 1290 1289 2291
9854 4 2 5 29 989 2293 994 2365
9855 4 2 5 29 1827 2117 2431 2460
9856 4 2 5 29 2216 2486 1927 2537
9857 4 2 5 29 1013 1248 1189 2249
9858 4 2 5 29 864 867 865 2533
9859 4 2 5 29 1596 1618 1597 2118
9860 4 2 5 29 1529 1530 942 2350
9861 4 2 5 29 1266 51 368 2211
9862 4 2 5 29 863 860 1267 2069
9863 4 2 5 29 1227 1033 1032 2592
9864 4 2 5 29 818 1566 1479 2320
9865 4 2 5 29 1365 1361 990 2365
9866 4 2 5 29 825 1317 1472 2594
9867 4 2 5 29 1549 1269 1268 2407
9868 4 2 5 29 1290 2291 1292 2510
9869 4 2 5 29 1881 2049 2451 2589
9870 4 2 5 29 1404 1555 1635 2585
9871 4 2 5 29 2257 2520 2166 2598
9872 4 2 5 29 1651 1609 2340 2485
9873 4 2 5 29 1861 2586 2380 2617
9874 4 2 5 29 1677 1152 1309 2353
9875 4 2 5 29 1585 1182 1181 2251
9876 4 2 5 29 1835 2463 2159 2512
9877 4 2 5 29 1384 901 1383 2272
9878 4 2 5 29 1674 1212 1567 2474
9879 4 2 5 29 1525 2258 1523 2492
9880 4 2 5 29 1884 2368 2327 2584
9881 4 2 5 29 1995 2443 2274 2567
9882 4 2 5 29 1728 1725 1726 2570
9883 4 2 5 29 1933 2451 2450 2589
9884 4 2 5 29 1562 1368 1560 2194
9885 4 2 5 29 1857 2279 2174 2397
9886 4 2 5 29 1376 1374 1375 2569
9887 4 2 5 29 1571 1036 1035 2208
9888 4 2 5 29 1405 1080 1555 2585
9889 4 2 5 29 1665 1661 1279 2448
9890 4 2 5 29 1379 1557 1577 2404
9891 4 2 5 29 2330 2402 1894 2538
9892 4 2 5 29 1226 948 2114 2593
9893 4 2 5 29 951 930 1540 2147
9894 4 2 5 29 2048 2534 1919 2570
9895 4 2 5 29 1095 2321 1482 2432
9896 4 2 5 29 2215 2304 1888 2424
9897 4 2 5 29 1037 2469 1542 2470
9898 4 2 5 29 1222 1635 1079 2456
9899 4 2 5 29 1430 1142 1504 2225
9900 4 2 5 29 2274 2383 1995 2618
9901 4 2 5 29 1625 1366 1458 2284
9902 4 2 5 29 53 1723 1682 2187
9903 4 2 5 29 2028 2486 2216 2537
9904 4 2 5 29 2166 2257 1876 2520
9905 4 2 5 29 1216 1209 1301 2157
9906 4 2 5 29 928 927 930 2489
9907 4 2 5 29 1026 895 1028 2429
9908 4 2 5 29 1899 2270 2200 2509
9909 4 2 5 29 1092 1069 2321 2475
9910 4 2 5 29 983 353 354 2368
9911 4 2 5 29 1840 2307 2125 2429
9912 4 2 5 29 1166 1165 1008 2373
9913 4 2 5 29 1544 1201 1633 2266
9914 4 2 5 29 1410 351 352 2282
9915 4 2 5 29 1198 1193 1200 2296
9916 4 2 5 29 1525 1523 1524 2492
9917 4 2 5 29 1861 2040 2586 2617
9918 4 2 5 29 1718 1692 1720 2549
9919 4 2 5 29 1840 2307 2429 2439
9920 4 2 5 29 2122 2281 2124 2582
9921 4 2 5 29 845 844 1607 2267
9922 4 2 5 29 1427 355 1647 2276
9923 4 2 5 29 910 1606 1641 2134
9924 4 2 5 29 1369 1678 1370 2481
9925 4 2 5 29 968 1356 977 2468
9926 4 2 5 29 360 361 1672 2572
9927 4 2 5 29 1000 1008 1001 2337
9928 4 2 5 29 998 1492 996 2442
9929 4 2 5 29 1260 1303 1224 2240
9930 4 2 5 29 1871 2505 2259 2599
9931 4 2 5 29 1877 2286 2088 2564
9932 4 2 5 29 1191 1673 1649 2541
9933 4 2 5 29 1912 2446 2065 2564
9934 4 2 5 29 1114 1571 1393 2208
9935 4 2 5 29 1451 1449 2222 2577
9936 4 2 5 29 1450 1181 1180 2251
9937 4 2 5 29 1801 2354 2256 2565
9938 4 2 5 29 1555 1404 1405 2585
9939 4 2 5 29 1141 1425 1140 2609
9940 4 2 5 29 1992 2428 2334 2610
9941 4 2 5 29 1690 2184 2342 2590
9942 4 2 5 29 2275 1894 2402 2538
9943 4 2 5 29 1272 2601 836 2621
9944 4 2 5 29 963 2366 1672 2498
9945 4 2 5 29 1868 2357 2173 2460
9946 4 2 5 29 1889 2379 2333 2611
9947 4 2 5 29 1148 1535 1534 2347
9948 4 2 5 29 1433 2172 1024 2380
9949 4 2 5 29 1410 1418 1417 2441
9950 4 2 5 29 1655 1572 928 2489
9951 4 2 5 29 941 939 810 2156
9952 4 2 5 29 1268 1393 1571 2595
9953 4 2 5 29 1319 1599 2283 2465
9954 4 2 5 29 1736 1734 371 2358
9955 4 2 5 29 1845 2328 2135 2534
9956 4 2 5 29 879 1223 1222 2378
9957 4 2 5 29 1927 2520 2199 2537
9958 4 2 5 29 1530 1529 1601 2175
9959 4 2 5 29 2380 2488 1061 2617
9960 4 2 5 29 1505 2350 943 2588
9961 4 2 5 29 2111 2326 1863 2603
9962 4 2 5 29 1816 2386 2071 2614
9963 4 2 5 29 1278 1320 1319 2250
9964 4 2 5 29 854 1278 847 2250
9965 4 2 5 29 1805 2494 2370 2522
9966 4 2 5 29 888 1281 1134 2535
9967 4 2 5 29 1572 1655 1137 2454
9968 4 2 5 29 2327 2368 2052 2584
9969 4 2 5 29 1668 1672 361 2238
9970 4 2 5 29 1559 1445 1107 2203
9971 4 2 5 29 1670 1395 891 2582
9972 4 2 5 29 2051 2511 2295 2519
9973 4 2 5 29 2295 2511 1855 2519
9974 4 2 5 29 1592 1506 1536 2224
9975 4 2 5 29 1278 1319 1279 2448
9976 4 2 5 29 1617 922 1616 2476
9977 4 2 5 29 1441 1442 1443 2517
9978 4 2 5 29 373 372 1709 2419
9979 4 2 5 29 971 972 970 2543
9980 4 2 5 29 1913 2332 2160 2390
9981 4 2 5 29 1906 2115 2313 2621
9982 4 2 5 29 51 1675 368 2211
9983 4 2 5 29 1281 1615 1499 2361
9984 4 2 5 29 1024 1025 1061 2380
9985 4 2 5 29 1856 2344 2228 2431
9986 4 2 5 29 1729 1690 1691 2184
9987 4 2 5 29 1291 1289 1290 2291
9988 4 2 5 29 1333 915 1279 2283
9989 4 2 5 29 849 850 1583 2482
9990 4 2 5 29 870 1455 1586 2170
9991 4 2 5 29 1441 1443 1531 2517
9992 4 2 5 29 1629 1284 1406 2540
9993 4 2 5 29 1275 831 1227 2592
9994 4 2 5 29 1275 1309 1308 2459
9995 4 2 5 29 1444 1568 1119 2188
9996 4 2 5 29 1686 1688 2338 2554
9997 4 2 5 29 1650 1088 1062 2355
9998 4 2 5 29 1959 2552 2124 2582
9999 4 2 5 29 864 2466 867 2533
10000 4 2 5 29 1625 1458 1626 2284
10001 4 2 5 29 2191 2502 1893 2553
10002 4 2 5 29 1961 2545 2154 2579
10003 4 2 5 29 1329 1328 1413 2210
10004 4 2 5 29 1554 1574 1590 2492
10005 4 2 5 29 1341 1124 1473 2398
10006 4 2 5 29 1996 2379 2354 2611
10007 4 2 5 29 1099 1629 1237 2277
10008 4 2 5 29 986 348 349 2393
10009 4 2 5 29 1643 1642 1535 2363
10010 4 2 5 29 1017 1642 1012 2472
10011 4 2 5 29 371 1734 1699 2358
10012 4 2 5 29 1608 1535 1146 2363
10013 4 2 5 29 2137 2449 2021 2453
10014 4 2 5 29 905 1291 1247 2483
10015 4 2 5 29 847 2448 1280 2482
10016 4 2 5 29 1358 1512 1514 2261
10017 4 2 5 29 1391 2380 1439 2617
10018 4 2 5 29 1310 970 1397 2543
10019 4 2 5 29 1002 1000 1001 2337
10020 4 2 5 29 2312 2605 1899 2609
10021 4 2 5 29 366 365 1547 2462
10022 4 2 5 29 1468 359 358 2243
10023 4 2 5 29 1799 2453 2094 2547
10024 4 2 5 29 371 1732 2323 2401
10025 4 2 5 29 1841 2144 2486 2603
10026 4 2 5 29 933 820 819 2408
10027 4 2 5 29 1556 1339 1200 2295
10028 4 2 5 29 1176 1175 1343 2573
10029 4 2 5 29 1294 1006 1296 2531
10030 4 2 5 29 1131 1074 1331 2464
10031 4 2 5 29 955 1483 956 2433
10032 4 2 5 29 1715 2235 1683 2501
10033 4 2 5 29 1619 1242 1442 2359
10034 4 2 5 29 2124 2281 1893 2553
10035 4 2 5 29 1729 1726 1685 2330
10036 4 2 5 29 1399 1005 1100 2126
10037 4 2 5 29 1306 1305 1183 2260
10038 4 2 5 29 1479 1480 821 2619
10039 4 2 5 29 1498 1499 1658 2361
10040 4 2 5 29 1443 1244 1519 2517
10041 4 2 5 29 1115 1479 1566 2320
10042 4 2 5 29 1827 2431 2117 2589
10043 4 2 5 29 1871 2389 2259 2505
10044 4 2 5 29 871 1285 872 2244
10045 4 2 5 29 1044 1219 1632 2503
10046 4 2 5 29 1709 2419 372 2557
10047 4 2 5 29 1072 1088 1121 2355
10048 4 2 5 29 1813 2178 2520 2598
10049 4 2 5 29 1411 1417 1163 2441
10050 4 2 5 29 1450 1452 1448 2222
10051 4 2 5 29 1073 1074 1072 2464
10052 4 2 5 29 1562 1431 1623 2479
10053 4 2 5 29 1497 1459 1446 2613
10054 4 2 5 29 1303 1132 857 2392
10055 4 2 5 29 1591 995 1076 2293
10056 4 2 5 29 1600 1601 1529 2175
10057 4 2 5 29 906 1611 1018 2287
10058 4 2 5 29 974 1066 1065 2574
10059 4 2 5 29 1970 2342 2289 2528
10060 4 2 5 29 1651 1352 1346 2340
10061 4 2 5 29 1624 2347 1376 2569
10062 4 2 5 29 1673 2277 1629 2540
10063 4 2 5 29 1644 1103 1496 2312
10064 4 2 5 29 1733 2286 1717 2564
10065 4 2 5 29 1463 962 1471 2204
10066 4 2 5 29 1697 1701 1698 2403
10067 4 2 5 29 1264 1373 1579 2115
10068 4 2 5 29 919 1433 1391 2315
10069 4 2 5 29 1239 1191 1184 2541
10070 4 2 5 29 1241 1122 1291 2152
10071 4 2 5 29 1425 1081 1496 2605
10072 4 2 5 29 1595 1477 1511 2154
10073 4 2 5 29 2139 2566 1993 2574
10074 4 2 5 29 1064 1063 1068 2153
10075 4 2 5 29 1110 1332 1287 2197
10076 4 2 5 29 1475 1514 1476 2186
10077 4 2 5 29 2078 1974 2493 2600
10078 4 2 5 29 1525 1521 1523 2258
10079 4 2 5 29 2115 2360 1848 2400
10080 4 2 5 29 2191 2281 1802 2553
10081 4 2 5 29 1102 931 1101 2278
10082 4 2 5 29 1504 1377 1430 2478
10083 4 2 5 29 1732 1708 372 2323
10084 4 2 5 29 1094 1490 1536 2224
10085 4 2 5 29 1906 2313 2179 2621
10086 4 2 5 29 1861 2380 2315 2617
10087 4 2 5 29 1154 1573 1640 2290
10088 4 2 5 29 53 1723 2187 2491
10089 4 2 5 29 1463 2204 1471 2594
10090 4 2 5 29 2194 2272 1890 2522
10091 4 2 5 29 1294 1296 2484 2531
10092 4 2 5 29 1014 1013 1342 2249
10093 4 2 5 29 1300 1375 1503 2569
10094 4 2 5 29 1463 853 962 2204
10095 4 2 5 29 891 1395 1396 2552
10096 4 2 5 29 932 1566 820 2149
10097 4 2 5 29 1305 1306 1478 2516
10098 4 2 5 29 1349 1045 1043 2397
10099 4 2 5 29 1599 919 1334 2465
10100 4 2 5 29 1448 1451 1449 2222
10101 4 2 5 29 997 996 815 2442
10102 4 2 5 29 1000 1002 1448 2337
10103 4 2 5 29 1494 2488 1025 2498
10104 4 2 5 29 1388 1294 1296 2484
10105 4 2 5 29 1122 2285 924 2483
10106 4 2 5 29 1092 1069 1071 2321
10107 4 2 5 29 923 922 896 2217
10108 4 2 5 29 1296 1398 1388 2531
10109 4 2 5 29 1370 861 863 2481
10110 4 2 5 29 1859 2140 2478 2479
10111 4 2 5 29 1497 1446 2467 2613
10112 4 2 5 29 1539 1416 1656 2613
10113 4 2 5 29 2383 2511 2051 2519
10114 4 2 5 29 1029 1026 1028 2429
10115 4 2 5 29 955 957 1677 2353
10116 4 2 5 29 1495 963 1672 2498
10117 4 2 5 29 1913 2413 2132 2619
10118 4 2 5 29 1714 1688 1683 2253
10119 4 2 5 29 1731 1686 1688 2338
10120 4 2 5 29 1668 361 362 2238
10121 4 2 5 29 2283 2411 1944 2436
10122 4 2 5 29 2234 2386 1816 2614
10123 4 2 5 29 1844 2140 2347 2569
10124 4 2 5 29 1652 1670 1667 2582
10125 4 2 5 29 1281 888 1350 2165
10126 4 2 5 29 351 1196 352 2282
10127 4 2 5 29 1176 1636 1605 2273
10128 4 2 5 29 1197 349 1298 2393
10129 4 2 5 29 1043 1042 1048 2397
10130 4 2 5 29 848 847 1280 2482
10131 4 2 5 29 1267 1081 1426 2605
10132 4 2 5 29 819 1297 933 2408
10133 4 2 5 29 958 916 1149 2372
10134 4 2 5 29 1698 1711 369 2523
10135 4 2 5 29 1291 1290 1241 2152
10136 4 2 5 29 1551 1643 1608 2363
10137 4 2 5 29 2062 2555 1886 2562
10138 4 2 5 29 1347 1407 1408 2322
10139 4 2 5 29 1440 1250 1249 2416
10140 4 2 5 29 1259 1437 2240 2527
10141 4 2 5 29 1542 1037 988 2469
10142 4 2 5 29 1496 1103 1425 2312
10143 4 2 5 29 1339 1338 1198 2295
10144 4 2 5 29 1302 1356 1314 2468
10145 4 2 5 29 1176 1605 902 2273
10146 4 2 5 29 1921 2543 2070 2612
10147 4 2 5 29 938 939 940 2374
10148 4 2 5 29 1651 1276 1609 2485
10149 4 2 5 29 833 1047 835 2318
10150 4 2 5 29 914 912 1557 2404
10151 4 2 5 29 1984 2575 2180 2602
10152 4 2 5 29 1358 1614 1510 2261
10153 4 2 5 29 1414 1538 1505 2395
10154 4 2 5 29 1571 1114 1036 2208
10155 4 2 5 29 886 880 2306 2587
10156 4 2 5 29 1511 1512 1510 2579
10157 4 2 5 29 1659 1658 1660 2121
10158 4 2 5 29 1627 1625 1424 2559
10159 4 2 5 29 353 983 985 2368
10160 4 2 5 29 1724 1726 1725 2570
10161 4 2 5 29 1050 1056 1061 2617
10162 4 2 5 29 1456 1422 1457 2343
10163 4 2 5 29 1633 1160 1632 2503
10164 4 2 5 29 1944 2283 2436 2465
10165 4 2 5 29 1288 1243 1584 2455
10166 4 2 5 29 1466 1347 1408 2322
10167 4 2 5 29 2239 2442 1851 2606
10168 4 2 5 29 2211 2435 51 2592
10169 4 2 5 29 2283 2411 1985 2448
10170 4 2 5 29 1060 1636 1058 2226
10171 4 2 5 29 1624 1534 1376 2347
10172 4 2 5 29 1103 1645 1104 2232
10173 4 2 5 29 1476 1477 952 2579
10174 4 2 5 29 1733 54 1717 2286
10175 4 2 5 29 1024 1433 966 2172
10176 4 2 5 29 849 854 847 2482
10177 4 2 5 29 1095 1071 1482 2321
10178 4 2 5 29 1666 1095 1482 2432
10179 4 2 5 29 1063 1064 1062 2153
10180 4 2 5 29 1469 1517 1470 2120
10181 4 2 5 29 822 823 824 2394
10182 4 2 5 29 1495 1025 963 2498
10183 4 2 5 29 1525 1554 1521 2492
10184 4 2 5 29 1682 1723 1681 2187
10185 4 2 5 29 835 852 834 2318
10186 4 2 5 29 1198 1622 1199 2296
10187 4 2 5 29 1676 1207 1269 2407
10188 4 2 5 29 1653 1405 1403 2122
10189 4 2 5 29 1445 1588 1444 2305
10190 4 2 5 29 949 1587 947 2593
10191 4 2 5 29 1154 1581 1155 2349
10192 4 2 5 29 1213 1212 1217 2474
10193 4 2 5 29 1722 1689 1713 2246
10194 4 2 5 29 1264 1578 1509 2400
10195 4 2 5 29 1174 930 1631 2450
10196 4 2 5 29 1893 2281 2191 2553
10197 4 2 5 29 976 1066 974 2566
10198 4 2 5 29 1386 1387 1388 2484
10199 4 2 5 29 1569 1579 1373 2621
10200 4 2 5 29 887 1478 1328 2516
10201 4 2 5 29 2166 2520 1876 2551
10202 4 2 5 29 921 920 919 2465
10203 4 2 5 29 1439 2380 1061 2617
10204 4 2 5 29 1484 1485 1349 2174
10205 4 2 5 29 1605 1628 1085 2294
10206 4 2 5 29 1854 2448 2250 2482
10207 4 2 5 29 1996 2333 2379 2611
10208 4 2 5 29 1269 1271 1270 2595
10209 4 2 5 29 1893 2502 2191 2597
10210 4 2 5 29 1079 879 1222 2104
10211 4 2 5 29 1251 1250 1156 2416
10212 4 2 5 29 989 995 994 2293
10213 4 2 5 29 1375 1374 1377 2478
10214 4 2 5 29 811 874 812 2616
10215 4 2 5 29 998 1150 1149 2606
10216 4 2 5 29 833 835 834 2318
10217 4 2 5 29 1240 1585 1125 2409
10218 4 2 5 29 1032 1220 1221 2387
10219 4 2 5 29 905 1327 904 2351
10220 4 2 5 29 1899 2509 2200 2605
10221 4 2 5 29 1569 1574 1040 2314
10222 4 2 5 29 1921 2553 2112 2612
10223 4 2 5 29 1208 1207 1165 2373
10224 4 2 5 29 840 1124 1126 2398
10225 4 2 5 29 1205 1091 1661 2119
10226 4 2 5 29 1610 1017 1611 2472
10227 4 2 5 29 900 967 896 2521
10228 4 2 5 29 1036 1294 1387 2484
10229 4 2 5 29 1675 2211 51 2592
10230 4 2 5 29 897 896 354 2521
10231 4 2 5 29 915 916 917 2372
10232 4 2 5 29 1889 2129 2548 2611
10233 4 2 5 29 1870 2354 2256 2611
10234 4 2 5 29 1053 1054 1055 2198
10235 4 2 5 29 924 1122 981 2285
10236 4 2 5 29 825 1436 1438 2527
10237 4 2 5 29 1977 2488 2380 2586
10238 4 2 5 29 882 881 1429 2587
10239 4 2 5 29 1382 868 839 2601
10240 4 2 5 29 1177 1172 1631 2450
10241 4 2 5 29 1357 1614 963 2366
10242 4 2 5 29 2256 2379 1889 2611
10243 4 2 5 29 1527 358 357 2243
10244 4 2 5 29 1245 1243 1242 2164
10245 4 2 5 29 1523 1128 1127 2258
10246 4 2 5 29 1445 1112 1107 2203
10247 4 2 5 29 1897 2275 2402 2538
10248 4 2 5 29 1875 2277 2495 2541
10249 4 2 5 29 1622 1634 1532 2280
10250 4 2 5 29 2070 2543 1942 2612
10251 4 2 5 29 1337 1336 1108 2307
10252 4 2 5 29 842 1473 840 2398
10253 4 2 5 29 892 893 894 2300
10254 4 2 5 29 1372 969 1371 2367
10255 4 2 5 29 883 1340 1593 2311
10256 4 2 5 29 1266 368 950 2604
10257 4 2 5 29 839 837 836 2601
10258 4 2 5 29 1648 961 1553 2262
10259 4 2 5 29 1080 1079 1555 2585
10260 4 2 5 29 1021 1019 1020 2241
10261 4 2 5 29 1443 1442 1242 2517
10262 4 2 5 29 1879 2352 2223 2594
10263 4 2 5 29 1621 1461 851 2292
10264 4 2 5 29 1186 869 1187 2382
10265 4 2 5 29 363 1564 1563 2445
10266 4 2 5 29 1195 1200 1193 2310
10267 4 2 5 29 1649 1581 1654 2449
10268 4 2 5 29 1730 1694 1733 2446
10269 4 2 5 29 965 1354 1353 2364
10270 4 2 5 29 1341 1125 1124 2409
10271 4 2 5 29 882 1429 1424 2559
10272 4 2 5 29 1311 1454 1359 2214
10273 4 2 5 29 1298 971 1197 2510
10274 4 2 5 29 1686 1685 1687 2538
10275 4 2 5 29 1659 1418 875 2327
10276 4 2 5 29 1383 1368 1384 2272
10277 4 2 5 29 1319 921 1599 2465
10278 4 2 5 29 1121 1576 1464 2128
10279 4 2 5 29 1092 1537 1069 2475
10280 4 2 5 29 1630 1406 1580 2540
10281 4 2 5 29 1137 1364 1362 2454
10282 4 2 5 29 1463 1471 1317 2594
10283 4 2 5 29 2306 2556 1896 2587
10284 4 2 5 29 1546 1188 1544 2266
10285 4 2 5 29 1500 855 1513 2421
10286 4 2 5 29 366 816 1158 2462
10287 4 2 5 29 1068 1148 1624 2347
10288 4 2 5 29 1376 1300 1067 2569
10289 4 2 5 29 1064 1299 1651 2485
10290 4 2 5 29 1138 1057 1139 2302
10291 4 2 5 29 1724 1736 1680 2335
10292 4 2 5 29 944 1505 943 2588
10293 4 2 5 29 872 1285 931 2244
10294 4 2 5 29 1920 2192 2426 2607
10295 4 2 5 29 1225 1221 873 2387
10296 4 2 5 29 1913 2224 2413 2619
10297 4 2 5 29 1302 977 1356 2468
10298 4 2 5 29 1683 2427 1682 2501
10299 4 2 5 29 1280 1279 1661 2448
10300 4 2 5 29 1432 966 1433 2172
10301 4 2 5 29 1277 1300 1273 2218
10302 4 2 5 29 1033 51 2435 2592
10303 4 2 5 29 1639 886 880 2306
10304 4 2 5 29 1083 1446 1447 2467
10305 4 2 5 29 1044 1632 1545 2503
10306 4 2 5 29 830 1675 831 2592
10307 4 2 5 29 1468 358 1527 2243
10308 4 2 5 29 1246 886 1639 2306
10309 4 2 5 29 1346 1121 1088 2425
10310 4 2 5 29 1013 1189 1342 2249
10311 4 2 5 29 1719 1718 1720 2375
10312 4 2 5 29 1278 854 1320 2250
10313 4 2 5 29 2450 2451 2049 2589
10314 4 2 5 29 1187 1188 1186 2382
10315 4 2 5 29 1567 1444 1588 2305
10316 4 2 5 29 1589 1471 959 2508
10317 4 2 5 29 1122 1247 1291 2483
10318 4 2 5 29 1479 1115 1394 2320
10319 4 2 5 29 1485 1211 1349 2174
10320 4 2 5 29 1201 845 1202 2267
10321 4 2 5 29 1674 1567 1588 2305
10322 4 2 5 29 1237 1629 1673 2277
10323 4 2 5 29 1879 2508 2204 2594
10324 4 2 5 29 1693 1695 1694 2385
10325 4 2 5 29 1117 1120 1118 2346
10326 4 2 5 29 1540 1538 1539 2395
10327 4 2 5 29 1409 1410 1411 2441
10328 4 2 5 29 1481 1619 1442 2359
10329 4 2 5 29 1010 940 941 2545
10330 4 2 5 29 1323 1322 1598 2406
10331 4 2 5 29 1611 906 1646 2287
10332 4 2 5 29 1028 1336 1337 2307
10333 4 2 5 29 1892 2463 2233 2512
10334 4 2 5 29 369 1711 54 2523
10335 4 2 5 29 1591 994 995 2293
10336 4 2 5 29 843 1038 842 2437
10337 4 2 5 29 1373 1264 1263 2115
10338 4 2 5 29 858 859 857 2392
10339 4 2 5 29 1128 1523 1521 2258
10340 4 2 5 29 924 981 980 2285
10341 4 2 5 29 1300 1277 1299 2218
10342 4 2 5 29 1156 929 1154 2290
10343 4 2 5 29 1895 2435 2211 2592
10344 4 2 5 29 1425 1141 1426 2605
10345 4 2 5 29 1071 1095 1092 2321
10346 4 2 5 29 1346 1352 1344 2425
10347 4 2 5 29 894 893 1486 2300
10348 4 2 5 29 1835 2233 2463 2512
10349 4 2 5 29 1435 360 1648 2572
10350 4 2 5 29 1305 887 886 2516
10351 4 2 5 29 360 1435 361 2572
10352 4 2 5 29 1505 1529 943 2350
10353 4 2 5 29 1172 1171 1174 2450
10354 4 2 5 29 1437 1260 1259 2240
10355 4 2 5 29 1670 1652 1403 2582
10356 4 2 5 29 1085 1628 1086 2294
10357 4 2 5 29 873 1221 1220 2387
10358 4 2 5 29 1231 1451 1365 2577
10359 4 2 5 29 1296 1006 1399 2531
10360 4 2 5 29 1183 1307 1306 2260
10361 4 2 5 29 1120 1117 1023 2346
10362 4 2 5 29 926 1247 924 2483
10363 4 2 5 29 953 810 812 2616
10364 4 2 5 29 1126 1230 1467 2245
10365 4 2 5 29 1106 1069 1657 2475
10366 4 2 5 29 1843 2383 2274 2618
10367 4 2 5 29 1494 1565 1050 2488
10368 4 2 5 29 1327 1325 904 2351
10369 4 2 5 29 1963 2528 2342 2554
10370 4 2 5 29 1202 845 1607 2267
10371 4 2 5 29 1079 1635 1555 2585
10372 4 2 5 29 1283 1258 1406 2362
10373 4 2 5 29 898 899 1172 2451
10374 4 2 5 29 1579 1039 1578 2400
10375 4 2 5 29 1643 1535 1608 2363
10376 4 2 5 29 1512 1358 1510 2261
10377 4 2 5 29 1284 1283 1406 2362
10378 4 2 5 29 1490 1592 1536 2224
10379 4 2 5 29 829 1420 866 2242
10380 4 2 5 29 1449 1231 1233 2577
10381 4 2 5 29 928 1572 929 2489
10382 4 2 5 29 1280 847 1278 2448
10383 4 2 5 29 1691 1701 1728 2576
10384 4 2 5 29 1193 1199 920 2296
10385 4 2 5 29 1620 1354 1355 2364
10386 4 2 5 29 1494 1025 1495 2498
10387 4 2 5 29 1011 938 940 2374
10388 4 2 5 29 958 1149 1151 2606
10389 4 2 5 29 1304 1507 877 2399
10390 4 2 5 29 1488 1323 1598 2406
10391 4 2 5 29 1661 956 1483 2433
10392 4 2 5 29 1388 1387 1294 2484
10393 4 2 5 29 1382 836 1272 2601
10394 4 2 5 29 942 943 1529 2350
10395 4 2 5 29 371 1732 372 2323
10396 4 2 5 29 1319 1599 1333 2283
10397 4 2 5 29 962 960 959 2508
10398 4 2 5 29 1690 1729 1686 2342
10399 4 2 5 29 1074 1075 1331 2464
10400 4 2 5 29 1889 2548 2256 2611
10401 4 2 5 29 1484 1020 1019 2241
10402 4 2 5 29 929 927 928 2489
10403 4 2 5 29 1259 1438 1437 2527
10404 4 2 5 29 1088 1072 1087 2355
10405 4 2 5 29 994 1365 989 2365
10406 4 2 5 29 1173 899 1547 2451
10407 4 2 5 29 1732 1695 1693 2385
10408 4 2 5 29 984 985 983 2368
10409 4 2 5 29 369 54 1733 2286
10410 4 2 5 29 1287 1243 1288 2455
10411 4 2 5 29 829 866 828 2242
10412 4 2 5 29 1224 1259 1260 2240
10413 4 2 5 29 1265 1264 1509 2360
10414 4 2 5 29 1963 2423 2316 2590
10415 4 2 5 29 1665 956 1661 2433
10416 4 2 5 29 1269 1549 1676 2407
10417 4 2 5 29 1180 1181 1182 2251
10418 4 2 5 29 1319 1333 1279 2283
10419 4 2 5 29 1240 1125 1341 2409
10420 4 2 5 29 959 1471 962 2508
10421 4 2 5 29 1671 885 1134 2535
10422 4 2 5 29 363 362 945 2445
10423 4 2 5 29 970 972 1397 2543
10424 4 2 5 29 1062 1088 1087 2355
10425 4 2 5 29 1632 1160 1545 2503
10426 4 2 5 29 1152 1677 957 2353
10427 4 2 5 29 1242 1244 1443 2517
10428 4 2 5 29 1450 1448 1449 2222
10429 4 2 5 29 919 1390 1334 2315
10430 4 2 5 29 1511 1477 1512 2579
10431 4 2 5 29 1170 1144 1143 2339
10432 4 2 5 29 823 1412 935 2394
10433 4 2 5 29 1316 828 865 2533
10434 4 2 5 29 1033 1262 1031 2435
10435 4 2 5 29 1730 1733 1717 2564
10436 4 2 5 29 1061 1439 1391 2380
10437 4 2 5 29 958 917 916 2372
10438 4 2 5 29 348 1298 349 2393
10439 4 2 5 29 886 881 880 2587
10440 4 2 5 29 1342 1343 1175 2573
10441 4 2 5 29 1595 1010 952 2545
10442 4 2 5 29 1444 1119 1253 2188
10443 4 2 5 29 1056 1439 1061 2617
10444 4 2 5 29 858 857 1132 2392
10445 4 2 5 29 1276 1651 1277 2485
10446 4 2 5 29 1705 1679 1706 2581
10447 4 2 5 29 1193 1198 1199 2296
10448 4 2 5 29 1414 1539 1538 2395
10449 4 2 5 29 814 367 368 2604
10450 4 2 5 29 1318 864 1215 2466
10451 4 2 5 29 1574 1525 1524 2492
10452 4 2 5 29 371 1695 1732 2401
10453 4 2 5 29 1104 1645 1324 2232
10454 4 2 5 29 1188 1201 1544 2266
10455 4 2 5 29 1008 1165 1207 2373
10456 4 2 5 29 1500 1245 1457 2421
10457 4 2 5 29 1648 1468 961 2262
10458 4 2 5 29 1537 1657 1069 2475
10459 4 2 5 29 1656 1364 1655 2454
10460 4 2 5 29 1554 1525 1574 2492
10461 4 2 5 29 1309 1234 1235 2591
10462 4 2 5 29 1102 1570 931 2278
10463 4 2 5 29 1714 1707 1720 2418
10464 4 2 5 29 968 977 969 2367
10465 4 2 5 29 997 1150 998 2442
10466 4 2 5 29 1048 1312 1349 2397
10467 4 2 5 29 1574 1041 1040 2314
10468 4 2 5 29 1194 1193 921 2310
10469 4 2 5 29 1365 990 989 2365
10470 4 2 5 29 1422 1456 1423 2343
10471 4 2 5 29 1716 1715 1683 2501
10472 4 2 5 29 838 1272 836 2621
10473 4 2 5 29 950 367 898 2604
10474 4 2 5 29 1649 1654 1192 2449
10475 4 2 5 29 1673 1629 1630 2540
10476 4 2 5 29 1543 1035 1542 2470
10477 4 2 5 29 1377 1378 1431 2479
10478 4 2 5 29 1143 1169 1170 2339
10479 4 2 5 29 1517 1528 1515 2476
10480 4 2 5 29 1672 963 1613 2366
10481 4 2 5 29 985 874 1418 2327
10482 4 2 5 29 1264 1579 1578 2400
10483 4 2 5 29 1367 1370 863 2481
10484 4 2 5 29 1111 1316 867 2533
10485 4 2 5 29 1706 373 53 2491
10486 4 2 5 29 1609 1352 1651 2340
10487 4 2 5 29 992 1049 843 2437
10488 4 2 5 29 888 885 884 2535
10489 4 2 5 29 1265 1509 1582 2360
10490 4 2 5 29 1309 1491 1677 2591
10491 4 2 5 29 1251 1261 1249 2416
10492 4 2 5 29 1376 1375 1300 2569
10493 4 2 5 29 1437 1436 1371 2527
10494 4 2 5 29 1140 1105 1136 2609
10495 4 2 5 29 1029 1531 1520 2439
10496 4 2 5 29 1701 1697 1700 2403
10497 4 2 5 29 1577 912 1556 2404
10498 4 2 5 29 972 889 1396 2552
10499 4 2 5 29 1172 1174 1631 2450
10500 4 2 5 29 1029 1337 1561 2439
10501 4 2 5 29 1318 867 864 2466
10502 4 2 5 29 1251 1249 1250 2416
10503 4 2 5 29 1035 1037 1542 2470
10504 4 2 5 29 1061 1025 1494 2488
10505 4 2 5 29 1217 1674 1546 2474
10506 4 2 5 29 373 1723 53 2491
10507 4 2 5 29 1173 1172 899 2451
10508 4 2 5 29 1641 1082 1084 2504
10509 4 2 5 29 1584 1245 1513 2421
10510 4 2 5 29 1433 1024 1391 2380
10511 4 2 5 29 1563 362 363 2445
10512 4 2 5 29 1296 1399 1398 2531
10513 4 2 5 29 1624 1148 1534 2347
10514 4 2 5 29 1395 1670 1403 2582
10515 4 2 5 29 1458 993 988 2469
10516 4 2 5 29 1439 1056 1054 2617
10517 4 2 5 29 1615 1658 1499 2361
10518 4 2 5 29 1364 1083 1362 2467
10519 4 2 5 29 1191 1239 1673 2541
10520 4 2 5 29 370 1699 1697 2348
10521 4 2 5 29 1370 1367 1369 2481
10522 4 2 5 29 1149 1150 1151 2606
10523 4 2 5 29 1730 1696 1694 2446
10524 4 2 5 29 1073 1075 1074 2464
10525 4 2 5 29 1573 1154 929 2290
10526 4 2 5 29 1504 1375 1377 2478
10527 4 2 5 29 1194 1195 1193 2310
10528 4 2 5 29 1048 1349 1043 2397
10529 4 2 5 29 1522 948 947 2593
10530 4 2 5 29 52 980 981 2285
10531 4 2 5 29 1480 1508 1506 2619
10532 4 2 5 29 1627 1424 1429 2559
10533 4 2 5 29 1371 969 977 2367
10534 4 2 5 29 1391 1390 919 2315
10535 4 2 5 29 1037 1458 988 2469
10536 4 2 5 29 952 1010 941 2545
10537 4 2 5 29 1017 1610 1642 2472
10538 4 2 5 29 896 876 900 2521
10539 4 2 5 29 1033 1031 1032 2435
10540 4 2 5 29 1418 874 875 2327
10541 4 2 5 29 1488 976 975 2566
10542 4 2 5 29 1641 1084 1662 2504
10543 4 2 5 29 373 1680 372 2419
10544 4 2 5 29 1216 1215 864 2466
10545 4 2 5 29 1497 1446 1364 2467
10546 4 2 5 29 1226 949 948 2593
10547 4 2 5 29 1471 1472 1317 2594
10548 4 2 5 29 1655 1364 1137 2454
10549 4 2 5 29 1666 1482 955 2432
10550 4 2 5 29 1123 831 1275 2459
10551 4 2 5 29 1270 1268 1269 2595
10552 4 2 5 29 1155 1581 1580 2349
10553 4 2 5 29 1200 1339 1198 2295
10554 4 2 5 29 1569 1373 838 2621
10555 4 2 5 29 1346 1344 1345 2425
10556 4 2 5 29 1674 1217 1212 2474
10557 4 2 5 29 1277 1651 1299 2485
10558 4 2 5 29 942 945 946 2500
10559 4 2 5 29 1057 1254 1139 2302
10560 4 2 5 29 963 1614 1613 2366
10561 4 2 5 29 891 1396 889 2552
10562 4 2 5 29 1698 369 1697 2523
10563 4 2 5 29 1158 365 366 2462
10564 4 2 5 29 1378 1623 1431 2479
10565 4 2 5 29 1406 1630 1629 2540
10566 4 2 5 29 1507 1304 1196 2399
10567 4 2 5 29 813 811 810 2616
10568 4 2 5 29 1599 921 919 2465
10569 4 2 5 29 1352 1609 1145 2340
10570 4 2 5 29 942 946 982 2500
10571 4 2 5 29 1066 1274 1065 2574
10572 4 2 5 29 848 850 849 2482
10573 4 2 5 29 1224 1635 1222 2456
10574 4 2 5 29 1346 1345 1121 2425
10575 4 2 5 29 1426 1081 1425 2605
10576 4 2 5 29 1500 1513 1245 2421
10577 4 2 5 29 965 1355 1354 2364
10578 4 2 5 29 1415 1414 944 2588
10579 4 2 5 29 1033 51 1262 2435
10580 4 2 5 29 955 1482 1483 2432
10581 4 2 5 29 1033 1675 51 2592
10582 4 2 5 29 888 1134 885 2535
10583 4 2 5 29 1634 1011 1532 2280
10584 4 2 5 29 1122 924 1247 2483
10585 4 2 5 29 876 896 897 2521
10586 4 2 5 29 1683 1682 1681 2501
10587 4 2 5 29 1050 1061 1494 2488
10588 4 2 5 29 1011 1009 1532 2280
10589 4 2 5 29 1303 1635 1224 2456
10590 4 2 5 29 1316 865 867 2533
10591 4 2 5 29 1204 846 1203 2264
10592 4 2 5 29 1227 1675 1033 2592
10593 4 2 5 29 810 811 812 2616
10594 4 2 5 29 1656 1416 1497 2613
10595 4 2 5 29 1417 1411 1410 2441
10596 4 2 5 29 1528 1616 1515 2476
10597 4 2 5 29 1497 1416 1459 2613
10598 4 2 5 29 1270 1393 1268 2595
10599 4 2 5 29 823 822 1412 2394
10600 4 2 5 29 976 974 975 2566
10601 4 2 5 29 1065 1274 1502 2574
10602 4 2 5 29 1505 944 1414 2588
10603 4 2 5 29 1124 840 1473 2398
10604 4 2 5 29 1683 1684 1682 2427
10605 4 2 5 29 1158 1159 365 2462
10606 4 2 5 29 1438 1436 1437 2527
10607 4 2 5 29 1589 1472 1471 2594
10608 4 2 5 29 1280 1278 1279 2448
10609 4 2 5 29 1290 1292 1298 2510
10610 4 2 5 29 1136 1142 1141 2609
10611 4 2 5 29 1617 1616 1528 2476
10612 4 2 5 29 1675 1227 831 2592
10613 4 2 5 29 881 882 880 2587
10614 4 2 5 29 887 1305 1478 2516
10615 4 2 5 29 1272 838 1373 2621
10616 4 2 5 29 1557 912 1577 2404
10617 4 2 5 29 1391 1024 1061 2380
10618 4 2 5 29 948 949 947 2593
10619 4 2 5 29 1716 1683 1681 2501
10620 4 2 5 29 1083 1364 1446 2467
10621 4 2 5 29 1531 1029 1561 2439
10622 4 2 5 29 1477 1476 1512 2579
10623 4 2 5 29 367 950 368 2604
10624 4 2 5 29 1308 1123 1275 2459
10625 4 2 5 29 998 996 997 2442
10626 4 2 5 29 847 848 849 2482
10627 4 2 5 29 1235 1491 1309 2591
10628 4 2 5 29 1298 1292 971 2510
10629 4 2 5 29 1480 1506 821 2619
10630 4 2 5 29 1451 1231 1449 2577
10631 4 2 5 29 836 1382 839 2601
10632 4 2 5 29 1136 1141 1140 2609
10633 4 2 5 29 1049 1038 843 2437
10634 4 2 5 29 2416 2066 1885 1978
10635 4 2 5 29 2416 1885 2066 2357
10636 4 2 5 29 2562 2058 2062 1860
10637 4 2 5 29 2562 2062 2058 2369
10638 4 2 5 29 2309 1946 1819 1994
10639 4 2 5 29 2309 1819 1946 2206
10640 4 2 5 29 2153 1133 2355 1063
10641 4 2 5 29 2153 2355 1133 1926
10642 4 2 5 29 2090 2525 2130 1892
10643 4 2 5 29 2130 2525 2090 1819
10644 4 2 5 29 2127 2362 1875 2087
10645 4 2 5 29 1875 2362 2127 1929
10646 4 2 5 29 2197 2533 2101 1110
10647 4 2 5 29 2101 2533 2197 1898
10648 4 2 5 29 2599 2030 1871 2221
10649 4 2 5 29 2599 1871 2030 2259
10650 4 2 5 29 2077 1662 2504 1663
10651 4 2 5 29 2077 2504 1662 1941
10652 4 2 5 29 954 2052 953 1348
10653 4 2 5 29 953 2052 954 1961
10654 4 2 5 29 2610 1815 1992 1924
10655 4 2 5 29 2610 1992 1815 2334
10656 4 2 5 29 2269 1931 1825 2114
10657 4 2 5 29 2269 1825 1931 2060
10658 4 2 5 29 2312 2509 2605 2023
10659 4 2 5 29 2605 2509 2312 1899
10660 4 2 5 29 2578 1879 2304 2123
10661 4 2 5 29 2578 2304 1879 1987
10662 4 2 5 29 2535 1282 1669 1930
10663 4 2 5 29 2535 1669 1282 1134
10664 4 2 5 29 2343 2234 2183 1909
10665 4 2 5 29 2343 2183 2234 1920
10666 4 2 5 29 2384 1872 1852 2341
10667 4 2 5 29 2384 1852 1872 2171
10668 4 2 5 29 2309 1852 1872 2341
10669 4 2 5 29 2309 1872 1852 2171
10670 4 2 5 29 1977 965 2366 1928
10671 4 2 5 29 1977 2366 965 964
10672 4 2 5 29 2364 1977 1814 1928
10673 4 2 5 29 2364 1814 1977 2172
10674 4 2 5 29 2309 2090 2075 1819
10675 4 2 5 29 2309 2075 2090 1872
10676 4 2 5 29 2233 2168 2017 1820
10677 4 2 5 29 2233 2017 2168 1892
10678 4 2 5 29 1182 2409 2251 1585
10679 4 2 5 29 2251 2409 1182 1917
10680 4 2 5 29 2126 2531 2133 1902
10681 4 2 5 29 2126 2133 2531 1006
10682 4 2 5 29 1116 2133 2531 1902
10683 4 2 5 29 1116 2531 2133 1006
10684 4 2 5 29 2375 2190 1707 1719
10685 4 2 5 29 2375 1707 2190 1922
10686 4 2 5 29 2567 1912 1842 2045
10687 4 2 5 29 2567 1842 1912 2443
10688 4 2 5 29 2418 2324 2190 1922
10689 4 2 5 29 2418 2190 2324 1883
10690 4 2 5 29 2494 1970 1900 2209
10691 4 2 5 29 2371 1900 1970 2209
10692 4 2 5 29 2210 1131 1133 1329
10693 4 2 5 29 2210 1133 1131 1926
10694 4 2 5 29 2532 1874 2301 2422
10695 4 2 5 29 2532 2301 1874 2319
10696 4 2 5 29 2295 1526 2310 1200
10697 4 2 5 29 2295 2310 1526 2076
10698 4 2 5 29 2190 2458 2247 1704
10699 4 2 5 29 2247 2458 2190 1882
10700 4 2 5 29 1644 2582 1653 1652
10701 4 2 5 29 1653 2582 1644 2122
10702 4 2 5 29 2335 2530 1809 1932
10703 4 2 5 29 1809 2530 2335 1990
10704 4 2 5 29 2329 2027 2600 1907
10705 4 2 5 29 2329 2600 2027 1855
10706 4 2 5 29 2138 2395 2024 1866
10707 4 2 5 29 2024 2395 2138 1966
10708 4 2 5 29 2492 2171 1931 2258
10709 4 2 5 29 2492 1931 2171 1836
10710 4 2 5 29 2301 2532 2066 1807
10711 4 2 5 29 2066 2532 2301 2422
10712 4 2 5 29 2508 1901 2262 2120
10713 4 2 5 29 2508 2262 1901 1969
10714 4 2 5 29 2310 1321 1944 1194
10715 4 2 5 29 2310 1944 1321 2076
10716 4 2 5 29 1320 1944 1321 1194
10717 4 2 5 29 1320 1321 1944 2076
10718 4 2 5 29 2133 2332 2202 1936
10719 4 2 5 29 2202 2332 2133 1832
10720 4 2 5 29 2188 1252 1118 1253
10721 4 2 5 29 2188 1118 1252 2033
10722 4 2 5 29 2468 1880 2240 2367
10723 4 2 5 29 2468 2240 1880 2014
10724 4 2 5 29 2350 1538 1529 2175
10725 4 2 5 29 2350 1529 1538 1505
10726 4 2 5 29 2537 1925 1910 2176
10727 4 2 5 29 2537 1910 1925 2199
10728 4 2 5 29 2250 856 2076 2038
10729 4 2 5 29 2250 2076 856 1351
10730 4 2 5 29 2046 370 2358 1973
10731 4 2 5 29 2046 2358 370 1699
10732 4 2 5 29 2609 1982 1502 2225
10733 4 2 5 29 2609 1502 1982 2574
10734 4 2 5 29 2252 1070 2101 1983
10735 4 2 5 29 2252 2101 1070 1089
10736 4 2 5 29 2593 1554 1521 948
10737 4 2 5 29 2593 1521 1554 1931
10738 4 2 5 29 2576 1918 2026 1962
10739 4 2 5 29 2576 2026 1918 2092
10740 4 2 5 29 2440 2028 2457 1796
10741 4 2 5 29 2457 2028 2440 1910
10742 4 2 5 29 2457 2160 2440 1796
10743 4 2 5 29 2440 2160 2457 1910
10744 4 2 5 29 2557 1723 2491 1940
10745 4 2 5 29 2366 2162 1977 1928
10746 4 2 5 29 2366 1977 2162 1858
10747 4 2 5 29 2164 2257 2561 1838
10748 4 2 5 29 2561 2257 2164 1943
10749 4 2 5 29 853 2292 934 851
10750 4 2 5 29 934 2292 853 2204
10751 4 2 5 29 2267 1664 2016 1607
10752 4 2 5 29 2267 2016 1664 2008
10753 4 2 5 29 1518 2016 1664 1607
10754 4 2 5 29 1518 1664 2016 2008
10755 4 2 5 29 1987 923 2476 1603
10756 4 2 5 29 1987 2476 923 2217
10757 4 2 5 29 827 2619 2413 1508
10758 4 2 5 29 2413 2619 827 2132
10759 4 2 5 29 2462 364 1159 365
10760 4 2 5 29 2462 1159 364 2057
10761 4 2 5 29 2540 1929 1284 2362
10762 4 2 5 29 2540 1284 1929 2277
10763 4 2 5 29 2598 2119 1983 2178
10764 4 2 5 29 2598 1983 2119 2252
10765 4 2 5 29 2335 1679 2499 1680
10766 4 2 5 29 2335 2499 1679 1932
10767 4 2 5 29 2444 2332 2151 1950
10768 4 2 5 29 2444 2151 2332 1829
10769 4 2 5 29 1928 1511 2364 1353
10770 4 2 5 29 1928 2364 1511 2154
10771 4 2 5 29 2188 1117 1453 1119
10772 4 2 5 29 2188 1453 1117 1934
10773 4 2 5 29 2506 2614 1816 2037
10774 4 2 5 29 1816 2614 2506 2000
10775 4 2 5 29 2506 2192 1816 2000
10776 4 2 5 29 2524 1881 1856 2228
10777 4 2 5 29 2524 1856 1881 2161
10778 4 2 5 29 2117 1856 1881 2228
10779 4 2 5 29 2117 1881 1856 2161
10780 4 2 5 29 2445 364 1564 2057
10781 4 2 5 29 2445 1564 364 363
10782 4 2 5 29 2343 913 1021 1423
10783 4 2 5 29 2343 1021 913 1920
10784 4 2 5 29 2464 2355 1131 1087
10785 4 2 5 29 2464 1131 2355 1926
10786 4 2 5 29 1133 1131 2355 1087
10787 4 2 5 29 1133 2355 1131 1926
10788 4 2 5 29 2277 1236 1238 1237
10789 4 2 5 29 2277 1238 1236 2005
10790 4 2 5 29 2300 1180 1450 894
10791 4 2 5 29 2300 1450 1180 2251
10792 4 2 5 29 2591 1490 1489 1235
10793 4 2 5 29 1489 1490 2591 1975
10794 4 2 5 29 1489 1389 2591 1235
10795 4 2 5 29 2591 1389 1489 1975
10796 4 2 5 29 2494 2371 1970 2059
10797 4 2 5 29 2494 1970 2371 1900
10798 4 2 5 29 2294 1965 903 2273
10799 4 2 5 29 2294 903 1965 2134
10800 4 2 5 29 2388 2521 2217 1939
10801 4 2 5 29 2217 2521 2388 1916
10802 4 2 5 29 2096 2497 2348 1914
10803 4 2 5 29 2348 2497 2096 1973
10804 4 2 5 29 2154 2261 1511 1928
10805 4 2 5 29 2154 1511 2261 2579
10806 4 2 5 29 2128 1076 1072 2006
10807 4 2 5 29 2128 1072 1076 1464
10808 4 2 5 29 2536 2571 2155 1808
10809 4 2 5 29 2155 2195 2536 1808
10810 4 2 5 29 2559 1997 1386 2484
10811 4 2 5 29 2559 1386 1997 2284
10812 4 2 5 29 2429 1487 1027 1955
10813 4 2 5 29 2429 1027 1487 1026
10814 4 2 5 29 2320 1393 2133 1115
10815 4 2 5 29 2320 2133 1393 1936
10816 4 2 5 29 2518 2586 1891 2254
10817 4 2 5 29 1891 2586 2518 2163
10818 4 2 5 29 2369 2612 1886 2062
10819 4 2 5 29 1886 2612 2369 2070
10820 4 2 5 29 2460 2050 2581 1932
10821 4 2 5 29 2460 2581 2050 1868
10822 4 2 5 29 1184 2260 1185 1183
10823 4 2 5 29 1185 2260 1184 1957
10824 4 2 5 29 2482 1091 1280 848
10825 4 2 5 29 2482 1280 1091 2119
10826 4 2 5 29 2104 860 862 2069
10827 4 2 5 29 2104 862 860 879
10828 4 2 5 29 2577 1002 2222 1451
10829 4 2 5 29 2577 2222 1002 2337
10830 4 2 5 29 2464 2128 1926 2355
10831 4 2 5 29 2464 1926 2128 2006
10832 4 2 5 29 1830 1926 2128 2355
10833 4 2 5 29 1830 2128 1926 2006
10834 4 2 5 29 2559 1075 2108 1627
10835 4 2 5 29 2559 2108 1075 2464
10836 4 2 5 29 2262 979 1969 1553
10837 4 2 5 29 2262 1969 979 1986
10838 4 2 5 29 1434 1969 979 1553
10839 4 2 5 29 1434 979 1969 1986
10840 4 2 5 29 2497 1837 2046 2348
10841 4 2 5 29 2497 2046 1837 2110
10842 4 2 5 29 2267 846 2266 845
10843 4 2 5 29 2267 2266 846 2264
10844 4 2 5 29 1188 2266 846 845
10845 4 2 5 29 1188 846 2266 2264
10846 4 2 5 29 2577 1002 1361 1948
10847 4 2 5 29 2577 1361 1002 1451
10848 4 2 5 29 2619 818 1479 2320
10849 4 2 5 29 2619 1479 818 821
10850 4 2 5 29 2220 2388 1981 1806
10851 4 2 5 29 1981 2388 2220 2102
10852 4 2 5 29 1440 2450 1933 1177
10853 4 2 5 29 1933 2450 1440 2100
10854 4 2 5 29 2583 1800 2373 1958
10855 4 2 5 29 2583 2373 1800 2324
10856 4 2 5 29 2018 2373 1800 1958
10857 4 2 5 29 2018 1800 2373 2324
10858 4 2 5 29 2168 2316 2418 1731
10859 4 2 5 29 2168 2418 2316 2090
10860 4 2 5 29 1720 2418 2316 1731
10861 4 2 5 29 1720 2316 2418 2090
10862 4 2 5 29 2394 1317 935 823
10863 4 2 5 29 2394 935 1317 2035
10864 4 2 5 29 2292 1459 1462 1461
10865 4 2 5 29 2292 1462 1459 2143
10866 4 2 5 29 2085 2589 2451 1933
10867 4 2 5 29 2451 2589 2085 1881
10868 4 2 5 29 2600 2172 1814 2004
10869 4 2 5 29 2600 1814 2172 2493
10870 4 2 5 29 2587 1330 1429 2108
10871 4 2 5 29 2587 1429 1330 881
10872 4 2 5 29 2242 1271 2132 829
10873 4 2 5 29 2242 2132 1271 2010
10874 4 2 5 29 2245 1228 1229 1994
10875 4 2 5 29 2245 1229 1228 1230
10876 4 2 5 29 2306 1238 1402 1639
10877 4 2 5 29 2306 1402 1238 2005
10878 4 2 5 29 1894 2570 2530 1990
10879 4 2 5 29 1894 2530 2570 1726
10880 4 2 5 29 1727 2530 2570 1990
10881 4 2 5 29 1727 2570 2530 1726
10882 4 2 5 29 2535 907 2165 2012
10883 4 2 5 29 2535 2165 907 888
10884 4 2 5 29 2609 2200 1899 2225
10885 4 2 5 29 2609 1899 2200 2605
10886 4 2 5 29 2439 1441 2517 1952
10887 4 2 5 29 2439 2517 1441 1531
10888 4 2 5 29 2482 855 1513 849
10889 4 2 5 29 2482 1513 855 2038
10890 4 2 5 29 2164 2561 2197 1838
10891 4 2 5 29 2197 2561 2164 2455
10892 4 2 5 29 2524 2344 2086 2022
10893 4 2 5 29 2086 2344 2524 1856
10894 4 2 5 29 2086 2419 2524 2022
10895 4 2 5 29 2524 2419 2086 1856
10896 4 2 5 29 2547 2249 2141 1953
10897 4 2 5 29 2547 2141 2249 1846
10898 4 2 5 29 2533 1958 866 2466
10899 4 2 5 29 2533 866 1958 2242
10900 4 2 5 29 2487 2279 2529 2009
10901 4 2 5 29 2487 2529 2279 1857
10902 4 2 5 29 2318 2215 2204 1862
10903 4 2 5 29 2318 2204 2215 1969
10904 4 2 5 29 2373 1168 1209 2157
10905 4 2 5 29 2373 1209 1168 1165
10906 4 2 5 29 2260 1013 1248 1307
10907 4 2 5 29 2260 1248 1013 2249
10908 4 2 5 29 2349 1156 1154 2290
10909 4 2 5 29 2349 1154 1156 1155
10910 4 2 5 29 1126 2322 1467 1408
10911 4 2 5 29 1467 2322 1126 2245
10912 4 2 5 29 2491 2557 2419 373
10913 4 2 5 29 2419 2557 2491 1940
10914 4 2 5 29 1923 2387 2244 2074
10915 4 2 5 29 1923 2244 2387 873
10916 4 2 5 29 871 2244 2387 2074
10917 4 2 5 29 871 2387 2244 873
10918 4 2 5 29 2458 1718 2259 1721
10919 4 2 5 29 2458 2259 1718 2030
10920 4 2 5 29 2285 1004 1003 52
10921 4 2 5 29 2285 1003 1004 2097
10922 4 2 5 29 2361 2567 2121 1988
10923 4 2 5 29 2121 2567 2361 1842
10924 4 2 5 29 2345 2386 2032 1952
10925 4 2 5 29 2032 2386 2345 1816
10926 4 2 5 29 2483 1327 905 2351
10927 4 2 5 29 2483 905 1327 1247
10928 4 2 5 29 2562 2596 2058 1860
10929 4 2 5 29 2058 2596 2562 2265
10930 4 2 5 29 2442 1055 2606 998
10931 4 2 5 29 2442 2606 1055 2198
10932 4 2 5 29 2294 1606 903 2134
10933 4 2 5 29 2294 903 1606 1085
10934 4 2 5 29 2528 2402 2538 1897
10935 4 2 5 29 2528 2538 2402 1970
10936 4 2 5 29 2382 1203 2011 1187
10937 4 2 5 29 2382 2011 1203 2264
10938 4 2 5 29 1206 2011 1203 1187
10939 4 2 5 29 2616 875 874 2327
10940 4 2 5 29 2616 874 875 811
10941 4 2 5 29 2406 1582 1326 1598
10942 4 2 5 29 2406 1326 1582 2109
10943 4 2 5 29 2513 2525 2131 1819
10944 4 2 5 29 2131 2525 2513 1948
10945 4 2 5 29 2347 1146 1068 1148
10946 4 2 5 29 2347 1068 1146 2041
10947 4 2 5 29 2595 1392 1394 2132
10948 4 2 5 29 2595 1394 1392 1270
10949 4 2 5 29 1618 2400 1596 1578
10950 4 2 5 29 1596 2400 1618 2118
10951 4 2 5 29 2322 1467 1946 2245
10952 4 2 5 29 2322 1946 1467 1466
10953 4 2 5 29 1465 1946 1467 2245
10954 4 2 5 29 1465 1467 1946 1466
10955 4 2 5 29 2608 2160 2332 2390
10956 4 2 5 29 2608 2332 2160 1950
10957 4 2 5 29 2602 2185 2575 1868
10958 4 2 5 29 2602 2575 2185 1984
10959 4 2 5 29 2339 1145 2340 1999
10960 4 2 5 29 2339 2340 1145 1143
10961 4 2 5 29 2606 1053 1055 2198
10962 4 2 5 29 2606 1055 1053 1149
10963 4 2 5 29 2530 2050 2173 1932
10964 4 2 5 29 2173 2050 2530 2025
10965 4 2 5 29 2173 2438 2530 1932
10966 4 2 5 29 2530 2438 2173 2025
10967 4 2 5 29 2330 2570 1728 1726
10968 4 2 5 29 1728 2570 2330 2048
10969 4 2 5 29 2306 2495 2541 1957
10970 4 2 5 29 2541 2495 2306 2005
10971 4 2 5 29 2195 2571 2536 1938
10972 4 2 5 29 2536 2571 2195 2155
10973 4 2 5 29 2574 1105 974 1993
10974 4 2 5 29 2574 974 1105 1065
10975 4 2 5 29 2541 1192 1649 1191
10976 4 2 5 29 2541 1649 1192 2449
10977 4 2 5 29 1221 2592 2207 1227
10978 4 2 5 29 2207 2592 1221 2387
10979 4 2 5 29 2427 2608 2042 2082
10980 4 2 5 29 2042 2608 2427 1903
10981 4 2 5 29 352 2399 1196 1304
10982 4 2 5 29 1196 2399 352 2282
10983 4 2 5 29 2011 1382 868 1206
10984 4 2 5 29 2011 868 1382 2601
10985 4 2 5 29 2441 1660 1659 1417
10986 4 2 5 29 2441 1659 1660 2121
10987 4 2 5 29 2589 2228 2117 1881
10988 4 2 5 29 2589 2117 2228 2431
10989 4 2 5 29 1568 2305 1444 1567
10990 4 2 5 29 1444 2305 1568 2188
10991 4 2 5 29 2301 2422 2575 2066
10992 4 2 5 29 2575 2422 2301 1874
10993 4 2 5 29 2476 1527 357 2243
10994 4 2 5 29 2476 357 1527 1528
10995 4 2 5 29 2529 2331 1912 1798
10996 4 2 5 29 2529 1912 2331 2091
10997 4 2 5 29 2285 1241 1122 981
10998 4 2 5 29 2285 1122 1241 2152
10999 4 2 5 29 2533 866 828 865
11000 4 2 5 29 2533 828 866 2242
11001 4 2 5 29 2394 825 824 2055
11002 4 2 5 29 2394 824 825 823
11003 4 2 5 29 2621 1263 2097 2115
11004 4 2 5 29 2621 2097 1263 1272
11005 4 2 5 29 2280 1595 2545 1009
11006 4 2 5 29 2280 2545 1595 2154
11007 4 2 5 29 1597 2339 1618 1170
11008 4 2 5 29 1618 2339 1597 2118
11009 4 2 5 29 2313 2384 2314 1991
11010 4 2 5 29 2314 2384 2313 1836
11011 4 2 5 29 1684 2581 1687 1705
11012 4 2 5 29 1687 2581 1684 2185
11013 4 2 5 29 2474 1218 1213 2044
11014 4 2 5 29 2474 1213 1218 1217
11015 4 2 5 29 2481 1594 2272 1369
11016 4 2 5 29 2481 2272 1594 2089
11017 4 2 5 29 2404 1501 1379 1557
11018 4 2 5 29 2404 1379 1501 2183
11019 4 2 5 29 2609 1385 1142 1141
11020 4 2 5 29 2609 1142 1385 2225
11021 4 2 5 29 2437 1039 2400 1038
11022 4 2 5 29 2437 2400 1039 1991
11023 4 2 5 29 1490 2591 2224 2029
11024 4 2 5 29 1490 2224 2591 1975
11025 4 2 5 29 2461 2224 2591 2029
11026 4 2 5 29 2461 2591 2224 1975
11027 4 2 5 29 2310 1526 1321 1195
11028 4 2 5 29 2310 1321 1526 2076
11029 4 2 5 29 2449 1630 1673 1649
11030 4 2 5 29 2449 1673 1630 2540
11031 4 2 5 29 2566 1323 1488 2406
11032 4 2 5 29 2566 1488 1323 975
11033 4 2 5 29 2448 1319 2250 1278
11034 4 2 5 29 2448 2250 1319 2283
11035 4 2 5 29 1245 2359 1242 1619
11036 4 2 5 29 1242 2359 1245 2164
11037 4 2 5 29 2583 2407 2151 2010
11038 4 2 5 29 2583 2151 2407 1864
11039 4 2 5 29 2013 2151 2407 2010
11040 4 2 5 29 2013 2407 2151 1864
11041 4 2 5 29 2456 857 2585 2392
11042 4 2 5 29 2456 2585 857 1635
11043 4 2 5 29 1404 2585 857 2392
11044 4 2 5 29 1404 857 2585 1635
11045 4 2 5 29 2425 1650 2340 2007
11046 4 2 5 29 2425 2340 1650 1346
11047 4 2 5 29 2403 2550 2191 1918
11048 4 2 5 29 2191 2550 2403 2020
11049 4 2 5 29 2459 1153 817 2239
11050 4 2 5 29 2459 817 1153 1123
11051 4 2 5 29 2322 2398 1407 840
11052 4 2 5 29 2322 1407 2398 2148
11053 4 2 5 29 841 1407 2398 840
11054 4 2 5 29 841 2398 1407 2148
11055 4 2 5 29 2555 2612 2205 2062
11056 4 2 5 29 2205 2612 2555 1942
11057 4 2 5 29 2617 1055 1492 1056
11058 4 2 5 29 2617 1492 1055 2198
11059 4 2 5 29 2599 1717 1718 1712
11060 4 2 5 29 2599 1718 1717 2259
11061 4 2 5 29 2557 1723 373 2491
11062 4 2 5 29 373 1723 2557 1709
11063 4 2 5 29 1816 2506 1911 2192
11064 4 2 5 29 1911 2506 1816 2037
11065 4 2 5 29 2011 1203 1015 1206
11066 4 2 5 29 2011 1015 1203 2264
11067 4 2 4 30 151 521 524 540
11068 4 2 4 30 1761 1776 1775 2736
11069 4 2 4 30 123 495 122 2780
11070 4 2 4 30 788 2659 783 2898
11071 4 2 4 30 2729 2735 1777 2828
11072 4 2 4 30 492 463 491 13
11073 4 2 4 30 2651 2859 2628 2880
11074 4 2 4 30 221 2838 625 2913
11075 4 2 4 30 239 2839 2652 2840
11076 4 2 4 30 580 2646 190 2830
11077 4 2 4 30 159 546 160 2638
11078 4 2 4 30 384 2646 2638 2843
11079 4 2 4 30 701 269 270 2790
11080 4 2 4 30 567 566 167 2846
11081 4 2 4 30 2638 2649 2824 2848
11082 4 2 4 30 1785 2729 1777 2828
11083 4 2 4 30 733 42 754 41
11084 4 2 4 30 209 202 592 2884
11085 4 2 4 30 276 277 263 716
11086 4 2 4 30 2646 190 2830 2918
11087 4 2 4 30 334 46 778 779
11088 4 2 4 30 1774 1792 1791 2706
11089 4 2 4 30 136 480 122 2703
11090 4 2 4 30 1787 1761 1770 2747
11091 4 2 4 30 738 286 296 297
11092 4 2 4 30 261 2779 688 2811
11093 4 2 4 30 120 121 131 488
11094 4 2 4 30 2637 2651 2643 2880
11095 4 2 4 30 131 121 120 2781
11096 4 2 4 30 567 167 168 2846
11097 4 2 4 30 644 642 2839 2913
11098 4 2 4 30 168 169 567 2846
11099 4 2 4 30 1775 292 303 2736
11100 4 2 4 30 508 510 148 2799
11101 4 2 4 30 786 783 788 2659
11102 4 2 4 30 259 258 694 2812
11103 4 2 4 30 732 735 728 275
11104 4 2 4 30 1 383 2636 2717
11105 4 2 4 30 1759 1778 49 340
11106 4 2 4 30 220 228 227 2837
11107 4 2 4 30 809 341 808 2777
11108 4 2 4 30 148 510 134 2799
11109 4 2 4 30 2646 2693 190 2918
11110 4 2 4 30 1753 1777 2735 2828
11111 4 2 4 30 242 243 2733 2813
11112 4 2 4 30 22 553 21 2699
11113 4 2 4 30 5 1741 377 376
11114 4 2 4 30 384 2638 2649 2843
11115 4 2 4 30 501 480 136 2703
11116 4 2 4 30 2626 2649 2636 2799
11117 4 2 4 30 683 257 258 2637
11118 4 2 4 30 417 416 418 2893
11119 4 2 4 30 301 300 752 2720
11120 4 2 4 30 617 205 206 2834
11121 4 2 4 30 100 99 85 2753
11122 4 2 4 30 148 147 2824 2848
11123 4 2 4 30 384 2638 2646 2895
11124 4 2 4 30 499 2799 508 2845
11125 4 2 4 30 1776 2658 1788 2670
11126 4 2 4 30 716 704 263 2765
11127 4 2 4 30 166 545 165 2647
11128 4 2 4 30 414 8 77 413
11129 4 2 4 30 135 2703 2780 2799
11130 4 2 4 30 471 2697 2707 2816
11131 4 2 4 30 1 383 384 2636
11132 4 2 4 30 191 184 183 2800
11133 4 2 4 30 252 251 2652 2842
11134 4 2 4 30 386 2622 2639 2911
11135 4 2 4 30 753 307 750 2686
11136 4 2 4 30 1759 1778 376 49
11137 4 2 4 30 487 486 500 490
11138 4 2 4 30 386 2622 2785 2883
11139 4 2 4 30 797 805 337 2764
11140 4 2 4 30 1 2717 2636 2785
11141 4 2 4 30 163 537 162 2796
11142 4 2 4 30 162 161 551 2731
11143 4 2 4 30 776 321 320 2900
11144 4 2 4 30 1777 1779 1753 2735
11145 4 2 4 30 546 160 2638 2824
11146 4 2 4 30 163 162 551 2914
11147 4 2 4 30 521 151 161 540
11148 4 2 4 30 162 163 2796 2914
11149 4 2 4 30 716 728 735 275
11150 4 2 4 30 805 337 2764 2885
11151 4 2 4 30 67 66 412 2857
11152 4 2 4 30 2663 2683 2631 2701
11153 4 2 4 30 719 283 269 720
11154 4 2 4 30 147 528 148 2824
11155 4 2 4 30 2626 2780 2703 2799
11156 4 2 4 30 1743 422 7 414
11157 4 2 4 30 2790 2801 2765 2859
11158 4 2 4 30 434 2858 438 2904
11159 4 2 4 30 2629 2713 2666 2852
11160 4 2 4 30 717 268 278 721
11161 4 2 4 30 2627 2663 2631 2701
11162 4 2 4 30 287 301 758 2720
11163 4 2 4 30 476 111 112 2730
11164 4 2 4 30 1 2636 2676 2785
11165 4 2 4 30 757 303 292 2736
11166 4 2 4 30 75 60 76 2755
11167 4 2 4 30 1756 1737 1767 2705
11168 4 2 4 30 197 189 190 2725
11169 4 2 4 30 585 183 184 2772
11170 4 2 4 30 341 50 70 404
11171 4 2 4 30 628 208 215 623
11172 4 2 4 30 732 735 275 2853
11173 4 2 4 30 500 142 486 487
11174 4 2 4 30 416 417 2795 2893
11175 4 2 4 30 471 2707 2697 2829
11176 4 2 4 30 204 205 194 607
11177 4 2 4 30 386 2717 1 2785
11178 4 2 4 30 279 280 722 2862
11179 4 2 4 30 380 2643 2628 2651
11180 4 2 4 30 617 206 616 2834
11181 4 2 4 30 1790 2636 2717 2785
11182 4 2 4 30 750 307 293 2686
11183 4 2 4 30 232 231 241 2769
11184 4 2 4 30 157 158 167 534
11185 4 2 4 30 475 461 110 2697
11186 4 2 4 30 788 2759 2659 2898
11187 4 2 4 30 156 547 541 2729
11188 4 2 4 30 383 384 2623 2626
11189 4 2 4 30 475 110 124 2808
11190 4 2 4 30 776 320 777 2900
11191 4 2 4 30 434 436 438 2858
11192 4 2 4 30 2641 2765 2734 2859
11193 4 2 4 30 788 783 784 2898
11194 4 2 4 30 1748 2668 1777 2672
11195 4 2 4 30 2765 2790 699 2801
11196 4 2 4 30 1751 1772 1776 2665
11197 4 2 4 30 105 450 104 2864
11198 4 2 4 30 289 2853 275 2862
11199 4 2 4 30 2765 2801 2734 2859
11200 4 2 4 30 2765 2853 716 2854
11201 4 2 4 30 277 263 716 721
11202 4 2 4 30 799 343 2677 2873
11203 4 2 4 30 665 2839 239 2840
11204 4 2 4 30 85 99 432 2753
11205 4 2 4 30 47 48 782 794
11206 4 2 4 30 110 111 476 2841
11207 4 2 4 30 2623 2636 383 2717
11208 4 2 4 30 2728 2782 2639 2802
11209 4 2 4 30 297 2747 2736 2784
11210 4 2 4 30 257 2791 2637 2801
11211 4 2 4 30 202 209 201 2814
11212 4 2 4 30 292 727 1776 291
11213 4 2 4 30 2693 2725 2705 2786
11214 4 2 4 30 550 551 161 2731
11215 4 2 4 30 289 732 728 275
11216 4 2 4 30 88 72 71 2917
11217 4 2 4 30 239 2840 2652 2870
11218 4 2 4 30 515 547 155 529
11219 4 2 4 30 30 221 625 2913
11220 4 2 4 30 2845 2899 2799 2915
11221 4 2 4 30 752 300 299 313
11222 4 2 4 30 2785 2863 386 2883
11223 4 2 4 30 189 198 188 2793
11224 4 2 4 30 589 593 594 595
11225 4 2 4 30 326 325 789 2728
11226 4 2 4 30 331 2788 2677 2901
11227 4 2 4 30 148 2824 2799 2848
11228 4 2 4 30 481 486 16 2771
11229 4 2 4 30 261 688 260 2811
11230 4 2 4 30 239 665 2840 2870
11231 4 2 4 30 657 233 656 2706
11232 4 2 4 30 386 2622 2717 2785
11233 4 2 4 30 2633 2625 2710 2763
11234 4 2 4 30 183 184 191 572
11235 4 2 4 30 636 215 216 2837
11236 4 2 4 30 189 197 198 2793
11237 4 2 4 30 384 2638 2636 2649
11238 4 2 4 30 788 786 2659 2759
11239 4 2 4 30 1775 2681 292 2871
11240 4 2 4 30 1793 1788 1791 2833
11241 4 2 4 30 2649 2845 2799 2915
11242 4 2 4 30 701 270 2651 2790
11243 4 2 4 30 319 305 749 306
11244 4 2 4 30 156 541 157 2662
11245 4 2 4 30 1760 1766 1770 2832
11246 4 2 4 30 711 2745 2790 2854
11247 4 2 4 30 292 303 41 2681
11248 4 2 4 30 384 1 2636 2676
11249 4 2 4 30 794 1759 48 346
11250 4 2 4 30 438 2858 2742 2904
11251 4 2 4 30 150 524 519 2712
11252 4 2 4 30 616 207 208 2726
11253 4 2 4 30 477 108 109 2841
11254 4 2 4 30 766 43 747 44
11255 4 2 4 30 1751 2665 1776 2670
11256 4 2 4 30 344 799 343 2677
11257 4 2 4 30 2799 2845 2649 2896
11258 4 2 4 30 716 704 711 712
11259 4 2 4 30 2649 2636 2799 2848
11260 4 2 4 30 227 228 655 2769
11261 4 2 4 30 2637 2869 2691 2880
11262 4 2 4 30 381 2786 2625 2886
11263 4 2 4 30 1743 422 414 2907
11264 4 2 4 30 190 189 197 580
11265 4 2 4 30 786 783 2659 2677
11266 4 2 4 30 716 275 735 2853
11267 4 2 4 30 694 258 257 2774
11268 4 2 4 30 662 651 668 670
11269 4 2 4 30 58 386 2639 2911
11270 4 2 4 30 134 510 501 2799
11271 4 2 4 30 2631 2809 2795 2893
11272 4 2 4 30 70 341 69 2777
11273 4 2 4 30 2628 2790 2745 2854
11274 4 2 4 30 106 91 105 2912
11275 4 2 4 30 788 781 2885 2898
11276 4 2 4 30 122 496 121 2709
11277 4 2 4 30 2652 2718 2680 2785
11278 4 2 4 30 526 508 2799 2845
11279 4 2 4 30 283 269 720 2790
11280 4 2 4 30 501 510 508 2799
11281 4 2 4 30 122 495 496 2709
11282 4 2 4 30 2639 2630 2728 2889
11283 4 2 4 30 380 2651 2628 2880
11284 4 2 4 30 240 241 674 2733
11285 4 2 4 30 67 2713 395 2890
11286 4 2 4 30 104 117 2743 2816
11287 4 2 4 30 2641 2734 2801 2859
11288 4 2 4 30 2631 2650 2795 2809
11289 4 2 4 30 585 182 183 2772
11290 4 2 4 30 160 2638 2824 2848
11291 4 2 4 30 23 24 582 2830
11292 4 2 4 30 748 753 750 2818
11293 4 2 4 30 176 568 177 2823
11294 4 2 4 30 2627 2701 2631 2741
11295 4 2 4 30 294 2745 2686 2797
11296 4 2 4 30 2693 2705 2655 2786
11297 4 2 4 30 1787 1788 2658 2851
11298 4 2 4 30 2647 2843 2646 2892
11299 4 2 4 30 2734 2765 699 2801
11300 4 2 4 30 2651 2801 2790 2859
11301 4 2 4 30 592 612 209 597
11302 4 2 4 30 387 2646 2693 2884
11303 4 2 4 30 319 318 777 2900
11304 4 2 4 30 2643 2651 2637 2791
11305 4 2 4 30 788 2885 2759 2898
11306 4 2 4 30 461 471 473 2697
11307 4 2 4 30 764 319 2776 2788
11308 4 2 4 30 499 2799 2845 2899
11309 4 2 4 30 750 293 730 2686
11310 4 2 4 30 269 270 2790 2791
11311 4 2 4 30 642 29 2839 2913
11312 4 2 4 30 330 785 344 2677
11313 4 2 4 30 329 795 346 345
11314 4 2 4 30 331 783 785 2677
11315 4 2 4 30 124 495 123 2841
11316 4 2 4 30 2666 2713 2629 2715
11317 4 2 4 30 2631 2741 2701 2904
11318 4 2 4 30 432 99 85 453
11319 4 2 4 30 386 389 2639 2883
11320 4 2 4 30 471 2707 468 2816
11321 4 2 4 30 655 228 229 2769
11322 4 2 4 30 379 380 2624 2628
11323 4 2 4 30 789 325 781 2728
11324 4 2 4 30 716 263 276 2765
11325 4 2 4 30 616 206 207 2834
11326 4 2 4 30 276 2853 2765 2861
11327 4 2 4 30 1760 50 376 2850
11328 4 2 4 30 29 30 623 2913
11329 4 2 4 30 2692 2725 2693 2786
11330 4 2 4 30 500 487 490 2908
11331 4 2 4 30 809 342 341 2777
11332 4 2 4 30 392 2633 2625 2710
11333 4 2 4 30 275 2853 276 2862
11334 4 2 4 30 305 761 762 2770
11335 4 2 4 30 681 678 669 2811
11336 4 2 4 30 2652 2680 2648 2785
11337 4 2 4 30 330 331 785 2677
11338 4 2 4 30 136 511 135 2781
11339 4 2 4 30 50 1759 1760 376
11340 4 2 4 30 181 182 586 2772
11341 4 2 4 30 501 2703 2799 2899
11342 4 2 4 30 201 209 210 2814
11343 4 2 4 30 463 492 475 124
11344 4 2 4 30 415 419 2748 2890
11345 4 2 4 30 91 2864 105 2912
11346 4 2 4 30 104 454 117 2816
11347 4 2 4 30 2830 2843 2647 2894
11348 4 2 4 30 395 400 2748 2775
11349 4 2 4 30 2646 2647 2892 2918
11350 4 2 4 30 1788 2779 1791 2811
11351 4 2 4 30 746 2720 752 2802
11352 4 2 4 30 2631 2754 2650 2809
11353 4 2 4 30 2647 2646 2830 2918
11354 4 2 4 30 711 704 716 2765
11355 4 2 4 30 92 2666 2827 2864
11356 4 2 4 30 237 238 247 2767
11357 4 2 4 30 386 2639 2622 2883
11358 4 2 4 30 47 340 794 796
11359 4 2 4 30 2629 57 2666 2715
11360 4 2 4 30 797 62 402 2764
11361 4 2 4 30 166 2647 2710 2896
11362 4 2 4 30 220 227 228 647
11363 4 2 4 30 1753 2662 1785 2828
11364 4 2 4 30 380 2628 2859 2880
11365 4 2 4 30 501 2703 135 2799
11366 4 2 4 30 2634 2715 2656 2737
11367 4 2 4 30 85 432 86 2753
11368 4 2 4 30 288 289 741 2681
11369 4 2 4 30 175 176 2738 2823
11370 4 2 4 30 657 656 236 2706
11371 4 2 4 30 731 2854 2745 2878
11372 4 2 4 30 2634 2624 2673 2887
11373 4 2 4 30 167 168 157 534
11374 4 2 4 30 208 207 216 2726
11375 4 2 4 30 241 242 674 2733
11376 4 2 4 30 2634 2715 2737 2886
11377 4 2 4 30 384 2636 2626 2649
11378 4 2 4 30 2634 331 2788 2887
11379 4 2 4 30 393 2646 384 2843
11380 4 2 4 30 379 2624 2737 2817
11381 4 2 4 30 25 2646 184 2895
11382 4 2 4 30 379 2737 2 2886
11383 4 2 4 30 746 2802 752 2897
11384 4 2 4 30 244 253 2842 2879
11385 4 2 4 30 2659 2677 783 2788
11386 4 2 4 30 182 585 586 2772
11387 4 2 4 30 345 346 329 2902
11388 4 2 4 30 753 2686 750 2818
11389 4 2 4 30 510 143 133 502
11390 4 2 4 30 121 496 120 2709
11391 4 2 4 30 2639 2728 2659 2889
11392 4 2 4 30 181 2772 180 2789
11393 4 2 4 30 1788 2811 1791 2833
11394 4 2 4 30 468 2707 471 2829
11395 4 2 4 30 176 177 185 2919
11396 4 2 4 30 1765 2643 2624 2872
11397 4 2 4 30 2638 2843 2646 2894
11398 4 2 4 30 380 2691 2869 2880
11399 4 2 4 30 708 264 265 2711
11400 4 2 4 30 572 184 25 2646
11401 4 2 4 30 701 699 269 2790
11402 4 2 4 30 2650 2889 2630 2911
11403 4 2 4 30 219 229 228 2837
11404 4 2 4 30 300 752 2720 2802
11405 4 2 4 30 308 293 307 2797
11406 4 2 4 30 150 151 524 2712
11407 4 2 4 30 287 741 740 2681
11408 4 2 4 30 209 592 597 2884
11409 4 2 4 30 438 2742 2741 2904
11410 4 2 4 30 1790 2636 1783 2717
11411 4 2 4 30 99 100 457 2778
11412 4 2 4 30 456 473 112 451
11413 4 2 4 30 390 2631 2627 2663
11414 4 2 4 30 2759 2885 2728 2898
11415 4 2 4 30 2724 2785 2652 2863
11416 4 2 4 30 580 26 190 2646
11417 4 2 4 30 344 785 799 2677
11418 4 2 4 30 1764 1774 1791 2706
11419 4 2 4 30 273 2779 272 2851
11420 4 2 4 30 235 657 236 2706
11421 4 2 4 30 69 411 70 2777
11422 4 2 4 30 546 542 160 2824
11423 4 2 4 30 325 781 2728 2885
11424 4 2 4 30 207 216 217 628
11425 4 2 4 30 27 196 2676 2838
11426 4 2 4 30 31 2652 239 2839
11427 4 2 4 30 2638 2647 2843 2894
11428 4 2 4 30 26 202 2876 2884
11429 4 2 4 30 580 579 2646 2830
11430 4 2 4 30 2627 2631 390 2852
11431 4 2 4 30 434 432 453 2858
11432 4 2 4 30 111 2697 2787 2808
11433 4 2 4 30 2634 2673 2624 2737
11434 4 2 4 30 213 222 223 2815
11435 4 2 4 30 122 480 493 2703
11436 4 2 4 30 708 263 264 2711
11437 4 2 4 30 2646 2638 2894 2895
11438 4 2 4 30 136 135 501 2703
11439 4 2 4 30 380 2643 2651 2880
11440 4 2 4 30 704 699 2734 2765
11441 4 2 4 30 62 797 402 406
11442 4 2 4 30 528 2799 148 2824
11443 4 2 4 30 282 720 2745 2790
11444 4 2 4 30 1776 1775 292 2871
11445 4 2 4 30 800 799 2677 2759
11446 4 2 4 30 711 2790 2765 2859
11447 4 2 4 30 112 2700 111 2866
11448 4 2 4 30 781 803 788 2885
11449 4 2 4 30 305 762 306 2900
11450 4 2 4 30 716 2765 276 2853
11451 4 2 4 30 278 279 722 2862
11452 4 2 4 30 2638 2636 2750 2895
11453 4 2 4 30 2632 2714 2639 2883
11454 4 2 4 30 104 103 118 454
11455 4 2 4 30 326 789 312 2728
11456 4 2 4 30 711 699 2765 2790
11457 4 2 4 30 1783 2636 2623 2717
11458 4 2 4 30 1753 2735 1779 2758
11459 4 2 4 30 386 2717 2622 2911
11460 4 2 4 30 183 182 192 2800
11461 4 2 4 30 382 380 2691 2876
11462 4 2 4 30 144 531 143 2849
11463 4 2 4 30 1775 303 292 2681
11464 4 2 4 30 2627 2741 2631 2852
11465 4 2 4 30 385 386 2785 2863
11466 4 2 4 30 666 667 669 678
11467 4 2 4 30 783 318 763 2788
11468 4 2 4 30 567 169 170 2846
11469 4 2 4 30 2648 2785 2622 2883
11470 4 2 4 30 527 2799 2649 2896
11471 4 2 4 30 335 64 49 407
11472 4 2 4 30 654 227 655 2769
11473 4 2 4 30 518 517 523 2729
11474 4 2 4 30 272 262 271 2792
11475 4 2 4 30 252 253 692 2842
11476 4 2 4 30 71 72 88 422
11477 4 2 4 30 692 251 252 2842
11478 4 2 4 30 142 487 500 2908
11479 4 2 4 30 477 110 476 2841
11480 4 2 4 30 663 667 666 678
11481 4 2 4 30 2799 2824 2649 2848
11482 4 2 4 30 711 2854 2790 2859
11483 4 2 4 30 331 783 2677 2788
11484 4 2 4 30 57 2737 379 2886
11485 4 2 4 30 323 339 324 2810
11486 4 2 4 30 415 2827 80 2890
11487 4 2 4 30 618 212 619 2814
11488 4 2 4 30 261 2774 262 2779
11489 4 2 4 30 525 521 522 540
11490 4 2 4 30 439 8 7 414
11491 4 2 4 30 2625 2786 2737 2886
11492 4 2 4 30 2634 2737 57 2886
11493 4 2 4 30 260 259 694 2812
11494 4 2 4 30 208 216 215 2726
11495 4 2 4 30 2647 2830 2646 2843
11496 4 2 4 30 135 511 134 2781
11497 4 2 4 30 390 2631 2663 2807
11498 4 2 4 30 226 233 234 2888
11499 4 2 4 30 2652 251 2734 2766
11500 4 2 4 30 1793 2811 1788 2833
11501 4 2 4 30 2638 2750 2649 2848
11502 4 2 4 30 2663 2683 2701 2877
11503 4 2 4 30 438 431 415 2827
11504 4 2 4 30 397 417 408 2748
11505 4 2 4 30 190 2646 26 2693
11506 4 2 4 30 134 501 135 2799
11507 4 2 4 30 550 166 165 2731
11508 4 2 4 30 388 2639 2659 2889
11509 4 2 4 30 693 694 257 2774
11510 4 2 4 30 2623 2626 384 2636
11511 4 2 4 30 384 2649 2626 2915
11512 4 2 4 30 306 307 753 2776
11513 4 2 4 30 2639 2802 2818 2897
11514 4 2 4 30 167 158 157 2751
11515 4 2 4 30 287 302 301 2910
11516 4 2 4 30 123 495 2780 2841
11517 4 2 4 30 417 418 440 2893
11518 4 2 4 30 2748 2795 417 2893
11519 4 2 4 30 283 720 282 2790
11520 4 2 4 30 176 175 569 2823
11521 4 2 4 30 111 2787 474 2866
11522 4 2 4 30 381 392 2625 2892
11523 4 2 4 30 746 2720 2802 2818
11524 4 2 4 30 707 263 708 2711
11525 4 2 4 30 36 696 698 699
11526 4 2 4 30 1775 1776 292 2736
11527 4 2 4 30 746 2818 2802 2897
11528 4 2 4 30 136 135 2703 2780
11529 4 2 4 30 2639 2818 2645 2897
11530 4 2 4 30 421 408 397 417
11531 4 2 4 30 58 2631 2650 2852
11532 4 2 4 30 1761 298 309 2903
11533 4 2 4 30 98 2700 97 2866
11534 4 2 4 30 566 171 172 2846
11535 4 2 4 30 797 804 805 2764
11536 4 2 4 30 32 644 642 2839
11537 4 2 4 30 289 732 275 2853
11538 4 2 4 30 1754 2625 2655 2786
11539 4 2 4 30 319 305 320 749
11540 4 2 4 30 287 288 741 2681
11541 4 2 4 30 786 2677 2659 2759
11542 4 2 4 30 711 2765 716 2854
11543 4 2 4 30 783 2659 2788 2898
11544 4 2 4 30 120 496 119 2709
11545 4 2 4 30 33 686 690 679
11546 4 2 4 30 1786 2700 2623 2708
11547 4 2 4 30 1754 2737 2625 2786
11548 4 2 4 30 1772 2681 1775 2871
11549 4 2 4 30 2639 2802 2720 2818
11550 4 2 4 30 208 215 623 2838
11551 4 2 4 30 100 99 2753 2778
11552 4 2 4 30 568 176 569 2823
11553 4 2 4 30 387 2646 393 2693
11554 4 2 4 30 683 2637 258 2875
11555 4 2 4 30 294 295 2745 2746
11556 4 2 4 30 2691 2805 2637 2880
11557 4 2 4 30 2680 2718 2652 2733
11558 4 2 4 30 380 2624 2628 2643
11559 4 2 4 30 337 2798 2764 2885
11560 4 2 4 30 94 78 77 413
11561 4 2 4 30 1 385 386 2785
11562 4 2 4 30 27 196 2838 2884
11563 4 2 4 30 1759 346 1760 48
11564 4 2 4 30 2655 2786 381 2892
11565 4 2 4 30 26 2646 597 2884
11566 4 2 4 30 49 377 1778 376
11567 4 2 4 30 278 277 2861 2862
11568 4 2 4 30 2634 57 2715 2886
11569 4 2 4 30 118 117 104 454
11570 4 2 4 30 786 800 799 2677
11571 4 2 4 30 607 194 204 599
11572 4 2 4 30 2692 2693 2661 2786
11573 4 2 4 30 141 2845 2763 2908
11574 4 2 4 30 2631 2683 2663 2807
11575 4 2 4 30 395 68 396 2873
11576 4 2 4 30 2629 2634 57 2715
11577 4 2 4 30 288 2720 732 2853
11578 4 2 4 30 330 331 2677 2901
11579 4 2 4 30 392 2627 2707 2906
11580 4 2 4 30 267 266 697 2821
11581 4 2 4 30 209 597 612 2884
11582 4 2 4 30 192 191 183 2800
11583 4 2 4 30 381 2625 2655 2892
11584 4 2 4 30 178 564 177 2830
11585 4 2 4 30 415 419 417 2748
11586 4 2 4 30 701 2651 270 2801
11587 4 2 4 30 2776 2788 2659 2897
11588 4 2 4 30 339 338 324 2810
11589 4 2 4 30 97 2700 112 2866
11590 4 2 4 30 236 656 237 2706
11591 4 2 4 30 463 492 461 475
11592 4 2 4 30 387 2693 2876 2884
11593 4 2 4 30 764 2788 2897 2898
11594 4 2 4 30 495 119 496 2709
11595 4 2 4 30 597 2646 25 2884
11596 4 2 4 30 462 471 461 491
11597 4 2 4 30 249 675 250 2812
11598 4 2 4 30 1741 376 5 2907
11599 4 2 4 30 383 2623 384 2636
11600 4 2 4 30 77 78 94 2868
11601 4 2 4 30 468 2707 117 2816
11602 4 2 4 30 764 2788 2776 2897
11603 4 2 4 30 272 262 2774 2779
11604 4 2 4 30 293 294 730 2686
11605 4 2 4 30 2637 2870 2840 2875
11606 4 2 4 30 412 411 68 2777
11607 4 2 4 30 2659 2759 2728 2898
11608 4 2 4 30 508 499 501 2799
11609 4 2 4 30 57 379 2 2886
11610 4 2 4 30 2646 2843 2830 2894
11611 4 2 4 30 1754 2635 2625 2737
11612 4 2 4 30 337 807 336 2757
11613 4 2 4 30 1771 2717 2622 2785
11614 4 2 4 30 251 2652 2734 2870
11615 4 2 4 30 711 2765 2854 2859
11616 4 2 4 30 289 2664 288 2853
11617 4 2 4 30 2626 2799 2703 2899
11618 4 2 4 30 763 318 764 2788
11619 4 2 4 30 526 2845 2799 2896
11620 4 2 4 30 282 281 725 2803
11621 4 2 4 30 212 2669 211 2860
11622 4 2 4 30 2641 2801 2870 2880
11623 4 2 4 30 2728 2885 781 2898
11624 4 2 4 30 287 2714 301 2720
11625 4 2 4 30 2639 2645 388 2659
11626 4 2 4 30 2666 2715 57 2886
11627 4 2 4 30 2634 2737 2624 2817
11628 4 2 4 30 165 166 2647 2804
11629 4 2 4 30 233 2869 30 2913
11630 4 2 4 30 2697 2816 2787 2906
11631 4 2 4 30 91 92 2864 2912
11632 4 2 4 30 546 2638 2699 2824
11633 4 2 4 30 2799 2899 2626 2915
11634 4 2 4 30 2790 2854 2628 2859
11635 4 2 4 30 1 2676 385 2785
11636 4 2 4 30 2741 2748 417 2893
11637 4 2 4 30 2635 2737 2715 2886
11638 4 2 4 30 734 750 754 751
11639 4 2 4 30 710 269 709 2792
11640 4 2 4 30 111 2697 474 2787
11641 4 2 4 30 263 277 276 2861
11642 4 2 4 30 217 218 636 2837
11643 4 2 4 30 247 238 246 2767
11644 4 2 4 30 144 523 2729 2735
11645 4 2 4 30 300 313 752 2802
11646 4 2 4 30 625 2838 623 2913
11647 4 2 4 30 384 2843 2649 2915
11648 4 2 4 30 2638 2699 2647 2894
11649 4 2 4 30 2652 2839 2724 2840
11650 4 2 4 30 2728 2759 2630 2885
11651 4 2 4 30 276 275 716 2853
11652 4 2 4 30 649 659 650 661
11653 4 2 4 30 586 585 179 2846
11654 4 2 4 30 380 382 2 2872
11655 4 2 4 30 2696 2710 153 2804
11656 4 2 4 30 656 238 237 2706
11657 4 2 4 30 440 2741 417 2893
11658 4 2 4 30 1747 1746 1753 2723
11659 4 2 4 30 281 282 720 2745
11660 4 2 4 30 2755 2756 76 2820
11661 4 2 4 30 2652 2724 2718 2785
11662 4 2 4 30 2622 2694 2639 2911
11663 4 2 4 30 340 339 323 2757
11664 4 2 4 30 2641 2801 2734 2870
11665 4 2 4 30 636 635 215 2837
11666 4 2 4 30 681 682 688 2811
11667 4 2 4 30 1766 2673 2634 2737
11668 4 2 4 30 223 222 213 629
11669 4 2 4 30 248 247 676 2767
11670 4 2 4 30 227 2724 29 2837
11671 4 2 4 30 319 306 749 2776
11672 4 2 4 30 219 228 220 2837
11673 4 2 4 30 2805 2840 2637 2880
11674 4 2 4 30 2639 2714 2622 2883
11675 4 2 4 30 704 2734 263 2765
11676 4 2 4 30 393 2646 2843 2892
11677 4 2 4 30 379 388 380 2628
11678 4 2 4 30 331 2634 2788 2901
11679 4 2 4 30 401 406 804 405
11680 4 2 4 30 673 674 242 2733
11681 4 2 4 30 99 457 98 2778
11682 4 2 4 30 805 2764 2759 2885
11683 4 2 4 30 2645 2659 2639 2897
11684 4 2 4 30 1768 2786 2661 2872
11685 4 2 4 30 386 2807 2717 2911
11686 4 2 4 30 339 340 323 796
11687 4 2 4 30 2625 2737 2635 2886
11688 4 2 4 30 677 684 244 253
11689 4 2 4 30 649 650 662 661
11690 4 2 4 30 2655 2705 1757 2786
11691 4 2 4 30 248 676 675 2767
11692 4 2 4 30 461 474 110 2697
11693 4 2 4 30 797 402 406 2764
11694 4 2 4 30 389 2632 2639 2883
11695 4 2 4 30 382 2691 387 2876
11696 4 2 4 30 156 549 155 2751
11697 4 2 4 30 157 168 167 2751
11698 4 2 4 30 2652 2785 2648 2863
11699 4 2 4 30 567 170 566 2846
11700 4 2 4 30 729 295 281 2745
11701 4 2 4 30 393 387 384 2646
11702 4 2 4 30 2686 2854 2818 2855
11703 4 2 4 30 1781 2676 2636 2785
11704 4 2 4 30 710 709 272 2792
11705 4 2 4 30 221 2876 2838 2913
11706 4 2 4 30 501 2799 499 2899
11707 4 2 4 30 387 2838 2646 2884
11708 4 2 4 30 2636 2649 2638 2750
11709 4 2 4 30 2774 2779 1791 2851
11710 4 2 4 30 2801 2637 2870 2880
11711 4 2 4 30 2663 2701 2627 2858
11712 4 2 4 30 392 2707 2627 2886
11713 4 2 4 30 763 783 332 318
11714 4 2 4 30 2651 2801 2641 2880
11715 4 2 4 30 294 730 2686 2745
11716 4 2 4 30 432 2701 434 2904
11717 4 2 4 30 419 408 417 2748
11718 4 2 4 30 432 434 2701 2858
11719 4 2 4 30 2679 2780 2626 2799
11720 4 2 4 30 142 141 2763 2908
11721 4 2 4 30 241 242 2733 2769
11722 4 2 4 30 382 380 387 2691
11723 4 2 4 30 2649 2896 2845 2915
11724 4 2 4 30 2655 2710 2625 2763
11725 4 2 4 30 673 242 243 2733
11726 4 2 4 30 805 803 781 2885
11727 4 2 4 30 805 324 781 803
11728 4 2 4 30 663 678 677 2879
11729 4 2 4 30 2637 2840 2805 2875
11730 4 2 4 30 386 58 2807 2911
11731 4 2 4 30 579 24 23 2830
11732 4 2 4 30 239 674 673 2733
11733 4 2 4 30 717 713 714 2874
11734 4 2 4 30 133 134 512 2781
11735 4 2 4 30 761 308 762 2770
11736 4 2 4 30 708 265 266 2711
11737 4 2 4 30 32 642 31 2839
11738 4 2 4 30 1761 309 310 2770
11739 4 2 4 30 392 2625 2633 2707
11740 4 2 4 30 434 438 440 2904
11741 4 2 4 30 2638 2647 2699 2896
11742 4 2 4 30 598 193 192 2749
11743 4 2 4 30 2713 2741 2666 2852
11744 4 2 4 30 776 777 317 2719
11745 4 2 4 30 665 2805 658 2839
11746 4 2 4 30 665 2805 2839 2840
11747 4 2 4 30 425 424 71 2820
11748 4 2 4 30 276 2853 2861 2862
11749 4 2 4 30 111 110 2808 2841
11750 4 2 4 30 134 511 512 2781
11751 4 2 4 30 1769 2624 2737 2872
11752 4 2 4 30 108 119 13 2730
11753 4 2 4 30 628 606 208 623
11754 4 2 4 30 401 405 804 2775
11755 4 2 4 30 387 2676 2646 2838
11756 4 2 4 30 2741 2893 440 2904
11757 4 2 4 30 487 2829 490 2908
11758 4 2 4 30 2691 2840 2805 2880
11759 4 2 4 30 2629 2666 57 2852
11760 4 2 4 30 388 58 2639 2889
11761 4 2 4 30 2840 2870 2637 2880
11762 4 2 4 30 2647 166 2710 2804
11763 4 2 4 30 1737 1746 2675 2744
11764 4 2 4 30 527 526 2799 2896
11765 4 2 4 30 723 278 722 2862
11766 4 2 4 30 212 609 211 2669
11767 4 2 4 30 2728 2802 2639 2897
11768 4 2 4 30 2641 2801 2651 2859
11769 4 2 4 30 2629 2715 2713 2831
11770 4 2 4 30 30 29 631 2913
11771 4 2 4 30 1781 2636 1790 2785
11772 4 2 4 30 2651 2790 270 2791
11773 4 2 4 30 379 2624 380 2872
11774 4 2 4 30 2628 2651 2643 2746
11775 4 2 4 30 425 74 424 2820
11776 4 2 4 30 25 184 2800 2895
11777 4 2 4 30 338 807 337 2757
11778 4 2 4 30 732 2853 2720 2854
11779 4 2 4 30 725 281 724 2803
11780 4 2 4 30 415 2748 2713 2890
11781 4 2 4 30 710 270 269 2792
11782 4 2 4 30 340 1778 49 2757
11783 4 2 4 30 528 527 2799 2824
11784 4 2 4 30 545 538 539 554
11785 4 2 4 30 708 266 707 2711
11786 4 2 4 30 1769 2624 2673 2737
11787 4 2 4 30 451 456 473 447
11788 4 2 4 30 2638 2843 2647 2896
11789 4 2 4 30 2634 2715 2629 2831
11790 4 2 4 30 65 4 2716 2907
11791 4 2 4 30 291 727 1776 2882
11792 4 2 4 30 2748 2795 2631 2852
11793 4 2 4 30 384 385 1 2676
11794 4 2 4 30 73 87 433 2893
11795 4 2 4 30 341 342 69 2777
11796 4 2 4 30 343 342 809 2777
11797 4 2 4 30 2622 2648 1771 2785
11798 4 2 4 30 679 677 684 244
11799 4 2 4 30 148 528 527 2799
11800 4 2 4 30 123 493 124 2808
11801 4 2 4 30 379 2624 388 2628
11802 4 2 4 30 681 683 680 666
11803 4 2 4 30 62 410 61 2756
11804 4 2 4 30 382 381 2786 2892
11805 4 2 4 30 267 707 266 2711
11806 4 2 4 30 325 2728 2782 2885
11807 4 2 4 30 1755 2835 2667 2912
11808 4 2 4 30 650 658 2805 2839
11809 4 2 4 30 452 99 98 2877
11810 4 2 4 30 2649 2799 527 2824
11811 4 2 4 30 2707 2816 2697 2906
11812 4 2 4 30 111 2866 2700 2877
11813 4 2 4 30 1739 1767 1737 2762
11814 4 2 4 30 683 257 2637 2801
11815 4 2 4 30 1788 1791 2779 2851
11816 4 2 4 30 62 402 2764 2905
11817 4 2 4 30 254 2842 253 2879
11818 4 2 4 30 2632 2853 2765 2854
11819 4 2 4 30 389 2639 2632 2855
11820 4 2 4 30 395 2775 2713 2873
11821 4 2 4 30 548 155 549 2751
11822 4 2 4 30 518 2729 523 2735
11823 4 2 4 30 380 2628 388 2859
11824 4 2 4 30 200 210 201 611
11825 4 2 4 30 2641 2870 2840 2880
11826 4 2 4 30 157 2662 168 2751
11827 4 2 4 30 773 313 312 2728
11828 4 2 4 30 803 2759 788 2885
11829 4 2 4 30 421 417 397 2795
11830 4 2 4 30 107 108 477 2730
11831 4 2 4 30 764 318 319 2788
11832 4 2 4 30 240 674 239 2733
11833 4 2 4 30 80 2827 79 2868
11834 4 2 4 30 2705 2693 2804 2919
11835 4 2 4 30 432 86 2701 2904
11836 4 2 4 30 2683 2684 2717 2807
11837 4 2 4 30 308 307 762 2770
11838 4 2 4 30 2641 2632 2765 2859
11839 4 2 4 30 786 799 785 2677
11840 4 2 4 30 2707 2743 117 2816
11841 4 2 4 30 386 58 1 2807
11842 4 2 4 30 2639 2802 2782 2909
11843 4 2 4 30 2628 2855 388 2859
11844 4 2 4 30 773 313 2728 2802
11845 4 2 4 30 100 85 99 453
11846 4 2 4 30 2646 393 2693 2892
11847 4 2 4 30 415 417 2741 2748
11848 4 2 4 30 332 318 783 2788
11849 4 2 4 30 92 431 430 2742
11850 4 2 4 30 1782 2683 2623 2700
11851 4 2 4 30 170 171 566 2846
11852 4 2 4 30 390 2663 2623 2807
11853 4 2 4 30 256 266 265 2822
11854 4 2 4 30 329 792 793 2902
11855 4 2 4 30 16 507 503 2771
11856 4 2 4 30 448 2787 473 2816
11857 4 2 4 30 178 560 564 2830
11858 4 2 4 30 290 291 740 2871
11859 4 2 4 30 704 699 711 712
11860 4 2 4 30 141 513 142 2739
11861 4 2 4 30 2637 2643 2727 2869
11862 4 2 4 30 2627 2666 2741 2852
11863 4 2 4 30 711 2745 720 2790
11864 4 2 4 30 84 85 100 441
11865 4 2 4 30 307 2686 753 2776
11866 4 2 4 30 480 493 2703 2899
11867 4 2 4 30 504 505 509 518
11868 4 2 4 30 601 193 194 2800
11869 4 2 4 30 484 481 482 2771
11870 4 2 4 30 2637 2805 245 2875
11871 4 2 4 30 265 266 256 705
11872 4 2 4 30 99 2701 432 2753
11873 4 2 4 30 2643 2746 2651 2791
11874 4 2 4 30 230 655 229 2769
11875 4 2 4 30 2676 2726 2724 2785
11876 4 2 4 30 505 510 509 518
11877 4 2 4 30 1765 2624 1769 2872
11878 4 2 4 30 383 1 58 2807
11879 4 2 4 30 777 320 319 2900
11880 4 2 4 30 2650 2809 2798 2905
11881 4 2 4 30 477 476 107 2730
11882 4 2 4 30 251 692 691 2842
11883 4 2 4 30 580 579 26 2646
11884 4 2 4 30 258 2637 257 2727
11885 4 2 4 30 2651 2641 2859 2880
11886 4 2 4 30 2710 2845 153 2896
11887 4 2 4 30 438 415 2741 2827
11888 4 2 4 30 557 555 176 578
11889 4 2 4 30 797 406 804 2764
11890 4 2 4 30 374 2715 2635 2737
11891 4 2 4 30 789 2728 781 2898
11892 4 2 4 30 2637 2791 2651 2801
11893 4 2 4 30 232 654 231 2769
11894 4 2 4 30 680 682 250 259
11895 4 2 4 30 786 785 783 2677
11896 4 2 4 30 278 723 277 2862
11897 4 2 4 30 2649 2799 2626 2915
11898 4 2 4 30 1763 2786 1768 2872
11899 4 2 4 30 215 29 2724 2726
11900 4 2 4 30 800 2677 786 2759
11901 4 2 4 30 2639 2694 2630 2911
11902 4 2 4 30 646 659 650 649
11903 4 2 4 30 724 286 285 2803
11904 4 2 4 30 395 396 400 2775
11905 4 2 4 30 228 229 219 647
11906 4 2 4 30 606 207 217 628
11907 4 2 4 30 17 505 518 510
11908 4 2 4 30 2663 2787 2816 2906
11909 4 2 4 30 331 332 783 2788
11910 4 2 4 30 2655 2705 2693 2804
11911 4 2 4 30 382 387 393 2693
11912 4 2 4 30 500 2899 2845 2908
11913 4 2 4 30 161 522 521 540
11914 4 2 4 30 2714 2720 288 2853
11915 4 2 4 30 417 2748 397 2795
11916 4 2 4 30 111 2700 2808 2877
11917 4 2 4 30 1759 47 340 794
11918 4 2 4 30 551 164 163 2914
11919 4 2 4 30 2765 2853 2664 2861
11920 4 2 4 30 2650 2764 2630 2889
11921 4 2 4 30 391 2724 2691 2840
11922 4 2 4 30 457 458 98 2778
11923 4 2 4 30 247 246 676 2767
11924 4 2 4 30 1784 2623 1783 2636
11925 4 2 4 30 795 794 48 346
11926 4 2 4 30 1761 309 2770 2903
11927 4 2 4 30 1776 292 291 2871
11928 4 2 4 30 382 2786 2 2872
11929 4 2 4 30 600 601 194 2800
11930 4 2 4 30 381 2655 2625 2786
11931 4 2 4 30 384 2646 2676 2895
11932 4 2 4 30 2663 2683 2623 2807
11933 4 2 4 30 436 450 430 2858
11934 4 2 4 30 386 1 2717 2807
11935 4 2 4 30 2843 2892 2710 2915
11936 4 2 4 30 2677 2759 799 2775
11937 4 2 4 30 402 401 406 2764
11938 4 2 4 30 56 2737 2786 2872
11939 4 2 4 30 2664 2765 2632 2853
11940 4 2 4 30 2664 2766 2765 2861
11941 4 2 4 30 378 2694 2622 2717
11942 4 2 4 30 393 2892 2843 2915
11943 4 2 4 30 704 711 699 2765
11944 4 2 4 30 33 666 686 679
11945 4 2 4 30 1754 2655 1757 2786
11946 4 2 4 30 2627 57 2666 2852
11947 4 2 4 30 2746 2790 2651 2791
11948 4 2 4 30 344 330 2677 2901
11949 4 2 4 30 670 668 662 667
11950 4 2 4 30 157 549 156 2751
11951 4 2 4 30 1764 2661 2643 2872
11952 4 2 4 30 481 16 503 2771
11953 4 2 4 30 92 2666 2864 2868
11954 4 2 4 30 227 2718 2724 2837
11955 4 2 4 30 804 406 401 2764
11956 4 2 4 30 2626 2636 2679 2799
11957 4 2 4 30 2659 2728 2639 2897
11958 4 2 4 30 731 295 729 2745
11959 4 2 4 30 438 2741 440 2904
11960 4 2 4 30 799 2677 2775 2873
11961 4 2 4 30 2646 2892 2693 2918
11962 4 2 4 30 2650 2631 2795 2852
11963 4 2 4 30 2626 2636 2623 2780
11964 4 2 4 30 2648 2863 2785 2883
11965 4 2 4 30 475 2697 110 2808
11966 4 2 4 30 230 231 654 2769
11967 4 2 4 30 448 454 104 2816
11968 4 2 4 30 244 2733 243 2879
11969 4 2 4 30 189 587 190 2762
11970 4 2 4 30 330 793 331 2902
11971 4 2 4 30 68 411 69 2777
11972 4 2 4 30 233 226 234 644
11973 4 2 4 30 750 730 734 2686
11974 4 2 4 30 613 621 604 622
11975 4 2 4 30 209 619 210 2814
11976 4 2 4 30 804 2759 805 2764
11977 4 2 4 30 75 421 61 2795
11978 4 2 4 30 1784 2708 2623 2780
11979 4 2 4 30 1767 2725 2692 2786
11980 4 2 4 30 29 642 631 2913
11981 4 2 4 30 1745 1749 1755 2660
11982 4 2 4 30 803 805 324 796
11983 4 2 4 30 288 2714 287 2720
11984 4 2 4 30 2632 2639 2720 2855
11985 4 2 4 30 2631 2701 2683 2753
11986 4 2 4 30 59 410 409 2756
11987 4 2 4 30 205 2654 206 2834
11988 4 2 4 30 1743 375 376 2907
11989 4 2 4 30 58 2650 2631 2807
11990 4 2 4 30 2663 2697 2787 2906
11991 4 2 4 30 2754 2755 2650 2809
11992 4 2 4 30 431 438 2742 2827
11993 4 2 4 30 2838 2839 29 2913
11994 4 2 4 30 140 513 141 2739
11995 4 2 4 30 151 152 161 2732
11996 4 2 4 30 2659 2897 2788 2898
11997 4 2 4 30 2633 2763 2710 2845
11998 4 2 4 30 749 766 747 44
11999 4 2 4 30 390 2623 383 2807
12000 4 2 4 30 765 312 789 2898
12001 4 2 4 30 1776 1772 1775 2871
12002 4 2 4 30 730 734 2686 2745
12003 4 2 4 30 133 2781 143 2849
12004 4 2 4 30 203 196 27 608
12005 4 2 4 30 141 142 500 2908
12006 4 2 4 30 735 2853 732 2854
12007 4 2 4 30 416 417 421 2795
12008 4 2 4 30 222 638 223 2815
12009 4 2 4 30 717 695 706 712
12010 4 2 4 30 764 319 749 2776
12011 4 2 4 30 156 541 2662 2729
12012 4 2 4 30 209 618 619 2814
12013 4 2 4 30 57 2634 2629 2817
12014 4 2 4 30 431 438 430 2742
12015 4 2 4 30 168 1746 169 2846
12016 4 2 4 30 334 333 792 2719
12017 4 2 4 30 230 654 655 2769
12018 4 2 4 30 128 142 2763 2908
12019 4 2 4 30 2623 2697 2626 2808
12020 4 2 4 30 2663 2627 2816 2858
12021 4 2 4 30 2689 2842 254 2879
12022 4 2 4 30 507 520 504 518
12023 4 2 4 30 276 2765 263 2861
12024 4 2 4 30 312 2728 789 2898
12025 4 2 4 30 337 805 338 2885
12026 4 2 4 30 1764 2643 1763 2872
12027 4 2 4 30 750 2686 734 2818
12028 4 2 4 30 281 2745 295 2746
12029 4 2 4 30 172 2846 171 2895
12030 4 2 4 30 278 2665 279 2862
12031 4 2 4 30 450 2816 104 2864
12032 4 2 4 30 1781 1783 1790 2636
12033 4 2 4 30 2624 2643 1765 2674
12034 4 2 4 30 1741 1743 376 2907
12035 4 2 4 30 752 313 772 2802
12036 4 2 4 30 58 386 389 2639
12037 4 2 4 30 605 625 214 604
12038 4 2 4 30 2639 2714 2632 2720
12039 4 2 4 30 104 450 448 2816
12040 4 2 4 30 458 97 98 2778
12041 4 2 4 30 67 2857 2713 2890
12042 4 2 4 30 56 2737 1754 2786
12043 4 2 4 30 475 124 2697 2808
12044 4 2 4 30 572 25 579 2646
12045 4 2 4 30 148 2848 2799 2849
12046 4 2 4 30 2748 2764 2629 2775
12047 4 2 4 30 2623 2663 2626 2697
12048 4 2 4 30 533 152 151 2806
12049 4 2 4 30 601 192 193 2800
12050 4 2 4 30 2634 2656 1766 2737
12051 4 2 4 30 2661 2691 380 2876
12052 4 2 4 30 380 2691 2661 2869
12053 4 2 4 30 2735 2758 1753 2828
12054 4 2 4 30 115 130 467 470
12055 4 2 4 30 673 243 244 2733
12056 4 2 4 30 2693 2725 190 2918
12057 4 2 4 30 152 533 532 2806
12058 4 2 4 30 500 490 499 2908
12059 4 2 4 30 391 2840 2691 2880
12060 4 2 4 30 2676 2724 27 2838
12061 4 2 4 30 2650 2852 2764 2889
12062 4 2 4 30 382 387 2693 2876
12063 4 2 4 30 294 293 743 2844
12064 4 2 4 30 2677 2873 343 2901
12065 4 2 4 30 283 2790 282 2794
12066 4 2 4 30 772 313 773 2802
12067 4 2 4 30 189 188 198 573
12068 4 2 4 30 1763 1768 2661 2872
12069 4 2 4 30 55 1790 2717 2785
12070 4 2 4 30 2697 2703 2626 2808
12071 4 2 4 30 1787 2658 1776 2784
12072 4 2 4 30 1763 2643 1765 2872
12073 4 2 4 30 1768 2692 2661 2786
12074 4 2 4 30 509 507 504 518
12075 4 2 4 30 2638 2699 2824 2896
12076 4 2 4 30 637 638 221 2888
12077 4 2 4 30 2663 2697 2623 2808
12078 4 2 4 30 2631 2650 2754 2807
12079 4 2 4 30 1767 2705 2725 2786
12080 4 2 4 30 2637 2805 2691 2869
12081 4 2 4 30 86 443 85 2917
12082 4 2 4 30 319 2776 2788 2887
12083 4 2 4 30 123 122 2703 2780
12084 4 2 4 30 60 410 59 2756
12085 4 2 4 30 2754 2809 2631 2893
12086 4 2 4 30 27 196 203 2722
12087 4 2 4 30 2650 2748 2795 2905
12088 4 2 4 30 2643 2702 2624 2746
12089 4 2 4 30 2622 2717 2694 2911
12090 4 2 4 30 332 793 792 2719
12091 4 2 4 30 799 2759 800 2775
12092 4 2 4 30 213 618 214 2815
12093 4 2 4 30 773 2802 2728 2897
12094 4 2 4 30 2628 2854 2686 2855
12095 4 2 4 30 2625 2707 392 2886
12096 4 2 4 30 319 2788 318 2887
12097 4 2 4 30 450 2858 2816 2864
12098 4 2 4 30 2663 2816 2787 2858
12099 4 2 4 30 58 390 2631 2852
12100 4 2 4 30 2764 2775 2759 2889
12101 4 2 4 30 2697 2899 2829 2906
12102 4 2 4 30 27 608 196 2884
12103 4 2 4 30 807 806 335 2757
12104 4 2 4 30 1741 71 2820 2917
12105 4 2 4 30 341 404 801 802
12106 4 2 4 30 2651 2746 2628 2790
12107 4 2 4 30 141 500 140 2845
12108 4 2 4 30 415 2713 2827 2890
12109 4 2 4 30 2733 2842 2689 2879
12110 4 2 4 30 133 2735 143 2781
12111 4 2 4 30 409 410 62 2756
12112 4 2 4 30 1784 2709 2708 2780
12113 4 2 4 30 763 770 784 764
12114 4 2 4 30 2633 2899 2845 2915
12115 4 2 4 30 2624 379 2737 2872
12116 4 2 4 30 448 450 104 454
12117 4 2 4 30 2634 2817 2624 2887
12118 4 2 4 30 807 338 806 2757
12119 4 2 4 30 753 748 2776 2818
12120 4 2 4 30 395 400 399 2748
12121 4 2 4 30 2680 2718 1750 2785
12122 4 2 4 30 432 2701 86 2753
12123 4 2 4 30 391 2641 2840 2880
12124 4 2 4 30 799 800 804 2775
12125 4 2 4 30 46 1759 768 322
12126 4 2 4 30 429 450 91 430
12127 4 2 4 30 227 2724 31 2839
12128 4 2 4 30 27 2724 2676 2726
12129 4 2 4 30 2627 2816 2707 2906
12130 4 2 4 30 60 2755 75 2809
12131 4 2 4 30 111 2730 476 2841
12132 4 2 4 30 387 2724 2676 2838
12133 4 2 4 30 773 764 2897 2898
12134 4 2 4 30 383 2623 390 2626
12135 4 2 4 30 1737 2823 1756 2914
12136 4 2 4 30 56 2786 1763 2872
12137 4 2 4 30 2707 2743 2627 2886
12138 4 2 4 30 797 2764 337 2798
12139 4 2 4 30 660 245 2805 2875
12140 4 2 4 30 748 749 2776 2897
12141 4 2 4 30 1765 1769 2624 2674
12142 4 2 4 30 2638 2824 2649 2896
12143 4 2 4 30 87 88 72 418
12144 4 2 4 30 786 788 803 2759
12145 4 2 4 30 401 2764 402 2905
12146 4 2 4 30 2633 2707 2625 2763
12147 4 2 4 30 710 272 271 2792
12148 4 2 4 30 178 2647 2830 2918
12149 4 2 4 30 192 182 183 598
12150 4 2 4 30 218 635 636 2837
12151 4 2 4 30 201 602 202 2793
12152 4 2 4 30 2631 2701 2753 2904
12153 4 2 4 30 2639 2818 2720 2855
12154 4 2 4 30 2650 2795 2748 2852
12155 4 2 4 30 26 2693 2646 2884
12156 4 2 4 30 478 479 113 2826
12157 4 2 4 30 55 2717 1771 2785
12158 4 2 4 30 2829 2899 490 2908
12159 4 2 4 30 2718 2724 2726 2785
12160 4 2 4 30 84 100 85 2685
12161 4 2 4 30 474 456 112 2866
12162 4 2 4 30 784 764 770 2898
12163 4 2 4 30 392 2707 2633 2906
12164 4 2 4 30 293 294 2686 2797
12165 4 2 4 30 141 500 2845 2908
12166 4 2 4 30 343 809 344 2902
12167 4 2 4 30 2632 2854 2765 2859
12168 4 2 4 30 797 62 2764 2798
12169 4 2 4 30 395 2713 2748 2890
12170 4 2 4 30 395 2748 2713 2775
12171 4 2 4 30 2659 2776 2645 2788
12172 4 2 4 30 400 401 2748 2775
12173 4 2 4 30 339 806 338 2757
12174 4 2 4 30 650 665 658 2839
12175 4 2 4 30 571 182 181 2749
12176 4 2 4 30 2787 2808 2697 2877
12177 4 2 4 30 117 2707 468 2829
12178 4 2 4 30 2632 2859 2641 2883
12179 4 2 4 30 491 465 467 470
12180 4 2 4 30 745 750 734 2818
12181 4 2 4 30 72 73 87 418
12182 4 2 4 30 2659 2817 388 2889
12183 4 2 4 30 2645 2776 2659 2897
12184 4 2 4 30 29 215 2724 2838
12185 4 2 4 30 70 69 341 404
12186 4 2 4 30 415 2741 2713 2748
12187 4 2 4 30 383 2623 2717 2807
12188 4 2 4 30 734 2686 2745 2854
12189 4 2 4 30 2627 2743 2707 2816
12190 4 2 4 30 388 2628 2624 2645
12191 4 2 4 30 172 2894 2638 2895
12192 4 2 4 30 2801 2870 2637 2875
12193 4 2 4 30 575 589 590 594
12194 4 2 4 30 412 66 65 2716
12195 4 2 4 30 380 2661 2643 2869
12196 4 2 4 30 2695 2717 2684 2807
12197 4 2 4 30 346 345 808 2902
12198 4 2 4 30 2748 2764 2650 2852
12199 4 2 4 30 1759 1778 340 47
12200 4 2 4 30 784 783 788 786
12201 4 2 4 30 504 505 507 509
12202 4 2 4 30 800 799 804 802
12203 4 2 4 30 85 100 441 453
12204 4 2 4 30 2 2786 2737 2872
12205 4 2 4 30 2643 2674 2624 2702
12206 4 2 4 30 499 490 480 2899
12207 4 2 4 30 2661 382 2693 2876
12208 4 2 4 30 383 2717 1 2807
12209 4 2 4 30 761 309 308 2770
12210 4 2 4 30 1769 2737 1794 2872
12211 4 2 4 30 773 2897 2728 2898
12212 4 2 4 30 2623 2683 1782 2717
12213 4 2 4 30 326 312 311 2782
12214 4 2 4 30 310 309 761 2770
12215 4 2 4 30 387 384 2646 2676
12216 4 2 4 30 257 2727 2637 2791
12217 4 2 4 30 2635 2715 2666 2886
12218 4 2 4 30 2661 2693 2692 2876
12219 4 2 4 30 2741 2748 2631 2852
12220 4 2 4 30 86 433 87 2904
12221 4 2 4 30 270 2651 2791 2801
12222 4 2 4 30 803 324 781 796
12223 4 2 4 30 192 182 598 2749
12224 4 2 4 30 2772 2800 184 2895
12225 4 2 4 30 2663 2808 2623 2877
12226 4 2 4 30 234 643 226 648
12227 4 2 4 30 25 597 26 2646
12228 4 2 4 30 281 282 2745 2746
12229 4 2 4 30 2724 2839 2691 2840
12230 4 2 4 30 223 638 224 2888
12231 4 2 4 30 87 73 2754 2893
12232 4 2 4 30 380 391 2691 2880
12233 4 2 4 30 388 2645 2639 2855
12234 4 2 4 30 752 2802 772 2897
12235 4 2 4 30 2647 2843 2710 2896
12236 4 2 4 30 197 602 603 2793
12237 4 2 4 30 385 2785 2724 2863
12238 4 2 4 30 414 77 1743 2907
12239 4 2 4 30 499 2845 500 2899
12240 4 2 4 30 2710 2843 2647 2892
12241 4 2 4 30 786 803 800 2759
12242 4 2 4 30 333 332 792 2719
12243 4 2 4 30 2 381 57 2886
12244 4 2 4 30 2650 2764 2748 2905
12245 4 2 4 30 326 789 765 312
12246 4 2 4 30 336 807 335 2757
12247 4 2 4 30 2845 2896 2710 2915
12248 4 2 4 30 20 152 153 2806
12249 4 2 4 30 283 269 2790 2794
12250 4 2 4 30 611 612 209 592
12251 4 2 4 30 186 185 176 578
12252 4 2 4 30 448 2787 2816 2858
12253 4 2 4 30 777 318 317 2719
12254 4 2 4 30 625 623 30 2913
12255 4 2 4 30 2624 2643 380 2872
12256 4 2 4 30 1764 2644 2643 2727
12257 4 2 4 30 698 696 700 699
12258 4 2 4 30 2772 184 2846 2895
12259 4 2 4 30 159 548 158 2751
12260 4 2 4 30 176 185 186 2762
12261 4 2 4 30 2629 2764 2748 2852
12262 4 2 4 30 65 411 412 2716
12263 4 2 4 30 390 2626 2623 2663
12264 4 2 4 30 319 305 306 2900
12265 4 2 4 30 2639 2645 2818 2855
12266 4 2 4 30 397 2795 2748 2905
12267 4 2 4 30 635 218 219 2837
12268 4 2 4 30 433 2893 87 2904
12269 4 2 4 30 547 536 541 2729
12270 4 2 4 30 2624 2645 2628 2686
12271 4 2 4 30 196 203 591 608
12272 4 2 4 30 49 1778 377 2757
12273 4 2 4 30 1789 1771 2648 2785
12274 4 2 4 30 246 245 676 2767
12275 4 2 4 30 385 2676 2724 2785
12276 4 2 4 30 2628 2643 2624 2746
12277 4 2 4 30 701 699 2790 2801
12278 4 2 4 30 72 425 71 2820
12279 4 2 4 30 2 2737 379 2872
12280 4 2 4 30 2697 2829 2707 2906
12281 4 2 4 30 297 298 738 2736
12282 4 2 4 30 122 493 123 2703
12283 4 2 4 30 526 153 2845 2896
12284 4 2 4 30 227 29 2724 2839
12285 4 2 4 30 56 1794 2737 2872
12286 4 2 4 30 1782 2623 1786 2700
12287 4 2 4 30 746 752 747 2897
12288 4 2 4 30 693 262 261 2774
12289 4 2 4 30 140 514 513 2739
12290 4 2 4 30 2649 2824 527 2896
12291 4 2 4 30 172 2638 2750 2895
12292 4 2 4 30 126 485 125 2668
12293 4 2 4 30 374 2635 1754 2737
12294 4 2 4 30 788 789 781 2898
12295 4 2 4 30 750 745 734 754
12296 4 2 4 30 146 531 145 2849
12297 4 2 4 30 2624 2702 2674 2746
12298 4 2 4 30 700 702 272 698
12299 4 2 4 30 58 2852 2650 2889
12300 4 2 4 30 401 804 2764 2775
12301 4 2 4 30 434 2701 2858 2904
12302 4 2 4 30 380 2661 382 2872
12303 4 2 4 30 74 2754 73 2893
12304 4 2 4 30 419 399 408 2748
12305 4 2 4 30 477 109 110 2841
12306 4 2 4 30 295 743 296 2844
12307 4 2 4 30 74 425 73 2820
12308 4 2 4 30 217 216 207 2834
12309 4 2 4 30 385 2676 387 2724
12310 4 2 4 30 2693 2725 2692 2876
12311 4 2 4 30 1754 2625 1749 2655
12312 4 2 4 30 294 295 2746 2844
12313 4 2 4 30 112 97 456 451
12314 4 2 4 30 145 146 155 529
12315 4 2 4 30 294 2746 2745 2797
12316 4 2 4 30 2648 2680 1750 2785
12317 4 2 4 30 2686 2818 2645 2855
12318 4 2 4 30 245 675 676 2767
12319 4 2 4 30 606 604 208 623
12320 4 2 4 30 388 2659 2645 2817
12321 4 2 4 30 1769 2673 1766 2737
12322 4 2 4 30 1764 1763 2661 2872
12323 4 2 4 30 805 338 324 796
12324 4 2 4 30 154 140 500 2845
12325 4 2 4 30 404 341 50 802
12326 4 2 4 30 745 748 750 2818
12327 4 2 4 30 415 2713 2741 2827
12328 4 2 4 30 83 443 442 2917
12329 4 2 4 30 87 73 72 2917
12330 4 2 4 30 144 2735 2729 2828
12331 4 2 4 30 1787 1770 2674 2747
12332 4 2 4 30 800 2759 804 2775
12333 4 2 4 30 2627 2663 2816 2906
12334 4 2 4 30 179 180 586 2846
12335 4 2 4 30 1759 328 45 2783
12336 4 2 4 30 139 514 140 2739
12337 4 2 4 30 415 80 419 2890
12338 4 2 4 30 2663 2697 2808 2877
12339 4 2 4 30 2745 2746 282 2790
12340 4 2 4 30 278 2665 268 2670
12341 4 2 4 30 433 440 418 2893
12342 4 2 4 30 530 143 531 2849
12343 4 2 4 30 806 339 340 2757
12344 4 2 4 30 382 2661 2693 2786
12345 4 2 4 30 669 681 666 678
12346 4 2 4 30 135 2780 2679 2799
12347 4 2 4 30 86 85 2753 2917
12348 4 2 4 30 625 604 623 2838
12349 4 2 4 30 2628 2745 2686 2854
12350 4 2 4 30 26 2876 2693 2884
12351 4 2 4 30 45 328 327 2783
12352 4 2 4 30 680 682 672 250
12353 4 2 4 30 58 2631 390 2807
12354 4 2 4 30 153 152 532 2806
12355 4 2 4 30 30 2869 233 2888
12356 4 2 4 30 382 2661 380 2876
12357 4 2 4 30 183 191 192 598
12358 4 2 4 30 480 490 492 2899
12359 4 2 4 30 480 492 493 2899
12360 4 2 4 30 395 2748 399 2890
12361 4 2 4 30 2652 2733 2718 2769
12362 4 2 4 30 237 659 650 646
12363 4 2 4 30 395 396 2775 2873
12364 4 2 4 30 345 330 785 344
12365 4 2 4 30 450 448 2816 2858
12366 4 2 4 30 1750 1772 1751 2665
12367 4 2 4 30 461 473 474 2697
12368 4 2 4 30 696 685 700 2821
12369 4 2 4 30 58 2889 2650 2911
12370 4 2 4 30 604 28 27 2838
12371 4 2 4 30 116 2825 117 2829
12372 4 2 4 30 456 452 98 2866
12373 4 2 4 30 734 2818 2686 2854
12374 4 2 4 30 2630 2759 2764 2885
12375 4 2 4 30 57 2627 2666 2886
12376 4 2 4 30 382 2786 2693 2892
12377 4 2 4 30 131 2781 120 2836
12378 4 2 4 30 2666 2742 2741 2827
12379 4 2 4 30 91 106 450 429
12380 4 2 4 30 2636 2750 2723 2751
12381 4 2 4 30 2816 2858 2742 2864
12382 4 2 4 30 472 473 471 2816
12383 4 2 4 30 293 2686 307 2797
12384 4 2 4 30 1773 2622 378 2694
12385 4 2 4 30 344 2677 343 2901
12386 4 2 4 30 490 2899 499 2908
12387 4 2 4 30 2694 2717 2695 2911
12388 4 2 4 30 122 136 2703 2780
12389 4 2 4 30 74 416 2795 2893
12390 4 2 4 30 166 544 2647 2896
12391 4 2 4 30 2791 2792 2643 2794
12392 4 2 4 30 700 685 2779 2821
12393 4 2 4 30 2633 2710 392 2915
12394 4 2 4 30 75 74 421 2795
12395 4 2 4 30 1786 1741 1782 2685
12396 4 2 4 30 201 209 202 592
12397 4 2 4 30 734 2745 731 2854
12398 4 2 4 30 2650 2795 2809 2905
12399 4 2 4 30 546 2699 542 2824
12400 4 2 4 30 766 749 764 769
12401 4 2 4 30 393 382 2693 2892
12402 4 2 4 30 331 2634 2901 2902
12403 4 2 4 30 153 2696 2804 2806
12404 4 2 4 30 278 2861 2665 2862
12405 4 2 4 30 105 91 106 450
12406 4 2 4 30 154 2696 153 2806
12407 4 2 4 30 329 330 785 345
12408 4 2 4 30 338 805 324 2885
12409 4 2 4 30 208 623 604 2838
12410 4 2 4 30 83 84 9 437
12411 4 2 4 30 150 151 2712 2732
12412 4 2 4 30 473 112 474 456
12413 4 2 4 30 1770 2770 1761 2832
12414 4 2 4 30 397 408 401 2748
12415 4 2 4 30 2632 2641 2765 2883
12416 4 2 4 30 375 1755 374 2653
12417 4 2 4 30 1747 1753 1781 2723
12418 4 2 4 30 271 270 710 2792
12419 4 2 4 30 129 128 2763 2908
12420 4 2 4 30 324 805 781 2885
12421 4 2 4 30 121 2709 120 2781
12422 4 2 4 30 701 2790 2651 2801
12423 4 2 4 30 802 804 405 2775
12424 4 2 4 30 2705 2725 2693 2919
12425 4 2 4 30 26 579 25 2646
12426 4 2 4 30 546 2699 2638 2894
12427 4 2 4 30 381 2625 392 2886
12428 4 2 4 30 383 390 384 2626
12429 4 2 4 30 104 2743 117 2761
12430 4 2 4 30 1765 2674 2643 2702
12431 4 2 4 30 158 549 157 2751
12432 4 2 4 30 1763 1765 1769 2872
12433 4 2 4 30 2632 2765 2664 2883
12434 4 2 4 30 441 432 85 453
12435 4 2 4 30 773 772 2802 2897
12436 4 2 4 30 1783 2623 1782 2717
12437 4 2 4 30 313 2782 2728 2802
12438 4 2 4 30 390 57 2627 2852
12439 4 2 4 30 2629 2764 2852 2889
12440 4 2 4 30 401 400 405 2775
12441 4 2 4 30 2691 2839 2805 2840
12442 4 2 4 30 401 2748 2764 2905
12443 4 2 4 30 808 344 809 2902
12444 4 2 4 30 1775 2671 1761 2736
12445 4 2 4 30 117 468 116 2829
12446 4 2 4 30 2630 2764 2759 2889
12447 4 2 4 30 50 808 341 2777
12448 4 2 4 30 73 433 418 2893
12449 4 2 4 30 263 264 2711 2861
12450 4 2 4 30 1784 1786 2623 2708
12451 4 2 4 30 753 2776 2686 2818
12452 4 2 4 30 2763 2845 2633 2908
12453 4 2 4 30 2645 2776 2686 2887
12454 4 2 4 30 2659 2759 2677 2889
12455 4 2 4 30 2650 2798 2755 2911
12456 4 2 4 30 400 396 405 2775
12457 4 2 4 30 743 293 742 2903
12458 4 2 4 30 2630 2764 2798 2885
12459 4 2 4 30 113 479 114 2826
12460 4 2 4 30 75 2795 61 2809
12461 4 2 4 30 450 105 91 2864
12462 4 2 4 30 473 448 447 2787
12463 4 2 4 30 389 388 58 2639
12464 4 2 4 30 770 46 763 779
12465 4 2 4 30 55 1771 1789 2785
12466 4 2 4 30 1787 2674 2702 2747
12467 4 2 4 30 2641 2652 2840 2870
12468 4 2 4 30 2652 2734 2641 2766
12469 4 2 4 30 219 220 228 647
12470 4 2 4 30 2628 2645 388 2855
12471 4 2 4 30 31 2724 2652 2839
12472 4 2 4 30 287 301 2714 2910
12473 4 2 4 30 1763 1758 1768 2786
12474 4 2 4 30 749 766 44 769
12475 4 2 4 30 256 689 705 2821
12476 4 2 4 30 158 548 549 2751
12477 4 2 4 30 1755 1742 1745 2660
12478 4 2 4 30 2641 2734 2652 2870
12479 4 2 4 30 2741 2742 438 2827
12480 4 2 4 30 2693 2918 2804 2919
12481 4 2 4 30 133 143 17 2849
12482 4 2 4 30 73 418 416 2893
12483 4 2 4 30 177 568 178 2919
12484 4 2 4 30 1779 2758 2735 2781
12485 4 2 4 30 109 110 124 475
12486 4 2 4 30 289 2664 2853 2862
12487 4 2 4 30 2623 2683 2663 2877
12488 4 2 4 30 96 97 458 2778
12489 4 2 4 30 380 2643 2661 2872
12490 4 2 4 30 2638 2649 2843 2896
12491 4 2 4 30 650 665 670 658
12492 4 2 4 30 55 1790 1783 2717
12493 4 2 4 30 2686 2745 2628 2746
12494 4 2 4 30 805 2759 803 2885
12495 4 2 4 30 387 380 391 2691
12496 4 2 4 30 431 2742 92 2827
12497 4 2 4 30 134 2781 133 2849
12498 4 2 4 30 427 77 426 2867
12499 4 2 4 30 384 2626 390 2915
12500 4 2 4 30 313 312 2728 2782
12501 4 2 4 30 487 129 2829 2908
12502 4 2 4 30 138 514 139 2739
12503 4 2 4 30 1746 2772 1747 2773
12504 4 2 4 30 2679 2799 2636 2848
12505 4 2 4 30 566 21 167 2846
12506 4 2 4 30 387 2691 391 2724
12507 4 2 4 30 2643 2661 1764 2727
12508 4 2 4 30 2663 2787 2697 2877
12509 4 2 4 30 764 2776 749 2897
12510 4 2 4 30 378 2622 1771 2717
12511 4 2 4 30 773 2728 312 2898
12512 4 2 4 30 382 381 2 2786
12513 4 2 4 30 92 2742 430 2864
12514 4 2 4 30 221 638 222 2815
12515 4 2 4 30 1750 2665 1751 2711
12516 4 2 4 30 1770 2624 1769 2674
12517 4 2 4 30 2649 2750 2636 2848
12518 4 2 4 30 493 2697 2703 2899
12519 4 2 4 30 1763 1769 1794 2872
12520 4 2 4 30 1748 2672 1785 2732
12521 4 2 4 30 452 2701 99 2877
12522 4 2 4 30 191 192 601 2800
12523 4 2 4 30 104 2816 2743 2864
12524 4 2 4 30 158 167 534 546
12525 4 2 4 30 61 2755 60 2809
12526 4 2 4 30 1762 1780 1752 2718
12527 4 2 4 30 401 2764 2748 2775
12528 4 2 4 30 2630 2764 2650 2798
12529 4 2 4 30 197 603 198 2793
12530 4 2 4 30 2652 2766 2641 2883
12531 4 2 4 30 30 2876 221 2913
12532 4 2 4 30 118 103 104 2761
12533 4 2 4 30 63 64 335 407
12534 4 2 4 30 729 2745 281 2878
12535 4 2 4 30 288 2664 289 2681
12536 4 2 4 30 2693 2786 2655 2892
12537 4 2 4 30 677 679 663 244
12538 4 2 4 30 544 545 166 2647
12539 4 2 4 30 433 440 2893 2904
12540 4 2 4 30 176 555 557 564
12541 4 2 4 30 25 2676 2646 2895
12542 4 2 4 30 754 298 42 751
12543 4 2 4 30 178 2804 2647 2918
12544 4 2 4 30 793 330 329 2902
12545 4 2 4 30 215 216 208 628
12546 4 2 4 30 678 666 663 677
12547 4 2 4 30 2650 2755 2798 2809
12548 4 2 4 30 725 283 282 2803
12549 4 2 4 30 2630 2782 2728 2885
12550 4 2 4 30 382 2661 2786 2872
12551 4 2 4 30 2643 2637 2727 2791
12552 4 2 4 30 56 1758 1763 2786
12553 4 2 4 30 344 785 795 799
12554 4 2 4 30 380 2859 389 2880
12555 4 2 4 30 437 83 7 2847
12556 4 2 4 30 191 601 600 2800
12557 4 2 4 30 278 279 2665 2670
12558 4 2 4 30 809 2777 808 2902
12559 4 2 4 30 333 317 332 2719
12560 4 2 4 30 93 2827 92 2868
12561 4 2 4 30 1767 1757 2705 2786
12562 4 2 4 30 746 733 758 2720
12563 4 2 4 30 770 45 780 765
12564 4 2 4 30 2626 2679 2636 2780
12565 4 2 4 30 391 2840 2641 2863
12566 4 2 4 30 2637 2801 2651 2880
12567 4 2 4 30 1768 1767 2692 2786
12568 4 2 4 30 27 2676 196 2722
12569 4 2 4 30 150 533 151 2806
12570 4 2 4 30 26 594 25 579
12571 4 2 4 30 326 325 2728 2782
12572 4 2 4 30 2632 2720 2714 2853
12573 4 2 4 30 2626 2697 2663 2906
12574 4 2 4 30 190 24 580 2830
12575 4 2 4 30 409 62 63 2756
12576 4 2 4 30 515 529 517 2729
12577 4 2 4 30 2701 2787 452 2858
12578 4 2 4 30 62 336 797 406
12579 4 2 4 30 2745 2854 711 2878
12580 4 2 4 30 128 487 142 2908
12581 4 2 4 30 93 79 78 413
12582 4 2 4 30 57 392 2627 2886
12583 4 2 4 30 1743 414 8 77
12584 4 2 4 30 148 147 2848 2849
12585 4 2 4 30 328 780 45 327
12586 4 2 4 30 2628 2686 2645 2855
12587 4 2 4 30 421 397 61 2795
12588 4 2 4 30 83 9 84 2685
12589 4 2 4 30 686 2734 2801 2870
12590 4 2 4 30 595 594 589 2749
12591 4 2 4 30 281 282 2746 2803
12592 4 2 4 30 80 415 79 2827
12593 4 2 4 30 616 203 617 2865
12594 4 2 4 30 1756 2655 1749 2696
12595 4 2 4 30 500 499 2899 2908
12596 4 2 4 30 190 2918 2725 2919
12597 4 2 4 30 785 786 329 795
12598 4 2 4 30 296 297 286 2747
12599 4 2 4 30 707 263 2711 2861
12600 4 2 4 30 2728 2897 2659 2898
12601 4 2 4 30 337 338 2810 2885
12602 4 2 4 30 447 2787 448 2858
12603 4 2 4 30 29 220 227 2837
12604 4 2 4 30 414 439 8 413
12605 4 2 4 30 303 302 41 2910
12606 4 2 4 30 2765 2766 2664 2883
12607 4 2 4 30 452 2787 98 2866
12608 4 2 4 30 309 42 298 751
12609 4 2 4 30 93 431 415 413
12610 4 2 4 30 445 444 92 2912
12611 4 2 4 30 1758 56 1754 2786
12612 4 2 4 30 253 254 692 2842
12613 4 2 4 30 2627 2741 2666 2742
12614 4 2 4 30 2664 2714 288 2853
12615 4 2 4 30 1784 2623 2679 2780
12616 4 2 4 30 72 2820 71 2917
12617 4 2 4 30 135 2799 2679 2849
12618 4 2 4 30 2689 2779 1788 2811
12619 4 2 4 30 787 765 789 2898
12620 4 2 4 30 238 247 659 237
12621 4 2 4 30 123 2780 2703 2808
12622 4 2 4 30 2663 2787 2701 2858
12623 4 2 4 30 596 607 591 599
12624 4 2 4 30 399 2748 419 2890
12625 4 2 4 30 1752 2718 2680 2733
12626 4 2 4 30 378 2695 2694 2717
12627 4 2 4 30 472 448 473 2816
12628 4 2 4 30 384 393 2843 2915
12629 4 2 4 30 2666 2741 2713 2827
12630 4 2 4 30 731 2745 729 2878
12631 4 2 4 30 308 2770 293 2797
12632 4 2 4 30 227 647 29 2839
12633 4 2 4 30 86 2754 2753 2904
12634 4 2 4 30 2622 2639 2694 2714
12635 4 2 4 30 29 623 2838 2913
12636 4 2 4 30 227 228 2769 2837
12637 4 2 4 30 333 46 334 779
12638 4 2 4 30 298 42 309 2903
12639 4 2 4 30 447 452 2787 2858
12640 4 2 4 30 317 318 332 2719
12641 4 2 4 30 67 2831 2713 2857
12642 4 2 4 30 1756 1737 2705 2823
12643 4 2 4 30 445 92 91 2912
12644 4 2 4 30 98 2700 2866 2877
12645 4 2 4 30 170 169 2789 2846
12646 4 2 4 30 483 484 482 2771
12647 4 2 4 30 25 184 191 2800
12648 4 2 4 30 2683 2753 2701 2877
12649 4 2 4 30 637 224 638 2888
12650 4 2 4 30 241 231 2678 2769
12651 4 2 4 30 1762 2682 1740 2687
12652 4 2 4 30 1742 113 1745 2826
12653 4 2 4 30 450 91 430 2864
12654 4 2 4 30 2632 2664 2714 2883
12655 4 2 4 30 176 557 578 564
12656 4 2 4 30 409 63 64 2756
12657 4 2 4 30 62 2764 2798 2905
12658 4 2 4 30 683 2801 2637 2875
12659 4 2 4 30 319 320 305 2900
12660 4 2 4 30 594 593 596 595
12661 4 2 4 30 162 540 161 2712
12662 4 2 4 30 224 2669 223 2721
12663 4 2 4 30 1759 45 316 2740
12664 4 2 4 30 218 217 2687 2834
12665 4 2 4 30 134 133 17 2849
12666 4 2 4 30 665 31 239 2839
12667 4 2 4 30 2629 2775 2764 2889
12668 4 2 4 30 652 651 232 664
12669 4 2 4 30 1755 2667 2653 2912
12670 4 2 4 30 210 209 201 611
12671 4 2 4 30 493 2697 124 2808
12672 4 2 4 30 132 133 512 2781
12673 4 2 4 30 2636 2676 1781 2723
12674 4 2 4 30 320 764 319 749
12675 4 2 4 30 1779 1744 1786 2709
12676 4 2 4 30 193 598 595 2749
12677 4 2 4 30 1772 2648 2622 2664
12678 4 2 4 30 276 277 723 2862
12679 4 2 4 30 154 153 532 2806
12680 4 2 4 30 1767 2705 1737 2762
12681 4 2 4 30 776 777 2719 2900
12682 4 2 4 30 1741 7 71 2917
12683 4 2 4 30 1754 1757 1758 2786
12684 4 2 4 30 333 334 46 2719
12685 4 2 4 30 3 377 59 2756
12686 4 2 4 30 2623 2808 2708 2877
12687 4 2 4 30 2710 2896 2843 2915
12688 4 2 4 30 388 2639 389 2855
12689 4 2 4 30 2661 2869 2691 2876
12690 4 2 4 30 343 342 2777 2873
12691 4 2 4 30 221 2815 214 2876
12692 4 2 4 30 330 331 2901 2902
12693 4 2 4 30 585 2772 184 2846
12694 4 2 4 30 188 587 189 2762
12695 4 2 4 30 379 388 2624 2817
12696 4 2 4 30 1784 2623 2636 2679
12697 4 2 4 30 190 2693 26 2725
12698 4 2 4 30 278 277 37 2861
12699 4 2 4 30 753 748 306 2776
12700 4 2 4 30 117 454 472 2816
12701 4 2 4 30 2626 2663 390 2906
12702 4 2 4 30 150 2712 2672 2732
12703 4 2 4 30 2626 2906 390 2915
12704 4 2 4 30 544 527 2824 2896
12705 4 2 4 30 432 434 86 2904
12706 4 2 4 30 49 50 798 376
12707 4 2 4 30 2628 2651 2790 2859
12708 4 2 4 30 2759 2764 804 2775
12709 4 2 4 30 747 2818 746 2897
12710 4 2 4 30 241 2678 242 2769
12711 4 2 4 30 521 525 543 540
12712 4 2 4 30 88 422 418 440
12713 4 2 4 30 2742 2816 2627 2858
12714 4 2 4 30 691 255 256 2842
12715 4 2 4 30 473 447 456 2866
12716 4 2 4 30 90 91 106 2912
12717 4 2 4 30 287 758 733 2720
12718 4 2 4 30 184 2772 183 2800
12719 4 2 4 30 804 803 805 2759
12720 4 2 4 30 164 173 545 539
12721 4 2 4 30 2631 2893 2741 2904
12722 4 2 4 30 80 79 427 2867
12723 4 2 4 30 576 583 578 2738
12724 4 2 4 30 115 116 130 2826
12725 4 2 4 30 56 1763 1794 2872
12726 4 2 4 30 2624 2686 2628 2797
12727 4 2 4 30 187 578 186 2738
12728 4 2 4 30 444 93 92 2912
12729 4 2 4 30 319 2887 318 2900
12730 4 2 4 30 1776 727 726 2882
12731 4 2 4 30 155 146 145 2828
12732 4 2 4 30 590 189 198 573
12733 4 2 4 30 2677 2788 2634 2901
12734 4 2 4 30 295 730 294 2745
12735 4 2 4 30 497 498 125 2768
12736 4 2 4 30 245 2805 2637 2869
12737 4 2 4 30 2684 2754 2755 2807
12738 4 2 4 30 286 715 285 2784
12739 4 2 4 30 773 312 765 2898
12740 4 2 4 30 251 35 2766 2842
12741 4 2 4 30 387 385 384 2676
12742 4 2 4 30 1766 2634 2673 2719
12743 4 2 4 30 1754 1749 1757 2655
12744 4 2 4 30 580 590 26 579
12745 4 2 4 30 1784 2636 1781 2679
12746 4 2 4 30 1747 1780 2722 2785
12747 4 2 4 30 392 2710 2892 2915
12748 4 2 4 30 1742 2660 1755 2835
12749 4 2 4 30 2626 2703 2697 2899
12750 4 2 4 30 677 244 663 2879
12751 4 2 4 30 1770 1765 1787 2674
12752 4 2 4 30 281 2746 295 2844
12753 4 2 4 30 327 326 780 311
12754 4 2 4 30 311 326 765 312
12755 4 2 4 30 92 2827 2666 2868
12756 4 2 4 30 2776 2797 2686 2887
12757 4 2 4 30 749 748 747 2897
12758 4 2 4 30 57 2629 2852 2889
12759 4 2 4 30 82 66 81 2867
12760 4 2 4 30 229 633 219 647
12761 4 2 4 30 2776 2818 748 2897
12762 4 2 4 30 2676 2800 2772 2895
12763 4 2 4 30 272 2779 2774 2851
12764 4 2 4 30 286 2747 297 2784
12765 4 2 4 30 220 635 219 2837
12766 4 2 4 30 104 117 118 2761
12767 4 2 4 30 64 49 407 376
12768 4 2 4 30 79 93 415 413
12769 4 2 4 30 770 764 773 2898
12770 4 2 4 30 92 2827 2742 2864
12771 4 2 4 30 87 72 88 2917
12772 4 2 4 30 2845 2899 2633 2908
12773 4 2 4 30 170 179 171 2846
12774 4 2 4 30 111 2700 112 2730
12775 4 2 4 30 2818 2854 2720 2855
12776 4 2 4 30 543 525 516 515
12777 4 2 4 30 453 449 434 2858
12778 4 2 4 30 299 747 752 772
12779 4 2 4 30 137 514 138 2739
12780 4 2 4 30 305 2770 762 2900
12781 4 2 4 30 177 178 2918 2919
12782 4 2 4 30 407 335 63 406
12783 4 2 4 30 2707 2763 2633 2908
12784 4 2 4 30 512 511 131 2781
12785 4 2 4 30 270 2791 269 2792
12786 4 2 4 30 2650 2755 2754 2807
12787 4 2 4 30 730 295 731 2745
12788 4 2 4 30 217 634 218 2687
12789 4 2 4 30 75 60 61 421
12790 4 2 4 30 167 2751 168 2846
12791 4 2 4 30 265 264 35 2711
12792 4 2 4 30 272 2774 262 2792
12793 4 2 4 30 315 774 314 2740
12794 4 2 4 30 589 593 595 1738
12795 4 2 4 30 1780 1762 1747 2722
12796 4 2 4 30 311 327 326 2783
12797 4 2 4 30 170 180 179 2846
12798 4 2 4 30 74 2809 2754 2893
12799 4 2 4 30 1768 1764 1763 2661
12800 4 2 4 30 92 2868 2864 2912
12801 4 2 4 30 1786 1741 2685 2778
12802 4 2 4 30 1763 1764 1765 2643
12803 4 2 4 30 794 782 47 796
12804 4 2 4 30 2684 2683 2754 2807
12805 4 2 4 30 780 765 787 770
12806 4 2 4 30 2742 2827 2666 2864
12807 4 2 4 30 75 74 2795 2809
12808 4 2 4 30 668 651 664 670
12809 4 2 4 30 3 4 376 403
12810 4 2 4 30 2734 2765 2641 2766
12811 4 2 4 30 2645 2818 2776 2897
12812 4 2 4 30 514 137 513 2739
12813 4 2 4 30 392 390 2627 2906
12814 4 2 4 30 533 149 532 2806
12815 4 2 4 30 1759 768 322 2856
12816 4 2 4 30 2661 1764 2727 2767
12817 4 2 4 30 88 71 7 2917
12818 4 2 4 30 336 62 63 406
12819 4 2 4 30 2724 2838 2691 2839
12820 4 2 4 30 1782 1783 1784 2623
12821 4 2 4 30 461 475 110 474
12822 4 2 4 30 302 744 758 757
12823 4 2 4 30 146 515 529 528
12824 4 2 4 30 480 122 493 494
12825 4 2 4 30 2691 2724 387 2838
12826 4 2 4 30 21 566 172 2846
12827 4 2 4 30 390 2663 2627 2906
12828 4 2 4 30 2722 2726 2676 2785
12829 4 2 4 30 484 126 489 2881
12830 4 2 4 30 162 2731 551 2914
12831 4 2 4 30 314 774 775 2740
12832 4 2 4 30 730 731 734 2745
12833 4 2 4 30 388 2645 2624 2817
12834 4 2 4 30 279 280 2862 2871
12835 4 2 4 30 1741 1786 2640 2778
12836 4 2 4 30 776 322 321 2832
12837 4 2 4 30 2838 2876 2691 2913
12838 4 2 4 30 119 108 1744 2730
12839 4 2 4 30 345 344 808 2902
12840 4 2 4 30 483 482 484 481
12841 4 2 4 30 463 464 462 465
12842 4 2 4 30 519 516 518 517
12843 4 2 4 30 1750 1789 2648 2785
12844 4 2 4 30 191 572 594 598
12845 4 2 4 30 2745 2746 2686 2797
12846 4 2 4 30 397 402 61 2905
12847 4 2 4 30 2682 2687 1762 2834
12848 4 2 4 30 32 650 2805 2839
12849 4 2 4 30 611 201 200 592
12850 4 2 4 30 113 114 1745 2826
12851 4 2 4 30 273 702 272 2779
12852 4 2 4 30 57 392 390 2627
12853 4 2 4 30 150 519 520 2672
12854 4 2 4 30 198 2688 188 2793
12855 4 2 4 30 92 430 91 2864
12856 4 2 4 30 24 2830 190 2918
12857 4 2 4 30 1768 1757 1767 2786
12858 4 2 4 30 146 155 19 2849
12859 4 2 4 30 32 656 233 2706
12860 4 2 4 30 2652 2641 2863 2883
12861 4 2 4 30 2811 2812 1791 2833
12862 4 2 4 30 103 118 454 455
12863 4 2 4 30 1774 1768 1767 2692
12864 4 2 4 30 1784 1786 2708 2709
12865 4 2 4 30 2725 2814 2692 2876
12866 4 2 4 30 495 2709 122 2780
12867 4 2 4 30 2696 2710 2655 2763
12868 4 2 4 30 216 207 208 628
12869 4 2 4 30 2647 2804 2710 2892
12870 4 2 4 30 1788 2779 273 2851
12871 4 2 4 30 120 488 131 2836
12872 4 2 4 30 172 2750 2846 2895
12873 4 2 4 30 338 339 324 796
12874 4 2 4 30 715 714 713 2874
12875 4 2 4 30 2843 2896 2649 2915
12876 4 2 4 30 2683 2717 2623 2807
12877 4 2 4 30 346 48 329 2902
12878 4 2 4 30 301 302 287 758
12879 4 2 4 30 333 317 763 332
12880 4 2 4 30 1765 2643 1764 2644
12881 4 2 4 30 258 2774 694 2812
12882 4 2 4 30 608 612 597 2884
12883 4 2 4 30 225 234 235 2888
12884 4 2 4 30 578 583 185 564
12885 4 2 4 30 122 2709 121 2780
12886 4 2 4 30 47 1778 340 2757
12887 4 2 4 30 288 733 732 2720
12888 4 2 4 30 144 143 2735 2758
12889 4 2 4 30 295 294 743 2844
12890 4 2 4 30 313 300 299 2909
12891 4 2 4 30 2625 2743 2707 2886
12892 4 2 4 30 2743 2816 2742 2864
12893 4 2 4 30 804 800 803 2759
12894 4 2 4 30 95 96 458 2778
12895 4 2 4 30 2693 2655 2804 2892
12896 4 2 4 30 2648 2664 1772 2665
12897 4 2 4 30 388 2855 389 2859
12898 4 2 4 30 287 41 302 2910
12899 4 2 4 30 632 220 633 647
12900 4 2 4 30 2641 2859 389 2883
12901 4 2 4 30 1770 2673 2624 2674
12902 4 2 4 30 86 2753 2701 2904
12903 4 2 4 30 698 696 687 700
12904 4 2 4 30 802 799 804 2775
12905 4 2 4 30 2623 2626 2708 2808
12906 4 2 4 30 418 73 87 433
12907 4 2 4 30 180 2789 2772 2846
12908 4 2 4 30 1780 1781 1790 2785
12909 4 2 4 30 2691 2839 2838 2913
12910 4 2 4 30 2683 2684 1782 2717
12911 4 2 4 30 457 95 458 2778
12912 4 2 4 30 1773 1771 378 2622
12913 4 2 4 30 526 153 154 2845
12914 4 2 4 30 738 286 297 2784
12915 4 2 4 30 342 341 69 801
12916 4 2 4 30 518 2672 519 2712
12917 4 2 4 30 231 230 2678 2769
12918 4 2 4 30 326 2728 312 2782
12919 4 2 4 30 585 184 23 2846
12920 4 2 4 30 418 87 88 433
12921 4 2 4 30 420 408 417 419
12922 4 2 4 30 1755 2653 1743 2912
12923 4 2 4 30 581 181 180 2789
12924 4 2 4 30 2641 2840 2652 2863
12925 4 2 4 30 26 197 190 2725
12926 4 2 4 30 493 492 2697 2899
12927 4 2 4 30 2775 2831 2713 2873
12928 4 2 4 30 2691 2876 2869 2913
12929 4 2 4 30 707 37 263 2861
12930 4 2 4 30 745 744 733 754
12931 4 2 4 30 74 416 421 2795
12932 4 2 4 30 1762 2773 2722 2865
12933 4 2 4 30 732 2720 733 2854
12934 4 2 4 30 452 98 2787 2877
12935 4 2 4 30 284 2803 285 2851
12936 4 2 4 30 289 288 732 2853
12937 4 2 4 30 422 72 88 418
12938 4 2 4 30 1752 2733 2689 2813
12939 4 2 4 30 1756 2696 1748 2806
12940 4 2 4 30 2 379 380 2872
12941 4 2 4 30 26 594 579 590
12942 4 2 4 30 1739 1737 2688 2762
12943 4 2 4 30 324 325 791 2783
12944 4 2 4 30 200 602 201 2793
12945 4 2 4 30 448 472 454 2816
12946 4 2 4 30 2631 2753 2683 2754
12947 4 2 4 30 255 691 254 2842
12948 4 2 4 30 117 478 118 2826
12949 4 2 4 30 125 498 126 2768
12950 4 2 4 30 2645 2788 2776 2887
12951 4 2 4 30 74 2795 2809 2893
12952 4 2 4 30 57 2817 2629 2889
12953 4 2 4 30 393 392 2892 2915
12954 4 2 4 30 2677 2831 2775 2873
12955 4 2 4 30 267 266 2821 2822
12956 4 2 4 30 1784 2679 2709 2780
12957 4 2 4 30 1759 322 46 1760
12958 4 2 4 30 136 135 2780 2781
12959 4 2 4 30 774 311 775 2740
12960 4 2 4 30 2743 2864 2666 2868
12961 4 2 4 30 2645 2686 2624 2887
12962 4 2 4 30 581 2675 181 2789
12963 4 2 4 30 1777 2735 132 2781
12964 4 2 4 30 2633 2845 2710 2915
12965 4 2 4 30 391 2641 389 2863
12966 4 2 4 30 380 388 389 2859
12967 4 2 4 30 332 317 763 318
12968 4 2 4 30 1754 1755 2625 2635
12969 4 2 4 30 518 2712 517 2729
12970 4 2 4 30 588 185 587 2762
12971 4 2 4 30 150 2672 149 2806
12972 4 2 4 30 2641 2766 2765 2883
12973 4 2 4 30 473 474 2697 2787
12974 4 2 4 30 664 651 31 670
12975 4 2 4 30 1769 2624 1770 2673
12976 4 2 4 30 607 204 591 599
12977 4 2 4 30 189 2725 197 2793
12978 4 2 4 30 73 416 74 2893
12979 4 2 4 30 2713 2748 2629 2775
12980 4 2 4 30 1784 1783 1781 2636
12981 4 2 4 30 1791 2644 2774 2851
12982 4 2 4 30 648 235 645 2916
12983 4 2 4 30 23 2846 184 2895
12984 4 2 4 30 41 744 757 756
12985 4 2 4 30 19 515 528 527
12986 4 2 4 30 2692 2814 2815 2876
12987 4 2 4 30 226 30 233 2888
12988 4 2 4 30 2682 218 2834 2837
12989 4 2 4 30 468 467 130 2829
12990 4 2 4 30 34 258 259 2812
12991 4 2 4 30 149 533 150 2806
12992 4 2 4 30 691 692 254 2842
12993 4 2 4 30 2629 2677 2634 2831
12994 4 2 4 30 474 473 456 2866
12995 4 2 4 30 1750 2718 1780 2785
12996 4 2 4 30 2724 2726 29 2837
12997 4 2 4 30 323 791 790 2783
12998 4 2 4 30 1749 2655 2625 2696
12999 4 2 4 30 397 61 2795 2905
13000 4 2 4 30 100 85 2685 2753
13001 4 2 4 30 73 425 72 2820
13002 4 2 4 30 1784 1786 1782 2623
13003 4 2 4 30 2713 2748 2741 2852
13004 4 2 4 30 165 545 22 2647
13005 4 2 4 30 2714 2802 2639 2909
13006 4 2 4 30 80 2857 2827 2868
13007 4 2 4 30 2650 2755 2807 2911
13008 4 2 4 30 432 86 434 433
13009 4 2 4 30 404 69 341 801
13010 4 2 4 30 1747 1746 2723 2772
13011 4 2 4 30 2854 2855 2628 2859
13012 4 2 4 30 2634 2677 2629 2817
13013 4 2 4 30 223 224 2721 2888
13014 4 2 4 30 2707 2825 2763 2908
13015 4 2 4 30 1771 2622 1772 2648
13016 4 2 4 30 161 152 20 2732
13017 4 2 4 30 34 658 665 2875
13018 4 2 4 30 374 375 2635 2715
13019 4 2 4 30 165 2731 166 2804
13020 4 2 4 30 516 517 519 2712
13021 4 2 4 30 2633 2899 2829 2908
13022 4 2 4 30 93 431 92 2827
13023 4 2 4 30 433 88 418 440
13024 4 2 4 30 2799 2848 2679 2849
13025 4 2 4 30 159 21 546 2638
13026 4 2 4 30 735 732 733 2854
13027 4 2 4 30 2684 2755 2695 2807
13028 4 2 4 30 747 752 772 2897
13029 4 2 4 30 660 2805 658 2875
13030 4 2 4 30 757 292 41 756
13031 4 2 4 30 612 593 614 596
13032 4 2 4 30 140 2696 154 2806
13033 4 2 4 30 69 396 68 2873
13034 4 2 4 30 117 2743 2707 2761
13035 4 2 4 30 58 390 383 2807
13036 4 2 4 30 756 726 41 754
13037 4 2 4 30 720 281 2745 2878
13038 4 2 4 30 198 603 199 2793
13039 4 2 4 30 70 50 376 404
13040 4 2 4 30 578 185 176 564
13041 4 2 4 30 337 2810 2798 2885
13042 4 2 4 30 2632 389 2859 2883
13043 4 2 4 30 2692 2815 2661 2876
13044 4 2 4 30 530 531 146 2849
13045 4 2 4 30 490 2829 491 2899
13046 4 2 4 30 644 631 642 2913
13047 4 2 4 30 2645 2659 2788 2817
13048 4 2 4 30 2648 2652 2863 2883
13049 4 2 4 30 2869 2876 30 2913
13050 4 2 4 30 477 476 2730 2841
13051 4 2 4 30 746 733 2720 2818
13052 4 2 4 30 1765 1787 2674 2702
13053 4 2 4 30 272 271 262 698
13054 4 2 4 30 709 274 273 2851
13055 4 2 4 30 380 389 391 2880
13056 4 2 4 30 664 652 651 668
13057 4 2 4 30 1773 2694 378 2695
13058 4 2 4 30 2677 2788 2659 2817
13059 4 2 4 30 2661 2727 2643 2869
13060 4 2 4 30 1739 2669 2752 2760
13061 4 2 4 30 214 222 213 2815
13062 4 2 4 30 786 795 799 800
13063 4 2 4 30 2661 2706 1764 2767
13064 4 2 4 30 798 407 376 403
13065 4 2 4 30 2790 2791 2746 2794
13066 4 2 4 30 778 48 47 1759
13067 4 2 4 30 414 77 6 413
13068 4 2 4 30 2629 2817 2677 2889
13069 4 2 4 30 255 254 689 2689
13070 4 2 4 30 681 686 683 666
13071 4 2 4 30 303 292 41 757
13072 4 2 4 30 600 195 196 2865
13073 4 2 4 30 616 207 2726 2834
13074 4 2 4 30 1755 2635 374 2653
13075 4 2 4 30 541 536 2662 2729
13076 4 2 4 30 288 287 733 2720
13077 4 2 4 30 106 450 429 428
13078 4 2 4 30 1779 2679 1784 2758
13079 4 2 4 30 42 726 298 754
13080 4 2 4 30 685 2689 678 2811
13081 4 2 4 30 315 316 774 2740
13082 4 2 4 30 188 588 587 2762
13083 4 2 4 30 1750 2648 2665 2711
13084 4 2 4 30 229 2682 230 2769
13085 4 2 4 30 195 196 203 591
13086 4 2 4 30 1747 1781 1780 2785
13087 4 2 4 30 586 2772 585 2846
13088 4 2 4 30 550 161 20 2731
13089 4 2 4 30 545 538 554 553
13090 4 2 4 30 2625 2763 2707 2825
13091 4 2 4 30 2662 2729 1785 2828
13092 4 2 4 30 465 491 467 462
13093 4 2 4 30 770 45 778 780
13094 4 2 4 30 224 2704 2721 2888
13095 4 2 4 30 2753 2754 2631 2904
13096 4 2 4 30 398 421 76 420
13097 4 2 4 30 234 643 644 226
13098 4 2 4 30 2717 2807 2695 2911
13099 4 2 4 30 610 624 605 604
13100 4 2 4 30 2693 2892 2804 2918
13101 4 2 4 30 308 307 2770 2797
13102 4 2 4 30 477 2730 108 2841
13103 4 2 4 30 200 589 593 592
13104 4 2 4 30 185 588 186 2762
13105 4 2 4 30 749 747 764 2897
13106 4 2 4 30 2684 2695 378 2717
13107 4 2 4 30 374 1754 56 2737
13108 4 2 4 30 2746 2791 2643 2794
13109 4 2 4 30 2707 2829 2825 2908
13110 4 2 4 30 776 46 322 2719
13111 4 2 4 30 2708 2808 123 2841
13112 4 2 4 30 284 724 285 2803
13113 4 2 4 30 247 659 660 238
13114 4 2 4 30 711 720 2745 2878
13115 4 2 4 30 155 146 2828 2849
13116 4 2 4 30 191 184 25 572
13117 4 2 4 30 183 2772 182 2800
13118 4 2 4 30 2713 2629 2748 2852
13119 4 2 4 30 282 2790 2746 2794
13120 4 2 4 30 1765 1770 1769 2674
13121 4 2 4 30 2665 2861 2664 2862
13122 4 2 4 30 78 94 93 413
13123 4 2 4 30 1775 1759 316 2740
13124 4 2 4 30 297 2736 738 2784
13125 4 2 4 30 229 2769 228 2837
13126 4 2 4 30 57 381 392 2886
13127 4 2 4 30 2647 2804 2892 2918
13128 4 2 4 30 521 524 540 2712
13129 4 2 4 30 187 2738 186 2762
13130 4 2 4 30 81 66 394 2890
13131 4 2 4 30 130 116 468 2829
13132 4 2 4 30 57 2852 58 2889
13133 4 2 4 30 1756 1749 1748 2696
13134 4 2 4 30 2652 2840 2724 2863
13135 4 2 4 30 213 222 214 605
13136 4 2 4 30 56 1794 374 2737
13137 4 2 4 30 1757 1768 1758 2786
13138 4 2 4 30 67 394 66 2890
13139 4 2 4 30 227 2769 2718 2837
13140 4 2 4 30 616 208 27 2726
13141 4 2 4 30 2632 2714 2664 2853
13142 4 2 4 30 2632 2720 2853 2854
13143 4 2 4 30 525 527 544 2896
13144 4 2 4 30 590 580 573 575
13145 4 2 4 30 2636 2679 2623 2780
13146 4 2 4 30 18 140 154 2806
13147 4 2 4 30 391 2724 2840 2863
13148 4 2 4 30 490 491 492 2899
13149 4 2 4 30 86 442 443 2917
13150 4 2 4 30 198 197 189 590
13151 4 2 4 30 2691 2869 2805 2913
13152 4 2 4 30 182 571 598 2749
13153 4 2 4 30 195 203 196 2865
13154 4 2 4 30 2623 2708 2626 2780
13155 4 2 4 30 2655 2710 2696 2804
13156 4 2 4 30 2645 2624 2817 2887
13157 4 2 4 30 602 200 603 2793
13158 4 2 4 30 1750 1751 1752 2680
13159 4 2 4 30 342 801 69 2873
13160 4 2 4 30 2634 2788 2677 2817
13161 4 2 4 30 605 213 222 629
13162 4 2 4 30 151 540 524 2712
13163 4 2 4 30 482 488 483 2836
13164 4 2 4 30 459 106 105 2835
13165 4 2 4 30 225 648 235 234
13166 4 2 4 30 112 456 97 2866
13167 4 2 4 30 259 250 34 2812
13168 4 2 4 30 324 791 323 2783
13169 4 2 4 30 129 2825 2829 2908
13170 4 2 4 30 5 424 76 2820
13171 4 2 4 30 2700 2708 1786 2730
13172 4 2 4 30 55 1789 1790 2785
13173 4 2 4 30 21 172 2638 2750
13174 4 2 4 30 117 2761 2707 2825
13175 4 2 4 30 19 548 160 2848
13176 4 2 4 30 221 214 222 625
13177 4 2 4 30 2686 2797 2624 2887
13178 4 2 4 30 2673 2719 2634 2887
13179 4 2 4 30 159 21 2638 2750
13180 4 2 4 30 1740 2698 1792 2704
13181 4 2 4 30 649 662 650 651
13182 4 2 4 30 24 579 580 2830
13183 4 2 4 30 795 48 329 346
13184 4 2 4 30 1756 1757 1749 2655
13185 4 2 4 30 132 2735 133 2781
13186 4 2 4 30 641 640 639 2682
13187 4 2 4 30 1757 2655 1756 2705
13188 4 2 4 30 293 308 42 2770
13189 4 2 4 30 1762 2682 2834 2837
13190 4 2 4 30 452 2787 2701 2877
13191 4 2 4 30 460 103 102 2835
13192 4 2 4 30 1744 1786 2709 2730
13193 4 2 4 30 2626 2899 2906 2915
13194 4 2 4 30 2694 2639 2782 2909
13195 4 2 4 30 459 105 104 2835
13196 4 2 4 30 318 2719 777 2900
13197 4 2 4 30 2634 2719 331 2887
13198 4 2 4 30 2625 2707 2743 2825
13199 4 2 4 30 390 58 57 2852
13200 4 2 4 30 161 540 151 2712
13201 4 2 4 30 199 2688 198 2793
13202 4 2 4 30 222 214 221 2815
13203 4 2 4 30 2709 2780 2679 2781
13204 4 2 4 30 253 244 677 2879
13205 4 2 4 30 168 2751 1746 2846
13206 4 2 4 30 2723 2772 1746 2846
13207 4 2 4 30 124 123 2808 2841
13208 4 2 4 30 124 110 109 2841
13209 4 2 4 30 1789 1771 1750 2648
13210 4 2 4 30 2742 2743 2627 2816
13211 4 2 4 30 25 2800 2676 2895
13212 4 2 4 30 2677 2817 2659 2889
13213 4 2 4 30 5 420 6 2907
13214 4 2 4 30 2625 2635 2743 2886
13215 4 2 4 30 785 786 795 799
13216 4 2 4 30 526 527 525 2896
13217 4 2 4 30 2686 2746 2628 2797
13218 4 2 4 30 1776 727 292 2736
13219 4 2 4 30 385 387 391 2724
13220 4 2 4 30 116 479 478 2826
13221 4 2 4 30 2650 2630 2798 2911
13222 4 2 4 30 222 624 605 629
13223 4 2 4 30 313 775 312 2740
13224 4 2 4 30 572 183 182 598
13225 4 2 4 30 1739 1767 2762 2793
13226 4 2 4 30 1760 375 1766 2656
13227 4 2 4 30 2650 2807 58 2911
13228 4 2 4 30 2677 2831 2873 2901
13229 4 2 4 30 311 312 775 2740
13230 4 2 4 30 257 2727 2791 2792
13231 4 2 4 30 640 2682 632 2916
13232 4 2 4 30 2664 2861 2853 2862
13233 4 2 4 30 217 2834 218 2837
13234 4 2 4 30 293 2844 2797 2903
13235 4 2 4 30 2625 2635 2667 2743
13236 4 2 4 30 695 712 37 706
13237 4 2 4 30 147 530 146 2849
13238 4 2 4 30 769 764 320 749
13239 4 2 4 30 105 2864 2835 2912
13240 4 2 4 30 2708 2709 1786 2730
13241 4 2 4 30 294 2746 2797 2844
13242 4 2 4 30 686 2870 2801 2875
13243 4 2 4 30 453 452 449 2858
13244 4 2 4 30 2632 389 2855 2859
13245 4 2 4 30 2718 2726 2724 2837
13246 4 2 4 30 245 2637 2727 2869
13247 4 2 4 30 1776 2665 1772 2871
13248 4 2 4 30 86 434 433 2904
13249 4 2 4 30 1747 1781 2676 2723
13250 4 2 4 30 747 748 2818 2897
13251 4 2 4 30 2645 2686 2776 2818
13252 4 2 4 30 686 2801 683 2875
13253 4 2 4 30 2625 2696 2655 2763
13254 4 2 4 30 746 745 733 2818
13255 4 2 4 30 74 73 2754 2820
13256 4 2 4 30 2631 2754 2683 2807
13257 4 2 4 30 2666 2743 2742 2864
13258 4 2 4 30 384 392 393 2915
13259 4 2 4 30 97 112 2700 2778
13260 4 2 4 30 230 2682 2678 2769
13261 4 2 4 30 1747 2722 1762 2773
13262 4 2 4 30 545 2647 544 2699
13263 4 2 4 30 286 285 1787 2784
13264 4 2 4 30 98 2866 2787 2877
13265 4 2 4 30 518 519 517 2712
13266 4 2 4 30 1754 374 1755 2635
13267 4 2 4 30 547 155 19 515
13268 4 2 4 30 460 104 103 2835
13269 4 2 4 30 2684 2756 2755 2820
13270 4 2 4 30 108 2730 13 2841
13271 4 2 4 30 47 328 1778 2783
13272 4 2 4 30 723 722 275 2862
13273 4 2 4 30 31 665 664 670
13274 4 2 4 30 2632 2855 2854 2859
13275 4 2 4 30 2666 2627 2742 2743
13276 4 2 4 30 651 649 662 2698
13277 4 2 4 30 2805 2839 2691 2913
13278 4 2 4 30 449 436 434 2858
13279 4 2 4 30 156 2729 2662 2828
13280 4 2 4 30 560 22 178 564
13281 4 2 4 30 55 378 1771 2717
13282 4 2 4 30 23 2830 582 2894
13283 4 2 4 30 2626 2899 2697 2906
13284 4 2 4 30 440 417 415 414
13285 4 2 4 30 22 2647 545 2699
13286 4 2 4 30 327 328 790 2783
13287 4 2 4 30 381 382 392 2892
13288 4 2 4 30 79 2827 93 2868
13289 4 2 4 30 561 169 552 2789
13290 4 2 4 30 200 589 199 2752
13291 4 2 4 30 81 80 2857 2890
13292 4 2 4 30 62 61 2755 2756
13293 4 2 4 30 739 726 727 2882
13294 4 2 4 30 490 487 491 2829
13295 4 2 4 30 1791 1765 1764 2644
13296 4 2 4 30 79 78 427 2868
13297 4 2 4 30 343 2777 809 2902
13298 4 2 4 30 58 388 57 2889
13299 4 2 4 30 1774 2661 1768 2692
13300 4 2 4 30 1750 2648 1772 2665
13301 4 2 4 30 47 340 323 2757
13302 4 2 4 30 574 575 576 2688
13303 4 2 4 30 2625 1749 2696 2763
13304 4 2 4 30 225 226 234 2888
13305 4 2 4 30 303 41 2681 2910
13306 4 2 4 30 2722 2723 2676 2772
13307 4 2 4 30 1749 1745 1748 2739
13308 4 2 4 30 24 2918 190 2919
13309 4 2 4 30 1771 1772 1750 2648
13310 4 2 4 30 802 405 396 2775
13311 4 2 4 30 176 2823 177 2919
13312 4 2 4 30 375 2635 2715 2716
13313 4 2 4 30 787 773 765 2898
13314 4 2 4 30 7 422 440 414
13315 4 2 4 30 2627 2743 2666 2886
13316 4 2 4 30 2782 2810 325 2885
13317 4 2 4 30 269 2791 2790 2794
13318 4 2 4 30 6 77 1743 2867
13319 4 2 4 30 648 225 235 2916
13320 4 2 4 30 276 723 275 2862
13321 4 2 4 30 765 780 326 311
13322 4 2 4 30 199 603 200 2793
13323 4 2 4 30 427 426 80 2867
13324 4 2 4 30 109 108 13 2841
13325 4 2 4 30 114 479 115 2826
13326 4 2 4 30 376 50 798 403
13327 4 2 4 30 140 141 2696 2739
13328 4 2 4 30 463 13 124 475
13329 4 2 4 30 256 265 2711 2822
13330 4 2 4 30 2661 2767 2727 2869
13331 4 2 4 30 215 2726 216 2837
13332 4 2 4 30 769 320 305 749
13333 4 2 4 30 2655 2731 2705 2804
13334 4 2 4 30 525 516 521 543
13335 4 2 4 30 1756 2705 2655 2731
13336 4 2 4 30 421 60 61 397
13337 4 2 4 30 256 689 35 705
13338 4 2 4 30 2710 2804 2655 2892
13339 4 2 4 30 2754 2893 2631 2904
13340 4 2 4 30 1750 1780 1789 2785
13341 4 2 4 30 713 711 719 712
13342 4 2 4 30 519 518 520 2672
13343 4 2 4 30 5 414 422 2907
13344 4 2 4 30 225 224 637 2888
13345 4 2 4 30 202 201 2793 2814
13346 4 2 4 30 1791 2644 1764 2727
13347 4 2 4 30 2757 2798 337 2810
13348 4 2 4 30 1775 303 2681 2910
13349 4 2 4 30 428 8 89 2847
13350 4 2 4 30 256 265 35 2711
13351 4 2 4 30 245 2767 246 2869
13352 4 2 4 30 166 2731 20 2804
13353 4 2 4 30 650 31 665 2839
13354 4 2 4 30 216 2726 207 2834
13355 4 2 4 30 300 313 2802 2909
13356 4 2 4 30 2666 2743 2635 2886
13357 4 2 4 30 289 2681 2664 2862
13358 4 2 4 30 2676 2772 2723 2895
13359 4 2 4 30 661 662 649 2698
13360 4 2 4 30 2706 233 2869 2888
13361 4 2 4 30 264 2766 2711 2861
13362 4 2 4 30 733 2720 2818 2854
13363 4 2 4 30 742 296 743 2903
13364 4 2 4 30 2632 2720 2854 2855
13365 4 2 4 30 46 334 778 1759
13366 4 2 4 30 129 497 130 2768
13367 4 2 4 30 1773 1772 2622 2657
13368 4 2 4 30 177 2823 568 2919
13369 4 2 4 30 117 2825 2707 2829
13370 4 2 4 30 2644 2727 1791 2774
13371 4 2 4 30 219 2682 229 2837
13372 4 2 4 30 783 779 763 332
13373 4 2 4 30 1750 2680 1752 2718
13374 4 2 4 30 799 801 343 2873
13375 4 2 4 30 281 2803 2702 2844
13376 4 2 4 30 150 519 2672 2712
13377 4 2 4 30 389 2863 2641 2883
13378 4 2 4 30 552 169 168 1746
13379 4 2 4 30 748 749 306 2776
13380 4 2 4 30 2648 2766 2652 2883
13381 4 2 4 30 441 435 432 453
13382 4 2 4 30 345 785 795 344
13383 4 2 4 30 407 3 64 376
13384 4 2 4 30 190 197 26 580
13385 4 2 4 30 324 325 2810 2885
13386 4 2 4 30 345 329 330 2902
13387 4 2 4 30 1769 1766 374 2737
13388 4 2 4 30 42 308 309 2770
13389 4 2 4 30 27 208 604 2838
13390 4 2 4 30 773 764 772 2897
13391 4 2 4 30 220 219 633 647
13392 4 2 4 30 2713 2715 2666 2857
13393 4 2 4 30 187 588 188 2762
13394 4 2 4 30 260 688 682 2811
13395 4 2 4 30 649 659 661 2698
13396 4 2 4 30 1753 2723 1746 2751
13397 4 2 4 30 2714 2720 2639 2802
13398 4 2 4 30 33 2652 239 2733
13399 4 2 4 30 211 2669 609 2752
13400 4 2 4 30 2664 2648 2766 2861
13401 4 2 4 30 87 442 86 2917
13402 4 2 4 30 613 621 622 2687
13403 4 2 4 30 2708 2808 2700 2877
13404 4 2 4 30 131 132 512 2781
13405 4 2 4 30 2622 2714 2664 2883
13406 4 2 4 30 227 220 29 647
13407 4 2 4 30 389 386 2863 2883
13408 4 2 4 30 641 639 653 2682
13409 4 2 4 30 580 189 590 573
13410 4 2 4 30 683 34 680 666
13411 4 2 4 30 2707 2633 2829 2908
13412 4 2 4 30 97 2700 98 2778
13413 4 2 4 30 2625 2743 2667 2761
13414 4 2 4 30 757 292 756 2736
13415 4 2 4 30 258 2727 257 2774
13416 4 2 4 30 320 321 44 2900
13417 4 2 4 30 550 20 166 2731
13418 4 2 4 30 325 324 781 2885
13419 4 2 4 30 87 2754 73 2917
13420 4 2 4 30 439 7 440 414
13421 4 2 4 30 284 725 724 2803
13422 4 2 4 30 798 804 406 405
13423 4 2 4 30 144 2758 2735 2828
13424 4 2 4 30 186 2738 176 2762
13425 4 2 4 30 798 335 49 407
13426 4 2 4 30 335 336 63 406
13427 4 2 4 30 2701 2753 99 2877
13428 4 2 4 30 287 2714 2681 2910
13429 4 2 4 30 27 2676 2722 2726
13430 4 2 4 30 714 726 739 2882
13431 4 2 4 30 294 2797 293 2844
13432 4 2 4 30 1762 1738 2773 2865
13433 4 2 4 30 642 29 647 2839
13434 4 2 4 30 2702 2746 2643 2794
13435 4 2 4 30 765 780 789 326
13436 4 2 4 30 2633 2906 2899 2915
13437 4 2 4 30 739 714 736 726
13438 4 2 4 30 2722 2772 2676 2800
13439 4 2 4 30 325 326 791 2783
13440 4 2 4 30 116 130 2825 2829
13441 4 2 4 30 122 121 15 2780
13442 4 2 4 30 1759 1760 334 48
13443 4 2 4 30 143 502 518 2735
13444 4 2 4 30 191 183 572 598
13445 4 2 4 30 778 48 1759 334
13446 4 2 4 30 138 506 137 2668
13447 4 2 4 30 2634 2831 2677 2901
13448 4 2 4 30 460 459 104 2835
13449 4 2 4 30 1793 2689 1788 2811
13450 4 2 4 30 212 2721 2669 2860
13451 4 2 4 30 121 131 15 2781
13452 4 2 4 30 90 445 91 2912
13453 4 2 4 30 129 487 128 2908
13454 4 2 4 30 1759 1778 328 2783
13455 4 2 4 30 1773 1778 1775 2740
13456 4 2 4 30 218 2682 219 2837
13457 4 2 4 30 2634 2788 2817 2887
13458 4 2 4 30 187 188 2688 2762
13459 4 2 4 30 438 439 440 415
13460 4 2 4 30 648 225 226 234
13461 4 2 4 30 334 1759 46 1760
13462 4 2 4 30 2664 2665 2648 2861
13463 4 2 4 30 34 245 2637 2727
13464 4 2 4 30 21 159 158 2751
13465 4 2 4 30 69 801 396 2873
13466 4 2 4 30 795 329 785 345
13467 4 2 4 30 438 431 439 415
13468 4 2 4 30 1759 46 768 767
13469 4 2 4 30 631 29 632 642
13470 4 2 4 30 1780 1750 1752 2718
13471 4 2 4 30 180 170 2789 2846
13472 4 2 4 30 374 2656 375 2715
13473 4 2 4 30 783 763 779 784
13474 4 2 4 30 2633 392 2906 2915
13475 4 2 4 30 396 69 404 801
13476 4 2 4 30 218 2687 2682 2834
13477 4 2 4 30 384 390 392 2915
13478 4 2 4 30 145 144 523 2729
13479 4 2 4 30 1753 1779 1784 2758
13480 4 2 4 30 749 766 764 747
13481 4 2 4 30 1778 2694 1773 2695
13482 4 2 4 30 388 2817 57 2889
13483 4 2 4 30 120 2781 2709 2836
13484 4 2 4 30 344 345 330 2902
13485 4 2 4 30 394 67 395 2890
13486 4 2 4 30 450 436 449 2858
13487 4 2 4 30 165 2647 22 2804
13488 4 2 4 30 411 2716 70 2777
13489 4 2 4 30 422 88 7 440
13490 4 2 4 30 87 86 2754 2917
13491 4 2 4 30 469 1744 107 464
13492 4 2 4 30 407 49 798 376
13493 4 2 4 30 10 89 90 2912
13494 4 2 4 30 545 538 553 2699
13495 4 2 4 30 2645 2817 2788 2887
13496 4 2 4 30 18 505 500 504
13497 4 2 4 30 617 2834 616 2865
13498 4 2 4 30 420 399 408 419
13499 4 2 4 30 391 385 2724 2863
13500 4 2 4 30 116 478 117 2826
13501 4 2 4 30 21 172 2750 2846
13502 4 2 4 30 1744 2709 1779 2836
13503 4 2 4 30 759 302 303 2910
13504 4 2 4 30 1742 113 466 2690
13505 4 2 4 30 473 2787 447 2866
13506 4 2 4 30 740 41 287 2681
13507 4 2 4 30 176 185 177 564
13508 4 2 4 30 2674 2624 2746 2797
13509 4 2 4 30 320 44 305 2900
13510 4 2 4 30 81 394 419 2890
13511 4 2 4 30 497 128 498 2768
13512 4 2 4 30 188 2762 189 2793
13513 4 2 4 30 1749 2696 2763 2768
13514 4 2 4 30 754 298 751 2736
13515 4 2 4 30 2666 2635 2743 2868
13516 4 2 4 30 313 299 314 2909
13517 4 2 4 30 1749 1748 2696 2739
13518 4 2 4 30 782 788 781 803
13519 4 2 4 30 1773 1775 1772 2657
13520 4 2 4 30 2838 2876 28 2884
13521 4 2 4 30 186 588 187 2762
13522 4 2 4 30 30 2876 2869 2888
13523 4 2 4 30 309 751 298 2736
13524 4 2 4 30 2622 2664 2648 2883
13525 4 2 4 30 1744 108 107 2730
13526 4 2 4 30 2647 544 2699 2896
13527 4 2 4 30 604 606 613 622
13528 4 2 4 30 1759 322 1760 2856
13529 4 2 4 30 209 201 611 592
13530 4 2 4 30 669 678 667 2689
13531 4 2 4 30 267 2711 266 2822
13532 4 2 4 30 29 623 215 2838
13533 4 2 4 30 538 542 535 2699
13534 4 2 4 30 283 2794 282 2803
13535 4 2 4 30 246 238 32 2767
13536 4 2 4 30 2694 2714 2639 2909
13537 4 2 4 30 237 2706 238 2767
13538 4 2 4 30 1767 1757 1756 2705
13539 4 2 4 30 161 2731 162 2732
13540 4 2 4 30 589 2688 199 2752
13541 4 2 4 30 1794 1769 374 2737
13542 4 2 4 30 305 44 761 2770
13543 4 2 4 30 50 376 404 403
13544 4 2 4 30 66 2716 412 2857
13545 4 2 4 30 1778 1773 378 2695
13546 4 2 4 30 2623 2708 2700 2877
13547 4 2 4 30 203 2722 196 2865
13548 4 2 4 30 733 734 745 754
13549 4 2 4 30 794 48 786 795
13550 4 2 4 30 282 2794 2746 2803
13551 4 2 4 30 428 7 8 2847
13552 4 2 4 30 2628 2746 2745 2790
13553 4 2 4 30 62 2756 2755 2798
13554 4 2 4 30 2624 2628 2746 2797
13555 4 2 4 30 393 392 382 2892
13556 4 2 4 30 2864 2868 2743 2912
13557 4 2 4 30 1759 1778 47 328
13558 4 2 4 30 2630 2694 2782 2810
13559 4 2 4 30 728 716 39 275
13560 4 2 4 30 143 518 523 2735
13561 4 2 4 30 1764 1768 1774 2661
13562 4 2 4 30 331 2719 2634 2902
13563 4 2 4 30 1739 2692 1767 2793
13564 4 2 4 30 2629 2775 2677 2831
13565 4 2 4 30 115 479 116 2826
13566 4 2 4 30 1772 2664 2657 2681
13567 4 2 4 30 733 2818 734 2854
13568 4 2 4 30 593 1738 589 2752
13569 4 2 4 30 313 2782 2802 2909
13570 4 2 4 30 1759 1775 1778 2740
13571 4 2 4 30 6 77 414 2907
13572 4 2 4 30 2660 1742 2826 2835
13573 4 2 4 30 41 740 292 2681
13574 4 2 4 30 700 698 272 2779
13575 4 2 4 30 792 2719 793 2902
13576 4 2 4 30 1791 2727 1764 2767
13577 4 2 4 30 329 786 48 795
13578 4 2 4 30 258 2637 34 2875
13579 4 2 4 30 244 2842 2733 2879
13580 4 2 4 30 213 223 2721 2815
13581 4 2 4 30 649 646 659 2698
13582 4 2 4 30 266 2711 265 2822
13583 4 2 4 30 235 2704 225 2888
13584 4 2 4 30 482 481 503 2771
13585 4 2 4 30 257 2791 36 2792
13586 4 2 4 30 405 802 404 403
13587 4 2 4 30 2666 2715 2635 2857
13588 4 2 4 30 35 2711 264 2766
13589 4 2 4 30 7 71 88 422
13590 4 2 4 30 739 727 728 2882
13591 4 2 4 30 225 2704 224 2888
13592 4 2 4 30 281 40 2803 2844
13593 4 2 4 30 324 2810 338 2885
13594 4 2 4 30 1775 316 1759 2671
13595 4 2 4 30 2707 2761 2743 2825
13596 4 2 4 30 343 344 2901 2902
13597 4 2 4 30 327 790 326 2783
13598 4 2 4 30 736 737 731 2878
13599 4 2 4 30 2622 2657 1772 2664
13600 4 2 4 30 29 2838 2724 2839
13601 4 2 4 30 667 678 663 2689
13602 4 2 4 30 23 582 565 2894
13603 4 2 4 30 145 529 155 2729
13604 4 2 4 30 781 782 803 796
13605 4 2 4 30 324 2783 323 2810
13606 4 2 4 30 296 742 297 2903
13607 4 2 4 30 787 765 780 789
13608 4 2 4 30 801 799 802 2873
13609 4 2 4 30 789 788 787 2898
13610 4 2 4 30 2731 2804 2696 2806
13611 4 2 4 30 106 105 2835 2912
13612 4 2 4 30 304 759 303 2910
13613 4 2 4 30 111 2700 2730 2841
13614 4 2 4 30 1777 2672 518 2712
13615 4 2 4 30 1786 2730 2640 2778
13616 4 2 4 30 126 498 127 2768
13617 4 2 4 30 726 738 42 298
13618 4 2 4 30 34 2637 258 2727
13619 4 2 4 30 338 2757 337 2810
13620 4 2 4 30 654 31 227 2769
13621 4 2 4 30 61 60 75 2809
13622 4 2 4 30 239 2652 33 2870
13623 4 2 4 30 546 2638 21 2894
13624 4 2 4 30 423 81 394 419
13625 4 2 4 30 2648 2680 2652 2766
13626 4 2 4 30 760 301 302 2910
13627 4 2 4 30 500 526 154 2845
13628 4 2 4 30 247 660 246 238
13629 4 2 4 30 120 2709 119 2836
13630 4 2 4 30 323 2757 339 2810
13631 4 2 4 30 455 101 1742 446
13632 4 2 4 30 339 323 324 796
13633 4 2 4 30 747 745 746 2818
13634 4 2 4 30 178 22 2647 2804
13635 4 2 4 30 678 2689 669 2811
13636 4 2 4 30 116 117 2825 2826
13637 4 2 4 30 2713 2775 2629 2831
13638 4 2 4 30 123 2708 2780 2808
13639 4 2 4 30 223 2815 638 2888
13640 4 2 4 30 326 790 791 2783
13641 4 2 4 30 699 698 36 701
13642 4 2 4 30 167 168 534 553
13643 4 2 4 30 283 725 284 2803
13644 4 2 4 30 788 784 787 2898
13645 4 2 4 30 378 1782 2684 2717
13646 4 2 4 30 2655 2696 1756 2731
13647 4 2 4 30 146 145 2828 2849
13648 4 2 4 30 801 802 396 2873
13649 4 2 4 30 509 518 502 2735
13650 4 2 4 30 736 731 729 2878
13651 4 2 4 30 379 57 388 2817
13652 4 2 4 30 1793 1792 2698 2833
13653 4 2 4 30 32 2706 233 2869
13654 4 2 4 30 727 726 292 2736
13655 4 2 4 30 776 2832 321 2900
13656 4 2 4 30 2772 2846 2723 2895
13657 4 2 4 30 705 266 256 2821
13658 4 2 4 30 8 94 77 413
13659 4 2 4 30 340 49 794 796
13660 4 2 4 30 778 47 780 328
13661 4 2 4 30 604 208 27 606
13662 4 2 4 30 2675 2749 181 2773
13663 4 2 4 30 474 112 111 2866
13664 4 2 4 30 404 396 802 405
13665 4 2 4 30 658 2805 665 2875
13666 4 2 4 30 97 96 11 2778
13667 4 2 4 30 1759 45 2740 2783
13668 4 2 4 30 1776 726 2784 2882
13669 4 2 4 30 1775 304 303 2910
13670 4 2 4 30 640 643 645 2916
13671 4 2 4 30 485 484 483 2668
13672 4 2 4 30 2711 2766 2648 2861
13673 4 2 4 30 392 390 2906 2915
13674 4 2 4 30 625 214 222 605
13675 4 2 4 30 139 2739 140 2806
13676 4 2 4 30 1782 2685 2683 2700
13677 4 2 4 30 672 34 680 250
13678 4 2 4 30 543 20 540 525
13679 4 2 4 30 269 2792 2791 2794
13680 4 2 4 30 19 543 547 515
13681 4 2 4 30 590 197 189 580
13682 4 2 4 30 2709 2780 495 2841
13683 4 2 4 30 1771 1773 1772 2622
13684 4 2 4 30 507 2668 503 2771
13685 4 2 4 30 641 632 640 2682
13686 4 2 4 30 2725 2918 2693 2919
13687 4 2 4 30 106 91 90 429
13688 4 2 4 30 626 621 624 2669
13689 4 2 4 30 702 700 272 2779
13690 4 2 4 30 1777 1785 2712 2729
13691 4 2 4 30 767 768 1759 2856
13692 4 2 4 30 281 2702 2746 2844
13693 4 2 4 30 84 9 100 2685
13694 4 2 4 30 690 35 686 251
13695 4 2 4 30 76 60 75 421
13696 4 2 4 30 1788 702 273 2779
13697 4 2 4 30 1791 1764 2706 2767
13698 4 2 4 30 2661 2692 1774 2815
13699 4 2 4 30 767 771 766 2671
13700 4 2 4 30 2666 2857 2635 2868
13701 4 2 4 30 600 194 195 2865
13702 4 2 4 30 2706 2767 2661 2869
13703 4 2 4 30 155 2828 2848 2849
13704 4 2 4 30 339 2757 338 2810
13705 4 2 4 30 778 780 787 770
13706 4 2 4 30 770 787 784 2898
13707 4 2 4 30 1742 102 101 455
13708 4 2 4 30 293 2797 2770 2903
13709 4 2 4 30 2623 2700 2683 2877
13710 4 2 4 30 152 2732 151 2806
13711 4 2 4 30 525 20 540 522
13712 4 2 4 30 212 213 2721 2815
13713 4 2 4 30 257 36 693 2774
13714 4 2 4 30 40 281 295 2844
13715 4 2 4 30 802 2775 396 2873
13716 4 2 4 30 1777 1779 2735 2781
13717 4 2 4 30 25 572 579 594
13718 4 2 4 30 172 21 2638 2894
13719 4 2 4 30 779 333 763 332
13720 4 2 4 30 1746 168 2662 2751
13721 4 2 4 30 776 317 46 2719
13722 4 2 4 30 651 31 232 664
13723 4 2 4 30 417 421 408 420
13724 4 2 4 30 1766 2656 2634 2719
13725 4 2 4 30 375 374 2635 2653
13726 4 2 4 30 47 323 340 796
13727 4 2 4 30 375 2656 1760 2850
13728 4 2 4 30 128 497 129 2768
13729 4 2 4 30 123 2780 2708 2841
13730 4 2 4 30 129 2763 2825 2908
13731 4 2 4 30 572 25 191 594
13732 4 2 4 30 119 2709 13 2730
13733 4 2 4 30 2664 2766 2648 2883
13734 4 2 4 30 729 731 730 295
13735 4 2 4 30 772 764 747 2897
13736 4 2 4 30 2625 2635 1755 2667
13737 4 2 4 30 2654 2687 206 2834
13738 4 2 4 30 118 117 454 472
13739 4 2 4 30 1780 2718 1762 2726
13740 4 2 4 30 671 659 248 2698
13741 4 2 4 30 590 26 197 580
13742 4 2 4 30 326 2782 311 2783
13743 4 2 4 30 426 81 80 2867
13744 4 2 4 30 70 411 4 2716
13745 4 2 4 30 433 434 440 2904
13746 4 2 4 30 385 389 386 2863
13747 4 2 4 30 764 772 747 766
13748 4 2 4 30 418 417 440 414
13749 4 2 4 30 97 11 112 2778
13750 4 2 4 30 127 498 128 2768
13751 4 2 4 30 134 148 17 510
13752 4 2 4 30 2798 2810 2630 2885
13753 4 2 4 30 1765 2643 2644 2702
13754 4 2 4 30 767 766 768 2856
13755 4 2 4 30 534 157 541 2662
13756 4 2 4 30 1769 1770 1766 2673
13757 4 2 4 30 476 112 11 2730
13758 4 2 4 30 2630 2694 2810 2911
13759 4 2 4 30 114 466 113 2690
13760 4 2 4 30 1778 378 377 2695
13761 4 2 4 30 448 450 449 2858
13762 4 2 4 30 310 761 44 2770
13763 4 2 4 30 748 745 747 2818
13764 4 2 4 30 119 495 13 2709
13765 4 2 4 30 455 10 101 446
13766 4 2 4 30 12 102 103 2835
13767 4 2 4 30 1750 2680 2648 2711
13768 4 2 4 30 499 15 501 480
13769 4 2 4 30 76 59 60 398
13770 4 2 4 30 31 239 240 665
13771 4 2 4 30 2630 2810 2782 2885
13772 4 2 4 30 377 378 1782 2684
13773 4 2 4 30 155 548 19 2751
13774 4 2 4 30 2774 2792 272 2851
13775 4 2 4 30 201 210 200 2860
13776 4 2 4 30 718 279 1776 280
13777 4 2 4 30 6 1743 77 2907
13778 4 2 4 30 34 2637 245 2875
13779 4 2 4 30 622 621 620 2687
13780 4 2 4 30 17 148 134 2849
13781 4 2 4 30 78 79 93 2868
13782 4 2 4 30 2672 2712 1785 2732
13783 4 2 4 30 233 30 226 644
13784 4 2 4 30 205 204 194 2865
13785 4 2 4 30 3 4 398 376
13786 4 2 4 30 2696 2731 2655 2804
13787 4 2 4 30 35 703 704 2734
13788 4 2 4 30 39 289 275 2862
13789 4 2 4 30 617 205 2834 2865
13790 4 2 4 30 89 444 445 2912
13791 4 2 4 30 155 2848 19 2849
13792 4 2 4 30 632 642 647 641
13793 4 2 4 30 421 5 76 420
13794 4 2 4 30 189 190 2725 2762
13795 4 2 4 30 36 2791 270 2792
13796 4 2 4 30 733 745 734 2818
13797 4 2 4 30 736 286 738 2784
13798 4 2 4 30 663 679 666 244
13799 4 2 4 30 139 140 18 2806
13800 4 2 4 30 276 2861 277 2862
13801 4 2 4 30 1766 2719 2673 2832
13802 4 2 4 30 760 300 301 2910
13803 4 2 4 30 129 491 487 2829
13804 4 2 4 30 543 2712 536 2729
13805 4 2 4 30 546 19 160 542
13806 4 2 4 30 463 492 124 13
13807 4 2 4 30 520 518 507 2672
13808 4 2 4 30 237 659 646 2698
13809 4 2 4 30 1761 2770 310 2832
13810 4 2 4 30 1748 138 139 2739
13811 4 2 4 30 203 204 617 2865
13812 4 2 4 30 142 128 2763 2768
13813 4 2 4 30 606 208 207 628
13814 4 2 4 30 1772 2665 2664 2681
13815 4 2 4 30 520 139 149 2672
13816 4 2 4 30 97 456 98 2866
13817 4 2 4 30 391 389 385 2863
13818 4 2 4 30 473 11 112 451
13819 4 2 4 30 500 142 16 486
13820 4 2 4 30 21 158 167 2751
13821 4 2 4 30 95 2640 96 2778
13822 4 2 4 30 743 2844 293 2903
13823 4 2 4 30 101 460 102 2835
13824 4 2 4 30 2654 2834 205 2865
13825 4 2 4 30 2731 1756 2823 2914
13826 4 2 4 30 534 168 157 2662
13827 4 2 4 30 1754 1755 1749 2625
13828 4 2 4 30 61 402 62 2905
13829 4 2 4 30 598 571 570 2749
13830 4 2 4 30 612 614 593 2752
13831 4 2 4 30 760 302 759 2910
13832 4 2 4 30 176 185 2762 2919
13833 4 2 4 30 143 523 144 2735
13834 4 2 4 30 666 679 663 677
13835 4 2 4 30 259 682 250 2811
13836 4 2 4 30 201 2814 210 2860
13837 4 2 4 30 744 746 733 758
13838 4 2 4 30 709 269 38 2792
13839 4 2 4 30 298 754 726 2736
13840 4 2 4 30 232 31 654 2769
13841 4 2 4 30 735 733 734 2854
13842 4 2 4 30 377 378 2684 2695
13843 4 2 4 30 450 429 428 430
13844 4 2 4 30 486 481 484 2771
13845 4 2 4 30 133 502 143 2735
13846 4 2 4 30 292 726 756 2736
13847 4 2 4 30 24 177 564 2830
13848 4 2 4 30 1762 2654 1738 2865
13849 4 2 4 30 1749 1745 2739 2768
13850 4 2 4 30 1786 2685 2700 2778
13851 4 2 4 30 155 529 547 2729
13852 4 2 4 30 2764 2650 2798 2905
13853 4 2 4 30 539 554 538 2796
13854 4 2 4 30 344 330 2901 2902
13855 4 2 4 30 176 2762 2738 2823
13856 4 2 4 30 148 530 147 2849
13857 4 2 4 30 55 1783 378 2717
13858 4 2 4 30 1756 1748 2732 2806
13859 4 2 4 30 127 126 2768 2881
13860 4 2 4 30 281 2746 2702 2803
13861 4 2 4 30 724 40 286 2803
13862 4 2 4 30 376 4 70 404
13863 4 2 4 30 90 89 10 428
13864 4 2 4 30 557 583 578 564
13865 4 2 4 30 489 486 484 2771
13866 4 2 4 30 626 624 629 2669
13867 4 2 4 30 715 2658 285 2784
13868 4 2 4 30 114 113 1745 2690
13869 4 2 4 30 129 2825 130 2829
13870 4 2 4 30 1764 2661 1774 2706
13871 4 2 4 30 40 295 296 2844
13872 4 2 4 30 689 678 685 2689
13873 4 2 4 30 687 700 685 2779
13874 4 2 4 30 412 2716 411 2777
13875 4 2 4 30 799 2775 802 2873
13876 4 2 4 30 2770 2797 307 2900
13877 4 2 4 30 149 139 18 2806
13878 4 2 4 30 178 2804 2918 2919
13879 4 2 4 30 116 2825 130 2826
13880 4 2 4 30 1776 2871 291 2882
13881 4 2 4 30 431 93 439 413
13882 4 2 4 30 144 143 2758 2849
13883 4 2 4 30 10 2835 1742 2912
13884 4 2 4 30 105 2761 104 2835
13885 4 2 4 30 317 333 46 2719
13886 4 2 4 30 101 102 1742 2835
13887 4 2 4 30 553 535 534 546
13888 4 2 4 30 279 2862 2665 2871
13889 4 2 4 30 766 769 768 2856
13890 4 2 4 30 2753 2754 86 2917
13891 4 2 4 30 803 794 786 800
13892 4 2 4 30 119 1744 2709 2730
13893 4 2 4 30 2676 2722 1747 2723
13894 4 2 4 30 2827 2857 2666 2868
13895 4 2 4 30 262 272 698 2779
13896 4 2 4 30 32 233 644 2913
13897 4 2 4 30 15 136 122 2780
13898 4 2 4 30 300 2909 301 2910
13899 4 2 4 30 318 2887 2719 2900
13900 4 2 4 30 2665 2711 2648 2861
13901 4 2 4 30 223 629 213 2669
13902 4 2 4 30 1789 1780 1790 2785
13903 4 2 4 30 80 81 419 2890
13904 4 2 4 30 1784 2679 1779 2709
13905 4 2 4 30 170 561 180 2789
13906 4 2 4 30 45 327 311 2783
13907 4 2 4 30 165 2804 22 2823
13908 4 2 4 30 622 620 634 2687
13909 4 2 4 30 236 237 1792 2706
13910 4 2 4 30 2713 2831 2715 2857
13911 4 2 4 30 1752 2718 2733 2769
13912 4 2 4 30 644 233 30 2913
13913 4 2 4 30 474 2787 473 2866
13914 4 2 4 30 2625 2743 2761 2825
13915 4 2 4 30 754 42 734 751
13916 4 2 4 30 154 140 18 500
13917 4 2 4 30 553 538 535 2699
13918 4 2 4 30 48 792 329 2902
13919 4 2 4 30 2674 2797 2746 2844
13920 4 2 4 30 15 511 136 2781
13921 4 2 4 30 18 140 504 500
13922 4 2 4 30 398 76 5 420
13923 4 2 4 30 263 277 37 721
13924 4 2 4 30 421 76 60 398
13925 4 2 4 30 471 462 467 491
13926 4 2 4 30 672 680 34 666
13927 4 2 4 30 103 2761 118 2835
13928 4 2 4 30 12 103 118 2835
13929 4 2 4 30 35 264 703 2734
13930 4 2 4 30 557 578 583 2738
13931 4 2 4 30 1756 2731 2696 2806
13932 4 2 4 30 202 602 26 2793
13933 4 2 4 30 93 94 78 2868
13934 4 2 4 30 24 564 560 2830
13935 4 2 4 30 605 214 28 604
13936 4 2 4 30 778 48 334 779
13937 4 2 4 30 795 50 794 346
13938 4 2 4 30 1783 1782 378 2717
13939 4 2 4 30 608 614 607 596
13940 4 2 4 30 510 17 143 518
13941 4 2 4 30 107 108 1744 469
13942 4 2 4 30 556 554 539 2796
13943 4 2 4 30 35 704 703 705
13944 4 2 4 30 782 788 803 786
13945 4 2 4 30 597 612 614 596
13946 4 2 4 30 555 578 557 2738
13947 4 2 4 30 1784 1779 1786 2709
13948 4 2 4 30 1759 2740 1778 2783
13949 4 2 4 30 71 424 5 2820
13950 4 2 4 30 66 2857 81 2867
13951 4 2 4 30 165 2731 2804 2823
13952 4 2 4 30 794 48 782 786
13953 4 2 4 30 171 2846 23 2895
13954 4 2 4 30 169 1746 2789 2846
13955 4 2 4 30 2795 61 2809 2905
13956 4 2 4 30 583 560 24 564
13957 4 2 4 30 702 719 274 38
13958 4 2 4 30 190 587 24 2762
13959 4 2 4 30 1765 2644 1787 2702
13960 4 2 4 30 283 269 38 719
13961 4 2 4 30 671 661 659 2698
13962 4 2 4 30 733 746 744 745
13963 4 2 4 30 68 2831 2777 2873
13964 4 2 4 30 1749 2763 2660 2768
13965 4 2 4 30 726 736 739 737
13966 4 2 4 30 2625 2660 1749 2763
13967 4 2 4 30 561 559 170 582
13968 4 2 4 30 225 637 226 2888
13969 4 2 4 30 1749 2739 2696 2768
13970 4 2 4 30 101 459 460 2835
13971 4 2 4 30 473 447 448 472
13972 4 2 4 30 639 651 652 2678
13973 4 2 4 30 2735 2758 143 2781
13974 4 2 4 30 2663 2701 2787 2877
13975 4 2 4 30 124 2808 110 2841
13976 4 2 4 30 715 714 2658 2784
13977 4 2 4 30 271 36 270 2792
13978 4 2 4 30 430 428 450 436
13979 4 2 4 30 605 624 610 2669
13980 4 2 4 30 583 562 558 2891
13981 4 2 4 30 415 431 439 413
13982 4 2 4 30 441 100 9 453
13983 4 2 4 30 14 114 115 2826
13984 4 2 4 30 33 239 673 2733
13985 4 2 4 30 804 798 802 405
13986 4 2 4 30 83 437 9 2847
13987 4 2 4 30 36 257 683 2801
13988 4 2 4 30 404 396 801 802
13989 4 2 4 30 1786 1744 2640 2730
13990 4 2 4 30 589 575 590 2688
13991 4 2 4 30 507 504 520 2672
13992 4 2 4 30 576 2675 583 2738
13993 4 2 4 30 575 589 594 2688
13994 4 2 4 30 638 2815 221 2888
13995 4 2 4 30 139 138 1748 2672
13996 4 2 4 30 274 2658 284 2874
13997 4 2 4 30 770 773 787 2898
13998 4 2 4 30 585 23 179 2846
13999 4 2 4 30 101 1742 10 2835
14000 4 2 4 30 426 82 81 2867
14001 4 2 4 30 21 2751 167 2846
14002 4 2 4 30 32 2869 233 2913
14003 4 2 4 30 553 534 167 546
14004 4 2 4 30 700 687 685 696
14005 4 2 4 30 695 717 706 2670
14006 4 2 4 30 1753 2751 2662 2828
14007 4 2 4 30 2680 2766 2711 2842
14008 4 2 4 30 1746 2662 1753 2751
14009 4 2 4 30 342 343 801 2873
14010 4 2 4 30 1742 1745 113 2690
14011 4 2 4 30 2624 2674 2673 2797
14012 4 2 4 30 156 2751 155 2828
14013 4 2 4 30 1780 1762 2722 2726
14014 4 2 4 30 346 1760 48 2902
14015 4 2 4 30 377 2756 2684 2820
14016 4 2 4 30 2630 2810 2798 2911
14017 4 2 4 30 1747 2723 2722 2772
14018 4 2 4 30 1749 2625 1755 2660
14019 4 2 4 30 195 203 204 591
14020 4 2 4 30 2772 2789 1746 2846
14021 4 2 4 30 2656 2716 2715 2777
14022 4 2 4 30 221 30 2815 2876
14023 4 2 4 30 312 2740 311 2782
14024 4 2 4 30 222 624 625 605
14025 4 2 4 30 617 204 205 2865
14026 4 2 4 30 1750 1751 2680 2711
14027 4 2 4 30 507 506 504 2672
14028 4 2 4 30 241 232 240 664
14029 4 2 4 30 73 2820 72 2917
14030 4 2 4 30 150 151 2732 2806
14031 4 2 4 30 2755 2798 2695 2911
14032 4 2 4 30 624 625 605 604
14033 4 2 4 30 374 1766 375 2656
14034 4 2 4 30 715 2658 714 2874
14035 4 2 4 30 1746 2751 2723 2846
14036 4 2 4 30 271 262 36 2792
14037 4 2 4 30 663 2689 678 2879
14038 4 2 4 30 36 701 270 2801
14039 4 2 4 30 322 2832 1760 2856
14040 4 2 4 30 2668 2739 1745 2881
14041 4 2 4 30 724 281 40 2803
14042 4 2 4 30 1751 2665 2670 2711
14043 4 2 4 30 1766 2673 1770 2832
14044 4 2 4 30 26 602 197 2793
14045 4 2 4 30 2682 2769 229 2837
14046 4 2 4 30 546 21 2699 2894
14047 4 2 4 30 1779 2709 2679 2781
14048 4 2 4 30 171 179 170 559
14049 4 2 4 30 2625 2667 2660 2761
14050 4 2 4 30 2777 2831 2715 2901
14051 4 2 4 30 679 666 678 677
14052 4 2 4 30 138 1748 2668 2739
14053 4 2 4 30 88 442 87 2917
14054 4 2 4 30 663 243 2813 2879
14055 4 2 4 30 623 628 606 622
14056 4 2 4 30 683 258 34 2875
14057 4 2 4 30 335 806 49 2757
14058 4 2 4 30 1737 175 2738 2823
14059 4 2 4 30 583 560 558 562
14060 4 2 4 30 1742 1745 2660 2826
14061 4 2 4 30 600 196 25 2800
14062 4 2 4 30 296 2844 743 2903
14063 4 2 4 30 555 176 578 2738
14064 4 2 4 30 143 2781 2758 2849
14065 4 2 4 30 440 422 418 414
14066 4 2 4 30 1762 2687 2654 2834
14067 4 2 4 30 121 2780 2709 2781
14068 4 2 4 30 1776 726 727 2736
14069 4 2 4 30 747 299 43 772
14070 4 2 4 30 2634 2715 2831 2901
14071 4 2 4 30 315 1775 316 2740
14072 4 2 4 30 679 690 33 684
14073 4 2 4 30 4 65 394 399
14074 4 2 4 30 535 536 538 2662
14075 4 2 4 30 1738 1739 2688 2752
14076 4 2 4 30 287 2681 41 2910
14077 4 2 4 30 409 3 59 2756
14078 4 2 4 30 1745 126 125 2668
14079 4 2 4 30 217 207 606 2687
14080 4 2 4 30 607 591 608 596
14081 4 2 4 30 407 798 335 406
14082 4 2 4 30 645 643 648 2916
14083 4 2 4 30 30 2815 2876 2888
14084 4 2 4 30 782 781 324 796
14085 4 2 4 30 128 129 2763 2768
14086 4 2 4 30 405 401 406 403
14087 4 2 4 30 2711 2766 35 2842
14088 4 2 4 30 1777 1785 2672 2712
14089 4 2 4 30 89 445 90 2912
14090 4 2 4 30 152 20 2732 2806
14091 4 2 4 30 118 454 455 472
14092 4 2 4 30 28 2815 2814 2876
14093 4 2 4 30 521 519 524 2712
14094 4 2 4 30 787 765 773 770
14095 4 2 4 30 595 589 1738 2749
14096 4 2 4 30 100 9 457 2778
14097 4 2 4 30 42 2770 309 2903
14098 4 2 4 30 12 118 478 2826
14099 4 2 4 30 138 139 506 2672
14100 4 2 4 30 660 32 658 2805
14101 4 2 4 30 2700 2753 2683 2877
14102 4 2 4 30 484 489 2771 2881
14103 4 2 4 30 1775 1772 2657 2681
14104 4 2 4 30 241 231 668 2678
14105 4 2 4 30 590 575 573 2688
14106 4 2 4 30 278 268 717 2670
14107 4 2 4 30 89 1742 10 2847
14108 4 2 4 30 80 79 2867 2868
14109 4 2 4 30 298 1761 309 2736
14110 4 2 4 30 2679 2758 1779 2781
14111 4 2 4 30 2667 2743 2635 2868
14112 4 2 4 30 107 11 2640 2730
14113 4 2 4 30 421 408 398 397
14114 4 2 4 30 159 2751 2750 2848
14115 4 2 4 30 34 2727 258 2812
14116 4 2 4 30 29 2726 215 2837
14117 4 2 4 30 4 411 65 2716
14118 4 2 4 30 29 215 635 2837
14119 4 2 4 30 673 244 33 2733
14120 4 2 4 30 1788 273 2658 2851
14121 4 2 4 30 786 48 785 329
14122 4 2 4 30 612 209 28 611
14123 4 2 4 30 50 341 801 802
14124 4 2 4 30 259 2811 250 2812
14125 4 2 4 30 112 2730 2700 2778
14126 4 2 4 30 476 11 107 2730
14127 4 2 4 30 343 2901 2777 2902
14128 4 2 4 30 1739 2762 2688 2793
14129 4 2 4 30 1741 1743 7 2847
14130 4 2 4 30 648 226 631 643
14131 4 2 4 30 623 604 621 622
14132 4 2 4 30 340 49 806 2757
14133 4 2 4 30 1760 2719 1766 2832
14134 4 2 4 30 2751 155 2828 2848
14135 4 2 4 30 35 251 691 2842
14136 4 2 4 30 12 478 113 2826
14137 4 2 4 30 36 262 693 2774
14138 4 2 4 30 259 260 682 2811
14139 4 2 4 30 2694 2695 1778 2757
14140 4 2 4 30 469 107 11 464
14141 4 2 4 30 518 17 143 523
14142 4 2 4 30 747 43 299 752
14143 4 2 4 30 628 215 29 623
14144 4 2 4 30 626 627 630 1740
14145 4 2 4 30 484 483 2668 2771
14146 4 2 4 30 594 25 191 598
14147 4 2 4 30 543 19 547 536
14148 4 2 4 30 690 686 35 679
14149 4 2 4 30 605 629 624 2669
14150 4 2 4 30 465 114 470 2690
14151 4 2 4 30 138 506 2668 2672
14152 4 2 4 30 583 24 185 564
14153 4 2 4 30 293 2770 42 2903
14154 4 2 4 30 574 573 575 2688
14155 4 2 4 30 756 726 754 2736
14156 4 2 4 30 2635 2653 1755 2667
14157 4 2 4 30 256 255 689 2821
14158 4 2 4 30 686 36 683 2801
14159 4 2 4 30 1786 2685 1782 2700
14160 4 2 4 30 2681 2862 289 2871
14161 4 2 4 30 253 677 254 2879
14162 4 2 4 30 2643 2791 2727 2792
14163 4 2 4 30 1742 2640 1744 2690
14164 4 2 4 30 1741 2640 95 2778
14165 4 2 4 30 129 2768 130 2825
14166 4 2 4 30 491 465 470 14
14167 4 2 4 30 179 170 559 582
14168 4 2 4 30 593 612 597 596
14169 4 2 4 30 121 15 2780 2781
14170 4 2 4 30 565 559 23 2894
14171 4 2 4 30 1776 714 718 2882
14172 4 2 4 30 594 572 570 598
14173 4 2 4 30 2773 2800 2722 2865
14174 4 2 4 30 2643 2727 2644 2792
14175 4 2 4 30 155 2751 19 2848
14176 4 2 4 30 607 615 205 2654
14177 4 2 4 30 174 556 173 2796
14178 4 2 4 30 210 611 200 2752
14179 4 2 4 30 9 10 446 2847
14180 4 2 4 30 409 64 3 2756
14181 4 2 4 30 375 2653 2635 2716
14182 4 2 4 30 712 717 713 714
14183 4 2 4 30 47 48 794 1759
14184 4 2 4 30 672 250 682 2811
14185 4 2 4 30 705 697 266 2821
14186 4 2 4 30 150 520 149 2672
14187 4 2 4 30 640 643 632 642
14188 4 2 4 30 249 250 2811 2812
14189 4 2 4 30 2679 2780 135 2781
14190 4 2 4 30 521 516 519 2712
14191 4 2 4 30 138 2668 1748 2672
14192 4 2 4 30 642 632 640 641
14193 4 2 4 30 214 2815 28 2876
14194 4 2 4 30 706 717 268 2670
14195 4 2 4 30 436 440 434 438
14196 4 2 4 30 2755 2695 2807 2911
14197 4 2 4 30 2695 2757 2694 2810
14198 4 2 4 30 539 538 537 2796
14199 4 2 4 30 100 2753 2685 2778
14200 4 2 4 30 346 2656 1760 2902
14201 4 2 4 30 173 556 539 2796
14202 4 2 4 30 259 260 2811 2812
14203 4 2 4 30 204 203 195 2865
14204 4 2 4 30 714 2784 726 2882
14205 4 2 4 30 2674 2746 2702 2844
14206 4 2 4 30 325 2782 326 2783
14207 4 2 4 30 590 580 575 579
14208 4 2 4 30 10 90 106 2912
14209 4 2 4 30 142 513 16 2739
14210 4 2 4 30 186 578 176 2738
14211 4 2 4 30 745 756 744 754
14212 4 2 4 30 515 525 516 527
14213 4 2 4 30 620 630 621 632
14214 4 2 4 30 461 473 471 462
14215 4 2 4 30 481 492 480 490
14216 4 2 4 30 639 649 640 651
14217 4 2 4 30 257 2774 2727 2792
14218 4 2 4 30 663 244 243 2879
14219 4 2 4 30 298 297 742 2903
14220 4 2 4 30 579 577 575 594
14221 4 2 4 30 515 155 19 529
14222 4 2 4 30 2625 2660 2763 2825
14223 4 2 4 30 211 611 210 2752
14224 4 2 4 30 506 2668 507 2771
14225 4 2 4 30 528 17 148 527
14226 4 2 4 30 633 29 220 632
14227 4 2 4 30 493 13 124 492
14228 4 2 4 30 232 31 651 652
14229 4 2 4 30 11 112 474 473
14230 4 2 4 30 675 245 34 2767
14231 4 2 4 30 582 561 559 562
14232 4 2 4 30 206 606 207 2687
14233 4 2 4 30 1785 2712 162 2732
14234 4 2 4 30 415 439 440 414
14235 4 2 4 30 179 23 171 2846
14236 4 2 4 30 534 536 535 2662
14237 4 2 4 30 696 697 705 2821
14238 4 2 4 30 255 2822 256 2842
14239 4 2 4 30 573 188 198 2688
14240 4 2 4 30 144 2729 145 2828
14241 4 2 4 30 21 2750 159 2751
14242 4 2 4 30 12 1742 102 2835
14243 4 2 4 30 269 38 2792 2794
14244 4 2 4 30 579 570 577 594
14245 4 2 4 30 545 542 538 2699
14246 4 2 4 30 238 659 650 237
14247 4 2 4 30 324 325 2783 2810
14248 4 2 4 30 516 517 2712 2729
14249 4 2 4 30 261 262 688 2779
14250 4 2 4 30 604 621 624 623
14251 4 2 4 30 13 2730 2709 2841
14252 4 2 4 30 2688 2762 188 2793
14253 4 2 4 30 722 280 39 2862
14254 4 2 4 30 231 230 652 2678
14255 4 2 4 30 596 607 599 2654
14256 4 2 4 30 2634 2777 2715 2901
14257 4 2 4 30 467 491 130 2829
14258 4 2 4 30 2673 2887 2797 2900
14259 4 2 4 30 28 618 209 2814
14260 4 2 4 30 1743 89 8 2847
14261 4 2 4 30 644 30 631 2913
14262 4 2 4 30 9 449 435 453
14263 4 2 4 30 32 650 658 2805
14264 4 2 4 30 507 2668 506 2672
14265 4 2 4 30 2696 2739 1748 2806
14266 4 2 4 30 2709 2730 2708 2841
14267 4 2 4 30 651 662 650 670
14268 4 2 4 30 165 2731 2823 2914
14269 4 2 4 30 185 24 583 578
14270 4 2 4 30 2694 2757 2783 2810
14271 4 2 4 30 1776 280 279 2871
14272 4 2 4 30 778 780 1759 328
14273 4 2 4 30 1788 700 2779 2821
14274 4 2 4 30 573 574 188 2688
14275 4 2 4 30 125 2668 485 2690
14276 4 2 4 30 188 574 187 2688
14277 4 2 4 30 1779 2781 1777 2836
14278 4 2 4 30 1792 2704 236 2706
14279 4 2 4 30 1751 2822 2689 2842
14280 4 2 4 30 267 706 268 2670
14281 4 2 4 30 44 2770 305 2900
14282 4 2 4 30 1777 518 509 2735
14283 4 2 4 30 70 376 50 2850
14284 4 2 4 30 1782 2684 2683 2685
14285 4 2 4 30 553 535 538 2662
14286 4 2 4 30 630 621 626 1740
14287 4 2 4 30 594 595 598 2749
14288 4 2 4 30 709 38 274 2851
14289 4 2 4 30 1788 702 700 695
14290 4 2 4 30 607 205 194 2654
14291 4 2 4 30 1740 630 621 620
14292 4 2 4 30 2727 2774 258 2812
14293 4 2 4 30 1762 2726 2718 2837
14294 4 2 4 30 434 449 435 436
14295 4 2 4 30 728 727 290 2882
14296 4 2 4 30 321 768 769 2856
14297 4 2 4 30 130 497 14 2768
14298 4 2 4 30 2731 2732 1756 2914
14299 4 2 4 30 589 1738 2688 2752
14300 4 2 4 30 1749 2660 1745 2768
14301 4 2 4 30 717 2670 695 2874
14302 4 2 4 30 1773 2657 2622 2694
14303 4 2 4 30 632 633 620 2682
14304 4 2 4 30 257 36 2774 2792
14305 4 2 4 30 245 2727 2767 2869
14306 4 2 4 30 112 11 2730 2778
14307 4 2 4 30 665 240 31 664
14308 4 2 4 30 117 118 2761 2826
14309 4 2 4 30 795 786 794 800
14310 4 2 4 30 763 770 779 784
14311 4 2 4 30 14 497 125 2768
14312 4 2 4 30 296 297 2747 2903
14313 4 2 4 30 2642 2670 267 2822
14314 4 2 4 30 804 797 798 406
14315 4 2 4 30 596 614 607 2654
14316 4 2 4 30 554 2662 538 2796
14317 4 2 4 30 126 1745 2768 2881
14318 4 2 4 30 7 433 440 88
14319 4 2 4 30 241 668 242 2678
14320 4 2 4 30 235 2704 645 2916
14321 4 2 4 30 192 2749 193 2773
14322 4 2 4 30 2662 2744 1785 2796
14323 4 2 4 30 738 298 726 2736
14324 4 2 4 30 24 185 177 2919
14325 4 2 4 30 547 543 536 2729
14326 4 2 4 30 1741 95 9 2778
14327 4 2 4 30 394 399 423 419
14328 4 2 4 30 607 194 599 2654
14329 4 2 4 30 554 553 538 2662
14330 4 2 4 30 689 2642 685 2821
14331 4 2 4 30 669 672 34 666
14332 4 2 4 30 767 316 771 2671
14333 4 2 4 30 555 2738 557 2744
14334 4 2 4 30 677 2689 254 2879
14335 4 2 4 30 665 239 33 2870
14336 4 2 4 30 161 20 2731 2732
14337 4 2 4 30 375 2715 2656 2716
14338 4 2 4 30 398 60 421 397
14339 4 2 4 30 212 2814 2721 2860
14340 4 2 4 30 446 12 455 472
14341 4 2 4 30 669 671 672 2833
14342 4 2 4 30 2648 2711 2680 2766
14343 4 2 4 30 2624 2797 2673 2887
14344 4 2 4 30 776 2719 322 2832
14345 4 2 4 30 285 2658 284 2851
14346 4 2 4 30 631 225 226 648
14347 4 2 4 30 256 35 691 2842
14348 4 2 4 30 2657 2664 2622 2714
14349 4 2 4 30 1785 540 162 2712
14350 4 2 4 30 176 2762 2823 2919
14351 4 2 4 30 24 177 2918 2919
14352 4 2 4 30 24 587 185 2762
14353 4 2 4 30 198 590 573 2688
14354 4 2 4 30 502 509 1777 503
14355 4 2 4 30 13 2709 495 2841
14356 4 2 4 30 613 622 606 2687
14357 4 2 4 30 9 435 437 441
14358 4 2 4 30 2660 2768 2763 2825
14359 4 2 4 30 246 2767 32 2869
14360 4 2 4 30 718 280 1776 2882
14361 4 2 4 30 125 126 1745 2768
14362 4 2 4 30 1759 47 778 328
14363 4 2 4 30 2678 2682 1752 2769
14364 4 2 4 30 249 250 672 2811
14365 4 2 4 30 30 637 221 2888
14366 4 2 4 30 200 592 593 2752
14367 4 2 4 30 2685 2753 85 2917
14368 4 2 4 30 684 690 33 252
14369 4 2 4 30 13 495 124 2841
14370 4 2 4 30 2625 1755 2660 2667
14371 4 2 4 30 1739 2669 2721 2860
14372 4 2 4 30 541 536 534 2662
14373 4 2 4 30 169 1746 552 2789
14374 4 2 4 30 315 2740 314 2910
14375 4 2 4 30 1742 12 102 455
14376 4 2 4 30 2722 2800 196 2865
14377 4 2 4 30 760 299 300 2910
14378 4 2 4 30 81 2857 80 2867
14379 4 2 4 30 70 4 376 2850
14380 4 2 4 30 2725 2762 1767 2793
14381 4 2 4 30 147 19 2824 2848
14382 4 2 4 30 687 685 688 2779
14383 4 2 4 30 255 689 2642 2689
14384 4 2 4 30 2657 2681 2664 2714
14385 4 2 4 30 2664 2681 2665 2862
14386 4 2 4 30 522 161 20 540
14387 4 2 4 30 684 33 679 244
14388 4 2 4 30 376 3 59 398
14389 4 2 4 30 9 435 441 453
14390 4 2 4 30 1745 2668 1748 2739
14391 4 2 4 30 336 335 798 406
14392 4 2 4 30 2761 2825 117 2826
14393 4 2 4 30 702 1788 700 2779
14394 4 2 4 30 79 427 2867 2868
14395 4 2 4 30 336 798 797 406
14396 4 2 4 30 32 2805 2869 2913
14397 4 2 4 30 16 2768 137 2881
14398 4 2 4 30 182 2772 181 2773
14399 4 2 4 30 182 2749 192 2773
14400 4 2 4 30 2792 2794 38 2803
14401 4 2 4 30 626 629 223 2669
14402 4 2 4 30 286 1787 2747 2784
14403 4 2 4 30 668 231 652 2678
14404 4 2 4 30 507 16 506 2771
14405 4 2 4 30 255 2689 2642 2822
14406 4 2 4 30 278 717 279 2670
14407 4 2 4 30 142 16 128 2768
14408 4 2 4 30 446 455 454 472
14409 4 2 4 30 3 403 376 407
14410 4 2 4 30 683 34 258 680
14411 4 2 4 30 256 2822 2711 2842
14412 4 2 4 30 570 594 598 2749
14413 4 2 4 30 237 1792 2706 2767
14414 4 2 4 30 2727 2774 2644 2792
14415 4 2 4 30 1756 2732 2731 2806
14416 4 2 4 30 2657 2714 2694 2909
14417 4 2 4 30 600 196 2800 2865
14418 4 2 4 30 14 115 130 2826
14419 4 2 4 30 610 609 605 2669
14420 4 2 4 30 212 605 609 2669
14421 4 2 4 30 589 200 593 2752
14422 4 2 4 30 256 2711 35 2842
14423 4 2 4 30 45 311 774 2740
14424 4 2 4 30 1792 1791 2706 2767
14425 4 2 4 30 19 146 515 529
14426 4 2 4 30 41 302 744 758
14427 4 2 4 30 245 2727 34 2767
14428 4 2 4 30 21 2750 2751 2846
14429 4 2 4 30 19 2751 548 2848
14430 4 2 4 30 2667 2743 2868 2912
14431 4 2 4 30 190 2725 2762 2919
14432 4 2 4 30 284 2658 274 2851
14433 4 2 4 30 162 2732 2731 2914
14434 4 2 4 30 93 2868 92 2912
14435 4 2 4 30 16 513 137 2739
14436 4 2 4 30 50 341 70 2850
14437 4 2 4 30 2674 2770 2673 2797
14438 4 2 4 30 11 96 2640 2778
14439 4 2 4 30 137 2668 506 2771
14440 4 2 4 30 169 561 170 2789
14441 4 2 4 30 255 2642 689 2821
14442 4 2 4 30 668 652 651 2678
14443 4 2 4 30 44 769 766 2856
14444 4 2 4 30 25 191 600 2800
14445 4 2 4 30 131 511 15 2781
14446 4 2 4 30 558 557 560 583
14447 4 2 4 30 200 611 592 2752
14448 4 2 4 30 256 255 2821 2822
14449 4 2 4 30 398 408 421 420
14450 4 2 4 30 507 1777 509 503
14451 4 2 4 30 563 553 554 2662
14452 4 2 4 30 140 2739 2696 2806
14453 4 2 4 30 216 2726 2834 2837
14454 4 2 4 30 147 19 528 2824
14455 4 2 4 30 502 1777 132 503
14456 4 2 4 30 2754 2820 73 2917
14457 4 2 4 30 194 204 195 2865
14458 4 2 4 30 178 22 2804 2919
14459 4 2 4 30 180 561 582 2789
14460 4 2 4 30 226 631 643 644
14461 4 2 4 30 1742 89 1743 2847
14462 4 2 4 30 616 2834 2726 2865
14463 4 2 4 30 466 465 464 2690
14464 4 2 4 30 182 181 2749 2773
14465 4 2 4 30 412 2716 2777 2857
14466 4 2 4 30 614 608 597 596
14467 4 2 4 30 1756 2705 2731 2823
14468 4 2 4 30 107 2640 1744 2730
14469 4 2 4 30 689 685 2642 2689
14470 4 2 4 30 521 543 516 2712
14471 4 2 4 30 659 650 660 238
14472 4 2 4 30 175 556 174 2744
14473 4 2 4 30 190 2762 24 2919
14474 4 2 4 30 1778 2695 377 2757
14475 4 2 4 30 144 145 2758 2828
14476 4 2 4 30 229 653 230 2682
14477 4 2 4 30 606 604 623 622
14478 4 2 4 30 199 2793 200 2860
14479 4 2 4 30 534 535 553 2662
14480 4 2 4 30 782 324 323 796
14481 4 2 4 30 1741 7 83 2847
14482 4 2 4 30 212 2721 2814 2815
14483 4 2 4 30 759 299 760 2910
14484 4 2 4 30 45 1759 316 767
14485 4 2 4 30 314 315 43 771
14486 4 2 4 30 5 398 420 2907
14487 4 2 4 30 2739 2768 1745 2881
14488 4 2 4 30 114 465 466 2690
14489 4 2 4 30 80 2867 2857 2868
14490 4 2 4 30 45 778 780 1759
14491 4 2 4 30 160 2824 19 2848
14492 4 2 4 30 104 2761 103 2835
14493 4 2 4 30 1776 726 2736 2784
14494 4 2 4 30 579 575 590 594
14495 4 2 4 30 101 446 10 2847
14496 4 2 4 30 543 521 540 2712
14497 4 2 4 30 232 31 240 664
14498 4 2 4 30 189 2762 2725 2793
14499 4 2 4 30 594 570 577 2749
14500 4 2 4 30 96 95 451 2640
14501 4 2 4 30 405 406 798 403
14502 4 2 4 30 2709 2781 1779 2836
14503 4 2 4 30 678 2689 677 2879
14504 4 2 4 30 780 45 1759 328
14505 4 2 4 30 126 2668 1745 2881
14506 4 2 4 30 323 47 2757 2783
14507 4 2 4 30 256 2821 266 2822
14508 4 2 4 30 10 449 450 428
14509 4 2 4 30 224 225 627 2704
14510 4 2 4 30 315 316 1775 2671
14511 4 2 4 30 448 447 446 472
14512 4 2 4 30 428 89 10 2847
14513 4 2 4 30 274 2658 273 2851
14514 4 2 4 30 83 7 1741 2917
14515 4 2 4 30 220 29 635 2837
14516 4 2 4 30 2695 2798 2757 2810
14517 4 2 4 30 538 536 1785 2662
14518 4 2 4 30 2804 2823 2731 2919
14519 4 2 4 30 2723 2846 2750 2895
14520 4 2 4 30 180 582 581 2789
14521 4 2 4 30 47 790 328 2783
14522 4 2 4 30 695 2658 702 2874
14523 4 2 4 30 552 563 561 2891
14524 4 2 4 30 182 2773 192 2800
14525 4 2 4 30 607 591 204 608
14526 4 2 4 30 552 561 2789 2891
14527 4 2 4 30 444 8 94 2912
14528 4 2 4 30 469 109 13 475
14529 4 2 4 30 26 197 2725 2793
14530 4 2 4 30 154 532 18 2806
14531 4 2 4 30 323 790 47 2783
14532 4 2 4 30 2695 2810 2694 2911
14533 4 2 4 30 12 2761 118 2826
14534 4 2 4 30 316 45 774 2740
14535 4 2 4 30 322 768 321 2856
14536 4 2 4 30 1776 2658 714 2784
14537 4 2 4 30 198 199 589 2688
14538 4 2 4 30 130 2825 2768 2826
14539 4 2 4 30 609 611 211 2752
14540 4 2 4 30 14 1745 114 2826
14541 4 2 4 30 2716 2857 66 2867
14542 4 2 4 30 2673 2797 2770 2900
14543 4 2 4 30 33 663 666 244
14544 4 2 4 30 539 537 163 2796
14545 4 2 4 30 604 624 625 623
14546 4 2 4 30 557 560 583 564
14547 4 2 4 30 223 2721 2815 2888
14548 4 2 4 30 376 4 404 403
14549 4 2 4 30 201 200 2793 2860
14550 4 2 4 30 1778 2694 2757 2783
14551 4 2 4 30 679 686 681 666
14552 4 2 4 30 285 2658 1787 2784
14553 4 2 4 30 2679 2848 2758 2849
14554 4 2 4 30 446 454 448 472
14555 4 2 4 30 563 552 553 2662
14556 4 2 4 30 1737 2762 2705 2823
14557 4 2 4 30 143 530 17 2849
14558 4 2 4 30 176 555 175 2738
14559 4 2 4 30 2782 2783 325 2810
14560 4 2 4 30 738 2736 726 2784
14561 4 2 4 30 13 463 469 475
14562 4 2 4 30 631 225 648 2916
14563 4 2 4 30 1748 2739 139 2806
14564 4 2 4 30 631 643 644 642
14565 4 2 4 30 341 2777 70 2850
14566 4 2 4 30 1773 2694 1778 2740
14567 4 2 4 30 631 632 630 2916
14568 4 2 4 30 2755 2756 2695 2798
14569 4 2 4 30 1786 2700 2730 2778
14570 4 2 4 30 291 2871 290 2882
14571 4 2 4 30 633 229 219 2682
14572 4 2 4 30 439 93 94 413
14573 4 2 4 30 562 582 561 2891
14574 4 2 4 30 2705 2804 2731 2919
14575 4 2 4 30 194 2800 193 2865
14576 4 2 4 30 1773 1775 2657 2740
14577 4 2 4 30 469 1744 464 2819
14578 4 2 4 30 2692 2725 1767 2793
14579 4 2 4 30 2622 2694 2657 2714
14580 4 2 4 30 32 2767 2706 2869
14581 4 2 4 30 15 136 2780 2781
14582 4 2 4 30 534 553 168 2662
14583 4 2 4 30 736 729 40 2878
14584 4 2 4 30 428 449 450 436
14585 4 2 4 30 486 142 16 487
14586 4 2 4 30 755 43 756 2671
14587 4 2 4 30 2656 2715 2634 2777
14588 4 2 4 30 591 203 204 608
14589 4 2 4 30 283 284 38 2803
14590 4 2 4 30 457 9 95 2778
14591 4 2 4 30 137 2768 2739 2881
14592 4 2 4 30 727 291 290 2882
14593 4 2 4 30 127 128 16 2768
14594 4 2 4 30 137 506 16 2771
14595 4 2 4 30 515 146 19 528
14596 4 2 4 30 744 302 41 757
14597 4 2 4 30 671 249 672 2833
14598 4 2 4 30 2798 2810 2695 2911
14599 4 2 4 30 119 2709 1744 2836
14600 4 2 4 30 296 2747 2844 2903
14601 4 2 4 30 317 46 333 763
14602 4 2 4 30 2756 2757 2695 2798
14603 4 2 4 30 301 2909 2714 2910
14604 4 2 4 30 2683 2700 2685 2753
14605 4 2 4 30 310 755 309 1761
14606 4 2 4 30 133 132 502 2735
14607 4 2 4 30 18 532 149 2806
14608 4 2 4 30 1775 2681 2657 2910
14609 4 2 4 30 2685 2753 2700 2778
14610 4 2 4 30 2708 2730 2700 2841
14611 4 2 4 30 100 2685 9 2778
14612 4 2 4 30 450 106 10 428
14613 4 2 4 30 681 679 666 678
14614 4 2 4 30 2665 2681 1772 2871
14615 4 2 4 30 83 442 7 2917
14616 4 2 4 30 658 650 662 670
14617 4 2 4 30 37 278 268 721
14618 4 2 4 30 593 592 612 2752
14619 4 2 4 30 316 315 771 2671
14620 4 2 4 30 192 2773 193 2800
14621 4 2 4 30 612 592 611 2752
14622 4 2 4 30 803 794 782 786
14623 4 2 4 30 225 2704 235 2916
14624 4 2 4 30 526 154 18 500
14625 4 2 4 30 323 2783 2757 2810
14626 4 2 4 30 582 584 581 2891
14627 4 2 4 30 2653 2635 2857 2868
14628 4 2 4 30 779 770 778 784
14629 4 2 4 30 516 2712 543 2729
14630 4 2 4 30 1776 2784 714 2882
14631 4 2 4 30 2625 2761 2660 2825
14632 4 2 4 30 583 2675 584 2891
14633 4 2 4 30 714 736 726 2784
14634 4 2 4 30 2715 2831 2777 2857
14635 4 2 4 30 77 6 426 2867
14636 4 2 4 30 1778 2740 2694 2783
14637 4 2 4 30 464 107 11 2640
14638 4 2 4 30 738 726 736 2784
14639 4 2 4 30 315 43 1775 2910
14640 4 2 4 30 2642 2689 1751 2822
14641 4 2 4 30 593 612 592 597
14642 4 2 4 30 2681 2714 2657 2910
14643 4 2 4 30 2660 2667 1755 2835
14644 4 2 4 30 286 40 296 2747
14645 4 2 4 30 17 143 133 510
14646 4 2 4 30 526 505 500 18
14647 4 2 4 30 129 2763 2768 2825
14648 4 2 4 30 198 589 590 2688
14649 4 2 4 30 11 2640 2730 2778
14650 4 2 4 30 47 1778 2757 2783
14651 4 2 4 30 271 270 36 701
14652 4 2 4 30 168 553 552 2662
14653 4 2 4 30 2708 2780 2709 2841
14654 4 2 4 30 1762 2834 2654 2865
14655 4 2 4 30 65 394 399 2907
14656 4 2 4 30 127 2768 16 2881
14657 4 2 4 30 5 376 398 2907
14658 4 2 4 30 142 128 16 487
14659 4 2 4 30 776 2719 2832 2900
14660 4 2 4 30 323 47 782 796
14661 4 2 4 30 146 19 155 529
14662 4 2 4 30 253 684 33 252
14663 4 2 4 30 600 2800 194 2865
14664 4 2 4 30 273 702 1788 2658
14665 4 2 4 30 405 798 802 403
14666 4 2 4 30 264 265 35 703
14667 4 2 4 30 130 491 129 2829
14668 4 2 4 30 767 1759 2671 2856
14669 4 2 4 30 767 1759 316 2671
14670 4 2 4 30 1777 509 502 2735
14671 4 2 4 30 1785 538 2662 2796
14672 4 2 4 30 2695 2756 377 2757
14673 4 2 4 30 2702 2803 2747 2844
14674 4 2 4 30 38 269 283 2794
14675 4 2 4 30 321 2832 44 2900
14676 4 2 4 30 2656 2777 2634 2901
14677 4 2 4 30 1762 2834 2726 2837
14678 4 2 4 30 589 2688 1738 2749
14679 4 2 4 30 742 293 42 2903
14680 4 2 4 30 2731 2732 20 2806
14681 4 2 4 30 1746 552 2789 2891
14682 4 2 4 30 661 1793 662 2698
14683 4 2 4 30 262 2774 36 2792
14684 4 2 4 30 315 1775 2740 2910
14685 4 2 4 30 608 612 614 597
14686 4 2 4 30 13 108 109 469
14687 4 2 4 30 177 185 24 564
14688 4 2 4 30 1787 2702 2644 2851
14689 4 2 4 30 555 556 175 2744
14690 4 2 4 30 310 2770 44 2832
14691 4 2 4 30 2660 2826 2761 2835
14692 4 2 4 30 199 1739 2688 2793
14693 4 2 4 30 289 728 39 275
14694 4 2 4 30 315 314 43 2910
14695 4 2 4 30 94 8 439 413
14696 4 2 4 30 310 1761 2832 2856
14697 4 2 4 30 120 119 488 2836
14698 4 2 4 30 770 787 778 784
14699 4 2 4 30 38 274 284 719
14700 4 2 4 30 327 780 45 311
14701 4 2 4 30 700 687 698 2779
14702 4 2 4 30 631 226 30 644
14703 4 2 4 30 583 2738 2675 2891
14704 4 2 4 30 2684 2755 2754 2820
14705 4 2 4 30 2683 2685 2684 2754
14706 4 2 4 30 314 2909 299 2910
14707 4 2 4 30 2634 2719 2656 2902
14708 4 2 4 30 2746 2794 2702 2803
14709 4 2 4 30 1773 2657 2694 2740
14710 4 2 4 30 2705 2731 2823 2919
14711 4 2 4 30 582 583 584 2891
14712 4 2 4 30 40 281 720 2878
14713 4 2 4 30 1785 2662 536 2729
14714 4 2 4 30 709 2792 38 2851
14715 4 2 4 30 262 698 687 2779
14716 4 2 4 30 563 2662 554 2744
14717 4 2 4 30 40 296 2747 2844
14718 4 2 4 30 769 305 44 749
14719 4 2 4 30 2747 2803 40 2844
14720 4 2 4 30 579 572 570 594
14721 4 2 4 30 633 219 218 2682
14722 4 2 4 30 14 130 2768 2826
14723 4 2 4 30 201 2793 2814 2860
14724 4 2 4 30 1739 199 2688 2752
14725 4 2 4 30 242 663 243 2813
14726 4 2 4 30 2673 2674 1770 2770
14727 4 2 4 30 12 2761 2826 2835
14728 4 2 4 30 609 2752 2669 2760
14729 4 2 4 30 2727 2767 1791 2774
14730 4 2 4 30 285 2803 1787 2851
14731 4 2 4 30 666 679 33 244
14732 4 2 4 30 437 435 9 2847
14733 4 2 4 30 414 415 439 413
14734 4 2 4 30 65 399 4 2907
14735 4 2 4 30 12 118 2761 2835
14736 4 2 4 30 314 299 43 2910
14737 4 2 4 30 22 2823 2804 2919
14738 4 2 4 30 174 2796 173 2914
14739 4 2 4 30 130 115 14 470
14740 4 2 4 30 248 249 671 2833
14741 4 2 4 30 1744 2690 464 2819
14742 4 2 4 30 40 2747 286 2803
14743 4 2 4 30 680 34 258 259
14744 4 2 4 30 546 21 553 2699
14745 4 2 4 30 582 562 583 2891
14746 4 2 4 30 754 755 756 2736
14747 4 2 4 30 83 1741 2685 2917
14748 4 2 4 30 2685 2754 2753 2917
14749 4 2 4 30 11 96 97 451
14750 4 2 4 30 2719 2887 2673 2900
14751 4 2 4 30 1777 503 507 2668
14752 4 2 4 30 193 595 1738 2749
14753 4 2 4 30 1742 446 101 2847
14754 4 2 4 30 698 271 36 701
14755 4 2 4 30 2725 2793 2692 2814
14756 4 2 4 30 30 226 637 2888
14757 4 2 4 30 225 627 2704 2916
14758 4 2 4 30 283 38 2794 2803
14759 4 2 4 30 311 2782 2740 2783
14760 4 2 4 30 2767 2774 2727 2812
14761 4 2 4 30 302 41 287 758
14762 4 2 4 30 1766 1760 2656 2719
14763 4 2 4 30 672 671 669 661
14764 4 2 4 30 1777 502 132 2735
14765 4 2 4 30 2683 2753 2685 2754
14766 4 2 4 30 1739 2692 2793 2860
14767 4 2 4 30 2660 2761 2667 2835
14768 4 2 4 30 2758 2848 2828 2849
14769 4 2 4 30 12 103 102 455
14770 4 2 4 30 194 2654 205 2865
14771 4 2 4 30 767 2671 766 2856
14772 4 2 4 30 83 1741 9 2685
14773 4 2 4 30 406 407 798 403
14774 4 2 4 30 648 643 631 2916
14775 4 2 4 30 37 277 263 2861
14776 4 2 4 30 244 684 33 253
14777 4 2 4 30 299 2909 300 2910
14778 4 2 4 30 703 265 35 705
14779 4 2 4 30 97 112 11 451
14780 4 2 4 30 394 423 399 2907
14781 4 2 4 30 334 1760 46 2719
14782 4 2 4 30 145 2729 155 2828
14783 4 2 4 30 34 680 250 259
14784 4 2 4 30 612 611 609 2752
14785 4 2 4 30 322 321 2832 2856
14786 4 2 4 30 780 765 45 311
14787 4 2 4 30 1737 2738 2762 2823
14788 4 2 4 30 594 2688 589 2749
14789 4 2 4 30 146 147 19 528
14790 4 2 4 30 302 303 41 757
14791 4 2 4 30 755 756 1761 2671
14792 4 2 4 30 50 2777 341 2850
14793 4 2 4 30 763 46 333 779
14794 4 2 4 30 584 2675 581 2891
14795 4 2 4 30 127 489 126 2881
14796 4 2 4 30 158 159 21 546
14797 4 2 4 30 1744 107 464 2640
14798 4 2 4 30 562 561 563 2891
14799 4 2 4 30 115 114 14 470
14800 4 2 4 30 1776 280 2871 2882
14801 4 2 4 30 14 470 114 2690
14802 4 2 4 30 24 2762 185 2919
14803 4 2 4 30 168 552 1746 2662
14804 4 2 4 30 4 399 398 2907
14805 4 2 4 30 632 643 631 642
14806 4 2 4 30 658 32 660 650
14807 4 2 4 30 669 672 2811 2833
14808 4 2 4 30 1745 2668 125 2690
14809 4 2 4 30 304 1775 43 2910
14810 4 2 4 30 30 221 2815 2888
14811 4 2 4 30 1751 2670 2642 2822
14812 4 2 4 30 560 583 582 562
14813 4 2 4 30 489 16 127 486
14814 4 2 4 30 597 608 591 596
14815 4 2 4 30 2635 2653 2667 2868
14816 4 2 4 30 571 584 570 2749
14817 4 2 4 30 39 280 718 2882
14818 4 2 4 30 536 2712 1785 2729
14819 4 2 4 30 34 2767 2727 2812
14820 4 2 4 30 2723 2751 2750 2846
14821 4 2 4 30 1742 101 10 2847
14822 4 2 4 30 577 570 584 2749
14823 4 2 4 30 489 16 486 2771
14824 4 2 4 30 1744 2640 464 2690
14825 4 2 4 30 626 627 1740 2669
14826 4 2 4 30 399 420 423 419
14827 4 2 4 30 2634 2656 2901 2902
14828 4 2 4 30 562 563 558 2891
14829 4 2 4 30 631 627 225 2916
14830 4 2 4 30 16 2739 137 2768
14831 4 2 4 30 118 103 12 455
14832 4 2 4 30 165 164 22 545
14833 4 2 4 30 281 729 40 295
14834 4 2 4 30 782 794 803 796
14835 4 2 4 30 2680 2711 1751 2842
14836 4 2 4 30 89 8 444 2912
14837 4 2 4 30 275 722 39 2862
14838 4 2 4 30 2667 2761 2743 2835
14839 4 2 4 30 2768 2825 2660 2826
14840 4 2 4 30 265 256 35 705
14841 4 2 4 30 459 10 106 2835
14842 4 2 4 30 1791 2774 2767 2812
14843 4 2 4 30 660 658 650 659
14844 4 2 4 30 1761 2671 756 2736
14845 4 2 4 30 1770 2673 2770 2832
14846 4 2 4 30 1787 2803 2702 2851
14847 4 2 4 30 164 173 22 545
14848 4 2 4 30 48 1760 334 2719
14849 4 2 4 30 248 2698 1792 2833
14850 4 2 4 30 2702 2747 2674 2844
14851 4 2 4 30 2694 2783 2782 2810
14852 4 2 4 30 109 13 124 2841
14853 4 2 4 30 610 609 2669 2760
14854 4 2 4 30 1777 503 2668 2836
14855 4 2 4 30 1767 2725 2705 2762
14856 4 2 4 30 320 305 44 769
14857 4 2 4 30 2692 2814 2793 2860
14858 4 2 4 30 582 2789 561 2891
14859 4 2 4 30 2740 2909 314 2910
14860 4 2 4 30 142 2739 16 2768
14861 4 2 4 30 321 769 44 2856
14862 4 2 4 30 687 688 262 2779
14863 4 2 4 30 756 755 1761 2736
14864 4 2 4 30 280 39 2862 2871
14865 4 2 4 30 1740 2687 2669 2760
14866 4 2 4 30 32 246 660 238
14867 4 2 4 30 733 41 744 758
14868 4 2 4 30 44 321 320 769
14869 4 2 4 30 1793 669 667 2689
14870 4 2 4 30 18 140 139 504
14871 4 2 4 30 174 2744 556 2796
14872 4 2 4 30 9 95 1741 2847
14873 4 2 4 30 428 435 449 436
14874 4 2 4 30 1775 43 315 2671
14875 4 2 4 30 179 171 23 559
14876 4 2 4 30 1740 620 621 2687
14877 4 2 4 30 627 631 630 2916
14878 4 2 4 30 267 2821 2642 2822
14879 4 2 4 30 1793 669 2689 2811
14880 4 2 4 30 2792 2803 38 2851
14881 4 2 4 30 582 581 2789 2891
14882 4 2 4 30 2644 2792 2774 2851
14883 4 2 4 30 308 293 42 751
14884 4 2 4 30 555 554 556 2744
14885 4 2 4 30 182 2772 2773 2800
14886 4 2 4 30 20 152 161 522
14887 4 2 4 30 10 106 2835 2912
14888 4 2 4 30 2751 2828 2758 2848
14889 4 2 4 30 17 530 148 2849
14890 4 2 4 30 426 6 82 2867
14891 4 2 4 30 153 152 20 522
14892 4 2 4 30 309 308 42 751
14893 4 2 4 30 109 124 13 475
14894 4 2 4 30 167 158 21 546
14895 4 2 4 30 1777 2668 507 2672
14896 4 2 4 30 44 2832 2770 2900
14897 4 2 4 30 315 43 771 2671
14898 4 2 4 30 248 671 2698 2833
14899 4 2 4 30 695 2670 2658 2874
14900 4 2 4 30 2705 2762 2725 2919
14901 4 2 4 30 559 565 582 562
14902 4 2 4 30 2668 2771 137 2881
14903 4 2 4 30 667 2689 663 2813
14904 4 2 4 30 2747 2674 2844 2903
14905 4 2 4 30 249 2812 2811 2833
14906 4 2 4 30 45 311 2740 2783
14907 4 2 4 30 455 12 118 472
14908 4 2 4 30 193 2800 2773 2865
14909 4 2 4 30 2665 2862 2681 2871
14910 4 2 4 30 2758 2828 145 2849
14911 4 2 4 30 553 167 21 546
14912 4 2 4 30 702 695 1788 2658
14913 4 2 4 30 2660 2825 2761 2826
14914 4 2 4 30 729 281 40 2878
14915 4 2 4 30 2657 2694 2740 2909
14916 4 2 4 30 554 2744 2662 2796
14917 4 2 4 30 101 10 459 2835
14918 4 2 4 30 41 733 287 758
14919 4 2 4 30 2857 2867 2653 2868
14920 4 2 4 30 420 423 6 2907
14921 4 2 4 30 626 1740 621 2669
14922 4 2 4 30 465 464 2690 2819
14923 4 2 4 30 2642 2821 255 2822
14924 4 2 4 30 1745 2768 2660 2826
14925 4 2 4 30 89 1743 8 2912
14926 4 2 4 30 70 2777 2716 2850
14927 4 2 4 30 1737 2738 175 2744
14928 4 2 4 30 2726 2834 1762 2865
14929 4 2 4 30 289 39 728 290
14930 4 2 4 30 290 39 728 2882
14931 4 2 4 30 555 175 2738 2744
14932 4 2 4 30 271 36 262 698
14933 4 2 4 30 17 133 134 510
14934 4 2 4 30 663 242 668 2813
14935 4 2 4 30 399 408 398 420
14936 4 2 4 30 615 614 613 2760
14937 4 2 4 30 96 451 11 2640
14938 4 2 4 30 420 399 423 2907
14939 4 2 4 30 2653 2857 2716 2867
14940 4 2 4 30 1775 304 43 2671
14941 4 2 4 30 284 283 38 719
14942 4 2 4 30 650 32 660 238
14943 4 2 4 30 2758 2781 2679 2849
14944 4 2 4 30 667 663 668 2813
14945 4 2 4 30 7 442 88 2917
14946 4 2 4 30 1741 9 2685 2778
14947 4 2 4 30 610 613 614 2760
14948 4 2 4 30 2777 2901 2656 2902
14949 4 2 4 30 1739 2793 199 2860
14950 4 2 4 30 70 2716 4 2850
14951 4 2 4 30 1738 193 2773 2865
14952 4 2 4 30 559 23 179 582
14953 4 2 4 30 2694 2782 2740 2909
14954 4 2 4 30 278 37 277 721
14955 4 2 4 30 310 2832 44 2856
14956 4 2 4 30 559 565 23 582
14957 4 2 4 30 2667 2868 2653 2912
14958 4 2 4 30 1743 2653 2868 2912
14959 4 2 4 30 2715 2777 2716 2857
14960 4 2 4 30 545 544 542 2699
14961 4 2 4 30 15 121 122 494
14962 4 2 4 30 1787 2658 285 2851
14963 4 2 4 30 669 2811 1793 2833
14964 4 2 4 30 304 43 759 2910
14965 4 2 4 30 399 420 398 2907
14966 4 2 4 30 298 742 42 2903
14967 4 2 4 30 1787 2747 2702 2803
14968 4 2 4 30 249 2811 672 2833
14969 4 2 4 30 48 1760 2719 2902
14970 4 2 4 30 2770 2832 2673 2900
14971 4 2 4 30 296 40 729 295
14972 4 2 4 30 321 44 2832 2856
14973 4 2 4 30 2705 2823 2762 2919
14974 4 2 4 30 119 2819 488 2836
14975 4 2 4 30 695 1788 2658 2670
14976 4 2 4 30 483 488 2819 2836
14977 4 2 4 30 614 2654 2752 2760
14978 4 2 4 30 2675 2789 581 2891
14979 4 2 4 30 556 2744 554 2796
14980 4 2 4 30 309 1761 755 2736
14981 4 2 4 30 1741 83 9 2847
14982 4 2 4 30 2657 2740 1775 2910
14983 4 2 4 30 1740 2682 620 2687
14984 4 2 4 30 2716 2777 2656 2850
14985 4 2 4 30 4 398 376 2907
14986 4 2 4 30 484 2771 2668 2881
14987 4 2 4 30 1737 2675 2738 2744
14988 4 2 4 30 2673 2832 2719 2900
14989 4 2 4 30 280 39 2871 2882
14990 4 2 4 30 582 565 560 562
14991 4 2 4 30 16 489 127 2881
14992 4 2 4 30 2694 2740 2782 2783
14993 4 2 4 30 663 2813 2689 2879
14994 4 2 4 30 2714 2909 2657 2910
14995 4 2 4 30 2738 2744 2675 2891
14996 4 2 4 30 489 16 2771 2881
14997 4 2 4 30 2722 2726 1762 2865
14998 4 2 4 30 290 2871 39 2882
14999 4 2 4 30 2656 2719 1760 2902
15000 4 2 4 30 1746 2789 2675 2891
15001 4 2 4 30 759 43 299 2910
15002 4 2 4 30 2711 2822 1751 2842
15003 4 2 4 30 193 2749 1738 2773
15004 4 2 4 30 6 423 82 2907
15005 4 2 4 30 1793 2689 667 2813
15006 4 2 4 30 242 2678 668 2813
15007 4 2 4 30 36 687 262 698
15008 4 2 4 30 1740 621 2669 2687
15009 4 2 4 30 137 2771 16 2881
15010 4 2 4 30 2657 2909 2740 2910
15011 4 2 4 30 1744 2819 119 2836
15012 4 2 4 30 1793 2698 2678 2813
15013 4 2 4 30 375 2716 2656 2850
15014 4 2 4 30 1753 2758 2751 2828
15015 4 2 4 30 17 505 526 18
15016 4 2 4 30 188 580 573 189
15017 4 2 4 30 50 1759 794 346
15018 4 2 4 30 739 40 39 711
15019 4 2 4 30 36 696 687 698
15020 4 2 4 30 505 510 508 509
15021 4 2 4 30 505 17 518 18
15022 4 2 4 30 36 704 696 699
15023 4 2 4 30 699 37 38 712
15024 4 2 4 30 739 40 714 39
15025 4 2 4 30 42 41 726 754
15026 4 2 4 30 40 739 714 736
15027 4 2 4 30 1759 49 794 340
15028 4 2 4 30 712 695 37 38
15029 4 2 4 30 50 1759 346 1760
15030 4 2 4 30 733 42 734 754
15031 4 2 4 30 465 491 462 463
15032 4 2 4 30 699 37 712 704
15033 4 2 4 30 1744 1741 1786 2640
15034 4 2 4 30 1744 1742 1741 2640
15035 4 2 4 30 1765 1791 1787 2644
15036 4 2 4 30 1743 1755 375 2653
15037 4 2 4 30 1738 1762 1740 2654
15038 4 2 4 30 1787 1788 1776 2658
15039 4 2 4 30 1746 1785 1753 2662
15040 4 2 4 30 1748 1745 1777 2668
15041 4 2 4 30 1776 1788 1751 2670
15042 4 2 4 30 1788 2642 1751 2670
15043 4 2 4 30 1761 1775 1759 2671
15044 4 2 4 30 1777 1785 1748 2672
15045 4 2 4 30 1738 1737 1746 2675
15046 4 2 4 30 1740 1752 1793 2678
15047 4 2 4 30 1740 1762 1752 2682
15048 4 2 4 30 1752 2678 1740 2682
15049 4 2 4 30 1762 1740 2654 2687
15050 4 2 4 30 1739 1737 1738 2688
15051 4 2 4 30 1751 1793 1752 2689
15052 4 2 4 30 1744 1745 1742 2690
15053 4 2 4 30 1767 1739 1774 2692
15054 4 2 4 30 1740 1793 1792 2698
15055 4 2 4 30 1740 2678 1793 2698
15056 4 2 4 30 1739 1740 1774 2721
15057 4 2 4 30 1739 2669 1740 2721
15058 4 2 4 30 1748 1785 1756 2732
15059 4 2 4 30 1737 1785 1746 2744
15060 4 2 4 30 1785 2662 1746 2744
15061 4 2 4 30 1737 2675 1738 2749
15062 4 2 4 30 1737 1738 2688 2749
15063 4 2 4 30 1740 2654 2687 2760
15064 4 2 4 30 1739 1740 2669 2760
15065 4 2 4 30 1738 1746 1747 2773
15066 4 2 4 30 1738 1747 1762 2773
15067 4 2 4 30 1785 1777 1753 2828
15068 4 2 4 30 1770 1761 1760 2832
15069 4 2 4 30 1793 1791 1792 2833
15070 4 2 4 30 1744 1779 1777 2836
15071 4 2 4 30 32 31 650 2839
15072 4 2 4 30 1741 1742 1743 2847
15073 4 2 4 30 375 1760 376 2850
15074 4 2 4 30 1787 1791 1788 2851
15075 4 2 4 30 1787 2644 1791 2851
15076 4 2 4 30 1761 2671 1759 2856
15077 4 2 4 30 1759 1760 1761 2856
15078 4 2 4 30 1760 2832 1761 2856
15079 4 2 4 30 720 711 40 2878
15080 4 2 4 30 736 739 737 2878
15081 4 2 4 30 5 6 414 2907
15082 4 2 4 30 5 71 1741 2907
15083 4 2 4 30 5 422 71 2907
15084 4 2 4 30 59 377 76 2756
15085 4 2 4 30 2820 377 76 5
15086 4 2 4 30 2820 76 377 2756
15087 4 2 4 30 134 2799 2849 148
15088 4 2 4 30 2849 2799 134 135
15089 4 2 4 30 591 194 204 195
15090 4 2 4 30 591 204 194 599
15091 4 2 4 30 1756 2914 1785 1737
15092 4 2 4 30 1785 2914 1756 2732
15093 4 2 4 30 41 754 744 756
15094 4 2 4 30 41 744 754 733
15095 4 2 4 30 793 331 2719 332
15096 4 2 4 30 793 2719 331 2902
15097 4 2 4 30 87 2904 2754 86
15098 4 2 4 30 2754 2904 87 2893
15099 4 2 4 30 83 443 2685 84
15100 4 2 4 30 83 2685 443 2917
15101 4 2 4 30 85 2685 443 84
15102 4 2 4 30 85 443 2685 2917
15103 4 2 4 30 2646 572 2830 579
15104 4 2 4 30 2646 2830 572 184
15105 4 2 4 30 23 2830 572 579
15106 4 2 4 30 23 572 2830 184
15107 4 2 4 30 578 2738 574 576
15108 4 2 4 30 578 574 2738 187
15109 4 2 4 30 480 136 15 501
15110 4 2 4 30 2747 2784 1761 2736
15111 4 2 4 30 2747 1761 2784 1787
15112 4 2 4 30 1776 1761 2784 2736
15113 4 2 4 30 1776 2784 1761 1787
15114 4 2 4 30 681 685 2811 688
15115 4 2 4 30 681 2811 685 678
15116 4 2 4 30 2820 1741 5 71
15117 4 2 4 30 677 689 2689 678
15118 4 2 4 30 2689 689 677 254
15119 4 2 4 30 468 2816 472 471
15120 4 2 4 30 472 2816 468 117
15121 4 2 4 30 2877 111 2787 2808
15122 4 2 4 30 2877 2787 111 2866
15123 4 2 4 30 2739 137 2668 138
15124 4 2 4 30 2739 2668 137 2881
15125 4 2 4 30 2646 2884 2676 25
15126 4 2 4 30 2646 2676 2884 2838
15127 4 2 4 30 196 2676 2884 25
15128 4 2 4 30 196 2884 2676 2838
15129 4 2 4 30 2869 2880 2643 380
15130 4 2 4 30 2643 2880 2869 2637
15131 4 2 4 30 180 586 2772 181
15132 4 2 4 30 2772 586 180 2846
15133 4 2 4 30 466 1742 12 113
15134 4 2 4 30 231 668 664 241
15135 4 2 4 30 664 668 231 652
15136 4 2 4 30 664 232 231 241
15137 4 2 4 30 231 232 664 652
15138 4 2 4 30 662 669 1793 661
15139 4 2 4 30 662 1793 669 667
15140 4 2 4 30 2905 61 2798 62
15141 4 2 4 30 2905 2798 61 2809
15142 4 2 4 30 2755 2798 61 62
15143 4 2 4 30 2755 61 2798 2809
15144 4 2 4 30 520 139 18 149
15145 4 2 4 30 18 139 520 504
15146 4 2 4 30 2770 1761 2747 1770
15147 4 2 4 30 2747 1761 2770 2903
15148 4 2 4 30 2747 2674 2770 1770
15149 4 2 4 30 2770 2674 2747 2903
15150 4 2 4 30 2814 209 2876 202
15151 4 2 4 30 2814 2876 209 28
15152 4 2 4 30 2884 2876 209 202
15153 4 2 4 30 2884 209 2876 28
15154 4 2 4 30 554 557 2744 555
15155 4 2 4 30 2744 557 554 558
15156 4 2 4 30 2737 2817 57 379
15157 4 2 4 30 57 2817 2737 2634
15158 4 2 4 30 2842 255 2689 254
15159 4 2 4 30 2842 2689 255 2822
15160 4 2 4 30 28 27 2884 608
15161 4 2 4 30 28 2884 27 2838
15162 4 2 4 30 292 726 41 756
15163 4 2 4 30 41 726 292 727
15164 4 2 4 30 18 518 504 520
15165 4 2 4 30 18 504 518 505
15166 4 2 4 30 699 269 38 701
15167 4 2 4 30 518 502 510 509
15168 4 2 4 30 518 510 502 143
15169 4 2 4 30 2893 2748 2631 2741
15170 4 2 4 30 2893 2631 2748 2795
15171 4 2 4 30 2733 2879 2813 243
15172 4 2 4 30 2813 2879 2733 2689
15173 4 2 4 30 2858 453 2701 432
15174 4 2 4 30 2858 2701 453 452
15175 4 2 4 30 99 2701 453 432
15176 4 2 4 30 99 453 2701 452
15177 4 2 4 30 377 59 376 3
15178 4 2 4 30 415 440 2741 417
15179 4 2 4 30 415 2741 440 438
15180 4 2 4 30 1760 50 2656 346
15181 4 2 4 30 1760 2656 50 2850
15182 4 2 4 30 2876 2725 26 2693
15183 4 2 4 30 2816 473 2697 2787
15184 4 2 4 30 2816 2697 473 471
15185 4 2 4 30 278 2665 37 268
15186 4 2 4 30 278 37 2665 2861
15187 4 2 4 30 19 544 160 542
15188 4 2 4 30 19 160 544 527
15189 4 2 4 30 2824 160 544 542
15190 4 2 4 30 2824 544 160 527
15191 4 2 4 30 2898 783 764 2788
15192 4 2 4 30 2898 764 783 784
15193 4 2 4 30 763 764 783 2788
15194 4 2 4 30 763 783 764 784
15195 4 2 4 30 161 2712 2732 162
15196 4 2 4 30 2732 2712 161 151
15197 4 2 4 30 2870 251 686 2734
15198 4 2 4 30 2870 686 251 690
15199 4 2 4 30 2714 288 2681 2664
15200 4 2 4 30 2714 2681 288 287
15201 4 2 4 30 2886 2 2786 2737
15202 4 2 4 30 2886 2786 2 381
15203 4 2 4 30 2779 2811 685 688
15204 4 2 4 30 685 2811 2779 2689
15205 4 2 4 30 2771 2668 2836 483
15206 4 2 4 30 2836 2668 2771 503
15207 4 2 4 30 2836 482 2771 483
15208 4 2 4 30 2771 482 2836 503
15209 4 2 4 30 9 10 428 449
15210 4 2 4 30 428 10 9 2847
15211 4 2 4 30 428 435 9 449
15212 4 2 4 30 9 435 428 2847
15213 4 2 4 30 76 2756 60 59
15214 4 2 4 30 60 2756 76 2755
15215 4 2 4 30 435 7 2847 437
15216 4 2 4 30 435 2847 7 428
15217 4 2 4 30 2798 336 2757 337
15218 4 2 4 30 2873 2831 395 68
15219 4 2 4 30 2873 395 2831 2713
15220 4 2 4 30 67 395 2831 68
15221 4 2 4 30 67 2831 395 2713
15222 4 2 4 30 399 401 2748 400
15223 4 2 4 30 399 2748 401 408
15224 4 2 4 30 131 482 2836 488
15225 4 2 4 30 2836 482 131 503
15226 4 2 4 30 69 2873 2777 342
15227 4 2 4 30 2777 2873 69 68
15228 4 2 4 30 235 2704 2706 236
15229 4 2 4 30 2706 2704 235 2888
15230 4 2 4 30 755 751 2736 754
15231 4 2 4 30 755 2736 751 309
15232 4 2 4 30 522 526 2896 153
15233 4 2 4 30 2896 526 522 525
15234 4 2 4 30 46 778 770 45
15235 4 2 4 30 770 778 46 779
15236 4 2 4 30 20 2804 2710 166
15237 4 2 4 30 2710 2804 20 153
15238 4 2 4 30 20 2710 2896 166
15239 4 2 4 30 2896 2710 20 153
15240 4 2 4 30 20 2896 544 166
15241 4 2 4 30 314 313 2740 775
15242 4 2 4 30 2740 313 314 2909
15243 4 2 4 30 752 758 2720 746
15244 4 2 4 30 2720 758 752 301
15245 4 2 4 30 523 529 2729 517
15246 4 2 4 30 2729 529 523 145
15247 4 2 4 30 2687 634 606 217
15248 4 2 4 30 2687 606 634 622
15249 4 2 4 30 628 606 634 217
15250 4 2 4 30 628 634 606 622
15251 4 2 4 30 304 757 2736 303
15252 4 2 4 30 2736 1775 304 303
15253 4 2 4 30 304 1775 2736 2671
15254 4 2 4 30 335 64 2757 49
15255 4 2 4 30 2757 64 377 49
15256 4 2 4 30 2757 377 64 2756
15257 4 2 4 30 377 3 64 2756
15258 4 2 4 30 2904 2742 2701 2858
15259 4 2 4 30 2904 2701 2742 2741
15260 4 2 4 30 2627 2701 2742 2858
15261 4 2 4 30 2627 2742 2701 2741
15262 4 2 4 30 2884 612 28 608
15263 4 2 4 30 2884 28 612 209
15264 4 2 4 30 647 2839 31 642
15265 4 2 4 30 31 2839 647 227
15266 4 2 4 30 2884 592 26 202
15267 4 2 4 30 2884 26 592 597
15268 4 2 4 30 2726 208 2724 215
15269 4 2 4 30 2726 2724 208 27
15270 4 2 4 30 2838 2724 208 215
15271 4 2 4 30 2838 208 2724 27
15272 4 2 4 30 2689 1788 1751 1793
15273 4 2 4 30 2689 1751 1788 2642
15274 4 2 4 30 299 313 772 752
15275 4 2 4 30 772 313 299 314
15276 4 2 4 30 2895 384 2636 2676
15277 4 2 4 30 2895 2636 384 2638
15278 4 2 4 30 21 560 2894 565
15279 4 2 4 30 2835 2864 2761 2743
15280 4 2 4 30 2835 2761 2864 105
15281 4 2 4 30 104 2761 2864 2743
15282 4 2 4 30 104 2864 2761 105
15283 4 2 4 30 2890 66 2857 81
15284 4 2 4 30 2890 2857 66 67
15285 4 2 4 30 24 582 560 583
15286 4 2 4 30 24 560 582 2830
15287 4 2 4 30 23 2830 2646 184
15288 4 2 4 30 2646 2830 23 2894
15289 4 2 4 30 2646 2895 23 184
15290 4 2 4 30 23 2895 2646 2894
15291 4 2 4 30 2675 1738 2773 1746
15292 4 2 4 30 2675 2773 1738 2749
15293 4 2 4 30 2662 156 2751 157
15294 4 2 4 30 2662 2751 156 2828
15295 4 2 4 30 336 2798 797 337
15296 4 2 4 30 797 2798 336 62
15297 4 2 4 30 298 297 2747 2736
15298 4 2 4 30 2747 297 298 2903
15299 4 2 4 30 2747 1761 298 2736
15300 4 2 4 30 298 1761 2747 2903
15301 4 2 4 30 598 571 572 570
15302 4 2 4 30 598 572 571 182
15303 4 2 4 30 703 2734 263 704
15304 4 2 4 30 263 2734 703 264
15305 4 2 4 30 93 415 2827 79
15306 4 2 4 30 2827 415 93 431
15307 4 2 4 30 2892 2625 2710 392
15308 4 2 4 30 2892 2710 2625 2655
15309 4 2 4 30 99 2877 2700 98
15310 4 2 4 30 2700 2877 99 2753
15311 4 2 4 30 2700 2778 99 98
15312 4 2 4 30 99 2778 2700 2753
15313 4 2 4 30 2858 438 430 436
15314 4 2 4 30 2858 430 438 2742
15315 4 2 4 30 2776 2797 307 2686
15316 4 2 4 30 2854 2878 735 711
15317 4 2 4 30 739 735 2878 711
15318 4 2 4 30 739 2878 735 737
15319 4 2 4 30 2737 2656 374 2715
15320 4 2 4 30 2737 374 2656 1766
15321 4 2 4 30 2639 2782 2630 2694
15322 4 2 4 30 2630 2782 2639 2728
15323 4 2 4 30 2765 2861 2734 263
15324 4 2 4 30 2765 2734 2861 2766
15325 4 2 4 30 264 2734 2861 263
15326 4 2 4 30 264 2861 2734 2766
15327 4 2 4 30 649 640 2698 639
15328 4 2 4 30 463 491 461 492
15329 4 2 4 30 461 491 463 462
15330 4 2 4 30 2905 401 397 402
15331 4 2 4 30 2905 397 401 2748
15332 4 2 4 30 716 2854 735 711
15333 4 2 4 30 735 2854 716 2853
15334 4 2 4 30 2666 2857 2890 2713
15335 4 2 4 30 2890 2827 2666 2713
15336 4 2 4 30 500 2845 505 526
15337 4 2 4 30 500 505 2845 499
15338 4 2 4 30 508 505 2845 526
15339 4 2 4 30 508 2845 505 499
15340 4 2 4 30 64 376 377 49
15341 4 2 4 30 377 376 64 3
15342 4 2 4 30 159 2848 2638 160
15343 4 2 4 30 2638 2848 159 2750
15344 4 2 4 30 1793 1752 2813 2678
15345 4 2 4 30 2813 1752 1793 2689
15346 4 2 4 30 398 76 376 5
15347 4 2 4 30 398 376 76 59
15348 4 2 4 30 377 376 76 5
15349 4 2 4 30 377 76 376 59
15350 4 2 4 30 2864 2858 430 450
15351 4 2 4 30 2864 430 2858 2742
15352 4 2 4 30 2749 577 2675 584
15353 4 2 4 30 2749 2675 577 576
15354 4 2 4 30 583 2675 577 584
15355 4 2 4 30 583 577 2675 576
15356 4 2 4 30 2728 2889 2759 2659
15357 4 2 4 30 2759 2889 2728 2630
15358 4 2 4 30 2875 2840 665 2870
15359 4 2 4 30 2875 665 2840 2805
15360 4 2 4 30 595 596 1738 593
15361 4 2 4 30 730 750 751 293
15362 4 2 4 30 751 750 730 734
15363 4 2 4 30 751 42 730 293
15364 4 2 4 30 730 42 751 734
15365 4 2 4 30 39 711 728 739
15366 4 2 4 30 39 728 711 716
15367 4 2 4 30 735 728 711 739
15368 4 2 4 30 735 711 728 716
15369 4 2 4 30 48 792 2719 334
15370 4 2 4 30 2719 792 48 2902
15371 4 2 4 30 2734 35 2766 251
15372 4 2 4 30 2734 2766 35 264
15373 4 2 4 30 2682 2769 1762 1752
15374 4 2 4 30 2682 1762 2769 2837
15375 4 2 4 30 2718 1762 2769 1752
15376 4 2 4 30 2718 2769 1762 2837
15377 4 2 4 30 2911 2889 2639 58
15378 4 2 4 30 2911 2639 2889 2630
15379 4 2 4 30 238 32 2706 656
15380 4 2 4 30 238 2706 32 2767
15381 4 2 4 30 2899 501 480 499
15382 4 2 4 30 2899 480 501 2703
15383 4 2 4 30 22 553 545 554
15384 4 2 4 30 22 545 553 2699
15385 4 2 4 30 403 802 50 798
15386 4 2 4 30 403 50 802 404
15387 4 2 4 30 706 695 1788 697
15388 4 2 4 30 1788 695 706 2670
15389 4 2 4 30 267 2642 1788 2670
15390 4 2 4 30 706 1788 267 697
15391 4 2 4 30 267 1788 706 2670
15392 4 2 4 30 465 14 2690 470
15393 4 2 4 30 2733 2842 2652 2680
15394 4 2 4 30 2780 2808 2626 2703
15395 4 2 4 30 2626 2808 2780 2708
15396 4 2 4 30 318 2887 332 2719
15397 4 2 4 30 318 332 2887 2788
15398 4 2 4 30 331 332 2887 2719
15399 4 2 4 30 331 2887 332 2788
15400 4 2 4 30 2791 36 2801 257
15401 4 2 4 30 2791 2801 36 270
15402 4 2 4 30 40 714 286 736
15403 4 2 4 30 40 286 714 715
15404 4 2 4 30 2784 286 714 736
15405 4 2 4 30 2784 714 286 715
15406 4 2 4 30 33 690 2652 252
15407 4 2 4 30 33 2652 690 2870
15408 4 2 4 30 251 2652 690 252
15409 4 2 4 30 251 690 2652 2870
15410 4 2 4 30 2857 2827 2890 80
15411 4 2 4 30 2857 2890 2827 2666
15412 4 2 4 30 2906 2829 2633 2899
15413 4 2 4 30 2906 2633 2829 2707
15414 4 2 4 30 2652 2769 2724 31
15415 4 2 4 30 2652 2724 2769 2718
15416 4 2 4 30 227 2724 2769 31
15417 4 2 4 30 227 2769 2724 2718
15418 4 2 4 30 2875 660 34 658
15419 4 2 4 30 2875 34 660 245
15420 4 2 4 30 2858 447 449 448
15421 4 2 4 30 2858 449 447 452
15422 4 2 4 30 2697 110 111 474
15423 4 2 4 30 2697 111 110 2808
15424 4 2 4 30 471 2829 461 491
15425 4 2 4 30 471 461 2829 2697
15426 4 2 4 30 2669 627 223 626
15427 4 2 4 30 2669 223 627 224
15428 4 2 4 30 2824 19 527 160
15429 4 2 4 30 2824 527 19 528
15430 4 2 4 30 2826 12 1742 113
15431 4 2 4 30 2826 1742 12 2835
15432 4 2 4 30 2800 196 2676 2722
15433 4 2 4 30 2800 2676 196 25
15434 4 2 4 30 453 434 435 432
15435 4 2 4 30 453 435 434 449
15436 4 2 4 30 2842 2652 2766 251
15437 4 2 4 30 2842 2766 2652 2680
15438 4 2 4 30 2880 389 2641 2859
15439 4 2 4 30 2880 2641 389 391
15440 4 2 4 30 2808 493 2703 123
15441 4 2 4 30 2808 2703 493 2697
15442 4 2 4 30 2914 1785 162 2732
15443 4 2 4 30 2914 162 1785 2796
15444 4 2 4 30 2700 2808 2841 111
15445 4 2 4 30 2841 2808 2700 2708
15446 4 2 4 30 11 472 451 473
15447 4 2 4 30 447 451 472 473
15448 4 2 4 30 447 472 451 446
15449 4 2 4 30 2699 2824 544 542
15450 4 2 4 30 2699 544 2824 2896
15451 4 2 4 30 2785 1747 2676 2722
15452 4 2 4 30 2785 2676 1747 1781
15453 4 2 4 30 2889 2775 2677 2629
15454 4 2 4 30 2889 2677 2775 2759
15455 4 2 4 30 672 666 681 680
15456 4 2 4 30 681 666 672 669
15457 4 2 4 30 681 682 672 680
15458 4 2 4 30 2682 653 2678 639
15459 4 2 4 30 2682 2678 653 230
15460 4 2 4 30 652 2678 653 639
15461 4 2 4 30 652 653 2678 230
15462 4 2 4 30 2873 2901 2777 343
15463 4 2 4 30 2777 2901 2873 2831
15464 4 2 4 30 484 126 2668 485
15465 4 2 4 30 484 2668 126 2881
15466 4 2 4 30 43 766 772 771
15467 4 2 4 30 43 772 766 747
15468 4 2 4 30 2900 307 762 306
15469 4 2 4 30 2900 762 307 2770
15470 4 2 4 30 377 2820 1741 5
15471 4 2 4 30 2848 159 548 160
15472 4 2 4 30 2848 548 159 2751
15473 4 2 4 30 624 604 613 621
15474 4 2 4 30 613 604 624 610
15475 4 2 4 30 702 38 712 719
15476 4 2 4 30 712 38 702 695
15477 4 2 4 30 712 713 702 719
15478 4 2 4 30 173 22 2914 164
15479 4 2 4 30 165 22 2914 2823
15480 4 2 4 30 165 2914 22 164
15481 4 2 4 30 289 2871 39 290
15482 4 2 4 30 39 2871 289 2862
15483 4 2 4 30 2751 2848 2636 2750
15484 4 2 4 30 2849 135 2781 2679
15485 4 2 4 30 2849 2781 135 134
15486 4 2 4 30 173 2914 569 174
15487 4 2 4 30 2899 491 2697 2829
15488 4 2 4 30 2899 2697 491 492
15489 4 2 4 30 461 2697 491 2829
15490 4 2 4 30 461 491 2697 492
15491 4 2 4 30 451 9 2847 95
15492 4 2 4 30 451 2847 9 446
15493 4 2 4 30 739 39 2882 728
15494 4 2 4 30 604 214 2838 625
15495 4 2 4 30 604 2838 214 28
15496 4 2 4 30 2876 214 2838 28
15497 4 2 4 30 661 650 658 659
15498 4 2 4 30 661 658 650 662
15499 4 2 4 30 518 507 1777 509
15500 4 2 4 30 518 1777 507 2672
15501 4 2 4 30 2856 44 2671 766
15502 4 2 4 30 2895 2636 2723 2676
15503 4 2 4 30 2895 2723 2636 2750
15504 4 2 4 30 7 8 1743 414
15505 4 2 4 30 1743 8 7 2847
15506 4 2 4 30 714 717 1776 718
15507 4 2 4 30 279 1776 717 718
15508 4 2 4 30 279 717 1776 2670
15509 4 2 4 30 2916 627 1740 630
15510 4 2 4 30 2916 1740 627 2704
15511 4 2 4 30 252 2842 33 253
15512 4 2 4 30 244 33 2842 253
15513 4 2 4 30 244 2842 33 2733
15514 4 2 4 30 210 2752 2860 211
15515 4 2 4 30 2860 2752 210 200
15516 4 2 4 30 670 31 650 651
15517 4 2 4 30 670 650 31 665
15518 4 2 4 30 591 608 2884 196
15519 4 2 4 30 2884 608 591 597
15520 4 2 4 30 2884 25 591 196
15521 4 2 4 30 591 25 2884 597
15522 4 2 4 30 2866 447 452 2787
15523 4 2 4 30 2866 452 447 456
15524 4 2 4 30 2806 20 2804 153
15525 4 2 4 30 2806 2804 20 2731
15526 4 2 4 30 313 2782 2740 312
15527 4 2 4 30 2740 2782 313 2909
15528 4 2 4 30 181 2772 1746 2773
15529 4 2 4 30 1746 2772 181 2789
15530 4 2 4 30 1746 2675 181 2773
15531 4 2 4 30 181 2675 1746 2789
15532 4 2 4 30 2767 1792 247 237
15533 4 2 4 30 2767 247 1792 248
15534 4 2 4 30 558 583 2738 557
15535 4 2 4 30 2738 583 558 2891
15536 4 2 4 30 2738 2744 558 557
15537 4 2 4 30 558 2744 2738 2891
15538 4 2 4 30 2802 2909 2720 300
15539 4 2 4 30 2802 2720 2909 2714
15540 4 2 4 30 301 2720 2909 300
15541 4 2 4 30 301 2909 2720 2714
15542 4 2 4 30 399 2890 394 395
15543 4 2 4 30 394 2890 399 419
15544 4 2 4 30 2803 286 1787 2747
15545 4 2 4 30 2803 1787 286 285
15546 4 2 4 30 2918 177 2830 178
15547 4 2 4 30 2918 2830 177 24
15548 4 2 4 30 2815 618 212 213
15549 4 2 4 30 2815 212 618 2814
15550 4 2 4 30 171 2895 2894 172
15551 4 2 4 30 2894 2895 171 23
15552 4 2 4 30 2894 559 171 172
15553 4 2 4 30 171 559 2894 23
15554 4 2 4 30 2721 224 1740 2704
15555 4 2 4 30 2721 1740 224 2669
15556 4 2 4 30 627 1740 224 2704
15557 4 2 4 30 627 224 1740 2669
15558 4 2 4 30 2729 1777 518 2712
15559 4 2 4 30 2729 518 1777 2735
15560 4 2 4 30 686 2870 33 690
15561 4 2 4 30 2756 61 60 410
15562 4 2 4 30 2756 60 61 2755
15563 4 2 4 30 2916 1740 640 2682
15564 4 2 4 30 4 2716 375 2850
15565 4 2 4 30 375 2716 4 2907
15566 4 2 4 30 375 376 4 2850
15567 4 2 4 30 4 376 375 2907
15568 4 2 4 30 35 2734 686 251
15569 4 2 4 30 2758 2636 2848 2679
15570 4 2 4 30 2758 2848 2636 2751
15571 4 2 4 30 2833 2812 248 249
15572 4 2 4 30 675 248 2812 249
15573 4 2 4 30 675 2812 248 2767
15574 4 2 4 30 2894 560 582 565
15575 4 2 4 30 2894 582 560 2830
15576 4 2 4 30 1784 2758 1781 1753
15577 4 2 4 30 1784 1781 2758 2679
15578 4 2 4 30 2636 2758 1781 2679
15579 4 2 4 30 551 2914 550 164
15580 4 2 4 30 551 550 2914 2731
15581 4 2 4 30 165 550 2914 164
15582 4 2 4 30 165 2914 550 2731
15583 4 2 4 30 702 713 274 719
15584 4 2 4 30 702 274 713 2874
15585 4 2 4 30 274 713 284 719
15586 4 2 4 30 274 284 713 2874
15587 4 2 4 30 284 713 715 719
15588 4 2 4 30 284 715 713 2874
15589 4 2 4 30 2755 2754 74 2809
15590 4 2 4 30 74 2754 2755 2820
15591 4 2 4 30 74 75 2755 2809
15592 4 2 4 30 717 712 268 721
15593 4 2 4 30 717 268 712 706
15594 4 2 4 30 37 268 712 721
15595 4 2 4 30 37 712 268 706
15596 4 2 4 30 702 274 2658 273
15597 4 2 4 30 702 2658 274 2874
15598 4 2 4 30 2912 1742 1755 2835
15599 4 2 4 30 2912 1755 1742 1743
15600 4 2 4 30 712 716 263 721
15601 4 2 4 30 263 716 712 704
15602 4 2 4 30 263 37 712 721
15603 4 2 4 30 712 37 263 704
15604 4 2 4 30 538 2796 540 537
15605 4 2 4 30 538 540 2796 1785
15606 4 2 4 30 162 540 2796 537
15607 4 2 4 30 162 2796 540 1785
15608 4 2 4 30 29 647 632 642
15609 4 2 4 30 632 647 29 220
15610 4 2 4 30 2729 515 547 543
15611 4 2 4 30 2729 547 515 529
15612 4 2 4 30 2812 675 34 2767
15613 4 2 4 30 2812 34 675 250
15614 4 2 4 30 2752 2860 2669 1739
15615 4 2 4 30 2669 2860 2752 211
15616 4 2 4 30 582 170 180 179
15617 4 2 4 30 582 180 170 561
15618 4 2 4 30 740 2871 741 290
15619 4 2 4 30 740 741 2871 2681
15620 4 2 4 30 289 741 2871 290
15621 4 2 4 30 289 2871 741 2681
15622 4 2 4 30 246 2869 2805 245
15623 4 2 4 30 2805 2869 246 32
15624 4 2 4 30 2805 660 246 245
15625 4 2 4 30 246 660 2805 32
15626 4 2 4 30 43 772 314 771
15627 4 2 4 30 314 772 43 299
15628 4 2 4 30 2871 292 740 2681
15629 4 2 4 30 2871 740 292 291
15630 4 2 4 30 2729 516 515 543
15631 4 2 4 30 2729 515 516 517
15632 4 2 4 30 50 49 1759 376
15633 4 2 4 30 50 1759 49 794
15634 4 2 4 30 714 39 2882 739
15635 4 2 4 30 714 2882 39 718
15636 4 2 4 30 659 248 1792 247
15637 4 2 4 30 1792 248 659 2698
15638 4 2 4 30 1792 237 659 247
15639 4 2 4 30 659 237 1792 2698
15640 4 2 4 30 1742 446 12 455
15641 4 2 4 30 2874 717 2658 714
15642 4 2 4 30 2874 2658 717 2670
15643 4 2 4 30 1776 2658 717 714
15644 4 2 4 30 1776 717 2658 2670
15645 4 2 4 30 2672 504 139 506
15646 4 2 4 30 2672 139 504 520
15647 4 2 4 30 2914 163 173 164
15648 4 2 4 30 2914 173 163 2796
15649 4 2 4 30 539 173 163 164
15650 4 2 4 30 539 163 173 2796
15651 4 2 4 30 2687 207 2834 217
15652 4 2 4 30 2687 2834 207 206
15653 4 2 4 30 26 2793 2814 202
15654 4 2 4 30 2814 2793 26 2725
15655 4 2 4 30 2814 2876 26 202
15656 4 2 4 30 26 2876 2814 2725
15657 4 2 4 30 151 522 161 152
15658 4 2 4 30 151 161 522 521
15659 4 2 4 30 468 115 130 467
15660 4 2 4 30 468 130 115 116
15661 4 2 4 30 487 127 16 486
15662 4 2 4 30 487 16 127 128
15663 4 2 4 30 751 307 293 750
15664 4 2 4 30 751 293 307 308
15665 4 2 4 30 235 646 2704 236
15666 4 2 4 30 2704 646 235 645
15667 4 2 4 30 22 556 545 173
15668 4 2 4 30 22 545 556 554
15669 4 2 4 30 539 545 556 173
15670 4 2 4 30 539 556 545 554
15671 4 2 4 30 1742 89 2912 1743
15672 4 2 4 30 1742 2912 89 10
15673 4 2 4 30 669 671 1793 661
15674 4 2 4 30 669 1793 671 2833
15675 4 2 4 30 2698 1793 671 661
15676 4 2 4 30 2698 671 1793 2833
15677 4 2 4 30 2726 1780 2785 2722
15678 4 2 4 30 2726 2785 1780 2718
15679 4 2 4 30 1745 14 2690 125
15680 4 2 4 30 1745 2690 14 114
15681 4 2 4 30 2851 284 38 274
15682 4 2 4 30 2851 38 284 2803
15683 4 2 4 30 2669 213 605 629
15684 4 2 4 30 2669 605 213 212
15685 4 2 4 30 2867 2868 1743 2653
15686 4 2 4 30 1743 2868 2867 77
15687 4 2 4 30 2716 2635 2857 2653
15688 4 2 4 30 2716 2857 2635 2715
15689 4 2 4 30 2851 709 272 273
15690 4 2 4 30 2851 272 709 2792
15691 4 2 4 30 2912 2743 2835 2667
15692 4 2 4 30 2912 2835 2743 2864
15693 4 2 4 30 729 296 736 40
15694 4 2 4 30 729 736 296 738
15695 4 2 4 30 286 736 296 40
15696 4 2 4 30 286 296 736 738
15697 4 2 4 30 2768 14 1745 125
15698 4 2 4 30 2768 1745 14 2826
15699 4 2 4 30 2868 427 77 78
15700 4 2 4 30 2868 77 427 2867
15701 4 2 4 30 213 2669 2721 223
15702 4 2 4 30 2721 2669 213 212
15703 4 2 4 30 2861 707 2665 2711
15704 4 2 4 30 2861 2665 707 37
15705 4 2 4 30 268 707 2665 37
15706 4 2 4 30 229 2682 641 653
15707 4 2 4 30 641 647 229 653
15708 4 2 4 30 2822 2670 2711 1751
15709 4 2 4 30 2822 2711 2670 267
15710 4 2 4 30 2849 144 145 2758
15711 4 2 4 30 2849 145 144 531
15712 4 2 4 30 697 1788 700 695
15713 4 2 4 30 700 1788 697 2821
15714 4 2 4 30 700 696 697 695
15715 4 2 4 30 697 696 700 2821
15716 4 2 4 30 19 2849 147 146
15717 4 2 4 30 147 2849 19 2848
15718 4 2 4 30 2829 467 471 468
15719 4 2 4 30 2829 471 467 491
15720 4 2 4 30 2698 651 639 2678
15721 4 2 4 30 2698 639 651 649
15722 4 2 4 30 36 2801 699 701
15723 4 2 4 30 2654 206 615 205
15724 4 2 4 30 441 9 84 437
15725 4 2 4 30 441 84 9 100
15726 4 2 4 30 2643 2794 2644 2702
15727 4 2 4 30 2643 2644 2794 2792
15728 4 2 4 30 2768 2696 142 2739
15729 4 2 4 30 2768 142 2696 2763
15730 4 2 4 30 141 142 2696 2739
15731 4 2 4 30 141 2696 142 2763
15732 4 2 4 30 2903 2797 2674 2844
15733 4 2 4 30 2903 2674 2797 2770
15734 4 2 4 30 632 643 2916 631
15735 4 2 4 30 632 2916 643 640
15736 4 2 4 30 2756 2684 2695 377
15737 4 2 4 30 2756 2695 2684 2755
15738 4 2 4 30 2749 1737 576 2688
15739 4 2 4 30 2749 576 1737 2675
15740 4 2 4 30 2738 1737 576 2675
15741 4 2 4 30 322 1760 2719 46
15742 4 2 4 30 322 2719 1760 2832
15743 4 2 4 30 2912 93 94 444
15744 4 2 4 30 2912 94 93 2868
15745 4 2 4 30 2815 1774 2814 2692
15746 4 2 4 30 2815 2814 1774 2721
15747 4 2 4 30 2814 1774 2860 2692
15748 4 2 4 30 2814 2860 1774 2721
15749 4 2 4 30 2860 1774 1739 2692
15750 4 2 4 30 2860 1739 1774 2721
15751 4 2 4 30 2819 488 13 119
15752 4 2 4 30 2819 13 488 483
15753 4 2 4 30 203 2722 616 27
15754 4 2 4 30 203 616 2722 2865
15755 4 2 4 30 2726 616 2722 27
15756 4 2 4 30 2726 2722 616 2865
15757 4 2 4 30 284 715 2658 285
15758 4 2 4 30 284 2658 715 2874
15759 4 2 4 30 535 2699 546 553
15760 4 2 4 30 546 2699 535 542
15761 4 2 4 30 2661 2706 2815 1774
15762 4 2 4 30 2806 2672 2732 150
15763 4 2 4 30 2806 2732 2672 1748
15764 4 2 4 30 624 621 610 2669
15765 4 2 4 30 624 610 621 613
15766 4 2 4 30 558 2744 563 554
15767 4 2 4 30 558 563 2744 2891
15768 4 2 4 30 491 470 130 14
15769 4 2 4 30 491 130 470 467
15770 4 2 4 30 2907 394 82 65
15771 4 2 4 30 2907 82 394 423
15772 4 2 4 30 66 82 394 65
15773 4 2 4 30 428 106 90 429
15774 4 2 4 30 428 90 106 10
15775 4 2 4 30 2672 2806 139 149
15776 4 2 4 30 139 2806 2672 1748
15777 4 2 4 30 2851 2702 2792 2803
15778 4 2 4 30 2851 2792 2702 2644
15779 4 2 4 30 2794 2792 2702 2803
15780 4 2 4 30 2794 2702 2792 2644
15781 4 2 4 30 2722 2772 2773 1747
15782 4 2 4 30 2722 2773 2772 2800
15783 4 2 4 30 199 2860 2752 1739
15784 4 2 4 30 2752 2860 199 200
15785 4 2 4 30 2712 540 538 1785
15786 4 2 4 30 538 540 2712 543
15787 4 2 4 30 538 536 2712 1785
15788 4 2 4 30 2712 536 538 543
15789 4 2 4 30 2815 28 618 214
15790 4 2 4 30 2815 618 28 2814
15791 4 2 4 30 614 2760 612 610
15792 4 2 4 30 614 612 2760 2752
15793 4 2 4 30 609 612 2760 610
15794 4 2 4 30 609 2760 612 2752
15795 4 2 4 30 156 2729 155 547
15796 4 2 4 30 156 155 2729 2828
15797 4 2 4 30 2698 2813 668 2678
15798 4 2 4 30 668 651 2698 2678
15799 4 2 4 30 2698 651 668 662
15800 4 2 4 30 1746 2891 2662 552
15801 4 2 4 30 2836 2668 2819 483
15802 4 2 4 30 485 2668 2819 2690
15803 4 2 4 30 485 2819 2668 483
15804 4 2 4 30 1743 2912 77 8
15805 4 2 4 30 1743 77 2912 2868
15806 4 2 4 30 94 77 2912 8
15807 4 2 4 30 94 2912 77 2868
15808 4 2 4 30 527 525 19 515
15809 4 2 4 30 527 19 525 544
15810 4 2 4 30 20 525 19 544
15811 4 2 4 30 2801 36 2734 686
15812 4 2 4 30 2801 2734 36 699
15813 4 2 4 30 704 36 2734 699
15814 4 2 4 30 46 45 1759 778
15815 4 2 4 30 46 1759 45 767
15816 4 2 4 30 465 491 13 14
15817 4 2 4 30 465 13 491 463
15818 4 2 4 30 16 15 481 503
15819 4 2 4 30 40 739 2878 711
15820 4 2 4 30 40 2878 739 736
15821 4 2 4 30 481 499 15 16
15822 4 2 4 30 15 499 481 480
15823 4 2 4 30 1774 2706 2704 1792
15824 4 2 4 30 2704 1740 1774 1792
15825 4 2 4 30 1774 1740 2704 2721
15826 4 2 4 30 261 2811 1791 2779
15827 4 2 4 30 1791 2774 261 2779
15828 4 2 4 30 1744 2690 2668 1745
15829 4 2 4 30 2668 1777 1744 1745
15830 4 2 4 30 1744 1777 2668 2836
15831 4 2 4 30 2839 32 2913 2805
15832 4 2 4 30 2839 2913 32 644
15833 4 2 4 30 1741 1742 95 2640
15834 4 2 4 30 95 1742 1741 2847
15835 4 2 4 30 1742 451 95 2640
15836 4 2 4 30 95 451 1742 2847
15837 4 2 4 30 1742 446 451 2640
15838 4 2 4 30 451 446 1742 2847
15839 4 2 4 30 712 38 269 719
15840 4 2 4 30 712 269 38 699
15841 4 2 4 30 2790 269 711 699
15842 4 2 4 30 711 712 269 719
15843 4 2 4 30 711 269 712 699
15844 4 2 4 30 260 2811 1791 261
15845 4 2 4 30 1791 2811 260 2812
15846 4 2 4 30 260 1791 2774 261
15847 4 2 4 30 2774 1791 260 2812
15848 4 2 4 30 260 2774 693 261
15849 4 2 4 30 646 645 2698 649
15850 4 2 4 30 646 2698 645 2704
15851 4 2 4 30 640 2698 645 649
15852 4 2 4 30 31 2652 2733 239
15853 4 2 4 30 2733 2652 31 2769
15854 4 2 4 30 2733 240 31 239
15855 4 2 4 30 217 216 2837 636
15856 4 2 4 30 217 2837 216 2834
15857 4 2 4 30 12 1742 2640 446
15858 4 2 4 30 1740 2916 2698 2704
15859 4 2 4 30 1740 2698 2916 640
15860 4 2 4 30 645 2698 2916 2704
15861 4 2 4 30 645 2916 2698 640
15862 4 2 4 30 2838 2876 387 2691
15863 4 2 4 30 2838 387 2876 2884
15864 4 2 4 30 2820 1782 377 1741
15865 4 2 4 30 2820 377 1782 2684
15866 4 2 4 30 2917 2685 2820 1741
15867 4 2 4 30 2685 1782 2820 1741
15868 4 2 4 30 2685 2820 1782 2684
15869 4 2 4 30 632 2916 1740 630
15870 4 2 4 30 1740 2916 632 2682
15871 4 2 4 30 1740 620 632 630
15872 4 2 4 30 632 620 1740 2682
15873 4 2 4 30 2680 2842 1752 2733
15874 4 2 4 30 2680 1752 2842 1751
15875 4 2 4 30 2689 1752 2842 2733
15876 4 2 4 30 2689 2842 1752 1751
15877 4 2 4 30 174 2744 1737 175
15878 4 2 4 30 2823 174 1737 175
15879 4 2 4 30 2823 1737 174 2914
15880 4 2 4 30 569 174 2823 175
15881 4 2 4 30 569 2823 174 2914
15882 4 2 4 30 2665 279 1776 2670
15883 4 2 4 30 2665 1776 279 2871
15884 4 2 4 30 6 1743 2716 2867
15885 4 2 4 30 2653 1743 2716 375
15886 4 2 4 30 2653 2716 1743 2867
15887 4 2 4 30 668 667 2698 662
15888 4 2 4 30 668 2698 667 2813
15889 4 2 4 30 1793 2698 667 662
15890 4 2 4 30 1793 667 2698 2813
15891 4 2 4 30 2704 646 1792 236
15892 4 2 4 30 2704 1792 646 2698
15893 4 2 4 30 237 1792 646 236
15894 4 2 4 30 237 646 1792 2698
15895 4 2 4 30 2919 568 22 2823
15896 4 2 4 30 2919 22 568 178
15897 4 2 4 30 2865 194 1738 193
15898 4 2 4 30 2865 1738 194 2654
15899 4 2 4 30 595 1738 194 193
15900 4 2 4 30 2687 218 620 634
15901 4 2 4 30 2687 620 218 2682
15902 4 2 4 30 633 620 218 634
15903 4 2 4 30 633 218 620 2682
15904 4 2 4 30 194 599 1738 595
15905 4 2 4 30 194 1738 599 2654
15906 4 2 4 30 596 1738 599 595
15907 4 2 4 30 596 599 1738 2654
15908 4 2 4 30 632 2682 229 633
15909 4 2 4 30 229 2682 632 641
15910 4 2 4 30 229 647 632 633
15911 4 2 4 30 632 647 229 641
15912 4 2 4 30 615 614 2654 607
15913 4 2 4 30 615 2654 614 2760
15914 4 2 4 30 2669 2760 621 610
15915 4 2 4 30 2669 621 2760 2687
15916 4 2 4 30 613 621 2760 610
15917 4 2 4 30 613 2760 621 2687
15918 4 2 4 30 2821 1788 267 2642
15919 4 2 4 30 2821 267 1788 697
15920 4 2 4 30 2821 1788 685 2779
15921 4 2 4 30 2821 685 1788 2642
15922 4 2 4 30 2689 685 1788 2779
15923 4 2 4 30 2689 1788 685 2642
15924 4 2 4 30 525 543 19 515
15925 4 2 4 30 525 19 543 20
15926 4 2 4 30 2870 2875 33 665
15927 4 2 4 30 2870 33 2875 686
15928 4 2 4 30 2875 34 33 665
15929 4 2 4 30 2875 686 34 683
15930 4 2 4 30 2875 34 686 33
15931 4 2 4 30 666 34 686 683
15932 4 2 4 30 666 686 34 33
15933 4 2 4 30 696 704 35 705
15934 4 2 4 30 696 685 35 687
15935 4 2 4 30 492 2697 124 493
15936 4 2 4 30 492 475 2697 461
15937 4 2 4 30 2697 475 492 124
15938 4 2 4 30 574 576 1737 2688
15939 4 2 4 30 1737 576 574 2738
15940 4 2 4 30 1737 2762 187 2688
15941 4 2 4 30 187 2762 1737 2738
15942 4 2 4 30 574 1737 187 2688
15943 4 2 4 30 187 1737 574 2738
15944 4 2 4 30 15 480 122 136
15945 4 2 4 30 122 480 15 494
15946 4 2 4 30 465 13 464 2819
15947 4 2 4 30 465 464 13 463
15948 4 2 4 30 469 464 13 2819
15949 4 2 4 30 469 13 464 463
15950 4 2 4 30 2838 221 214 2876
15951 4 2 4 30 214 221 2838 625
15952 4 2 4 30 7 71 1743 1741
15953 4 2 4 30 7 1743 71 422
15954 4 2 4 30 2907 1743 71 1741
15955 4 2 4 30 2907 71 1743 422
15956 4 2 4 30 2656 2777 50 2850
15957 4 2 4 30 210 211 2814 619
15958 4 2 4 30 210 2814 211 2860
15959 4 2 4 30 212 2814 211 619
15960 4 2 4 30 212 211 2814 2860
15961 4 2 4 30 153 154 2710 2696
15962 4 2 4 30 2710 154 153 2845
15963 4 2 4 30 20 522 2896 153
15964 4 2 4 30 64 2757 63 335
15965 4 2 4 30 64 63 2757 2756
15966 4 2 4 30 336 63 2757 335
15967 4 2 4 30 2878 735 731 2854
15968 4 2 4 30 2878 731 735 737
15969 4 2 4 30 734 731 735 2854
15970 4 2 4 30 734 735 731 737
15971 4 2 4 30 639 2678 1740 2698
15972 4 2 4 30 1740 2678 639 2682
15973 4 2 4 30 1740 640 639 2698
15974 4 2 4 30 639 640 1740 2682
15975 4 2 4 30 14 485 2690 125
15976 4 2 4 30 2887 307 2797 2900
15977 4 2 4 30 2887 2797 307 2776
15978 4 2 4 30 319 306 2887 2900
15979 4 2 4 30 319 2887 306 2776
15980 4 2 4 30 306 307 2887 2900
15981 4 2 4 30 306 2887 307 2776
15982 4 2 4 30 672 681 2811 682
15983 4 2 4 30 2811 681 672 669
15984 4 2 4 30 712 717 2874 713
15985 4 2 4 30 2874 717 712 695
15986 4 2 4 30 2874 702 712 713
15987 4 2 4 30 712 702 2874 695
15988 4 2 4 30 44 2671 43 755
15989 4 2 4 30 43 766 2671 44
15990 4 2 4 30 2671 766 43 771
15991 4 2 4 30 44 2671 310 2856
15992 4 2 4 30 44 310 2671 755
15993 4 2 4 30 1761 310 2671 2856
15994 4 2 4 30 1761 2671 310 755
15995 4 2 4 30 2842 33 2652 252
15996 4 2 4 30 2842 2652 33 2733
15997 4 2 4 30 67 2831 2777 68
15998 4 2 4 30 2777 2831 67 2857
15999 4 2 4 30 2777 412 67 68
16000 4 2 4 30 67 412 2777 2857
16001 4 2 4 30 1791 2812 1792 2833
16002 4 2 4 30 1791 1792 2812 2767
16003 4 2 4 30 248 1792 2812 2833
16004 4 2 4 30 248 2812 1792 2767
16005 4 2 4 30 2758 1781 2751 2636
16006 4 2 4 30 2758 2751 1781 1753
16007 4 2 4 30 2723 2751 1781 2636
16008 4 2 4 30 2723 1781 2751 1753
16009 4 2 4 30 2733 2813 2769 242
16010 4 2 4 30 2733 2769 2813 1752
16011 4 2 4 30 2678 2769 2813 242
16012 4 2 4 30 2678 2813 2769 1752
16013 4 2 4 30 481 499 490 480
16014 4 2 4 30 260 694 2774 2812
16015 4 2 4 30 260 2774 694 693
16016 4 2 4 30 707 2665 267 268
16017 4 2 4 30 707 267 2665 2711
16018 4 2 4 30 2670 267 2665 268
16019 4 2 4 30 2670 2665 267 2711
16020 4 2 4 30 615 2654 2687 206
16021 4 2 4 30 2687 2654 615 2760
16022 4 2 4 30 615 613 2687 2760
16023 4 2 4 30 2869 2706 2876 2661
16024 4 2 4 30 2869 2876 2706 2888
16025 4 2 4 30 2815 2876 2706 2661
16026 4 2 4 30 2815 2706 2876 2888
16027 4 2 4 30 2888 2704 1774 2706
16028 4 2 4 30 1774 2704 2888 2721
16029 4 2 4 30 1774 2815 2888 2706
16030 4 2 4 30 2888 2815 1774 2721
16031 4 2 4 30 2662 563 2891 2744
16032 4 2 4 30 2891 563 2662 552
16033 4 2 4 30 82 394 81 66
16034 4 2 4 30 82 81 394 423
16035 4 2 4 30 1746 2891 2744 2662
16036 4 2 4 30 2744 2891 1746 2675
16037 4 2 4 30 2668 2819 1744 2836
16038 4 2 4 30 2668 1744 2819 2690
16039 4 2 4 30 148 17 526 527
16040 4 2 4 30 148 2799 526 508
16041 4 2 4 30 526 2799 148 527
16042 4 2 4 30 510 505 148 17
16043 4 2 4 30 510 148 505 508
16044 4 2 4 30 526 148 505 17
16045 4 2 4 30 526 505 148 508
16046 4 2 4 30 35 36 2734 704
16047 4 2 4 30 2734 36 35 686
16048 4 2 4 30 12 11 2640 464
16049 4 2 4 30 2640 446 11 12
16050 4 2 4 30 2640 11 446 451
16051 4 2 4 30 472 11 446 12
16052 4 2 4 30 472 446 11 451
16053 4 2 4 30 482 480 15 481
16054 4 2 4 30 15 480 482 494
16055 4 2 4 30 486 16 499 481
16056 4 2 4 30 499 16 486 500
16057 4 2 4 30 499 490 486 481
16058 4 2 4 30 486 490 499 500
16059 4 2 4 30 2894 22 21 2699
16060 4 2 4 30 1738 2752 2760 1739
16061 4 2 4 30 2760 2752 1738 2654
16062 4 2 4 30 2760 1740 1738 1739
16063 4 2 4 30 1738 1740 2760 2654
16064 4 2 4 30 233 234 2706 657
16065 4 2 4 30 233 2706 234 2888
16066 4 2 4 30 235 2706 234 657
16067 4 2 4 30 235 234 2706 2888
16068 4 2 4 30 74 424 2755 75
16069 4 2 4 30 74 2755 424 2820
16070 4 2 4 30 76 2755 424 75
16071 4 2 4 30 76 424 2755 2820
16072 4 2 4 30 174 2796 1737 2744
16073 4 2 4 30 174 1737 2796 2914
16074 4 2 4 30 1785 1737 2796 2744
16075 4 2 4 30 1785 2796 1737 2914
16076 4 2 4 30 2690 14 2819 485
16077 4 2 4 30 2690 2819 14 465
16078 4 2 4 30 483 2819 14 485
16079 4 2 4 30 132 2781 2836 1777
16080 4 2 4 30 2836 2781 132 131
16081 4 2 4 30 2836 503 132 1777
16082 4 2 4 30 132 503 2836 131
16083 4 2 4 30 20 525 2896 522
16084 4 2 4 30 20 2896 525 544
16085 4 2 4 30 2894 559 21 565
16086 4 2 4 30 2894 21 559 172
16087 4 2 4 30 2777 808 2656 50
16088 4 2 4 30 2777 2656 808 2902
16089 4 2 4 30 346 2656 808 50
16090 4 2 4 30 346 808 2656 2902
16091 4 2 4 30 571 584 2675 581
16092 4 2 4 30 2675 584 571 2749
16093 4 2 4 30 2675 181 571 581
16094 4 2 4 30 571 181 2675 2749
16095 4 2 4 30 2754 2820 2685 2684
16096 4 2 4 30 2754 2685 2820 2917
16097 4 2 4 30 2749 594 575 577
16098 4 2 4 30 575 594 2749 2688
16099 4 2 4 30 575 576 2749 577
16100 4 2 4 30 2749 576 575 2688
16101 4 2 4 30 469 1744 119 108
16102 4 2 4 30 119 1744 469 2819
16103 4 2 4 30 119 13 469 108
16104 4 2 4 30 469 13 119 2819
16105 4 2 4 30 13 14 2819 465
16106 4 2 4 30 2819 14 13 483
16107 4 2 4 30 22 560 2894 21
16108 4 2 4 30 269 711 720 2790
16109 4 2 4 30 269 720 711 719
16110 4 2 4 30 2733 241 232 240
16111 4 2 4 30 232 241 2733 2769
16112 4 2 4 30 232 31 2733 240
16113 4 2 4 30 2733 31 232 2769
16114 4 2 4 30 2690 464 1742 2640
16115 4 2 4 30 2690 1742 464 466
16116 4 2 4 30 12 1742 464 2640
16117 4 2 4 30 12 464 1742 466
16118 4 2 4 30 82 66 2716 65
16119 4 2 4 30 2716 66 82 2867
16120 4 2 4 30 82 6 2716 2867
16121 4 2 4 30 82 2907 2716 6
16122 4 2 4 30 2716 2907 82 65
16123 4 2 4 30 2716 2907 1743 6
16124 4 2 4 30 1743 2907 2716 375
16125 4 2 4 30 615 606 2687 613
16126 4 2 4 30 615 2687 606 206
16127 4 2 4 30 696 36 35 704
16128 4 2 4 30 35 36 696 687
16129 4 2 4 30 696 2821 689 685
16130 4 2 4 30 689 2821 696 705
16131 4 2 4 30 689 35 696 685
16132 4 2 4 30 696 35 689 705
16133 4 2 4 30 757 43 2671 756
16134 4 2 4 30 2671 43 757 304
16135 4 2 4 30 2671 2736 757 756
16136 4 2 4 30 757 2736 2671 304
16137 4 2 4 30 2763 2845 2696 2710
16138 4 2 4 30 2763 2696 2845 141
16139 4 2 4 30 140 2845 2696 141
16140 4 2 4 30 2845 154 2696 2710
16141 4 2 4 30 2845 2696 154 140
16142 4 2 4 30 63 2757 62 336
16143 4 2 4 30 63 62 2757 2756
16144 4 2 4 30 2798 62 2757 336
16145 4 2 4 30 2798 2757 62 2756
16146 4 2 4 30 596 1738 2752 2654
16147 4 2 4 30 2752 1738 596 593
16148 4 2 4 30 2752 614 596 2654
16149 4 2 4 30 596 614 2752 593
16150 4 2 4 30 569 173 2823 2914
16151 4 2 4 30 569 2823 173 568
16152 4 2 4 30 22 2823 173 2914
16153 4 2 4 30 22 173 2823 568
16154 4 2 4 30 482 503 15 131
16155 4 2 4 30 15 503 482 481
16156 4 2 4 30 482 15 121 131
16157 4 2 4 30 121 15 482 494
16158 4 2 4 30 121 488 482 131
16159 4 2 4 30 482 488 121 494
16160 4 2 4 30 2647 22 2894 2699
16161 4 2 4 30 178 560 2894 22
16162 4 2 4 30 2894 560 178 2830
16163 4 2 4 30 2894 2647 178 22
16164 4 2 4 30 178 2647 2894 2830
16165 4 2 1 31 1705 1679 1771 1706
16166 4 2 1 31 1787 1691 1701 1728
16167 4 2 1 31 1724 1775 1726 1727
16168 4 2 1 31 1697 370 369 1766
16169 4 2 1 31 1700 1760 1699 1697
16170 4 2 1 31 1746 1785 1707 1703
16171 4 2 1 31 1760 1734 1700 1699
16172 4 2 1 31 1724 1759 1736 1734
16173 4 2 1 31 1739 1720 1692 1731
16174 4 2 1 31 1772 1685 1726 1727
16175 4 2 1 31 1726 1788 1776 1728
16176 4 2 1 31 1770 1760 1761 1700
16177 4 2 1 31 1737 1785 1704 1707
16178 4 2 1 31 1787 1791 1765 1691
16179 4 2 1 31 1710 1784 1716 1779
16180 4 2 1 31 1746 1747 1753 1715
16181 4 2 1 31 1723 1682 1681 1783
16182 4 2 1 31 1720 1739 1738 1731
16183 4 2 1 31 1691 1729 1791 1690
16184 4 2 1 31 1781 1784 1753 1716
16185 4 2 1 31 1756 1767 1737 1719
16186 4 2 1 31 1772 1726 1775 1727
16187 4 2 1 31 1750 1789 1705 1771
16188 4 2 1 31 374 1754 1755 1733
16189 4 2 1 31 1752 1780 1762 1688
16190 4 2 1 31 1781 1747 1780 1683
16191 4 2 1 31 1736 376 1759 1778
16192 4 2 1 31 1685 1729 1686 1751
16193 4 2 1 31 1771 1679 1773 378
16194 4 2 1 31 1774 1768 1713 1718
16195 4 2 1 31 1756 1749 1757 1721
16196 4 2 1 31 1764 1765 1791 1689
16197 4 2 1 31 1713 1764 1774 1692
16198 4 2 1 31 1784 1681 1781 1783
16199 4 2 1 31 1752 1793 1751 1686
16200 4 2 1 31 1785 1748 1756 1704
16201 4 2 1 31 1785 1753 1777 1703
16202 4 2 1 31 1786 1782 1741 1708
16203 4 2 1 31 1747 1738 1762 1714
16204 4 2 1 31 1697 1699 370 1766
16205 4 2 1 31 1706 1771 55 378
16206 4 2 1 31 1725 1726 1776 1728
16207 4 2 1 31 1696 1748 1721 1749
16208 4 2 1 31 1743 1755 1742 1694
16209 4 2 1 31 1746 1737 1738 1707
16210 4 2 1 31 1756 1748 1749 1721
16211 4 2 1 31 377 376 1741 1732
16212 4 2 1 31 1786 1710 1784 1782
16213 4 2 1 31 1753 1784 1779 1716
16214 4 2 1 31 1770 1701 1765 1769
16215 4 2 1 31 1771 1705 1750 1772
16216 4 2 1 31 1753 1785 1746 1703
16217 4 2 1 31 1768 1718 1767 1757
16218 4 2 1 31 1771 55 1789 1706
16219 4 2 1 31 1768 1764 1713 1763
16220 4 2 1 31 1724 1734 1725 1761
16221 4 2 1 31 1742 1755 1745 1694
16222 4 2 1 31 1748 1745 1749 1696
16223 4 2 1 31 375 1699 376 1760
16224 4 2 1 31 1779 1777 1703 1735
16225 4 2 1 31 1768 1713 1764 1774
16226 4 2 1 31 1685 1686 1687 1751
16227 4 2 1 31 1787 1765 1770 1701
16228 4 2 1 31 1793 1792 1791 1690
16229 4 2 1 31 1787 1691 1765 1701
16230 4 2 1 31 1739 1692 1740 1731
16231 4 2 1 31 1779 1710 1784 1786
16232 4 2 1 31 1758 1717 1757 1754
16233 4 2 1 31 1774 1792 1740 1692
16234 4 2 1 31 376 1736 377 1778
16235 4 2 1 31 1730 1754 1755 1749
16236 4 2 1 31 1718 1774 1768 1767
16237 4 2 1 31 1760 1759 1761 1734
16238 4 2 1 31 1742 1744 1741 1693
16239 4 2 1 31 1740 1692 1792 1731
16240 4 2 1 31 1782 1710 1784 1783
16241 4 2 1 31 1744 1742 1745 1693
16242 4 2 1 31 1774 1740 1739 1692
16243 4 2 1 31 1777 1779 1744 1735
16244 4 2 1 31 1679 1771 1706 378
16245 4 2 1 31 1716 1681 1781 1784
16246 4 2 1 31 1741 1708 1782 377
16247 4 2 1 31 1684 1780 1790 1789
16248 4 2 1 31 1756 1704 1737 1785
16249 4 2 1 31 369 1697 1766 1698
16250 4 2 1 31 1715 1738 1746 1747
16251 4 2 1 31 1740 1686 1793 1752
16252 4 2 1 31 1747 1781 1753 1716
16253 4 2 1 31 1753 1715 1747 1716
16254 4 2 1 31 1793 1791 1788 1729
16255 4 2 1 31 1721 1748 1704 1756
16256 4 2 1 31 1750 1780 1684 1789
16257 4 2 1 31 54 1717 1758 1754
16258 4 2 1 31 1772 1705 1750 1727
16259 4 2 1 31 1775 1761 1759 1724
16260 4 2 1 31 1704 1756 1737 1719
16261 4 2 1 31 377 373 1709 378
16262 4 2 1 31 1783 1723 55 378
16263 4 2 1 31 1738 1762 1714 1731
16264 4 2 1 31 1692 1689 1791 1690
16265 4 2 1 31 1715 1738 1747 1714
16266 4 2 1 31 1791 1774 1692 1792
16267 4 2 1 31 1772 1776 1775 1726
16268 4 2 1 31 1737 1767 1739 1720
16269 4 2 1 31 374 1766 1769 1698
16270 4 2 1 31 1740 1738 1739 1731
16271 4 2 1 31 1788 1751 1793 1729
16272 4 2 1 31 1740 1688 1752 1762
16273 4 2 1 31 1779 1744 1735 1786
16274 4 2 1 31 1777 1753 1779 1703
16275 4 2 1 31 377 1732 371 376
16276 4 2 1 31 1736 376 377 371
16277 4 2 1 31 1708 1744 1741 1786
16278 4 2 1 31 1773 1775 1778 1680
16279 4 2 1 31 1762 1738 1740 1731
16280 4 2 1 31 1766 374 369 1698
16281 4 2 1 31 1709 373 377 372
16282 4 2 1 31 1740 1688 1762 1731
16283 4 2 1 31 1743 1695 1694 1742
16284 4 2 1 31 1767 1737 1719 1720
16285 4 2 1 31 1791 1691 1689 1765
16286 4 2 1 31 370 376 1743 375
16287 4 2 1 31 1792 1692 1791 1690
16288 4 2 1 31 373 1679 1706 378
16289 4 2 1 31 1732 377 371 372
16290 4 2 1 31 1775 1736 1724 1759
16291 4 2 1 31 377 1736 371 372
16292 4 2 1 31 376 370 1699 375
16293 4 2 1 31 1763 1711 56 1794
16294 4 2 1 31 377 1709 1782 378
16295 4 2 1 31 1785 1748 1704 1777
16296 4 2 1 31 1766 1699 375 1760
16297 4 2 1 31 1790 1682 55 1783
16298 4 2 1 31 1698 1769 374 1794
16299 4 2 1 31 370 376 1699 371
16300 4 2 1 31 1761 1760 1734 1700
16301 4 2 1 31 1737 1746 1785 1707
16302 4 2 1 31 1770 1766 1697 1769
16303 4 2 1 31 1775 1736 1759 1778
16304 4 2 1 31 1787 1776 1788 1728
16305 4 2 1 31 1686 1752 1687 1751
16306 4 2 1 31 1772 1775 1773 1727
16307 4 2 1 31 374 369 1698 1794
16308 4 2 1 31 1752 1750 1687 1751
16309 4 2 1 31 1769 1766 1697 1698
16310 4 2 1 31 1744 1708 1741 1693
16311 4 2 1 31 1699 1766 375 370
16312 4 2 1 31 1710 1779 1735 1786
16313 4 2 1 31 1793 1751 1686 1729
16314 4 2 1 31 1758 56 54 1754
16315 4 2 1 31 1791 1793 1690 1729
16316 4 2 1 31 1742 1741 1743 1695
16317 4 2 1 31 1746 1715 1753 1703
16318 4 2 1 31 1723 1709 373 378
16319 4 2 1 31 1744 1777 1735 1702
16320 4 2 1 31 1789 1705 1771 1706
16321 4 2 1 31 1759 1761 1734 1724
16322 4 2 1 31 371 376 1732 1695
16323 4 2 1 31 1733 1754 1755 1730
16324 4 2 1 31 1760 1699 1697 1766
16325 4 2 1 31 377 1736 372 1778
16326 4 2 1 31 55 53 1682 1790
16327 4 2 1 31 54 56 1711 1794
16328 4 2 1 31 1688 1731 1714 1762
16329 4 2 1 31 1720 1737 1719 1707
16330 4 2 1 31 1683 1681 1781 1716
16331 4 2 1 31 1735 1693 1708 1744
16332 4 2 1 31 1741 1693 1708 1732
16333 4 2 1 31 1704 1721 1696 1748
16334 4 2 1 31 1708 1710 1735 1786
16335 4 2 1 31 1716 1681 1784 1710
16336 4 2 1 31 369 54 1711 1794
16337 4 2 1 31 1743 1695 370 1694
16338 4 2 1 31 1733 1755 1694 1730
16339 4 2 1 31 1764 1713 1689 1692
16340 4 2 1 31 1689 1691 1701 1765
16341 4 2 1 31 1691 1791 1689 1690
16342 4 2 1 31 1726 1729 1788 1728
16343 4 2 1 31 1692 1774 1713 1718
16344 4 2 1 31 1719 1718 1767 1720
16345 4 2 1 31 1711 1713 1722 1763
16346 4 2 1 31 1754 1733 1717 1730
16347 4 2 1 31 1756 1704 1721 1719
16348 4 2 1 31 1718 1768 1713 1712
16349 4 2 1 31 1730 1696 1721 1749
16350 4 2 1 31 1707 1714 1720 1738
16351 4 2 1 31 1735 1777 1703 1702
16352 4 2 1 31 1757 1718 1721 1717
16353 4 2 1 31 54 1717 1712 1758
16354 4 2 1 31 1737 1704 1719 1707
16355 4 2 1 31 1714 1715 1683 1747
16356 4 2 1 31 1715 1746 1707 1703
16357 4 2 1 31 1707 1785 1704 1703
16358 4 2 1 31 1715 1753 1703 1716
16359 4 2 1 31 1693 1694 1742 1745
16360 4 2 1 31 1692 1731 1690 1792
16361 4 2 1 31 1790 53 1682 1684
16362 4 2 1 31 1683 1684 1688 1780
16363 4 2 1 31 1729 1690 1686 1793
16364 4 2 1 31 1720 1738 1714 1731
16365 4 2 1 31 1686 1688 1687 1752
16366 4 2 1 31 1687 1750 1705 1727
16367 4 2 1 31 1680 1679 1773 1727
16368 4 2 1 31 1705 1789 1684 1706
16369 4 2 1 31 1744 1702 1735 1693
16370 4 2 1 31 1716 1710 1779 1735
16371 4 2 1 31 1786 1744 1735 1708
16372 4 2 1 31 1680 1736 1778 372
16373 4 2 1 31 1693 1694 1695 1742
16374 4 2 1 31 1694 1693 1696 1745
16375 4 2 1 31 1717 54 1733 1754
16376 4 2 1 31 1698 369 1711 1794
16377 4 2 1 31 1725 1734 1700 1761
16378 4 2 1 31 1697 1701 1700 1770
16379 4 2 1 31 1721 1719 1767 1756
16380 4 2 1 31 1767 1719 1721 1718
16381 4 2 1 31 1767 1757 1721 1756
16382 4 2 1 31 1721 1757 1767 1718
16383 4 2 1 31 1779 1716 1703 1753
16384 4 2 1 31 1779 1703 1716 1735
16385 4 2 1 31 1728 1729 1787 1691
16386 4 2 1 31 1728 1787 1729 1788
16387 4 2 1 31 1791 1787 1729 1691
16388 4 2 1 31 1791 1729 1787 1788
16389 4 2 1 31 1684 1705 1750 1789
16390 4 2 1 31 1750 1705 1684 1687
16391 4 2 1 31 1761 1700 1787 1770
16392 4 2 1 31 1701 1787 1700 1770
16393 4 2 1 31 1701 1700 1787 1728
16394 4 2 1 31 1693 1741 1695 1732
16395 4 2 1 31 1693 1695 1741 1742
16396 4 2 1 31 1721 1730 1757 1717
16397 4 2 1 31 1721 1757 1730 1749
16398 4 2 1 31 1754 1757 1730 1717
16399 4 2 1 31 1754 1730 1757 1749
16400 4 2 1 31 1686 1688 1740 1731
16401 4 2 1 31 1686 1740 1688 1752
16402 4 2 1 31 1681 1710 1783 1784
16403 4 2 1 31 1783 1710 1681 1723
16404 4 2 1 31 1710 1708 1782 1786
16405 4 2 1 31 1782 1708 1710 1709
16406 4 2 1 31 1692 1718 1739 1774
16407 4 2 1 31 1692 1739 1718 1720
16408 4 2 1 31 1767 1739 1718 1774
16409 4 2 1 31 1767 1718 1739 1720
16410 4 2 1 31 1694 1696 1749 1745
16411 4 2 1 31 1749 1696 1694 1730
16412 4 2 1 31 1749 1755 1694 1745
16413 4 2 1 31 1694 1755 1749 1730
16414 4 2 1 31 1775 1680 1727 1724
16415 4 2 1 31 1727 1680 1775 1773
16416 4 2 1 31 1747 1714 1688 1683
16417 4 2 1 31 1688 1714 1747 1762
16418 4 2 1 31 1688 1780 1747 1683
16419 4 2 1 31 1747 1780 1688 1762
16420 4 2 1 31 1703 1704 1777 1785
16421 4 2 1 31 1777 1704 1703 1702
16422 4 2 1 31 1790 1684 55 53
16423 4 2 1 31 1790 55 1684 1789
16424 4 2 1 31 1706 55 1684 53
16425 4 2 1 31 1706 1684 55 1789
16426 4 2 1 31 1705 1679 1772 1771
16427 4 2 1 31 1705 1772 1679 1727
16428 4 2 1 31 1773 1772 1679 1771
16429 4 2 1 31 1773 1679 1772 1727
16430 4 2 1 31 1683 1747 1716 1781
16431 4 2 1 31 1683 1716 1747 1715
16432 4 2 1 31 1707 1715 1738 1746
16433 4 2 1 31 1738 1715 1707 1714
16434 4 2 1 31 376 1741 1695 1743
16435 4 2 1 31 376 1695 1741 1732
16436 4 2 1 31 1723 1682 55 53
16437 4 2 1 31 1723 55 1682 1783
16438 4 2 1 31 1760 1734 376 1759
16439 4 2 1 31 1760 376 1734 1699
16440 4 2 1 31 371 1734 376 1699
16441 4 2 1 31 1709 1708 377 1782
16442 4 2 1 31 1709 377 1708 372
16443 4 2 1 31 1744 1693 1696 1702
16444 4 2 1 31 1744 1696 1693 1745
16445 4 2 1 31 1748 1696 1777 1745
16446 4 2 1 31 1777 1744 1696 1702
16447 4 2 1 31 1777 1696 1744 1745
16448 4 2 1 31 1697 1769 1701 1770
16449 4 2 1 31 1701 1769 1697 1698
16450 4 2 1 31 1776 1725 1787 1761
16451 4 2 1 31 1776 1787 1725 1728
16452 4 2 1 31 1700 1787 1725 1761
16453 4 2 1 31 1700 1725 1787 1728
16454 4 2 1 31 1726 1724 1776 1775
16455 4 2 1 31 1726 1776 1724 1725
16456 4 2 1 31 1761 1776 1724 1775
16457 4 2 1 31 1761 1724 1776 1725
16458 4 2 1 31 1732 1708 377 372
16459 4 2 1 31 1732 377 1708 1741
16460 4 2 1 31 1687 1727 1751 1750
16461 4 2 1 31 1687 1751 1727 1685
16462 4 2 1 31 1772 1751 1727 1750
16463 4 2 1 31 1772 1727 1751 1685
16464 4 2 1 31 1680 1736 1775 1778
16465 4 2 1 31 1680 1775 1736 1724
16466 4 2 1 31 1740 1792 1686 1731
16467 4 2 1 31 1740 1686 1792 1793
16468 4 2 1 31 1690 1686 1792 1731
16469 4 2 1 31 1690 1792 1686 1793
16470 4 2 1 31 1754 54 374 56
16471 4 2 1 31 1794 374 54 56
16472 4 2 1 31 1794 54 374 369
16473 4 2 1 31 378 373 1778 377
16474 4 2 1 31 372 1778 373 377
16475 4 2 1 31 372 373 1778 1680
16476 4 2 1 31 1733 54 374 1754
16477 4 2 1 31 1733 374 54 369
16478 4 2 1 31 53 1723 378 55
16479 4 2 1 31 378 1723 53 373
16480 4 2 1 31 378 1706 53 55
16481 4 2 1 31 53 1706 378 373
16482 4 2 1 31 370 1695 376 371
16483 4 2 1 31 370 376 1695 1743
16484 4 2 1 31 376 1736 1734 371
16485 4 2 1 31 376 1734 1736 1759
16486 4 2 1 31 1764 1791 1692 1689
16487 4 2 1 31 1764 1692 1791 1774
16488 4 2 1 31 1772 1726 1751 1776
16489 4 2 1 31 1772 1751 1726 1685
16490 4 2 1 31 1788 1751 1726 1776
16491 4 2 1 31 1760 1770 1697 1700
16492 4 2 1 31 1697 1770 1760 1766
16493 4 2 1 31 1710 1709 1783 1782
16494 4 2 1 31 1710 1783 1709 1723
16495 4 2 1 31 378 1783 1709 1782
16496 4 2 1 31 378 1709 1783 1723
16497 4 2 1 31 373 1679 1773 1680
16498 4 2 1 31 1773 1679 373 378
16499 4 2 1 31 1773 1778 373 1680
16500 4 2 1 31 373 1778 1773 378
16501 4 2 1 31 1737 1738 1720 1739
16502 4 2 1 31 1737 1720 1738 1707
16503 4 2 1 31 1769 1698 1763 1794
16504 4 2 1 31 1711 1698 1763 1722
16505 4 2 1 31 1711 1763 1698 1794
16506 4 2 1 31 1758 54 1711 1712
16507 4 2 1 31 1711 54 1758 56
16508 4 2 1 31 1758 1763 1711 56
16509 4 2 1 31 1729 1751 1726 1788
16510 4 2 1 31 1726 1751 1729 1685
16511 4 2 1 31 1684 1688 1750 1687
16512 4 2 1 31 1684 1750 1688 1780
16513 4 2 1 31 1752 1750 1688 1687
16514 4 2 1 31 1752 1688 1750 1780
16515 4 2 1 31 1717 1718 1768 1757
16516 4 2 1 31 1768 1718 1717 1712
16517 4 2 1 31 1768 1758 1717 1757
16518 4 2 1 31 1717 1758 1768 1712
16519 4 2 1 31 1790 1681 1783 1781
16520 4 2 1 31 1790 1783 1681 1682
16521 4 2 1 31 1780 1683 1790 1781
16522 4 2 1 31 1683 1681 1790 1781
16523 4 2 1 31 1683 1790 1681 1682
16524 4 2 1 31 1696 1704 1777 1702
16525 4 2 1 31 1696 1777 1704 1748
16526 4 2 1 31 375 1733 374 1755
16527 4 2 1 31 1743 1694 375 1755
16528 4 2 1 31 1743 375 1694 370
16529 4 2 1 31 1694 1733 375 1755
16530 4 2 1 31 1694 375 1733 370
16531 4 2 1 31 1763 1701 1769 1765
16532 4 2 1 31 1764 1689 1763 1765
16533 4 2 1 31 1689 1701 1763 1765
16534 4 2 1 31 1689 1763 1701 1722
16535 4 2 1 31 1713 1711 1768 1763
16536 4 2 1 31 1713 1768 1711 1712
16537 4 2 1 31 1758 1768 1711 1763
16538 4 2 1 31 1758 1711 1768 1712
16539 4 2 1 31 369 1766 375 374
16540 4 2 1 31 375 1766 369 370
16541 4 2 1 31 375 1733 369 374
16542 4 2 1 31 369 1733 375 370
16543 4 2 1 31 1713 1763 1689 1722
16544 4 2 1 31 1689 1763 1713 1764
16545 4 2 1 31 1701 1698 1763 1769
16546 4 2 1 31 1763 1698 1701 1722
16547 4 2 1 31 1683 1684 1790 1682
16548 4 2 1 31 1683 1790 1684 1780
$EndElements
