variant_key,n_coils,multiplier_id,frequency_hz,rpm,direction,regime,gap_induction_peak_mt,gap_induction_rms_mt,stokes_s0,stokes_s1,stokes_s2,stokes_s3,axial_ratio_db,circular_purity_pct,oam_torque_uNm,lorentz_force_avg_uN,lorentz_force_burst_uN,secondary_induced_voltage_mv,coils_loss_w,mesh_loss_w,peek_loss_w,total_active_power_w,gauss_residual_pct,gauss_solenoidal_pass,dominant_harmonic
var11_toroidal_8_vertical_coils,8,1,25.0,0.0,CW,halfwave_opposed_ns,22.306,15.773,1.0,0.0501,0.0418,0.9087,0.57,95.43,2.163,89.9,211.27,120.74,16.356,2.144,0.0,18.5,0.864,True,1
var11_toroidal_8_vertical_coils,8,1,25.0,0.0,CCW,halfwave_opposed_ns,22.306,15.773,1.0,0.0501,0.0418,-0.9087,0.57,95.43,-2.163,89.9,211.27,120.74,16.356,2.144,0.0,18.5,0.864,True,1
var11_toroidal_8_vertical_coils,8,1,25.0,600.0,CW,halfwave_opposed_ns,22.306,15.773,1.0,0.0509,0.0424,0.9057,0.58,95.28,2.425,89.9,211.27,120.74,16.356,2.144,0.0,18.5,0.887,True,1
var11_toroidal_8_vertical_coils,8,1,25.0,600.0,CCW,halfwave_opposed_ns,22.306,15.773,1.0,0.0509,0.0424,-0.9057,0.58,95.28,-2.425,89.9,211.27,120.74,16.356,2.144,0.0,18.5,0.887,True,1
var11_toroidal_8_vertical_coils,8,1,25.0,1200.0,CW,halfwave_opposed_ns,22.306,15.773,1.0,0.0516,0.043,0.9027,0.58,95.13,2.686,89.9,211.27,120.74,16.356,2.144,0.0,18.5,0.909,True,1
var11_toroidal_8_vertical_coils,8,1,25.0,1200.0,CCW,halfwave_opposed_ns,22.306,15.773,1.0,0.0516,0.043,-0.9027,0.58,95.13,-2.686,89.9,211.27,120.74,16.356,2.144,0.0,18.5,0.909,True,1
var11_toroidal_8_vertical_coils,8,1,25.0,2400.0,CW,halfwave_opposed_ns,22.306,15.773,1.0,0.0531,0.0443,0.8967,0.6,94.83,3.201,89.9,211.27,120.74,16.356,2.144,0.0,18.5,0.954,True,1
var11_toroidal_8_vertical_coils,8,1,25.0,2400.0,CCW,halfwave_opposed_ns,22.306,15.773,1.0,0.0531,0.0443,-0.8967,0.6,94.83,-3.201,89.9,211.27,120.74,16.356,2.144,0.0,18.5,0.954,True,1
var11_toroidal_8_vertical_coils,8,1,50.0,0.0,CW,halfwave_opposed_ns,22.835,16.147,1.0,0.0496,0.0413,0.9108,0.56,95.54,2.272,95.5,224.43,247.2,16.282,2.218,0.0,18.5,0.869,True,1
var11_toroidal_8_vertical_coils,8,1,50.0,0.0,CCW,halfwave_opposed_ns,22.835,16.147,1.0,0.0496,0.0413,-0.9108,0.56,95.54,-2.272,95.5,224.43,247.2,16.282,2.218,0.0,18.5,0.869,True,1
var11_toroidal_8_vertical_coils,8,1,50.0,600.0,CW,halfwave_opposed_ns,22.835,16.147,1.0,0.0503,0.0419,0.9078,0.57,95.39,2.547,95.5,224.43,247.2,16.282,2.218,0.0,18.5,0.891,True,1
var11_toroidal_8_vertical_coils,8,1,50.0,600.0,CCW,halfwave_opposed_ns,22.835,16.147,1.0,0.0503,0.0419,-0.9078,0.57,95.39,-2.547,95.5,224.43,247.2,16.282,2.218,0.0,18.5,0.891,True,1
var11_toroidal_8_vertical_coils,8,1,50.0,1200.0,CW,halfwave_opposed_ns,22.835,16.147,1.0,0.0511,0.0426,0.9048,0.58,95.24,2.821,95.5,224.43,247.2,16.282,2.218,0.0,18.5,0.914,True,1
var11_toroidal_8_vertical_coils,8,1,50.0,1200.0,CCW,halfwave_opposed_ns,22.835,16.147,1.0,0.0511,0.0426,-0.9048,0.58,95.24,-2.821,95.5,224.43,247.2,16.282,2.218,0.0,18.5,0.914,True,1
var11_toroidal_8_vertical_coils,8,1,50.0,2400.0,CW,halfwave_opposed_ns,22.835,16.147,1.0,0.0526,0.0438,0.8988,0.6,94.94,3.363,95.5,224.43,247.2,16.282,2.218,0.0,18.5,0.959,True,1
var11_toroidal_8_vertical_coils,8,1,50.0,2400.0,CCW,halfwave_opposed_ns,22.835,16.147,1.0,0.0526,0.0438,-0.8988,0.6,94.94,-3.363,95.5,224.43,247.2,16.282,2.218,0.0,18.5,0.959,True,1
var11_toroidal_8_vertical_coils,8,1,60.0,0.0,CW,halfwave_opposed_ns,23.156,16.374,1.0,0.0492,0.041,0.912,0.56,95.6,2.34,99.01,232.68,300.82,16.238,2.262,0.0,18.5,0.871,True,1
var11_toroidal_8_vertical_coils,8,1,60.0,0.0,CCW,halfwave_opposed_ns,23.156,16.374,1.0,0.0492,0.041,-0.912,0.56,95.6,-2.34,99.01,232.68,300.82,16.238,2.262,0.0,18.5,0.871,True,1
var11_toroidal_8_vertical_coils,8,1,60.0,600.0,CW,halfwave_opposed_ns,23.156,16.374,1.0,0.05,0.0417,0.909,0.57,95.45,2.623,99.01,232.68,300.82,16.238,2.262,0.0,18.5,0.893,True,1
var11_toroidal_8_vertical_coils,8,1,60.0,600.0,CCW,halfwave_opposed_ns,23.156,16.374,1.0,0.05,0.0417,-0.909,0.57,95.45,-2.623,99.01,232.68,300.82,16.238,2.262,0.0,18.5,0.893,True,1
var11_toroidal_8_vertical_coils,8,1,60.0,1200.0,CW,halfwave_opposed_ns,23.156,16.374,1.0,0.0508,0.0423,0.906,0.58,95.3,2.905,99.01,232.68,300.82,16.238,2.262,0.0,18.5,0.916,True,1
var11_toroidal_8_vertical_coils,8,1,60.0,1200.0,CCW,halfwave_opposed_ns,23.156,16.374,1.0,0.0508,0.0423,-0.906,0.58,95.3,-2.905,99.01,232.68,300.82,16.238,2.262,0.0,18.5,0.916,True,1
var11_toroidal_8_vertical_coils,8,1,60.0,2400.0,CW,halfwave_opposed_ns,23.156,16.374,1.0,0.0523,0.0436,0.9,0.59,95.0,3.463,99.01,232.68,300.82,16.238,2.262,0.0,18.5,0.961,True,1
var11_toroidal_8_vertical_coils,8,1,60.0,2400.0,CCW,halfwave_opposed_ns,23.156,16.374,1.0,0.0523,0.0436,-0.9,0.59,95.0,-3.463,99.01,232.68,300.82,16.238,2.262,0.0,18.5,0.961,True,1
var11_toroidal_8_vertical_coils,8,1,100.0,0.0,CW,halfwave_opposed_ns,25.292,17.884,1.0,0.0469,0.0391,0.9203,0.53,96.02,2.816,124.37,292.27,547.6,15.957,2.543,0.0,18.5,0.878,True,1
var11_toroidal_8_vertical_coils,8,1,100.0,0.0,CCW,halfwave_opposed_ns,25.292,17.884,1.0,0.0469,0.0391,-0.9203,0.53,96.02,-2.816,124.37,292.27,547.6,15.957,2.543,0.0,18.5,0.878,True,1
var11_toroidal_8_vertical_coils,8,1,100.0,600.0,CW,halfwave_opposed_ns,25.292,17.884,1.0,0.0478,0.0398,0.9173,0.54,95.87,3.158,124.37,292.27,547.6,15.957,2.543,0.0,18.5,0.9,True,1
var11_toroidal_8_vertical_coils,8,1,100.0,600.0,CCW,halfwave_opposed_ns,25.292,17.884,1.0,0.0478,0.0398,-0.9173,0.54,95.87,-3.158,124.37,292.27,547.6,15.957,2.543,0.0,18.5,0.9,True,1
var11_toroidal_8_vertical_coils,8,1,100.0,1200.0,CW,halfwave_opposed_ns,25.292,17.884,1.0,0.0486,0.0405,0.9143,0.55,95.72,3.498,124.37,292.27,547.6,15.957,2.543,0.0,18.5,0.923,True,1
var11_toroidal_8_vertical_coils,8,1,100.0,1200.0,CCW,halfwave_opposed_ns,25.292,17.884,1.0,0.0486,0.0405,-0.9143,0.55,95.72,-3.498,124.37,292.27,547.6,15.957,2.543,0.0,18.5,0.923,True,1
var11_toroidal_8_vertical_coils,8,1,100.0,2400.0,CW,halfwave_opposed_ns,25.292,17.884,1.0,0.0502,0.0418,0.9083,0.57,95.42,4.17,124.37,292.27,547.6,15.957,2.543,0.0,18.5,0.968,True,1
var11_toroidal_8_vertical_coils,8,1,100.0,2400.0,CCW,halfwave_opposed_ns,25.292,17.884,1.0,0.0502,0.0418,-0.9083,0.57,95.42,-4.17,124.37,292.27,547.6,15.957,2.543,0.0,18.5,0.968,True,1
var11_toroidal_8_vertical_coils,8,1,120.0,0.0,CW,halfwave_opposed_ns,25.982,18.372,1.0,0.0462,0.0385,0.923,0.52,96.15,2.981,133.37,313.41,675.07,15.866,2.634,0.0,18.5,0.882,True,1
var11_toroidal_8_vertical_coils,8,1,120.0,0.0,CCW,halfwave_opposed_ns,25.982,18.372,1.0,0.0462,0.0385,-0.923,0.52,96.15,-2.981,133.37,313.41,675.07,15.866,2.634,0.0,18.5,0.882,True,1
var11_toroidal_8_vertical_coils,8,1,120.0,600.0,CW,halfwave_opposed_ns,25.982,18.372,1.0,0.047,0.0392,0.92,0.53,96.0,3.343,133.37,313.41,675.07,15.866,2.634,0.0,18.5,0.904,True,1
var11_toroidal_8_vertical_coils,8,1,120.0,600.0,CCW,halfwave_opposed_ns,25.982,18.372,1.0,0.047,0.0392,-0.92,0.53,96.0,-3.343,133.37,313.41,675.07,15.866,2.634,0.0,18.5,0.904,True,1
var11_toroidal_8_vertical_coils,8,1,120.0,1200.0,CW,halfwave_opposed_ns,25.982,18.372,1.0,0.0479,0.0399,0.917,0.54,95.85,3.702,133.37,313.41,675.07,15.866,2.634,0.0,18.5,0.927,True,1
var11_toroidal_8_vertical_coils,8,1,120.0,1200.0,CCW,halfwave_opposed_ns,25.982,18.372,1.0,0.0479,0.0399,-0.917,0.54,95.85,-3.702,133.37,313.41,675.07,15.866,2.634,0.0,18.5,0.927,True,1
var11_toroidal_8_vertical_coils,8,1,120.0,2400.0,CW,halfwave_opposed_ns,25.982,18.372,1.0,0.0495,0.0412,0.911,0.56,95.55,4.413,133.37,313.41,675.07,15.866,2.634,0.0,18.5,0.972,True,1
var11_toroidal_8_vertical_coils,8,1,120.0,2400.0,CCW,halfwave_opposed_ns,25.982,18.372,1.0,0.0495,0.0412,-0.911,0.56,95.55,-4.413,133.37,313.41,675.07,15.866,2.634,0.0,18.5,0.972,True,1
var11_toroidal_8_vertical_coils,8,1,150.0,0.0,CW,halfwave_opposed_ns,24.664,17.44,1.0,0.0476,0.0397,0.9179,0.54,95.9,2.671,116.56,273.91,801.01,16.026,2.474,0.0,18.5,0.887,True,1
var11_toroidal_8_vertical_coils,8,1,150.0,0.0,CCW,halfwave_opposed_ns,24.664,17.44,1.0,0.0476,0.0397,-0.9179,0.54,95.9,-2.671,116.56,273.91,801.01,16.026,2.474,0.0,18.5,0.887,True,1
var11_toroidal_8_vertical_coils,8,1,150.0,600.0,CW,halfwave_opposed_ns,24.664,17.44,1.0,0.0484,0.0404,0.9149,0.55,95.75,2.995,116.56,273.91,801.01,16.026,2.474,0.0,18.5,0.909,True,1
var11_toroidal_8_vertical_coils,8,1,150.0,600.0,CCW,halfwave_opposed_ns,24.664,17.44,1.0,0.0484,0.0404,-0.9149,0.55,95.75,-2.995,116.56,273.91,801.01,16.026,2.474,0.0,18.5,0.909,True,1
var11_toroidal_8_vertical_coils,8,1,150.0,1200.0,CW,halfwave_opposed_ns,24.664,17.44,1.0,0.0492,0.041,0.9119,0.56,95.6,3.317,116.56,273.91,801.01,16.026,2.474,0.0,18.5,0.932,True,1
var11_toroidal_8_vertical_coils,8,1,150.0,1200.0,CCW,halfwave_opposed_ns,24.664,17.44,1.0,0.0492,0.041,-0.9119,0.56,95.6,-3.317,116.56,273.91,801.01,16.026,2.474,0.0,18.5,0.932,True,1
var11_toroidal_8_vertical_coils,8,1,150.0,2400.0,CW,halfwave_opposed_ns,24.664,17.44,1.0,0.0508,0.0423,0.9059,0.58,95.3,3.955,116.56,273.91,801.01,16.026,2.474,0.0,18.5,0.977,True,1
var11_toroidal_8_vertical_coils,8,1,150.0,2400.0,CCW,halfwave_opposed_ns,24.664,17.44,1.0,0.0508,0.0423,-0.9059,0.58,95.3,-3.955,116.56,273.91,801.01,16.026,2.474,0.0,18.5,0.977,True,1
var11_toroidal_8_vertical_coils,8,1,200.0,0.0,CW,halfwave_opposed_ns,22.562,15.954,1.0,0.0498,0.0415,0.9098,0.56,95.49,2.215,92.64,217.71,977.0,16.285,2.215,0.0,18.5,0.896,True,1
var11_toroidal_8_vertical_coils,8,1,200.0,0.0,CCW,halfwave_opposed_ns,22.562,15.954,1.0,0.0498,0.0415,-0.9098,0.56,95.49,-2.215,92.64,217.71,977.0,16.285,2.215,0.0,18.5,0.896,True,1
var11_toroidal_8_vertical_coils,8,1,200.0,600.0,CW,halfwave_opposed_ns,22.562,15.954,1.0,0.0506,0.0422,0.9068,0.57,95.34,2.484,92.64,217.71,977.0,16.285,2.215,0.0,18.5,0.918,True,1
var11_toroidal_8_vertical_coils,8,1,200.0,600.0,CCW,halfwave_opposed_ns,22.562,15.954,1.0,0.0506,0.0422,-0.9068,0.57,95.34,-2.484,92.64,217.71,977.0,16.285,2.215,0.0,18.5,0.918,True,1
var11_toroidal_8_vertical_coils,8,1,200.0,1200.0,CW,halfwave_opposed_ns,22.562,15.954,1.0,0.0514,0.0428,0.9038,0.58,95.19,2.751,92.64,217.71,977.0,16.285,2.215,0.0,18.5,0.941,True,1
var11_toroidal_8_vertical_coils,8,1,200.0,1200.0,CCW,halfwave_opposed_ns,22.562,15.954,1.0,0.0514,0.0428,-0.9038,0.58,95.19,-2.751,92.64,217.71,977.0,16.285,2.215,0.0,18.5,0.941,True,1
var11_toroidal_8_vertical_coils,8,1,200.0,2400.0,CW,halfwave_opposed_ns,22.562,15.954,1.0,0.0529,0.044,0.8978,0.6,94.89,3.279,92.64,217.71,977.0,16.285,2.215,0.0,18.5,0.986,True,1
var11_toroidal_8_vertical_coils,8,1,200.0,2400.0,CCW,halfwave_opposed_ns,22.562,15.954,1.0,0.0529,0.044,-0.8978,0.6,94.89,-3.279,92.64,217.71,977.0,16.285,2.215,0.0,18.5,0.986,True,1
var11_toroidal_8_vertical_coils,8,1,400.0,0.0,CW,halfwave_opposed_ns,21.463,15.177,1.0,0.0509,0.0424,0.9055,0.58,95.28,1.996,81.53,191.6,1858.82,16.385,2.115,0.0,18.5,0.932,True,1
var11_toroidal_8_vertical_coils,8,1,400.0,0.0,CCW,halfwave_opposed_ns,21.463,15.177,1.0,0.0509,0.0424,-0.9055,0.58,95.28,-1.996,81.53,191.6,1858.82,16.385,2.115,0.0,18.5,0.932,True,1
var11_toroidal_8_vertical_coils,8,1,400.0,600.0,CW,halfwave_opposed_ns,21.463,15.177,1.0,0.0517,0.0431,0.9025,0.59,95.13,2.238,81.53,191.6,1858.82,16.385,2.115,0.0,18.5,0.954,True,1
var11_toroidal_8_vertical_coils,8,1,400.0,600.0,CCW,halfwave_opposed_ns,21.463,15.177,1.0,0.0517,0.0431,-0.9025,0.59,95.13,-2.238,81.53,191.6,1858.82,16.385,2.115,0.0,18.5,0.954,True,1
var11_toroidal_8_vertical_coils,8,1,400.0,1200.0,CW,halfwave_opposed_ns,21.463,15.177,1.0,0.0524,0.0437,0.8995,0.59,94.98,2.478,81.53,191.6,1858.82,16.385,2.115,0.0,18.5,0.977,True,1
var11_toroidal_8_vertical_coils,8,1,400.0,1200.0,CCW,halfwave_opposed_ns,21.463,15.177,1.0,0.0524,0.0437,-0.8995,0.59,94.98,-2.478,81.53,191.6,1858.82,16.385,2.115,0.0,18.5,0.977,True,1
var11_toroidal_8_vertical_coils,8,1,400.0,2400.0,CW,halfwave_opposed_ns,21.463,15.177,1.0,0.0539,0.0449,0.8935,0.61,94.68,2.954,81.53,191.6,1858.82,16.385,2.115,0.0,18.5,1.022,True,1
var11_toroidal_8_vertical_coils,8,1,400.0,2400.0,CCW,halfwave_opposed_ns,21.463,15.177,1.0,0.0539,0.0449,-0.8935,0.61,94.68,-2.954,81.53,191.6,1858.82,16.385,2.115,0.0,18.5,1.022,True,1
var11_toroidal_8_vertical_coils,8,1,800.0,0.0,CW,halfwave_opposed_ns,21.305,15.065,1.0,0.051,0.0425,0.9051,0.58,95.25,1.965,80.11,188.26,3690.3,16.32,2.18,0.0,18.5,1.004,True,1
var11_toroidal_8_vertical_coils,8,1,800.0,0.0,CCW,halfwave_opposed_ns,21.305,15.065,1.0,0.051,0.0425,-0.9051,0.58,95.25,-1.965,80.11,188.26,3690.3,16.32,2.18,0.0,18.5,1.004,True,1
var11_toroidal_8_vertical_coils,8,1,800.0,600.0,CW,halfwave_opposed_ns,21.305,15.065,1.0,0.0518,0.0432,0.9021,0.59,95.1,2.204,80.11,188.26,3690.3,16.32,2.18,0.0,18.5,1.026,True,1
var11_toroidal_8_vertical_coils,8,1,800.0,600.0,CCW,halfwave_opposed_ns,21.305,15.065,1.0,0.0518,0.0432,-0.9021,0.59,95.1,-2.204,80.11,188.26,3690.3,16.32,2.18,0.0,18.5,1.026,True,1
var11_toroidal_8_vertical_coils,8,1,800.0,1200.0,CW,halfwave_opposed_ns,21.305,15.065,1.0,0.0525,0.0438,0.8991,0.59,94.95,2.44,80.11,188.26,3690.3,16.32,2.18,0.0,18.5,1.049,True,1
var11_toroidal_8_vertical_coils,8,1,800.0,1200.0,CCW,halfwave_opposed_ns,21.305,15.065,1.0,0.0525,0.0438,-0.8991,0.59,94.95,-2.44,80.11,188.26,3690.3,16.32,2.18,0.0,18.5,1.049,True,1
var11_toroidal_8_vertical_coils,8,1,800.0,2400.0,CW,halfwave_opposed_ns,21.305,15.065,1.0,0.054,0.045,0.8931,0.61,94.65,2.909,80.11,188.26,3690.3,16.32,2.18,0.0,18.5,1.094,True,1
var11_toroidal_8_vertical_coils,8,1,800.0,2400.0,CCW,halfwave_opposed_ns,21.305,15.065,1.0,0.054,0.045,-0.8931,0.61,94.65,-2.909,80.11,188.26,3690.3,16.32,2.18,0.0,18.5,1.094,True,1
var11_toroidal_8_vertical_coils,8,1,1000.0,0.0,CW,halfwave_opposed_ns,21.27,15.04,1.0,0.051,0.0425,0.9051,0.58,95.25,1.959,79.83,187.61,4605.37,16.282,2.218,0.0,18.5,1.04,True,1
var11_toroidal_8_vertical_coils,8,1,1000.0,0.0,CCW,halfwave_opposed_ns,21.27,15.04,1.0,0.051,0.0425,-0.9051,0.58,95.25,-1.959,79.83,187.61,4605.37,16.282,2.218,0.0,18.5,1.04,True,1
var11_toroidal_8_vertical_coils,8,1,1000.0,600.0,CW,halfwave_opposed_ns,21.27,15.04,1.0,0.0518,0.0432,0.9021,0.59,95.1,2.196,79.83,187.61,4605.37,16.282,2.218,0.0,18.5,1.062,True,1
var11_toroidal_8_vertical_coils,8,1,1000.0,600.0,CCW,halfwave_opposed_ns,21.27,15.04,1.0,0.0518,0.0432,-0.9021,0.59,95.1,-2.196,79.83,187.61,4605.37,16.282,2.218,0.0,18.5,1.062,True,1
var11_toroidal_8_vertical_coils,8,1,1000.0,1200.0,CW,halfwave_opposed_ns,21.27,15.04,1.0,0.0525,0.0438,0.8991,0.59,94.95,2.432,79.83,187.61,4605.37,16.282,2.218,0.0,18.5,1.085,True,1
var11_toroidal_8_vertical_coils,8,1,1000.0,1200.0,CCW,halfwave_opposed_ns,21.27,15.04,1.0,0.0525,0.0438,-0.8991,0.59,94.95,-2.432,79.83,187.61,4605.37,16.282,2.218,0.0,18.5,1.085,True,1
var11_toroidal_8_vertical_coils,8,1,1000.0,2400.0,CW,halfwave_opposed_ns,21.27,15.04,1.0,0.054,0.045,0.8931,0.61,94.65,2.899,79.83,187.61,4605.37,16.282,2.218,0.0,18.5,1.13,True,1
var11_toroidal_8_vertical_coils,8,1,1000.0,2400.0,CCW,halfwave_opposed_ns,21.27,15.04,1.0,0.054,0.045,-0.8931,0.61,94.65,-2.899,79.83,187.61,4605.37,16.282,2.218,0.0,18.5,1.13,True,1
var11_toroidal_8_vertical_coils,8,2,25.0,0.0,CW,halfwave_opposed_ns,22.306,15.773,1.0,0.0501,0.0418,0.9087,0.57,95.43,2.163,89.9,211.27,120.74,16.356,2.144,0.0,18.5,0.864,True,1
var11_toroidal_8_vertical_coils,8,2,25.0,0.0,CCW,halfwave_opposed_ns,22.306,15.773,1.0,0.0501,0.0418,-0.9087,0.57,95.43,-2.163,89.9,211.27,120.74,16.356,2.144,0.0,18.5,0.864,True,1
var11_toroidal_8_vertical_coils,8,2,25.0,600.0,CW,halfwave_opposed_ns,22.306,15.773,1.0,0.0509,0.0424,0.9057,0.58,95.28,2.425,89.9,211.27,120.74,16.356,2.144,0.0,18.5,0.887,True,1
var11_toroidal_8_vertical_coils,8,2,25.0,600.0,CCW,halfwave_opposed_ns,22.306,15.773,1.0,0.0509,0.0424,-0.9057,0.58,95.28,-2.425,89.9,211.27,120.74,16.356,2.144,0.0,18.5,0.887,True,1
var11_toroidal_8_vertical_coils,8,2,25.0,1200.0,CW,halfwave_opposed_ns,22.306,15.773,1.0,0.0516,0.043,0.9027,0.58,95.13,2.686,89.9,211.27,120.74,16.356,2.144,0.0,18.5,0.909,True,1
var11_toroidal_8_vertical_coils,8,2,25.0,1200.0,CCW,halfwave_opposed_ns,22.306,15.773,1.0,0.0516,0.043,-0.9027,0.58,95.13,-2.686,89.9,211.27,120.74,16.356,2.144,0.0,18.5,0.909,True,1
var11_toroidal_8_vertical_coils,8,2,25.0,2400.0,CW,halfwave_opposed_ns,22.306,15.773,1.0,0.0531,0.0443,0.8967,0.6,94.83,3.201,89.9,211.27,120.74,16.356,2.144,0.0,18.5,0.954,True,1
var11_toroidal_8_vertical_coils,8,2,25.0,2400.0,CCW,halfwave_opposed_ns,22.306,15.773,1.0,0.0531,0.0443,-0.8967,0.6,94.83,-3.201,89.9,211.27,120.74,16.356,2.144,0.0,18.5,0.954,True,1
var11_toroidal_8_vertical_coils,8,2,50.0,0.0,CW,halfwave_opposed_ns,22.835,16.147,1.0,0.0496,0.0413,0.9108,0.56,95.54,2.272,95.5,224.43,247.2,16.282,2.218,0.0,18.5,0.869,True,1
var11_toroidal_8_vertical_coils,8,2,50.0,0.0,CCW,halfwave_opposed_ns,22.835,16.147,1.0,0.0496,0.0413,-0.9108,0.56,95.54,-2.272,95.5,224.43,247.2,16.282,2.218,0.0,18.5,0.869,True,1
var11_toroidal_8_vertical_coils,8,2,50.0,600.0,CW,halfwave_opposed_ns,22.835,16.147,1.0,0.0503,0.0419,0.9078,0.57,95.39,2.547,95.5,224.43,247.2,16.282,2.218,0.0,18.5,0.891,True,1
var11_toroidal_8_vertical_coils,8,2,50.0,600.0,CCW,halfwave_opposed_ns,22.835,16.147,1.0,0.0503,0.0419,-0.9078,0.57,95.39,-2.547,95.5,224.43,247.2,16.282,2.218,0.0,18.5,0.891,True,1
var11_toroidal_8_vertical_coils,8,2,50.0,1200.0,CW,halfwave_opposed_ns,22.835,16.147,1.0,0.0511,0.0426,0.9048,0.58,95.24,2.821,95.5,224.43,247.2,16.282,2.218,0.0,18.5,0.914,True,1
var11_toroidal_8_vertical_coils,8,2,50.0,1200.0,CCW,halfwave_opposed_ns,22.835,16.147,1.0,0.0511,0.0426,-0.9048,0.58,95.24,-2.821,95.5,224.43,247.2,16.282,2.218,0.0,18.5,0.914,True,1
var11_toroidal_8_vertical_coils,8,2,50.0,2400.0,CW,halfwave_opposed_ns,22.835,16.147,1.0,0.0526,0.0438,0.8988,0.6,94.94,3.363,95.5,224.43,247.2,16.282,2.218,0.0,18.5,0.959,True,1
var11_toroidal_8_vertical_coils,8,2,50.0,2400.0,CCW,halfwave_opposed_ns,22.835,16.147,1.0,0.0526,0.0438,-0.8988,0.6,94.94,-3.363,95.5,224.43,247.2,16.282,2.218,0.0,18.5,0.959,True,1
var11_toroidal_8_vertical_coils,8,2,60.0,0.0,CW,halfwave_opposed_ns,23.156,16.374,1.0,0.0492,0.041,0.912,0.56,95.6,2.34,99.01,232.68,300.82,16.238,2.262,0.0,18.5,0.871,True,1
var11_toroidal_8_vertical_coils,8,2,60.0,0.0,CCW,halfwave_opposed_ns,23.156,16.374,1.0,0.0492,0.041,-0.912,0.56,95.6,-2.34,99.01,232.68,300.82,16.238,2.262,0.0,18.5,0.871,True,1
var11_toroidal_8_vertical_coils,8,2,60.0,600.0,CW,halfwave_opposed_ns,23.156,16.374,1.0,0.05,0.0417,0.909,0.57,95.45,2.623,99.01,232.68,300.82,16.238,2.262,0.0,18.5,0.893,True,1
var11_toroidal_8_vertical_coils,8,2,60.0,600.0,CCW,halfwave_opposed_ns,23.156,16.374,1.0,0.05,0.0417,-0.909,0.57,95.45,-2.623,99.01,232.68,300.82,16.238,2.262,0.0,18.5,0.893,True,1
var11_toroidal_8_vertical_coils,8,2,60.0,1200.0,CW,halfwave_opposed_ns,23.156,16.374,1.0,0.0508,0.0423,0.906,0.58,95.3,2.905,99.01,232.68,300.82,16.238,2.262,0.0,18.5,0.916,True,1
var11_toroidal_8_vertical_coils,8,2,60.0,1200.0,CCW,halfwave_opposed_ns,23.156,16.374,1.0,0.0508,0.0423,-0.906,0.58,95.3,-2.905,99.01,232.68,300.82,16.238,2.262,0.0,18.5,0.916,True,1
var11_toroidal_8_vertical_coils,8,2,60.0,2400.0,CW,halfwave_opposed_ns,23.156,16.374,1.0,0.0523,0.0436,0.9,0.59,95.0,3.463,99.01,232.68,300.82,16.238,2.262,0.0,18.5,0.961,True,1
var11_toroidal_8_vertical_coils,8,2,60.0,2400.0,CCW,halfwave_opposed_ns,23.156,16.374,1.0,0.0523,0.0436,-0.9,0.59,95.0,-3.463,99.01,232.68,300.82,16.238,2.262,0.0,18.5,0.961,True,1
var11_toroidal_8_vertical_coils,8,2,100.0,0.0,CW,halfwave_opposed_ns,25.292,17.884,1.0,0.0469,0.0391,0.9203,0.53,96.02,2.816,124.37,292.27,547.6,15.957,2.543,0.0,18.5,0.878,True,1
var11_toroidal_8_vertical_coils,8,2,100.0,0.0,CCW,halfwave_opposed_ns,25.292,17.884,1.0,0.0469,0.0391,-0.9203,0.53,96.02,-2.816,124.37,292.27,547.6,15.957,2.543,0.0,18.5,0.878,True,1
var11_toroidal_8_vertical_coils,8,2,100.0,600.0,CW,halfwave_opposed_ns,25.292,17.884,1.0,0.0478,0.0398,0.9173,0.54,95.87,3.158,124.37,292.27,547.6,15.957,2.543,0.0,18.5,0.9,True,1
var11_toroidal_8_vertical_coils,8,2,100.0,600.0,CCW,halfwave_opposed_ns,25.292,17.884,1.0,0.0478,0.0398,-0.9173,0.54,95.87,-3.158,124.37,292.27,547.6,15.957,2.543,0.0,18.5,0.9,True,1
var11_toroidal_8_vertical_coils,8,2,100.0,1200.0,CW,halfwave_opposed_ns,25.292,17.884,1.0,0.0486,0.0405,0.9143,0.55,95.72,3.498,124.37,292.27,547.6,15.957,2.543,0.0,18.5,0.923,True,1
var11_toroidal_8_vertical_coils,8,2,100.0,1200.0,CCW,halfwave_opposed_ns,25.292,17.884,1.0,0.0486,0.0405,-0.9143,0.55,95.72,-3.498,124.37,292.27,547.6,15.957,2.543,0.0,18.5,0.923,True,1
var11_toroidal_8_vertical_coils,8,2,100.0,2400.0,CW,halfwave_opposed_ns,25.292,17.884,1.0,0.0502,0.0418,0.9083,0.57,95.42,4.17,124.37,292.27,547.6,15.957,2.543,0.0,18.5,0.968,True,1
var11_toroidal_8_vertical_coils,8,2,100.0,2400.0,CCW,halfwave_opposed_ns,25.292,17.884,1.0,0.0502,0.0418,-0.9083,0.57,95.42,-4.17,124.37,292.27,547.6,15.957,2.543,0.0,18.5,0.968,True,1
var11_toroidal_8_vertical_coils,8,2,120.0,0.0,CW,halfwave_opposed_ns,25.982,18.372,1.0,0.0462,0.0385,0.923,0.52,96.15,2.981,133.37,313.41,675.07,15.866,2.634,0.0,18.5,0.882,True,1
var11_toroidal_8_vertical_coils,8,2,120.0,0.0,CCW,halfwave_opposed_ns,25.982,18.372,1.0,0.0462,0.0385,-0.923,0.52,96.15,-2.981,133.37,313.41,675.07,15.866,2.634,0.0,18.5,0.882,True,1
var11_toroidal_8_vertical_coils,8,2,120.0,600.0,CW,halfwave_opposed_ns,25.982,18.372,1.0,0.047,0.0392,0.92,0.53,96.0,3.343,133.37,313.41,675.07,15.866,2.634,0.0,18.5,0.904,True,1
var11_toroidal_8_vertical_coils,8,2,120.0,600.0,CCW,halfwave_opposed_ns,25.982,18.372,1.0,0.047,0.0392,-0.92,0.53,96.0,-3.343,133.37,313.41,675.07,15.866,2.634,0.0,18.5,0.904,True,1
var11_toroidal_8_vertical_coils,8,2,120.0,1200.0,CW,halfwave_opposed_ns,25.982,18.372,1.0,0.0479,0.0399,0.917,0.54,95.85,3.702,133.37,313.41,675.07,15.866,2.634,0.0,18.5,0.927,True,1
var11_toroidal_8_vertical_coils,8,2,120.0,1200.0,CCW,halfwave_opposed_ns,25.982,18.372,1.0,0.0479,0.0399,-0.917,0.54,95.85,-3.702,133.37,313.41,675.07,15.866,2.634,0.0,18.5,0.927,True,1
var11_toroidal_8_vertical_coils,8,2,120.0,2400.0,CW,halfwave_opposed_ns,25.982,18.372,1.0,0.0495,0.0412,0.911,0.56,95.55,4.413,133.37,313.41,675.07,15.866,2.634,0.0,18.5,0.972,True,1
var11_toroidal_8_vertical_coils,8,2,120.0,2400.0,CCW,halfwave_opposed_ns,25.982,18.372,1.0,0.0495,0.0412,-0.911,0.56,95.55,-4.413,133.37,313.41,675.07,15.866,2.634,0.0,18.5,0.972,True,1
var11_toroidal_8_vertical_coils,8,2,150.0,0.0,CW,halfwave_opposed_ns,24.664,17.44,1.0,0.0476,0.0397,0.9179,0.54,95.9,2.671,116.56,273.91,801.01,16.026,2.474,0.0,18.5,0.887,True,1
var11_toroidal_8_vertical_coils,8,2,150.0,0.0,CCW,halfwave_opposed_ns,24.664,17.44,1.0,0.0476,0.0397,-0.9179,0.54,95.9,-2.671,116.56,273.91,801.01,16.026,2.474,0.0,18.5,0.887,True,1
var11_toroidal_8_vertical_coils,8,2,150.0,600.0,CW,halfwave_opposed_ns,24.664,17.44,1.0,0.0484,0.0404,0.9149,0.55,95.75,2.995,116.56,273.91,801.01,16.026,2.474,0.0,18.5,0.909,True,1
var11_toroidal_8_vertical_coils,8,2,150.0,600.0,CCW,halfwave_opposed_ns,24.664,17.44,1.0,0.0484,0.0404,-0.9149,0.55,95.75,-2.995,116.56,273.91,801.01,16.026,2.474,0.0,18.5,0.909,True,1
var11_toroidal_8_vertical_coils,8,2,150.0,1200.0,CW,halfwave_opposed_ns,24.664,17.44,1.0,0.0492,0.041,0.9119,0.56,95.6,3.317,116.56,273.91,801.01,16.026,2.474,0.0,18.5,0.932,True,1
var11_toroidal_8_vertical_coils,8,2,150.0,1200.0,CCW,halfwave_opposed_ns,24.664,17.44,1.0,0.0492,0.041,-0.9119,0.56,95.6,-3.317,116.56,273.91,801.01,16.026,2.474,0.0,18.5,0.932,True,1
var11_toroidal_8_vertical_coils,8,2,150.0,2400.0,CW,halfwave_opposed_ns,24.664,17.44,1.0,0.0508,0.0423,0.9059,0.58,95.3,3.955,116.56,273.91,801.01,16.026,2.474,0.0,18.5,0.977,True,1
var11_toroidal_8_vertical_coils,8,2,150.0,2400.0,CCW,halfwave_opposed_ns,24.664,17.44,1.0,0.0508,0.0423,-0.9059,0.58,95.3,-3.955,116.56,273.91,801.01,16.026,2.474,0.0,18.5,0.977,True,1
var11_toroidal_8_vertical_coils,8,2,200.0,0.0,CW,halfwave_opposed_ns,22.562,15.954,1.0,0.0498,0.0415,0.9098,0.56,95.49,2.215,92.64,217.71,977.0,16.285,2.215,0.0,18.5,0.896,True,1
var11_toroidal_8_vertical_coils,8,2,200.0,0.0,CCW,halfwave_opposed_ns,22.562,15.954,1.0,0.0498,0.0415,-0.9098,0.56,95.49,-2.215,92.64,217.71,977.0,16.285,2.215,0.0,18.5,0.896,True,1
var11_toroidal_8_vertical_coils,8,2,200.0,600.0,CW,halfwave_opposed_ns,22.562,15.954,1.0,0.0506,0.0422,0.9068,0.57,95.34,2.484,92.64,217.71,977.0,16.285,2.215,0.0,18.5,0.918,True,1
var11_toroidal_8_vertical_coils,8,2,200.0,600.0,CCW,halfwave_opposed_ns,22.562,15.954,1.0,0.0506,0.0422,-0.9068,0.57,95.34,-2.484,92.64,217.71,977.0,16.285,2.215,0.0,18.5,0.918,True,1
var11_toroidal_8_vertical_coils,8,2,200.0,1200.0,CW,halfwave_opposed_ns,22.562,15.954,1.0,0.0514,0.0428,0.9038,0.58,95.19,2.751,92.64,217.71,977.0,16.285,2.215,0.0,18.5,0.941,True,1
var11_toroidal_8_vertical_coils,8,2,200.0,1200.0,CCW,halfwave_opposed_ns,22.562,15.954,1.0,0.0514,0.0428,-0.9038,0.58,95.19,-2.751,92.64,217.71,977.0,16.285,2.215,0.0,18.5,0.941,True,1
var11_toroidal_8_vertical_coils,8,2,200.0,2400.0,CW,halfwave_opposed_ns,22.562,15.954,1.0,0.0529,0.044,0.8978,0.6,94.89,3.279,92.64,217.71,977.0,16.285,2.215,0.0,18.5,0.986,True,1
var11_toroidal_8_vertical_coils,8,2,200.0,2400.0,CCW,halfwave_opposed_ns,22.562,15.954,1.0,0.0529,0.044,-0.8978,0.6,94.89,-3.279,92.64,217.71,977.0,16.285,2.215,0.0,18.5,0.986,True,1
var11_toroidal_8_vertical_coils,8,2,400.0,0.0,CW,halfwave_opposed_ns,21.463,15.177,1.0,0.0509,0.0424,0.9055,0.58,95.28,1.996,81.53,191.6,1858.82,16.385,2.115,0.0,18.5,0.932,True,1
var11_toroidal_8_vertical_coils,8,2,400.0,0.0,CCW,halfwave_opposed_ns,21.463,15.177,1.0,0.0509,0.0424,-0.9055,0.58,95.28,-1.996,81.53,191.6,1858.82,16.385,2.115,0.0,18.5,0.932,True,1
var11_toroidal_8_vertical_coils,8,2,400.0,600.0,CW,halfwave_opposed_ns,21.463,15.177,1.0,0.0517,0.0431,0.9025,0.59,95.13,2.238,81.53,191.6,1858.82,16.385,2.115,0.0,18.5,0.954,True,1
var11_toroidal_8_vertical_coils,8,2,400.0,600.0,CCW,halfwave_opposed_ns,21.463,15.177,1.0,0.0517,0.0431,-0.9025,0.59,95.13,-2.238,81.53,191.6,1858.82,16.385,2.115,0.0,18.5,0.954,True,1
var11_toroidal_8_vertical_coils,8,2,400.0,1200.0,CW,halfwave_opposed_ns,21.463,15.177,1.0,0.0524,0.0437,0.8995,0.59,94.98,2.478,81.53,191.6,1858.82,16.385,2.115,0.0,18.5,0.977,True,1
var11_toroidal_8_vertical_coils,8,2,400.0,1200.0,CCW,halfwave_opposed_ns,21.463,15.177,1.0,0.0524,0.0437,-0.8995,0.59,94.98,-2.478,81.53,191.6,1858.82,16.385,2.115,0.0,18.5,0.977,True,1
var11_toroidal_8_vertical_coils,8,2,400.0,2400.0,CW,halfwave_opposed_ns,21.463,15.177,1.0,0.0539,0.0449,0.8935,0.61,94.68,2.954,81.53,191.6,1858.82,16.385,2.115,0.0,18.5,1.022,True,1
var11_toroidal_8_vertical_coils,8,2,400.0,2400.0,CCW,halfwave_opposed_ns,21.463,15.177,1.0,0.0539,0.0449,-0.8935,0.61,94.68,-2.954,81.53,191.6,1858.82,16.385,2.115,0.0,18.5,1.022,True,1
var11_toroidal_8_vertical_coils,8,2,800.0,0.0,CW,halfwave_opposed_ns,21.305,15.065,1.0,0.051,0.0425,0.9051,0.58,95.25,1.965,80.11,188.26,3690.3,16.32,2.18,0.0,18.5,1.004,True,1
var11_toroidal_8_vertical_coils,8,2,800.0,0.0,CCW,halfwave_opposed_ns,21.305,15.065,1.0,0.051,0.0425,-0.9051,0.58,95.25,-1.965,80.11,188.26,3690.3,16.32,2.18,0.0,18.5,1.004,True,1
var11_toroidal_8_vertical_coils,8,2,800.0,600.0,CW,halfwave_opposed_ns,21.305,15.065,1.0,0.0518,0.0432,0.9021,0.59,95.1,2.204,80.11,188.26,3690.3,16.32,2.18,0.0,18.5,1.026,True,1
var11_toroidal_8_vertical_coils,8,2,800.0,600.0,CCW,halfwave_opposed_ns,21.305,15.065,1.0,0.0518,0.0432,-0.9021,0.59,95.1,-2.204,80.11,188.26,3690.3,16.32,2.18,0.0,18.5,1.026,True,1
var11_toroidal_8_vertical_coils,8,2,800.0,1200.0,CW,halfwave_opposed_ns,21.305,15.065,1.0,0.0525,0.0438,0.8991,0.59,94.95,2.44,80.11,188.26,3690.3,16.32,2.18,0.0,18.5,1.049,True,1
var11_toroidal_8_vertical_coils,8,2,800.0,1200.0,CCW,halfwave_opposed_ns,21.305,15.065,1.0,0.0525,0.0438,-0.8991,0.59,94.95,-2.44,80.11,188.26,3690.3,16.32,2.18,0.0,18.5,1.049,True,1
var11_toroidal_8_vertical_coils,8,2,800.0,2400.0,CW,halfwave_opposed_ns,21.305,15.065,1.0,0.054,0.045,0.8931,0.61,94.65,2.909,80.11,188.26,3690.3,16.32,2.18,0.0,18.5,1.094,True,1
var11_toroidal_8_vertical_coils,8,2,800.0,2400.0,CCW,halfwave_opposed_ns,21.305,15.065,1.0,0.054,0.045,-0.8931,0.61,94.65,-2.909,80.11,188.26,3690.3,16.32,2.18,0.0,18.5,1.094,True,1
var11_toroidal_8_vertical_coils,8,2,1000.0,0.0,CW,halfwave_opposed_ns,21.27,15.04,1.0,0.051,0.0425,0.9051,0.58,95.25,1.959,79.83,187.61,4605.37,16.282,2.218,0.0,18.5,1.04,True,1
var11_toroidal_8_vertical_coils,8,2,1000.0,0.0,CCW,halfwave_opposed_ns,21.27,15.04,1.0,0.051,0.0425,-0.9051,0.58,95.25,-1.959,79.83,187.61,4605.37,16.282,2.218,0.0,18.5,1.04,True,1
var11_toroidal_8_vertical_coils,8,2,1000.0,600.0,CW,halfwave_opposed_ns,21.27,15.04,1.0,0.0518,0.0432,0.9021,0.59,95.1,2.196,79.83,187.61,4605.37,16.282,2.218,0.0,18.5,1.062,True,1
var11_toroidal_8_vertical_coils,8,2,1000.0,600.0,CCW,halfwave_opposed_ns,21.27,15.04,1.0,0.0518,0.0432,-0.9021,0.59,95.1,-2.196,79.83,187.61,4605.37,16.282,2.218,0.0,18.5,1.062,True,1
var11_toroidal_8_vertical_coils,8,2,1000.0,1200.0,CW,halfwave_opposed_ns,21.27,15.04,1.0,0.0525,0.0438,0.8991,0.59,94.95,2.432,79.83,187.61,4605.37,16.282,2.218,0.0,18.5,1.085,True,1
var11_toroidal_8_vertical_coils,8,2,1000.0,1200.0,CCW,halfwave_opposed_ns,21.27,15.04,1.0,0.0525,0.0438,-0.8991,0.59,94.95,-2.432,79.83,187.61,4605.37,16.282,2.218,0.0,18.5,1.085,True,1
var11_toroidal_8_vertical_coils,8,2,1000.0,2400.0,CW,halfwave_opposed_ns,21.27,15.04,1.0,0.054,0.045,0.8931,0.61,94.65,2.899,79.83,187.61,4605.37,16.282,2.218,0.0,18.5,1.13,True,1
var11_toroidal_8_vertical_coils,8,2,1000.0,2400.0,CCW,halfwave_opposed_ns,21.27,15.04,1.0,0.054,0.045,-0.8931,0.61,94.65,-2.899,79.83,187.61,4605.37,16.282,2.218,0.0,18.5,1.13,True,1
var11_toroidal_8_vertical_coils,8,3,25.0,0.0,CW,halfwave_opposed_ns,23.216,16.416,1.0,0.1108,0.0924,0.3831,1.26,69.15,0.988,102.56,241.02,125.66,16.282,2.218,0.0,18.5,0.867,True,3
var11_toroidal_8_vertical_coils,8,3,25.0,0.0,CCW,halfwave_opposed_ns,23.216,16.416,1.0,0.1108,0.0924,-0.3831,1.26,69.15,-0.988,102.56,241.02,125.66,16.282,2.218,0.0,18.5,0.867,True,3
var11_toroidal_8_vertical_coils,8,3,25.0,600.0,CW,halfwave_opposed_ns,23.216,16.416,1.0,0.1108,0.0924,0.3831,1.26,69.15,1.111,102.56,241.02,125.66,16.282,2.218,0.0,18.5,0.889,True,3
var11_toroidal_8_vertical_coils,8,3,25.0,600.0,CCW,halfwave_opposed_ns,23.216,16.416,1.0,0.1108,0.0924,-0.3831,1.26,69.15,-1.111,102.56,241.02,125.66,16.282,2.218,0.0,18.5,0.889,True,3
var11_toroidal_8_vertical_coils,8,3,25.0,1200.0,CW,halfwave_opposed_ns,23.216,16.416,1.0,0.1108,0.0924,0.3831,1.26,69.15,1.235,102.56,241.02,125.66,16.282,2.218,0.0,18.5,0.912,True,3
var11_toroidal_8_vertical_coils,8,3,25.0,1200.0,CCW,halfwave_opposed_ns,23.216,16.416,1.0,0.1108,0.0924,-0.3831,1.26,69.15,-1.235,102.56,241.02,125.66,16.282,2.218,0.0,18.5,0.912,True,3
var11_toroidal_8_vertical_coils,8,3,25.0,2400.0,CW,halfwave_opposed_ns,23.216,16.416,1.0,0.1108,0.0924,0.3831,1.26,69.15,1.481,102.56,241.02,125.66,16.282,2.218,0.0,18.5,0.957,True,3
var11_toroidal_8_vertical_coils,8,3,25.0,2400.0,CCW,halfwave_opposed_ns,23.216,16.416,1.0,0.1108,0.0924,-0.3831,1.26,69.15,-1.481,102.56,241.02,125.66,16.282,2.218,0.0,18.5,0.957,True,3
var11_toroidal_8_vertical_coils,8,3,50.0,0.0,CW,halfwave_opposed_ns,23.764,16.804,1.0,0.1108,0.0923,0.3848,1.26,69.24,1.04,108.93,255.99,257.26,16.206,2.294,0.0,18.5,0.871,True,3
var11_toroidal_8_vertical_coils,8,3,50.0,0.0,CCW,halfwave_opposed_ns,23.764,16.804,1.0,0.1108,0.0923,-0.3848,1.26,69.24,-1.04,108.93,255.99,257.26,16.206,2.294,0.0,18.5,0.871,True,3
var11_toroidal_8_vertical_coils,8,3,50.0,600.0,CW,halfwave_opposed_ns,23.764,16.804,1.0,0.1108,0.0923,0.3848,1.26,69.24,1.17,108.93,255.99,257.26,16.206,2.294,0.0,18.5,0.894,True,3
var11_toroidal_8_vertical_coils,8,3,50.0,600.0,CCW,halfwave_opposed_ns,23.764,16.804,1.0,0.1108,0.0923,-0.3848,1.26,69.24,-1.17,108.93,255.99,257.26,16.206,2.294,0.0,18.5,0.894,True,3
var11_toroidal_8_vertical_coils,8,3,50.0,1200.0,CW,halfwave_opposed_ns,23.764,16.804,1.0,0.1108,0.0923,0.3848,1.26,69.24,1.299,108.93,255.99,257.26,16.206,2.294,0.0,18.5,0.916,True,3
var11_toroidal_8_vertical_coils,8,3,50.0,1200.0,CCW,halfwave_opposed_ns,23.764,16.804,1.0,0.1108,0.0923,-0.3848,1.26,69.24,-1.299,108.93,255.99,257.26,16.206,2.294,0.0,18.5,0.916,True,3
var11_toroidal_8_vertical_coils,8,3,50.0,2400.0,CW,halfwave_opposed_ns,23.764,16.804,1.0,0.1108,0.0923,0.3848,1.26,69.24,1.559,108.93,255.99,257.26,16.206,2.294,0.0,18.5,0.961,True,3
var11_toroidal_8_vertical_coils,8,3,50.0,2400.0,CCW,halfwave_opposed_ns,23.764,16.804,1.0,0.1108,0.0923,-0.3848,1.26,69.24,-1.559,108.93,255.99,257.26,16.206,2.294,0.0,18.5,0.961,True,3
var11_toroidal_8_vertical_coils,8,3,60.0,0.0,CW,halfwave_opposed_ns,24.098,17.04,1.0,0.1107,0.0923,0.3859,1.26,69.29,1.072,112.92,265.37,313.05,16.161,2.339,0.0,18.5,0.873,True,3
var11_toroidal_8_vertical_coils,8,3,60.0,0.0,CCW,halfwave_opposed_ns,24.098,17.04,1.0,0.1107,0.0923,-0.3859,1.26,69.29,-1.072,112.92,265.37,313.05,16.161,2.339,0.0,18.5,0.873,True,3
var11_toroidal_8_vertical_coils,8,3,60.0,600.0,CW,halfwave_opposed_ns,24.098,17.04,1.0,0.1107,0.0923,0.3859,1.26,69.29,1.206,112.92,265.37,313.05,16.161,2.339,0.0,18.5,0.896,True,3
var11_toroidal_8_vertical_coils,8,3,60.0,600.0,CCW,halfwave_opposed_ns,24.098,17.04,1.0,0.1107,0.0923,-0.3859,1.26,69.29,-1.206,112.92,265.37,313.05,16.161,2.339,0.0,18.5,0.896,True,3
var11_toroidal_8_vertical_coils,8,3,60.0,1200.0,CW,halfwave_opposed_ns,24.098,17.04,1.0,0.1107,0.0923,0.3859,1.26,69.29,1.34,112.92,265.37,313.05,16.161,2.339,0.0,18.5,0.918,True,3
var11_toroidal_8_vertical_coils,8,3,60.0,1200.0,CCW,halfwave_opposed_ns,24.098,17.04,1.0,0.1107,0.0923,-0.3859,1.26,69.29,-1.34,112.92,265.37,313.05,16.161,2.339,0.0,18.5,0.918,True,3
var11_toroidal_8_vertical_coils,8,3,60.0,2400.0,CW,halfwave_opposed_ns,24.098,17.04,1.0,0.1107,0.0923,0.3859,1.26,69.29,1.608,112.92,265.37,313.05,16.161,2.339,0.0,18.5,0.963,True,3
var11_toroidal_8_vertical_coils,8,3,60.0,2400.0,CCW,halfwave_opposed_ns,24.098,17.04,1.0,0.1107,0.0923,-0.3859,1.26,69.29,-1.608,112.92,265.37,313.05,16.161,2.339,0.0,18.5,0.963,True,3
var11_toroidal_8_vertical_coils,8,3,100.0,0.0,CW,halfwave_opposed_ns,26.311,18.604,1.0,0.1104,0.092,0.3928,1.26,69.64,1.301,141.74,333.1,569.67,15.87,2.63,0.0,18.5,0.88,True,3
var11_toroidal_8_vertical_coils,8,3,100.0,0.0,CCW,halfwave_opposed_ns,26.311,18.604,1.0,0.1104,0.092,-0.3928,1.26,69.64,-1.301,141.74,333.1,569.67,15.87,2.63,0.0,18.5,0.88,True,3
var11_toroidal_8_vertical_coils,8,3,100.0,600.0,CW,halfwave_opposed_ns,26.311,18.604,1.0,0.1104,0.092,0.3928,1.26,69.64,1.463,141.74,333.1,569.67,15.87,2.63,0.0,18.5,0.903,True,3
var11_toroidal_8_vertical_coils,8,3,100.0,600.0,CCW,halfwave_opposed_ns,26.311,18.604,1.0,0.1104,0.092,-0.3928,1.26,69.64,-1.463,141.74,333.1,569.67,15.87,2.63,0.0,18.5,0.903,True,3
var11_toroidal_8_vertical_coils,8,3,100.0,1200.0,CW,halfwave_opposed_ns,26.311,18.604,1.0,0.1104,0.092,0.3928,1.26,69.64,1.626,141.74,333.1,569.67,15.87,2.63,0.0,18.5,0.925,True,3
var11_toroidal_8_vertical_coils,8,3,100.0,1200.0,CCW,halfwave_opposed_ns,26.311,18.604,1.0,0.1104,0.092,-0.3928,1.26,69.64,-1.626,141.74,333.1,569.67,15.87,2.63,0.0,18.5,0.925,True,3
var11_toroidal_8_vertical_coils,8,3,100.0,2400.0,CW,halfwave_opposed_ns,26.311,18.604,1.0,0.1104,0.092,0.3928,1.26,69.64,1.951,141.74,333.1,569.67,15.87,2.63,0.0,18.5,0.97,True,3
var11_toroidal_8_vertical_coils,8,3,100.0,2400.0,CCW,halfwave_opposed_ns,26.311,18.604,1.0,0.1104,0.092,-0.3928,1.26,69.64,-1.951,141.74,333.1,569.67,15.87,2.63,0.0,18.5,0.97,True,3
var11_toroidal_8_vertical_coils,8,3,120.0,0.0,CW,halfwave_opposed_ns,27.026,19.11,1.0,0.1102,0.0919,0.395,1.26,69.75,1.38,151.97,357.12,702.18,15.776,2.724,0.0,18.5,0.884,True,3
var11_toroidal_8_vertical_coils,8,3,120.0,0.0,CCW,halfwave_opposed_ns,27.026,19.11,1.0,0.1102,0.0919,-0.395,1.26,69.75,-1.38,151.97,357.12,702.18,15.776,2.724,0.0,18.5,0.884,True,3
var11_toroidal_8_vertical_coils,8,3,120.0,600.0,CW,halfwave_opposed_ns,27.026,19.11,1.0,0.1102,0.0919,0.395,1.26,69.75,1.553,151.97,357.12,702.18,15.776,2.724,0.0,18.5,0.907,True,3
var11_toroidal_8_vertical_coils,8,3,120.0,600.0,CCW,halfwave_opposed_ns,27.026,19.11,1.0,0.1102,0.0919,-0.395,1.26,69.75,-1.553,151.97,357.12,702.18,15.776,2.724,0.0,18.5,0.907,True,3
var11_toroidal_8_vertical_coils,8,3,120.0,1200.0,CW,halfwave_opposed_ns,27.026,19.11,1.0,0.1102,0.0919,0.395,1.26,69.75,1.725,151.97,357.12,702.18,15.776,2.724,0.0,18.5,0.929,True,3
var11_toroidal_8_vertical_coils,8,3,120.0,1200.0,CCW,halfwave_opposed_ns,27.026,19.11,1.0,0.1102,0.0919,-0.395,1.26,69.75,-1.725,151.97,357.12,702.18,15.776,2.724,0.0,18.5,0.929,True,3
var11_toroidal_8_vertical_coils,8,3,120.0,2400.0,CW,halfwave_opposed_ns,27.026,19.11,1.0,0.1102,0.0919,0.395,1.26,69.75,2.07,151.97,357.12,702.18,15.776,2.724,0.0,18.5,0.974,True,3
var11_toroidal_8_vertical_coils,8,3,120.0,2400.0,CCW,halfwave_opposed_ns,27.026,19.11,1.0,0.1102,0.0919,-0.395,1.26,69.75,-2.07,151.97,357.12,702.18,15.776,2.724,0.0,18.5,0.974,True,3
var11_toroidal_8_vertical_coils,8,3,150.0,0.0,CW,halfwave_opposed_ns,25.66,18.144,1.0,0.1105,0.092,0.3908,1.26,69.54,1.231,132.86,312.23,833.35,15.941,2.559,0.0,18.5,0.889,True,3
var11_toroidal_8_vertical_coils,8,3,150.0,0.0,CCW,halfwave_opposed_ns,25.66,18.144,1.0,0.1105,0.092,-0.3908,1.26,69.54,-1.231,132.86,312.23,833.35,15.941,2.559,0.0,18.5,0.889,True,3
var11_toroidal_8_vertical_coils,8,3,150.0,600.0,CW,halfwave_opposed_ns,25.66,18.144,1.0,0.1105,0.092,0.3908,1.26,69.54,1.385,132.86,312.23,833.35,15.941,2.559,0.0,18.5,0.912,True,3
var11_toroidal_8_vertical_coils,8,3,150.0,600.0,CCW,halfwave_opposed_ns,25.66,18.144,1.0,0.1105,0.092,-0.3908,1.26,69.54,-1.385,132.86,312.23,833.35,15.941,2.559,0.0,18.5,0.912,True,3
var11_toroidal_8_vertical_coils,8,3,150.0,1200.0,CW,halfwave_opposed_ns,25.66,18.144,1.0,0.1105,0.092,0.3908,1.26,69.54,1.539,132.86,312.23,833.35,15.941,2.559,0.0,18.5,0.934,True,3
var11_toroidal_8_vertical_coils,8,3,150.0,1200.0,CCW,halfwave_opposed_ns,25.66,18.144,1.0,0.1105,0.092,-0.3908,1.26,69.54,-1.539,132.86,312.23,833.35,15.941,2.559,0.0,18.5,0.934,True,3
var11_toroidal_8_vertical_coils,8,3,150.0,2400.0,CW,halfwave_opposed_ns,25.66,18.144,1.0,0.1105,0.092,0.3908,1.26,69.54,1.846,132.86,312.23,833.35,15.941,2.559,0.0,18.5,0.979,True,3
var11_toroidal_8_vertical_coils,8,3,150.0,2400.0,CCW,halfwave_opposed_ns,25.66,18.144,1.0,0.1105,0.092,-0.3908,1.26,69.54,-1.846,132.86,312.23,833.35,15.941,2.559,0.0,18.5,0.979,True,3
var11_toroidal_8_vertical_coils,8,3,200.0,0.0,CW,halfwave_opposed_ns,23.48,16.603,1.0,0.1108,0.0923,0.384,1.26,69.2,1.013,105.67,248.32,1016.76,16.209,2.291,0.0,18.5,0.898,True,3
var11_toroidal_8_vertical_coils,8,3,200.0,0.0,CCW,halfwave_opposed_ns,23.48,16.603,1.0,0.1108,0.0923,-0.384,1.26,69.2,-1.013,105.67,248.32,1016.76,16.209,2.291,0.0,18.5,0.898,True,3
var11_toroidal_8_vertical_coils,8,3,200.0,600.0,CW,halfwave_opposed_ns,23.48,16.603,1.0,0.1108,0.0923,0.384,1.26,69.2,1.139,105.67,248.32,1016.76,16.209,2.291,0.0,18.5,0.921,True,3
var11_toroidal_8_vertical_coils,8,3,200.0,600.0,CCW,halfwave_opposed_ns,23.48,16.603,1.0,0.1108,0.0923,-0.384,1.26,69.2,-1.139,105.67,248.32,1016.76,16.209,2.291,0.0,18.5,0.921,True,3
var11_toroidal_8_vertical_coils,8,3,200.0,1200.0,CW,halfwave_opposed_ns,23.48,16.603,1.0,0.1108,0.0923,0.384,1.26,69.2,1.266,105.67,248.32,1016.76,16.209,2.291,0.0,18.5,0.944,True,3
var11_toroidal_8_vertical_coils,8,3,200.0,1200.0,CCW,halfwave_opposed_ns,23.48,16.603,1.0,0.1108,0.0923,-0.384,1.26,69.2,-1.266,105.67,248.32,1016.76,16.209,2.291,0.0,18.5,0.944,True,3
var11_toroidal_8_vertical_coils,8,3,200.0,2400.0,CW,halfwave_opposed_ns,23.48,16.603,1.0,0.1108,0.0923,0.384,1.26,69.2,1.519,105.67,248.32,1016.76,16.209,2.291,0.0,18.5,0.988,True,3
var11_toroidal_8_vertical_coils,8,3,200.0,2400.0,CCW,halfwave_opposed_ns,23.48,16.603,1.0,0.1108,0.0923,-0.384,1.26,69.2,-1.519,105.67,248.32,1016.76,16.209,2.291,0.0,18.5,0.988,True,3
var11_toroidal_8_vertical_coils,8,3,400.0,0.0,CW,halfwave_opposed_ns,22.339,15.796,1.0,0.111,0.0925,0.3804,1.26,69.02,0.908,93.02,218.6,1934.71,16.313,2.187,0.0,18.5,0.934,True,3
var11_toroidal_8_vertical_coils,8,3,400.0,0.0,CCW,halfwave_opposed_ns,22.339,15.796,1.0,0.111,0.0925,-0.3804,1.26,69.02,-0.908,93.02,218.6,1934.71,16.313,2.187,0.0,18.5,0.934,True,3
var11_toroidal_8_vertical_coils,8,3,400.0,600.0,CW,halfwave_opposed_ns,22.339,15.796,1.0,0.111,0.0925,0.3804,1.26,69.02,1.022,93.02,218.6,1934.71,16.313,2.187,0.0,18.5,0.957,True,3
var11_toroidal_8_vertical_coils,8,3,400.0,600.0,CCW,halfwave_opposed_ns,22.339,15.796,1.0,0.111,0.0925,-0.3804,1.26,69.02,-1.022,93.02,218.6,1934.71,16.313,2.187,0.0,18.5,0.957,True,3
var11_toroidal_8_vertical_coils,8,3,400.0,1200.0,CW,halfwave_opposed_ns,22.339,15.796,1.0,0.111,0.0925,0.3804,1.26,69.02,1.135,93.02,218.6,1934.71,16.313,2.187,0.0,18.5,0.979,True,3
var11_toroidal_8_vertical_coils,8,3,400.0,1200.0,CCW,halfwave_opposed_ns,22.339,15.796,1.0,0.111,0.0925,-0.3804,1.26,69.02,-1.135,93.02,218.6,1934.71,16.313,2.187,0.0,18.5,0.979,True,3
var11_toroidal_8_vertical_coils,8,3,400.0,2400.0,CW,halfwave_opposed_ns,22.339,15.796,1.0,0.111,0.0925,0.3804,1.26,69.02,1.362,93.02,218.6,1934.71,16.313,2.187,0.0,18.5,1.024,True,3
var11_toroidal_8_vertical_coils,8,3,400.0,2400.0,CCW,halfwave_opposed_ns,22.339,15.796,1.0,0.111,0.0925,-0.3804,1.26,69.02,-1.362,93.02,218.6,1934.71,16.313,2.187,0.0,18.5,1.024,True,3
var11_toroidal_8_vertical_coils,8,3,800.0,0.0,CW,halfwave_opposed_ns,22.173,15.679,1.0,0.111,0.0925,0.3801,1.26,69.0,0.894,91.39,214.76,3840.67,16.246,2.254,0.0,18.5,1.006,True,3
var11_toroidal_8_vertical_coils,8,3,800.0,0.0,CCW,halfwave_opposed_ns,22.173,15.679,1.0,0.111,0.0925,-0.3801,1.26,69.0,-0.894,91.39,214.76,3840.67,16.246,2.254,0.0,18.5,1.006,True,3
var11_toroidal_8_vertical_coils,8,3,800.0,600.0,CW,halfwave_opposed_ns,22.173,15.679,1.0,0.111,0.0925,0.3801,1.26,69.0,1.006,91.39,214.76,3840.67,16.246,2.254,0.0,18.5,1.029,True,3
var11_toroidal_8_vertical_coils,8,3,800.0,600.0,CCW,halfwave_opposed_ns,22.173,15.679,1.0,0.111,0.0925,-0.3801,1.26,69.0,-1.006,91.39,214.76,3840.67,16.246,2.254,0.0,18.5,1.029,True,3
var11_toroidal_8_vertical_coils,8,3,800.0,1200.0,CW,halfwave_opposed_ns,22.173,15.679,1.0,0.111,0.0925,0.3801,1.26,69.0,1.117,91.39,214.76,3840.67,16.246,2.254,0.0,18.5,1.051,True,3
var11_toroidal_8_vertical_coils,8,3,800.0,1200.0,CCW,halfwave_opposed_ns,22.173,15.679,1.0,0.111,0.0925,-0.3801,1.26,69.0,-1.117,91.39,214.76,3840.67,16.246,2.254,0.0,18.5,1.051,True,3
var11_toroidal_8_vertical_coils,8,3,800.0,2400.0,CW,halfwave_opposed_ns,22.173,15.679,1.0,0.111,0.0925,0.3801,1.26,69.0,1.341,91.39,214.76,3840.67,16.246,2.254,0.0,18.5,1.097,True,3
var11_toroidal_8_vertical_coils,8,3,800.0,2400.0,CCW,halfwave_opposed_ns,22.173,15.679,1.0,0.111,0.0925,-0.3801,1.26,69.0,-1.341,91.39,214.76,3840.67,16.246,2.254,0.0,18.5,1.097,True,3
var11_toroidal_8_vertical_coils,8,3,1000.0,0.0,CW,halfwave_opposed_ns,22.136,15.653,1.0,0.111,0.0925,0.38,1.26,69.0,0.891,91.06,213.99,4792.81,16.206,2.294,0.0,18.5,1.042,True,3
var11_toroidal_8_vertical_coils,8,3,1000.0,0.0,CCW,halfwave_opposed_ns,22.136,15.653,1.0,0.111,0.0925,-0.38,1.26,69.0,-0.891,91.06,213.99,4792.81,16.206,2.294,0.0,18.5,1.042,True,3
var11_toroidal_8_vertical_coils,8,3,1000.0,600.0,CW,halfwave_opposed_ns,22.136,15.653,1.0,0.111,0.0925,0.38,1.26,69.0,1.002,91.06,213.99,4792.81,16.206,2.294,0.0,18.5,1.065,True,3
var11_toroidal_8_vertical_coils,8,3,1000.0,600.0,CCW,halfwave_opposed_ns,22.136,15.653,1.0,0.111,0.0925,-0.38,1.26,69.0,-1.002,91.06,213.99,4792.81,16.206,2.294,0.0,18.5,1.065,True,3
var11_toroidal_8_vertical_coils,8,3,1000.0,1200.0,CW,halfwave_opposed_ns,22.136,15.653,1.0,0.111,0.0925,0.38,1.26,69.0,1.114,91.06,213.99,4792.81,16.206,2.294,0.0,18.5,1.087,True,3
var11_toroidal_8_vertical_coils,8,3,1000.0,1200.0,CCW,halfwave_opposed_ns,22.136,15.653,1.0,0.111,0.0925,-0.38,1.26,69.0,-1.114,91.06,213.99,4792.81,16.206,2.294,0.0,18.5,1.087,True,3
var11_toroidal_8_vertical_coils,8,3,1000.0,2400.0,CW,halfwave_opposed_ns,22.136,15.653,1.0,0.111,0.0925,0.38,1.26,69.0,1.336,91.06,213.99,4792.81,16.206,2.294,0.0,18.5,1.133,True,3
var11_toroidal_8_vertical_coils,8,3,1000.0,2400.0,CCW,halfwave_opposed_ns,22.136,15.653,1.0,0.111,0.0925,-0.38,1.26,69.0,-1.336,91.06,213.99,4792.81,16.206,2.294,0.0,18.5,1.133,True,3
var11_toroidal_8_vertical_coils,8,4,25.0,0.0,CW,halfwave_opposed_ns,22.306,15.773,1.0,0.0501,0.0418,0.9087,0.57,95.43,2.163,89.9,211.27,120.74,16.356,2.144,0.0,18.5,0.864,True,1
var11_toroidal_8_vertical_coils,8,4,25.0,0.0,CCW,halfwave_opposed_ns,22.306,15.773,1.0,0.0501,0.0418,-0.9087,0.57,95.43,-2.163,89.9,211.27,120.74,16.356,2.144,0.0,18.5,0.864,True,1
var11_toroidal_8_vertical_coils,8,4,25.0,600.0,CW,halfwave_opposed_ns,22.306,15.773,1.0,0.0509,0.0424,0.9057,0.58,95.28,2.425,89.9,211.27,120.74,16.356,2.144,0.0,18.5,0.887,True,1
var11_toroidal_8_vertical_coils,8,4,25.0,600.0,CCW,halfwave_opposed_ns,22.306,15.773,1.0,0.0509,0.0424,-0.9057,0.58,95.28,-2.425,89.9,211.27,120.74,16.356,2.144,0.0,18.5,0.887,True,1
var11_toroidal_8_vertical_coils,8,4,25.0,1200.0,CW,halfwave_opposed_ns,22.306,15.773,1.0,0.0516,0.043,0.9027,0.58,95.13,2.686,89.9,211.27,120.74,16.356,2.144,0.0,18.5,0.909,True,1
var11_toroidal_8_vertical_coils,8,4,25.0,1200.0,CCW,halfwave_opposed_ns,22.306,15.773,1.0,0.0516,0.043,-0.9027,0.58,95.13,-2.686,89.9,211.27,120.74,16.356,2.144,0.0,18.5,0.909,True,1
var11_toroidal_8_vertical_coils,8,4,25.0,2400.0,CW,halfwave_opposed_ns,22.306,15.773,1.0,0.0531,0.0443,0.8967,0.6,94.83,3.201,89.9,211.27,120.74,16.356,2.144,0.0,18.5,0.954,True,1
var11_toroidal_8_vertical_coils,8,4,25.0,2400.0,CCW,halfwave_opposed_ns,22.306,15.773,1.0,0.0531,0.0443,-0.8967,0.6,94.83,-3.201,89.9,211.27,120.74,16.356,2.144,0.0,18.5,0.954,True,1
var11_toroidal_8_vertical_coils,8,4,50.0,0.0,CW,halfwave_opposed_ns,22.835,16.147,1.0,0.0496,0.0413,0.9108,0.56,95.54,2.272,95.5,224.43,247.2,16.282,2.218,0.0,18.5,0.869,True,1
var11_toroidal_8_vertical_coils,8,4,50.0,0.0,CCW,halfwave_opposed_ns,22.835,16.147,1.0,0.0496,0.0413,-0.9108,0.56,95.54,-2.272,95.5,224.43,247.2,16.282,2.218,0.0,18.5,0.869,True,1
var11_toroidal_8_vertical_coils,8,4,50.0,600.0,CW,halfwave_opposed_ns,22.835,16.147,1.0,0.0503,0.0419,0.9078,0.57,95.39,2.547,95.5,224.43,247.2,16.282,2.218,0.0,18.5,0.891,True,1
var11_toroidal_8_vertical_coils,8,4,50.0,600.0,CCW,halfwave_opposed_ns,22.835,16.147,1.0,0.0503,0.0419,-0.9078,0.57,95.39,-2.547,95.5,224.43,247.2,16.282,2.218,0.0,18.5,0.891,True,1
var11_toroidal_8_vertical_coils,8,4,50.0,1200.0,CW,halfwave_opposed_ns,22.835,16.147,1.0,0.0511,0.0426,0.9048,0.58,95.24,2.821,95.5,224.43,247.2,16.282,2.218,0.0,18.5,0.914,True,1
var11_toroidal_8_vertical_coils,8,4,50.0,1200.0,CCW,halfwave_opposed_ns,22.835,16.147,1.0,0.0511,0.0426,-0.9048,0.58,95.24,-2.821,95.5,224.43,247.2,16.282,2.218,0.0,18.5,0.914,True,1
var11_toroidal_8_vertical_coils,8,4,50.0,2400.0,CW,halfwave_opposed_ns,22.835,16.147,1.0,0.0526,0.0438,0.8988,0.6,94.94,3.363,95.5,224.43,247.2,16.282,2.218,0.0,18.5,0.959,True,1
var11_toroidal_8_vertical_coils,8,4,50.0,2400.0,CCW,halfwave_opposed_ns,22.835,16.147,1.0,0.0526,0.0438,-0.8988,0.6,94.94,-3.363,95.5,224.43,247.2,16.282,2.218,0.0,18.5,0.959,True,1
var11_toroidal_8_vertical_coils,8,4,60.0,0.0,CW,halfwave_opposed_ns,23.156,16.374,1.0,0.0492,0.041,0.912,0.56,95.6,2.34,99.01,232.68,300.82,16.238,2.262,0.0,18.5,0.871,True,1
var11_toroidal_8_vertical_coils,8,4,60.0,0.0,CCW,halfwave_opposed_ns,23.156,16.374,1.0,0.0492,0.041,-0.912,0.56,95.6,-2.34,99.01,232.68,300.82,16.238,2.262,0.0,18.5,0.871,True,1
var11_toroidal_8_vertical_coils,8,4,60.0,600.0,CW,halfwave_opposed_ns,23.156,16.374,1.0,0.05,0.0417,0.909,0.57,95.45,2.623,99.01,232.68,300.82,16.238,2.262,0.0,18.5,0.893,True,1
var11_toroidal_8_vertical_coils,8,4,60.0,600.0,CCW,halfwave_opposed_ns,23.156,16.374,1.0,0.05,0.0417,-0.909,0.57,95.45,-2.623,99.01,232.68,300.82,16.238,2.262,0.0,18.5,0.893,True,1
var11_toroidal_8_vertical_coils,8,4,60.0,1200.0,CW,halfwave_opposed_ns,23.156,16.374,1.0,0.0508,0.0423,0.906,0.58,95.3,2.905,99.01,232.68,300.82,16.238,2.262,0.0,18.5,0.916,True,1
var11_toroidal_8_vertical_coils,8,4,60.0,1200.0,CCW,halfwave_opposed_ns,23.156,16.374,1.0,0.0508,0.0423,-0.906,0.58,95.3,-2.905,99.01,232.68,300.82,16.238,2.262,0.0,18.5,0.916,True,1
var11_toroidal_8_vertical_coils,8,4,60.0,2400.0,CW,halfwave_opposed_ns,23.156,16.374,1.0,0.0523,0.0436,0.9,0.59,95.0,3.463,99.01,232.68,300.82,16.238,2.262,0.0,18.5,0.961,True,1
var11_toroidal_8_vertical_coils,8,4,60.0,2400.0,CCW,halfwave_opposed_ns,23.156,16.374,1.0,0.0523,0.0436,-0.9,0.59,95.0,-3.463,99.01,232.68,300.82,16.238,2.262,0.0,18.5,0.961,True,1
var11_toroidal_8_vertical_coils,8,4,100.0,0.0,CW,halfwave_opposed_ns,25.292,17.884,1.0,0.0469,0.0391,0.9203,0.53,96.02,2.816,124.37,292.27,547.6,15.957,2.543,0.0,18.5,0.878,True,1
var11_toroidal_8_vertical_coils,8,4,100.0,0.0,CCW,halfwave_opposed_ns,25.292,17.884,1.0,0.0469,0.0391,-0.9203,0.53,96.02,-2.816,124.37,292.27,547.6,15.957,2.543,0.0,18.5,0.878,True,1
var11_toroidal_8_vertical_coils,8,4,100.0,600.0,CW,halfwave_opposed_ns,25.292,17.884,1.0,0.0478,0.0398,0.9173,0.54,95.87,3.158,124.37,292.27,547.6,15.957,2.543,0.0,18.5,0.9,True,1
var11_toroidal_8_vertical_coils,8,4,100.0,600.0,CCW,halfwave_opposed_ns,25.292,17.884,1.0,0.0478,0.0398,-0.9173,0.54,95.87,-3.158,124.37,292.27,547.6,15.957,2.543,0.0,18.5,0.9,True,1
var11_toroidal_8_vertical_coils,8,4,100.0,1200.0,CW,halfwave_opposed_ns,25.292,17.884,1.0,0.0486,0.0405,0.9143,0.55,95.72,3.498,124.37,292.27,547.6,15.957,2.543,0.0,18.5,0.923,True,1
var11_toroidal_8_vertical_coils,8,4,100.0,1200.0,CCW,halfwave_opposed_ns,25.292,17.884,1.0,0.0486,0.0405,-0.9143,0.55,95.72,-3.498,124.37,292.27,547.6,15.957,2.543,0.0,18.5,0.923,True,1
var11_toroidal_8_vertical_coils,8,4,100.0,2400.0,CW,halfwave_opposed_ns,25.292,17.884,1.0,0.0502,0.0418,0.9083,0.57,95.42,4.17,124.37,292.27,547.6,15.957,2.543,0.0,18.5,0.968,True,1
var11_toroidal_8_vertical_coils,8,4,100.0,2400.0,CCW,halfwave_opposed_ns,25.292,17.884,1.0,0.0502,0.0418,-0.9083,0.57,95.42,-4.17,124.37,292.27,547.6,15.957,2.543,0.0,18.5,0.968,True,1
var11_toroidal_8_vertical_coils,8,4,120.0,0.0,CW,halfwave_opposed_ns,25.982,18.372,1.0,0.0462,0.0385,0.923,0.52,96.15,2.981,133.37,313.41,675.07,15.866,2.634,0.0,18.5,0.882,True,1
var11_toroidal_8_vertical_coils,8,4,120.0,0.0,CCW,halfwave_opposed_ns,25.982,18.372,1.0,0.0462,0.0385,-0.923,0.52,96.15,-2.981,133.37,313.41,675.07,15.866,2.634,0.0,18.5,0.882,True,1
var11_toroidal_8_vertical_coils,8,4,120.0,600.0,CW,halfwave_opposed_ns,25.982,18.372,1.0,0.047,0.0392,0.92,0.53,96.0,3.343,133.37,313.41,675.07,15.866,2.634,0.0,18.5,0.904,True,1
var11_toroidal_8_vertical_coils,8,4,120.0,600.0,CCW,halfwave_opposed_ns,25.982,18.372,1.0,0.047,0.0392,-0.92,0.53,96.0,-3.343,133.37,313.41,675.07,15.866,2.634,0.0,18.5,0.904,True,1
var11_toroidal_8_vertical_coils,8,4,120.0,1200.0,CW,halfwave_opposed_ns,25.982,18.372,1.0,0.0479,0.0399,0.917,0.54,95.85,3.702,133.37,313.41,675.07,15.866,2.634,0.0,18.5,0.927,True,1
var11_toroidal_8_vertical_coils,8,4,120.0,1200.0,CCW,halfwave_opposed_ns,25.982,18.372,1.0,0.0479,0.0399,-0.917,0.54,95.85,-3.702,133.37,313.41,675.07,15.866,2.634,0.0,18.5,0.927,True,1
var11_toroidal_8_vertical_coils,8,4,120.0,2400.0,CW,halfwave_opposed_ns,25.982,18.372,1.0,0.0495,0.0412,0.911,0.56,95.55,4.413,133.37,313.41,675.07,15.866,2.634,0.0,18.5,0.972,True,1
var11_toroidal_8_vertical_coils,8,4,120.0,2400.0,CCW,halfwave_opposed_ns,25.982,18.372,1.0,0.0495,0.0412,-0.911,0.56,95.55,-4.413,133.37,313.41,675.07,15.866,2.634,0.0,18.5,0.972,True,1
var11_toroidal_8_vertical_coils,8,4,150.0,0.0,CW,halfwave_opposed_ns,24.664,17.44,1.0,0.0476,0.0397,0.9179,0.54,95.9,2.671,116.56,273.91,801.01,16.026,2.474,0.0,18.5,0.887,True,1
var11_toroidal_8_vertical_coils,8,4,150.0,0.0,CCW,halfwave_opposed_ns,24.664,17.44,1.0,0.0476,0.0397,-0.9179,0.54,95.9,-2.671,116.56,273.91,801.01,16.026,2.474,0.0,18.5,0.887,True,1
var11_toroidal_8_vertical_coils,8,4,150.0,600.0,CW,halfwave_opposed_ns,24.664,17.44,1.0,0.0484,0.0404,0.9149,0.55,95.75,2.995,116.56,273.91,801.01,16.026,2.474,0.0,18.5,0.909,True,1
var11_toroidal_8_vertical_coils,8,4,150.0,600.0,CCW,halfwave_opposed_ns,24.664,17.44,1.0,0.0484,0.0404,-0.9149,0.55,95.75,-2.995,116.56,273.91,801.01,16.026,2.474,0.0,18.5,0.909,True,1
var11_toroidal_8_vertical_coils,8,4,150.0,1200.0,CW,halfwave_opposed_ns,24.664,17.44,1.0,0.0492,0.041,0.9119,0.56,95.6,3.317,116.56,273.91,801.01,16.026,2.474,0.0,18.5,0.932,True,1
var11_toroidal_8_vertical_coils,8,4,150.0,1200.0,CCW,halfwave_opposed_ns,24.664,17.44,1.0,0.0492,0.041,-0.9119,0.56,95.6,-3.317,116.56,273.91,801.01,16.026,2.474,0.0,18.5,0.932,True,1
var11_toroidal_8_vertical_coils,8,4,150.0,2400.0,CW,halfwave_opposed_ns,24.664,17.44,1.0,0.0508,0.0423,0.9059,0.58,95.3,3.955,116.56,273.91,801.01,16.026,2.474,0.0,18.5,0.977,True,1
var11_toroidal_8_vertical_coils,8,4,150.0,2400.0,CCW,halfwave_opposed_ns,24.664,17.44,1.0,0.0508,0.0423,-0.9059,0.58,95.3,-3.955,116.56,273.91,801.01,16.026,2.474,0.0,18.5,0.977,True,1
var11_toroidal_8_vertical_coils,8,4,200.0,0.0,CW,halfwave_opposed_ns,22.562,15.954,1.0,0.0498,0.0415,0.9098,0.56,95.49,2.215,92.64,217.71,977.0,16.285,2.215,0.0,18.5,0.896,True,1
var11_toroidal_8_vertical_coils,8,4,200.0,0.0,CCW,halfwave_opposed_ns,22.562,15.954,1.0,0.0498,0.0415,-0.9098,0.56,95.49,-2.215,92.64,217.71,977.0,16.285,2.215,0.0,18.5,0.896,True,1
var11_toroidal_8_vertical_coils,8,4,200.0,600.0,CW,halfwave_opposed_ns,22.562,15.954,1.0,0.0506,0.0422,0.9068,0.57,95.34,2.484,92.64,217.71,977.0,16.285,2.215,0.0,18.5,0.918,True,1
var11_toroidal_8_vertical_coils,8,4,200.0,600.0,CCW,halfwave_opposed_ns,22.562,15.954,1.0,0.0506,0.0422,-0.9068,0.57,95.34,-2.484,92.64,217.71,977.0,16.285,2.215,0.0,18.5,0.918,True,1
var11_toroidal_8_vertical_coils,8,4,200.0,1200.0,CW,halfwave_opposed_ns,22.562,15.954,1.0,0.0514,0.0428,0.9038,0.58,95.19,2.751,92.64,217.71,977.0,16.285,2.215,0.0,18.5,0.941,True,1
var11_toroidal_8_vertical_coils,8,4,200.0,1200.0,CCW,halfwave_opposed_ns,22.562,15.954,1.0,0.0514,0.0428,-0.9038,0.58,95.19,-2.751,92.64,217.71,977.0,16.285,2.215,0.0,18.5,0.941,True,1
var11_toroidal_8_vertical_coils,8,4,200.0,2400.0,CW,halfwave_opposed_ns,22.562,15.954,1.0,0.0529,0.044,0.8978,0.6,94.89,3.279,92.64,217.71,977.0,16.285,2.215,0.0,18.5,0.986,True,1
var11_toroidal_8_vertical_coils,8,4,200.0,2400.0,CCW,halfwave_opposed_ns,22.562,15.954,1.0,0.0529,0.044,-0.8978,0.6,94.89,-3.279,92.64,217.71,977.0,16.285,2.215,0.0,18.5,0.986,True,1
var11_toroidal_8_vertical_coils,8,4,400.0,0.0,CW,halfwave_opposed_ns,21.463,15.177,1.0,0.0509,0.0424,0.9055,0.58,95.28,1.996,81.53,191.6,1858.82,16.385,2.115,0.0,18.5,0.932,True,1
var11_toroidal_8_vertical_coils,8,4,400.0,0.0,CCW,halfwave_opposed_ns,21.463,15.177,1.0,0.0509,0.0424,-0.9055,0.58,95.28,-1.996,81.53,191.6,1858.82,16.385,2.115,0.0,18.5,0.932,True,1
var11_toroidal_8_vertical_coils,8,4,400.0,600.0,CW,halfwave_opposed_ns,21.463,15.177,1.0,0.0517,0.0431,0.9025,0.59,95.13,2.238,81.53,191.6,1858.82,16.385,2.115,0.0,18.5,0.954,True,1
var11_toroidal_8_vertical_coils,8,4,400.0,600.0,CCW,halfwave_opposed_ns,21.463,15.177,1.0,0.0517,0.0431,-0.9025,0.59,95.13,-2.238,81.53,191.6,1858.82,16.385,2.115,0.0,18.5,0.954,True,1
var11_toroidal_8_vertical_coils,8,4,400.0,1200.0,CW,halfwave_opposed_ns,21.463,15.177,1.0,0.0524,0.0437,0.8995,0.59,94.98,2.478,81.53,191.6,1858.82,16.385,2.115,0.0,18.5,0.977,True,1
var11_toroidal_8_vertical_coils,8,4,400.0,1200.0,CCW,halfwave_opposed_ns,21.463,15.177,1.0,0.0524,0.0437,-0.8995,0.59,94.98,-2.478,81.53,191.6,1858.82,16.385,2.115,0.0,18.5,0.977,True,1
var11_toroidal_8_vertical_coils,8,4,400.0,2400.0,CW,halfwave_opposed_ns,21.463,15.177,1.0,0.0539,0.0449,0.8935,0.61,94.68,2.954,81.53,191.6,1858.82,16.385,2.115,0.0,18.5,1.022,True,1
var11_toroidal_8_vertical_coils,8,4,400.0,2400.0,CCW,halfwave_opposed_ns,21.463,15.177,1.0,0.0539,0.0449,-0.8935,0.61,94.68,-2.954,81.53,191.6,1858.82,16.385,2.115,0.0,18.5,1.022,True,1
var11_toroidal_8_vertical_coils,8,4,800.0,0.0,CW,halfwave_opposed_ns,21.305,15.065,1.0,0.051,0.0425,0.9051,0.58,95.25,1.965,80.11,188.26,3690.3,16.32,2.18,0.0,18.5,1.004,True,1
var11_toroidal_8_vertical_coils,8,4,800.0,0.0,CCW,halfwave_opposed_ns,21.305,15.065,1.0,0.051,0.0425,-0.9051,0.58,95.25,-1.965,80.11,188.26,3690.3,16.32,2.18,0.0,18.5,1.004,True,1
var11_toroidal_8_vertical_coils,8,4,800.0,600.0,CW,halfwave_opposed_ns,21.305,15.065,1.0,0.0518,0.0432,0.9021,0.59,95.1,2.204,80.11,188.26,3690.3,16.32,2.18,0.0,18.5,1.026,True,1
var11_toroidal_8_vertical_coils,8,4,800.0,600.0,CCW,halfwave_opposed_ns,21.305,15.065,1.0,0.0518,0.0432,-0.9021,0.59,95.1,-2.204,80.11,188.26,3690.3,16.32,2.18,0.0,18.5,1.026,True,1
var11_toroidal_8_vertical_coils,8,4,800.0,1200.0,CW,halfwave_opposed_ns,21.305,15.065,1.0,0.0525,0.0438,0.8991,0.59,94.95,2.44,80.11,188.26,3690.3,16.32,2.18,0.0,18.5,1.049,True,1
var11_toroidal_8_vertical_coils,8,4,800.0,1200.0,CCW,halfwave_opposed_ns,21.305,15.065,1.0,0.0525,0.0438,-0.8991,0.59,94.95,-2.44,80.11,188.26,3690.3,16.32,2.18,0.0,18.5,1.049,True,1
var11_toroidal_8_vertical_coils,8,4,800.0,2400.0,CW,halfwave_opposed_ns,21.305,15.065,1.0,0.054,0.045,0.8931,0.61,94.65,2.909,80.11,188.26,3690.3,16.32,2.18,0.0,18.5,1.094,True,1
var11_toroidal_8_vertical_coils,8,4,800.0,2400.0,CCW,halfwave_opposed_ns,21.305,15.065,1.0,0.054,0.045,-0.8931,0.61,94.65,-2.909,80.11,188.26,3690.3,16.32,2.18,0.0,18.5,1.094,True,1
var11_toroidal_8_vertical_coils,8,4,1000.0,0.0,CW,halfwave_opposed_ns,21.27,15.04,1.0,0.051,0.0425,0.9051,0.58,95.25,1.959,79.83,187.61,4605.37,16.282,2.218,0.0,18.5,1.04,True,1
var11_toroidal_8_vertical_coils,8,4,1000.0,0.0,CCW,halfwave_opposed_ns,21.27,15.04,1.0,0.051,0.0425,-0.9051,0.58,95.25,-1.959,79.83,187.61,4605.37,16.282,2.218,0.0,18.5,1.04,True,1
var11_toroidal_8_vertical_coils,8,4,1000.0,600.0,CW,halfwave_opposed_ns,21.27,15.04,1.0,0.0518,0.0432,0.9021,0.59,95.1,2.196,79.83,187.61,4605.37,16.282,2.218,0.0,18.5,1.062,True,1
var11_toroidal_8_vertical_coils,8,4,1000.0,600.0,CCW,halfwave_opposed_ns,21.27,15.04,1.0,0.0518,0.0432,-0.9021,0.59,95.1,-2.196,79.83,187.61,4605.37,16.282,2.218,0.0,18.5,1.062,True,1
var11_toroidal_8_vertical_coils,8,4,1000.0,1200.0,CW,halfwave_opposed_ns,21.27,15.04,1.0,0.0525,0.0438,0.8991,0.59,94.95,2.432,79.83,187.61,4605.37,16.282,2.218,0.0,18.5,1.085,True,1
var11_toroidal_8_vertical_coils,8,4,1000.0,1200.0,CCW,halfwave_opposed_ns,21.27,15.04,1.0,0.0525,0.0438,-0.8991,0.59,94.95,-2.432,79.83,187.61,4605.37,16.282,2.218,0.0,18.5,1.085,True,1
var11_toroidal_8_vertical_coils,8,4,1000.0,2400.0,CW,halfwave_opposed_ns,21.27,15.04,1.0,0.054,0.045,0.8931,0.61,94.65,2.899,79.83,187.61,4605.37,16.282,2.218,0.0,18.5,1.13,True,1
var11_toroidal_8_vertical_coils,8,4,1000.0,2400.0,CCW,halfwave_opposed_ns,21.27,15.04,1.0,0.054,0.045,-0.8931,0.61,94.65,-2.899,79.83,187.61,4605.37,16.282,2.218,0.0,18.5,1.13,True,1
var11_toroidal_8_vertical_coils,8,5,25.0,0.0,CW,halfwave_opposed_ns,22.306,15.773,1.0,0.0501,0.0418,0.9087,0.57,95.43,2.163,89.9,211.27,120.74,16.356,2.144,0.0,18.5,0.864,True,1
var11_toroidal_8_vertical_coils,8,5,25.0,0.0,CCW,halfwave_opposed_ns,22.306,15.773,1.0,0.0501,0.0418,-0.9087,0.57,95.43,-2.163,89.9,211.27,120.74,16.356,2.144,0.0,18.5,0.864,True,1
var11_toroidal_8_vertical_coils,8,5,25.0,600.0,CW,halfwave_opposed_ns,22.306,15.773,1.0,0.0509,0.0424,0.9057,0.58,95.28,2.425,89.9,211.27,120.74,16.356,2.144,0.0,18.5,0.887,True,1
var11_toroidal_8_vertical_coils,8,5,25.0,600.0,CCW,halfwave_opposed_ns,22.306,15.773,1.0,0.0509,0.0424,-0.9057,0.58,95.28,-2.425,89.9,211.27,120.74,16.356,2.144,0.0,18.5,0.887,True,1
var11_toroidal_8_vertical_coils,8,5,25.0,1200.0,CW,halfwave_opposed_ns,22.306,15.773,1.0,0.0516,0.043,0.9027,0.58,95.13,2.686,89.9,211.27,120.74,16.356,2.144,0.0,18.5,0.909,True,1
var11_toroidal_8_vertical_coils,8,5,25.0,1200.0,CCW,halfwave_opposed_ns,22.306,15.773,1.0,0.0516,0.043,-0.9027,0.58,95.13,-2.686,89.9,211.27,120.74,16.356,2.144,0.0,18.5,0.909,True,1
var11_toroidal_8_vertical_coils,8,5,25.0,2400.0,CW,halfwave_opposed_ns,22.306,15.773,1.0,0.0531,0.0443,0.8967,0.6,94.83,3.201,89.9,211.27,120.74,16.356,2.144,0.0,18.5,0.954,True,1
var11_toroidal_8_vertical_coils,8,5,25.0,2400.0,CCW,halfwave_opposed_ns,22.306,15.773,1.0,0.0531,0.0443,-0.8967,0.6,94.83,-3.201,89.9,211.27,120.74,16.356,2.144,0.0,18.5,0.954,True,1
var11_toroidal_8_vertical_coils,8,5,50.0,0.0,CW,halfwave_opposed_ns,22.835,16.147,1.0,0.0496,0.0413,0.9108,0.56,95.54,2.272,95.5,224.43,247.2,16.282,2.218,0.0,18.5,0.869,True,1
var11_toroidal_8_vertical_coils,8,5,50.0,0.0,CCW,halfwave_opposed_ns,22.835,16.147,1.0,0.0496,0.0413,-0.9108,0.56,95.54,-2.272,95.5,224.43,247.2,16.282,2.218,0.0,18.5,0.869,True,1
var11_toroidal_8_vertical_coils,8,5,50.0,600.0,CW,halfwave_opposed_ns,22.835,16.147,1.0,0.0503,0.0419,0.9078,0.57,95.39,2.547,95.5,224.43,247.2,16.282,2.218,0.0,18.5,0.891,True,1
var11_toroidal_8_vertical_coils,8,5,50.0,600.0,CCW,halfwave_opposed_ns,22.835,16.147,1.0,0.0503,0.0419,-0.9078,0.57,95.39,-2.547,95.5,224.43,247.2,16.282,2.218,0.0,18.5,0.891,True,1
var11_toroidal_8_vertical_coils,8,5,50.0,1200.0,CW,halfwave_opposed_ns,22.835,16.147,1.0,0.0511,0.0426,0.9048,0.58,95.24,2.821,95.5,224.43,247.2,16.282,2.218,0.0,18.5,0.914,True,1
var11_toroidal_8_vertical_coils,8,5,50.0,1200.0,CCW,halfwave_opposed_ns,22.835,16.147,1.0,0.0511,0.0426,-0.9048,0.58,95.24,-2.821,95.5,224.43,247.2,16.282,2.218,0.0,18.5,0.914,True,1
var11_toroidal_8_vertical_coils,8,5,50.0,2400.0,CW,halfwave_opposed_ns,22.835,16.147,1.0,0.0526,0.0438,0.8988,0.6,94.94,3.363,95.5,224.43,247.2,16.282,2.218,0.0,18.5,0.959,True,1
var11_toroidal_8_vertical_coils,8,5,50.0,2400.0,CCW,halfwave_opposed_ns,22.835,16.147,1.0,0.0526,0.0438,-0.8988,0.6,94.94,-3.363,95.5,224.43,247.2,16.282,2.218,0.0,18.5,0.959,True,1
var11_toroidal_8_vertical_coils,8,5,60.0,0.0,CW,halfwave_opposed_ns,23.156,16.374,1.0,0.0492,0.041,0.912,0.56,95.6,2.34,99.01,232.68,300.82,16.238,2.262,0.0,18.5,0.871,True,1
var11_toroidal_8_vertical_coils,8,5,60.0,0.0,CCW,halfwave_opposed_ns,23.156,16.374,1.0,0.0492,0.041,-0.912,0.56,95.6,-2.34,99.01,232.68,300.82,16.238,2.262,0.0,18.5,0.871,True,1
var11_toroidal_8_vertical_coils,8,5,60.0,600.0,CW,halfwave_opposed_ns,23.156,16.374,1.0,0.05,0.0417,0.909,0.57,95.45,2.623,99.01,232.68,300.82,16.238,2.262,0.0,18.5,0.893,True,1
var11_toroidal_8_vertical_coils,8,5,60.0,600.0,CCW,halfwave_opposed_ns,23.156,16.374,1.0,0.05,0.0417,-0.909,0.57,95.45,-2.623,99.01,232.68,300.82,16.238,2.262,0.0,18.5,0.893,True,1
var11_toroidal_8_vertical_coils,8,5,60.0,1200.0,CW,halfwave_opposed_ns,23.156,16.374,1.0,0.0508,0.0423,0.906,0.58,95.3,2.905,99.01,232.68,300.82,16.238,2.262,0.0,18.5,0.916,True,1
var11_toroidal_8_vertical_coils,8,5,60.0,1200.0,CCW,halfwave_opposed_ns,23.156,16.374,1.0,0.0508,0.0423,-0.906,0.58,95.3,-2.905,99.01,232.68,300.82,16.238,2.262,0.0,18.5,0.916,True,1
var11_toroidal_8_vertical_coils,8,5,60.0,2400.0,CW,halfwave_opposed_ns,23.156,16.374,1.0,0.0523,0.0436,0.9,0.59,95.0,3.463,99.01,232.68,300.82,16.238,2.262,0.0,18.5,0.961,True,1
var11_toroidal_8_vertical_coils,8,5,60.0,2400.0,CCW,halfwave_opposed_ns,23.156,16.374,1.0,0.0523,0.0436,-0.9,0.59,95.0,-3.463,99.01,232.68,300.82,16.238,2.262,0.0,18.5,0.961,True,1
var11_toroidal_8_vertical_coils,8,5,100.0,0.0,CW,halfwave_opposed_ns,25.292,17.884,1.0,0.0469,0.0391,0.9203,0.53,96.02,2.816,124.37,292.27,547.6,15.957,2.543,0.0,18.5,0.878,True,1
var11_toroidal_8_vertical_coils,8,5,100.0,0.0,CCW,halfwave_opposed_ns,25.292,17.884,1.0,0.0469,0.0391,-0.9203,0.53,96.02,-2.816,124.37,292.27,547.6,15.957,2.543,0.0,18.5,0.878,True,1
var11_toroidal_8_vertical_coils,8,5,100.0,600.0,CW,halfwave_opposed_ns,25.292,17.884,1.0,0.0478,0.0398,0.9173,0.54,95.87,3.158,124.37,292.27,547.6,15.957,2.543,0.0,18.5,0.9,True,1
var11_toroidal_8_vertical_coils,8,5,100.0,600.0,CCW,halfwave_opposed_ns,25.292,17.884,1.0,0.0478,0.0398,-0.9173,0.54,95.87,-3.158,124.37,292.27,547.6,15.957,2.543,0.0,18.5,0.9,True,1
var11_toroidal_8_vertical_coils,8,5,100.0,1200.0,CW,halfwave_opposed_ns,25.292,17.884,1.0,0.0486,0.0405,0.9143,0.55,95.72,3.498,124.37,292.27,547.6,15.957,2.543,0.0,18.5,0.923,True,1
var11_toroidal_8_vertical_coils,8,5,100.0,1200.0,CCW,halfwave_opposed_ns,25.292,17.884,1.0,0.0486,0.0405,-0.9143,0.55,95.72,-3.498,124.37,292.27,547.6,15.957,2.543,0.0,18.5,0.923,True,1
var11_toroidal_8_vertical_coils,8,5,100.0,2400.0,CW,halfwave_opposed_ns,25.292,17.884,1.0,0.0502,0.0418,0.9083,0.57,95.42,4.17,124.37,292.27,547.6,15.957,2.543,0.0,18.5,0.968,True,1
var11_toroidal_8_vertical_coils,8,5,100.0,2400.0,CCW,halfwave_opposed_ns,25.292,17.884,1.0,0.0502,0.0418,-0.9083,0.57,95.42,-4.17,124.37,292.27,547.6,15.957,2.543,0.0,18.5,0.968,True,1
var11_toroidal_8_vertical_coils,8,5,120.0,0.0,CW,halfwave_opposed_ns,25.982,18.372,1.0,0.0462,0.0385,0.923,0.52,96.15,2.981,133.37,313.41,675.07,15.866,2.634,0.0,18.5,0.882,True,1
var11_toroidal_8_vertical_coils,8,5,120.0,0.0,CCW,halfwave_opposed_ns,25.982,18.372,1.0,0.0462,0.0385,-0.923,0.52,96.15,-2.981,133.37,313.41,675.07,15.866,2.634,0.0,18.5,0.882,True,1
var11_toroidal_8_vertical_coils,8,5,120.0,600.0,CW,halfwave_opposed_ns,25.982,18.372,1.0,0.047,0.0392,0.92,0.53,96.0,3.343,133.37,313.41,675.07,15.866,2.634,0.0,18.5,0.904,True,1
var11_toroidal_8_vertical_coils,8,5,120.0,600.0,CCW,halfwave_opposed_ns,25.982,18.372,1.0,0.047,0.0392,-0.92,0.53,96.0,-3.343,133.37,313.41,675.07,15.866,2.634,0.0,18.5,0.904,True,1
var11_toroidal_8_vertical_coils,8,5,120.0,1200.0,CW,halfwave_opposed_ns,25.982,18.372,1.0,0.0479,0.0399,0.917,0.54,95.85,3.702,133.37,313.41,675.07,15.866,2.634,0.0,18.5,0.927,True,1
var11_toroidal_8_vertical_coils,8,5,120.0,1200.0,CCW,halfwave_opposed_ns,25.982,18.372,1.0,0.0479,0.0399,-0.917,0.54,95.85,-3.702,133.37,313.41,675.07,15.866,2.634,0.0,18.5,0.927,True,1
var11_toroidal_8_vertical_coils,8,5,120.0,2400.0,CW,halfwave_opposed_ns,25.982,18.372,1.0,0.0495,0.0412,0.911,0.56,95.55,4.413,133.37,313.41,675.07,15.866,2.634,0.0,18.5,0.972,True,1
var11_toroidal_8_vertical_coils,8,5,120.0,2400.0,CCW,halfwave_opposed_ns,25.982,18.372,1.0,0.0495,0.0412,-0.911,0.56,95.55,-4.413,133.37,313.41,675.07,15.866,2.634,0.0,18.5,0.972,True,1
var11_toroidal_8_vertical_coils,8,5,150.0,0.0,CW,halfwave_opposed_ns,24.664,17.44,1.0,0.0476,0.0397,0.9179,0.54,95.9,2.671,116.56,273.91,801.01,16.026,2.474,0.0,18.5,0.887,True,1
var11_toroidal_8_vertical_coils,8,5,150.0,0.0,CCW,halfwave_opposed_ns,24.664,17.44,1.0,0.0476,0.0397,-0.9179,0.54,95.9,-2.671,116.56,273.91,801.01,16.026,2.474,0.0,18.5,0.887,True,1
var11_toroidal_8_vertical_coils,8,5,150.0,600.0,CW,halfwave_opposed_ns,24.664,17.44,1.0,0.0484,0.0404,0.9149,0.55,95.75,2.995,116.56,273.91,801.01,16.026,2.474,0.0,18.5,0.909,True,1
var11_toroidal_8_vertical_coils,8,5,150.0,600.0,CCW,halfwave_opposed_ns,24.664,17.44,1.0,0.0484,0.0404,-0.9149,0.55,95.75,-2.995,116.56,273.91,801.01,16.026,2.474,0.0,18.5,0.909,True,1
var11_toroidal_8_vertical_coils,8,5,150.0,1200.0,CW,halfwave_opposed_ns,24.664,17.44,1.0,0.0492,0.041,0.9119,0.56,95.6,3.317,116.56,273.91,801.01,16.026,2.474,0.0,18.5,0.932,True,1
var11_toroidal_8_vertical_coils,8,5,150.0,1200.0,CCW,halfwave_opposed_ns,24.664,17.44,1.0,0.0492,0.041,-0.9119,0.56,95.6,-3.317,116.56,273.91,801.01,16.026,2.474,0.0,18.5,0.932,True,1
var11_toroidal_8_vertical_coils,8,5,150.0,2400.0,CW,halfwave_opposed_ns,24.664,17.44,1.0,0.0508,0.0423,0.9059,0.58,95.3,3.955,116.56,273.91,801.01,16.026,2.474,0.0,18.5,0.977,True,1
var11_toroidal_8_vertical_coils,8,5,150.0,2400.0,CCW,halfwave_opposed_ns,24.664,17.44,1.0,0.0508,0.0423,-0.9059,0.58,95.3,-3.955,116.56,273.91,801.01,16.026,2.474,0.0,18.5,0.977,True,1
var11_toroidal_8_vertical_coils,8,5,200.0,0.0,CW,halfwave_opposed_ns,22.562,15.954,1.0,0.0498,0.0415,0.9098,0.56,95.49,2.215,92.64,217.71,977.0,16.285,2.215,0.0,18.5,0.896,True,1
var11_toroidal_8_vertical_coils,8,5,200.0,0.0,CCW,halfwave_opposed_ns,22.562,15.954,1.0,0.0498,0.0415,-0.9098,0.56,95.49,-2.215,92.64,217.71,977.0,16.285,2.215,0.0,18.5,0.896,True,1
var11_toroidal_8_vertical_coils,8,5,200.0,600.0,CW,halfwave_opposed_ns,22.562,15.954,1.0,0.0506,0.0422,0.9068,0.57,95.34,2.484,92.64,217.71,977.0,16.285,2.215,0.0,18.5,0.918,True,1
var11_toroidal_8_vertical_coils,8,5,200.0,600.0,CCW,halfwave_opposed_ns,22.562,15.954,1.0,0.0506,0.0422,-0.9068,0.57,95.34,-2.484,92.64,217.71,977.0,16.285,2.215,0.0,18.5,0.918,True,1
var11_toroidal_8_vertical_coils,8,5,200.0,1200.0,CW,halfwave_opposed_ns,22.562,15.954,1.0,0.0514,0.0428,0.9038,0.58,95.19,2.751,92.64,217.71,977.0,16.285,2.215,0.0,18.5,0.941,True,1
var11_toroidal_8_vertical_coils,8,5,200.0,1200.0,CCW,halfwave_opposed_ns,22.562,15.954,1.0,0.0514,0.0428,-0.9038,0.58,95.19,-2.751,92.64,217.71,977.0,16.285,2.215,0.0,18.5,0.941,True,1
var11_toroidal_8_vertical_coils,8,5,200.0,2400.0,CW,halfwave_opposed_ns,22.562,15.954,1.0,0.0529,0.044,0.8978,0.6,94.89,3.279,92.64,217.71,977.0,16.285,2.215,0.0,18.5,0.986,True,1
var11_toroidal_8_vertical_coils,8,5,200.0,2400.0,CCW,halfwave_opposed_ns,22.562,15.954,1.0,0.0529,0.044,-0.8978,0.6,94.89,-3.279,92.64,217.71,977.0,16.285,2.215,0.0,18.5,0.986,True,1
var11_toroidal_8_vertical_coils,8,5,400.0,0.0,CW,halfwave_opposed_ns,21.463,15.177,1.0,0.0509,0.0424,0.9055,0.58,95.28,1.996,81.53,191.6,1858.82,16.385,2.115,0.0,18.5,0.932,True,1
var11_toroidal_8_vertical_coils,8,5,400.0,0.0,CCW,halfwave_opposed_ns,21.463,15.177,1.0,0.0509,0.0424,-0.9055,0.58,95.28,-1.996,81.53,191.6,1858.82,16.385,2.115,0.0,18.5,0.932,True,1
var11_toroidal_8_vertical_coils,8,5,400.0,600.0,CW,halfwave_opposed_ns,21.463,15.177,1.0,0.0517,0.0431,0.9025,0.59,95.13,2.238,81.53,191.6,1858.82,16.385,2.115,0.0,18.5,0.954,True,1
var11_toroidal_8_vertical_coils,8,5,400.0,600.0,CCW,halfwave_opposed_ns,21.463,15.177,1.0,0.0517,0.0431,-0.9025,0.59,95.13,-2.238,81.53,191.6,1858.82,16.385,2.115,0.0,18.5,0.954,True,1
var11_toroidal_8_vertical_coils,8,5,400.0,1200.0,CW,halfwave_opposed_ns,21.463,15.177,1.0,0.0524,0.0437,0.8995,0.59,94.98,2.478,81.53,191.6,1858.82,16.385,2.115,0.0,18.5,0.977,True,1
var11_toroidal_8_vertical_coils,8,5,400.0,1200.0,CCW,halfwave_opposed_ns,21.463,15.177,1.0,0.0524,0.0437,-0.8995,0.59,94.98,-2.478,81.53,191.6,1858.82,16.385,2.115,0.0,18.5,0.977,True,1
var11_toroidal_8_vertical_coils,8,5,400.0,2400.0,CW,halfwave_opposed_ns,21.463,15.177,1.0,0.0539,0.0449,0.8935,0.61,94.68,2.954,81.53,191.6,1858.82,16.385,2.115,0.0,18.5,1.022,True,1
var11_toroidal_8_vertical_coils,8,5,400.0,2400.0,CCW,halfwave_opposed_ns,21.463,15.177,1.0,0.0539,0.0449,-0.8935,0.61,94.68,-2.954,81.53,191.6,1858.82,16.385,2.115,0.0,18.5,1.022,True,1
var11_toroidal_8_vertical_coils,8,5,800.0,0.0,CW,halfwave_opposed_ns,21.305,15.065,1.0,0.051,0.0425,0.9051,0.58,95.25,1.965,80.11,188.26,3690.3,16.32,2.18,0.0,18.5,1.004,True,1
var11_toroidal_8_vertical_coils,8,5,800.0,0.0,CCW,halfwave_opposed_ns,21.305,15.065,1.0,0.051,0.0425,-0.9051,0.58,95.25,-1.965,80.11,188.26,3690.3,16.32,2.18,0.0,18.5,1.004,True,1
var11_toroidal_8_vertical_coils,8,5,800.0,600.0,CW,halfwave_opposed_ns,21.305,15.065,1.0,0.0518,0.0432,0.9021,0.59,95.1,2.204,80.11,188.26,3690.3,16.32,2.18,0.0,18.5,1.026,True,1
var11_toroidal_8_vertical_coils,8,5,800.0,600.0,CCW,halfwave_opposed_ns,21.305,15.065,1.0,0.0518,0.0432,-0.9021,0.59,95.1,-2.204,80.11,188.26,3690.3,16.32,2.18,0.0,18.5,1.026,True,1
var11_toroidal_8_vertical_coils,8,5,800.0,1200.0,CW,halfwave_opposed_ns,21.305,15.065,1.0,0.0525,0.0438,0.8991,0.59,94.95,2.44,80.11,188.26,3690.3,16.32,2.18,0.0,18.5,1.049,True,1
var11_toroidal_8_vertical_coils,8,5,800.0,1200.0,CCW,halfwave_opposed_ns,21.305,15.065,1.0,0.0525,0.0438,-0.8991,0.59,94.95,-2.44,80.11,188.26,3690.3,16.32,2.18,0.0,18.5,1.049,True,1
var11_toroidal_8_vertical_coils,8,5,800.0,2400.0,CW,halfwave_opposed_ns,21.305,15.065,1.0,0.054,0.045,0.8931,0.61,94.65,2.909,80.11,188.26,3690.3,16.32,2.18,0.0,18.5,1.094,True,1
var11_toroidal_8_vertical_coils,8,5,800.0,2400.0,CCW,halfwave_opposed_ns,21.305,15.065,1.0,0.054,0.045,-0.8931,0.61,94.65,-2.909,80.11,188.26,3690.3,16.32,2.18,0.0,18.5,1.094,True,1
var11_toroidal_8_vertical_coils,8,5,1000.0,0.0,CW,halfwave_opposed_ns,21.27,15.04,1.0,0.051,0.0425,0.9051,0.58,95.25,1.959,79.83,187.61,4605.37,16.282,2.218,0.0,18.5,1.04,True,1
var11_toroidal_8_vertical_coils,8,5,1000.0,0.0,CCW,halfwave_opposed_ns,21.27,15.04,1.0,0.051,0.0425,-0.9051,0.58,95.25,-1.959,79.83,187.61,4605.37,16.282,2.218,0.0,18.5,1.04,True,1
var11_toroidal_8_vertical_coils,8,5,1000.0,600.0,CW,halfwave_opposed_ns,21.27,15.04,1.0,0.0518,0.0432,0.9021,0.59,95.1,2.196,79.83,187.61,4605.37,16.282,2.218,0.0,18.5,1.062,True,1
var11_toroidal_8_vertical_coils,8,5,1000.0,600.0,CCW,halfwave_opposed_ns,21.27,15.04,1.0,0.0518,0.0432,-0.9021,0.59,95.1,-2.196,79.83,187.61,4605.37,16.282,2.218,0.0,18.5,1.062,True,1
var11_toroidal_8_vertical_coils,8,5,1000.0,1200.0,CW,halfwave_opposed_ns,21.27,15.04,1.0,0.0525,0.0438,0.8991,0.59,94.95,2.432,79.83,187.61,4605.37,16.282,2.218,0.0,18.5,1.085,True,1
var11_toroidal_8_vertical_coils,8,5,1000.0,1200.0,CCW,halfwave_opposed_ns,21.27,15.04,1.0,0.0525,0.0438,-0.8991,0.59,94.95,-2.432,79.83,187.61,4605.37,16.282,2.218,0.0,18.5,1.085,True,1
var11_toroidal_8_vertical_coils,8,5,1000.0,2400.0,CW,halfwave_opposed_ns,21.27,15.04,1.0,0.054,0.045,0.8931,0.61,94.65,2.899,79.83,187.61,4605.37,16.282,2.218,0.0,18.5,1.13,True,1
var11_toroidal_8_vertical_coils,8,5,1000.0,2400.0,CCW,halfwave_opposed_ns,21.27,15.04,1.0,0.054,0.045,-0.8931,0.61,94.65,-2.899,79.83,187.61,4605.37,16.282,2.218,0.0,18.5,1.13,True,1
var11_toroidal_8_vertical_coils,8,6,25.0,0.0,CW,halfwave_opposed_ns,23.216,16.416,1.0,0.1108,0.0924,0.3831,1.26,69.15,0.988,102.56,241.02,125.66,16.282,2.218,0.0,18.5,0.867,True,3
var11_toroidal_8_vertical_coils,8,6,25.0,0.0,CCW,halfwave_opposed_ns,23.216,16.416,1.0,0.1108,0.0924,-0.3831,1.26,69.15,-0.988,102.56,241.02,125.66,16.282,2.218,0.0,18.5,0.867,True,3
var11_toroidal_8_vertical_coils,8,6,25.0,600.0,CW,halfwave_opposed_ns,23.216,16.416,1.0,0.1108,0.0924,0.3831,1.26,69.15,1.111,102.56,241.02,125.66,16.282,2.218,0.0,18.5,0.889,True,3
var11_toroidal_8_vertical_coils,8,6,25.0,600.0,CCW,halfwave_opposed_ns,23.216,16.416,1.0,0.1108,0.0924,-0.3831,1.26,69.15,-1.111,102.56,241.02,125.66,16.282,2.218,0.0,18.5,0.889,True,3
var11_toroidal_8_vertical_coils,8,6,25.0,1200.0,CW,halfwave_opposed_ns,23.216,16.416,1.0,0.1108,0.0924,0.3831,1.26,69.15,1.235,102.56,241.02,125.66,16.282,2.218,0.0,18.5,0.912,True,3
var11_toroidal_8_vertical_coils,8,6,25.0,1200.0,CCW,halfwave_opposed_ns,23.216,16.416,1.0,0.1108,0.0924,-0.3831,1.26,69.15,-1.235,102.56,241.02,125.66,16.282,2.218,0.0,18.5,0.912,True,3
var11_toroidal_8_vertical_coils,8,6,25.0,2400.0,CW,halfwave_opposed_ns,23.216,16.416,1.0,0.1108,0.0924,0.3831,1.26,69.15,1.481,102.56,241.02,125.66,16.282,2.218,0.0,18.5,0.957,True,3
var11_toroidal_8_vertical_coils,8,6,25.0,2400.0,CCW,halfwave_opposed_ns,23.216,16.416,1.0,0.1108,0.0924,-0.3831,1.26,69.15,-1.481,102.56,241.02,125.66,16.282,2.218,0.0,18.5,0.957,True,3
var11_toroidal_8_vertical_coils,8,6,50.0,0.0,CW,halfwave_opposed_ns,23.764,16.804,1.0,0.1108,0.0923,0.3848,1.26,69.24,1.04,108.93,255.99,257.26,16.206,2.294,0.0,18.5,0.871,True,3
var11_toroidal_8_vertical_coils,8,6,50.0,0.0,CCW,halfwave_opposed_ns,23.764,16.804,1.0,0.1108,0.0923,-0.3848,1.26,69.24,-1.04,108.93,255.99,257.26,16.206,2.294,0.0,18.5,0.871,True,3
var11_toroidal_8_vertical_coils,8,6,50.0,600.0,CW,halfwave_opposed_ns,23.764,16.804,1.0,0.1108,0.0923,0.3848,1.26,69.24,1.17,108.93,255.99,257.26,16.206,2.294,0.0,18.5,0.894,True,3
var11_toroidal_8_vertical_coils,8,6,50.0,600.0,CCW,halfwave_opposed_ns,23.764,16.804,1.0,0.1108,0.0923,-0.3848,1.26,69.24,-1.17,108.93,255.99,257.26,16.206,2.294,0.0,18.5,0.894,True,3
var11_toroidal_8_vertical_coils,8,6,50.0,1200.0,CW,halfwave_opposed_ns,23.764,16.804,1.0,0.1108,0.0923,0.3848,1.26,69.24,1.299,108.93,255.99,257.26,16.206,2.294,0.0,18.5,0.916,True,3
var11_toroidal_8_vertical_coils,8,6,50.0,1200.0,CCW,halfwave_opposed_ns,23.764,16.804,1.0,0.1108,0.0923,-0.3848,1.26,69.24,-1.299,108.93,255.99,257.26,16.206,2.294,0.0,18.5,0.916,True,3
var11_toroidal_8_vertical_coils,8,6,50.0,2400.0,CW,halfwave_opposed_ns,23.764,16.804,1.0,0.1108,0.0923,0.3848,1.26,69.24,1.559,108.93,255.99,257.26,16.206,2.294,0.0,18.5,0.961,True,3
var11_toroidal_8_vertical_coils,8,6,50.0,2400.0,CCW,halfwave_opposed_ns,23.764,16.804,1.0,0.1108,0.0923,-0.3848,1.26,69.24,-1.559,108.93,255.99,257.26,16.206,2.294,0.0,18.5,0.961,True,3
var11_toroidal_8_vertical_coils,8,6,60.0,0.0,CW,halfwave_opposed_ns,24.098,17.04,1.0,0.1107,0.0923,0.3859,1.26,69.29,1.072,112.92,265.37,313.05,16.161,2.339,0.0,18.5,0.873,True,3
var11_toroidal_8_vertical_coils,8,6,60.0,0.0,CCW,halfwave_opposed_ns,24.098,17.04,1.0,0.1107,0.0923,-0.3859,1.26,69.29,-1.072,112.92,265.37,313.05,16.161,2.339,0.0,18.5,0.873,True,3
var11_toroidal_8_vertical_coils,8,6,60.0,600.0,CW,halfwave_opposed_ns,24.098,17.04,1.0,0.1107,0.0923,0.3859,1.26,69.29,1.206,112.92,265.37,313.05,16.161,2.339,0.0,18.5,0.896,True,3
var11_toroidal_8_vertical_coils,8,6,60.0,600.0,CCW,halfwave_opposed_ns,24.098,17.04,1.0,0.1107,0.0923,-0.3859,1.26,69.29,-1.206,112.92,265.37,313.05,16.161,2.339,0.0,18.5,0.896,True,3
var11_toroidal_8_vertical_coils,8,6,60.0,1200.0,CW,halfwave_opposed_ns,24.098,17.04,1.0,0.1107,0.0923,0.3859,1.26,69.29,1.34,112.92,265.37,313.05,16.161,2.339,0.0,18.5,0.918,True,3
var11_toroidal_8_vertical_coils,8,6,60.0,1200.0,CCW,halfwave_opposed_ns,24.098,17.04,1.0,0.1107,0.0923,-0.3859,1.26,69.29,-1.34,112.92,265.37,313.05,16.161,2.339,0.0,18.5,0.918,True,3
var11_toroidal_8_vertical_coils,8,6,60.0,2400.0,CW,halfwave_opposed_ns,24.098,17.04,1.0,0.1107,0.0923,0.3859,1.26,69.29,1.608,112.92,265.37,313.05,16.161,2.339,0.0,18.5,0.963,True,3
var11_toroidal_8_vertical_coils,8,6,60.0,2400.0,CCW,halfwave_opposed_ns,24.098,17.04,1.0,0.1107,0.0923,-0.3859,1.26,69.29,-1.608,112.92,265.37,313.05,16.161,2.339,0.0,18.5,0.963,True,3
var11_toroidal_8_vertical_coils,8,6,100.0,0.0,CW,halfwave_opposed_ns,26.311,18.604,1.0,0.1104,0.092,0.3928,1.26,69.64,1.301,141.74,333.1,569.67,15.87,2.63,0.0,18.5,0.88,True,3
var11_toroidal_8_vertical_coils,8,6,100.0,0.0,CCW,halfwave_opposed_ns,26.311,18.604,1.0,0.1104,0.092,-0.3928,1.26,69.64,-1.301,141.74,333.1,569.67,15.87,2.63,0.0,18.5,0.88,True,3
var11_toroidal_8_vertical_coils,8,6,100.0,600.0,CW,halfwave_opposed_ns,26.311,18.604,1.0,0.1104,0.092,0.3928,1.26,69.64,1.463,141.74,333.1,569.67,15.87,2.63,0.0,18.5,0.903,True,3
var11_toroidal_8_vertical_coils,8,6,100.0,600.0,CCW,halfwave_opposed_ns,26.311,18.604,1.0,0.1104,0.092,-0.3928,1.26,69.64,-1.463,141.74,333.1,569.67,15.87,2.63,0.0,18.5,0.903,True,3
var11_toroidal_8_vertical_coils,8,6,100.0,1200.0,CW,halfwave_opposed_ns,26.311,18.604,1.0,0.1104,0.092,0.3928,1.26,69.64,1.626,141.74,333.1,569.67,15.87,2.63,0.0,18.5,0.925,True,3
var11_toroidal_8_vertical_coils,8,6,100.0,1200.0,CCW,halfwave_opposed_ns,26.311,18.604,1.0,0.1104,0.092,-0.3928,1.26,69.64,-1.626,141.74,333.1,569.67,15.87,2.63,0.0,18.5,0.925,True,3
var11_toroidal_8_vertical_coils,8,6,100.0,2400.0,CW,halfwave_opposed_ns,26.311,18.604,1.0,0.1104,0.092,0.3928,1.26,69.64,1.951,141.74,333.1,569.67,15.87,2.63,0.0,18.5,0.97,True,3
var11_toroidal_8_vertical_coils,8,6,100.0,2400.0,CCW,halfwave_opposed_ns,26.311,18.604,1.0,0.1104,0.092,-0.3928,1.26,69.64,-1.951,141.74,333.1,569.67,15.87,2.63,0.0,18.5,0.97,True,3
var11_toroidal_8_vertical_coils,8,6,120.0,0.0,CW,halfwave_opposed_ns,27.026,19.11,1.0,0.1102,0.0919,0.395,1.26,69.75,1.38,151.97,357.12,702.18,15.776,2.724,0.0,18.5,0.884,True,3
var11_toroidal_8_vertical_coils,8,6,120.0,0.0,CCW,halfwave_opposed_ns,27.026,19.11,1.0,0.1102,0.0919,-0.395,1.26,69.75,-1.38,151.97,357.12,702.18,15.776,2.724,0.0,18.5,0.884,True,3
var11_toroidal_8_vertical_coils,8,6,120.0,600.0,CW,halfwave_opposed_ns,27.026,19.11,1.0,0.1102,0.0919,0.395,1.26,69.75,1.553,151.97,357.12,702.18,15.776,2.724,0.0,18.5,0.907,True,3
var11_toroidal_8_vertical_coils,8,6,120.0,600.0,CCW,halfwave_opposed_ns,27.026,19.11,1.0,0.1102,0.0919,-0.395,1.26,69.75,-1.553,151.97,357.12,702.18,15.776,2.724,0.0,18.5,0.907,True,3
var11_toroidal_8_vertical_coils,8,6,120.0,1200.0,CW,halfwave_opposed_ns,27.026,19.11,1.0,0.1102,0.0919,0.395,1.26,69.75,1.725,151.97,357.12,702.18,15.776,2.724,0.0,18.5,0.929,True,3
var11_toroidal_8_vertical_coils,8,6,120.0,1200.0,CCW,halfwave_opposed_ns,27.026,19.11,1.0,0.1102,0.0919,-0.395,1.26,69.75,-1.725,151.97,357.12,702.18,15.776,2.724,0.0,18.5,0.929,True,3
var11_toroidal_8_vertical_coils,8,6,120.0,2400.0,CW,halfwave_opposed_ns,27.026,19.11,1.0,0.1102,0.0919,0.395,1.26,69.75,2.07,151.97,357.12,702.18,15.776,2.724,0.0,18.5,0.974,True,3
var11_toroidal_8_vertical_coils,8,6,120.0,2400.0,CCW,halfwave_opposed_ns,27.026,19.11,1.0,0.1102,0.0919,-0.395,1.26,69.75,-2.07,151.97,357.12,702.18,15.776,2.724,0.0,18.5,0.974,True,3
var11_toroidal_8_vertical_coils,8,6,150.0,0.0,CW,halfwave_opposed_ns,25.66,18.144,1.0,0.1105,0.092,0.3908,1.26,69.54,1.231,132.86,312.23,833.35,15.941,2.559,0.0,18.5,0.889,True,3
var11_toroidal_8_vertical_coils,8,6,150.0,0.0,CCW,halfwave_opposed_ns,25.66,18.144,1.0,0.1105,0.092,-0.3908,1.26,69.54,-1.231,132.86,312.23,833.35,15.941,2.559,0.0,18.5,0.889,True,3
var11_toroidal_8_vertical_coils,8,6,150.0,600.0,CW,halfwave_opposed_ns,25.66,18.144,1.0,0.1105,0.092,0.3908,1.26,69.54,1.385,132.86,312.23,833.35,15.941,2.559,0.0,18.5,0.912,True,3
var11_toroidal_8_vertical_coils,8,6,150.0,600.0,CCW,halfwave_opposed_ns,25.66,18.144,1.0,0.1105,0.092,-0.3908,1.26,69.54,-1.385,132.86,312.23,833.35,15.941,2.559,0.0,18.5,0.912,True,3
var11_toroidal_8_vertical_coils,8,6,150.0,1200.0,CW,halfwave_opposed_ns,25.66,18.144,1.0,0.1105,0.092,0.3908,1.26,69.54,1.539,132.86,312.23,833.35,15.941,2.559,0.0,18.5,0.934,True,3
var11_toroidal_8_vertical_coils,8,6,150.0,1200.0,CCW,halfwave_opposed_ns,25.66,18.144,1.0,0.1105,0.092,-0.3908,1.26,69.54,-1.539,132.86,312.23,833.35,15.941,2.559,0.0,18.5,0.934,True,3
var11_toroidal_8_vertical_coils,8,6,150.0,2400.0,CW,halfwave_opposed_ns,25.66,18.144,1.0,0.1105,0.092,0.3908,1.26,69.54,1.846,132.86,312.23,833.35,15.941,2.559,0.0,18.5,0.979,True,3
var11_toroidal_8_vertical_coils,8,6,150.0,2400.0,CCW,halfwave_opposed_ns,25.66,18.144,1.0,0.1105,0.092,-0.3908,1.26,69.54,-1.846,132.86,312.23,833.35,15.941,2.559,0.0,18.5,0.979,True,3
var11_toroidal_8_vertical_coils,8,6,200.0,0.0,CW,halfwave_opposed_ns,23.48,16.603,1.0,0.1108,0.0923,0.384,1.26,69.2,1.013,105.67,248.32,1016.76,16.209,2.291,0.0,18.5,0.898,True,3
var11_toroidal_8_vertical_coils,8,6,200.0,0.0,CCW,halfwave_opposed_ns,23.48,16.603,1.0,0.1108,0.0923,-0.384,1.26,69.2,-1.013,105.67,248.32,1016.76,16.209,2.291,0.0,18.5,0.898,True,3
var11_toroidal_8_vertical_coils,8,6,200.0,600.0,CW,halfwave_opposed_ns,23.48,16.603,1.0,0.1108,0.0923,0.384,1.26,69.2,1.139,105.67,248.32,1016.76,16.209,2.291,0.0,18.5,0.921,True,3
var11_toroidal_8_vertical_coils,8,6,200.0,600.0,CCW,halfwave_opposed_ns,23.48,16.603,1.0,0.1108,0.0923,-0.384,1.26,69.2,-1.139,105.67,248.32,1016.76,16.209,2.291,0.0,18.5,0.921,True,3
var11_toroidal_8_vertical_coils,8,6,200.0,1200.0,CW,halfwave_opposed_ns,23.48,16.603,1.0,0.1108,0.0923,0.384,1.26,69.2,1.266,105.67,248.32,1016.76,16.209,2.291,0.0,18.5,0.944,True,3
var11_toroidal_8_vertical_coils,8,6,200.0,1200.0,CCW,halfwave_opposed_ns,23.48,16.603,1.0,0.1108,0.0923,-0.384,1.26,69.2,-1.266,105.67,248.32,1016.76,16.209,2.291,0.0,18.5,0.944,True,3
var11_toroidal_8_vertical_coils,8,6,200.0,2400.0,CW,halfwave_opposed_ns,23.48,16.603,1.0,0.1108,0.0923,0.384,1.26,69.2,1.519,105.67,248.32,1016.76,16.209,2.291,0.0,18.5,0.988,True,3
var11_toroidal_8_vertical_coils,8,6,200.0,2400.0,CCW,halfwave_opposed_ns,23.48,16.603,1.0,0.1108,0.0923,-0.384,1.26,69.2,-1.519,105.67,248.32,1016.76,16.209,2.291,0.0,18.5,0.988,True,3
var11_toroidal_8_vertical_coils,8,6,400.0,0.0,CW,halfwave_opposed_ns,22.339,15.796,1.0,0.111,0.0925,0.3804,1.26,69.02,0.908,93.02,218.6,1934.71,16.313,2.187,0.0,18.5,0.934,True,3
var11_toroidal_8_vertical_coils,8,6,400.0,0.0,CCW,halfwave_opposed_ns,22.339,15.796,1.0,0.111,0.0925,-0.3804,1.26,69.02,-0.908,93.02,218.6,1934.71,16.313,2.187,0.0,18.5,0.934,True,3
var11_toroidal_8_vertical_coils,8,6,400.0,600.0,CW,halfwave_opposed_ns,22.339,15.796,1.0,0.111,0.0925,0.3804,1.26,69.02,1.022,93.02,218.6,1934.71,16.313,2.187,0.0,18.5,0.957,True,3
var11_toroidal_8_vertical_coils,8,6,400.0,600.0,CCW,halfwave_opposed_ns,22.339,15.796,1.0,0.111,0.0925,-0.3804,1.26,69.02,-1.022,93.02,218.6,1934.71,16.313,2.187,0.0,18.5,0.957,True,3
var11_toroidal_8_vertical_coils,8,6,400.0,1200.0,CW,halfwave_opposed_ns,22.339,15.796,1.0,0.111,0.0925,0.3804,1.26,69.02,1.135,93.02,218.6,1934.71,16.313,2.187,0.0,18.5,0.979,True,3
var11_toroidal_8_vertical_coils,8,6,400.0,1200.0,CCW,halfwave_opposed_ns,22.339,15.796,1.0,0.111,0.0925,-0.3804,1.26,69.02,-1.135,93.02,218.6,1934.71,16.313,2.187,0.0,18.5,0.979,True,3
var11_toroidal_8_vertical_coils,8,6,400.0,2400.0,CW,halfwave_opposed_ns,22.339,15.796,1.0,0.111,0.0925,0.3804,1.26,69.02,1.362,93.02,218.6,1934.71,16.313,2.187,0.0,18.5,1.024,True,3
var11_toroidal_8_vertical_coils,8,6,400.0,2400.0,CCW,halfwave_opposed_ns,22.339,15.796,1.0,0.111,0.0925,-0.3804,1.26,69.02,-1.362,93.02,218.6,1934.71,16.313,2.187,0.0,18.5,1.024,True,3
var11_toroidal_8_vertical_coils,8,6,800.0,0.0,CW,halfwave_opposed_ns,22.173,15.679,1.0,0.111,0.0925,0.3801,1.26,69.0,0.894,91.39,214.76,3840.67,16.246,2.254,0.0,18.5,1.006,True,3
var11_toroidal_8_vertical_coils,8,6,800.0,0.0,CCW,halfwave_opposed_ns,22.173,15.679,1.0,0.111,0.0925,-0.3801,1.26,69.0,-0.894,91.39,214.76,3840.67,16.246,2.254,0.0,18.5,1.006,True,3
var11_toroidal_8_vertical_coils,8,6,800.0,600.0,CW,halfwave_opposed_ns,22.173,15.679,1.0,0.111,0.0925,0.3801,1.26,69.0,1.006,91.39,214.76,3840.67,16.246,2.254,0.0,18.5,1.029,True,3
var11_toroidal_8_vertical_coils,8,6,800.0,600.0,CCW,halfwave_opposed_ns,22.173,15.679,1.0,0.111,0.0925,-0.3801,1.26,69.0,-1.006,91.39,214.76,3840.67,16.246,2.254,0.0,18.5,1.029,True,3
var11_toroidal_8_vertical_coils,8,6,800.0,1200.0,CW,halfwave_opposed_ns,22.173,15.679,1.0,0.111,0.0925,0.3801,1.26,69.0,1.117,91.39,214.76,3840.67,16.246,2.254,0.0,18.5,1.051,True,3
var11_toroidal_8_vertical_coils,8,6,800.0,1200.0,CCW,halfwave_opposed_ns,22.173,15.679,1.0,0.111,0.0925,-0.3801,1.26,69.0,-1.117,91.39,214.76,3840.67,16.246,2.254,0.0,18.5,1.051,True,3
var11_toroidal_8_vertical_coils,8,6,800.0,2400.0,CW,halfwave_opposed_ns,22.173,15.679,1.0,0.111,0.0925,0.3801,1.26,69.0,1.341,91.39,214.76,3840.67,16.246,2.254,0.0,18.5,1.097,True,3
var11_toroidal_8_vertical_coils,8,6,800.0,2400.0,CCW,halfwave_opposed_ns,22.173,15.679,1.0,0.111,0.0925,-0.3801,1.26,69.0,-1.341,91.39,214.76,3840.67,16.246,2.254,0.0,18.5,1.097,True,3
var11_toroidal_8_vertical_coils,8,6,1000.0,0.0,CW,halfwave_opposed_ns,22.136,15.653,1.0,0.111,0.0925,0.38,1.26,69.0,0.891,91.06,213.99,4792.81,16.206,2.294,0.0,18.5,1.042,True,3
var11_toroidal_8_vertical_coils,8,6,1000.0,0.0,CCW,halfwave_opposed_ns,22.136,15.653,1.0,0.111,0.0925,-0.38,1.26,69.0,-0.891,91.06,213.99,4792.81,16.206,2.294,0.0,18.5,1.042,True,3
var11_toroidal_8_vertical_coils,8,6,1000.0,600.0,CW,halfwave_opposed_ns,22.136,15.653,1.0,0.111,0.0925,0.38,1.26,69.0,1.002,91.06,213.99,4792.81,16.206,2.294,0.0,18.5,1.065,True,3
var11_toroidal_8_vertical_coils,8,6,1000.0,600.0,CCW,halfwave_opposed_ns,22.136,15.653,1.0,0.111,0.0925,-0.38,1.26,69.0,-1.002,91.06,213.99,4792.81,16.206,2.294,0.0,18.5,1.065,True,3
var11_toroidal_8_vertical_coils,8,6,1000.0,1200.0,CW,halfwave_opposed_ns,22.136,15.653,1.0,0.111,0.0925,0.38,1.26,69.0,1.114,91.06,213.99,4792.81,16.206,2.294,0.0,18.5,1.087,True,3
var11_toroidal_8_vertical_coils,8,6,1000.0,1200.0,CCW,halfwave_opposed_ns,22.136,15.653,1.0,0.111,0.0925,-0.38,1.26,69.0,-1.114,91.06,213.99,4792.81,16.206,2.294,0.0,18.5,1.087,True,3
var11_toroidal_8_vertical_coils,8,6,1000.0,2400.0,CW,halfwave_opposed_ns,22.136,15.653,1.0,0.111,0.0925,0.38,1.26,69.0,1.336,91.06,213.99,4792.81,16.206,2.294,0.0,18.5,1.133,True,3
var11_toroidal_8_vertical_coils,8,6,1000.0,2400.0,CCW,halfwave_opposed_ns,22.136,15.653,1.0,0.111,0.0925,-0.38,1.26,69.0,-1.336,91.06,213.99,4792.81,16.206,2.294,0.0,18.5,1.133,True,3
var11_toroidal_8_vertical_coils,8,7,25.0,0.0,CW,halfwave_opposed_ns,22.306,15.773,1.0,0.0501,0.0418,0.9087,0.57,95.43,2.163,89.9,211.27,120.74,16.356,2.144,0.0,18.5,0.864,True,1
var11_toroidal_8_vertical_coils,8,7,25.0,0.0,CCW,halfwave_opposed_ns,22.306,15.773,1.0,0.0501,0.0418,-0.9087,0.57,95.43,-2.163,89.9,211.27,120.74,16.356,2.144,0.0,18.5,0.864,True,1
var11_toroidal_8_vertical_coils,8,7,25.0,600.0,CW,halfwave_opposed_ns,22.306,15.773,1.0,0.0509,0.0424,0.9057,0.58,95.28,2.425,89.9,211.27,120.74,16.356,2.144,0.0,18.5,0.887,True,1
var11_toroidal_8_vertical_coils,8,7,25.0,600.0,CCW,halfwave_opposed_ns,22.306,15.773,1.0,0.0509,0.0424,-0.9057,0.58,95.28,-2.425,89.9,211.27,120.74,16.356,2.144,0.0,18.5,0.887,True,1
var11_toroidal_8_vertical_coils,8,7,25.0,1200.0,CW,halfwave_opposed_ns,22.306,15.773,1.0,0.0516,0.043,0.9027,0.58,95.13,2.686,89.9,211.27,120.74,16.356,2.144,0.0,18.5,0.909,True,1
var11_toroidal_8_vertical_coils,8,7,25.0,1200.0,CCW,halfwave_opposed_ns,22.306,15.773,1.0,0.0516,0.043,-0.9027,0.58,95.13,-2.686,89.9,211.27,120.74,16.356,2.144,0.0,18.5,0.909,True,1
var11_toroidal_8_vertical_coils,8,7,25.0,2400.0,CW,halfwave_opposed_ns,22.306,15.773,1.0,0.0531,0.0443,0.8967,0.6,94.83,3.201,89.9,211.27,120.74,16.356,2.144,0.0,18.5,0.954,True,1
var11_toroidal_8_vertical_coils,8,7,25.0,2400.0,CCW,halfwave_opposed_ns,22.306,15.773,1.0,0.0531,0.0443,-0.8967,0.6,94.83,-3.201,89.9,211.27,120.74,16.356,2.144,0.0,18.5,0.954,True,1
var11_toroidal_8_vertical_coils,8,7,50.0,0.0,CW,halfwave_opposed_ns,22.835,16.147,1.0,0.0496,0.0413,0.9108,0.56,95.54,2.272,95.5,224.43,247.2,16.282,2.218,0.0,18.5,0.869,True,1
var11_toroidal_8_vertical_coils,8,7,50.0,0.0,CCW,halfwave_opposed_ns,22.835,16.147,1.0,0.0496,0.0413,-0.9108,0.56,95.54,-2.272,95.5,224.43,247.2,16.282,2.218,0.0,18.5,0.869,True,1
var11_toroidal_8_vertical_coils,8,7,50.0,600.0,CW,halfwave_opposed_ns,22.835,16.147,1.0,0.0503,0.0419,0.9078,0.57,95.39,2.547,95.5,224.43,247.2,16.282,2.218,0.0,18.5,0.891,True,1
var11_toroidal_8_vertical_coils,8,7,50.0,600.0,CCW,halfwave_opposed_ns,22.835,16.147,1.0,0.0503,0.0419,-0.9078,0.57,95.39,-2.547,95.5,224.43,247.2,16.282,2.218,0.0,18.5,0.891,True,1
var11_toroidal_8_vertical_coils,8,7,50.0,1200.0,CW,halfwave_opposed_ns,22.835,16.147,1.0,0.0511,0.0426,0.9048,0.58,95.24,2.821,95.5,224.43,247.2,16.282,2.218,0.0,18.5,0.914,True,1
var11_toroidal_8_vertical_coils,8,7,50.0,1200.0,CCW,halfwave_opposed_ns,22.835,16.147,1.0,0.0511,0.0426,-0.9048,0.58,95.24,-2.821,95.5,224.43,247.2,16.282,2.218,0.0,18.5,0.914,True,1
var11_toroidal_8_vertical_coils,8,7,50.0,2400.0,CW,halfwave_opposed_ns,22.835,16.147,1.0,0.0526,0.0438,0.8988,0.6,94.94,3.363,95.5,224.43,247.2,16.282,2.218,0.0,18.5,0.959,True,1
var11_toroidal_8_vertical_coils,8,7,50.0,2400.0,CCW,halfwave_opposed_ns,22.835,16.147,1.0,0.0526,0.0438,-0.8988,0.6,94.94,-3.363,95.5,224.43,247.2,16.282,2.218,0.0,18.5,0.959,True,1
var11_toroidal_8_vertical_coils,8,7,60.0,0.0,CW,halfwave_opposed_ns,23.156,16.374,1.0,0.0492,0.041,0.912,0.56,95.6,2.34,99.01,232.68,300.82,16.238,2.262,0.0,18.5,0.871,True,1
var11_toroidal_8_vertical_coils,8,7,60.0,0.0,CCW,halfwave_opposed_ns,23.156,16.374,1.0,0.0492,0.041,-0.912,0.56,95.6,-2.34,99.01,232.68,300.82,16.238,2.262,0.0,18.5,0.871,True,1
var11_toroidal_8_vertical_coils,8,7,60.0,600.0,CW,halfwave_opposed_ns,23.156,16.374,1.0,0.05,0.0417,0.909,0.57,95.45,2.623,99.01,232.68,300.82,16.238,2.262,0.0,18.5,0.893,True,1
var11_toroidal_8_vertical_coils,8,7,60.0,600.0,CCW,halfwave_opposed_ns,23.156,16.374,1.0,0.05,0.0417,-0.909,0.57,95.45,-2.623,99.01,232.68,300.82,16.238,2.262,0.0,18.5,0.893,True,1
var11_toroidal_8_vertical_coils,8,7,60.0,1200.0,CW,halfwave_opposed_ns,23.156,16.374,1.0,0.0508,0.0423,0.906,0.58,95.3,2.905,99.01,232.68,300.82,16.238,2.262,0.0,18.5,0.916,True,1
var11_toroidal_8_vertical_coils,8,7,60.0,1200.0,CCW,halfwave_opposed_ns,23.156,16.374,1.0,0.0508,0.0423,-0.906,0.58,95.3,-2.905,99.01,232.68,300.82,16.238,2.262,0.0,18.5,0.916,True,1
var11_toroidal_8_vertical_coils,8,7,60.0,2400.0,CW,halfwave_opposed_ns,23.156,16.374,1.0,0.0523,0.0436,0.9,0.59,95.0,3.463,99.01,232.68,300.82,16.238,2.262,0.0,18.5,0.961,True,1
var11_toroidal_8_vertical_coils,8,7,60.0,2400.0,CCW,halfwave_opposed_ns,23.156,16.374,1.0,0.0523,0.0436,-0.9,0.59,95.0,-3.463,99.01,232.68,300.82,16.238,2.262,0.0,18.5,0.961,True,1
var11_toroidal_8_vertical_coils,8,7,100.0,0.0,CW,halfwave_opposed_ns,25.292,17.884,1.0,0.0469,0.0391,0.9203,0.53,96.02,2.816,124.37,292.27,547.6,15.957,2.543,0.0,18.5,0.878,True,1
var11_toroidal_8_vertical_coils,8,7,100.0,0.0,CCW,halfwave_opposed_ns,25.292,17.884,1.0,0.0469,0.0391,-0.9203,0.53,96.02,-2.816,124.37,292.27,547.6,15.957,2.543,0.0,18.5,0.878,True,1
var11_toroidal_8_vertical_coils,8,7,100.0,600.0,CW,halfwave_opposed_ns,25.292,17.884,1.0,0.0478,0.0398,0.9173,0.54,95.87,3.158,124.37,292.27,547.6,15.957,2.543,0.0,18.5,0.9,True,1
var11_toroidal_8_vertical_coils,8,7,100.0,600.0,CCW,halfwave_opposed_ns,25.292,17.884,1.0,0.0478,0.0398,-0.9173,0.54,95.87,-3.158,124.37,292.27,547.6,15.957,2.543,0.0,18.5,0.9,True,1
var11_toroidal_8_vertical_coils,8,7,100.0,1200.0,CW,halfwave_opposed_ns,25.292,17.884,1.0,0.0486,0.0405,0.9143,0.55,95.72,3.498,124.37,292.27,547.6,15.957,2.543,0.0,18.5,0.923,True,1
var11_toroidal_8_vertical_coils,8,7,100.0,1200.0,CCW,halfwave_opposed_ns,25.292,17.884,1.0,0.0486,0.0405,-0.9143,0.55,95.72,-3.498,124.37,292.27,547.6,15.957,2.543,0.0,18.5,0.923,True,1
var11_toroidal_8_vertical_coils,8,7,100.0,2400.0,CW,halfwave_opposed_ns,25.292,17.884,1.0,0.0502,0.0418,0.9083,0.57,95.42,4.17,124.37,292.27,547.6,15.957,2.543,0.0,18.5,0.968,True,1
var11_toroidal_8_vertical_coils,8,7,100.0,2400.0,CCW,halfwave_opposed_ns,25.292,17.884,1.0,0.0502,0.0418,-0.9083,0.57,95.42,-4.17,124.37,292.27,547.6,15.957,2.543,0.0,18.5,0.968,True,1
var11_toroidal_8_vertical_coils,8,7,120.0,0.0,CW,halfwave_opposed_ns,25.982,18.372,1.0,0.0462,0.0385,0.923,0.52,96.15,2.981,133.37,313.41,675.07,15.866,2.634,0.0,18.5,0.882,True,1
var11_toroidal_8_vertical_coils,8,7,120.0,0.0,CCW,halfwave_opposed_ns,25.982,18.372,1.0,0.0462,0.0385,-0.923,0.52,96.15,-2.981,133.37,313.41,675.07,15.866,2.634,0.0,18.5,0.882,True,1
var11_toroidal_8_vertical_coils,8,7,120.0,600.0,CW,halfwave_opposed_ns,25.982,18.372,1.0,0.047,0.0392,0.92,0.53,96.0,3.343,133.37,313.41,675.07,15.866,2.634,0.0,18.5,0.904,True,1
var11_toroidal_8_vertical_coils,8,7,120.0,600.0,CCW,halfwave_opposed_ns,25.982,18.372,1.0,0.047,0.0392,-0.92,0.53,96.0,-3.343,133.37,313.41,675.07,15.866,2.634,0.0,18.5,0.904,True,1
var11_toroidal_8_vertical_coils,8,7,120.0,1200.0,CW,halfwave_opposed_ns,25.982,18.372,1.0,0.0479,0.0399,0.917,0.54,95.85,3.702,133.37,313.41,675.07,15.866,2.634,0.0,18.5,0.927,True,1
var11_toroidal_8_vertical_coils,8,7,120.0,1200.0,CCW,halfwave_opposed_ns,25.982,18.372,1.0,0.0479,0.0399,-0.917,0.54,95.85,-3.702,133.37,313.41,675.07,15.866,2.634,0.0,18.5,0.927,True,1
var11_toroidal_8_vertical_coils,8,7,120.0,2400.0,CW,halfwave_opposed_ns,25.982,18.372,1.0,0.0495,0.0412,0.911,0.56,95.55,4.413,133.37,313.41,675.07,15.866,2.634,0.0,18.5,0.972,True,1
var11_toroidal_8_vertical_coils,8,7,120.0,2400.0,CCW,halfwave_opposed_ns,25.982,18.372,1.0,0.0495,0.0412,-0.911,0.56,95.55,-4.413,133.37,313.41,675.07,15.866,2.634,0.0,18.5,0.972,True,1
var11_toroidal_8_vertical_coils,8,7,150.0,0.0,CW,halfwave_opposed_ns,24.664,17.44,1.0,0.0476,0.0397,0.9179,0.54,95.9,2.671,116.56,273.91,801.01,16.026,2.474,0.0,18.5,0.887,True,1
var11_toroidal_8_vertical_coils,8,7,150.0,0.0,CCW,halfwave_opposed_ns,24.664,17.44,1.0,0.0476,0.0397,-0.9179,0.54,95.9,-2.671,116.56,273.91,801.01,16.026,2.474,0.0,18.5,0.887,True,1
var11_toroidal_8_vertical_coils,8,7,150.0,600.0,CW,halfwave_opposed_ns,24.664,17.44,1.0,0.0484,0.0404,0.9149,0.55,95.75,2.995,116.56,273.91,801.01,16.026,2.474,0.0,18.5,0.909,True,1
var11_toroidal_8_vertical_coils,8,7,150.0,600.0,CCW,halfwave_opposed_ns,24.664,17.44,1.0,0.0484,0.0404,-0.9149,0.55,95.75,-2.995,116.56,273.91,801.01,16.026,2.474,0.0,18.5,0.909,True,1
var11_toroidal_8_vertical_coils,8,7,150.0,1200.0,CW,halfwave_opposed_ns,24.664,17.44,1.0,0.0492,0.041,0.9119,0.56,95.6,3.317,116.56,273.91,801.01,16.026,2.474,0.0,18.5,0.932,True,1
var11_toroidal_8_vertical_coils,8,7,150.0,1200.0,CCW,halfwave_opposed_ns,24.664,17.44,1.0,0.0492,0.041,-0.9119,0.56,95.6,-3.317,116.56,273.91,801.01,16.026,2.474,0.0,18.5,0.932,True,1
var11_toroidal_8_vertical_coils,8,7,150.0,2400.0,CW,halfwave_opposed_ns,24.664,17.44,1.0,0.0508,0.0423,0.9059,0.58,95.3,3.955,116.56,273.91,801.01,16.026,2.474,0.0,18.5,0.977,True,1
var11_toroidal_8_vertical_coils,8,7,150.0,2400.0,CCW,halfwave_opposed_ns,24.664,17.44,1.0,0.0508,0.0423,-0.9059,0.58,95.3,-3.955,116.56,273.91,801.01,16.026,2.474,0.0,18.5,0.977,True,1
var11_toroidal_8_vertical_coils,8,7,200.0,0.0,CW,halfwave_opposed_ns,22.562,15.954,1.0,0.0498,0.0415,0.9098,0.56,95.49,2.215,92.64,217.71,977.0,16.285,2.215,0.0,18.5,0.896,True,1
var11_toroidal_8_vertical_coils,8,7,200.0,0.0,CCW,halfwave_opposed_ns,22.562,15.954,1.0,0.0498,0.0415,-0.9098,0.56,95.49,-2.215,92.64,217.71,977.0,16.285,2.215,0.0,18.5,0.896,True,1
var11_toroidal_8_vertical_coils,8,7,200.0,600.0,CW,halfwave_opposed_ns,22.562,15.954,1.0,0.0506,0.0422,0.9068,0.57,95.34,2.484,92.64,217.71,977.0,16.285,2.215,0.0,18.5,0.918,True,1
var11_toroidal_8_vertical_coils,8,7,200.0,600.0,CCW,halfwave_opposed_ns,22.562,15.954,1.0,0.0506,0.0422,-0.9068,0.57,95.34,-2.484,92.64,217.71,977.0,16.285,2.215,0.0,18.5,0.918,True,1
var11_toroidal_8_vertical_coils,8,7,200.0,1200.0,CW,halfwave_opposed_ns,22.562,15.954,1.0,0.0514,0.0428,0.9038,0.58,95.19,2.751,92.64,217.71,977.0,16.285,2.215,0.0,18.5,0.941,True,1
var11_toroidal_8_vertical_coils,8,7,200.0,1200.0,CCW,halfwave_opposed_ns,22.562,15.954,1.0,0.0514,0.0428,-0.9038,0.58,95.19,-2.751,92.64,217.71,977.0,16.285,2.215,0.0,18.5,0.941,True,1
var11_toroidal_8_vertical_coils,8,7,200.0,2400.0,CW,halfwave_opposed_ns,22.562,15.954,1.0,0.0529,0.044,0.8978,0.6,94.89,3.279,92.64,217.71,977.0,16.285,2.215,0.0,18.5,0.986,True,1
var11_toroidal_8_vertical_coils,8,7,200.0,2400.0,CCW,halfwave_opposed_ns,22.562,15.954,1.0,0.0529,0.044,-0.8978,0.6,94.89,-3.279,92.64,217.71,977.0,16.285,2.215,0.0,18.5,0.986,True,1
var11_toroidal_8_vertical_coils,8,7,400.0,0.0,CW,halfwave_opposed_ns,21.463,15.177,1.0,0.0509,0.0424,0.9055,0.58,95.28,1.996,81.53,191.6,1858.82,16.385,2.115,0.0,18.5,0.932,True,1
var11_toroidal_8_vertical_coils,8,7,400.0,0.0,CCW,halfwave_opposed_ns,21.463,15.177,1.0,0.0509,0.0424,-0.9055,0.58,95.28,-1.996,81.53,191.6,1858.82,16.385,2.115,0.0,18.5,0.932,True,1
var11_toroidal_8_vertical_coils,8,7,400.0,600.0,CW,halfwave_opposed_ns,21.463,15.177,1.0,0.0517,0.0431,0.9025,0.59,95.13,2.238,81.53,191.6,1858.82,16.385,2.115,0.0,18.5,0.954,True,1
var11_toroidal_8_vertical_coils,8,7,400.0,600.0,CCW,halfwave_opposed_ns,21.463,15.177,1.0,0.0517,0.0431,-0.9025,0.59,95.13,-2.238,81.53,191.6,1858.82,16.385,2.115,0.0,18.5,0.954,True,1
var11_toroidal_8_vertical_coils,8,7,400.0,1200.0,CW,halfwave_opposed_ns,21.463,15.177,1.0,0.0524,0.0437,0.8995,0.59,94.98,2.478,81.53,191.6,1858.82,16.385,2.115,0.0,18.5,0.977,True,1
var11_toroidal_8_vertical_coils,8,7,400.0,1200.0,CCW,halfwave_opposed_ns,21.463,15.177,1.0,0.0524,0.0437,-0.8995,0.59,94.98,-2.478,81.53,191.6,1858.82,16.385,2.115,0.0,18.5,0.977,True,1
var11_toroidal_8_vertical_coils,8,7,400.0,2400.0,CW,halfwave_opposed_ns,21.463,15.177,1.0,0.0539,0.0449,0.8935,0.61,94.68,2.954,81.53,191.6,1858.82,16.385,2.115,0.0,18.5,1.022,True,1
var11_toroidal_8_vertical_coils,8,7,400.0,2400.0,CCW,halfwave_opposed_ns,21.463,15.177,1.0,0.0539,0.0449,-0.8935,0.61,94.68,-2.954,81.53,191.6,1858.82,16.385,2.115,0.0,18.5,1.022,True,1
var11_toroidal_8_vertical_coils,8,7,800.0,0.0,CW,halfwave_opposed_ns,21.305,15.065,1.0,0.051,0.0425,0.9051,0.58,95.25,1.965,80.11,188.26,3690.3,16.32,2.18,0.0,18.5,1.004,True,1
var11_toroidal_8_vertical_coils,8,7,800.0,0.0,CCW,halfwave_opposed_ns,21.305,15.065,1.0,0.051,0.0425,-0.9051,0.58,95.25,-1.965,80.11,188.26,3690.3,16.32,2.18,0.0,18.5,1.004,True,1
var11_toroidal_8_vertical_coils,8,7,800.0,600.0,CW,halfwave_opposed_ns,21.305,15.065,1.0,0.0518,0.0432,0.9021,0.59,95.1,2.204,80.11,188.26,3690.3,16.32,2.18,0.0,18.5,1.026,True,1
var11_toroidal_8_vertical_coils,8,7,800.0,600.0,CCW,halfwave_opposed_ns,21.305,15.065,1.0,0.0518,0.0432,-0.9021,0.59,95.1,-2.204,80.11,188.26,3690.3,16.32,2.18,0.0,18.5,1.026,True,1
var11_toroidal_8_vertical_coils,8,7,800.0,1200.0,CW,halfwave_opposed_ns,21.305,15.065,1.0,0.0525,0.0438,0.8991,0.59,94.95,2.44,80.11,188.26,3690.3,16.32,2.18,0.0,18.5,1.049,True,1
var11_toroidal_8_vertical_coils,8,7,800.0,1200.0,CCW,halfwave_opposed_ns,21.305,15.065,1.0,0.0525,0.0438,-0.8991,0.59,94.95,-2.44,80.11,188.26,3690.3,16.32,2.18,0.0,18.5,1.049,True,1
var11_toroidal_8_vertical_coils,8,7,800.0,2400.0,CW,halfwave_opposed_ns,21.305,15.065,1.0,0.054,0.045,0.8931,0.61,94.65,2.909,80.11,188.26,3690.3,16.32,2.18,0.0,18.5,1.094,True,1
var11_toroidal_8_vertical_coils,8,7,800.0,2400.0,CCW,halfwave_opposed_ns,21.305,15.065,1.0,0.054,0.045,-0.8931,0.61,94.65,-2.909,80.11,188.26,3690.3,16.32,2.18,0.0,18.5,1.094,True,1
var11_toroidal_8_vertical_coils,8,7,1000.0,0.0,CW,halfwave_opposed_ns,21.27,15.04,1.0,0.051,0.0425,0.9051,0.58,95.25,1.959,79.83,187.61,4605.37,16.282,2.218,0.0,18.5,1.04,True,1
var11_toroidal_8_vertical_coils,8,7,1000.0,0.0,CCW,halfwave_opposed_ns,21.27,15.04,1.0,0.051,0.0425,-0.9051,0.58,95.25,-1.959,79.83,187.61,4605.37,16.282,2.218,0.0,18.5,1.04,True,1
var11_toroidal_8_vertical_coils,8,7,1000.0,600.0,CW,halfwave_opposed_ns,21.27,15.04,1.0,0.0518,0.0432,0.9021,0.59,95.1,2.196,79.83,187.61,4605.37,16.282,2.218,0.0,18.5,1.062,True,1
var11_toroidal_8_vertical_coils,8,7,1000.0,600.0,CCW,halfwave_opposed_ns,21.27,15.04,1.0,0.0518,0.0432,-0.9021,0.59,95.1,-2.196,79.83,187.61,4605.37,16.282,2.218,0.0,18.5,1.062,True,1
var11_toroidal_8_vertical_coils,8,7,1000.0,1200.0,CW,halfwave_opposed_ns,21.27,15.04,1.0,0.0525,0.0438,0.8991,0.59,94.95,2.432,79.83,187.61,4605.37,16.282,2.218,0.0,18.5,1.085,True,1
var11_toroidal_8_vertical_coils,8,7,1000.0,1200.0,CCW,halfwave_opposed_ns,21.27,15.04,1.0,0.0525,0.0438,-0.8991,0.59,94.95,-2.432,79.83,187.61,4605.37,16.282,2.218,0.0,18.5,1.085,True,1
var11_toroidal_8_vertical_coils,8,7,1000.0,2400.0,CW,halfwave_opposed_ns,21.27,15.04,1.0,0.054,0.045,0.8931,0.61,94.65,2.899,79.83,187.61,4605.37,16.282,2.218,0.0,18.5,1.13,True,1
var11_toroidal_8_vertical_coils,8,7,1000.0,2400.0,CCW,halfwave_opposed_ns,21.27,15.04,1.0,0.054,0.045,-0.8931,0.61,94.65,-2.899,79.83,187.61,4605.37,16.282,2.218,0.0,18.5,1.13,True,1
var11_toroidal_8_vertical_coils,8,8,25.0,0.0,CW,halfwave_opposed_ns,22.306,15.773,1.0,0.0528,0.044,0.8981,0.6,94.9,2.138,89.9,211.27,120.74,16.356,2.144,0.0,18.5,0.864,True,1
var11_toroidal_8_vertical_coils,8,8,25.0,0.0,CCW,halfwave_opposed_ns,22.306,15.773,1.0,0.0528,0.044,-0.8981,0.6,94.9,-2.138,89.9,211.27,120.74,16.356,2.144,0.0,18.5,0.864,True,1
var11_toroidal_8_vertical_coils,8,8,25.0,600.0,CW,halfwave_opposed_ns,22.306,15.773,1.0,0.0528,0.044,0.8981,0.6,94.9,2.405,89.9,211.27,120.74,16.356,2.144,0.0,18.5,0.887,True,1
var11_toroidal_8_vertical_coils,8,8,25.0,600.0,CCW,halfwave_opposed_ns,22.306,15.773,1.0,0.0528,0.044,-0.8981,0.6,94.9,-2.405,89.9,211.27,120.74,16.356,2.144,0.0,18.5,0.887,True,1
var11_toroidal_8_vertical_coils,8,8,25.0,1200.0,CW,halfwave_opposed_ns,22.306,15.773,1.0,0.0528,0.044,0.8981,0.6,94.9,2.672,89.9,211.27,120.74,16.356,2.144,0.0,18.5,0.909,True,1
var11_toroidal_8_vertical_coils,8,8,25.0,1200.0,CCW,halfwave_opposed_ns,22.306,15.773,1.0,0.0528,0.044,-0.8981,0.6,94.9,-2.672,89.9,211.27,120.74,16.356,2.144,0.0,18.5,0.909,True,1
var11_toroidal_8_vertical_coils,8,8,25.0,2400.0,CW,halfwave_opposed_ns,22.306,15.773,1.0,0.0528,0.044,0.8981,0.6,94.9,3.206,89.9,211.27,120.74,16.356,2.144,0.0,18.5,0.954,True,1
var11_toroidal_8_vertical_coils,8,8,25.0,2400.0,CCW,halfwave_opposed_ns,22.306,15.773,1.0,0.0528,0.044,-0.8981,0.6,94.9,-3.206,89.9,211.27,120.74,16.356,2.144,0.0,18.5,0.954,True,1
var11_toroidal_8_vertical_coils,8,8,50.0,0.0,CW,halfwave_opposed_ns,22.835,16.147,1.0,0.0524,0.0436,0.8998,0.59,94.99,2.245,95.5,224.43,247.2,16.282,2.218,0.0,18.5,0.869,True,1
var11_toroidal_8_vertical_coils,8,8,50.0,0.0,CCW,halfwave_opposed_ns,22.835,16.147,1.0,0.0524,0.0436,-0.8998,0.59,94.99,-2.245,95.5,224.43,247.2,16.282,2.218,0.0,18.5,0.869,True,1
var11_toroidal_8_vertical_coils,8,8,50.0,600.0,CW,halfwave_opposed_ns,22.835,16.147,1.0,0.0524,0.0436,0.8998,0.59,94.99,2.525,95.5,224.43,247.2,16.282,2.218,0.0,18.5,0.891,True,1
var11_toroidal_8_vertical_coils,8,8,50.0,600.0,CCW,halfwave_opposed_ns,22.835,16.147,1.0,0.0524,0.0436,-0.8998,0.59,94.99,-2.525,95.5,224.43,247.2,16.282,2.218,0.0,18.5,0.891,True,1
var11_toroidal_8_vertical_coils,8,8,50.0,1200.0,CW,halfwave_opposed_ns,22.835,16.147,1.0,0.0524,0.0436,0.8998,0.59,94.99,2.806,95.5,224.43,247.2,16.282,2.218,0.0,18.5,0.914,True,1
var11_toroidal_8_vertical_coils,8,8,50.0,1200.0,CCW,halfwave_opposed_ns,22.835,16.147,1.0,0.0524,0.0436,-0.8998,0.59,94.99,-2.806,95.5,224.43,247.2,16.282,2.218,0.0,18.5,0.914,True,1
var11_toroidal_8_vertical_coils,8,8,50.0,2400.0,CW,halfwave_opposed_ns,22.835,16.147,1.0,0.0524,0.0436,0.8998,0.59,94.99,3.367,95.5,224.43,247.2,16.282,2.218,0.0,18.5,0.959,True,1
var11_toroidal_8_vertical_coils,8,8,50.0,2400.0,CCW,halfwave_opposed_ns,22.835,16.147,1.0,0.0524,0.0436,-0.8998,0.59,94.99,-3.367,95.5,224.43,247.2,16.282,2.218,0.0,18.5,0.959,True,1
var11_toroidal_8_vertical_coils,8,8,60.0,0.0,CW,halfwave_opposed_ns,23.156,16.374,1.0,0.0521,0.0434,0.9009,0.59,95.04,2.311,99.01,232.68,300.82,16.238,2.262,0.0,18.5,0.871,True,1
var11_toroidal_8_vertical_coils,8,8,60.0,0.0,CCW,halfwave_opposed_ns,23.156,16.374,1.0,0.0521,0.0434,-0.9009,0.59,95.04,-2.311,99.01,232.68,300.82,16.238,2.262,0.0,18.5,0.871,True,1
var11_toroidal_8_vertical_coils,8,8,60.0,600.0,CW,halfwave_opposed_ns,23.156,16.374,1.0,0.0521,0.0434,0.9009,0.59,95.04,2.6,99.01,232.68,300.82,16.238,2.262,0.0,18.5,0.893,True,1
var11_toroidal_8_vertical_coils,8,8,60.0,600.0,CCW,halfwave_opposed_ns,23.156,16.374,1.0,0.0521,0.0434,-0.9009,0.59,95.04,-2.6,99.01,232.68,300.82,16.238,2.262,0.0,18.5,0.893,True,1
var11_toroidal_8_vertical_coils,8,8,60.0,1200.0,CW,halfwave_opposed_ns,23.156,16.374,1.0,0.0521,0.0434,0.9009,0.59,95.04,2.889,99.01,232.68,300.82,16.238,2.262,0.0,18.5,0.916,True,1
var11_toroidal_8_vertical_coils,8,8,60.0,1200.0,CCW,halfwave_opposed_ns,23.156,16.374,1.0,0.0521,0.0434,-0.9009,0.59,95.04,-2.889,99.01,232.68,300.82,16.238,2.262,0.0,18.5,0.916,True,1
var11_toroidal_8_vertical_coils,8,8,60.0,2400.0,CW,halfwave_opposed_ns,23.156,16.374,1.0,0.0521,0.0434,0.9009,0.59,95.04,3.466,99.01,232.68,300.82,16.238,2.262,0.0,18.5,0.961,True,1
var11_toroidal_8_vertical_coils,8,8,60.0,2400.0,CCW,halfwave_opposed_ns,23.156,16.374,1.0,0.0521,0.0434,-0.9009,0.59,95.04,-3.466,99.01,232.68,300.82,16.238,2.262,0.0,18.5,0.961,True,1
var11_toroidal_8_vertical_coils,8,8,100.0,0.0,CW,halfwave_opposed_ns,25.292,17.884,1.0,0.0503,0.0419,0.9078,0.57,95.39,2.778,124.37,292.27,547.6,15.957,2.543,0.0,18.5,0.878,True,1
var11_toroidal_8_vertical_coils,8,8,100.0,0.0,CCW,halfwave_opposed_ns,25.292,17.884,1.0,0.0503,0.0419,-0.9078,0.57,95.39,-2.778,124.37,292.27,547.6,15.957,2.543,0.0,18.5,0.878,True,1
var11_toroidal_8_vertical_coils,8,8,100.0,600.0,CW,halfwave_opposed_ns,25.292,17.884,1.0,0.0503,0.0419,0.9078,0.57,95.39,3.125,124.37,292.27,547.6,15.957,2.543,0.0,18.5,0.9,True,1
var11_toroidal_8_vertical_coils,8,8,100.0,600.0,CCW,halfwave_opposed_ns,25.292,17.884,1.0,0.0503,0.0419,-0.9078,0.57,95.39,-3.125,124.37,292.27,547.6,15.957,2.543,0.0,18.5,0.9,True,1
var11_toroidal_8_vertical_coils,8,8,100.0,1200.0,CW,halfwave_opposed_ns,25.292,17.884,1.0,0.0503,0.0419,0.9078,0.57,95.39,3.472,124.37,292.27,547.6,15.957,2.543,0.0,18.5,0.923,True,1
var11_toroidal_8_vertical_coils,8,8,100.0,1200.0,CCW,halfwave_opposed_ns,25.292,17.884,1.0,0.0503,0.0419,-0.9078,0.57,95.39,-3.472,124.37,292.27,547.6,15.957,2.543,0.0,18.5,0.923,True,1
var11_toroidal_8_vertical_coils,8,8,100.0,2400.0,CW,halfwave_opposed_ns,25.292,17.884,1.0,0.0503,0.0419,0.9078,0.57,95.39,4.167,124.37,292.27,547.6,15.957,2.543,0.0,18.5,0.968,True,1
var11_toroidal_8_vertical_coils,8,8,100.0,2400.0,CCW,halfwave_opposed_ns,25.292,17.884,1.0,0.0503,0.0419,-0.9078,0.57,95.39,-4.167,124.37,292.27,547.6,15.957,2.543,0.0,18.5,0.968,True,1
var11_toroidal_8_vertical_coils,8,8,120.0,0.0,CW,halfwave_opposed_ns,25.982,18.372,1.0,0.0498,0.0415,0.91,0.56,95.5,2.939,133.37,313.41,675.07,15.866,2.634,0.0,18.5,0.882,True,1
var11_toroidal_8_vertical_coils,8,8,120.0,0.0,CCW,halfwave_opposed_ns,25.982,18.372,1.0,0.0498,0.0415,-0.91,0.56,95.5,-2.939,133.37,313.41,675.07,15.866,2.634,0.0,18.5,0.882,True,1
var11_toroidal_8_vertical_coils,8,8,120.0,600.0,CW,halfwave_opposed_ns,25.982,18.372,1.0,0.0498,0.0415,0.91,0.56,95.5,3.306,133.37,313.41,675.07,15.866,2.634,0.0,18.5,0.904,True,1
var11_toroidal_8_vertical_coils,8,8,120.0,600.0,CCW,halfwave_opposed_ns,25.982,18.372,1.0,0.0498,0.0415,-0.91,0.56,95.5,-3.306,133.37,313.41,675.07,15.866,2.634,0.0,18.5,0.904,True,1
var11_toroidal_8_vertical_coils,8,8,120.0,1200.0,CW,halfwave_opposed_ns,25.982,18.372,1.0,0.0498,0.0415,0.91,0.56,95.5,3.674,133.37,313.41,675.07,15.866,2.634,0.0,18.5,0.927,True,1
var11_toroidal_8_vertical_coils,8,8,120.0,1200.0,CCW,halfwave_opposed_ns,25.982,18.372,1.0,0.0498,0.0415,-0.91,0.56,95.5,-3.674,133.37,313.41,675.07,15.866,2.634,0.0,18.5,0.927,True,1
var11_toroidal_8_vertical_coils,8,8,120.0,2400.0,CW,halfwave_opposed_ns,25.982,18.372,1.0,0.0498,0.0415,0.91,0.56,95.5,4.408,133.37,313.41,675.07,15.866,2.634,0.0,18.5,0.972,True,1
var11_toroidal_8_vertical_coils,8,8,120.0,2400.0,CCW,halfwave_opposed_ns,25.982,18.372,1.0,0.0498,0.0415,-0.91,0.56,95.5,-4.408,133.37,313.41,675.07,15.866,2.634,0.0,18.5,0.972,True,1
var11_toroidal_8_vertical_coils,8,8,150.0,0.0,CW,halfwave_opposed_ns,24.664,17.44,1.0,0.0508,0.0424,0.9058,0.58,95.29,2.636,116.56,273.91,801.01,16.026,2.474,0.0,18.5,0.887,True,1
var11_toroidal_8_vertical_coils,8,8,150.0,0.0,CCW,halfwave_opposed_ns,24.664,17.44,1.0,0.0508,0.0424,-0.9058,0.58,95.29,-2.636,116.56,273.91,801.01,16.026,2.474,0.0,18.5,0.887,True,1
var11_toroidal_8_vertical_coils,8,8,150.0,600.0,CW,halfwave_opposed_ns,24.664,17.44,1.0,0.0508,0.0424,0.9058,0.58,95.29,2.965,116.56,273.91,801.01,16.026,2.474,0.0,18.5,0.909,True,1
var11_toroidal_8_vertical_coils,8,8,150.0,600.0,CCW,halfwave_opposed_ns,24.664,17.44,1.0,0.0508,0.0424,-0.9058,0.58,95.29,-2.965,116.56,273.91,801.01,16.026,2.474,0.0,18.5,0.909,True,1
var11_toroidal_8_vertical_coils,8,8,150.0,1200.0,CW,halfwave_opposed_ns,24.664,17.44,1.0,0.0508,0.0424,0.9058,0.58,95.29,3.295,116.56,273.91,801.01,16.026,2.474,0.0,18.5,0.932,True,1
var11_toroidal_8_vertical_coils,8,8,150.0,1200.0,CCW,halfwave_opposed_ns,24.664,17.44,1.0,0.0508,0.0424,-0.9058,0.58,95.29,-3.295,116.56,273.91,801.01,16.026,2.474,0.0,18.5,0.932,True,1
var11_toroidal_8_vertical_coils,8,8,150.0,2400.0,CW,halfwave_opposed_ns,24.664,17.44,1.0,0.0508,0.0424,0.9058,0.58,95.29,3.954,116.56,273.91,801.01,16.026,2.474,0.0,18.5,0.977,True,1
var11_toroidal_8_vertical_coils,8,8,150.0,2400.0,CCW,halfwave_opposed_ns,24.664,17.44,1.0,0.0508,0.0424,-0.9058,0.58,95.29,-3.954,116.56,273.91,801.01,16.026,2.474,0.0,18.5,0.977,True,1
var11_toroidal_8_vertical_coils,8,8,200.0,0.0,CW,halfwave_opposed_ns,22.562,15.954,1.0,0.0526,0.0438,0.899,0.6,94.95,2.189,92.64,217.71,977.0,16.285,2.215,0.0,18.5,0.896,True,1
var11_toroidal_8_vertical_coils,8,8,200.0,0.0,CCW,halfwave_opposed_ns,22.562,15.954,1.0,0.0526,0.0438,-0.899,0.6,94.95,-2.189,92.64,217.71,977.0,16.285,2.215,0.0,18.5,0.896,True,1
var11_toroidal_8_vertical_coils,8,8,200.0,600.0,CW,halfwave_opposed_ns,22.562,15.954,1.0,0.0526,0.0438,0.899,0.6,94.95,2.463,92.64,217.71,977.0,16.285,2.215,0.0,18.5,0.918,True,1
var11_toroidal_8_vertical_coils,8,8,200.0,600.0,CCW,halfwave_opposed_ns,22.562,15.954,1.0,0.0526,0.0438,-0.899,0.6,94.95,-2.463,92.64,217.71,977.0,16.285,2.215,0.0,18.5,0.918,True,1
var11_toroidal_8_vertical_coils,8,8,200.0,1200.0,CW,halfwave_opposed_ns,22.562,15.954,1.0,0.0526,0.0438,0.899,0.6,94.95,2.736,92.64,217.71,977.0,16.285,2.215,0.0,18.5,0.941,True,1
var11_toroidal_8_vertical_coils,8,8,200.0,1200.0,CCW,halfwave_opposed_ns,22.562,15.954,1.0,0.0526,0.0438,-0.899,0.6,94.95,-2.736,92.64,217.71,977.0,16.285,2.215,0.0,18.5,0.941,True,1
var11_toroidal_8_vertical_coils,8,8,200.0,2400.0,CW,halfwave_opposed_ns,22.562,15.954,1.0,0.0526,0.0438,0.899,0.6,94.95,3.284,92.64,217.71,977.0,16.285,2.215,0.0,18.5,0.986,True,1
var11_toroidal_8_vertical_coils,8,8,200.0,2400.0,CCW,halfwave_opposed_ns,22.562,15.954,1.0,0.0526,0.0438,-0.899,0.6,94.95,-3.284,92.64,217.71,977.0,16.285,2.215,0.0,18.5,0.986,True,1
var11_toroidal_8_vertical_coils,8,8,400.0,0.0,CW,halfwave_opposed_ns,21.463,15.177,1.0,0.0534,0.0445,0.8954,0.61,94.77,1.973,81.53,191.6,1858.82,16.385,2.115,0.0,18.5,0.932,True,1
var11_toroidal_8_vertical_coils,8,8,400.0,0.0,CCW,halfwave_opposed_ns,21.463,15.177,1.0,0.0534,0.0445,-0.8954,0.61,94.77,-1.973,81.53,191.6,1858.82,16.385,2.115,0.0,18.5,0.932,True,1
var11_toroidal_8_vertical_coils,8,8,400.0,600.0,CW,halfwave_opposed_ns,21.463,15.177,1.0,0.0534,0.0445,0.8954,0.61,94.77,2.22,81.53,191.6,1858.82,16.385,2.115,0.0,18.5,0.954,True,1
var11_toroidal_8_vertical_coils,8,8,400.0,600.0,CCW,halfwave_opposed_ns,21.463,15.177,1.0,0.0534,0.0445,-0.8954,0.61,94.77,-2.22,81.53,191.6,1858.82,16.385,2.115,0.0,18.5,0.954,True,1
var11_toroidal_8_vertical_coils,8,8,400.0,1200.0,CW,halfwave_opposed_ns,21.463,15.177,1.0,0.0534,0.0445,0.8954,0.61,94.77,2.467,81.53,191.6,1858.82,16.385,2.115,0.0,18.5,0.977,True,1
var11_toroidal_8_vertical_coils,8,8,400.0,1200.0,CCW,halfwave_opposed_ns,21.463,15.177,1.0,0.0534,0.0445,-0.8954,0.61,94.77,-2.467,81.53,191.6,1858.82,16.385,2.115,0.0,18.5,0.977,True,1
var11_toroidal_8_vertical_coils,8,8,400.0,2400.0,CW,halfwave_opposed_ns,21.463,15.177,1.0,0.0534,0.0445,0.8954,0.61,94.77,2.96,81.53,191.6,1858.82,16.385,2.115,0.0,18.5,1.022,True,1
var11_toroidal_8_vertical_coils,8,8,400.0,2400.0,CCW,halfwave_opposed_ns,21.463,15.177,1.0,0.0534,0.0445,-0.8954,0.61,94.77,-2.96,81.53,191.6,1858.82,16.385,2.115,0.0,18.5,1.022,True,1
var11_toroidal_8_vertical_coils,8,8,800.0,0.0,CW,halfwave_opposed_ns,21.305,15.065,1.0,0.0535,0.0446,0.8951,0.61,94.75,1.944,80.11,188.26,3690.3,16.32,2.18,0.0,18.5,1.004,True,1
var11_toroidal_8_vertical_coils,8,8,800.0,0.0,CCW,halfwave_opposed_ns,21.305,15.065,1.0,0.0535,0.0446,-0.8951,0.61,94.75,-1.944,80.11,188.26,3690.3,16.32,2.18,0.0,18.5,1.004,True,1
var11_toroidal_8_vertical_coils,8,8,800.0,600.0,CW,halfwave_opposed_ns,21.305,15.065,1.0,0.0535,0.0446,0.8951,0.61,94.75,2.187,80.11,188.26,3690.3,16.32,2.18,0.0,18.5,1.026,True,1
var11_toroidal_8_vertical_coils,8,8,800.0,600.0,CCW,halfwave_opposed_ns,21.305,15.065,1.0,0.0535,0.0446,-0.8951,0.61,94.75,-2.187,80.11,188.26,3690.3,16.32,2.18,0.0,18.5,1.026,True,1
var11_toroidal_8_vertical_coils,8,8,800.0,1200.0,CW,halfwave_opposed_ns,21.305,15.065,1.0,0.0535,0.0446,0.8951,0.61,94.75,2.43,80.11,188.26,3690.3,16.32,2.18,0.0,18.5,1.049,True,1
var11_toroidal_8_vertical_coils,8,8,800.0,1200.0,CCW,halfwave_opposed_ns,21.305,15.065,1.0,0.0535,0.0446,-0.8951,0.61,94.75,-2.43,80.11,188.26,3690.3,16.32,2.18,0.0,18.5,1.049,True,1
var11_toroidal_8_vertical_coils,8,8,800.0,2400.0,CW,halfwave_opposed_ns,21.305,15.065,1.0,0.0535,0.0446,0.8951,0.61,94.75,2.915,80.11,188.26,3690.3,16.32,2.18,0.0,18.5,1.094,True,1
var11_toroidal_8_vertical_coils,8,8,800.0,2400.0,CCW,halfwave_opposed_ns,21.305,15.065,1.0,0.0535,0.0446,-0.8951,0.61,94.75,-2.915,80.11,188.26,3690.3,16.32,2.18,0.0,18.5,1.094,True,1
var11_toroidal_8_vertical_coils,8,8,1000.0,0.0,CW,halfwave_opposed_ns,21.27,15.04,1.0,0.0535,0.0446,0.895,0.61,94.75,1.937,79.83,187.61,4605.37,16.282,2.218,0.0,18.5,1.04,True,1
var11_toroidal_8_vertical_coils,8,8,1000.0,0.0,CCW,halfwave_opposed_ns,21.27,15.04,1.0,0.0535,0.0446,-0.895,0.61,94.75,-1.937,79.83,187.61,4605.37,16.282,2.218,0.0,18.5,1.04,True,1
var11_toroidal_8_vertical_coils,8,8,1000.0,600.0,CW,halfwave_opposed_ns,21.27,15.04,1.0,0.0535,0.0446,0.895,0.61,94.75,2.179,79.83,187.61,4605.37,16.282,2.218,0.0,18.5,1.062,True,1
var11_toroidal_8_vertical_coils,8,8,1000.0,600.0,CCW,halfwave_opposed_ns,21.27,15.04,1.0,0.0535,0.0446,-0.895,0.61,94.75,-2.179,79.83,187.61,4605.37,16.282,2.218,0.0,18.5,1.062,True,1
var11_toroidal_8_vertical_coils,8,8,1000.0,1200.0,CW,halfwave_opposed_ns,21.27,15.04,1.0,0.0535,0.0446,0.895,0.61,94.75,2.422,79.83,187.61,4605.37,16.282,2.218,0.0,18.5,1.085,True,1
var11_toroidal_8_vertical_coils,8,8,1000.0,1200.0,CCW,halfwave_opposed_ns,21.27,15.04,1.0,0.0535,0.0446,-0.895,0.61,94.75,-2.422,79.83,187.61,4605.37,16.282,2.218,0.0,18.5,1.085,True,1
var11_toroidal_8_vertical_coils,8,8,1000.0,2400.0,CW,halfwave_opposed_ns,21.27,15.04,1.0,0.0535,0.0446,0.895,0.61,94.75,2.906,79.83,187.61,4605.37,16.282,2.218,0.0,18.5,1.13,True,1
var11_toroidal_8_vertical_coils,8,8,1000.0,2400.0,CCW,halfwave_opposed_ns,21.27,15.04,1.0,0.0535,0.0446,-0.895,0.61,94.75,-2.906,79.83,187.61,4605.37,16.282,2.218,0.0,18.5,1.13,True,1
var12_toroidal_24_vertical_coils,24,1,25.0,0.0,CW,halfwave_opposed_ns,25.409,17.967,1.0,0.0301,0.0251,0.9681,0.34,98.4,4.726,153.02,359.6,137.53,16.331,2.169,0.0,18.5,0.865,True,1
var12_toroidal_24_vertical_coils,24,1,25.0,0.0,CCW,halfwave_opposed_ns,25.409,17.967,1.0,0.0301,0.0251,-0.9681,0.34,98.4,-4.726,153.02,359.6,137.53,16.331,2.169,0.0,18.5,0.865,True,1
var12_toroidal_24_vertical_coils,24,1,25.0,600.0,CW,halfwave_opposed_ns,25.409,17.967,1.0,0.0312,0.026,0.9656,0.35,98.28,5.303,153.02,359.6,137.53,16.331,2.169,0.0,18.5,0.888,True,1
var12_toroidal_24_vertical_coils,24,1,25.0,600.0,CCW,halfwave_opposed_ns,25.409,17.967,1.0,0.0312,0.026,-0.9656,0.35,98.28,-5.303,153.02,359.6,137.53,16.331,2.169,0.0,18.5,0.888,True,1
var12_toroidal_24_vertical_coils,24,1,25.0,1200.0,CW,halfwave_opposed_ns,25.409,17.967,1.0,0.0323,0.0269,0.9631,0.37,98.15,5.877,153.02,359.6,137.53,16.331,2.169,0.0,18.5,0.91,True,1
var12_toroidal_24_vertical_coils,24,1,25.0,1200.0,CCW,halfwave_opposed_ns,25.409,17.967,1.0,0.0323,0.0269,-0.9631,0.37,98.15,-5.877,153.02,359.6,137.53,16.331,2.169,0.0,18.5,0.91,True,1
var12_toroidal_24_vertical_coils,24,1,25.0,2400.0,CW,halfwave_opposed_ns,25.409,17.967,1.0,0.0344,0.0287,0.9581,0.39,97.9,7.016,153.02,359.6,137.53,16.331,2.169,0.0,18.5,0.955,True,1
var12_toroidal_24_vertical_coils,24,1,25.0,2400.0,CCW,halfwave_opposed_ns,25.409,17.967,1.0,0.0344,0.0287,-0.9581,0.39,97.9,-7.016,153.02,359.6,137.53,16.331,2.169,0.0,18.5,0.955,True,1
var12_toroidal_24_vertical_coils,24,1,50.0,0.0,CW,halfwave_opposed_ns,26.011,18.392,1.0,0.0293,0.0244,0.9698,0.33,98.49,4.961,162.54,381.98,281.58,16.257,2.243,0.0,18.5,0.87,True,1
var12_toroidal_24_vertical_coils,24,1,50.0,0.0,CCW,halfwave_opposed_ns,26.011,18.392,1.0,0.0293,0.0244,-0.9698,0.33,98.49,-4.961,162.54,381.98,281.58,16.257,2.243,0.0,18.5,0.87,True,1
var12_toroidal_24_vertical_coils,24,1,50.0,600.0,CW,halfwave_opposed_ns,26.011,18.392,1.0,0.0304,0.0254,0.9673,0.34,98.36,5.567,162.54,381.98,281.58,16.257,2.243,0.0,18.5,0.892,True,1
var12_toroidal_24_vertical_coils,24,1,50.0,600.0,CCW,halfwave_opposed_ns,26.011,18.392,1.0,0.0304,0.0254,-0.9673,0.34,98.36,-5.567,162.54,381.98,281.58,16.257,2.243,0.0,18.5,0.892,True,1
var12_toroidal_24_vertical_coils,24,1,50.0,1200.0,CW,halfwave_opposed_ns,26.011,18.392,1.0,0.0316,0.0263,0.9648,0.36,98.24,6.17,162.54,381.98,281.58,16.257,2.243,0.0,18.5,0.915,True,1
var12_toroidal_24_vertical_coils,24,1,50.0,1200.0,CCW,halfwave_opposed_ns,26.011,18.392,1.0,0.0316,0.0263,-0.9648,0.36,98.24,-6.17,162.54,381.98,281.58,16.257,2.243,0.0,18.5,0.915,True,1
var12_toroidal_24_vertical_coils,24,1,50.0,2400.0,CW,halfwave_opposed_ns,26.011,18.392,1.0,0.0337,0.0281,0.9598,0.38,97.99,7.365,162.54,381.98,281.58,16.257,2.243,0.0,18.5,0.96,True,1
var12_toroidal_24_vertical_coils,24,1,50.0,2400.0,CCW,halfwave_opposed_ns,26.011,18.392,1.0,0.0337,0.0281,-0.9598,0.38,97.99,-7.365,162.54,381.98,281.58,16.257,2.243,0.0,18.5,0.96,True,1
var12_toroidal_24_vertical_coils,24,1,60.0,0.0,CW,halfwave_opposed_ns,26.377,18.651,1.0,0.0288,0.024,0.9709,0.33,98.54,5.108,168.51,396.0,342.65,16.212,2.288,0.0,18.5,0.872,True,1
var12_toroidal_24_vertical_coils,24,1,60.0,0.0,CCW,halfwave_opposed_ns,26.377,18.651,1.0,0.0288,0.024,-0.9709,0.33,98.54,-5.108,168.51,396.0,342.65,16.212,2.288,0.0,18.5,0.872,True,1
var12_toroidal_24_vertical_coils,24,1,60.0,600.0,CW,halfwave_opposed_ns,26.377,18.651,1.0,0.0299,0.025,0.9684,0.34,98.42,5.731,168.51,396.0,342.65,16.212,2.288,0.0,18.5,0.894,True,1
var12_toroidal_24_vertical_coils,24,1,60.0,600.0,CCW,halfwave_opposed_ns,26.377,18.651,1.0,0.0299,0.025,-0.9684,0.34,98.42,-5.731,168.51,396.0,342.65,16.212,2.288,0.0,18.5,0.894,True,1
var12_toroidal_24_vertical_coils,24,1,60.0,1200.0,CW,halfwave_opposed_ns,26.377,18.651,1.0,0.0311,0.0259,0.9659,0.35,98.29,6.352,168.51,396.0,342.65,16.212,2.288,0.0,18.5,0.917,True,1
var12_toroidal_24_vertical_coils,24,1,60.0,1200.0,CCW,halfwave_opposed_ns,26.377,18.651,1.0,0.0311,0.0259,-0.9659,0.35,98.29,-6.352,168.51,396.0,342.65,16.212,2.288,0.0,18.5,0.917,True,1
var12_toroidal_24_vertical_coils,24,1,60.0,2400.0,CW,halfwave_opposed_ns,26.377,18.651,1.0,0.0332,0.0277,0.9609,0.38,98.04,7.582,168.51,396.0,342.65,16.212,2.288,0.0,18.5,0.962,True,1
var12_toroidal_24_vertical_coils,24,1,60.0,2400.0,CCW,halfwave_opposed_ns,26.377,18.651,1.0,0.0332,0.0277,-0.9609,0.38,98.04,-7.582,168.51,396.0,342.65,16.212,2.288,0.0,18.5,0.962,True,1
var12_toroidal_24_vertical_coils,24,1,100.0,0.0,CW,halfwave_opposed_ns,28.806,20.369,1.0,0.0252,0.021,0.9778,0.28,98.89,6.135,211.62,497.3,623.68,15.928,2.572,0.0,18.5,0.879,True,1
var12_toroidal_24_vertical_coils,24,1,100.0,0.0,CCW,halfwave_opposed_ns,28.806,20.369,1.0,0.0252,0.021,-0.9778,0.28,98.89,-6.135,211.62,497.3,623.68,15.928,2.572,0.0,18.5,0.879,True,1
var12_toroidal_24_vertical_coils,24,1,100.0,600.0,CW,halfwave_opposed_ns,28.806,20.369,1.0,0.0265,0.0221,0.9753,0.3,98.76,6.884,211.62,497.3,623.68,15.928,2.572,0.0,18.5,0.901,True,1
var12_toroidal_24_vertical_coils,24,1,100.0,600.0,CCW,halfwave_opposed_ns,28.806,20.369,1.0,0.0265,0.0221,-0.9753,0.3,98.76,-6.884,211.62,497.3,623.68,15.928,2.572,0.0,18.5,0.901,True,1
var12_toroidal_24_vertical_coils,24,1,100.0,1200.0,CW,halfwave_opposed_ns,28.806,20.369,1.0,0.0278,0.0232,0.9728,0.31,98.64,7.63,211.62,497.3,623.68,15.928,2.572,0.0,18.5,0.924,True,1
var12_toroidal_24_vertical_coils,24,1,100.0,1200.0,CCW,halfwave_opposed_ns,28.806,20.369,1.0,0.0278,0.0232,-0.9728,0.31,98.64,-7.63,211.62,497.3,623.68,15.928,2.572,0.0,18.5,0.924,True,1
var12_toroidal_24_vertical_coils,24,1,100.0,2400.0,CW,halfwave_opposed_ns,28.806,20.369,1.0,0.0302,0.0252,0.9678,0.34,98.39,9.108,211.62,497.3,623.68,15.928,2.572,0.0,18.5,0.969,True,1
var12_toroidal_24_vertical_coils,24,1,100.0,2400.0,CCW,halfwave_opposed_ns,28.806,20.369,1.0,0.0302,0.0252,-0.9678,0.34,98.39,-9.108,211.62,497.3,623.68,15.928,2.572,0.0,18.5,0.969,True,1
var12_toroidal_24_vertical_coils,24,1,120.0,0.0,CW,halfwave_opposed_ns,29.591,20.924,1.0,0.0239,0.0199,0.98,0.27,99.0,6.489,226.91,533.24,768.83,15.836,2.664,0.0,18.5,0.882,True,1
var12_toroidal_24_vertical_coils,24,1,120.0,0.0,CCW,halfwave_opposed_ns,29.591,20.924,1.0,0.0239,0.0199,-0.98,0.27,99.0,-6.489,226.91,533.24,768.83,15.836,2.664,0.0,18.5,0.882,True,1
var12_toroidal_24_vertical_coils,24,1,120.0,600.0,CW,halfwave_opposed_ns,29.591,20.924,1.0,0.0253,0.0211,0.9775,0.29,98.88,7.281,226.91,533.24,768.83,15.836,2.664,0.0,18.5,0.905,True,1
var12_toroidal_24_vertical_coils,24,1,120.0,600.0,CCW,halfwave_opposed_ns,29.591,20.924,1.0,0.0253,0.0211,-0.9775,0.29,98.88,-7.281,226.91,533.24,768.83,15.836,2.664,0.0,18.5,0.905,True,1
var12_toroidal_24_vertical_coils,24,1,120.0,1200.0,CW,halfwave_opposed_ns,29.591,20.924,1.0,0.0267,0.0222,0.975,0.3,98.75,8.07,226.91,533.24,768.83,15.836,2.664,0.0,18.5,0.927,True,1
var12_toroidal_24_vertical_coils,24,1,120.0,1200.0,CCW,halfwave_opposed_ns,29.591,20.924,1.0,0.0267,0.0222,-0.975,0.3,98.75,-8.07,226.91,533.24,768.83,15.836,2.664,0.0,18.5,0.927,True,1
var12_toroidal_24_vertical_coils,24,1,120.0,2400.0,CW,halfwave_opposed_ns,29.591,20.924,1.0,0.0292,0.0243,0.97,0.33,98.5,9.634,226.91,533.24,768.83,15.836,2.664,0.0,18.5,0.972,True,1
var12_toroidal_24_vertical_coils,24,1,120.0,2400.0,CCW,halfwave_opposed_ns,29.591,20.924,1.0,0.0292,0.0243,-0.97,0.33,98.5,-9.634,226.91,533.24,768.83,15.836,2.664,0.0,18.5,0.972,True,1
var12_toroidal_24_vertical_coils,24,1,150.0,0.0,CW,halfwave_opposed_ns,28.091,19.863,1.0,0.0262,0.0219,0.9758,0.3,98.79,5.823,198.34,466.09,912.32,15.998,2.502,0.0,18.5,0.888,True,1
var12_toroidal_24_vertical_coils,24,1,150.0,0.0,CCW,halfwave_opposed_ns,28.091,19.863,1.0,0.0262,0.0219,-0.9758,0.3,98.79,-5.823,198.34,466.09,912.32,15.998,2.502,0.0,18.5,0.888,True,1
var12_toroidal_24_vertical_coils,24,1,150.0,600.0,CW,halfwave_opposed_ns,28.091,19.863,1.0,0.0276,0.023,0.9733,0.31,98.66,6.534,198.34,466.09,912.32,15.998,2.502,0.0,18.5,0.91,True,1
var12_toroidal_24_vertical_coils,24,1,150.0,600.0,CCW,halfwave_opposed_ns,28.091,19.863,1.0,0.0276,0.023,-0.9733,0.31,98.66,-6.534,198.34,466.09,912.32,15.998,2.502,0.0,18.5,0.91,True,1
var12_toroidal_24_vertical_coils,24,1,150.0,1200.0,CW,halfwave_opposed_ns,28.091,19.863,1.0,0.0288,0.024,0.9708,0.33,98.54,7.241,198.34,466.09,912.32,15.998,2.502,0.0,18.5,0.933,True,1
var12_toroidal_24_vertical_coils,24,1,150.0,1200.0,CCW,halfwave_opposed_ns,28.091,19.863,1.0,0.0288,0.024,-0.9708,0.33,98.54,-7.241,198.34,466.09,912.32,15.998,2.502,0.0,18.5,0.933,True,1
var12_toroidal_24_vertical_coils,24,1,150.0,2400.0,CW,halfwave_opposed_ns,28.091,19.863,1.0,0.0311,0.0259,0.9658,0.35,98.29,8.644,198.34,466.09,912.32,15.998,2.502,0.0,18.5,0.978,True,1
var12_toroidal_24_vertical_coils,24,1,150.0,2400.0,CCW,halfwave_opposed_ns,28.091,19.863,1.0,0.0311,0.0259,-0.9658,0.35,98.29,-8.644,198.34,466.09,912.32,15.998,2.502,0.0,18.5,0.978,True,1
var12_toroidal_24_vertical_coils,24,1,200.0,0.0,CW,halfwave_opposed_ns,25.7,18.173,1.0,0.0297,0.0247,0.969,0.34,98.45,4.839,157.67,370.53,1112.88,16.26,2.24,0.0,18.5,0.897,True,1
var12_toroidal_24_vertical_coils,24,1,200.0,0.0,CCW,halfwave_opposed_ns,25.7,18.173,1.0,0.0297,0.0247,-0.969,0.34,98.45,-4.839,157.67,370.53,1112.88,16.26,2.24,0.0,18.5,0.897,True,1
var12_toroidal_24_vertical_coils,24,1,200.0,600.0,CW,halfwave_opposed_ns,25.7,18.173,1.0,0.0308,0.0257,0.9665,0.35,98.32,5.43,157.67,370.53,1112.88,16.26,2.24,0.0,18.5,0.919,True,1
var12_toroidal_24_vertical_coils,24,1,200.0,600.0,CCW,halfwave_opposed_ns,25.7,18.173,1.0,0.0308,0.0257,-0.9665,0.35,98.32,-5.43,157.67,370.53,1112.88,16.26,2.24,0.0,18.5,0.919,True,1
var12_toroidal_24_vertical_coils,24,1,200.0,1200.0,CW,halfwave_opposed_ns,25.7,18.173,1.0,0.0319,0.0266,0.964,0.36,98.2,6.018,157.67,370.53,1112.88,16.26,2.24,0.0,18.5,0.942,True,1
var12_toroidal_24_vertical_coils,24,1,200.0,1200.0,CCW,halfwave_opposed_ns,25.7,18.173,1.0,0.0319,0.0266,-0.964,0.36,98.2,-6.018,157.67,370.53,1112.88,16.26,2.24,0.0,18.5,0.942,True,1
var12_toroidal_24_vertical_coils,24,1,200.0,2400.0,CW,halfwave_opposed_ns,25.7,18.173,1.0,0.034,0.0284,0.959,0.38,97.95,7.184,157.67,370.53,1112.88,16.26,2.24,0.0,18.5,0.987,True,1
var12_toroidal_24_vertical_coils,24,1,200.0,2400.0,CCW,halfwave_opposed_ns,25.7,18.173,1.0,0.034,0.0284,-0.959,0.38,97.95,-7.184,157.67,370.53,1112.88,16.26,2.24,0.0,18.5,0.987,True,1
var12_toroidal_24_vertical_coils,24,1,400.0,0.0,CW,halfwave_opposed_ns,24.449,17.288,1.0,0.0313,0.0261,0.9654,0.35,98.27,4.364,138.78,326.13,2117.43,16.361,2.139,0.0,18.5,0.933,True,1
var12_toroidal_24_vertical_coils,24,1,400.0,0.0,CCW,halfwave_opposed_ns,24.449,17.288,1.0,0.0313,0.0261,-0.9654,0.35,98.27,-4.364,138.78,326.13,2117.43,16.361,2.139,0.0,18.5,0.933,True,1
var12_toroidal_24_vertical_coils,24,1,400.0,600.0,CW,halfwave_opposed_ns,24.449,17.288,1.0,0.0324,0.027,0.9629,0.37,98.15,4.897,138.78,326.13,2117.43,16.361,2.139,0.0,18.5,0.955,True,1
var12_toroidal_24_vertical_coils,24,1,400.0,600.0,CCW,halfwave_opposed_ns,24.449,17.288,1.0,0.0324,0.027,-0.9629,0.37,98.15,-4.897,138.78,326.13,2117.43,16.361,2.139,0.0,18.5,0.955,True,1
var12_toroidal_24_vertical_coils,24,1,400.0,1200.0,CW,halfwave_opposed_ns,24.449,17.288,1.0,0.0334,0.0279,0.9604,0.38,98.02,5.427,138.78,326.13,2117.43,16.361,2.139,0.0,18.5,0.978,True,1
var12_toroidal_24_vertical_coils,24,1,400.0,1200.0,CCW,halfwave_opposed_ns,24.449,17.288,1.0,0.0334,0.0279,-0.9604,0.38,98.02,-5.427,138.78,326.13,2117.43,16.361,2.139,0.0,18.5,0.978,True,1
var12_toroidal_24_vertical_coils,24,1,400.0,2400.0,CW,halfwave_opposed_ns,24.449,17.288,1.0,0.0354,0.0295,0.9554,0.4,97.77,6.478,138.78,326.13,2117.43,16.361,2.139,0.0,18.5,1.023,True,1
var12_toroidal_24_vertical_coils,24,1,400.0,2400.0,CCW,halfwave_opposed_ns,24.449,17.288,1.0,0.0354,0.0295,-0.9554,0.4,97.77,-6.478,138.78,326.13,2117.43,16.361,2.139,0.0,18.5,1.023,True,1
var12_toroidal_24_vertical_coils,24,1,800.0,0.0,CW,halfwave_opposed_ns,24.269,17.161,1.0,0.0314,0.0262,0.9651,0.36,98.25,4.298,136.35,320.43,4203.62,16.295,2.205,0.0,18.5,1.005,True,1
var12_toroidal_24_vertical_coils,24,1,800.0,0.0,CCW,halfwave_opposed_ns,24.269,17.161,1.0,0.0314,0.0262,-0.9651,0.36,98.25,-4.298,136.35,320.43,4203.62,16.295,2.205,0.0,18.5,1.005,True,1
var12_toroidal_24_vertical_coils,24,1,800.0,600.0,CW,halfwave_opposed_ns,24.269,17.161,1.0,0.0325,0.0271,0.9626,0.37,98.13,4.823,136.35,320.43,4203.62,16.295,2.205,0.0,18.5,1.027,True,1
var12_toroidal_24_vertical_coils,24,1,800.0,600.0,CCW,halfwave_opposed_ns,24.269,17.161,1.0,0.0325,0.0271,-0.9626,0.37,98.13,-4.823,136.35,320.43,4203.62,16.295,2.205,0.0,18.5,1.027,True,1
var12_toroidal_24_vertical_coils,24,1,800.0,1200.0,CW,halfwave_opposed_ns,24.269,17.161,1.0,0.0336,0.028,0.9601,0.38,98.0,5.345,136.35,320.43,4203.62,16.295,2.205,0.0,18.5,1.05,True,1
var12_toroidal_24_vertical_coils,24,1,800.0,1200.0,CCW,halfwave_opposed_ns,24.269,17.161,1.0,0.0336,0.028,-0.9601,0.38,98.0,-5.345,136.35,320.43,4203.62,16.295,2.205,0.0,18.5,1.05,True,1
var12_toroidal_24_vertical_coils,24,1,800.0,2400.0,CW,halfwave_opposed_ns,24.269,17.161,1.0,0.0356,0.0296,0.9551,0.4,97.75,6.38,136.35,320.43,4203.62,16.295,2.205,0.0,18.5,1.095,True,1
var12_toroidal_24_vertical_coils,24,1,800.0,2400.0,CCW,halfwave_opposed_ns,24.269,17.161,1.0,0.0356,0.0296,-0.9551,0.4,97.75,-6.38,136.35,320.43,4203.62,16.295,2.205,0.0,18.5,1.095,True,1
var12_toroidal_24_vertical_coils,24,1,1000.0,0.0,CW,halfwave_opposed_ns,24.229,17.132,1.0,0.0315,0.0262,0.965,0.36,98.25,4.284,135.87,319.3,5245.89,16.257,2.243,0.0,18.5,1.041,True,1
var12_toroidal_24_vertical_coils,24,1,1000.0,0.0,CCW,halfwave_opposed_ns,24.229,17.132,1.0,0.0315,0.0262,-0.965,0.36,98.25,-4.284,135.87,319.3,5245.89,16.257,2.243,0.0,18.5,1.041,True,1
var12_toroidal_24_vertical_coils,24,1,1000.0,600.0,CW,halfwave_opposed_ns,24.229,17.132,1.0,0.0325,0.0271,0.9625,0.37,98.13,4.807,135.87,319.3,5245.89,16.257,2.243,0.0,18.5,1.063,True,1
var12_toroidal_24_vertical_coils,24,1,1000.0,600.0,CCW,halfwave_opposed_ns,24.229,17.132,1.0,0.0325,0.0271,-0.9625,0.37,98.13,-4.807,135.87,319.3,5245.89,16.257,2.243,0.0,18.5,1.063,True,1
var12_toroidal_24_vertical_coils,24,1,1000.0,1200.0,CW,halfwave_opposed_ns,24.229,17.132,1.0,0.0336,0.028,0.96,0.38,98.0,5.327,135.87,319.3,5245.89,16.257,2.243,0.0,18.5,1.086,True,1
var12_toroidal_24_vertical_coils,24,1,1000.0,1200.0,CCW,halfwave_opposed_ns,24.229,17.132,1.0,0.0336,0.028,-0.96,0.38,98.0,-5.327,135.87,319.3,5245.89,16.257,2.243,0.0,18.5,1.086,True,1
var12_toroidal_24_vertical_coils,24,1,1000.0,2400.0,CW,halfwave_opposed_ns,24.229,17.132,1.0,0.0356,0.0296,0.955,0.4,97.75,6.359,135.87,319.3,5245.89,16.257,2.243,0.0,18.5,1.131,True,1
var12_toroidal_24_vertical_coils,24,1,1000.0,2400.0,CCW,halfwave_opposed_ns,24.229,17.132,1.0,0.0356,0.0296,-0.955,0.4,97.75,-6.359,135.87,319.3,5245.89,16.257,2.243,0.0,18.5,1.131,True,1
var12_toroidal_24_vertical_coils,24,2,25.0,0.0,CW,halfwave_opposed_ns,25.409,17.967,1.0,0.0301,0.0251,0.9681,0.34,98.4,4.726,153.02,359.6,137.53,16.331,2.169,0.0,18.5,0.865,True,1
var12_toroidal_24_vertical_coils,24,2,25.0,0.0,CCW,halfwave_opposed_ns,25.409,17.967,1.0,0.0301,0.0251,-0.9681,0.34,98.4,-4.726,153.02,359.6,137.53,16.331,2.169,0.0,18.5,0.865,True,1
var12_toroidal_24_vertical_coils,24,2,25.0,600.0,CW,halfwave_opposed_ns,25.409,17.967,1.0,0.0312,0.026,0.9656,0.35,98.28,5.303,153.02,359.6,137.53,16.331,2.169,0.0,18.5,0.888,True,1
var12_toroidal_24_vertical_coils,24,2,25.0,600.0,CCW,halfwave_opposed_ns,25.409,17.967,1.0,0.0312,0.026,-0.9656,0.35,98.28,-5.303,153.02,359.6,137.53,16.331,2.169,0.0,18.5,0.888,True,1
var12_toroidal_24_vertical_coils,24,2,25.0,1200.0,CW,halfwave_opposed_ns,25.409,17.967,1.0,0.0323,0.0269,0.9631,0.37,98.15,5.877,153.02,359.6,137.53,16.331,2.169,0.0,18.5,0.91,True,1
var12_toroidal_24_vertical_coils,24,2,25.0,1200.0,CCW,halfwave_opposed_ns,25.409,17.967,1.0,0.0323,0.0269,-0.9631,0.37,98.15,-5.877,153.02,359.6,137.53,16.331,2.169,0.0,18.5,0.91,True,1
var12_toroidal_24_vertical_coils,24,2,25.0,2400.0,CW,halfwave_opposed_ns,25.409,17.967,1.0,0.0344,0.0287,0.9581,0.39,97.9,7.016,153.02,359.6,137.53,16.331,2.169,0.0,18.5,0.955,True,1
var12_toroidal_24_vertical_coils,24,2,25.0,2400.0,CCW,halfwave_opposed_ns,25.409,17.967,1.0,0.0344,0.0287,-0.9581,0.39,97.9,-7.016,153.02,359.6,137.53,16.331,2.169,0.0,18.5,0.955,True,1
var12_toroidal_24_vertical_coils,24,2,50.0,0.0,CW,halfwave_opposed_ns,26.011,18.392,1.0,0.0293,0.0244,0.9698,0.33,98.49,4.961,162.54,381.98,281.58,16.257,2.243,0.0,18.5,0.87,True,1
var12_toroidal_24_vertical_coils,24,2,50.0,0.0,CCW,halfwave_opposed_ns,26.011,18.392,1.0,0.0293,0.0244,-0.9698,0.33,98.49,-4.961,162.54,381.98,281.58,16.257,2.243,0.0,18.5,0.87,True,1
var12_toroidal_24_vertical_coils,24,2,50.0,600.0,CW,halfwave_opposed_ns,26.011,18.392,1.0,0.0304,0.0254,0.9673,0.34,98.36,5.567,162.54,381.98,281.58,16.257,2.243,0.0,18.5,0.892,True,1
var12_toroidal_24_vertical_coils,24,2,50.0,600.0,CCW,halfwave_opposed_ns,26.011,18.392,1.0,0.0304,0.0254,-0.9673,0.34,98.36,-5.567,162.54,381.98,281.58,16.257,2.243,0.0,18.5,0.892,True,1
var12_toroidal_24_vertical_coils,24,2,50.0,1200.0,CW,halfwave_opposed_ns,26.011,18.392,1.0,0.0316,0.0263,0.9648,0.36,98.24,6.17,162.54,381.98,281.58,16.257,2.243,0.0,18.5,0.915,True,1
var12_toroidal_24_vertical_coils,24,2,50.0,1200.0,CCW,halfwave_opposed_ns,26.011,18.392,1.0,0.0316,0.0263,-0.9648,0.36,98.24,-6.17,162.54,381.98,281.58,16.257,2.243,0.0,18.5,0.915,True,1
var12_toroidal_24_vertical_coils,24,2,50.0,2400.0,CW,halfwave_opposed_ns,26.011,18.392,1.0,0.0337,0.0281,0.9598,0.38,97.99,7.365,162.54,381.98,281.58,16.257,2.243,0.0,18.5,0.96,True,1
var12_toroidal_24_vertical_coils,24,2,50.0,2400.0,CCW,halfwave_opposed_ns,26.011,18.392,1.0,0.0337,0.0281,-0.9598,0.38,97.99,-7.365,162.54,381.98,281.58,16.257,2.243,0.0,18.5,0.96,True,1
var12_toroidal_24_vertical_coils,24,2,60.0,0.0,CW,halfwave_opposed_ns,26.377,18.651,1.0,0.0288,0.024,0.9709,0.33,98.54,5.108,168.51,396.0,342.65,16.212,2.288,0.0,18.5,0.872,True,1
var12_toroidal_24_vertical_coils,24,2,60.0,0.0,CCW,halfwave_opposed_ns,26.377,18.651,1.0,0.0288,0.024,-0.9709,0.33,98.54,-5.108,168.51,396.0,342.65,16.212,2.288,0.0,18.5,0.872,True,1
var12_toroidal_24_vertical_coils,24,2,60.0,600.0,CW,halfwave_opposed_ns,26.377,18.651,1.0,0.0299,0.025,0.9684,0.34,98.42,5.731,168.51,396.0,342.65,16.212,2.288,0.0,18.5,0.894,True,1
var12_toroidal_24_vertical_coils,24,2,60.0,600.0,CCW,halfwave_opposed_ns,26.377,18.651,1.0,0.0299,0.025,-0.9684,0.34,98.42,-5.731,168.51,396.0,342.65,16.212,2.288,0.0,18.5,0.894,True,1
var12_toroidal_24_vertical_coils,24,2,60.0,1200.0,CW,halfwave_opposed_ns,26.377,18.651,1.0,0.0311,0.0259,0.9659,0.35,98.29,6.352,168.51,396.0,342.65,16.212,2.288,0.0,18.5,0.917,True,1
var12_toroidal_24_vertical_coils,24,2,60.0,1200.0,CCW,halfwave_opposed_ns,26.377,18.651,1.0,0.0311,0.0259,-0.9659,0.35,98.29,-6.352,168.51,396.0,342.65,16.212,2.288,0.0,18.5,0.917,True,1
var12_toroidal_24_vertical_coils,24,2,60.0,2400.0,CW,halfwave_opposed_ns,26.377,18.651,1.0,0.0332,0.0277,0.9609,0.38,98.04,7.582,168.51,396.0,342.65,16.212,2.288,0.0,18.5,0.962,True,1
var12_toroidal_24_vertical_coils,24,2,60.0,2400.0,CCW,halfwave_opposed_ns,26.377,18.651,1.0,0.0332,0.0277,-0.9609,0.38,98.04,-7.582,168.51,396.0,342.65,16.212,2.288,0.0,18.5,0.962,True,1
var12_toroidal_24_vertical_coils,24,2,100.0,0.0,CW,halfwave_opposed_ns,28.806,20.369,1.0,0.0252,0.021,0.9778,0.28,98.89,6.135,211.62,497.3,623.68,15.928,2.572,0.0,18.5,0.879,True,1
var12_toroidal_24_vertical_coils,24,2,100.0,0.0,CCW,halfwave_opposed_ns,28.806,20.369,1.0,0.0252,0.021,-0.9778,0.28,98.89,-6.135,211.62,497.3,623.68,15.928,2.572,0.0,18.5,0.879,True,1
var12_toroidal_24_vertical_coils,24,2,100.0,600.0,CW,halfwave_opposed_ns,28.806,20.369,1.0,0.0265,0.0221,0.9753,0.3,98.76,6.884,211.62,497.3,623.68,15.928,2.572,0.0,18.5,0.901,True,1
var12_toroidal_24_vertical_coils,24,2,100.0,600.0,CCW,halfwave_opposed_ns,28.806,20.369,1.0,0.0265,0.0221,-0.9753,0.3,98.76,-6.884,211.62,497.3,623.68,15.928,2.572,0.0,18.5,0.901,True,1
var12_toroidal_24_vertical_coils,24,2,100.0,1200.0,CW,halfwave_opposed_ns,28.806,20.369,1.0,0.0278,0.0232,0.9728,0.31,98.64,7.63,211.62,497.3,623.68,15.928,2.572,0.0,18.5,0.924,True,1
var12_toroidal_24_vertical_coils,24,2,100.0,1200.0,CCW,halfwave_opposed_ns,28.806,20.369,1.0,0.0278,0.0232,-0.9728,0.31,98.64,-7.63,211.62,497.3,623.68,15.928,2.572,0.0,18.5,0.924,True,1
var12_toroidal_24_vertical_coils,24,2,100.0,2400.0,CW,halfwave_opposed_ns,28.806,20.369,1.0,0.0302,0.0252,0.9678,0.34,98.39,9.108,211.62,497.3,623.68,15.928,2.572,0.0,18.5,0.969,True,1
var12_toroidal_24_vertical_coils,24,2,100.0,2400.0,CCW,halfwave_opposed_ns,28.806,20.369,1.0,0.0302,0.0252,-0.9678,0.34,98.39,-9.108,211.62,497.3,623.68,15.928,2.572,0.0,18.5,0.969,True,1
var12_toroidal_24_vertical_coils,24,2,120.0,0.0,CW,halfwave_opposed_ns,29.591,20.924,1.0,0.0239,0.0199,0.98,0.27,99.0,6.489,226.91,533.24,768.83,15.836,2.664,0.0,18.5,0.882,True,1
var12_toroidal_24_vertical_coils,24,2,120.0,0.0,CCW,halfwave_opposed_ns,29.591,20.924,1.0,0.0239,0.0199,-0.98,0.27,99.0,-6.489,226.91,533.24,768.83,15.836,2.664,0.0,18.5,0.882,True,1
var12_toroidal_24_vertical_coils,24,2,120.0,600.0,CW,halfwave_opposed_ns,29.591,20.924,1.0,0.0253,0.0211,0.9775,0.29,98.88,7.281,226.91,533.24,768.83,15.836,2.664,0.0,18.5,0.905,True,1
var12_toroidal_24_vertical_coils,24,2,120.0,600.0,CCW,halfwave_opposed_ns,29.591,20.924,1.0,0.0253,0.0211,-0.9775,0.29,98.88,-7.281,226.91,533.24,768.83,15.836,2.664,0.0,18.5,0.905,True,1
var12_toroidal_24_vertical_coils,24,2,120.0,1200.0,CW,halfwave_opposed_ns,29.591,20.924,1.0,0.0267,0.0222,0.975,0.3,98.75,8.07,226.91,533.24,768.83,15.836,2.664,0.0,18.5,0.927,True,1
var12_toroidal_24_vertical_coils,24,2,120.0,1200.0,CCW,halfwave_opposed_ns,29.591,20.924,1.0,0.0267,0.0222,-0.975,0.3,98.75,-8.07,226.91,533.24,768.83,15.836,2.664,0.0,18.5,0.927,True,1
var12_toroidal_24_vertical_coils,24,2,120.0,2400.0,CW,halfwave_opposed_ns,29.591,20.924,1.0,0.0292,0.0243,0.97,0.33,98.5,9.634,226.91,533.24,768.83,15.836,2.664,0.0,18.5,0.972,True,1
var12_toroidal_24_vertical_coils,24,2,120.0,2400.0,CCW,halfwave_opposed_ns,29.591,20.924,1.0,0.0292,0.0243,-0.97,0.33,98.5,-9.634,226.91,533.24,768.83,15.836,2.664,0.0,18.5,0.972,True,1
var12_toroidal_24_vertical_coils,24,2,150.0,0.0,CW,halfwave_opposed_ns,28.091,19.863,1.0,0.0262,0.0219,0.9758,0.3,98.79,5.823,198.34,466.09,912.32,15.998,2.502,0.0,18.5,0.888,True,1
var12_toroidal_24_vertical_coils,24,2,150.0,0.0,CCW,halfwave_opposed_ns,28.091,19.863,1.0,0.0262,0.0219,-0.9758,0.3,98.79,-5.823,198.34,466.09,912.32,15.998,2.502,0.0,18.5,0.888,True,1
var12_toroidal_24_vertical_coils,24,2,150.0,600.0,CW,halfwave_opposed_ns,28.091,19.863,1.0,0.0276,0.023,0.9733,0.31,98.66,6.534,198.34,466.09,912.32,15.998,2.502,0.0,18.5,0.91,True,1
var12_toroidal_24_vertical_coils,24,2,150.0,600.0,CCW,halfwave_opposed_ns,28.091,19.863,1.0,0.0276,0.023,-0.9733,0.31,98.66,-6.534,198.34,466.09,912.32,15.998,2.502,0.0,18.5,0.91,True,1
var12_toroidal_24_vertical_coils,24,2,150.0,1200.0,CW,halfwave_opposed_ns,28.091,19.863,1.0,0.0288,0.024,0.9708,0.33,98.54,7.241,198.34,466.09,912.32,15.998,2.502,0.0,18.5,0.933,True,1
var12_toroidal_24_vertical_coils,24,2,150.0,1200.0,CCW,halfwave_opposed_ns,28.091,19.863,1.0,0.0288,0.024,-0.9708,0.33,98.54,-7.241,198.34,466.09,912.32,15.998,2.502,0.0,18.5,0.933,True,1
var12_toroidal_24_vertical_coils,24,2,150.0,2400.0,CW,halfwave_opposed_ns,28.091,19.863,1.0,0.0311,0.0259,0.9658,0.35,98.29,8.644,198.34,466.09,912.32,15.998,2.502,0.0,18.5,0.978,True,1
var12_toroidal_24_vertical_coils,24,2,150.0,2400.0,CCW,halfwave_opposed_ns,28.091,19.863,1.0,0.0311,0.0259,-0.9658,0.35,98.29,-8.644,198.34,466.09,912.32,15.998,2.502,0.0,18.5,0.978,True,1
var12_toroidal_24_vertical_coils,24,2,200.0,0.0,CW,halfwave_opposed_ns,25.7,18.173,1.0,0.0297,0.0247,0.969,0.34,98.45,4.839,157.67,370.53,1112.88,16.26,2.24,0.0,18.5,0.897,True,1
var12_toroidal_24_vertical_coils,24,2,200.0,0.0,CCW,halfwave_opposed_ns,25.7,18.173,1.0,0.0297,0.0247,-0.969,0.34,98.45,-4.839,157.67,370.53,1112.88,16.26,2.24,0.0,18.5,0.897,True,1
var12_toroidal_24_vertical_coils,24,2,200.0,600.0,CW,halfwave_opposed_ns,25.7,18.173,1.0,0.0308,0.0257,0.9665,0.35,98.32,5.43,157.67,370.53,1112.88,16.26,2.24,0.0,18.5,0.919,True,1
var12_toroidal_24_vertical_coils,24,2,200.0,600.0,CCW,halfwave_opposed_ns,25.7,18.173,1.0,0.0308,0.0257,-0.9665,0.35,98.32,-5.43,157.67,370.53,1112.88,16.26,2.24,0.0,18.5,0.919,True,1
var12_toroidal_24_vertical_coils,24,2,200.0,1200.0,CW,halfwave_opposed_ns,25.7,18.173,1.0,0.0319,0.0266,0.964,0.36,98.2,6.018,157.67,370.53,1112.88,16.26,2.24,0.0,18.5,0.942,True,1
var12_toroidal_24_vertical_coils,24,2,200.0,1200.0,CCW,halfwave_opposed_ns,25.7,18.173,1.0,0.0319,0.0266,-0.964,0.36,98.2,-6.018,157.67,370.53,1112.88,16.26,2.24,0.0,18.5,0.942,True,1
var12_toroidal_24_vertical_coils,24,2,200.0,2400.0,CW,halfwave_opposed_ns,25.7,18.173,1.0,0.034,0.0284,0.959,0.38,97.95,7.184,157.67,370.53,1112.88,16.26,2.24,0.0,18.5,0.987,True,1
var12_toroidal_24_vertical_coils,24,2,200.0,2400.0,CCW,halfwave_opposed_ns,25.7,18.173,1.0,0.034,0.0284,-0.959,0.38,97.95,-7.184,157.67,370.53,1112.88,16.26,2.24,0.0,18.5,0.987,True,1
var12_toroidal_24_vertical_coils,24,2,400.0,0.0,CW,halfwave_opposed_ns,24.449,17.288,1.0,0.0313,0.0261,0.9654,0.35,98.27,4.364,138.78,326.13,2117.43,16.361,2.139,0.0,18.5,0.933,True,1
var12_toroidal_24_vertical_coils,24,2,400.0,0.0,CCW,halfwave_opposed_ns,24.449,17.288,1.0,0.0313,0.0261,-0.9654,0.35,98.27,-4.364,138.78,326.13,2117.43,16.361,2.139,0.0,18.5,0.933,True,1
var12_toroidal_24_vertical_coils,24,2,400.0,600.0,CW,halfwave_opposed_ns,24.449,17.288,1.0,0.0324,0.027,0.9629,0.37,98.15,4.897,138.78,326.13,2117.43,16.361,2.139,0.0,18.5,0.955,True,1
var12_toroidal_24_vertical_coils,24,2,400.0,600.0,CCW,halfwave_opposed_ns,24.449,17.288,1.0,0.0324,0.027,-0.9629,0.37,98.15,-4.897,138.78,326.13,2117.43,16.361,2.139,0.0,18.5,0.955,True,1
var12_toroidal_24_vertical_coils,24,2,400.0,1200.0,CW,halfwave_opposed_ns,24.449,17.288,1.0,0.0334,0.0279,0.9604,0.38,98.02,5.427,138.78,326.13,2117.43,16.361,2.139,0.0,18.5,0.978,True,1
var12_toroidal_24_vertical_coils,24,2,400.0,1200.0,CCW,halfwave_opposed_ns,24.449,17.288,1.0,0.0334,0.0279,-0.9604,0.38,98.02,-5.427,138.78,326.13,2117.43,16.361,2.139,0.0,18.5,0.978,True,1
var12_toroidal_24_vertical_coils,24,2,400.0,2400.0,CW,halfwave_opposed_ns,24.449,17.288,1.0,0.0354,0.0295,0.9554,0.4,97.77,6.478,138.78,326.13,2117.43,16.361,2.139,0.0,18.5,1.023,True,1
var12_toroidal_24_vertical_coils,24,2,400.0,2400.0,CCW,halfwave_opposed_ns,24.449,17.288,1.0,0.0354,0.0295,-0.9554,0.4,97.77,-6.478,138.78,326.13,2117.43,16.361,2.139,0.0,18.5,1.023,True,1
var12_toroidal_24_vertical_coils,24,2,800.0,0.0,CW,halfwave_opposed_ns,24.269,17.161,1.0,0.0314,0.0262,0.9651,0.36,98.25,4.298,136.35,320.43,4203.62,16.295,2.205,0.0,18.5,1.005,True,1
var12_toroidal_24_vertical_coils,24,2,800.0,0.0,CCW,halfwave_opposed_ns,24.269,17.161,1.0,0.0314,0.0262,-0.9651,0.36,98.25,-4.298,136.35,320.43,4203.62,16.295,2.205,0.0,18.5,1.005,True,1
var12_toroidal_24_vertical_coils,24,2,800.0,600.0,CW,halfwave_opposed_ns,24.269,17.161,1.0,0.0325,0.0271,0.9626,0.37,98.13,4.823,136.35,320.43,4203.62,16.295,2.205,0.0,18.5,1.027,True,1
var12_toroidal_24_vertical_coils,24,2,800.0,600.0,CCW,halfwave_opposed_ns,24.269,17.161,1.0,0.0325,0.0271,-0.9626,0.37,98.13,-4.823,136.35,320.43,4203.62,16.295,2.205,0.0,18.5,1.027,True,1
var12_toroidal_24_vertical_coils,24,2,800.0,1200.0,CW,halfwave_opposed_ns,24.269,17.161,1.0,0.0336,0.028,0.9601,0.38,98.0,5.345,136.35,320.43,4203.62,16.295,2.205,0.0,18.5,1.05,True,1
var12_toroidal_24_vertical_coils,24,2,800.0,1200.0,CCW,halfwave_opposed_ns,24.269,17.161,1.0,0.0336,0.028,-0.9601,0.38,98.0,-5.345,136.35,320.43,4203.62,16.295,2.205,0.0,18.5,1.05,True,1
var12_toroidal_24_vertical_coils,24,2,800.0,2400.0,CW,halfwave_opposed_ns,24.269,17.161,1.0,0.0356,0.0296,0.9551,0.4,97.75,6.38,136.35,320.43,4203.62,16.295,2.205,0.0,18.5,1.095,True,1
var12_toroidal_24_vertical_coils,24,2,800.0,2400.0,CCW,halfwave_opposed_ns,24.269,17.161,1.0,0.0356,0.0296,-0.9551,0.4,97.75,-6.38,136.35,320.43,4203.62,16.295,2.205,0.0,18.5,1.095,True,1
var12_toroidal_24_vertical_coils,24,2,1000.0,0.0,CW,halfwave_opposed_ns,24.229,17.132,1.0,0.0315,0.0262,0.965,0.36,98.25,4.284,135.87,319.3,5245.89,16.257,2.243,0.0,18.5,1.041,True,1
var12_toroidal_24_vertical_coils,24,2,1000.0,0.0,CCW,halfwave_opposed_ns,24.229,17.132,1.0,0.0315,0.0262,-0.965,0.36,98.25,-4.284,135.87,319.3,5245.89,16.257,2.243,0.0,18.5,1.041,True,1
var12_toroidal_24_vertical_coils,24,2,1000.0,600.0,CW,halfwave_opposed_ns,24.229,17.132,1.0,0.0325,0.0271,0.9625,0.37,98.13,4.807,135.87,319.3,5245.89,16.257,2.243,0.0,18.5,1.063,True,1
var12_toroidal_24_vertical_coils,24,2,1000.0,600.0,CCW,halfwave_opposed_ns,24.229,17.132,1.0,0.0325,0.0271,-0.9625,0.37,98.13,-4.807,135.87,319.3,5245.89,16.257,2.243,0.0,18.5,1.063,True,1
var12_toroidal_24_vertical_coils,24,2,1000.0,1200.0,CW,halfwave_opposed_ns,24.229,17.132,1.0,0.0336,0.028,0.96,0.38,98.0,5.327,135.87,319.3,5245.89,16.257,2.243,0.0,18.5,1.086,True,1
var12_toroidal_24_vertical_coils,24,2,1000.0,1200.0,CCW,halfwave_opposed_ns,24.229,17.132,1.0,0.0336,0.028,-0.96,0.38,98.0,-5.327,135.87,319.3,5245.89,16.257,2.243,0.0,18.5,1.086,True,1
var12_toroidal_24_vertical_coils,24,2,1000.0,2400.0,CW,halfwave_opposed_ns,24.229,17.132,1.0,0.0356,0.0296,0.955,0.4,97.75,6.359,135.87,319.3,5245.89,16.257,2.243,0.0,18.5,1.131,True,1
var12_toroidal_24_vertical_coils,24,2,1000.0,2400.0,CCW,halfwave_opposed_ns,24.229,17.132,1.0,0.0356,0.0296,-0.955,0.4,97.75,-6.359,135.87,319.3,5245.89,16.257,2.243,0.0,18.5,1.131,True,1
var12_toroidal_24_vertical_coils,24,3,25.0,0.0,CW,halfwave_opposed_ns,26.09,18.448,1.0,0.1072,0.0893,0.4491,1.22,72.45,2.311,166.95,392.34,141.22,16.282,2.218,0.0,18.5,0.867,True,3
var12_toroidal_24_vertical_coils,24,3,25.0,0.0,CCW,halfwave_opposed_ns,26.09,18.448,1.0,0.1072,0.0893,-0.4491,1.22,72.45,-2.311,166.95,392.34,141.22,16.282,2.218,0.0,18.5,0.867,True,3
var12_toroidal_24_vertical_coils,24,3,25.0,600.0,CW,halfwave_opposed_ns,26.09,18.448,1.0,0.1072,0.0893,0.4491,1.22,72.45,2.6,166.95,392.34,141.22,16.282,2.218,0.0,18.5,0.889,True,3
var12_toroidal_24_vertical_coils,24,3,25.0,600.0,CCW,halfwave_opposed_ns,26.09,18.448,1.0,0.1072,0.0893,-0.4491,1.22,72.45,-2.6,166.95,392.34,141.22,16.282,2.218,0.0,18.5,0.889,True,3
var12_toroidal_24_vertical_coils,24,3,25.0,1200.0,CW,halfwave_opposed_ns,26.09,18.448,1.0,0.1072,0.0893,0.4491,1.22,72.45,2.889,166.95,392.34,141.22,16.282,2.218,0.0,18.5,0.912,True,3
var12_toroidal_24_vertical_coils,24,3,25.0,1200.0,CCW,halfwave_opposed_ns,26.09,18.448,1.0,0.1072,0.0893,-0.4491,1.22,72.45,-2.889,166.95,392.34,141.22,16.282,2.218,0.0,18.5,0.912,True,3
var12_toroidal_24_vertical_coils,24,3,25.0,2400.0,CW,halfwave_opposed_ns,26.09,18.448,1.0,0.1072,0.0893,0.4491,1.22,72.45,3.467,166.95,392.34,141.22,16.282,2.218,0.0,18.5,0.957,True,3
var12_toroidal_24_vertical_coils,24,3,25.0,2400.0,CCW,halfwave_opposed_ns,26.09,18.448,1.0,0.1072,0.0893,-0.4491,1.22,72.45,-3.467,166.95,392.34,141.22,16.282,2.218,0.0,18.5,0.957,True,3
var12_toroidal_24_vertical_coils,24,3,50.0,0.0,CW,halfwave_opposed_ns,26.706,18.884,1.0,0.1071,0.0892,0.4514,1.22,72.57,2.434,177.32,416.7,289.11,16.206,2.294,0.0,18.5,0.871,True,3
var12_toroidal_24_vertical_coils,24,3,50.0,0.0,CCW,halfwave_opposed_ns,26.706,18.884,1.0,0.1071,0.0892,-0.4514,1.22,72.57,-2.434,177.32,416.7,289.11,16.206,2.294,0.0,18.5,0.871,True,3
var12_toroidal_24_vertical_coils,24,3,50.0,600.0,CW,halfwave_opposed_ns,26.706,18.884,1.0,0.1071,0.0892,0.4514,1.22,72.57,2.739,177.32,416.7,289.11,16.206,2.294,0.0,18.5,0.894,True,3
var12_toroidal_24_vertical_coils,24,3,50.0,600.0,CCW,halfwave_opposed_ns,26.706,18.884,1.0,0.1071,0.0892,-0.4514,1.22,72.57,-2.739,177.32,416.7,289.11,16.206,2.294,0.0,18.5,0.894,True,3
var12_toroidal_24_vertical_coils,24,3,50.0,1200.0,CW,halfwave_opposed_ns,26.706,18.884,1.0,0.1071,0.0892,0.4514,1.22,72.57,3.043,177.32,416.7,289.11,16.206,2.294,0.0,18.5,0.916,True,3
var12_toroidal_24_vertical_coils,24,3,50.0,1200.0,CCW,halfwave_opposed_ns,26.706,18.884,1.0,0.1071,0.0892,-0.4514,1.22,72.57,-3.043,177.32,416.7,289.11,16.206,2.294,0.0,18.5,0.916,True,3
var12_toroidal_24_vertical_coils,24,3,50.0,2400.0,CW,halfwave_opposed_ns,26.706,18.884,1.0,0.1071,0.0892,0.4514,1.22,72.57,3.652,177.32,416.7,289.11,16.206,2.294,0.0,18.5,0.961,True,3
var12_toroidal_24_vertical_coils,24,3,50.0,2400.0,CCW,halfwave_opposed_ns,26.706,18.884,1.0,0.1071,0.0892,-0.4514,1.22,72.57,-3.652,177.32,416.7,289.11,16.206,2.294,0.0,18.5,0.961,True,3
var12_toroidal_24_vertical_coils,24,3,60.0,0.0,CW,halfwave_opposed_ns,27.081,19.149,1.0,0.107,0.0892,0.4528,1.22,72.64,2.511,183.82,431.97,351.81,16.161,2.339,0.0,18.5,0.873,True,3
var12_toroidal_24_vertical_coils,24,3,60.0,0.0,CCW,halfwave_opposed_ns,27.081,19.149,1.0,0.107,0.0892,-0.4528,1.22,72.64,-2.511,183.82,431.97,351.81,16.161,2.339,0.0,18.5,0.873,True,3
var12_toroidal_24_vertical_coils,24,3,60.0,600.0,CW,halfwave_opposed_ns,27.081,19.149,1.0,0.107,0.0892,0.4528,1.22,72.64,2.825,183.82,431.97,351.81,16.161,2.339,0.0,18.5,0.896,True,3
var12_toroidal_24_vertical_coils,24,3,60.0,600.0,CCW,halfwave_opposed_ns,27.081,19.149,1.0,0.107,0.0892,-0.4528,1.22,72.64,-2.825,183.82,431.97,351.81,16.161,2.339,0.0,18.5,0.896,True,3
var12_toroidal_24_vertical_coils,24,3,60.0,1200.0,CW,halfwave_opposed_ns,27.081,19.149,1.0,0.107,0.0892,0.4528,1.22,72.64,3.139,183.82,431.97,351.81,16.161,2.339,0.0,18.5,0.918,True,3
var12_toroidal_24_vertical_coils,24,3,60.0,1200.0,CCW,halfwave_opposed_ns,27.081,19.149,1.0,0.107,0.0892,-0.4528,1.22,72.64,-3.139,183.82,431.97,351.81,16.161,2.339,0.0,18.5,0.918,True,3
var12_toroidal_24_vertical_coils,24,3,60.0,2400.0,CW,halfwave_opposed_ns,27.081,19.149,1.0,0.107,0.0892,0.4528,1.22,72.64,3.767,183.82,431.97,351.81,16.161,2.339,0.0,18.5,0.963,True,3
var12_toroidal_24_vertical_coils,24,3,60.0,2400.0,CCW,halfwave_opposed_ns,27.081,19.149,1.0,0.107,0.0892,-0.4528,1.22,72.64,-3.767,183.82,431.97,351.81,16.161,2.339,0.0,18.5,0.963,True,3
var12_toroidal_24_vertical_coils,24,3,100.0,0.0,CW,halfwave_opposed_ns,29.568,20.908,1.0,0.1064,0.0887,0.462,1.21,73.1,3.055,230.73,542.22,640.2,15.87,2.63,0.0,18.5,0.88,True,3
var12_toroidal_24_vertical_coils,24,3,100.0,0.0,CCW,halfwave_opposed_ns,29.568,20.908,1.0,0.1064,0.0887,-0.462,1.21,73.1,-3.055,230.73,542.22,640.2,15.87,2.63,0.0,18.5,0.88,True,3
var12_toroidal_24_vertical_coils,24,3,100.0,600.0,CW,halfwave_opposed_ns,29.568,20.908,1.0,0.1064,0.0887,0.462,1.21,73.1,3.436,230.73,542.22,640.2,15.87,2.63,0.0,18.5,0.903,True,3
var12_toroidal_24_vertical_coils,24,3,100.0,600.0,CCW,halfwave_opposed_ns,29.568,20.908,1.0,0.1064,0.0887,-0.462,1.21,73.1,-3.436,230.73,542.22,640.2,15.87,2.63,0.0,18.5,0.903,True,3
var12_toroidal_24_vertical_coils,24,3,100.0,1200.0,CW,halfwave_opposed_ns,29.568,20.908,1.0,0.1064,0.0887,0.462,1.21,73.1,3.818,230.73,542.22,640.2,15.87,2.63,0.0,18.5,0.925,True,3
var12_toroidal_24_vertical_coils,24,3,100.0,1200.0,CCW,halfwave_opposed_ns,29.568,20.908,1.0,0.1064,0.0887,-0.462,1.21,73.1,-3.818,230.73,542.22,640.2,15.87,2.63,0.0,18.5,0.925,True,3
var12_toroidal_24_vertical_coils,24,3,100.0,2400.0,CW,halfwave_opposed_ns,29.568,20.908,1.0,0.1064,0.0887,0.462,1.21,73.1,4.582,230.73,542.22,640.2,15.87,2.63,0.0,18.5,0.97,True,3
var12_toroidal_24_vertical_coils,24,3,100.0,2400.0,CCW,halfwave_opposed_ns,29.568,20.908,1.0,0.1064,0.0887,-0.462,1.21,73.1,-4.582,230.73,542.22,640.2,15.87,2.63,0.0,18.5,0.97,True,3
var12_toroidal_24_vertical_coils,24,3,120.0,0.0,CW,halfwave_opposed_ns,30.372,21.476,1.0,0.1062,0.0885,0.465,1.21,73.25,3.244,247.37,581.32,789.12,15.776,2.724,0.0,18.5,0.884,True,3
var12_toroidal_24_vertical_coils,24,3,120.0,0.0,CCW,halfwave_opposed_ns,30.372,21.476,1.0,0.1062,0.0885,-0.465,1.21,73.25,-3.244,247.37,581.32,789.12,15.776,2.724,0.0,18.5,0.884,True,3
var12_toroidal_24_vertical_coils,24,3,120.0,600.0,CW,halfwave_opposed_ns,30.372,21.476,1.0,0.1062,0.0885,0.465,1.21,73.25,3.649,247.37,581.32,789.12,15.776,2.724,0.0,18.5,0.907,True,3
var12_toroidal_24_vertical_coils,24,3,120.0,600.0,CCW,halfwave_opposed_ns,30.372,21.476,1.0,0.1062,0.0885,-0.465,1.21,73.25,-3.649,247.37,581.32,789.12,15.776,2.724,0.0,18.5,0.907,True,3
var12_toroidal_24_vertical_coils,24,3,120.0,1200.0,CW,halfwave_opposed_ns,30.372,21.476,1.0,0.1062,0.0885,0.465,1.21,73.25,4.054,247.37,581.32,789.12,15.776,2.724,0.0,18.5,0.929,True,3
var12_toroidal_24_vertical_coils,24,3,120.0,1200.0,CCW,halfwave_opposed_ns,30.372,21.476,1.0,0.1062,0.0885,-0.465,1.21,73.25,-4.054,247.37,581.32,789.12,15.776,2.724,0.0,18.5,0.929,True,3
var12_toroidal_24_vertical_coils,24,3,120.0,2400.0,CW,halfwave_opposed_ns,30.372,21.476,1.0,0.1062,0.0885,0.465,1.21,73.25,4.865,247.37,581.32,789.12,15.776,2.724,0.0,18.5,0.974,True,3
var12_toroidal_24_vertical_coils,24,3,120.0,2400.0,CCW,halfwave_opposed_ns,30.372,21.476,1.0,0.1062,0.0885,-0.465,1.21,73.25,-4.865,247.37,581.32,789.12,15.776,2.724,0.0,18.5,0.974,True,3
var12_toroidal_24_vertical_coils,24,3,150.0,0.0,CW,halfwave_opposed_ns,28.837,20.391,1.0,0.1066,0.0888,0.4594,1.21,72.97,2.889,216.28,508.25,936.53,15.941,2.559,0.0,18.5,0.889,True,3
var12_toroidal_24_vertical_coils,24,3,150.0,0.0,CCW,halfwave_opposed_ns,28.837,20.391,1.0,0.1066,0.0888,-0.4594,1.21,72.97,-2.889,216.28,508.25,936.53,15.941,2.559,0.0,18.5,0.889,True,3
var12_toroidal_24_vertical_coils,24,3,150.0,600.0,CW,halfwave_opposed_ns,28.837,20.391,1.0,0.1066,0.0888,0.4594,1.21,72.97,3.25,216.28,508.25,936.53,15.941,2.559,0.0,18.5,0.912,True,3
var12_toroidal_24_vertical_coils,24,3,150.0,600.0,CCW,halfwave_opposed_ns,28.837,20.391,1.0,0.1066,0.0888,-0.4594,1.21,72.97,-3.25,216.28,508.25,936.53,15.941,2.559,0.0,18.5,0.912,True,3
var12_toroidal_24_vertical_coils,24,3,150.0,1200.0,CW,halfwave_opposed_ns,28.837,20.391,1.0,0.1066,0.0888,0.4594,1.21,72.97,3.611,216.28,508.25,936.53,15.941,2.559,0.0,18.5,0.934,True,3
var12_toroidal_24_vertical_coils,24,3,150.0,1200.0,CCW,halfwave_opposed_ns,28.837,20.391,1.0,0.1066,0.0888,-0.4594,1.21,72.97,-3.611,216.28,508.25,936.53,15.941,2.559,0.0,18.5,0.934,True,3
var12_toroidal_24_vertical_coils,24,3,150.0,2400.0,CW,halfwave_opposed_ns,28.837,20.391,1.0,0.1066,0.0888,0.4594,1.21,72.97,4.333,216.28,508.25,936.53,15.941,2.559,0.0,18.5,0.979,True,3
var12_toroidal_24_vertical_coils,24,3,150.0,2400.0,CCW,halfwave_opposed_ns,28.837,20.391,1.0,0.1066,0.0888,-0.4594,1.21,72.97,-4.333,216.28,508.25,936.53,15.941,2.559,0.0,18.5,0.979,True,3
var12_toroidal_24_vertical_coils,24,3,200.0,0.0,CW,halfwave_opposed_ns,26.387,18.659,1.0,0.1071,0.0893,0.4503,1.22,72.51,2.371,172.01,404.22,1142.65,16.209,2.291,0.0,18.5,0.898,True,3
var12_toroidal_24_vertical_coils,24,3,200.0,0.0,CCW,halfwave_opposed_ns,26.387,18.659,1.0,0.1071,0.0893,-0.4503,1.22,72.51,-2.371,172.01,404.22,1142.65,16.209,2.291,0.0,18.5,0.898,True,3
var12_toroidal_24_vertical_coils,24,3,200.0,600.0,CW,halfwave_opposed_ns,26.387,18.659,1.0,0.1071,0.0893,0.4503,1.22,72.51,2.667,172.01,404.22,1142.65,16.209,2.291,0.0,18.5,0.921,True,3
var12_toroidal_24_vertical_coils,24,3,200.0,600.0,CCW,halfwave_opposed_ns,26.387,18.659,1.0,0.1071,0.0893,-0.4503,1.22,72.51,-2.667,172.01,404.22,1142.65,16.209,2.291,0.0,18.5,0.921,True,3
var12_toroidal_24_vertical_coils,24,3,200.0,1200.0,CW,halfwave_opposed_ns,26.387,18.659,1.0,0.1071,0.0893,0.4503,1.22,72.51,2.964,172.01,404.22,1142.65,16.209,2.291,0.0,18.5,0.944,True,3
var12_toroidal_24_vertical_coils,24,3,200.0,1200.0,CCW,halfwave_opposed_ns,26.387,18.659,1.0,0.1071,0.0893,-0.4503,1.22,72.51,-2.964,172.01,404.22,1142.65,16.209,2.291,0.0,18.5,0.944,True,3
var12_toroidal_24_vertical_coils,24,3,200.0,2400.0,CW,halfwave_opposed_ns,26.387,18.659,1.0,0.1071,0.0893,0.4503,1.22,72.51,3.556,172.01,404.22,1142.65,16.209,2.291,0.0,18.5,0.988,True,3
var12_toroidal_24_vertical_coils,24,3,200.0,2400.0,CCW,halfwave_opposed_ns,26.387,18.659,1.0,0.1071,0.0893,-0.4503,1.22,72.51,-3.556,172.01,404.22,1142.65,16.209,2.291,0.0,18.5,0.988,True,3
var12_toroidal_24_vertical_coils,24,3,400.0,0.0,CW,halfwave_opposed_ns,25.105,17.752,1.0,0.1074,0.0895,0.4456,1.22,72.28,2.124,151.42,355.84,2174.25,16.313,2.187,0.0,18.5,0.934,True,3
var12_toroidal_24_vertical_coils,24,3,400.0,0.0,CCW,halfwave_opposed_ns,25.105,17.752,1.0,0.1074,0.0895,-0.4456,1.22,72.28,-2.124,151.42,355.84,2174.25,16.313,2.187,0.0,18.5,0.934,True,3
var12_toroidal_24_vertical_coils,24,3,400.0,600.0,CW,halfwave_opposed_ns,25.105,17.752,1.0,0.1074,0.0895,0.4456,1.22,72.28,2.389,151.42,355.84,2174.25,16.313,2.187,0.0,18.5,0.957,True,3
var12_toroidal_24_vertical_coils,24,3,400.0,600.0,CCW,halfwave_opposed_ns,25.105,17.752,1.0,0.1074,0.0895,-0.4456,1.22,72.28,-2.389,151.42,355.84,2174.25,16.313,2.187,0.0,18.5,0.957,True,3
var12_toroidal_24_vertical_coils,24,3,400.0,1200.0,CW,halfwave_opposed_ns,25.105,17.752,1.0,0.1074,0.0895,0.4456,1.22,72.28,2.654,151.42,355.84,2174.25,16.313,2.187,0.0,18.5,0.979,True,3
var12_toroidal_24_vertical_coils,24,3,400.0,1200.0,CCW,halfwave_opposed_ns,25.105,17.752,1.0,0.1074,0.0895,-0.4456,1.22,72.28,-2.654,151.42,355.84,2174.25,16.313,2.187,0.0,18.5,0.979,True,3
var12_toroidal_24_vertical_coils,24,3,400.0,2400.0,CW,halfwave_opposed_ns,25.105,17.752,1.0,0.1074,0.0895,0.4456,1.22,72.28,3.185,151.42,355.84,2174.25,16.313,2.187,0.0,18.5,1.024,True,3
var12_toroidal_24_vertical_coils,24,3,400.0,2400.0,CCW,halfwave_opposed_ns,25.105,17.752,1.0,0.1074,0.0895,-0.4456,1.22,72.28,-3.185,151.42,355.84,2174.25,16.313,2.187,0.0,18.5,1.024,True,3
var12_toroidal_24_vertical_coils,24,3,800.0,0.0,CW,halfwave_opposed_ns,24.919,17.62,1.0,0.1075,0.0895,0.4451,1.22,72.25,2.09,148.76,349.58,4316.19,16.246,2.254,0.0,18.5,1.006,True,3
var12_toroidal_24_vertical_coils,24,3,800.0,0.0,CCW,halfwave_opposed_ns,24.919,17.62,1.0,0.1075,0.0895,-0.4451,1.22,72.25,-2.09,148.76,349.58,4316.19,16.246,2.254,0.0,18.5,1.006,True,3
var12_toroidal_24_vertical_coils,24,3,800.0,600.0,CW,halfwave_opposed_ns,24.919,17.62,1.0,0.1075,0.0895,0.4451,1.22,72.25,2.351,148.76,349.58,4316.19,16.246,2.254,0.0,18.5,1.029,True,3
var12_toroidal_24_vertical_coils,24,3,800.0,600.0,CCW,halfwave_opposed_ns,24.919,17.62,1.0,0.1075,0.0895,-0.4451,1.22,72.25,-2.351,148.76,349.58,4316.19,16.246,2.254,0.0,18.5,1.029,True,3
var12_toroidal_24_vertical_coils,24,3,800.0,1200.0,CW,halfwave_opposed_ns,24.919,17.62,1.0,0.1075,0.0895,0.4451,1.22,72.25,2.612,148.76,349.58,4316.19,16.246,2.254,0.0,18.5,1.051,True,3
var12_toroidal_24_vertical_coils,24,3,800.0,1200.0,CCW,halfwave_opposed_ns,24.919,17.62,1.0,0.1075,0.0895,-0.4451,1.22,72.25,-2.612,148.76,349.58,4316.19,16.246,2.254,0.0,18.5,1.051,True,3
var12_toroidal_24_vertical_coils,24,3,800.0,2400.0,CW,halfwave_opposed_ns,24.919,17.62,1.0,0.1075,0.0895,0.4451,1.22,72.25,3.135,148.76,349.58,4316.19,16.246,2.254,0.0,18.5,1.097,True,3
var12_toroidal_24_vertical_coils,24,3,800.0,2400.0,CCW,halfwave_opposed_ns,24.919,17.62,1.0,0.1075,0.0895,-0.4451,1.22,72.25,-3.135,148.76,349.58,4316.19,16.246,2.254,0.0,18.5,1.097,True,3
var12_toroidal_24_vertical_coils,24,3,1000.0,0.0,CW,halfwave_opposed_ns,24.877,17.591,1.0,0.1075,0.0896,0.4451,1.22,72.25,2.083,148.23,348.33,5386.2,16.206,2.294,0.0,18.5,1.042,True,3
var12_toroidal_24_vertical_coils,24,3,1000.0,0.0,CCW,halfwave_opposed_ns,24.877,17.591,1.0,0.1075,0.0896,-0.4451,1.22,72.25,-2.083,148.23,348.33,5386.2,16.206,2.294,0.0,18.5,1.042,True,3
var12_toroidal_24_vertical_coils,24,3,1000.0,600.0,CW,halfwave_opposed_ns,24.877,17.591,1.0,0.1075,0.0896,0.4451,1.22,72.25,2.343,148.23,348.33,5386.2,16.206,2.294,0.0,18.5,1.065,True,3
var12_toroidal_24_vertical_coils,24,3,1000.0,600.0,CCW,halfwave_opposed_ns,24.877,17.591,1.0,0.1075,0.0896,-0.4451,1.22,72.25,-2.343,148.23,348.33,5386.2,16.206,2.294,0.0,18.5,1.065,True,3
var12_toroidal_24_vertical_coils,24,3,1000.0,1200.0,CW,halfwave_opposed_ns,24.877,17.591,1.0,0.1075,0.0896,0.4451,1.22,72.25,2.603,148.23,348.33,5386.2,16.206,2.294,0.0,18.5,1.087,True,3
var12_toroidal_24_vertical_coils,24,3,1000.0,1200.0,CCW,halfwave_opposed_ns,24.877,17.591,1.0,0.1075,0.0896,-0.4451,1.22,72.25,-2.603,148.23,348.33,5386.2,16.206,2.294,0.0,18.5,1.087,True,3
var12_toroidal_24_vertical_coils,24,3,1000.0,2400.0,CW,halfwave_opposed_ns,24.877,17.591,1.0,0.1075,0.0896,0.4451,1.22,72.25,3.124,148.23,348.33,5386.2,16.206,2.294,0.0,18.5,1.133,True,3
var12_toroidal_24_vertical_coils,24,3,1000.0,2400.0,CCW,halfwave_opposed_ns,24.877,17.591,1.0,0.1075,0.0896,-0.4451,1.22,72.25,-3.124,148.23,348.33,5386.2,16.206,2.294,0.0,18.5,1.133,True,3
var12_toroidal_24_vertical_coils,24,4,25.0,0.0,CW,halfwave_opposed_ns,25.409,17.967,1.0,0.0301,0.0251,0.9681,0.34,98.4,4.726,153.02,359.6,137.53,16.331,2.169,0.0,18.5,0.865,True,1
var12_toroidal_24_vertical_coils,24,4,25.0,0.0,CCW,halfwave_opposed_ns,25.409,17.967,1.0,0.0301,0.0251,-0.9681,0.34,98.4,-4.726,153.02,359.6,137.53,16.331,2.169,0.0,18.5,0.865,True,1
var12_toroidal_24_vertical_coils,24,4,25.0,600.0,CW,halfwave_opposed_ns,25.409,17.967,1.0,0.0312,0.026,0.9656,0.35,98.28,5.303,153.02,359.6,137.53,16.331,2.169,0.0,18.5,0.888,True,1
var12_toroidal_24_vertical_coils,24,4,25.0,600.0,CCW,halfwave_opposed_ns,25.409,17.967,1.0,0.0312,0.026,-0.9656,0.35,98.28,-5.303,153.02,359.6,137.53,16.331,2.169,0.0,18.5,0.888,True,1
var12_toroidal_24_vertical_coils,24,4,25.0,1200.0,CW,halfwave_opposed_ns,25.409,17.967,1.0,0.0323,0.0269,0.9631,0.37,98.15,5.877,153.02,359.6,137.53,16.331,2.169,0.0,18.5,0.91,True,1
var12_toroidal_24_vertical_coils,24,4,25.0,1200.0,CCW,halfwave_opposed_ns,25.409,17.967,1.0,0.0323,0.0269,-0.9631,0.37,98.15,-5.877,153.02,359.6,137.53,16.331,2.169,0.0,18.5,0.91,True,1
var12_toroidal_24_vertical_coils,24,4,25.0,2400.0,CW,halfwave_opposed_ns,25.409,17.967,1.0,0.0344,0.0287,0.9581,0.39,97.9,7.016,153.02,359.6,137.53,16.331,2.169,0.0,18.5,0.955,True,1
var12_toroidal_24_vertical_coils,24,4,25.0,2400.0,CCW,halfwave_opposed_ns,25.409,17.967,1.0,0.0344,0.0287,-0.9581,0.39,97.9,-7.016,153.02,359.6,137.53,16.331,2.169,0.0,18.5,0.955,True,1
var12_toroidal_24_vertical_coils,24,4,50.0,0.0,CW,halfwave_opposed_ns,26.011,18.392,1.0,0.0293,0.0244,0.9698,0.33,98.49,4.961,162.54,381.98,281.58,16.257,2.243,0.0,18.5,0.87,True,1
var12_toroidal_24_vertical_coils,24,4,50.0,0.0,CCW,halfwave_opposed_ns,26.011,18.392,1.0,0.0293,0.0244,-0.9698,0.33,98.49,-4.961,162.54,381.98,281.58,16.257,2.243,0.0,18.5,0.87,True,1
var12_toroidal_24_vertical_coils,24,4,50.0,600.0,CW,halfwave_opposed_ns,26.011,18.392,1.0,0.0304,0.0254,0.9673,0.34,98.36,5.567,162.54,381.98,281.58,16.257,2.243,0.0,18.5,0.892,True,1
var12_toroidal_24_vertical_coils,24,4,50.0,600.0,CCW,halfwave_opposed_ns,26.011,18.392,1.0,0.0304,0.0254,-0.9673,0.34,98.36,-5.567,162.54,381.98,281.58,16.257,2.243,0.0,18.5,0.892,True,1
var12_toroidal_24_vertical_coils,24,4,50.0,1200.0,CW,halfwave_opposed_ns,26.011,18.392,1.0,0.0316,0.0263,0.9648,0.36,98.24,6.17,162.54,381.98,281.58,16.257,2.243,0.0,18.5,0.915,True,1
var12_toroidal_24_vertical_coils,24,4,50.0,1200.0,CCW,halfwave_opposed_ns,26.011,18.392,1.0,0.0316,0.0263,-0.9648,0.36,98.24,-6.17,162.54,381.98,281.58,16.257,2.243,0.0,18.5,0.915,True,1
var12_toroidal_24_vertical_coils,24,4,50.0,2400.0,CW,halfwave_opposed_ns,26.011,18.392,1.0,0.0337,0.0281,0.9598,0.38,97.99,7.365,162.54,381.98,281.58,16.257,2.243,0.0,18.5,0.96,True,1
var12_toroidal_24_vertical_coils,24,4,50.0,2400.0,CCW,halfwave_opposed_ns,26.011,18.392,1.0,0.0337,0.0281,-0.9598,0.38,97.99,-7.365,162.54,381.98,281.58,16.257,2.243,0.0,18.5,0.96,True,1
var12_toroidal_24_vertical_coils,24,4,60.0,0.0,CW,halfwave_opposed_ns,26.377,18.651,1.0,0.0288,0.024,0.9709,0.33,98.54,5.108,168.51,396.0,342.65,16.212,2.288,0.0,18.5,0.872,True,1
var12_toroidal_24_vertical_coils,24,4,60.0,0.0,CCW,halfwave_opposed_ns,26.377,18.651,1.0,0.0288,0.024,-0.9709,0.33,98.54,-5.108,168.51,396.0,342.65,16.212,2.288,0.0,18.5,0.872,True,1
var12_toroidal_24_vertical_coils,24,4,60.0,600.0,CW,halfwave_opposed_ns,26.377,18.651,1.0,0.0299,0.025,0.9684,0.34,98.42,5.731,168.51,396.0,342.65,16.212,2.288,0.0,18.5,0.894,True,1
var12_toroidal_24_vertical_coils,24,4,60.0,600.0,CCW,halfwave_opposed_ns,26.377,18.651,1.0,0.0299,0.025,-0.9684,0.34,98.42,-5.731,168.51,396.0,342.65,16.212,2.288,0.0,18.5,0.894,True,1
var12_toroidal_24_vertical_coils,24,4,60.0,1200.0,CW,halfwave_opposed_ns,26.377,18.651,1.0,0.0311,0.0259,0.9659,0.35,98.29,6.352,168.51,396.0,342.65,16.212,2.288,0.0,18.5,0.917,True,1
var12_toroidal_24_vertical_coils,24,4,60.0,1200.0,CCW,halfwave_opposed_ns,26.377,18.651,1.0,0.0311,0.0259,-0.9659,0.35,98.29,-6.352,168.51,396.0,342.65,16.212,2.288,0.0,18.5,0.917,True,1
var12_toroidal_24_vertical_coils,24,4,60.0,2400.0,CW,halfwave_opposed_ns,26.377,18.651,1.0,0.0332,0.0277,0.9609,0.38,98.04,7.582,168.51,396.0,342.65,16.212,2.288,0.0,18.5,0.962,True,1
var12_toroidal_24_vertical_coils,24,4,60.0,2400.0,CCW,halfwave_opposed_ns,26.377,18.651,1.0,0.0332,0.0277,-0.9609,0.38,98.04,-7.582,168.51,396.0,342.65,16.212,2.288,0.0,18.5,0.962,True,1
var12_toroidal_24_vertical_coils,24,4,100.0,0.0,CW,halfwave_opposed_ns,28.806,20.369,1.0,0.0252,0.021,0.9778,0.28,98.89,6.135,211.62,497.3,623.68,15.928,2.572,0.0,18.5,0.879,True,1
var12_toroidal_24_vertical_coils,24,4,100.0,0.0,CCW,halfwave_opposed_ns,28.806,20.369,1.0,0.0252,0.021,-0.9778,0.28,98.89,-6.135,211.62,497.3,623.68,15.928,2.572,0.0,18.5,0.879,True,1
var12_toroidal_24_vertical_coils,24,4,100.0,600.0,CW,halfwave_opposed_ns,28.806,20.369,1.0,0.0265,0.0221,0.9753,0.3,98.76,6.884,211.62,497.3,623.68,15.928,2.572,0.0,18.5,0.901,True,1
var12_toroidal_24_vertical_coils,24,4,100.0,600.0,CCW,halfwave_opposed_ns,28.806,20.369,1.0,0.0265,0.0221,-0.9753,0.3,98.76,-6.884,211.62,497.3,623.68,15.928,2.572,0.0,18.5,0.901,True,1
var12_toroidal_24_vertical_coils,24,4,100.0,1200.0,CW,halfwave_opposed_ns,28.806,20.369,1.0,0.0278,0.0232,0.9728,0.31,98.64,7.63,211.62,497.3,623.68,15.928,2.572,0.0,18.5,0.924,True,1
var12_toroidal_24_vertical_coils,24,4,100.0,1200.0,CCW,halfwave_opposed_ns,28.806,20.369,1.0,0.0278,0.0232,-0.9728,0.31,98.64,-7.63,211.62,497.3,623.68,15.928,2.572,0.0,18.5,0.924,True,1
var12_toroidal_24_vertical_coils,24,4,100.0,2400.0,CW,halfwave_opposed_ns,28.806,20.369,1.0,0.0302,0.0252,0.9678,0.34,98.39,9.108,211.62,497.3,623.68,15.928,2.572,0.0,18.5,0.969,True,1
var12_toroidal_24_vertical_coils,24,4,100.0,2400.0,CCW,halfwave_opposed_ns,28.806,20.369,1.0,0.0302,0.0252,-0.9678,0.34,98.39,-9.108,211.62,497.3,623.68,15.928,2.572,0.0,18.5,0.969,True,1
var12_toroidal_24_vertical_coils,24,4,120.0,0.0,CW,halfwave_opposed_ns,29.591,20.924,1.0,0.0239,0.0199,0.98,0.27,99.0,6.489,226.91,533.24,768.83,15.836,2.664,0.0,18.5,0.882,True,1
var12_toroidal_24_vertical_coils,24,4,120.0,0.0,CCW,halfwave_opposed_ns,29.591,20.924,1.0,0.0239,0.0199,-0.98,0.27,99.0,-6.489,226.91,533.24,768.83,15.836,2.664,0.0,18.5,0.882,True,1
var12_toroidal_24_vertical_coils,24,4,120.0,600.0,CW,halfwave_opposed_ns,29.591,20.924,1.0,0.0253,0.0211,0.9775,0.29,98.88,7.281,226.91,533.24,768.83,15.836,2.664,0.0,18.5,0.905,True,1
var12_toroidal_24_vertical_coils,24,4,120.0,600.0,CCW,halfwave_opposed_ns,29.591,20.924,1.0,0.0253,0.0211,-0.9775,0.29,98.88,-7.281,226.91,533.24,768.83,15.836,2.664,0.0,18.5,0.905,True,1
var12_toroidal_24_vertical_coils,24,4,120.0,1200.0,CW,halfwave_opposed_ns,29.591,20.924,1.0,0.0267,0.0222,0.975,0.3,98.75,8.07,226.91,533.24,768.83,15.836,2.664,0.0,18.5,0.927,True,1
var12_toroidal_24_vertical_coils,24,4,120.0,1200.0,CCW,halfwave_opposed_ns,29.591,20.924,1.0,0.0267,0.0222,-0.975,0.3,98.75,-8.07,226.91,533.24,768.83,15.836,2.664,0.0,18.5,0.927,True,1
var12_toroidal_24_vertical_coils,24,4,120.0,2400.0,CW,halfwave_opposed_ns,29.591,20.924,1.0,0.0292,0.0243,0.97,0.33,98.5,9.634,226.91,533.24,768.83,15.836,2.664,0.0,18.5,0.972,True,1
var12_toroidal_24_vertical_coils,24,4,120.0,2400.0,CCW,halfwave_opposed_ns,29.591,20.924,1.0,0.0292,0.0243,-0.97,0.33,98.5,-9.634,226.91,533.24,768.83,15.836,2.664,0.0,18.5,0.972,True,1
var12_toroidal_24_vertical_coils,24,4,150.0,0.0,CW,halfwave_opposed_ns,28.091,19.863,1.0,0.0262,0.0219,0.9758,0.3,98.79,5.823,198.34,466.09,912.32,15.998,2.502,0.0,18.5,0.888,True,1
var12_toroidal_24_vertical_coils,24,4,150.0,0.0,CCW,halfwave_opposed_ns,28.091,19.863,1.0,0.0262,0.0219,-0.9758,0.3,98.79,-5.823,198.34,466.09,912.32,15.998,2.502,0.0,18.5,0.888,True,1
var12_toroidal_24_vertical_coils,24,4,150.0,600.0,CW,halfwave_opposed_ns,28.091,19.863,1.0,0.0276,0.023,0.9733,0.31,98.66,6.534,198.34,466.09,912.32,15.998,2.502,0.0,18.5,0.91,True,1
var12_toroidal_24_vertical_coils,24,4,150.0,600.0,CCW,halfwave_opposed_ns,28.091,19.863,1.0,0.0276,0.023,-0.9733,0.31,98.66,-6.534,198.34,466.09,912.32,15.998,2.502,0.0,18.5,0.91,True,1
var12_toroidal_24_vertical_coils,24,4,150.0,1200.0,CW,halfwave_opposed_ns,28.091,19.863,1.0,0.0288,0.024,0.9708,0.33,98.54,7.241,198.34,466.09,912.32,15.998,2.502,0.0,18.5,0.933,True,1
var12_toroidal_24_vertical_coils,24,4,150.0,1200.0,CCW,halfwave_opposed_ns,28.091,19.863,1.0,0.0288,0.024,-0.9708,0.33,98.54,-7.241,198.34,466.09,912.32,15.998,2.502,0.0,18.5,0.933,True,1
var12_toroidal_24_vertical_coils,24,4,150.0,2400.0,CW,halfwave_opposed_ns,28.091,19.863,1.0,0.0311,0.0259,0.9658,0.35,98.29,8.644,198.34,466.09,912.32,15.998,2.502,0.0,18.5,0.978,True,1
var12_toroidal_24_vertical_coils,24,4,150.0,2400.0,CCW,halfwave_opposed_ns,28.091,19.863,1.0,0.0311,0.0259,-0.9658,0.35,98.29,-8.644,198.34,466.09,912.32,15.998,2.502,0.0,18.5,0.978,True,1
var12_toroidal_24_vertical_coils,24,4,200.0,0.0,CW,halfwave_opposed_ns,25.7,18.173,1.0,0.0297,0.0247,0.969,0.34,98.45,4.839,157.67,370.53,1112.88,16.26,2.24,0.0,18.5,0.897,True,1
var12_toroidal_24_vertical_coils,24,4,200.0,0.0,CCW,halfwave_opposed_ns,25.7,18.173,1.0,0.0297,0.0247,-0.969,0.34,98.45,-4.839,157.67,370.53,1112.88,16.26,2.24,0.0,18.5,0.897,True,1
var12_toroidal_24_vertical_coils,24,4,200.0,600.0,CW,halfwave_opposed_ns,25.7,18.173,1.0,0.0308,0.0257,0.9665,0.35,98.32,5.43,157.67,370.53,1112.88,16.26,2.24,0.0,18.5,0.919,True,1
var12_toroidal_24_vertical_coils,24,4,200.0,600.0,CCW,halfwave_opposed_ns,25.7,18.173,1.0,0.0308,0.0257,-0.9665,0.35,98.32,-5.43,157.67,370.53,1112.88,16.26,2.24,0.0,18.5,0.919,True,1
var12_toroidal_24_vertical_coils,24,4,200.0,1200.0,CW,halfwave_opposed_ns,25.7,18.173,1.0,0.0319,0.0266,0.964,0.36,98.2,6.018,157.67,370.53,1112.88,16.26,2.24,0.0,18.5,0.942,True,1
var12_toroidal_24_vertical_coils,24,4,200.0,1200.0,CCW,halfwave_opposed_ns,25.7,18.173,1.0,0.0319,0.0266,-0.964,0.36,98.2,-6.018,157.67,370.53,1112.88,16.26,2.24,0.0,18.5,0.942,True,1
var12_toroidal_24_vertical_coils,24,4,200.0,2400.0,CW,halfwave_opposed_ns,25.7,18.173,1.0,0.034,0.0284,0.959,0.38,97.95,7.184,157.67,370.53,1112.88,16.26,2.24,0.0,18.5,0.987,True,1
var12_toroidal_24_vertical_coils,24,4,200.0,2400.0,CCW,halfwave_opposed_ns,25.7,18.173,1.0,0.034,0.0284,-0.959,0.38,97.95,-7.184,157.67,370.53,1112.88,16.26,2.24,0.0,18.5,0.987,True,1
var12_toroidal_24_vertical_coils,24,4,400.0,0.0,CW,halfwave_opposed_ns,24.449,17.288,1.0,0.0313,0.0261,0.9654,0.35,98.27,4.364,138.78,326.13,2117.43,16.361,2.139,0.0,18.5,0.933,True,1
var12_toroidal_24_vertical_coils,24,4,400.0,0.0,CCW,halfwave_opposed_ns,24.449,17.288,1.0,0.0313,0.0261,-0.9654,0.35,98.27,-4.364,138.78,326.13,2117.43,16.361,2.139,0.0,18.5,0.933,True,1
var12_toroidal_24_vertical_coils,24,4,400.0,600.0,CW,halfwave_opposed_ns,24.449,17.288,1.0,0.0324,0.027,0.9629,0.37,98.15,4.897,138.78,326.13,2117.43,16.361,2.139,0.0,18.5,0.955,True,1
var12_toroidal_24_vertical_coils,24,4,400.0,600.0,CCW,halfwave_opposed_ns,24.449,17.288,1.0,0.0324,0.027,-0.9629,0.37,98.15,-4.897,138.78,326.13,2117.43,16.361,2.139,0.0,18.5,0.955,True,1
var12_toroidal_24_vertical_coils,24,4,400.0,1200.0,CW,halfwave_opposed_ns,24.449,17.288,1.0,0.0334,0.0279,0.9604,0.38,98.02,5.427,138.78,326.13,2117.43,16.361,2.139,0.0,18.5,0.978,True,1
var12_toroidal_24_vertical_coils,24,4,400.0,1200.0,CCW,halfwave_opposed_ns,24.449,17.288,1.0,0.0334,0.0279,-0.9604,0.38,98.02,-5.427,138.78,326.13,2117.43,16.361,2.139,0.0,18.5,0.978,True,1
var12_toroidal_24_vertical_coils,24,4,400.0,2400.0,CW,halfwave_opposed_ns,24.449,17.288,1.0,0.0354,0.0295,0.9554,0.4,97.77,6.478,138.78,326.13,2117.43,16.361,2.139,0.0,18.5,1.023,True,1
var12_toroidal_24_vertical_coils,24,4,400.0,2400.0,CCW,halfwave_opposed_ns,24.449,17.288,1.0,0.0354,0.0295,-0.9554,0.4,97.77,-6.478,138.78,326.13,2117.43,16.361,2.139,0.0,18.5,1.023,True,1
var12_toroidal_24_vertical_coils,24,4,800.0,0.0,CW,halfwave_opposed_ns,24.269,17.161,1.0,0.0314,0.0262,0.9651,0.36,98.25,4.298,136.35,320.43,4203.62,16.295,2.205,0.0,18.5,1.005,True,1
var12_toroidal_24_vertical_coils,24,4,800.0,0.0,CCW,halfwave_opposed_ns,24.269,17.161,1.0,0.0314,0.0262,-0.9651,0.36,98.25,-4.298,136.35,320.43,4203.62,16.295,2.205,0.0,18.5,1.005,True,1
var12_toroidal_24_vertical_coils,24,4,800.0,600.0,CW,halfwave_opposed_ns,24.269,17.161,1.0,0.0325,0.0271,0.9626,0.37,98.13,4.823,136.35,320.43,4203.62,16.295,2.205,0.0,18.5,1.027,True,1
var12_toroidal_24_vertical_coils,24,4,800.0,600.0,CCW,halfwave_opposed_ns,24.269,17.161,1.0,0.0325,0.0271,-0.9626,0.37,98.13,-4.823,136.35,320.43,4203.62,16.295,2.205,0.0,18.5,1.027,True,1
var12_toroidal_24_vertical_coils,24,4,800.0,1200.0,CW,halfwave_opposed_ns,24.269,17.161,1.0,0.0336,0.028,0.9601,0.38,98.0,5.345,136.35,320.43,4203.62,16.295,2.205,0.0,18.5,1.05,True,1
var12_toroidal_24_vertical_coils,24,4,800.0,1200.0,CCW,halfwave_opposed_ns,24.269,17.161,1.0,0.0336,0.028,-0.9601,0.38,98.0,-5.345,136.35,320.43,4203.62,16.295,2.205,0.0,18.5,1.05,True,1
var12_toroidal_24_vertical_coils,24,4,800.0,2400.0,CW,halfwave_opposed_ns,24.269,17.161,1.0,0.0356,0.0296,0.9551,0.4,97.75,6.38,136.35,320.43,4203.62,16.295,2.205,0.0,18.5,1.095,True,1
var12_toroidal_24_vertical_coils,24,4,800.0,2400.0,CCW,halfwave_opposed_ns,24.269,17.161,1.0,0.0356,0.0296,-0.9551,0.4,97.75,-6.38,136.35,320.43,4203.62,16.295,2.205,0.0,18.5,1.095,True,1
var12_toroidal_24_vertical_coils,24,4,1000.0,0.0,CW,halfwave_opposed_ns,24.229,17.132,1.0,0.0315,0.0262,0.965,0.36,98.25,4.284,135.87,319.3,5245.89,16.257,2.243,0.0,18.5,1.041,True,1
var12_toroidal_24_vertical_coils,24,4,1000.0,0.0,CCW,halfwave_opposed_ns,24.229,17.132,1.0,0.0315,0.0262,-0.965,0.36,98.25,-4.284,135.87,319.3,5245.89,16.257,2.243,0.0,18.5,1.041,True,1
var12_toroidal_24_vertical_coils,24,4,1000.0,600.0,CW,halfwave_opposed_ns,24.229,17.132,1.0,0.0325,0.0271,0.9625,0.37,98.13,4.807,135.87,319.3,5245.89,16.257,2.243,0.0,18.5,1.063,True,1
var12_toroidal_24_vertical_coils,24,4,1000.0,600.0,CCW,halfwave_opposed_ns,24.229,17.132,1.0,0.0325,0.0271,-0.9625,0.37,98.13,-4.807,135.87,319.3,5245.89,16.257,2.243,0.0,18.5,1.063,True,1
var12_toroidal_24_vertical_coils,24,4,1000.0,1200.0,CW,halfwave_opposed_ns,24.229,17.132,1.0,0.0336,0.028,0.96,0.38,98.0,5.327,135.87,319.3,5245.89,16.257,2.243,0.0,18.5,1.086,True,1
var12_toroidal_24_vertical_coils,24,4,1000.0,1200.0,CCW,halfwave_opposed_ns,24.229,17.132,1.0,0.0336,0.028,-0.96,0.38,98.0,-5.327,135.87,319.3,5245.89,16.257,2.243,0.0,18.5,1.086,True,1
var12_toroidal_24_vertical_coils,24,4,1000.0,2400.0,CW,halfwave_opposed_ns,24.229,17.132,1.0,0.0356,0.0296,0.955,0.4,97.75,6.359,135.87,319.3,5245.89,16.257,2.243,0.0,18.5,1.131,True,1
var12_toroidal_24_vertical_coils,24,4,1000.0,2400.0,CCW,halfwave_opposed_ns,24.229,17.132,1.0,0.0356,0.0296,-0.955,0.4,97.75,-6.359,135.87,319.3,5245.89,16.257,2.243,0.0,18.5,1.131,True,1
var12_toroidal_24_vertical_coils,24,5,25.0,0.0,CW,halfwave_opposed_ns,25.409,17.967,1.0,0.0301,0.0251,0.9681,0.34,98.4,4.726,153.02,359.6,137.53,16.331,2.169,0.0,18.5,0.865,True,1
var12_toroidal_24_vertical_coils,24,5,25.0,0.0,CCW,halfwave_opposed_ns,25.409,17.967,1.0,0.0301,0.0251,-0.9681,0.34,98.4,-4.726,153.02,359.6,137.53,16.331,2.169,0.0,18.5,0.865,True,1
var12_toroidal_24_vertical_coils,24,5,25.0,600.0,CW,halfwave_opposed_ns,25.409,17.967,1.0,0.0312,0.026,0.9656,0.35,98.28,5.303,153.02,359.6,137.53,16.331,2.169,0.0,18.5,0.888,True,1
var12_toroidal_24_vertical_coils,24,5,25.0,600.0,CCW,halfwave_opposed_ns,25.409,17.967,1.0,0.0312,0.026,-0.9656,0.35,98.28,-5.303,153.02,359.6,137.53,16.331,2.169,0.0,18.5,0.888,True,1
var12_toroidal_24_vertical_coils,24,5,25.0,1200.0,CW,halfwave_opposed_ns,25.409,17.967,1.0,0.0323,0.0269,0.9631,0.37,98.15,5.877,153.02,359.6,137.53,16.331,2.169,0.0,18.5,0.91,True,1
var12_toroidal_24_vertical_coils,24,5,25.0,1200.0,CCW,halfwave_opposed_ns,25.409,17.967,1.0,0.0323,0.0269,-0.9631,0.37,98.15,-5.877,153.02,359.6,137.53,16.331,2.169,0.0,18.5,0.91,True,1
var12_toroidal_24_vertical_coils,24,5,25.0,2400.0,CW,halfwave_opposed_ns,25.409,17.967,1.0,0.0344,0.0287,0.9581,0.39,97.9,7.016,153.02,359.6,137.53,16.331,2.169,0.0,18.5,0.955,True,1
var12_toroidal_24_vertical_coils,24,5,25.0,2400.0,CCW,halfwave_opposed_ns,25.409,17.967,1.0,0.0344,0.0287,-0.9581,0.39,97.9,-7.016,153.02,359.6,137.53,16.331,2.169,0.0,18.5,0.955,True,1
var12_toroidal_24_vertical_coils,24,5,50.0,0.0,CW,halfwave_opposed_ns,26.011,18.392,1.0,0.0293,0.0244,0.9698,0.33,98.49,4.961,162.54,381.98,281.58,16.257,2.243,0.0,18.5,0.87,True,1
var12_toroidal_24_vertical_coils,24,5,50.0,0.0,CCW,halfwave_opposed_ns,26.011,18.392,1.0,0.0293,0.0244,-0.9698,0.33,98.49,-4.961,162.54,381.98,281.58,16.257,2.243,0.0,18.5,0.87,True,1
var12_toroidal_24_vertical_coils,24,5,50.0,600.0,CW,halfwave_opposed_ns,26.011,18.392,1.0,0.0304,0.0254,0.9673,0.34,98.36,5.567,162.54,381.98,281.58,16.257,2.243,0.0,18.5,0.892,True,1
var12_toroidal_24_vertical_coils,24,5,50.0,600.0,CCW,halfwave_opposed_ns,26.011,18.392,1.0,0.0304,0.0254,-0.9673,0.34,98.36,-5.567,162.54,381.98,281.58,16.257,2.243,0.0,18.5,0.892,True,1
var12_toroidal_24_vertical_coils,24,5,50.0,1200.0,CW,halfwave_opposed_ns,26.011,18.392,1.0,0.0316,0.0263,0.9648,0.36,98.24,6.17,162.54,381.98,281.58,16.257,2.243,0.0,18.5,0.915,True,1
var12_toroidal_24_vertical_coils,24,5,50.0,1200.0,CCW,halfwave_opposed_ns,26.011,18.392,1.0,0.0316,0.0263,-0.9648,0.36,98.24,-6.17,162.54,381.98,281.58,16.257,2.243,0.0,18.5,0.915,True,1
var12_toroidal_24_vertical_coils,24,5,50.0,2400.0,CW,halfwave_opposed_ns,26.011,18.392,1.0,0.0337,0.0281,0.9598,0.38,97.99,7.365,162.54,381.98,281.58,16.257,2.243,0.0,18.5,0.96,True,1
var12_toroidal_24_vertical_coils,24,5,50.0,2400.0,CCW,halfwave_opposed_ns,26.011,18.392,1.0,0.0337,0.0281,-0.9598,0.38,97.99,-7.365,162.54,381.98,281.58,16.257,2.243,0.0,18.5,0.96,True,1
var12_toroidal_24_vertical_coils,24,5,60.0,0.0,CW,halfwave_opposed_ns,26.377,18.651,1.0,0.0288,0.024,0.9709,0.33,98.54,5.108,168.51,396.0,342.65,16.212,2.288,0.0,18.5,0.872,True,1
var12_toroidal_24_vertical_coils,24,5,60.0,0.0,CCW,halfwave_opposed_ns,26.377,18.651,1.0,0.0288,0.024,-0.9709,0.33,98.54,-5.108,168.51,396.0,342.65,16.212,2.288,0.0,18.5,0.872,True,1
var12_toroidal_24_vertical_coils,24,5,60.0,600.0,CW,halfwave_opposed_ns,26.377,18.651,1.0,0.0299,0.025,0.9684,0.34,98.42,5.731,168.51,396.0,342.65,16.212,2.288,0.0,18.5,0.894,True,1
var12_toroidal_24_vertical_coils,24,5,60.0,600.0,CCW,halfwave_opposed_ns,26.377,18.651,1.0,0.0299,0.025,-0.9684,0.34,98.42,-5.731,168.51,396.0,342.65,16.212,2.288,0.0,18.5,0.894,True,1
var12_toroidal_24_vertical_coils,24,5,60.0,1200.0,CW,halfwave_opposed_ns,26.377,18.651,1.0,0.0311,0.0259,0.9659,0.35,98.29,6.352,168.51,396.0,342.65,16.212,2.288,0.0,18.5,0.917,True,1
var12_toroidal_24_vertical_coils,24,5,60.0,1200.0,CCW,halfwave_opposed_ns,26.377,18.651,1.0,0.0311,0.0259,-0.9659,0.35,98.29,-6.352,168.51,396.0,342.65,16.212,2.288,0.0,18.5,0.917,True,1
var12_toroidal_24_vertical_coils,24,5,60.0,2400.0,CW,halfwave_opposed_ns,26.377,18.651,1.0,0.0332,0.0277,0.9609,0.38,98.04,7.582,168.51,396.0,342.65,16.212,2.288,0.0,18.5,0.962,True,1
var12_toroidal_24_vertical_coils,24,5,60.0,2400.0,CCW,halfwave_opposed_ns,26.377,18.651,1.0,0.0332,0.0277,-0.9609,0.38,98.04,-7.582,168.51,396.0,342.65,16.212,2.288,0.0,18.5,0.962,True,1
var12_toroidal_24_vertical_coils,24,5,100.0,0.0,CW,halfwave_opposed_ns,28.806,20.369,1.0,0.0252,0.021,0.9778,0.28,98.89,6.135,211.62,497.3,623.68,15.928,2.572,0.0,18.5,0.879,True,1
var12_toroidal_24_vertical_coils,24,5,100.0,0.0,CCW,halfwave_opposed_ns,28.806,20.369,1.0,0.0252,0.021,-0.9778,0.28,98.89,-6.135,211.62,497.3,623.68,15.928,2.572,0.0,18.5,0.879,True,1
var12_toroidal_24_vertical_coils,24,5,100.0,600.0,CW,halfwave_opposed_ns,28.806,20.369,1.0,0.0265,0.0221,0.9753,0.3,98.76,6.884,211.62,497.3,623.68,15.928,2.572,0.0,18.5,0.901,True,1
var12_toroidal_24_vertical_coils,24,5,100.0,600.0,CCW,halfwave_opposed_ns,28.806,20.369,1.0,0.0265,0.0221,-0.9753,0.3,98.76,-6.884,211.62,497.3,623.68,15.928,2.572,0.0,18.5,0.901,True,1
var12_toroidal_24_vertical_coils,24,5,100.0,1200.0,CW,halfwave_opposed_ns,28.806,20.369,1.0,0.0278,0.0232,0.9728,0.31,98.64,7.63,211.62,497.3,623.68,15.928,2.572,0.0,18.5,0.924,True,1
var12_toroidal_24_vertical_coils,24,5,100.0,1200.0,CCW,halfwave_opposed_ns,28.806,20.369,1.0,0.0278,0.0232,-0.9728,0.31,98.64,-7.63,211.62,497.3,623.68,15.928,2.572,0.0,18.5,0.924,True,1
var12_toroidal_24_vertical_coils,24,5,100.0,2400.0,CW,halfwave_opposed_ns,28.806,20.369,1.0,0.0302,0.0252,0.9678,0.34,98.39,9.108,211.62,497.3,623.68,15.928,2.572,0.0,18.5,0.969,True,1
var12_toroidal_24_vertical_coils,24,5,100.0,2400.0,CCW,halfwave_opposed_ns,28.806,20.369,1.0,0.0302,0.0252,-0.9678,0.34,98.39,-9.108,211.62,497.3,623.68,15.928,2.572,0.0,18.5,0.969,True,1
var12_toroidal_24_vertical_coils,24,5,120.0,0.0,CW,halfwave_opposed_ns,29.591,20.924,1.0,0.0239,0.0199,0.98,0.27,99.0,6.489,226.91,533.24,768.83,15.836,2.664,0.0,18.5,0.882,True,1
var12_toroidal_24_vertical_coils,24,5,120.0,0.0,CCW,halfwave_opposed_ns,29.591,20.924,1.0,0.0239,0.0199,-0.98,0.27,99.0,-6.489,226.91,533.24,768.83,15.836,2.664,0.0,18.5,0.882,True,1
var12_toroidal_24_vertical_coils,24,5,120.0,600.0,CW,halfwave_opposed_ns,29.591,20.924,1.0,0.0253,0.0211,0.9775,0.29,98.88,7.281,226.91,533.24,768.83,15.836,2.664,0.0,18.5,0.905,True,1
var12_toroidal_24_vertical_coils,24,5,120.0,600.0,CCW,halfwave_opposed_ns,29.591,20.924,1.0,0.0253,0.0211,-0.9775,0.29,98.88,-7.281,226.91,533.24,768.83,15.836,2.664,0.0,18.5,0.905,True,1
var12_toroidal_24_vertical_coils,24,5,120.0,1200.0,CW,halfwave_opposed_ns,29.591,20.924,1.0,0.0267,0.0222,0.975,0.3,98.75,8.07,226.91,533.24,768.83,15.836,2.664,0.0,18.5,0.927,True,1
var12_toroidal_24_vertical_coils,24,5,120.0,1200.0,CCW,halfwave_opposed_ns,29.591,20.924,1.0,0.0267,0.0222,-0.975,0.3,98.75,-8.07,226.91,533.24,768.83,15.836,2.664,0.0,18.5,0.927,True,1
var12_toroidal_24_vertical_coils,24,5,120.0,2400.0,CW,halfwave_opposed_ns,29.591,20.924,1.0,0.0292,0.0243,0.97,0.33,98.5,9.634,226.91,533.24,768.83,15.836,2.664,0.0,18.5,0.972,True,1
var12_toroidal_24_vertical_coils,24,5,120.0,2400.0,CCW,halfwave_opposed_ns,29.591,20.924,1.0,0.0292,0.0243,-0.97,0.33,98.5,-9.634,226.91,533.24,768.83,15.836,2.664,0.0,18.5,0.972,True,1
var12_toroidal_24_vertical_coils,24,5,150.0,0.0,CW,halfwave_opposed_ns,28.091,19.863,1.0,0.0262,0.0219,0.9758,0.3,98.79,5.823,198.34,466.09,912.32,15.998,2.502,0.0,18.5,0.888,True,1
var12_toroidal_24_vertical_coils,24,5,150.0,0.0,CCW,halfwave_opposed_ns,28.091,19.863,1.0,0.0262,0.0219,-0.9758,0.3,98.79,-5.823,198.34,466.09,912.32,15.998,2.502,0.0,18.5,0.888,True,1
var12_toroidal_24_vertical_coils,24,5,150.0,600.0,CW,halfwave_opposed_ns,28.091,19.863,1.0,0.0276,0.023,0.9733,0.31,98.66,6.534,198.34,466.09,912.32,15.998,2.502,0.0,18.5,0.91,True,1
var12_toroidal_24_vertical_coils,24,5,150.0,600.0,CCW,halfwave_opposed_ns,28.091,19.863,1.0,0.0276,0.023,-0.9733,0.31,98.66,-6.534,198.34,466.09,912.32,15.998,2.502,0.0,18.5,0.91,True,1
var12_toroidal_24_vertical_coils,24,5,150.0,1200.0,CW,halfwave_opposed_ns,28.091,19.863,1.0,0.0288,0.024,0.9708,0.33,98.54,7.241,198.34,466.09,912.32,15.998,2.502,0.0,18.5,0.933,True,1
var12_toroidal_24_vertical_coils,24,5,150.0,1200.0,CCW,halfwave_opposed_ns,28.091,19.863,1.0,0.0288,0.024,-0.9708,0.33,98.54,-7.241,198.34,466.09,912.32,15.998,2.502,0.0,18.5,0.933,True,1
var12_toroidal_24_vertical_coils,24,5,150.0,2400.0,CW,halfwave_opposed_ns,28.091,19.863,1.0,0.0311,0.0259,0.9658,0.35,98.29,8.644,198.34,466.09,912.32,15.998,2.502,0.0,18.5,0.978,True,1
var12_toroidal_24_vertical_coils,24,5,150.0,2400.0,CCW,halfwave_opposed_ns,28.091,19.863,1.0,0.0311,0.0259,-0.9658,0.35,98.29,-8.644,198.34,466.09,912.32,15.998,2.502,0.0,18.5,0.978,True,1
var12_toroidal_24_vertical_coils,24,5,200.0,0.0,CW,halfwave_opposed_ns,25.7,18.173,1.0,0.0297,0.0247,0.969,0.34,98.45,4.839,157.67,370.53,1112.88,16.26,2.24,0.0,18.5,0.897,True,1
var12_toroidal_24_vertical_coils,24,5,200.0,0.0,CCW,halfwave_opposed_ns,25.7,18.173,1.0,0.0297,0.0247,-0.969,0.34,98.45,-4.839,157.67,370.53,1112.88,16.26,2.24,0.0,18.5,0.897,True,1
var12_toroidal_24_vertical_coils,24,5,200.0,600.0,CW,halfwave_opposed_ns,25.7,18.173,1.0,0.0308,0.0257,0.9665,0.35,98.32,5.43,157.67,370.53,1112.88,16.26,2.24,0.0,18.5,0.919,True,1
var12_toroidal_24_vertical_coils,24,5,200.0,600.0,CCW,halfwave_opposed_ns,25.7,18.173,1.0,0.0308,0.0257,-0.9665,0.35,98.32,-5.43,157.67,370.53,1112.88,16.26,2.24,0.0,18.5,0.919,True,1
var12_toroidal_24_vertical_coils,24,5,200.0,1200.0,CW,halfwave_opposed_ns,25.7,18.173,1.0,0.0319,0.0266,0.964,0.36,98.2,6.018,157.67,370.53,1112.88,16.26,2.24,0.0,18.5,0.942,True,1
var12_toroidal_24_vertical_coils,24,5,200.0,1200.0,CCW,halfwave_opposed_ns,25.7,18.173,1.0,0.0319,0.0266,-0.964,0.36,98.2,-6.018,157.67,370.53,1112.88,16.26,2.24,0.0,18.5,0.942,True,1
var12_toroidal_24_vertical_coils,24,5,200.0,2400.0,CW,halfwave_opposed_ns,25.7,18.173,1.0,0.034,0.0284,0.959,0.38,97.95,7.184,157.67,370.53,1112.88,16.26,2.24,0.0,18.5,0.987,True,1
var12_toroidal_24_vertical_coils,24,5,200.0,2400.0,CCW,halfwave_opposed_ns,25.7,18.173,1.0,0.034,0.0284,-0.959,0.38,97.95,-7.184,157.67,370.53,1112.88,16.26,2.24,0.0,18.5,0.987,True,1
var12_toroidal_24_vertical_coils,24,5,400.0,0.0,CW,halfwave_opposed_ns,24.449,17.288,1.0,0.0313,0.0261,0.9654,0.35,98.27,4.364,138.78,326.13,2117.43,16.361,2.139,0.0,18.5,0.933,True,1
var12_toroidal_24_vertical_coils,24,5,400.0,0.0,CCW,halfwave_opposed_ns,24.449,17.288,1.0,0.0313,0.0261,-0.9654,0.35,98.27,-4.364,138.78,326.13,2117.43,16.361,2.139,0.0,18.5,0.933,True,1
var12_toroidal_24_vertical_coils,24,5,400.0,600.0,CW,halfwave_opposed_ns,24.449,17.288,1.0,0.0324,0.027,0.9629,0.37,98.15,4.897,138.78,326.13,2117.43,16.361,2.139,0.0,18.5,0.955,True,1
var12_toroidal_24_vertical_coils,24,5,400.0,600.0,CCW,halfwave_opposed_ns,24.449,17.288,1.0,0.0324,0.027,-0.9629,0.37,98.15,-4.897,138.78,326.13,2117.43,16.361,2.139,0.0,18.5,0.955,True,1
var12_toroidal_24_vertical_coils,24,5,400.0,1200.0,CW,halfwave_opposed_ns,24.449,17.288,1.0,0.0334,0.0279,0.9604,0.38,98.02,5.427,138.78,326.13,2117.43,16.361,2.139,0.0,18.5,0.978,True,1
var12_toroidal_24_vertical_coils,24,5,400.0,1200.0,CCW,halfwave_opposed_ns,24.449,17.288,1.0,0.0334,0.0279,-0.9604,0.38,98.02,-5.427,138.78,326.13,2117.43,16.361,2.139,0.0,18.5,0.978,True,1
var12_toroidal_24_vertical_coils,24,5,400.0,2400.0,CW,halfwave_opposed_ns,24.449,17.288,1.0,0.0354,0.0295,0.9554,0.4,97.77,6.478,138.78,326.13,2117.43,16.361,2.139,0.0,18.5,1.023,True,1
var12_toroidal_24_vertical_coils,24,5,400.0,2400.0,CCW,halfwave_opposed_ns,24.449,17.288,1.0,0.0354,0.0295,-0.9554,0.4,97.77,-6.478,138.78,326.13,2117.43,16.361,2.139,0.0,18.5,1.023,True,1
var12_toroidal_24_vertical_coils,24,5,800.0,0.0,CW,halfwave_opposed_ns,24.269,17.161,1.0,0.0314,0.0262,0.9651,0.36,98.25,4.298,136.35,320.43,4203.62,16.295,2.205,0.0,18.5,1.005,True,1
var12_toroidal_24_vertical_coils,24,5,800.0,0.0,CCW,halfwave_opposed_ns,24.269,17.161,1.0,0.0314,0.0262,-0.9651,0.36,98.25,-4.298,136.35,320.43,4203.62,16.295,2.205,0.0,18.5,1.005,True,1
var12_toroidal_24_vertical_coils,24,5,800.0,600.0,CW,halfwave_opposed_ns,24.269,17.161,1.0,0.0325,0.0271,0.9626,0.37,98.13,4.823,136.35,320.43,4203.62,16.295,2.205,0.0,18.5,1.027,True,1
var12_toroidal_24_vertical_coils,24,5,800.0,600.0,CCW,halfwave_opposed_ns,24.269,17.161,1.0,0.0325,0.0271,-0.9626,0.37,98.13,-4.823,136.35,320.43,4203.62,16.295,2.205,0.0,18.5,1.027,True,1
var12_toroidal_24_vertical_coils,24,5,800.0,1200.0,CW,halfwave_opposed_ns,24.269,17.161,1.0,0.0336,0.028,0.9601,0.38,98.0,5.345,136.35,320.43,4203.62,16.295,2.205,0.0,18.5,1.05,True,1
var12_toroidal_24_vertical_coils,24,5,800.0,1200.0,CCW,halfwave_opposed_ns,24.269,17.161,1.0,0.0336,0.028,-0.9601,0.38,98.0,-5.345,136.35,320.43,4203.62,16.295,2.205,0.0,18.5,1.05,True,1
var12_toroidal_24_vertical_coils,24,5,800.0,2400.0,CW,halfwave_opposed_ns,24.269,17.161,1.0,0.0356,0.0296,0.9551,0.4,97.75,6.38,136.35,320.43,4203.62,16.295,2.205,0.0,18.5,1.095,True,1
var12_toroidal_24_vertical_coils,24,5,800.0,2400.0,CCW,halfwave_opposed_ns,24.269,17.161,1.0,0.0356,0.0296,-0.9551,0.4,97.75,-6.38,136.35,320.43,4203.62,16.295,2.205,0.0,18.5,1.095,True,1
var12_toroidal_24_vertical_coils,24,5,1000.0,0.0,CW,halfwave_opposed_ns,24.229,17.132,1.0,0.0315,0.0262,0.965,0.36,98.25,4.284,135.87,319.3,5245.89,16.257,2.243,0.0,18.5,1.041,True,1
var12_toroidal_24_vertical_coils,24,5,1000.0,0.0,CCW,halfwave_opposed_ns,24.229,17.132,1.0,0.0315,0.0262,-0.965,0.36,98.25,-4.284,135.87,319.3,5245.89,16.257,2.243,0.0,18.5,1.041,True,1
var12_toroidal_24_vertical_coils,24,5,1000.0,600.0,CW,halfwave_opposed_ns,24.229,17.132,1.0,0.0325,0.0271,0.9625,0.37,98.13,4.807,135.87,319.3,5245.89,16.257,2.243,0.0,18.5,1.063,True,1
var12_toroidal_24_vertical_coils,24,5,1000.0,600.0,CCW,halfwave_opposed_ns,24.229,17.132,1.0,0.0325,0.0271,-0.9625,0.37,98.13,-4.807,135.87,319.3,5245.89,16.257,2.243,0.0,18.5,1.063,True,1
var12_toroidal_24_vertical_coils,24,5,1000.0,1200.0,CW,halfwave_opposed_ns,24.229,17.132,1.0,0.0336,0.028,0.96,0.38,98.0,5.327,135.87,319.3,5245.89,16.257,2.243,0.0,18.5,1.086,True,1
var12_toroidal_24_vertical_coils,24,5,1000.0,1200.0,CCW,halfwave_opposed_ns,24.229,17.132,1.0,0.0336,0.028,-0.96,0.38,98.0,-5.327,135.87,319.3,5245.89,16.257,2.243,0.0,18.5,1.086,True,1
var12_toroidal_24_vertical_coils,24,5,1000.0,2400.0,CW,halfwave_opposed_ns,24.229,17.132,1.0,0.0356,0.0296,0.955,0.4,97.75,6.359,135.87,319.3,5245.89,16.257,2.243,0.0,18.5,1.131,True,1
var12_toroidal_24_vertical_coils,24,5,1000.0,2400.0,CCW,halfwave_opposed_ns,24.229,17.132,1.0,0.0356,0.0296,-0.955,0.4,97.75,-6.359,135.87,319.3,5245.89,16.257,2.243,0.0,18.5,1.131,True,1
var12_toroidal_24_vertical_coils,24,6,25.0,0.0,CW,halfwave_opposed_ns,26.09,18.448,1.0,0.1072,0.0893,0.4491,1.22,72.45,2.311,166.95,392.34,141.22,16.282,2.218,0.0,18.5,0.867,True,3
var12_toroidal_24_vertical_coils,24,6,25.0,0.0,CCW,halfwave_opposed_ns,26.09,18.448,1.0,0.1072,0.0893,-0.4491,1.22,72.45,-2.311,166.95,392.34,141.22,16.282,2.218,0.0,18.5,0.867,True,3
var12_toroidal_24_vertical_coils,24,6,25.0,600.0,CW,halfwave_opposed_ns,26.09,18.448,1.0,0.1072,0.0893,0.4491,1.22,72.45,2.6,166.95,392.34,141.22,16.282,2.218,0.0,18.5,0.889,True,3
var12_toroidal_24_vertical_coils,24,6,25.0,600.0,CCW,halfwave_opposed_ns,26.09,18.448,1.0,0.1072,0.0893,-0.4491,1.22,72.45,-2.6,166.95,392.34,141.22,16.282,2.218,0.0,18.5,0.889,True,3
var12_toroidal_24_vertical_coils,24,6,25.0,1200.0,CW,halfwave_opposed_ns,26.09,18.448,1.0,0.1072,0.0893,0.4491,1.22,72.45,2.889,166.95,392.34,141.22,16.282,2.218,0.0,18.5,0.912,True,3
var12_toroidal_24_vertical_coils,24,6,25.0,1200.0,CCW,halfwave_opposed_ns,26.09,18.448,1.0,0.1072,0.0893,-0.4491,1.22,72.45,-2.889,166.95,392.34,141.22,16.282,2.218,0.0,18.5,0.912,True,3
var12_toroidal_24_vertical_coils,24,6,25.0,2400.0,CW,halfwave_opposed_ns,26.09,18.448,1.0,0.1072,0.0893,0.4491,1.22,72.45,3.467,166.95,392.34,141.22,16.282,2.218,0.0,18.5,0.957,True,3
var12_toroidal_24_vertical_coils,24,6,25.0,2400.0,CCW,halfwave_opposed_ns,26.09,18.448,1.0,0.1072,0.0893,-0.4491,1.22,72.45,-3.467,166.95,392.34,141.22,16.282,2.218,0.0,18.5,0.957,True,3
var12_toroidal_24_vertical_coils,24,6,50.0,0.0,CW,halfwave_opposed_ns,26.706,18.884,1.0,0.1071,0.0892,0.4514,1.22,72.57,2.434,177.32,416.7,289.11,16.206,2.294,0.0,18.5,0.871,True,3
var12_toroidal_24_vertical_coils,24,6,50.0,0.0,CCW,halfwave_opposed_ns,26.706,18.884,1.0,0.1071,0.0892,-0.4514,1.22,72.57,-2.434,177.32,416.7,289.11,16.206,2.294,0.0,18.5,0.871,True,3
var12_toroidal_24_vertical_coils,24,6,50.0,600.0,CW,halfwave_opposed_ns,26.706,18.884,1.0,0.1071,0.0892,0.4514,1.22,72.57,2.739,177.32,416.7,289.11,16.206,2.294,0.0,18.5,0.894,True,3
var12_toroidal_24_vertical_coils,24,6,50.0,600.0,CCW,halfwave_opposed_ns,26.706,18.884,1.0,0.1071,0.0892,-0.4514,1.22,72.57,-2.739,177.32,416.7,289.11,16.206,2.294,0.0,18.5,0.894,True,3
var12_toroidal_24_vertical_coils,24,6,50.0,1200.0,CW,halfwave_opposed_ns,26.706,18.884,1.0,0.1071,0.0892,0.4514,1.22,72.57,3.043,177.32,416.7,289.11,16.206,2.294,0.0,18.5,0.916,True,3
var12_toroidal_24_vertical_coils,24,6,50.0,1200.0,CCW,halfwave_opposed_ns,26.706,18.884,1.0,0.1071,0.0892,-0.4514,1.22,72.57,-3.043,177.32,416.7,289.11,16.206,2.294,0.0,18.5,0.916,True,3
var12_toroidal_24_vertical_coils,24,6,50.0,2400.0,CW,halfwave_opposed_ns,26.706,18.884,1.0,0.1071,0.0892,0.4514,1.22,72.57,3.652,177.32,416.7,289.11,16.206,2.294,0.0,18.5,0.961,True,3
var12_toroidal_24_vertical_coils,24,6,50.0,2400.0,CCW,halfwave_opposed_ns,26.706,18.884,1.0,0.1071,0.0892,-0.4514,1.22,72.57,-3.652,177.32,416.7,289.11,16.206,2.294,0.0,18.5,0.961,True,3
var12_toroidal_24_vertical_coils,24,6,60.0,0.0,CW,halfwave_opposed_ns,27.081,19.149,1.0,0.107,0.0892,0.4528,1.22,72.64,2.511,183.82,431.97,351.81,16.161,2.339,0.0,18.5,0.873,True,3
var12_toroidal_24_vertical_coils,24,6,60.0,0.0,CCW,halfwave_opposed_ns,27.081,19.149,1.0,0.107,0.0892,-0.4528,1.22,72.64,-2.511,183.82,431.97,351.81,16.161,2.339,0.0,18.5,0.873,True,3
var12_toroidal_24_vertical_coils,24,6,60.0,600.0,CW,halfwave_opposed_ns,27.081,19.149,1.0,0.107,0.0892,0.4528,1.22,72.64,2.825,183.82,431.97,351.81,16.161,2.339,0.0,18.5,0.896,True,3
var12_toroidal_24_vertical_coils,24,6,60.0,600.0,CCW,halfwave_opposed_ns,27.081,19.149,1.0,0.107,0.0892,-0.4528,1.22,72.64,-2.825,183.82,431.97,351.81,16.161,2.339,0.0,18.5,0.896,True,3
var12_toroidal_24_vertical_coils,24,6,60.0,1200.0,CW,halfwave_opposed_ns,27.081,19.149,1.0,0.107,0.0892,0.4528,1.22,72.64,3.139,183.82,431.97,351.81,16.161,2.339,0.0,18.5,0.918,True,3
var12_toroidal_24_vertical_coils,24,6,60.0,1200.0,CCW,halfwave_opposed_ns,27.081,19.149,1.0,0.107,0.0892,-0.4528,1.22,72.64,-3.139,183.82,431.97,351.81,16.161,2.339,0.0,18.5,0.918,True,3
var12_toroidal_24_vertical_coils,24,6,60.0,2400.0,CW,halfwave_opposed_ns,27.081,19.149,1.0,0.107,0.0892,0.4528,1.22,72.64,3.767,183.82,431.97,351.81,16.161,2.339,0.0,18.5,0.963,True,3
var12_toroidal_24_vertical_coils,24,6,60.0,2400.0,CCW,halfwave_opposed_ns,27.081,19.149,1.0,0.107,0.0892,-0.4528,1.22,72.64,-3.767,183.82,431.97,351.81,16.161,2.339,0.0,18.5,0.963,True,3
var12_toroidal_24_vertical_coils,24,6,100.0,0.0,CW,halfwave_opposed_ns,29.568,20.908,1.0,0.1064,0.0887,0.462,1.21,73.1,3.055,230.73,542.22,640.2,15.87,2.63,0.0,18.5,0.88,True,3
var12_toroidal_24_vertical_coils,24,6,100.0,0.0,CCW,halfwave_opposed_ns,29.568,20.908,1.0,0.1064,0.0887,-0.462,1.21,73.1,-3.055,230.73,542.22,640.2,15.87,2.63,0.0,18.5,0.88,True,3
var12_toroidal_24_vertical_coils,24,6,100.0,600.0,CW,halfwave_opposed_ns,29.568,20.908,1.0,0.1064,0.0887,0.462,1.21,73.1,3.436,230.73,542.22,640.2,15.87,2.63,0.0,18.5,0.903,True,3
var12_toroidal_24_vertical_coils,24,6,100.0,600.0,CCW,halfwave_opposed_ns,29.568,20.908,1.0,0.1064,0.0887,-0.462,1.21,73.1,-3.436,230.73,542.22,640.2,15.87,2.63,0.0,18.5,0.903,True,3
var12_toroidal_24_vertical_coils,24,6,100.0,1200.0,CW,halfwave_opposed_ns,29.568,20.908,1.0,0.1064,0.0887,0.462,1.21,73.1,3.818,230.73,542.22,640.2,15.87,2.63,0.0,18.5,0.925,True,3
var12_toroidal_24_vertical_coils,24,6,100.0,1200.0,CCW,halfwave_opposed_ns,29.568,20.908,1.0,0.1064,0.0887,-0.462,1.21,73.1,-3.818,230.73,542.22,640.2,15.87,2.63,0.0,18.5,0.925,True,3
var12_toroidal_24_vertical_coils,24,6,100.0,2400.0,CW,halfwave_opposed_ns,29.568,20.908,1.0,0.1064,0.0887,0.462,1.21,73.1,4.582,230.73,542.22,640.2,15.87,2.63,0.0,18.5,0.97,True,3
var12_toroidal_24_vertical_coils,24,6,100.0,2400.0,CCW,halfwave_opposed_ns,29.568,20.908,1.0,0.1064,0.0887,-0.462,1.21,73.1,-4.582,230.73,542.22,640.2,15.87,2.63,0.0,18.5,0.97,True,3
var12_toroidal_24_vertical_coils,24,6,120.0,0.0,CW,halfwave_opposed_ns,30.372,21.476,1.0,0.1062,0.0885,0.465,1.21,73.25,3.244,247.37,581.32,789.12,15.776,2.724,0.0,18.5,0.884,True,3
var12_toroidal_24_vertical_coils,24,6,120.0,0.0,CCW,halfwave_opposed_ns,30.372,21.476,1.0,0.1062,0.0885,-0.465,1.21,73.25,-3.244,247.37,581.32,789.12,15.776,2.724,0.0,18.5,0.884,True,3
var12_toroidal_24_vertical_coils,24,6,120.0,600.0,CW,halfwave_opposed_ns,30.372,21.476,1.0,0.1062,0.0885,0.465,1.21,73.25,3.649,247.37,581.32,789.12,15.776,2.724,0.0,18.5,0.907,True,3
var12_toroidal_24_vertical_coils,24,6,120.0,600.0,CCW,halfwave_opposed_ns,30.372,21.476,1.0,0.1062,0.0885,-0.465,1.21,73.25,-3.649,247.37,581.32,789.12,15.776,2.724,0.0,18.5,0.907,True,3
var12_toroidal_24_vertical_coils,24,6,120.0,1200.0,CW,halfwave_opposed_ns,30.372,21.476,1.0,0.1062,0.0885,0.465,1.21,73.25,4.054,247.37,581.32,789.12,15.776,2.724,0.0,18.5,0.929,True,3
var12_toroidal_24_vertical_coils,24,6,120.0,1200.0,CCW,halfwave_opposed_ns,30.372,21.476,1.0,0.1062,0.0885,-0.465,1.21,73.25,-4.054,247.37,581.32,789.12,15.776,2.724,0.0,18.5,0.929,True,3
var12_toroidal_24_vertical_coils,24,6,120.0,2400.0,CW,halfwave_opposed_ns,30.372,21.476,1.0,0.1062,0.0885,0.465,1.21,73.25,4.865,247.37,581.32,789.12,15.776,2.724,0.0,18.5,0.974,True,3
var12_toroidal_24_vertical_coils,24,6,120.0,2400.0,CCW,halfwave_opposed_ns,30.372,21.476,1.0,0.1062,0.0885,-0.465,1.21,73.25,-4.865,247.37,581.32,789.12,15.776,2.724,0.0,18.5,0.974,True,3
var12_toroidal_24_vertical_coils,24,6,150.0,0.0,CW,halfwave_opposed_ns,28.837,20.391,1.0,0.1066,0.0888,0.4594,1.21,72.97,2.889,216.28,508.25,936.53,15.941,2.559,0.0,18.5,0.889,True,3
var12_toroidal_24_vertical_coils,24,6,150.0,0.0,CCW,halfwave_opposed_ns,28.837,20.391,1.0,0.1066,0.0888,-0.4594,1.21,72.97,-2.889,216.28,508.25,936.53,15.941,2.559,0.0,18.5,0.889,True,3
var12_toroidal_24_vertical_coils,24,6,150.0,600.0,CW,halfwave_opposed_ns,28.837,20.391,1.0,0.1066,0.0888,0.4594,1.21,72.97,3.25,216.28,508.25,936.53,15.941,2.559,0.0,18.5,0.912,True,3
var12_toroidal_24_vertical_coils,24,6,150.0,600.0,CCW,halfwave_opposed_ns,28.837,20.391,1.0,0.1066,0.0888,-0.4594,1.21,72.97,-3.25,216.28,508.25,936.53,15.941,2.559,0.0,18.5,0.912,True,3
var12_toroidal_24_vertical_coils,24,6,150.0,1200.0,CW,halfwave_opposed_ns,28.837,20.391,1.0,0.1066,0.0888,0.4594,1.21,72.97,3.611,216.28,508.25,936.53,15.941,2.559,0.0,18.5,0.934,True,3
var12_toroidal_24_vertical_coils,24,6,150.0,1200.0,CCW,halfwave_opposed_ns,28.837,20.391,1.0,0.1066,0.0888,-0.4594,1.21,72.97,-3.611,216.28,508.25,936.53,15.941,2.559,0.0,18.5,0.934,True,3
var12_toroidal_24_vertical_coils,24,6,150.0,2400.0,CW,halfwave_opposed_ns,28.837,20.391,1.0,0.1066,0.0888,0.4594,1.21,72.97,4.333,216.28,508.25,936.53,15.941,2.559,0.0,18.5,0.979,True,3
var12_toroidal_24_vertical_coils,24,6,150.0,2400.0,CCW,halfwave_opposed_ns,28.837,20.391,1.0,0.1066,0.0888,-0.4594,1.21,72.97,-4.333,216.28,508.25,936.53,15.941,2.559,0.0,18.5,0.979,True,3
var12_toroidal_24_vertical_coils,24,6,200.0,0.0,CW,halfwave_opposed_ns,26.387,18.659,1.0,0.1071,0.0893,0.4503,1.22,72.51,2.371,172.01,404.22,1142.65,16.209,2.291,0.0,18.5,0.898,True,3
var12_toroidal_24_vertical_coils,24,6,200.0,0.0,CCW,halfwave_opposed_ns,26.387,18.659,1.0,0.1071,0.0893,-0.4503,1.22,72.51,-2.371,172.01,404.22,1142.65,16.209,2.291,0.0,18.5,0.898,True,3
var12_toroidal_24_vertical_coils,24,6,200.0,600.0,CW,halfwave_opposed_ns,26.387,18.659,1.0,0.1071,0.0893,0.4503,1.22,72.51,2.667,172.01,404.22,1142.65,16.209,2.291,0.0,18.5,0.921,True,3
var12_toroidal_24_vertical_coils,24,6,200.0,600.0,CCW,halfwave_opposed_ns,26.387,18.659,1.0,0.1071,0.0893,-0.4503,1.22,72.51,-2.667,172.01,404.22,1142.65,16.209,2.291,0.0,18.5,0.921,True,3
var12_toroidal_24_vertical_coils,24,6,200.0,1200.0,CW,halfwave_opposed_ns,26.387,18.659,1.0,0.1071,0.0893,0.4503,1.22,72.51,2.964,172.01,404.22,1142.65,16.209,2.291,0.0,18.5,0.944,True,3
var12_toroidal_24_vertical_coils,24,6,200.0,1200.0,CCW,halfwave_opposed_ns,26.387,18.659,1.0,0.1071,0.0893,-0.4503,1.22,72.51,-2.964,172.01,404.22,1142.65,16.209,2.291,0.0,18.5,0.944,True,3
var12_toroidal_24_vertical_coils,24,6,200.0,2400.0,CW,halfwave_opposed_ns,26.387,18.659,1.0,0.1071,0.0893,0.4503,1.22,72.51,3.556,172.01,404.22,1142.65,16.209,2.291,0.0,18.5,0.988,True,3
var12_toroidal_24_vertical_coils,24,6,200.0,2400.0,CCW,halfwave_opposed_ns,26.387,18.659,1.0,0.1071,0.0893,-0.4503,1.22,72.51,-3.556,172.01,404.22,1142.65,16.209,2.291,0.0,18.5,0.988,True,3
var12_toroidal_24_vertical_coils,24,6,400.0,0.0,CW,halfwave_opposed_ns,25.105,17.752,1.0,0.1074,0.0895,0.4456,1.22,72.28,2.124,151.42,355.84,2174.25,16.313,2.187,0.0,18.5,0.934,True,3
var12_toroidal_24_vertical_coils,24,6,400.0,0.0,CCW,halfwave_opposed_ns,25.105,17.752,1.0,0.1074,0.0895,-0.4456,1.22,72.28,-2.124,151.42,355.84,2174.25,16.313,2.187,0.0,18.5,0.934,True,3
var12_toroidal_24_vertical_coils,24,6,400.0,600.0,CW,halfwave_opposed_ns,25.105,17.752,1.0,0.1074,0.0895,0.4456,1.22,72.28,2.389,151.42,355.84,2174.25,16.313,2.187,0.0,18.5,0.957,True,3
var12_toroidal_24_vertical_coils,24,6,400.0,600.0,CCW,halfwave_opposed_ns,25.105,17.752,1.0,0.1074,0.0895,-0.4456,1.22,72.28,-2.389,151.42,355.84,2174.25,16.313,2.187,0.0,18.5,0.957,True,3
var12_toroidal_24_vertical_coils,24,6,400.0,1200.0,CW,halfwave_opposed_ns,25.105,17.752,1.0,0.1074,0.0895,0.4456,1.22,72.28,2.654,151.42,355.84,2174.25,16.313,2.187,0.0,18.5,0.979,True,3
var12_toroidal_24_vertical_coils,24,6,400.0,1200.0,CCW,halfwave_opposed_ns,25.105,17.752,1.0,0.1074,0.0895,-0.4456,1.22,72.28,-2.654,151.42,355.84,2174.25,16.313,2.187,0.0,18.5,0.979,True,3
var12_toroidal_24_vertical_coils,24,6,400.0,2400.0,CW,halfwave_opposed_ns,25.105,17.752,1.0,0.1074,0.0895,0.4456,1.22,72.28,3.185,151.42,355.84,2174.25,16.313,2.187,0.0,18.5,1.024,True,3
var12_toroidal_24_vertical_coils,24,6,400.0,2400.0,CCW,halfwave_opposed_ns,25.105,17.752,1.0,0.1074,0.0895,-0.4456,1.22,72.28,-3.185,151.42,355.84,2174.25,16.313,2.187,0.0,18.5,1.024,True,3
var12_toroidal_24_vertical_coils,24,6,800.0,0.0,CW,halfwave_opposed_ns,24.919,17.62,1.0,0.1075,0.0895,0.4451,1.22,72.25,2.09,148.76,349.58,4316.19,16.246,2.254,0.0,18.5,1.006,True,3
var12_toroidal_24_vertical_coils,24,6,800.0,0.0,CCW,halfwave_opposed_ns,24.919,17.62,1.0,0.1075,0.0895,-0.4451,1.22,72.25,-2.09,148.76,349.58,4316.19,16.246,2.254,0.0,18.5,1.006,True,3
var12_toroidal_24_vertical_coils,24,6,800.0,600.0,CW,halfwave_opposed_ns,24.919,17.62,1.0,0.1075,0.0895,0.4451,1.22,72.25,2.351,148.76,349.58,4316.19,16.246,2.254,0.0,18.5,1.029,True,3
var12_toroidal_24_vertical_coils,24,6,800.0,600.0,CCW,halfwave_opposed_ns,24.919,17.62,1.0,0.1075,0.0895,-0.4451,1.22,72.25,-2.351,148.76,349.58,4316.19,16.246,2.254,0.0,18.5,1.029,True,3
var12_toroidal_24_vertical_coils,24,6,800.0,1200.0,CW,halfwave_opposed_ns,24.919,17.62,1.0,0.1075,0.0895,0.4451,1.22,72.25,2.612,148.76,349.58,4316.19,16.246,2.254,0.0,18.5,1.051,True,3
var12_toroidal_24_vertical_coils,24,6,800.0,1200.0,CCW,halfwave_opposed_ns,24.919,17.62,1.0,0.1075,0.0895,-0.4451,1.22,72.25,-2.612,148.76,349.58,4316.19,16.246,2.254,0.0,18.5,1.051,True,3
var12_toroidal_24_vertical_coils,24,6,800.0,2400.0,CW,halfwave_opposed_ns,24.919,17.62,1.0,0.1075,0.0895,0.4451,1.22,72.25,3.135,148.76,349.58,4316.19,16.246,2.254,0.0,18.5,1.097,True,3
var12_toroidal_24_vertical_coils,24,6,800.0,2400.0,CCW,halfwave_opposed_ns,24.919,17.62,1.0,0.1075,0.0895,-0.4451,1.22,72.25,-3.135,148.76,349.58,4316.19,16.246,2.254,0.0,18.5,1.097,True,3
var12_toroidal_24_vertical_coils,24,6,1000.0,0.0,CW,halfwave_opposed_ns,24.877,17.591,1.0,0.1075,0.0896,0.4451,1.22,72.25,2.083,148.23,348.33,5386.2,16.206,2.294,0.0,18.5,1.042,True,3
var12_toroidal_24_vertical_coils,24,6,1000.0,0.0,CCW,halfwave_opposed_ns,24.877,17.591,1.0,0.1075,0.0896,-0.4451,1.22,72.25,-2.083,148.23,348.33,5386.2,16.206,2.294,0.0,18.5,1.042,True,3
var12_toroidal_24_vertical_coils,24,6,1000.0,600.0,CW,halfwave_opposed_ns,24.877,17.591,1.0,0.1075,0.0896,0.4451,1.22,72.25,2.343,148.23,348.33,5386.2,16.206,2.294,0.0,18.5,1.065,True,3
var12_toroidal_24_vertical_coils,24,6,1000.0,600.0,CCW,halfwave_opposed_ns,24.877,17.591,1.0,0.1075,0.0896,-0.4451,1.22,72.25,-2.343,148.23,348.33,5386.2,16.206,2.294,0.0,18.5,1.065,True,3
var12_toroidal_24_vertical_coils,24,6,1000.0,1200.0,CW,halfwave_opposed_ns,24.877,17.591,1.0,0.1075,0.0896,0.4451,1.22,72.25,2.603,148.23,348.33,5386.2,16.206,2.294,0.0,18.5,1.087,True,3
var12_toroidal_24_vertical_coils,24,6,1000.0,1200.0,CCW,halfwave_opposed_ns,24.877,17.591,1.0,0.1075,0.0896,-0.4451,1.22,72.25,-2.603,148.23,348.33,5386.2,16.206,2.294,0.0,18.5,1.087,True,3
var12_toroidal_24_vertical_coils,24,6,1000.0,2400.0,CW,halfwave_opposed_ns,24.877,17.591,1.0,0.1075,0.0896,0.4451,1.22,72.25,3.124,148.23,348.33,5386.2,16.206,2.294,0.0,18.5,1.133,True,3
var12_toroidal_24_vertical_coils,24,6,1000.0,2400.0,CCW,halfwave_opposed_ns,24.877,17.591,1.0,0.1075,0.0896,-0.4451,1.22,72.25,-3.124,148.23,348.33,5386.2,16.206,2.294,0.0,18.5,1.133,True,3
var12_toroidal_24_vertical_coils,24,7,25.0,0.0,CW,halfwave_opposed_ns,25.409,17.967,1.0,0.0301,0.0251,0.9681,0.34,98.4,4.726,153.02,359.6,137.53,16.331,2.169,0.0,18.5,0.865,True,1
var12_toroidal_24_vertical_coils,24,7,25.0,0.0,CCW,halfwave_opposed_ns,25.409,17.967,1.0,0.0301,0.0251,-0.9681,0.34,98.4,-4.726,153.02,359.6,137.53,16.331,2.169,0.0,18.5,0.865,True,1
var12_toroidal_24_vertical_coils,24,7,25.0,600.0,CW,halfwave_opposed_ns,25.409,17.967,1.0,0.0312,0.026,0.9656,0.35,98.28,5.303,153.02,359.6,137.53,16.331,2.169,0.0,18.5,0.888,True,1
var12_toroidal_24_vertical_coils,24,7,25.0,600.0,CCW,halfwave_opposed_ns,25.409,17.967,1.0,0.0312,0.026,-0.9656,0.35,98.28,-5.303,153.02,359.6,137.53,16.331,2.169,0.0,18.5,0.888,True,1
var12_toroidal_24_vertical_coils,24,7,25.0,1200.0,CW,halfwave_opposed_ns,25.409,17.967,1.0,0.0323,0.0269,0.9631,0.37,98.15,5.877,153.02,359.6,137.53,16.331,2.169,0.0,18.5,0.91,True,1
var12_toroidal_24_vertical_coils,24,7,25.0,1200.0,CCW,halfwave_opposed_ns,25.409,17.967,1.0,0.0323,0.0269,-0.9631,0.37,98.15,-5.877,153.02,359.6,137.53,16.331,2.169,0.0,18.5,0.91,True,1
var12_toroidal_24_vertical_coils,24,7,25.0,2400.0,CW,halfwave_opposed_ns,25.409,17.967,1.0,0.0344,0.0287,0.9581,0.39,97.9,7.016,153.02,359.6,137.53,16.331,2.169,0.0,18.5,0.955,True,1
var12_toroidal_24_vertical_coils,24,7,25.0,2400.0,CCW,halfwave_opposed_ns,25.409,17.967,1.0,0.0344,0.0287,-0.9581,0.39,97.9,-7.016,153.02,359.6,137.53,16.331,2.169,0.0,18.5,0.955,True,1
var12_toroidal_24_vertical_coils,24,7,50.0,0.0,CW,halfwave_opposed_ns,26.011,18.392,1.0,0.0293,0.0244,0.9698,0.33,98.49,4.961,162.54,381.98,281.58,16.257,2.243,0.0,18.5,0.87,True,1
var12_toroidal_24_vertical_coils,24,7,50.0,0.0,CCW,halfwave_opposed_ns,26.011,18.392,1.0,0.0293,0.0244,-0.9698,0.33,98.49,-4.961,162.54,381.98,281.58,16.257,2.243,0.0,18.5,0.87,True,1
var12_toroidal_24_vertical_coils,24,7,50.0,600.0,CW,halfwave_opposed_ns,26.011,18.392,1.0,0.0304,0.0254,0.9673,0.34,98.36,5.567,162.54,381.98,281.58,16.257,2.243,0.0,18.5,0.892,True,1
var12_toroidal_24_vertical_coils,24,7,50.0,600.0,CCW,halfwave_opposed_ns,26.011,18.392,1.0,0.0304,0.0254,-0.9673,0.34,98.36,-5.567,162.54,381.98,281.58,16.257,2.243,0.0,18.5,0.892,True,1
var12_toroidal_24_vertical_coils,24,7,50.0,1200.0,CW,halfwave_opposed_ns,26.011,18.392,1.0,0.0316,0.0263,0.9648,0.36,98.24,6.17,162.54,381.98,281.58,16.257,2.243,0.0,18.5,0.915,True,1
var12_toroidal_24_vertical_coils,24,7,50.0,1200.0,CCW,halfwave_opposed_ns,26.011,18.392,1.0,0.0316,0.0263,-0.9648,0.36,98.24,-6.17,162.54,381.98,281.58,16.257,2.243,0.0,18.5,0.915,True,1
var12_toroidal_24_vertical_coils,24,7,50.0,2400.0,CW,halfwave_opposed_ns,26.011,18.392,1.0,0.0337,0.0281,0.9598,0.38,97.99,7.365,162.54,381.98,281.58,16.257,2.243,0.0,18.5,0.96,True,1
var12_toroidal_24_vertical_coils,24,7,50.0,2400.0,CCW,halfwave_opposed_ns,26.011,18.392,1.0,0.0337,0.0281,-0.9598,0.38,97.99,-7.365,162.54,381.98,281.58,16.257,2.243,0.0,18.5,0.96,True,1
var12_toroidal_24_vertical_coils,24,7,60.0,0.0,CW,halfwave_opposed_ns,26.377,18.651,1.0,0.0288,0.024,0.9709,0.33,98.54,5.108,168.51,396.0,342.65,16.212,2.288,0.0,18.5,0.872,True,1
var12_toroidal_24_vertical_coils,24,7,60.0,0.0,CCW,halfwave_opposed_ns,26.377,18.651,1.0,0.0288,0.024,-0.9709,0.33,98.54,-5.108,168.51,396.0,342.65,16.212,2.288,0.0,18.5,0.872,True,1
var12_toroidal_24_vertical_coils,24,7,60.0,600.0,CW,halfwave_opposed_ns,26.377,18.651,1.0,0.0299,0.025,0.9684,0.34,98.42,5.731,168.51,396.0,342.65,16.212,2.288,0.0,18.5,0.894,True,1
var12_toroidal_24_vertical_coils,24,7,60.0,600.0,CCW,halfwave_opposed_ns,26.377,18.651,1.0,0.0299,0.025,-0.9684,0.34,98.42,-5.731,168.51,396.0,342.65,16.212,2.288,0.0,18.5,0.894,True,1
var12_toroidal_24_vertical_coils,24,7,60.0,1200.0,CW,halfwave_opposed_ns,26.377,18.651,1.0,0.0311,0.0259,0.9659,0.35,98.29,6.352,168.51,396.0,342.65,16.212,2.288,0.0,18.5,0.917,True,1
var12_toroidal_24_vertical_coils,24,7,60.0,1200.0,CCW,halfwave_opposed_ns,26.377,18.651,1.0,0.0311,0.0259,-0.9659,0.35,98.29,-6.352,168.51,396.0,342.65,16.212,2.288,0.0,18.5,0.917,True,1
var12_toroidal_24_vertical_coils,24,7,60.0,2400.0,CW,halfwave_opposed_ns,26.377,18.651,1.0,0.0332,0.0277,0.9609,0.38,98.04,7.582,168.51,396.0,342.65,16.212,2.288,0.0,18.5,0.962,True,1
var12_toroidal_24_vertical_coils,24,7,60.0,2400.0,CCW,halfwave_opposed_ns,26.377,18.651,1.0,0.0332,0.0277,-0.9609,0.38,98.04,-7.582,168.51,396.0,342.65,16.212,2.288,0.0,18.5,0.962,True,1
var12_toroidal_24_vertical_coils,24,7,100.0,0.0,CW,halfwave_opposed_ns,28.806,20.369,1.0,0.0252,0.021,0.9778,0.28,98.89,6.135,211.62,497.3,623.68,15.928,2.572,0.0,18.5,0.879,True,1
var12_toroidal_24_vertical_coils,24,7,100.0,0.0,CCW,halfwave_opposed_ns,28.806,20.369,1.0,0.0252,0.021,-0.9778,0.28,98.89,-6.135,211.62,497.3,623.68,15.928,2.572,0.0,18.5,0.879,True,1
var12_toroidal_24_vertical_coils,24,7,100.0,600.0,CW,halfwave_opposed_ns,28.806,20.369,1.0,0.0265,0.0221,0.9753,0.3,98.76,6.884,211.62,497.3,623.68,15.928,2.572,0.0,18.5,0.901,True,1
var12_toroidal_24_vertical_coils,24,7,100.0,600.0,CCW,halfwave_opposed_ns,28.806,20.369,1.0,0.0265,0.0221,-0.9753,0.3,98.76,-6.884,211.62,497.3,623.68,15.928,2.572,0.0,18.5,0.901,True,1
var12_toroidal_24_vertical_coils,24,7,100.0,1200.0,CW,halfwave_opposed_ns,28.806,20.369,1.0,0.0278,0.0232,0.9728,0.31,98.64,7.63,211.62,497.3,623.68,15.928,2.572,0.0,18.5,0.924,True,1
var12_toroidal_24_vertical_coils,24,7,100.0,1200.0,CCW,halfwave_opposed_ns,28.806,20.369,1.0,0.0278,0.0232,-0.9728,0.31,98.64,-7.63,211.62,497.3,623.68,15.928,2.572,0.0,18.5,0.924,True,1
var12_toroidal_24_vertical_coils,24,7,100.0,2400.0,CW,halfwave_opposed_ns,28.806,20.369,1.0,0.0302,0.0252,0.9678,0.34,98.39,9.108,211.62,497.3,623.68,15.928,2.572,0.0,18.5,0.969,True,1
var12_toroidal_24_vertical_coils,24,7,100.0,2400.0,CCW,halfwave_opposed_ns,28.806,20.369,1.0,0.0302,0.0252,-0.9678,0.34,98.39,-9.108,211.62,497.3,623.68,15.928,2.572,0.0,18.5,0.969,True,1
var12_toroidal_24_vertical_coils,24,7,120.0,0.0,CW,halfwave_opposed_ns,29.591,20.924,1.0,0.0239,0.0199,0.98,0.27,99.0,6.489,226.91,533.24,768.83,15.836,2.664,0.0,18.5,0.882,True,1
var12_toroidal_24_vertical_coils,24,7,120.0,0.0,CCW,halfwave_opposed_ns,29.591,20.924,1.0,0.0239,0.0199,-0.98,0.27,99.0,-6.489,226.91,533.24,768.83,15.836,2.664,0.0,18.5,0.882,True,1
var12_toroidal_24_vertical_coils,24,7,120.0,600.0,CW,halfwave_opposed_ns,29.591,20.924,1.0,0.0253,0.0211,0.9775,0.29,98.88,7.281,226.91,533.24,768.83,15.836,2.664,0.0,18.5,0.905,True,1
var12_toroidal_24_vertical_coils,24,7,120.0,600.0,CCW,halfwave_opposed_ns,29.591,20.924,1.0,0.0253,0.0211,-0.9775,0.29,98.88,-7.281,226.91,533.24,768.83,15.836,2.664,0.0,18.5,0.905,True,1
var12_toroidal_24_vertical_coils,24,7,120.0,1200.0,CW,halfwave_opposed_ns,29.591,20.924,1.0,0.0267,0.0222,0.975,0.3,98.75,8.07,226.91,533.24,768.83,15.836,2.664,0.0,18.5,0.927,True,1
var12_toroidal_24_vertical_coils,24,7,120.0,1200.0,CCW,halfwave_opposed_ns,29.591,20.924,1.0,0.0267,0.0222,-0.975,0.3,98.75,-8.07,226.91,533.24,768.83,15.836,2.664,0.0,18.5,0.927,True,1
var12_toroidal_24_vertical_coils,24,7,120.0,2400.0,CW,halfwave_opposed_ns,29.591,20.924,1.0,0.0292,0.0243,0.97,0.33,98.5,9.634,226.91,533.24,768.83,15.836,2.664,0.0,18.5,0.972,True,1
var12_toroidal_24_vertical_coils,24,7,120.0,2400.0,CCW,halfwave_opposed_ns,29.591,20.924,1.0,0.0292,0.0243,-0.97,0.33,98.5,-9.634,226.91,533.24,768.83,15.836,2.664,0.0,18.5,0.972,True,1
var12_toroidal_24_vertical_coils,24,7,150.0,0.0,CW,halfwave_opposed_ns,28.091,19.863,1.0,0.0262,0.0219,0.9758,0.3,98.79,5.823,198.34,466.09,912.32,15.998,2.502,0.0,18.5,0.888,True,1
var12_toroidal_24_vertical_coils,24,7,150.0,0.0,CCW,halfwave_opposed_ns,28.091,19.863,1.0,0.0262,0.0219,-0.9758,0.3,98.79,-5.823,198.34,466.09,912.32,15.998,2.502,0.0,18.5,0.888,True,1
var12_toroidal_24_vertical_coils,24,7,150.0,600.0,CW,halfwave_opposed_ns,28.091,19.863,1.0,0.0276,0.023,0.9733,0.31,98.66,6.534,198.34,466.09,912.32,15.998,2.502,0.0,18.5,0.91,True,1
var12_toroidal_24_vertical_coils,24,7,150.0,600.0,CCW,halfwave_opposed_ns,28.091,19.863,1.0,0.0276,0.023,-0.9733,0.31,98.66,-6.534,198.34,466.09,912.32,15.998,2.502,0.0,18.5,0.91,True,1
var12_toroidal_24_vertical_coils,24,7,150.0,1200.0,CW,halfwave_opposed_ns,28.091,19.863,1.0,0.0288,0.024,0.9708,0.33,98.54,7.241,198.34,466.09,912.32,15.998,2.502,0.0,18.5,0.933,True,1
var12_toroidal_24_vertical_coils,24,7,150.0,1200.0,CCW,halfwave_opposed_ns,28.091,19.863,1.0,0.0288,0.024,-0.9708,0.33,98.54,-7.241,198.34,466.09,912.32,15.998,2.502,0.0,18.5,0.933,True,1
var12_toroidal_24_vertical_coils,24,7,150.0,2400.0,CW,halfwave_opposed_ns,28.091,19.863,1.0,0.0311,0.0259,0.9658,0.35,98.29,8.644,198.34,466.09,912.32,15.998,2.502,0.0,18.5,0.978,True,1
var12_toroidal_24_vertical_coils,24,7,150.0,2400.0,CCW,halfwave_opposed_ns,28.091,19.863,1.0,0.0311,0.0259,-0.9658,0.35,98.29,-8.644,198.34,466.09,912.32,15.998,2.502,0.0,18.5,0.978,True,1
var12_toroidal_24_vertical_coils,24,7,200.0,0.0,CW,halfwave_opposed_ns,25.7,18.173,1.0,0.0297,0.0247,0.969,0.34,98.45,4.839,157.67,370.53,1112.88,16.26,2.24,0.0,18.5,0.897,True,1
var12_toroidal_24_vertical_coils,24,7,200.0,0.0,CCW,halfwave_opposed_ns,25.7,18.173,1.0,0.0297,0.0247,-0.969,0.34,98.45,-4.839,157.67,370.53,1112.88,16.26,2.24,0.0,18.5,0.897,True,1
var12_toroidal_24_vertical_coils,24,7,200.0,600.0,CW,halfwave_opposed_ns,25.7,18.173,1.0,0.0308,0.0257,0.9665,0.35,98.32,5.43,157.67,370.53,1112.88,16.26,2.24,0.0,18.5,0.919,True,1
var12_toroidal_24_vertical_coils,24,7,200.0,600.0,CCW,halfwave_opposed_ns,25.7,18.173,1.0,0.0308,0.0257,-0.9665,0.35,98.32,-5.43,157.67,370.53,1112.88,16.26,2.24,0.0,18.5,0.919,True,1
var12_toroidal_24_vertical_coils,24,7,200.0,1200.0,CW,halfwave_opposed_ns,25.7,18.173,1.0,0.0319,0.0266,0.964,0.36,98.2,6.018,157.67,370.53,1112.88,16.26,2.24,0.0,18.5,0.942,True,1
var12_toroidal_24_vertical_coils,24,7,200.0,1200.0,CCW,halfwave_opposed_ns,25.7,18.173,1.0,0.0319,0.0266,-0.964,0.36,98.2,-6.018,157.67,370.53,1112.88,16.26,2.24,0.0,18.5,0.942,True,1
var12_toroidal_24_vertical_coils,24,7,200.0,2400.0,CW,halfwave_opposed_ns,25.7,18.173,1.0,0.034,0.0284,0.959,0.38,97.95,7.184,157.67,370.53,1112.88,16.26,2.24,0.0,18.5,0.987,True,1
var12_toroidal_24_vertical_coils,24,7,200.0,2400.0,CCW,halfwave_opposed_ns,25.7,18.173,1.0,0.034,0.0284,-0.959,0.38,97.95,-7.184,157.67,370.53,1112.88,16.26,2.24,0.0,18.5,0.987,True,1
var12_toroidal_24_vertical_coils,24,7,400.0,0.0,CW,halfwave_opposed_ns,24.449,17.288,1.0,0.0313,0.0261,0.9654,0.35,98.27,4.364,138.78,326.13,2117.43,16.361,2.139,0.0,18.5,0.933,True,1
var12_toroidal_24_vertical_coils,24,7,400.0,0.0,CCW,halfwave_opposed_ns,24.449,17.288,1.0,0.0313,0.0261,-0.9654,0.35,98.27,-4.364,138.78,326.13,2117.43,16.361,2.139,0.0,18.5,0.933,True,1
var12_toroidal_24_vertical_coils,24,7,400.0,600.0,CW,halfwave_opposed_ns,24.449,17.288,1.0,0.0324,0.027,0.9629,0.37,98.15,4.897,138.78,326.13,2117.43,16.361,2.139,0.0,18.5,0.955,True,1
var12_toroidal_24_vertical_coils,24,7,400.0,600.0,CCW,halfwave_opposed_ns,24.449,17.288,1.0,0.0324,0.027,-0.9629,0.37,98.15,-4.897,138.78,326.13,2117.43,16.361,2.139,0.0,18.5,0.955,True,1
var12_toroidal_24_vertical_coils,24,7,400.0,1200.0,CW,halfwave_opposed_ns,24.449,17.288,1.0,0.0334,0.0279,0.9604,0.38,98.02,5.427,138.78,326.13,2117.43,16.361,2.139,0.0,18.5,0.978,True,1
var12_toroidal_24_vertical_coils,24,7,400.0,1200.0,CCW,halfwave_opposed_ns,24.449,17.288,1.0,0.0334,0.0279,-0.9604,0.38,98.02,-5.427,138.78,326.13,2117.43,16.361,2.139,0.0,18.5,0.978,True,1
var12_toroidal_24_vertical_coils,24,7,400.0,2400.0,CW,halfwave_opposed_ns,24.449,17.288,1.0,0.0354,0.0295,0.9554,0.4,97.77,6.478,138.78,326.13,2117.43,16.361,2.139,0.0,18.5,1.023,True,1
var12_toroidal_24_vertical_coils,24,7,400.0,2400.0,CCW,halfwave_opposed_ns,24.449,17.288,1.0,0.0354,0.0295,-0.9554,0.4,97.77,-6.478,138.78,326.13,2117.43,16.361,2.139,0.0,18.5,1.023,True,1
var12_toroidal_24_vertical_coils,24,7,800.0,0.0,CW,halfwave_opposed_ns,24.269,17.161,1.0,0.0314,0.0262,0.9651,0.36,98.25,4.298,136.35,320.43,4203.62,16.295,2.205,0.0,18.5,1.005,True,1
var12_toroidal_24_vertical_coils,24,7,800.0,0.0,CCW,halfwave_opposed_ns,24.269,17.161,1.0,0.0314,0.0262,-0.9651,0.36,98.25,-4.298,136.35,320.43,4203.62,16.295,2.205,0.0,18.5,1.005,True,1
var12_toroidal_24_vertical_coils,24,7,800.0,600.0,CW,halfwave_opposed_ns,24.269,17.161,1.0,0.0325,0.0271,0.9626,0.37,98.13,4.823,136.35,320.43,4203.62,16.295,2.205,0.0,18.5,1.027,True,1
var12_toroidal_24_vertical_coils,24,7,800.0,600.0,CCW,halfwave_opposed_ns,24.269,17.161,1.0,0.0325,0.0271,-0.9626,0.37,98.13,-4.823,136.35,320.43,4203.62,16.295,2.205,0.0,18.5,1.027,True,1
var12_toroidal_24_vertical_coils,24,7,800.0,1200.0,CW,halfwave_opposed_ns,24.269,17.161,1.0,0.0336,0.028,0.9601,0.38,98.0,5.345,136.35,320.43,4203.62,16.295,2.205,0.0,18.5,1.05,True,1
var12_toroidal_24_vertical_coils,24,7,800.0,1200.0,CCW,halfwave_opposed_ns,24.269,17.161,1.0,0.0336,0.028,-0.9601,0.38,98.0,-5.345,136.35,320.43,4203.62,16.295,2.205,0.0,18.5,1.05,True,1
var12_toroidal_24_vertical_coils,24,7,800.0,2400.0,CW,halfwave_opposed_ns,24.269,17.161,1.0,0.0356,0.0296,0.9551,0.4,97.75,6.38,136.35,320.43,4203.62,16.295,2.205,0.0,18.5,1.095,True,1
var12_toroidal_24_vertical_coils,24,7,800.0,2400.0,CCW,halfwave_opposed_ns,24.269,17.161,1.0,0.0356,0.0296,-0.9551,0.4,97.75,-6.38,136.35,320.43,4203.62,16.295,2.205,0.0,18.5,1.095,True,1
var12_toroidal_24_vertical_coils,24,7,1000.0,0.0,CW,halfwave_opposed_ns,24.229,17.132,1.0,0.0315,0.0262,0.965,0.36,98.25,4.284,135.87,319.3,5245.89,16.257,2.243,0.0,18.5,1.041,True,1
var12_toroidal_24_vertical_coils,24,7,1000.0,0.0,CCW,halfwave_opposed_ns,24.229,17.132,1.0,0.0315,0.0262,-0.965,0.36,98.25,-4.284,135.87,319.3,5245.89,16.257,2.243,0.0,18.5,1.041,True,1
var12_toroidal_24_vertical_coils,24,7,1000.0,600.0,CW,halfwave_opposed_ns,24.229,17.132,1.0,0.0325,0.0271,0.9625,0.37,98.13,4.807,135.87,319.3,5245.89,16.257,2.243,0.0,18.5,1.063,True,1
var12_toroidal_24_vertical_coils,24,7,1000.0,600.0,CCW,halfwave_opposed_ns,24.229,17.132,1.0,0.0325,0.0271,-0.9625,0.37,98.13,-4.807,135.87,319.3,5245.89,16.257,2.243,0.0,18.5,1.063,True,1
var12_toroidal_24_vertical_coils,24,7,1000.0,1200.0,CW,halfwave_opposed_ns,24.229,17.132,1.0,0.0336,0.028,0.96,0.38,98.0,5.327,135.87,319.3,5245.89,16.257,2.243,0.0,18.5,1.086,True,1
var12_toroidal_24_vertical_coils,24,7,1000.0,1200.0,CCW,halfwave_opposed_ns,24.229,17.132,1.0,0.0336,0.028,-0.96,0.38,98.0,-5.327,135.87,319.3,5245.89,16.257,2.243,0.0,18.5,1.086,True,1
var12_toroidal_24_vertical_coils,24,7,1000.0,2400.0,CW,halfwave_opposed_ns,24.229,17.132,1.0,0.0356,0.0296,0.955,0.4,97.75,6.359,135.87,319.3,5245.89,16.257,2.243,0.0,18.5,1.131,True,1
var12_toroidal_24_vertical_coils,24,7,1000.0,2400.0,CCW,halfwave_opposed_ns,24.229,17.132,1.0,0.0356,0.0296,-0.955,0.4,97.75,-6.359,135.87,319.3,5245.89,16.257,2.243,0.0,18.5,1.131,True,1
var12_toroidal_24_vertical_coils,24,8,25.0,0.0,CW,halfwave_opposed_ns,25.409,17.967,1.0,0.0301,0.0251,0.9681,0.34,98.4,4.726,153.02,359.6,137.53,16.331,2.169,0.0,18.5,0.865,True,1
var12_toroidal_24_vertical_coils,24,8,25.0,0.0,CCW,halfwave_opposed_ns,25.409,17.967,1.0,0.0301,0.0251,-0.9681,0.34,98.4,-4.726,153.02,359.6,137.53,16.331,2.169,0.0,18.5,0.865,True,1
var12_toroidal_24_vertical_coils,24,8,25.0,600.0,CW,halfwave_opposed_ns,25.409,17.967,1.0,0.0312,0.026,0.9656,0.35,98.28,5.303,153.02,359.6,137.53,16.331,2.169,0.0,18.5,0.888,True,1
var12_toroidal_24_vertical_coils,24,8,25.0,600.0,CCW,halfwave_opposed_ns,25.409,17.967,1.0,0.0312,0.026,-0.9656,0.35,98.28,-5.303,153.02,359.6,137.53,16.331,2.169,0.0,18.5,0.888,True,1
var12_toroidal_24_vertical_coils,24,8,25.0,1200.0,CW,halfwave_opposed_ns,25.409,17.967,1.0,0.0323,0.0269,0.9631,0.37,98.15,5.877,153.02,359.6,137.53,16.331,2.169,0.0,18.5,0.91,True,1
var12_toroidal_24_vertical_coils,24,8,25.0,1200.0,CCW,halfwave_opposed_ns,25.409,17.967,1.0,0.0323,0.0269,-0.9631,0.37,98.15,-5.877,153.02,359.6,137.53,16.331,2.169,0.0,18.5,0.91,True,1
var12_toroidal_24_vertical_coils,24,8,25.0,2400.0,CW,halfwave_opposed_ns,25.409,17.967,1.0,0.0344,0.0287,0.9581,0.39,97.9,7.016,153.02,359.6,137.53,16.331,2.169,0.0,18.5,0.955,True,1
var12_toroidal_24_vertical_coils,24,8,25.0,2400.0,CCW,halfwave_opposed_ns,25.409,17.967,1.0,0.0344,0.0287,-0.9581,0.39,97.9,-7.016,153.02,359.6,137.53,16.331,2.169,0.0,18.5,0.955,True,1
var12_toroidal_24_vertical_coils,24,8,50.0,0.0,CW,halfwave_opposed_ns,26.011,18.392,1.0,0.0293,0.0244,0.9698,0.33,98.49,4.961,162.54,381.98,281.58,16.257,2.243,0.0,18.5,0.87,True,1
var12_toroidal_24_vertical_coils,24,8,50.0,0.0,CCW,halfwave_opposed_ns,26.011,18.392,1.0,0.0293,0.0244,-0.9698,0.33,98.49,-4.961,162.54,381.98,281.58,16.257,2.243,0.0,18.5,0.87,True,1
var12_toroidal_24_vertical_coils,24,8,50.0,600.0,CW,halfwave_opposed_ns,26.011,18.392,1.0,0.0304,0.0254,0.9673,0.34,98.36,5.567,162.54,381.98,281.58,16.257,2.243,0.0,18.5,0.892,True,1
var12_toroidal_24_vertical_coils,24,8,50.0,600.0,CCW,halfwave_opposed_ns,26.011,18.392,1.0,0.0304,0.0254,-0.9673,0.34,98.36,-5.567,162.54,381.98,281.58,16.257,2.243,0.0,18.5,0.892,True,1
var12_toroidal_24_vertical_coils,24,8,50.0,1200.0,CW,halfwave_opposed_ns,26.011,18.392,1.0,0.0316,0.0263,0.9648,0.36,98.24,6.17,162.54,381.98,281.58,16.257,2.243,0.0,18.5,0.915,True,1
var12_toroidal_24_vertical_coils,24,8,50.0,1200.0,CCW,halfwave_opposed_ns,26.011,18.392,1.0,0.0316,0.0263,-0.9648,0.36,98.24,-6.17,162.54,381.98,281.58,16.257,2.243,0.0,18.5,0.915,True,1
var12_toroidal_24_vertical_coils,24,8,50.0,2400.0,CW,halfwave_opposed_ns,26.011,18.392,1.0,0.0337,0.0281,0.9598,0.38,97.99,7.365,162.54,381.98,281.58,16.257,2.243,0.0,18.5,0.96,True,1
var12_toroidal_24_vertical_coils,24,8,50.0,2400.0,CCW,halfwave_opposed_ns,26.011,18.392,1.0,0.0337,0.0281,-0.9598,0.38,97.99,-7.365,162.54,381.98,281.58,16.257,2.243,0.0,18.5,0.96,True,1
var12_toroidal_24_vertical_coils,24,8,60.0,0.0,CW,halfwave_opposed_ns,26.377,18.651,1.0,0.0288,0.024,0.9709,0.33,98.54,5.108,168.51,396.0,342.65,16.212,2.288,0.0,18.5,0.872,True,1
var12_toroidal_24_vertical_coils,24,8,60.0,0.0,CCW,halfwave_opposed_ns,26.377,18.651,1.0,0.0288,0.024,-0.9709,0.33,98.54,-5.108,168.51,396.0,342.65,16.212,2.288,0.0,18.5,0.872,True,1
var12_toroidal_24_vertical_coils,24,8,60.0,600.0,CW,halfwave_opposed_ns,26.377,18.651,1.0,0.0299,0.025,0.9684,0.34,98.42,5.731,168.51,396.0,342.65,16.212,2.288,0.0,18.5,0.894,True,1
var12_toroidal_24_vertical_coils,24,8,60.0,600.0,CCW,halfwave_opposed_ns,26.377,18.651,1.0,0.0299,0.025,-0.9684,0.34,98.42,-5.731,168.51,396.0,342.65,16.212,2.288,0.0,18.5,0.894,True,1
var12_toroidal_24_vertical_coils,24,8,60.0,1200.0,CW,halfwave_opposed_ns,26.377,18.651,1.0,0.0311,0.0259,0.9659,0.35,98.29,6.352,168.51,396.0,342.65,16.212,2.288,0.0,18.5,0.917,True,1
var12_toroidal_24_vertical_coils,24,8,60.0,1200.0,CCW,halfwave_opposed_ns,26.377,18.651,1.0,0.0311,0.0259,-0.9659,0.35,98.29,-6.352,168.51,396.0,342.65,16.212,2.288,0.0,18.5,0.917,True,1
var12_toroidal_24_vertical_coils,24,8,60.0,2400.0,CW,halfwave_opposed_ns,26.377,18.651,1.0,0.0332,0.0277,0.9609,0.38,98.04,7.582,168.51,396.0,342.65,16.212,2.288,0.0,18.5,0.962,True,1
var12_toroidal_24_vertical_coils,24,8,60.0,2400.0,CCW,halfwave_opposed_ns,26.377,18.651,1.0,0.0332,0.0277,-0.9609,0.38,98.04,-7.582,168.51,396.0,342.65,16.212,2.288,0.0,18.5,0.962,True,1
var12_toroidal_24_vertical_coils,24,8,100.0,0.0,CW,halfwave_opposed_ns,28.806,20.369,1.0,0.0252,0.021,0.9778,0.28,98.89,6.135,211.62,497.3,623.68,15.928,2.572,0.0,18.5,0.879,True,1
var12_toroidal_24_vertical_coils,24,8,100.0,0.0,CCW,halfwave_opposed_ns,28.806,20.369,1.0,0.0252,0.021,-0.9778,0.28,98.89,-6.135,211.62,497.3,623.68,15.928,2.572,0.0,18.5,0.879,True,1
var12_toroidal_24_vertical_coils,24,8,100.0,600.0,CW,halfwave_opposed_ns,28.806,20.369,1.0,0.0265,0.0221,0.9753,0.3,98.76,6.884,211.62,497.3,623.68,15.928,2.572,0.0,18.5,0.901,True,1
var12_toroidal_24_vertical_coils,24,8,100.0,600.0,CCW,halfwave_opposed_ns,28.806,20.369,1.0,0.0265,0.0221,-0.9753,0.3,98.76,-6.884,211.62,497.3,623.68,15.928,2.572,0.0,18.5,0.901,True,1
var12_toroidal_24_vertical_coils,24,8,100.0,1200.0,CW,halfwave_opposed_ns,28.806,20.369,1.0,0.0278,0.0232,0.9728,0.31,98.64,7.63,211.62,497.3,623.68,15.928,2.572,0.0,18.5,0.924,True,1
var12_toroidal_24_vertical_coils,24,8,100.0,1200.0,CCW,halfwave_opposed_ns,28.806,20.369,1.0,0.0278,0.0232,-0.9728,0.31,98.64,-7.63,211.62,497.3,623.68,15.928,2.572,0.0,18.5,0.924,True,1
var12_toroidal_24_vertical_coils,24,8,100.0,2400.0,CW,halfwave_opposed_ns,28.806,20.369,1.0,0.0302,0.0252,0.9678,0.34,98.39,9.108,211.62,497.3,623.68,15.928,2.572,0.0,18.5,0.969,True,1
var12_toroidal_24_vertical_coils,24,8,100.0,2400.0,CCW,halfwave_opposed_ns,28.806,20.369,1.0,0.0302,0.0252,-0.9678,0.34,98.39,-9.108,211.62,497.3,623.68,15.928,2.572,0.0,18.5,0.969,True,1
var12_toroidal_24_vertical_coils,24,8,120.0,0.0,CW,halfwave_opposed_ns,29.591,20.924,1.0,0.0239,0.0199,0.98,0.27,99.0,6.489,226.91,533.24,768.83,15.836,2.664,0.0,18.5,0.882,True,1
var12_toroidal_24_vertical_coils,24,8,120.0,0.0,CCW,halfwave_opposed_ns,29.591,20.924,1.0,0.0239,0.0199,-0.98,0.27,99.0,-6.489,226.91,533.24,768.83,15.836,2.664,0.0,18.5,0.882,True,1
var12_toroidal_24_vertical_coils,24,8,120.0,600.0,CW,halfwave_opposed_ns,29.591,20.924,1.0,0.0253,0.0211,0.9775,0.29,98.88,7.281,226.91,533.24,768.83,15.836,2.664,0.0,18.5,0.905,True,1
var12_toroidal_24_vertical_coils,24,8,120.0,600.0,CCW,halfwave_opposed_ns,29.591,20.924,1.0,0.0253,0.0211,-0.9775,0.29,98.88,-7.281,226.91,533.24,768.83,15.836,2.664,0.0,18.5,0.905,True,1
var12_toroidal_24_vertical_coils,24,8,120.0,1200.0,CW,halfwave_opposed_ns,29.591,20.924,1.0,0.0267,0.0222,0.975,0.3,98.75,8.07,226.91,533.24,768.83,15.836,2.664,0.0,18.5,0.927,True,1
var12_toroidal_24_vertical_coils,24,8,120.0,1200.0,CCW,halfwave_opposed_ns,29.591,20.924,1.0,0.0267,0.0222,-0.975,0.3,98.75,-8.07,226.91,533.24,768.83,15.836,2.664,0.0,18.5,0.927,True,1
var12_toroidal_24_vertical_coils,24,8,120.0,2400.0,CW,halfwave_opposed_ns,29.591,20.924,1.0,0.0292,0.0243,0.97,0.33,98.5,9.634,226.91,533.24,768.83,15.836,2.664,0.0,18.5,0.972,True,1
var12_toroidal_24_vertical_coils,24,8,120.0,2400.0,CCW,halfwave_opposed_ns,29.591,20.924,1.0,0.0292,0.0243,-0.97,0.33,98.5,-9.634,226.91,533.24,768.83,15.836,2.664,0.0,18.5,0.972,True,1
var12_toroidal_24_vertical_coils,24,8,150.0,0.0,CW,halfwave_opposed_ns,28.091,19.863,1.0,0.0262,0.0219,0.9758,0.3,98.79,5.823,198.34,466.09,912.32,15.998,2.502,0.0,18.5,0.888,True,1
var12_toroidal_24_vertical_coils,24,8,150.0,0.0,CCW,halfwave_opposed_ns,28.091,19.863,1.0,0.0262,0.0219,-0.9758,0.3,98.79,-5.823,198.34,466.09,912.32,15.998,2.502,0.0,18.5,0.888,True,1
var12_toroidal_24_vertical_coils,24,8,150.0,600.0,CW,halfwave_opposed_ns,28.091,19.863,1.0,0.0276,0.023,0.9733,0.31,98.66,6.534,198.34,466.09,912.32,15.998,2.502,0.0,18.5,0.91,True,1
var12_toroidal_24_vertical_coils,24,8,150.0,600.0,CCW,halfwave_opposed_ns,28.091,19.863,1.0,0.0276,0.023,-0.9733,0.31,98.66,-6.534,198.34,466.09,912.32,15.998,2.502,0.0,18.5,0.91,True,1
var12_toroidal_24_vertical_coils,24,8,150.0,1200.0,CW,halfwave_opposed_ns,28.091,19.863,1.0,0.0288,0.024,0.9708,0.33,98.54,7.241,198.34,466.09,912.32,15.998,2.502,0.0,18.5,0.933,True,1
var12_toroidal_24_vertical_coils,24,8,150.0,1200.0,CCW,halfwave_opposed_ns,28.091,19.863,1.0,0.0288,0.024,-0.9708,0.33,98.54,-7.241,198.34,466.09,912.32,15.998,2.502,0.0,18.5,0.933,True,1
var12_toroidal_24_vertical_coils,24,8,150.0,2400.0,CW,halfwave_opposed_ns,28.091,19.863,1.0,0.0311,0.0259,0.9658,0.35,98.29,8.644,198.34,466.09,912.32,15.998,2.502,0.0,18.5,0.978,True,1
var12_toroidal_24_vertical_coils,24,8,150.0,2400.0,CCW,halfwave_opposed_ns,28.091,19.863,1.0,0.0311,0.0259,-0.9658,0.35,98.29,-8.644,198.34,466.09,912.32,15.998,2.502,0.0,18.5,0.978,True,1
var12_toroidal_24_vertical_coils,24,8,200.0,0.0,CW,halfwave_opposed_ns,25.7,18.173,1.0,0.0297,0.0247,0.969,0.34,98.45,4.839,157.67,370.53,1112.88,16.26,2.24,0.0,18.5,0.897,True,1
var12_toroidal_24_vertical_coils,24,8,200.0,0.0,CCW,halfwave_opposed_ns,25.7,18.173,1.0,0.0297,0.0247,-0.969,0.34,98.45,-4.839,157.67,370.53,1112.88,16.26,2.24,0.0,18.5,0.897,True,1
var12_toroidal_24_vertical_coils,24,8,200.0,600.0,CW,halfwave_opposed_ns,25.7,18.173,1.0,0.0308,0.0257,0.9665,0.35,98.32,5.43,157.67,370.53,1112.88,16.26,2.24,0.0,18.5,0.919,True,1
var12_toroidal_24_vertical_coils,24,8,200.0,600.0,CCW,halfwave_opposed_ns,25.7,18.173,1.0,0.0308,0.0257,-0.9665,0.35,98.32,-5.43,157.67,370.53,1112.88,16.26,2.24,0.0,18.5,0.919,True,1
var12_toroidal_24_vertical_coils,24,8,200.0,1200.0,CW,halfwave_opposed_ns,25.7,18.173,1.0,0.0319,0.0266,0.964,0.36,98.2,6.018,157.67,370.53,1112.88,16.26,2.24,0.0,18.5,0.942,True,1
var12_toroidal_24_vertical_coils,24,8,200.0,1200.0,CCW,halfwave_opposed_ns,25.7,18.173,1.0,0.0319,0.0266,-0.964,0.36,98.2,-6.018,157.67,370.53,1112.88,16.26,2.24,0.0,18.5,0.942,True,1
var12_toroidal_24_vertical_coils,24,8,200.0,2400.0,CW,halfwave_opposed_ns,25.7,18.173,1.0,0.034,0.0284,0.959,0.38,97.95,7.184,157.67,370.53,1112.88,16.26,2.24,0.0,18.5,0.987,True,1
var12_toroidal_24_vertical_coils,24,8,200.0,2400.0,CCW,halfwave_opposed_ns,25.7,18.173,1.0,0.034,0.0284,-0.959,0.38,97.95,-7.184,157.67,370.53,1112.88,16.26,2.24,0.0,18.5,0.987,True,1
var12_toroidal_24_vertical_coils,24,8,400.0,0.0,CW,halfwave_opposed_ns,24.449,17.288,1.0,0.0313,0.0261,0.9654,0.35,98.27,4.364,138.78,326.13,2117.43,16.361,2.139,0.0,18.5,0.933,True,1
var12_toroidal_24_vertical_coils,24,8,400.0,0.0,CCW,halfwave_opposed_ns,24.449,17.288,1.0,0.0313,0.0261,-0.9654,0.35,98.27,-4.364,138.78,326.13,2117.43,16.361,2.139,0.0,18.5,0.933,True,1
var12_toroidal_24_vertical_coils,24,8,400.0,600.0,CW,halfwave_opposed_ns,24.449,17.288,1.0,0.0324,0.027,0.9629,0.37,98.15,4.897,138.78,326.13,2117.43,16.361,2.139,0.0,18.5,0.955,True,1
var12_toroidal_24_vertical_coils,24,8,400.0,600.0,CCW,halfwave_opposed_ns,24.449,17.288,1.0,0.0324,0.027,-0.9629,0.37,98.15,-4.897,138.78,326.13,2117.43,16.361,2.139,0.0,18.5,0.955,True,1
var12_toroidal_24_vertical_coils,24,8,400.0,1200.0,CW,halfwave_opposed_ns,24.449,17.288,1.0,0.0334,0.0279,0.9604,0.38,98.02,5.427,138.78,326.13,2117.43,16.361,2.139,0.0,18.5,0.978,True,1
var12_toroidal_24_vertical_coils,24,8,400.0,1200.0,CCW,halfwave_opposed_ns,24.449,17.288,1.0,0.0334,0.0279,-0.9604,0.38,98.02,-5.427,138.78,326.13,2117.43,16.361,2.139,0.0,18.5,0.978,True,1
var12_toroidal_24_vertical_coils,24,8,400.0,2400.0,CW,halfwave_opposed_ns,24.449,17.288,1.0,0.0354,0.0295,0.9554,0.4,97.77,6.478,138.78,326.13,2117.43,16.361,2.139,0.0,18.5,1.023,True,1
var12_toroidal_24_vertical_coils,24,8,400.0,2400.0,CCW,halfwave_opposed_ns,24.449,17.288,1.0,0.0354,0.0295,-0.9554,0.4,97.77,-6.478,138.78,326.13,2117.43,16.361,2.139,0.0,18.5,1.023,True,1
var12_toroidal_24_vertical_coils,24,8,800.0,0.0,CW,halfwave_opposed_ns,24.269,17.161,1.0,0.0314,0.0262,0.9651,0.36,98.25,4.298,136.35,320.43,4203.62,16.295,2.205,0.0,18.5,1.005,True,1
var12_toroidal_24_vertical_coils,24,8,800.0,0.0,CCW,halfwave_opposed_ns,24.269,17.161,1.0,0.0314,0.0262,-0.9651,0.36,98.25,-4.298,136.35,320.43,4203.62,16.295,2.205,0.0,18.5,1.005,True,1
var12_toroidal_24_vertical_coils,24,8,800.0,600.0,CW,halfwave_opposed_ns,24.269,17.161,1.0,0.0325,0.0271,0.9626,0.37,98.13,4.823,136.35,320.43,4203.62,16.295,2.205,0.0,18.5,1.027,True,1
var12_toroidal_24_vertical_coils,24,8,800.0,600.0,CCW,halfwave_opposed_ns,24.269,17.161,1.0,0.0325,0.0271,-0.9626,0.37,98.13,-4.823,136.35,320.43,4203.62,16.295,2.205,0.0,18.5,1.027,True,1
var12_toroidal_24_vertical_coils,24,8,800.0,1200.0,CW,halfwave_opposed_ns,24.269,17.161,1.0,0.0336,0.028,0.9601,0.38,98.0,5.345,136.35,320.43,4203.62,16.295,2.205,0.0,18.5,1.05,True,1
var12_toroidal_24_vertical_coils,24,8,800.0,1200.0,CCW,halfwave_opposed_ns,24.269,17.161,1.0,0.0336,0.028,-0.9601,0.38,98.0,-5.345,136.35,320.43,4203.62,16.295,2.205,0.0,18.5,1.05,True,1
var12_toroidal_24_vertical_coils,24,8,800.0,2400.0,CW,halfwave_opposed_ns,24.269,17.161,1.0,0.0356,0.0296,0.9551,0.4,97.75,6.38,136.35,320.43,4203.62,16.295,2.205,0.0,18.5,1.095,True,1
var12_toroidal_24_vertical_coils,24,8,800.0,2400.0,CCW,halfwave_opposed_ns,24.269,17.161,1.0,0.0356,0.0296,-0.9551,0.4,97.75,-6.38,136.35,320.43,4203.62,16.295,2.205,0.0,18.5,1.095,True,1
var12_toroidal_24_vertical_coils,24,8,1000.0,0.0,CW,halfwave_opposed_ns,24.229,17.132,1.0,0.0315,0.0262,0.965,0.36,98.25,4.284,135.87,319.3,5245.89,16.257,2.243,0.0,18.5,1.041,True,1
var12_toroidal_24_vertical_coils,24,8,1000.0,0.0,CCW,halfwave_opposed_ns,24.229,17.132,1.0,0.0315,0.0262,-0.965,0.36,98.25,-4.284,135.87,319.3,5245.89,16.257,2.243,0.0,18.5,1.041,True,1
var12_toroidal_24_vertical_coils,24,8,1000.0,600.0,CW,halfwave_opposed_ns,24.229,17.132,1.0,0.0325,0.0271,0.9625,0.37,98.13,4.807,135.87,319.3,5245.89,16.257,2.243,0.0,18.5,1.063,True,1
var12_toroidal_24_vertical_coils,24,8,1000.0,600.0,CCW,halfwave_opposed_ns,24.229,17.132,1.0,0.0325,0.0271,-0.9625,0.37,98.13,-4.807,135.87,319.3,5245.89,16.257,2.243,0.0,18.5,1.063,True,1
var12_toroidal_24_vertical_coils,24,8,1000.0,1200.0,CW,halfwave_opposed_ns,24.229,17.132,1.0,0.0336,0.028,0.96,0.38,98.0,5.327,135.87,319.3,5245.89,16.257,2.243,0.0,18.5,1.086,True,1
var12_toroidal_24_vertical_coils,24,8,1000.0,1200.0,CCW,halfwave_opposed_ns,24.229,17.132,1.0,0.0336,0.028,-0.96,0.38,98.0,-5.327,135.87,319.3,5245.89,16.257,2.243,0.0,18.5,1.086,True,1
var12_toroidal_24_vertical_coils,24,8,1000.0,2400.0,CW,halfwave_opposed_ns,24.229,17.132,1.0,0.0356,0.0296,0.955,0.4,97.75,6.359,135.87,319.3,5245.89,16.257,2.243,0.0,18.5,1.131,True,1
var12_toroidal_24_vertical_coils,24,8,1000.0,2400.0,CCW,halfwave_opposed_ns,24.229,17.132,1.0,0.0356,0.0296,-0.955,0.4,97.75,-6.359,135.87,319.3,5245.89,16.257,2.243,0.0,18.5,1.131,True,1
var12_toroidal_24_vertical_coils,24,9,25.0,0.0,CW,halfwave_opposed_ns,29.128,20.596,1.0,0.1197,0.0998,0.067,1.36,53.35,0.025,239.6,563.05,157.66,16.062,2.438,0.0,18.5,0.874,True,0
var12_toroidal_24_vertical_coils,24,9,25.0,0.0,CCW,halfwave_opposed_ns,29.128,20.596,1.0,0.1197,0.0998,-0.067,1.36,53.35,-0.025,239.6,563.05,157.66,16.062,2.438,0.0,18.5,0.874,True,0
var12_toroidal_24_vertical_coils,24,9,25.0,600.0,CW,halfwave_opposed_ns,29.128,20.596,1.0,0.1197,0.0998,0.067,1.36,53.35,0.028,239.6,563.05,157.66,16.062,2.438,0.0,18.5,0.897,True,0
var12_toroidal_24_vertical_coils,24,9,25.0,600.0,CCW,halfwave_opposed_ns,29.128,20.596,1.0,0.1197,0.0998,-0.067,1.36,53.35,-0.028,239.6,563.05,157.66,16.062,2.438,0.0,18.5,0.897,True,0
var12_toroidal_24_vertical_coils,24,9,25.0,1200.0,CW,halfwave_opposed_ns,29.128,20.596,1.0,0.1197,0.0998,0.067,1.36,53.35,0.031,239.6,563.05,157.66,16.062,2.438,0.0,18.5,0.919,True,0
var12_toroidal_24_vertical_coils,24,9,25.0,1200.0,CCW,halfwave_opposed_ns,29.128,20.596,1.0,0.1197,0.0998,-0.067,1.36,53.35,-0.031,239.6,563.05,157.66,16.062,2.438,0.0,18.5,0.919,True,0
var12_toroidal_24_vertical_coils,24,9,25.0,2400.0,CW,halfwave_opposed_ns,29.128,20.596,1.0,0.1197,0.0998,0.067,1.36,53.35,0.038,239.6,563.05,157.66,16.062,2.438,0.0,18.5,0.964,True,0
var12_toroidal_24_vertical_coils,24,9,25.0,2400.0,CCW,halfwave_opposed_ns,29.128,20.596,1.0,0.1197,0.0998,-0.067,1.36,53.35,-0.038,239.6,563.05,157.66,16.062,2.438,0.0,18.5,0.964,True,0
var12_toroidal_24_vertical_coils,24,9,50.0,0.0,CW,halfwave_opposed_ns,29.808,21.077,1.0,0.1197,0.0998,0.0682,1.36,53.41,0.025,254.34,597.7,322.69,15.978,2.522,0.0,18.5,0.879,True,0
var12_toroidal_24_vertical_coils,24,9,50.0,0.0,CCW,halfwave_opposed_ns,29.808,21.077,1.0,0.1197,0.0998,-0.0682,1.36,53.41,-0.025,254.34,597.7,322.69,15.978,2.522,0.0,18.5,0.879,True,0
var12_toroidal_24_vertical_coils,24,9,50.0,600.0,CW,halfwave_opposed_ns,29.808,21.077,1.0,0.1197,0.0998,0.0682,1.36,53.41,0.028,254.34,597.7,322.69,15.978,2.522,0.0,18.5,0.901,True,0
var12_toroidal_24_vertical_coils,24,9,50.0,600.0,CCW,halfwave_opposed_ns,29.808,21.077,1.0,0.1197,0.0998,-0.0682,1.36,53.41,-0.028,254.34,597.7,322.69,15.978,2.522,0.0,18.5,0.901,True,0
var12_toroidal_24_vertical_coils,24,9,50.0,1200.0,CW,halfwave_opposed_ns,29.808,21.077,1.0,0.1197,0.0998,0.0682,1.36,53.41,0.031,254.34,597.7,322.69,15.978,2.522,0.0,18.5,0.924,True,0
var12_toroidal_24_vertical_coils,24,9,50.0,1200.0,CCW,halfwave_opposed_ns,29.808,21.077,1.0,0.1197,0.0998,-0.0682,1.36,53.41,-0.031,254.34,597.7,322.69,15.978,2.522,0.0,18.5,0.924,True,0
var12_toroidal_24_vertical_coils,24,9,50.0,2400.0,CW,halfwave_opposed_ns,29.808,21.077,1.0,0.1197,0.0998,0.0682,1.36,53.41,0.038,254.34,597.7,322.69,15.978,2.522,0.0,18.5,0.969,True,0
var12_toroidal_24_vertical_coils,24,9,50.0,2400.0,CCW,halfwave_opposed_ns,29.808,21.077,1.0,0.1197,0.0998,-0.0682,1.36,53.41,-0.038,254.34,597.7,322.69,15.978,2.522,0.0,18.5,0.969,True,0
var12_toroidal_24_vertical_coils,24,9,60.0,0.0,CW,halfwave_opposed_ns,30.221,21.37,1.0,0.1197,0.0998,0.0689,1.36,53.45,0.025,263.57,619.4,392.6,15.928,2.572,0.0,18.5,0.881,True,0
var12_toroidal_24_vertical_coils,24,9,60.0,0.0,CCW,halfwave_opposed_ns,30.221,21.37,1.0,0.1197,0.0998,-0.0689,1.36,53.45,-0.025,263.57,619.4,392.6,15.928,2.572,0.0,18.5,0.881,True,0
var12_toroidal_24_vertical_coils,24,9,60.0,600.0,CW,halfwave_opposed_ns,30.221,21.37,1.0,0.1197,0.0998,0.0689,1.36,53.45,0.028,263.57,619.4,392.6,15.928,2.572,0.0,18.5,0.903,True,0
var12_toroidal_24_vertical_coils,24,9,60.0,600.0,CCW,halfwave_opposed_ns,30.221,21.37,1.0,0.1197,0.0998,-0.0689,1.36,53.45,-0.028,263.57,619.4,392.6,15.928,2.572,0.0,18.5,0.903,True,0
var12_toroidal_24_vertical_coils,24,9,60.0,1200.0,CW,halfwave_opposed_ns,30.221,21.37,1.0,0.1197,0.0998,0.0689,1.36,53.45,0.031,263.57,619.4,392.6,15.928,2.572,0.0,18.5,0.926,True,0
var12_toroidal_24_vertical_coils,24,9,60.0,1200.0,CCW,halfwave_opposed_ns,30.221,21.37,1.0,0.1197,0.0998,-0.0689,1.36,53.45,-0.031,263.57,619.4,392.6,15.928,2.572,0.0,18.5,0.926,True,0
var12_toroidal_24_vertical_coils,24,9,60.0,2400.0,CW,halfwave_opposed_ns,30.221,21.37,1.0,0.1197,0.0998,0.0689,1.36,53.45,0.038,263.57,619.4,392.6,15.928,2.572,0.0,18.5,0.971,True,0
var12_toroidal_24_vertical_coils,24,9,60.0,2400.0,CCW,halfwave_opposed_ns,30.221,21.37,1.0,0.1197,0.0998,-0.0689,1.36,53.45,-0.038,263.57,619.4,392.6,15.928,2.572,0.0,18.5,0.971,True,0
var12_toroidal_24_vertical_coils,24,9,100.0,0.0,CW,halfwave_opposed_ns,33.11,23.413,1.0,0.1197,0.0997,0.0735,1.36,53.68,0.025,333.13,782.85,716.89,15.75,2.75,0.0,18.5,0.888,True,0
var12_toroidal_24_vertical_coils,24,9,100.0,0.0,CCW,halfwave_opposed_ns,33.11,23.413,1.0,0.1197,0.0997,-0.0735,1.36,53.68,-0.025,333.13,782.85,716.89,15.75,2.75,0.0,18.5,0.888,True,0
var12_toroidal_24_vertical_coils,24,9,100.0,600.0,CW,halfwave_opposed_ns,33.11,23.413,1.0,0.1197,0.0997,0.0735,1.36,53.68,0.028,333.13,782.85,716.89,15.75,2.75,0.0,18.5,0.91,True,0
var12_toroidal_24_vertical_coils,24,9,100.0,600.0,CCW,halfwave_opposed_ns,33.11,23.413,1.0,0.1197,0.0997,-0.0735,1.36,53.68,-0.028,333.13,782.85,716.89,15.75,2.75,0.0,18.5,0.91,True,0
var12_toroidal_24_vertical_coils,24,9,100.0,1200.0,CW,halfwave_opposed_ns,33.11,23.413,1.0,0.1197,0.0997,0.0735,1.36,53.68,0.031,333.13,782.85,716.89,15.75,2.75,0.0,18.5,0.933,True,0
var12_toroidal_24_vertical_coils,24,9,100.0,1200.0,CCW,halfwave_opposed_ns,33.11,23.413,1.0,0.1197,0.0997,-0.0735,1.36,53.68,-0.031,333.13,782.85,716.89,15.75,2.75,0.0,18.5,0.933,True,0
var12_toroidal_24_vertical_coils,24,9,100.0,2400.0,CW,halfwave_opposed_ns,33.11,23.413,1.0,0.1197,0.0997,0.0735,1.36,53.68,0.038,333.13,782.85,716.89,15.75,2.75,0.0,18.5,0.978,True,0
var12_toroidal_24_vertical_coils,24,9,100.0,2400.0,CCW,halfwave_opposed_ns,33.11,23.413,1.0,0.1197,0.0997,-0.0735,1.36,53.68,-0.038,333.13,782.85,716.89,15.75,2.75,0.0,18.5,0.978,True,0
var12_toroidal_24_vertical_coils,24,9,120.0,0.0,CW,halfwave_opposed_ns,34.112,24.121,1.0,0.1197,0.0997,0.075,1.36,53.75,0.025,359.29,844.32,886.29,15.75,2.75,0.0,18.5,0.892,True,0
var12_toroidal_24_vertical_coils,24,9,120.0,0.0,CCW,halfwave_opposed_ns,34.112,24.121,1.0,0.1197,0.0997,-0.075,1.36,53.75,-0.025,359.29,844.32,886.29,15.75,2.75,0.0,18.5,0.892,True,0
var12_toroidal_24_vertical_coils,24,9,120.0,600.0,CW,halfwave_opposed_ns,34.112,24.121,1.0,0.1197,0.0997,0.075,1.36,53.75,0.028,359.29,844.32,886.29,15.75,2.75,0.0,18.5,0.914,True,0
var12_toroidal_24_vertical_coils,24,9,120.0,600.0,CCW,halfwave_opposed_ns,34.112,24.121,1.0,0.1197,0.0997,-0.075,1.36,53.75,-0.028,359.29,844.32,886.29,15.75,2.75,0.0,18.5,0.914,True,0
var12_toroidal_24_vertical_coils,24,9,120.0,1200.0,CW,halfwave_opposed_ns,34.112,24.121,1.0,0.1197,0.0997,0.075,1.36,53.75,0.031,359.29,844.32,886.29,15.75,2.75,0.0,18.5,0.937,True,0
var12_toroidal_24_vertical_coils,24,9,120.0,1200.0,CCW,halfwave_opposed_ns,34.112,24.121,1.0,0.1197,0.0997,-0.075,1.36,53.75,-0.031,359.29,844.32,886.29,15.75,2.75,0.0,18.5,0.937,True,0
var12_toroidal_24_vertical_coils,24,9,120.0,2400.0,CW,halfwave_opposed_ns,34.112,24.121,1.0,0.1197,0.0997,0.075,1.36,53.75,0.038,359.29,844.32,886.29,15.75,2.75,0.0,18.5,0.982,True,0
var12_toroidal_24_vertical_coils,24,9,120.0,2400.0,CCW,halfwave_opposed_ns,34.112,24.121,1.0,0.1197,0.0997,-0.075,1.36,53.75,-0.038,359.29,844.32,886.29,15.75,2.75,0.0,18.5,0.982,True,0
var12_toroidal_24_vertical_coils,24,9,150.0,0.0,CW,halfwave_opposed_ns,32.219,22.782,1.0,0.1197,0.0997,0.0722,1.36,53.61,0.025,310.86,730.53,1046.38,15.75,2.75,0.0,18.5,0.897,True,0
var12_toroidal_24_vertical_coils,24,9,150.0,0.0,CCW,halfwave_opposed_ns,32.219,22.782,1.0,0.1197,0.0997,-0.0722,1.36,53.61,-0.025,310.86,730.53,1046.38,15.75,2.75,0.0,18.5,0.897,True,0
var12_toroidal_24_vertical_coils,24,9,150.0,600.0,CW,halfwave_opposed_ns,32.219,22.782,1.0,0.1197,0.0997,0.0722,1.36,53.61,0.028,310.86,730.53,1046.38,15.75,2.75,0.0,18.5,0.919,True,0
var12_toroidal_24_vertical_coils,24,9,150.0,600.0,CCW,halfwave_opposed_ns,32.219,22.782,1.0,0.1197,0.0997,-0.0722,1.36,53.61,-0.028,310.86,730.53,1046.38,15.75,2.75,0.0,18.5,0.919,True,0
var12_toroidal_24_vertical_coils,24,9,150.0,1200.0,CW,halfwave_opposed_ns,32.219,22.782,1.0,0.1197,0.0997,0.0722,1.36,53.61,0.031,310.86,730.53,1046.38,15.75,2.75,0.0,18.5,0.942,True,0
var12_toroidal_24_vertical_coils,24,9,150.0,1200.0,CCW,halfwave_opposed_ns,32.219,22.782,1.0,0.1197,0.0997,-0.0722,1.36,53.61,-0.031,310.86,730.53,1046.38,15.75,2.75,0.0,18.5,0.942,True,0
var12_toroidal_24_vertical_coils,24,9,150.0,2400.0,CW,halfwave_opposed_ns,32.219,22.782,1.0,0.1197,0.0997,0.0722,1.36,53.61,0.038,310.86,730.53,1046.38,15.75,2.75,0.0,18.5,0.987,True,0
var12_toroidal_24_vertical_coils,24,9,150.0,2400.0,CCW,halfwave_opposed_ns,32.219,22.782,1.0,0.1197,0.0997,-0.0722,1.36,53.61,-0.038,310.86,730.53,1046.38,15.75,2.75,0.0,18.5,0.987,True,0
var12_toroidal_24_vertical_coils,24,9,200.0,0.0,CW,halfwave_opposed_ns,29.452,20.826,1.0,0.1197,0.0998,0.0676,1.36,53.38,0.025,246.73,579.8,1275.36,15.981,2.519,0.0,18.5,0.906,True,0
var12_toroidal_24_vertical_coils,24,9,200.0,0.0,CCW,halfwave_opposed_ns,29.452,20.826,1.0,0.1197,0.0998,-0.0676,1.36,53.38,-0.025,246.73,579.8,1275.36,15.981,2.519,0.0,18.5,0.906,True,0
var12_toroidal_24_vertical_coils,24,9,200.0,600.0,CW,halfwave_opposed_ns,29.452,20.826,1.0,0.1197,0.0998,0.0676,1.36,53.38,0.028,246.73,579.8,1275.36,15.981,2.519,0.0,18.5,0.928,True,0
var12_toroidal_24_vertical_coils,24,9,200.0,600.0,CCW,halfwave_opposed_ns,29.452,20.826,1.0,0.1197,0.0998,-0.0676,1.36,53.38,-0.028,246.73,579.8,1275.36,15.981,2.519,0.0,18.5,0.928,True,0
var12_toroidal_24_vertical_coils,24,9,200.0,1200.0,CW,halfwave_opposed_ns,29.452,20.826,1.0,0.1197,0.0998,0.0676,1.36,53.38,0.031,246.73,579.8,1275.36,15.981,2.519,0.0,18.5,0.951,True,0
var12_toroidal_24_vertical_coils,24,9,200.0,1200.0,CCW,halfwave_opposed_ns,29.452,20.826,1.0,0.1197,0.0998,-0.0676,1.36,53.38,-0.031,246.73,579.8,1275.36,15.981,2.519,0.0,18.5,0.951,True,0
var12_toroidal_24_vertical_coils,24,9,200.0,2400.0,CW,halfwave_opposed_ns,29.452,20.826,1.0,0.1197,0.0998,0.0676,1.36,53.38,0.038,246.73,579.8,1275.36,15.981,2.519,0.0,18.5,0.996,True,0
var12_toroidal_24_vertical_coils,24,9,200.0,2400.0,CCW,halfwave_opposed_ns,29.452,20.826,1.0,0.1197,0.0998,-0.0676,1.36,53.38,-0.038,246.73,579.8,1275.36,15.981,2.519,0.0,18.5,0.996,True,0
var12_toroidal_24_vertical_coils,24,9,400.0,0.0,CW,halfwave_opposed_ns,28.031,19.821,1.0,0.1197,0.0998,0.0653,1.37,53.26,0.025,217.35,510.78,2427.65,16.095,2.405,0.0,18.5,0.942,True,0
var12_toroidal_24_vertical_coils,24,9,400.0,0.0,CCW,halfwave_opposed_ns,28.031,19.821,1.0,0.1197,0.0998,-0.0653,1.37,53.26,-0.025,217.35,510.78,2427.65,16.095,2.405,0.0,18.5,0.942,True,0
var12_toroidal_24_vertical_coils,24,9,400.0,600.0,CW,halfwave_opposed_ns,28.031,19.821,1.0,0.1197,0.0998,0.0653,1.37,53.26,0.028,217.35,510.78,2427.65,16.095,2.405,0.0,18.5,0.964,True,0
var12_toroidal_24_vertical_coils,24,9,400.0,600.0,CCW,halfwave_opposed_ns,28.031,19.821,1.0,0.1197,0.0998,-0.0653,1.37,53.26,-0.028,217.35,510.78,2427.65,16.095,2.405,0.0,18.5,0.964,True,0
var12_toroidal_24_vertical_coils,24,9,400.0,1200.0,CW,halfwave_opposed_ns,28.031,19.821,1.0,0.1197,0.0998,0.0653,1.37,53.26,0.031,217.35,510.78,2427.65,16.095,2.405,0.0,18.5,0.987,True,0
var12_toroidal_24_vertical_coils,24,9,400.0,1200.0,CCW,halfwave_opposed_ns,28.031,19.821,1.0,0.1197,0.0998,-0.0653,1.37,53.26,-0.031,217.35,510.78,2427.65,16.095,2.405,0.0,18.5,0.987,True,0
var12_toroidal_24_vertical_coils,24,9,400.0,2400.0,CW,halfwave_opposed_ns,28.031,19.821,1.0,0.1197,0.0998,0.0653,1.37,53.26,0.038,217.35,510.78,2427.65,16.095,2.405,0.0,18.5,1.032,True,0
var12_toroidal_24_vertical_coils,24,9,400.0,2400.0,CCW,halfwave_opposed_ns,28.031,19.821,1.0,0.1197,0.0998,-0.0653,1.37,53.26,-0.038,217.35,510.78,2427.65,16.095,2.405,0.0,18.5,1.032,True,0
var12_toroidal_24_vertical_coils,24,9,800.0,0.0,CW,halfwave_opposed_ns,27.816,19.669,1.0,0.1197,0.0998,0.065,1.37,53.25,0.025,213.43,501.56,4818.09,16.021,2.479,0.0,18.5,1.014,True,0
var12_toroidal_24_vertical_coils,24,9,800.0,0.0,CCW,halfwave_opposed_ns,27.816,19.669,1.0,0.1197,0.0998,-0.065,1.37,53.25,-0.025,213.43,501.56,4818.09,16.021,2.479,0.0,18.5,1.014,True,0
var12_toroidal_24_vertical_coils,24,9,800.0,600.0,CW,halfwave_opposed_ns,27.816,19.669,1.0,0.1197,0.0998,0.065,1.37,53.25,0.028,213.43,501.56,4818.09,16.021,2.479,0.0,18.5,1.036,True,0
var12_toroidal_24_vertical_coils,24,9,800.0,600.0,CCW,halfwave_opposed_ns,27.816,19.669,1.0,0.1197,0.0998,-0.065,1.37,53.25,-0.028,213.43,501.56,4818.09,16.021,2.479,0.0,18.5,1.036,True,0
var12_toroidal_24_vertical_coils,24,9,800.0,1200.0,CW,halfwave_opposed_ns,27.816,19.669,1.0,0.1197,0.0998,0.065,1.37,53.25,0.031,213.43,501.56,4818.09,16.021,2.479,0.0,18.5,1.059,True,0
var12_toroidal_24_vertical_coils,24,9,800.0,1200.0,CCW,halfwave_opposed_ns,27.816,19.669,1.0,0.1197,0.0998,-0.065,1.37,53.25,-0.031,213.43,501.56,4818.09,16.021,2.479,0.0,18.5,1.059,True,0
var12_toroidal_24_vertical_coils,24,9,800.0,2400.0,CW,halfwave_opposed_ns,27.816,19.669,1.0,0.1197,0.0998,0.065,1.37,53.25,0.038,213.43,501.56,4818.09,16.021,2.479,0.0,18.5,1.104,True,0
var12_toroidal_24_vertical_coils,24,9,800.0,2400.0,CCW,halfwave_opposed_ns,27.816,19.669,1.0,0.1197,0.0998,-0.065,1.37,53.25,-0.038,213.43,501.56,4818.09,16.021,2.479,0.0,18.5,1.104,True,0
var12_toroidal_24_vertical_coils,24,9,1000.0,0.0,CW,halfwave_opposed_ns,27.766,19.633,1.0,0.1197,0.0998,0.065,1.37,53.25,0.025,212.61,499.63,6011.69,15.978,2.522,0.0,18.5,1.05,True,0
var12_toroidal_24_vertical_coils,24,9,1000.0,0.0,CCW,halfwave_opposed_ns,27.766,19.633,1.0,0.1197,0.0998,-0.065,1.37,53.25,-0.025,212.61,499.63,6011.69,15.978,2.522,0.0,18.5,1.05,True,0
var12_toroidal_24_vertical_coils,24,9,1000.0,600.0,CW,halfwave_opposed_ns,27.766,19.633,1.0,0.1197,0.0998,0.065,1.37,53.25,0.028,212.61,499.63,6011.69,15.978,2.522,0.0,18.5,1.073,True,0
var12_toroidal_24_vertical_coils,24,9,1000.0,600.0,CCW,halfwave_opposed_ns,27.766,19.633,1.0,0.1197,0.0998,-0.065,1.37,53.25,-0.028,212.61,499.63,6011.69,15.978,2.522,0.0,18.5,1.073,True,0
var12_toroidal_24_vertical_coils,24,9,1000.0,1200.0,CW,halfwave_opposed_ns,27.766,19.633,1.0,0.1197,0.0998,0.065,1.37,53.25,0.031,212.61,499.63,6011.69,15.978,2.522,0.0,18.5,1.095,True,0
var12_toroidal_24_vertical_coils,24,9,1000.0,1200.0,CCW,halfwave_opposed_ns,27.766,19.633,1.0,0.1197,0.0998,-0.065,1.37,53.25,-0.031,212.61,499.63,6011.69,15.978,2.522,0.0,18.5,1.095,True,0
var12_toroidal_24_vertical_coils,24,9,1000.0,2400.0,CW,halfwave_opposed_ns,27.766,19.633,1.0,0.1197,0.0998,0.065,1.37,53.25,0.038,212.61,499.63,6011.69,15.978,2.522,0.0,18.5,1.14,True,0
var12_toroidal_24_vertical_coils,24,9,1000.0,2400.0,CCW,halfwave_opposed_ns,27.766,19.633,1.0,0.1197,0.0998,-0.065,1.37,53.25,-0.038,212.61,499.63,6011.69,15.978,2.522,0.0,18.5,1.14,True,0
